trading_date,ticker,stable_security_id,premarket_real_bars_60m,scorable,open_0930,close,day_mfe_pct,close_vs_open_pct,top_10_mover,realized_return_pct,cost_model_id,execution_policy_v1.0_net_realized_return_pct,execution_policy_v1.0_cost_bps,execution_policy_v1.0_net_capture_ratio,execution_policy_atr_v1.0_net_realized_return_pct,execution_policy_atr_v1.0_cost_bps,execution_policy_atr_v1.0_net_capture_ratio
2024-08-22,AA,BBG00B3T3HF1,3,false,33.250000,32.510000,0.601203,-2.225564,false,0.000000,execution_costs_v1.0,0.000000,0.000000,,,,
2024-08-22,AAL,BBG005P7Q907,21,true,10.410000,10.130000,1.248799,-2.689721,false,0.000000,execution_costs_v1.0,0.000000,0.000000,,,,
2024-08-22,AAN,BBG00WCNDDH4,1,false,10.080000,10.070000,0.198413,-0.099206,false,0.000000,execution_costs_v1.0,0.000000,0.000000,,,,
2024-08-22,AAOI,BBG001SG47G4,4,false,8.930000,9.030000,6.606943,1.119821,false,0.000000,execution_costs_v1.0,0.000000,0.000000,,,,
2024-08-22,AAON,BBG001S6CZK0,0,false,92.160000,93.070000,1.009115,0.987413,false,0.000000,execution_costs_v1.0,0.000000,0.000000,,,,
2024-08-22,AAP,BBG001SD2SB2,59,true,48.400000,51.090000,11.342975,5.557851,true,0.000000,execution_costs_v1.0,0.000000,0.000000,,,,
2024-08-22,AAT,BBG001TCBJS5,0,false,26.120000,26.080000,0.210567,-0.153139,false,0.000000,execution_costs_v1.0,0.000000,0.000000,,,,
2024-08-22,AB,BBG001S5N9S0,0,false,34.940000,34.790000,0.457928,-0.429307,false,0.000000,execution_costs_v1.0,0.000000,0.000000,,,,
2024-08-22,ABCB,BBG001S80PX7,0,false,58.560000,58.500000,0.631831,-0.102459,false,0.000000,execution_costs_v1.0,0.000000,0.000000,,,,
2024-08-22,ABCL,BBG00LLW2MH0,5,false,2.640000,2.500000,0.753788,-5.303030,false,0.000000,execution_costs_v1.0,0.000000,0.000000,,,,
2024-08-22,ABG,BBG001S9B5H5,0,false,235.040000,231.280000,0.000000,-1.599728,false,0.000000,execution_costs_v1.0,0.000000,0.000000,,,,
2024-08-22,ABL,BBG00VY1KBC1,0,false,10.220000,10.020000,2.152642,-1.956947,false,0.000000,execution_costs_v1.0,0.000000,0.000000,,,,
2024-08-22,ABM,BBG001S5N9B8,0,false,54.680000,54.490000,0.219459,-0.347476,false,0.000000,execution_costs_v1.0,0.000000,0.000000,,,,
2024-08-22,ABR,BBG001SJP3G4,2,false,13.150000,13.170000,0.684411,0.152091,false,0.000000,execution_costs_v1.0,0.000000,0.000000,,,,
2024-08-22,ABSI,BBG011N54DC3,1,false,4.400000,4.240000,2.045455,-3.636364,false,0.000000,execution_costs_v1.0,0.000000,0.000000,,,,
2024-08-22,ABUS,BBG001S6RSK0,0,false,3.920000,3.805000,0.000000,-2.933673,false,0.000000,execution_costs_v1.0,0.000000,0.000000,,,,
2024-08-22,AC,BBG008NZ8QB1,0,false,32.020000,32.360000,1.967520,1.061836,false,0.000000,execution_costs_v1.0,0.000000,0.000000,,,,
2024-08-22,ACA,BBG00JGMWGB9,0,false,87.150000,87.370000,0.665519,0.252438,false,0.000000,execution_costs_v1.0,0.000000,0.000000,,,,
2024-08-22,ACAD,BBG001SB06N3,0,false,15.850000,15.675000,1.198738,-1.104101,false,0.000000,execution_costs_v1.0,0.000000,0.000000,,,,
2024-08-22,ACB,BBG001SV77D1,1,false,6.420000,6.165000,0.000000,-3.971963,false,0.000000,execution_costs_v1.0,0.000000,0.000000,,,,
2024-08-22,ACCD,BBG00S2L1ZR1,0,false,4.350000,4.205000,0.459770,-3.333333,false,0.000000,execution_costs_v1.0,0.000000,0.000000,,,,
2024-08-22,ACCO,BBG001SPBTK3,0,false,5.330000,5.240000,0.375235,-1.688555,false,0.000000,execution_costs_v1.0,0.000000,0.000000,,,,
2024-08-22,ACDC,BBG013PRYQC7,0,false,6.350000,6.110000,0.000000,-3.779528,false,0.000000,execution_costs_v1.0,0.000000,0.000000,,,,
2024-08-22,ACEL,BBG00GX221Z0,0,false,11.270000,11.180000,0.133097,-0.798580,false,0.000000,execution_costs_v1.0,0.000000,0.000000,,,,
2024-08-22,ACGLN,0000947484,0,false,19.960000,19.925000,0.300601,-0.175351,false,0.000000,execution_costs_v1.0,0.000000,0.000000,,,,
2024-08-22,ACHC,BBG001SNNWL7,0,false,76.950000,76.290000,0.714750,-0.857700,false,0.000000,execution_costs_v1.0,0.000000,0.000000,,,,
2024-08-22,ACHR,BBG00XRTC929,30,true,3.850000,3.690000,0.779221,-4.155844,false,0.000000,execution_costs_v1.0,0.000000,0.000000,,,,
2024-08-22,ACI,BBG009KG1741,0,false,20.380000,20.750000,1.938175,1.815505,false,0.000000,execution_costs_v1.0,0.000000,0.000000,,,,
2024-08-22,ACIC,BBG001T09W05,0,false,11.270000,11.090000,0.621118,-1.597161,false,0.000000,execution_costs_v1.0,0.000000,0.000000,,,,
2024-08-22,ACIU,0001651625,1,false,3.310000,3.050100,0.604230,-7.851964,false,0.000000,execution_costs_v1.0,0.000000,0.000000,,,,
2024-08-22,ACIW,BBG001S9KLL5,0,false,48.080000,48.110000,0.707155,0.062396,false,0.000000,execution_costs_v1.0,0.000000,0.000000,,,,
2024-08-22,ACLS,BBG001SF8W86,2,false,116.180000,109.850000,0.783267,-5.448442,false,0.000000,execution_costs_v1.0,0.000000,0.000000,,,,
2024-08-22,ACLX,BBG00QHJM4W4,0,false,66.680000,66.540000,0.412418,-0.209958,false,0.000000,execution_costs_v1.0,0.000000,0.000000,,,,
2024-08-22,ACM,BBG001SKTTF1,0,false,97.190000,96.430000,0.298385,-0.781973,false,0.000000,execution_costs_v1.0,0.000000,0.000000,,,,
2024-08-22,ACMR,BBG00HPSG942,4,false,19.940000,19.230000,0.250752,-3.560682,false,0.000000,execution_costs_v1.0,0.000000,0.000000,,,,
2024-08-22,ACNB,BBG001S6CVZ3,0,false,39.045500,39.500000,1.164027,1.164027,false,0.000000,execution_costs_v1.0,0.000000,0.000000,,,,
2024-08-22,ACRE,BBG0022MMR46,0,false,6.870000,6.820000,0.291121,-0.727802,false,0.000000,execution_costs_v1.0,0.000000,0.000000,,,,
2024-08-22,ACT,BBG00WSNP4S2,0,false,34.820000,34.870000,0.358989,0.143596,false,0.000000,execution_costs_v1.0,0.000000,0.000000,,,,
2024-08-22,ACTG,BBG001SJLJT9,0,false,4.740000,4.660000,0.316456,-1.687764,false,0.000000,execution_costs_v1.0,0.000000,0.000000,,,,
2024-08-22,ACVA,BBG00G5JGQ75,0,false,18.640000,18.270000,1.448498,-1.984979,false,0.000000,execution_costs_v1.0,0.000000,0.000000,,,,
2024-08-22,ADC,BBG001S6RY81,0,false,72.810000,72.420000,0.000000,-0.535641,false,0.000000,execution_costs_v1.0,0.000000,0.000000,,,,
2024-08-22,ADEA,BBG00RBFBL78,0,false,11.920000,11.810000,0.419463,-0.922819,false,0.000000,execution_costs_v1.0,0.000000,0.000000,,,,
2024-08-22,ADMA,BBG002NCK5N4,0,false,17.990000,17.510000,0.000000,-2.668149,false,0.000000,execution_costs_v1.0,0.000000,0.000000,,,,
2024-08-22,ADNT,0001670541,1,false,21.690000,21.240000,0.437990,-2.074689,false,0.000000,execution_costs_v1.0,0.000000,0.000000,,,,
2024-08-22,ADPT,BBG001V0GG18,0,false,4.620000,4.410000,0.649351,-4.545455,false,0.000000,execution_costs_v1.0,0.000000,0.000000,,,,
2024-08-22,ADSE,0001879248,0,false,13.000000,12.460000,0.000000,-4.153846,false,0.000000,execution_costs_v1.0,0.000000,0.000000,,,,
2024-08-22,ADT,BBG001S6VGG6,0,false,7.410000,7.370000,0.404858,-0.539811,false,0.000000,execution_costs_v1.0,0.000000,0.000000,,,,
2024-08-22,ADTN,BBG0169CH7Y8,0,false,5.390000,5.290000,0.371058,-1.855288,false,0.000000,execution_costs_v1.0,0.000000,0.000000,,,,
2024-08-22,ADUS,BBG001T56D18,0,false,132.750000,132.380000,0.218456,-0.278719,false,0.000000,execution_costs_v1.0,0.000000,0.000000,,,,
2024-08-22,ADV,BBG00PPWZ8G3,0,false,3.750000,3.615000,0.000000,-3.600000,false,0.000000,execution_costs_v1.0,0.000000,0.000000,,,,
2024-08-22,AEG,BBG001S6Y6M8,5,false,5.970000,6.025000,1.505863,0.921273,false,0.000000,execution_costs_v1.0,0.000000,0.000000,,,,
2024-08-22,AEHR,BBG001SB1CS4,6,false,14.530000,13.450000,0.825189,-7.432897,false,0.000000,execution_costs_v1.0,0.000000,0.000000,,,,
2024-08-22,AEIS,BBG001S8L5Z6,0,false,108.730000,107.610000,0.970201,-1.030074,false,0.000000,execution_costs_v1.0,0.000000,0.000000,,,,
2024-08-22,AEO,BBG001S7Q949,11,true,21.170000,21.320000,1.275390,0.708550,false,0.000000,execution_costs_v1.0,0.000000,0.000000,,,,
2024-08-22,AES,BBG001S6B1L5,1,false,17.660000,17.775000,1.019253,0.651189,false,0.000000,execution_costs_v1.0,0.000000,0.000000,,,,
2024-08-22,AESI,BBG01JFZ96Y3,0,false,20.270000,19.980000,0.641342,-1.430686,false,0.000000,execution_costs_v1.0,0.000000,0.000000,,,,
2024-08-22,AFG,BBG001S8JK86,0,false,130.120000,130.940000,0.753151,0.630188,false,0.000000,execution_costs_v1.0,0.000000,0.000000,,,,
2024-08-22,AFRI,0001903870,0,false,11.200000,11.329900,2.232143,1.159821,false,0.000000,execution_costs_v1.0,0.000000,0.000000,,,,
2024-08-22,AFRM,BBG00Y7BP8Z0,18,true,29.700000,29.960000,5.858586,0.875421,false,0.000000,execution_costs_v1.0,0.000000,0.000000,,,,
2024-08-22,AFYA,0001771007,0,false,18.410000,18.170000,0.896252,-1.303639,false,0.000000,execution_costs_v1.0,0.000000,0.000000,,,,
2024-08-22,AG,BBG001SGV444,20,true,5.750000,5.690000,0.695652,-1.043478,false,0.000000,execution_costs_v1.0,0.000000,0.000000,,,,
2024-08-22,AGCO,BBG001S7WHW3,0,false,89.620000,88.460000,0.362642,-1.294354,false,0.000000,execution_costs_v1.0,0.000000,0.000000,,,,
2024-08-22,AGEN,BBG001SDV370,1,false,5.180000,5.490000,9.459459,5.984556,false,0.000000,execution_costs_v1.0,0.000000,0.000000,,,,
2024-08-22,AGI,BBG009HT65S0,6,false,19.500000,19.450000,1.230769,-0.256410,false,0.000000,execution_costs_v1.0,0.000000,0.000000,,,,
2024-08-22,AGIO,BBG001T8R687,0,false,47.100000,45.740000,0.392781,-2.887473,false,0.000000,execution_costs_v1.0,0.000000,0.000000,,,,
2024-08-22,AGL,BBG00HCYVQR3,0,false,4.590000,4.500000,0.871460,-1.960784,false,0.000000,execution_costs_v1.0,0.000000,0.000000,,,,
2024-08-22,AGM,BBG001SCWNB2,0,false,190.435000,189.780000,0.144406,-0.343949,false,0.000000,execution_costs_v1.0,0.000000,0.000000,,,,
2024-08-22,AGNC,BBG001T074G2,7,false,10.170000,10.095000,0.000000,-0.737463,false,0.000000,execution_costs_v1.0,0.000000,0.000000,,,,
2024-08-22,AGO,0001273813,0,false,76.930000,77.320000,0.883920,0.506954,false,0.000000,execution_costs_v1.0,0.000000,0.000000,,,,
2024-08-22,AGR,BBG00B8NWRH3,0,false,36.010000,35.920000,0.111080,-0.249931,false,0.000000,execution_costs_v1.0,0.000000,0.000000,,,,
2024-08-22,AGRO,0001499505,0,false,10.730000,10.450000,0.745573,-2.609506,false,0.000000,execution_costs_v1.0,0.000000,0.000000,,,,
2024-08-22,AGS,BBG00JKZKM16,0,false,11.320000,11.290000,0.000000,-0.265018,false,0.000000,execution_costs_v1.0,0.000000,0.000000,,,,
2024-08-22,AGX,BBG001SJP7D8,0,false,72.280000,72.410000,1.770891,0.179856,false,0.000000,execution_costs_v1.0,0.000000,0.000000,,,,
2024-08-22,AGYS,BBG001S5V6V3,0,false,109.050000,108.760000,2.730399,-0.265933,false,0.000000,execution_costs_v1.0,0.000000,0.000000,,,,
2024-08-22,AHCO,BBG00KJQVGW2,0,false,10.090000,10.080000,0.594648,-0.099108,false,0.000000,execution_costs_v1.0,0.000000,0.000000,,,,
2024-08-22,AHH,BBG004CYX1N9,0,false,11.880000,11.905000,0.715488,0.210438,false,0.000000,execution_costs_v1.0,0.000000,0.000000,,,,
2024-08-22,AHR,BBG01L820DT9,0,false,19.530000,20.270000,3.891449,3.789042,false,0.000000,execution_costs_v1.0,0.000000,0.000000,,,,
2024-08-22,AI,BBG00Y6G6Y84,14,true,24.850000,24.110000,0.080483,-2.977867,false,0.000000,execution_costs_v1.0,0.000000,0.000000,,,,
2024-08-22,AIN,BBG001S5VKN1,0,false,89.220000,89.170000,1.036763,-0.056041,false,0.000000,execution_costs_v1.0,0.000000,0.000000,,,,
2024-08-22,AIP,BBG001T7VHG1,1,false,8.110000,7.930000,1.972873,-2.219482,false,0.000000,execution_costs_v1.0,0.000000,0.000000,,,,
2024-08-22,AIR,BBG001S5NJX2,0,false,62.950000,63.770000,1.705798,1.302621,false,0.000000,execution_costs_v1.0,0.000000,0.000000,,,,
2024-08-22,AIRJ,BBG014FPNHD1,0,false,6.900000,6.320000,3.768116,-8.405797,false,0.000000,execution_costs_v1.0,0.000000,0.000000,,,,
2024-08-22,AIT,BBG001S5NK14,0,false,204.710000,203.000000,0.533975,-0.835328,false,0.000000,execution_costs_v1.0,0.000000,0.000000,,,,
2024-08-22,AIV,BBG001S876N3,0,false,8.760000,8.810000,0.570776,0.570776,false,0.000000,execution_costs_v1.0,0.000000,0.000000,,,,
2024-08-22,AIZ,BBG001SD9DW5,0,false,188.000000,189.780000,1.191489,0.946809,false,0.000000,execution_costs_v1.0,0.000000,0.000000,,,,
2024-08-22,AKBA,BBG001T922S9,1,false,1.490000,1.480000,3.355705,-0.671141,false,0.000000,execution_costs_v1.0,0.000000,0.000000,,,,
2024-08-22,AKR,BBG001S7KXT5,0,false,21.750000,21.840000,0.643678,0.413793,false,0.000000,execution_costs_v1.0,0.000000,0.000000,,,,
2024-08-22,AKRO,BBG00L9211Z7,0,false,26.400000,26.130000,1.378409,-1.022727,false,0.000000,execution_costs_v1.0,0.000000,0.000000,,,,
2024-08-22,AL,BBG001T92VD1,0,false,45.520000,45.010000,0.417399,-1.120387,false,0.000000,execution_costs_v1.0,0.000000,0.000000,,,,
2024-08-22,ALAB,BBG00TDKHWK6,6,false,41.380000,39.770000,0.000000,-3.890768,false,0.000000,execution_costs_v1.0,0.000000,0.000000,,,,
2024-08-22,ALB,BBG001S7SBP9,3,false,87.890000,86.960000,0.000000,-1.058141,false,0.000000,execution_costs_v1.0,0.000000,0.000000,,,,
2024-08-22,ALDX,BBG0029H8ZG5,0,false,5.380000,5.220000,0.000000,-2.973978,false,0.000000,execution_costs_v1.0,0.000000,0.000000,,,,
2024-08-22,ALE,BBG001S77110,0,false,63.440000,63.350000,0.173392,-0.141866,false,0.000000,execution_costs_v1.0,0.000000,0.000000,,,,
2024-08-22,ALEC,BBG00N0PL214,0,false,5.320000,5.070000,0.187970,-4.699248,false,0.000000,execution_costs_v1.0,0.000000,0.000000,,,,
2024-08-22,ALEX,BBG00HS2GVM7,0,false,19.190000,19.070000,0.521105,-0.625326,false,0.000000,execution_costs_v1.0,0.000000,0.000000,,,,
2024-08-22,ALG,BBG001S7YVC2,0,false,178.920000,180.610000,1.047954,0.944556,false,0.000000,execution_costs_v1.0,0.000000,0.000000,,,,
2024-08-22,ALGM,BBG00H5S83B8,0,false,25.420000,24.300000,0.039339,-4.405980,false,0.000000,execution_costs_v1.0,0.000000,0.000000,,,,
2024-08-22,ALGS,BBG00QX7QH77,0,false,13.790000,13.700000,2.610587,-0.652647,false,0.000000,execution_costs_v1.0,0.000000,0.000000,,,,
2024-08-22,ALGT,BBG001SQ25S5,0,false,41.430000,40.900000,0.772387,-1.279266,false,0.000000,execution_costs_v1.0,0.000000,0.000000,,,,
2024-08-22,ALHC,BBG00ZJ0DSS5,0,false,8.880000,9.020000,1.801802,1.576577,false,0.000000,execution_costs_v1.0,0.000000,0.000000,,,,
2024-08-22,ALIT,BBG00H00J2Q8,0,false,7.060000,7.010000,0.495751,-0.708215,false,0.000000,execution_costs_v1.0,0.000000,0.000000,,,,
2024-08-22,ALK,BBG001S5NLG6,1,false,34.910000,34.530000,0.257806,-1.088513,false,0.000000,execution_costs_v1.0,0.000000,0.000000,,,,
2024-08-22,ALKS,0001520262,0,false,28.270000,28.000000,0.000000,-0.955076,false,0.000000,execution_costs_v1.0,0.000000,0.000000,,,,
2024-08-22,ALKT,BBG005HTCT63,0,false,31.770000,31.850000,2.549575,0.251810,false,0.000000,execution_costs_v1.0,0.000000,0.000000,,,,
2024-08-22,ALLE,0001579241,0,false,134.230000,135.010000,0.961037,0.581092,false,0.000000,execution_costs_v1.0,0.000000,0.000000,,,,
2024-08-22,ALLG,0001874474,6,false,2.290000,1.830000,0.000000,-20.087336,false,0.000000,execution_costs_v1.0,0.000000,0.000000,,,,
2024-08-22,ALLO,BBG00KHRRDY2,1,false,2.740000,2.600000,0.182482,-5.109489,false,0.000000,execution_costs_v1.0,0.000000,0.000000,,,,
2024-08-22,ALLY,BBG001S5RLN4,0,false,41.770000,41.900000,0.981566,0.311228,false,0.000000,execution_costs_v1.0,0.000000,0.000000,,,,
2024-08-22,ALNT,BBG001S5RST3,0,false,20.880000,20.640000,0.478927,-1.149425,false,0.000000,execution_costs_v1.0,0.000000,0.000000,,,,
2024-08-22,ALRM,BBG007GNPYZ6,0,false,59.640000,60.020000,1.810865,0.637156,false,0.000000,execution_costs_v1.0,0.000000,0.000000,,,,
2024-08-22,ALRS,BBG001SGGKT8,0,false,21.450000,21.542500,0.699301,0.431235,false,0.000000,execution_costs_v1.0,0.000000,0.000000,,,,
2024-08-22,ALSN,BBG001V0T5F3,0,false,87.520000,88.510000,1.753885,1.131170,false,0.000000,execution_costs_v1.0,0.000000,0.000000,,,,
2024-08-22,ALT,BBG001SNS461,4,false,6.870000,6.770000,1.310044,-1.455604,false,0.000000,execution_costs_v1.0,0.000000,0.000000,,,,
2024-08-22,ALTM,0001977303,16,true,2.800000,2.680000,1.021429,-4.285714,false,0.000000,execution_costs_v1.0,0.000000,0.000000,,,,
2024-08-22,ALTR,BBG001SR65P2,0,false,90.000000,88.850000,0.966667,-1.277778,false,0.000000,execution_costs_v1.0,0.000000,0.000000,,,,
2024-08-22,ALV,BBG001S9YRV6,2,false,101.650000,99.420000,0.000000,-2.193802,false,0.000000,execution_costs_v1.0,0.000000,0.000000,,,,
2024-08-22,ALVO,0001898416,0,false,12.230000,11.940000,0.572363,-2.371218,false,0.000000,execution_costs_v1.0,0.000000,0.000000,,,,
2024-08-22,ALX,BBG001S5NM92,0,false,227.000000,227.800000,1.057225,0.352423,false,0.000000,execution_costs_v1.0,0.000000,0.000000,,,,
2024-08-22,AM,BBG00GBNZ4N9,0,false,14.650000,14.630000,0.614334,-0.136519,false,0.000000,execution_costs_v1.0,0.000000,0.000000,,,,
2024-08-22,AMAL,BBG00XRT7YY5,0,false,30.400000,31.070000,2.503618,2.203947,false,0.000000,execution_costs_v1.0,0.000000,0.000000,,,,
2024-08-22,AMBA,0001280263,2,false,50.060000,48.290000,0.339592,-3.535757,false,0.000000,execution_costs_v1.0,0.000000,0.000000,,,,
2024-08-22,AMBC,BBG004HQHL91,0,false,11.340000,11.261000,0.970018,-0.696649,false,0.000000,execution_costs_v1.0,0.000000,0.000000,,,,
2024-08-22,AMBI,0001937441,0,false,5.780000,5.110000,1.989619,-11.591696,false,0.000000,execution_costs_v1.0,0.000000,0.000000,,,,
2024-08-22,AMBP,0001845097,0,false,3.480000,3.460000,0.287356,-0.574713,false,0.000000,execution_costs_v1.0,0.000000,0.000000,,,,
2024-08-22,AMC,BBG001SZYYL4,35,true,5.010000,4.940000,0.798403,-1.397206,false,0.000000,execution_costs_v1.0,0.000000,0.000000,,,,
2024-08-22,AMCX,BBG001SLR8S3,1,false,10.370000,10.380000,1.205400,0.096432,false,0.000000,execution_costs_v1.0,0.000000,0.000000,,,,
2024-08-22,AMED,BBG001S5NN72,0,false,98.050000,97.480000,0.000000,-0.581336,false,0.000000,execution_costs_v1.0,0.000000,0.000000,,,,
2024-08-22,AMG,BBG001S6DMD6,0,false,172.780000,172.700000,0.396458,-0.046302,false,0.000000,execution_costs_v1.0,0.000000,0.000000,,,,
2024-08-22,AMH,BBG003NXJNJ4,0,false,38.660000,38.345000,0.387998,-0.814796,false,0.000000,execution_costs_v1.0,0.000000,0.000000,,,,
2024-08-22,AMK,BBG00F5PBW20,0,false,35.080000,35.020000,0.000000,-0.171038,false,0.000000,execution_costs_v1.0,0.000000,0.000000,,,,
2024-08-22,AMKR,BBG001S64YF8,4,false,33.500000,32.170000,1.044776,-3.970149,false,0.000000,execution_costs_v1.0,0.000000,0.000000,,,,
2024-08-22,AMN,BBG001S6Q193,0,false,51.300000,50.640000,0.896686,-1.286550,false,0.000000,execution_costs_v1.0,0.000000,0.000000,,,,
2024-08-22,AMPH,BBG001SCM4W2,0,false,46.980000,47.270000,1.074926,0.617284,false,0.000000,execution_costs_v1.0,0.000000,0.000000,,,,
2024-08-22,AMPL,BBG012CDTZZ5,0,false,8.850000,8.520000,0.564972,-3.728814,false,0.000000,execution_costs_v1.0,0.000000,0.000000,,,,
2024-08-22,AMPS,BBG00Y48ZM97,0,false,2.960000,2.830000,0.337838,-4.391892,false,0.000000,execution_costs_v1.0,0.000000,0.000000,,,,
2024-08-22,AMR,BBG00DGWV044,0,false,234.040000,225.720000,0.252094,-3.554948,false,0.000000,execution_costs_v1.0,0.000000,0.000000,,,,
2024-08-22,AMRC,BBG001S6P9W1,0,false,28.220000,27.540000,1.116230,-2.409639,false,0.000000,execution_costs_v1.0,0.000000,0.000000,,,,
2024-08-22,AMRK,BBG005ZVDK57,0,false,36.760000,36.230000,0.952122,-1.441785,false,0.000000,execution_costs_v1.0,0.000000,0.000000,,,,
2024-08-22,AMRX,BBG00462PGH9,0,false,8.140000,8.050000,1.044226,-1.105651,false,0.000000,execution_costs_v1.0,0.000000,0.000000,,,,
2024-08-22,AMSC,BBG001S70C31,2,false,20.690000,19.970000,0.700822,-3.479942,false,0.000000,execution_costs_v1.0,0.000000,0.000000,,,,
2024-08-22,AMSF,BBG001SDH7B2,0,false,48.540000,48.650000,0.721055,0.226617,false,0.000000,execution_costs_v1.0,0.000000,0.000000,,,,
2024-08-22,AMSWA,BBG001S5NPN9,0,false,10.330000,10.260000,0.484027,-0.677638,false,0.000000,execution_costs_v1.0,0.000000,0.000000,,,,
2024-08-22,AMTB,BBG001V0P1S2,0,false,20.790000,20.740000,1.635402,-0.240500,false,0.000000,execution_costs_v1.0,0.000000,0.000000,,,,
2024-08-22,AMWD,BBG001S5NQ57,0,false,96.110000,95.250000,1.446259,-0.894808,false,0.000000,execution_costs_v1.0,0.000000,0.000000,,,,
2024-08-22,AMWL,BBG002R1JYZ0,0,false,8.830000,8.430000,0.000000,-4.530011,false,0.000000,execution_costs_v1.0,0.000000,0.000000,,,,
2024-08-22,AN,BBG001S5NQB0,0,false,176.280000,173.450000,0.062401,-1.605400,false,0.000000,execution_costs_v1.0,0.000000,0.000000,,,,
2024-08-22,ANAB,BBG0026ZDHT8,0,false,37.820000,37.250000,0.898995,-1.507139,false,0.000000,execution_costs_v1.0,0.000000,0.000000,,,,
2024-08-22,ANDE,BBG001S60FJ9,0,false,48.760000,48.820000,2.112387,0.123052,false,0.000000,execution_costs_v1.0,0.000000,0.000000,,,,
2024-08-22,ANF,BBG001S97027,7,false,167.200000,165.120000,2.332536,-1.244019,false,0.000000,execution_costs_v1.0,0.000000,0.000000,,,,
2024-08-22,ANGI,BBG00HVKH4F0,0,false,2.600000,2.600000,3.846154,0.000000,false,0.000000,execution_costs_v1.0,0.000000,0.000000,,,,
2024-08-22,ANGO,BBG001S5RPY3,0,false,7.630000,7.520000,0.642202,-1.441678,false,0.000000,execution_costs_v1.0,0.000000,0.000000,,,,
2024-08-22,ANIK,BBG001S609X7,0,false,26.435000,24.880000,0.000000,-5.882353,false,0.000000,execution_costs_v1.0,0.000000,0.000000,,,,
2024-08-22,ANIP,BBG001S9DR85,0,false,61.070000,60.555000,0.204683,-0.843295,false,0.000000,execution_costs_v1.0,0.000000,0.000000,,,,
2024-08-22,ANNX,BBG007QVDFH1,1,false,5.910000,5.790000,1.692047,-2.030457,false,0.000000,execution_costs_v1.0,0.000000,0.000000,,,,
2024-08-22,AOMR,BBG0113S8ND8,0,false,11.680000,11.010000,0.000000,-5.736301,false,0.000000,execution_costs_v1.0,0.000000,0.000000,,,,
2024-08-22,AORT,BBG001SB3CB0,0,false,25.490000,25.540000,0.588466,0.196155,false,0.000000,execution_costs_v1.0,0.000000,0.000000,,,,
2024-08-22,AOS,BBG001S5NRY3,0,false,81.820000,81.130000,0.342215,-0.843315,false,0.000000,execution_costs_v1.0,0.000000,0.000000,,,,
2024-08-22,AOSL,0001387467,0,false,36.190000,36.390000,7.681680,0.552639,false,0.000000,execution_costs_v1.0,0.000000,0.000000,,,,
2024-08-22,APA,BBG00YTS96H1,2,false,28.140000,27.925000,0.764037,-0.764037,false,0.000000,execution_costs_v1.0,0.000000,0.000000,,,,
2024-08-22,APAM,BBG001V107T3,0,false,41.150000,41.300000,0.388821,0.364520,false,0.000000,execution_costs_v1.0,0.000000,0.000000,,,,
2024-08-22,APG,BBG00HVV7984,0,false,35.230000,35.070000,0.624468,-0.454158,false,0.000000,execution_costs_v1.0,0.000000,0.000000,,,,
2024-08-22,APGE,BBG01H51WZL7,0,false,48.330000,47.860000,0.351748,-0.972481,false,0.000000,execution_costs_v1.0,0.000000,0.000000,,,,
2024-08-22,APLD,BBG001SK4K76,8,false,4.230000,4.090000,0.472813,-3.309693,false,0.000000,execution_costs_v1.0,0.000000,0.000000,,,,
2024-08-22,APLE,BBG006473QY8,0,false,14.240000,14.270000,0.772472,0.210674,false,0.000000,execution_costs_v1.0,0.000000,0.000000,,,,
2024-08-22,APLS,BBG007KGRPZ3,16,true,40.420000,39.150000,0.593765,-3.142009,false,0.000000,execution_costs_v1.0,0.000000,0.000000,,,,
2024-08-22,APLT,BBG001SMJMY2,1,false,6.230000,5.595000,1.118780,-10.192616,false,0.000000,execution_costs_v1.0,0.000000,0.000000,,,,
2024-08-22,APOG,BBG001S5NSY1,0,false,64.210000,63.960000,1.619685,-0.389347,false,0.000000,execution_costs_v1.0,0.000000,0.000000,,,,
2024-08-22,APPF,BBG008GC8CS3,0,false,229.250000,225.340000,0.109051,-1.705562,false,0.000000,execution_costs_v1.0,0.000000,0.000000,,,,
2024-08-22,APPN,BBG001TWHH63,0,false,31.450000,30.810000,1.081081,-2.034976,false,0.000000,execution_costs_v1.0,0.000000,0.000000,,,,
2024-08-22,APPS,BBG001SPBG12,8,false,3.930000,3.605000,1.017812,-8.269720,false,0.000000,execution_costs_v1.0,0.000000,0.000000,,,,
2024-08-22,AQN,BBG001S8LHC5,1,false,5.290000,5.230000,0.378072,-1.134216,false,0.000000,execution_costs_v1.0,0.000000,0.000000,,,,
2024-08-22,AQST,BBG00L9HP1R7,1,false,4.690000,4.310000,0.213220,-8.102345,false,0.000000,execution_costs_v1.0,0.000000,0.000000,,,,
2024-08-22,AR,BBG001T61KH8,1,false,27.810000,26.870000,0.323625,-3.380079,false,0.000000,execution_costs_v1.0,0.000000,0.000000,,,,
2024-08-22,ARCB,BBG001S686R2,0,false,107.590000,106.920000,1.477833,-0.622734,false,0.000000,execution_costs_v1.0,0.000000,0.000000,,,,
2024-08-22,ARCC,BBG001SL96Z9,5,false,21.000000,20.910000,0.000000,-0.428571,false,0.000000,execution_costs_v1.0,0.000000,0.000000,,,,
2024-08-22,ARCH,BBG00DZB5DD0,0,false,124.900000,120.820000,1.649319,-3.266613,false,0.000000,execution_costs_v1.0,0.000000,0.000000,,,,
2024-08-22,ARCO,0001508478,0,false,9.030000,8.835000,0.885936,-2.159468,false,0.000000,execution_costs_v1.0,0.000000,0.000000,,,,
2024-08-22,ARCT,BBG00NNW8JL0,0,false,21.890000,21.470000,0.499772,-1.918684,false,0.000000,execution_costs_v1.0,0.000000,0.000000,,,,
2024-08-22,ARDX,BBG001WH4F33,8,false,6.390000,6.040000,0.938967,-5.477308,false,0.000000,execution_costs_v1.0,0.000000,0.000000,,,,
2024-08-22,ARHS,BBG012TKHZW7,1,false,12.060000,11.810000,0.414594,-2.072968,false,0.000000,execution_costs_v1.0,0.000000,0.000000,,,,
2024-08-22,ARI,BBG001T55FJ5,0,false,10.190000,10.130000,0.000000,-0.588813,false,0.000000,execution_costs_v1.0,0.000000,0.000000,,,,
2024-08-22,ARIS,BBG012PPXNM0,0,false,16.300000,16.360000,2.269939,0.368098,false,0.000000,execution_costs_v1.0,0.000000,0.000000,,,,
2024-08-22,ARKO,BBG00YD8K420,0,false,6.370000,6.100000,0.470958,-4.238619,false,0.000000,execution_costs_v1.0,0.000000,0.000000,,,,
2024-08-22,ARLO,BBG00K88DTJ1,0,false,12.230000,11.980000,0.245298,-2.044154,false,0.000000,execution_costs_v1.0,0.000000,0.000000,,,,
2024-08-22,ARLP,BBG001SD52Y1,0,false,23.980000,23.870000,0.041284,-0.458716,false,0.000000,execution_costs_v1.0,0.000000,0.000000,,,,
2024-08-22,ARMK,BBG001V0NR70,0,false,35.700000,35.500000,0.266106,-0.560224,false,0.000000,execution_costs_v1.0,0.000000,0.000000,,,,
2024-08-22,ARMN,BBG001S75835,0,false,4.610000,4.660000,2.169197,1.084599,false,0.000000,execution_costs_v1.0,0.000000,0.000000,,,,
2024-08-22,AROC,BBG001SVDK72,0,false,19.300000,19.280000,0.880829,-0.103627,false,0.000000,execution_costs_v1.0,0.000000,0.000000,,,,
2024-08-22,AROW,BBG001S5NV83,0,false,28.560000,28.760000,1.610644,0.700280,false,0.000000,execution_costs_v1.0,0.000000,0.000000,,,,
2024-08-22,ARQT,BBG00QN8K4P1,1,false,8.320000,8.340000,1.923077,0.240385,false,0.000000,execution_costs_v1.0,0.000000,0.000000,,,,
2024-08-22,ARR,BBG001SRBTG4,3,false,20.300000,20.020000,0.098522,-1.379310,false,0.000000,execution_costs_v1.0,0.000000,0.000000,,,,
2024-08-22,ARRY,BBG002MX7TQ9,8,false,6.710000,6.575000,0.447094,-2.011923,false,0.000000,execution_costs_v1.0,0.000000,0.000000,,,,
2024-08-22,ARTNA,BBG001S7MLX4,0,false,36.410000,35.830000,0.109860,-1.592969,false,0.000000,execution_costs_v1.0,0.000000,0.000000,,,,
2024-08-22,ARVN,BBG00LW7YL08,0,false,25.140000,24.470000,0.318218,-2.665076,false,0.000000,execution_costs_v1.0,0.000000,0.000000,,,,
2024-08-22,ARW,BBG001S5NVP4,0,false,131.950000,130.620000,0.090944,-1.007958,false,0.000000,execution_costs_v1.0,0.000000,0.000000,,,,
2024-08-22,ARWR,BBG001SGT8G5,3,false,25.240000,24.360000,0.554675,-3.486529,false,0.000000,execution_costs_v1.0,0.000000,0.000000,,,,
2024-08-22,AS,0001988894,2,false,14.160000,13.845000,1.412429,-2.224576,false,0.000000,execution_costs_v1.0,0.000000,0.000000,,,,
2024-08-22,ASAN,BBG00WYHL741,1,false,13.870000,13.340000,0.504686,-3.821197,false,0.000000,execution_costs_v1.0,0.000000,0.000000,,,,
2024-08-22,ASB,BBG001S5NVZ3,0,false,21.340000,21.530000,1.382381,0.890347,false,0.000000,execution_costs_v1.0,0.000000,0.000000,,,,
2024-08-22,ASC,0001577437,0,false,18.690000,18.640000,0.909577,-0.267523,false,0.000000,execution_costs_v1.0,0.000000,0.000000,,,,
2024-08-22,ASGN,BBG001S71HP5,0,false,94.060000,92.940000,0.967468,-1.190729,false,0.000000,execution_costs_v1.0,0.000000,0.000000,,,,
2024-08-22,ASH,BBG00D0Y81N0,0,false,87.210000,86.660000,0.653595,-0.630662,false,0.000000,execution_costs_v1.0,0.000000,0.000000,,,,
2024-08-22,ASIX,BBG00CWTTQ32,0,false,29.090000,29.250000,1.237539,0.550017,false,0.000000,execution_costs_v1.0,0.000000,0.000000,,,,
2024-08-22,ASO,BBG00X7L1CW0,1,false,56.120000,54.780000,0.000000,-2.387741,false,0.000000,execution_costs_v1.0,0.000000,0.000000,,,,
2024-08-22,ASPN,BBG001SJZK39,7,false,31.130000,29.230000,0.192740,-6.103437,false,0.000000,execution_costs_v1.0,0.000000,0.000000,,,,
2024-08-22,ASTE,BBG001S5NWY2,0,false,32.880000,32.700000,0.243309,-0.547445,false,0.000000,execution_costs_v1.0,0.000000,0.000000,,,,
2024-08-22,ASTH,BBG001S96MS2,0,false,48.320000,47.950000,1.055464,-0.765728,false,0.000000,execution_costs_v1.0,0.000000,0.000000,,,,
2024-08-22,ASTL,BBG012NKXV72,0,false,9.740000,9.780000,0.616016,0.410678,false,0.000000,execution_costs_v1.0,0.000000,0.000000,,,,
2024-08-22,ASTS,BBG00Q402TS1,46,true,36.700000,34.165000,0.000000,-6.907357,false,0.000000,execution_costs_v1.0,0.000000,0.000000,,,,
2024-08-22,ATEC,BBG001S64XQ8,7,false,5.860000,5.690000,2.389078,-2.901024,false,0.000000,execution_costs_v1.0,0.000000,0.000000,,,,
2024-08-22,ATEN,BBG0060K22D0,0,false,13.460000,13.270000,0.371471,-1.411590,false,0.000000,execution_costs_v1.0,0.000000,0.000000,,,,
2024-08-22,ATEX,BBG0081NLJH7,0,false,37.410000,37.450000,1.684042,0.106923,false,0.000000,execution_costs_v1.0,0.000000,0.000000,,,,
2024-08-22,ATGE,BBG001S8M5S3,0,false,73.420000,73.890000,1.443748,0.640153,false,0.000000,execution_costs_v1.0,0.000000,0.000000,,,,
2024-08-22,ATI,BBG001S8WY72,0,false,65.340000,65.200000,0.627487,-0.214264,false,0.000000,execution_costs_v1.0,0.000000,0.000000,,,,
2024-08-22,ATKR,BBG001T8LDZ8,0,false,97.940000,97.330000,0.000000,-0.622830,false,0.000000,execution_costs_v1.0,0.000000,0.000000,,,,
2024-08-22,ATLC,BBG001SC0HS2,0,false,32.610000,33.505000,3.096903,2.744557,false,0.000000,execution_costs_v1.0,0.000000,0.000000,,,,
2024-08-22,ATMU,BBG01B079Z92,0,false,33.160000,33.350000,1.055489,0.572979,false,0.000000,execution_costs_v1.0,0.000000,0.000000,,,,
2024-08-22,ATNI,BBG001S9SMF2,0,false,26.370000,25.930000,0.000000,-1.668563,false,0.000000,execution_costs_v1.0,0.000000,0.000000,,,,
2024-08-22,ATR,BBG001S78MT3,0,false,149.570000,148.940000,0.554924,-0.421207,false,0.000000,execution_costs_v1.0,0.000000,0.000000,,,,
2024-08-22,ATRA,BBG005Q3MR36,0,false,7.210000,7.259900,1.108183,0.692094,false,0.000000,execution_costs_v1.0,0.000000,0.000000,,,,
2024-08-22,ATRC,BBG001SD43V3,0,false,23.970000,24.360000,3.754693,1.627034,false,0.000000,execution_costs_v1.0,0.000000,0.000000,,,,
2024-08-22,ATRO,BBG001S5NYK3,0,false,19.490000,19.910000,3.412006,2.154951,false,0.000000,execution_costs_v1.0,0.000000,0.000000,,,,
2024-08-22,ATS,BBG001S5XWC5,0,false,27.630000,27.050000,0.000000,-2.099168,false,0.000000,execution_costs_v1.0,0.000000,0.000000,,,,
2024-08-22,ATSG,BBG001S8KJF9,0,false,15.470000,15.680000,3.425986,1.357466,false,0.000000,execution_costs_v1.0,0.000000,0.000000,,,,
2024-08-22,ATUS,BBG00GFMPS82,2,false,1.850000,1.850000,3.513514,0.000000,false,0.000000,execution_costs_v1.0,0.000000,0.000000,,,,
2024-08-22,ATXS,BBG001T8KDC4,0,false,11.920000,11.770000,1.677852,-1.258389,false,0.000000,execution_costs_v1.0,0.000000,0.000000,,,,
2024-08-22,AU,0001973832,40,true,31.290000,30.810000,0.383509,-1.534036,false,0.000000,execution_costs_v1.0,0.000000,0.000000,,,,
2024-08-22,AUB,BBG001S7GJV8,0,false,37.080000,37.490000,1.591154,1.105717,false,0.000000,execution_costs_v1.0,0.000000,0.000000,,,,
2024-08-22,AUDC,0001086434,0,false,10.800000,10.720000,1.480556,-0.740741,false,0.000000,execution_costs_v1.0,0.000000,0.000000,,,,
2024-08-22,AUNA,0001799207,1,false,7.410000,7.510000,2.159244,1.349528,false,0.000000,execution_costs_v1.0,0.000000,0.000000,,,,
2024-08-22,AUPH,BBG001S68013,0,false,6.650000,6.650000,1.353383,0.000000,false,0.000000,execution_costs_v1.0,0.000000,0.000000,,,,
2024-08-22,AUR,BBG00Z92Y6Y0,0,false,3.860000,3.620100,0.777202,-6.215026,false,0.000000,execution_costs_v1.0,0.000000,0.000000,,,,
2024-08-22,AURA,BBG00226DGP2,0,false,7.730000,7.390000,1.045278,-4.398448,false,0.000000,execution_costs_v1.0,0.000000,0.000000,,,,
2024-08-22,AVA,BBG001S5NZ48,0,false,38.490000,38.390000,0.203170,-0.259808,false,0.000000,execution_costs_v1.0,0.000000,0.000000,,,,
2024-08-22,AVAH,BBG00G6D6HB3,0,false,5.440000,5.427000,1.838235,-0.238971,false,0.000000,execution_costs_v1.0,0.000000,0.000000,,,,
2024-08-22,AVAV,BBG001SPPWP6,0,false,189.420000,184.130000,0.000000,-2.792736,false,0.000000,execution_costs_v1.0,0.000000,0.000000,,,,
2024-08-22,AVBP,BBG011N37VW3,0,false,23.820000,23.880000,0.629723,0.251889,false,0.000000,execution_costs_v1.0,0.000000,0.000000,,,,
2024-08-22,AVDL,BBG001SD3F74,0,false,16.220000,16.170000,0.462392,-0.308261,false,0.000000,execution_costs_v1.0,0.000000,0.000000,,,,
2024-08-22,AVDX,BBG012MBDGV1,0,false,7.890000,7.780000,0.126743,-1.394170,false,0.000000,execution_costs_v1.0,0.000000,0.000000,,,,
2024-08-22,AVIR,BBG00TZNCJ84,0,false,3.820000,3.785000,2.748691,-0.916230,false,0.000000,execution_costs_v1.0,0.000000,0.000000,,,,
2024-08-22,AVNS,BBG005L86G14,0,false,23.270000,23.220000,0.000000,-0.214869,false,0.000000,execution_costs_v1.0,0.000000,0.000000,,,,
2024-08-22,AVNT,BBG001S6RCD3,0,false,46.660000,46.750000,0.728676,0.192885,false,0.000000,execution_costs_v1.0,0.000000,0.000000,,,,
2024-08-22,AVNW,BBG001SSSZS7,0,false,27.370000,26.990000,0.913409,-1.388381,false,0.000000,execution_costs_v1.0,0.000000,0.000000,,,,
2024-08-22,AVO,BBG005C9W688,0,false,10.440000,10.270000,0.191571,-1.628352,false,0.000000,execution_costs_v1.0,0.000000,0.000000,,,,
2024-08-22,AVPT,BBG00Q73LFK9,0,false,10.920000,10.750000,0.641026,-1.556777,false,0.000000,execution_costs_v1.0,0.000000,0.000000,,,,
2024-08-22,AVT,BBG001S5NZJ2,0,false,55.250000,54.590000,0.434389,-1.194570,false,0.000000,execution_costs_v1.0,0.000000,0.000000,,,,
2024-08-22,AVXL,BBG001SLQWW6,3,false,6.360000,6.135000,0.000000,-3.537736,false,0.000000,execution_costs_v1.0,0.000000,0.000000,,,,
2024-08-22,AWI,BBG001SGL0H9,0,false,123.630000,123.520000,0.493408,-0.088975,false,0.000000,execution_costs_v1.0,0.000000,0.000000,,,,
2024-08-22,AWR,BBG001S9T5Z6,0,false,81.590000,80.490000,0.085795,-1.348204,false,0.000000,execution_costs_v1.0,0.000000,0.000000,,,,
2024-08-22,AX,BBG001SLZ724,0,false,64.070000,64.480000,1.841736,0.639925,false,0.000000,execution_costs_v1.0,0.000000,0.000000,,,,
2024-08-22,AXGN,BBG001S5SRD1,0,false,12.850000,12.350000,1.400778,-3.891051,false,0.000000,execution_costs_v1.0,0.000000,0.000000,,,,
2024-08-22,AXL,BBG001S9DR67,1,false,6.370000,6.250000,0.313972,-1.883830,false,0.000000,execution_costs_v1.0,0.000000,0.000000,,,,
2024-08-22,AXNX,BBG0067QVJ69,0,false,69.150000,69.000000,0.000000,-0.216920,false,0.000000,execution_costs_v1.0,0.000000,0.000000,,,,
2024-08-22,AXS,0001214816,0,false,75.670000,76.180000,0.726840,0.673979,false,0.000000,execution_costs_v1.0,0.000000,0.000000,,,,
2024-08-22,AXSM,BBG00B6G7GM6,0,false,87.910000,87.100000,1.353657,-0.921397,false,0.000000,execution_costs_v1.0,0.000000,0.000000,,,,
2024-08-22,AXTA,0001616862,0,false,35.230000,35.080000,0.056770,-0.425773,false,0.000000,execution_costs_v1.0,0.000000,0.000000,,,,
2024-08-22,AY,0001601072,1,false,22.180000,22.240000,0.270514,0.270514,false,0.000000,execution_costs_v1.0,0.000000,0.000000,,,,
2024-08-22,AYI,BBG001SBG656,0,false,243.440000,243.440000,0.324515,0.000000,false,0.000000,execution_costs_v1.0,0.000000,0.000000,,,,
2024-08-22,AZEK,BBG00RP7FY15,1,false,42.260000,42.100000,0.875532,-0.378609,false,0.000000,execution_costs_v1.0,0.000000,0.000000,,,,
2024-08-22,AZPN,BBG017J18WC8,0,false,220.000000,217.830000,0.290909,-0.986364,false,0.000000,execution_costs_v1.0,0.000000,0.000000,,,,
2024-08-22,AZTA,BBG001S8F1B8,0,false,49.550000,47.780000,0.080727,-3.572149,false,0.000000,execution_costs_v1.0,0.000000,0.000000,,,,
2024-08-22,AZZ,BBG001S9QNK6,0,false,79.560000,79.210000,1.546003,-0.439920,false,0.000000,execution_costs_v1.0,0.000000,0.000000,,,,
2024-08-22,B,BBG001S5P0S7,0,false,38.470000,37.890000,0.597868,-1.507668,false,0.000000,execution_costs_v1.0,0.000000,0.000000,,,,
2024-08-22,BALY,BBG005Q22HH7,0,false,17.100000,17.080000,0.000000,-0.116959,false,0.000000,execution_costs_v1.0,0.000000,0.000000,,,,
2024-08-22,BANC,BBG001SKZX56,0,false,14.050000,13.930000,1.138790,-0.854093,false,0.000000,execution_costs_v1.0,0.000000,0.000000,,,,
2024-08-22,BAND,BBG001TFDMP2,0,false,17.240000,16.350000,0.580046,-5.162413,false,0.000000,execution_costs_v1.0,0.000000,0.000000,,,,
2024-08-22,BANF,BBG001S75RW1,0,false,101.790000,101.660000,1.434326,-0.127714,false,0.000000,execution_costs_v1.0,0.000000,0.000000,,,,
2024-08-22,BANR,BBG001SD3DZ8,0,false,56.200000,55.985000,0.765125,-0.382562,false,0.000000,execution_costs_v1.0,0.000000,0.000000,,,,
2024-08-22,BAP,0001001290,0,false,168.350000,166.170000,0.071280,-1.294921,false,0.000000,execution_costs_v1.0,0.000000,0.000000,,,,
2024-08-22,BARK,BBG00Y9ZTKL9,0,false,1.720000,1.660000,1.162791,-3.488372,false,0.000000,execution_costs_v1.0,0.000000,0.000000,,,,
2024-08-22,BASE,BBG001Z5ZB22,0,false,18.590000,18.190000,0.591716,-2.151694,false,0.000000,execution_costs_v1.0,0.000000,0.000000,,,,
2024-08-22,BATRK,BBG01HCX3Z22,0,false,43.350000,43.290000,0.622837,-0.138408,false,0.000000,execution_costs_v1.0,0.000000,0.000000,,,,
2024-08-22,BB,BBG001S60618,4,false,2.430000,2.350000,0.411523,-3.292181,false,0.000000,execution_costs_v1.0,0.000000,0.000000,,,,
2024-08-22,BBAI,BBG00Z4HKRY1,59,true,1.660000,1.630000,1.204819,-1.807229,false,0.000000,execution_costs_v1.0,0.000000,0.000000,,,,
2024-08-22,BBCP,BBG00M8BB1P6,0,false,6.170000,6.180000,0.648298,0.162075,false,0.000000,execution_costs_v1.0,0.000000,0.000000,,,,
2024-08-22,BBDC,BBG001S9DQ05,0,false,10.010000,9.975000,0.299700,-0.349650,false,0.000000,execution_costs_v1.0,0.000000,0.000000,,,,
2024-08-22,BBIO,BBG00P9KDZL5,0,false,25.750000,24.910000,0.194175,-3.262136,false,0.000000,execution_costs_v1.0,0.000000,0.000000,,,,
2024-08-22,BBU,0001654795,0,false,20.330000,20.050000,0.000000,-1.377275,false,0.000000,execution_costs_v1.0,0.000000,0.000000,,,,
2024-08-22,BBUC,BBG015P1Z2Y7,0,false,21.620000,21.340000,0.046253,-1.295097,false,0.000000,execution_costs_v1.0,0.000000,0.000000,,,,
2024-08-22,BBW,BBG001SMC9T4,0,false,28.710000,28.260000,0.104493,-1.567398,false,0.000000,execution_costs_v1.0,0.000000,0.000000,,,,
2024-08-22,BBWI,BBG001S5SWL1,1,false,34.580000,34.040000,0.404858,-1.561596,false,0.000000,execution_costs_v1.0,0.000000,0.000000,,,,
2024-08-22,BC,BBG001S5P294,0,false,77.110000,76.430000,0.635456,-0.881857,false,0.000000,execution_costs_v1.0,0.000000,0.000000,,,,
2024-08-22,BCC,BBG001SZX397,0,false,132.050000,129.890000,0.696706,-1.635744,false,0.000000,execution_costs_v1.0,0.000000,0.000000,,,,
2024-08-22,BCO,BBG001S8PZK2,0,false,105.880000,105.320000,0.000000,-0.528901,false,0.000000,execution_costs_v1.0,0.000000,0.000000,,,,
2024-08-22,BCPC,BBG001S5P2R4,0,false,,,,,false,0.000000,execution_costs_v1.0,,,,,,
2024-08-22,BCRX,BBG001S7K151,0,false,8.010000,7.930000,0.062422,-0.998752,false,0.000000,execution_costs_v1.0,0.000000,0.000000,,,,
2024-08-22,BCSF,BBG00JDV0M33,0,false,16.400000,16.390000,0.304878,-0.060976,false,0.000000,execution_costs_v1.0,0.000000,0.000000,,,,
2024-08-22,BDC,BBG001SM6Z59,0,false,105.110000,104.130000,0.789649,-0.932357,false,0.000000,execution_costs_v1.0,0.000000,0.000000,,,,
2024-08-22,BDN,BBG001S6YGF4,0,false,5.160000,5.100000,0.000000,-1.162791,false,0.000000,execution_costs_v1.0,0.000000,0.000000,,,,
2024-08-22,BDTX,BBG00MS4Y0X8,1,false,6.490000,6.130000,4.006163,-5.546995,false,0.000000,execution_costs_v1.0,0.000000,0.000000,,,,
2024-08-22,BE,BBG001T53509,1,false,11.570000,11.245000,0.302506,-2.808989,false,0.000000,execution_costs_v1.0,0.000000,0.000000,,,,
2024-08-22,BEAM,BBG00KXC8655,1,false,25.650000,24.550000,0.000000,-4.288499,false,0.000000,execution_costs_v1.0,0.000000,0.000000,,,,
2024-08-22,BECN,BBG001S903Y3,0,false,87.350000,87.340000,0.618203,-0.011448,false,0.000000,execution_costs_v1.0,0.000000,0.000000,,,,
2024-08-22,BELFB,BBG001S93K81,0,false,66.060000,64.390000,0.000000,-2.528005,false,0.000000,execution_costs_v1.0,0.000000,0.000000,,,,
2024-08-22,BEN,BBG001S5P3W6,18,true,20.010000,20.679000,3.498251,3.343328,false,0.000000,execution_costs_v1.0,0.000000,0.000000,,,,
2024-08-22,BENF,BBG00KFV0B50,55,true,2.560000,2.510000,12.109375,-1.953125,true,0.000000,execution_costs_v1.0,0.000000,0.000000,,,,
2024-08-22,BEP,0001533232,0,false,23.870000,23.380000,1.005446,-2.052786,false,0.000000,execution_costs_v1.0,0.000000,0.000000,,,,
2024-08-22,BEPC,BBG00W5FR7D1,0,false,28.110000,27.400000,0.053362,-2.525792,false,0.000000,execution_costs_v1.0,0.000000,0.000000,,,,
2024-08-22,BERY,BBG001T6B4W6,0,false,65.430000,66.020000,1.008712,0.901727,false,0.000000,execution_costs_v1.0,0.000000,0.000000,,,,
2024-08-22,BFAM,BBG003LFWPT4,0,false,137.140000,135.630000,0.000000,-1.101065,false,0.000000,execution_costs_v1.0,0.000000,0.000000,,,,
2024-08-22,BFC,BBG001S79DP6,0,false,88.750000,88.360000,0.118310,-0.439437,false,0.000000,execution_costs_v1.0,0.000000,0.000000,,,,
2024-08-22,BFH,BBG001S78Z50,0,false,54.740000,54.560000,1.625868,-0.328827,false,0.000000,execution_costs_v1.0,0.000000,0.000000,,,,
2024-08-22,BFS,BBG001S7F7J9,0,false,39.830000,39.940000,0.702988,0.276174,false,0.000000,execution_costs_v1.0,0.000000,0.000000,,,,
2024-08-22,BFST,BBG001T056Q8,0,false,22.900000,22.810000,0.764192,-0.393013,false,0.000000,execution_costs_v1.0,0.000000,0.000000,,,,
2024-08-22,BG,0001996862,0,false,96.290000,96.530000,0.529650,0.249247,false,0.000000,execution_costs_v1.0,0.000000,0.000000,,,,
2024-08-22,BGC,BBG01H9FTHS9,0,false,9.450000,9.530000,1.481481,0.846561,false,0.000000,execution_costs_v1.0,0.000000,0.000000,,,,
2024-08-22,BGS,BBG001SQD861,0,false,8.420000,8.240000,0.000000,-2.137767,false,0.000000,execution_costs_v1.0,0.000000,0.000000,,,,
2024-08-22,BH,BBG00JPRDQJ9,0,false,178.620000,175.060000,0.000000,-1.993058,false,0.000000,execution_costs_v1.0,0.000000,0.000000,,,,
2024-08-22,BHB,BBG001SB8Q79,0,false,29.930000,30.050000,1.252923,0.400936,false,0.000000,execution_costs_v1.0,0.000000,0.000000,,,,
2024-08-22,BHC,BBG001S7WDP0,0,false,5.850000,5.765000,0.427350,-1.452991,false,0.000000,execution_costs_v1.0,0.000000,0.000000,,,,
2024-08-22,BHE,BBG001S6LXL4,0,false,42.020000,41.400000,0.520704,-1.475488,false,0.000000,execution_costs_v1.0,0.000000,0.000000,,,,
2024-08-22,BHF,BBG00DYPZ4V7,0,false,43.670000,44.330000,1.740325,1.511335,false,0.000000,execution_costs_v1.0,0.000000,0.000000,,,,
2024-08-22,BHIL,BBG00YMWHGH8,0,false,6.260000,6.050000,0.000000,-3.354633,false,0.000000,execution_costs_v1.0,0.000000,0.000000,,,,
2024-08-22,BHLB,BBG001S5PSK4,0,false,26.290000,26.500000,1.521491,0.798783,false,0.000000,execution_costs_v1.0,0.000000,0.000000,,,,
2024-08-22,BHRB,BBG019X33P61,0,false,62.590000,62.930000,1.397987,0.543218,false,0.000000,execution_costs_v1.0,0.000000,0.000000,,,,
2024-08-22,BHVN,0001935979,19,true,41.320000,39.970000,0.193611,-3.267183,false,0.000000,execution_costs_v1.0,0.000000,0.000000,,,,
2024-08-22,BIGC,BBG00W1PSTC5,0,false,5.900000,5.690000,1.184746,-3.559322,false,0.000000,execution_costs_v1.0,0.000000,0.000000,,,,
2024-08-22,BILL,BBG00QVJV7L3,8,false,51.820000,50.780000,0.617522,-2.006947,false,0.000000,execution_costs_v1.0,0.000000,0.000000,,,,
2024-08-22,BIO,BBG001S625W4,0,false,318.040000,310.030000,0.000000,-2.518551,false,0.000000,execution_costs_v1.0,0.000000,0.000000,,,,
2024-08-22,BIOX,0001769484,0,false,10.080000,9.930000,0.000000,-1.488095,false,0.000000,execution_costs_v1.0,0.000000,0.000000,,,,
2024-08-22,BIP,0001406234,0,false,31.930000,32.140000,1.033511,0.657689,false,0.000000,execution_costs_v1.0,0.000000,0.000000,,,,
2024-08-22,BIPC,BBG00QDWSVL5,0,false,39.120000,39.420000,1.508180,0.766871,false,0.000000,execution_costs_v1.0,0.000000,0.000000,,,,
2024-08-22,BIRK,0001977102,2,false,62.950000,62.210000,1.286736,-1.175536,false,0.000000,execution_costs_v1.0,0.000000,0.000000,,,,
2024-08-22,BITF,BBG00PGMZVM7,25,true,2.380000,2.270000,0.420168,-4.621849,false,0.000000,execution_costs_v1.0,0.000000,0.000000,,,,
2024-08-22,BJ,BBG00FQ8T4M6,45,true,82.860000,81.670000,0.760319,-1.436157,false,0.000000,execution_costs_v1.0,0.000000,0.000000,,,,
2024-08-22,BJRI,BBG001S970P2,0,false,31.680000,31.680000,0.899621,0.000000,false,0.000000,execution_costs_v1.0,0.000000,0.000000,,,,
2024-08-22,BKD,BBG001SDHC58,0,false,6.840000,6.920000,1.535088,1.169591,false,0.000000,execution_costs_v1.0,0.000000,0.000000,,,,
2024-08-22,BKE,BBG001S5P6T3,0,false,41.870000,41.690000,0.334368,-0.429902,false,0.000000,execution_costs_v1.0,0.000000,0.000000,,,,
2024-08-22,BKH,BBG001S5P6X8,0,false,57.570000,57.670000,0.442939,0.173702,false,0.000000,execution_costs_v1.0,0.000000,0.000000,,,,
2024-08-22,BKKT,BBG00XRJ7Y59,0,false,14.580000,13.940000,1.561043,-4.389575,false,0.000000,execution_costs_v1.0,0.000000,0.000000,,,,
2024-08-22,BKU,BBG001T5W6B3,0,false,36.530000,36.620000,2.217356,0.246373,false,0.000000,execution_costs_v1.0,0.000000,0.000000,,,,
2024-08-22,BL,BBG0029KJVD8,0,false,50.900000,49.470000,0.943026,-2.809430,false,0.000000,execution_costs_v1.0,0.000000,0.000000,,,,
2024-08-22,BLBD,BBG006427TN1,2,false,47.000000,46.530000,2.085106,-1.000000,false,0.000000,execution_costs_v1.0,0.000000,0.000000,,,,
2024-08-22,BLCO,BBG014KG1GY8,0,false,16.130000,15.990000,0.805952,-0.867948,false,0.000000,execution_costs_v1.0,0.000000,0.000000,,,,
2024-08-22,BLD,BBG0077VS2G6,0,false,389.260000,384.280000,0.863176,-1.279351,false,0.000000,execution_costs_v1.0,0.000000,0.000000,,,,
2024-08-22,BLDP,BBG001S5Y1D1,2,false,1.900000,1.850000,1.052632,-2.631579,false,0.000000,execution_costs_v1.0,0.000000,0.000000,,,,
2024-08-22,BLFS,BBG001SFGWZ7,0,false,25.840000,24.450000,1.702786,-5.379257,false,0.000000,execution_costs_v1.0,0.000000,0.000000,,,,
2024-08-22,BLKB,BBG001S9B5W8,0,false,79.190000,79.550000,0.953403,0.454603,false,0.000000,execution_costs_v1.0,0.000000,0.000000,,,,
2024-08-22,BLMN,BBG002VZ69Q9,0,false,18.070000,18.010000,1.770891,-0.332042,false,0.000000,execution_costs_v1.0,0.000000,0.000000,,,,
2024-08-22,BLND,BBG00D0YK7V4,9,false,3.920000,3.480000,0.765306,-11.224490,false,0.000000,execution_costs_v1.0,0.000000,0.000000,,,,
2024-08-22,BLX,0000890541,0,false,30.090000,29.690000,0.000000,-1.329345,false,0.000000,execution_costs_v1.0,0.000000,0.000000,,,,
2024-08-22,BMBL,BBG00Z6RF535,2,false,6.500000,6.470000,2.461538,-0.461538,false,0.000000,execution_costs_v1.0,0.000000,0.000000,,,,
2024-08-22,BMI,BBG001S5P8Q2,0,false,205.050000,203.090000,0.482809,-0.955864,false,0.000000,execution_costs_v1.0,0.000000,0.000000,,,,
2024-08-22,BMRC,BBG001S7WFM8,0,false,19.350000,19.540000,1.395349,0.981912,false,0.000000,execution_costs_v1.0,0.000000,0.000000,,,,
2024-08-22,BNED,BBG009CNQCX5,1,false,12.250000,12.270000,0.948571,0.163265,false,0.000000,execution_costs_v1.0,0.000000,0.000000,,,,
2024-08-22,BNL,BBG001T61WG3,0,false,17.980000,17.960000,0.305895,-0.111235,false,0.000000,execution_costs_v1.0,0.000000,0.000000,,,,
2024-08-22,BNRE,0001837429,0,false,47.030000,47.030000,0.000000,0.000000,false,0.000000,execution_costs_v1.0,0.000000,0.000000,,,,
2024-08-22,BOC,BBG0021J74C3,0,false,13.300000,13.430000,1.729323,0.977444,false,0.000000,execution_costs_v1.0,0.000000,0.000000,,,,
2024-08-22,BOH,BBG001S6R977,0,false,64.700000,64.420000,0.989181,-0.432767,false,0.000000,execution_costs_v1.0,0.000000,0.000000,,,,
2024-08-22,BOKF,BBG001S6VBZ6,0,false,100.120000,101.160000,1.488214,1.038753,false,0.000000,execution_costs_v1.0,0.000000,0.000000,,,,
2024-08-22,BOOT,BBG007D38ZV3,1,false,138.770000,138.800000,0.540463,0.021619,false,0.000000,execution_costs_v1.0,0.000000,0.000000,,,,
2024-08-22,BORR,0001715497,4,false,6.140000,6.020000,0.000000,-1.954397,false,0.000000,execution_costs_v1.0,0.000000,0.000000,,,,
2024-08-22,BOWL,BBG00Z6BJ698,0,false,11.640000,11.750000,0.945017,0.945017,false,0.000000,execution_costs_v1.0,0.000000,0.000000,,,,
2024-08-22,BOX,BBG001T5R852,0,false,28.500000,28.160000,0.315789,-1.192982,false,0.000000,execution_costs_v1.0,0.000000,0.000000,,,,
2024-08-22,BPMC,BBG001V11BV0,0,false,94.840000,93.580000,1.444538,-1.328553,false,0.000000,execution_costs_v1.0,0.000000,0.000000,,,,
2024-08-22,BPOP,BBG001S5PC01,0,false,97.650000,97.330000,0.911418,-0.327701,false,0.000000,execution_costs_v1.0,0.000000,0.000000,,,,
2024-08-22,BRBR,BBG013QNJHW0,0,false,56.320000,55.230000,0.159801,-1.935369,false,0.000000,execution_costs_v1.0,0.000000,0.000000,,,,
2024-08-22,BRC,BBG001S5PCB9,0,false,72.620000,72.300000,0.922611,-0.440650,false,0.000000,execution_costs_v1.0,0.000000,0.000000,,,,
2024-08-22,BRDG,BBG011KG5XK8,0,false,7.670000,7.670000,0.065189,0.000000,false,0.000000,execution_costs_v1.0,0.000000,0.000000,,,,
2024-08-22,BRKL,BBG001S73383,0,false,9.740000,9.805000,1.386037,0.667351,false,0.000000,execution_costs_v1.0,0.000000,0.000000,,,,
2024-08-22,BRKR,BBG001SF69P0,0,false,65.590000,63.700000,0.548864,-2.881537,false,0.000000,execution_costs_v1.0,0.000000,0.000000,,,,
2024-08-22,BROS,BBG01282ZJ56,3,false,31.830000,31.320000,0.439837,-1.602262,false,0.000000,execution_costs_v1.0,0.000000,0.000000,,,,
2024-08-22,BRSP,BBG00JVRRR41,0,false,5.680000,5.640000,0.528169,-0.704225,false,0.000000,execution_costs_v1.0,0.000000,0.000000,,,,
2024-08-22,BRT,BBG001S5PCX5,0,false,18.090000,17.900000,0.414594,-1.050304,false,0.000000,execution_costs_v1.0,0.000000,0.000000,,,,
2024-08-22,BRX,BBG001V0T8T2,0,false,26.630000,26.640000,0.075103,0.037552,false,0.000000,execution_costs_v1.0,0.000000,0.000000,,,,
2024-08-22,BRY,BBG00H5HHVK0,0,false,6.330000,6.270000,0.552923,-0.947867,false,0.000000,execution_costs_v1.0,0.000000,0.000000,,,,
2024-08-22,BRZE,BBG00294NX54,0,false,44.270000,43.470000,1.197199,-1.807093,false,0.000000,execution_costs_v1.0,0.000000,0.000000,,,,
2024-08-22,BSIG,BBG00P2HLNZ2,0,false,23.180000,23.200000,0.474547,0.086281,false,0.000000,execution_costs_v1.0,0.000000,0.000000,,,,
2024-08-22,BSM,BBG008B5CF38,0,false,14.910000,14.800000,0.134138,-0.737760,false,0.000000,execution_costs_v1.0,0.000000,0.000000,,,,
2024-08-22,BSRR,BBG001S6XR89,0,false,27.600000,27.830000,1.884058,0.833333,false,0.000000,execution_costs_v1.0,0.000000,0.000000,,,,
2024-08-22,BSVN,BBG00LV101D9,0,false,37.520000,37.310000,2.145522,-0.559701,false,0.000000,execution_costs_v1.0,0.000000,0.000000,,,,
2024-08-22,BSY,BBG001SBWGV7,0,false,50.350000,49.870000,0.575968,-0.953327,false,0.000000,execution_costs_v1.0,0.000000,0.000000,,,,
2024-08-22,BTBT,0001710350,22,true,3.740000,3.785000,2.941176,1.203209,false,0.000000,execution_costs_v1.0,0.000000,0.000000,,,,
2024-08-22,BTDR,0001899123,10,true,6.960000,7.000000,7.327586,0.574713,false,0.000000,execution_costs_v1.0,0.000000,0.000000,,,,
2024-08-22,BTE,BBG001S998N5,0,false,3.480000,3.470000,1.436782,-0.287356,false,0.000000,execution_costs_v1.0,0.000000,0.000000,,,,
2024-08-22,BTG,BBG001T0CNW6,6,false,2.860000,2.810000,0.000000,-1.748252,false,0.000000,execution_costs_v1.0,0.000000,0.000000,,,,
2024-08-22,BTSG,BBG0132WL2T0,0,false,12.150000,11.975000,1.728395,-1.440329,false,0.000000,execution_costs_v1.0,0.000000,0.000000,,,,
2024-08-22,BTU,BBG00GBV89J5,0,false,23.090000,23.315000,1.147683,0.974448,false,0.000000,execution_costs_v1.0,0.000000,0.000000,,,,
2024-08-22,BUR,0001714174,0,false,13.350000,13.060000,0.149813,-2.172285,false,0.000000,execution_costs_v1.0,0.000000,0.000000,,,,
2024-08-22,BUSE,BBG001SBH5P5,0,false,25.810000,25.950000,0.968617,0.542425,false,0.000000,execution_costs_v1.0,0.000000,0.000000,,,,
2024-08-22,BV,BBG00L1LT744,0,false,15.530000,15.310000,0.901481,-1.416613,false,0.000000,execution_costs_v1.0,0.000000,0.000000,,,,
2024-08-22,BVS,BBG00D8550C2,4,false,9.160000,9.892600,12.007642,7.997817,true,0.000000,execution_costs_v1.0,0.000000,0.000000,,,,
2024-08-22,BWA,BBG001S7F4D2,1,false,33.000000,32.890000,0.454545,-0.333333,false,0.000000,execution_costs_v1.0,0.000000,0.000000,,,,
2024-08-22,BWB,BBG001SQNYQ1,0,false,13.080000,13.120000,0.535168,0.305810,false,0.000000,execution_costs_v1.0,0.000000,0.000000,,,,
2024-08-22,BWMN,BBG003BPV1R9,0,false,24.510000,24.500000,0.000000,-0.040800,false,0.000000,execution_costs_v1.0,0.000000,0.000000,,,,
2024-08-22,BWMX,0001788257,0,false,14.040000,13.930000,0.000000,-0.783476,false,0.000000,execution_costs_v1.0,0.000000,0.000000,,,,
2024-08-22,BWXT,BBG001SGJPH7,0,false,100.630000,100.680000,0.647819,0.049687,false,0.000000,execution_costs_v1.0,0.000000,0.000000,,,,
2024-08-22,BXC,BBG001SHHF25,0,false,98.050000,96.820000,1.631820,-1.254462,false,0.000000,execution_costs_v1.0,0.000000,0.000000,,,,
2024-08-22,BXMT,BBG001S5Q7V7,0,false,17.870000,17.635000,0.161164,-1.315053,false,0.000000,execution_costs_v1.0,0.000000,0.000000,,,,
2024-08-22,BXP,BBG001S9TWV1,0,false,70.460000,70.880000,1.149588,0.596083,false,0.000000,execution_costs_v1.0,0.000000,0.000000,,,,
2024-08-22,BXSL,BBG00MS80PP0,2,false,29.740000,29.790000,0.739744,0.168124,false,0.000000,execution_costs_v1.0,0.000000,0.000000,,,,
2024-08-22,BY,BBG001SMZRV6,0,false,26.440000,26.450000,0.605144,0.037821,false,0.000000,execution_costs_v1.0,0.000000,0.000000,,,,
2024-08-22,BYD,BBG001S7DMW3,0,false,59.250000,58.840000,0.607595,-0.691983,false,0.000000,execution_costs_v1.0,0.000000,0.000000,,,,
2024-08-22,BYND,BBG003CVJP69,3,false,6.390000,6.320000,2.503912,-1.095462,false,0.000000,execution_costs_v1.0,0.000000,0.000000,,,,
2024-08-22,BYON,BBG001S64TS5,3,false,11.020000,10.300000,0.317604,-6.533575,false,0.000000,execution_costs_v1.0,0.000000,0.000000,,,,
2024-08-22,BZFD,BBG00YPS9KZ4,0,false,2.970000,2.800000,0.000000,-5.723906,false,0.000000,execution_costs_v1.0,0.000000,0.000000,,,,
2024-08-22,BZH,BBG001S76DH8,0,false,30.960000,31.190000,1.534238,0.742894,false,0.000000,execution_costs_v1.0,0.000000,0.000000,,,,
2024-08-22,CAAP,0001717393,2,false,14.530000,15.110000,5.298692,3.991741,false,0.000000,execution_costs_v1.0,0.000000,0.000000,,,,
2024-08-22,CABO,BBG001SFK9N6,0,false,347.200000,334.350000,0.619240,-3.701037,false,0.000000,execution_costs_v1.0,0.000000,0.000000,,,,
2024-08-22,CAC,BBG001S5PGN7,0,false,37.650000,37.860000,1.248340,0.557769,false,0.000000,execution_costs_v1.0,0.000000,0.000000,,,,
2024-08-22,CACC,BBG001S71KS5,0,false,469.090000,467.830000,1.046707,-0.268605,false,0.000000,execution_costs_v1.0,0.000000,0.000000,,,,
2024-08-22,CACI,BBG001SF9NK1,0,false,471.000000,467.750000,0.477707,-0.690021,false,0.000000,execution_costs_v1.0,0.000000,0.000000,,,,
2024-08-22,CADE,BBG001SHFG98,0,false,30.840000,31.280000,1.588846,1.426719,false,0.000000,execution_costs_v1.0,0.000000,0.000000,,,,
2024-08-22,CAE,BBG001S5Y4F3,0,false,17.680000,17.700000,1.102941,0.113122,false,0.000000,execution_costs_v1.0,0.000000,0.000000,,,,
2024-08-22,CAG,BBG001S5PGY5,0,false,30.820000,30.490000,0.000000,-1.070733,false,0.000000,execution_costs_v1.0,0.000000,0.000000,,,,
2024-08-22,CAKE,BBG001S71Q75,0,false,38.660000,38.360000,1.112261,-0.775996,false,0.000000,execution_costs_v1.0,0.000000,0.000000,,,,
2024-08-22,CAL,BBG001S76YV6,0,false,42.310000,42.180000,0.259986,-0.307256,false,0.000000,execution_costs_v1.0,0.000000,0.000000,,,,
2024-08-22,CALM,BBG001S80MM6,0,false,71.440000,72.110000,0.937850,0.937850,false,0.000000,execution_costs_v1.0,0.000000,0.000000,,,,
2024-08-22,CALX,BBG001T633M8,0,false,37.110000,36.360000,0.673673,-2.021019,false,0.000000,execution_costs_v1.0,0.000000,0.000000,,,,
2024-08-22,CAMT,0001109138,1,false,98.770000,96.700000,1.852789,-2.095778,false,0.000000,execution_costs_v1.0,0.000000,0.000000,,,,
2024-08-22,CAPL,BBG002Z9XF16,0,false,19.810000,19.800000,0.858152,-0.050480,false,0.000000,execution_costs_v1.0,0.000000,0.000000,,,,
2024-08-22,CAR,BBG001S8S6R6,1,false,90.690000,84.970000,0.385930,-6.307200,false,0.000000,execution_costs_v1.0,0.000000,0.000000,,,,
2024-08-22,CARE,BBG00Y9DFYK4,0,false,16.000000,16.160000,1.312500,1.000000,false,0.000000,execution_costs_v1.0,0.000000,0.000000,,,,
2024-08-22,CARG,BBG00HQ77DT1,1,false,28.500000,28.040000,0.631579,-1.614035,false,0.000000,execution_costs_v1.0,0.000000,0.000000,,,,
2024-08-22,CARS,BBG001SP6HB5,0,false,17.600000,17.270000,0.000000,-1.875000,false,0.000000,execution_costs_v1.0,0.000000,0.000000,,,,
2024-08-22,CART,BBG00KG5VJG3,2,false,33.730000,34.490000,2.253187,2.253187,false,0.000000,execution_costs_v1.0,0.000000,0.000000,,,,
2024-08-22,CASH,BBG001S7G4Q7,0,false,64.030000,64.380000,1.686709,0.546619,false,0.000000,execution_costs_v1.0,0.000000,0.000000,,,,
2024-08-22,CASS,BBG001S5VK42,0,false,41.850000,41.693000,0.000000,-0.375149,false,0.000000,execution_costs_v1.0,0.000000,0.000000,,,,
2024-08-22,CASY,BBG001S5PHZ2,0,false,378.660000,370.000000,0.274653,-2.287012,false,0.000000,execution_costs_v1.0,0.000000,0.000000,,,,
2024-08-22,CATX,BBG001S5Q300,0,false,15.010000,15.020000,2.798135,0.066622,false,0.000000,execution_costs_v1.0,0.000000,0.000000,,,,
2024-08-22,CATY,BBG001S6PB10,0,false,42.370000,42.430000,1.534104,0.141610,false,0.000000,execution_costs_v1.0,0.000000,0.000000,,,,
2024-08-22,CAVA,BBG00GBR8762,30,true,102.960000,101.940000,1.825952,-0.990676,false,0.000000,execution_costs_v1.0,0.000000,0.000000,,,,
2024-08-22,CBL,BBG01396RPH6,0,false,26.130000,26.000000,0.191351,-0.497512,false,0.000000,execution_costs_v1.0,0.000000,0.000000,,,,
2024-08-22,CBNK,BBG001SMZRH2,0,false,24.350000,24.620000,1.437372,1.108830,false,0.000000,execution_costs_v1.0,0.000000,0.000000,,,,
2024-08-22,CBRL,BBG001S5PK03,0,false,41.980000,40.925000,1.167222,-2.513101,false,0.000000,execution_costs_v1.0,0.000000,0.000000,,,,
2024-08-22,CBSH,BBG001S5PK21,0,false,62.120000,62.220000,1.110753,0.160979,false,0.000000,execution_costs_v1.0,0.000000,0.000000,,,,
2024-08-22,CBT,BBG001S5PK58,0,false,101.320000,101.400000,1.174497,0.078958,false,0.000000,execution_costs_v1.0,0.000000,0.000000,,,,
2024-08-22,CBU,BBG001S5PK76,0,false,58.820000,58.970000,0.892554,0.255015,false,0.000000,execution_costs_v1.0,0.000000,0.000000,,,,
2024-08-22,CBZ,BBG001S8MB55,0,false,71.660000,71.200000,0.627965,-0.641920,false,0.000000,execution_costs_v1.0,0.000000,0.000000,,,,
2024-08-22,CC,BBG005H82GC1,0,false,18.750000,18.360000,0.560000,-2.080000,false,0.000000,execution_costs_v1.0,0.000000,0.000000,,,,
2024-08-22,CCAP,BBG009NX1JV5,0,false,18.350000,18.250000,0.376567,-0.544959,false,0.000000,execution_costs_v1.0,0.000000,0.000000,,,,
2024-08-22,CCB,BBG001SN16N6,0,false,49.980000,50.470000,1.460584,0.980392,false,0.000000,execution_costs_v1.0,0.000000,0.000000,,,,
2024-08-22,CCBG,BBG001S9K7B7,0,false,32.660000,32.380000,0.336803,-0.857318,false,0.000000,execution_costs_v1.0,0.000000,0.000000,,,,
2024-08-22,CCCC,BBG00BV2Y9C6,1,false,6.350000,6.060000,0.314961,-4.566929,false,0.000000,execution_costs_v1.0,0.000000,0.000000,,,,
2024-08-22,CCCS,BBG00WNSJM58,1,false,10.790000,10.800000,1.853568,0.092678,false,0.000000,execution_costs_v1.0,0.000000,0.000000,,,,
2024-08-22,CCD,BBG0065XMFM6,0,false,23.760000,23.560000,0.000000,-0.841751,false,0.000000,execution_costs_v1.0,0.000000,0.000000,,,,
2024-08-22,CCK,BBG001S5PKZ5,0,false,89.580000,89.800000,0.362804,0.245591,false,0.000000,execution_costs_v1.0,0.000000,0.000000,,,,
2024-08-22,CCNE,BBG001S80QZ3,0,false,22.920000,22.950000,1.178010,0.130890,false,0.000000,execution_costs_v1.0,0.000000,0.000000,,,,
2024-08-22,CCO,BBG001SY0WV7,0,false,1.450000,1.390000,0.689655,-4.137931,false,0.000000,execution_costs_v1.0,0.000000,0.000000,,,,
2024-08-22,CCOI,BBG001SC5GP2,0,false,73.370000,72.360000,0.000000,-1.376584,false,0.000000,execution_costs_v1.0,0.000000,0.000000,,,,
2024-08-22,CCRN,BBG001SG7SC9,0,false,14.150000,14.490000,3.038869,2.402827,false,0.000000,execution_costs_v1.0,0.000000,0.000000,,,,
2024-08-22,CCS,BBG006G413H4,0,false,97.170000,97.400000,0.782134,0.236699,false,0.000000,execution_costs_v1.0,0.000000,0.000000,,,,
2024-08-22,CCSI,BBG0105XBRJ8,0,false,21.590000,20.920000,1.482168,-3.103289,false,0.000000,execution_costs_v1.0,0.000000,0.000000,,,,
2024-08-22,CDE,BBG001S5PM54,10,true,6.460000,6.320000,0.619195,-2.167183,false,0.000000,execution_costs_v1.0,0.000000,0.000000,,,,
2024-08-22,CDMO,BBG001SD4YL6,0,false,11.460000,10.660000,0.000000,-6.980803,false,0.000000,execution_costs_v1.0,0.000000,0.000000,,,,
2024-08-22,CDNA,BBG006JS5794,0,false,33.100000,30.960000,0.332326,-6.465257,false,0.000000,execution_costs_v1.0,0.000000,0.000000,,,,
2024-08-22,CDP,BBG001S5XVM6,0,false,28.950000,28.700000,0.138169,-0.863558,false,0.000000,execution_costs_v1.0,0.000000,0.000000,,,,
2024-08-22,CDRE,BBG011RK3P21,0,false,35.390000,35.010000,0.664029,-1.073750,false,0.000000,execution_costs_v1.0,0.000000,0.000000,,,,
2024-08-22,CDRO,0001866782,0,false,7.890000,7.775000,0.000000,-1.457541,false,0.000000,execution_costs_v1.0,0.000000,0.000000,,,,
2024-08-22,CDTX,BBG006R5MFV3,0,false,12.480000,13.000000,4.166667,4.166667,false,0.000000,execution_costs_v1.0,0.000000,0.000000,,,,
2024-08-22,CE,BBG001SJDDG5,0,false,130.170000,129.565000,0.652992,-0.464777,false,0.000000,execution_costs_v1.0,0.000000,0.000000,,,,
2024-08-22,CECO,BBG001S6PJV0,0,false,27.520000,27.480000,1.816860,-0.145349,false,0.000000,execution_costs_v1.0,0.000000,0.000000,,,,
2024-08-22,CEIX,BBG00HC115M9,0,false,95.500000,91.560000,1.371728,-4.125654,false,0.000000,execution_costs_v1.0,0.000000,0.000000,,,,
2024-08-22,CELC,BBG00HKBW054,0,false,17.040000,16.900000,1.877934,-0.821596,false,0.000000,execution_costs_v1.0,0.000000,0.000000,,,,
2024-08-22,CELH,BBG001SQSKT3,10,true,41.500000,39.340000,0.000000,-5.204819,false,0.000000,execution_costs_v1.0,0.000000,0.000000,,,,
2024-08-22,CENTA,BBG001SLHT35,0,false,33.720000,33.420000,0.370700,-0.889680,false,0.000000,execution_costs_v1.0,0.000000,0.000000,,,,
2024-08-22,CENX,BBG001S766G4,2,false,14.480000,14.080000,0.690608,-2.762431,false,0.000000,execution_costs_v1.0,0.000000,0.000000,,,,
2024-08-22,CEPU,BBG00JNMX9L5,0,false,9.190000,8.650000,0.326442,-5.875952,false,0.000000,execution_costs_v1.0,0.000000,0.000000,,,,
2024-08-22,CERS,BBG001S97DG4,0,false,2.260000,2.175000,0.442478,-3.761062,false,0.000000,execution_costs_v1.0,0.000000,0.000000,,,,
2024-08-22,CERT,BBG00Y7BR4L2,0,false,12.920000,13.000000,2.321981,0.619195,false,0.000000,execution_costs_v1.0,0.000000,0.000000,,,,
2024-08-22,CEVA,BBG001S9R702,0,false,24.250000,23.870000,0.989278,-1.567010,false,0.000000,execution_costs_v1.0,0.000000,0.000000,,,,
2024-08-22,CFB,BBG001T6G4Z8,0,false,17.300000,17.440000,1.213873,0.809249,false,0.000000,execution_costs_v1.0,0.000000,0.000000,,,,
2024-08-22,CFFN,BBG001SBWDX2,0,false,5.790000,5.710000,0.690846,-1.381693,false,0.000000,execution_costs_v1.0,0.000000,0.000000,,,,
2024-08-22,CFLT,BBG007HWGYS3,6,false,22.000000,21.270000,1.000000,-3.318182,false,0.000000,execution_costs_v1.0,0.000000,0.000000,,,,
2024-08-22,CFR,BBG001S6D2D0,0,false,108.880000,109.170000,0.817414,0.266348,false,0.000000,execution_costs_v1.0,0.000000,0.000000,,,,
2024-08-22,CG,BBG001S7JM84,0,false,40.220000,39.650000,0.422675,-1.417205,false,0.000000,execution_costs_v1.0,0.000000,0.000000,,,,
2024-08-22,CGAU,BBG001SLVFY5,1,false,7.420000,7.285000,0.000000,-1.819407,false,0.000000,execution_costs_v1.0,0.000000,0.000000,,,,
2024-08-22,CGBD,BBG00GQVWWQ3,0,false,16.620000,16.670000,1.263538,0.300842,false,0.000000,execution_costs_v1.0,0.000000,0.000000,,,,
2024-08-22,CGC,BBG001T6MH82,6,false,6.370000,6.130000,0.627943,-3.767661,false,0.000000,execution_costs_v1.0,0.000000,0.000000,,,,
2024-08-22,CGEM,BBG00HW2DGR3,0,false,18.030000,17.870000,1.331115,-0.887410,false,0.000000,execution_costs_v1.0,0.000000,0.000000,,,,
2024-08-22,CGNT,0001824814,0,false,7.490000,7.310000,0.801068,-2.403204,false,0.000000,execution_costs_v1.0,0.000000,0.000000,,,,
2024-08-22,CGNX,BBG001S5TC16,0,false,40.010000,38.770000,0.199950,-3.099225,false,0.000000,execution_costs_v1.0,0.000000,0.000000,,,,
2024-08-22,CGON,BBG00YHKK4R2,0,false,36.740000,35.930000,0.626021,-2.204682,false,0.000000,execution_costs_v1.0,0.000000,0.000000,,,,
2024-08-22,CHCO,BBG001S5PR71,0,false,114.420000,114.690000,0.436987,0.235973,false,0.000000,execution_costs_v1.0,0.000000,0.000000,,,,
2024-08-22,CHCT,BBG008G2P3N1,0,false,18.940000,18.935000,1.187962,-0.026399,false,0.000000,execution_costs_v1.0,0.000000,0.000000,,,,
2024-08-22,CHDN,BBG001S67Z80,0,false,138.210000,136.730000,0.305694,-1.070834,false,0.000000,execution_costs_v1.0,0.000000,0.000000,,,,
2024-08-22,CHEF,BBG001V11JN2,0,false,39.490000,39.900000,1.190175,1.038238,false,0.000000,execution_costs_v1.0,0.000000,0.000000,,,,
2024-08-22,CHH,BBG001S997X6,0,false,125.640000,125.480000,0.509392,-0.127348,false,0.000000,execution_costs_v1.0,0.000000,0.000000,,,,
2024-08-22,CHI,BBG001SG6175,0,false,11.440000,11.350000,0.087413,-0.786713,false,0.000000,execution_costs_v1.0,0.000000,0.000000,,,,
2024-08-22,CHK,BBG00Z6DX607,1,false,72.370000,71.630000,0.601078,-1.022523,false,0.000000,execution_costs_v1.0,0.000000,0.000000,,,,
2024-08-22,CHPT,BBG00Q741ZS7,19,true,1.910000,1.820000,0.785340,-4.712042,false,0.000000,execution_costs_v1.0,0.000000,0.000000,,,,
2024-08-22,CHRD,BBG00Y7BLJF2,0,false,148.820000,147.890000,0.248622,-0.624916,false,0.000000,execution_costs_v1.0,0.000000,0.000000,,,,
2024-08-22,CHRW,BBG001SB6KF5,0,false,100.620000,101.310000,0.894454,0.685748,false,0.000000,execution_costs_v1.0,0.000000,0.000000,,,,
2024-08-22,CHUY,BBG001YR4229,0,false,37.110000,37.150000,0.215575,0.107788,false,0.000000,execution_costs_v1.0,0.000000,0.000000,,,,
2024-08-22,CHW,BBG001SQN842,0,false,7.090000,6.970000,0.846262,-1.692525,false,0.000000,execution_costs_v1.0,0.000000,0.000000,,,,
2024-08-22,CHWY,BBG00P19DLQ4,8,false,27.150000,26.330000,0.000000,-3.020258,false,0.000000,execution_costs_v1.0,0.000000,0.000000,,,,
2024-08-22,CHX,BBG00JH9V005,0,false,31.320000,31.210000,0.351213,-0.351213,false,0.000000,execution_costs_v1.0,0.000000,0.000000,,,,
2024-08-22,CHY,BBG001S8SMN5,0,false,11.640000,11.490000,0.000000,-1.288660,false,0.000000,execution_costs_v1.0,0.000000,0.000000,,,,
2024-08-22,CIEN,BBG001S61J73,0,false,54.910000,54.320000,0.928793,-1.074486,false,0.000000,execution_costs_v1.0,0.000000,0.000000,,,,
2024-08-22,CIFR,BBG00XYHY0L1,34,true,4.080000,3.800000,0.000000,-6.862745,false,0.000000,execution_costs_v1.0,0.000000,0.000000,,,,
2024-08-22,CIGI,BBG001S79G88,0,false,140.780000,142.800000,1.434863,1.434863,false,0.000000,execution_costs_v1.0,0.000000,0.000000,,,,
2024-08-22,CIM,BBG001SR1G28,0,false,15.020000,14.900000,0.532623,-0.798935,false,0.000000,execution_costs_v1.0,0.000000,0.000000,,,,
2024-08-22,CINT,0001868995,0,false,7.190000,7.080000,0.000000,-1.529903,false,0.000000,execution_costs_v1.0,0.000000,0.000000,,,,
2024-08-22,CION,BBG009KJ66C3,0,false,12.270000,12.200000,0.325998,-0.570497,false,0.000000,execution_costs_v1.0,0.000000,0.000000,,,,
2024-08-22,CIVI,BBG00GLNJ0R0,0,false,61.800000,60.770000,0.323625,-1.666667,false,0.000000,execution_costs_v1.0,0.000000,0.000000,,,,
2024-08-22,CIX,BBG001S643N7,0,false,25.910000,26.810000,7.705905,3.473562,false,0.000000,execution_costs_v1.0,0.000000,0.000000,,,,
2024-08-22,CJET,0001957413,0,false,3.090000,3.230000,12.621359,4.530744,true,0.000000,execution_costs_v1.0,0.000000,0.000000,,,,
2024-08-22,CLB,BBG01GG28WT1,0,false,18.410000,18.100000,0.597501,-1.683867,false,0.000000,execution_costs_v1.0,0.000000,0.000000,,,,
2024-08-22,CLBK,BBG003222R95,0,false,16.960000,16.950000,1.179245,-0.058962,false,0.000000,execution_costs_v1.0,0.000000,0.000000,,,,
2024-08-22,CLBT,0001854587,1,false,16.800000,16.730000,1.369048,-0.416667,false,0.000000,execution_costs_v1.0,0.000000,0.000000,,,,
2024-08-22,CLCO,0001944057,0,false,11.460000,11.410000,0.043630,-0.436300,false,0.000000,execution_costs_v1.0,0.000000,0.000000,,,,
2024-08-22,CLDT,BBG001T5ZKL8,0,false,8.180000,8.260000,1.650367,0.977995,false,0.000000,execution_costs_v1.0,0.000000,0.000000,,,,
2024-08-22,CLDX,BBG001S7QN20,21,true,36.360000,35.320000,0.990099,-2.860286,false,0.000000,execution_costs_v1.0,0.000000,0.000000,,,,
2024-08-22,CLF,BBG001S5PW43,9,false,12.740000,12.875000,1.491366,1.059655,false,0.000000,execution_costs_v1.0,0.000000,0.000000,,,,
2024-08-22,CLFD,BBG001S5NS35,0,false,37.730000,36.805000,0.000000,-2.451630,false,0.000000,execution_costs_v1.0,0.000000,0.000000,,,,
2024-08-22,CLH,BBG001S5PW98,0,false,244.050000,244.180000,0.602336,0.053268,false,0.000000,execution_costs_v1.0,0.000000,0.000000,,,,
2024-08-22,CLMB,BBG001S5T4D1,0,false,88.500000,87.280000,3.246780,-1.378531,false,0.000000,execution_costs_v1.0,0.000000,0.000000,,,,
2024-08-22,CLMT,BBG01NQ82GC1,0,false,17.630000,20.590000,18.321044,16.789563,true,0.000000,execution_costs_v1.0,0.000000,0.000000,,,,
2024-08-22,CLNE,BBG001SPD4H0,0,false,3.200000,3.080000,0.000000,-3.750000,false,0.000000,execution_costs_v1.0,0.000000,0.000000,,,,
2024-08-22,CLNN,BBG00X3GTK84,0,false,5.200000,5.315000,3.463462,2.211538,false,0.000000,execution_costs_v1.0,0.000000,0.000000,,,,
2024-08-22,CLOV,BBG00SHY90K3,57,true,3.690000,3.365000,3.387534,-8.807588,false,0.000000,execution_costs_v1.0,0.000000,0.000000,,,,
2024-08-22,CLPT,BBG001T6D542,3,false,11.920000,11.360000,1.342282,-4.697987,false,0.000000,execution_costs_v1.0,0.000000,0.000000,,,,
2024-08-22,CLS,BBG001S9CXM7,2,false,53.960000,52.640000,0.203855,-2.446256,false,0.000000,execution_costs_v1.0,0.000000,0.000000,,,,
2024-08-22,CLSK,BBG001S7F576,56,true,12.410000,11.885000,0.362611,-4.230459,false,0.000000,execution_costs_v1.0,0.000000,0.000000,,,,
2024-08-22,CLVT,0001764046,2,false,6.580000,6.435000,1.139818,-2.203647,false,0.000000,execution_costs_v1.0,0.000000,0.000000,,,,
2024-08-22,CLW,BBG001T3T1B3,0,false,32.640000,33.220000,2.420343,1.776961,false,0.000000,execution_costs_v1.0,0.000000,0.000000,,,,
2024-08-22,CMA,BBG001S6PXB1,0,false,55.240000,54.910000,1.068067,-0.597393,false,0.000000,execution_costs_v1.0,0.000000,0.000000,,,,
2024-08-22,CMC,BBG001S5PXG8,0,false,53.770000,52.890000,0.232472,-1.636600,false,0.000000,execution_costs_v1.0,0.000000,0.000000,,,,
2024-08-22,CMCO,BBG001S5VFS7,0,false,32.820000,32.610000,1.249238,-0.639854,false,0.000000,execution_costs_v1.0,0.000000,0.000000,,,,
2024-08-22,CMG,BBG001SP50B3,26,true,53.540000,53.470000,1.344789,-0.130743,false,0.000000,execution_costs_v1.0,0.000000,0.000000,,,,
2024-08-22,CMP,BBG001SDY0X4,0,false,9.540000,9.340000,0.104822,-2.096436,false,0.000000,execution_costs_v1.0,0.000000,0.000000,,,,
2024-08-22,CMPR,0001262976,0,false,86.920000,90.610000,4.348827,4.245283,false,0.000000,execution_costs_v1.0,0.000000,0.000000,,,,
2024-08-22,CMRE,0001503584,0,false,13.730000,13.530000,0.509832,-1.456664,false,0.000000,execution_costs_v1.0,0.000000,0.000000,,,,
2024-08-22,CMTG,BBG00PT33814,0,false,7.940000,7.830000,1.007557,-1.385390,false,0.000000,execution_costs_v1.0,0.000000,0.000000,,,,
2024-08-22,CNA,BBG001S5PYX7,0,false,49.480000,50.000000,1.091350,1.050930,false,0.000000,execution_costs_v1.0,0.000000,0.000000,,,,
2024-08-22,CNDT,BBG00C1BZMV6,1,false,3.320000,3.305000,1.807229,-0.451807,false,0.000000,execution_costs_v1.0,0.000000,0.000000,,,,
2024-08-22,CNK,BBG001SS31W4,0,false,27.380000,27.490000,0.693937,0.401753,false,0.000000,execution_costs_v1.0,0.000000,0.000000,,,,
2024-08-22,CNM,BBG01163K3R5,0,false,51.570000,51.250000,0.620516,-0.620516,false,0.000000,execution_costs_v1.0,0.000000,0.000000,,,,
2024-08-22,CNMD,BBG001S5PZH2,0,false,68.130000,68.140000,0.484368,0.014678,false,0.000000,execution_costs_v1.0,0.000000,0.000000,,,,
2024-08-22,CNNE,BBG00GXRNJQ3,0,false,19.560000,19.380000,0.000000,-0.920245,false,0.000000,execution_costs_v1.0,0.000000,0.000000,,,,
2024-08-22,CNO,BBG001SBR6X3,0,false,32.630000,32.795000,0.888753,0.505670,false,0.000000,execution_costs_v1.0,0.000000,0.000000,,,,
2024-08-22,CNOB,BBG001S6YLR0,0,false,23.040000,23.600000,2.907986,2.430556,false,0.000000,execution_costs_v1.0,0.000000,0.000000,,,,
2024-08-22,CNS,BBG001S5PZN5,0,false,84.440000,85.270000,1.616532,0.982946,false,0.000000,execution_costs_v1.0,0.000000,0.000000,,,,
2024-08-22,CNSL,BBG001S5PL29,0,false,4.570000,4.555000,0.218818,-0.328228,false,0.000000,execution_costs_v1.0,0.000000,0.000000,,,,
2024-08-22,CNX,BBG001SC7TN4,0,false,26.810000,27.010000,1.081686,0.745990,false,0.000000,execution_costs_v1.0,0.000000,0.000000,,,,
2024-08-22,CNXC,BBG00RCNQMY2,0,false,68.790000,67.520000,0.846780,-1.846199,false,0.000000,execution_costs_v1.0,0.000000,0.000000,,,,
2024-08-22,CNXN,BBG001S96MG5,0,false,70.460000,69.730000,0.894124,-1.036049,false,0.000000,execution_costs_v1.0,0.000000,0.000000,,,,
2024-08-22,COCO,BBG012QFVTF8,0,false,25.290000,24.870000,0.434955,-1.660735,false,0.000000,execution_costs_v1.0,0.000000,0.000000,,,,
2024-08-22,CODI,BBG001SPY7K6,0,false,21.370000,21.150000,0.608329,-1.029481,false,0.000000,execution_costs_v1.0,0.000000,0.000000,,,,
2024-08-22,COGT,BBG007DHY102,0,false,10.240000,9.720000,1.562500,-5.078125,false,0.000000,execution_costs_v1.0,0.000000,0.000000,,,,
2024-08-22,COHR,BBG001S5S6N6,1,false,80.000000,78.320000,0.500000,-2.100000,false,0.000000,execution_costs_v1.0,0.000000,0.000000,,,,
2024-08-22,COHU,BBG001S87LQ7,0,false,27.160000,26.110000,0.000000,-3.865979,false,0.000000,execution_costs_v1.0,0.000000,0.000000,,,,
2024-08-22,COLB,BBG001S72GJ3,0,false,23.590000,23.675000,1.080967,0.360322,false,0.000000,execution_costs_v1.0,0.000000,0.000000,,,,
2024-08-22,COLD,BBG001SMQ866,0,false,28.790000,28.790000,0.486280,0.000000,false,0.000000,execution_costs_v1.0,0.000000,0.000000,,,,
2024-08-22,COLL,BBG001T535S9,0,false,35.570000,36.030000,1.630588,1.293225,false,0.000000,execution_costs_v1.0,0.000000,0.000000,,,,
2024-08-22,COLM,BBG001S90WD2,0,false,81.990000,81.560000,0.000000,-0.524454,false,0.000000,execution_costs_v1.0,0.000000,0.000000,,,,
2024-08-22,COMM,BBG004LTL7M1,4,false,4.080000,4.035000,2.696078,-1.102941,false,0.000000,execution_costs_v1.0,0.000000,0.000000,,,,
2024-08-22,COMP,BBG00J5SXTJ1,1,false,4.740000,4.700000,2.004219,-0.843882,false,0.000000,execution_costs_v1.0,0.000000,0.000000,,,,
2024-08-22,COOK,BBG011PTS834,1,false,3.360000,3.350000,0.000000,-0.297619,false,0.000000,execution_costs_v1.0,0.000000,0.000000,,,,
2024-08-22,COOP,BBG002V09956,0,false,90.590000,90.630000,0.651286,0.044155,false,0.000000,execution_costs_v1.0,0.000000,0.000000,,,,
2024-08-22,CORT,BBG001S8QGV1,0,false,34.480000,34.280000,1.565835,-0.580046,false,0.000000,execution_costs_v1.0,0.000000,0.000000,,,,
2024-08-22,CORZ,BBG01L5GH1G3,13,true,10.610000,9.880000,0.377003,-6.880302,false,0.000000,execution_costs_v1.0,0.000000,0.000000,,,,
2024-08-22,COTY,BBG001S8GLM1,5,false,10.150000,10.020000,1.477833,-1.280788,false,0.000000,execution_costs_v1.0,0.000000,0.000000,,,,
2024-08-22,COUR,BBG002WLDMY3,0,false,8.360000,8.025000,0.464115,-4.007177,false,0.000000,execution_costs_v1.0,0.000000,0.000000,,,,
2024-08-22,CPA,0001345105,0,false,89.950000,89.580000,0.261256,-0.411340,false,0.000000,execution_costs_v1.0,0.000000,0.000000,,,,
2024-08-22,CPF,BBG001S5Q2C9,0,false,25.980000,26.460000,1.886066,1.847575,false,0.000000,execution_costs_v1.0,0.000000,0.000000,,,,
2024-08-22,CPK,BBG001SCP5R2,0,false,115.080000,114.550000,0.260688,-0.460549,false,0.000000,execution_costs_v1.0,0.000000,0.000000,,,,
2024-08-22,CPLP,0001392326,0,false,16.300000,16.420000,2.453988,0.736196,false,0.000000,execution_costs_v1.0,0.000000,0.000000,,,,
2024-08-22,CPRI,0001530721,4,false,35.700000,35.070000,0.700280,-1.764706,false,0.000000,execution_costs_v1.0,0.000000,0.000000,,,,
2024-08-22,CPRX,BBG001SRHS16,0,false,20.470000,20.730000,1.954079,1.270151,false,0.000000,execution_costs_v1.0,0.000000,0.000000,,,,
2024-08-22,CPT,BBG001S5Q6V9,0,false,120.760000,120.980000,0.434747,0.182180,false,0.000000,execution_costs_v1.0,0.000000,0.000000,,,,
2024-08-22,CPZ,BBG00PWZGZZ8,0,false,15.390000,15.220000,0.000000,-1.104613,false,0.000000,execution_costs_v1.0,0.000000,0.000000,,,,
2024-08-22,CR,BBG016G0L0V9,0,false,151.110000,151.090000,0.767653,-0.013235,false,0.000000,execution_costs_v1.0,0.000000,0.000000,,,,
2024-08-22,CRAI,BBG001SBRK80,0,false,162.320000,159.750000,0.511336,-1.583292,false,0.000000,execution_costs_v1.0,0.000000,0.000000,,,,
2024-08-22,CRBP,BBG0078PJKP8,0,false,61.480000,59.450000,0.666884,-3.301887,false,0.000000,execution_costs_v1.0,0.000000,0.000000,,,,
2024-08-22,CRC,BBG00Y04KQ51,0,false,51.450000,51.370000,1.302235,-0.155491,false,0.000000,execution_costs_v1.0,0.000000,0.000000,,,,
2024-08-22,CRCT,BBG00XJFB224,0,false,5.790000,5.785000,0.518135,-0.086356,false,0.000000,execution_costs_v1.0,0.000000,0.000000,,,,
2024-08-22,CRD.A,BBG001S5TK72,0,false,10.290000,10.250000,0.874636,-0.388727,false,0.000000,execution_costs_v1.0,0.000000,0.000000,,,,
2024-08-22,CRDO,0001807794,3,false,36.160000,35.220000,0.160398,-2.599558,false,0.000000,execution_costs_v1.0,0.000000,0.000000,,,,
2024-08-22,CRGX,BBG01D59LZS4,0,false,17.450000,17.380000,1.833811,-0.401146,false,0.000000,execution_costs_v1.0,0.000000,0.000000,,,,
2024-08-22,CRGY,BBG013THLJ08,0,false,11.030000,11.080000,1.133273,0.453309,false,0.000000,execution_costs_v1.0,0.000000,0.000000,,,,
2024-08-22,CRI,BBG001SCJ3Q5,0,false,65.760000,65.080000,0.030414,-1.034063,false,0.000000,execution_costs_v1.0,0.000000,0.000000,,,,
2024-08-22,CRK,BBG001S8FX55,1,false,11.010000,10.710000,0.363306,-2.724796,false,0.000000,execution_costs_v1.0,0.000000,0.000000,,,,
2024-08-22,CRL,BBG001S7Q271,0,false,204.550000,201.190000,0.263994,-1.642630,false,0.000000,execution_costs_v1.0,0.000000,0.000000,,,,
2024-08-22,CRML,0001951089,0,false,9.550000,9.650000,1.047120,1.047120,false,0.000000,execution_costs_v1.0,0.000000,0.000000,,,,
2024-08-22,CRMT,BBG001S6Z7P2,0,false,59.920000,59.210000,0.383845,-1.184913,false,0.000000,execution_costs_v1.0,0.000000,0.000000,,,,
2024-08-22,CRNX,BBG00BC592C3,0,false,54.200000,53.300000,0.000000,-1.660517,false,0.000000,execution_costs_v1.0,0.000000,0.000000,,,,
2024-08-22,CRON,BBG006G267X6,0,false,2.410000,2.300000,0.414938,-4.564315,false,0.000000,execution_costs_v1.0,0.000000,0.000000,,,,
2024-08-22,CROX,BBG001SDGFR8,3,false,144.410000,142.140000,0.747871,-1.571913,false,0.000000,execution_costs_v1.0,0.000000,0.000000,,,,
2024-08-22,CRS,BBG001S5Q5M1,0,false,142.530000,142.320000,0.864379,-0.147337,false,0.000000,execution_costs_v1.0,0.000000,0.000000,,,,
2024-08-22,CRSP,0001674416,3,false,50.050000,47.500000,0.099900,-5.094905,false,0.000000,execution_costs_v1.0,0.000000,0.000000,,,,
2024-08-22,CRSR,BBG00HMSHL92,2,false,6.630000,6.470000,0.904977,-2.413273,false,0.000000,execution_costs_v1.0,0.000000,0.000000,,,,
2024-08-22,CRUS,BBG001S67J86,1,false,142.620000,139.810000,0.336559,-1.970271,false,0.000000,execution_costs_v1.0,0.000000,0.000000,,,,
2024-08-22,CRVL,BBG001S72ZL8,0,false,311.880000,307.800000,0.352700,-1.308195,false,0.000000,execution_costs_v1.0,0.000000,0.000000,,,,
2024-08-22,CSGS,BBG001S8QQ76,0,false,46.350000,46.590000,1.877023,0.517799,false,0.000000,execution_costs_v1.0,0.000000,0.000000,,,,
2024-08-22,CSIQ,BBG001SPNJT3,29,true,13.290000,12.279000,5.041384,-7.607223,false,0.000000,execution_costs_v1.0,0.000000,0.000000,,,,
2024-08-22,CSQ,BBG001SC0HR3,1,false,17.090000,16.800000,0.175541,-1.696899,false,0.000000,execution_costs_v1.0,0.000000,0.000000,,,,
2024-08-22,CSR,BBG001SB9ZW0,0,false,73.990000,73.210000,0.216245,-1.054197,false,0.000000,execution_costs_v1.0,0.000000,0.000000,,,,
2024-08-22,CSTL,BBG006YWVSS2,0,false,27.950000,27.570000,3.470483,-1.359571,false,0.000000,execution_costs_v1.0,0.000000,0.000000,,,,
2024-08-22,CSTM,0001563411,0,false,16.200000,15.930000,0.617284,-1.666667,false,0.000000,execution_costs_v1.0,0.000000,0.000000,,,,
2024-08-22,CSV,BBG001S9M5G4,0,false,31.460000,31.360000,0.572155,-0.317864,false,0.000000,execution_costs_v1.0,0.000000,0.000000,,,,
2024-08-22,CSWC,BBG001S5Q7P4,1,false,24.620000,24.610000,0.852965,-0.040617,false,0.000000,execution_costs_v1.0,0.000000,0.000000,,,,
2024-08-22,CSWI,BBG007NLG4M2,0,false,315.380000,312.960000,0.634156,-0.767328,false,0.000000,execution_costs_v1.0,0.000000,0.000000,,,,
2024-08-22,CTBI,BBG001S9F6J7,0,false,47.350000,47.675000,1.404435,0.686378,false,0.000000,execution_costs_v1.0,0.000000,0.000000,,,,
2024-08-22,CTKB,BBG00D36Q103,0,false,5.400000,5.245000,0.185185,-2.870370,false,0.000000,execution_costs_v1.0,0.000000,0.000000,,,,
2024-08-22,CTLP,BBG001S96MW7,0,false,6.920000,6.815000,0.433526,-1.517341,false,0.000000,execution_costs_v1.0,0.000000,0.000000,,,,
2024-08-22,CTLT,BBG005XR47N7,0,false,59.500000,59.270000,0.000000,-0.386555,false,0.000000,execution_costs_v1.0,0.000000,0.000000,,,,
2024-08-22,CTNM,BBG01M27SWR2,0,false,18.260000,18.250000,0.821468,-0.054765,false,0.000000,execution_costs_v1.0,0.000000,0.000000,,,,
2024-08-22,CTO,BBG00Y3M1H68,0,false,19.010000,18.500000,0.556023,-2.682799,false,0.000000,execution_costs_v1.0,0.000000,0.000000,,,,
2024-08-22,CTOS,BBG00HLCWDG1,0,false,4.470000,4.390000,0.223714,-1.789709,false,0.000000,execution_costs_v1.0,0.000000,0.000000,,,,
2024-08-22,CTRE,BBG005KC4Z61,0,false,28.800000,28.900000,0.677083,0.347222,false,0.000000,execution_costs_v1.0,0.000000,0.000000,,,,
2024-08-22,CTS,BBG001S5Q8Y2,0,false,48.620000,47.880000,0.524476,-1.522007,false,0.000000,execution_costs_v1.0,0.000000,0.000000,,,,
2024-08-22,CUBE,BBG001SHP0D7,0,false,49.990000,50.430000,1.180236,0.880176,false,0.000000,execution_costs_v1.0,0.000000,0.000000,,,,
2024-08-22,CUBI,BBG0023XX770,0,false,48.600000,48.570000,0.987654,-0.061728,false,0.000000,execution_costs_v1.0,0.000000,0.000000,,,,
2024-08-22,CURV,BBG011C0PDC3,0,false,5.960000,6.090000,10.406040,2.181208,false,0.000000,execution_costs_v1.0,0.000000,0.000000,,,,
2024-08-22,CUZ,BBG001S73MB7,0,false,27.320000,27.310000,0.329429,-0.036603,false,0.000000,execution_costs_v1.0,0.000000,0.000000,,,,
2024-08-22,CVAC,0001809122,3,false,3.330000,3.190000,0.600601,-4.204204,false,0.000000,execution_costs_v1.0,0.000000,0.000000,,,,
2024-08-22,CVBF,BBG001SJ1SH4,0,false,17.030000,17.110000,1.467998,0.469759,false,0.000000,execution_costs_v1.0,0.000000,0.000000,,,,
2024-08-22,CVCO,BBG001SJQBM8,0,false,394.850000,389.410000,0.151956,-1.377738,false,0.000000,execution_costs_v1.0,0.000000,0.000000,,,,
2024-08-22,CVEO,BBG009KJ2H33,0,false,26.960000,26.510000,0.037092,-1.669139,false,0.000000,execution_costs_v1.0,0.000000,0.000000,,,,
2024-08-22,CVGW,BBG001S9FP96,0,false,24.600000,23.560000,0.000000,-4.227642,false,0.000000,execution_costs_v1.0,0.000000,0.000000,,,,
2024-08-22,CVI,BBG001SM6PD2,0,false,24.610000,24.200000,0.121902,-1.665989,false,0.000000,execution_costs_v1.0,0.000000,0.000000,,,,
2024-08-22,CVLG,BBG001S89TF0,0,false,52.280000,51.850000,0.822494,-0.822494,false,0.000000,execution_costs_v1.0,0.000000,0.000000,,,,
2024-08-22,CVLT,BBG001S7R751,0,false,151.210000,148.640000,0.853118,-1.699623,false,0.000000,execution_costs_v1.0,0.000000,0.000000,,,,
2024-08-22,CW,BBG001S5QBK0,0,false,301.520000,304.430000,1.127620,0.965110,false,0.000000,execution_costs_v1.0,0.000000,0.000000,,,,
2024-08-22,CWAN,BBG012C765M3,0,false,24.640000,24.310000,0.974026,-1.339286,false,0.000000,execution_costs_v1.0,0.000000,0.000000,,,,
2024-08-22,CWCO,0000928340,0,false,27.170000,26.490000,0.036805,-2.502760,false,0.000000,execution_costs_v1.0,0.000000,0.000000,,,,
2024-08-22,CWEN,BBG008LJ4TG2,0,false,29.020000,28.670000,0.206754,-1.206065,false,0.000000,execution_costs_v1.0,0.000000,0.000000,,,,
2024-08-22,CWH,BBG00D2Z7X92,0,false,20.350000,20.410000,1.007371,0.294840,false,0.000000,execution_costs_v1.0,0.000000,0.000000,,,,
2024-08-22,CWK,0001628369,0,false,12.870000,12.855000,0.854701,-0.116550,false,0.000000,execution_costs_v1.0,0.000000,0.000000,,,,
2024-08-22,CWST,BBG001SB5S05,0,false,105.860000,105.250100,0.307009,-0.576138,false,0.000000,execution_costs_v1.0,0.000000,0.000000,,,,
2024-08-22,CWT,BBG001S7QBD4,0,false,54.170000,54.130000,0.498431,-0.073842,false,0.000000,execution_costs_v1.0,0.000000,0.000000,,,,
2024-08-22,CXM,BBG0043NCD14,0,false,9.070000,8.770000,0.609702,-3.307607,false,0.000000,execution_costs_v1.0,0.000000,0.000000,,,,
2024-08-22,CXT,BBG017BXPZ94,0,false,57.980000,56.920000,0.655398,-1.828217,false,0.000000,execution_costs_v1.0,0.000000,0.000000,,,,
2024-08-22,CXW,BBG001S8PTV4,0,false,13.390000,13.460000,1.568335,0.522778,false,0.000000,execution_costs_v1.0,0.000000,0.000000,,,,
2024-08-22,CYBR,0001598110,0,false,283.380000,280.920000,0.786894,-0.868092,false,0.000000,execution_costs_v1.0,0.000000,0.000000,,,,
2024-08-22,CYD,0000932695,0,false,10.580000,10.500000,0.283554,-0.756144,false,0.000000,execution_costs_v1.0,0.000000,0.000000,,,,
2024-08-22,CYH,BBG001S89L85,0,false,4.930000,4.870000,1.217039,-1.217039,false,0.000000,execution_costs_v1.0,0.000000,0.000000,,,,
2024-08-22,CYN,BBG012DSHYV1,1,false,4.530000,4.440100,2.646799,-1.984547,false,0.000000,execution_costs_v1.0,0.000000,0.000000,,,,
2024-08-22,CYRX,BBG001SLKBJ3,0,false,9.110000,8.580000,0.000000,-5.817783,false,0.000000,execution_costs_v1.0,0.000000,0.000000,,,,
2024-08-22,CYTK,BBG001SGMVF2,0,false,56.830000,56.315000,0.140771,-0.906212,false,0.000000,execution_costs_v1.0,0.000000,0.000000,,,,
2024-08-22,CZR,BBG0074Q3NL5,2,false,36.770000,36.535000,0.135980,-0.639108,false,0.000000,execution_costs_v1.0,0.000000,0.000000,,,,
2024-08-22,DAC,0001369241,0,false,82.130000,81.650000,0.267868,-0.584439,false,0.000000,execution_costs_v1.0,0.000000,0.000000,,,,
2024-08-22,DAKT,BBG001S7N3Z1,1,false,15.180000,15.110000,0.922266,-0.461133,false,0.000000,execution_costs_v1.0,0.000000,0.000000,,,,
2024-08-22,DAN,BBG001SRW699,0,false,10.860000,10.680000,0.276243,-1.657459,false,0.000000,execution_costs_v1.0,0.000000,0.000000,,,,
2024-08-22,DAR,BBG001SB7RP8,1,false,38.980000,39.040000,1.436634,0.153925,false,0.000000,execution_costs_v1.0,0.000000,0.000000,,,,
2024-08-22,DARE,BBG001V0GDP9,0,false,3.550000,3.510000,4.225352,-1.126761,false,0.000000,execution_costs_v1.0,0.000000,0.000000,,,,
2024-08-22,DAVE,BBG00Z483WM2,0,false,38.750000,38.470000,0.520516,-0.722581,false,0.000000,execution_costs_v1.0,0.000000,0.000000,,,,
2024-08-22,DAWN,BBG00V1KSN13,0,false,14.250000,13.670000,0.000000,-4.070175,false,0.000000,execution_costs_v1.0,0.000000,0.000000,,,,
2024-08-22,DAY,BBG005D7PF43,0,false,54.850000,55.140000,0.893345,0.528715,false,0.000000,execution_costs_v1.0,0.000000,0.000000,,,,
2024-08-22,DBD,BBG01HVHYCP8,0,false,39.160000,38.780000,0.319203,-0.970378,false,0.000000,execution_costs_v1.0,0.000000,0.000000,,,,
2024-08-22,DBI,BBG001SLWM79,0,false,7.750000,7.750000,1.290323,0.000000,false,0.000000,execution_costs_v1.0,0.000000,0.000000,,,,
2024-08-22,DBRG,BBG00D30HGN8,0,false,12.210000,12.085000,0.737101,-1.023751,false,0.000000,execution_costs_v1.0,0.000000,0.000000,,,,
2024-08-22,DBX,BBG001TFLWN3,1,false,24.300000,23.940000,1.275720,-1.481481,false,0.000000,execution_costs_v1.0,0.000000,0.000000,,,,
2024-08-22,DCBO,BBG00Q2B1CB5,0,false,43.960000,43.515000,0.022748,-1.012284,false,0.000000,execution_costs_v1.0,0.000000,0.000000,,,,
2024-08-22,DCGO,BBG00YB8JBL7,0,false,3.610000,3.465000,0.000000,-4.016620,false,0.000000,execution_costs_v1.0,0.000000,0.000000,,,,
2024-08-22,DCI,BBG001S5QDV4,0,false,74.290000,73.860000,0.336519,-0.578813,false,0.000000,execution_costs_v1.0,0.000000,0.000000,,,,
2024-08-22,DCO,BBG001S5QDZ0,0,false,65.060000,64.390000,0.138334,-1.029819,false,0.000000,execution_costs_v1.0,0.000000,0.000000,,,,
2024-08-22,DCOM,BBG001S7NTQ4,0,false,23.250000,23.220000,1.935484,-0.129032,false,0.000000,execution_costs_v1.0,0.000000,0.000000,,,,
2024-08-22,DDD,BBG001S7FHX1,2,false,2.600000,2.530000,3.076923,-2.692308,false,0.000000,execution_costs_v1.0,0.000000,0.000000,,,,
2024-08-22,DDS,BBG001S5VNW5,0,false,345.000000,346.550000,1.327536,0.449275,false,0.000000,execution_costs_v1.0,0.000000,0.000000,,,,
2024-08-22,DEA,BBG007SV91T2,0,false,13.620000,13.445000,0.073421,-1.284875,false,0.000000,execution_costs_v1.0,0.000000,0.000000,,,,
2024-08-22,DEC,0001922446,10,true,12.750000,12.250000,0.000000,-3.921569,false,0.000000,execution_costs_v1.0,0.000000,0.000000,,,,
2024-08-22,DEI,BBG001SR5X72,0,false,15.050000,15.130000,0.664452,0.531561,false,0.000000,execution_costs_v1.0,0.000000,0.000000,,,,
2024-08-22,DENN,BBG001S5YGR3,0,false,6.260000,6.090000,0.000000,-2.715655,false,0.000000,execution_costs_v1.0,0.000000,0.000000,,,,
2024-08-22,DESP,0001703141,1,false,11.260000,11.040000,0.888099,-1.953819,false,0.000000,execution_costs_v1.0,0.000000,0.000000,,,,
2024-08-22,DFH,BBG00YN8LKQ6,0,false,30.320000,31.020000,3.034301,2.308707,false,0.000000,execution_costs_v1.0,0.000000,0.000000,,,,
2024-08-22,DFIN,BBG009R0CT67,0,false,64.950000,64.930000,0.708237,-0.030793,false,0.000000,execution_costs_v1.0,0.000000,0.000000,,,,
2024-08-22,DGICA,BBG001SHRMC8,0,false,14.770000,14.610000,0.000000,-1.083277,false,0.000000,execution_costs_v1.0,0.000000,0.000000,,,,
2024-08-22,DGICB,BBG001SD41P4,0,false,12.500100,12.500100,0.000000,0.000000,false,0.000000,execution_costs_v1.0,0.000000,0.000000,,,,
2024-08-22,DGII,BBG001S5Z4V4,0,false,28.860000,28.480000,1.316701,-1.316701,false,0.000000,execution_costs_v1.0,0.000000,0.000000,,,,
2024-08-22,DH,BBG01282ZKG1,0,false,4.340000,4.265000,1.152074,-1.728111,false,0.000000,execution_costs_v1.0,0.000000,0.000000,,,,
2024-08-22,DHIL,BBG001SCH7V2,0,false,157.810000,156.930000,0.006337,-0.557633,false,0.000000,execution_costs_v1.0,0.000000,0.000000,,,,
2024-08-22,DHT,0001331284,0,false,11.060000,10.845000,0.000000,-1.943942,false,0.000000,execution_costs_v1.0,0.000000,0.000000,,,,
2024-08-22,DIN,BBG001SD46L7,0,false,32.810000,32.150000,1.219141,-2.011582,false,0.000000,execution_costs_v1.0,0.000000,0.000000,,,,
2024-08-22,DINO,BBG0135B2269,0,false,47.190000,47.360000,0.826446,0.360246,false,0.000000,execution_costs_v1.0,0.000000,0.000000,,,,
2024-08-22,DIOD,BBG001SCJ937,0,false,69.050000,66.910000,0.883418,-3.099203,false,0.000000,execution_costs_v1.0,0.000000,0.000000,,,,
2024-08-22,DJCO,BBG001S5QHM5,0,false,465.990000,456.930000,0.618039,-1.944248,false,0.000000,execution_costs_v1.0,0.000000,0.000000,,,,
2024-08-22,DJT,BBG011744HJ8,60,true,24.930000,22.700000,0.601685,-8.945046,false,0.000000,execution_costs_v1.0,0.000000,0.000000,,,,
2024-08-22,DK,BBG00FZYFVD4,0,false,20.190000,20.110000,0.544824,-0.396236,false,0.000000,execution_costs_v1.0,0.000000,0.000000,,,,
2024-08-22,DKL,BBG0036D6305,0,false,38.920000,38.980000,0.565262,0.154162,false,0.000000,execution_costs_v1.0,0.000000,0.000000,,,,
2024-08-22,DLB,BBG001SDXGH8,0,false,73.650000,71.930000,0.448065,-2.335370,false,0.000000,execution_costs_v1.0,0.000000,0.000000,,,,
2024-08-22,DLO,0001846832,2,false,8.640000,8.720000,2.662037,0.925926,false,0.000000,execution_costs_v1.0,0.000000,0.000000,,,,
2024-08-22,DLX,BBG001S5QJ69,0,false,19.620000,19.430000,0.164628,-0.968400,false,0.000000,execution_costs_v1.0,0.000000,0.000000,,,,
2024-08-22,DM,BBG00P17H1G9,0,false,4.160000,4.240000,1.923077,1.923077,false,0.000000,execution_costs_v1.0,0.000000,0.000000,,,,
2024-08-22,DMLP,BBG001SLKJK4,0,false,30.750000,30.370000,0.227642,-1.235772,false,0.000000,execution_costs_v1.0,0.000000,0.000000,,,,
2024-08-22,DMRC,BBG001T2W3C6,0,false,27.570000,27.520000,2.285092,-0.181357,false,0.000000,execution_costs_v1.0,0.000000,0.000000,,,,
2024-08-22,DNB,BBG00VCZXBX3,1,false,11.980000,11.871000,1.001669,-0.909850,false,0.000000,execution_costs_v1.0,0.000000,0.000000,,,,
2024-08-22,DNLI,BBG008P7F878,0,false,25.100000,23.900000,0.956175,-4.780876,false,0.000000,execution_costs_v1.0,0.000000,0.000000,,,,
2024-08-22,DNN,BBG001S9ZPX7,4,false,1.570000,1.500000,1.273885,-4.458599,false,0.000000,execution_costs_v1.0,0.000000,0.000000,,,,
2024-08-22,DNOW,BBG005BLN1Z3,0,false,12.620000,12.560000,1.030111,-0.475436,false,0.000000,execution_costs_v1.0,0.000000,0.000000,,,,
2024-08-22,DNTH,BBG00FB2NQ15,0,false,28.600000,27.710000,0.944056,-3.111888,false,0.000000,execution_costs_v1.0,0.000000,0.000000,,,,
2024-08-22,DNUT,BBG0118Y87P2,0,false,10.880000,10.750000,0.000000,-1.194853,false,0.000000,execution_costs_v1.0,0.000000,0.000000,,,,
2024-08-22,DO,BBG010JCFCF2,0,false,14.090000,13.960000,0.283889,-0.922640,false,0.000000,execution_costs_v1.0,0.000000,0.000000,,,,
2024-08-22,DOCN,BBG00ZGF6TM7,0,false,37.090000,36.600000,1.765975,-1.321111,false,0.000000,execution_costs_v1.0,0.000000,0.000000,,,,
2024-08-22,DOCS,BBG0026ZJQY6,0,false,36.520000,36.260000,1.150055,-0.711939,false,0.000000,execution_costs_v1.0,0.000000,0.000000,,,,
2024-08-22,DOCU,BBG001T535D5,0,false,56.930000,56.680000,2.107852,-0.439136,false,0.000000,execution_costs_v1.0,0.000000,0.000000,,,,
2024-08-22,DOLE,0001857475,0,false,15.610000,15.730000,0.800769,0.768738,false,0.000000,execution_costs_v1.0,0.000000,0.000000,,,,
2024-08-22,DOMO,BBG00L2NS125,0,false,8.200000,7.890000,0.487805,-3.780488,false,0.000000,execution_costs_v1.0,0.000000,0.000000,,,,
2024-08-22,DOOO,BBG004G49425,0,false,68.730000,67.370000,0.000000,-1.978757,false,0.000000,execution_costs_v1.0,0.000000,0.000000,,,,
2024-08-22,DORM,BBG001S5S932,0,false,108.560000,109.230000,1.358696,0.617170,false,0.000000,execution_costs_v1.0,0.000000,0.000000,,,,
2024-08-22,DOX,0001062579,1,false,85.740000,84.710000,0.443200,-1.201306,false,0.000000,execution_costs_v1.0,0.000000,0.000000,,,,
2024-08-22,DPZ,BBG001SL3ZH1,0,false,427.680000,416.305000,0.000000,-2.659699,false,0.000000,execution_costs_v1.0,0.000000,0.000000,,,,
2024-08-22,DRH,BBG001SJ63M8,0,false,8.400000,8.500000,2.083333,1.190476,false,0.000000,execution_costs_v1.0,0.000000,0.000000,,,,
2024-08-22,DRQ,BBG001SB9LK4,0,false,15.520000,15.390000,0.000000,-0.837629,false,0.000000,execution_costs_v1.0,0.000000,0.000000,,,,
2024-08-22,DRS,BBG00ZSB4TT8,0,false,27.920000,28.060000,1.432665,0.501433,false,0.000000,execution_costs_v1.0,0.000000,0.000000,,,,
2024-08-22,DRVN,BBG00YN8ND71,0,false,14.110000,14.040000,0.318923,-0.496102,false,0.000000,execution_costs_v1.0,0.000000,0.000000,,,,
2024-08-22,DSGR,BBG001S5SQ43,0,false,36.040000,36.000000,0.678413,-0.110988,false,0.000000,execution_costs_v1.0,0.000000,0.000000,,,,
2024-08-22,DSGX,BBG001SBJY34,0,false,101.300000,99.400000,0.133268,-1.875617,false,0.000000,execution_costs_v1.0,0.000000,0.000000,,,,
2024-08-22,DT,BBG00PNN7CW9,0,false,50.670000,50.150000,1.203868,-1.026248,false,0.000000,execution_costs_v1.0,0.000000,0.000000,,,,
2024-08-22,DTM,BBG0112Z58K1,0,false,75.850000,75.740000,0.764667,-0.145023,false,0.000000,execution_costs_v1.0,0.000000,0.000000,,,,
2024-08-22,DUOL,BBG003D4V960,0,false,211.000000,208.830000,1.364929,-1.028436,false,0.000000,execution_costs_v1.0,0.000000,0.000000,,,,
2024-08-22,DV,BBG00ZNRRKL0,0,false,19.690000,19.110000,0.355510,-2.945658,false,0.000000,execution_costs_v1.0,0.000000,0.000000,,,,
2024-08-22,DVA,BBG001SB5DZ0,0,false,151.200000,152.350000,0.773810,0.760582,false,0.000000,execution_costs_v1.0,0.000000,0.000000,,,,
2024-08-22,DVAX,BBG001S7HTB7,0,false,11.360000,11.290000,0.176056,-0.616197,false,0.000000,execution_costs_v1.0,0.000000,0.000000,,,,
2024-08-22,DX,BBG001S5R078,2,false,12.400000,12.305000,0.079032,-0.766129,false,0.000000,execution_costs_v1.0,0.000000,0.000000,,,,
2024-08-22,DXC,BBG00FN64XV6,0,false,20.230000,20.160000,0.494315,-0.346021,false,0.000000,execution_costs_v1.0,0.000000,0.000000,,,,
2024-08-22,DXPE,BBG001S9F0F4,0,false,50.260000,50.095000,0.218862,-0.328293,false,0.000000,execution_costs_v1.0,0.000000,0.000000,,,,
2024-08-22,DY,BBG001S6MGW8,1,false,179.990000,175.690000,1.658425,-2.389022,false,0.000000,execution_costs_v1.0,0.000000,0.000000,,,,
2024-08-22,DYN,BBG00NSGPJF8,1,false,47.060000,45.490000,0.000000,-3.336167,false,0.000000,execution_costs_v1.0,0.000000,0.000000,,,,
2024-08-22,EAT,BBG001S5RFV8,0,false,69.400000,68.570000,1.959654,-1.195965,false,0.000000,execution_costs_v1.0,0.000000,0.000000,,,,
2024-08-22,EB,BBG001V1CQC6,1,false,3.370000,3.370000,2.667656,0.000000,false,0.000000,execution_costs_v1.0,0.000000,0.000000,,,,
2024-08-22,EBC,BBG00W9KWY41,0,false,15.680000,15.740000,1.084184,0.382653,false,0.000000,execution_costs_v1.0,0.000000,0.000000,,,,
2024-08-22,EBF,BBG001S5QQS9,0,false,23.000000,22.850000,0.000000,-0.652174,false,0.000000,execution_costs_v1.0,0.000000,0.000000,,,,
2024-08-22,EBS,BBG001SP1G40,32,true,10.650000,9.500000,0.093897,-10.798122,false,0.000000,execution_costs_v1.0,0.000000,0.000000,,,,
2024-08-22,EBTC,BBG001SB6470,0,false,28.260000,28.680000,2.193914,1.486200,false,0.000000,execution_costs_v1.0,0.000000,0.000000,,,,
2024-08-22,ECO,0001964954,1,false,30.310000,30.020000,0.692841,-0.956780,false,0.000000,execution_costs_v1.0,0.000000,0.000000,,,,
2024-08-22,ECPG,BBG001SKFPK8,0,false,49.250000,48.922000,0.406091,-0.665990,false,0.000000,execution_costs_v1.0,0.000000,0.000000,,,,
2024-08-22,ECVT,BBG00GX8YLD2,0,false,6.780000,6.690000,0.675516,-1.327434,false,0.000000,execution_costs_v1.0,0.000000,0.000000,,,,
2024-08-22,ECX,0001861974,0,false,1.700000,1.670000,0.000000,-1.764706,false,0.000000,execution_costs_v1.0,0.000000,0.000000,,,,
2024-08-22,EDIT,BBG005MX5H08,1,false,4.080000,3.800000,0.000000,-6.862745,false,0.000000,execution_costs_v1.0,0.000000,0.000000,,,,
2024-08-22,EDR,BBG00P8TCHD7,0,false,27.480000,27.510000,0.109170,0.109170,false,0.000000,execution_costs_v1.0,0.000000,0.000000,,,,
2024-08-22,EE,BBG014GJSS81,0,false,19.270000,19.310000,0.882200,0.207577,false,0.000000,execution_costs_v1.0,0.000000,0.000000,,,,
2024-08-22,EEFT,BBG001S9DW39,0,false,104.460000,103.290000,0.564809,-1.120046,false,0.000000,execution_costs_v1.0,0.000000,0.000000,,,,
2024-08-22,EEX,BBG00GCTWW65,0,false,5.200000,5.090000,0.384615,-2.115385,false,0.000000,execution_costs_v1.0,0.000000,0.000000,,,,
2024-08-22,EFC,BBG001SQ6V04,1,false,13.200000,13.220000,0.454545,0.151515,false,0.000000,execution_costs_v1.0,0.000000,0.000000,,,,
2024-08-22,EFSC,BBG001SKJVR4,0,false,49.820000,50.280000,1.324769,0.923324,false,0.000000,execution_costs_v1.0,0.000000,0.000000,,,,
2024-08-22,EFXT,BBG001SXXC92,0,false,5.530000,5.540000,1.989150,0.180832,false,0.000000,execution_costs_v1.0,0.000000,0.000000,,,,
2024-08-22,EGBN,BBG001SBX1Z5,0,false,20.040000,19.960000,1.147705,-0.399202,false,0.000000,execution_costs_v1.0,0.000000,0.000000,,,,
2024-08-22,EGO,BBG001S5YPQ4,0,false,17.710000,17.580000,0.169396,-0.734049,false,0.000000,execution_costs_v1.0,0.000000,0.000000,,,,
2024-08-22,EGP,BBG001S5QT03,0,false,185.030000,185.610000,0.394531,0.313463,false,0.000000,execution_costs_v1.0,0.000000,0.000000,,,,
2024-08-22,EGY,BBG001S76ZS7,0,false,6.290000,6.250000,0.933227,-0.635930,false,0.000000,execution_costs_v1.0,0.000000,0.000000,,,,
2024-08-22,EHAB,BBG014QJ5CJ8,0,false,8.070000,8.025000,0.619579,-0.557621,false,0.000000,execution_costs_v1.0,0.000000,0.000000,,,,
2024-08-22,EHC,BBG001S5Q5B3,0,false,90.040000,89.910000,0.455353,-0.144380,false,0.000000,execution_costs_v1.0,0.000000,0.000000,,,,
2024-08-22,EIG,BBG001SMM101,0,false,46.510000,46.720000,0.795528,0.451516,false,0.000000,execution_costs_v1.0,0.000000,0.000000,,,,
2024-08-22,ELAN,BBG00LJYS1R6,1,false,14.900000,14.620000,0.536913,-1.879195,false,0.000000,execution_costs_v1.0,0.000000,0.000000,,,,
2024-08-22,ELF,BBG00DQ6VYQ2,3,false,170.550000,170.460000,0.674289,-0.052770,false,0.000000,execution_costs_v1.0,0.000000,0.000000,,,,
2024-08-22,ELME,BBG001S5XJD3,0,false,17.220000,17.090000,0.000000,-0.754936,false,0.000000,execution_costs_v1.0,0.000000,0.000000,,,,
2024-08-22,ELS,BBG001S5T5G5,0,false,71.150000,70.250000,0.337316,-1.264933,false,0.000000,execution_costs_v1.0,0.000000,0.000000,,,,
2024-08-22,ELVN,BBG00CP3BDF2,0,false,23.730000,22.910000,0.000000,-3.455542,false,0.000000,execution_costs_v1.0,0.000000,0.000000,,,,
2024-08-22,EMBC,BBG014L7D4H0,0,false,13.400000,13.180000,0.375373,-1.641791,false,0.000000,execution_costs_v1.0,0.000000,0.000000,,,,
2024-08-22,EMN,BBG001S7JNP3,0,false,99.060000,98.730000,0.716334,-0.333131,false,0.000000,execution_costs_v1.0,0.000000,0.000000,,,,
2024-08-22,ENFN,BBG012MBFR72,0,false,8.160000,8.120000,0.735294,-0.490196,false,0.000000,execution_costs_v1.0,0.000000,0.000000,,,,
2024-08-22,ENLC,BBG001SGNNQ7,1,false,13.100000,13.140000,1.221374,0.305344,false,0.000000,execution_costs_v1.0,0.000000,0.000000,,,,
2024-08-22,ENLT,0001922641,0,false,15.730000,15.800000,1.589320,0.445010,false,0.000000,execution_costs_v1.0,0.000000,0.000000,,,,
2024-08-22,ENOV,BBG001SC04J1,0,false,44.640000,44.100000,0.627240,-1.209677,false,0.000000,execution_costs_v1.0,0.000000,0.000000,,,,
2024-08-22,ENR,BBG006FCB028,0,false,29.840000,30.230000,1.508043,1.306971,false,0.000000,execution_costs_v1.0,0.000000,0.000000,,,,
2024-08-22,ENS,BBG001SLVXW8,0,false,97.680000,96.580000,0.644963,-1.126126,false,0.000000,execution_costs_v1.0,0.000000,0.000000,,,,
2024-08-22,ENSG,BBG001SPNL09,0,false,145.000000,146.360000,1.213793,0.937931,false,0.000000,execution_costs_v1.0,0.000000,0.000000,,,,
2024-08-22,ENV,BBG001T7SQ20,0,false,62.870000,62.830000,0.190870,-0.063623,false,0.000000,execution_costs_v1.0,0.000000,0.000000,,,,
2024-08-22,ENVA,BBG0022PSJT4,0,false,82.550000,82.440000,0.429921,-0.133253,false,0.000000,execution_costs_v1.0,0.000000,0.000000,,,,
2024-08-22,ENVX,BBG00YC538B7,6,false,10.470000,10.250000,1.337154,-2.101242,false,0.000000,execution_costs_v1.0,0.000000,0.000000,,,,
2024-08-22,EOLS,BBG005CX4HL7,0,false,15.680000,15.490000,1.466837,-1.211735,false,0.000000,execution_costs_v1.0,0.000000,0.000000,,,,
2024-08-22,EOSE,BBG00V1KJ6G4,26,true,2.360000,2.430000,8.050847,2.966102,false,0.000000,execution_costs_v1.0,0.000000,0.000000,,,,
2024-08-22,EPAC,BBG001S5NYQ7,0,false,40.130000,40.050000,0.448542,-0.199352,false,0.000000,execution_costs_v1.0,0.000000,0.000000,,,,
2024-08-22,EPAM,BBG001SKDJH8,0,false,200.880000,196.580000,0.681999,-2.140581,false,0.000000,execution_costs_v1.0,0.000000,0.000000,,,,
2024-08-22,EPC,BBG001SF1XY2,0,false,39.470000,39.820000,1.216114,0.886749,false,0.000000,execution_costs_v1.0,0.000000,0.000000,,,,
2024-08-22,EPR,BBG001SB5QR0,0,false,46.220000,46.690000,1.016876,1.016876,false,0.000000,execution_costs_v1.0,0.000000,0.000000,,,,
2024-08-22,EPRT,BBG00L17LH87,0,false,31.190000,31.180000,0.224431,-0.032062,false,0.000000,execution_costs_v1.0,0.000000,0.000000,,,,
2024-08-22,EQBK,BBG001SN1XQ4,0,false,38.350000,38.950000,1.877445,1.564537,false,0.000000,execution_costs_v1.0,0.000000,0.000000,,,,
2024-08-22,EQC,BBG001S5S0L1,0,false,20.280000,20.260000,0.123274,-0.098619,false,0.000000,execution_costs_v1.0,0.000000,0.000000,,,,
2024-08-22,EQH,BBG00J7CBWL8,0,false,40.530000,40.530000,0.468789,0.000000,false,0.000000,execution_costs_v1.0,0.000000,0.000000,,,,
2024-08-22,EQT,BBG001S5QXJ4,4,false,33.080000,32.905000,1.209190,-0.529021,false,0.000000,execution_costs_v1.0,0.000000,0.000000,,,,
2024-08-22,EQX,BBG001SSK0K0,6,false,5.860000,5.800000,0.431741,-1.023891,false,0.000000,execution_costs_v1.0,0.000000,0.000000,,,,
2024-08-22,ERAS,BBG00MTSR892,2,false,2.820000,2.735000,2.127660,-3.014184,false,0.000000,execution_costs_v1.0,0.000000,0.000000,,,,
2024-08-22,ERII,BBG001T28M86,0,false,18.160000,17.750000,0.275330,-2.257709,false,0.000000,execution_costs_v1.0,0.000000,0.000000,,,,
2024-08-22,ERO,BBG00HNV5D86,0,false,20.840000,20.670000,0.191939,-0.815739,false,0.000000,execution_costs_v1.0,0.000000,0.000000,,,,
2024-08-22,ESAB,BBG0028ZMP54,0,false,100.610000,100.680000,0.566544,0.069576,false,0.000000,execution_costs_v1.0,0.000000,0.000000,,,,
2024-08-22,ESE,BBG001S6MFD1,0,false,118.810000,117.805000,0.967932,-0.845888,false,0.000000,execution_costs_v1.0,0.000000,0.000000,,,,
2024-08-22,ESEA,0001341170,0,false,45.500000,45.310000,1.054945,-0.417582,false,0.000000,execution_costs_v1.0,0.000000,0.000000,,,,
2024-08-22,ESGR,0001363829,0,false,322.000000,323.350000,0.422360,0.419255,false,0.000000,execution_costs_v1.0,0.000000,0.000000,,,,
2024-08-22,ESI,BBG004KDL523,0,false,25.810000,25.430000,0.309957,-1.472298,false,0.000000,execution_costs_v1.0,0.000000,0.000000,,,,
2024-08-22,ESLT,0001027664,0,false,198.020000,197.620000,0.545399,-0.202000,false,0.000000,execution_costs_v1.0,0.000000,0.000000,,,,
2024-08-22,ESNT,0001448893,0,false,61.760000,61.680000,0.582902,-0.129534,false,0.000000,execution_costs_v1.0,0.000000,0.000000,,,,
2024-08-22,ESPR,BBG004KB3SZ1,6,false,1.760000,1.710000,0.568182,-2.840909,false,0.000000,execution_costs_v1.0,0.000000,0.000000,,,,
2024-08-22,ESQ,BBG003BCFHY3,0,false,58.330000,58.640000,0.651466,0.531459,false,0.000000,execution_costs_v1.0,0.000000,0.000000,,,,
2024-08-22,ESRT,BBG002N8HMX9,0,false,10.260000,10.080000,0.146199,-1.754386,false,0.000000,execution_costs_v1.0,0.000000,0.000000,,,,
2024-08-22,ESTA,0001688757,0,false,44.400000,43.420000,0.000000,-2.207207,false,0.000000,execution_costs_v1.0,0.000000,0.000000,,,,
2024-08-22,ESTC,0001707753,0,false,107.900000,105.590000,1.357739,-2.140871,false,0.000000,execution_costs_v1.0,0.000000,0.000000,,,,
2024-08-22,ETD,BBG001S67JZ6,0,false,31.410000,29.740000,0.000000,-5.316778,false,0.000000,execution_costs_v1.0,0.000000,0.000000,,,,
2024-08-22,ETNB,BBG00QKDZ985,0,false,8.910000,8.470000,0.673401,-4.938272,false,0.000000,execution_costs_v1.0,0.000000,0.000000,,,,
2024-08-22,ETSY,BBG001T53625,2,false,54.150000,53.800000,2.105263,-0.646353,false,0.000000,execution_costs_v1.0,0.000000,0.000000,,,,
2024-08-22,ETWO,BBG00S91HBN8,0,false,4.300000,4.140000,0.581395,-3.720930,false,0.000000,execution_costs_v1.0,0.000000,0.000000,,,,
2024-08-22,EU,BBG001T8HNC6,0,false,3.350000,3.230000,0.895522,-3.582090,false,0.000000,execution_costs_v1.0,0.000000,0.000000,,,,
2024-08-22,EVCM,BBG0118LMXS4,0,false,10.410000,10.260000,0.576369,-1.440922,false,0.000000,execution_costs_v1.0,0.000000,0.000000,,,,
2024-08-22,EVER,BBG00F17NDJ5,0,false,20.970000,20.540000,0.476395,-2.050548,false,0.000000,execution_costs_v1.0,0.000000,0.000000,,,,
2024-08-22,EVEX,BBG00XZQN3Y2,0,false,2.530000,2.510000,1.976285,-0.790514,false,0.000000,execution_costs_v1.0,0.000000,0.000000,,,,
2024-08-22,EVGO,BBG00XP21PS8,6,false,3.820000,3.750000,0.523560,-1.832461,false,0.000000,execution_costs_v1.0,0.000000,0.000000,,,,
2024-08-22,EVH,BBG005CHLMB3,0,false,28.250000,32.130000,18.513274,13.734513,true,0.000000,execution_costs_v1.0,0.000000,0.000000,,,,
2024-08-22,EVLV,BBG00W1PPKY3,0,false,3.430000,3.620000,11.078717,5.539359,false,0.000000,execution_costs_v1.0,0.000000,0.000000,,,,
2024-08-22,EVR,BBG001SC3S41,0,false,239.930000,239.650000,0.525153,-0.116701,false,0.000000,execution_costs_v1.0,0.000000,0.000000,,,,
2024-08-22,EVRG,BBG00H433CS1,0,false,58.340000,58.385000,0.582791,0.077134,false,0.000000,execution_costs_v1.0,0.000000,0.000000,,,,
2024-08-22,EVRI,BBG001SLY556,0,false,13.010000,12.980000,0.000000,-0.230592,false,0.000000,execution_costs_v1.0,0.000000,0.000000,,,,
2024-08-22,EVTC,BBG001SX2XR0,0,false,32.810000,32.730000,0.396221,-0.243828,false,0.000000,execution_costs_v1.0,0.000000,0.000000,,,,
2024-08-22,EWBC,BBG001SCC7R2,0,false,80.990000,80.830000,1.191505,-0.197555,false,0.000000,execution_costs_v1.0,0.000000,0.000000,,,,
2024-08-22,EWCZ,BBG011RWTZQ9,0,false,6.480000,6.370000,3.240741,-1.697531,false,0.000000,execution_costs_v1.0,0.000000,0.000000,,,,
2024-08-22,EWTX,BBG00K4Y2H33,0,false,20.960000,19.580000,0.381679,-6.583969,false,0.000000,execution_costs_v1.0,0.000000,0.000000,,,,
2024-08-22,EXAS,BBG001SGCLB9,0,false,59.760000,59.060000,1.048360,-1.171352,false,0.000000,execution_costs_v1.0,0.000000,0.000000,,,,
2024-08-22,EXEL,BBG001SD42W4,0,false,26.370000,25.775000,0.056883,-2.256352,false,0.000000,execution_costs_v1.0,0.000000,0.000000,,,,
2024-08-22,EXK,BBG001S5ZH63,6,false,3.290000,3.210000,0.000000,-2.431611,false,0.000000,execution_costs_v1.0,0.000000,0.000000,,,,
2024-08-22,EXLS,BBG001SKWX40,1,false,35.720000,35.710000,0.531915,-0.027996,false,0.000000,execution_costs_v1.0,0.000000,0.000000,,,,
2024-08-22,EXP,BBG001S7VG92,0,false,255.410000,254.840000,0.505070,-0.223171,false,0.000000,execution_costs_v1.0,0.000000,0.000000,,,,
2024-08-22,EXPI,BBG001V05TN8,0,false,12.410000,12.485000,3.062047,0.604351,false,0.000000,execution_costs_v1.0,0.000000,0.000000,,,,
2024-08-22,EXPO,BBG001S9CG99,0,false,104.490000,103.690000,0.167480,-0.765624,false,0.000000,execution_costs_v1.0,0.000000,0.000000,,,,
2024-08-22,EXTR,BBG001S6ZV24,0,false,14.990000,14.890000,0.900600,-0.667111,false,0.000000,execution_costs_v1.0,0.000000,0.000000,,,,
2024-08-22,EYE,BBG00HVQF9L1,0,false,10.480000,10.260000,0.000000,-2.099237,false,0.000000,execution_costs_v1.0,0.000000,0.000000,,,,
2024-08-22,EYPT,BBG001SNLCD2,1,false,9.250000,9.000000,2.724324,-2.702703,false,0.000000,execution_costs_v1.0,0.000000,0.000000,,,,
2024-08-22,EZPW,BBG001S6RN67,0,false,11.690000,11.760000,1.112062,0.598802,false,0.000000,execution_costs_v1.0,0.000000,0.000000,,,,
2024-08-22,FA,BBG011J0CVZ5,0,false,18.770000,18.540000,1.118807,-1.225360,false,0.000000,execution_costs_v1.0,0.000000,0.000000,,,,
2024-08-22,FAF,BBG001T1LV65,0,false,62.260000,62.280000,0.754899,0.032123,false,0.000000,execution_costs_v1.0,0.000000,0.000000,,,,
2024-08-22,FARO,BBG001S8HPX9,0,false,16.750000,16.490000,1.194030,-1.552239,false,0.000000,execution_costs_v1.0,0.000000,0.000000,,,,
2024-08-22,FATE,BBG001T888S2,0,false,3.960000,3.775000,4.166667,-4.671717,false,0.000000,execution_costs_v1.0,0.000000,0.000000,,,,
2024-08-22,FBIN,BBG001THLZ70,0,false,79.140000,78.560000,0.000000,-0.732878,false,0.000000,execution_costs_v1.0,0.000000,0.000000,,,,
2024-08-22,FBIZ,BBG001SN11Y5,0,false,42.430000,42.650000,0.518501,0.518501,false,0.000000,execution_costs_v1.0,0.000000,0.000000,,,,
2024-08-22,FBK,BBG00DM434H8,0,false,44.810000,45.180000,1.450569,0.825709,false,0.000000,execution_costs_v1.0,0.000000,0.000000,,,,
2024-08-22,FBMS,BBG001SB73Y1,0,false,31.940000,32.000000,0.500939,0.187852,false,0.000000,execution_costs_v1.0,0.000000,0.000000,,,,
2024-08-22,FBNC,BBG001S5R1Z5,0,false,40.780000,41.070000,1.765571,0.711133,false,0.000000,execution_costs_v1.0,0.000000,0.000000,,,,
2024-08-22,FBP,BBG001S76PN4,0,false,20.500000,20.630000,1.170732,0.634146,false,0.000000,execution_costs_v1.0,0.000000,0.000000,,,,
2024-08-22,FBRT,BBG013173BC4,0,false,12.940000,12.890000,0.309119,-0.386399,false,0.000000,execution_costs_v1.0,0.000000,0.000000,,,,
2024-08-22,FC,BBG001SB0L96,0,false,39.160000,38.690000,0.076609,-1.200204,false,0.000000,execution_costs_v1.0,0.000000,0.000000,,,,
2024-08-22,FCBC,BBG001S9V627,0,false,41.640000,41.210000,1.488953,-1.032661,false,0.000000,execution_costs_v1.0,0.000000,0.000000,,,,
2024-08-22,FCF,BBG001S70475,0,false,16.310000,16.340000,0.950337,0.183936,false,0.000000,execution_costs_v1.0,0.000000,0.000000,,,,
2024-08-22,FCFS,BBG0145KL756,0,false,117.430000,116.430000,0.640807,-0.851571,false,0.000000,execution_costs_v1.0,0.000000,0.000000,,,,
2024-08-22,FCN,BBG001SCJVR2,0,false,225.050000,223.170000,0.255499,-0.835370,false,0.000000,execution_costs_v1.0,0.000000,0.000000,,,,
2024-08-22,FCPT,BBG009H33QN9,0,false,27.070000,26.950000,0.184706,-0.443295,false,0.000000,execution_costs_v1.0,0.000000,0.000000,,,,
2024-08-22,FDMT,BBG00QG40S04,0,false,15.170000,14.475000,0.286091,-4.581411,false,0.000000,execution_costs_v1.0,0.000000,0.000000,,,,
2024-08-22,FDP,0001047340,0,false,27.750000,28.020000,0.972973,0.972973,false,0.000000,execution_costs_v1.0,0.000000,0.000000,,,,
2024-08-22,FDUS,BBG001V0MG11,0,false,19.790000,19.760000,0.454775,-0.151592,false,0.000000,execution_costs_v1.0,0.000000,0.000000,,,,
2024-08-22,FELE,BBG001S5R3W4,0,false,100.740000,100.360000,0.531070,-0.377209,false,0.000000,execution_costs_v1.0,0.000000,0.000000,,,,
2024-08-22,FFBC,BBG001S5R4C4,0,false,25.240000,25.470000,1.049921,0.911252,false,0.000000,execution_costs_v1.0,0.000000,0.000000,,,,
2024-08-22,FFIC,BBG001S7KQM7,0,false,13.540000,13.440000,1.392171,-0.738552,false,0.000000,execution_costs_v1.0,0.000000,0.000000,,,,
2024-08-22,FFIN,BBG001S7HCY9,0,false,35.220000,35.220000,0.795003,0.000000,false,0.000000,execution_costs_v1.0,0.000000,0.000000,,,,
2024-08-22,FFIV,BBG001SCP8D1,0,false,199.640000,195.710000,0.027550,-1.968543,false,0.000000,execution_costs_v1.0,0.000000,0.000000,,,,
2024-08-22,FFWM,BBG001V9VY13,0,false,6.600000,6.560000,2.424242,-0.606061,false,0.000000,execution_costs_v1.0,0.000000,0.000000,,,,
2024-08-22,FG,BBG01BGVGH85,0,false,40.260000,40.290000,0.521610,0.074516,false,0.000000,execution_costs_v1.0,0.000000,0.000000,,,,
2024-08-22,FHB,BBG0046LJYX7,0,false,23.200000,23.490000,1.379310,1.250000,false,0.000000,execution_costs_v1.0,0.000000,0.000000,,,,
2024-08-22,FHI,BBG001S6TGK4,0,false,33.700000,33.940000,0.816024,0.712166,false,0.000000,execution_costs_v1.0,0.000000,0.000000,,,,
2024-08-22,FHN,BBG001SCW8R8,0,false,15.780000,15.900000,1.330798,0.760456,false,0.000000,execution_costs_v1.0,0.000000,0.000000,,,,
2024-08-22,FHTX,BBG00HFZPB97,0,false,7.480000,7.520000,3.342246,0.534759,false,0.000000,execution_costs_v1.0,0.000000,0.000000,,,,
2024-08-22,FIBK,BBG001S9F1B6,0,false,28.980000,29.130000,1.363009,0.517598,false,0.000000,execution_costs_v1.0,0.000000,0.000000,,,,
2024-08-22,FIGS,BBG004SK5VM8,0,false,5.660000,5.605000,0.353357,-0.971731,false,0.000000,execution_costs_v1.0,0.000000,0.000000,,,,
2024-08-22,FIHL,0001636639,0,false,18.220000,18.070000,0.987925,-0.823271,false,0.000000,execution_costs_v1.0,0.000000,0.000000,,,,
2024-08-22,FIP,BBG0174VKJB4,0,false,9.100000,9.160000,2.417582,0.659341,false,0.000000,execution_costs_v1.0,0.000000,0.000000,,,,
2024-08-22,FISI,BBG001SCY2P1,0,false,24.770000,24.530000,0.000000,-0.968914,false,0.000000,execution_costs_v1.0,0.000000,0.000000,,,,
2024-08-22,FIVE,BBG001TCDMY9,2,false,80.740000,80.440000,1.114689,-0.371563,false,0.000000,execution_costs_v1.0,0.000000,0.000000,,,,
2024-08-22,FIVN,BBG001V0P7K7,0,false,34.150000,33.170000,0.322108,-2.869693,false,0.000000,execution_costs_v1.0,0.000000,0.000000,,,,
2024-08-22,FIX,BBG001SB1GG8,0,false,344.510000,336.970000,0.934661,-2.188616,false,0.000000,execution_costs_v1.0,0.000000,0.000000,,,,
2024-08-22,FIZZ,BBG001S5PM18,0,false,45.820000,45.180000,0.204714,-1.396770,false,0.000000,execution_costs_v1.0,0.000000,0.000000,,,,
2024-08-22,FL,BBG001S5XMR1,0,false,32.140000,32.970000,2.644680,2.582452,false,0.000000,execution_costs_v1.0,0.000000,0.000000,,,,
2024-08-22,FLEX,0000866374,0,false,31.980000,31.550000,0.687617,-1.344590,false,0.000000,execution_costs_v1.0,0.000000,0.000000,,,,
2024-08-22,FLGT,BBG00DW0QQM5,0,false,23.530000,23.050000,0.000000,-2.039949,false,0.000000,execution_costs_v1.0,0.000000,0.000000,,,,
2024-08-22,FLNC,BBG012QSDTD2,1,false,18.320000,17.790000,1.200873,-2.893013,false,0.000000,execution_costs_v1.0,0.000000,0.000000,,,,
2024-08-22,FLNG,0001772253,3,false,26.850000,26.610000,0.670391,-0.893855,false,0.000000,execution_costs_v1.0,0.000000,0.000000,,,,
2024-08-22,FLO,BBG001S5R7L7,0,false,23.260000,22.810000,0.000000,-1.934652,false,0.000000,execution_costs_v1.0,0.000000,0.000000,,,,
2024-08-22,FLR,BBG001S5Q738,0,false,49.020000,48.750000,0.734394,-0.550796,false,0.000000,execution_costs_v1.0,0.000000,0.000000,,,,
2024-08-22,FLS,BBG001SB3F87,0,false,48.110000,48.080000,0.582000,-0.062357,false,0.000000,execution_costs_v1.0,0.000000,0.000000,,,,
2024-08-22,FLWS,BBG001S60YV4,0,false,9.000000,9.000000,1.888889,0.000000,false,0.000000,execution_costs_v1.0,0.000000,0.000000,,,,
2024-08-22,FLYW,BBG002030ND3,0,false,17.010000,16.740000,1.587302,-1.587302,false,0.000000,execution_costs_v1.0,0.000000,0.000000,,,,
2024-08-22,FMAO,BBG001S8HL40,0,false,25.530000,25.660000,1.292597,0.509205,false,0.000000,execution_costs_v1.0,0.000000,0.000000,,,,
2024-08-22,FMBH,BBG001S704Q4,0,false,38.010000,38.240000,0.868193,0.605104,false,0.000000,execution_costs_v1.0,0.000000,0.000000,,,,
2024-08-22,FMC,BBG001S5R880,0,false,63.800000,63.920000,0.454545,0.188088,false,0.000000,execution_costs_v1.0,0.000000,0.000000,,,,
2024-08-22,FMNB,BBG001S7S1W3,0,false,14.460000,14.390000,0.856846,-0.484094,false,0.000000,execution_costs_v1.0,0.000000,0.000000,,,,
2024-08-22,FN,0001408710,0,false,274.400000,261.880000,0.000000,-4.562682,false,0.000000,execution_costs_v1.0,0.000000,0.000000,,,,
2024-08-22,FNA,BBG005914H40,0,false,8.090000,7.790000,1.730532,-3.708282,false,0.000000,execution_costs_v1.0,0.000000,0.000000,,,,
2024-08-22,FNB,BBG001S5R1Q5,0,false,14.180000,14.210000,0.811001,0.211566,false,0.000000,execution_costs_v1.0,0.000000,0.000000,,,,
2024-08-22,FND,BBG007GJ2F90,0,false,107.860000,106.580000,1.089375,-1.186724,false,0.000000,execution_costs_v1.0,0.000000,0.000000,,,,
2024-08-22,FNKO,BBG00HXSHDR8,0,false,10.620000,10.360000,0.000000,-2.448211,false,0.000000,execution_costs_v1.0,0.000000,0.000000,,,,
2024-08-22,FOA,BBG00ZVN6MD8,0,false,7.140000,7.050000,1.680672,-1.260504,false,0.000000,execution_costs_v1.0,0.000000,0.000000,,,,
2024-08-22,FOLD,BBG001SN96V9,0,false,12.060000,11.700000,0.456053,-2.985075,false,0.000000,execution_costs_v1.0,0.000000,0.000000,,,,
2024-08-22,FOR,BBG001S5R9G9,0,false,29.880000,30.280000,2.308902,1.338688,false,0.000000,execution_costs_v1.0,0.000000,0.000000,,,,
2024-08-22,FORM,BBG001SFT2R8,0,false,50.870000,49.160000,0.471791,-3.361510,false,0.000000,execution_costs_v1.0,0.000000,0.000000,,,,
2024-08-22,FORR,BBG001S98HN6,0,false,18.100000,17.780000,0.000000,-1.767956,false,0.000000,execution_costs_v1.0,0.000000,0.000000,,,,
2024-08-22,FOUR,BBG00TX393M3,0,false,78.980000,79.200000,1.772601,0.278552,false,0.000000,execution_costs_v1.0,0.000000,0.000000,,,,
2024-08-22,FOXF,BBG004T7VS71,0,false,40.360000,39.710000,0.830030,-1.610505,false,0.000000,execution_costs_v1.0,0.000000,0.000000,,,,
2024-08-22,FPI,BBG005TNS0R6,0,false,10.030000,9.980000,0.598205,-0.498504,false,0.000000,execution_costs_v1.0,0.000000,0.000000,,,,
2024-08-22,FR,BBG001S81Z00,0,false,54.830000,55.020000,0.419478,0.346526,false,0.000000,execution_costs_v1.0,0.000000,0.000000,,,,
2024-08-22,FRBA,BBG001SRY1B5,0,false,14.910000,14.880000,0.603622,-0.201207,false,0.000000,execution_costs_v1.0,0.000000,0.000000,,,,
2024-08-22,FRHC,BBG001SGRW38,1,false,91.210000,92.850000,1.962504,1.798048,false,0.000000,execution_costs_v1.0,0.000000,0.000000,,,,
2024-08-22,FRME,BBG001S5NNS9,0,false,36.250000,36.510000,1.379310,0.717241,false,0.000000,execution_costs_v1.0,0.000000,0.000000,,,,
2024-08-22,FRO,0000913290,3,false,24.380000,23.870000,0.000000,-2.091879,false,0.000000,execution_costs_v1.0,0.000000,0.000000,,,,
2024-08-22,FROG,0001800667,0,false,27.140000,26.000000,0.810612,-4.200442,false,0.000000,execution_costs_v1.0,0.000000,0.000000,,,,
2024-08-22,FRPT,BBG001V04FM0,0,false,132.750000,133.720000,2.033898,0.730697,false,0.000000,execution_costs_v1.0,0.000000,0.000000,,,,
2024-08-22,FRSH,BBG0029KYGM4,0,false,12.010000,11.610000,1.332223,-3.330558,false,0.000000,execution_costs_v1.0,0.000000,0.000000,,,,
2024-08-22,FRT,BBG001S5RC36,0,false,113.590000,114.180000,0.924377,0.519412,false,0.000000,execution_costs_v1.0,0.000000,0.000000,,,,
2024-08-22,FSBC,BBG001SN0V52,0,false,28.240000,28.250000,0.637394,0.035411,false,0.000000,execution_costs_v1.0,0.000000,0.000000,,,,
2024-08-22,FSBW,BBG002Q8NYF3,0,false,41.979800,42.475000,1.286809,1.179615,false,0.000000,execution_costs_v1.0,0.000000,0.000000,,,,
2024-08-22,FSCO,BBG01BG24837,0,false,6.400000,6.340000,0.312500,-0.937500,false,0.000000,execution_costs_v1.0,0.000000,0.000000,,,,
2024-08-22,FSK,BBG001YCZQ07,0,false,19.620000,19.780000,1.064220,0.815494,false,0.000000,execution_costs_v1.0,0.000000,0.000000,,,,
2024-08-22,FSLY,BBG004NLQHM9,4,false,6.470000,6.230000,0.386399,-3.709428,false,0.000000,execution_costs_v1.0,0.000000,0.000000,,,,
2024-08-22,FSM,BBG001S982M0,10,true,4.880000,4.800000,0.614754,-1.639344,false,0.000000,execution_costs_v1.0,0.000000,0.000000,,,,
2024-08-22,FSS,BBG001S5RD98,0,false,93.220000,92.460000,1.008367,-0.815276,false,0.000000,execution_costs_v1.0,0.000000,0.000000,,,,
2024-08-22,FSV,BBG0093LLBP5,0,false,174.370000,175.155000,0.590698,0.450192,false,0.000000,execution_costs_v1.0,0.000000,0.000000,,,,
2024-08-22,FTAI,0001590364,2,false,119.750000,119.600000,2.471816,-0.125261,false,0.000000,execution_costs_v1.0,0.000000,0.000000,,,,
2024-08-22,FTDR,BBG00H9MNF05,0,false,48.140000,47.270000,0.623182,-1.807229,false,0.000000,execution_costs_v1.0,0.000000,0.000000,,,,
2024-08-22,FTI,0001681459,0,false,26.030000,26.005000,0.672301,-0.096043,false,0.000000,execution_costs_v1.0,0.000000,0.000000,,,,
2024-08-22,FTRE,BBG01GZF9W47,0,false,22.170000,21.410000,0.721696,-3.428056,false,0.000000,execution_costs_v1.0,0.000000,0.000000,,,,
2024-08-22,FUBO,BBG002CV4QZ3,40,true,2.050000,1.985000,2.926829,-3.170732,false,0.000000,execution_costs_v1.0,0.000000,0.000000,,,,
2024-08-22,FUFU,0001921158,0,false,4.330000,4.520000,5.773672,4.387991,false,0.000000,execution_costs_v1.0,0.000000,0.000000,,,,
2024-08-22,FUL,BBG001S5RDZ9,0,false,81.860000,81.520000,0.708527,-0.415343,false,0.000000,execution_costs_v1.0,0.000000,0.000000,,,,
2024-08-22,FULC,BBG00DDY1RM7,0,false,9.560000,8.790000,0.418410,-8.054393,false,0.000000,execution_costs_v1.0,0.000000,0.000000,,,,
2024-08-22,FULT,BBG001S5RF02,0,false,18.110000,18.160000,0.855881,0.276091,false,0.000000,execution_costs_v1.0,0.000000,0.000000,,,,
2024-08-22,FUN,BBG01K8GRMY5,0,false,45.320000,43.710000,0.022065,-3.552515,false,0.000000,execution_costs_v1.0,0.000000,0.000000,,,,
2024-08-22,FVRR,0001762301,2,false,26.300000,26.460000,0.684411,0.608365,false,0.000000,execution_costs_v1.0,0.000000,0.000000,,,,
2024-08-22,FWRD,BBG001SC0FW1,0,false,30.670000,31.300000,4.662537,2.054125,false,0.000000,execution_costs_v1.0,0.000000,0.000000,,,,
2024-08-22,FWRG,BBG012F6M198,0,false,17.300000,16.970000,1.069364,-1.907514,false,0.000000,execution_costs_v1.0,0.000000,0.000000,,,,
2024-08-22,FYBR,BBG010MVVVX6,1,false,28.770000,27.700000,0.000000,-3.719152,false,0.000000,execution_costs_v1.0,0.000000,0.000000,,,,
2024-08-22,G,0001398659,0,false,39.200000,38.880000,0.229592,-0.816327,false,0.000000,execution_costs_v1.0,0.000000,0.000000,,,,
2024-08-22,GABC,BBG001S7BHR2,0,false,38.680000,38.770000,0.827301,0.232678,false,0.000000,execution_costs_v1.0,0.000000,0.000000,,,,
2024-08-22,GAIN,BBG001SL3TS3,0,false,13.300000,12.940000,0.075188,-2.706767,false,0.000000,execution_costs_v1.0,0.000000,0.000000,,,,
2024-08-22,GAMB,0001839799,0,false,10.000000,9.910000,0.050000,-0.900000,false,0.000000,execution_costs_v1.0,0.000000,0.000000,,,,
2024-08-22,GATO,BBG001W4GFS2,0,false,12.960000,12.730000,0.501543,-1.774691,false,0.000000,execution_costs_v1.0,0.000000,0.000000,,,,
2024-08-22,GATX,BBG001S5RM34,0,false,140.190000,139.000000,0.000000,-0.848848,false,0.000000,execution_costs_v1.0,0.000000,0.000000,,,,
2024-08-22,GAU,BBG001SF5M09,1,false,1.570000,1.570000,0.636943,0.000000,false,0.000000,execution_costs_v1.0,0.000000,0.000000,,,,
2024-08-22,GB,0001799983,0,false,4.720000,4.650000,1.694915,-1.483051,false,0.000000,execution_costs_v1.0,0.000000,0.000000,,,,
2024-08-22,GBCI,BBG001S6HGM5,0,false,43.580000,44.220000,2.214318,1.468564,false,0.000000,execution_costs_v1.0,0.000000,0.000000,,,,
2024-08-22,GBDC,BBG001T63BY7,2,false,15.000000,15.010000,0.723333,0.066667,false,0.000000,execution_costs_v1.0,0.000000,0.000000,,,,
2024-08-22,GBLI,BBG004M233J2,0,false,32.120000,32.120000,0.000000,0.000000,false,0.000000,execution_costs_v1.0,0.000000,0.000000,,,,
2024-08-22,GBTG,BBG00Y52B9C0,0,false,6.950000,6.945000,0.719424,-0.071942,false,0.000000,execution_costs_v1.0,0.000000,0.000000,,,,
2024-08-22,GBX,BBG001S80QK9,0,false,46.580000,46.410000,0.493774,-0.364964,false,0.000000,execution_costs_v1.0,0.000000,0.000000,,,,
2024-08-22,GCBC,BBG001S9KJZ5,0,false,31.500000,30.610000,0.326349,-2.825397,false,0.000000,execution_costs_v1.0,0.000000,0.000000,,,,
2024-08-22,GCI,BBG005C9FQR2,1,false,4.950000,4.810000,0.202020,-2.828283,false,0.000000,execution_costs_v1.0,0.000000,0.000000,,,,
2024-08-22,GCMG,BBG00Y73FGG2,0,false,10.990000,10.850000,0.090992,-1.273885,false,0.000000,execution_costs_v1.0,0.000000,0.000000,,,,
2024-08-22,GCO,BBG001S5RHF2,0,false,30.000000,29.680000,0.175000,-1.066667,false,0.000000,execution_costs_v1.0,0.000000,0.000000,,,,
2024-08-22,GCT,0001857816,2,false,22.360000,21.270000,1.073345,-4.874776,false,0.000000,execution_costs_v1.0,0.000000,0.000000,,,,
2024-08-22,GDEN,BBG001S69CW2,0,false,30.765000,30.480000,0.536324,-0.926377,false,0.000000,execution_costs_v1.0,0.000000,0.000000,,,,
2024-08-22,GDEV,0001848739,0,false,2.860000,2.900000,2.797203,1.398601,false,0.000000,execution_costs_v1.0,0.000000,0.000000,,,,
2024-08-22,GDOT,BBG001T6W7V7,0,false,10.800000,10.750000,0.138889,-0.462963,false,0.000000,execution_costs_v1.0,0.000000,0.000000,,,,
2024-08-22,GDRX,BBG00X0VP956,1,false,7.540000,7.565000,0.994695,0.331565,false,0.000000,execution_costs_v1.0,0.000000,0.000000,,,,
2024-08-22,GDYN,BBG00MDLZP15,0,false,13.910000,13.640000,1.509705,-1.941050,false,0.000000,execution_costs_v1.0,0.000000,0.000000,,,,
2024-08-22,GEF,BBG001S8S678,0,false,62.230000,62.010000,0.064278,-0.353527,false,0.000000,execution_costs_v1.0,0.000000,0.000000,,,,
2024-08-22,GEL,BBG001S9CQC3,0,false,13.280000,13.060000,0.000000,-1.656627,false,0.000000,execution_costs_v1.0,0.000000,0.000000,,,,
2024-08-22,GENI,0001834489,3,false,7.940000,7.730000,1.050378,-2.644836,false,0.000000,execution_costs_v1.0,0.000000,0.000000,,,,
2024-08-22,GEO,BBG001S6VYZ6,0,false,13.730000,13.710000,1.544064,-0.145666,false,0.000000,execution_costs_v1.0,0.000000,0.000000,,,,
2024-08-22,GERN,BBG001S6TSX4,0,false,4.510000,4.480000,0.886918,-0.665188,false,0.000000,execution_costs_v1.0,0.000000,0.000000,,,,
2024-08-22,GES,BBG001S5RJR5,2,false,20.990000,21.100000,0.714626,0.524059,false,0.000000,execution_costs_v1.0,0.000000,0.000000,,,,
2024-08-22,GETY,BBG017RQJJH6,0,false,3.330000,3.270000,0.900901,-1.801802,false,0.000000,execution_costs_v1.0,0.000000,0.000000,,,,
2024-08-22,GFF,BBG001S7M3Z2,0,false,64.100000,64.320000,1.528861,0.343214,false,0.000000,execution_costs_v1.0,0.000000,0.000000,,,,
2024-08-22,GFR,BBG01HRTJS60,0,false,7.000000,7.020000,0.857143,0.285714,false,0.000000,execution_costs_v1.0,0.000000,0.000000,,,,
2024-08-22,GGG,BBG001S5RK56,0,false,82.090000,81.660000,0.341089,-0.523815,false,0.000000,execution_costs_v1.0,0.000000,0.000000,,,,
2024-08-22,GGR,0001886190,0,false,1.330000,1.290000,1.466165,-3.007519,false,0.000000,execution_costs_v1.0,0.000000,0.000000,,,,
2024-08-22,GH,BBG006D97VZ8,1,false,28.280000,27.880000,0.453678,-1.414427,false,0.000000,execution_costs_v1.0,0.000000,0.000000,,,,
2024-08-22,GHLD,BBG00XR2PX58,0,false,17.080000,16.880000,0.922717,-1.170960,false,0.000000,execution_costs_v1.0,0.000000,0.000000,,,,
2024-08-22,GHM,BBG001S5RK92,0,false,29.650000,30.040000,1.922428,1.315346,false,0.000000,execution_costs_v1.0,0.000000,0.000000,,,,
2024-08-22,GHRS,0001855129,0,false,11.010000,11.090000,5.812897,0.726612,false,0.000000,execution_costs_v1.0,0.000000,0.000000,,,,
2024-08-22,GIC,BBG001S9NZ95,0,false,33.220000,32.840000,0.015051,-1.143889,false,0.000000,execution_costs_v1.0,0.000000,0.000000,,,,
2024-08-22,GIII,BBG001S6F0Z8,0,false,26.060000,25.740000,0.498849,-1.227936,false,0.000000,execution_costs_v1.0,0.000000,0.000000,,,,
2024-08-22,GIL,BBG001S7JJL6,0,false,42.030000,41.980000,1.118249,-0.118963,false,0.000000,execution_costs_v1.0,0.000000,0.000000,,,,
2024-08-22,GKOS,BBG001T91NX8,0,false,130.000000,130.060000,1.007692,0.046154,false,0.000000,execution_costs_v1.0,0.000000,0.000000,,,,
2024-08-22,GL,BBG001S5WRX4,0,false,97.630000,99.000000,1.679812,1.403257,false,0.000000,execution_costs_v1.0,0.000000,0.000000,,,,
2024-08-22,GLAD,BBG001SJH738,0,false,22.570000,22.640000,0.741249,0.310146,false,0.000000,execution_costs_v1.0,0.000000,0.000000,,,,
2024-08-22,GLBE,0001835963,0,false,35.430000,34.720000,0.000000,-2.003951,false,0.000000,execution_costs_v1.0,0.000000,0.000000,,,,
2024-08-22,GLDD,BBG001SNNJN4,0,false,8.810000,8.760000,0.681044,-0.567537,false,0.000000,execution_costs_v1.0,0.000000,0.000000,,,,
2024-08-22,GLNG,0001207179,0,false,32.900000,32.360000,0.911854,-1.641337,false,0.000000,execution_costs_v1.0,0.000000,0.000000,,,,
2024-08-22,GLOB,0001557860,0,false,207.080000,200.360000,0.367008,-3.245123,false,0.000000,execution_costs_v1.0,0.000000,0.000000,,,,
2024-08-22,GLP,BBG001SH3WJ5,0,false,42.940000,42.230000,0.000000,-1.653470,false,0.000000,execution_costs_v1.0,0.000000,0.000000,,,,
2024-08-22,GLPI,BBG003MSMCT5,0,false,50.010000,49.740000,0.179964,-0.539892,false,0.000000,execution_costs_v1.0,0.000000,0.000000,,,,
2024-08-22,GLRE,0001385613,0,false,13.420000,13.410000,0.968703,-0.074516,false,0.000000,execution_costs_v1.0,0.000000,0.000000,,,,
2024-08-22,GLUE,BBG00X2VGZR2,0,false,6.510000,5.610000,0.537634,-13.824885,false,0.000000,execution_costs_v1.0,0.000000,0.000000,,,,
2024-08-22,GME,BBG001S5RLR0,30,true,22.500000,22.110000,1.155556,-1.733333,false,0.000000,execution_costs_v1.0,0.000000,0.000000,,,,
2024-08-22,GMED,BBG002V87T57,0,false,70.000000,69.710000,0.342857,-0.414286,false,0.000000,execution_costs_v1.0,0.000000,0.000000,,,,
2024-08-22,GMRE,BBG0027F2C05,0,false,9.310000,9.180000,0.859291,-1.396348,false,0.000000,execution_costs_v1.0,0.000000,0.000000,,,,
2024-08-22,GMS,BBG009Q036F8,0,false,93.560000,92.570000,0.470286,-1.058145,false,0.000000,execution_costs_v1.0,0.000000,0.000000,,,,
2024-08-22,GNE,BBG0021PGB79,0,false,16.220000,16.140000,0.123305,-0.493218,false,0.000000,execution_costs_v1.0,0.000000,0.000000,,,,
2024-08-22,GNK,0001326200,0,false,17.310000,16.980000,0.346620,-1.906412,false,0.000000,execution_costs_v1.0,0.000000,0.000000,,,,
2024-08-22,GNL,BBG004HXD0H7,5,false,8.310000,8.310000,0.601685,0.000000,false,0.000000,execution_costs_v1.0,0.000000,0.000000,,,,
2024-08-22,GNRC,BBG001T5VGH6,0,false,152.550000,150.480000,0.888233,-1.356932,false,0.000000,execution_costs_v1.0,0.000000,0.000000,,,,
2024-08-22,GNTX,BBG001S5RMR8,0,false,30.490000,30.460000,0.655953,-0.098393,false,0.000000,execution_costs_v1.0,0.000000,0.000000,,,,
2024-08-22,GNTY,BBG001S7MPM7,0,false,32.650000,32.705000,0.857580,0.168453,false,0.000000,execution_costs_v1.0,0.000000,0.000000,,,,
2024-08-22,GNW,BBG001SJ0DH8,0,false,6.700000,6.725000,0.597015,0.373134,false,0.000000,execution_costs_v1.0,0.000000,0.000000,,,,
2024-08-22,GO,BBG00P4R30Z8,0,false,18.250000,17.710000,0.164384,-2.958904,false,0.000000,execution_costs_v1.0,0.000000,0.000000,,,,
2024-08-22,GOGL,0001029145,3,false,12.210000,12.150000,0.900901,-0.491400,false,0.000000,execution_costs_v1.0,0.000000,0.000000,,,,
2024-08-22,GOGO,BBG002CN8YD4,0,false,7.570000,7.370000,0.792602,-2.642008,false,0.000000,execution_costs_v1.0,0.000000,0.000000,,,,
2024-08-22,GOLF,BBG00D5L3ST3,0,false,67.760000,65.910000,0.000000,-2.730224,false,0.000000,execution_costs_v1.0,0.000000,0.000000,,,,
2024-08-22,GOOD,BBG001SK8138,1,false,14.580000,14.500000,0.340192,-0.548697,false,0.000000,execution_costs_v1.0,0.000000,0.000000,,,,
2024-08-22,GOOS,BBG00G2HL1Z0,2,false,11.560000,11.180000,0.086505,-3.287197,false,0.000000,execution_costs_v1.0,0.000000,0.000000,,,,
2024-08-22,GPI,BBG001S5RNK3,0,false,355.740000,355.690000,0.404790,-0.014055,false,0.000000,execution_costs_v1.0,0.000000,0.000000,,,,
2024-08-22,GPK,BBG001S90195,0,false,28.940000,29.140000,0.725639,0.691085,false,0.000000,execution_costs_v1.0,0.000000,0.000000,,,,
2024-08-22,GPOR,BBG0112Z8766,0,false,142.530000,140.860000,0.000000,-1.171683,false,0.000000,execution_costs_v1.0,0.000000,0.000000,,,,
2024-08-22,GPRE,BBG001SPVM17,0,false,13.710000,13.610000,0.255288,-0.729395,false,0.000000,execution_costs_v1.0,0.000000,0.000000,,,,
2024-08-22,GPRK,0001464591,0,false,9.250000,9.065000,0.477838,-2.000000,false,0.000000,execution_costs_v1.0,0.000000,0.000000,,,,
2024-08-22,GPS,BBG001S5RNN0,0,false,,,,,false,0.000000,execution_costs_v1.0,,,,,,
2024-08-22,GRAB,0001855612,10,true,3.220000,3.195000,0.621118,-0.776398,false,0.000000,execution_costs_v1.0,0.000000,0.000000,,,,
2024-08-22,GRBK,BBG001SS5LM9,0,false,74.960000,75.270000,1.007204,0.413554,false,0.000000,execution_costs_v1.0,0.000000,0.000000,,,,
2024-08-22,GRC,BBG001S5RP00,0,false,38.730000,38.030000,0.335657,-1.807384,false,0.000000,execution_costs_v1.0,0.000000,0.000000,,,,
2024-08-22,GRND,BBG00YV3H7V6,0,false,12.220000,12.285000,1.022913,0.531915,false,0.000000,execution_costs_v1.0,0.000000,0.000000,,,,
2024-08-22,GRNT,BBG017RM8TP6,0,false,6.300000,6.260000,0.555556,-0.634921,false,0.000000,execution_costs_v1.0,0.000000,0.000000,,,,
2024-08-22,GRPN,BBG001T8J560,0,false,13.640000,13.140000,0.806452,-3.665689,false,0.000000,execution_costs_v1.0,0.000000,0.000000,,,,
2024-08-22,GSAT,BBG001SPN4X1,48,true,1.500000,1.415000,0.666667,-5.666667,false,0.000000,execution_costs_v1.0,0.000000,0.000000,,,,
2024-08-22,GSBC,BBG001S6DWN3,0,false,57.360000,56.950000,0.000000,-0.714784,false,0.000000,execution_costs_v1.0,0.000000,0.000000,,,,
2024-08-22,GSBD,BBG004DDDL70,1,false,14.170000,14.125000,0.112915,-0.317572,false,0.000000,execution_costs_v1.0,0.000000,0.000000,,,,
2024-08-22,GSHD,BBG00KHHBMD4,0,false,81.350000,80.530000,0.676091,-1.007990,false,0.000000,execution_costs_v1.0,0.000000,0.000000,,,,
2024-08-22,GSL,0001430725,1,false,26.180000,25.920000,0.458365,-0.993125,false,0.000000,execution_costs_v1.0,0.000000,0.000000,,,,
2024-08-22,GSM,0001639877,0,false,4.390000,4.335000,0.455581,-1.252847,false,0.000000,execution_costs_v1.0,0.000000,0.000000,,,,
2024-08-22,GT,BBG001S5RQ62,5,false,8.680000,8.510000,0.000000,-1.958525,false,0.000000,execution_costs_v1.0,0.000000,0.000000,,,,
2024-08-22,GTES,0001718512,0,false,17.650000,17.530000,0.623229,-0.679887,false,0.000000,execution_costs_v1.0,0.000000,0.000000,,,,
2024-08-22,GTHX,BBG005F1DJM9,0,false,7.100000,7.100000,0.140845,0.000000,false,0.000000,execution_costs_v1.0,0.000000,0.000000,,,,
2024-08-22,GTI,0001879373,7,false,3.050000,2.620000,3.606557,-14.098361,false,0.000000,execution_costs_v1.0,0.000000,0.000000,,,,
2024-08-22,GTLB,BBG00DHTYPJ6,0,false,46.930000,46.120000,0.394204,-1.725975,false,0.000000,execution_costs_v1.0,0.000000,0.000000,,,,
2024-08-22,GTLS,BBG001SQV7W4,0,false,118.970000,116.750000,0.857359,-1.866017,false,0.000000,execution_costs_v1.0,0.000000,0.000000,,,,
2024-08-22,GTN,BBG001S8SQK9,1,false,4.840000,4.875000,3.099174,0.723140,false,0.000000,execution_costs_v1.0,0.000000,0.000000,,,,
2024-08-22,GTX,BBG00HY28Q04,0,false,8.080000,8.105000,1.794554,0.309406,false,0.000000,execution_costs_v1.0,0.000000,0.000000,,,,
2024-08-22,GTY,BBG001S5RQR9,0,false,30.860000,30.870000,0.097213,0.032404,false,0.000000,execution_costs_v1.0,0.000000,0.000000,,,,
2024-08-22,GVA,BBG001S8WD96,0,false,71.240000,71.720000,1.894862,0.673779,false,0.000000,execution_costs_v1.0,0.000000,0.000000,,,,
2024-08-22,GWRE,BBG001TWHGX5,0,false,148.380000,146.600000,0.896347,-1.199623,false,0.000000,execution_costs_v1.0,0.000000,0.000000,,,,
2024-08-22,GXO,BBG00YDGX9Z1,0,false,48.430000,49.000000,1.879001,1.176956,false,0.000000,execution_costs_v1.0,0.000000,0.000000,,,,
2024-08-22,GYRE,BBG001SDL5X7,0,false,12.000000,11.640000,0.666667,-3.000000,false,0.000000,execution_costs_v1.0,0.000000,0.000000,,,,
2024-08-22,H,BBG001SFNHB8,0,false,145.410000,144.860000,1.320404,-0.378241,false,0.000000,execution_costs_v1.0,0.000000,0.000000,,,,
2024-08-22,HA,BBG001S5RRT5,38,true,17.500000,17.380000,0.285714,-0.685714,false,0.000000,execution_costs_v1.0,0.000000,0.000000,,,,
2024-08-22,HAE,BBG001S6QB64,0,false,75.500000,75.510000,0.913907,0.013245,false,0.000000,execution_costs_v1.0,0.000000,0.000000,,,,
2024-08-22,HAFC,BBG001SFGJ31,0,false,18.670000,18.960000,1.767542,1.553294,false,0.000000,execution_costs_v1.0,0.000000,0.000000,,,,
2024-08-22,HAFN,0001815779,5,false,7.680000,7.690000,0.976562,0.130208,false,0.000000,execution_costs_v1.0,0.000000,0.000000,,,,
2024-08-22,HAIN,BBG001SBCKV0,0,false,6.380000,6.150000,1.253918,-3.605016,false,0.000000,execution_costs_v1.0,0.000000,0.000000,,,,
2024-08-22,HALO,BBG001SGX585,0,false,62.250000,61.660000,0.530120,-0.947791,false,0.000000,execution_costs_v1.0,0.000000,0.000000,,,,
2024-08-22,HAS,BBG001S5RSQ6,0,false,67.000000,66.840000,0.552239,-0.238806,false,0.000000,execution_costs_v1.0,0.000000,0.000000,,,,
2024-08-22,HASI,BBG0044K5DN3,0,false,30.780000,30.870000,1.397011,0.292398,false,0.000000,execution_costs_v1.0,0.000000,0.000000,,,,
2024-08-22,HAYN,BBG001SL1ZT0,0,false,59.990000,59.880000,0.183364,-0.183364,false,0.000000,execution_costs_v1.0,0.000000,0.000000,,,,
2024-08-22,HAYW,BBG00Z9CCSB9,0,false,14.420000,14.410000,0.866852,-0.069348,false,0.000000,execution_costs_v1.0,0.000000,0.000000,,,,
2024-08-22,HBANL,0000049196,0,false,25.490000,25.390000,0.015300,-0.392311,false,0.000000,execution_costs_v1.0,0.000000,0.000000,,,,
2024-08-22,HBB,BBG00HJ4P6S2,0,false,27.200000,27.600000,1.544118,1.470588,false,0.000000,execution_costs_v1.0,0.000000,0.000000,,,,
2024-08-22,HBCP,BBG001ST9B63,0,false,41.090000,41.090000,0.000000,0.000000,false,0.000000,execution_costs_v1.0,0.000000,0.000000,,,,
2024-08-22,HBI,BBG001SMCKB8,1,false,6.250000,6.095000,0.640000,-2.480000,false,0.000000,execution_costs_v1.0,0.000000,0.000000,,,,
2024-08-22,HBM,BBG001SL27N7,0,false,7.900000,7.905000,1.139241,0.063291,false,0.000000,execution_costs_v1.0,0.000000,0.000000,,,,
2024-08-22,HBNC,BBG001S7SGW0,0,false,14.850000,14.900000,1.481481,0.336700,false,0.000000,execution_costs_v1.0,0.000000,0.000000,,,,
2024-08-22,HBT,BBG00Q8J7380,0,false,21.360000,21.440000,0.983146,0.374532,false,0.000000,execution_costs_v1.0,0.000000,0.000000,,,,
2024-08-22,HCAT,BBG00LDPZMT5,0,false,7.170000,7.060000,0.000000,-1.534170,false,0.000000,execution_costs_v1.0,0.000000,0.000000,,,,
2024-08-22,HCC,BBG00GD1JNK4,0,false,59.520000,57.890000,1.377688,-2.738575,false,0.000000,execution_costs_v1.0,0.000000,0.000000,,,,
2024-08-22,HCI,BBG001T2C2P6,0,false,92.630000,90.750000,0.334665,-2.029580,false,0.000000,execution_costs_v1.0,0.000000,0.000000,,,,
2024-08-22,HCKT,BBG001S5VLP7,0,false,26.060000,25.750000,0.000000,-1.189563,false,0.000000,execution_costs_v1.0,0.000000,0.000000,,,,
2024-08-22,HCP,BBG007PZ2T94,0,false,33.900000,33.880000,0.088496,-0.058997,false,0.000000,execution_costs_v1.0,0.000000,0.000000,,,,
2024-08-22,HCSG,BBG001S5RTV8,0,false,10.670000,10.550000,0.374883,-1.124649,false,0.000000,execution_costs_v1.0,0.000000,0.000000,,,,
2024-08-22,HDSN,BBG001S77CN2,0,false,8.190000,8.000000,0.000000,-2.319902,false,0.000000,execution_costs_v1.0,0.000000,0.000000,,,,
2024-08-22,HE,BBG001S5RV43,3,false,11.570000,11.140000,0.540190,-3.716508,false,0.000000,execution_costs_v1.0,0.000000,0.000000,,,,
2024-08-22,HEAR,BBG001SPDGN6,0,false,15.220000,15.020000,0.000000,-1.314060,false,0.000000,execution_costs_v1.0,0.000000,0.000000,,,,
2024-08-22,HEES,BBG001SKSFQ0,0,false,46.630000,46.360000,0.214454,-0.579026,false,0.000000,execution_costs_v1.0,0.000000,0.000000,,,,
2024-08-22,HELE,0000916789,0,false,52.450000,51.140000,0.408008,-2.497617,false,0.000000,execution_costs_v1.0,0.000000,0.000000,,,,
2024-08-22,HESM,BBG00R02H8F3,0,false,36.550000,36.680000,0.793434,0.355677,false,0.000000,execution_costs_v1.0,0.000000,0.000000,,,,
2024-08-22,HFWA,BBG001SBJ270,0,false,21.840000,22.010000,1.327839,0.778388,false,0.000000,execution_costs_v1.0,0.000000,0.000000,,,,
2024-08-22,HG,0001593275,0,false,19.020000,19.160000,1.104101,0.736067,false,0.000000,execution_costs_v1.0,0.000000,0.000000,,,,
2024-08-22,HGTY,BBG00Z9FKN97,0,false,11.110000,11.410000,2.880288,2.700270,false,0.000000,execution_costs_v1.0,0.000000,0.000000,,,,
2024-08-22,HGV,BBG00CBYY6L2,0,false,37.210000,37.410000,1.451223,0.537490,false,0.000000,execution_costs_v1.0,0.000000,0.000000,,,,
2024-08-22,HHH,BBG01HTMDZ63,0,false,73.220000,72.140000,0.000000,-1.475007,false,0.000000,execution_costs_v1.0,0.000000,0.000000,,,,
2024-08-22,HI,BBG001STH2P3,0,false,33.460000,32.820000,0.000000,-1.912732,false,0.000000,execution_costs_v1.0,0.000000,0.000000,,,,
2024-08-22,HIFS,BBG001S614T2,0,false,243.540000,240.940000,0.000000,-1.067586,false,0.000000,execution_costs_v1.0,0.000000,0.000000,,,,
2024-08-22,HII,BBG001V0PDL3,0,false,271.540000,272.160000,0.504530,0.228327,false,0.000000,execution_costs_v1.0,0.000000,0.000000,,,,
2024-08-22,HIMS,BBG00Q5LQWK9,54,true,17.290000,16.460000,1.850781,-4.800463,false,0.000000,execution_costs_v1.0,0.000000,0.000000,,,,
2024-08-22,HIPO,BBG00YRW9292,0,false,18.440000,18.300000,1.084599,-0.759219,false,0.000000,execution_costs_v1.0,0.000000,0.000000,,,,
2024-08-22,HIVE,BBG001SFKS45,9,false,3.300000,3.160000,0.303030,-4.242424,false,0.000000,execution_costs_v1.0,0.000000,0.000000,,,,
2024-08-22,HIW,BBG001S7X2X4,1,false,31.340000,31.260000,0.000000,-0.255265,false,0.000000,execution_costs_v1.0,0.000000,0.000000,,,,
2024-08-22,HL,BBG001S5RXF7,10,true,6.040000,6.020000,0.331126,-0.331126,false,0.000000,execution_costs_v1.0,0.000000,0.000000,,,,
2024-08-22,HLF,0001180262,0,false,8.430000,8.375000,1.304864,-0.652432,false,0.000000,execution_costs_v1.0,0.000000,0.000000,,,,
2024-08-22,HLI,BBG001SFVN99,0,false,152.540000,153.310000,1.055461,0.504786,false,0.000000,execution_costs_v1.0,0.000000,0.000000,,,,
2024-08-22,HLIO,BBG001S99DF3,0,false,44.390000,43.060000,0.022528,-2.996170,false,0.000000,execution_costs_v1.0,0.000000,0.000000,,,,
2024-08-22,HLIT,BBG001S73CC8,0,false,14.000000,13.730000,0.250000,-1.928571,false,0.000000,execution_costs_v1.0,0.000000,0.000000,,,,
2024-08-22,HLLY,BBG00Y3N2SD3,0,false,3.150000,3.100000,0.952381,-1.587302,false,0.000000,execution_costs_v1.0,0.000000,0.000000,,,,
2024-08-22,HLMN,BBG00YC6W7C4,1,false,9.360000,9.270000,0.747863,-0.961538,false,0.000000,execution_costs_v1.0,0.000000,0.000000,,,,
2024-08-22,HLNE,BBG00FX58Q75,0,false,144.990000,147.250000,1.558728,1.558728,false,0.000000,execution_costs_v1.0,0.000000,0.000000,,,,
2024-08-22,HLX,BBG001S978V8,11,true,10.500000,10.480000,1.569524,-0.190476,false,0.000000,execution_costs_v1.0,0.000000,0.000000,,,,
2024-08-22,HMN,BBG001S5RY01,0,false,34.100000,34.090000,0.630499,-0.029326,false,0.000000,execution_costs_v1.0,0.000000,0.000000,,,,
2024-08-22,HNI,BBG001S6Q6F5,0,false,52.460000,52.190000,0.409836,-0.514678,false,0.000000,execution_costs_v1.0,0.000000,0.000000,,,,
2024-08-22,HNST,BBG002TWLBM1,7,false,4.540000,4.345000,0.773128,-4.295154,false,0.000000,execution_costs_v1.0,0.000000,0.000000,,,,
2024-08-22,HOG,BBG001S5RTY5,0,false,37.170000,36.260000,0.484262,-2.448211,false,0.000000,execution_costs_v1.0,0.000000,0.000000,,,,
2024-08-22,HOMB,BBG001SN0R60,0,false,26.740000,26.820000,0.897532,0.299177,false,0.000000,execution_costs_v1.0,0.000000,0.000000,,,,
2024-08-22,HONE,BBG00NKZNGC5,0,false,12.520000,12.500000,1.038339,-0.159744,false,0.000000,execution_costs_v1.0,0.000000,0.000000,,,,
2024-08-22,HOOK,BBG00NGMNKS3,0,false,5.130000,5.120000,0.389864,-0.194932,false,0.000000,execution_costs_v1.0,0.000000,0.000000,,,,
2024-08-22,HOPE,BBG001S8F2H0,0,false,12.250000,12.230000,0.571429,-0.163265,false,0.000000,execution_costs_v1.0,0.000000,0.000000,,,,
2024-08-22,HOUS,BBG001SSDCC1,0,false,4.830000,4.780000,1.863354,-1.035197,false,0.000000,execution_costs_v1.0,0.000000,0.000000,,,,
2024-08-22,HOV,BBG001S5RZM4,0,false,212.670000,238.740000,13.010768,12.258429,true,0.000000,execution_costs_v1.0,0.000000,0.000000,,,,
2024-08-22,HP,BBG001S5RZP1,0,false,32.840000,32.390000,0.943971,-1.370280,false,0.000000,execution_costs_v1.0,0.000000,0.000000,,,,
2024-08-22,HPK,BBG00RD1PYR2,0,false,15.120000,15.120000,0.925926,0.000000,false,0.000000,execution_costs_v1.0,0.000000,0.000000,,,,
2024-08-22,HPP,BBG001T6TCN9,1,false,5.210000,5.140000,0.959693,-1.343570,false,0.000000,execution_costs_v1.0,0.000000,0.000000,,,,
2024-08-22,HQY,BBG001T8JKN8,0,false,75.170000,75.200000,0.605295,0.039910,false,0.000000,execution_costs_v1.0,0.000000,0.000000,,,,
2024-08-22,HR,BBG001T5WP21,0,false,17.390000,17.410000,0.747556,0.115009,false,0.000000,execution_costs_v1.0,0.000000,0.000000,,,,
2024-08-22,HRB,BBG001S5S031,0,false,64.640000,63.670000,0.108292,-1.500619,false,0.000000,execution_costs_v1.0,0.000000,0.000000,,,,
2024-08-22,HRI,BBG001SNNBX0,0,false,137.680000,138.230000,1.852121,0.399477,false,0.000000,execution_costs_v1.0,0.000000,0.000000,,,,
2024-08-22,HRMY,BBG00WBPG548,0,false,36.820000,36.010000,0.000000,-2.199891,false,0.000000,execution_costs_v1.0,0.000000,0.000000,,,,
2024-08-22,HROW,BBG001SSTRN9,0,false,40.420000,41.320000,3.908956,2.226620,false,0.000000,execution_costs_v1.0,0.000000,0.000000,,,,
2024-08-22,HRTG,BBG006D4PF57,4,false,14.630000,14.890000,1.777170,1.777170,false,0.000000,execution_costs_v1.0,0.000000,0.000000,,,,
2024-08-22,HRZN,BBG001T7JC58,0,false,11.100000,11.080000,0.450450,-0.180180,false,0.000000,execution_costs_v1.0,0.000000,0.000000,,,,
2024-08-22,HSAI,BBG01CCYDDZ3,0,false,4.280000,4.220000,1.168224,-1.401869,false,0.000000,execution_costs_v1.0,0.000000,0.000000,,,,
2024-08-22,HSHP,0001959455,3,false,7.440000,7.460000,2.419355,0.268817,false,0.000000,execution_costs_v1.0,0.000000,0.000000,,,,
2024-08-22,HSIC,BBG001S6S7F1,0,false,70.240000,69.860000,0.583713,-0.541002,false,0.000000,execution_costs_v1.0,0.000000,0.000000,,,,
2024-08-22,HSII,BBG001SCQ2H9,0,false,37.530000,37.270000,0.266454,-0.692779,false,0.000000,execution_costs_v1.0,0.000000,0.000000,,,,
2024-08-22,HST,BBG001S5RY83,1,false,16.880000,17.110000,2.784360,1.362559,false,0.000000,execution_costs_v1.0,0.000000,0.000000,,,,
2024-08-22,HSTM,BBG001SCR2T5,0,false,28.150000,28.200000,0.852575,0.177620,false,0.000000,execution_costs_v1.0,0.000000,0.000000,,,,
2024-08-22,HTBI,BBG002CV5WZ9,0,false,34.180000,33.770000,2.340550,-1.199532,false,0.000000,execution_costs_v1.0,0.000000,0.000000,,,,
2024-08-22,HTBK,BBG001SBY8P0,0,false,9.690000,9.670000,0.825593,-0.206398,false,0.000000,execution_costs_v1.0,0.000000,0.000000,,,,
2024-08-22,HTGC,BBG001SDPHZ5,1,false,18.340000,18.290000,0.981461,-0.272628,false,0.000000,execution_costs_v1.0,0.000000,0.000000,,,,
2024-08-22,HTH,BBG001SH9HH4,0,false,31.250000,31.340000,1.440000,0.288000,false,0.000000,execution_costs_v1.0,0.000000,0.000000,,,,
2024-08-22,HTLD,BBG001S5S1D8,0,false,12.400000,12.195000,0.322581,-1.653226,false,0.000000,execution_costs_v1.0,0.000000,0.000000,,,,
2024-08-22,HTLF,BBG001S8WBN4,0,false,52.790000,52.630000,0.511461,-0.303088,false,0.000000,execution_costs_v1.0,0.000000,0.000000,,,,
2024-08-22,HTZ,BBG011N571V5,2,false,3.400000,3.120000,0.294118,-8.235294,false,0.000000,execution_costs_v1.0,0.000000,0.000000,,,,
2024-08-22,HUBG,BBG001S8SNQ0,0,false,43.170000,42.990000,1.019226,-0.416956,false,0.000000,execution_costs_v1.0,0.000000,0.000000,,,,
2024-08-22,HUMA,BBG00XPPT7T6,9,false,6.480000,6.405000,1.697531,-1.157407,false,0.000000,execution_costs_v1.0,0.000000,0.000000,,,,
2024-08-22,HUN,BBG001SKWX22,0,false,21.170000,21.010000,0.897496,-0.755786,false,0.000000,execution_costs_v1.0,0.000000,0.000000,,,,
2024-08-22,HURN,BBG001SLSXM3,0,false,105.740000,105.370000,0.766030,-0.349915,false,0.000000,execution_costs_v1.0,0.000000,0.000000,,,,
2024-08-22,HUT,BBG00390LJJ8,16,true,12.140000,11.430000,0.404448,-5.848435,false,0.000000,execution_costs_v1.0,0.000000,0.000000,,,,
2024-08-22,HVT,BBG001SBYDJ6,0,false,28.500000,26.450000,0.000000,-7.192982,false,0.000000,execution_costs_v1.0,0.000000,0.000000,,,,
2024-08-22,HWC,BBG001S6S985,0,false,50.160000,50.390000,1.136364,0.458533,false,0.000000,execution_costs_v1.0,0.000000,0.000000,,,,
2024-08-22,HWKN,BBG001S5S282,0,false,123.360000,121.230000,0.413424,-1.726654,false,0.000000,execution_costs_v1.0,0.000000,0.000000,,,,
2024-08-22,HXL,BBG001S5S2J0,0,false,63.700000,63.350000,0.094192,-0.549451,false,0.000000,execution_costs_v1.0,0.000000,0.000000,,,,
2024-08-22,HY,BBG001S5YDZ1,0,false,60.870000,59.630000,0.147856,-2.037128,false,0.000000,execution_costs_v1.0,0.000000,0.000000,,,,
2024-08-22,HYLN,BBG00N9MJV02,8,false,1.990000,1.955000,1.412060,-1.758794,false,0.000000,execution_costs_v1.0,0.000000,0.000000,,,,
2024-08-22,HZO,BBG001SBS2N2,0,false,30.390000,30.030000,0.000000,-1.184600,false,0.000000,execution_costs_v1.0,0.000000,0.000000,,,,
2024-08-22,IAC,BBG00S1LR2D2,0,false,51.510000,51.310000,0.427102,-0.388274,false,0.000000,execution_costs_v1.0,0.000000,0.000000,,,,
2024-08-22,IAG,BBG001S8SMV6,6,false,5.210000,5.165000,0.383877,-0.863724,false,0.000000,execution_costs_v1.0,0.000000,0.000000,,,,
2024-08-22,IART,BBG001S7JWM6,0,false,21.030000,20.390000,0.271041,-3.043272,false,0.000000,execution_costs_v1.0,0.000000,0.000000,,,,
2024-08-22,IAS,BBG011BPJYL0,0,false,11.480000,11.280000,0.018293,-1.742160,false,0.000000,execution_costs_v1.0,0.000000,0.000000,,,,
2024-08-22,IAUX,BBG00Z3VDWG8,1,false,1.070000,1.020000,0.000000,-4.672897,false,0.000000,execution_costs_v1.0,0.000000,0.000000,,,,
2024-08-22,IBCP,BBG001S5S335,0,false,32.300000,32.530000,1.532508,0.712074,false,0.000000,execution_costs_v1.0,0.000000,0.000000,,,,
2024-08-22,IBKR,BBG001SQ4YC7,0,false,123.370000,124.115000,0.826781,0.603875,false,0.000000,execution_costs_v1.0,0.000000,0.000000,,,,
2024-08-22,IBOC,BBG001S6YYJ1,0,false,60.480000,60.230000,0.777116,-0.413360,false,0.000000,execution_costs_v1.0,0.000000,0.000000,,,,
2024-08-22,IBP,BBG005TJKF09,0,false,219.310000,217.920000,1.094615,-0.633806,false,0.000000,execution_costs_v1.0,0.000000,0.000000,,,,
2024-08-22,IBRX,BBG007T9DYX8,16,true,4.380000,4.170000,2.054795,-4.794521,false,0.000000,execution_costs_v1.0,0.000000,0.000000,,,,
2024-08-22,IBTX,BBG003981NT3,0,false,54.690000,54.731000,1.645639,0.074968,false,0.000000,execution_costs_v1.0,0.000000,0.000000,,,,
2024-08-22,ICFI,BBG001S6L7P7,0,false,159.950000,159.590000,0.840888,-0.225070,false,0.000000,execution_costs_v1.0,0.000000,0.000000,,,,
2024-08-22,ICHR,0001652535,0,false,32.010000,30.610000,0.156201,-4.373633,false,0.000000,execution_costs_v1.0,0.000000,0.000000,,,,
2024-08-22,ICL,0000941221,2,false,4.200000,4.210000,1.428571,0.238095,false,0.000000,execution_costs_v1.0,0.000000,0.000000,,,,
2024-08-22,ICU,BBG00YVJVRL2,3,false,6.300000,6.380000,3.012698,1.269841,false,0.000000,execution_costs_v1.0,0.000000,0.000000,,,,
2024-08-22,ICUI,BBG001S712B3,0,false,157.160000,158.810000,1.807076,1.049885,false,0.000000,execution_costs_v1.0,0.000000,0.000000,,,,
2024-08-22,IDA,BBG001S5S4M2,0,false,102.770000,102.200000,0.000000,-0.554637,false,0.000000,execution_costs_v1.0,0.000000,0.000000,,,,
2024-08-22,IDCC,BBG001S8DV79,0,false,136.100000,134.460000,0.264511,-1.204996,false,0.000000,execution_costs_v1.0,0.000000,0.000000,,,,
2024-08-22,IDT,BBG001SHWDJ5,0,false,36.640000,37.280000,2.128821,1.746725,false,0.000000,execution_costs_v1.0,0.000000,0.000000,,,,
2024-08-22,IDYA,BBG00CTZ4D92,0,false,39.880000,38.320000,0.087763,-3.911735,false,0.000000,execution_costs_v1.0,0.000000,0.000000,,,,
2024-08-22,IE,BBG012WFRMH9,0,false,7.230000,6.990000,0.968188,-3.319502,false,0.000000,execution_costs_v1.0,0.000000,0.000000,,,,
2024-08-22,IEP,BBG001S5NBT4,6,false,15.480000,15.835000,3.359173,2.293282,false,0.000000,execution_costs_v1.0,0.000000,0.000000,,,,
2024-08-22,IESC,BBG001SR2L71,0,false,175.840000,175.070000,2.121247,-0.437898,false,0.000000,execution_costs_v1.0,0.000000,0.000000,,,,
2024-08-22,IFS,0001615903,0,false,23.940000,23.790000,0.062657,-0.626566,false,0.000000,execution_costs_v1.0,0.000000,0.000000,,,,
2024-08-22,IGIC,0001794338,0,false,16.700000,17.040000,2.086826,2.035928,false,0.000000,execution_costs_v1.0,0.000000,0.000000,,,,
2024-08-22,IGMS,BBG00PNR1BV9,0,false,11.000000,10.860000,3.454545,-1.272727,false,0.000000,execution_costs_v1.0,0.000000,0.000000,,,,
2024-08-22,IGT,0001619762,0,false,22.030000,21.770000,0.136178,-1.180209,false,0.000000,execution_costs_v1.0,0.000000,0.000000,,,,
2024-08-22,IHS,0001876183,0,false,3.530000,3.580000,3.116147,1.416431,false,0.000000,execution_costs_v1.0,0.000000,0.000000,,,,
2024-08-22,IIIN,BBG001SK9GV3,0,false,33.020000,32.600000,0.000000,-1.271956,false,0.000000,execution_costs_v1.0,0.000000,0.000000,,,,
2024-08-22,IIIV,BBG00L32N3P6,0,false,21.500000,21.310000,0.813953,-0.883721,false,0.000000,execution_costs_v1.0,0.000000,0.000000,,,,
2024-08-22,IIPR,BBG00F0SW7P6,0,false,122.020000,120.840000,0.188494,-0.967055,false,0.000000,execution_costs_v1.0,0.000000,0.000000,,,,
2024-08-22,IMAX,BBG001S5Z701,0,false,21.000000,21.190000,2.047619,0.904762,false,0.000000,execution_costs_v1.0,0.000000,0.000000,,,,
2024-08-22,IMKTA,BBG001S5S7D5,0,false,71.150000,70.340000,0.281096,-1.138440,false,0.000000,execution_costs_v1.0,0.000000,0.000000,,,,
2024-08-22,IMMR,BBG001SD4N12,12,true,9.900000,9.340000,0.707071,-5.656566,false,0.000000,execution_costs_v1.0,0.000000,0.000000,,,,
2024-08-22,IMNM,BBG00BR94298,0,false,15.290000,14.600000,3.270111,-4.512753,false,0.000000,execution_costs_v1.0,0.000000,0.000000,,,,
2024-08-22,IMTX,0001809196,0,false,11.510000,11.200000,0.000000,-2.693310,false,0.000000,execution_costs_v1.0,0.000000,0.000000,,,,
2024-08-22,IMVT,BBG00P5MC0R7,1,false,32.580000,31.400000,0.337630,-3.621854,false,0.000000,execution_costs_v1.0,0.000000,0.000000,,,,
2024-08-22,IMXI,BBG00G6D5NH5,0,false,17.020000,17.100000,0.940071,0.470035,false,0.000000,execution_costs_v1.0,0.000000,0.000000,,,,
2024-08-22,INBX,BBG01MS5QB96,0,false,13.000000,13.060000,0.615385,0.461538,false,0.000000,execution_costs_v1.0,0.000000,0.000000,,,,
2024-08-22,INCY,BBG001S8Q6N2,0,false,64.360000,63.030000,0.000000,-2.066501,false,0.000000,execution_costs_v1.0,0.000000,0.000000,,,,
2024-08-22,INDB,BBG001S5S8F1,0,false,58.800000,59.240000,1.496599,0.748299,false,0.000000,execution_costs_v1.0,0.000000,0.000000,,,,
2024-08-22,INDI,BBG00Z3XTNY7,4,false,4.300000,4.080000,0.000000,-5.116279,false,0.000000,execution_costs_v1.0,0.000000,0.000000,,,,
2024-08-22,INDV,0001625297,2,false,12.300000,12.130000,0.000000,-1.382114,false,0.000000,execution_costs_v1.0,0.000000,0.000000,,,,
2024-08-22,INFA,BBG012THM4K0,0,false,24.590000,24.370000,0.081334,-0.894673,false,0.000000,execution_costs_v1.0,0.000000,0.000000,,,,
2024-08-22,INFN,BBG001SSYWD3,0,false,6.080000,6.015000,0.986842,-1.069079,false,0.000000,execution_costs_v1.0,0.000000,0.000000,,,,
2024-08-22,INGR,BBG001SBH4X9,0,false,132.450000,132.040000,0.275576,-0.309551,false,0.000000,execution_costs_v1.0,0.000000,0.000000,,,,
2024-08-22,INMD,0001742692,1,false,16.040000,15.500000,0.810474,-3.366584,false,0.000000,execution_costs_v1.0,0.000000,0.000000,,,,
2024-08-22,INN,BBG001TB84G7,0,false,6.750000,6.725000,0.740741,-0.370370,false,0.000000,execution_costs_v1.0,0.000000,0.000000,,,,
2024-08-22,INNV,BBG00Z6F87V4,0,false,6.360000,6.068000,0.000000,-4.591195,false,0.000000,execution_costs_v1.0,0.000000,0.000000,,,,
2024-08-22,INOD,BBG001S7DVN3,2,false,18.630000,17.840000,4.079442,-4.240472,false,0.000000,execution_costs_v1.0,0.000000,0.000000,,,,
2024-08-22,INSM,BBG001S9SKW7,0,false,77.200000,78.990000,4.313472,2.318653,false,0.000000,execution_costs_v1.0,0.000000,0.000000,,,,
2024-08-22,INSP,BBG00209SZK5,0,false,188.680000,186.090000,1.383294,-1.372695,false,0.000000,execution_costs_v1.0,0.000000,0.000000,,,,
2024-08-22,INST,BBG011MGVC50,0,false,23.450000,23.410000,0.000000,-0.170576,false,0.000000,execution_costs_v1.0,0.000000,0.000000,,,,
2024-08-22,INSW,0001679049,2,false,50.270000,49.970000,0.139248,-0.596777,false,0.000000,execution_costs_v1.0,0.000000,0.000000,,,,
2024-08-22,INTA,BBG002ZHMJ58,0,false,43.080000,43.260000,0.974930,0.417827,false,0.000000,execution_costs_v1.0,0.000000,0.000000,,,,
2024-08-22,INTR,0001864163,2,false,7.560000,7.480000,0.925926,-1.058201,false,0.000000,execution_costs_v1.0,0.000000,0.000000,,,,
2024-08-22,INVA,BBG001SF23V0,0,false,18.530000,18.640000,0.647598,0.593632,false,0.000000,execution_costs_v1.0,0.000000,0.000000,,,,
2024-08-22,INZY,BBG00J7QJMD0,0,false,5.140000,5.120000,1.167315,-0.389105,false,0.000000,execution_costs_v1.0,0.000000,0.000000,,,,
2024-08-22,IONQ,BBG00XZP0LC3,33,true,7.700000,7.315000,0.687013,-5.000000,false,0.000000,execution_costs_v1.0,0.000000,0.000000,,,,
2024-08-22,IONS,BBG001SB7RD1,0,false,48.160000,47.530000,0.477575,-1.308140,false,0.000000,execution_costs_v1.0,0.000000,0.000000,,,,
2024-08-22,IOSP,BBG001S8RTD2,0,false,111.500000,111.780000,0.887892,0.251121,false,0.000000,execution_costs_v1.0,0.000000,0.000000,,,,
2024-08-22,IOVA,BBG001T2PM32,19,true,11.880000,11.620000,0.841751,-2.188552,false,0.000000,execution_costs_v1.0,0.000000,0.000000,,,,
2024-08-22,IPAR,BBG001SD06N9,0,false,124.800000,122.520000,0.953526,-1.826923,false,0.000000,execution_costs_v1.0,0.000000,0.000000,,,,
2024-08-22,IPG,BBG001S6RLK5,0,false,31.650000,31.670000,0.410742,0.063191,false,0.000000,execution_costs_v1.0,0.000000,0.000000,,,,
2024-08-22,IPGP,BBG001SG95B8,0,false,71.200000,69.780000,0.548455,-1.994382,false,0.000000,execution_costs_v1.0,0.000000,0.000000,,,,
2024-08-22,IPI,BBG001T0ZCR1,0,false,23.400000,22.410000,0.170940,-4.230769,false,0.000000,execution_costs_v1.0,0.000000,0.000000,,,,
2024-08-22,IRDM,BBG001T21JT7,0,false,26.660000,26.440000,2.175544,-0.825206,false,0.000000,execution_costs_v1.0,0.000000,0.000000,,,,
2024-08-22,IREN,0001878848,35,true,8.600000,8.100000,1.627907,-5.813953,false,0.000000,execution_costs_v1.0,0.000000,0.000000,,,,
2024-08-22,IRMD,BBG006NM92Y1,0,false,44.950000,44.645000,1.179088,-0.678532,false,0.000000,execution_costs_v1.0,0.000000,0.000000,,,,
2024-08-22,IRON,BBG00W9MJL04,0,false,51.350000,48.760000,0.000000,-5.043817,false,0.000000,execution_costs_v1.0,0.000000,0.000000,,,,
2024-08-22,IRT,BBG004Q00LJ5,0,false,19.690000,19.760000,0.558659,0.355510,false,0.000000,execution_costs_v1.0,0.000000,0.000000,,,,
2024-08-22,IRTC,BBG001TSQV70,0,false,71.440000,69.890000,0.265817,-2.169653,false,0.000000,execution_costs_v1.0,0.000000,0.000000,,,,
2024-08-22,IRWD,BBG001SNZLM7,0,false,4.990000,4.700000,1.402806,-5.811623,false,0.000000,execution_costs_v1.0,0.000000,0.000000,,,,
2024-08-22,ISPR,BBG01DR6S4R9,0,false,7.400000,7.240000,1.477027,-2.162162,false,0.000000,execution_costs_v1.0,0.000000,0.000000,,,,
2024-08-22,ITCI,BBG0026ZFZD3,0,false,75.640000,74.320000,0.145426,-1.745108,false,0.000000,execution_costs_v1.0,0.000000,0.000000,,,,
2024-08-22,ITGR,BBG001SFBS27,0,false,123.000000,123.780000,0.926829,0.634146,false,0.000000,execution_costs_v1.0,0.000000,0.000000,,,,
2024-08-22,ITI,BBG001S7JWV6,0,false,7.050000,7.060000,0.567376,0.141844,false,0.000000,execution_costs_v1.0,0.000000,0.000000,,,,
2024-08-22,ITIC,BBG001S5SDL3,0,false,220.880000,216.300000,0.194676,-2.073524,false,0.000000,execution_costs_v1.0,0.000000,0.000000,,,,
2024-08-22,ITOS,BBG00VPNFT94,0,false,17.580000,17.470000,0.000000,-0.625711,false,0.000000,execution_costs_v1.0,0.000000,0.000000,,,,
2024-08-22,ITRI,BBG001S6DJQ9,0,false,99.460000,100.225000,1.729338,0.769153,false,0.000000,execution_costs_v1.0,0.000000,0.000000,,,,
2024-08-22,ITRN,0001337117,0,false,28.510000,28.150000,0.315679,-1.262715,false,0.000000,execution_costs_v1.0,0.000000,0.000000,,,,
2024-08-22,ITT,BBG00CVQZQB3,0,false,135.880000,134.920000,0.507801,-0.706506,false,0.000000,execution_costs_v1.0,0.000000,0.000000,,,,
2024-08-22,IVR,BBG001T2XPD5,1,false,8.690000,8.550000,0.113924,-1.611047,false,0.000000,execution_costs_v1.0,0.000000,0.000000,,,,
2024-08-22,IVT,BBG001SCGX73,0,false,28.210000,28.230000,0.106345,0.070897,false,0.000000,execution_costs_v1.0,0.000000,0.000000,,,,
2024-08-22,IVZ,0000914208,0,false,16.790000,16.730000,0.178678,-0.357356,false,0.000000,execution_costs_v1.0,0.000000,0.000000,,,,
2024-08-22,JACK,BBG001SDBB01,0,false,52.090000,50.920000,1.171050,-2.246112,false,0.000000,execution_costs_v1.0,0.000000,0.000000,,,,
2024-08-22,JAMF,BBG00VSYYVC7,0,false,18.510000,17.895000,0.432199,-3.322528,false,0.000000,execution_costs_v1.0,0.000000,0.000000,,,,
2024-08-22,JANX,BBG00ZHSKH39,0,false,45.000000,44.250000,0.000000,-1.666667,false,0.000000,execution_costs_v1.0,0.000000,0.000000,,,,
2024-08-22,JAZZ,0001232524,0,false,114.890000,114.540000,0.342327,-0.304639,false,0.000000,execution_costs_v1.0,0.000000,0.000000,,,,
2024-08-22,JBGS,BBG00F5FNKK5,0,false,17.290000,17.280000,0.393291,-0.057837,false,0.000000,execution_costs_v1.0,0.000000,0.000000,,,,
2024-08-22,JBI,BBG0100SH2D9,0,false,11.050000,10.920000,0.615385,-1.176471,false,0.000000,execution_costs_v1.0,0.000000,0.000000,,,,
2024-08-22,JBL,BBG001S7RB70,0,false,108.730000,107.230000,0.496551,-1.379564,false,0.000000,execution_costs_v1.0,0.000000,0.000000,,,,
2024-08-22,JBLU,BBG001S9YPC1,12,true,4.780000,4.730000,0.627615,-1.046025,false,0.000000,execution_costs_v1.0,0.000000,0.000000,,,,
2024-08-22,JBSS,BBG001S6WMC6,0,false,100.470000,93.320000,0.000000,-7.116552,false,0.000000,execution_costs_v1.0,0.000000,0.000000,,,,
2024-08-22,JBT,BBG001SQLKR2,0,false,88.620000,86.900000,0.107199,-1.940871,false,0.000000,execution_costs_v1.0,0.000000,0.000000,,,,
2024-08-22,JEF,BBG001S5SX02,0,false,57.490000,57.400000,0.713168,-0.156549,false,0.000000,execution_costs_v1.0,0.000000,0.000000,,,,
2024-08-22,JELD,BBG001TG2G57,0,false,13.930000,13.765000,0.789663,-1.184494,false,0.000000,execution_costs_v1.0,0.000000,0.000000,,,,
2024-08-22,JHG,0001274173,0,false,36.910000,36.590000,0.379301,-0.866974,false,0.000000,execution_costs_v1.0,0.000000,0.000000,,,,
2024-08-22,JILL,BBG00FZBYDT6,0,false,34.150000,33.320000,0.000000,-2.430454,false,0.000000,execution_costs_v1.0,0.000000,0.000000,,,,
2024-08-22,JJSF,BBG001S5SH98,0,false,173.000000,170.630000,0.763006,-1.369942,false,0.000000,execution_costs_v1.0,0.000000,0.000000,,,,
2024-08-22,JKHY,BBG001S5SHB5,0,false,165.420000,163.690000,0.749607,-1.045823,false,0.000000,execution_costs_v1.0,0.000000,0.000000,,,,
2024-08-22,JLL,BBG001SCLGS1,0,false,246.590000,247.330000,0.997607,0.300093,false,0.000000,execution_costs_v1.0,0.000000,0.000000,,,,
2024-08-22,JNPR,BBG001SCTT05,1,false,38.980000,38.740000,0.025654,-0.615700,false,0.000000,execution_costs_v1.0,0.000000,0.000000,,,,
2024-08-22,JOBY,0001819848,17,true,5.250000,4.985000,0.666667,-5.047619,false,0.000000,execution_costs_v1.0,0.000000,0.000000,,,,
2024-08-22,JOE,BBG001S7K9Y2,0,false,59.490000,58.721000,0.420239,-1.292654,false,0.000000,execution_costs_v1.0,0.000000,0.000000,,,,
2024-08-22,JOUT,BBG001SD39D1,0,false,36.430000,35.590000,0.000000,-2.305792,false,0.000000,execution_costs_v1.0,0.000000,0.000000,,,,
2024-08-22,JWN,BBG001S7BDN5,2,false,21.410000,21.150000,0.000000,-1.214386,false,0.000000,execution_costs_v1.0,0.000000,0.000000,,,,
2024-08-22,JXN,BBG00922Y611,0,false,83.410000,84.080000,1.666467,0.803261,false,0.000000,execution_costs_v1.0,0.000000,0.000000,,,,
2024-08-22,KAI,BBG001S8PRM8,0,false,311.045000,309.950000,0.014467,-0.352039,false,0.000000,execution_costs_v1.0,0.000000,0.000000,,,,
2024-08-22,KALU,BBG001SR3GT7,0,false,71.850000,70.910000,0.000000,-1.308281,false,0.000000,execution_costs_v1.0,0.000000,0.000000,,,,
2024-08-22,KALV,BBG0026ZG5C9,0,false,12.480000,12.420000,1.001603,-0.480769,false,0.000000,execution_costs_v1.0,0.000000,0.000000,,,,
2024-08-22,KAR,BBG001T5L4B0,0,false,17.380000,17.170000,0.057537,-1.208285,false,0.000000,execution_costs_v1.0,0.000000,0.000000,,,,
2024-08-22,KARO,0001828102,0,false,38.350000,38.500000,0.391134,0.391134,false,0.000000,execution_costs_v1.0,0.000000,0.000000,,,,
2024-08-22,KBH,BBG001S5SJV9,2,false,82.000000,81.750000,0.499878,-0.304878,false,0.000000,execution_costs_v1.0,0.000000,0.000000,,,,
2024-08-22,KBR,BBG001SP11V3,0,false,67.010000,66.720000,0.492464,-0.432771,false,0.000000,execution_costs_v1.0,0.000000,0.000000,,,,
2024-08-22,KD,BBG012W99DS1,0,false,23.490000,23.330000,1.617710,-0.681141,false,0.000000,execution_costs_v1.0,0.000000,0.000000,,,,
2024-08-22,KE,BBG001TCYZ77,0,false,18.290000,17.800000,0.054675,-2.679060,false,0.000000,execution_costs_v1.0,0.000000,0.000000,,,,
2024-08-22,KELYA,BBG001S5SKH2,1,false,20.540000,20.550000,0.876339,0.048685,false,0.000000,execution_costs_v1.0,0.000000,0.000000,,,,
2024-08-22,KEN,0001611005,0,false,24.900000,24.500000,0.000000,-1.606426,false,0.000000,execution_costs_v1.0,0.000000,0.000000,,,,
2024-08-22,KEX,BBG001S5SKT9,0,false,116.260000,116.730000,0.774127,0.404266,false,0.000000,execution_costs_v1.0,0.000000,0.000000,,,,
2024-08-22,KFRC,BBG001SCQRF6,0,false,64.870000,64.270000,0.231232,-0.924927,false,0.000000,execution_costs_v1.0,0.000000,0.000000,,,,
2024-08-22,KFY,BBG001SC0054,0,false,70.610000,70.050000,0.304773,-0.793089,false,0.000000,execution_costs_v1.0,0.000000,0.000000,,,,
2024-08-22,KGC,BBG001S5R0C2,17,true,9.100000,9.035000,0.769231,-0.714286,false,0.000000,execution_costs_v1.0,0.000000,0.000000,,,,
2024-08-22,KGS,BBG01G4G6YQ4,0,false,26.660000,26.140000,0.419355,-1.950488,false,0.000000,execution_costs_v1.0,0.000000,0.000000,,,,
2024-08-22,KIDS,BBG00HFFRW48,0,false,31.350000,29.960000,1.658692,-4.433812,false,0.000000,execution_costs_v1.0,0.000000,0.000000,,,,
2024-08-22,KIND,BBG00Z8MSWS4,0,false,2.540000,2.500000,0.000000,-1.574803,false,0.000000,execution_costs_v1.0,0.000000,0.000000,,,,
2024-08-22,KLG,BBG018CYVVX4,0,false,17.820000,17.020000,0.168350,-4.489338,false,0.000000,execution_costs_v1.0,0.000000,0.000000,,,,
2024-08-22,KLIC,BBG001S5SLP1,0,false,43.840000,42.250000,0.273723,-3.626825,false,0.000000,execution_costs_v1.0,0.000000,0.000000,,,,
2024-08-22,KMDA,0001567529,0,false,5.510000,5.550000,1.996370,0.725953,false,0.000000,execution_costs_v1.0,0.000000,0.000000,,,,
2024-08-22,KMPR,BBG001SD3BG3,0,false,61.660000,61.910000,1.216348,0.405449,false,0.000000,execution_costs_v1.0,0.000000,0.000000,,,,
2024-08-22,KMT,BBG001S5SM97,0,false,25.340000,25.170000,0.157853,-0.670876,false,0.000000,execution_costs_v1.0,0.000000,0.000000,,,,
2024-08-22,KMX,BBG001SD9561,1,false,82.300000,82.120000,0.364520,-0.218712,false,0.000000,execution_costs_v1.0,0.000000,0.000000,,,,
2024-08-22,KN,BBG004M8M6K9,0,false,18.000000,17.810000,0.611111,-1.055556,false,0.000000,execution_costs_v1.0,0.000000,0.000000,,,,
2024-08-22,KNF,BBG002N3N2W8,0,false,75.930000,76.120000,1.764783,0.250230,false,0.000000,execution_costs_v1.0,0.000000,0.000000,,,,
2024-08-22,KNSA,0001730430,0,false,26.410000,26.240000,0.000000,-0.643696,false,0.000000,execution_costs_v1.0,0.000000,0.000000,,,,
2024-08-22,KNSL,BBG00D8JDB02,0,false,478.740000,483.930000,1.307599,1.084096,false,0.000000,execution_costs_v1.0,0.000000,0.000000,,,,
2024-08-22,KNTK,BBG00GCLZ7C7,0,false,42.750000,42.440000,1.167953,-0.725146,false,0.000000,execution_costs_v1.0,0.000000,0.000000,,,,
2024-08-22,KNX,BBG001T9BTS0,0,false,53.920000,53.540000,0.574926,-0.704748,false,0.000000,execution_costs_v1.0,0.000000,0.000000,,,,
2024-08-22,KODK,BBG0057GTGB6,0,false,5.010000,4.925000,0.662675,-1.696607,false,0.000000,execution_costs_v1.0,0.000000,0.000000,,,,
2024-08-22,KOP,BBG001SMPFZ9,0,false,37.770000,37.640000,0.608949,-0.344189,false,0.000000,execution_costs_v1.0,0.000000,0.000000,,,,
2024-08-22,KOS,BBG001SJV7R6,2,false,4.750000,4.655000,0.842105,-2.000000,false,0.000000,execution_costs_v1.0,0.000000,0.000000,,,,
2024-08-22,KRC,BBG001S9BHB5,0,false,34.420000,34.490000,0.755375,0.203370,false,0.000000,execution_costs_v1.0,0.000000,0.000000,,,,
2024-08-22,KREF,BBG00GD4KVR1,0,false,11.220000,11.180000,0.622995,-0.356506,false,0.000000,execution_costs_v1.0,0.000000,0.000000,,,,
2024-08-22,KRG,BBG001S64LR3,0,false,25.370000,25.285000,0.078833,-0.335041,false,0.000000,execution_costs_v1.0,0.000000,0.000000,,,,
2024-08-22,KRNT,0001625791,0,false,20.650000,19.690000,0.484262,-4.648910,false,0.000000,execution_costs_v1.0,0.000000,0.000000,,,,
2024-08-22,KRNY,BBG008N1HXQ5,0,false,6.410000,6.365000,1.404056,-0.702028,false,0.000000,execution_costs_v1.0,0.000000,0.000000,,,,
2024-08-22,KRO,BBG001SDWTD5,0,false,11.480000,11.350000,0.522648,-1.132404,false,0.000000,execution_costs_v1.0,0.000000,0.000000,,,,
2024-08-22,KROS,BBG00H1HP9H8,0,false,47.050000,44.680000,0.000000,-5.037194,false,0.000000,execution_costs_v1.0,0.000000,0.000000,,,,
2024-08-22,KRP,BBG00FQH6N85,0,false,15.910000,15.850000,0.251414,-0.377121,false,0.000000,execution_costs_v1.0,0.000000,0.000000,,,,
2024-08-22,KRRO,BBG00GFMTC47,0,false,47.210000,44.180000,0.000000,-6.418132,false,0.000000,execution_costs_v1.0,0.000000,0.000000,,,,
2024-08-22,KRT,BBG00Q9MSFD6,0,false,25.400000,25.245000,0.393701,-0.610236,false,0.000000,execution_costs_v1.0,0.000000,0.000000,,,,
2024-08-22,KRUS,BBG00PNFJ530,0,false,64.940000,63.550000,0.469664,-2.140437,false,0.000000,execution_costs_v1.0,0.000000,0.000000,,,,
2024-08-22,KRYS,BBG00HDGRHJ5,0,false,201.610000,197.720000,0.438966,-1.929468,false,0.000000,execution_costs_v1.0,0.000000,0.000000,,,,
2024-08-22,KSS,BBG001S71NV5,2,false,19.490000,18.970000,0.051308,-2.668035,false,0.000000,execution_costs_v1.0,0.000000,0.000000,,,,
2024-08-22,KTB,BBG00LPTHYM5,0,false,72.160000,71.300000,0.194013,-1.191796,false,0.000000,execution_costs_v1.0,0.000000,0.000000,,,,
2024-08-22,KTOS,BBG001SD5VL1,3,false,21.290000,21.660000,1.925787,1.737905,false,0.000000,execution_costs_v1.0,0.000000,0.000000,,,,
2024-08-22,KURA,BBG008974351,0,false,20.050000,19.740000,0.399002,-1.546135,false,0.000000,execution_costs_v1.0,0.000000,0.000000,,,,
2024-08-22,KVYO,BBG009WR3FM4,0,false,31.880000,31.610000,0.846926,-0.846926,false,0.000000,execution_costs_v1.0,0.000000,0.000000,,,,
2024-08-22,KW,BBG001SM6C41,0,false,10.490000,10.500000,0.238322,0.095329,false,0.000000,execution_costs_v1.0,0.000000,0.000000,,,,
2024-08-22,KWR,BBG001S969X5,0,false,164.780000,163.430000,0.133511,-0.819274,false,0.000000,execution_costs_v1.0,0.000000,0.000000,,,,
2024-08-22,KYMR,BBG00SDHC8F9,0,false,48.600000,45.850000,0.000000,-5.658436,false,0.000000,execution_costs_v1.0,0.000000,0.000000,,,,
2024-08-22,KYTX,BBG00RCYMHS0,0,false,8.390000,7.940000,3.575685,-5.363528,false,0.000000,execution_costs_v1.0,0.000000,0.000000,,,,
2024-08-22,LAAC,BBG01JLDJ7S9,2,false,2.760000,2.710000,1.449275,-1.811594,false,0.000000,execution_costs_v1.0,0.000000,0.000000,,,,
2024-08-22,LAB,BBG001T0FDP3,2,false,1.970000,1.955000,2.791878,-0.761421,false,0.000000,execution_costs_v1.0,0.000000,0.000000,,,,
2024-08-22,LAC,BBG01JLDH8P2,12,true,2.800000,2.645000,1.785714,-5.535714,false,0.000000,execution_costs_v1.0,0.000000,0.000000,,,,
2024-08-22,LAD,BBG001SC88P7,0,false,286.600000,283.390000,0.000000,-1.120028,false,0.000000,execution_costs_v1.0,0.000000,0.000000,,,,
2024-08-22,LADR,BBG005RVGZ50,0,false,11.800000,11.810000,0.805085,0.084746,false,0.000000,execution_costs_v1.0,0.000000,0.000000,,,,
2024-08-22,LAMR,BBG001S8KJC2,0,false,119.530000,119.320000,0.150590,-0.175688,false,0.000000,execution_costs_v1.0,0.000000,0.000000,,,,
2024-08-22,LANC,BBG001S5SPQ1,0,false,185.910000,173.320000,0.371147,-6.772094,false,0.000000,execution_costs_v1.0,0.000000,0.000000,,,,
2024-08-22,LAND,BBG001TB7TR1,0,false,13.540000,13.390000,0.000000,-1.107829,false,0.000000,execution_costs_v1.0,0.000000,0.000000,,,,
2024-08-22,LASR,BBG0020BCPY4,0,false,11.880000,11.530000,0.462963,-2.946128,false,0.000000,execution_costs_v1.0,0.000000,0.000000,,,,
2024-08-22,LAUR,BBG00B4Z2YY9,0,false,15.130000,15.010000,0.396563,-0.793126,false,0.000000,execution_costs_v1.0,0.000000,0.000000,,,,
2024-08-22,LAW,BBG0066FZJP9,0,false,5.450000,5.230000,0.091743,-4.036697,false,0.000000,execution_costs_v1.0,0.000000,0.000000,,,,
2024-08-22,LAZ,BBG001S711C4,0,false,48.480000,48.410000,1.010726,-0.144389,false,0.000000,execution_costs_v1.0,0.000000,0.000000,,,,
2024-08-22,LAZR,BBG00MS90LM0,24,true,0.995700,0.953600,0.080345,-4.228181,false,0.000000,execution_costs_v1.0,0.000000,0.000000,,,,
2024-08-22,LBPH,BBG00Y0BJ9Q2,0,false,35.710000,35.090000,1.848222,-1.736208,false,0.000000,execution_costs_v1.0,0.000000,0.000000,,,,
2024-08-22,LBRDK,BBG006GNSZX4,0,false,61.800000,60.420000,0.000000,-2.233010,false,0.000000,execution_costs_v1.0,0.000000,0.000000,,,,
2024-08-22,LBRT,BBG00GK831C5,0,false,20.000000,19.930000,1.550000,-0.350000,false,0.000000,execution_costs_v1.0,0.000000,0.000000,,,,
2024-08-22,LBTYK,0001570585,0,false,19.620000,19.340000,0.458716,-1.427115,false,0.000000,execution_costs_v1.0,0.000000,0.000000,,,,
2024-08-22,LC,BBG001YKDNH2,1,false,11.400000,11.800000,3.859649,3.508772,false,0.000000,execution_costs_v1.0,0.000000,0.000000,,,,
2024-08-22,LCID,BBG00W7F99W4,54,true,3.620000,3.870000,9.668508,6.906077,false,0.000000,execution_costs_v1.0,0.000000,0.000000,,,,
2024-08-22,LCII,BBG001S8G4D9,0,false,115.810000,114.190000,0.017270,-1.398843,false,0.000000,execution_costs_v1.0,0.000000,0.000000,,,,
2024-08-22,LDI,BBG00B5Z6KL8,0,false,2.840000,2.825000,2.816901,-0.528169,false,0.000000,execution_costs_v1.0,0.000000,0.000000,,,,
2024-08-22,LE,BBG005P337F9,0,false,15.190000,14.840000,0.032916,-2.304147,false,0.000000,execution_costs_v1.0,0.000000,0.000000,,,,
2024-08-22,LEA,BBG001T60092,0,false,115.460000,114.120000,0.147237,-1.160575,false,0.000000,execution_costs_v1.0,0.000000,0.000000,,,,
2024-08-22,LECO,BBG001S5TV87,0,false,195.900000,195.420000,0.681470,-0.245023,false,0.000000,execution_costs_v1.0,0.000000,0.000000,,,,
2024-08-22,LEG,BBG001S5SRG8,1,false,12.500000,12.295000,0.000000,-1.640000,false,0.000000,execution_costs_v1.0,0.000000,0.000000,,,,
2024-08-22,LEGH,BBG00MJDR6K7,0,false,26.930000,26.660000,0.000000,-1.002599,false,0.000000,execution_costs_v1.0,0.000000,0.000000,,,,
2024-08-22,LENZ,BBG00XDH4P05,0,false,22.480000,22.230000,1.201068,-1.112100,false,0.000000,execution_costs_v1.0,0.000000,0.000000,,,,
2024-08-22,LESL,BBG00XS6TVN8,0,false,3.080000,2.970000,1.623377,-3.571429,false,0.000000,execution_costs_v1.0,0.000000,0.000000,,,,
2024-08-22,LEU,BBG001S9F7B3,0,false,39.490000,37.690000,1.063560,-4.558116,false,0.000000,execution_costs_v1.0,0.000000,0.000000,,,,
2024-08-22,LEVI,BBG001S9NVN8,0,false,19.350000,18.950000,0.000000,-2.067183,false,0.000000,execution_costs_v1.0,0.000000,0.000000,,,,
2024-08-22,LFST,BBG01138DHT2,0,false,5.850000,6.010000,3.931624,2.735043,false,0.000000,execution_costs_v1.0,0.000000,0.000000,,,,
2024-08-22,LFUS,BBG001S744B6,0,false,271.300000,269.330000,0.305934,-0.726133,false,0.000000,execution_costs_v1.0,0.000000,0.000000,,,,
2024-08-22,LGF.A,BBG001SC6N58,0,false,7.960000,8.170000,4.522613,2.638191,false,0.000000,execution_costs_v1.0,0.000000,0.000000,,,,
2024-08-22,LGIH,BBG0056655T0,0,false,106.780000,106.740000,0.674284,-0.037460,false,0.000000,execution_costs_v1.0,0.000000,0.000000,,,,
2024-08-22,LGND,BBG001S8CH99,0,false,106.250000,103.660000,0.000000,-2.437647,false,0.000000,execution_costs_v1.0,0.000000,0.000000,,,,
2024-08-22,LICY,BBG0122LQVS8,12,true,2.100000,1.900000,0.952381,-9.523810,false,0.000000,execution_costs_v1.0,0.000000,0.000000,,,,
2024-08-22,LILAK,0001712184,0,false,9.460000,9.220000,0.211416,-2.536998,false,0.000000,execution_costs_v1.0,0.000000,0.000000,,,,
2024-08-22,LILM,0001855756,10,true,0.781000,0.769500,0.051216,-1.472471,false,0.000000,execution_costs_v1.0,0.000000,0.000000,,,,
2024-08-22,LINC,BBG001SH9DM7,0,false,11.980000,12.200000,3.005008,1.836394,false,0.000000,execution_costs_v1.0,0.000000,0.000000,,,,
2024-08-22,LIND,BBG004MDWKT7,5,false,8.600000,8.870000,4.651163,3.139535,false,0.000000,execution_costs_v1.0,0.000000,0.000000,,,,
2024-08-22,LITE,BBG0073F9RS8,0,false,57.100000,55.590000,0.963222,-2.644483,false,0.000000,execution_costs_v1.0,0.000000,0.000000,,,,
2024-08-22,LIVN,0001639691,0,false,46.210000,45.980000,0.724951,-0.497728,false,0.000000,execution_costs_v1.0,0.000000,0.000000,,,,
2024-08-22,LKFN,BBG001S7RTC5,0,false,62.860000,62.780000,1.463570,-0.127267,false,0.000000,execution_costs_v1.0,0.000000,0.000000,,,,
2024-08-22,LKQ,BBG001SCCPJ1,0,false,41.940000,41.800000,0.405341,-0.333810,false,0.000000,execution_costs_v1.0,0.000000,0.000000,,,,
2024-08-22,LLYVK,BBG01HMFLVL8,0,false,39.830000,39.210000,0.652774,-1.556616,false,0.000000,execution_costs_v1.0,0.000000,0.000000,,,,
2024-08-22,LMAT,BBG001SK6CX3,0,false,86.980000,86.230000,0.390894,-0.862267,false,0.000000,execution_costs_v1.0,0.000000,0.000000,,,,
2024-08-22,LMB,BBG006G0NGD3,0,false,62.480000,62.410000,1.264405,-0.112036,false,0.000000,execution_costs_v1.0,0.000000,0.000000,,,,
2024-08-22,LMND,BBG00BM5YC14,8,false,17.380000,17.340000,2.531646,-0.230150,false,0.000000,execution_costs_v1.0,0.000000,0.000000,,,,
2024-08-22,LMNR,BBG001S775Q4,0,false,21.690000,21.310000,0.000000,-1.751959,false,0.000000,execution_costs_v1.0,0.000000,0.000000,,,,
2024-08-22,LNC,BBG001S5STV7,0,false,31.050000,31.040000,0.837359,-0.032206,false,0.000000,execution_costs_v1.0,0.000000,0.000000,,,,
2024-08-22,LNN,BBG001SB90F6,0,false,123.230000,120.940000,0.219102,-1.858314,false,0.000000,execution_costs_v1.0,0.000000,0.000000,,,,
2024-08-22,LNT,BBG001S8ZQ30,0,false,57.910000,57.870000,0.241754,-0.069073,false,0.000000,execution_costs_v1.0,0.000000,0.000000,,,,
2024-08-22,LNTH,BBG006Q52RF8,0,false,102.030000,102.250000,1.176125,0.215623,false,0.000000,execution_costs_v1.0,0.000000,0.000000,,,,
2024-08-22,LNW,BBG00JR5MM40,0,false,109.030000,108.120000,0.311841,-0.834633,false,0.000000,execution_costs_v1.0,0.000000,0.000000,,,,
2024-08-22,LNZA,BBG00ZCX6BL2,0,false,1.670000,1.540000,1.191617,-7.784431,false,0.000000,execution_costs_v1.0,0.000000,0.000000,,,,
2024-08-22,LOB,BBG001T4RVG2,0,false,40.610000,40.710000,1.723713,0.246245,false,0.000000,execution_costs_v1.0,0.000000,0.000000,,,,
2024-08-22,LOCO,BBG001SQ0C48,0,false,13.520000,13.370000,0.591716,-1.109467,false,0.000000,execution_costs_v1.0,0.000000,0.000000,,,,
2024-08-22,LOGI,0001032975,2,false,92.360000,91.165000,0.238198,-1.293850,false,0.000000,execution_costs_v1.0,0.000000,0.000000,,,,
2024-08-22,LOPE,BBG001T01JZ4,0,false,141.650000,141.150000,1.080127,-0.352983,false,0.000000,execution_costs_v1.0,0.000000,0.000000,,,,
2024-08-22,LOVE,BBG001T8S8C7,0,false,23.920000,23.365000,0.816472,-2.320234,false,0.000000,execution_costs_v1.0,0.000000,0.000000,,,,
2024-08-22,LPA,0001997711,1,false,11.620000,11.530000,7.487091,-0.774527,false,0.000000,execution_costs_v1.0,0.000000,0.000000,,,,
2024-08-22,LPG,0001596993,0,false,37.140000,36.950000,1.265482,-0.511578,false,0.000000,execution_costs_v1.0,0.000000,0.000000,,,,
2024-08-22,LPRO,BBG00VDHLTH4,0,false,5.600000,5.475000,0.000000,-2.232143,false,0.000000,execution_costs_v1.0,0.000000,0.000000,,,,
2024-08-22,LPX,BBG001S5SW04,0,false,93.750000,92.930000,0.618667,-0.874667,false,0.000000,execution_costs_v1.0,0.000000,0.000000,,,,
2024-08-22,LQDA,BBG001V0GFD7,6,false,9.970000,9.630000,0.000000,-3.410231,false,0.000000,execution_costs_v1.0,0.000000,0.000000,,,,
2024-08-22,LQDT,BBG001SLKD81,0,false,21.820000,21.555000,0.687443,-1.214482,false,0.000000,execution_costs_v1.0,0.000000,0.000000,,,,
2024-08-22,LRMR,BBG001V0GD97,1,false,8.130000,7.730000,0.246002,-4.920049,false,0.000000,execution_costs_v1.0,0.000000,0.000000,,,,
2024-08-22,LRN,BBG001SNN4P5,0,false,79.860000,79.800000,1.427498,-0.075131,false,0.000000,execution_costs_v1.0,0.000000,0.000000,,,,
2024-08-22,LSAK,BBG001SB4HP3,0,false,4.877500,4.900000,0.461302,0.461302,false,0.000000,execution_costs_v1.0,0.000000,0.000000,,,,
2024-08-22,LSCC,BBG001S6C0G2,0,false,49.290000,46.090000,0.233313,-6.492189,false,0.000000,execution_costs_v1.0,0.000000,0.000000,,,,
2024-08-22,LSEA,BBG00L99PSG8,0,false,11.770000,11.470000,1.104503,-2.548853,false,0.000000,execution_costs_v1.0,0.000000,0.000000,,,,
2024-08-22,LSPD,BBG00B0JR9Q6,0,false,13.410000,13.135000,0.000000,-2.050708,false,0.000000,execution_costs_v1.0,0.000000,0.000000,,,,
2024-08-22,LSTR,BBG001S5RWM1,0,false,186.920000,186.420000,0.682110,-0.267494,false,0.000000,execution_costs_v1.0,0.000000,0.000000,,,,
2024-08-22,LSXMK,BBG01HLMB7B9,2,false,23.450000,23.121000,0.362473,-1.402985,false,0.000000,execution_costs_v1.0,0.000000,0.000000,,,,
2024-08-22,LTC,BBG001S73DC6,0,false,35.760000,35.400000,0.167785,-1.006711,false,0.000000,execution_costs_v1.0,0.000000,0.000000,,,,
2024-08-22,LTH,BBG012J3H0X2,0,false,23.690000,23.600000,0.886450,-0.379907,false,0.000000,execution_costs_v1.0,0.000000,0.000000,,,,
2024-08-22,LUMN,BBG001S5Q8G2,29,true,6.140000,6.041000,1.302932,-1.612378,false,0.000000,execution_costs_v1.0,0.000000,0.000000,,,,
2024-08-22,LVRO,0001945711,0,false,5.180000,4.840000,3.745174,-6.563707,false,0.000000,execution_costs_v1.0,0.000000,0.000000,,,,
2024-08-22,LVWR,BBG019STC653,0,false,6.780000,6.400000,1.769912,-5.604720,false,0.000000,execution_costs_v1.0,0.000000,0.000000,,,,
2024-08-22,LW,BBG003CVMLR1,0,false,62.500000,62.430000,0.288000,-0.112000,false,0.000000,execution_costs_v1.0,0.000000,0.000000,,,,
2024-08-22,LWLG,BBG001SBG0P7,0,false,2.700000,2.685000,3.333333,-0.555556,false,0.000000,execution_costs_v1.0,0.000000,0.000000,,,,
2024-08-22,LXEO,BBG00YB1C8N4,0,false,12.680000,12.180000,0.315457,-3.943218,false,0.000000,execution_costs_v1.0,0.000000,0.000000,,,,
2024-08-22,LXP,BBG001S7H5W6,0,false,9.900000,9.980000,0.909091,0.808081,false,0.000000,execution_costs_v1.0,0.000000,0.000000,,,,
2024-08-22,LXRX,BBG001SDWCZ8,7,false,1.930000,1.830000,3.041451,-5.181347,false,0.000000,execution_costs_v1.0,0.000000,0.000000,,,,
2024-08-22,LXU,BBG001S67BF5,0,false,7.730000,7.620000,0.000000,-1.423027,false,0.000000,execution_costs_v1.0,0.000000,0.000000,,,,
2024-08-22,LYEL,BBG00RNXFN23,0,false,1.470000,1.455000,1.285714,-1.020408,false,0.000000,execution_costs_v1.0,0.000000,0.000000,,,,
2024-08-22,LYFT,BBG004M9ZHY4,12,true,11.680000,11.480000,1.198630,-1.712329,false,0.000000,execution_costs_v1.0,0.000000,0.000000,,,,
2024-08-22,LYTS,BBG001S5SXV8,0,false,14.600000,14.440000,0.993151,-1.095890,false,0.000000,execution_costs_v1.0,0.000000,0.000000,,,,
2024-08-22,LZ,BBG001TVNN74,2,false,6.410000,6.350000,0.312012,-0.936037,false,0.000000,execution_costs_v1.0,0.000000,0.000000,,,,
2024-08-22,LZB,BBG001S5SXX6,0,false,39.940000,39.540000,1.026540,-1.001502,false,0.000000,execution_costs_v1.0,0.000000,0.000000,,,,
2024-08-22,LZM,0001958217,0,false,6.120000,5.950000,1.307190,-2.777778,false,0.000000,execution_costs_v1.0,0.000000,0.000000,,,,
2024-08-22,M,BBG001S6KRW6,27,true,15.510000,15.169000,0.838169,-2.198582,false,0.000000,execution_costs_v1.0,0.000000,0.000000,,,,
2024-08-22,MAC,BBG001S7HGB5,0,false,14.950000,15.000000,1.872910,0.334448,false,0.000000,execution_costs_v1.0,0.000000,0.000000,,,,
2024-08-22,MAG,BBG001S631Z9,0,false,13.560000,13.390000,0.663717,-1.253687,false,0.000000,execution_costs_v1.0,0.000000,0.000000,,,,
2024-08-22,MAIN,BBG001SJMVT1,4,false,49.520000,49.480000,1.151050,-0.080775,false,0.000000,execution_costs_v1.0,0.000000,0.000000,,,,
2024-08-22,MAMA,BBG001V1FNH5,0,false,8.310000,8.220000,0.962696,-1.083032,false,0.000000,execution_costs_v1.0,0.000000,0.000000,,,,
2024-08-22,MAN,BBG001S5SYW5,0,false,71.940000,71.350000,0.000000,-0.820128,false,0.000000,execution_costs_v1.0,0.000000,0.000000,,,,
2024-08-22,MANU,0001549107,0,false,17.720000,17.620000,0.790068,-0.564334,false,0.000000,execution_costs_v1.0,0.000000,0.000000,,,,
2024-08-22,MARA,BBG001V0L7T2,57,true,17.605000,16.870000,0.710026,-4.174950,false,0.000000,execution_costs_v1.0,0.000000,0.000000,,,,
2024-08-22,MASI,BBG001S71GQ6,0,false,123.870000,122.110000,0.056511,-1.420844,false,0.000000,execution_costs_v1.0,0.000000,0.000000,,,,
2024-08-22,MAT,BBG001S5SZF1,0,false,19.290000,19.225000,0.440643,-0.336962,false,0.000000,execution_costs_v1.0,0.000000,0.000000,,,,
2024-08-22,MATV,BBG001S7VRC4,0,false,18.070000,17.800000,0.000000,-1.494189,false,0.000000,execution_costs_v1.0,0.000000,0.000000,,,,
2024-08-22,MATW,BBG001S81V81,0,false,25.200000,25.400000,1.587302,0.793651,false,0.000000,execution_costs_v1.0,0.000000,0.000000,,,,
2024-08-22,MATX,BBG001S5NL21,0,false,133.260000,132.540000,0.589074,-0.540297,false,0.000000,execution_costs_v1.0,0.000000,0.000000,,,,
2024-08-22,MAX,BBG00XRTJ8D2,0,false,17.160000,16.990000,0.233100,-0.990676,false,0.000000,execution_costs_v1.0,0.000000,0.000000,,,,
2024-08-22,MBC,BBG01B9G4424,0,false,15.770000,15.830000,0.951173,0.380469,false,0.000000,execution_costs_v1.0,0.000000,0.000000,,,,
2024-08-22,MBIN,BBG001STXPM7,0,false,43.710000,44.730000,2.745367,2.333562,false,0.000000,execution_costs_v1.0,0.000000,0.000000,,,,
2024-08-22,MBLY,BBG019X46ZY3,4,false,15.000000,15.170000,1.930000,1.133333,false,0.000000,execution_costs_v1.0,0.000000,0.000000,,,,
2024-08-22,MBUU,BBG005PXTR61,0,false,35.040000,34.370000,0.000000,-1.912100,false,0.000000,execution_costs_v1.0,0.000000,0.000000,,,,
2024-08-22,MBWM,BBG001S971V3,0,false,43.560000,43.180000,0.000000,-0.872360,false,0.000000,execution_costs_v1.0,0.000000,0.000000,,,,
2024-08-22,MC,BBG001STYX58,0,false,64.000000,65.400000,2.421875,2.187500,false,0.000000,execution_costs_v1.0,0.000000,0.000000,,,,
2024-08-22,MCB,BBG001V0P380,0,false,48.690000,48.370000,1.150133,-0.657219,false,0.000000,execution_costs_v1.0,0.000000,0.000000,,,,
2024-08-22,MCBS,BBG0088BL023,0,false,27.880000,27.570000,0.914634,-1.111908,false,0.000000,execution_costs_v1.0,0.000000,0.000000,,,,
2024-08-22,MCFT,BBG002ZYLPP6,0,false,19.780000,19.350000,0.985844,-2.173913,false,0.000000,execution_costs_v1.0,0.000000,0.000000,,,,
2024-08-22,MCRI,BBG001S7DVP1,0,false,75.190000,73.220000,0.006650,-2.620029,false,0.000000,execution_costs_v1.0,0.000000,0.000000,,,,
2024-08-22,MCS,BBG001S7JNZ2,0,false,13.790000,13.780000,0.761421,-0.072516,false,0.000000,execution_costs_v1.0,0.000000,0.000000,,,,
2024-08-22,MCW,BBG011FS2K56,0,false,6.540000,6.590000,2.064220,0.764526,false,0.000000,execution_costs_v1.0,0.000000,0.000000,,,,
2024-08-22,MCY,BBG001S98VJ0,0,false,61.000000,61.700000,2.008197,1.147541,false,0.000000,execution_costs_v1.0,0.000000,0.000000,,,,
2024-08-22,MD,BBG001S96T25,1,false,10.860000,11.020000,2.394107,1.473297,false,0.000000,execution_costs_v1.0,0.000000,0.000000,,,,
2024-08-22,MDGL,BBG001SNKQ42,0,false,256.850000,249.110000,0.000000,-3.013432,false,0.000000,execution_costs_v1.0,0.000000,0.000000,,,,
2024-08-22,MDU,BBG001S5T2W4,0,false,24.630000,24.650000,0.568413,0.081202,false,0.000000,execution_costs_v1.0,0.000000,0.000000,,,,
2024-08-22,MDXG,BBG001STPW96,0,false,6.600000,6.590000,1.060606,-0.151515,false,0.000000,execution_costs_v1.0,0.000000,0.000000,,,,
2024-08-22,MEC,BBG001TFSDY6,0,false,19.180000,18.950000,0.104275,-1.199166,false,0.000000,execution_costs_v1.0,0.000000,0.000000,,,,
2024-08-22,MEDP,BBG0065B7K40,0,false,397.060000,386.310000,0.000000,-2.707399,false,0.000000,execution_costs_v1.0,0.000000,0.000000,,,,
2024-08-22,MEG,BBG005Q29V07,0,false,34.170000,31.880000,0.263389,-6.701785,false,0.000000,execution_costs_v1.0,0.000000,0.000000,,,,
2024-08-22,MEI,BBG001S5T3T6,0,false,10.870000,9.870000,0.000000,-9.199632,false,0.000000,execution_costs_v1.0,0.000000,0.000000,,,,
2024-08-22,MEOH,BBG001S66Y93,0,false,44.810000,44.590000,0.345905,-0.490962,false,0.000000,execution_costs_v1.0,0.000000,0.000000,,,,
2024-08-22,MERC,BBG001S6TK43,0,false,6.230000,6.130000,1.765650,-1.605136,false,0.000000,execution_costs_v1.0,0.000000,0.000000,,,,
2024-08-22,METC,BBG00BCQJ2W4,0,false,11.950000,11.720000,1.213389,-1.924686,false,0.000000,execution_costs_v1.0,0.000000,0.000000,,,,
2024-08-22,MFA,BBG001S86YS8,1,false,11.820000,11.855000,0.761421,0.296108,false,0.000000,execution_costs_v1.0,0.000000,0.000000,,,,
2024-08-22,MFIC,BBG001SF7M43,0,false,13.720000,13.695000,0.357143,-0.182216,false,0.000000,execution_costs_v1.0,0.000000,0.000000,,,,
2024-08-22,MG,BBG001T1V7Z5,2,false,11.720000,11.620000,1.109215,-0.853242,false,0.000000,execution_costs_v1.0,0.000000,0.000000,,,,
2024-08-22,MGA,BBG001S5SY91,0,false,41.400000,41.060000,0.386473,-0.821256,false,0.000000,execution_costs_v1.0,0.000000,0.000000,,,,
2024-08-22,MGEE,BBG001SD2RD2,0,false,85.950000,85.780000,0.674811,-0.197789,false,0.000000,execution_costs_v1.0,0.000000,0.000000,,,,
2024-08-22,MGIC,BBG001SCPDF8,0,false,10.640000,10.510000,0.000000,-1.221805,false,0.000000,execution_costs_v1.0,0.000000,0.000000,,,,
2024-08-22,MGM,BBG001S6BYT5,3,false,39.700000,38.750000,0.000000,-2.392947,false,0.000000,execution_costs_v1.0,0.000000,0.000000,,,,
2024-08-22,MGNI,BBG001T5LB97,2,false,13.730000,13.510000,0.364166,-1.602331,false,0.000000,execution_costs_v1.0,0.000000,0.000000,,,,
2024-08-22,MGPI,BBG001S5XTL2,0,false,88.440000,88.990000,0.701040,0.621891,false,0.000000,execution_costs_v1.0,0.000000,0.000000,,,,
2024-08-22,MGRC,BBG001S5T593,0,false,107.200000,105.945000,0.069403,-1.170709,false,0.000000,execution_costs_v1.0,0.000000,0.000000,,,,
2024-08-22,MGY,BBG00GNC8DM1,0,false,24.720000,24.690000,0.525890,-0.121359,false,0.000000,execution_costs_v1.0,0.000000,0.000000,,,,
2024-08-22,MHK,BBG001SBGSZ5,0,false,150.420000,149.970000,0.000000,-0.299162,false,0.000000,execution_costs_v1.0,0.000000,0.000000,,,,
2024-08-22,MHO,BBG001S7HGC4,0,false,154.550000,154.960000,1.501132,0.265286,false,0.000000,execution_costs_v1.0,0.000000,0.000000,,,,
2024-08-22,MI,0001958713,0,false,4.070000,3.900000,0.000000,-4.176904,false,0.000000,execution_costs_v1.0,0.000000,0.000000,,,,
2024-08-22,MIDD,BBG001S8N9X8,0,false,139.330000,139.670000,0.592119,0.244025,false,0.000000,execution_costs_v1.0,0.000000,0.000000,,,,
2024-08-22,MIR,BBG00VHJ1KB3,0,false,10.900000,10.790000,0.688073,-1.009174,false,0.000000,execution_costs_v1.0,0.000000,0.000000,,,,
2024-08-22,MIRM,BBG00MH7T2N6,0,false,41.480000,40.950000,0.289296,-1.277724,false,0.000000,execution_costs_v1.0,0.000000,0.000000,,,,
2024-08-22,MITK,BBG001S5T6P3,0,false,9.480000,9.450000,1.265823,-0.316456,false,0.000000,execution_costs_v1.0,0.000000,0.000000,,,,
2024-08-22,MKSI,BBG001SBB6Q8,0,false,121.410000,116.925000,0.037064,-3.694094,false,0.000000,execution_costs_v1.0,0.000000,0.000000,,,,
2024-08-22,MKTX,BBG001S8R6K4,0,false,232.620000,235.580000,1.278910,1.272462,false,0.000000,execution_costs_v1.0,0.000000,0.000000,,,,
2024-08-22,ML,BBG00VHZZP74,1,false,43.010000,41.310000,3.348059,-3.952569,false,0.000000,execution_costs_v1.0,0.000000,0.000000,,,,
2024-08-22,MLAB,BBG001S5T762,0,false,128.375000,127.950000,1.655307,-0.331061,false,0.000000,execution_costs_v1.0,0.000000,0.000000,,,,
2024-08-22,MLI,BBG001S6PVC4,0,false,70.000000,69.150000,0.814286,-1.214286,false,0.000000,execution_costs_v1.0,0.000000,0.000000,,,,
2024-08-22,MLKN,BBG001S5T771,0,false,29.060000,28.840000,1.032347,-0.757054,false,0.000000,execution_costs_v1.0,0.000000,0.000000,,,,
2024-08-22,MLNK,BBG002ZYMKR4,0,false,22.310000,22.340000,0.268938,0.134469,false,0.000000,execution_costs_v1.0,0.000000,0.000000,,,,
2024-08-22,MLP,BBG001S5T7D4,0,false,22.160000,21.449600,0.000000,-3.205776,false,0.000000,execution_costs_v1.0,0.000000,0.000000,,,,
2024-08-22,MLR,BBG001S7BMD6,0,false,59.630000,60.500000,1.710548,1.458997,false,0.000000,execution_costs_v1.0,0.000000,0.000000,,,,
2024-08-22,MLTX,BBG00XQZQVP7,0,false,49.430000,48.580000,0.505766,-1.719603,false,0.000000,execution_costs_v1.0,0.000000,0.000000,,,,
2024-08-22,MLYS,BBG00ZXN1GR9,0,false,11.100000,11.285000,2.162162,1.666667,false,0.000000,execution_costs_v1.0,0.000000,0.000000,,,,
2024-08-22,MMI,BBG005GBRSS5,0,false,38.000000,37.580000,0.105263,-1.105263,false,0.000000,execution_costs_v1.0,0.000000,0.000000,,,,
2024-08-22,MMS,BBG001S6G4K5,0,false,91.000000,90.310000,0.076923,-0.758242,false,0.000000,execution_costs_v1.0,0.000000,0.000000,,,,
2024-08-22,MMSI,BBG001S6KLT3,0,false,92.340000,92.170000,0.698506,-0.184102,false,0.000000,execution_costs_v1.0,0.000000,0.000000,,,,
2024-08-22,MMYT,0001495153,1,false,99.900000,97.760000,0.771772,-2.142142,false,0.000000,execution_costs_v1.0,0.000000,0.000000,,,,
2024-08-22,MNDY,0001845338,0,false,266.490000,262.430000,1.609817,-1.523509,false,0.000000,execution_costs_v1.0,0.000000,0.000000,,,,
2024-08-22,MNKD,BBG001SLLLY3,0,false,5.420000,5.330000,0.000000,-1.660517,false,0.000000,execution_costs_v1.0,0.000000,0.000000,,,,
2024-08-22,MNMD,BBG001TCSL84,0,false,6.400000,5.980000,1.875000,-6.562500,false,0.000000,execution_costs_v1.0,0.000000,0.000000,,,,
2024-08-22,MNRO,BBG001S62LS4,0,false,27.090000,26.830000,0.406054,-0.959764,false,0.000000,execution_costs_v1.0,0.000000,0.000000,,,,
2024-08-22,MNTK,BBG00YHYK376,0,false,4.430000,4.300000,0.677201,-2.934537,false,0.000000,execution_costs_v1.0,0.000000,0.000000,,,,
2024-08-22,MOD,BBG001S5T913,0,false,112.310000,113.260000,2.395156,0.845873,false,0.000000,execution_costs_v1.0,0.000000,0.000000,,,,
2024-08-22,MODG,BBG001S70DV8,0,false,11.710000,11.390000,0.512383,-2.732707,false,0.000000,execution_costs_v1.0,0.000000,0.000000,,,,
2024-08-22,MODV,BBG001SL2C10,0,false,26.130000,25.690000,0.401837,-1.683888,false,0.000000,execution_costs_v1.0,0.000000,0.000000,,,,
2024-08-22,MOFG,BBG001SCDXR4,0,false,27.760000,27.400000,0.054035,-1.296830,false,0.000000,execution_costs_v1.0,0.000000,0.000000,,,,
2024-08-22,MOG.A,BBG001S5T922,0,false,188.790000,187.960000,1.027597,-0.439642,false,0.000000,execution_costs_v1.0,0.000000,0.000000,,,,
2024-08-22,MORN,BBG001SC6FV6,0,false,312.110000,310.620000,0.496620,-0.477396,false,0.000000,execution_costs_v1.0,0.000000,0.000000,,,,
2024-08-22,MOS,BBG001S7LJN1,1,false,27.910000,27.820000,0.197062,-0.322465,false,0.000000,execution_costs_v1.0,0.000000,0.000000,,,,
2024-08-22,MOV,BBG001S8FWS2,1,false,24.480000,23.760000,0.000000,-2.941176,false,0.000000,execution_costs_v1.0,0.000000,0.000000,,,,
2024-08-22,MP,BBG00TJGL0T5,1,false,13.050000,12.500000,0.536398,-4.214559,false,0.000000,execution_costs_v1.0,0.000000,0.000000,,,,
2024-08-22,MPB,BBG001S5T0G6,0,false,27.680000,28.030000,1.860549,1.264451,false,0.000000,execution_costs_v1.0,0.000000,0.000000,,,,
2024-08-22,MPW,BBG001S7WM61,3,false,4.680000,4.550000,0.427350,-2.777778,false,0.000000,execution_costs_v1.0,0.000000,0.000000,,,,
2024-08-22,MPX,BBG001S6HCC5,0,false,9.110000,9.030000,0.439078,-0.878156,false,0.000000,execution_costs_v1.0,0.000000,0.000000,,,,
2024-08-22,MQ,BBG0112Z8873,0,false,5.390000,5.250000,0.834879,-2.597403,false,0.000000,execution_costs_v1.0,0.000000,0.000000,,,,
2024-08-22,MRC,BBG001SN9P56,0,false,12.620000,12.690000,1.822504,0.554675,false,0.000000,execution_costs_v1.0,0.000000,0.000000,,,,
2024-08-22,MRCY,BBG001SBFLT8,0,false,38.260000,36.910000,0.548876,-3.528489,false,0.000000,execution_costs_v1.0,0.000000,0.000000,,,,
2024-08-22,MRNO,0001988776,0,false,6.250000,6.210000,0.000000,-0.640000,false,0.000000,execution_costs_v1.0,0.000000,0.000000,,,,
2024-08-22,MRTN,BBG001S5TCK5,0,false,17.350000,17.230000,0.806916,-0.691643,false,0.000000,execution_costs_v1.0,0.000000,0.000000,,,,
2024-08-22,MRUS,0001651311,0,false,53.700000,53.350000,0.726257,-0.651769,false,0.000000,execution_costs_v1.0,0.000000,0.000000,,,,
2024-08-22,MRVI,BBG00Y1DFW44,1,false,8.830000,8.850000,4.756512,0.226501,false,0.000000,execution_costs_v1.0,0.000000,0.000000,,,,
2024-08-22,MSA,BBG001S5TCN2,0,false,178.760000,177.240000,0.025173,-0.850302,false,0.000000,execution_costs_v1.0,0.000000,0.000000,,,,
2024-08-22,MSBI,BBG001SMZRY3,0,false,21.780000,21.870000,0.688705,0.413223,false,0.000000,execution_costs_v1.0,0.000000,0.000000,,,,
2024-08-22,MSDL,BBG00R40RNH7,0,false,20.270000,20.320000,0.782930,0.246670,false,0.000000,execution_costs_v1.0,0.000000,0.000000,,,,
2024-08-22,MSEX,BBG001S5TCZ9,0,false,61.270000,59.470000,0.244818,-2.937816,false,0.000000,execution_costs_v1.0,0.000000,0.000000,,,,
2024-08-22,MSGE,BBG019980TF2,0,false,41.000000,41.040000,1.365854,0.097561,false,0.000000,execution_costs_v1.0,0.000000,0.000000,,,,
2024-08-22,MSGS,BBG007FG0C32,0,false,208.570000,207.480000,0.439277,-0.522606,false,0.000000,execution_costs_v1.0,0.000000,0.000000,,,,
2024-08-22,MSM,BBG001S5TD87,0,false,82.000000,81.180000,0.621951,-1.000000,false,0.000000,execution_costs_v1.0,0.000000,0.000000,,,,
2024-08-22,MSTR,BBG001SC7PX1,53,true,141.390000,133.810000,0.275833,-5.361058,false,0.000000,execution_costs_v1.0,0.000000,0.000000,,,,
2024-08-22,MTAL,0001950246,0,false,11.520000,11.700000,1.736111,1.562500,false,0.000000,execution_costs_v1.0,0.000000,0.000000,,,,
2024-08-22,MTCH,BBG00VT0KP47,1,false,37.100000,36.440000,0.161725,-1.778976,false,0.000000,execution_costs_v1.0,0.000000,0.000000,,,,
2024-08-22,MTDR,BBG001T3L5S4,0,false,55.950000,55.730000,0.929401,-0.393208,false,0.000000,execution_costs_v1.0,0.000000,0.000000,,,,
2024-08-22,MTG,BBG001S6SFR0,0,false,24.180000,24.180000,0.537634,0.000000,false,0.000000,execution_costs_v1.0,0.000000,0.000000,,,,
2024-08-22,MTH,BBG001S9F527,0,false,193.760000,192.720000,0.562552,-0.536746,false,0.000000,execution_costs_v1.0,0.000000,0.000000,,,,
2024-08-22,MTN,BBG001S5TFD6,0,false,175.640000,175.650000,0.814165,0.005693,false,0.000000,execution_costs_v1.0,0.000000,0.000000,,,,
2024-08-22,MTRN,BBG001S5PFQ6,0,false,115.020000,113.280000,0.000000,-1.512780,false,0.000000,execution_costs_v1.0,0.000000,0.000000,,,,
2024-08-22,MTSI,BBG001T4BB37,0,false,106.930000,104.390000,0.000000,-2.375386,false,0.000000,execution_costs_v1.0,0.000000,0.000000,,,,
2024-08-22,MTTR,BBG00XS0FV65,1,false,4.330000,4.265000,0.808314,-1.501155,false,0.000000,execution_costs_v1.0,0.000000,0.000000,,,,
2024-08-22,MTUS,BBG0057SF208,0,false,16.540000,16.510000,0.544135,-0.181378,false,0.000000,execution_costs_v1.0,0.000000,0.000000,,,,
2024-08-22,MTW,BBG001S7C7S2,0,false,9.800000,9.890000,2.040816,0.918367,false,0.000000,execution_costs_v1.0,0.000000,0.000000,,,,
2024-08-22,MTX,BBG001S5TFZ2,0,false,75.040000,74.680000,0.553038,-0.479744,false,0.000000,execution_costs_v1.0,0.000000,0.000000,,,,
2024-08-22,MTZ,BBG001S95HF8,0,false,112.460000,109.490000,0.368664,-2.640939,false,0.000000,execution_costs_v1.0,0.000000,0.000000,,,,
2024-08-22,MUR,BBG001S5TG80,0,false,36.960000,37.340000,1.785714,1.028139,false,0.000000,execution_costs_v1.0,0.000000,0.000000,,,,
2024-08-22,MUX,BBG001S5X3Z4,0,false,9.560000,9.450000,0.836820,-1.150628,false,0.000000,execution_costs_v1.0,0.000000,0.000000,,,,
2024-08-22,MWA,BBG001SNQZ91,0,false,20.540000,20.520000,0.486855,-0.097371,false,0.000000,execution_costs_v1.0,0.000000,0.000000,,,,
2024-08-22,MXCT,BBG00CFTQNG7,0,false,4.240000,4.130000,0.707547,-2.594340,false,0.000000,execution_costs_v1.0,0.000000,0.000000,,,,
2024-08-22,MXL,BBG001S6MZV7,0,false,12.790000,12.330000,0.156372,-3.596560,false,0.000000,execution_costs_v1.0,0.000000,0.000000,,,,
2024-08-22,MYE,BBG001S5TH97,0,false,14.510000,14.699000,1.440386,1.302550,false,0.000000,execution_costs_v1.0,0.000000,0.000000,,,,
2024-08-22,MYGN,BBG001S86FS9,0,false,28.000000,27.680000,0.214286,-1.142857,false,0.000000,execution_costs_v1.0,0.000000,0.000000,,,,
2024-08-22,MYRG,BBG001S8GYM3,0,false,103.040000,102.380000,0.072787,-0.640528,false,0.000000,execution_costs_v1.0,0.000000,0.000000,,,,
2024-08-22,NABL,BBG00YJKWXF6,0,false,12.800000,12.545000,0.546875,-1.992188,false,0.000000,execution_costs_v1.0,0.000000,0.000000,,,,
2024-08-22,NAMS,0001936258,0,false,16.340000,16.540000,10.709914,1.223990,false,0.000000,execution_costs_v1.0,0.000000,0.000000,,,,
2024-08-22,NAPA,BBG00ZF3LGX4,0,false,6.790000,6.505000,0.515464,-4.197349,false,0.000000,execution_costs_v1.0,0.000000,0.000000,,,,
2024-08-22,NARI,BBG009J8K7N9,0,false,48.040000,45.340000,0.541216,-5.620316,false,0.000000,execution_costs_v1.0,0.000000,0.000000,,,,
2024-08-22,NAT,0001000177,2,false,3.630000,3.570000,0.000000,-1.652893,false,0.000000,execution_costs_v1.0,0.000000,0.000000,,,,
2024-08-22,NATH,BBG001S5Q337,0,false,74.950000,75.100000,0.400267,0.200133,false,0.000000,execution_costs_v1.0,0.000000,0.000000,,,,
2024-08-22,NATL,BBG019Y0WP28,0,false,27.360000,27.150000,0.804094,-0.767544,false,0.000000,execution_costs_v1.0,0.000000,0.000000,,,,
2024-08-22,NAUT,BBG00W7G4MV9,0,false,2.420000,2.400000,1.652893,-0.826446,false,0.000000,execution_costs_v1.0,0.000000,0.000000,,,,
2024-08-22,NAVI,BBG004MN1R50,0,false,15.440000,15.570000,1.230570,0.841969,false,0.000000,execution_costs_v1.0,0.000000,0.000000,,,,
2024-08-22,NBBK,BBG01KS1NKX5,0,false,17.900000,17.890000,1.005587,-0.055866,false,0.000000,execution_costs_v1.0,0.000000,0.000000,,,,
2024-08-22,NBHC,BBG003D8Y8V2,0,false,41.990000,42.070000,0.762086,0.190522,false,0.000000,execution_costs_v1.0,0.000000,0.000000,,,,
2024-08-22,NBR,0001163739,0,false,78.050000,75.100000,0.531710,-3.779628,false,0.000000,execution_costs_v1.0,0.000000,0.000000,,,,
2024-08-22,NBTB,BBG001S6XCS0,0,false,46.340000,46.445000,0.819810,0.226586,false,0.000000,execution_costs_v1.0,0.000000,0.000000,,,,
2024-08-22,NCDL,BBG00S1L7075,0,false,17.300000,17.300000,0.524277,0.000000,false,0.000000,execution_costs_v1.0,0.000000,0.000000,,,,
2024-08-22,NCLH,0001513761,23,true,16.460000,16.270000,0.060753,-1.154313,false,0.000000,execution_costs_v1.0,0.000000,0.000000,,,,
2024-08-22,NCMI,BBG001SRSPD7,0,false,6.940000,6.870000,0.432277,-1.008646,false,0.000000,execution_costs_v1.0,0.000000,0.000000,,,,
2024-08-22,NCNO,BBG014GJ8XJ0,0,false,34.450000,34.250000,1.161103,-0.580552,false,0.000000,execution_costs_v1.0,0.000000,0.000000,,,,
2024-08-22,NDSN,BBG001S5TKK7,0,false,253.920000,255.950000,0.929427,0.799464,false,0.000000,execution_costs_v1.0,0.000000,0.000000,,,,
2024-08-22,NE,0001895262,5,false,37.000000,36.430000,0.783784,-1.540541,false,0.000000,execution_costs_v1.0,0.000000,0.000000,,,,
2024-08-22,NECB,BBG011RJRYB9,0,false,21.930000,22.180000,1.413589,1.139991,false,0.000000,execution_costs_v1.0,0.000000,0.000000,,,,
2024-08-22,NEGG,0001474627,0,false,0.840000,0.840000,2.202381,0.000000,false,0.000000,execution_costs_v1.0,0.000000,0.000000,,,,
2024-08-22,NEO,BBG001S9DSY4,0,false,16.430000,16.230000,1.521607,-1.217285,false,0.000000,execution_costs_v1.0,0.000000,0.000000,,,,
2024-08-22,NEOG,BBG001S67B47,0,false,16.360000,16.050000,0.000000,-1.894866,false,0.000000,execution_costs_v1.0,0.000000,0.000000,,,,
2024-08-22,NEP,BBG006JNW312,0,false,25.680000,25.250000,0.428349,-1.674455,false,0.000000,execution_costs_v1.0,0.000000,0.000000,,,,
2024-08-22,NETD,0001975218,0,false,10.630000,10.630000,0.940734,0.000000,false,0.000000,execution_costs_v1.0,0.000000,0.000000,,,,
2024-08-22,NEWT,BBG001S9PYW0,0,false,12.580000,12.430000,0.397456,-1.192369,false,0.000000,execution_costs_v1.0,0.000000,0.000000,,,,
2024-08-22,NEXA,0001713930,0,false,6.660000,6.590000,0.000000,-1.051051,false,0.000000,execution_costs_v1.0,0.000000,0.000000,,,,
2024-08-22,NEXT,BBG008GC7WN5,1,false,4.950000,4.770000,2.626263,-3.636364,false,0.000000,execution_costs_v1.0,0.000000,0.000000,,,,
2024-08-22,NFBK,BBG001T0M0Z2,0,false,11.640000,11.670000,1.030928,0.257732,false,0.000000,execution_costs_v1.0,0.000000,0.000000,,,,
2024-08-22,NFE,BBG00MJH9M32,2,false,13.050000,12.805000,1.149425,-1.877395,false,0.000000,execution_costs_v1.0,0.000000,0.000000,,,,
2024-08-22,NFG,BBG001S5TLR8,0,false,58.730000,58.830000,0.451217,0.170271,false,0.000000,execution_costs_v1.0,0.000000,0.000000,,,,
2024-08-22,NFGC,BBG00JFFSNN2,0,false,2.980000,2.910000,3.020134,-2.348993,false,0.000000,execution_costs_v1.0,0.000000,0.000000,,,,
2024-08-22,NG,BBG001S5ZT85,0,false,4.540000,4.340000,0.220264,-4.405286,false,0.000000,execution_costs_v1.0,0.000000,0.000000,,,,
2024-08-22,NGD,BBG001S5YM54,4,false,2.670000,2.640000,0.000000,-1.123596,false,0.000000,execution_costs_v1.0,0.000000,0.000000,,,,
2024-08-22,NGL,BBG001V0FSC1,0,false,4.300000,4.265000,1.860465,-0.813953,false,0.000000,execution_costs_v1.0,0.000000,0.000000,,,,
2024-08-22,NGNE,BBG005Y0QF99,0,false,35.690000,33.600000,0.000000,-5.855982,false,0.000000,execution_costs_v1.0,0.000000,0.000000,,,,
2024-08-22,NGVC,BBG0034VYM77,0,false,24.760000,24.600000,0.302908,-0.646204,false,0.000000,execution_costs_v1.0,0.000000,0.000000,,,,
2024-08-22,NGVT,BBG009LM2988,0,false,37.190000,36.480000,0.282334,-1.909115,false,0.000000,execution_costs_v1.0,0.000000,0.000000,,,,
2024-08-22,NHC,BBG001SBJ378,0,false,128.930000,129.700000,1.070348,0.597223,false,0.000000,execution_costs_v1.0,0.000000,0.000000,,,,
2024-08-22,NHI,BBG001S6W8Y3,0,false,76.390000,76.810000,0.641445,0.549810,false,0.000000,execution_costs_v1.0,0.000000,0.000000,,,,
2024-08-22,NI,BBG001S5TMF9,0,false,32.270000,32.570000,0.991633,0.929656,false,0.000000,execution_costs_v1.0,0.000000,0.000000,,,,
2024-08-22,NIC,BBG001SN0Y92,0,false,92.320000,91.960000,0.649913,-0.389948,false,0.000000,execution_costs_v1.0,0.000000,0.000000,,,,
2024-08-22,NJR,BBG001S5TMT4,0,false,45.670000,45.670000,0.416028,0.000000,false,0.000000,execution_costs_v1.0,0.000000,0.000000,,,,
2024-08-22,NKLA,BBG00L4CWQW4,9,false,7.500000,7.290000,0.000000,-2.800000,false,0.000000,execution_costs_v1.0,0.000000,0.000000,,,,
2024-08-22,NKTX,BBG00JXHS9H6,1,false,5.430000,5.140000,1.289134,-5.340700,false,0.000000,execution_costs_v1.0,0.000000,0.000000,,,,
2024-08-22,NL,BBG001S5TMX9,0,false,6.590000,6.450000,0.606980,-2.124431,false,0.000000,execution_costs_v1.0,0.000000,0.000000,,,,
2024-08-22,NLOP,BBG01JKVZRT7,0,false,30.360000,29.540000,0.118577,-2.700922,false,0.000000,execution_costs_v1.0,0.000000,0.000000,,,,
2024-08-22,NLY,BBG001S8J4S0,0,false,20.100000,19.890000,0.248756,-1.044776,false,0.000000,execution_costs_v1.0,0.000000,0.000000,,,,
2024-08-22,NMFC,BBG001T9D5H2,0,false,12.250000,12.230000,0.734694,-0.163265,false,0.000000,execution_costs_v1.0,0.000000,0.000000,,,,
2024-08-22,NMIH,BBG005DLMPF1,0,false,38.470000,38.530000,0.649857,0.155966,false,0.000000,execution_costs_v1.0,0.000000,0.000000,,,,
2024-08-22,NMM,0001415921,0,false,53.100000,51.790000,0.875706,-2.467043,false,0.000000,execution_costs_v1.0,0.000000,0.000000,,,,
2024-08-22,NMRA,BBG012W9C504,0,false,12.000000,11.520000,0.500000,-4.000000,false,0.000000,execution_costs_v1.0,0.000000,0.000000,,,,
2024-08-22,NMRK,BBG00J24S7X5,0,false,12.940000,13.050000,1.313756,0.850077,false,0.000000,execution_costs_v1.0,0.000000,0.000000,,,,
2024-08-22,NN,BBG017XG00Z2,0,false,7.100000,6.540000,0.000000,-7.887324,false,0.000000,execution_costs_v1.0,0.000000,0.000000,,,,
2024-08-22,NNI,BBG001SGRMS3,0,false,110.000000,109.560000,0.331818,-0.400000,false,0.000000,execution_costs_v1.0,0.000000,0.000000,,,,
2024-08-22,NNN,BBG001S6Z1P5,0,false,46.120000,46.140000,0.390286,0.043365,false,0.000000,execution_costs_v1.0,0.000000,0.000000,,,,
2024-08-22,NNOX,0001795251,5,false,7.600000,7.070000,0.526316,-6.973684,false,0.000000,execution_costs_v1.0,0.000000,0.000000,,,,
2024-08-22,NOA,BBG001SBRPM3,0,false,18.820000,18.720000,0.903294,-0.531350,false,0.000000,execution_costs_v1.0,0.000000,0.000000,,,,
2024-08-22,NODK,BBG00DZS4J96,0,false,15.680000,15.430000,0.000000,-1.594388,false,0.000000,execution_costs_v1.0,0.000000,0.000000,,,,
2024-08-22,NOG,BBG001SK2P31,0,false,37.840000,38.050000,1.321353,0.554968,false,0.000000,execution_costs_v1.0,0.000000,0.000000,,,,
2024-08-22,NOMD,0001651717,0,false,18.350000,18.170000,0.190736,-0.980926,false,0.000000,execution_costs_v1.0,0.000000,0.000000,,,,
2024-08-22,NOV,BBG001S6HFR2,1,false,17.580000,17.460000,0.625711,-0.682594,false,0.000000,execution_costs_v1.0,0.000000,0.000000,,,,
2024-08-22,NOVA,BBG00PLQ1KH9,10,true,9.910000,9.820000,0.908174,-0.908174,false,0.000000,execution_costs_v1.0,0.000000,0.000000,,,,
2024-08-22,NOVT,BBG001S6MRJ9,0,false,183.450000,180.390000,0.218043,-1.668029,false,0.000000,execution_costs_v1.0,0.000000,0.000000,,,,
2024-08-22,NPK,BBG001S5TPT7,0,false,74.250000,73.480000,0.942761,-1.037037,false,0.000000,execution_costs_v1.0,0.000000,0.000000,,,,
2024-08-22,NPO,BBG001SCK8H2,0,false,155.710000,154.780000,0.452765,-0.597264,false,0.000000,execution_costs_v1.0,0.000000,0.000000,,,,
2024-08-22,NPWR,BBG00ZMY0HK3,0,false,8.500000,8.250000,0.823529,-2.941176,false,0.000000,execution_costs_v1.0,0.000000,0.000000,,,,
2024-08-22,NR,BBG001S6CQY5,0,false,7.910000,7.860000,0.442478,-0.632111,false,0.000000,execution_costs_v1.0,0.000000,0.000000,,,,
2024-08-22,NRC,BBG004K1F9R1,0,false,21.190000,20.740000,0.991034,-2.123643,false,0.000000,execution_costs_v1.0,0.000000,0.000000,,,,
2024-08-22,NRDS,BBG0087DN242,1,false,12.140000,11.920000,0.576606,-1.812191,false,0.000000,execution_costs_v1.0,0.000000,0.000000,,,,
2024-08-22,NRIM,BBG001S6NXD1,0,false,64.550000,64.140000,0.611929,-0.635167,false,0.000000,execution_costs_v1.0,0.000000,0.000000,,,,
2024-08-22,NRIX,BBG00SDJ8M87,0,false,24.110000,23.105000,1.161344,-4.168395,false,0.000000,execution_costs_v1.0,0.000000,0.000000,,,,
2024-08-22,NRP,BBG001SH9LZ5,0,false,87.550000,86.780000,0.045574,-0.879497,false,0.000000,execution_costs_v1.0,0.000000,0.000000,,,,
2024-08-22,NSA,BBG008417VP2,0,false,44.240000,44.710000,1.333635,1.062387,false,0.000000,execution_costs_v1.0,0.000000,0.000000,,,,
2024-08-22,NSIT,BBG001S7LHJ0,0,false,209.670000,206.910000,0.157390,-1.316354,false,0.000000,execution_costs_v1.0,0.000000,0.000000,,,,
2024-08-22,NSP,BBG001S894P4,0,false,92.890000,92.670000,0.570567,-0.236839,false,0.000000,execution_costs_v1.0,0.000000,0.000000,,,,
2024-08-22,NSSC,BBG001S5TR13,0,false,55.700000,54.780000,0.897666,-1.651706,false,0.000000,execution_costs_v1.0,0.000000,0.000000,,,,
2024-08-22,NTB,0001653242,0,false,36.360000,36.880000,2.021452,1.430143,false,0.000000,execution_costs_v1.0,0.000000,0.000000,,,,
2024-08-22,NTCT,BBG001SD3PL6,0,false,20.680000,20.460000,0.628627,-1.063830,false,0.000000,execution_costs_v1.0,0.000000,0.000000,,,,
2024-08-22,NTGR,BBG001SG03X8,0,false,16.020000,15.560000,0.000000,-2.871411,false,0.000000,execution_costs_v1.0,0.000000,0.000000,,,,
2024-08-22,NTLA,BBG007KC7PC9,2,false,23.640000,23.010000,0.126904,-2.664975,false,0.000000,execution_costs_v1.0,0.000000,0.000000,,,,
2024-08-22,NTNX,BBG001V13SG8,0,false,53.460000,52.600000,1.084923,-1.608679,false,0.000000,execution_costs_v1.0,0.000000,0.000000,,,,
2024-08-22,NTRA,BBG001V0FSF8,0,false,122.850000,122.600000,1.538380,-0.203500,false,0.000000,execution_costs_v1.0,0.000000,0.000000,,,,
2024-08-22,NTST,BBG00W5FQQM0,3,false,16.830000,16.580000,1.069519,-1.485443,false,0.000000,execution_costs_v1.0,0.000000,0.000000,,,,
2024-08-22,NUS,BBG001S988X5,0,false,9.790000,9.580000,0.817160,-2.145046,false,0.000000,execution_costs_v1.0,0.000000,0.000000,,,,
2024-08-22,NUVB,BBG00VHJ0CD0,2,false,2.820000,2.795000,1.414894,-0.886525,false,0.000000,execution_costs_v1.0,0.000000,0.000000,,,,
2024-08-22,NUVL,BBG00Z1SLMN2,0,false,82.900000,83.000000,2.080820,0.120627,false,0.000000,execution_costs_v1.0,0.000000,0.000000,,,,
2024-08-22,NVAX,BBG001SGL8G3,11,true,13.030000,11.960000,0.000000,-8.211819,false,0.000000,execution_costs_v1.0,0.000000,0.000000,,,,
2024-08-22,NVCR,0001645113,0,false,17.570000,17.000000,0.000000,-3.244166,false,0.000000,execution_costs_v1.0,0.000000,0.000000,,,,
2024-08-22,NVEC,BBG001SGKV64,0,false,82.420000,80.450000,0.461053,-2.390197,false,0.000000,execution_costs_v1.0,0.000000,0.000000,,,,
2024-08-22,NVEE,BBG005BT61P6,0,false,94.430000,94.490000,1.763211,0.063539,false,0.000000,execution_costs_v1.0,0.000000,0.000000,,,,
2024-08-22,NVEI,BBG00X2VHWW2,0,false,33.170000,33.190000,0.482364,0.060295,false,0.000000,execution_costs_v1.0,0.000000,0.000000,,,,
2024-08-22,NVGS,0001581804,0,false,16.500000,16.120000,0.181818,-2.303030,false,0.000000,execution_costs_v1.0,0.000000,0.000000,,,,
2024-08-22,NVMI,0001109345,2,false,229.950000,223.470000,0.095673,-2.818004,false,0.000000,execution_costs_v1.0,0.000000,0.000000,,,,
2024-08-22,NVRI,BBG001S5S0V0,0,false,11.560000,11.270000,0.432526,-2.508651,false,0.000000,execution_costs_v1.0,0.000000,0.000000,,,,
2024-08-22,NVST,BBG00LN4B6D9,0,false,18.070000,17.980000,0.193691,-0.498063,false,0.000000,execution_costs_v1.0,0.000000,0.000000,,,,
2024-08-22,NVT,0001720635,0,false,66.140000,65.361000,0.680375,-1.177805,false,0.000000,execution_costs_v1.0,0.000000,0.000000,,,,
2024-08-22,NVTS,BBG00YQ6KTM3,10,true,3.150000,3.020000,1.269841,-4.126984,false,0.000000,execution_costs_v1.0,0.000000,0.000000,,,,
2024-08-22,NWBI,BBG001S64KK2,0,false,13.170000,13.195000,1.138952,0.189825,false,0.000000,execution_costs_v1.0,0.000000,0.000000,,,,
2024-08-22,NWE,BBG001SM2G73,0,false,53.320000,53.320000,0.393848,0.000000,false,0.000000,execution_costs_v1.0,0.000000,0.000000,,,,
2024-08-22,NWL,BBG001S5TSW7,0,false,7.450000,7.290000,0.000000,-2.147651,false,0.000000,execution_costs_v1.0,0.000000,0.000000,,,,
2024-08-22,NWN,BBG00KXKRLP1,0,false,39.350000,39.570000,0.609911,0.559085,false,0.000000,execution_costs_v1.0,0.000000,0.000000,,,,
2024-08-22,NWPX,BBG001S8LFT1,0,false,43.810000,43.500000,0.000000,-0.707601,false,0.000000,execution_costs_v1.0,0.000000,0.000000,,,,
2024-08-22,NX,BBG001T0QV71,0,false,27.810000,27.630000,0.215750,-0.647249,false,0.000000,execution_costs_v1.0,0.000000,0.000000,,,,
2024-08-22,NXE,BBG00334PFM6,0,false,6.000000,5.815000,0.666667,-3.083333,false,0.000000,execution_costs_v1.0,0.000000,0.000000,,,,
2024-08-22,NXRT,BBG0077Q6QH7,0,false,44.580000,44.280000,0.168237,-0.672948,false,0.000000,execution_costs_v1.0,0.000000,0.000000,,,,
2024-08-22,NXST,BBG001SKJJT9,0,false,169.990000,167.460000,0.529443,-1.488323,false,0.000000,execution_costs_v1.0,0.000000,0.000000,,,,
2024-08-22,NXT,BBG00835TQ17,0,false,40.430000,39.460000,0.865694,-2.399209,false,0.000000,execution_costs_v1.0,0.000000,0.000000,,,,
2024-08-22,NYAX,0001901279,0,false,22.780000,23.250000,2.282704,2.063213,false,0.000000,execution_costs_v1.0,0.000000,0.000000,,,,
2024-08-22,NYCB,BBG001SD32Z2,2,false,11.060000,10.420000,1.356239,-5.786618,false,0.000000,execution_costs_v1.0,0.000000,0.000000,,,,
2024-08-22,NYMT,BBG001SHHBR7,0,false,6.410000,6.520000,2.184087,1.716069,false,0.000000,execution_costs_v1.0,0.000000,0.000000,,,,
2024-08-22,NYT,BBG001S90X31,0,false,55.180000,54.530000,0.000000,-1.177963,false,0.000000,execution_costs_v1.0,0.000000,0.000000,,,,
2024-08-22,OABI,BBG011J3QM48,0,false,4.180000,4.080000,0.478469,-2.392344,false,0.000000,execution_costs_v1.0,0.000000,0.000000,,,,
2024-08-22,OBDC,BBG00DB0XYD3,1,false,14.700000,14.730000,0.680272,0.204082,false,0.000000,execution_costs_v1.0,0.000000,0.000000,,,,
2024-08-22,OBDE,BBG00WWDYR08,0,false,14.420000,14.390000,0.074202,-0.208044,false,0.000000,execution_costs_v1.0,0.000000,0.000000,,,,
2024-08-22,OBE,BBG001S603F0,0,false,6.770000,6.710000,0.590842,-0.886263,false,0.000000,execution_costs_v1.0,0.000000,0.000000,,,,
2024-08-22,OBK,BBG001S78WZ4,0,false,31.040000,31.380000,1.675258,1.095361,false,0.000000,execution_costs_v1.0,0.000000,0.000000,,,,
2024-08-22,OBT,BBG001S730D3,0,false,54.320000,55.000000,1.969809,1.251841,false,0.000000,execution_costs_v1.0,0.000000,0.000000,,,,
2024-08-22,OC,BBG001SQ7PD2,0,false,162.900000,163.560000,1.235421,0.405157,false,0.000000,execution_costs_v1.0,0.000000,0.000000,,,,
2024-08-22,OCFC,BBG001S92JX7,0,false,16.510000,16.620000,0.969110,0.666263,false,0.000000,execution_costs_v1.0,0.000000,0.000000,,,,
2024-08-22,OCGN,BBG001TG1LS2,9,false,1.290000,1.225000,0.775194,-5.038760,false,0.000000,execution_costs_v1.0,0.000000,0.000000,,,,
2024-08-22,OCS,0001953530,0,false,10.790000,11.895000,11.121409,10.240964,true,0.000000,execution_costs_v1.0,0.000000,0.000000,,,,
2024-08-22,OCSL,BBG001SR03L7,1,false,17.040000,16.960000,0.528169,-0.469484,false,0.000000,execution_costs_v1.0,0.000000,0.000000,,,,
2024-08-22,OCUL,BBG001V0FT93,0,false,9.220000,8.940000,1.843818,-3.036876,false,0.000000,execution_costs_v1.0,0.000000,0.000000,,,,
2024-08-22,ODC,BBG001S7J3C1,0,false,65.140000,65.080000,0.127111,-0.092109,false,0.000000,execution_costs_v1.0,0.000000,0.000000,,,,
2024-08-22,ODD,0001907085,0,false,39.730000,38.350000,0.906116,-3.473446,false,0.000000,execution_costs_v1.0,0.000000,0.000000,,,,
2024-08-22,ODP,BBG00R24W7Y1,0,false,29.400000,28.920000,0.697279,-1.632653,false,0.000000,execution_costs_v1.0,0.000000,0.000000,,,,
2024-08-22,OEC,0001609804,0,false,17.770000,17.510000,1.069218,-1.463140,false,0.000000,execution_costs_v1.0,0.000000,0.000000,,,,
2024-08-22,OFG,BBG001S9J8R0,0,false,43.060000,43.220000,1.126335,0.371575,false,0.000000,execution_costs_v1.0,0.000000,0.000000,,,,
2024-08-22,OFIX,BBG001SCG164,0,false,16.650000,16.680000,2.822823,0.180180,false,0.000000,execution_costs_v1.0,0.000000,0.000000,,,,
2024-08-22,OFLX,BBG001SNLHY8,0,false,46.410000,45.720000,1.077354,-1.486749,false,0.000000,execution_costs_v1.0,0.000000,0.000000,,,,
2024-08-22,OGE,BBG001S5TVY8,0,false,39.560000,39.450000,0.328615,-0.278059,false,0.000000,execution_costs_v1.0,0.000000,0.000000,,,,
2024-08-22,OGN,BBG00ZQRGW42,0,false,21.080000,20.900000,0.000000,-0.853890,false,0.000000,execution_costs_v1.0,0.000000,0.000000,,,,
2024-08-22,OGS,BBG004WQKD16,0,false,67.490000,67.370000,0.251889,-0.177804,false,0.000000,execution_costs_v1.0,0.000000,0.000000,,,,
2024-08-22,OHI,BBG001S736L1,0,false,38.170000,38.390000,0.746660,0.576369,false,0.000000,execution_costs_v1.0,0.000000,0.000000,,,,
2024-08-22,OI,BBG00R2JZG48,0,false,12.210000,12.310000,1.228501,0.819001,false,0.000000,execution_costs_v1.0,0.000000,0.000000,,,,
2024-08-22,OII,BBG001S61HT3,0,false,26.120000,25.730000,0.593415,-1.493109,false,0.000000,execution_costs_v1.0,0.000000,0.000000,,,,
2024-08-22,OIS,BBG001S7WK56,0,false,5.170000,5.060000,0.096712,-2.127660,false,0.000000,execution_costs_v1.0,0.000000,0.000000,,,,
2024-08-22,OLED,BBG001S5V9H3,0,false,191.430000,190.000000,1.337303,-0.747009,false,0.000000,execution_costs_v1.0,0.000000,0.000000,,,,
2024-08-22,OLLI,BBG0098VVDS0,0,false,99.360000,97.340000,0.040258,-2.033011,false,0.000000,execution_costs_v1.0,0.000000,0.000000,,,,
2024-08-22,OLMA,BBG00T5JMRV1,0,false,12.450000,11.545000,0.160643,-7.269076,false,0.000000,execution_costs_v1.0,0.000000,0.000000,,,,
2024-08-22,OLN,BBG001S5TWW8,1,false,43.470000,42.770000,0.299057,-1.610306,false,0.000000,execution_costs_v1.0,0.000000,0.000000,,,,
2024-08-22,OLO,BBG00ZCX7044,0,false,5.600000,5.440000,0.714286,-2.857143,false,0.000000,execution_costs_v1.0,0.000000,0.000000,,,,
2024-08-22,OLP,BBG001S5TWY6,0,false,26.030000,25.800000,0.873607,-0.883596,false,0.000000,execution_costs_v1.0,0.000000,0.000000,,,,
2024-08-22,OLPX,BBG012BV9TG3,2,false,2.300000,2.420000,8.913043,5.217391,false,0.000000,execution_costs_v1.0,0.000000,0.000000,,,,
2024-08-22,OMCL,BBG001SF6Z45,0,false,43.180000,42.520000,0.509495,-1.528485,false,0.000000,execution_costs_v1.0,0.000000,0.000000,,,,
2024-08-22,OMF,BBG005497H09,0,false,47.270000,47.310000,0.401946,0.084620,false,0.000000,execution_costs_v1.0,0.000000,0.000000,,,,
2024-08-22,OMI,BBG001S72KY7,0,false,15.830000,15.660000,1.073910,-1.073910,false,0.000000,execution_costs_v1.0,0.000000,0.000000,,,,
2024-08-22,OMIC,BBG010WX4HG1,0,false,6.052200,6.339900,4.753643,4.753643,false,0.000000,execution_costs_v1.0,0.000000,0.000000,,,,
2024-08-22,ONB,BBG001SD2ZG1,0,false,18.600000,18.690000,0.967742,0.483871,false,0.000000,execution_costs_v1.0,0.000000,0.000000,,,,
2024-08-22,ONEW,BBG00PPXGH27,0,false,23.570000,22.835000,0.000000,-3.118371,false,0.000000,execution_costs_v1.0,0.000000,0.000000,,,,
2024-08-22,ONON,0001858985,13,true,43.510000,43.190000,1.223397,-0.735463,false,0.000000,execution_costs_v1.0,0.000000,0.000000,,,,
2024-08-22,ONTO,BBG001S5THX0,0,false,215.770000,208.380000,1.028873,-3.424943,false,0.000000,execution_costs_v1.0,0.000000,0.000000,,,,
2024-08-22,OPCH,BBG001S6X756,0,false,31.160000,31.100000,0.417202,-0.192555,false,0.000000,execution_costs_v1.0,0.000000,0.000000,,,,
2024-08-22,OPEN,BBG00SHY8ZR0,42,true,2.070000,2.025000,8.695652,-2.173913,false,0.000000,execution_costs_v1.0,0.000000,0.000000,,,,
2024-08-22,OPK,BBG001SD4254,3,false,1.630000,1.610000,0.306748,-1.226994,false,0.000000,execution_costs_v1.0,0.000000,0.000000,,,,
2024-08-22,OPY,BBG001S77PP1,0,false,51.580000,51.410000,0.426522,-0.329585,false,0.000000,execution_costs_v1.0,0.000000,0.000000,,,,
2024-08-22,OR,BBG006L2SZD6,2,false,17.420000,17.350000,0.688863,-0.401837,false,0.000000,execution_costs_v1.0,0.000000,0.000000,,,,
2024-08-22,ORA,BBG001S9LPW3,3,false,73.090000,72.550000,0.164181,-0.738815,false,0.000000,execution_costs_v1.0,0.000000,0.000000,,,,
2024-08-22,ORC,BBG001V18CW0,3,false,8.210000,8.150000,0.000000,-0.730816,false,0.000000,execution_costs_v1.0,0.000000,0.000000,,,,
2024-08-22,ORGO,BBG00FGGD311,0,false,2.850000,2.760000,0.000000,-3.157895,false,0.000000,execution_costs_v1.0,0.000000,0.000000,,,,
2024-08-22,ORI,BBG001S6M9Y2,0,false,34.740000,34.815000,0.518135,0.215889,false,0.000000,execution_costs_v1.0,0.000000,0.000000,,,,
2024-08-22,ORIC,BBG00BL5SMR2,0,false,9.840000,9.200000,0.914634,-6.504065,false,0.000000,execution_costs_v1.0,0.000000,0.000000,,,,
2024-08-22,ORLA,BBG00FGY26J8,0,false,4.350000,4.180000,0.000000,-3.908046,false,0.000000,execution_costs_v1.0,0.000000,0.000000,,,,
2024-08-22,ORRF,BBG001S9SXH6,0,false,33.710000,34.230000,1.839217,1.542569,false,0.000000,execution_costs_v1.0,0.000000,0.000000,,,,
2024-08-22,OSBC,BBG001S7HMZ6,0,false,15.870000,15.940000,1.071204,0.441084,false,0.000000,execution_costs_v1.0,0.000000,0.000000,,,,
2024-08-22,OSCR,BBG00YMWFVT4,0,false,17.000000,16.740000,3.294118,-1.529412,false,0.000000,execution_costs_v1.0,0.000000,0.000000,,,,
2024-08-22,OSIS,BBG001SB1J54,0,false,147.000000,154.439300,7.949660,5.060748,false,0.000000,execution_costs_v1.0,0.000000,0.000000,,,,
2024-08-22,OSK,BBG001S6SX46,0,false,103.880000,105.350000,2.021563,1.415094,false,0.000000,execution_costs_v1.0,0.000000,0.000000,,,,
2024-08-22,OSPN,BBG001S7T321,0,false,15.950000,15.750000,0.000000,-1.253918,false,0.000000,execution_costs_v1.0,0.000000,0.000000,,,,
2024-08-22,OSUR,BBG001SD3BW5,0,false,4.300000,4.225000,0.465116,-1.744186,false,0.000000,execution_costs_v1.0,0.000000,0.000000,,,,
2024-08-22,OSW,0001758488,0,false,15.250000,15.190000,0.524590,-0.393443,false,0.000000,execution_costs_v1.0,0.000000,0.000000,,,,
2024-08-22,OTEX,BBG001SBS5H2,0,false,32.260000,31.870000,0.061996,-1.208927,false,0.000000,execution_costs_v1.0,0.000000,0.000000,,,,
2024-08-22,OTTR,BBG001S5TYX3,0,false,88.020000,86.980000,0.034083,-1.181550,false,0.000000,execution_costs_v1.0,0.000000,0.000000,,,,
2024-08-22,OUST,BBG00XRTSTS0,1,false,8.050000,7.690000,0.372671,-4.472050,false,0.000000,execution_costs_v1.0,0.000000,0.000000,,,,
2024-08-22,OUT,BBG004S69ZY3,0,false,16.110000,15.870000,0.248293,-1.489758,false,0.000000,execution_costs_v1.0,0.000000,0.000000,,,,
2024-08-22,OVV,BBG00R2NHQ74,0,false,42.840000,42.610000,0.373483,-0.536881,false,0.000000,execution_costs_v1.0,0.000000,0.000000,,,,
2024-08-22,OWL,BBG00XV417S7,1,false,17.350000,17.325000,0.634006,-0.144092,false,0.000000,execution_costs_v1.0,0.000000,0.000000,,,,
2024-08-22,OXLC,BBG001T93HP8,5,false,5.320000,5.270000,0.000000,-0.939850,false,0.000000,execution_costs_v1.0,0.000000,0.000000,,,,
2024-08-22,OXM,BBG001S5TZF0,0,false,88.000000,86.200000,0.545455,-2.045455,false,0.000000,execution_costs_v1.0,0.000000,0.000000,,,,
2024-08-22,OZK,BBG001SMRQL8,0,false,41.590000,41.620000,1.586920,0.072133,false,0.000000,execution_costs_v1.0,0.000000,0.000000,,,,
2024-08-22,PAA,BBG001S985K5,0,false,17.600000,17.685000,0.767045,0.482955,false,0.000000,execution_costs_v1.0,0.000000,0.000000,,,,
2024-08-22,PAAS,BBG001S5ZXR5,1,false,21.100000,20.900000,2.037915,-0.947867,false,0.000000,execution_costs_v1.0,0.000000,0.000000,,,,
2024-08-22,PACB,BBG001SS9G64,9,false,1.530000,1.430000,1.307190,-6.535948,false,0.000000,execution_costs_v1.0,0.000000,0.000000,,,,
2024-08-22,PACK,BBG00JRXX6Z8,0,false,7.120000,7.020000,0.140449,-1.404494,false,0.000000,execution_costs_v1.0,0.000000,0.000000,,,,
2024-08-22,PAG,BBG001S96493,0,false,167.230000,165.260000,0.000000,-1.178018,false,0.000000,execution_costs_v1.0,0.000000,0.000000,,,,
2024-08-22,PAGP,BBG001SZV282,0,false,18.870000,18.910000,0.634340,0.211977,false,0.000000,execution_costs_v1.0,0.000000,0.000000,,,,
2024-08-22,PAGS,0001712807,20,true,12.560000,11.730000,0.119427,-6.608280,false,0.000000,execution_costs_v1.0,0.000000,0.000000,,,,
2024-08-22,PAHC,BBG0069NW5X3,0,false,18.470000,19.030000,5.224689,3.031944,false,0.000000,execution_costs_v1.0,0.000000,0.000000,,,,
2024-08-22,PANL,0001606909,0,false,6.650000,6.470000,0.300752,-2.706767,false,0.000000,execution_costs_v1.0,0.000000,0.000000,,,,
2024-08-22,PAR,BBG001S5VG69,0,false,53.900000,54.130000,1.734694,0.426716,false,0.000000,execution_costs_v1.0,0.000000,0.000000,,,,
2024-08-22,PARA,BBG001S6L063,35,true,11.210000,11.180000,0.802855,-0.267618,false,0.000000,execution_costs_v1.0,0.000000,0.000000,,,,
2024-08-22,PARR,BBG003C5DLS7,0,false,22.170000,22.050000,0.541272,-0.541272,false,0.000000,execution_costs_v1.0,0.000000,0.000000,,,,
2024-08-22,PATH,BBG00GKS1G12,8,false,12.280000,12.055000,0.633550,-1.832248,false,0.000000,execution_costs_v1.0,0.000000,0.000000,,,,
2024-08-22,PATK,BBG001S5V0V6,0,false,129.580000,127.190000,0.997608,-1.844420,false,0.000000,execution_costs_v1.0,0.000000,0.000000,,,,
2024-08-22,PAX,0001825570,0,false,11.760000,11.690000,0.255102,-0.595238,false,0.000000,execution_costs_v1.0,0.000000,0.000000,,,,
2024-08-22,PAY,BBG010MW0P43,0,false,22.720000,22.470000,1.056338,-1.100352,false,0.000000,execution_costs_v1.0,0.000000,0.000000,,,,
2024-08-22,PAYC,BBG0064N1009,1,false,160.800000,160.140000,0.304726,-0.410448,false,0.000000,execution_costs_v1.0,0.000000,0.000000,,,,
2024-08-22,PAYO,BBG00Z5JLLD1,0,false,6.940000,6.960000,0.936599,0.288184,false,0.000000,execution_costs_v1.0,0.000000,0.000000,,,,
2024-08-22,PB,BBG001S7SL77,0,false,71.440000,71.270000,0.769877,-0.237962,false,0.000000,execution_costs_v1.0,0.000000,0.000000,,,,
2024-08-22,PBF,BBG002832HM6,0,false,34.250000,33.550000,0.320876,-2.043796,false,0.000000,execution_costs_v1.0,0.000000,0.000000,,,,
2024-08-22,PBH,BBG001SH44F0,0,false,70.100000,70.930000,1.226819,1.184023,false,0.000000,execution_costs_v1.0,0.000000,0.000000,,,,
2024-08-22,PBI,BBG001S5V171,0,false,7.270000,7.170000,1.100413,-1.375516,false,0.000000,execution_costs_v1.0,0.000000,0.000000,,,,
2024-08-22,PBT,BBG001S5V1N3,1,false,10.800000,10.600000,1.064815,-1.851852,false,0.000000,execution_costs_v1.0,0.000000,0.000000,,,,
2024-08-22,PCH,BBG001S5V215,0,false,41.140000,41.140000,0.072922,0.000000,false,0.000000,execution_costs_v1.0,0.000000,0.000000,,,,
2024-08-22,PCOR,BBG0026ZJ313,0,false,59.530000,59.130000,0.991097,-0.671930,false,0.000000,execution_costs_v1.0,0.000000,0.000000,,,,
2024-08-22,PCRX,BBG001S77N12,2,false,13.740000,13.970000,1.819505,1.673945,false,0.000000,execution_costs_v1.0,0.000000,0.000000,,,,
2024-08-22,PCT,BBG00YRJF230,1,false,5.870000,5.840000,2.725724,-0.511073,false,0.000000,execution_costs_v1.0,0.000000,0.000000,,,,
2024-08-22,PCTY,BBG006598YZ0,0,false,154.630000,152.995000,0.433292,-1.057363,false,0.000000,execution_costs_v1.0,0.000000,0.000000,,,,
2024-08-22,PCVX,BBG009PHHPP4,0,false,80.210000,78.220000,0.498691,-2.480987,false,0.000000,execution_costs_v1.0,0.000000,0.000000,,,,
2024-08-22,PD,BBG0043BYPD6,0,false,19.710000,18.970000,0.101471,-3.754439,false,0.000000,execution_costs_v1.0,0.000000,0.000000,,,,
2024-08-22,PDCO,BBG001S5V2S6,0,false,24.960000,24.570000,0.520833,-1.562500,false,0.000000,execution_costs_v1.0,0.000000,0.000000,,,,
2024-08-22,PDFS,BBG001SFSR85,0,false,32.520000,31.430000,1.439114,-3.351784,false,0.000000,execution_costs_v1.0,0.000000,0.000000,,,,
2024-08-22,PDM,BBG001T6RFS9,2,false,9.160000,9.160000,0.163755,0.000000,false,0.000000,execution_costs_v1.0,0.000000,0.000000,,,,
2024-08-22,PDS,BBG001S5V359,0,false,69.660000,68.570000,0.000000,-1.564743,false,0.000000,execution_costs_v1.0,0.000000,0.000000,,,,
2024-08-22,PEB,BBG001T5S1M7,0,false,12.800000,12.985000,1.796875,1.445312,false,0.000000,execution_costs_v1.0,0.000000,0.000000,,,,
2024-08-22,PEBO,BBG001S77C89,0,false,30.130000,30.180000,1.062064,0.165948,false,0.000000,execution_costs_v1.0,0.000000,0.000000,,,,
2024-08-22,PECO,BBG011RJST56,0,false,35.650000,35.870000,0.757363,0.617111,false,0.000000,execution_costs_v1.0,0.000000,0.000000,,,,
2024-08-22,PEGA,BBG001S93CK5,0,false,68.480000,67.200000,0.759346,-1.869159,false,0.000000,execution_costs_v1.0,0.000000,0.000000,,,,
2024-08-22,PEN,BBG001TRHPB0,0,false,196.000000,197.720000,2.122449,0.877551,false,0.000000,execution_costs_v1.0,0.000000,0.000000,,,,
2024-08-22,PENN,BBG001S80PY6,1,false,19.880000,19.490000,0.000000,-1.961771,false,0.000000,execution_costs_v1.0,0.000000,0.000000,,,,
2024-08-22,PEPG,BBG012232627,0,false,9.970000,9.700000,0.000000,-2.708124,false,0.000000,execution_costs_v1.0,0.000000,0.000000,,,,
2024-08-22,PERI,0001338940,2,false,8.750000,8.500000,0.800000,-2.857143,false,0.000000,execution_costs_v1.0,0.000000,0.000000,,,,
2024-08-22,PETQ,BBG00H1CY3S0,0,false,30.520000,30.490000,0.032765,-0.098296,false,0.000000,execution_costs_v1.0,0.000000,0.000000,,,,
2024-08-22,PFBC,BBG001S9SFK1,0,false,77.530000,78.330000,1.534890,1.031859,false,0.000000,execution_costs_v1.0,0.000000,0.000000,,,,
2024-08-22,PFC,BBG001S7DV08,0,false,23.600000,23.890000,1.648305,1.228814,false,0.000000,execution_costs_v1.0,0.000000,0.000000,,,,
2024-08-22,PFGC,BBG009XW2WC7,0,false,74.450000,73.560000,0.000000,-1.195433,false,0.000000,execution_costs_v1.0,0.000000,0.000000,,,,
2024-08-22,PFIS,BBG001S9KST2,0,false,44.860000,44.840000,1.192599,-0.044583,false,0.000000,execution_costs_v1.0,0.000000,0.000000,,,,
2024-08-22,PFLT,BBG001V0Y5S3,0,false,11.150000,11.180000,0.807175,0.269058,false,0.000000,execution_costs_v1.0,0.000000,0.000000,,,,
2024-08-22,PFS,BBG001SKM445,0,false,18.060000,18.150000,1.356589,0.498339,false,0.000000,execution_costs_v1.0,0.000000,0.000000,,,,
2024-08-22,PFSI,BBG00LMYX132,0,false,99.340000,99.530000,1.278438,0.191262,false,0.000000,execution_costs_v1.0,0.000000,0.000000,,,,
2024-08-22,PGC,BBG001SG3CC8,0,false,26.240000,26.350000,3.315549,0.419207,false,0.000000,execution_costs_v1.0,0.000000,0.000000,,,,
2024-08-22,PGNY,BBG002H1K1K7,0,false,21.540000,21.040000,0.696379,-2.321263,false,0.000000,execution_costs_v1.0,0.000000,0.000000,,,,
2024-08-22,PGRE,BBG001SL9C95,0,false,4.820000,4.807000,0.622407,-0.269710,false,0.000000,execution_costs_v1.0,0.000000,0.000000,,,,
2024-08-22,PGRU,0001873331,0,false,6.560000,6.580000,0.457317,0.304878,false,0.000000,execution_costs_v1.0,0.000000,0.000000,,,,
2024-08-22,PGY,0001883085,3,false,12.850000,12.330000,0.000000,-4.046693,false,0.000000,execution_costs_v1.0,0.000000,0.000000,,,,
2024-08-22,PHAR,BBG00YN70W58,0,false,8.350000,7.950000,0.000000,-4.790419,false,0.000000,execution_costs_v1.0,0.000000,0.000000,,,,
2024-08-22,PHAT,BBG00P5B2S73,1,false,12.890000,12.820000,1.474011,-0.543057,false,0.000000,execution_costs_v1.0,0.000000,0.000000,,,,
2024-08-22,PHIN,BBG01F6N6NP4,0,false,47.370000,46.780000,0.179438,-1.245514,false,0.000000,execution_costs_v1.0,0.000000,0.000000,,,,
2024-08-22,PHR,BBG001TG2W25,0,false,24.830000,24.550000,0.241643,-1.127668,false,0.000000,execution_costs_v1.0,0.000000,0.000000,,,,
2024-08-22,PHVS,0001830487,0,false,18.190000,18.110000,0.879604,-0.439802,false,0.000000,execution_costs_v1.0,0.000000,0.000000,,,,
2024-08-22,PI,BBG001T313Q3,0,false,164.850000,158.210000,1.304216,-4.027904,false,0.000000,execution_costs_v1.0,0.000000,0.000000,,,,
2024-08-22,PII,BBG001S7HWZ4,0,false,85.020000,82.760000,0.000000,-2.658198,false,0.000000,execution_costs_v1.0,0.000000,0.000000,,,,
2024-08-22,PINC,BBG001SJLD58,1,false,20.130000,20.070000,1.490313,-0.298063,false,0.000000,execution_costs_v1.0,0.000000,0.000000,,,,
2024-08-22,PIPR,BBG001SGY6K8,0,false,264.950000,265.250000,0.690696,0.113229,false,0.000000,execution_costs_v1.0,0.000000,0.000000,,,,
2024-08-22,PIRS,BBG0055C3N66,0,false,18.080000,18.395000,2.986726,1.742257,false,0.000000,execution_costs_v1.0,0.000000,0.000000,,,,
2024-08-22,PJT,BBG0079T1MP4,0,false,123.040000,123.360000,0.739597,0.260078,false,0.000000,execution_costs_v1.0,0.000000,0.000000,,,,
2024-08-22,PK,BBG00FGXCKN3,0,false,14.820000,14.915000,2.395412,0.641026,false,0.000000,execution_costs_v1.0,0.000000,0.000000,,,,
2024-08-22,PKOH,BBG001S5V778,1,false,29.070000,28.920000,1.017200,-0.515996,false,0.000000,execution_costs_v1.0,0.000000,0.000000,,,,
2024-08-22,PKST,BBG00XTV8H01,0,false,12.520000,12.090000,2.182109,-3.434505,false,0.000000,execution_costs_v1.0,0.000000,0.000000,,,,
2024-08-22,PL,BBG00ZCV3Q27,10,true,2.760000,2.560000,0.358696,-7.246377,false,0.000000,execution_costs_v1.0,0.000000,0.000000,,,,
2024-08-22,PLAB,BBG001S5V7C2,0,false,24.570000,23.990000,0.488400,-2.360602,false,0.000000,execution_costs_v1.0,0.000000,0.000000,,,,
2024-08-22,PLAY,BBG001WWJTL4,0,false,32.770000,32.800000,2.141288,0.091547,false,0.000000,execution_costs_v1.0,0.000000,0.000000,,,,
2024-08-22,PLMR,BBG00NLMRYV9,0,false,94.070000,97.400000,3.539917,3.539917,false,0.000000,execution_costs_v1.0,0.000000,0.000000,,,,
2024-08-22,PLNT,BBG009H04M26,0,false,80.760000,79.890000,0.198118,-1.077266,false,0.000000,execution_costs_v1.0,0.000000,0.000000,,,,
2024-08-22,PLOW,BBG001T6QFV6,0,false,27.690000,27.600000,0.722282,-0.325027,false,0.000000,execution_costs_v1.0,0.000000,0.000000,,,,
2024-08-22,PLPC,BBG001SFKCZ6,0,false,117.630000,117.030000,0.000000,-0.510074,false,0.000000,execution_costs_v1.0,0.000000,0.000000,,,,
2024-08-22,PLRX,BBG00C8083P2,0,false,13.570000,13.250000,0.957996,-2.358143,false,0.000000,execution_costs_v1.0,0.000000,0.000000,,,,
2024-08-22,PLSE,BBG00BRBHVG7,0,false,21.960000,21.490000,1.138434,-2.140255,false,0.000000,execution_costs_v1.0,0.000000,0.000000,,,,
2024-08-22,PLTK,BBG00QQ8C798,0,false,7.440000,7.390000,0.403226,-0.672043,false,0.000000,execution_costs_v1.0,0.000000,0.000000,,,,
2024-08-22,PLUG,BBG001S6GJB2,41,true,2.200000,2.130000,1.363636,-3.181818,false,0.000000,execution_costs_v1.0,0.000000,0.000000,,,,
2024-08-22,PLUS,BBG001S99YL0,0,false,94.100000,91.580000,2.816153,-2.678002,false,0.000000,execution_costs_v1.0,0.000000,0.000000,,,,
2024-08-22,PLXS,BBG001S5V812,0,false,125.560000,123.930000,0.163269,-1.298184,false,0.000000,execution_costs_v1.0,0.000000,0.000000,,,,
2024-08-22,PLYA,0001692412,0,false,7.640000,7.540000,1.112565,-1.308901,false,0.000000,execution_costs_v1.0,0.000000,0.000000,,,,
2024-08-22,PLYM,BBG0021H6YT4,0,false,24.020000,24.120000,0.457952,0.416320,false,0.000000,execution_costs_v1.0,0.000000,0.000000,,,,
2024-08-22,PMT,BBG001T1MJR8,0,false,13.830000,13.720000,0.000000,-0.795372,false,0.000000,execution_costs_v1.0,0.000000,0.000000,,,,
2024-08-22,PMTS,BBG009Q3VCS4,0,false,27.020000,26.610000,0.962250,-1.517395,false,0.000000,execution_costs_v1.0,0.000000,0.000000,,,,
2024-08-22,PNFP,BBG001SF5953,0,false,92.400000,93.860000,1.861472,1.580087,false,0.000000,execution_costs_v1.0,0.000000,0.000000,,,,
2024-08-22,PNNT,BBG001SSQMH0,0,false,6.980000,6.925000,0.286533,-0.787966,false,0.000000,execution_costs_v1.0,0.000000,0.000000,,,,
2024-08-22,PNR,0000077360,0,false,84.970000,84.310000,0.264799,-0.776745,false,0.000000,execution_costs_v1.0,0.000000,0.000000,,,,
2024-08-22,PNTG,BBG00P33SZ15,0,false,32.990000,33.230000,1.394362,0.727493,false,0.000000,execution_costs_v1.0,0.000000,0.000000,,,,
2024-08-22,PNW,BBG001S5VB15,0,false,87.110000,87.130000,0.160716,0.022959,false,0.000000,execution_costs_v1.0,0.000000,0.000000,,,,
2024-08-22,PODD,BBG001SRF439,0,false,186.760000,185.850000,0.000000,-0.487256,false,0.000000,execution_costs_v1.0,0.000000,0.000000,,,,
2024-08-22,POOL,BBG001S5VBK4,0,false,349.170000,348.040000,0.524100,-0.323625,false,0.000000,execution_costs_v1.0,0.000000,0.000000,,,,
2024-08-22,POR,BBG001S5V4Y5,0,false,47.420000,47.290000,0.316322,-0.274146,false,0.000000,execution_costs_v1.0,0.000000,0.000000,,,,
2024-08-22,POST,BBG001WTBC45,0,false,114.650000,115.110000,0.497165,0.401221,false,0.000000,execution_costs_v1.0,0.000000,0.000000,,,,
2024-08-22,POWI,BBG001S73RW3,0,false,66.890000,65.470000,0.867095,-2.122888,false,0.000000,execution_costs_v1.0,0.000000,0.000000,,,,
2024-08-22,POWL,BBG001S5VBT5,0,false,175.610000,178.460000,5.238882,1.622914,false,0.000000,execution_costs_v1.0,0.000000,0.000000,,,,
2024-08-22,PPBI,BBG001S9JFG6,0,false,24.650000,24.510000,1.399594,-0.567951,false,0.000000,execution_costs_v1.0,0.000000,0.000000,,,,
2024-08-22,PPC,BBG001S5PSN1,0,false,43.990000,43.950000,0.227324,-0.090930,false,0.000000,execution_costs_v1.0,0.000000,0.000000,,,,
2024-08-22,PPTA,BBG001V1HWW6,0,false,8.770000,8.640000,0.342075,-1.482326,false,0.000000,execution_costs_v1.0,0.000000,0.000000,,,,
2024-08-22,PR,BBG00D61Y2G3,0,false,14.200000,14.180000,0.528169,-0.140845,false,0.000000,execution_costs_v1.0,0.000000,0.000000,,,,
2024-08-22,PRA,BBG001S9Z6F9,0,false,13.440000,13.570000,1.413690,0.967262,false,0.000000,execution_costs_v1.0,0.000000,0.000000,,,,
2024-08-22,PRAA,BBG001SB1G41,0,false,21.900000,21.780000,0.730594,-0.547945,false,0.000000,execution_costs_v1.0,0.000000,0.000000,,,,
2024-08-22,PRAX,BBG00W9LF2H4,0,false,53.480000,49.660000,0.065445,-7.142857,false,0.000000,execution_costs_v1.0,0.000000,0.000000,,,,
2024-08-22,PRCT,BBG009KD84J2,6,false,85.500000,80.280000,0.315789,-6.105263,false,0.000000,execution_costs_v1.0,0.000000,0.000000,,,,
2024-08-22,PRDO,BBG001S6M491,0,false,22.750000,22.870000,1.252747,0.527473,false,0.000000,execution_costs_v1.0,0.000000,0.000000,,,,
2024-08-22,PRFT,BBG001SCS189,0,false,75.090000,75.080000,0.039952,-0.013317,false,0.000000,execution_costs_v1.0,0.000000,0.000000,,,,
2024-08-22,PRG,BBG00VSH86H3,0,false,45.470000,45.410000,1.675830,-0.131955,false,0.000000,execution_costs_v1.0,0.000000,0.000000,,,,
2024-08-22,PRGO,0001585364,0,false,28.400000,28.170000,0.704225,-0.809859,false,0.000000,execution_costs_v1.0,0.000000,0.000000,,,,
2024-08-22,PRGS,BBG001S6MCY5,0,false,57.350000,56.690000,0.523104,-1.150828,false,0.000000,execution_costs_v1.0,0.000000,0.000000,,,,
2024-08-22,PRI,BBG001T5ZSQ6,0,false,260.030000,260.120000,0.440718,0.034611,false,0.000000,execution_costs_v1.0,0.000000,0.000000,,,,
2024-08-22,PRIM,BBG001S64801,0,false,53.220000,53.340000,1.108606,0.225479,false,0.000000,execution_costs_v1.0,0.000000,0.000000,,,,
2024-08-22,PRK,BBG001S7X549,0,false,164.280000,165.110000,1.387874,0.505235,false,0.000000,execution_costs_v1.0,0.000000,0.000000,,,,
2024-08-22,PRKS,BBG003RY97L1,0,false,48.530000,48.550000,1.195137,0.041212,false,0.000000,execution_costs_v1.0,0.000000,0.000000,,,,
2024-08-22,PRLB,BBG001SRZTG8,0,false,30.190000,29.970000,1.209010,-0.728718,false,0.000000,execution_costs_v1.0,0.000000,0.000000,,,,
2024-08-22,PRM,0001880319,0,false,10.900000,10.890000,1.192661,-0.091743,false,0.000000,execution_costs_v1.0,0.000000,0.000000,,,,
2024-08-22,PRME,BBG011RT3R64,0,false,4.400000,4.130000,0.822727,-6.136364,false,0.000000,execution_costs_v1.0,0.000000,0.000000,,,,
2024-08-22,PRMW,BBG001S77SH4,0,false,22.070000,22.050000,0.271862,-0.090621,false,0.000000,execution_costs_v1.0,0.000000,0.000000,,,,
2024-08-22,PRO,BBG001ST38G5,0,false,19.120000,18.720000,0.784519,-2.092050,false,0.000000,execution_costs_v1.0,0.000000,0.000000,,,,
2024-08-22,PRTA,0001559053,0,false,21.970000,21.300000,0.773782,-3.049613,false,0.000000,execution_costs_v1.0,0.000000,0.000000,,,,
2024-08-22,PRTH,BBG00DSNH2C4,0,false,4.994700,4.900000,0.106112,-1.896010,false,0.000000,execution_costs_v1.0,0.000000,0.000000,,,,
2024-08-22,PRVA,BBG00ZXYXWJ4,0,false,19.490000,20.020000,2.719343,2.719343,false,0.000000,execution_costs_v1.0,0.000000,0.000000,,,,
2024-08-22,PSBD,BBG00RKPV7Q4,0,false,16.280000,16.210000,0.982801,-0.429975,false,0.000000,execution_costs_v1.0,0.000000,0.000000,,,,
2024-08-22,PSEC,BBG001SM4WF7,8,false,5.120000,5.085000,0.195312,-0.683594,false,0.000000,execution_costs_v1.0,0.000000,0.000000,,,,
2024-08-22,PSFE,0001833835,1,false,20.900000,21.610000,4.000000,3.397129,false,0.000000,execution_costs_v1.0,0.000000,0.000000,,,,
2024-08-22,PSMT,BBG001SB78V3,0,false,86.200000,86.290000,0.614849,0.104408,false,0.000000,execution_costs_v1.0,0.000000,0.000000,,,,
2024-08-22,PSN,BBG001SDWJQ3,1,false,95.340000,94.750000,0.566394,-0.618838,false,0.000000,execution_costs_v1.0,0.000000,0.000000,,,,
2024-08-22,PSNL,BBG0027NWBS7,7,false,6.450000,5.720000,0.000000,-11.317829,false,0.000000,execution_costs_v1.0,0.000000,0.000000,,,,
2024-08-22,PSNY,BBG0147QHH45,12,true,0.855000,0.824401,2.152047,-3.578830,false,0.000000,execution_costs_v1.0,0.000000,0.000000,,,,
2024-08-22,PSTL,BBG00NSBGG83,0,false,14.160000,14.140000,0.176554,-0.141243,false,0.000000,execution_costs_v1.0,0.000000,0.000000,,,,
2024-08-22,PTCT,BBG001SNNC86,0,false,34.030000,33.450000,0.000000,-1.704378,false,0.000000,execution_costs_v1.0,0.000000,0.000000,,,,
2024-08-22,PTEN,BBG001S7GWF7,0,false,9.080000,9.020000,1.541850,-0.660793,false,0.000000,execution_costs_v1.0,0.000000,0.000000,,,,
2024-08-22,PTGX,BBG002B63KP4,0,false,41.490000,41.420000,1.855869,-0.168715,false,0.000000,execution_costs_v1.0,0.000000,0.000000,,,,
2024-08-22,PTLO,BBG012YL5W59,0,false,12.140000,12.120000,0.329489,-0.164745,false,0.000000,execution_costs_v1.0,0.000000,0.000000,,,,
2024-08-22,PTON,BBG00JG0FG08,60,true,3.830000,4.540000,24.020888,18.537859,true,0.000000,execution_costs_v1.0,0.000000,0.000000,,,,
2024-08-22,PTSI,BBG001S5VGQ7,0,false,16.410000,16.800000,2.498477,2.376600,false,0.000000,execution_costs_v1.0,0.000000,0.000000,,,,
2024-08-22,PTVE,BBG00WXWG3G1,0,false,11.320000,11.580000,6.448763,2.296820,false,0.000000,execution_costs_v1.0,0.000000,0.000000,,,,
2024-08-22,PUBM,BBG001V1C792,8,false,15.470000,15.330000,2.585650,-0.904977,false,0.000000,execution_costs_v1.0,0.000000,0.000000,,,,
2024-08-22,PUMP,BBG00FYCQ3Y0,0,false,8.010000,7.880000,0.124844,-1.622971,false,0.000000,execution_costs_v1.0,0.000000,0.000000,,,,
2024-08-22,PVH,BBG001S5VGY8,2,false,103.000000,101.960000,0.553398,-1.009709,false,0.000000,execution_costs_v1.0,0.000000,0.000000,,,,
2024-08-22,PWP,BBG00XWZGGJ1,0,false,19.160000,19.460000,2.609603,1.565762,false,0.000000,execution_costs_v1.0,0.000000,0.000000,,,,
2024-08-22,PWSC,BBG00ZXQB5X8,0,false,22.680000,22.670000,0.044092,-0.044092,false,0.000000,execution_costs_v1.0,0.000000,0.000000,,,,
2024-08-22,PX,BBG012QFRKK6,0,false,10.060000,10.010000,0.795229,-0.497018,false,0.000000,execution_costs_v1.0,0.000000,0.000000,,,,
2024-08-22,PYCR,BBG010FNXN77,0,false,14.240000,13.990000,0.948034,-1.755618,false,0.000000,execution_costs_v1.0,0.000000,0.000000,,,,
2024-08-22,PZZA,BBG001S6XNB4,2,false,46.760000,45.080000,0.205304,-3.592814,false,0.000000,execution_costs_v1.0,0.000000,0.000000,,,,
2024-08-22,QCRH,BBG001SJTPZ0,0,false,71.510000,71.780000,1.412390,0.377570,false,0.000000,execution_costs_v1.0,0.000000,0.000000,,,,
2024-08-22,QDEL,BBG017TGV7N1,0,false,43.670000,43.370000,0.068697,-0.686970,false,0.000000,execution_costs_v1.0,0.000000,0.000000,,,,
2024-08-22,QGEN,0001015820,18,true,47.400000,46.720000,0.084388,-1.434599,false,0.000000,execution_costs_v1.0,0.000000,0.000000,,,,
2024-08-22,QLYS,BBG001SYH860,0,false,124.150000,122.630000,1.691502,-1.224325,false,0.000000,execution_costs_v1.0,0.000000,0.000000,,,,
2024-08-22,QNST,BBG001T2V5P8,0,false,17.180000,17.100000,1.862631,-0.465658,false,0.000000,execution_costs_v1.0,0.000000,0.000000,,,,
2024-08-22,QRTEB,BBG001SR0LS0,0,false,3.620000,3.562700,4.417127,-1.582873,false,0.000000,execution_costs_v1.0,0.000000,0.000000,,,,
2024-08-22,QRVO,BBG007TJF1P5,0,false,113.210000,110.360000,0.309160,-2.517445,false,0.000000,execution_costs_v1.0,0.000000,0.000000,,,,
2024-08-22,QS,BBG00VJ17DT1,21,true,6.170000,5.830000,0.162075,-5.510535,false,0.000000,execution_costs_v1.0,0.000000,0.000000,,,,
2024-08-22,QTRX,BBG0027NWC78,0,false,13.190000,12.840000,0.341168,-2.653525,false,0.000000,execution_costs_v1.0,0.000000,0.000000,,,,
2024-08-22,QTTB,BBG00CTTJWS7,0,false,39.000000,38.580000,4.794872,-1.076923,false,0.000000,execution_costs_v1.0,0.000000,0.000000,,,,
2024-08-22,QTWO,BBG005ZVK9Q1,0,false,73.130000,72.750000,0.451251,-0.519623,false,0.000000,execution_costs_v1.0,0.000000,0.000000,,,,
2024-08-22,QURE,0001590560,0,false,7.000000,6.500000,1.142857,-7.142857,false,0.000000,execution_costs_v1.0,0.000000,0.000000,,,,
2024-08-22,R,BBG001S5VK15,0,false,138.660000,138.440000,0.497620,-0.158661,false,0.000000,execution_costs_v1.0,0.000000,0.000000,,,,
2024-08-22,RAMP,BBG001S5NCJ3,1,false,25.900000,25.390000,1.274131,-1.969112,false,0.000000,execution_costs_v1.0,0.000000,0.000000,,,,
2024-08-22,RARE,BBG001V2MJJ2,0,false,57.050000,56.335000,1.875548,-1.253287,false,0.000000,execution_costs_v1.0,0.000000,0.000000,,,,
2024-08-22,RBB,BBG002537TD8,0,false,22.190000,21.870000,0.225327,-1.442091,false,0.000000,execution_costs_v1.0,0.000000,0.000000,,,,
2024-08-22,RBBN,BBG00HW4CSH5,0,false,3.270000,3.225000,1.529052,-1.376147,false,0.000000,execution_costs_v1.0,0.000000,0.000000,,,,
2024-08-22,RBC,BBG001SNYTV1,0,false,293.380000,290.510000,0.000000,-0.978253,false,0.000000,execution_costs_v1.0,0.000000,0.000000,,,,
2024-08-22,RBCAA,BBG001S7X4Z8,0,false,59.060000,60.240000,2.472062,1.997968,false,0.000000,execution_costs_v1.0,0.000000,0.000000,,,,
2024-08-22,RBOT,BBG00VSHDVQ2,0,false,6.850000,6.840000,11.094891,-0.145985,false,0.000000,execution_costs_v1.0,0.000000,0.000000,,,,
2024-08-22,RC,BBG003TCRSD0,0,false,8.560000,8.395000,0.116822,-1.927570,false,0.000000,execution_costs_v1.0,0.000000,0.000000,,,,
2024-08-22,RCKT,BBG001T92156,0,false,19.990000,18.480000,0.100050,-7.553777,false,0.000000,execution_costs_v1.0,0.000000,0.000000,,,,
2024-08-22,RCM,BBG018CZLZ45,0,false,14.060000,14.070000,0.142248,0.071124,false,0.000000,execution_costs_v1.0,0.000000,0.000000,,,,
2024-08-22,RCON,0001442620,0,false,2.350000,2.300000,0.000000,-2.127660,false,0.000000,execution_costs_v1.0,0.000000,0.000000,,,,
2024-08-22,RCUS,BBG00DQD2751,0,false,17.710000,17.690000,1.976285,-0.112931,false,0.000000,execution_costs_v1.0,0.000000,0.000000,,,,
2024-08-22,RDDT,BBG015RGX648,12,true,56.500000,56.440000,1.681416,-0.106195,false,0.000000,execution_costs_v1.0,0.000000,0.000000,,,,
2024-08-22,RDFN,BBG001V1F423,15,true,9.170000,9.319900,6.434024,1.634678,false,0.000000,execution_costs_v1.0,0.000000,0.000000,,,,
2024-08-22,RDN,BBG001SBWXG7,0,false,35.140000,35.100000,0.398406,-0.113830,false,0.000000,execution_costs_v1.0,0.000000,0.000000,,,,
2024-08-22,RDNT,BBG001S75DK5,0,false,63.630000,64.070000,0.864372,0.691498,false,0.000000,execution_costs_v1.0,0.000000,0.000000,,,,
2024-08-22,RDUS,BBG001S7H0J2,0,false,14.740000,14.400000,0.000000,-2.306649,false,0.000000,execution_costs_v1.0,0.000000,0.000000,,,,
2024-08-22,RDVT,BBG00HNGGZZ8,0,false,28.840000,28.080000,0.034674,-2.635229,false,0.000000,execution_costs_v1.0,0.000000,0.000000,,,,
2024-08-22,RDW,BBG00YGLXFH3,0,false,6.660000,6.495000,1.051051,-2.477477,false,0.000000,execution_costs_v1.0,0.000000,0.000000,,,,
2024-08-22,RDWR,0001094366,0,false,22.510000,21.950000,0.000000,-2.487783,false,0.000000,execution_costs_v1.0,0.000000,0.000000,,,,
2024-08-22,REAX,BBG00KRN3NQ3,0,false,6.100000,6.070000,4.754098,-0.491803,false,0.000000,execution_costs_v1.0,0.000000,0.000000,,,,
2024-08-22,REG,BBG001S7H752,0,false,70.850000,70.730000,0.268172,-0.169372,false,0.000000,execution_costs_v1.0,0.000000,0.000000,,,,
2024-08-22,REI,BBG001SNHQJ0,1,false,1.850000,1.815000,0.000000,-1.891892,false,0.000000,execution_costs_v1.0,0.000000,0.000000,,,,
2024-08-22,RELY,BBG012C7JTN6,0,false,14.270000,13.790000,1.191310,-3.363700,false,0.000000,execution_costs_v1.0,0.000000,0.000000,,,,
2024-08-22,RENT,BBG001V0FB29,1,false,14.500000,14.453300,17.241379,-0.322069,true,0.000000,execution_costs_v1.0,0.000000,0.000000,,,,
2024-08-22,REPL,BBG00L8Z22S0,1,false,10.270000,10.140000,1.460565,-1.265823,false,0.000000,execution_costs_v1.0,0.000000,0.000000,,,,
2024-08-22,REPX,BBG001SDLX20,0,false,27.260000,27.010000,1.100514,-0.917095,false,0.000000,execution_costs_v1.0,0.000000,0.000000,,,,
2024-08-22,RES,BBG001S5VN37,0,false,6.200000,6.245000,1.370968,0.725806,false,0.000000,execution_costs_v1.0,0.000000,0.000000,,,,
2024-08-22,REVG,BBG00CSG01X8,1,false,29.140000,29.340000,1.715854,0.686342,false,0.000000,execution_costs_v1.0,0.000000,0.000000,,,,
2024-08-22,REX,BBG001S7D5J5,0,false,46.270000,46.010000,0.256322,-0.561919,false,0.000000,execution_costs_v1.0,0.000000,0.000000,,,,
2024-08-22,REXR,BBG004MB82S9,0,false,51.410000,51.200000,0.106983,-0.408481,false,0.000000,execution_costs_v1.0,0.000000,0.000000,,,,
2024-08-22,REYN,BBG00QVJVZ22,0,false,30.630000,30.670000,0.359125,0.130591,false,0.000000,execution_costs_v1.0,0.000000,0.000000,,,,
2024-08-22,REZI,BBG00HY28L05,0,false,19.160000,19.160000,0.730689,0.000000,false,0.000000,execution_costs_v1.0,0.000000,0.000000,,,,
2024-08-22,RGA,BBG001S6P9Q8,0,false,209.110000,210.100000,0.698197,0.473435,false,0.000000,execution_costs_v1.0,0.000000,0.000000,,,,
2024-08-22,RGEN,BBG001S5VNT9,0,false,153.480000,148.160000,0.000000,-3.466250,false,0.000000,execution_costs_v1.0,0.000000,0.000000,,,,
2024-08-22,RGLD,BBG001S5VNX4,0,false,139.350000,139.000000,0.319340,-0.251166,false,0.000000,execution_costs_v1.0,0.000000,0.000000,,,,
2024-08-22,RGNX,BBG007Z9V5C7,0,false,12.210000,11.670000,0.000000,-4.422604,false,0.000000,execution_costs_v1.0,0.000000,0.000000,,,,
2024-08-22,RGP,BBG001S7QYK6,0,false,10.210000,10.035000,0.195886,-1.714006,false,0.000000,execution_costs_v1.0,0.000000,0.000000,,,,
2024-08-22,RGR,BBG001S6LMJ1,0,false,42.330000,41.660000,0.000000,-1.582802,false,0.000000,execution_costs_v1.0,0.000000,0.000000,,,,
2024-08-22,RH,BBG002293Q93,13,true,268.950000,263.220000,0.201822,-2.130508,false,0.000000,execution_costs_v1.0,0.000000,0.000000,,,,
2024-08-22,RHI,BBG001S5VP41,0,false,62.710000,62.120000,0.287036,-0.940839,false,0.000000,execution_costs_v1.0,0.000000,0.000000,,,,
2024-08-22,RHP,BBG001S6SHG8,0,false,102.080000,102.170000,1.136364,0.088166,false,0.000000,execution_costs_v1.0,0.000000,0.000000,,,,
2024-08-22,RICK,BBG001S8LFR3,0,false,44.560000,43.820000,0.740575,-1.660682,false,0.000000,execution_costs_v1.0,0.000000,0.000000,,,,
2024-08-22,RIG,0001451505,8,false,4.920000,4.735000,1.117886,-3.760163,false,0.000000,execution_costs_v1.0,0.000000,0.000000,,,,
2024-08-22,RIGL,BBG001SD33Z0,0,false,12.480000,12.070000,0.000000,-3.285256,false,0.000000,execution_costs_v1.0,0.000000,0.000000,,,,
2024-08-22,RIOT,BBG001SDW128,47,true,8.340000,8.060000,0.539568,-3.357314,false,0.000000,execution_costs_v1.0,0.000000,0.000000,,,,
2024-08-22,RITM,BBG003T1GM12,0,false,11.370000,11.395000,0.791557,0.219877,false,0.000000,execution_costs_v1.0,0.000000,0.000000,,,,
2024-08-22,RIVN,BBG00741Y1P0,53,true,13.160000,12.815000,0.379939,-2.621581,false,0.000000,execution_costs_v1.0,0.000000,0.000000,,,,
2024-08-22,RKLB,BBG00Y61T0H6,45,true,7.000000,6.850000,3.714286,-2.142857,false,0.000000,execution_costs_v1.0,0.000000,0.000000,,,,
2024-08-22,RKT,BBG00VY1MZN4,6,false,19.730000,19.740000,1.824633,0.050684,false,0.000000,execution_costs_v1.0,0.000000,0.000000,,,,
2024-08-22,RL,BBG001S9TL45,0,false,170.910000,168.900000,0.239892,-1.176058,false,0.000000,execution_costs_v1.0,0.000000,0.000000,,,,
2024-08-22,RLAY,BBG00DSS08L8,0,false,7.440000,6.960000,0.537634,-6.451613,false,0.000000,execution_costs_v1.0,0.000000,0.000000,,,,
2024-08-22,RLI,BBG001S5VQ58,0,false,149.840000,150.090000,0.370395,0.166845,false,0.000000,execution_costs_v1.0,0.000000,0.000000,,,,
2024-08-22,RLJ,BBG001V0BJV4,0,false,9.330000,9.300000,0.911040,-0.321543,false,0.000000,execution_costs_v1.0,0.000000,0.000000,,,,
2024-08-22,RM,BBG001V1C4G1,0,false,31.230000,31.150000,1.047711,-0.256164,false,0.000000,execution_costs_v1.0,0.000000,0.000000,,,,
2024-08-22,RMBS,BBG001S7RF80,0,false,47.850000,45.570000,0.041797,-4.764890,false,0.000000,execution_costs_v1.0,0.000000,0.000000,,,,
2024-08-22,RMR,BBG00B6V7CK4,0,false,24.780000,24.610000,0.282082,-0.686037,false,0.000000,execution_costs_v1.0,0.000000,0.000000,,,,
2024-08-22,RNA,BBG00FQ7LXX0,0,false,45.350000,42.880000,0.000000,-5.446527,false,0.000000,execution_costs_v1.0,0.000000,0.000000,,,,
2024-08-22,RNAC,BBG001V0FQQ0,0,false,15.080000,13.640000,1.391910,-9.549072,false,0.000000,execution_costs_v1.0,0.000000,0.000000,,,,
2024-08-22,RNG,BBG001SHXFM5,10,true,33.350000,32.850000,1.259370,-1.499250,false,0.000000,execution_costs_v1.0,0.000000,0.000000,,,,
2024-08-22,RNR,0000913144,0,false,245.150000,247.250000,0.860698,0.856618,false,0.000000,execution_costs_v1.0,0.000000,0.000000,,,,
2024-08-22,RNST,BBG001S5V5B7,0,false,32.630000,32.840000,0.950046,0.643580,false,0.000000,execution_costs_v1.0,0.000000,0.000000,,,,
2024-08-22,RNW,0001848763,0,false,5.560000,5.520000,0.629496,-0.719424,false,0.000000,execution_costs_v1.0,0.000000,0.000000,,,,
2024-08-22,ROAD,BBG00KK0CFZ7,0,false,61.960000,61.940000,0.661717,-0.032279,false,0.000000,execution_costs_v1.0,0.000000,0.000000,,,,
2024-08-22,ROCK,BBG001S7GCL4,0,false,66.650000,66.060000,0.945236,-0.885221,false,0.000000,execution_costs_v1.0,0.000000,0.000000,,,,
2024-08-22,ROG,BBG001S5TTY3,0,false,106.090000,103.740000,0.282779,-2.215100,false,0.000000,execution_costs_v1.0,0.000000,0.000000,,,,
2024-08-22,ROIC,BBG001T0CM94,0,false,15.060000,15.240000,2.025232,1.195219,false,0.000000,execution_costs_v1.0,0.000000,0.000000,,,,
2024-08-22,ROIV,0001635088,1,false,11.850000,11.680000,0.000000,-1.434599,false,0.000000,execution_costs_v1.0,0.000000,0.000000,,,,
2024-08-22,ROKU,BBG001ZZPQM2,3,false,63.020000,61.810000,0.539511,-1.920025,false,0.000000,execution_costs_v1.0,0.000000,0.000000,,,,
2024-08-22,ROOT,BBG002GMC9G9,0,false,46.570000,44.855000,1.868155,-3.682628,false,0.000000,execution_costs_v1.0,0.000000,0.000000,,,,
2024-08-22,RPAY,BBG00LFVTCC7,0,false,8.390000,8.360000,1.430274,-0.357569,false,0.000000,execution_costs_v1.0,0.000000,0.000000,,,,
2024-08-22,RPD,BBG009DFHWH5,0,false,37.450000,37.109000,0.373832,-0.910547,false,0.000000,execution_costs_v1.0,0.000000,0.000000,,,,
2024-08-22,RPM,BBG001S7X317,0,false,116.370000,114.350000,0.000000,-1.735843,false,0.000000,execution_costs_v1.0,0.000000,0.000000,,,,
2024-08-22,RPRX,0001802768,0,false,27.700000,27.730000,1.010830,0.108303,false,0.000000,execution_costs_v1.0,0.000000,0.000000,,,,
2024-08-22,RRBI,BBG001SN25H4,0,false,50.360000,51.550000,2.362986,2.362986,false,0.000000,execution_costs_v1.0,0.000000,0.000000,,,,
2024-08-22,RRC,BBG001SBZNN8,1,false,30.740000,30.160000,0.260247,-1.886792,false,0.000000,execution_costs_v1.0,0.000000,0.000000,,,,
2024-08-22,RRR,BBG00B6G8068,0,false,55.600000,54.750000,0.881115,-1.528777,false,0.000000,execution_costs_v1.0,0.000000,0.000000,,,,
2024-08-22,RRX,BBG001S5VL68,0,false,161.890000,160.210000,0.444746,-1.037742,false,0.000000,execution_costs_v1.0,0.000000,0.000000,,,,
2024-08-22,RSI,BBG00RMKRQN9,0,false,9.470000,9.050000,0.475185,-4.435058,false,0.000000,execution_costs_v1.0,0.000000,0.000000,,,,
2024-08-22,RSKD,0001851112,0,false,4.760000,4.745000,1.365546,-0.315126,false,0.000000,execution_costs_v1.0,0.000000,0.000000,,,,
2024-08-22,RSVR,BBG00YCLJQQ9,0,false,7.340000,7.380000,2.179837,0.544959,false,0.000000,execution_costs_v1.0,0.000000,0.000000,,,,
2024-08-22,RTC,0001381074,0,false,8.270000,8.140000,1.330109,-1.571947,false,0.000000,execution_costs_v1.0,0.000000,0.000000,,,,
2024-08-22,RUM,BBG00Z61CSD4,1,false,6.280000,6.130000,0.000000,-2.388535,false,0.000000,execution_costs_v1.0,0.000000,0.000000,,,,
2024-08-22,RUN,BBG0025XVR94,1,false,19.550000,19.960000,3.324808,2.097187,false,0.000000,execution_costs_v1.0,0.000000,0.000000,,,,
2024-08-22,RUSHA,BBG001SKX0D1,0,false,52.330000,51.720000,0.554175,-1.165679,false,0.000000,execution_costs_v1.0,0.000000,0.000000,,,,
2024-08-22,RVLV,BBG00M4RHC48,1,false,23.570000,23.180000,0.222317,-1.654646,false,0.000000,execution_costs_v1.0,0.000000,0.000000,,,,
2024-08-22,RVMD,BBG00829F4Q7,0,false,45.270000,43.260000,0.552242,-4.440027,false,0.000000,execution_costs_v1.0,0.000000,0.000000,,,,
2024-08-22,RVNC,BBG001V0GBC7,1,false,6.590000,6.600000,0.151745,0.151745,false,0.000000,execution_costs_v1.0,0.000000,0.000000,,,,
2024-08-22,RVTY,BBG001SBKS35,0,false,121.070000,119.430000,0.227141,-1.354588,false,0.000000,execution_costs_v1.0,0.000000,0.000000,,,,
2024-08-22,RWAY,BBG012QFW480,0,false,10.620000,10.600000,0.941620,-0.188324,false,0.000000,execution_costs_v1.0,0.000000,0.000000,,,,
2024-08-22,RWT,BBG001SBHVP8,0,false,7.240000,7.200000,0.069061,-0.552486,false,0.000000,execution_costs_v1.0,0.000000,0.000000,,,,
2024-08-22,RXO,BBG0160DYDC7,0,false,29.000000,28.510000,0.689655,-1.689655,false,0.000000,execution_costs_v1.0,0.000000,0.000000,,,,
2024-08-22,RXRX,BBG00PQ4XJ54,21,true,7.700000,7.359000,0.064935,-4.428571,false,0.000000,execution_costs_v1.0,0.000000,0.000000,,,,
2024-08-22,RXST,BBG00THX1YQ1,0,false,53.950000,54.320000,2.391103,0.685820,false,0.000000,execution_costs_v1.0,0.000000,0.000000,,,,
2024-08-22,RXT,BBG00W0JYQR3,0,false,2.390000,2.220000,0.000000,-7.112971,false,0.000000,execution_costs_v1.0,0.000000,0.000000,,,,
2024-08-22,RYAM,BBG005XVML75,1,false,7.480000,7.460000,1.336898,-0.267380,false,0.000000,execution_costs_v1.0,0.000000,0.000000,,,,
2024-08-22,RYAN,BBG011K4W1Y0,0,false,65.230000,64.700000,0.291277,-0.812510,false,0.000000,execution_costs_v1.0,0.000000,0.000000,,,,
2024-08-22,RYI,BBG001T6NHM5,0,false,19.480000,19.150000,0.564682,-1.694045,false,0.000000,execution_costs_v1.0,0.000000,0.000000,,,,
2024-08-22,RYN,BBG001S7NCZ1,0,false,29.390000,29.050000,0.215379,-1.156856,false,0.000000,execution_costs_v1.0,0.000000,0.000000,,,,
2024-08-22,RYTM,BBG007DLZ629,0,false,45.540000,44.230000,0.812473,-2.876592,false,0.000000,execution_costs_v1.0,0.000000,0.000000,,,,
2024-08-22,S,BBG00B6F2F27,27,true,25.530000,24.560000,0.000000,-3.799452,false,0.000000,execution_costs_v1.0,0.000000,0.000000,,,,
2024-08-22,SA,BBG001S607C4,3,false,18.380000,18.060000,0.217628,-1.741023,false,0.000000,execution_costs_v1.0,0.000000,0.000000,,,,
2024-08-22,SABR,BBG005WQVVG5,0,false,2.980000,2.890000,1.342282,-3.020134,false,0.000000,execution_costs_v1.0,0.000000,0.000000,,,,
2024-08-22,SAFE,BBG001SDG572,0,false,23.840000,24.170000,1.384228,1.384228,false,0.000000,execution_costs_v1.0,0.000000,0.000000,,,,
2024-08-22,SAFT,BBG001S78T90,0,false,83.140000,84.360000,1.467404,1.467404,false,0.000000,execution_costs_v1.0,0.000000,0.000000,,,,
2024-08-22,SAGE,BBG0025X16Z4,0,false,8.650000,8.210000,0.462428,-5.086705,false,0.000000,execution_costs_v1.0,0.000000,0.000000,,,,
2024-08-22,SAH,BBG001S5VVK0,0,false,60.750000,59.850000,1.302387,-1.481481,false,0.000000,execution_costs_v1.0,0.000000,0.000000,,,,
2024-08-22,SAIA,BBG001SL4QM4,0,false,396.850000,394.490000,0.836588,-0.594683,false,0.000000,execution_costs_v1.0,0.000000,0.000000,,,,
2024-08-22,SAIC,BBG003BW05L5,0,false,127.230000,126.960000,0.463727,-0.212214,false,0.000000,execution_costs_v1.0,0.000000,0.000000,,,,
2024-08-22,SAM,BBG001S5VVQ4,0,false,283.130000,275.100000,0.000000,-2.836153,false,0.000000,execution_costs_v1.0,0.000000,0.000000,,,,
2024-08-22,SANA,BBG00N5BMH70,0,false,5.280000,5.730000,8.522727,8.522727,false,0.000000,execution_costs_v1.0,0.000000,0.000000,,,,
2024-08-22,SAND,BBG001SSPFD0,2,false,5.540000,5.490000,0.361011,-0.902527,false,0.000000,execution_costs_v1.0,0.000000,0.000000,,,,
2024-08-22,SANM,BBG001S5SYJ0,0,false,70.000000,68.330000,1.085714,-2.385714,false,0.000000,execution_costs_v1.0,0.000000,0.000000,,,,
2024-08-22,SAR,BBG001SRV422,0,false,22.860000,23.130000,1.522310,1.181102,false,0.000000,execution_costs_v1.0,0.000000,0.000000,,,,
2024-08-22,SASR,BBG001S6Y0J5,0,false,29.260000,29.470000,1.828435,0.717703,false,0.000000,execution_costs_v1.0,0.000000,0.000000,,,,
2024-08-22,SATS,BBG001T048Z5,0,false,18.550000,18.690000,1.024259,0.754717,false,0.000000,execution_costs_v1.0,0.000000,0.000000,,,,
2024-08-22,SAVA,BBG001SCKXX9,3,false,31.330000,29.860000,2.298117,-4.691989,false,0.000000,execution_costs_v1.0,0.000000,0.000000,,,,
2024-08-22,SAVE,BBG001S70KL3,19,true,2.830000,2.725000,0.353357,-3.710247,false,0.000000,execution_costs_v1.0,0.000000,0.000000,,,,
2024-08-22,SB,0001434754,1,false,4.960000,4.940000,0.806452,-0.403226,false,0.000000,execution_costs_v1.0,0.000000,0.000000,,,,
2024-08-22,SBCF,BBG001SD9X60,0,false,25.770000,25.880000,1.202949,0.426853,false,0.000000,execution_costs_v1.0,0.000000,0.000000,,,,
2024-08-22,SBFM,BBG001SVBT66,0,false,2.990000,2.880000,2.341137,-3.678930,false,0.000000,execution_costs_v1.0,0.000000,0.000000,,,,
2024-08-22,SBGI,BBG01GJ3NYB4,0,false,13.210000,13.160000,2.649508,-0.378501,false,0.000000,execution_costs_v1.0,0.000000,0.000000,,,,
2024-08-22,SBH,BBG001SDHTQ8,0,false,13.320000,13.070000,0.000000,-1.876877,false,0.000000,execution_costs_v1.0,0.000000,0.000000,,,,
2024-08-22,SBLK,0001386716,3,false,21.380000,21.215000,1.590271,-0.771749,false,0.000000,execution_costs_v1.0,0.000000,0.000000,,,,
2024-08-22,SBR,BBG001S5VWY3,0,false,63.800000,63.670000,0.470219,-0.203762,false,0.000000,execution_costs_v1.0,0.000000,0.000000,,,,
2024-08-22,SBRA,BBG001SGNMK5,0,false,16.290000,16.160000,0.122161,-0.798036,false,0.000000,execution_costs_v1.0,0.000000,0.000000,,,,
2024-08-22,SBSI,BBG001S66SR6,0,false,32.170000,32.260000,0.621697,0.279764,false,0.000000,execution_costs_v1.0,0.000000,0.000000,,,,
2024-08-22,SCHL,BBG001S5VTF1,1,false,31.220000,30.880000,0.320307,-1.089045,false,0.000000,execution_costs_v1.0,0.000000,0.000000,,,,
2024-08-22,SCI,BBG001S5WBJ5,0,false,76.440000,76.250000,0.242020,-0.248561,false,0.000000,execution_costs_v1.0,0.000000,0.000000,,,,
2024-08-22,SCL,BBG001S5VXQ0,0,false,75.260000,75.210000,0.756046,-0.066436,false,0.000000,execution_costs_v1.0,0.000000,0.000000,,,,
2024-08-22,SCM,BBG003LB3VC0,2,false,13.800000,13.740000,0.217391,-0.434783,false,0.000000,execution_costs_v1.0,0.000000,0.000000,,,,
2024-08-22,SCS,BBG001S89FD2,0,false,13.620000,13.450000,0.660793,-1.248164,false,0.000000,execution_costs_v1.0,0.000000,0.000000,,,,
2024-08-22,SCSC,BBG001S7S0W5,0,false,48.530000,48.030000,0.000000,-1.030291,false,0.000000,execution_costs_v1.0,0.000000,0.000000,,,,
2024-08-22,SCVL,BBG001S6V927,0,false,42.830000,42.460000,0.070044,-0.863880,false,0.000000,execution_costs_v1.0,0.000000,0.000000,,,,
2024-08-22,SCWX,BBG001SF9RV0,0,false,7.330000,7.220000,0.000000,-1.500682,false,0.000000,execution_costs_v1.0,0.000000,0.000000,,,,
2024-08-22,SD,BBG001SL3ZY2,0,false,13.240000,13.180000,0.604230,-0.453172,false,0.000000,execution_costs_v1.0,0.000000,0.000000,,,,
2024-08-22,SDA,0001936804,1,false,10.380000,10.540000,5.009634,1.541426,false,0.000000,execution_costs_v1.0,0.000000,0.000000,,,,
2024-08-22,SDGR,BBG001SZK2K0,0,false,20.210000,19.490000,0.070757,-3.562593,false,0.000000,execution_costs_v1.0,0.000000,0.000000,,,,
2024-08-22,SDHC,BBG01J6P1XN6,0,false,35.860000,36.020000,1.031790,0.446180,false,0.000000,execution_costs_v1.0,0.000000,0.000000,,,,
2024-08-22,SDHY,BBG00XTHQGX8,0,false,15.870000,15.950000,0.756144,0.504096,false,0.000000,execution_costs_v1.0,0.000000,0.000000,,,,
2024-08-22,SDRL,0001737706,0,false,42.420000,42.070000,1.461575,-0.825083,false,0.000000,execution_costs_v1.0,0.000000,0.000000,,,,
2024-08-22,SEAT,BBG012C73S82,0,false,4.400000,4.395000,2.272727,-0.113636,false,0.000000,execution_costs_v1.0,0.000000,0.000000,,,,
2024-08-22,SEDG,BBG0084BC0P2,5,false,26.570000,25.050000,0.940911,-5.720738,false,0.000000,execution_costs_v1.0,0.000000,0.000000,,,,
2024-08-22,SEE,BBG001SBSZ95,1,false,34.160000,34.580000,1.697892,1.229508,false,0.000000,execution_costs_v1.0,0.000000,0.000000,,,,
2024-08-22,SEIC,BBG001S5VZJ3,0,false,67.290000,67.040000,0.386387,-0.371526,false,0.000000,execution_costs_v1.0,0.000000,0.000000,,,,
2024-08-22,SEM,BBG001SMLRT4,0,false,34.250000,34.340000,1.138686,0.262774,false,0.000000,execution_costs_v1.0,0.000000,0.000000,,,,
2024-08-22,SEMR,BBG00Z6S6285,0,false,13.670000,13.380000,0.146306,-2.121434,false,0.000000,execution_costs_v1.0,0.000000,0.000000,,,,
2024-08-22,SENEA,BBG001S8L1W8,0,false,60.550000,59.970000,1.106524,-0.957886,false,0.000000,execution_costs_v1.0,0.000000,0.000000,,,,
2024-08-22,SES,BBG00YMWPMV0,1,false,1.060000,1.030000,0.000000,-2.830189,false,0.000000,execution_costs_v1.0,0.000000,0.000000,,,,
2024-08-22,SEZL,BBG00MKN0926,0,false,131.600000,126.300000,2.013678,-4.027356,false,0.000000,execution_costs_v1.0,0.000000,0.000000,,,,
2024-08-22,SF,BBG001S5W081,0,false,85.430000,84.900000,0.948145,-0.620391,false,0.000000,execution_costs_v1.0,0.000000,0.000000,,,,
2024-08-22,SFBS,BBG001T2HRB1,0,false,77.990000,77.640000,0.801385,-0.448775,false,0.000000,execution_costs_v1.0,0.000000,0.000000,,,,
2024-08-22,SFIX,BBG0046L1KM8,1,false,3.670000,3.620000,0.136240,-1.362398,false,0.000000,execution_costs_v1.0,0.000000,0.000000,,,,
2024-08-22,SFL,0001289877,1,false,11.640000,11.560000,0.171821,-0.687285,false,0.000000,execution_costs_v1.0,0.000000,0.000000,,,,
2024-08-22,SFM,BBG001V0MZS0,0,false,97.120000,96.010000,0.731054,-1.142916,false,0.000000,execution_costs_v1.0,0.000000,0.000000,,,,
2024-08-22,SFNC,BBG001S5W0T8,0,false,20.120000,20.190000,1.018887,0.347913,false,0.000000,execution_costs_v1.0,0.000000,0.000000,,,,
2024-08-22,SG,BBG005NTTSQ8,7,false,34.330000,35.060000,5.694728,2.126420,false,0.000000,execution_costs_v1.0,0.000000,0.000000,,,,
2024-08-22,SGH,0001616533,0,false,20.820000,20.190000,0.144092,-3.025937,false,0.000000,execution_costs_v1.0,0.000000,0.000000,,,,
2024-08-22,SGHC,0001878057,0,false,3.300000,3.260000,0.303030,-1.212121,false,0.000000,execution_costs_v1.0,0.000000,0.000000,,,,
2024-08-22,SGHT,BBG006BZHZD6,0,false,6.360000,6.310000,2.830189,-0.786164,false,0.000000,execution_costs_v1.0,0.000000,0.000000,,,,
2024-08-22,SGML,BBG0027F58B9,0,false,11.480000,10.730000,0.783972,-6.533101,false,0.000000,execution_costs_v1.0,0.000000,0.000000,,,,
2024-08-22,SGRY,BBG009T0TKW7,0,false,28.000000,28.640000,3.410714,2.285714,false,0.000000,execution_costs_v1.0,0.000000,0.000000,,,,
2024-08-22,SGU,BBG001S7M0P9,0,false,11.630000,11.730000,0.945830,0.859845,false,0.000000,execution_costs_v1.0,0.000000,0.000000,,,,
2024-08-22,SHAK,BBG0063GCHJ6,0,false,106.580000,106.820000,2.158003,0.225183,false,0.000000,execution_costs_v1.0,0.000000,0.000000,,,,
2024-08-22,SHBI,BBG001S9TSK2,0,false,13.370000,13.350000,0.598355,-0.149589,false,0.000000,execution_costs_v1.0,0.000000,0.000000,,,,
2024-08-22,SHC,BBG008LZG101,0,false,15.400000,15.200000,0.389610,-1.298701,false,0.000000,execution_costs_v1.0,0.000000,0.000000,,,,
2024-08-22,SHCO,BBG011K3T3Q1,0,false,5.930000,5.980000,1.686341,0.843170,false,0.000000,execution_costs_v1.0,0.000000,0.000000,,,,
2024-08-22,SHCR,BBG00XPPTB53,0,false,1.380000,1.390000,0.724638,0.724638,false,0.000000,execution_costs_v1.0,0.000000,0.000000,,,,
2024-08-22,SHEN,BBG001SG37M8,0,false,14.250000,14.380000,2.105263,0.912281,false,0.000000,execution_costs_v1.0,0.000000,0.000000,,,,
2024-08-22,SHLS,BBG00YQ82328,1,false,5.290000,5.110000,0.567108,-3.402647,false,0.000000,execution_costs_v1.0,0.000000,0.000000,,,,
2024-08-22,SHO,BBG001SM4XW6,0,false,10.280000,10.220000,0.535019,-0.583658,false,0.000000,execution_costs_v1.0,0.000000,0.000000,,,,
2024-08-22,SHOO,BBG001S7JHQ5,0,false,44.490000,44.010000,0.000000,-1.078894,false,0.000000,execution_costs_v1.0,0.000000,0.000000,,,,
2024-08-22,SHYF,BBG001S5W8H4,0,false,13.300000,13.490000,1.729323,1.428571,false,0.000000,execution_costs_v1.0,0.000000,0.000000,,,,
2024-08-22,SIBN,BBG001V0GNP7,0,false,15.150000,14.920000,3.168317,-1.518152,false,0.000000,execution_costs_v1.0,0.000000,0.000000,,,,
2024-08-22,SIG,0000832988,0,false,78.320000,77.930000,0.191522,-0.497957,false,0.000000,execution_costs_v1.0,0.000000,0.000000,,,,
2024-08-22,SIGA,BBG001S80PZ5,38,true,9.450000,9.340000,2.857143,-1.164021,false,0.000000,execution_costs_v1.0,0.000000,0.000000,,,,
2024-08-22,SIGI,BBG001S5W2R6,0,false,89.170000,89.300000,0.173825,0.145789,false,0.000000,execution_costs_v1.0,0.000000,0.000000,,,,
2024-08-22,SII,BBG001T2FK64,0,false,41.050000,40.570000,0.219245,-1.169306,false,0.000000,execution_costs_v1.0,0.000000,0.000000,,,,
2024-08-22,SILK,BBG0026ZJRZ3,0,false,27.200000,27.220000,0.183824,0.073529,false,0.000000,execution_costs_v1.0,0.000000,0.000000,,,,
2024-08-22,SILV,BBG009XQLJF5,2,false,8.740000,8.630000,1.258581,-1.258581,false,0.000000,execution_costs_v1.0,0.000000,0.000000,,,,
2024-08-22,SIRI,BBG001S70ZY6,37,true,3.320000,3.140000,0.301205,-5.421687,false,0.000000,execution_costs_v1.0,0.000000,0.000000,,,,
2024-08-22,SITC,BBG001S76RV1,0,false,60.630000,60.560000,0.667986,-0.115454,false,0.000000,execution_costs_v1.0,0.000000,0.000000,,,,
2024-08-22,SITE,BBG009T22D67,0,false,139.570000,137.330000,0.114638,-1.604929,false,0.000000,execution_costs_v1.0,0.000000,0.000000,,,,
2024-08-22,SITM,BBG00QNSY276,0,false,142.280000,136.935000,0.267079,-3.756677,false,0.000000,execution_costs_v1.0,0.000000,0.000000,,,,
2024-08-22,SJM,BBG001S5W3H5,1,false,121.440000,121.050000,0.098814,-0.321146,false,0.000000,execution_costs_v1.0,0.000000,0.000000,,,,
2024-08-22,SJW,BBG001S5W3N8,0,false,58.720000,57.770000,0.536444,-1.617847,false,0.000000,execution_costs_v1.0,0.000000,0.000000,,,,
2024-08-22,SKE,BBG001S6LB05,0,false,7.840000,7.770000,0.127551,-0.892857,false,0.000000,execution_costs_v1.0,0.000000,0.000000,,,,
2024-08-22,SKT,BBG001S7BZV7,0,false,28.690000,28.780000,0.592541,0.313698,false,0.000000,execution_costs_v1.0,0.000000,0.000000,,,,
2024-08-22,SKWD,BBG002QHKLR1,0,false,38.660000,38.990000,1.176927,0.853595,false,0.000000,execution_costs_v1.0,0.000000,0.000000,,,,
2024-08-22,SKX,BBG001S5XTG8,0,false,67.740000,67.300000,0.509300,-0.649542,false,0.000000,execution_costs_v1.0,0.000000,0.000000,,,,
2024-08-22,SKY,BBG001S5W456,0,false,89.970000,88.360000,0.489052,-1.789485,false,0.000000,execution_costs_v1.0,0.000000,0.000000,,,,
2024-08-22,SKYT,BBG00ZS44MH2,0,false,10.180000,9.610000,0.196464,-5.599214,false,0.000000,execution_costs_v1.0,0.000000,0.000000,,,,
2024-08-22,SKYW,BBG001S5W465,0,false,74.450000,74.320000,1.087576,-0.174614,false,0.000000,execution_costs_v1.0,0.000000,0.000000,,,,
2024-08-22,SLAB,BBG001S5W492,0,false,113.690000,113.180000,0.668484,-0.448588,false,0.000000,execution_costs_v1.0,0.000000,0.000000,,,,
2024-08-22,SLAM,0001838162,0,false,11.150000,11.149900,0.089686,-0.000897,false,0.000000,execution_costs_v1.0,0.000000,0.000000,,,,
2024-08-22,SLDB,BBG00JN4FXH7,0,false,10.070000,9.425000,0.397219,-6.405164,false,0.000000,execution_costs_v1.0,0.000000,0.000000,,,,
2024-08-22,SLG,BBG001S9Z1V2,0,false,64.600000,64.290000,0.325077,-0.479876,false,0.000000,execution_costs_v1.0,0.000000,0.000000,,,,
2024-08-22,SLGN,BBG001S6VPD9,0,false,50.900000,50.820000,0.176817,-0.157171,false,0.000000,execution_costs_v1.0,0.000000,0.000000,,,,
2024-08-22,SLM,BBG001S5W4T0,0,false,21.000000,21.050000,0.571429,0.238095,false,0.000000,execution_costs_v1.0,0.000000,0.000000,,,,
2024-08-22,SLNO,BBG0024L5B95,0,false,52.000000,48.610000,0.086538,-6.519231,false,0.000000,execution_costs_v1.0,0.000000,0.000000,,,,
2024-08-22,SLP,BBG001S9TQV4,0,false,37.580000,36.470000,0.372539,-2.953699,false,0.000000,execution_costs_v1.0,0.000000,0.000000,,,,
2024-08-22,SLQT,BBG001SQZ7Z7,1,false,3.410000,3.460000,5.278592,1.466276,false,0.000000,execution_costs_v1.0,0.000000,0.000000,,,,
2024-08-22,SLRC,BBG001T1Q8N2,0,false,15.430000,15.345000,0.388853,-0.550875,false,0.000000,execution_costs_v1.0,0.000000,0.000000,,,,
2024-08-22,SLRN,BBG00YJKJ8J2,0,false,4.820000,4.545000,0.526971,-5.705394,false,0.000000,execution_costs_v1.0,0.000000,0.000000,,,,
2024-08-22,SLSR,BBG00L8NLS36,0,false,2.240000,2.200000,0.892857,-1.785714,false,0.000000,execution_costs_v1.0,0.000000,0.000000,,,,
2024-08-22,SLVM,BBG0122M8040,0,false,76.990000,76.880000,0.513054,-0.142876,false,0.000000,execution_costs_v1.0,0.000000,0.000000,,,,
2024-08-22,SM,BBG001S6W0J7,1,false,44.290000,44.290000,1.219237,0.000000,false,0.000000,execution_costs_v1.0,0.000000,0.000000,,,,
2024-08-22,SMAR,BBG00GQK3WC4,1,false,49.670000,49.190000,0.805315,-0.966378,false,0.000000,execution_costs_v1.0,0.000000,0.000000,,,,
2024-08-22,SMBC,BBG001S7WWN0,0,false,54.220000,54.300000,1.272593,0.147547,false,0.000000,execution_costs_v1.0,0.000000,0.000000,,,,
2024-08-22,SMBK,BBG001SDRQW6,0,false,27.430000,27.590000,0.984324,0.583303,false,0.000000,execution_costs_v1.0,0.000000,0.000000,,,,
2024-08-22,SMG,BBG001S5W5H0,0,false,71.000000,69.980000,0.577465,-1.436620,false,0.000000,execution_costs_v1.0,0.000000,0.000000,,,,
2024-08-22,SMMT,BBG00X3GQL94,6,false,13.330000,13.520000,3.525881,1.425356,false,0.000000,execution_costs_v1.0,0.000000,0.000000,,,,
2024-08-22,SMP,BBG001S5W5Z0,0,false,31.490000,31.070000,0.031756,-1.333757,false,0.000000,execution_costs_v1.0,0.000000,0.000000,,,,
2024-08-22,SMPL,BBG00GVP5JM3,0,false,32.810000,31.860000,0.137153,-2.895459,false,0.000000,execution_costs_v1.0,0.000000,0.000000,,,,
2024-08-22,SMR,BBG00YG48PG8,24,true,8.830000,8.040000,0.566251,-8.946772,false,0.000000,execution_costs_v1.0,0.000000,0.000000,,,,
2024-08-22,SMRT,BBG00Z0H9PZ1,0,false,1.710000,1.670000,1.754386,-2.339181,false,0.000000,execution_costs_v1.0,0.000000,0.000000,,,,
2024-08-22,SMTC,BBG001S7TWW4,0,false,36.590000,35.330000,0.655917,-3.443564,false,0.000000,execution_costs_v1.0,0.000000,0.000000,,,,
2024-08-22,SMWB,0001842731,0,false,8.850000,8.810000,1.920904,-0.451977,false,0.000000,execution_costs_v1.0,0.000000,0.000000,,,,
2024-08-22,SN,0001957132,0,false,91.320000,90.150000,1.171704,-1.281209,false,0.000000,execution_costs_v1.0,0.000000,0.000000,,,,
2024-08-22,SNA,BBG001S5W688,0,false,278.920000,277.610000,0.329844,-0.469669,false,0.000000,execution_costs_v1.0,0.000000,0.000000,,,,
2024-08-22,SNBR,BBG001SD3530,0,false,13.800000,13.370000,0.000000,-3.115942,false,0.000000,execution_costs_v1.0,0.000000,0.000000,,,,
2024-08-22,SNCY,BBG00Z6F8D50,0,false,9.500000,9.280000,1.157895,-2.315789,false,0.000000,execution_costs_v1.0,0.000000,0.000000,,,,
2024-08-22,SNDA,BBG001SBCJQ9,0,false,27.050000,26.500000,1.885397,-2.033272,false,0.000000,execution_costs_v1.0,0.000000,0.000000,,,,
2024-08-22,SNDL,BBG00PNJJW51,10,true,2.120000,2.065000,0.000000,-2.594340,false,0.000000,execution_costs_v1.0,0.000000,0.000000,,,,
2024-08-22,SNDR,BBG001SF1R75,0,false,27.110000,26.880000,0.590188,-0.848395,false,0.000000,execution_costs_v1.0,0.000000,0.000000,,,,
2024-08-22,SNDX,BBG001T92272,1,false,20.380000,20.320000,0.637880,-0.294406,false,0.000000,execution_costs_v1.0,0.000000,0.000000,,,,
2024-08-22,SNEX,BBG001S5RD07,0,false,79.460000,79.810000,0.667002,0.440473,false,0.000000,execution_costs_v1.0,0.000000,0.000000,,,,
2024-08-22,SNV,BBG001S5S3G1,0,false,43.740000,43.900000,1.234568,0.365798,false,0.000000,execution_costs_v1.0,0.000000,0.000000,,,,
2024-08-22,SNX,BBG001SFQWB2,0,false,119.370000,119.390000,0.871241,0.016755,false,0.000000,execution_costs_v1.0,0.000000,0.000000,,,,
2024-08-22,SOC,BBG00Z6F4C29,0,false,15.140000,15.050000,0.462351,-0.594452,false,0.000000,execution_costs_v1.0,0.000000,0.000000,,,,
2024-08-22,SOFI,BBG00YB1ZF08,49,true,7.320000,7.185000,0.273224,-1.844262,false,0.000000,execution_costs_v1.0,0.000000,0.000000,,,,
2024-08-22,SOHU,BBG00L2DB5V4,1,false,15.620000,15.470000,1.408451,-0.960307,false,0.000000,execution_costs_v1.0,0.000000,0.000000,,,,
2024-08-22,SOI,BBG00G7D6CQ7,0,false,11.960000,11.860000,0.836120,-0.836120,false,0.000000,execution_costs_v1.0,0.000000,0.000000,,,,
2024-08-22,SON,BBG001S7M9F1,0,false,51.610000,52.750000,2.577020,2.208874,false,0.000000,execution_costs_v1.0,0.000000,0.000000,,,,
2024-08-22,SONO,BBG001SRR9R9,0,false,11.350000,11.100000,0.616740,-2.202643,false,0.000000,execution_costs_v1.0,0.000000,0.000000,,,,
2024-08-22,SOUN,BBG017304PD5,56,true,5.400000,4.920000,0.925926,-8.888889,false,0.000000,execution_costs_v1.0,0.000000,0.000000,,,,
2024-08-22,SPB,BBG001S63S71,0,false,90.920000,90.525000,0.400352,-0.434448,false,0.000000,execution_costs_v1.0,0.000000,0.000000,,,,
2024-08-22,SPCE,BBG00HTN2DF3,6,false,7.000000,6.680000,1.000000,-4.571429,false,0.000000,execution_costs_v1.0,0.000000,0.000000,,,,
2024-08-22,SPFI,BBG001SN2YN4,0,false,32.930000,32.880000,0.789554,-0.151837,false,0.000000,execution_costs_v1.0,0.000000,0.000000,,,,
2024-08-22,SPH,BBG001S6DDV6,0,false,18.040000,18.060000,1.274945,0.110865,false,0.000000,execution_costs_v1.0,0.000000,0.000000,,,,
2024-08-22,SPHR,BBG00L9HLWW7,0,false,48.640000,48.610000,1.829770,-0.061678,false,0.000000,execution_costs_v1.0,0.000000,0.000000,,,,
2024-08-22,SPNS,0000885740,0,false,35.840000,35.350000,0.585658,-1.367188,false,0.000000,execution_costs_v1.0,0.000000,0.000000,,,,
2024-08-22,SPNT,0001576018,0,false,14.610000,14.695000,0.855578,0.581793,false,0.000000,execution_costs_v1.0,0.000000,0.000000,,,,
2024-08-22,SPR,BBG001SKF1N8,0,false,34.760000,34.860000,0.517837,0.287687,false,0.000000,execution_costs_v1.0,0.000000,0.000000,,,,
2024-08-22,SPRY,BBG00FZQGXH2,9,false,13.490000,12.800000,0.889548,-5.114900,false,0.000000,execution_costs_v1.0,0.000000,0.000000,,,,
2024-08-22,SPSC,BBG001T65R07,0,false,196.000000,194.230000,0.711735,-0.903061,false,0.000000,execution_costs_v1.0,0.000000,0.000000,,,,
2024-08-22,SPT,BBG001V0K3F7,1,false,32.330000,31.810000,1.948655,-1.608413,false,0.000000,execution_costs_v1.0,0.000000,0.000000,,,,
2024-08-22,SPTN,BBG001S7LC92,0,false,21.550000,21.180000,0.000000,-1.716937,false,0.000000,execution_costs_v1.0,0.000000,0.000000,,,,
2024-08-22,SPXC,BBG001S5W9N5,0,false,154.910000,153.580000,0.819185,-0.858563,false,0.000000,execution_costs_v1.0,0.000000,0.000000,,,,
2024-08-22,SQSP,BBG00389GQ82,0,false,44.500000,44.830000,0.876404,0.741573,false,0.000000,execution_costs_v1.0,0.000000,0.000000,,,,
2024-08-22,SR,BBG001S5SSD9,0,false,64.940000,64.830000,0.107792,-0.169387,false,0.000000,execution_costs_v1.0,0.000000,0.000000,,,,
2024-08-22,SRAD,0001836470,1,false,12.000000,11.525000,0.000000,-3.958333,false,0.000000,execution_costs_v1.0,0.000000,0.000000,,,,
2024-08-22,SRCE,BBG001S5WB32,0,false,57.950000,58.100000,0.949094,0.258844,false,0.000000,execution_costs_v1.0,0.000000,0.000000,,,,
2024-08-22,SRCL,BBG001S7P0T2,0,false,58.800000,58.840000,0.119048,0.068027,false,0.000000,execution_costs_v1.0,0.000000,0.000000,,,,
2024-08-22,SRDX,BBG001SBL623,0,false,40.100000,39.970000,0.000000,-0.324190,false,0.000000,execution_costs_v1.0,0.000000,0.000000,,,,
2024-08-22,SRI,BBG001S5RX58,0,false,13.810000,13.400000,0.000000,-2.968863,false,0.000000,execution_costs_v1.0,0.000000,0.000000,,,,
2024-08-22,SRPT,BBG001S6KJC6,0,false,144.090000,141.440000,0.090221,-1.839128,false,0.000000,execution_costs_v1.0,0.000000,0.000000,,,,
2024-08-22,SRRK,BBG00KT2RSD4,0,false,9.290000,8.970000,1.453175,-3.444564,false,0.000000,execution_costs_v1.0,0.000000,0.000000,,,,
2024-08-22,SSB,BBG001S9J7Z3,0,false,91.230000,91.840000,1.107092,0.668640,false,0.000000,execution_costs_v1.0,0.000000,0.000000,,,,
2024-08-22,SSD,BBG001SB9QN0,0,false,179.950000,178.250000,0.347319,-0.944707,false,0.000000,execution_costs_v1.0,0.000000,0.000000,,,,
2024-08-22,SSRM,BBG001S6JSX5,0,false,5.330000,5.310000,0.750469,-0.375235,false,0.000000,execution_costs_v1.0,0.000000,0.000000,,,,
2024-08-22,SSTK,BBG002ZCK3M7,1,false,34.650000,32.870000,0.101010,-5.137085,false,0.000000,execution_costs_v1.0,0.000000,0.000000,,,,
2024-08-22,SSYS,0001517396,0,false,7.990000,7.725000,0.625782,-3.316646,false,0.000000,execution_costs_v1.0,0.000000,0.000000,,,,
2024-08-22,ST,0001477294,0,false,37.360000,36.860000,0.642398,-1.338330,false,0.000000,execution_costs_v1.0,0.000000,0.000000,,,,
2024-08-22,STAA,BBG001S6MC39,0,false,35.680000,33.990000,0.896861,-4.736547,false,0.000000,execution_costs_v1.0,0.000000,0.000000,,,,
2024-08-22,STAG,BBG001T9F312,0,false,39.810000,39.910000,0.251193,0.251193,false,0.000000,execution_costs_v1.0,0.000000,0.000000,,,,
2024-08-22,STBA,BBG001S68QG0,0,false,40.640000,40.880000,1.488681,0.590551,false,0.000000,execution_costs_v1.0,0.000000,0.000000,,,,
2024-08-22,STC,BBG001S7KRL6,0,false,71.170000,70.790000,0.871154,-0.533933,false,0.000000,execution_costs_v1.0,0.000000,0.000000,,,,
2024-08-22,STEL,BBG00HZ69LD0,0,false,25.230000,25.330000,1.070155,0.396354,false,0.000000,execution_costs_v1.0,0.000000,0.000000,,,,
2024-08-22,STEP,BBG00WXXV0W0,0,false,53.280000,52.520000,0.168919,-1.426426,false,0.000000,execution_costs_v1.0,0.000000,0.000000,,,,
2024-08-22,STER,BBG012BTZSC5,0,false,16.130000,16.010000,0.495970,-0.743955,false,0.000000,execution_costs_v1.0,0.000000,0.000000,,,,
2024-08-22,STGW,BBG00ZV0HW08,0,false,6.950000,6.930000,0.575540,-0.287770,false,0.000000,execution_costs_v1.0,0.000000,0.000000,,,,
2024-08-22,STKL,BBG001S6V9S9,0,false,6.220000,6.080000,0.964630,-2.250804,false,0.000000,execution_costs_v1.0,0.000000,0.000000,,,,
2024-08-22,STN,BBG001S6JJQ3,0,false,84.440000,84.500000,0.307911,0.071056,false,0.000000,execution_costs_v1.0,0.000000,0.000000,,,,
2024-08-22,STNE,0001745431,1,false,14.260000,13.800000,0.701262,-3.225806,false,0.000000,execution_costs_v1.0,0.000000,0.000000,,,,
2024-08-22,STNG,0001483934,0,false,71.000000,70.450000,0.380282,-0.774648,false,0.000000,execution_costs_v1.0,0.000000,0.000000,,,,
2024-08-22,STOK,BBG00JPCBPH8,0,false,14.800000,13.790000,0.472973,-6.824324,false,0.000000,execution_costs_v1.0,0.000000,0.000000,,,,
2024-08-22,STR,BBG01C36Y873,2,false,22.190000,21.890000,0.495719,-1.351960,false,0.000000,execution_costs_v1.0,0.000000,0.000000,,,,
2024-08-22,STRA,BBG001S90RW2,0,false,96.580000,96.250000,1.501346,-0.341686,false,0.000000,execution_costs_v1.0,0.000000,0.000000,,,,
2024-08-22,STRL,BBG001SC9C40,0,false,114.680000,113.680000,0.693233,-0.871992,false,0.000000,execution_costs_v1.0,0.000000,0.000000,,,,
2024-08-22,STVN,0001849853,0,false,19.510000,18.590000,0.666325,-4.715530,false,0.000000,execution_costs_v1.0,0.000000,0.000000,,,,
2024-08-22,STWD,BBG001T4JCN5,1,false,20.070000,20.090000,0.498256,0.099651,false,0.000000,execution_costs_v1.0,0.000000,0.000000,,,,
2024-08-22,SUM,BBG006K8P6F9,0,false,38.970000,39.230000,1.655119,0.667180,false,0.000000,execution_costs_v1.0,0.000000,0.000000,,,,
2024-08-22,SUN,BBG00358K8T9,0,false,53.500000,53.630000,1.439252,0.242991,false,0.000000,execution_costs_v1.0,0.000000,0.000000,,,,
2024-08-22,SUPN,BBG001SFKFF1,0,false,34.690000,34.440000,0.461228,-0.720669,false,0.000000,execution_costs_v1.0,0.000000,0.000000,,,,
2024-08-22,SUPV,BBG00BTHJ014,0,false,7.100000,6.779900,0.281690,-4.508451,false,0.000000,execution_costs_v1.0,0.000000,0.000000,,,,
2024-08-22,SVC,BBG001S81XC2,0,false,4.440000,4.340000,1.126126,-2.252252,false,0.000000,execution_costs_v1.0,0.000000,0.000000,,,,
2024-08-22,SVM,BBG001S6YR97,1,false,3.850000,3.865000,1.428571,0.389610,false,0.000000,execution_costs_v1.0,0.000000,0.000000,,,,
2024-08-22,SVRA,BBG001SFTVM9,0,false,4.480000,4.410000,1.339286,-1.562500,false,0.000000,execution_costs_v1.0,0.000000,0.000000,,,,
2024-08-22,SVV,BBG01F5T0LT8,0,false,9.800000,9.570000,1.938776,-2.346939,false,0.000000,execution_costs_v1.0,0.000000,0.000000,,,,
2024-08-22,SWBI,BBG001S6MNG1,1,false,14.960000,14.750000,0.000000,-1.403743,false,0.000000,execution_costs_v1.0,0.000000,0.000000,,,,
2024-08-22,SWI,BBG00M1CKT98,0,false,12.530000,12.270000,0.000000,-2.075020,false,0.000000,execution_costs_v1.0,0.000000,0.000000,,,,
2024-08-22,SWIM,BBG00ZVXLJB8,2,false,5.960000,5.770000,0.671141,-3.187919,false,0.000000,execution_costs_v1.0,0.000000,0.000000,,,,
2024-08-22,SWN,BBG001S5WHW7,3,false,6.200000,6.145000,0.967742,-0.887097,false,0.000000,execution_costs_v1.0,0.000000,0.000000,,,,
2024-08-22,SWTX,BBG00Q011TX8,0,false,39.670000,40.650000,4.940761,2.470381,false,0.000000,execution_costs_v1.0,0.000000,0.000000,,,,
2024-08-22,SWX,BBG00FWP4JX3,0,false,71.470000,71.320000,0.734574,-0.209878,false,0.000000,execution_costs_v1.0,0.000000,0.000000,,,,
2024-08-22,SXC,BBG001T90D25,0,false,8.740000,8.590000,0.400458,-1.716247,false,0.000000,execution_costs_v1.0,0.000000,0.000000,,,,
2024-08-22,SXI,BBG001S5WJ53,0,false,176.660000,171.370000,0.000000,-2.994453,false,0.000000,execution_costs_v1.0,0.000000,0.000000,,,,
2024-08-22,SXT,BBG001SF0100,0,false,74.650000,74.150000,0.549230,-0.669792,false,0.000000,execution_costs_v1.0,0.000000,0.000000,,,,
2024-08-22,SYBT,BBG001SBG219,0,false,56.940000,57.090000,1.123990,0.263435,false,0.000000,execution_costs_v1.0,0.000000,0.000000,,,,
2024-08-22,SYM,BBG00Z72HCX9,6,false,24.870000,22.270000,0.080418,-10.454363,false,0.000000,execution_costs_v1.0,0.000000,0.000000,,,,
2024-08-22,SYNA,BBG001SCDXM9,0,false,78.830000,77.410000,0.811874,-1.801345,false,0.000000,execution_costs_v1.0,0.000000,0.000000,,,,
2024-08-22,SYRE,BBG0067L94C1,0,false,26.620000,24.770000,0.338092,-6.949662,false,0.000000,execution_costs_v1.0,0.000000,0.000000,,,,
2024-08-22,TAC,BBG001S5WJZ0,0,false,8.500000,8.515000,0.705882,0.176471,false,0.000000,execution_costs_v1.0,0.000000,0.000000,,,,
2024-08-22,TALK,BBG00V317329,2,false,1.770000,1.710000,0.847458,-3.389831,false,0.000000,execution_costs_v1.0,0.000000,0.000000,,,,
2024-08-22,TALO,BBG00JPH4JG0,0,false,11.480000,11.220000,0.609756,-2.264808,false,0.000000,execution_costs_v1.0,0.000000,0.000000,,,,
2024-08-22,TAP,BBG001S5VQ21,0,false,53.460000,53.520000,0.561167,0.112233,false,0.000000,execution_costs_v1.0,0.000000,0.000000,,,,
2024-08-22,TARS,BBG00RB9BNR6,0,false,26.120000,25.270000,0.000000,-3.254211,false,0.000000,execution_costs_v1.0,0.000000,0.000000,,,,
2024-08-22,TASK,BBG009CL6VL2,0,false,13.800000,13.540000,1.739130,-1.884058,false,0.000000,execution_costs_v1.0,0.000000,0.000000,,,,
2024-08-22,TBBB,0001978954,1,false,28.700000,29.800000,6.306620,3.832753,false,0.000000,execution_costs_v1.0,0.000000,0.000000,,,,
2024-08-22,TBBK,BBG001SM71W3,0,false,49.050000,49.550000,4.505607,1.019368,false,0.000000,execution_costs_v1.0,0.000000,0.000000,,,,
2024-08-22,TBLA,0001840502,0,false,3.260000,3.270000,1.226994,0.306748,false,0.000000,execution_costs_v1.0,0.000000,0.000000,,,,
2024-08-22,TBLD,BBG011K2MTF5,0,false,17.070000,16.690000,0.000000,-2.226128,false,0.000000,execution_costs_v1.0,0.000000,0.000000,,,,
2024-08-22,TBPH,0001583107,0,false,8.000000,8.020000,1.250000,0.250000,false,0.000000,execution_costs_v1.0,0.000000,0.000000,,,,
2024-08-22,TCBI,BBG001SJ1VS5,0,false,63.020000,64.360000,2.586480,2.126309,false,0.000000,execution_costs_v1.0,0.000000,0.000000,,,,
2024-08-22,TCBK,BBG001S78RY6,0,false,42.800000,42.730000,0.887850,-0.163551,false,0.000000,execution_costs_v1.0,0.000000,0.000000,,,,
2024-08-22,TCBX,BBG009W8YNX3,0,false,23.030000,23.180000,1.519757,0.651324,false,0.000000,execution_costs_v1.0,0.000000,0.000000,,,,
2024-08-22,TCPC,BBG001V17VG7,0,false,9.040000,9.130000,1.106195,0.995575,false,0.000000,execution_costs_v1.0,0.000000,0.000000,,,,
2024-08-22,TDC,BBG001SPRJ28,0,false,28.070000,27.600000,0.231564,-1.674385,false,0.000000,execution_costs_v1.0,0.000000,0.000000,,,,
2024-08-22,TDOC,BBG001TG5PC6,9,false,7.400000,7.100000,1.418919,-4.054054,false,0.000000,execution_costs_v1.0,0.000000,0.000000,,,,
2024-08-22,TDS,BBG001S5WM29,0,false,20.980000,21.050000,1.477598,0.333651,false,0.000000,execution_costs_v1.0,0.000000,0.000000,,,,
2024-08-22,TDW,BBG00HBQ36G8,0,false,86.380000,84.400000,0.191016,-2.292197,false,0.000000,execution_costs_v1.0,0.000000,0.000000,,,,
2024-08-22,TECH,BBG001S66C28,0,false,72.890000,71.380000,0.850460,-2.071615,false,0.000000,execution_costs_v1.0,0.000000,0.000000,,,,
2024-08-22,TELL,BBG001S5TB09,3,false,0.925800,0.921800,0.151221,-0.432059,false,0.000000,execution_costs_v1.0,0.000000,0.000000,,,,
2024-08-22,TENB,BBG00LBLCDR3,0,false,42.800000,41.495000,0.677570,-3.049065,false,0.000000,execution_costs_v1.0,0.000000,0.000000,,,,
2024-08-22,TERN,BBG00KK1SJ17,1,false,7.930000,7.860000,0.882724,-0.882724,false,0.000000,execution_costs_v1.0,0.000000,0.000000,,,,
2024-08-22,TEX,BBG001S6PZQ0,0,false,54.040000,53.660000,0.777202,-0.703183,false,0.000000,execution_costs_v1.0,0.000000,0.000000,,,,
2024-08-22,TFII,BBG001SCQG15,0,false,148.390000,147.610000,0.296516,-0.525642,false,0.000000,execution_costs_v1.0,0.000000,0.000000,,,,
2024-08-22,TFIN,BBG001SNKPZ0,0,false,82.970000,82.820000,0.578522,-0.180788,false,0.000000,execution_costs_v1.0,0.000000,0.000000,,,,
2024-08-22,TFPM,BBG00QRZMFT6,0,false,16.330000,16.310000,0.428659,-0.122474,false,0.000000,execution_costs_v1.0,0.000000,0.000000,,,,
2024-08-22,TFSL,BBG001SKZF64,0,false,13.100000,13.070000,0.610687,-0.229008,false,0.000000,execution_costs_v1.0,0.000000,0.000000,,,,
2024-08-22,TFX,BBG001S5WNP2,0,false,239.660000,238.910000,0.859551,-0.312943,false,0.000000,execution_costs_v1.0,0.000000,0.000000,,,,
2024-08-22,TGB,BBG001S60ML1,2,false,2.240000,2.215000,0.000000,-1.116071,false,0.000000,execution_costs_v1.0,0.000000,0.000000,,,,
2024-08-22,TGI,BBG001S6MWK6,0,false,13.400000,13.620000,2.462687,1.641791,false,0.000000,execution_costs_v1.0,0.000000,0.000000,,,,
2024-08-22,TGLS,0001534675,0,false,59.310000,59.020000,1.171809,-0.488956,false,0.000000,execution_costs_v1.0,0.000000,0.000000,,,,
2024-08-22,TGNA,BBG001S5RHD4,0,false,13.720000,13.570000,0.619534,-1.093294,false,0.000000,execution_costs_v1.0,0.000000,0.000000,,,,
2024-08-22,TGTX,BBG001S8NH06,5,false,25.090000,24.390000,0.239139,-2.789956,false,0.000000,execution_costs_v1.0,0.000000,0.000000,,,,
2024-08-22,TH,BBG00K7K34Y4,0,false,9.730000,9.570000,0.719424,-1.644399,false,0.000000,execution_costs_v1.0,0.000000,0.000000,,,,
2024-08-22,THFF,BBG001S6TD85,0,false,42.335000,41.960000,0.059053,-0.885792,false,0.000000,execution_costs_v1.0,0.000000,0.000000,,,,
2024-08-22,THG,BBG001S8KZF3,0,false,134.900000,135.790000,0.845070,0.659748,false,0.000000,execution_costs_v1.0,0.000000,0.000000,,,,
2024-08-22,THO,BBG001S5WPH6,0,false,103.360000,103.580000,0.416022,0.212848,false,0.000000,execution_costs_v1.0,0.000000,0.000000,,,,
2024-08-22,THR,BBG001V0BDC8,0,false,29.720000,29.860000,1.951548,0.471063,false,0.000000,execution_costs_v1.0,0.000000,0.000000,,,,
2024-08-22,THRD,BBG00Z14GXC9,0,false,11.850000,11.810000,2.658228,-0.337553,false,0.000000,execution_costs_v1.0,0.000000,0.000000,,,,
2024-08-22,THRM,BBG001SF8XY5,0,false,50.790000,48.540000,0.433156,-4.430006,false,0.000000,execution_costs_v1.0,0.000000,0.000000,,,,
2024-08-22,THRY,BBG00FWL3JY2,0,false,18.230000,18.040000,0.932529,-1.042238,false,0.000000,execution_costs_v1.0,0.000000,0.000000,,,,
2024-08-22,THS,BBG001SP0625,0,false,39.840000,39.950000,0.602410,0.276104,false,0.000000,execution_costs_v1.0,0.000000,0.000000,,,,
2024-08-22,TIGO,0000912958,0,false,25.320000,25.975000,2.823855,2.586888,false,0.000000,execution_costs_v1.0,0.000000,0.000000,,,,
2024-08-22,TIGR,BBG00NG4GWB3,1,false,4.000000,3.915000,1.500000,-2.125000,false,0.000000,execution_costs_v1.0,0.000000,0.000000,,,,
2024-08-22,TILE,BBG001S5S5S3,0,false,17.650000,17.800000,1.926346,0.849858,false,0.000000,execution_costs_v1.0,0.000000,0.000000,,,,
2024-08-22,TIPT,BBG001ST0XR1,0,false,18.810000,18.750000,0.425306,-0.318979,false,0.000000,execution_costs_v1.0,0.000000,0.000000,,,,
2024-08-22,TITN,BBG001STZCF2,0,false,13.950000,13.790000,1.362007,-1.146953,false,0.000000,execution_costs_v1.0,0.000000,0.000000,,,,
2024-08-22,TIXT,BBG00YTSTFR8,1,false,3.630000,3.500000,2.479339,-3.581267,false,0.000000,execution_costs_v1.0,0.000000,0.000000,,,,
2024-08-22,TK,0000911971,0,false,7.880000,7.890000,1.142132,0.126904,false,0.000000,execution_costs_v1.0,0.000000,0.000000,,,,
2024-08-22,TKO,BBG01G9JKWW4,0,false,119.720000,117.800000,0.108587,-1.603742,false,0.000000,execution_costs_v1.0,0.000000,0.000000,,,,
2024-08-22,TKR,BBG001S5WQK0,0,false,83.240000,82.560000,0.420471,-0.816915,false,0.000000,execution_costs_v1.0,0.000000,0.000000,,,,
2024-08-22,TLRY,BBG00L7XTPY9,19,true,1.880000,1.875000,1.595745,-0.265957,false,0.000000,execution_costs_v1.0,0.000000,0.000000,,,,
2024-08-22,TMC,BBG00SMMWMN6,1,false,1.080000,1.020000,0.000000,-5.555556,false,0.000000,execution_costs_v1.0,0.000000,0.000000,,,,
2024-08-22,TMCI,BBG00GQKR6N3,0,false,6.450000,6.210000,1.085271,-3.720930,false,0.000000,execution_costs_v1.0,0.000000,0.000000,,,,
2024-08-22,TMDX,BBG00NZ6J701,1,false,173.800000,173.530000,1.268700,-0.155351,false,0.000000,execution_costs_v1.0,0.000000,0.000000,,,,
2024-08-22,TMHC,BBG003PGJJF2,0,false,64.870000,65.270000,1.009712,0.616618,false,0.000000,execution_costs_v1.0,0.000000,0.000000,,,,
2024-08-22,TMP,BBG001S9JTL0,0,false,57.300000,57.520000,2.181501,0.383944,false,0.000000,execution_costs_v1.0,0.000000,0.000000,,,,
2024-08-22,TNC,BBG001SCHFK6,0,false,94.160000,93.270000,0.084962,-0.945200,false,0.000000,execution_costs_v1.0,0.000000,0.000000,,,,
2024-08-22,TNDM,BBG001TG5QC4,0,false,43.170000,42.480000,1.135047,-1.598332,false,0.000000,execution_costs_v1.0,0.000000,0.000000,,,,
2024-08-22,TNET,BBG001SDZPT3,0,false,96.870000,98.670000,1.920099,1.858160,false,0.000000,execution_costs_v1.0,0.000000,0.000000,,,,
2024-08-22,TNGX,BBG00WFDDSK6,0,false,10.460000,11.030000,7.504780,5.449331,false,0.000000,execution_costs_v1.0,0.000000,0.000000,,,,
2024-08-22,TNK,0001419945,0,false,55.400000,54.810000,0.789711,-1.064982,false,0.000000,execution_costs_v1.0,0.000000,0.000000,,,,
2024-08-22,TNL,BBG001SN4127,0,false,43.070000,42.670000,0.255398,-0.928721,false,0.000000,execution_costs_v1.0,0.000000,0.000000,,,,
2024-08-22,TOL,BBG001S5WT15,3,false,141.500000,141.190000,1.561837,-0.219081,false,0.000000,execution_costs_v1.0,0.000000,0.000000,,,,
2024-08-22,TOST,BBG00BTJVKB1,4,false,24.220000,23.550000,1.032205,-2.766309,false,0.000000,execution_costs_v1.0,0.000000,0.000000,,,,
2024-08-22,TOWN,BBG001S5WTN1,0,false,32.660000,32.960000,1.255358,0.918555,false,0.000000,execution_costs_v1.0,0.000000,0.000000,,,,
2024-08-22,TPB,BBG001T99T94,0,false,39.460000,39.600000,0.973391,0.354790,false,0.000000,execution_costs_v1.0,0.000000,0.000000,,,,
2024-08-22,TPC,BBG001S5V297,0,false,21.590000,21.430000,1.260769,-0.741084,false,0.000000,execution_costs_v1.0,0.000000,0.000000,,,,
2024-08-22,TPG,BBG0145FSQD9,0,false,49.520000,49.530000,0.726979,0.020194,false,0.000000,execution_costs_v1.0,0.000000,0.000000,,,,
2024-08-22,TPH,BBG001TCN6V6,1,false,43.460000,43.560000,0.851358,0.230097,false,0.000000,execution_costs_v1.0,0.000000,0.000000,,,,
2024-08-22,TPR,BBG001SFH7D5,0,false,41.150000,40.180000,0.315917,-2.357230,false,0.000000,execution_costs_v1.0,0.000000,0.000000,,,,
2024-08-22,TPX,BBG001SH81D4,0,false,51.870000,51.130000,0.159823,-1.426644,false,0.000000,execution_costs_v1.0,0.000000,0.000000,,,,
2024-08-22,TR,BBG001S5WV29,0,false,28.600000,28.580000,0.708042,-0.069930,false,0.000000,execution_costs_v1.0,0.000000,0.000000,,,,
2024-08-22,TRAK,BBG001SK6032,0,false,18.320000,18.100000,0.655022,-1.200873,false,0.000000,execution_costs_v1.0,0.000000,0.000000,,,,
2024-08-22,TRC,BBG001S5WV65,0,false,17.620000,17.575000,0.000000,-0.255392,false,0.000000,execution_costs_v1.0,0.000000,0.000000,,,,
2024-08-22,TRDA,BBG00MTSMC25,0,false,16.490000,16.090000,0.970285,-2.425713,false,0.000000,execution_costs_v1.0,0.000000,0.000000,,,,
2024-08-22,TREE,BBG001SP2FG8,0,false,52.280000,51.950000,1.568477,-0.631217,false,0.000000,execution_costs_v1.0,0.000000,0.000000,,,,
2024-08-22,TREX,BBG001SB6TV8,0,false,65.470000,64.070000,0.763709,-2.138384,false,0.000000,execution_costs_v1.0,0.000000,0.000000,,,,
2024-08-22,TRIN,BBG00T6WFZK3,0,false,14.250000,14.070000,0.000000,-1.263158,false,0.000000,execution_costs_v1.0,0.000000,0.000000,,,,
2024-08-22,TRIP,BBG001V10VR2,0,false,14.280000,14.120000,0.840336,-1.120448,false,0.000000,execution_costs_v1.0,0.000000,0.000000,,,,
2024-08-22,TRMB,BBG001S5SZP0,0,false,56.480000,56.040000,0.460340,-0.779037,false,0.000000,execution_costs_v1.0,0.000000,0.000000,,,,
2024-08-22,TRMD,0001655891,11,true,37.990000,37.375000,0.263227,-1.618847,false,0.000000,execution_costs_v1.0,0.000000,0.000000,,,,
2024-08-22,TRMK,BBG001S6JGT6,0,false,31.530000,31.560000,1.465271,0.095147,false,0.000000,execution_costs_v1.0,0.000000,0.000000,,,,
2024-08-22,TRML,BBG00NX995T1,0,false,14.550000,14.285000,0.000000,-1.821306,false,0.000000,execution_costs_v1.0,0.000000,0.000000,,,,
2024-08-22,TRN,BBG001S5WVT0,0,false,32.300000,31.950000,0.000000,-1.083591,false,0.000000,execution_costs_v1.0,0.000000,0.000000,,,,
2024-08-22,TRNO,BBG001T60PW1,0,false,69.050000,69.000000,0.383780,-0.072411,false,0.000000,execution_costs_v1.0,0.000000,0.000000,,,,
2024-08-22,TRNS,BBG001S5WVW6,0,false,122.420000,121.930000,0.281817,-0.400261,false,0.000000,execution_costs_v1.0,0.000000,0.000000,,,,
2024-08-22,TROO,0001412095,0,false,4.600000,4.825000,6.304348,4.891304,false,0.000000,execution_costs_v1.0,0.000000,0.000000,,,,
2024-08-22,TROX,0001530804,0,false,13.680000,13.490000,0.219298,-1.388889,false,0.000000,execution_costs_v1.0,0.000000,0.000000,,,,
2024-08-22,TRS,BBG001SKRBD4,0,false,24.030000,23.970000,1.664586,-0.249688,false,0.000000,execution_costs_v1.0,0.000000,0.000000,,,,
2024-08-22,TRST,BBG001S5WWG2,0,false,32.980000,33.070000,0.697392,0.272893,false,0.000000,execution_costs_v1.0,0.000000,0.000000,,,,
2024-08-22,TRTX,BBG00GKJ8CY8,0,false,8.620000,8.575000,0.290023,-0.522042,false,0.000000,execution_costs_v1.0,0.000000,0.000000,,,,
2024-08-22,TRUP,BBG002BC7WF2,0,false,45.720000,45.390000,0.776465,-0.721785,false,0.000000,execution_costs_v1.0,0.000000,0.000000,,,,
2024-08-22,TSEM,0000928876,3,false,40.800000,40.370000,2.132353,-1.053922,false,0.000000,execution_costs_v1.0,0.000000,0.000000,,,,
2024-08-22,TSHA,BBG00TJXFDQ0,0,false,2.250000,2.240000,1.293333,-0.444444,false,0.000000,execution_costs_v1.0,0.000000,0.000000,,,,
2024-08-22,TSLX,BBG001V064L4,0,false,20.800000,20.820000,0.865385,0.096154,false,0.000000,execution_costs_v1.0,0.000000,0.000000,,,,
2024-08-22,TTC,BBG001S5WX98,0,false,90.830000,90.155000,0.748651,-0.743147,false,0.000000,execution_costs_v1.0,0.000000,0.000000,,,,
2024-08-22,TTEK,BBG001S5YYH5,0,false,235.000000,234.580000,0.297872,-0.178723,false,0.000000,execution_costs_v1.0,0.000000,0.000000,,,,
2024-08-22,TTGT,BBG001S9R748,0,false,26.220000,25.730000,0.839054,-1.868802,false,0.000000,execution_costs_v1.0,0.000000,0.000000,,,,
2024-08-22,TTI,BBG001S5WXH9,0,false,3.160000,3.030000,1.582278,-4.113924,false,0.000000,execution_costs_v1.0,0.000000,0.000000,,,,
2024-08-22,TTMI,BBG001SFJKF2,0,false,19.680000,19.680000,0.762195,0.000000,false,0.000000,execution_costs_v1.0,0.000000,0.000000,,,,
2024-08-22,TVTX,BBG001SL72C5,1,false,8.750000,8.560000,0.542857,-2.171429,false,0.000000,execution_costs_v1.0,0.000000,0.000000,,,,
2024-08-22,TWI,BBG001S634F5,0,false,7.840000,7.850000,0.956633,0.127551,false,0.000000,execution_costs_v1.0,0.000000,0.000000,,,,
2024-08-22,TWKS,BBG01282Z2S8,0,false,4.350000,4.340000,0.344828,-0.229885,false,0.000000,execution_costs_v1.0,0.000000,0.000000,,,,
2024-08-22,TWLO,BBG0029ZX859,1,false,59.380000,58.899000,0.825194,-0.810037,false,0.000000,execution_costs_v1.0,0.000000,0.000000,,,,
2024-08-22,TWO,BBG001T4RH00,1,false,13.740000,13.640000,0.218341,-0.727802,false,0.000000,execution_costs_v1.0,0.000000,0.000000,,,,
2024-08-22,TWST,BBG006KDCHK2,0,false,44.220000,42.490000,0.158299,-3.912257,false,0.000000,execution_costs_v1.0,0.000000,0.000000,,,,
2024-08-22,TXG,BBG007WX14Y9,2,false,23.120000,22.280000,0.475779,-3.633218,false,0.000000,execution_costs_v1.0,0.000000,0.000000,,,,
2024-08-22,TXRH,BBG001SLR3C1,1,false,169.890000,168.509900,0.576844,-0.812349,false,0.000000,execution_costs_v1.0,0.000000,0.000000,,,,
2024-08-22,TYRA,BBG00RCQD9F9,0,false,22.750000,21.780000,1.934066,-4.263736,false,0.000000,execution_costs_v1.0,0.000000,0.000000,,,,
2024-08-22,U,BBG0056JW5H5,12,true,17.340000,16.880000,1.268743,-2.652826,false,0.000000,execution_costs_v1.0,0.000000,0.000000,,,,
2024-08-22,UAA,BBG001SJLLQ7,5,false,8.430000,8.300000,0.000000,-1.542112,false,0.000000,execution_costs_v1.0,0.000000,0.000000,,,,
2024-08-22,UAL,BBG001SQ87W0,3,false,42.200000,41.450000,1.113744,-1.777251,false,0.000000,execution_costs_v1.0,0.000000,0.000000,,,,
2024-08-22,UAN,BBG001TWQXN9,0,false,70.760000,70.080000,0.148389,-0.960995,false,0.000000,execution_costs_v1.0,0.000000,0.000000,,,,
2024-08-22,UBSI,BBG001S5WZV8,0,false,36.670000,36.680000,0.763567,0.027270,false,0.000000,execution_costs_v1.0,0.000000,0.000000,,,,
2024-08-22,UBXG,0001888525,20,true,33.010000,31.900000,2.544683,-3.362617,false,0.000000,execution_costs_v1.0,0.000000,0.000000,,,,
2024-08-22,UCAR,0001939780,0,false,6.620000,6.420000,2.416918,-3.021148,false,0.000000,execution_costs_v1.0,0.000000,0.000000,,,,
2024-08-22,UCTT,BBG001SHTS06,0,false,39.400000,37.560000,0.253807,-4.670051,false,0.000000,execution_costs_v1.0,0.000000,0.000000,,,,
2024-08-22,UDMY,BBG0025DTRP3,0,false,8.220000,7.980000,1.094891,-2.919708,false,0.000000,execution_costs_v1.0,0.000000,0.000000,,,,
2024-08-22,UDR,BBG001S6KCT3,0,false,42.490000,42.570000,0.376559,0.188280,false,0.000000,execution_costs_v1.0,0.000000,0.000000,,,,
2024-08-22,UE,BBG006BFYQP8,0,false,20.160000,20.250000,0.446429,0.446429,false,0.000000,execution_costs_v1.0,0.000000,0.000000,,,,
2024-08-22,UEC,BBG001SK6158,5,false,5.060000,4.740000,0.790514,-6.324111,false,0.000000,execution_costs_v1.0,0.000000,0.000000,,,,
2024-08-22,UFCS,BBG001S5X0J8,0,false,19.860000,20.050000,1.560926,0.956697,false,0.000000,execution_costs_v1.0,0.000000,0.000000,,,,
2024-08-22,UFPI,BBG001S7GZG9,0,false,120.460000,119.260000,0.298854,-0.996181,false,0.000000,execution_costs_v1.0,0.000000,0.000000,,,,
2024-08-22,UFPT,BBG001S79DN8,0,false,325.710000,321.840000,0.285530,-1.188174,false,0.000000,execution_costs_v1.0,0.000000,0.000000,,,,
2024-08-22,UGI,BBG001S5X0W3,0,false,24.610000,24.485000,0.446973,-0.507924,false,0.000000,execution_costs_v1.0,0.000000,0.000000,,,,
2024-08-22,UHAL.B,BBG01B6SGC20,0,false,66.750000,66.360000,0.119850,-0.584270,false,0.000000,execution_costs_v1.0,0.000000,0.000000,,,,
2024-08-22,UHG,BBG00YVW5GW4,0,false,6.130000,6.150000,1.468189,0.326264,false,0.000000,execution_costs_v1.0,0.000000,0.000000,,,,
2024-08-22,UHT,BBG001S5X151,0,false,43.710000,43.220000,0.160146,-1.121025,false,0.000000,execution_costs_v1.0,0.000000,0.000000,,,,
2024-08-22,UI,BBG001T1WDF3,0,false,181.430000,176.960000,0.000000,-2.463760,false,0.000000,execution_costs_v1.0,0.000000,0.000000,,,,
2024-08-22,UIS,BBG001S5X1D2,1,false,5.470000,5.195000,0.365631,-5.027422,false,0.000000,execution_costs_v1.0,0.000000,0.000000,,,,
2024-08-22,ULCC,BBG00GCTTKY4,2,false,3.520000,3.380000,0.000000,-3.977273,false,0.000000,execution_costs_v1.0,0.000000,0.000000,,,,
2024-08-22,ULH,BBG001SK03X9,0,false,39.990000,39.470000,0.000000,-1.300325,false,0.000000,execution_costs_v1.0,0.000000,0.000000,,,,
2024-08-22,UMBF,BBG001S7Y2T8,0,false,97.850000,98.300000,0.955544,0.459888,false,0.000000,execution_costs_v1.0,0.000000,0.000000,,,,
2024-08-22,UMH,BBG001S7JRQ3,0,false,19.290000,19.440000,1.347849,0.777605,false,0.000000,execution_costs_v1.0,0.000000,0.000000,,,,
2024-08-22,UNF,BBG001S5X2B2,0,false,185.700000,184.650000,0.000000,-0.565428,false,0.000000,execution_costs_v1.0,0.000000,0.000000,,,,
2024-08-22,UNFI,BBG001S7B0Y1,0,false,13.390000,13.320000,1.717700,-0.522778,false,0.000000,execution_costs_v1.0,0.000000,0.000000,,,,
2024-08-22,UNIT,BBG002B67HC1,0,false,4.400000,4.320000,0.681818,-1.818182,false,0.000000,execution_costs_v1.0,0.000000,0.000000,,,,
2024-08-22,UNM,BBG001S5X2J4,0,false,53.860000,54.060000,0.761233,0.371333,false,0.000000,execution_costs_v1.0,0.000000,0.000000,,,,
2024-08-22,UNTY,BBG001S5Q024,0,false,32.250000,32.020000,0.000000,-0.713178,false,0.000000,execution_costs_v1.0,0.000000,0.000000,,,,
2024-08-22,UP,BBG00XTV85M3,2,false,1.890000,1.790000,0.000000,-5.291005,false,0.000000,execution_costs_v1.0,0.000000,0.000000,,,,
2024-08-22,UPBD,BBG001S6BR38,0,false,32.070000,31.430000,0.000000,-1.995635,false,0.000000,execution_costs_v1.0,0.000000,0.000000,,,,
2024-08-22,UPST,BBG00PKCBY62,26,true,40.650000,39.700000,1.107011,-2.337023,false,0.000000,execution_costs_v1.0,0.000000,0.000000,,,,
2024-08-22,UPWK,BBG00FBJ63B7,4,false,9.710000,9.550000,0.823893,-1.647786,false,0.000000,execution_costs_v1.0,0.000000,0.000000,,,,
2024-08-22,URBN,BBG001S7H9K1,52,true,35.370000,37.530000,8.736217,6.106870,false,0.000000,execution_costs_v1.0,0.000000,0.000000,,,,
2024-08-22,URG,BBG001SKVFK2,3,false,1.080000,1.034800,0.925926,-4.185185,false,0.000000,execution_costs_v1.0,0.000000,0.000000,,,,
2024-08-22,URGN,0001668243,0,false,15.430000,14.450000,2.981205,-6.351264,false,0.000000,execution_costs_v1.0,0.000000,0.000000,,,,
2024-08-22,USAC,BBG001V1S8F6,0,false,21.960000,21.820000,1.457195,-0.637523,false,0.000000,execution_costs_v1.0,0.000000,0.000000,,,,
2024-08-22,USAP,BBG001S89L94,0,false,40.010000,39.980000,1.774556,-0.074981,false,0.000000,execution_costs_v1.0,0.000000,0.000000,,,,
2024-08-22,USFD,BBG00C6H6D59,0,false,58.410000,58.390000,0.445129,-0.034241,false,0.000000,execution_costs_v1.0,0.000000,0.000000,,,,
2024-08-22,USLM,BBG001S7MWH8,0,false,78.690000,77.590000,0.000000,-1.397890,false,0.000000,execution_costs_v1.0,0.000000,0.000000,,,,
2024-08-22,USM,BBG001S5X446,0,false,52.710000,52.910000,1.138304,0.379435,false,0.000000,execution_costs_v1.0,0.000000,0.000000,,,,
2024-08-22,USNA,BBG001S79BP0,0,false,39.910000,39.440000,1.277875,-1.177650,false,0.000000,execution_costs_v1.0,0.000000,0.000000,,,,
2024-08-22,USPH,BBG001S71ZL9,0,false,83.500000,82.510000,0.143713,-1.185629,false,0.000000,execution_costs_v1.0,0.000000,0.000000,,,,
2024-08-22,UTI,BBG001SC4X67,0,false,17.470000,17.380000,0.171723,-0.515169,false,0.000000,execution_costs_v1.0,0.000000,0.000000,,,,
2024-08-22,UTL,BBG001S5X5G0,0,false,59.580000,59.100000,1.007049,-0.805639,false,0.000000,execution_costs_v1.0,0.000000,0.000000,,,,
2024-08-22,UTZ,BBG00M8652J9,1,false,17.170000,16.930000,0.698893,-1.397787,false,0.000000,execution_costs_v1.0,0.000000,0.000000,,,,
2024-08-22,UUUU,BBG001S9FH94,2,false,4.840000,4.610000,0.826446,-4.752066,false,0.000000,execution_costs_v1.0,0.000000,0.000000,,,,
2024-08-22,UVE,BBG001S5QC19,0,false,20.540000,20.540000,0.340798,0.000000,false,0.000000,execution_costs_v1.0,0.000000,0.000000,,,,
2024-08-22,UVSP,BBG001S6YQ99,0,false,26.520000,26.800000,1.564857,1.055807,false,0.000000,execution_costs_v1.0,0.000000,0.000000,,,,
2024-08-22,UVV,BBG001S5X5V3,0,false,52.990000,52.870000,0.018871,-0.226458,false,0.000000,execution_costs_v1.0,0.000000,0.000000,,,,
2024-08-22,UWMC,BBG00R24YP79,2,false,9.430000,9.400000,0.954401,-0.318134,false,0.000000,execution_costs_v1.0,0.000000,0.000000,,,,
2024-08-22,VAC,BBG001V0GHW2,0,false,72.390000,72.280000,0.773588,-0.151955,false,0.000000,execution_costs_v1.0,0.000000,0.000000,,,,
2024-08-22,VAL,0000314808,0,false,60.670000,60.600000,1.277402,-0.115378,false,0.000000,execution_costs_v1.0,0.000000,0.000000,,,,
2024-08-22,VALU,BBG001S5X687,0,false,42.300000,42.666000,0.865248,0.865248,false,0.000000,execution_costs_v1.0,0.000000,0.000000,,,,
2024-08-22,VATE,BBG001S16908,0,false,4.150000,4.110000,2.891566,-0.963855,false,0.000000,execution_costs_v1.0,0.000000,0.000000,,,,
2024-08-22,VBNK,BBG00FWZQ4P9,0,false,12.400000,12.300000,0.403226,-0.806452,false,0.000000,execution_costs_v1.0,0.000000,0.000000,,,,
2024-08-22,VBTX,BBG001T6ZGF2,0,false,22.650000,22.900000,1.832230,1.103753,false,0.000000,execution_costs_v1.0,0.000000,0.000000,,,,
2024-08-22,VC,BBG001TCM086,0,false,98.400000,97.060000,0.274390,-1.361789,false,0.000000,execution_costs_v1.0,0.000000,0.000000,,,,
2024-08-22,VCEL,BBG001S6X9M3,0,false,48.460000,47.540000,0.000000,-1.898473,false,0.000000,execution_costs_v1.0,0.000000,0.000000,,,,
2024-08-22,VCTR,BBG0074JPDP5,0,false,52.890000,52.860000,0.605029,-0.056721,false,0.000000,execution_costs_v1.0,0.000000,0.000000,,,,
2024-08-22,VCYT,BBG001TSQWW0,0,false,31.660000,31.090000,0.315856,-1.800379,false,0.000000,execution_costs_v1.0,0.000000,0.000000,,,,
2024-08-22,VECO,BBG001S5X6T4,0,false,38.070000,37.380000,0.328343,-1.812451,false,0.000000,execution_costs_v1.0,0.000000,0.000000,,,,
2024-08-22,VEL,BBG00QLF1HK4,0,false,17.950000,18.150000,1.727019,1.114206,false,0.000000,execution_costs_v1.0,0.000000,0.000000,,,,
2024-08-22,VERA,BBG00Q72WYH2,0,false,40.100000,39.200000,1.471322,-2.244389,false,0.000000,execution_costs_v1.0,0.000000,0.000000,,,,
2024-08-22,VERV,BBG00P33TD13,2,false,5.210000,4.840000,0.000000,-7.101727,false,0.000000,execution_costs_v1.0,0.000000,0.000000,,,,
2024-08-22,VERX,BBG00VVT2FV3,0,false,35.850000,35.840000,1.589958,-0.027894,false,0.000000,execution_costs_v1.0,0.000000,0.000000,,,,
2024-08-22,VET,BBG001S7X7L6,1,false,10.000000,9.980000,0.998000,-0.200000,false,0.000000,execution_costs_v1.0,0.000000,0.000000,,,,
2024-08-22,VFC,BBG001S5X749,3,false,16.970000,16.620000,0.932233,-2.062463,false,0.000000,execution_costs_v1.0,0.000000,0.000000,,,,
2024-08-22,VFS,0001913510,2,false,3.810000,3.745000,1.837270,-1.706037,false,0.000000,execution_costs_v1.0,0.000000,0.000000,,,,
2024-08-22,VGR,BBG001S75639,1,false,15.100000,15.170000,0.463576,0.463576,false,0.000000,execution_costs_v1.0,0.000000,0.000000,,,,
2024-08-22,VHI,BBG001S5X7H5,0,false,25.290000,24.165000,2.807434,-4.448399,false,0.000000,execution_costs_v1.0,0.000000,0.000000,,,,
2024-08-22,VIAV,BBG001S92GV5,0,false,8.260000,8.155000,1.029056,-1.271186,false,0.000000,execution_costs_v1.0,0.000000,0.000000,,,,
2024-08-22,VICR,BBG001S6JQ96,0,false,38.200000,37.440000,0.000000,-1.989529,false,0.000000,execution_costs_v1.0,0.000000,0.000000,,,,
2024-08-22,VINP,0001826286,0,false,10.790000,10.960000,3.892493,1.575533,false,0.000000,execution_costs_v1.0,0.000000,0.000000,,,,
2024-08-22,VIR,BBG00H2QQ8V2,0,false,8.640000,8.330000,0.694444,-3.587963,false,0.000000,execution_costs_v1.0,0.000000,0.000000,,,,
2024-08-22,VIRT,BBG0064N2T87,0,false,29.620000,29.940000,1.654288,1.080351,false,0.000000,execution_costs_v1.0,0.000000,0.000000,,,,
2024-08-22,VITL,BBG006XWWBM5,0,false,31.640000,31.540000,1.548673,-0.316056,false,0.000000,execution_costs_v1.0,0.000000,0.000000,,,,
2024-08-22,VKTX,BBG006LGV887,18,true,64.300000,64.420000,3.452566,0.186625,false,0.000000,execution_costs_v1.0,0.000000,0.000000,,,,
2024-08-22,VLD,BBG00YZ5PM72,4,false,1.400000,1.220000,1.428571,-12.857143,false,0.000000,execution_costs_v1.0,0.000000,0.000000,,,,
2024-08-22,VLGEA,BBG001S5X8H3,0,false,30.960000,30.040000,0.000000,-2.971576,false,0.000000,execution_costs_v1.0,0.000000,0.000000,,,,
2024-08-22,VLY,BBG001S7H654,0,false,8.210000,8.210000,1.461632,0.000000,false,0.000000,execution_costs_v1.0,0.000000,0.000000,,,,
2024-08-22,VMEO,BBG00ZNSSLJ8,0,false,5.160000,5.010000,0.387597,-2.906977,false,0.000000,execution_costs_v1.0,0.000000,0.000000,,,,
2024-08-22,VMI,BBG001S5X650,0,false,284.070000,283.830000,0.492484,-0.084486,false,0.000000,execution_costs_v1.0,0.000000,0.000000,,,,
2024-08-22,VNDA,BBG001SP95N5,0,false,5.400000,5.290000,0.740741,-2.037037,false,0.000000,execution_costs_v1.0,0.000000,0.000000,,,,
2024-08-22,VNO,BBG001S5X909,2,false,34.590000,33.980000,1.329864,-1.763515,false,0.000000,execution_costs_v1.0,0.000000,0.000000,,,,
2024-08-22,VNOM,BBG006G57XH9,0,false,46.730000,46.440000,0.278194,-0.620586,false,0.000000,execution_costs_v1.0,0.000000,0.000000,,,,
2024-08-22,VNT,BBG00RRGSKH2,0,false,34.830000,34.400000,0.918748,-1.234568,false,0.000000,execution_costs_v1.0,0.000000,0.000000,,,,
2024-08-22,VOYA,BBG001S6QQP0,0,false,67.100000,67.460000,0.819672,0.536513,false,0.000000,execution_costs_v1.0,0.000000,0.000000,,,,
2024-08-22,VPG,BBG001T5X9F2,0,false,27.700000,27.280000,0.000000,-1.516245,false,0.000000,execution_costs_v1.0,0.000000,0.000000,,,,
2024-08-22,VRDN,BBG002H24301,0,false,15.580000,15.340000,0.000000,-1.540436,false,0.000000,execution_costs_v1.0,0.000000,0.000000,,,,
2024-08-22,VRE,BBG001S825N0,0,false,16.560000,16.640000,0.483092,0.483092,false,0.000000,execution_costs_v1.0,0.000000,0.000000,,,,
2024-08-22,VREX,BBG00CZNLR38,0,false,12.220000,11.550000,0.245499,-5.482815,false,0.000000,execution_costs_v1.0,0.000000,0.000000,,,,
2024-08-22,VRNS,BBG001Y04TP4,0,false,57.290000,56.290000,0.034910,-1.745505,false,0.000000,execution_costs_v1.0,0.000000,0.000000,,,,
2024-08-22,VRNT,BBG001S6V8N6,0,false,33.140000,32.475000,0.905250,-2.006639,false,0.000000,execution_costs_v1.0,0.000000,0.000000,,,,
2024-08-22,VRRM,BBG00G4XQBP7,0,false,27.830000,27.450000,0.610852,-1.365433,false,0.000000,execution_costs_v1.0,0.000000,0.000000,,,,
2024-08-22,VRTS,BBG001T1QKH2,0,false,207.930000,210.050000,1.647189,1.019574,false,0.000000,execution_costs_v1.0,0.000000,0.000000,,,,
2024-08-22,VSAT,BBG001S98NF2,0,false,17.580000,16.585000,0.227531,-5.659841,false,0.000000,execution_costs_v1.0,0.000000,0.000000,,,,
2024-08-22,VSCO,BBG01103B480,2,false,23.630000,23.210000,0.867541,-1.777402,false,0.000000,execution_costs_v1.0,0.000000,0.000000,,,,
2024-08-22,VSEC,BBG001S5X9Z1,0,false,87.940000,89.830000,3.638845,2.149193,false,0.000000,execution_costs_v1.0,0.000000,0.000000,,,,
2024-08-22,VSH,BBG001S5XB04,0,false,20.260000,19.950000,0.937808,-1.530109,false,0.000000,execution_costs_v1.0,0.000000,0.000000,,,,
2024-08-22,VSTO,BBG006F8QZL3,0,false,39.160000,39.020000,0.638407,-0.357508,false,0.000000,execution_costs_v1.0,0.000000,0.000000,,,,
2024-08-22,VSTS,BBG001SGVMS8,0,false,13.430000,13.190000,0.000000,-1.787044,false,0.000000,execution_costs_v1.0,0.000000,0.000000,,,,
2024-08-22,VTEX,0001793663,0,false,7.700000,7.320000,0.389610,-4.935065,false,0.000000,execution_costs_v1.0,0.000000,0.000000,,,,
2024-08-22,VTLE,BBG001T24DQ0,0,false,35.460000,35.600000,1.410039,0.394811,false,0.000000,execution_costs_v1.0,0.000000,0.000000,,,,
2024-08-22,VTOL,BBG001YH8QJ6,0,false,37.230000,37.060000,0.564061,-0.456621,false,0.000000,execution_costs_v1.0,0.000000,0.000000,,,,
2024-08-22,VTRS,BBG00Y52JV51,0,false,11.710000,11.700000,0.939368,-0.085397,false,0.000000,execution_costs_v1.0,0.000000,0.000000,,,,
2024-08-22,VTS,BBG01B9G0J34,0,false,24.600000,24.430000,0.771951,-0.691057,false,0.000000,execution_costs_v1.0,0.000000,0.000000,,,,
2024-08-22,VVI,BBG001S77S57,0,false,33.160000,32.810000,0.000000,-1.055489,false,0.000000,execution_costs_v1.0,0.000000,0.000000,,,,
2024-08-22,VVV,BBG003DNHV65,1,false,41.610000,41.459000,0.432588,-0.362894,false,0.000000,execution_costs_v1.0,0.000000,0.000000,,,,
2024-08-22,VVX,BBG005PG80L3,0,false,53.120000,55.190000,4.009789,3.896837,false,0.000000,execution_costs_v1.0,0.000000,0.000000,,,,
2024-08-22,VYGR,BBG005ZSY242,0,false,6.900000,6.675000,0.144928,-3.260870,false,0.000000,execution_costs_v1.0,0.000000,0.000000,,,,
2024-08-22,VYX,BBG001S9FBR7,0,false,12.780000,12.660000,1.173709,-0.938967,false,0.000000,execution_costs_v1.0,0.000000,0.000000,,,,
2024-08-22,VZIO,BBG00ZHDJWD0,0,false,11.150000,11.120000,0.134529,-0.269058,false,0.000000,execution_costs_v1.0,0.000000,0.000000,,,,
2024-08-22,VZLA,BBG00L1MK0Z2,1,false,2.020000,1.980000,0.000000,-1.980198,false,0.000000,execution_costs_v1.0,0.000000,0.000000,,,,
2024-08-22,W,BBG001THKQ26,30,true,43.220000,41.810000,0.231374,-3.262379,false,0.000000,execution_costs_v1.0,0.000000,0.000000,,,,
2024-08-22,WABC,BBG001S7XYL7,0,false,49.740000,49.640000,1.025332,-0.201045,false,0.000000,execution_costs_v1.0,0.000000,0.000000,,,,
2024-08-22,WAFD,BBG001S5XF96,0,false,34.870000,35.230000,1.548609,1.032406,false,0.000000,execution_costs_v1.0,0.000000,0.000000,,,,
2024-08-22,WAL,BBG001SLM522,0,false,77.310000,77.440000,1.461648,0.168154,false,0.000000,execution_costs_v1.0,0.000000,0.000000,,,,
2024-08-22,WALD,0001840199,0,false,2.960000,3.080000,6.418919,4.054054,false,0.000000,execution_costs_v1.0,0.000000,0.000000,,,,
2024-08-22,WASH,BBG001S5XC66,0,false,30.150000,30.220000,0.968159,0.232172,false,0.000000,execution_costs_v1.0,0.000000,0.000000,,,,
2024-08-22,WBA,BBG001S5XBY7,22,true,10.320000,10.020000,0.290698,-2.906977,false,0.000000,execution_costs_v1.0,0.000000,0.000000,,,,
2024-08-22,WBS,BBG001S5XCP5,0,false,45.120000,45.070000,1.152482,-0.110816,false,0.000000,execution_costs_v1.0,0.000000,0.000000,,,,
2024-08-22,WBX,0001866501,0,false,1.510000,1.490000,1.867550,-1.324503,false,0.000000,execution_costs_v1.0,0.000000,0.000000,,,,
2024-08-22,WCC,BBG001SCRP78,0,false,162.030000,160.220000,0.530766,-1.117077,false,0.000000,execution_costs_v1.0,0.000000,0.000000,,,,
2024-08-22,WD,BBG001T0JGM5,0,false,103.030000,102.710000,0.630884,-0.310589,false,0.000000,execution_costs_v1.0,0.000000,0.000000,,,,
2024-08-22,WDFC,BBG001S5XD46,0,false,252.970000,248.660000,0.000000,-1.703759,false,0.000000,execution_costs_v1.0,0.000000,0.000000,,,,
2024-08-22,WEAV,BBG00BCHPRQ9,0,false,10.950000,10.720000,1.095890,-2.100457,false,0.000000,execution_costs_v1.0,0.000000,0.000000,,,,
2024-08-22,WEN,BBG001S7HBX2,1,false,16.950000,16.750000,0.471976,-1.179941,false,0.000000,execution_costs_v1.0,0.000000,0.000000,,,,
2024-08-22,WERN,BBG001S5XDR1,0,false,37.390000,37.030000,0.780155,-0.962824,false,0.000000,execution_costs_v1.0,0.000000,0.000000,,,,
2024-08-22,WES,BBG003M3V2V9,0,false,37.950000,38.200000,0.974967,0.658762,false,0.000000,execution_costs_v1.0,0.000000,0.000000,,,,
2024-08-22,WEST,BBG016LHSFJ0,0,false,8.700000,8.640000,1.034483,-0.689655,false,0.000000,execution_costs_v1.0,0.000000,0.000000,,,,
2024-08-22,WEX,BBG001SCJLG6,0,false,182.220000,181.980000,0.559763,-0.131709,false,0.000000,execution_costs_v1.0,0.000000,0.000000,,,,
2024-08-22,WEYS,BBG001S5XF05,0,false,33.870000,33.383200,0.826690,-1.437260,false,0.000000,execution_costs_v1.0,0.000000,0.000000,,,,
2024-08-22,WFG,BBG001S60WD8,0,false,86.190000,85.780000,0.359670,-0.475693,false,0.000000,execution_costs_v1.0,0.000000,0.000000,,,,
2024-08-22,WFRD,0001603923,0,false,104.520000,104.230000,0.449675,-0.277459,false,0.000000,execution_costs_v1.0,0.000000,0.000000,,,,
2024-08-22,WGO,BBG001S5XFG8,0,false,57.970000,57.400000,0.000000,-0.983267,false,0.000000,execution_costs_v1.0,0.000000,0.000000,,,,
2024-08-22,WGS,BBG00XDHY5R7,0,false,34.740000,34.080000,0.918826,-1.899827,false,0.000000,execution_costs_v1.0,0.000000,0.000000,,,,
2024-08-22,WH,BBG00HCY3Q76,0,false,76.960000,77.070000,0.441788,0.142931,false,0.000000,execution_costs_v1.0,0.000000,0.000000,,,,
2024-08-22,WHD,BBG00JRH1Q02,0,false,58.140000,58.080000,0.567595,-0.103199,false,0.000000,execution_costs_v1.0,0.000000,0.000000,,,,
2024-08-22,WHR,BBG001S5XFS5,2,false,99.160000,98.040000,0.342880,-1.129488,false,0.000000,execution_costs_v1.0,0.000000,0.000000,,,,
2024-08-22,WINA,BBG001S8RR00,0,false,371.840000,363.010000,0.061855,-2.374677,false,0.000000,execution_costs_v1.0,0.000000,0.000000,,,,
2024-08-22,WING,BBG008N298X9,0,false,383.830000,383.460000,0.919678,-0.096397,false,0.000000,execution_costs_v1.0,0.000000,0.000000,,,,
2024-08-22,WISA,BBG00KLHTKR9,0,false,1.860000,1.740000,0.000000,-6.451613,false,0.000000,execution_costs_v1.0,0.000000,0.000000,,,,
2024-08-22,WIX,0001576789,0,false,169.300000,164.990000,0.484347,-2.545777,false,0.000000,execution_costs_v1.0,0.000000,0.000000,,,,
2024-08-22,WK,BBG007BVZ8J7,0,false,78.920000,77.450000,0.481500,-1.862646,false,0.000000,execution_costs_v1.0,0.000000,0.000000,,,,
2024-08-22,WKC,BBG001S5S9J5,0,false,27.650000,27.850000,1.193490,0.723327,false,0.000000,execution_costs_v1.0,0.000000,0.000000,,,,
2024-08-22,WKME,0001847584,0,false,13.820000,13.850000,0.217077,0.217077,false,0.000000,execution_costs_v1.0,0.000000,0.000000,,,,
2024-08-22,WLDN,BBG001SNM0H3,0,false,36.980000,36.240000,0.135208,-2.001082,false,0.000000,execution_costs_v1.0,0.000000,0.000000,,,,
2024-08-22,WLFC,BBG001S934S5,0,false,110.413400,109.290000,2.070944,-1.017449,false,0.000000,execution_costs_v1.0,0.000000,0.000000,,,,
2024-08-22,WLKP,BBG006F8Q8C3,0,false,22.600000,22.740000,1.106195,0.619469,false,0.000000,execution_costs_v1.0,0.000000,0.000000,,,,
2024-08-22,WLY,BBG001S8K9L4,0,false,45.950000,45.870000,0.565832,-0.174102,false,0.000000,execution_costs_v1.0,0.000000,0.000000,,,,
2024-08-22,WMK,BBG001S5XH56,0,false,65.360000,64.680000,0.000000,-1.040392,false,0.000000,execution_costs_v1.0,0.000000,0.000000,,,,
2024-08-22,WMS,BBG001SH4LQ0,0,false,157.010000,156.990000,1.471244,-0.012738,false,0.000000,execution_costs_v1.0,0.000000,0.000000,,,,
2024-08-22,WNC,BBG001S6W2K1,0,false,19.100000,19.020000,0.418848,-0.418848,false,0.000000,execution_costs_v1.0,0.000000,0.000000,,,,
2024-08-22,WNS,0001356570,0,false,59.980000,59.680000,0.000000,-0.500167,false,0.000000,execution_costs_v1.0,0.000000,0.000000,,,,
2024-08-22,WOLF,BBG001S6YWT4,47,true,13.760000,12.820100,0.145349,-6.830669,false,0.000000,execution_costs_v1.0,0.000000,0.000000,,,,
2024-08-22,WOOF,BBG00YFGTWH3,1,false,2.850000,2.750000,0.350877,-3.508772,false,0.000000,execution_costs_v1.0,0.000000,0.000000,,,,
2024-08-22,WOR,BBG001S6XN51,0,false,45.530000,44.920000,0.065891,-1.339776,false,0.000000,execution_costs_v1.0,0.000000,0.000000,,,,
2024-08-22,WOW,BBG00GBB6WG3,0,false,5.600000,5.490000,0.000000,-1.964286,false,0.000000,execution_costs_v1.0,0.000000,0.000000,,,,
2024-08-22,WPC,BBG001S67MM3,0,false,58.730000,58.720000,0.715137,-0.017027,false,0.000000,execution_costs_v1.0,0.000000,0.000000,,,,
2024-08-22,WRB,BBG001S5P463,0,false,57.610000,58.010000,0.729040,0.694324,false,0.000000,execution_costs_v1.0,0.000000,0.000000,,,,
2024-08-22,WRBY,BBG005DWN8L7,0,false,14.010000,13.860000,0.785153,-1.070664,false,0.000000,execution_costs_v1.0,0.000000,0.000000,,,,
2024-08-22,WRLD,BBG001S6H6C8,0,false,112.890000,111.330000,0.000000,-1.381876,false,0.000000,execution_costs_v1.0,0.000000,0.000000,,,,
2024-08-22,WS,BBG01JPM5041,0,false,33.900000,33.550000,0.442478,-1.032448,false,0.000000,execution_costs_v1.0,0.000000,0.000000,,,,
2024-08-22,WSBC,BBG001S5XJR8,0,false,30.600000,30.810000,1.078431,0.686275,false,0.000000,execution_costs_v1.0,0.000000,0.000000,,,,
2024-08-22,WSC,BBG00B0FS9V7,0,false,37.600000,37.190000,0.904255,-1.090426,false,0.000000,execution_costs_v1.0,0.000000,0.000000,,,,
2024-08-22,WSFS,BBG001S5XJX1,0,false,51.380000,51.760000,1.790580,0.739587,false,0.000000,execution_costs_v1.0,0.000000,0.000000,,,,
2024-08-22,WSM,BBG001SBW7S1,53,true,132.490000,130.500000,1.917126,-1.502000,false,0.000000,execution_costs_v1.0,0.000000,0.000000,,,,
2024-08-22,WSR,BBG001SM3736,0,false,13.260000,13.205000,0.377074,-0.414781,false,0.000000,execution_costs_v1.0,0.000000,0.000000,,,,
2024-08-22,WT,BBG001SD2W32,4,false,9.810000,9.835000,1.019368,0.254842,false,0.000000,execution_costs_v1.0,0.000000,0.000000,,,,
2024-08-22,WTBA,BBG001S5R194,0,false,19.330000,19.400000,0.569064,0.362131,false,0.000000,execution_costs_v1.0,0.000000,0.000000,,,,
2024-08-22,WTFC,BBG001S945T0,0,false,102.260000,102.870000,1.310385,0.596519,false,0.000000,execution_costs_v1.0,0.000000,0.000000,,,,
2024-08-22,WTI,BBG001SLLWL3,0,false,2.270000,2.245000,1.321586,-1.101322,false,0.000000,execution_costs_v1.0,0.000000,0.000000,,,,
2024-08-22,WTRG,BBG001S5VFD3,0,false,39.250000,39.060000,0.076433,-0.484076,false,0.000000,execution_costs_v1.0,0.000000,0.000000,,,,
2024-08-22,WTS,BBG001S6N6Y7,0,false,185.840000,186.760000,1.081576,0.495050,false,0.000000,execution_costs_v1.0,0.000000,0.000000,,,,
2024-08-22,WTTR,BBG00G4Y2F27,0,false,11.440000,11.150000,0.000000,-2.534965,false,0.000000,execution_costs_v1.0,0.000000,0.000000,,,,
2024-08-22,WU,BBG001SR0YK0,0,false,11.760000,11.680000,0.340136,-0.680272,false,0.000000,execution_costs_v1.0,0.000000,0.000000,,,,
2024-08-22,WULF,BBG0122MC919,33,true,4.830000,4.810000,3.105590,-0.414079,false,0.000000,execution_costs_v1.0,0.000000,0.000000,,,,
2024-08-22,WVE,0001631574,1,false,5.860000,5.520000,1.194539,-5.802048,false,0.000000,execution_costs_v1.0,0.000000,0.000000,,,,
2024-08-22,WWD,BBG001S6YZC5,0,false,158.590000,159.110000,1.141308,0.327890,false,0.000000,execution_costs_v1.0,0.000000,0.000000,,,,
2024-08-22,WWW,BBG001S5XKW9,0,false,12.650000,12.500000,0.711462,-1.185771,false,0.000000,execution_costs_v1.0,0.000000,0.000000,,,,
2024-08-22,WYNN,BBG001SJZ2V8,0,false,77.360000,77.110000,0.355481,-0.323164,false,0.000000,execution_costs_v1.0,0.000000,0.000000,,,,
2024-08-22,X,BBG001S5XL75,1,false,38.660000,38.140000,1.215727,-1.345059,false,0.000000,execution_costs_v1.0,0.000000,0.000000,,,,
2024-08-22,XENE,BBG002VBMLS5,0,false,39.140000,38.650000,0.996423,-1.251916,false,0.000000,execution_costs_v1.0,0.000000,0.000000,,,,
2024-08-22,XERS,BBG012V1MG61,1,false,2.850000,2.810000,2.105263,-1.403509,false,0.000000,execution_costs_v1.0,0.000000,0.000000,,,,
2024-08-22,XHR,BBG006YP1L50,0,false,13.300000,13.340000,1.654135,0.300752,false,0.000000,execution_costs_v1.0,0.000000,0.000000,,,,
2024-08-22,XMTR,BBG00BDCCVB0,4,false,19.120000,19.130000,3.205544,0.052301,false,0.000000,execution_costs_v1.0,0.000000,0.000000,,,,
2024-08-22,XNCR,BBG0026ZG4X9,0,false,17.380000,16.690000,0.690449,-3.970081,false,0.000000,execution_costs_v1.0,0.000000,0.000000,,,,
2024-08-22,XOMA,BBG001S5XLP5,0,false,28.890000,28.560000,0.346141,-1.142264,false,0.000000,execution_costs_v1.0,0.000000,0.000000,,,,
2024-08-22,XP,0001787425,5,false,19.220000,19.265000,2.185224,0.234131,false,0.000000,execution_costs_v1.0,0.000000,0.000000,,,,
2024-08-22,XPEL,BBG001S6JQ87,0,false,43.100000,43.060000,0.278422,-0.092807,false,0.000000,execution_costs_v1.0,0.000000,0.000000,,,,
2024-08-22,XPER,BBG019FGSTG6,0,false,8.670000,8.510000,0.000000,-1.845444,false,0.000000,execution_costs_v1.0,0.000000,0.000000,,,,
2024-08-22,XPO,BBG001SJW3C0,0,false,122.090000,121.980000,1.359653,-0.090097,false,0.000000,execution_costs_v1.0,0.000000,0.000000,,,,
2024-08-22,XPOF,BBG011M1TY49,0,false,14.400000,13.950000,0.833333,-3.125000,false,0.000000,execution_costs_v1.0,0.000000,0.000000,,,,
2024-08-22,XPRO,0001575828,0,false,20.020000,19.870000,1.098901,-0.749251,false,0.000000,execution_costs_v1.0,0.000000,0.000000,,,,
2024-08-22,XRAY,BBG001S5XLV8,0,false,24.750000,24.130000,0.000000,-2.505051,false,0.000000,execution_costs_v1.0,0.000000,0.000000,,,,
2024-08-22,XRX,BBG00NNG2ZK6,1,false,10.450000,10.460000,1.244019,0.095694,false,0.000000,execution_costs_v1.0,0.000000,0.000000,,,,
2024-08-22,YELP,BBG001T6C2W9,0,false,34.220000,34.100000,0.467563,-0.350672,false,0.000000,execution_costs_v1.0,0.000000,0.000000,,,,
2024-08-22,YETI,BBG00D8JC891,0,false,41.140000,40.560000,0.133690,-1.409820,false,0.000000,execution_costs_v1.0,0.000000,0.000000,,,,
2024-08-22,YEXT,BBG001V12329,0,false,5.070000,4.950000,0.197239,-2.366864,false,0.000000,execution_costs_v1.0,0.000000,0.000000,,,,
2024-08-22,YMAB,BBG00J2DBN04,0,false,14.000000,13.320000,1.428571,-4.857143,false,0.000000,execution_costs_v1.0,0.000000,0.000000,,,,
2024-08-22,YORW,BBG001S6YWZ7,0,false,39.010000,38.060000,0.193284,-2.435273,false,0.000000,execution_costs_v1.0,0.000000,0.000000,,,,
2024-08-22,YOU,BBG011C0FSZ6,1,false,28.030000,28.050000,2.961113,0.071352,false,0.000000,execution_costs_v1.0,0.000000,0.000000,,,,
2024-08-22,YUMC,BBG00B8N0HH0,5,false,34.000000,33.790000,0.940882,-0.617647,false,0.000000,execution_costs_v1.0,0.000000,0.000000,,,,
2024-08-22,Z,BBG009NRSWK2,0,false,55.000000,53.550000,0.536364,-2.636364,false,0.000000,execution_costs_v1.0,0.000000,0.000000,,,,
2024-08-22,ZD,BBG001SD21P6,0,false,45.720000,45.320000,0.853018,-0.874891,false,0.000000,execution_costs_v1.0,0.000000,0.000000,,,,
2024-08-22,ZETA,BBG010FXVQB5,1,false,23.970000,23.680000,0.333751,-1.209846,false,0.000000,execution_costs_v1.0,0.000000,0.000000,,,,
2024-08-22,ZEUS,BBG001S5XN26,0,false,41.170000,40.160000,0.510080,-2.453243,false,0.000000,execution_costs_v1.0,0.000000,0.000000,,,,
2024-08-22,ZGN,0001877787,0,false,10.430000,10.260000,1.246405,-1.629914,false,0.000000,execution_costs_v1.0,0.000000,0.000000,,,,
2024-08-22,ZI,BBG00S1HJ4F4,2,false,9.700000,9.520000,0.567010,-1.855670,false,0.000000,execution_costs_v1.0,0.000000,0.000000,,,,
2024-08-22,ZIM,0001654126,14,true,21.900000,21.220000,2.922374,-3.105023,false,0.000000,execution_costs_v1.0,0.000000,0.000000,,,,
2024-08-22,ZIMV,BBG014630596,0,false,17.340000,17.030000,0.749712,-1.787774,false,0.000000,execution_costs_v1.0,0.000000,0.000000,,,,
2024-08-22,ZION,BBG001S5XN80,0,false,47.230000,47.690000,1.122168,0.973957,false,0.000000,execution_costs_v1.0,0.000000,0.000000,,,,
2024-08-22,ZIP,BBG010JBYW41,0,false,8.970000,9.010000,3.901895,0.445931,false,0.000000,execution_costs_v1.0,0.000000,0.000000,,,,
2024-08-22,ZJYL,0001837821,1,false,3.420000,3.510000,8.187135,2.631579,false,0.000000,execution_costs_v1.0,0.000000,0.000000,,,,
2024-08-22,ZUMZ,BBG001SGPKJ9,1,false,27.090000,27.780000,3.248431,2.547065,false,0.000000,execution_costs_v1.0,0.000000,0.000000,,,,
2024-08-22,ZUO,BBG001SS0FH3,21,true,9.530000,8.480000,0.262329,-11.017838,false,0.000000,execution_costs_v1.0,0.000000,0.000000,,,,
2024-08-22,ZVRA,BBG0026ZG1G4,0,false,7.560000,7.265000,1.058201,-3.902116,false,0.000000,execution_costs_v1.0,0.000000,0.000000,,,,
2024-08-22,ZWS,BBG001T36GB5,0,false,31.570000,31.500000,0.475135,-0.221729,false,0.000000,execution_costs_v1.0,0.000000,0.000000,,,,
2024-08-22,ZYME,BBG019XSYC98,0,false,11.150000,11.170000,2.152466,0.179372,false,0.000000,execution_costs_v1.0,0.000000,0.000000,,,,
