trading_date,ticker,stable_security_id,premarket_real_bars_60m,scorable,open_0930,close,day_mfe_pct,close_vs_open_pct,top_10_mover,realized_return_pct
2024-04-09,AA,BBG00B3T3HF1,14,true,37.100000,36.820000,0.997305,-0.754717,false,0.000000
2024-04-09,AAL,BBG005P7Q907,25,true,13.960000,13.960000,0.752149,0.000000,false,0.000000
2024-04-09,AAOI,BBG001SG47G4,2,false,12.510000,12.110000,0.079936,-3.197442,false,0.000000
2024-04-09,AAON,BBG001S6CZK0,0,false,92.880000,89.570000,0.311908,-3.563738,false,0.000000
2024-04-09,AAP,BBG001SD2SB2,1,false,78.210000,78.460000,2.096919,0.319652,false,0.000000
2024-04-09,AAT,BBG001TCBJS5,0,false,21.460000,22.270000,3.821062,3.774464,false,0.000000
2024-04-09,AB,BBG001S5N9S0,5,false,34.990000,34.530000,0.314376,-1.314661,false,0.000000
2024-04-09,ABCB,BBG001S80PX7,0,false,47.540000,47.750000,1.051746,0.441733,false,0.000000
2024-04-09,ABCL,BBG00LLW2MH0,6,false,4.510000,4.730000,5.319290,4.878049,false,0.000000
2024-04-09,ABG,BBG001S9B5H5,0,false,224.820000,229.990000,2.659906,2.299617,false,0.000000
2024-04-09,ABL,BBG00VY1KBC1,0,false,12.125000,11.920000,0.000000,-1.690722,false,0.000000
2024-04-09,ABM,BBG001S5N9B8,0,false,44.310000,43.770000,0.361092,-1.218687,false,0.000000
2024-04-09,ABR,BBG001SJP3G4,4,false,13.000000,12.985000,0.538462,-0.115385,false,0.000000
2024-04-09,ABSI,BBG011N54DC3,0,false,5.610000,6.590000,19.786096,17.468806,true,0.000000
2024-04-09,ABUS,BBG001S6RSK0,2,false,3.060000,3.000000,1.633987,-1.960784,false,0.000000
2024-04-09,AC,BBG008NZ8QB1,0,false,32.680000,32.480000,0.000000,-0.611995,false,0.000000
2024-04-09,ACA,BBG00JGMWGB9,0,false,84.210000,83.620000,0.000000,-0.700629,false,0.000000
2024-04-09,ACAD,BBG001SB06N3,0,false,17.940000,18.170000,1.700111,1.282051,false,0.000000
2024-04-09,ACB,BBG001SV77D1,51,true,6.610000,6.355000,4.387292,-3.857791,false,0.000000
2024-04-09,ACCD,BBG00S2L1ZR1,0,false,9.330000,9.620000,3.108253,3.108253,false,0.000000
2024-04-09,ACCO,BBG001SPBTK3,0,false,5.270000,5.250000,1.328273,-0.379507,false,0.000000
2024-04-09,ACDC,BBG013PRYQC7,0,false,8.830000,8.660000,1.755379,-1.925255,false,0.000000
2024-04-09,ACEL,BBG00GX221Z0,0,false,11.670000,11.660000,0.685518,-0.085690,false,0.000000
2024-04-09,ACGLN,0000947484,0,false,20.630000,20.600000,0.484731,-0.145419,false,0.000000
2024-04-09,ACHC,BBG001SNNWL7,0,false,75.700000,76.430000,1.387054,0.964333,false,0.000000
2024-04-09,ACHR,BBG00XRTC929,8,false,4.280000,4.290000,1.401869,0.233645,false,0.000000
2024-04-09,ACI,BBG009KG1741,0,false,20.990000,20.930000,0.023821,-0.285850,false,0.000000
2024-04-09,ACIC,BBG001T09W05,0,false,11.370000,11.350000,1.363237,-0.175901,false,0.000000
2024-04-09,ACIW,BBG001S9KLL5,0,false,33.150000,33.800000,2.051282,1.960784,false,0.000000
2024-04-09,ACLS,BBG001SF8W86,0,false,106.600000,108.899000,2.270169,2.156660,false,0.000000
2024-04-09,ACLX,BBG00QHJM4W4,0,false,60.600000,60.560000,1.188119,-0.066007,false,0.000000
2024-04-09,ACM,BBG001SKTTF1,0,false,98.010000,96.140000,0.336700,-1.907969,false,0.000000
2024-04-09,ACMR,BBG00HPSG942,3,false,31.360000,29.760000,1.084184,-5.102041,false,0.000000
2024-04-09,ACNB,BBG001S6CVZ3,0,false,35.640000,35.950000,0.869809,0.869809,false,0.000000
2024-04-09,ACRE,BBG0022MMR46,0,false,7.150000,7.240000,1.678322,1.258741,false,0.000000
2024-04-09,ACT,BBG00WSNP4S2,0,false,30.680000,30.570000,0.537810,-0.358540,false,0.000000
2024-04-09,ACTG,BBG001SJLJT9,0,false,5.160000,5.190000,0.775194,0.581395,false,0.000000
2024-04-09,ACVA,BBG00G5JGQ75,0,false,18.500000,18.650000,1.189189,0.810811,false,0.000000
2024-04-09,ADC,BBG001S6RY81,1,false,57.270000,58.450000,2.252488,2.060416,false,0.000000
2024-04-09,ADCT,0001771910,0,false,5.140000,4.780000,3.307393,-7.003891,false,0.000000
2024-04-09,ADEA,BBG00RBFBL78,0,false,10.790000,10.765000,0.092678,-0.231696,false,0.000000
2024-04-09,ADMA,BBG002NCK5N4,1,false,6.210000,6.100000,0.805153,-1.771337,false,0.000000
2024-04-09,ADNT,0001670541,0,false,31.490000,31.780000,1.143220,0.920927,false,0.000000
2024-04-09,ADPT,BBG001V0GG18,4,false,2.850000,2.930000,9.473684,2.807018,false,0.000000
2024-04-09,ADSE,0001879248,0,false,10.195000,10.140000,1.422266,-0.539480,false,0.000000
2024-04-09,ADT,BBG001S6VGG6,0,false,6.530000,6.650000,1.837672,1.837672,false,0.000000
2024-04-09,ADTN,BBG0169CH7Y8,0,false,5.080000,5.140000,3.444882,1.181102,false,0.000000
2024-04-09,ADUS,BBG001T56D18,0,false,101.550000,98.580000,0.521910,-2.924668,false,0.000000
2024-04-09,ADV,BBG00PPWZ8G3,1,false,4.250000,4.290000,1.411765,0.941176,false,0.000000
2024-04-09,ADVM,BBG006D9MR26,0,false,12.530000,12.010000,1.516361,-4.150040,false,0.000000
2024-04-09,AEG,BBG001S6Y6M8,4,false,6.350000,6.260000,0.472441,-1.417323,false,0.000000
2024-04-09,AEHR,BBG001SB1CS4,9,false,11.780000,11.790000,2.419355,0.084890,false,0.000000
2024-04-09,AEIS,BBG001S8L5Z6,0,false,99.680000,100.780000,1.193820,1.103531,false,0.000000
2024-04-09,AEL,BBG001S5T012,0,false,56.380000,56.300000,0.035474,-0.141894,false,0.000000
2024-04-09,AEO,BBG001S7Q949,6,false,25.250000,24.390000,0.990099,-3.405941,false,0.000000
2024-04-09,AEON,BBG00Z17HFQ5,0,false,8.260000,7.960000,2.360775,-3.631961,false,0.000000
2024-04-09,AES,BBG001S6B1L5,0,false,18.370000,18.270000,0.898204,-0.544366,false,0.000000
2024-04-09,AESI,BBG01JFZ96Y3,1,false,23.590000,23.830000,1.229334,1.017380,false,0.000000
2024-04-09,AEVA,BBG00RK5L2P1,0,false,4.070000,4.200000,5.651106,3.194103,false,0.000000
2024-04-09,AFG,BBG001S8JK86,0,false,133.750000,131.030000,0.149533,-2.033645,false,0.000000
2024-04-09,AFMD,0001608390,1,false,6.320000,6.100000,1.107595,-3.481013,false,0.000000
2024-04-09,AFRM,BBG00Y7BP8Z0,15,true,34.330000,35.390000,3.087678,3.087678,false,0.000000
2024-04-09,AFYA,0001771007,0,false,18.050000,17.830000,0.055402,-1.218837,false,0.000000
2024-04-09,AG,BBG001SGV444,27,true,8.130000,8.075000,2.583026,-0.676507,false,0.000000
2024-04-09,AGCO,BBG001S7WHW3,0,false,122.080000,123.920000,1.949541,1.507208,false,0.000000
2024-04-09,AGI,BBG009HT65S0,22,true,15.370000,15.060000,0.520494,-2.016916,false,0.000000
2024-04-09,AGIO,BBG001T8R687,0,false,27.840000,29.700000,7.237787,6.681034,false,0.000000
2024-04-09,AGL,BBG00HCYVQR3,1,false,5.200000,5.555000,7.115385,6.826923,false,0.000000
2024-04-09,AGM,BBG001SCWNB2,0,false,189.470000,190.560000,2.029345,0.575289,false,0.000000
2024-04-09,AGNC,BBG001T074G2,16,true,9.720000,9.770000,0.617284,0.514403,false,0.000000
2024-04-09,AGO,0001273813,0,false,83.410000,82.390000,0.703393,-1.222875,false,0.000000
2024-04-09,AGR,BBG00B8NWRH3,0,false,35.950000,35.840000,0.389430,-0.305981,false,0.000000
2024-04-09,AGRO,0001499505,0,false,11.320000,11.870000,5.565371,4.858657,false,0.000000
2024-04-09,AGS,BBG00JKZKM16,0,false,9.990000,9.700000,0.566567,-2.902903,false,0.000000
2024-04-09,AGTI,BBG00LQ2B4L6,0,false,10.040000,10.070000,0.398406,0.298805,false,0.000000
2024-04-09,AGX,BBG001SJP7D8,0,false,51.330000,50.820000,0.000000,-0.993571,false,0.000000
2024-04-09,AGYS,BBG001S5V6V3,0,false,83.930000,84.590000,1.298701,0.786370,false,0.000000
2024-04-09,AHCO,BBG00KJQVGW2,0,false,10.390000,10.400000,2.021174,0.096246,false,0.000000
2024-04-09,AHH,BBG004CYX1N9,2,false,10.570000,10.830000,2.554399,2.459792,false,0.000000
2024-04-09,AI,BBG00Y6G6Y84,22,true,25.000000,24.930000,0.673600,-0.280000,false,0.000000
2024-04-09,AIN,BBG001S5VKN1,0,false,88.880000,89.540000,1.057606,0.742574,false,0.000000
2024-04-09,AIR,BBG001S5NJX2,0,false,61.870000,61.520000,2.893163,-0.565702,false,0.000000
2024-04-09,AIRC,BBG00XK3WWB0,21,true,38.470000,38.410000,0.545880,-0.155966,false,0.000000
2024-04-09,AIRS,BBG012V27CX5,1,false,5.490000,5.610000,2.185792,2.185792,false,0.000000
2024-04-09,AIT,BBG001S5NK14,0,false,197.230000,195.640000,0.730112,-0.806165,false,0.000000
2024-04-09,AIV,BBG001S876N3,0,false,8.280000,8.395000,1.932367,1.388889,false,0.000000
2024-04-09,AIZ,BBG001SD9DW5,0,false,181.600000,178.800000,0.479075,-1.541850,false,0.000000
2024-04-09,AKR,BBG001S7KXT5,0,false,16.820000,17.260000,2.615933,2.615933,false,0.000000
2024-04-09,AKRO,BBG00L9211Z7,1,false,23.280000,23.760000,2.061856,2.061856,false,0.000000
2024-04-09,AL,BBG001T92VD1,0,false,50.360000,49.520000,0.397141,-1.667990,false,0.000000
2024-04-09,ALE,BBG001S77110,0,false,60.760000,60.720000,0.411455,-0.065833,false,0.000000
2024-04-09,ALEC,BBG00N0PL214,0,false,5.830000,6.060000,5.145798,3.945111,false,0.000000
2024-04-09,ALEX,BBG00HS2GVM7,0,false,16.080000,16.460000,2.363184,2.363184,false,0.000000
2024-04-09,ALG,BBG001S7YVC2,0,false,220.450000,222.770000,1.102291,1.052393,false,0.000000
2024-04-09,ALGM,BBG00H5S83B8,0,false,27.150000,27.960000,3.020258,2.983425,false,0.000000
2024-04-09,ALGT,BBG001SQ25S5,0,false,64.810000,66.100000,2.422466,1.990434,false,0.000000
2024-04-09,ALHC,BBG00ZJ0DSS5,0,false,4.850000,4.815000,2.783505,-0.721649,false,0.000000
2024-04-09,ALIT,BBG00H00J2Q8,0,false,9.560000,9.480000,0.209205,-0.836820,false,0.000000
2024-04-09,ALK,BBG001S5NLG6,1,false,42.860000,43.000000,0.746617,0.326645,false,0.000000
2024-04-09,ALKS,0001520262,7,false,27.290000,26.725000,0.989373,-2.070355,false,0.000000
2024-04-09,ALKT,BBG005HTCT63,0,false,24.200000,24.080000,0.413223,-0.495868,false,0.000000
2024-04-09,ALLE,0001579241,0,false,133.430000,133.920000,0.678258,0.367234,false,0.000000
2024-04-09,ALLG,0001874474,1,false,1.110000,1.160000,6.306306,4.504505,false,0.000000
2024-04-09,ALLO,BBG00KHRRDY2,0,false,3.990000,4.110000,3.007519,3.007519,false,0.000000
2024-04-09,ALLY,BBG001S5RLN4,4,false,39.730000,39.150000,0.151019,-1.459854,false,0.000000
2024-04-09,ALNT,BBG001S5RST3,0,false,32.900000,32.570000,0.182371,-1.003040,false,0.000000
2024-04-09,ALPN,BBG001V0G8Y0,3,false,39.160000,38.970000,1.200204,-0.485189,false,0.000000
2024-04-09,ALRM,BBG007GNPYZ6,0,false,69.860000,70.680000,1.173776,1.173776,false,0.000000
2024-04-09,ALRS,BBG001SGGKT8,0,false,21.220000,21.070000,0.282752,-0.706880,false,0.000000
2024-04-09,ALSN,BBG001V0T5F3,0,false,82.620000,82.010000,0.254176,-0.738320,false,0.000000
2024-04-09,ALT,BBG001SNS461,9,false,8.600000,8.390000,1.279070,-2.441860,false,0.000000
2024-04-09,ALTG,BBG00NZ6JW42,0,false,13.110000,13.120000,0.953471,0.076278,false,0.000000
2024-04-09,ALTI,BBG00Z6F0ML0,0,false,4.900000,4.860000,4.081633,-0.816327,false,0.000000
2024-04-09,ALTR,BBG001SR65P2,0,false,86.380000,85.170000,0.694605,-1.400787,false,0.000000
2024-04-09,ALV,BBG001S9YRV6,0,false,120.770000,120.560000,0.732798,-0.173884,false,0.000000
2024-04-09,ALVO,0001898416,0,false,12.000000,11.935000,0.000000,-0.541667,false,0.000000
2024-04-09,ALX,BBG001S5NM92,0,false,220.840000,220.880000,1.430855,0.018113,false,0.000000
2024-04-09,ALXO,BBG00VR8SF73,1,false,12.560000,12.380000,1.114650,-1.433121,false,0.000000
2024-04-09,AM,BBG00GBNZ4N9,0,false,14.220000,14.190000,0.281294,-0.210970,false,0.000000
2024-04-09,AMAL,BBG00XRT7YY5,0,false,22.970000,22.996000,0.522421,0.113191,false,0.000000
2024-04-09,AMBA,0001280263,0,false,48.770000,50.220000,3.342219,2.973139,false,0.000000
2024-04-09,AMBC,BBG004HQHL91,0,false,15.900000,15.620000,0.754717,-1.761006,false,0.000000
2024-04-09,AMBP,0001845097,1,false,3.500000,3.490000,0.857143,-0.285714,false,0.000000
2024-04-09,AMC,BBG001SZYYL4,48,true,2.970000,2.970000,1.515152,0.000000,false,0.000000
2024-04-09,AMCR,0001748790,0,false,9.220000,9.370000,1.735358,1.626898,false,0.000000
2024-04-09,AMCX,BBG001SLR8S3,0,false,11.240000,11.340000,2.580071,0.889680,false,0.000000
2024-04-09,AMED,BBG001S5NN72,0,false,92.720000,92.690000,0.485332,-0.032355,false,0.000000
2024-04-09,AMG,BBG001S6DMD6,0,false,169.620000,169.600000,0.017687,-0.011791,false,0.000000
2024-04-09,AMH,BBG003NXJNJ4,1,false,36.710000,36.550000,0.435849,-0.435849,false,0.000000
2024-04-09,AMK,BBG00F5PBW20,0,false,36.840000,37.050000,1.900109,0.570033,false,0.000000
2024-04-09,AMKR,BBG001S64YF8,2,false,32.300000,33.760000,5.572755,4.520124,false,0.000000
2024-04-09,AMN,BBG001S6Q193,0,false,58.680000,60.430000,4.107021,2.982277,false,0.000000
2024-04-09,AMPH,BBG001SCM4W2,1,false,41.170000,40.870000,0.145737,-0.728686,false,0.000000
2024-04-09,AMPL,BBG012CDTZZ5,0,false,10.490000,10.545000,1.811249,0.524309,false,0.000000
2024-04-09,AMPS,BBG00Y48ZM97,0,false,4.860000,4.820000,0.823045,-0.823045,false,0.000000
2024-04-09,AMR,BBG00DGWV044,0,false,317.400000,322.610000,1.644612,1.641462,false,0.000000
2024-04-09,AMRC,BBG001S6P9W1,0,false,23.290000,24.110000,5.710605,3.520824,false,0.000000
2024-04-09,AMRK,BBG005ZVDK57,12,true,39.440000,37.750000,2.408722,-4.284990,false,0.000000
2024-04-09,AMRX,BBG00462PGH9,0,false,6.000000,5.740000,0.500000,-4.333333,false,0.000000
2024-04-09,AMSC,BBG001S70C31,1,false,12.720000,13.110000,3.930818,3.066038,false,0.000000
2024-04-09,AMSF,BBG001SDH7B2,0,false,47.510000,47.970000,1.010314,0.968217,false,0.000000
2024-04-09,AMSWA,BBG001S5NPN9,0,false,11.740000,12.010000,3.407155,2.299830,false,0.000000
2024-04-09,AMTB,BBG001V0P1S2,0,false,22.970000,22.710000,0.130605,-1.131911,false,0.000000
2024-04-09,AMWD,BBG001S5NQ57,0,false,102.090000,101.180000,0.000000,-0.891370,false,0.000000
2024-04-09,AN,BBG001S5NQB0,0,false,159.310000,160.180000,1.167535,0.546105,false,0.000000
2024-04-09,ANAB,BBG0026ZDHT8,0,false,20.610000,21.540000,5.870936,4.512373,false,0.000000
2024-04-09,ANDE,BBG001S60FJ9,0,false,58.370000,57.350000,0.668151,-1.747473,false,0.000000
2024-04-09,ANF,BBG001S97027,1,false,120.540000,116.120000,0.000000,-3.666833,false,0.000000
2024-04-09,ANGI,BBG00HVKH4F0,0,false,2.300000,2.290000,2.608696,-0.434783,false,0.000000
2024-04-09,ANIK,BBG001S609X7,0,false,25.510000,25.900000,3.645629,1.528812,false,0.000000
2024-04-09,ANIP,BBG001S9DR85,0,false,67.370000,67.000000,0.341398,-0.549206,false,0.000000
2024-04-09,ANNX,BBG007QVDFH1,0,false,5.920000,6.230000,5.743243,5.236486,false,0.000000
2024-04-09,AORT,BBG001SB3CB0,0,false,21.810000,21.620000,0.412655,-0.871160,false,0.000000
2024-04-09,AOS,BBG001S5NRY3,0,false,87.100000,86.490000,0.000000,-0.700344,false,0.000000
2024-04-09,AOSL,0001387467,0,false,23.080000,23.220000,0.974870,0.606586,false,0.000000
2024-04-09,APA,BBG00YTS96H1,1,false,35.130000,34.880000,0.569314,-0.711642,false,0.000000
2024-04-09,APAM,BBG001V107T3,0,false,46.240000,46.740000,1.102941,1.081315,false,0.000000
2024-04-09,APG,BBG00HVV7984,0,false,39.890000,39.520000,0.225620,-0.927551,false,0.000000
2024-04-09,APGE,BBG01H51WZL7,0,false,54.890000,56.300000,3.006012,2.568774,false,0.000000
2024-04-09,APLD,BBG001SK4K76,15,true,3.100000,2.830000,0.322581,-8.709677,false,0.000000
2024-04-09,APLE,BBG006473QY8,2,false,16.220000,16.160000,0.400740,-0.369914,false,0.000000
2024-04-09,APLS,BBG007KGRPZ3,0,false,53.770000,55.080000,2.901246,2.436303,false,0.000000
2024-04-09,APLT,BBG001SMJMY2,0,false,5.680000,5.560000,0.440141,-2.112676,false,0.000000
2024-04-09,APOG,BBG001S5NSY1,0,false,59.630000,58.860000,0.368942,-1.291296,false,0.000000
2024-04-09,APPF,BBG008GC8CS3,0,false,233.200000,232.560000,0.000000,-0.274443,false,0.000000
2024-04-09,APPN,BBG001TWHH63,0,false,40.320000,41.140000,4.600694,2.033730,false,0.000000
2024-04-09,AQN,BBG001S8LHC5,0,false,6.290000,6.350000,1.589825,0.953895,false,0.000000
2024-04-09,AR,BBG001T61KH8,3,false,30.230000,30.230000,0.611975,0.000000,false,0.000000
2024-04-09,ARCB,BBG001S686R2,0,false,150.310000,151.390000,0.798350,0.718515,false,0.000000
2024-04-09,ARCC,BBG001SL96Z9,2,false,20.620000,20.520000,0.000000,-0.484966,false,0.000000
2024-04-09,ARCH,BBG00DZB5DD0,0,false,155.850000,156.410000,0.417068,0.359320,false,0.000000
2024-04-09,ARCO,0001508478,5,false,10.910000,11.290000,3.483043,3.483043,false,0.000000
2024-04-09,ARCT,BBG00NNW8JL0,0,false,30.830000,31.700000,2.854363,2.821927,false,0.000000
2024-04-09,ARDX,BBG001WH4F33,2,false,7.390000,7.180000,2.706360,-2.841678,false,0.000000
2024-04-09,ARHS,BBG012TKHZW7,1,false,16.340000,16.210000,1.591187,-0.795594,false,0.000000
2024-04-09,ARI,BBG001T55FJ5,0,false,11.090000,11.200000,0.991885,0.991885,false,0.000000
2024-04-09,ARIS,BBG012PPXNM0,0,false,15.120000,15.150000,1.256614,0.198413,false,0.000000
2024-04-09,ARKO,BBG00YD8K420,0,false,5.190000,5.130000,0.578035,-1.156069,false,0.000000
2024-04-09,ARLO,BBG00K88DTJ1,0,false,11.690000,11.680000,1.625321,-0.085543,false,0.000000
2024-04-09,ARLP,BBG001SD52Y1,1,false,21.100000,20.980000,0.473934,-0.568720,false,0.000000
2024-04-09,ARMK,BBG001V0NR70,0,false,32.500000,32.185000,0.092308,-0.969231,false,0.000000
2024-04-09,ARMN,BBG001S75835,1,false,3.760000,3.640000,0.531915,-3.191489,false,0.000000
2024-04-09,AROC,BBG001SVDK72,3,false,20.870000,20.500000,0.527072,-1.772880,false,0.000000
2024-04-09,AROW,BBG001S5NV83,0,false,23.740000,23.360000,0.568660,-1.600674,false,0.000000
2024-04-09,ARQT,BBG00QN8K4P1,5,false,12.480000,12.500000,5.528846,0.160256,false,0.000000
2024-04-09,ARR,BBG001SRBTG4,3,false,19.520000,19.780000,1.690574,1.331967,false,0.000000
2024-04-09,ARRY,BBG002MX7TQ9,2,false,14.140000,14.530000,4.031117,2.758133,false,0.000000
2024-04-09,ARTNA,BBG001S7MLX4,0,false,36.010000,36.490000,1.332963,1.332963,false,0.000000
2024-04-09,ARVN,BBG00LW7YL08,0,false,37.910000,38.110000,2.796096,0.527565,false,0.000000
2024-04-09,ARW,BBG001S5NVP4,0,false,128.110000,129.020000,0.796191,0.710327,false,0.000000
2024-04-09,ARWR,BBG001SGT8G5,0,false,25.850000,26.280000,2.437137,1.663443,false,0.000000
2024-04-09,ASAN,BBG00WYHL741,1,false,15.050000,15.280000,1.528239,1.528239,false,0.000000
2024-04-09,ASB,BBG001S5NVZ3,0,false,21.520000,21.460000,0.743494,-0.278810,false,0.000000
2024-04-09,ASC,0001577437,0,false,16.490000,15.730000,0.060643,-4.608854,false,0.000000
2024-04-09,ASGN,BBG001S71HP5,0,false,99.160000,98.940000,0.544574,-0.221864,false,0.000000
2024-04-09,ASH,BBG00D0Y81N0,0,false,96.110000,96.910000,0.868796,0.832380,false,0.000000
2024-04-09,ASIX,BBG00CWTTQ32,0,false,28.040000,29.540000,5.492154,5.349501,false,0.000000
2024-04-09,ASLE,BBG00R28X851,0,false,7.160000,6.990000,0.698324,-2.374302,false,0.000000
2024-04-09,ASMB,BBG001T9BMW0,0,false,14.420000,14.850000,3.952843,2.981969,false,0.000000
2024-04-09,ASO,BBG00X7L1CW0,0,false,62.650000,61.160000,0.446927,-2.378292,false,0.000000
2024-04-09,ASPN,BBG001SJZK39,1,false,16.630000,16.740000,1.052315,0.661455,false,0.000000
2024-04-09,ASTE,BBG001S5NWY2,0,false,44.070000,43.990000,0.896301,-0.181529,false,0.000000
2024-04-09,ASTL,BBG012NKXV72,0,false,8.380000,8.315000,0.596659,-0.775656,false,0.000000
2024-04-09,ATAI,0001840904,4,false,2.480000,2.400000,4.233871,-3.225806,false,0.000000
2024-04-09,ATEC,BBG001S64XQ8,0,false,14.070000,14.260000,3.340441,1.350391,false,0.000000
2024-04-09,ATEN,BBG0060K22D0,0,false,13.530000,13.690000,1.256467,1.182557,false,0.000000
2024-04-09,ATEX,BBG0081NLJH7,0,false,32.760000,33.140000,1.663614,1.159951,false,0.000000
2024-04-09,ATGE,BBG001S8M5S3,0,false,49.590000,48.430000,0.594878,-2.339181,false,0.000000
2024-04-09,ATI,BBG001S8WY72,2,false,52.270000,51.760000,0.363497,-0.975703,false,0.000000
2024-04-09,ATKR,BBG001T8LDZ8,0,false,181.470000,177.140000,0.184604,-2.386069,false,0.000000
2024-04-09,ATLC,BBG001SC0HS2,0,false,28.570000,28.220000,2.555128,-1.225061,false,0.000000
2024-04-09,ATMU,BBG01B079Z92,0,false,32.800000,32.310000,1.646341,-1.493902,false,0.000000
2024-04-09,ATNI,BBG001S9SMF2,0,false,28.180000,28.560000,1.774308,1.348474,false,0.000000
2024-04-09,ATR,BBG001S78MT3,0,false,140.420000,140.310000,0.484262,-0.078336,false,0.000000
2024-04-09,ATRC,BBG001SD43V3,0,false,26.630000,27.610000,3.755163,3.680060,false,0.000000
2024-04-09,ATRI,BBG001S8VWL1,0,false,418.780000,441.060000,5.850327,5.320216,false,0.000000
2024-04-09,ATRO,BBG001S5NYK3,0,false,17.820000,17.510000,0.953984,-1.739618,false,0.000000
2024-04-09,ATS,BBG001S5XWC5,0,false,32.260000,32.720000,1.487911,1.425914,false,0.000000
2024-04-09,ATSG,BBG001S8KJF9,0,false,12.950000,13.180000,2.162162,1.776062,false,0.000000
2024-04-09,ATUS,BBG00GFMPS82,1,false,2.440000,2.430000,4.508197,-0.409836,false,0.000000
2024-04-09,ATXS,BBG001T8KDC4,0,false,11.350000,11.490000,3.348018,1.233480,false,0.000000
2024-04-09,AU,0001973832,34,true,24.460000,23.470000,0.245298,-4.047424,false,0.000000
2024-04-09,AUB,BBG001S7GJV8,0,false,34.070000,34.170000,1.262107,0.293513,false,0.000000
2024-04-09,AUDC,0001086434,0,false,12.520000,12.500000,0.718850,-0.159744,false,0.000000
2024-04-09,AUPH,BBG001S68013,0,false,4.990000,5.110000,5.410822,2.404810,false,0.000000
2024-04-09,AUR,BBG00Z92Y6Y0,6,false,3.220000,3.250000,2.173913,0.931677,false,0.000000
2024-04-09,AURA,BBG00226DGP2,0,false,7.280000,7.850000,11.717033,7.829670,false,0.000000
2024-04-09,AVA,BBG001S5NZ48,0,false,35.670000,35.300000,0.308382,-1.037286,false,0.000000
2024-04-09,AVAH,BBG00G6D6HB3,0,false,2.500000,2.520000,3.200000,0.800000,false,0.000000
2024-04-09,AVAV,BBG001SPPWP6,0,false,151.030000,149.790000,0.642257,-0.821029,false,0.000000
2024-04-09,AVD,BBG001S8KSH7,0,false,12.600000,12.700000,0.873016,0.793651,false,0.000000
2024-04-09,AVDX,BBG012MBDGV1,0,false,12.420000,12.300000,0.644122,-0.966184,false,0.000000
2024-04-09,AVIR,BBG00TZNCJ84,1,false,3.780000,3.810000,1.851852,0.793651,false,0.000000
2024-04-09,AVNS,BBG005L86G14,0,false,19.500000,19.930000,2.769231,2.205128,false,0.000000
2024-04-09,AVNT,BBG001S6RCD3,0,false,42.990000,43.340000,1.000233,0.814143,false,0.000000
2024-04-09,AVNW,BBG001SSSZS7,0,false,35.110000,35.040000,0.882939,-0.199373,false,0.000000
2024-04-09,AVO,BBG005C9W688,0,false,11.850000,11.850000,0.084388,0.000000,false,0.000000
2024-04-09,AVPT,BBG00Q73LFK9,1,false,8.210000,8.150000,0.365408,-0.730816,false,0.000000
2024-04-09,AVT,BBG001S5NZJ2,0,false,48.750000,49.360000,1.333333,1.251282,false,0.000000
2024-04-09,AVTE,BBG00WGHZFJ2,0,false,26.410000,28.050000,8.670958,6.209769,false,0.000000
2024-04-09,AVTX,BBG001V1GPQ9,3,false,14.310000,14.540000,4.122991,1.607268,false,0.000000
2024-04-09,AVXL,BBG001SLQWW6,0,false,4.400000,4.385000,1.022727,-0.340909,false,0.000000
2024-04-09,AWI,BBG001SGL0H9,0,false,121.200000,119.950000,0.354785,-1.031353,false,0.000000
2024-04-09,AWIN,BBG011FT9PP4,0,false,5.660000,5.065000,5.477032,-10.512367,false,0.000000
2024-04-09,AWR,BBG001S9T5Z6,0,false,70.660000,70.820000,0.580243,0.226436,false,0.000000
2024-04-09,AX,BBG001SLZ724,0,false,51.350000,51.530000,1.207400,0.350536,false,0.000000
2024-04-09,AXGN,BBG001S5SRD1,0,false,7.940000,8.040000,1.763224,1.259446,false,0.000000
2024-04-09,AXL,BBG001S9DR67,0,false,7.440000,7.580000,2.688172,1.881720,false,0.000000
2024-04-09,AXNX,BBG0067QVJ69,0,false,67.750000,67.750000,0.221402,0.000000,false,0.000000
2024-04-09,AXS,0001214816,0,false,65.420000,63.610000,0.275145,-2.766738,false,0.000000
2024-04-09,AXSM,BBG00B6G7GM6,0,false,72.000000,72.520000,2.041528,0.722222,false,0.000000
2024-04-09,AXTA,0001616862,0,false,33.180000,33.540000,1.084991,1.084991,false,0.000000
2024-04-09,AY,0001601072,0,false,18.540000,19.000000,2.588997,2.481122,false,0.000000
2024-04-09,AYI,BBG001SBG656,0,false,268.100000,266.370000,0.167848,-0.645282,false,0.000000
2024-04-09,AZEK,BBG00RP7FY15,1,false,50.280000,49.820000,0.198886,-0.914877,false,0.000000
2024-04-09,AZPN,BBG017J18WC8,0,false,213.040000,213.510000,0.563275,0.220616,false,0.000000
2024-04-09,AZTA,BBG001S8F1B8,0,false,57.150000,57.830000,1.697288,1.189851,false,0.000000
2024-04-09,AZZ,BBG001S9QNK6,0,false,81.850000,79.870000,0.000000,-2.419059,false,0.000000
2024-04-09,B,BBG001S5P0S7,0,false,36.060000,36.820000,2.107598,2.107598,false,0.000000
2024-04-09,BALY,BBG005Q22HH7,0,false,13.660000,13.880000,4.026354,1.610542,false,0.000000
2024-04-09,BANC,BBG001SKZX56,0,false,14.920000,15.000000,0.737265,0.536193,false,0.000000
2024-04-09,BAND,BBG001TFDMP2,0,false,17.850000,18.080000,2.128852,1.288515,false,0.000000
2024-04-09,BANF,BBG001S75RW1,0,false,85.840000,85.805000,0.768872,-0.040774,false,0.000000
2024-04-09,BANR,BBG001SD3DZ8,0,false,46.570000,46.730000,1.245437,0.343569,false,0.000000
2024-04-09,BAP,0001001290,0,false,175.080000,171.320000,0.102810,-2.147590,false,0.000000
2024-04-09,BASE,BBG001Z5ZB22,0,false,26.740000,25.540000,0.000000,-4.487659,false,0.000000
2024-04-09,BB,BBG001S60618,52,true,3.030000,3.100000,6.270627,2.310231,false,0.000000
2024-04-09,BBCP,BBG00M8BB1P6,0,false,7.750000,7.740000,0.129032,-0.129032,false,0.000000
2024-04-09,BBDC,BBG001S9DQ05,0,false,9.240000,9.380000,1.515152,1.515152,false,0.000000
2024-04-09,BBIO,BBG00P9KDZL5,0,false,28.270000,28.430000,1.344181,0.565971,false,0.000000
2024-04-09,BBSI,BBG001S7CX50,0,false,122.800000,122.060000,0.407166,-0.602606,false,0.000000
2024-04-09,BBU,0001654795,0,false,20.400000,20.550000,1.617647,0.735294,false,0.000000
2024-04-09,BBUC,BBG015P1Z2Y7,0,false,22.690000,22.330000,0.000000,-1.586602,false,0.000000
2024-04-09,BBW,BBG001SMC9T4,0,false,28.820000,28.680000,0.381679,-0.485774,false,0.000000
2024-04-09,BBWI,BBG001S5SWL1,1,false,46.630000,46.150000,0.289513,-1.029380,false,0.000000
2024-04-09,BC,BBG001S5P294,0,false,93.400000,93.640000,0.674518,0.256959,false,0.000000
2024-04-09,BCC,BBG001SZX397,0,false,152.790000,152.980000,0.278160,0.124354,false,0.000000
2024-04-09,BCO,BBG001S8PZK2,0,false,89.020000,90.200000,1.561447,1.325545,false,0.000000
2024-04-09,BCPC,BBG001S5P2R4,0,false,,,,,false,0.000000
2024-04-09,BCRX,BBG001S7K151,1,false,4.610000,4.810000,5.856833,4.338395,false,0.000000
2024-04-09,BCSF,BBG00JDV0M33,0,false,15.730000,15.670000,0.000000,-0.381437,false,0.000000
2024-04-09,BDC,BBG001SM6Z59,0,false,89.810000,89.090000,0.000000,-0.801692,false,0.000000
2024-04-09,BDN,BBG001S6YGF4,0,false,4.490000,4.585000,2.227171,2.115813,false,0.000000
2024-04-09,BE,BBG001T53509,20,true,12.000000,11.880000,4.250000,-1.000000,false,0.000000
2024-04-09,BEAM,BBG00KXC8655,2,false,28.860000,29.320000,1.663202,1.593902,false,0.000000
2024-04-09,BECN,BBG001S903Y3,0,false,101.190000,99.730000,0.667062,-1.442830,false,0.000000
2024-04-09,BELFA,BBG001S6BRZ3,0,false,71.400000,71.250000,0.133053,-0.210084,false,0.000000
2024-04-09,BELFB,BBG001S93K81,0,false,62.300000,61.240000,0.000000,-1.701445,false,0.000000
2024-04-09,BEN,BBG001S5P3W6,0,false,27.430000,27.550000,0.437477,0.437477,false,0.000000
2024-04-09,BEP,0001533232,0,false,23.000000,22.880000,0.391304,-0.521739,false,0.000000
2024-04-09,BEPC,BBG00W5FR7D1,0,false,24.690000,24.510000,0.081004,-0.729040,false,0.000000
2024-04-09,BERY,BBG001T6B4W6,0,false,59.170000,59.880000,1.343586,1.199932,false,0.000000
2024-04-09,BETR,BBG0103VG6P8,0,false,0.470000,0.469500,0.000000,-0.106383,false,0.000000
2024-04-09,BFAM,BBG003LFWPT4,0,false,112.740000,112.550000,0.301579,-0.168529,false,0.000000
2024-04-09,BFC,BBG001S79DP6,0,false,82.670000,83.490000,1.197532,0.991895,false,0.000000
2024-04-09,BFH,BBG001S78Z50,0,false,36.150000,36.190000,1.217151,0.110650,false,0.000000
2024-04-09,BFS,BBG001S7F7J9,0,false,37.370000,37.240000,0.976719,-0.347873,false,0.000000
2024-04-09,BFST,BBG001T056Q8,0,false,21.310000,21.380000,1.079305,0.328484,false,0.000000
2024-04-09,BGC,BBG01H9FTHS9,0,false,8.230000,8.000000,0.000000,-2.794654,false,0.000000
2024-04-09,BGS,BBG001SQD861,0,false,11.000000,11.170000,1.636364,1.545455,false,0.000000
2024-04-09,BH,BBG00JPRDQJ9,0,false,195.540000,193.220000,1.662064,-1.186458,false,0.000000
2024-04-09,BHB,BBG001SB8Q79,0,false,25.530000,25.100000,0.000000,-1.684293,false,0.000000
2024-04-09,BHC,BBG001S7WDP0,5,false,9.710000,9.255000,0.205973,-4.685891,false,0.000000
2024-04-09,BHE,BBG001S6LXL4,0,false,30.000000,29.860000,0.333333,-0.466667,false,0.000000
2024-04-09,BHF,BBG00DYPZ4V7,0,false,50.830000,50.230000,1.082038,-1.180405,false,0.000000
2024-04-09,BHLB,BBG001S5PSK4,0,false,22.340000,22.260000,0.581916,-0.358102,false,0.000000
2024-04-09,BHRB,BBG019X33P61,0,false,55.200000,54.738800,0.452899,-0.835507,false,0.000000
2024-04-09,BHVN,0001935979,1,false,51.620000,52.000000,2.925223,0.736149,false,0.000000
2024-04-09,BIGC,BBG00W1PSTC5,0,false,6.520000,6.600000,2.546012,1.226994,false,0.000000
2024-04-09,BILL,BBG00QVJV7L3,0,false,64.890000,66.460000,2.619818,2.419479,false,0.000000
2024-04-09,BIO,BBG001S625W4,0,false,330.260000,339.565000,2.918912,2.817477,false,0.000000
2024-04-09,BIOX,0001769484,0,false,12.550000,12.490000,0.278884,-0.478088,false,0.000000
2024-04-09,BIP,0001406234,0,false,29.520000,29.210000,0.440379,-1.050136,false,0.000000
2024-04-09,BIPC,BBG00QDWSVL5,0,false,33.730000,33.540000,0.830122,-0.563297,false,0.000000
2024-04-09,BIRK,0001977102,1,false,44.640000,45.260000,1.545699,1.388889,false,0.000000
2024-04-09,BITF,BBG00PGMZVM7,26,true,2.020000,1.960000,0.990099,-2.970297,false,0.000000
2024-04-09,BJ,BBG00FQ8T4M6,0,false,76.710000,77.180000,1.029853,0.612697,false,0.000000
2024-04-09,BJRI,BBG001S970P2,0,false,35.090000,34.480000,0.000000,-1.738387,false,0.000000
2024-04-09,BKD,BBG001SDHC58,0,false,7.000000,6.850000,0.714286,-2.142857,false,0.000000
2024-04-09,BKE,BBG001S5P6T3,0,false,39.730000,39.070000,0.000000,-1.661213,false,0.000000
2024-04-09,BKH,BBG001S5P6X8,0,false,54.700000,54.410000,0.420475,-0.530165,false,0.000000
2024-04-09,BKU,BBG001T5W6B3,0,false,27.410000,27.500000,1.276906,0.328347,false,0.000000
2024-04-09,BL,BBG0029KJVD8,0,false,65.350000,68.610000,5.723030,4.988523,false,0.000000
2024-04-09,BLBD,BBG006427TN1,0,false,37.230000,36.540000,0.000000,-1.853344,false,0.000000
2024-04-09,BLCO,BBG014KG1GY8,0,false,16.370000,16.120000,0.855223,-1.527184,false,0.000000
2024-04-09,BLD,BBG0077VS2G6,0,false,440.150000,434.270000,0.000000,-1.335908,false,0.000000
2024-04-09,BLDP,BBG001S5Y1D1,1,false,3.180000,3.260000,6.289308,2.515723,false,0.000000
2024-04-09,BLFS,BBG001SFGWZ7,0,false,17.350000,18.130000,6.512968,4.495677,false,0.000000
2024-04-09,BLKB,BBG001S9B5W8,0,false,73.420000,75.000000,2.165622,2.152002,false,0.000000
2024-04-09,BLMN,BBG002VZ69Q9,0,false,27.210000,27.370000,1.286292,0.588019,false,0.000000
2024-04-09,BLND,BBG00D0YK7V4,0,false,2.930000,2.930000,1.365188,0.000000,false,0.000000
2024-04-09,BLX,0000890541,0,false,30.310000,30.240000,1.121742,-0.230947,false,0.000000
2024-04-09,BLZE,BBG0037X6J05,0,false,10.020000,10.170000,3.892216,1.497006,false,0.000000
2024-04-09,BMBL,BBG00Z6RF535,0,false,10.660000,10.970000,4.455910,2.908068,false,0.000000
2024-04-09,BMEA,BBG00YS4WDD8,3,false,12.510000,12.820000,2.837730,2.478018,false,0.000000
2024-04-09,BMI,BBG001S5P8Q2,0,false,158.550000,158.080000,0.000000,-0.296436,false,0.000000
2024-04-09,BNL,BBG001T61WG3,1,false,15.000000,15.370000,2.574667,2.466667,false,0.000000
2024-04-09,BNRE,0001837429,0,false,40.770000,41.030000,0.662252,0.637724,false,0.000000
2024-04-09,BOC,BBG0021J74C3,0,false,15.920000,16.030000,1.947236,0.690955,false,0.000000
2024-04-09,BOH,BBG001S6R977,0,false,61.210000,62.150000,1.911452,1.535697,false,0.000000
2024-04-09,BOKF,BBG001S6VBZ6,0,false,90.980000,92.290000,1.439877,1.439877,false,0.000000
2024-04-09,BOOM,BBG001S5PBG6,0,false,18.810000,18.670000,0.766614,-0.744285,false,0.000000
2024-04-09,BOOT,BBG007D38ZV3,0,false,102.720000,101.890000,0.856698,-0.808022,false,0.000000
2024-04-09,BORR,0001715497,14,true,6.030000,5.885000,2.321725,-2.404643,false,0.000000
2024-04-09,BOWL,BBG00Z6BJ698,0,false,13.550000,12.970000,0.221402,-4.280443,false,0.000000
2024-04-09,BOX,BBG001T5R852,0,false,27.790000,27.930000,0.737675,0.503778,false,0.000000
2024-04-09,BPMC,BBG001V11BV0,0,false,92.270000,92.200000,1.799068,-0.075864,false,0.000000
2024-04-09,BPOP,BBG001S5PC01,0,false,86.710000,86.860000,0.403644,0.172990,false,0.000000
2024-04-09,BRBR,BBG013QNJHW0,0,false,57.980000,57.210000,0.465678,-1.328044,false,0.000000
2024-04-09,BRC,BBG001S5PCB9,0,false,59.510000,59.900000,1.193077,0.655352,false,0.000000
2024-04-09,BRCC,BBG0157C6630,0,false,4.780000,4.825000,1.882845,0.941423,false,0.000000
2024-04-09,BRKL,BBG001S73383,0,false,9.550000,9.570000,0.732984,0.209424,false,0.000000
2024-04-09,BRKR,BBG001SF69P0,0,false,90.500000,90.030000,0.237569,-0.519337,false,0.000000
2024-04-09,BROS,BBG01282ZJ56,0,false,32.440000,32.730000,1.572133,0.893958,false,0.000000
2024-04-09,BRP,BBG00QDCHF45,0,false,29.180000,28.630000,0.492118,-1.884853,false,0.000000
2024-04-09,BRSP,BBG00JVRRR41,0,false,6.490000,6.605000,1.848998,1.771957,false,0.000000
2024-04-09,BRT,BBG001S5PCX5,0,false,17.400000,17.690000,1.954023,1.666667,false,0.000000
2024-04-09,BRX,BBG001V0T8T2,0,false,22.250000,22.505000,1.168539,1.146067,false,0.000000
2024-04-09,BRY,BBG00H5HHVK0,0,false,8.690000,8.590000,0.460299,-1.150748,false,0.000000
2024-04-09,BRZE,BBG00294NX54,0,false,43.850000,43.490000,0.000000,-0.820981,false,0.000000
2024-04-09,BSIG,BBG00P2HLNZ2,0,false,23.070000,22.950000,0.000000,-0.520156,false,0.000000
2024-04-09,BSM,BBG008B5CF38,0,false,16.440000,16.640000,1.216545,1.216545,false,0.000000
2024-04-09,BSY,BBG001SBWGV7,0,false,50.350000,50.750000,0.834161,0.794439,false,0.000000
2024-04-09,BTDR,0001899123,4,false,7.220000,6.800000,0.415512,-5.817175,false,0.000000
2024-04-09,BTE,BBG001S998N5,3,false,3.900000,3.795000,0.769231,-2.692308,false,0.000000
2024-04-09,BTG,BBG001T0CNW6,25,true,2.920000,2.910000,1.369863,-0.342466,false,0.000000
2024-04-09,BTU,BBG00GBV89J5,3,false,23.480000,23.490000,0.809199,0.042589,false,0.000000
2024-04-09,BUR,0001714174,1,false,15.990000,16.410000,2.689181,2.626642,false,0.000000
2024-04-09,BURL,BBG004S641P3,1,false,199.990000,199.420000,0.392520,-0.285014,false,0.000000
2024-04-09,BUSE,BBG001SBH5P5,0,false,23.610000,23.580000,0.402372,-0.127065,false,0.000000
2024-04-09,BV,BBG00L1LT744,0,false,11.880000,11.612500,0.420875,-2.251684,false,0.000000
2024-04-09,BVS,BBG00D8550C2,0,false,5.210000,5.050000,1.343570,-3.071017,false,0.000000
2024-04-09,BWA,BBG001S7F4D2,0,false,35.250000,35.600000,1.404255,0.992908,false,0.000000
2024-04-09,BWB,BBG001SQNYQ1,0,false,11.670000,11.660000,1.113967,-0.085690,false,0.000000
2024-04-09,BWMN,BBG003BPV1R9,0,false,32.170000,33.340000,3.978862,3.636929,false,0.000000
2024-04-09,BWMX,0001788257,0,false,19.600000,19.560000,0.000000,-0.204082,false,0.000000
2024-04-09,BWXT,BBG001SGJPH7,1,false,99.430000,97.020000,0.276576,-2.423816,false,0.000000
2024-04-09,BXC,BBG001SHHF25,0,false,128.050000,128.170000,0.093713,0.093713,false,0.000000
2024-04-09,BXMT,BBG001S5Q7V7,1,false,19.240000,19.540000,1.767152,1.559252,false,0.000000
2024-04-09,BXP,BBG001S9TWV1,0,false,63.400000,65.300000,3.264984,2.996845,false,0.000000
2024-04-09,BXSL,BBG00MS80PP0,0,false,31.000000,30.780000,0.000000,-0.709677,false,0.000000
2024-04-09,BY,BBG001SMZRV6,0,false,21.140000,21.140000,0.425733,0.000000,false,0.000000
2024-04-09,BYD,BBG001S7DMW3,0,false,66.190000,66.660000,1.223750,0.710077,false,0.000000
2024-04-09,BYND,BBG003CVJP69,2,false,7.420000,7.480000,2.425876,0.808625,false,0.000000
2024-04-09,BYON,BBG001S64TS5,1,false,29.680000,29.430000,1.078167,-0.842318,false,0.000000
2024-04-09,BYRN,BBG001S5QDS8,4,false,15.340000,14.960000,0.000000,-2.477184,false,0.000000
2024-04-09,BZH,BBG001S76DH8,0,false,31.000000,30.440000,0.000000,-1.806452,false,0.000000
2024-04-09,CAAP,0001717393,1,false,17.590000,17.100000,1.080159,-2.785674,false,0.000000
2024-04-09,CABA,BBG00MJ3BKX1,0,false,17.990000,18.850000,5.836576,4.780434,false,0.000000
2024-04-09,CABO,BBG001SFK9N6,0,false,399.470000,398.690000,0.582647,-0.195259,false,0.000000
2024-04-09,CAC,BBG001S5PGN7,0,false,32.240000,31.780000,0.434243,-1.426799,false,0.000000
2024-04-09,CACI,BBG001SF9NK1,0,false,378.580000,372.930000,0.000000,-1.492419,false,0.000000
2024-04-09,CADE,BBG001SHFG98,0,false,28.230000,28.490000,1.558626,0.921006,false,0.000000
2024-04-09,CAE,BBG001S5Y4F3,0,false,20.080000,19.970000,0.796813,-0.547809,false,0.000000
2024-04-09,CAG,BBG001S5PGY5,2,false,31.380000,31.280000,0.000000,-0.318674,false,0.000000
2024-04-09,CAKE,BBG001S71Q75,0,false,34.550000,34.430000,0.503329,-0.347323,false,0.000000
2024-04-09,CAL,BBG001S76YV6,0,false,37.300000,36.530000,0.428954,-2.064343,false,0.000000
2024-04-09,CALM,BBG001S80MM6,1,false,63.150000,62.460000,0.490895,-1.092637,false,0.000000
2024-04-09,CALX,BBG001T633M8,0,false,31.980000,32.540000,1.876173,1.751094,false,0.000000
2024-04-09,CAMT,0001109138,0,false,80.790000,80.080000,0.148533,-0.878822,false,0.000000
2024-04-09,CAPL,BBG002Z9XF16,0,false,23.250000,22.890000,0.352688,-1.548387,false,0.000000
2024-04-09,CAR,BBG001S8S6R6,0,false,122.070000,123.450000,3.850250,1.130499,false,0.000000
2024-04-09,CARG,BBG00HQ77DT1,0,false,23.680000,23.640000,0.211149,-0.168919,false,0.000000
2024-04-09,CARS,BBG001SP6HB5,0,false,17.650000,17.210000,1.189802,-2.492918,false,0.000000
2024-04-09,CART,BBG00KG5VJG3,0,false,38.280000,38.510000,1.410658,0.600836,false,0.000000
2024-04-09,CASH,BBG001S7G4Q7,0,false,50.040000,49.800000,0.559552,-0.479616,false,0.000000
2024-04-09,CASS,BBG001S5VK42,0,false,48.240000,48.280000,1.906924,0.082919,false,0.000000
2024-04-09,CASY,BBG001S5PHZ2,0,false,311.920000,312.350000,0.230828,0.137856,false,0.000000
2024-04-09,CATC,BBG001S7RSV6,0,false,64.920000,65.905000,1.517252,1.517252,false,0.000000
2024-04-09,CATX,BBG001S5Q300,7,false,1.500000,1.530000,2.666667,2.000000,false,0.000000
2024-04-09,CATY,BBG001S6PB10,0,false,36.890000,37.260000,1.138520,1.002982,false,0.000000
2024-04-09,CAVA,BBG00GBR8762,6,false,64.550000,60.290000,0.511232,-6.599535,false,0.000000
2024-04-09,CBL,BBG01396RPH6,0,false,22.640000,22.710000,0.905477,0.309187,false,0.000000
2024-04-09,CBRL,BBG001S5PK03,0,false,66.500000,65.379900,0.098346,-1.684361,false,0.000000
2024-04-09,CBSH,BBG001S5PK21,0,false,54.000000,53.890000,1.175926,-0.203704,false,0.000000
2024-04-09,CBT,BBG001S5PK58,0,false,94.760000,98.250000,3.777965,3.682989,false,0.000000
2024-04-09,CBU,BBG001S5PK76,0,false,46.310000,46.645000,1.058087,0.723386,false,0.000000
2024-04-09,CBUS,BBG00H1CJSR3,0,false,20.110000,20.645000,5.221283,2.660368,false,0.000000
2024-04-09,CBZ,BBG001S8MB55,0,false,77.430000,76.970000,0.142064,-0.594085,false,0.000000
2024-04-09,CC,BBG005H82GC1,8,false,28.000000,28.160000,2.285714,0.571429,false,0.000000
2024-04-09,CCAP,BBG009NX1JV5,0,false,17.120000,17.040000,0.408879,-0.467290,false,0.000000
2024-04-09,CCB,BBG001SN16N6,0,false,39.150000,39.280000,0.510856,0.332056,false,0.000000
2024-04-09,CCBG,BBG001S9K7B7,0,false,27.390000,27.200000,0.401606,-0.693684,false,0.000000
2024-04-09,CCCC,BBG00BV2Y9C6,4,false,7.650000,7.980000,4.444444,4.313725,false,0.000000
2024-04-09,CCCS,BBG00WNSJM58,0,false,11.840000,11.885000,0.971284,0.380068,false,0.000000
2024-04-09,CCD,BBG0065XMFM6,0,false,21.710000,21.650000,0.092123,-0.276370,false,0.000000
2024-04-09,CCK,BBG001S5PKZ5,0,false,77.330000,80.570000,4.189836,4.189836,false,0.000000
2024-04-09,CCNE,BBG001S80QZ3,0,false,19.900000,19.790000,0.050251,-0.552764,false,0.000000
2024-04-09,CCO,BBG001SY0WV7,0,false,1.660000,1.650000,3.313253,-0.602410,false,0.000000
2024-04-09,CCOI,BBG001SC5GP2,0,false,64.760000,64.800000,0.347437,0.061767,false,0.000000
2024-04-09,CCRN,BBG001SG7SC9,0,false,18.280000,18.270000,0.984683,-0.054705,false,0.000000
2024-04-09,CCS,BBG006G413H4,0,false,88.510000,88.760000,0.519715,0.282454,false,0.000000
2024-04-09,CDE,BBG001S5PM54,29,true,5.000000,4.930000,7.376000,-1.400000,false,0.000000
2024-04-09,CDLX,BBG00225ZDF8,3,false,14.170000,14.330000,7.480593,1.129146,false,0.000000
2024-04-09,CDMO,BBG001SD4YL6,2,false,6.560000,7.200000,9.832317,9.756098,false,0.000000
2024-04-09,CDNA,BBG006JS5794,0,false,9.590000,9.970000,5.839416,3.962461,false,0.000000
2024-04-09,CDP,BBG001S5XVM6,0,false,23.860000,23.890000,0.984912,0.125733,false,0.000000
2024-04-09,CDRE,BBG011RK3P21,1,false,36.000000,33.870000,0.611111,-5.916667,false,0.000000
2024-04-09,CDRO,0001866782,0,false,7.320600,7.247800,0.811409,-0.994454,false,0.000000
2024-04-09,CDXC,BBG001S9LSR3,6,false,4.290000,3.980000,0.463869,-7.226107,false,0.000000
2024-04-09,CECO,BBG001S6PJV0,0,false,23.800000,23.280000,2.521008,-2.184874,false,0.000000
2024-04-09,CEIX,BBG00HC115M9,0,false,83.790000,82.760000,0.348610,-1.229264,false,0.000000
2024-04-09,CELC,BBG00HKBW054,0,false,19.730000,19.940000,2.128738,1.064369,false,0.000000
2024-04-09,CELU,BBG00P2RTT43,0,false,5.580000,5.400100,1.075269,-3.224014,false,0.000000
2024-04-09,CENN,BBG01JJ2CQM7,2,false,1.840000,1.810000,2.168478,-1.630435,false,0.000000
2024-04-09,CENTA,BBG001SLHT35,0,false,35.840000,35.610000,0.000000,-0.641741,false,0.000000
2024-04-09,CENX,BBG001S766G4,4,false,17.300000,17.030000,1.617919,-1.560694,false,0.000000
2024-04-09,CEPU,BBG00JNMX9L5,0,false,10.980000,10.860000,5.616576,-1.092896,false,0.000000
2024-04-09,CERE,BBG00VCYVLJ2,0,false,42.200000,42.150000,0.000000,-0.118483,false,0.000000
2024-04-09,CERS,BBG001S97DG4,1,false,1.910000,1.870000,3.141361,-2.094241,false,0.000000
2024-04-09,CERT,BBG00Y7BR4L2,0,false,18.990000,18.525000,0.996314,-2.448657,false,0.000000
2024-04-09,CEVA,BBG001S9R702,0,false,22.730000,23.150000,3.035636,1.847778,false,0.000000
2024-04-09,CFB,BBG001T6G4Z8,0,false,13.270000,13.240000,0.678222,-0.226074,false,0.000000
2024-04-09,CFFN,BBG001SBWDX2,0,false,5.540000,5.530000,1.083032,-0.180505,false,0.000000
2024-04-09,CFLT,BBG007HWGYS3,4,false,30.090000,30.010000,0.398804,-0.265869,false,0.000000
2024-04-09,CFR,BBG001S6D2D0,0,false,112.660000,111.670000,0.301793,-0.878750,false,0.000000
2024-04-09,CGAU,BBG001SLVFY5,0,false,6.125000,6.090000,2.040816,-0.571429,false,0.000000
2024-04-09,CGBD,BBG00GQVWWQ3,0,false,16.320000,16.300000,0.061275,-0.122549,false,0.000000
2024-04-09,CGC,BBG001T6MH82,50,true,9.490000,9.159900,4.630137,-3.478398,false,0.000000
2024-04-09,CGEM,BBG00HW2DGR3,0,false,17.160000,17.070000,4.458042,-0.524476,false,0.000000
2024-04-09,CGNT,0001824814,19,true,7.800000,7.280000,1.769231,-6.666667,false,0.000000
2024-04-09,CGNX,BBG001S5TC16,0,false,41.250000,42.200000,2.727273,2.303030,false,0.000000
2024-04-09,CHCO,BBG001S5PR71,0,false,102.490000,102.260000,0.756171,-0.224412,false,0.000000
2024-04-09,CHCT,BBG008G2P3N1,0,false,25.850000,26.660000,3.133462,3.133462,false,0.000000
2024-04-09,CHDN,BBG001S67Z80,0,false,122.050000,124.850000,3.056125,2.294142,false,0.000000
2024-04-09,CHEF,BBG001V11JN2,0,false,35.330000,34.240000,1.471837,-3.085197,false,0.000000
2024-04-09,CHGG,BBG001TBCK85,0,false,7.250000,7.590000,4.689655,4.689655,false,0.000000
2024-04-09,CHH,BBG001S997X6,0,false,125.280000,126.290000,1.053640,0.806194,false,0.000000
2024-04-09,CHI,BBG001SG6175,0,false,11.330000,11.355000,0.882613,0.220653,false,0.000000
2024-04-09,CHK,BBG00Z6DX607,0,false,90.260000,89.940000,0.531797,-0.354531,false,0.000000
2024-04-09,CHPT,BBG00Q741ZS7,36,true,1.820000,1.770000,1.648352,-2.747253,false,0.000000
2024-04-09,CHRD,BBG00Y7BLJF2,0,false,185.330000,184.320000,0.040468,-0.544974,false,0.000000
2024-04-09,CHRW,BBG001SB6KF5,1,false,71.540000,72.940000,2.068773,1.956947,false,0.000000
2024-04-09,CHUY,BBG001YR4229,0,false,32.520000,32.170000,0.000000,-1.076261,false,0.000000
2024-04-09,CHW,BBG001SQN842,0,false,6.630000,6.550000,0.000000,-1.206637,false,0.000000
2024-04-09,CHWY,BBG00P19DLQ4,6,false,16.950000,17.560000,4.070796,3.598820,false,0.000000
2024-04-09,CHX,BBG00JH9V005,0,false,38.730000,38.590000,0.568035,-0.361477,false,0.000000
2024-04-09,CHY,BBG001S8SMN5,0,false,11.510000,11.580000,1.390096,0.608167,false,0.000000
2024-04-09,CIEN,BBG001S61J73,0,false,47.500000,47.700000,0.736842,0.421053,false,0.000000
2024-04-09,CIFR,BBG00XYHY0L1,7,false,4.200000,4.200000,2.619048,0.000000,false,0.000000
2024-04-09,CIGI,BBG001S79G88,0,false,119.150000,119.830000,2.073017,0.570709,false,0.000000
2024-04-09,CIM,BBG001SR1G28,2,false,4.330000,4.370000,1.154734,0.923788,false,0.000000
2024-04-09,CINT,0001868995,0,false,4.600000,4.620000,6.086957,0.434783,false,0.000000
2024-04-09,CION,BBG009KJ66C3,0,false,11.150000,11.040000,0.358744,-0.986547,false,0.000000
2024-04-09,CIVI,BBG00GLNJ0R0,0,false,76.140000,76.030000,0.485947,-0.144471,false,0.000000
2024-04-09,CIX,BBG001S643N7,0,false,35.680000,34.650000,2.322029,-2.886771,false,0.000000
2024-04-09,CLB,BBG01GG28WT1,0,false,17.390000,17.590000,1.207591,1.150086,false,0.000000
2024-04-09,CLBK,BBG003222R95,0,false,16.900000,16.975000,1.065089,0.443787,false,0.000000
2024-04-09,CLBT,0001854587,1,false,11.000000,11.210000,1.909091,1.909091,false,0.000000
2024-04-09,CLCO,0001944057,0,false,11.220000,11.025000,0.000000,-1.737968,false,0.000000
2024-04-09,CLDT,BBG001T5ZKL8,0,false,10.070000,10.140000,0.893744,0.695134,false,0.000000
2024-04-09,CLDX,BBG001S7QN20,0,false,39.750000,40.620000,2.289308,2.188679,false,0.000000
2024-04-09,CLF,BBG001S5PW43,16,true,22.090000,21.910000,1.041195,-0.814848,false,0.000000
2024-04-09,CLFD,BBG001S5NS35,0,false,30.210000,31.070000,4.965243,2.846739,false,0.000000
2024-04-09,CLH,BBG001S5PW98,0,false,203.370000,203.540000,0.339283,0.083591,false,0.000000
2024-04-09,CLMB,BBG001S5T4D1,0,false,69.185000,70.780000,2.305413,2.305413,false,0.000000
2024-04-09,CLMT,BBG001SPKBJ4,0,false,15.650000,15.840000,1.597444,1.214058,false,0.000000
2024-04-09,CLNE,BBG001SPD4H0,1,false,2.480000,2.600000,4.838710,4.838710,false,0.000000
2024-04-09,CLOV,BBG00SHY90K3,7,false,0.730000,0.739200,3.205479,1.260274,false,0.000000
2024-04-09,CLS,BBG001S9CXM7,1,false,49.400000,47.040000,0.060729,-4.777328,false,0.000000
2024-04-09,CLSK,BBG001S7F576,49,true,15.090000,15.350000,4.439364,1.722995,false,0.000000
2024-04-09,CLVT,0001764046,0,false,7.470000,7.655000,2.677376,2.476573,false,0.000000
2024-04-09,CLW,BBG001T3T1B3,0,false,41.740000,41.170000,0.143747,-1.365597,false,0.000000
2024-04-09,CMA,BBG001S6PXB1,0,false,54.070000,54.460000,0.832254,0.721287,false,0.000000
2024-04-09,CMAX,BBG00VWC4RQ7,1,false,4.050000,3.880000,5.679012,-4.197531,false,0.000000
2024-04-09,CMC,BBG001S5PXG8,0,false,58.830000,58.250000,0.271970,-0.985892,false,0.000000
2024-04-09,CMCO,BBG001S5VFS7,0,false,42.400000,42.660000,0.731132,0.613208,false,0.000000
2024-04-09,CMP,BBG001SDY0X4,0,false,13.940000,14.850000,6.671449,6.527977,false,0.000000
2024-04-09,CMPR,0001262976,0,false,98.600000,96.790000,0.446247,-1.835700,false,0.000000
2024-04-09,CMRE,0001503584,0,false,11.420000,11.190000,0.000000,-2.014011,false,0.000000
2024-04-09,CMTG,BBG00PT33814,0,false,9.420000,9.510000,1.273885,0.955414,false,0.000000
2024-04-09,CNA,BBG001S5PYX7,0,false,44.140000,44.100000,0.747621,-0.090621,false,0.000000
2024-04-09,CNDT,BBG00C1BZMV6,0,false,3.310000,3.390000,4.833837,2.416918,false,0.000000
2024-04-09,CNK,BBG001SS31W4,0,false,19.120000,19.080000,1.202929,-0.209205,false,0.000000
2024-04-09,CNM,BBG01163K3R5,0,false,58.670000,57.200000,0.204534,-2.505539,false,0.000000
2024-04-09,CNMD,BBG001S5PZH2,0,false,78.630000,80.360000,2.568994,2.200178,false,0.000000
2024-04-09,CNNE,BBG00GXRNJQ3,0,false,20.960000,21.230000,1.669847,1.288168,false,0.000000
2024-04-09,CNO,BBG001SBR6X3,0,false,27.100000,26.750000,0.184502,-1.291513,false,0.000000
2024-04-09,CNOB,BBG001S6YLR0,0,false,18.990000,19.190000,1.790416,1.053186,false,0.000000
2024-04-09,CNS,BBG001S5PZN5,0,false,74.700000,76.420000,2.302544,2.302544,false,0.000000
2024-04-09,CNSL,BBG001S5PL29,0,false,4.310000,4.310000,0.348028,0.000000,false,0.000000
2024-04-09,CNX,BBG001SC7TN4,0,false,24.150000,24.560000,1.987578,1.697723,false,0.000000
2024-04-09,CNXC,BBG00RCNQMY2,0,false,59.810000,61.890000,3.511119,3.477679,false,0.000000
2024-04-09,CNXN,BBG001S96MG5,0,false,65.430000,65.120000,0.061134,-0.473789,false,0.000000
2024-04-09,COCO,BBG012QFVTF8,2,false,25.420000,25.510000,0.432730,0.354052,false,0.000000
2024-04-09,CODI,BBG001SPY7K6,0,false,24.000000,24.010000,0.614583,0.041667,false,0.000000
2024-04-09,COGT,BBG007DHY102,1,false,6.500000,6.970000,8.615385,7.230769,false,0.000000
2024-04-09,COHR,BBG001S5S6N6,0,false,57.540000,57.490000,2.450469,-0.086896,false,0.000000
2024-04-09,COHU,BBG001S87LQ7,0,false,32.710000,33.050000,1.498013,1.039437,false,0.000000
2024-04-09,COLB,BBG001S72GJ3,0,false,18.830000,19.090000,1.433882,1.380775,false,0.000000
2024-04-09,COLD,BBG001SMQ866,4,false,23.920000,24.810000,4.180602,3.720736,false,0.000000
2024-04-09,COLL,BBG001T535S9,0,false,39.370000,38.800000,0.406401,-1.447803,false,0.000000
2024-04-09,COLM,BBG001S90WD2,0,false,76.770000,76.860000,0.325648,0.117233,false,0.000000
2024-04-09,COMP,BBG00J5SXTJ1,1,false,3.950000,3.855000,0.759494,-2.405063,false,0.000000
2024-04-09,COO,BBG001S5Q1H6,0,false,98.890000,98.950000,0.424714,0.060673,false,0.000000
2024-04-09,COOK,BBG011PTS834,0,false,2.410000,2.480000,5.601660,2.904564,false,0.000000
2024-04-09,COOP,BBG002V09956,0,false,78.510000,77.630000,0.038212,-1.120876,false,0.000000
2024-04-09,CORT,BBG001S8QGV1,0,false,24.320000,25.480000,5.427632,4.769737,false,0.000000
2024-04-09,COTY,BBG001S8GLM1,0,false,11.280000,11.330000,0.531915,0.443262,false,0.000000
2024-04-09,COUR,BBG002WLDMY3,0,false,13.610000,13.550000,0.918442,-0.440852,false,0.000000
2024-04-09,CPA,0001345105,0,false,103.300000,104.180000,1.052759,0.851888,false,0.000000
2024-04-09,CPB,BBG001S5Q2B0,0,false,43.750000,44.440000,1.622857,1.577143,false,0.000000
2024-04-09,CPF,BBG001S5Q2C9,0,false,19.290000,19.420000,0.959046,0.673924,false,0.000000
2024-04-09,CPG,BBG001SLLJ78,5,false,8.830000,8.830000,0.806342,0.000000,false,0.000000
2024-04-09,CPK,BBG001SCP5R2,0,false,104.730000,104.780000,0.849804,0.047742,false,0.000000
2024-04-09,CPLP,0001392326,0,false,16.900000,16.800000,0.650888,-0.591716,false,0.000000
2024-04-09,CPRI,0001530721,0,false,43.910000,44.040000,0.455477,0.296060,false,0.000000
2024-04-09,CPRX,BBG001SRHS16,0,false,15.530000,15.810000,1.835158,1.802962,false,0.000000
2024-04-09,CPS,BBG001SRCY63,0,false,18.040000,18.990000,6.485588,5.266075,false,0.000000
2024-04-09,CPT,BBG001S5Q6V9,0,false,102.780000,103.580000,2.052929,0.778362,false,0.000000
2024-04-09,CPZ,BBG00PWZGZZ8,0,false,15.460000,15.349900,0.000000,-0.712160,false,0.000000
2024-04-09,CR,BBG016G0L0V9,0,false,137.770000,137.200000,0.377441,-0.413733,false,0.000000
2024-04-09,CRAI,BBG001SBRK80,0,false,146.070000,145.950000,1.156980,-0.082152,false,0.000000
2024-04-09,CRBU,BBG008G28LH7,2,false,4.400000,4.460000,4.318182,1.363636,false,0.000000
2024-04-09,CRC,BBG00Y04KQ51,0,false,56.070000,56.670000,1.123596,1.070091,false,0.000000
2024-04-09,CRCT,BBG00XJFB224,0,false,5.040000,5.065000,5.740079,0.496032,false,0.000000
2024-04-09,CRD.A,BBG001S5TK72,0,false,9.300000,9.530000,4.408602,2.473118,false,0.000000
2024-04-09,CRDO,0001807794,0,false,21.990000,21.340000,1.182356,-2.955889,false,0.000000
2024-04-09,CRGX,BBG01D59LZS4,0,false,21.120000,21.340000,1.515152,1.041667,false,0.000000
2024-04-09,CRGY,BBG013THLJ08,0,false,11.920000,12.000000,0.755034,0.671141,false,0.000000
2024-04-09,CRI,BBG001SCJ3Q5,0,false,77.000000,75.390000,0.415584,-2.090909,false,0.000000
2024-04-09,CRK,BBG001S8FX55,5,false,9.380000,9.630000,2.863539,2.665245,false,0.000000
2024-04-09,CRL,BBG001S7Q271,0,false,257.280000,257.240000,0.497512,-0.015547,false,0.000000
2024-04-09,CRMT,BBG001S6Z7P2,0,false,60.680000,63.510000,4.663810,4.663810,false,0.000000
2024-04-09,CRNC,BBG00MMDJG93,0,false,14.050000,14.420000,2.918149,2.633452,false,0.000000
2024-04-09,CRNX,BBG00BC592C3,0,false,46.390000,46.890000,1.799957,1.077818,false,0.000000
2024-04-09,CRON,BBG006G267X6,14,true,2.570000,2.665000,4.669261,3.696498,false,0.000000
2024-04-09,CROX,BBG001SDGFR8,1,false,131.790000,128.250000,0.079672,-2.686092,false,0.000000
2024-04-09,CRS,BBG001S5Q5M1,0,false,81.480000,80.330000,0.834561,-1.411389,false,0.000000
2024-04-09,CRSP,0001674416,2,false,64.000000,65.230000,1.937500,1.921875,false,0.000000
2024-04-09,CRSR,BBG00HMSHL92,0,false,11.990000,12.110000,1.584654,1.000834,false,0.000000
2024-04-09,CRUS,BBG001S67J86,0,false,92.790000,93.640000,0.980709,0.916047,false,0.000000
2024-04-09,CRVL,BBG001S72ZL8,0,false,242.000000,239.320000,0.000000,-1.107438,false,0.000000
2024-04-09,CSGS,BBG001S8QQ76,0,false,49.400000,50.030000,1.578947,1.275304,false,0.000000
2024-04-09,CSIQ,BBG001SPNJT3,4,false,17.390000,18.750000,8.395630,7.820587,false,0.000000
2024-04-09,CSQ,BBG001SC0HR3,0,false,16.340000,16.260000,0.000000,-0.489596,false,0.000000
2024-04-09,CSR,BBG001SB9ZW0,0,false,59.180000,61.440000,3.920243,3.818858,false,0.000000
2024-04-09,CSTL,BBG006YWVSS2,0,false,20.830000,21.525000,3.600576,3.336534,false,0.000000
2024-04-09,CSTM,0001563411,1,false,22.740000,22.400000,0.736588,-1.495163,false,0.000000
2024-04-09,CSV,BBG001S9M5G4,0,false,25.500000,25.260000,0.274510,-0.941176,false,0.000000
2024-04-09,CSWC,BBG001S5Q7P4,0,false,24.960000,25.160000,0.801282,0.801282,false,0.000000
2024-04-09,CSWI,BBG007NLG4M2,0,false,237.750000,239.480000,0.853838,0.727655,false,0.000000
2024-04-09,CTBI,BBG001S9F6J7,0,false,41.800000,42.190000,1.124402,0.933014,false,0.000000
2024-04-09,CTKB,BBG00D36Q103,0,false,6.690000,6.930000,4.932735,3.587444,false,0.000000
2024-04-09,CTLP,BBG001S96MW7,0,false,6.320000,6.410000,1.819620,1.424051,false,0.000000
2024-04-09,CTLT,BBG005XR47N7,0,false,56.850000,56.991000,0.369393,0.248021,false,0.000000
2024-04-09,CTO,BBG00Y3M1H68,1,false,17.030000,17.010000,0.054022,-0.117440,false,0.000000
2024-04-09,CTOS,BBG00HLCWDG1,0,false,5.880000,5.830000,0.850340,-0.850340,false,0.000000
2024-04-09,CTRE,BBG005KC4Z61,0,false,24.390000,24.320000,0.205002,-0.287003,false,0.000000
2024-04-09,CTRM,0001720161,0,false,3.700000,3.610000,0.000000,-2.432432,false,0.000000
2024-04-09,CTS,BBG001S5Q8Y2,0,false,46.000000,46.500000,1.130435,1.086957,false,0.000000
2024-04-09,CTV,BBG00Z2Y0CF2,0,false,2.150000,2.490000,15.813953,15.813953,true,0.000000
2024-04-09,CUBE,BBG001SHP0D7,0,false,45.950000,46.590000,1.392818,1.392818,false,0.000000
2024-04-09,CUBI,BBG0023XX770,0,false,53.060000,51.951000,0.000000,-2.090087,false,0.000000
2024-04-09,CURV,BBG011C0PDC3,0,false,4.510000,4.490000,7.095344,-0.443459,false,0.000000
2024-04-09,CUZ,BBG001S73MB7,1,false,23.230000,23.610000,2.023246,1.635816,false,0.000000
2024-04-09,CVAC,0001809122,0,false,3.080000,2.975000,1.948052,-3.409091,false,0.000000
2024-04-09,CVBF,BBG001SJ1SH4,0,false,17.070000,17.330000,1.640305,1.523140,false,0.000000
2024-04-09,CVCO,BBG001SJQBM8,0,false,385.350000,391.460000,1.624497,1.585572,false,0.000000
2024-04-09,CVEO,BBG009KJ2H33,0,false,27.700000,27.040000,0.685921,-2.382671,false,0.000000
2024-04-09,CVGW,BBG001S9FP96,0,false,26.040000,25.850000,0.921659,-0.729647,false,0.000000
2024-04-09,CVI,BBG001SM6PD2,0,false,36.470000,35.240000,0.260488,-3.372635,false,0.000000
2024-04-09,CVII,BBG00ZKGBLC2,0,false,10.700000,10.720000,0.186916,0.186916,false,0.000000
2024-04-09,CVLG,BBG001S89TF0,0,false,46.700000,46.280000,0.535332,-0.899358,false,0.000000
2024-04-09,CVLT,BBG001S7R751,0,false,99.880000,97.430000,0.000000,-2.452944,false,0.000000
2024-04-09,CVNA,BBG00GCTWF71,14,true,83.840000,83.690000,0.846851,-0.178912,false,0.000000
2024-04-09,CVRX,BBG001TJ3M57,0,false,18.600000,19.230000,3.440860,3.387097,false,0.000000
2024-04-09,CW,BBG001S5QBK0,0,false,258.010000,254.560000,0.085268,-1.337157,false,0.000000
2024-04-09,CWAN,BBG012C765M3,0,false,17.100000,16.930000,0.760234,-0.994152,false,0.000000
2024-04-09,CWCO,0000928340,0,false,26.100000,25.610000,0.000000,-1.877395,false,0.000000
2024-04-09,CWEN,BBG008LJ4TG2,0,false,23.960000,24.210000,1.794658,1.043406,false,0.000000
2024-04-09,CWH,BBG00D2Z7X92,0,false,26.060000,26.000000,1.036071,-0.230238,false,0.000000
2024-04-09,CWK,0001628369,1,false,10.790000,10.605000,1.019462,-1.714551,false,0.000000
2024-04-09,CWST,BBG001SB5S05,0,false,96.220000,96.705000,0.737892,0.504053,false,0.000000
2024-04-09,CWT,BBG001S7QBD4,0,false,46.720000,47.250000,1.198630,1.134418,false,0.000000
2024-04-09,CXM,BBG0043NCD14,0,false,12.140000,12.150000,0.864909,0.082372,false,0.000000
2024-04-09,CXT,BBG017BXPZ94,0,false,60.460000,62.090000,2.729077,2.695997,false,0.000000
2024-04-09,CXW,BBG001S8PTV4,0,false,16.190000,15.970000,0.308833,-1.358863,false,0.000000
2024-04-09,CYBR,0001598110,1,false,261.970000,259.990000,0.335916,-0.755812,false,0.000000
2024-04-09,CYD,0000932695,0,false,8.350000,8.290000,0.000000,-0.718563,false,0.000000
2024-04-09,CYH,BBG001S89L85,1,false,3.110000,3.110000,1.929260,0.000000,false,0.000000
2024-04-09,CYRX,BBG001SLKBJ3,0,false,18.690000,18.820000,1.658641,0.695559,false,0.000000
2024-04-09,CYTK,BBG001SGMVF2,0,false,74.200000,75.050000,2.035040,1.145553,false,0.000000
2024-04-09,CZOO,0001859639,8,false,12.260000,10.424000,3.425775,-14.975530,false,0.000000
2024-04-09,CZR,BBG0074Q3NL5,0,false,43.290000,44.000000,1.663202,1.640102,false,0.000000
2024-04-09,DAC,0001369241,0,false,73.770000,73.300000,0.000000,-0.637115,false,0.000000
2024-04-09,DAKT,BBG001S7N3Z1,0,false,10.320000,9.930000,0.000000,-3.779070,false,0.000000
2024-04-09,DAN,BBG001SRW699,0,false,12.860000,12.950000,0.933126,0.699844,false,0.000000
2024-04-09,DAR,BBG001SB7RP8,0,false,46.280000,47.790000,3.327571,3.262748,false,0.000000
2024-04-09,DAVE,BBG00Z483WM2,0,false,38.080000,36.160000,1.995798,-5.042017,false,0.000000
2024-04-09,DAWN,BBG00V1KSN13,0,false,14.000000,14.390000,2.785714,2.785714,false,0.000000
2024-04-09,DBD,BBG01HVHYCP8,0,false,34.380000,34.770000,1.163467,1.134380,false,0.000000
2024-04-09,DBI,BBG001SLWM79,0,false,9.440000,9.180000,0.423729,-2.754237,false,0.000000
2024-04-09,DBRG,BBG00D30HGN8,0,false,18.520000,18.935000,2.591793,2.240821,false,0.000000
2024-04-09,DBX,BBG001TFLWN3,0,false,23.270000,23.310000,0.472712,0.171895,false,0.000000
2024-04-09,DCBO,BBG00Q2B1CB5,0,false,47.870000,47.570000,0.344684,-0.626697,false,0.000000
2024-04-09,DCFC,0001862490,0,false,7.000000,6.610000,2.285714,-5.571429,false,0.000000
2024-04-09,DCGO,BBG00YB8JBL7,0,false,3.780000,3.860000,2.645503,2.116402,false,0.000000
2024-04-09,DCI,BBG001S5QDV4,0,false,75.000000,74.810000,0.200000,-0.253333,false,0.000000
2024-04-09,DCO,BBG001S5QDZ0,0,false,55.930000,56.810000,4.040586,1.573395,false,0.000000
2024-04-09,DCOM,BBG001S7NTQ4,0,false,18.940000,19.710000,4.276663,4.065470,false,0.000000
2024-04-09,DCPH,BBG00HMJ9H63,0,false,14.940000,15.680000,5.020080,4.953146,false,0.000000
2024-04-09,DDD,BBG001S7FHX1,0,false,4.050000,4.150000,3.827160,2.469136,false,0.000000
2024-04-09,DDS,BBG001S5VNW5,0,false,438.830000,423.730000,0.722375,-3.440968,false,0.000000
2024-04-09,DEA,BBG007SV91T2,1,false,11.560000,11.900000,2.941176,2.941176,false,0.000000
2024-04-09,DEI,BBG001SR5X72,0,false,13.770000,14.240000,3.594771,3.413217,false,0.000000
2024-04-09,DENN,BBG001S5YGR3,0,false,8.770000,8.655000,0.684151,-1.311288,false,0.000000
2024-04-09,DESP,0001703141,0,false,12.100000,12.360000,3.884298,2.148760,false,0.000000
2024-04-09,DFH,BBG00YN8LKQ6,0,false,42.540000,40.000000,0.000000,-5.970851,false,0.000000
2024-04-09,DFIN,BBG009R0CT67,0,false,61.030000,61.300000,2.097329,0.442405,false,0.000000
2024-04-09,DGICA,BBG001SHRMC8,0,false,13.730000,13.730000,0.436999,0.000000,false,0.000000
2024-04-09,DGICB,BBG001SD41P4,0,false,13.490000,13.490000,0.000000,0.000000,false,0.000000
2024-04-09,DGII,BBG001S5Z4V4,0,false,32.220000,32.850000,1.955307,1.955307,false,0.000000
2024-04-09,DGX,BBG001S9GX43,0,false,130.730000,132.770000,1.568117,1.560468,false,0.000000
2024-04-09,DH,BBG01282ZKG1,0,false,7.830000,7.850000,1.915709,0.255428,false,0.000000
2024-04-09,DHIL,BBG001SCH7V2,0,false,152.720000,152.150000,0.183342,-0.373232,false,0.000000
2024-04-09,DHT,0001331284,1,false,11.670000,11.380000,0.599829,-2.485004,false,0.000000
2024-04-09,DIN,BBG001SD46L7,1,false,44.160000,44.290000,1.200181,0.294384,false,0.000000
2024-04-09,DINO,BBG0135B2269,0,false,62.810000,61.070000,0.557236,-2.770260,false,0.000000
2024-04-09,DIOD,BBG001SCJ937,0,false,70.230000,72.470000,3.189520,3.189520,false,0.000000
2024-04-09,DJCO,BBG001S5QHM5,0,false,378.000000,376.975000,0.142857,-0.271164,false,0.000000
2024-04-09,DK,BBG00FZYFVD4,0,false,32.540000,31.390000,0.460971,-3.534112,false,0.000000
2024-04-09,DKL,BBG0036D6305,0,false,39.350000,38.590000,0.127065,-1.931385,false,0.000000
2024-04-09,DLB,BBG001SDXGH8,0,false,83.490000,83.390000,0.375973,-0.119775,false,0.000000
2024-04-09,DLO,0001846832,0,false,16.720000,16.591000,0.388756,-0.771531,false,0.000000
2024-04-09,DLX,BBG001S5QJ69,0,false,19.980000,20.170000,1.401401,0.950951,false,0.000000
2024-04-09,DM,BBG00P17H1G9,14,true,1.090000,1.040000,8.256881,-4.587156,false,0.000000
2024-04-09,DMLP,BBG001SLKJK4,0,false,34.660000,34.380000,0.709175,-0.807848,false,0.000000
2024-04-09,DMRC,BBG001T2W3C6,0,false,24.740000,24.140000,0.000000,-2.425222,false,0.000000
2024-04-09,DNA,BBG00YPS1LT7,19,true,1.110000,1.170000,7.207207,5.405405,false,0.000000
2024-04-09,DNB,BBG00VCZXBX3,0,false,9.660000,9.840000,2.484472,1.863354,false,0.000000
2024-04-09,DNLI,BBG008P7F878,0,false,19.010000,19.450000,3.892688,2.314571,false,0.000000
2024-04-09,DNN,BBG001S9ZPX7,3,false,2.090000,2.055000,1.435407,-1.674641,false,0.000000
2024-04-09,DNOW,BBG005BLN1Z3,0,false,15.450000,15.235000,0.000000,-1.391586,false,0.000000
2024-04-09,DNTH,BBG00FB2NQ15,0,false,23.260000,24.070000,6.663801,3.482373,false,0.000000
2024-04-09,DNUT,BBG0118Y87P2,14,true,14.370000,14.430000,1.635351,0.417537,false,0.000000
2024-04-09,DO,BBG010JCFCF2,0,false,14.350000,14.170000,1.114983,-1.254355,false,0.000000
2024-04-09,DOC,BBG001S5RTS2,0,false,19.050000,19.340000,1.758530,1.522310,false,0.000000
2024-04-09,DOCN,BBG00ZGF6TM7,1,false,37.400000,37.190000,0.775401,-0.561497,false,0.000000
2024-04-09,DOCS,BBG0026ZJQY6,0,false,25.850000,26.400000,3.520309,2.127660,false,0.000000
2024-04-09,DOCU,BBG001T535D5,0,false,59.680000,60.121000,1.139410,0.738941,false,0.000000
2024-04-09,DOLE,0001857475,0,false,11.810000,11.730000,0.677392,-0.677392,false,0.000000
2024-04-09,DOMO,BBG00L2NS125,0,false,8.850000,8.850000,1.694915,0.000000,false,0.000000
2024-04-09,DOOO,BBG004G49425,0,false,72.550000,73.780000,1.722950,1.695382,false,0.000000
2024-04-09,DOOR,BBG001T51RT2,0,false,130.900000,130.860000,0.080214,-0.030558,false,0.000000
2024-04-09,DORM,BBG001S5S932,0,false,95.940000,95.780000,0.531582,-0.166771,false,0.000000
2024-04-09,DOX,0001062579,0,false,87.760000,88.570000,0.968551,0.922972,false,0.000000
2024-04-09,DRH,BBG001SJ63M8,0,false,9.530000,9.635000,1.416579,1.101784,false,0.000000
2024-04-09,DRQ,BBG001SB9LK4,0,false,23.260000,22.890000,0.644884,-1.590714,false,0.000000
2024-04-09,DRS,BBG00ZSB4TT8,1,false,20.900000,20.920000,0.813397,0.095694,false,0.000000
2024-04-09,DRVN,BBG00YN8ND71,0,false,15.010000,15.250000,2.598268,1.598934,false,0.000000
2024-04-09,DSGR,BBG001S5SQ43,0,false,35.900000,34.690000,0.501393,-3.370474,false,0.000000
2024-04-09,DSGX,BBG001SBJY34,0,false,90.600000,90.360000,0.143488,-0.264901,false,0.000000
2024-04-09,DSX,0001318885,2,false,2.930000,2.910000,0.682594,-0.682594,false,0.000000
2024-04-09,DT,BBG00PNN7CW9,0,false,47.390000,47.730000,0.717451,0.717451,false,0.000000
2024-04-09,DTIL,BBG008NSBPW2,0,false,13.380000,13.910000,3.961136,3.961136,false,0.000000
2024-04-09,DTM,BBG0112Z58K1,0,false,62.540000,63.040000,0.863447,0.799488,false,0.000000
2024-04-09,DTSS,BBG00B8TYJY7,2,false,9.080000,8.410000,7.709251,-7.378855,false,0.000000
2024-04-09,DUOL,BBG003D4V960,0,false,221.000000,222.120000,1.171946,0.506787,false,0.000000
2024-04-09,DV,BBG00ZNRRKL0,0,false,32.840000,33.260000,2.024970,1.278928,false,0.000000
2024-04-09,DVA,BBG001SB5DZ0,0,false,134.600000,134.070000,0.156018,-0.393759,false,0.000000
2024-04-09,DVAX,BBG001S7HTB7,0,false,11.980000,12.030000,0.667780,0.417362,false,0.000000
2024-04-09,DX,BBG001S5R078,3,false,12.150000,12.265000,0.987654,0.946502,false,0.000000
2024-04-09,DXC,BBG00FN64XV6,0,false,20.990000,22.100000,5.526441,5.288232,false,0.000000
2024-04-09,DXPE,BBG001S9F0F4,0,false,56.120000,56.490000,1.899857,0.659301,false,0.000000
2024-04-09,DY,BBG001S6MGW8,0,false,142.070000,141.820000,0.893926,-0.175970,false,0.000000
2024-04-09,DYN,BBG00NSGPJF8,0,false,26.890000,27.230000,2.008181,1.264411,false,0.000000
2024-04-09,EAF,BBG00KDYT9G8,0,false,1.450000,1.610000,12.413793,11.034483,false,0.000000
2024-04-09,EAT,BBG001S5RFV8,1,false,48.610000,47.900000,0.500926,-1.460605,false,0.000000
2024-04-09,EB,BBG001V1CQC6,0,false,5.710000,5.875000,4.640981,2.889667,false,0.000000
2024-04-09,EBC,BBG00W9KWY41,1,false,13.240000,13.345000,1.925982,0.793051,false,0.000000
2024-04-09,EBF,BBG001S5QQS9,0,false,20.240000,20.170000,0.024704,-0.345850,false,0.000000
2024-04-09,EBTC,BBG001SB6470,0,false,25.330000,25.210000,0.591788,-0.473747,false,0.000000
2024-04-09,ECPG,BBG001SKFPK8,0,false,44.850000,45.370000,1.159420,1.159420,false,0.000000
2024-04-09,ECVT,BBG00GX8YLD2,0,false,10.690000,10.760000,0.935454,0.654818,false,0.000000
2024-04-09,ECX,0001861974,0,false,1.945000,1.870000,0.257069,-3.856041,false,0.000000
2024-04-09,EDIT,BBG005MX5H08,1,false,6.740000,7.025000,4.302671,4.228487,false,0.000000
2024-04-09,EDR,BBG00P8TCHD7,0,false,26.510000,26.560000,0.339495,0.188608,false,0.000000
2024-04-09,EE,BBG014GJSS81,0,false,15.800000,15.850000,1.202532,0.316456,false,0.000000
2024-04-09,EEFT,BBG001S9DW39,0,false,109.400000,110.370000,1.069470,0.886654,false,0.000000
2024-04-09,EEX,BBG00GCTWW65,0,false,6.520000,6.470000,2.147239,-0.766871,false,0.000000
2024-04-09,EFC,BBG001SQ6V04,1,false,11.460000,11.585000,1.134380,1.090750,false,0.000000
2024-04-09,EFSC,BBG001SKJVR4,0,false,39.280000,39.330000,1.043788,0.127291,false,0.000000
2024-04-09,EFXT,BBG001SXXC92,0,false,6.250000,6.060000,0.160000,-3.040000,false,0.000000
2024-04-09,EGBN,BBG001SBX1Z5,0,false,22.720000,22.810000,1.628521,0.396127,false,0.000000
2024-04-09,EGHT,BBG001S6JC97,0,false,2.500000,2.595000,6.600000,3.800000,false,0.000000
2024-04-09,EGIO,BBG001SQXJL8,3,false,11.210000,13.300000,23.996432,18.644068,true,0.000000
2024-04-09,EGLE,0001322439,0,false,,,,,false,0.000000
2024-04-09,EGO,BBG001S5YPQ4,0,false,15.380000,15.660000,2.275683,1.820546,false,0.000000
2024-04-09,EGP,BBG001S5QT03,0,false,176.380000,178.260000,1.179272,1.065880,false,0.000000
2024-04-09,EGY,BBG001S76ZS7,2,false,7.110000,7.210000,1.547117,1.406470,false,0.000000
2024-04-09,EHAB,BBG014QJ5CJ8,0,false,11.060000,11.190000,2.622061,1.175407,false,0.000000
2024-04-09,EHC,BBG001S5Q5B3,0,false,82.410000,81.940000,0.309428,-0.570319,false,0.000000
2024-04-09,EIG,BBG001SMM101,0,false,43.700000,43.340000,0.000000,-0.823799,false,0.000000
2024-04-09,ELAN,BBG00LJYS1R6,0,false,15.490000,15.270000,0.451904,-1.420271,false,0.000000
2024-04-09,ELF,BBG00DQ6VYQ2,8,false,168.500000,170.440000,1.424332,1.151335,false,0.000000
2024-04-09,ELME,BBG001S5XJD3,0,false,14.860000,15.290000,2.960969,2.893674,false,0.000000
2024-04-09,ELS,BBG001S5T5G5,0,false,63.940000,64.040000,0.563028,0.156397,false,0.000000
2024-04-09,ELVN,BBG00CP3BDF2,1,false,18.960000,19.195000,5.327004,1.239451,false,0.000000
2024-04-09,EMBC,BBG014L7D4H0,0,false,12.150000,11.850000,0.864198,-2.469136,false,0.000000
2024-04-09,EMN,BBG001S7JNP3,0,false,101.520000,101.940000,0.827423,0.413712,false,0.000000
2024-04-09,ENFN,BBG012MBFR72,0,false,9.670000,9.650000,0.930714,-0.206825,false,0.000000
2024-04-09,ENGN,BBG01J1GCYX6,0,false,15.820000,16.230000,4.930468,2.591656,false,0.000000
2024-04-09,ENLC,BBG001SGNNQ7,0,false,13.840000,13.780000,0.397399,-0.433526,false,0.000000
2024-04-09,ENLT,0001922641,0,false,16.830000,16.800000,0.658942,-0.178253,false,0.000000
2024-04-09,ENOV,BBG001SC04J1,0,false,61.740000,62.430000,1.700680,1.117590,false,0.000000
2024-04-09,ENR,BBG006FCB028,0,false,28.470000,28.600000,0.561995,0.456621,false,0.000000
2024-04-09,ENS,BBG001SLVXW8,0,false,91.600000,92.610000,1.102620,1.102620,false,0.000000
2024-04-09,ENSG,BBG001SPNL09,0,false,119.520000,119.780000,0.217537,0.217537,false,0.000000
2024-04-09,ENTA,BBG001V9NSC3,0,false,16.340000,16.830000,3.763770,2.998776,false,0.000000
2024-04-09,ENV,BBG001T7SQ20,0,false,58.960000,59.530000,1.238128,0.966757,false,0.000000
2024-04-09,ENVA,BBG0022PSJT4,0,false,63.630000,63.030000,0.337891,-0.942951,false,0.000000
2024-04-09,ENVX,BBG00YC538B7,6,false,7.390000,7.695000,6.603518,4.127199,false,0.000000
2024-04-09,EOLS,BBG005CX4HL7,0,false,13.360000,13.300000,0.973054,-0.449102,false,0.000000
2024-04-09,EPAC,BBG001S5NYQ7,0,false,35.500000,35.170000,0.478873,-0.929577,false,0.000000
2024-04-09,EPC,BBG001SF1XY2,0,false,36.830000,36.980000,0.733098,0.407277,false,0.000000
2024-04-09,EPIX,BBG0080GLFK7,0,false,8.510000,7.730000,0.000000,-9.165687,false,0.000000
2024-04-09,EPR,BBG001SB5QR0,0,false,41.800000,42.420000,1.626794,1.483254,false,0.000000
2024-04-09,EPRT,BBG00L17LH87,0,false,26.100000,26.550000,1.934866,1.724138,false,0.000000
2024-04-09,EQBK,BBG001SN1XQ4,0,false,34.200000,34.100000,0.292398,-0.292398,false,0.000000
2024-04-09,EQC,BBG001S5S0L1,0,false,18.770000,18.980000,1.251998,1.118807,false,0.000000
2024-04-09,EQH,BBG00J7CBWL8,0,false,37.940000,37.595000,0.500791,-0.909331,false,0.000000
2024-04-09,EQX,BBG001SSK0K0,5,false,6.280000,6.190000,1.116242,-1.433121,false,0.000000
2024-04-09,ERAS,BBG00MTSR892,1,false,2.250000,2.250000,8.444444,0.000000,false,0.000000
2024-04-09,ERF,BBG001SGHVD0,0,false,20.410000,20.330000,0.244978,-0.391965,false,0.000000
2024-04-09,ERII,BBG001T28M86,0,false,14.660000,14.820000,1.739427,1.091405,false,0.000000
2024-04-09,ERO,BBG00HNV5D86,1,false,21.280000,21.810000,4.370301,2.490602,false,0.000000
2024-04-09,ESAB,BBG0028ZMP54,0,false,114.450000,111.900000,0.113587,-2.228047,false,0.000000
2024-04-09,ESE,BBG001S6MFD1,0,false,104.590000,104.550000,0.172101,-0.038245,false,0.000000
2024-04-09,ESGR,0001363829,0,false,295.300000,291.900000,0.000000,-1.151371,false,0.000000
2024-04-09,ESI,BBG004KDL523,1,false,25.490000,25.720000,0.902315,0.902315,false,0.000000
2024-04-09,ESLT,0001027664,0,false,204.450000,203.680000,0.000000,-0.376620,false,0.000000
2024-04-09,ESNT,0001448893,0,false,56.860000,56.210000,0.334154,-1.143159,false,0.000000
2024-04-09,ESPR,BBG004KB3SZ1,11,true,3.000000,2.780000,5.666667,-7.333333,false,0.000000
2024-04-09,ESQ,BBG003BCFHY3,0,false,47.830000,47.360000,0.000000,-0.982647,false,0.000000
2024-04-09,ESRT,BBG002N8HMX9,1,false,9.810000,9.980000,2.446483,1.732926,false,0.000000
2024-04-09,ESTA,0001688757,1,false,54.180000,55.390000,2.860834,2.233296,false,0.000000
2024-04-09,ESTC,0001707753,0,false,98.630000,98.680000,0.501876,0.050695,false,0.000000
2024-04-09,ETAO,0001939696,11,true,4.050000,3.770000,5.185185,-6.913580,false,0.000000
2024-04-09,ETD,BBG001S67JZ6,0,false,33.350000,33.140000,0.329835,-0.629685,false,0.000000
2024-04-09,ETNB,BBG00QKDZ985,0,false,10.780000,10.910000,1.762523,1.205937,false,0.000000
2024-04-09,ETRN,BBG00K53L401,1,false,12.550000,12.860000,2.828685,2.470120,false,0.000000
2024-04-09,ETSY,BBG001T53625,0,false,66.200000,68.680000,3.806647,3.746224,false,0.000000
2024-04-09,ETWO,BBG00S91HBN8,0,false,4.380000,4.320000,1.027397,-1.369863,false,0.000000
2024-04-09,EU,BBG001T8HNC6,5,false,4.430000,4.340000,1.805869,-2.031603,false,0.000000
2024-04-09,EURN,0001604481,0,false,16.620000,16.610000,2.105897,-0.060168,false,0.000000
2024-04-09,EVBG,BBG0022FMPG2,0,false,34.850000,34.850000,0.057389,0.000000,false,0.000000
2024-04-09,EVCM,BBG0118LMXS4,0,false,9.310000,9.195000,0.322234,-1.235231,false,0.000000
2024-04-09,EVER,BBG00F17NDJ5,0,false,19.250000,19.105000,1.402597,-0.753247,false,0.000000
2024-04-09,EVEX,BBG00XZQN3Y2,3,false,5.740000,5.530000,2.613240,-3.658537,false,0.000000
2024-04-09,EVH,BBG005CHLMB3,0,false,30.750000,31.210000,3.967480,1.495935,false,0.000000
2024-04-09,EVI,BBG001SDGWV6,0,false,24.210000,23.510100,2.189178,-2.890954,false,0.000000
2024-04-09,EVLV,BBG00W1PPKY3,0,false,4.720000,4.640000,1.694915,-1.694915,false,0.000000
2024-04-09,EVR,BBG001SC3S41,0,false,195.310000,193.760000,0.281604,-0.793610,false,0.000000
2024-04-09,EVRG,BBG00H433CS1,0,false,53.020000,52.970000,0.282912,-0.094304,false,0.000000
2024-04-09,EVRI,BBG001SLY556,0,false,9.440000,9.630000,2.966102,2.012712,false,0.000000
2024-04-09,EVTC,BBG001SX2XR0,0,false,39.300000,39.370000,0.508906,0.178117,false,0.000000
2024-04-09,EWBC,BBG001SCC7R2,0,false,76.460000,76.260000,0.758567,-0.261575,false,0.000000
2024-04-09,EWCZ,BBG011RWTZQ9,0,false,12.250000,12.460000,5.224490,1.714286,false,0.000000
2024-04-09,EWTX,BBG00K4Y2H33,0,false,16.910000,16.190000,0.000000,-4.257836,false,0.000000
2024-04-09,EXAS,BBG001SGCLB9,0,false,72.490000,74.300000,2.690026,2.496896,false,0.000000
2024-04-09,EXEL,BBG001SD42W4,0,false,23.330000,23.720000,1.778826,1.671667,false,0.000000
2024-04-09,EXK,BBG001S5ZH63,18,true,2.920000,2.840000,4.452055,-2.739726,false,0.000000
2024-04-09,EXLS,BBG001SKWX40,0,false,30.110000,30.960000,2.856194,2.822982,false,0.000000
2024-04-09,EXP,BBG001S7VG92,0,false,266.660000,259.330000,0.416260,-2.748819,false,0.000000
2024-04-09,EXPI,BBG001V05TN8,2,false,10.200000,10.490000,5.784314,2.843137,false,0.000000
2024-04-09,EXPO,BBG001S9CG99,0,false,80.810000,81.120000,1.076599,0.383616,false,0.000000
2024-04-09,EXTR,BBG001S6ZV24,0,false,11.160000,11.515000,3.405018,3.181004,false,0.000000
2024-04-09,EYE,BBG00HVQF9L1,0,false,20.450000,20.650000,1.271394,0.977995,false,0.000000
2024-04-09,EYPT,BBG001SNLCD2,0,false,20.640000,21.530000,5.426357,4.312016,false,0.000000
2024-04-09,EZPW,BBG001S6RN67,0,false,10.830000,10.729000,0.184672,-0.932595,false,0.000000
2024-04-09,FA,BBG011J0CVZ5,0,false,15.450000,15.830000,2.847896,2.459547,false,0.000000
2024-04-09,FAF,BBG001T1LV65,0,false,60.770000,60.050000,0.518348,-1.184795,false,0.000000
2024-04-09,FARO,BBG001S8HPX9,0,false,20.790000,20.560000,0.072150,-1.106301,false,0.000000
2024-04-09,FATE,BBG001T888S2,0,false,6.690000,6.780000,1.793722,1.345291,false,0.000000
2024-04-09,FBIN,BBG001THLZ70,0,false,81.380000,80.600000,0.061440,-0.958466,false,0.000000
2024-04-09,FBK,BBG00DM434H8,0,false,36.760000,36.660000,0.788901,-0.272035,false,0.000000
2024-04-09,FBMS,BBG001SB73Y1,0,false,24.780000,24.910000,0.807103,0.524617,false,0.000000
2024-04-09,FBNC,BBG001S5R1Z5,0,false,34.440000,34.530000,1.742160,0.261324,false,0.000000
2024-04-09,FBP,BBG001S76PN4,0,false,17.350000,17.515000,1.008646,0.951009,false,0.000000
2024-04-09,FBRT,BBG013173BC4,0,false,12.760000,12.705000,0.391850,-0.431034,false,0.000000
2024-04-09,FC,BBG001SB0L96,0,false,38.380000,40.510000,5.549766,5.549766,false,0.000000
2024-04-09,FCBC,BBG001S9V627,0,false,32.900000,32.920000,1.519757,0.060790,false,0.000000
2024-04-09,FCEL,BBG001SDZHP5,17,true,1.160000,1.220000,6.896552,5.172414,false,0.000000
2024-04-09,FCF,BBG001S70475,0,false,13.410000,13.430000,0.521999,0.149142,false,0.000000
2024-04-09,FCFS,BBG0145KL756,0,false,126.110000,126.010000,0.356831,-0.079296,false,0.000000
2024-04-09,FCN,BBG001SCJVR2,0,false,208.240000,207.930000,0.302536,-0.148867,false,0.000000
2024-04-09,FCPT,BBG009H33QN9,0,false,23.850000,24.290000,1.886792,1.844864,false,0.000000
2024-04-09,FDMT,BBG00QG40S04,0,false,28.790000,27.110000,1.493574,-5.835359,false,0.000000
2024-04-09,FDP,0001047340,0,false,25.750000,25.670000,0.271845,-0.310680,false,0.000000
2024-04-09,FDUS,BBG001V0MG11,1,false,19.770000,19.730000,0.303490,-0.202327,false,0.000000
2024-04-09,FELE,BBG001S5R3W4,0,false,103.040000,103.660000,0.921972,0.601708,false,0.000000
2024-04-09,FF,BBG001SNX0W4,1,false,8.150000,8.205000,0.736196,0.674847,false,0.000000
2024-04-09,FFBC,BBG001S5R4C4,0,false,22.010000,22.150000,0.772376,0.636075,false,0.000000
2024-04-09,FFIC,BBG001S7KQM7,0,false,12.150000,12.070000,1.646091,-0.658436,false,0.000000
2024-04-09,FFIN,BBG001S7HCY9,0,false,31.840000,32.010000,1.350503,0.533920,false,0.000000
2024-04-09,FFIV,BBG001SCP8D1,0,false,193.010000,196.090000,1.730480,1.595772,false,0.000000
2024-04-09,FFWM,BBG001V9VY13,0,false,7.380000,7.375000,1.355014,-0.067751,false,0.000000
2024-04-09,FG,BBG01BGVGH85,0,false,40.730000,39.750000,1.153941,-2.406089,false,0.000000
2024-04-09,FHB,BBG0046LJYX7,0,false,21.720000,22.090000,1.887661,1.703499,false,0.000000
2024-04-09,FHI,BBG001S6TGK4,0,false,37.000000,36.790000,0.270270,-0.567568,false,0.000000
2024-04-09,FHN,BBG001SCW8R8,6,false,15.350000,15.030000,0.553746,-2.084691,false,0.000000
2024-04-09,FHTX,BBG00HFZPB97,0,false,7.310000,7.450000,5.129959,1.915185,false,0.000000
2024-04-09,FIBK,BBG001S9F1B6,0,false,26.490000,27.010000,1.963005,1.963005,false,0.000000
2024-04-09,FIGS,BBG004SK5VM8,0,false,5.270000,5.360000,3.605313,1.707780,false,0.000000
2024-04-09,FIHL,0001636639,0,false,19.400000,18.900000,0.772680,-2.577320,false,0.000000
2024-04-09,FIP,BBG0174VKJB4,0,false,6.430000,6.440000,0.466563,0.155521,false,0.000000
2024-04-09,FIVE,BBG001TCDMY9,0,false,160.390000,159.620000,0.960160,-0.480080,false,0.000000
2024-04-09,FIVN,BBG001V0P7K7,0,false,60.200000,61.839000,5.149502,2.722591,false,0.000000
2024-04-09,FIX,BBG001SB1GG8,0,false,324.240000,306.040000,0.061683,-5.613126,false,0.000000
2024-04-09,FIZZ,BBG001S5PM18,0,false,48.410000,47.880000,0.206569,-1.094815,false,0.000000
2024-04-09,FL,BBG001S5XMR1,0,false,23.990000,23.330000,0.250104,-2.751146,false,0.000000
2024-04-09,FLEX,0000866374,1,false,28.930000,28.820000,1.175251,-0.380228,false,0.000000
2024-04-09,FLGT,BBG00DW0QQM5,0,false,21.350000,21.890000,2.529274,2.529274,false,0.000000
2024-04-09,FLNC,BBG012QSDTD2,0,false,16.840000,17.050000,4.275534,1.247031,false,0.000000
2024-04-09,FLNG,0001772253,5,false,25.750000,25.550000,0.349515,-0.776699,false,0.000000
2024-04-09,FLO,BBG001S5R7L7,0,false,23.200000,23.160000,0.043103,-0.172414,false,0.000000
2024-04-09,FLR,BBG001S5Q738,0,false,42.380000,41.500000,0.991034,-2.076451,false,0.000000
2024-04-09,FLS,BBG001SB3F87,0,false,48.140000,47.740000,0.342750,-0.830910,false,0.000000
2024-04-09,FLWS,BBG001S60YV4,0,false,9.190000,9.180000,2.067465,-0.108814,false,0.000000
2024-04-09,FLYW,BBG002030ND3,0,false,23.900000,23.250000,0.000000,-2.719665,false,0.000000
2024-04-09,FMBH,BBG001S704Q4,0,false,31.090000,31.390000,1.125764,0.964940,false,0.000000
2024-04-09,FMC,BBG001S5R880,0,false,61.550000,63.760000,3.623071,3.590577,false,0.000000
2024-04-09,FMNB,BBG001S7S1W3,0,false,12.740000,12.900000,1.412873,1.255887,false,0.000000
2024-04-09,FN,0001408710,0,false,189.420000,189.130000,0.834125,-0.153099,false,0.000000
2024-04-09,FNA,BBG005914H40,1,false,10.300000,10.600000,4.466019,2.912621,false,0.000000
2024-04-09,FNB,BBG001S5R1Q5,0,false,13.740000,13.730000,0.218341,-0.072780,false,0.000000
2024-04-09,FND,BBG007GJ2F90,0,false,122.800000,122.700000,0.350163,-0.081433,false,0.000000
2024-04-09,FNF,BBG006N7S6J1,0,false,53.250000,52.800000,0.394366,-0.845070,false,0.000000
2024-04-09,FNKO,BBG00HXSHDR8,0,false,5.740000,5.700000,2.090592,-0.696864,false,0.000000
2024-04-09,FOLD,BBG001SN96V9,0,false,11.600000,11.755000,1.465517,1.336207,false,0.000000
2024-04-09,FOR,BBG001S5R9G9,0,false,39.770000,40.780000,2.564747,2.539603,false,0.000000
2024-04-09,FORM,BBG001SFT2R8,0,false,47.300000,47.830000,1.343340,1.120507,false,0.000000
2024-04-09,FORR,BBG001S98HN6,1,false,19.940000,20.570000,3.159478,3.159478,false,0.000000
2024-04-09,FOUR,BBG00TX393M3,0,false,68.770000,69.630000,1.454122,1.250545,false,0.000000
2024-04-09,FOX,BBG00JHNKKR3,0,false,28.730000,28.810000,0.626523,0.278455,false,0.000000
2024-04-09,FOXF,BBG004T7VS71,1,false,45.750000,46.910000,3.103825,2.535519,false,0.000000
2024-04-09,FPI,BBG005TNS0R6,0,false,10.700000,10.915000,2.056075,2.009346,false,0.000000
2024-04-09,FR,BBG001S81Z00,0,false,52.810000,53.270000,1.353910,0.871047,false,0.000000
2024-04-09,FRBA,BBG001SRY1B5,0,false,13.090000,13.050000,0.076394,-0.305577,false,0.000000
2024-04-09,FRGE,BBG00YGCJL77,2,false,2.230000,2.350000,6.278027,5.381166,false,0.000000
2024-04-09,FRHC,BBG001SGRW38,0,false,68.883200,69.090000,1.389018,0.300218,false,0.000000
2024-04-09,FRME,BBG001S5NNS9,0,false,33.980000,34.520000,1.986463,1.589170,false,0.000000
2024-04-09,FRO,0000913290,15,true,23.860000,23.070000,0.000000,-3.310981,false,0.000000
2024-04-09,FROG,0001800667,1,false,42.930000,42.150000,1.304449,-1.816911,false,0.000000
2024-04-09,FRPH,BBG001SD43R8,0,false,60.510000,60.570000,1.169393,0.099157,false,0.000000
2024-04-09,FRPT,BBG001V04FM0,0,false,116.070000,114.650000,0.180925,-1.223400,false,0.000000
2024-04-09,FRSH,BBG0029KYGM4,0,false,18.770000,18.780000,0.799148,0.053277,false,0.000000
2024-04-09,FRT,BBG001S5RC36,0,false,101.330000,102.900000,1.559262,1.549393,false,0.000000
2024-04-09,FSBC,BBG001SN0V52,0,false,22.350000,22.085000,0.425056,-1.185682,false,0.000000
2024-04-09,FSCO,BBG01BG24837,0,false,5.920000,5.930000,0.675676,0.168919,false,0.000000
2024-04-09,FSK,BBG001YCZQ07,1,false,19.300000,19.300000,0.103627,0.000000,false,0.000000
2024-04-09,FSLY,BBG004NLQHM9,8,false,13.630000,13.980000,2.641233,2.567865,false,0.000000
2024-04-09,FSM,BBG001S982M0,8,false,4.790000,4.795000,2.713987,0.104384,false,0.000000
2024-04-09,FSS,BBG001S5RD98,0,false,85.490000,84.800000,0.584864,-0.807112,false,0.000000
2024-04-09,FSTR,BBG001S7HS29,0,false,27.315000,26.640000,0.000000,-2.471170,false,0.000000
2024-04-09,FSV,BBG0093LLBP5,0,false,157.010000,158.510000,1.115470,0.955353,false,0.000000
2024-04-09,FTAI,0001590364,0,false,71.680000,71.000000,0.000000,-0.948661,false,0.000000
2024-04-09,FTDR,BBG00H9MNF05,0,false,30.950000,31.000000,0.549273,0.161551,false,0.000000
2024-04-09,FTI,0001681459,0,false,26.510000,26.190000,0.660128,-1.207092,false,0.000000
2024-04-09,FTRE,BBG01GZF9W47,0,false,39.450000,40.280000,2.839037,2.103929,false,0.000000
2024-04-09,FUBO,BBG002CV4QZ3,15,true,1.580000,1.620000,5.379747,2.531646,false,0.000000
2024-04-09,FUL,BBG001S5RDZ9,0,false,78.650000,78.650000,0.419580,0.000000,false,0.000000
2024-04-09,FULC,BBG00DDY1RM7,0,false,8.530000,8.450000,2.344666,-0.937866,false,0.000000
2024-04-09,FULT,BBG001S5RF02,0,false,15.490000,15.730000,1.684958,1.549387,false,0.000000
2024-04-09,FUN,BBG001S5RF11,0,false,41.360000,40.870000,0.531915,-1.184720,false,0.000000
2024-04-09,FUSN,BBG00V9VQ4K4,0,false,21.310000,21.380000,0.703895,0.328484,false,0.000000
2024-04-09,FVRR,0001762301,2,false,19.760000,20.060000,2.909919,1.518219,false,0.000000
2024-04-09,FWRD,BBG001SC0FW1,0,false,29.450000,30.020000,4.923599,1.935484,false,0.000000
2024-04-09,FWRG,BBG012F6M198,0,false,23.250000,23.130000,1.118280,-0.516129,false,0.000000
2024-04-09,FYBR,BBG010MVVVX6,4,false,23.780000,24.100000,2.018503,1.345669,false,0.000000
2024-04-09,G,0001398659,0,false,31.970000,32.360000,1.219894,1.219894,false,0.000000
2024-04-09,GABC,BBG001S7BHR2,0,false,33.830000,33.710000,0.059119,-0.354715,false,0.000000
2024-04-09,GAIN,BBG001SL3TS3,0,false,13.870000,13.970000,0.720981,0.720981,false,0.000000
2024-04-09,GAMB,0001839799,0,false,9.250000,9.155000,1.027027,-1.027027,false,0.000000
2024-04-09,GATO,BBG001W4GFS2,1,false,9.540000,9.330000,2.641509,-2.201258,false,0.000000
2024-04-09,GATX,BBG001S5RM34,0,false,133.160000,133.750000,0.593271,0.443076,false,0.000000
2024-04-09,GAU,BBG001SF5M09,3,false,1.530000,1.520000,1.960784,-0.653595,false,0.000000
2024-04-09,GB,0001799983,0,false,5.300000,5.300000,0.377358,0.000000,false,0.000000
2024-04-09,GBCI,BBG001S6HGM5,0,false,39.200000,39.650000,1.581633,1.147959,false,0.000000
2024-04-09,GBDC,BBG001T63BY7,0,false,16.580000,16.610000,0.271411,0.180941,false,0.000000
2024-04-09,GBLI,BBG004M233J2,0,false,30.830000,32.670000,7.362958,5.968213,false,0.000000
2024-04-09,GBTG,BBG00Y52B9C0,0,false,6.000000,6.040000,1.000000,0.666667,false,0.000000
2024-04-09,GBX,BBG001S80QK9,0,false,54.910000,53.990000,0.000000,-1.675469,false,0.000000
2024-04-09,GCBC,BBG001S9KJZ5,0,false,26.580000,27.280000,2.633559,2.633559,false,0.000000
2024-04-09,GCI,BBG005C9FQR2,0,false,2.530000,2.445000,1.185771,-3.359684,false,0.000000
2024-04-09,GCMG,BBG00Y73FGG2,0,false,9.370000,9.369000,0.213447,-0.010672,false,0.000000
2024-04-09,GCO,BBG001S5RHF2,0,false,27.670000,27.810000,1.590170,0.505963,false,0.000000
2024-04-09,GCT,0001857816,5,false,33.410000,31.622900,0.269380,-5.348997,false,0.000000
2024-04-09,GDEN,BBG001S69CW2,0,false,35.570000,36.100000,2.319370,1.490020,false,0.000000
2024-04-09,GDEV,0001848739,0,false,2.200000,2.300000,4.545455,4.545455,false,0.000000
2024-04-09,GDOT,BBG001T6W7V7,0,false,8.430000,8.370000,1.304864,-0.711744,false,0.000000
2024-04-09,GDRX,BBG00X0VP956,0,false,6.900000,6.740000,3.115942,-2.318841,false,0.000000
2024-04-09,GDYN,BBG00MDLZP15,0,false,11.740000,11.890000,2.810903,1.277683,false,0.000000
2024-04-09,GEF,BBG001S8S678,0,false,65.540000,66.000000,1.129081,0.701861,false,0.000000
2024-04-09,GEL,BBG001S9CQC3,0,false,11.910000,11.310000,0.000000,-5.037783,false,0.000000
2024-04-09,GEN,BBG001S5QG38,1,false,22.400000,22.660000,1.294643,1.160714,false,0.000000
2024-04-09,GENI,0001834489,0,false,6.000000,5.930000,1.000000,-1.166667,false,0.000000
2024-04-09,GEO,BBG001S6VYZ6,2,false,16.000000,15.900000,1.937500,-0.625000,false,0.000000
2024-04-09,GERN,BBG001S6TSX4,2,false,3.330000,3.440000,3.603604,3.303303,false,0.000000
2024-04-09,GES,BBG001S5RJR5,0,false,30.450000,29.670000,1.083744,-2.561576,false,0.000000
2024-04-09,GETY,BBG017RQJJH6,0,false,4.020000,3.995000,2.114428,-0.621891,false,0.000000
2024-04-09,GFF,BBG001S7M3Z2,0,false,73.060000,70.000000,0.218998,-4.188338,false,0.000000
2024-04-09,GFL,BBG003FD9W80,0,false,35.450000,35.220000,1.100141,-0.648801,false,0.000000
2024-04-09,GFR,BBG01HRTJS60,0,false,6.400000,6.370000,0.000000,-0.468750,false,0.000000
2024-04-09,GGR,0001886190,0,false,1.700000,1.700000,3.529412,0.000000,false,0.000000
2024-04-09,GH,BBG006D97VZ8,0,false,18.750000,19.200000,5.920000,2.400000,false,0.000000
2024-04-09,GHLD,BBG00XR2PX58,0,false,14.280000,14.280000,0.140056,0.000000,false,0.000000
2024-04-09,GHM,BBG001S5RK92,0,false,30.330000,30.470000,0.494560,0.461589,false,0.000000
2024-04-09,GHRS,0001855129,0,false,11.080000,11.060000,0.701264,-0.180505,false,0.000000
2024-04-09,GIC,BBG001S9NZ95,0,false,44.650000,44.290000,0.111982,-0.806271,false,0.000000
2024-04-09,GIII,BBG001S6F0Z8,0,false,28.650000,28.130000,0.488656,-1.815009,false,0.000000
2024-04-09,GIL,BBG001S7JJL6,0,false,36.840000,36.990000,1.927253,0.407166,false,0.000000
2024-04-09,GILT,0000897322,1,false,5.940000,5.920000,4.377104,-0.336700,false,0.000000
2024-04-09,GKOS,BBG001T91NX8,0,false,100.170000,101.250000,2.156334,1.078167,false,0.000000
2024-04-09,GL,BBG001S5WRX4,0,false,108.350000,107.600000,0.498385,-0.692201,false,0.000000
2024-04-09,GLAD,BBG001SJH738,0,false,20.030000,20.440000,2.046930,2.046930,false,0.000000
2024-04-09,GLBE,0001835963,1,false,36.910000,36.500000,0.785695,-1.110810,false,0.000000
2024-04-09,GLDD,BBG001SNNJN4,0,false,8.290000,8.330000,0.723764,0.482509,false,0.000000
2024-04-09,GLNG,0001207179,0,false,25.470000,25.160000,0.235571,-1.217118,false,0.000000
2024-04-09,GLOB,0001557860,0,false,198.370000,201.050000,1.361093,1.351011,false,0.000000
2024-04-09,GLP,BBG001SH3WJ5,0,false,45.530000,44.670000,0.109818,-1.888864,false,0.000000
2024-04-09,GLPI,BBG003MSMCT5,0,false,45.440000,45.980000,1.210387,1.188380,false,0.000000
2024-04-09,GLRE,0001385613,0,false,12.620000,12.560000,0.396197,-0.475436,false,0.000000
2024-04-09,GLUE,BBG00X2VGZR2,0,false,7.550000,7.855000,8.874172,4.039735,false,0.000000
2024-04-09,GME,BBG001S5RLR0,16,true,10.850000,11.010000,2.995392,1.474654,false,0.000000
2024-04-09,GMED,BBG002V87T57,0,false,53.360000,53.680000,0.693403,0.599700,false,0.000000
2024-04-09,GMRE,BBG0027F2C05,0,false,8.560000,8.640000,1.401869,0.934579,false,0.000000
2024-04-09,GMS,BBG009Q036F8,0,false,100.120000,98.640000,0.000000,-1.478226,false,0.000000
2024-04-09,GNE,BBG0021PGB79,0,false,15.630000,15.040000,0.000000,-3.774792,false,0.000000
2024-04-09,GNK,0001326200,0,false,20.320000,20.380000,0.762795,0.295276,false,0.000000
2024-04-09,GNL,BBG004HXD0H7,2,false,7.570000,7.635000,1.188904,0.858653,false,0.000000
2024-04-09,GNRC,BBG001T5VGH6,2,false,136.300000,140.230000,2.964050,2.883346,false,0.000000
2024-04-09,GNTX,BBG001S5RMR8,0,false,35.900000,36.160000,0.766017,0.724234,false,0.000000
2024-04-09,GNTY,BBG001S7MPM7,0,false,28.913500,29.310000,2.132222,1.371332,false,0.000000
2024-04-09,GNW,BBG001SJ0DH8,0,false,6.260000,6.205000,0.718850,-0.878594,false,0.000000
2024-04-09,GO,BBG00P4R30Z8,0,false,26.930000,27.310000,1.819532,1.411066,false,0.000000
2024-04-09,GOEV,BBG00NBK0H68,49,true,2.460000,2.418800,3.658537,-1.674797,false,0.000000
2024-04-09,GOGL,0001029145,6,false,12.655000,12.715000,0.750691,0.474121,false,0.000000
2024-04-09,GOGO,BBG002CN8YD4,1,false,8.460000,8.760000,8.037825,3.546099,false,0.000000
2024-04-09,GOLF,BBG00D5L3ST3,0,false,64.040000,63.240000,0.078076,-1.249219,false,0.000000
2024-04-09,GOOD,BBG001SK8138,0,false,13.570000,13.750000,1.621223,1.326455,false,0.000000
2024-04-09,GOOS,BBG00G2HL1Z0,0,false,11.180000,11.260000,1.386404,0.715564,false,0.000000
2024-04-09,GPI,BBG001S5RNK3,0,false,278.850000,281.860000,1.466738,1.079433,false,0.000000
2024-04-09,GPK,BBG001S90195,0,false,28.820000,29.400000,2.359473,2.012491,false,0.000000
2024-04-09,GPOR,BBG0112Z8766,0,false,161.580000,160.670000,0.928333,-0.563189,false,0.000000
2024-04-09,GPRE,BBG001SPVM17,0,false,22.910000,23.060000,1.789612,0.654736,false,0.000000
2024-04-09,GPRK,0001464591,0,false,9.970000,9.834000,0.501505,-1.364092,false,0.000000
2024-04-09,GPRO,BBG001V0YJ76,6,false,2.060000,2.035000,1.941748,-1.213592,false,0.000000
2024-04-09,GPS,BBG001S5RNN0,2,false,23.580000,23.140000,0.848176,-1.865988,false,0.000000
2024-04-09,GRAB,0001855612,14,true,3.330000,3.295000,0.600601,-1.051051,false,0.000000
2024-04-09,GRBK,BBG001SS5LM9,0,false,58.630000,58.440000,0.000000,-0.324066,false,0.000000
2024-04-09,GRC,BBG001S5RP00,0,false,38.670000,38.490000,0.284458,-0.465477,false,0.000000
2024-04-09,GRND,BBG00YV3H7V6,0,false,10.690000,10.830000,1.403181,1.309635,false,0.000000
2024-04-09,GRNT,BBG017RM8TP6,0,false,6.640000,6.620000,0.843373,-0.301205,false,0.000000
2024-04-09,GRPN,BBG001T8J560,0,false,11.220000,11.240000,2.852941,0.178253,false,0.000000
2024-04-09,GSAT,BBG001SPN4X1,0,false,1.330000,1.360000,3.007519,2.255639,false,0.000000
2024-04-09,GSBC,BBG001S6DWN3,0,false,53.370000,53.190000,0.000000,-0.337268,false,0.000000
2024-04-09,GSBD,BBG004DDDL70,3,false,14.980000,15.040000,0.567423,0.400534,false,0.000000
2024-04-09,GSHD,BBG00KHHBMD4,0,false,60.330000,60.670000,1.222443,0.563567,false,0.000000
2024-04-09,GSL,0001430725,0,false,21.500000,21.235000,0.232558,-1.232558,false,0.000000
2024-04-09,GSM,0001639877,0,false,5.260000,5.260000,1.140684,0.000000,false,0.000000
2024-04-09,GT,BBG001S5RQ62,1,false,13.210000,13.460000,2.006056,1.892506,false,0.000000
2024-04-09,GTES,0001718512,0,false,17.640000,17.630000,0.793651,-0.056689,false,0.000000
2024-04-09,GTLB,BBG00DHTYPJ6,4,false,59.720000,59.550000,0.267917,-0.284662,false,0.000000
2024-04-09,GTLS,BBG001SQV7W4,0,false,158.110000,162.440000,3.864398,2.738600,false,0.000000
2024-04-09,GTN,BBG001S8SQK9,0,false,5.840000,5.930000,1.712329,1.541096,false,0.000000
2024-04-09,GTX,BBG00HY28Q04,0,false,9.910000,9.990000,1.362260,0.807265,false,0.000000
2024-04-09,GTY,BBG001S5RQR9,0,false,27.040000,27.530000,1.849112,1.812130,false,0.000000
2024-04-09,GVA,BBG001S8WD96,0,false,56.970000,55.910000,0.017553,-1.860628,false,0.000000
2024-04-09,GWRE,BBG001TWHGX5,0,false,116.040000,115.380000,1.680455,-0.568769,false,0.000000
2024-04-09,GWRS,BBG001T2PQ42,0,false,12.730000,12.590000,0.117832,-1.099764,false,0.000000
2024-04-09,GXO,BBG00YDGX9Z1,0,false,52.350000,53.370000,3.056351,1.948424,false,0.000000
2024-04-09,GYRE,BBG001SDL5X7,0,false,16.870000,16.960000,1.066983,0.533491,false,0.000000
2024-04-09,HA,BBG001S5RRT5,0,false,13.340000,13.205000,0.000000,-1.011994,false,0.000000
2024-04-09,HAE,BBG001S6QB64,0,false,85.890000,87.020000,1.420421,1.315636,false,0.000000
2024-04-09,HAFC,BBG001SFGJ31,0,false,15.470000,15.580000,1.195863,0.711054,false,0.000000
2024-04-09,HAIN,BBG001SBCKV0,0,false,6.800000,6.730000,5.294118,-1.029412,false,0.000000
2024-04-09,HALO,BBG001SGX585,1,false,40.070000,40.140000,1.597205,0.174694,false,0.000000
2024-04-09,HAS,BBG001S5RSQ6,1,false,57.600000,57.330000,1.545139,-0.468750,false,0.000000
2024-04-09,HASI,BBG0044K5DN3,0,false,27.890000,28.340000,1.900323,1.613482,false,0.000000
2024-04-09,HAYN,BBG001SL1ZT0,0,false,60.540000,60.510000,0.165180,-0.049554,false,0.000000
2024-04-09,HAYW,BBG00Z9CCSB9,0,false,14.660000,14.600000,0.886767,-0.409277,false,0.000000
2024-04-09,HBANL,0000049196,0,false,24.990000,24.720000,0.039616,-1.080432,false,0.000000
2024-04-09,HBB,BBG00HJ4P6S2,0,false,24.760000,23.520000,0.000000,-5.008078,false,0.000000
2024-04-09,HBCP,BBG001ST9B63,0,false,37.290000,37.020000,0.000000,-0.724055,false,0.000000
2024-04-09,HBI,BBG001SMCKB8,1,false,5.140000,5.167500,2.140078,0.535019,false,0.000000
2024-04-09,HBM,BBG001SL27N7,12,true,7.730000,7.980000,4.915912,3.234153,false,0.000000
2024-04-09,HBNC,BBG001S7SGW0,0,false,12.090000,12.129000,0.627792,0.322581,false,0.000000
2024-04-09,HBT,BBG00Q8J7380,0,false,19.190000,18.980000,0.000000,-1.094320,false,0.000000
2024-04-09,HCAT,BBG00LDPZMT5,0,false,6.610000,6.680000,4.311649,1.059002,false,0.000000
2024-04-09,HCC,BBG00GD1JNK4,0,false,59.010000,59.980000,2.541942,1.643789,false,0.000000
2024-04-09,HCI,BBG001T2C2P6,0,false,115.960000,115.250000,0.000000,-0.612280,false,0.000000
2024-04-09,HCKT,BBG001S5VLP7,0,false,23.310000,23.390000,0.386100,0.343200,false,0.000000
2024-04-09,HCP,BBG007PZ2T94,0,false,26.600000,26.980000,1.428571,1.428571,false,0.000000
2024-04-09,HCSG,BBG001S5RTV8,0,false,12.190000,12.255000,0.861362,0.533224,false,0.000000
2024-04-09,HDSN,BBG001S77CN2,1,false,10.790000,10.680000,0.086191,-1.019462,false,0.000000
2024-04-09,HE,BBG001S5RV43,1,false,11.150000,11.185000,2.286996,0.313901,false,0.000000
2024-04-09,HEES,BBG001SKSFQ0,0,false,65.800000,65.300000,0.524316,-0.759878,false,0.000000
2024-04-09,HELE,0000916789,0,false,106.350000,108.710000,2.219088,2.219088,false,0.000000
2024-04-09,HESM,BBG00R02H8F3,2,false,36.090000,36.060000,0.498753,-0.083126,false,0.000000
2024-04-09,HFWA,BBG001SBJ270,0,false,18.360000,18.340000,0.599129,-0.108932,false,0.000000
2024-04-09,HG,0001593275,1,false,13.090000,12.980000,0.305577,-0.840336,false,0.000000
2024-04-09,HGTY,BBG00Z9FKN97,0,false,9.000000,9.020000,0.777778,0.222222,false,0.000000
2024-04-09,HGV,BBG00CBYY6L2,0,false,46.070000,45.500000,0.716301,-1.237248,false,0.000000
2024-04-09,HHH,BBG01HTMDZ63,0,false,68.170000,68.540000,1.569605,0.542761,false,0.000000
2024-04-09,HI,BBG001STH2P3,0,false,49.310000,49.700000,1.520990,0.790915,false,0.000000
2024-04-09,HIBB,BBG001S92VH8,0,false,73.110000,72.300000,0.765969,-1.107920,false,0.000000
2024-04-09,HIFS,BBG001S614T2,0,false,169.960000,166.515000,0.023535,-2.026948,false,0.000000
2024-04-09,HII,BBG001V0PDL3,0,false,283.570000,275.490000,0.490179,-2.849385,false,0.000000
2024-04-09,HIMS,BBG00Q5LQWK9,4,false,14.910000,14.550000,2.816901,-2.414487,false,0.000000
2024-04-09,HIPO,BBG00YRW9292,0,false,24.630000,24.020000,1.339829,-2.476654,false,0.000000
2024-04-09,HIW,BBG001S7X2X4,0,false,25.320000,25.780000,2.191943,1.816746,false,0.000000
2024-04-09,HL,BBG001S5RXF7,35,true,5.640000,5.590000,3.368794,-0.886525,false,0.000000
2024-04-09,HLF,0001180262,0,false,8.070000,8.840000,9.665428,9.541512,false,0.000000
2024-04-09,HLI,BBG001SFVN99,0,false,132.490000,131.160000,0.517020,-1.003849,false,0.000000
2024-04-09,HLIO,BBG001S99DF3,0,false,45.180000,46.500000,2.943780,2.921647,false,0.000000
2024-04-09,HLIT,BBG001S73CC8,5,false,12.210000,11.210000,1.228501,-8.190008,false,0.000000
2024-04-09,HLLY,BBG00Y3N2SD3,0,false,4.490000,4.495000,0.890869,0.111359,false,0.000000
2024-04-09,HLMN,BBG00YC6W7C4,0,false,10.390000,10.400000,0.481232,0.096246,false,0.000000
2024-04-09,HLNE,BBG00FX58Q75,0,false,116.910000,116.520000,0.444787,-0.333590,false,0.000000
2024-04-09,HLVX,BBG012FCPWK1,0,false,14.510000,14.520000,0.758098,0.068918,false,0.000000
2024-04-09,HLX,BBG001S978V8,1,false,11.790000,11.740000,1.102629,-0.424088,false,0.000000
2024-04-09,HMN,BBG001S5RY01,0,false,35.810000,35.280000,0.111701,-1.480034,false,0.000000
2024-04-09,HNI,BBG001S6Q6F5,0,false,43.850000,43.670000,0.376283,-0.410490,false,0.000000
2024-04-09,HNST,BBG002TWLBM1,1,false,3.800000,3.715000,0.657895,-2.236842,false,0.000000
2024-04-09,HOG,BBG001S5RTY5,0,false,43.110000,42.880000,0.162375,-0.533519,false,0.000000
2024-04-09,HOLI,0001357450,0,false,25.680000,25.650000,0.038941,-0.116822,false,0.000000
2024-04-09,HOMB,BBG001SN0R60,0,false,24.100000,24.240000,0.580913,0.580913,false,0.000000
2024-04-09,HONE,BBG00NKZNGC5,0,false,9.790000,9.835000,1.021450,0.459653,false,0.000000
2024-04-09,HOPE,BBG001S8F2H0,0,false,11.050000,11.095000,0.723982,0.407240,false,0.000000
2024-04-09,HOUS,BBG001SSDCC1,0,false,5.860000,5.915000,2.218430,0.938567,false,0.000000
2024-04-09,HOV,BBG001S5RZM4,0,false,154.200000,147.890000,0.000000,-4.092088,false,0.000000
2024-04-09,HP,BBG001S5RZP1,1,false,43.440000,43.090000,0.552486,-0.805709,false,0.000000
2024-04-09,HPK,BBG00RD1PYR2,0,false,15.760000,15.500000,1.142132,-1.649746,false,0.000000
2024-04-09,HPP,BBG001T6TCN9,0,false,6.460000,6.680000,3.560372,3.405573,false,0.000000
2024-04-09,HQY,BBG001T8JKN8,0,false,79.270000,78.610000,0.441529,-0.832597,false,0.000000
2024-04-09,HR,BBG001T5WP21,0,false,14.230000,14.600000,2.775826,2.600141,false,0.000000
2024-04-09,HRB,BBG001S5S031,0,false,47.800000,46.860000,0.000000,-1.966527,false,0.000000
2024-04-09,HRI,BBG001SNNBX0,0,false,167.250000,167.715000,0.645740,0.278027,false,0.000000
2024-04-09,HRMY,BBG00WBPG548,0,false,29.940000,30.860000,4.475618,3.072812,false,0.000000
2024-04-09,HROW,BBG001SSTRN9,0,false,13.160000,13.220000,0.949848,0.455927,false,0.000000
2024-04-09,HRT,BBG012VBTY54,0,false,14.310000,14.300000,0.069881,-0.069881,false,0.000000
2024-04-09,HRTX,BBG001SB92D4,2,false,2.760000,2.805000,2.568841,1.630435,false,0.000000
2024-04-09,HRZN,BBG001T7JC58,0,false,11.340000,11.345000,0.264550,0.044092,false,0.000000
2024-04-09,HSAI,BBG01CCYDDZ3,0,false,4.980000,5.345000,7.429719,7.329317,false,0.000000
2024-04-09,HSHP,0001959455,3,false,7.690000,7.640000,1.170351,-0.650195,false,0.000000
2024-04-09,HSIC,BBG001S6S7F1,0,false,72.370000,73.200000,1.146884,1.146884,false,0.000000
2024-04-09,HSII,BBG001SCQ2H9,0,false,32.350000,32.000000,0.819165,-1.081917,false,0.000000
2024-04-09,HST,BBG001S5RY83,0,false,20.600000,20.720000,0.631068,0.582524,false,0.000000
2024-04-09,HSTM,BBG001SCR2T5,0,false,25.300000,25.320000,0.632411,0.079051,false,0.000000
2024-04-09,HTBI,BBG002CV5WZ9,0,false,25.650000,25.610000,0.000000,-0.155945,false,0.000000
2024-04-09,HTBK,BBG001SBY8P0,0,false,8.290000,8.230000,0.723764,-0.723764,false,0.000000
2024-04-09,HTGC,BBG001SDPHZ5,0,false,18.440000,18.410000,0.325380,-0.162690,false,0.000000
2024-04-09,HTH,BBG001SH9HH4,0,false,30.520000,30.320000,0.458716,-0.655308,false,0.000000
2024-04-09,HTLD,BBG001S5S1D8,0,false,11.060000,10.895000,1.356239,-1.491863,false,0.000000
2024-04-09,HTLF,BBG001S8WBN4,0,false,34.550000,34.680000,1.041968,0.376266,false,0.000000
2024-04-09,HTZ,BBG011N571V5,4,false,7.410000,7.790000,5.263158,5.128205,false,0.000000
2024-04-09,HUBG,BBG001S8SNQ0,0,false,42.990000,42.870000,0.581531,-0.279135,false,0.000000
2024-04-09,HUMA,BBG00XPPT7T6,0,false,3.120000,3.050000,1.442308,-2.243590,false,0.000000
2024-04-09,HUN,BBG001SKWX22,0,false,25.840000,25.520000,0.425697,-1.238390,false,0.000000
2024-04-09,HURN,BBG001SLSXM3,0,false,94.810000,94.915000,1.476637,0.110748,false,0.000000
2024-04-09,HUT,BBG00390LJJ8,7,false,8.860000,8.630000,1.125282,-2.595937,false,0.000000
2024-04-09,HVT,BBG001SBYDJ6,0,false,32.190000,32.070000,0.341410,-0.372787,false,0.000000
2024-04-09,HWC,BBG001S6S985,0,false,44.790000,45.110000,1.049341,0.714445,false,0.000000
2024-04-09,HWKN,BBG001S5S282,0,false,79.170000,77.900000,0.000000,-1.604143,false,0.000000
2024-04-09,HXL,BBG001S5S2J0,0,false,71.130000,71.160000,1.096584,0.042176,false,0.000000
2024-04-09,HY,BBG001S5YDZ1,0,false,65.990000,65.210000,0.515230,-1.181997,false,0.000000
2024-04-09,HZO,BBG001SBS2N2,0,false,30.020000,29.390000,1.265823,-2.098601,false,0.000000
2024-04-09,IAC,BBG00S1LR2D2,0,false,51.940000,52.090000,4.014247,0.288795,false,0.000000
2024-04-09,IAG,BBG001S8SMV6,15,true,3.630000,3.660000,3.719008,0.826446,false,0.000000
2024-04-09,IART,BBG001S7JWM6,0,false,34.390000,34.625000,1.163129,0.683338,false,0.000000
2024-04-09,IAS,BBG011BPJYL0,0,false,10.050000,10.070000,1.393035,0.199005,false,0.000000
2024-04-09,IAUX,BBG00Z3VDWG8,14,true,1.230000,1.205000,0.813008,-2.032520,false,0.000000
2024-04-09,IBCP,BBG001S5S335,0,false,24.600000,24.505000,0.365854,-0.386179,false,0.000000
2024-04-09,IBKR,BBG001SQ4YC7,0,false,113.840000,111.090000,0.316233,-2.415671,false,0.000000
2024-04-09,IBOC,BBG001S6YYJ1,0,false,56.000000,55.840000,0.937500,-0.285714,false,0.000000
2024-04-09,IBP,BBG005TJKF09,0,false,256.760000,254.300000,0.360259,-0.958093,false,0.000000
2024-04-09,IBRX,BBG007T9DYX8,13,true,6.200000,6.170000,2.096774,-0.483871,false,0.000000
2024-04-09,IBTX,BBG003981NT3,0,false,42.880000,43.290000,1.142724,0.956157,false,0.000000
2024-04-09,ICFI,BBG001S6L7P7,0,false,146.810000,143.690000,0.000000,-2.125196,false,0.000000
2024-04-09,ICHR,0001652535,5,false,40.580000,39.820000,0.073928,-1.872844,false,0.000000
2024-04-09,ICL,0000941221,2,false,5.190000,5.215000,0.578035,0.481696,false,0.000000
2024-04-09,ICUI,BBG001S712B3,0,false,103.380000,105.500000,2.766493,2.050687,false,0.000000
2024-04-09,IDA,BBG001S5S4M2,0,false,93.480000,93.680000,0.625802,0.213950,false,0.000000
2024-04-09,IDCC,BBG001S8DV79,0,false,96.210000,97.430000,1.844923,1.268059,false,0.000000
2024-04-09,IDT,BBG001SHWDJ5,0,false,36.920000,36.900000,0.216685,-0.054171,false,0.000000
2024-04-09,IDYA,BBG00CTZ4D92,0,false,42.110000,42.570000,1.424840,1.092377,false,0.000000
2024-04-09,IE,BBG012WFRMH9,1,false,10.840000,10.590000,1.383764,-2.306273,false,0.000000
2024-04-09,IEP,BBG001S5NBT4,1,false,17.250000,17.550000,1.913043,1.739130,false,0.000000
2024-04-09,IESC,BBG001SR2L71,1,false,134.690000,125.790000,1.225035,-6.607766,false,0.000000
2024-04-09,IFBD,0001815566,4,false,3.780000,4.080000,23.783069,7.936508,true,0.000000
2024-04-09,IFS,0001615903,0,false,23.250000,23.147500,0.000000,-0.440860,false,0.000000
2024-04-09,IGIC,0001794338,0,false,14.050000,13.560000,0.000000,-3.487544,false,0.000000
2024-04-09,IGMS,BBG00PNR1BV9,1,false,8.810000,8.710000,2.951192,-1.135074,false,0.000000
2024-04-09,IGT,0001619762,0,false,21.550000,21.535000,0.858469,-0.069606,false,0.000000
2024-04-09,IHRT,BBG00P2FSP84,1,false,2.270000,2.340000,3.303965,3.083700,false,0.000000
2024-04-09,IHS,0001876183,0,false,3.430000,3.550000,6.268222,3.498542,false,0.000000
2024-04-09,IIIN,BBG001SK9GV3,0,false,37.020000,36.310000,0.810373,-1.917882,false,0.000000
2024-04-09,IIIV,BBG00L32N3P6,0,false,23.310000,23.465000,1.158301,0.664951,false,0.000000
2024-04-09,IIPR,BBG00F0SW7P6,0,false,103.000000,102.810000,0.368932,-0.184466,false,0.000000
2024-04-09,IMAX,BBG001S5Z701,0,false,16.250000,16.615000,3.661538,2.246154,false,0.000000
2024-04-09,IMKTA,BBG001S5S7D5,0,false,74.010000,74.150000,1.202540,0.189164,false,0.000000
2024-04-09,IMNM,BBG00BR94298,1,false,20.130000,20.495000,4.570293,1.813214,false,0.000000
2024-04-09,IMTX,0001809196,0,false,10.770000,11.040000,2.878366,2.506964,false,0.000000
2024-04-09,IMVT,BBG00P5MC0R7,0,false,30.910000,31.190000,1.941119,0.905856,false,0.000000
2024-04-09,IMXI,BBG00G6D5NH5,0,false,22.660000,22.330000,0.441306,-1.456311,false,0.000000
2024-04-09,INBX,BBG00P80N9V6,0,false,34.850000,34.960000,0.573888,0.315638,false,0.000000
2024-04-09,INCY,BBG001S8Q6N2,0,false,55.200000,55.300000,2.282609,0.181159,false,0.000000
2024-04-09,INDB,BBG001S5S8F1,0,false,49.940000,49.990000,1.101322,0.100120,false,0.000000
2024-04-09,INDI,BBG00Z3XTNY7,0,false,6.890000,7.100000,3.628447,3.047896,false,0.000000
2024-04-09,INDV,0001625297,0,false,21.010000,21.090000,1.142313,0.380771,false,0.000000
2024-04-09,INFA,BBG012THM4K0,4,false,38.180000,38.150000,1.047669,-0.078575,false,0.000000
2024-04-09,INFN,BBG001SSYWD3,1,false,5.470000,5.450000,3.473492,-0.365631,false,0.000000
2024-04-09,INGR,BBG001SBH4X9,0,false,113.380000,113.130000,0.141118,-0.220497,false,0.000000
2024-04-09,INMD,0001742692,54,true,18.300000,18.410000,6.010929,0.601093,false,0.000000
2024-04-09,INN,BBG001TB84G7,0,false,6.600000,6.620000,0.454545,0.303030,false,0.000000
2024-04-09,INNV,BBG00Z6F87V4,0,false,4.200000,4.230000,6.528571,0.714286,false,0.000000
2024-04-09,INO,BBG001S5RHZ0,0,false,11.250000,11.610000,6.488889,3.200000,false,0.000000
2024-04-09,INSG,BBG00DWX7QM4,1,false,2.700000,2.650000,5.185185,-1.851852,false,0.000000
2024-04-09,INSM,BBG001S9SKW7,0,false,28.200000,28.010000,0.460993,-0.673759,false,0.000000
2024-04-09,INSP,BBG00209SZK5,0,false,229.100000,238.270000,4.233959,4.002619,false,0.000000
2024-04-09,INST,BBG011MGVC50,0,false,20.860000,20.940000,1.150527,0.383509,false,0.000000
2024-04-09,INSW,0001679049,1,false,53.200000,51.340000,0.394737,-3.496241,false,0.000000
2024-04-09,INTA,BBG002ZHMJ58,0,false,32.210000,32.230000,0.776156,0.062093,false,0.000000
2024-04-09,INTR,0001864163,1,false,6.090000,6.010000,0.164204,-1.313629,false,0.000000
2024-04-09,INVA,BBG001SF23V0,0,false,14.760000,14.711000,0.813008,-0.331978,false,0.000000
2024-04-09,INZY,BBG00J7QJMD0,8,false,5.600000,5.470000,1.785714,-2.321429,false,0.000000
2024-04-09,IONQ,BBG00XZP0LC3,51,true,8.280000,8.390000,3.985507,1.328502,false,0.000000
2024-04-09,IONS,BBG001SB7RD1,0,false,42.690000,42.830000,0.819864,0.327946,false,0.000000
2024-04-09,IOSP,BBG001S8RTD2,0,false,124.710000,125.550000,0.962232,0.673563,false,0.000000
2024-04-09,IOVA,BBG001T2PM32,9,false,13.070000,13.220000,1.759755,1.147666,false,0.000000
2024-04-09,IP,BBG001S5SBF4,0,false,38.100000,38.130000,1.272966,0.078740,false,0.000000
2024-04-09,IPAR,BBG001SD06N9,0,false,133.120000,132.390000,0.045072,-0.548377,false,0.000000
2024-04-09,IPG,BBG001S6RLK5,0,false,31.360000,31.750000,1.291454,1.243622,false,0.000000
2024-04-09,IPGP,BBG001SG95B8,0,false,87.980000,90.610000,4.171403,2.989316,false,0.000000
2024-04-09,IRDM,BBG001T21JT7,1,false,25.690000,25.880000,2.763721,0.739587,false,0.000000
2024-04-09,IREN,0001878848,16,true,5.350000,5.020000,4.112150,-6.168224,false,0.000000
2024-04-09,IRMD,BBG006NM92Y1,0,false,42.500000,41.930000,0.141176,-1.341176,false,0.000000
2024-04-09,IRON,BBG00W9MJL04,0,false,31.840000,32.100000,3.282035,0.816583,false,0.000000
2024-04-09,IRT,BBG004Q00LJ5,0,false,16.360000,16.695000,2.383863,2.047677,false,0.000000
2024-04-09,IRTC,BBG001TSQV70,0,false,113.710000,113.230000,1.635740,-0.422126,false,0.000000
2024-04-09,IRWD,BBG001SNZLM7,0,false,8.035000,8.090000,1.369011,0.684505,false,0.000000
2024-04-09,ISPR,BBG01DR6S4R9,0,false,5.850000,5.800000,0.487179,-0.854701,false,0.000000
2024-04-09,ITCI,BBG0026ZFZD3,0,false,68.070000,68.625000,1.388277,0.815337,false,0.000000
2024-04-09,ITGR,BBG001SFBS27,0,false,117.520000,118.990000,1.259360,1.250851,false,0.000000
2024-04-09,ITIC,BBG001S5SDL3,0,false,,,,,false,0.000000
2024-04-09,ITOS,BBG00VPNFT94,1,false,12.230000,12.655000,9.157809,3.475061,false,0.000000
2024-04-09,ITRI,BBG001S6DJQ9,0,false,91.860000,91.060000,0.272153,-0.870890,false,0.000000
2024-04-09,ITRN,0001337117,0,false,27.360000,27.600000,1.133041,0.877193,false,0.000000
2024-04-09,ITT,BBG00CVQZQB3,0,false,133.470000,132.150000,0.000000,-0.988986,false,0.000000
2024-04-09,IVR,BBG001T2XPD5,1,false,8.930000,9.010000,1.007839,0.895857,false,0.000000
2024-04-09,IVT,BBG001SCGX73,0,false,24.840000,24.990000,0.925926,0.603865,false,0.000000
2024-04-09,IVVD,BBG00W4ML048,0,false,3.090000,3.015000,1.860841,-2.427184,false,0.000000
2024-04-09,IVZ,0000914208,0,false,17.040000,16.930000,0.058685,-0.645540,false,0.000000
2024-04-09,JACK,BBG001SDBB01,0,false,60.630000,61.640000,2.655451,1.665842,false,0.000000
2024-04-09,JAMF,BBG00VSYYVC7,0,false,18.250000,18.760000,3.589041,2.794521,false,0.000000
2024-04-09,JANX,BBG00ZHSKH39,0,false,38.600000,40.060000,5.025907,3.782383,false,0.000000
2024-04-09,JAZZ,0001232524,0,false,115.330000,114.000000,0.528917,-1.153213,false,0.000000
2024-04-09,JBGS,BBG00F5FNKK5,0,false,15.860000,16.160000,2.080706,1.891551,false,0.000000
2024-04-09,JBI,BBG0100SH2D9,0,false,14.860000,14.685000,0.336474,-1.177658,false,0.000000
2024-04-09,JBLU,BBG001S9YPC1,8,false,7.110000,7.085000,0.984529,-0.351617,false,0.000000
2024-04-09,JBSS,BBG001S6WMC6,0,false,102.140000,102.870000,1.311925,0.714705,false,0.000000
2024-04-09,JBT,BBG001SQLKR2,0,false,95.000000,97.000000,2.384211,2.105263,false,0.000000
2024-04-09,JEF,BBG001S5SX02,0,false,44.510000,44.150000,0.314536,-0.808807,false,0.000000
2024-04-09,JELD,BBG001TG2G57,0,false,21.050000,21.160000,1.045131,0.522565,false,0.000000
2024-04-09,JHG,0001274173,0,false,33.060000,33.170000,0.574713,0.332728,false,0.000000
2024-04-09,JILL,BBG00FZBYDT6,0,false,29.000000,29.490000,1.689655,1.689655,false,0.000000
2024-04-09,JJSF,BBG001S5SH98,0,false,140.250000,138.540000,0.741533,-1.219251,false,0.000000
2024-04-09,JKHY,BBG001S5SHB5,0,false,172.250000,174.195000,1.166909,1.129173,false,0.000000
2024-04-09,JLL,BBG001SCLGS1,0,false,194.430000,194.000000,0.658335,-0.221159,false,0.000000
2024-04-09,JNPR,BBG001SCTT05,0,false,37.140000,37.180000,0.309639,0.107701,false,0.000000
2024-04-09,JOBY,0001819848,15,true,4.920000,4.942400,1.626016,0.455285,false,0.000000
2024-04-09,JOE,BBG001S7K9Y2,0,false,58.100000,59.090000,2.211704,1.703959,false,0.000000
2024-04-09,JOUT,BBG001SD39D1,0,false,45.180000,45.100000,0.719345,-0.177069,false,0.000000
2024-04-09,JRVR,0001620459,0,false,8.820000,8.490000,2.607710,-3.741497,false,0.000000
2024-04-09,JSPR,BBG00QPZNPB4,0,false,29.830000,29.425000,1.441167,-1.357694,false,0.000000
2024-04-09,JWN,BBG001S7BDN5,2,false,19.490000,19.370000,2.103643,-0.615700,false,0.000000
2024-04-09,JXN,BBG00922Y611,0,false,66.250000,64.960000,0.618868,-1.947170,false,0.000000
2024-04-09,KAI,BBG001S8PRM8,0,false,305.710000,305.220000,0.516830,-0.160283,false,0.000000
2024-04-09,KALU,BBG001SR3GT7,0,false,94.700000,93.300000,0.908131,-1.478353,false,0.000000
2024-04-09,KALV,BBG0026ZG5C9,0,false,11.090000,11.830000,6.853021,6.672678,false,0.000000
2024-04-09,KAMN,BBG001S5SJM9,0,false,45.860000,45.890000,0.109027,0.065416,false,0.000000
2024-04-09,KAR,BBG001T5L4B0,0,false,17.320000,17.290000,0.519630,-0.173210,false,0.000000
2024-04-09,KARO,0001828102,0,false,26.555000,26.520000,0.000000,-0.131802,false,0.000000
2024-04-09,KBH,BBG001S5SJV9,4,false,67.280000,67.040000,0.267539,-0.356718,false,0.000000
2024-04-09,KBR,BBG001SP11V3,3,false,64.960000,64.220000,0.246305,-1.139163,false,0.000000
2024-04-09,KD,BBG012W99DS1,0,false,22.050000,22.160000,0.884354,0.498866,false,0.000000
2024-04-09,KE,BBG001TCYZ77,0,false,21.490000,21.450000,0.837599,-0.186133,false,0.000000
2024-04-09,KELYA,BBG001S5SKH2,0,false,24.560000,24.560000,0.325733,0.000000,false,0.000000
2024-04-09,KEN,0001611005,0,false,21.500000,20.740000,0.000000,-3.534884,false,0.000000
2024-04-09,KEX,BBG001S5SKT9,0,false,100.310000,99.920000,0.857342,-0.388795,false,0.000000
2024-04-09,KEY,BBG001S5SKV6,4,false,15.500000,15.530000,0.290323,0.193548,false,0.000000
2024-04-09,KFRC,BBG001SCQRF6,0,false,68.680000,68.730000,0.749854,0.072801,false,0.000000
2024-04-09,KFY,BBG001SC0054,0,false,64.300000,64.460000,0.793157,0.248834,false,0.000000
2024-04-09,KGC,BBG001S5R0C2,14,true,6.550000,6.455000,0.305344,-1.450382,false,0.000000
2024-04-09,KGS,BBG01G4G6YQ4,0,false,27.890000,27.430000,0.394407,-1.649337,false,0.000000
2024-04-09,KIDS,BBG00HFFRW48,0,false,28.030000,30.370000,8.526579,8.348198,false,0.000000
2024-04-09,KIM,BBG001S70279,0,false,18.770000,18.960000,1.012254,1.012254,false,0.000000
2024-04-09,KIND,BBG00Z8MSWS4,0,false,2.120000,2.100000,1.886792,-0.943396,false,0.000000
2024-04-09,KLG,BBG018CYVVX4,3,false,20.830000,20.820000,0.576092,-0.048008,false,0.000000
2024-04-09,KLIC,BBG001S5SLP1,0,false,49.270000,49.600000,0.750964,0.669779,false,0.000000
2024-04-09,KMDA,0001567529,0,false,5.360000,5.356800,0.186567,-0.059701,false,0.000000
2024-04-09,KMPR,BBG001SD3BG3,0,false,57.690000,57.140000,0.416017,-0.953371,false,0.000000
2024-04-09,KMT,BBG001S5SM97,0,false,24.400000,24.620000,1.352459,0.901639,false,0.000000
2024-04-09,KMX,BBG001SD9561,0,false,83.050000,83.370000,1.167971,0.385310,false,0.000000
2024-04-09,KN,BBG004M8M6K9,0,false,16.140000,16.270000,1.239157,0.805452,false,0.000000
2024-04-09,KNF,BBG002N3N2W8,0,false,80.560000,79.280000,0.235849,-1.588878,false,0.000000
2024-04-09,KNSA,0001730430,0,false,17.720000,17.740000,1.580135,0.112867,false,0.000000
2024-04-09,KNSL,BBG00D8JDB02,0,false,457.970000,450.830000,0.115728,-1.559054,false,0.000000
2024-04-09,KNTK,BBG00GCLZ7C7,0,false,39.190000,39.020000,0.637918,-0.433784,false,0.000000
2024-04-09,KNX,BBG001T9BTS0,0,false,53.280000,53.650000,1.351351,0.694444,false,0.000000
2024-04-09,KODK,BBG0057GTGB6,0,false,5.290000,5.010000,0.189036,-5.293006,false,0.000000
2024-04-09,KOP,BBG001SMPFZ9,0,false,56.010000,55.790000,0.981968,-0.392787,false,0.000000
2024-04-09,KOS,BBG001SJV7R6,3,false,5.950000,6.220000,4.873950,4.537815,false,0.000000
2024-04-09,KRC,BBG001S9BHB5,0,false,35.070000,35.880000,2.566296,2.309666,false,0.000000
2024-04-09,KREF,BBG00GD4KVR1,0,false,9.810000,9.920000,1.121305,1.121305,false,0.000000
2024-04-09,KRG,BBG001S64LR3,0,false,20.730000,20.790000,0.578871,0.289436,false,0.000000
2024-04-09,KRNT,0001625791,0,false,16.580000,16.640000,1.628468,0.361882,false,0.000000
2024-04-09,KRNY,BBG008N1HXQ5,0,false,6.150000,6.090000,0.650407,-0.975610,false,0.000000
2024-04-09,KRO,BBG001SDWTD5,0,false,12.330000,12.280000,0.892133,-0.405515,false,0.000000
2024-04-09,KROS,BBG00H1HP9H8,0,false,63.410000,63.910000,2.239394,0.788519,false,0.000000
2024-04-09,KRP,BBG00FQH6N85,0,false,16.190000,16.315000,0.802965,0.772082,false,0.000000
2024-04-09,KRRO,BBG00GFMTC47,0,false,74.590000,78.280000,7.252983,4.947044,false,0.000000
2024-04-09,KRT,BBG00Q9MSFD6,0,false,28.800000,28.340000,0.000000,-1.597222,false,0.000000
2024-04-09,KRUS,BBG00PNFJ530,0,false,114.250000,115.695000,4.481400,1.264770,false,0.000000
2024-04-09,KRYS,BBG00HDGRHJ5,0,false,179.500000,180.040000,1.437326,0.300836,false,0.000000
2024-04-09,KSS,BBG001S71NV5,2,false,25.050000,24.640000,1.277445,-1.636727,false,0.000000
2024-04-09,KTB,BBG00LPTHYM5,0,false,56.470000,56.030000,0.000000,-0.779175,false,0.000000
2024-04-09,KTOS,BBG001SD5VL1,2,false,18.320000,18.340000,0.927948,0.109170,false,0.000000
2024-04-09,KURA,BBG008974351,0,false,20.440000,20.700000,1.810176,1.272016,false,0.000000
2024-04-09,KVYO,BBG009WR3FM4,0,false,24.000000,24.290000,2.250000,1.208333,false,0.000000
2024-04-09,KW,BBG001SM6C41,1,false,8.470000,8.915000,5.489965,5.253837,false,0.000000
2024-04-09,KWR,BBG001S969X5,0,false,197.850000,200.430000,1.680566,1.304018,false,0.000000
2024-04-09,KYMR,BBG00SDHC8F9,0,false,36.530000,37.640000,3.038598,3.038598,false,0.000000
2024-04-09,LAAC,BBG01JLDJ7S9,0,false,5.330000,5.475000,3.189493,2.720450,false,0.000000
2024-04-09,LAC,BBG01JLDH8P2,4,false,6.700000,6.970000,4.029851,4.029851,false,0.000000
2024-04-09,LAD,BBG001SC88P7,0,false,279.130000,278.950000,1.046108,-0.064486,false,0.000000
2024-04-09,LADR,BBG005RVGZ50,0,false,10.850000,11.010000,1.658986,1.474654,false,0.000000
2024-04-09,LAMR,BBG001S8KJC2,0,false,115.730000,116.050000,0.505487,0.276506,false,0.000000
2024-04-09,LANC,BBG001S5SPQ1,0,false,203.250000,202.880000,0.159902,-0.182042,false,0.000000
2024-04-09,LAND,BBG001TB7TR1,0,false,13.000000,13.460000,3.538462,3.538462,false,0.000000
2024-04-09,LASR,BBG0020BCPY4,0,false,12.420000,12.230000,1.368760,-1.529791,false,0.000000
2024-04-09,LAUR,BBG00B4Z2YY9,0,false,14.840000,14.830000,0.336927,-0.067385,false,0.000000
2024-04-09,LAW,BBG0066FZJP9,0,false,8.440000,8.555000,1.540284,1.362559,false,0.000000
2024-04-09,LAZ,BBG001S711C4,0,false,41.720000,41.120000,0.000000,-1.438159,false,0.000000
2024-04-09,LAZR,BBG00MS90LM0,13,true,1.870000,1.920000,4.278075,2.673797,false,0.000000
2024-04-09,LBAI,BBG001S93HH8,0,false,12.180000,12.040000,0.492611,-1.149425,false,0.000000
2024-04-09,LBPH,BBG00Y0BJ9Q2,0,false,18.280000,18.605000,2.653173,1.777899,false,0.000000
2024-04-09,LBRDK,BBG006GNSZX4,0,false,52.270000,52.260000,1.549646,-0.019131,false,0.000000
2024-04-09,LBRT,BBG00GK831C5,0,false,22.260000,22.300000,0.673854,0.179695,false,0.000000
2024-04-09,LBTYK,0001570585,0,false,17.790000,17.975000,1.236650,1.039910,false,0.000000
2024-04-09,LC,BBG001YKDNH2,0,false,8.740000,8.810000,0.800915,0.800915,false,0.000000
2024-04-09,LCID,BBG00W7F99W4,41,true,2.680000,2.700000,4.477612,0.746269,false,0.000000
2024-04-09,LCII,BBG001S8G4D9,0,false,118.260000,118.640000,0.727211,0.321326,false,0.000000
2024-04-09,LDI,BBG00B5Z6KL8,1,false,2.680000,2.745000,4.104478,2.425373,false,0.000000
2024-04-09,LE,BBG005P337F9,0,false,11.000000,12.260000,11.818182,11.454545,false,0.000000
2024-04-09,LEA,BBG001T60092,0,false,142.000000,143.800000,1.485915,1.267606,false,0.000000
2024-04-09,LECO,BBG001S5TV87,0,false,246.470000,244.930000,0.965635,-0.624822,false,0.000000
2024-04-09,LEG,BBG001S5SRG8,0,false,19.100000,18.970000,1.204188,-0.680628,false,0.000000
2024-04-09,LEGH,BBG00MJDR6K7,0,false,21.380000,21.250000,0.046773,-0.608045,false,0.000000
2024-04-09,LESL,BBG00XS6TVN8,0,false,5.450000,5.430000,1.467890,-0.366972,false,0.000000
2024-04-09,LEU,BBG001S9F7B3,0,false,44.260000,43.510000,0.271125,-1.694532,false,0.000000
2024-04-09,LEVI,BBG001S9NVN8,7,false,20.660000,20.510000,0.508228,-0.726041,false,0.000000
2024-04-09,LFMD,BBG001S5Z6Z5,0,false,10.030000,10.270000,2.691924,2.392822,false,0.000000
2024-04-09,LFST,BBG01138DHT2,0,false,6.320000,6.290000,2.294304,-0.474684,false,0.000000
2024-04-09,LFUS,BBG001S744B6,0,false,235.270000,241.160000,3.068815,2.503507,false,0.000000
2024-04-09,LGF.A,BBG001SC6N58,0,false,10.270000,10.700000,4.284323,4.186952,false,0.000000
2024-04-09,LGIH,BBG0056655T0,0,false,101.950000,102.004000,0.735655,0.052967,false,0.000000
2024-04-09,LGND,BBG001S8CH99,0,false,79.460000,81.550000,2.743519,2.630254,false,0.000000
2024-04-09,LILAK,0001712184,0,false,7.390000,7.480000,2.165088,1.217862,false,0.000000
2024-04-09,LILM,0001855756,8,false,0.960000,0.940000,0.000000,-2.083333,false,0.000000
2024-04-09,LINC,BBG001SH9DM7,0,false,10.180000,10.210000,0.392927,0.294695,false,0.000000
2024-04-09,LIND,BBG004MDWKT7,0,false,8.290000,8.080000,0.482509,-2.533172,false,0.000000
2024-04-09,LITE,BBG0073F9RS8,0,false,45.890000,47.280000,3.246895,3.028982,false,0.000000
2024-04-09,LIVN,0001639691,0,false,54.830000,55.850000,2.389203,1.860295,false,0.000000
2024-04-09,LKFN,BBG001S7RTC5,0,false,61.790000,61.550000,1.084318,-0.388412,false,0.000000
2024-04-09,LKQ,BBG001SCCPJ1,0,false,51.650000,51.880000,0.600194,0.445305,false,0.000000
2024-04-09,LLAP,BBG00ZDR71D4,18,true,1.520000,1.540000,6.250000,1.315789,false,0.000000
2024-04-09,LLYVK,BBG01HMFLVL8,0,false,43.320000,42.930000,0.000000,-0.900277,false,0.000000
2024-04-09,LMAT,BBG001SK6CX3,0,false,65.520000,67.020000,2.654151,2.289377,false,0.000000
2024-04-09,LMB,BBG006G0NGD3,1,false,41.000000,40.950000,0.780488,-0.121951,false,0.000000
2024-04-09,LMND,BBG00BM5YC14,1,false,17.170000,16.900000,3.319744,-1.572510,false,0.000000
2024-04-09,LMNR,BBG001S775Q4,0,false,19.580000,19.490000,0.229826,-0.459653,false,0.000000
2024-04-09,LNC,BBG001S5STV7,1,false,30.410000,29.830000,0.789214,-1.907267,false,0.000000
2024-04-09,LNN,BBG001SB90F6,0,false,120.000000,118.610000,0.000000,-1.158333,false,0.000000
2024-04-09,LNT,BBG001S8ZQ30,0,false,49.680000,49.990000,0.644122,0.623994,false,0.000000
2024-04-09,LNTH,BBG006Q52RF8,0,false,59.970000,60.430000,1.834250,0.767050,false,0.000000
2024-04-09,LNW,BBG00JR5MM40,0,false,100.690000,99.310000,0.337670,-1.370543,false,0.000000
2024-04-09,LNZA,BBG00ZCX6BL2,0,false,3.250000,3.270000,4.000000,0.615385,false,0.000000
2024-04-09,LOB,BBG001T4RVG2,0,false,41.370000,41.540000,0.676819,0.410926,false,0.000000
2024-04-09,LOCO,BBG001SQ0C48,0,false,9.270000,9.170000,0.431499,-1.078749,false,0.000000
2024-04-09,LOGI,0001032975,2,false,88.390000,88.580000,0.214956,0.214956,false,0.000000
2024-04-09,LOPE,BBG001T01JZ4,0,false,132.140000,132.635000,1.884365,0.374603,false,0.000000
2024-04-09,LOVE,BBG001T8S8C7,0,false,24.220000,24.400000,3.592073,0.743187,false,0.000000
2024-04-09,LPG,0001596993,1,false,40.140000,38.810000,0.348779,-3.313403,false,0.000000
2024-04-09,LPRO,BBG00VDHLTH4,0,false,5.680000,5.650000,0.616197,-0.528169,false,0.000000
2024-04-09,LPX,BBG001S5SW04,0,false,79.120000,79.780000,1.504044,0.834176,false,0.000000
2024-04-09,LQDA,BBG001V0GFD7,0,false,15.150000,14.960000,0.330033,-1.254125,false,0.000000
2024-04-09,LQDT,BBG001SLKD81,0,false,18.380000,18.710000,1.795430,1.795430,false,0.000000
2024-04-09,LRMR,BBG001V0GD97,0,false,7.290000,7.050000,2.812071,-3.292181,false,0.000000
2024-04-09,LRN,BBG001SNN4P5,0,false,61.360000,60.690000,0.464472,-1.091917,false,0.000000
2024-04-09,LSCC,BBG001S6C0G2,0,false,77.080000,77.580000,1.297353,0.648677,false,0.000000
2024-04-09,LSEA,BBG00L99PSG8,0,false,13.190000,12.805000,0.075815,-2.918878,false,0.000000
2024-04-09,LSPD,BBG00B0JR9Q6,0,false,14.230000,14.240000,0.632467,0.070274,false,0.000000
2024-04-09,LSTR,BBG001S5RWM1,0,false,185.230000,184.660000,0.164660,-0.307726,false,0.000000
2024-04-09,LSXMK,BBG01HLMB7B9,3,false,26.840000,26.705000,0.558867,-0.502981,false,0.000000
2024-04-09,LTC,BBG001S73DC6,0,false,32.170000,32.700000,1.725210,1.647498,false,0.000000
2024-04-09,LTH,BBG012J3H0X2,0,false,15.140000,15.330000,1.915456,1.254954,false,0.000000
2024-04-09,LUMN,BBG001S5Q8G2,4,false,1.380000,1.470000,7.246377,6.521739,false,0.000000
2024-04-09,LUNG,BBG001T4HJ52,0,false,8.400000,8.660000,3.690476,3.095238,false,0.000000
2024-04-09,LVRO,0001945711,0,false,5.850000,5.910000,4.957265,1.025641,false,0.000000
2024-04-09,LVWR,BBG019STC653,0,false,6.860000,7.050000,3.352770,2.769679,false,0.000000
2024-04-09,LW,BBG003CVMLR1,4,false,78.000000,80.440000,4.205128,3.128205,false,0.000000
2024-04-09,LWLG,BBG001SBG0P7,0,false,4.430000,4.270000,0.677201,-3.611738,false,0.000000
2024-04-09,LXEO,BBG00YB1C8N4,0,false,12.930000,13.365000,16.473318,3.364269,true,0.000000
2024-04-09,LXP,BBG001S7H5W6,1,false,9.100000,9.320000,2.417582,2.417582,false,0.000000
2024-04-09,LXRX,BBG001SDWCZ8,4,false,2.110000,2.070000,2.758294,-1.895735,false,0.000000
2024-04-09,LXU,BBG001S67BF5,0,false,8.550000,8.700000,2.280702,1.754386,false,0.000000
2024-04-09,LYEL,BBG00RNXFN23,0,false,2.230000,2.515000,17.713004,12.780269,true,0.000000
2024-04-09,LYFT,BBG004M9ZHY4,9,false,17.940000,18.525000,4.682274,3.260870,false,0.000000
2024-04-09,LYTS,BBG001S5SXV8,0,false,15.130000,14.840000,0.264375,-1.916722,false,0.000000
2024-04-09,LZ,BBG001TVNN74,0,false,13.310000,13.110000,0.338092,-1.502630,false,0.000000
2024-04-09,LZB,BBG001S5SXX6,0,false,36.050000,36.330000,1.137309,0.776699,false,0.000000
2024-04-09,LZM,0001958217,0,false,7.730000,7.370000,0.258732,-4.657180,false,0.000000
2024-04-09,M,BBG001S6KRW6,13,true,19.570000,19.690000,1.277466,0.613183,false,0.000000
2024-04-09,MAC,BBG001S7HGB5,0,false,16.270000,16.390000,0.737554,0.737554,false,0.000000
2024-04-09,MAG,BBG001S631Z9,4,false,12.440000,12.630000,2.572347,1.527331,false,0.000000
2024-04-09,MAIN,BBG001SJMVT1,0,false,47.550000,47.670000,0.336488,0.252366,false,0.000000
2024-04-09,MAN,BBG001S5SYW5,0,false,75.880000,76.110000,1.251977,0.303110,false,0.000000
2024-04-09,MANH,BBG001S71S35,0,false,243.500000,242.180000,0.041068,-0.542094,false,0.000000
2024-04-09,MANU,0001549107,1,false,14.820000,14.910000,1.079622,0.607287,false,0.000000
2024-04-09,MARA,BBG001V0L7T2,55,true,17.830000,17.980000,4.038138,0.841279,false,0.000000
2024-04-09,MASI,BBG001S71GQ6,0,false,143.000000,144.960000,1.377622,1.370629,false,0.000000
2024-04-09,MAT,BBG001S5SZF1,0,false,19.340000,19.170000,0.672182,-0.879007,false,0.000000
2024-04-09,MATV,BBG001S7VRC4,0,false,18.520000,18.570000,1.025918,0.269978,false,0.000000
2024-04-09,MATW,BBG001S81V81,0,false,28.140000,28.570000,2.292111,1.528074,false,0.000000
2024-04-09,MATX,BBG001S5NL21,0,false,114.120000,109.370000,0.508237,-4.162285,false,0.000000
2024-04-09,MAX,BBG00XRTJ8D2,0,false,18.630000,18.300000,1.234568,-1.771337,false,0.000000
2024-04-09,MBC,BBG01B9G4424,0,false,18.720000,18.260000,0.267094,-2.457265,false,0.000000
2024-04-09,MBI,BBG001S5T021,0,false,6.630000,6.700000,2.714932,1.055807,false,0.000000
2024-04-09,MBIN,BBG001STXPM7,0,false,41.480000,41.110000,0.048216,-0.891996,false,0.000000
2024-04-09,MBUU,BBG005PXTR61,0,false,42.850000,43.230000,1.400233,0.886814,false,0.000000
2024-04-09,MBWM,BBG001S971V3,0,false,37.310000,37.190000,0.053605,-0.321630,false,0.000000
2024-04-09,MC,BBG001STYX58,0,false,56.720000,57.100000,1.181241,0.669958,false,0.000000
2024-04-09,MCB,BBG001V0P380,0,false,37.250000,37.160000,1.476510,-0.241611,false,0.000000
2024-04-09,MCBC,BBG001S7SKV2,0,false,9.750000,9.700000,0.000000,-0.512821,false,0.000000
2024-04-09,MCBS,BBG0088BL023,0,false,23.690000,24.190000,2.110595,2.110595,false,0.000000
2024-04-09,MCFT,BBG002ZYLPP6,0,false,22.490000,22.847000,2.018675,1.587372,false,0.000000
2024-04-09,MCRI,BBG001S7DVP1,0,false,72.550000,73.240000,1.006203,0.951068,false,0.000000
2024-04-09,MCS,BBG001S7JNZ2,0,false,13.730000,13.760000,1.019665,0.218500,false,0.000000
2024-04-09,MCW,BBG011FS2K56,0,false,6.960000,6.980000,2.083333,0.287356,false,0.000000
2024-04-09,MCY,BBG001S98VJ0,0,false,51.560000,50.880000,0.698216,-1.318852,false,0.000000
2024-04-09,MD,BBG001S96T25,0,false,9.560000,9.550000,0.993724,-0.104603,false,0.000000
2024-04-09,MDC,BBG001S5T272,0,false,62.920000,62.900000,0.000000,-0.031786,false,0.000000
2024-04-09,MDGL,BBG001SNKQ42,0,false,251.410000,248.970000,0.823356,-0.970526,false,0.000000
2024-04-09,MDU,BBG001S5T2W4,0,false,25.190000,25.070000,0.436681,-0.476380,false,0.000000
2024-04-09,MDXG,BBG001STPW96,0,false,6.900000,7.020000,1.739130,1.739130,false,0.000000
2024-04-09,MED,BBG001SD45H4,0,false,33.170000,34.040000,5.290926,2.622852,false,0.000000
2024-04-09,MEDP,BBG0065B7K40,0,false,412.150000,405.090000,0.043673,-1.712969,false,0.000000
2024-04-09,MEG,BBG005Q29V07,0,false,45.280000,45.140000,0.000000,-0.309187,false,0.000000
2024-04-09,MEI,BBG001S5T3T6,0,false,12.380000,12.610000,2.665590,1.857835,false,0.000000
2024-04-09,MEOH,BBG001S66Y93,0,false,50.310000,50.510000,0.616180,0.397535,false,0.000000
2024-04-09,MERC,BBG001S6TK43,0,false,9.800000,10.030000,3.061224,2.346939,false,0.000000
2024-04-09,METC,BBG00BCQJ2W4,0,false,15.950000,15.830000,2.131661,-0.752351,false,0.000000
2024-04-09,MFA,BBG001S86YS8,0,false,11.120000,11.240000,1.079137,1.079137,false,0.000000
2024-04-09,MFIC,BBG001SF7M43,0,false,15.000000,14.990000,0.266667,-0.066667,false,0.000000
2024-04-09,MGEE,BBG001SD2RD2,0,false,79.220000,78.570000,0.467054,-0.820500,false,0.000000
2024-04-09,MGIC,BBG001SCPDF8,1,false,12.270000,12.220000,0.000000,-0.407498,false,0.000000
2024-04-09,MGNI,BBG001T5LB97,1,false,9.860000,9.970000,2.636917,1.115619,false,0.000000
2024-04-09,MGNX,BBG001S9C8R7,9,false,19.500000,18.110000,0.209231,-7.128205,false,0.000000
2024-04-09,MGPI,BBG001S5XTL2,1,false,80.240000,81.490000,1.906780,1.557827,false,0.000000
2024-04-09,MGRC,BBG001S5T593,0,false,120.560000,120.270000,0.207366,-0.240544,false,0.000000
2024-04-09,MGTX,0001735438,0,false,5.580000,5.730000,5.734767,2.688172,false,0.000000
2024-04-09,MGY,BBG00GNC8DM1,0,false,26.760000,26.640000,0.367339,-0.448430,false,0.000000
2024-04-09,MHK,BBG001SBGSZ5,0,false,124.260000,125.150000,1.001931,0.716240,false,0.000000
2024-04-09,MHO,BBG001S7HGC4,0,false,126.430000,122.000000,0.000000,-3.503915,false,0.000000
2024-04-09,MIDD,BBG001S8N9X8,0,false,152.450000,153.240000,0.531322,0.518203,false,0.000000
2024-04-09,MIR,BBG00VHJ1KB3,0,false,11.240000,11.200000,0.934164,-0.355872,false,0.000000
2024-04-09,MIRM,BBG00MH7T2N6,0,false,25.950000,26.180000,1.348748,0.886320,false,0.000000
2024-04-09,MITK,BBG001S5T6P3,0,false,14.750000,14.580000,0.508475,-1.152542,false,0.000000
2024-04-09,MKSI,BBG001SBB6Q8,0,false,130.200000,129.485000,0.629800,-0.549155,false,0.000000
2024-04-09,MKTX,BBG001S8R6K4,0,false,226.490000,226.480000,0.708641,-0.004415,false,0.000000
2024-04-09,ML,BBG00VHZZP74,1,false,86.470000,78.650000,0.612929,-9.043599,false,0.000000
2024-04-09,MLAB,BBG001S5T762,0,false,105.910000,106.920000,1.595694,0.953640,false,0.000000
2024-04-09,MLI,BBG001S6PVC4,0,false,54.190000,53.940000,0.369072,-0.461340,false,0.000000
2024-04-09,MLKN,BBG001S5T771,0,false,27.290000,27.700000,1.575669,1.502382,false,0.000000
2024-04-09,MLNK,BBG002ZYMKR4,0,false,18.570000,18.460000,1.077006,-0.592353,false,0.000000
2024-04-09,MLP,BBG001S5T7D4,0,false,21.180000,20.980000,0.708215,-0.944287,false,0.000000
2024-04-09,MLR,BBG001S7BMD6,0,false,53.300000,53.080000,0.562852,-0.412758,false,0.000000
2024-04-09,MLTX,BBG00XQZQVP7,0,false,46.410000,46.770000,1.508296,0.775695,false,0.000000
2024-04-09,MLYS,BBG00ZXN1GR9,0,false,13.270000,13.120000,1.733233,-1.130369,false,0.000000
2024-04-09,MMAT,BBG001T3WTK8,9,false,4.000000,3.900000,6.500000,-2.500000,false,0.000000
2024-04-09,MMI,BBG005GBRSS5,0,false,32.940000,33.760000,2.641166,2.489375,false,0.000000
2024-04-09,MMS,BBG001S6G4K5,0,false,81.300000,81.310000,0.086101,0.012300,false,0.000000
2024-04-09,MMSI,BBG001S6KLT3,0,false,72.940000,72.520000,0.795174,-0.575816,false,0.000000
2024-04-09,MMYT,0001495153,0,false,67.640000,69.660000,4.509166,2.986399,false,0.000000
2024-04-09,MNDY,0001845338,0,false,219.680000,215.750000,0.000000,-1.788966,false,0.000000
2024-04-09,MNKD,BBG001SLLLY3,1,false,4.470000,4.450000,2.908277,-0.447427,false,0.000000
2024-04-09,MNMD,BBG001TCSL84,8,false,10.890000,10.050000,1.010101,-7.713499,false,0.000000
2024-04-09,MNRO,BBG001S62LS4,0,false,31.000000,31.120000,1.709677,0.387097,false,0.000000
2024-04-09,MNTK,BBG00YHYK376,0,false,4.460000,4.550000,5.605381,2.017937,false,0.000000
2024-04-09,MOD,BBG001S5T913,0,false,97.130000,91.450000,0.126120,-5.847833,false,0.000000
2024-04-09,MODG,BBG001S70DV8,0,false,16.340000,16.490000,1.285190,0.917993,false,0.000000
2024-04-09,MODN,BBG001SQGHS4,3,false,29.820000,29.710000,0.100604,-0.368880,false,0.000000
2024-04-09,MODV,BBG001SL2C10,0,false,23.520000,23.990000,5.123299,1.998299,false,0.000000
2024-04-09,MOFG,BBG001SCDXR4,0,false,21.830000,21.870000,1.465873,0.183234,false,0.000000
2024-04-09,MOG.A,BBG001S5T922,0,false,160.760000,158.300000,0.000000,-1.530231,false,0.000000
2024-04-09,MORF,BBG00PBD6WR7,0,false,30.100000,30.745000,2.192691,2.142857,false,0.000000
2024-04-09,MORN,BBG001SC6FV6,0,false,315.210000,315.015000,0.228419,-0.061864,false,0.000000
2024-04-09,MOS,BBG001S7LJN1,1,false,32.820000,33.310000,1.523461,1.492992,false,0.000000
2024-04-09,MOV,BBG001S8FWS2,0,false,27.610000,27.175000,0.036219,-1.575516,false,0.000000
2024-04-09,MP,BBG00TJGL0T5,13,true,16.370000,17.460000,7.086133,6.658522,false,0.000000
2024-04-09,MPB,BBG001S5T0G6,0,false,19.970000,19.890000,1.552328,-0.400601,false,0.000000
2024-04-09,MPLN,BBG00RLZ9M83,0,false,0.854100,0.822900,4.086173,-3.652968,false,0.000000
2024-04-09,MPW,BBG001S7WM61,13,true,4.100000,4.260000,4.634146,3.902439,false,0.000000
2024-04-09,MPX,BBG001S6HCC5,0,false,11.660000,11.710000,1.200686,0.428816,false,0.000000
2024-04-09,MQ,BBG0112Z8873,1,false,6.020000,6.120000,1.661130,1.661130,false,0.000000
2024-04-09,MRC,BBG001SN9P56,0,false,12.930000,12.690000,0.541377,-1.856148,false,0.000000
2024-04-09,MRCY,BBG001SBFLT8,0,false,29.320000,29.280000,2.080491,-0.136426,false,0.000000
2024-04-09,MRNS,BBG00253KMG5,0,false,8.180000,8.380000,3.300733,2.444988,false,0.000000
2024-04-09,MRSN,BBG001TZ57P0,0,false,4.170000,4.100000,0.239808,-1.678657,false,0.000000
2024-04-09,MRTN,BBG001S5TCK5,0,false,18.050000,17.900000,0.526316,-0.831025,false,0.000000
2024-04-09,MRUS,0001651311,0,false,44.060000,42.790000,0.703586,-2.882433,false,0.000000
2024-04-09,MRVI,BBG00Y1DFW44,1,false,7.880000,8.510000,8.502538,7.994924,false,0.000000
2024-04-09,MSA,BBG001S5TCN2,0,false,194.410000,193.630000,0.262332,-0.401214,false,0.000000
2024-04-09,MSBI,BBG001SMZRY3,0,false,24.710000,24.730000,0.526103,0.080939,false,0.000000
2024-04-09,MSEX,BBG001S5TCZ9,0,false,49.270000,50.060000,1.603410,1.603410,false,0.000000
2024-04-09,MSGE,BBG019980TF2,0,false,39.920000,39.760000,0.200401,-0.400802,false,0.000000
2024-04-09,MSGS,BBG007FG0C32,0,false,184.800000,185.480000,0.790043,0.367965,false,0.000000
2024-04-09,MSM,BBG001S5TD87,0,false,94.590000,94.630000,0.570885,0.042288,false,0.000000
2024-04-09,MTAL,0001950246,0,false,13.840000,13.500000,1.950867,-2.456647,false,0.000000
2024-04-09,MTC,0001742518,0,false,1.860000,1.800000,1.069892,-3.225806,false,0.000000
2024-04-09,MTCH,BBG00VT0KP47,1,false,34.250000,35.130000,4.394161,2.569343,false,0.000000
2024-04-09,MTDR,BBG001T3L5S4,1,false,69.440000,68.730000,0.450029,-1.022465,false,0.000000
2024-04-09,MTG,BBG001S6SFR0,0,false,20.830000,20.610000,0.528084,-1.056169,false,0.000000
2024-04-09,MTH,BBG001S9F527,0,false,164.440000,164.450000,0.778399,0.006081,false,0.000000
2024-04-09,MTN,BBG001S5TFD6,0,false,230.880000,232.370000,0.777460,0.645357,false,0.000000
2024-04-09,MTRN,BBG001S5PFQ6,0,false,125.640000,126.750000,0.891436,0.883477,false,0.000000
2024-04-09,MTRX,BBG001S6MM91,0,false,13.180000,12.940000,1.365706,-1.820941,false,0.000000
2024-04-09,MTSI,BBG001T4BB37,0,false,102.630000,102.830000,0.253337,0.194875,false,0.000000
2024-04-09,MTTR,BBG00XS0FV65,0,false,2.090000,2.010000,1.909091,-3.827751,false,0.000000
2024-04-09,MTW,BBG001S7C7S2,0,false,13.550000,13.670000,1.697417,0.885609,false,0.000000
2024-04-09,MTX,BBG001S5TFZ2,0,false,74.090000,73.870000,0.418410,-0.296936,false,0.000000
2024-04-09,MTZ,BBG001S95HF8,0,false,94.670000,93.090000,0.348579,-1.668955,false,0.000000
2024-04-09,MULN,BBG003GMH366,3,false,4.090000,4.000000,1.222494,-2.200489,false,0.000000
2024-04-09,MUR,BBG001S5TG80,0,false,48.480000,47.920000,0.000000,-1.155116,false,0.000000
2024-04-09,MUSA,BBG001Z0Q6V2,0,false,418.370000,413.210000,0.000000,-1.233358,false,0.000000
2024-04-09,MUX,BBG001S5X3Z4,10,true,11.400000,11.640000,3.947368,2.105263,false,0.000000
2024-04-09,MVIS,BBG001S74TH5,9,false,1.730000,1.705000,3.468208,-1.445087,false,0.000000
2024-04-09,MWA,BBG001SNQZ91,0,false,15.620000,15.510000,0.448143,-0.704225,false,0.000000
2024-04-09,MXCT,BBG00CFTQNG7,0,false,4.140000,4.155000,2.053140,0.362319,false,0.000000
2024-04-09,MXL,BBG001S6MZV7,2,false,23.650000,23.360000,2.875264,-1.226216,false,0.000000
2024-04-09,MYE,BBG001S5TH97,0,false,22.290000,22.370000,1.076716,0.358905,false,0.000000
2024-04-09,MYGN,BBG001S86FS9,0,false,20.370000,20.920000,3.387334,2.700049,false,0.000000
2024-04-09,MYPS,BBG00Y1RQ9N1,0,false,2.780000,2.800000,3.237410,0.719424,false,0.000000
2024-04-09,MYRG,BBG001S8GYM3,0,false,177.570000,173.060000,0.000000,-2.539843,false,0.000000
2024-04-09,NABL,BBG00YJKWXF6,0,false,12.860000,12.860000,0.622084,0.000000,false,0.000000
2024-04-09,NAMS,0001936258,0,false,19.470000,18.780000,2.722137,-3.543914,false,0.000000
2024-04-09,NAPA,BBG00ZF3LGX4,0,false,8.990000,9.020000,1.334816,0.333704,false,0.000000
2024-04-09,NARI,BBG009J8K7N9,0,false,42.810000,43.200000,1.144592,0.911002,false,0.000000
2024-04-09,NAT,0001000177,3,false,3.960000,3.875000,0.000000,-2.146465,false,0.000000
2024-04-09,NATL,BBG019Y0WP28,0,false,20.110000,21.230000,6.066634,5.569368,false,0.000000
2024-04-09,NATR,BBG001S61DP6,0,false,19.840000,19.370000,0.151210,-2.368952,false,0.000000
2024-04-09,NAUT,BBG00W7G4MV9,0,false,2.720000,2.640000,2.205882,-2.941176,false,0.000000
2024-04-09,NAVI,BBG004MN1R50,0,false,17.200000,17.115000,0.465116,-0.494186,false,0.000000
2024-04-09,NBHC,BBG003D8Y8V2,0,false,35.200000,35.540000,0.994318,0.965909,false,0.000000
2024-04-09,NBIX,BBG001S8W4X9,0,false,140.070000,139.090000,0.985222,-0.699650,false,0.000000
2024-04-09,NBR,0001163739,1,false,87.960000,85.210000,1.068668,-3.126421,false,0.000000
2024-04-09,NBTB,BBG001S6XCS0,0,false,35.960000,36.110000,0.695217,0.417130,false,0.000000
2024-04-09,NCLH,0001513761,13,true,19.460000,19.410000,1.233299,-0.256937,false,0.000000
2024-04-09,NCMI,BBG001SRSPD7,0,false,5.170000,5.010000,1.547389,-3.094778,false,0.000000
2024-04-09,NCNO,BBG014GJ8XJ0,4,false,35.430000,35.140000,0.231725,-0.818515,false,0.000000
2024-04-09,NE,0001895262,2,false,51.440000,50.910000,0.653966,-1.030327,false,0.000000
2024-04-09,NEGG,0001474627,1,false,0.857500,0.837300,3.749388,-2.355685,false,0.000000
2024-04-09,NEO,BBG001S9DSY4,0,false,14.890000,15.230000,4.566823,2.283412,false,0.000000
2024-04-09,NEOG,BBG001S67B47,13,true,12.760000,13.040000,7.288401,2.194357,false,0.000000
2024-04-09,NEP,BBG006JNW312,5,false,29.710000,30.380000,2.255133,2.255133,false,0.000000
2024-04-09,NETD,0001975218,0,false,10.450000,10.450000,0.000000,0.000000,false,0.000000
2024-04-09,NEWP,BBG001SBGJ21,4,false,1.850000,1.990000,9.729730,7.567568,false,0.000000
2024-04-09,NEWT,BBG001S9PYW0,0,false,12.330000,12.400000,1.703163,0.567721,false,0.000000
2024-04-09,NEXA,0001713930,0,false,7.470000,7.400000,0.267738,-0.937082,false,0.000000
2024-04-09,NEXT,BBG008GC7WN5,1,false,5.630000,5.980000,6.527531,6.216696,false,0.000000
2024-04-09,NFBK,BBG001T0M0Z2,0,false,9.230000,9.170000,0.866739,-0.650054,false,0.000000
2024-04-09,NFE,BBG00MJH9M32,0,false,29.550000,30.180000,2.165821,2.131980,false,0.000000
2024-04-09,NFG,BBG001S5TLR8,0,false,53.580000,53.710000,0.625233,0.242628,false,0.000000
2024-04-09,NFGC,BBG00JFFSNN2,2,false,4.060000,3.900000,0.246305,-3.940887,false,0.000000
2024-04-09,NG,BBG001S5ZT85,4,false,3.240000,3.270000,2.006173,0.925926,false,0.000000
2024-04-09,NGD,BBG001S5YM54,3,false,1.790000,1.840000,3.351955,2.793296,false,0.000000
2024-04-09,NGL,BBG001V0FSC1,0,false,5.970000,5.900000,0.335008,-1.172529,false,0.000000
2024-04-09,NGMS,0001821349,0,false,28.970000,29.010000,0.207111,0.138074,false,0.000000
2024-04-09,NGVC,BBG0034VYM77,0,false,16.960000,16.910000,0.471698,-0.294811,false,0.000000
2024-04-09,NGVT,BBG009LM2988,0,false,47.300000,49.170000,4.334038,3.953488,false,0.000000
2024-04-09,NHC,BBG001SBJ378,0,false,92.370000,91.050000,0.000000,-1.429035,false,0.000000
2024-04-09,NHI,BBG001S6W8Y3,0,false,61.060000,60.960000,0.376679,-0.163773,false,0.000000
2024-04-09,NI,BBG001S5TMF9,1,false,27.540000,27.640000,0.508351,0.363108,false,0.000000
2024-04-09,NIC,BBG001SN0Y92,0,false,82.660000,83.280000,0.955722,0.750060,false,0.000000
2024-04-09,NJR,BBG001S5TMT4,0,false,43.100000,42.910000,0.487239,-0.440835,false,0.000000
2024-04-09,NKLA,BBG00L4CWQW4,56,true,1.010000,1.002000,0.990099,-0.792079,false,0.000000
2024-04-09,NKTX,BBG00JXHS9H6,1,false,8.850000,8.720000,2.146893,-1.468927,false,0.000000
2024-04-09,NL,BBG001S5TMX9,0,false,8.340000,8.340000,0.599520,0.000000,false,0.000000
2024-04-09,NLOP,BBG01JKVZRT7,0,false,23.660000,24.410000,3.296703,3.169907,false,0.000000
2024-04-09,NLY,BBG001S8J4S0,1,false,19.380000,19.430000,0.361197,0.257998,false,0.000000
2024-04-09,NMFC,BBG001T9D5H2,0,false,12.650000,12.570000,0.395257,-0.632411,false,0.000000
2024-04-09,NMIH,BBG005DLMPF1,0,false,31.350000,30.840000,0.000000,-1.626794,false,0.000000
2024-04-09,NMM,0001415921,0,false,42.550000,41.740000,0.000000,-1.903643,false,0.000000
2024-04-09,NMRA,BBG012W9C504,0,false,14.700000,14.530000,1.700680,-1.156463,false,0.000000
2024-04-09,NMRK,BBG00J24S7X5,0,false,11.040000,11.030000,1.041667,-0.090580,false,0.000000
2024-04-09,NN,BBG017XG00Z2,0,false,7.850000,7.590000,0.891720,-3.312102,false,0.000000
2024-04-09,NNI,BBG001SGRMS3,0,false,94.700000,95.280000,0.612460,0.612460,false,0.000000
2024-04-09,NNN,BBG001S6Z1P5,0,false,42.130000,42.660000,1.281747,1.258011,false,0.000000
2024-04-09,NNOX,0001795251,17,true,10.900000,10.730000,4.128440,-1.559633,false,0.000000
2024-04-09,NOA,BBG001SBRPM3,0,false,22.660000,22.220000,0.000000,-1.941748,false,0.000000
2024-04-09,NODK,BBG00DZS4J96,0,false,15.130000,15.010000,0.000000,-0.793126,false,0.000000
2024-04-09,NOG,BBG001SK2P31,0,false,41.590000,42.280000,1.731185,1.659053,false,0.000000
2024-04-09,NOMD,0001651717,0,false,18.990000,18.780000,0.000000,-1.105845,false,0.000000
2024-04-09,NOV,BBG001S6HFR2,0,false,20.480000,20.250000,0.195312,-1.123047,false,0.000000
2024-04-09,NOVA,BBG00PLQ1KH9,22,true,4.580000,5.390000,18.995633,17.685590,true,0.000000
2024-04-09,NOVT,BBG001S6MRJ9,0,false,168.910000,170.240000,1.553845,0.787402,false,0.000000
2024-04-09,NPCE,BBG001V0SVB1,0,false,15.570000,15.185000,1.314708,-2.472704,false,0.000000
2024-04-09,NPK,BBG001S5TPT7,0,false,82.650000,81.010000,0.000000,-1.984271,false,0.000000
2024-04-09,NPO,BBG001SCK8H2,0,false,166.270000,165.580000,0.917183,-0.414988,false,0.000000
2024-04-09,NPWR,BBG00ZMY0HK3,0,false,10.760000,10.940000,2.509294,1.672862,false,0.000000
2024-04-09,NR,BBG001S6CQY5,7,false,7.700000,7.520000,0.649351,-2.337662,false,0.000000
2024-04-09,NRC,BBG004K1F9R1,0,false,37.270000,36.920000,0.912262,-0.939093,false,0.000000
2024-04-09,NRDS,BBG0087DN242,0,false,14.180000,14.500000,2.609309,2.256700,false,0.000000
2024-04-09,NRIX,BBG00SDJ8M87,0,false,13.950000,17.480000,25.519713,25.304659,true,0.000000
2024-04-09,NRP,BBG001SH9LZ5,0,false,91.450000,86.390000,0.010935,-5.533078,false,0.000000
2024-04-09,NRXP,BBG00JCWDNX3,4,false,5.510000,5.160100,1.441016,-6.350272,false,0.000000
2024-04-09,NS,BBG001SFS805,1,false,22.700000,22.530000,1.321586,-0.748899,false,0.000000
2024-04-09,NSA,BBG008417VP2,0,false,38.850000,40.230000,3.577864,3.552124,false,0.000000
2024-04-09,NSIT,BBG001S7LHJ0,0,false,187.280000,186.470000,0.282999,-0.432507,false,0.000000
2024-04-09,NSP,BBG001S894P4,0,false,107.870000,108.500000,0.922407,0.584036,false,0.000000
2024-04-09,NSSC,BBG001S5TR13,0,false,41.360000,40.640000,0.000000,-1.740812,false,0.000000
2024-04-09,NTB,0001653242,0,false,31.920000,32.120000,0.720551,0.626566,false,0.000000
2024-04-09,NTCT,BBG001SD3PL6,0,false,20.170000,20.659000,2.478929,2.424393,false,0.000000
2024-04-09,NTGR,BBG001SG03X8,0,false,15.000000,15.530000,3.933333,3.533333,false,0.000000
2024-04-09,NTLA,BBG007KC7PC9,1,false,25.460000,26.100000,3.063629,2.513747,false,0.000000
2024-04-09,NTRA,BBG001V0FSF8,0,false,95.650000,97.400000,2.038683,1.829587,false,0.000000
2024-04-09,NTST,BBG00W5FQQM0,0,false,17.980000,18.010000,0.472747,0.166852,false,0.000000
2024-04-09,NUS,BBG001S988X5,0,false,12.530000,12.990000,5.027933,3.671189,false,0.000000
2024-04-09,NUVB,BBG00VHJ0CD0,0,false,3.250000,3.230000,2.153846,-0.615385,false,0.000000
2024-04-09,NUVL,BBG00Z1SLMN2,0,false,68.760000,69.950000,2.734148,1.730657,false,0.000000
2024-04-09,NVAX,BBG001SGL8G3,8,false,4.420000,4.440000,5.203620,0.452489,false,0.000000
2024-04-09,NVCR,0001645113,0,false,14.200000,14.880000,8.888732,4.788732,false,0.000000
2024-04-09,NVEC,BBG001SGKV64,0,false,84.290000,84.730000,0.557599,0.522007,false,0.000000
2024-04-09,NVEE,BBG005BT61P6,0,false,95.630000,96.100000,0.564676,0.491478,false,0.000000
2024-04-09,NVEI,BBG00X2VHWW2,0,false,32.250000,32.340000,0.465116,0.279070,false,0.000000
2024-04-09,NVGS,0001581804,0,false,15.440000,15.110000,0.129534,-2.137306,false,0.000000
2024-04-09,NVMI,0001109345,1,false,180.370000,174.960000,0.000000,-2.999390,false,0.000000
2024-04-09,NVRI,BBG001S5S0V0,0,false,8.900000,8.931000,1.235955,0.348315,false,0.000000
2024-04-09,NVRO,BBG001V0KW81,0,false,13.200000,13.600000,4.848485,3.030303,false,0.000000
2024-04-09,NVST,BBG00LN4B6D9,0,false,20.380000,21.100000,4.416094,3.532875,false,0.000000
2024-04-09,NVT,0001720635,0,false,78.720000,75.000000,0.330285,-4.725610,false,0.000000
2024-04-09,NVTS,BBG00YQ6KTM3,5,false,4.650000,4.710000,3.440860,1.290323,false,0.000000
2024-04-09,NWBI,BBG001S64KK2,0,false,11.280000,11.330000,0.886525,0.443262,false,0.000000
2024-04-09,NWE,BBG001SM2G73,0,false,50.490000,50.540000,0.257477,0.099030,false,0.000000
2024-04-09,NWL,BBG001S5TSW7,0,false,7.500000,7.605000,2.266667,1.400000,false,0.000000
2024-04-09,NWLI,BBG008HNHYZ2,0,false,492.750000,491.790000,0.000000,-0.194825,false,0.000000
2024-04-09,NWN,BBG00KXKRLP1,0,false,36.790000,36.690000,0.706714,-0.271813,false,0.000000
2024-04-09,NWPX,BBG001S8LFT1,0,false,34.690000,34.320000,0.000000,-1.066590,false,0.000000
2024-04-09,NWSA,BBG0035LY922,0,false,25.860000,25.520000,0.386698,-1.314772,false,0.000000
2024-04-09,NWTN,0001932737,0,false,6.890000,7.220000,13.352685,4.789550,false,0.000000
2024-04-09,NX,BBG001T0QV71,0,false,38.600000,38.110000,0.828756,-1.269430,false,0.000000
2024-04-09,NXE,BBG00334PFM6,5,false,8.060000,7.885000,0.868486,-2.171216,false,0.000000
2024-04-09,NXRT,BBG0077Q6QH7,0,false,32.840000,33.430000,1.979294,1.796590,false,0.000000
2024-04-09,NXST,BBG001SKJJT9,0,false,165.870000,169.150000,2.049798,1.977452,false,0.000000
2024-04-09,NXT,BBG00835TQ17,1,false,50.860000,51.180000,1.160047,0.629178,false,0.000000
2024-04-09,NYAX,0001901279,0,false,24.010100,25.210000,6.580148,4.997480,false,0.000000
2024-04-09,NYCB,BBG001SD32Z2,14,true,3.280000,3.220000,0.609756,-1.829268,false,0.000000
2024-04-09,NYMT,BBG001SHHBR7,0,false,7.280000,7.335000,0.824176,0.755495,false,0.000000
2024-04-09,NYT,BBG001S90X31,0,false,43.330000,43.520000,1.010847,0.438495,false,0.000000
2024-04-09,NYXH,0001857190,0,false,11.500000,10.881000,0.956522,-5.382609,false,0.000000
2024-04-09,OABI,BBG011J3QM48,0,false,5.340000,5.420000,2.059925,1.498127,false,0.000000
2024-04-09,OBDC,BBG00DB0XYD3,0,false,15.600000,15.565000,0.448718,-0.224359,false,0.000000
2024-04-09,OBE,BBG001S603F0,5,false,8.400000,8.650000,4.702381,2.976190,false,0.000000
2024-04-09,OBK,BBG001S78WZ4,0,false,30.650000,30.440000,1.076672,-0.685155,false,0.000000
2024-04-09,OCFC,BBG001S92JX7,0,false,15.720000,15.980000,1.717557,1.653944,false,0.000000
2024-04-09,OCGN,BBG001TG1LS2,41,true,1.870000,1.710000,2.673797,-8.556150,false,0.000000
2024-04-09,OCS,0001953530,0,false,10.760000,11.000000,3.345725,2.230483,false,0.000000
2024-04-09,OCSL,BBG001SR03L7,0,false,19.540000,19.480000,0.051177,-0.307062,false,0.000000
2024-04-09,OCUL,BBG001V0FT93,1,false,7.990000,8.170000,2.440551,2.252816,false,0.000000
2024-04-09,ODC,BBG001S7J3C1,0,false,71.380900,70.560000,0.180861,-1.150028,false,0.000000
2024-04-09,ODD,0001907085,0,false,38.750000,39.270000,1.367742,1.341935,false,0.000000
2024-04-09,ODP,BBG00R24W7Y1,0,false,50.960000,51.270000,0.941915,0.608320,false,0.000000
2024-04-09,OEC,0001609804,0,false,24.680000,25.430000,3.403566,3.038898,false,0.000000
2024-04-09,OFG,BBG001S9J8R0,1,false,36.230000,36.195000,0.690036,-0.096605,false,0.000000
2024-04-09,OFIX,BBG001SCG164,0,false,14.330000,14.640000,2.372645,2.163294,false,0.000000
2024-04-09,OFLX,BBG001SNLHY8,0,false,70.500000,70.950000,1.588652,0.638298,false,0.000000
2024-04-09,OGE,BBG001S5TVY8,0,false,34.160000,34.220000,0.292740,0.175644,false,0.000000
2024-04-09,OGN,BBG00ZQRGW42,0,false,18.150000,18.430000,1.542700,1.542700,false,0.000000
2024-04-09,OGS,BBG004WQKD16,0,false,64.090000,64.320000,0.842565,0.358870,false,0.000000
2024-04-09,OHI,BBG001S736L1,3,false,31.930000,31.850000,0.219230,-0.250548,false,0.000000
2024-04-09,OI,BBG00R2JZG48,1,false,15.560000,16.040000,3.341902,3.084833,false,0.000000
2024-04-09,OII,BBG001S61HT3,0,false,25.000000,24.520000,0.919600,-1.920000,false,0.000000
2024-04-09,OIS,BBG001S7WK56,0,false,6.380000,6.155000,1.253918,-3.526646,false,0.000000
2024-04-09,OLED,BBG001S5V9H3,0,false,165.000000,167.790000,1.933333,1.690909,false,0.000000
2024-04-09,OLLI,BBG0098VVDS0,0,false,72.970000,72.950000,0.890777,-0.027409,false,0.000000
2024-04-09,OLMA,BBG00T5JMRV1,3,false,11.300000,11.545000,3.097345,2.168142,false,0.000000
2024-04-09,OLN,BBG001S5TWW8,0,false,59.310000,58.720000,0.000000,-0.994773,false,0.000000
2024-04-09,OLO,BBG00ZCX7044,1,false,5.210000,5.270000,1.727447,1.151631,false,0.000000
2024-04-09,OLP,BBG001S5TWY6,1,false,22.920000,23.000000,0.349040,0.349040,false,0.000000
2024-04-09,OLPX,BBG012BV9TG3,2,false,1.600000,1.625000,4.375000,1.562500,false,0.000000
2024-04-09,OMCL,BBG001SF6Z45,0,false,28.000000,28.640000,3.678571,2.285714,false,0.000000
2024-04-09,OMF,BBG005497H09,1,false,50.000000,49.550000,0.300000,-0.900000,false,0.000000
2024-04-09,OMI,BBG001S72KY7,0,false,27.120000,26.370000,0.443215,-2.765487,false,0.000000
2024-04-09,ONB,BBG001SD2ZG1,0,false,16.870000,16.885000,0.355661,0.088915,false,0.000000
2024-04-09,ONCT,BBG001SCTS61,0,false,8.860000,8.620000,1.580135,-2.708804,false,0.000000
2024-04-09,ONEW,BBG00PPXGH27,0,false,27.590000,27.260000,0.434940,-1.196086,false,0.000000
2024-04-09,ONON,0001858985,4,false,32.850000,33.100000,1.156773,0.761035,false,0.000000
2024-04-09,ONTO,BBG001S5THX0,0,false,192.370000,187.800000,0.000000,-2.375630,false,0.000000
2024-04-09,OPCH,BBG001S6X756,0,false,31.630000,31.980000,1.106544,1.106544,false,0.000000
2024-04-09,OPEN,BBG00SHY8ZR0,22,true,2.730000,2.750000,1.465201,0.732601,false,0.000000
2024-04-09,OPK,BBG001SD4254,23,true,1.400000,1.390000,2.142857,-0.714286,false,0.000000
2024-04-09,OPY,BBG001S77PP1,0,false,38.160000,38.720000,1.493711,1.467505,false,0.000000
2024-04-09,OR,BBG006L2SZD6,0,false,16.540000,16.365000,0.120919,-1.058041,false,0.000000
2024-04-09,ORA,BBG001S9LPW3,2,false,65.000000,66.400000,2.169231,2.153846,false,0.000000
2024-04-09,ORC,BBG001V18CW0,2,false,8.680000,8.670000,0.460829,-0.115207,false,0.000000
2024-04-09,ORGO,BBG00FGGD311,0,false,2.980000,2.925000,2.852349,-1.845638,false,0.000000
2024-04-09,ORI,BBG001S6M9Y2,0,false,30.750000,30.110000,0.097561,-2.081301,false,0.000000
2024-04-09,ORIC,BBG00BL5SMR2,0,false,10.890000,10.660000,0.367309,-2.112029,false,0.000000
2024-04-09,ORLA,BBG00FGY26J8,0,false,3.990000,3.940000,1.127820,-1.253133,false,0.000000
2024-04-09,OSBC,BBG001S7HMZ6,0,false,13.750000,13.700000,0.509091,-0.363636,false,0.000000
2024-04-09,OSCR,BBG00YMWFVT4,1,false,14.830000,13.990000,0.134862,-5.664194,false,0.000000
2024-04-09,OSG,BBG0071D5RR0,0,false,6.200000,6.040000,0.000000,-2.580645,false,0.000000
2024-04-09,OSIS,BBG001SB1J54,0,false,143.300000,142.163000,0.230286,-0.793440,false,0.000000
2024-04-09,OSK,BBG001S6SX46,0,false,127.680000,125.060000,0.203634,-2.052005,false,0.000000
2024-04-09,OSPN,BBG001S7T321,0,false,11.230000,11.020000,0.756901,-1.869991,false,0.000000
2024-04-09,OSUR,BBG001SD3BW5,2,false,5.950000,5.940000,1.596639,-0.168067,false,0.000000
2024-04-09,OSW,0001758488,0,false,12.950000,13.050000,1.003861,0.772201,false,0.000000
2024-04-09,OTEX,BBG001SBS5H2,0,false,37.390000,37.310000,0.000000,-0.213961,false,0.000000
2024-04-09,OTLK,BBG00469JRM1,1,false,9.350000,9.280000,6.737968,-0.748663,false,0.000000
2024-04-09,OTTR,BBG001S5TYX3,0,false,86.920000,84.440000,0.805338,-2.853198,false,0.000000
2024-04-09,OUST,BBG00XRTSTS0,1,false,9.470000,8.690000,5.491024,-8.236536,false,0.000000
2024-04-09,OUT,BBG004S69ZY3,1,false,16.400000,16.400000,0.670732,0.000000,false,0.000000
2024-04-09,OWL,BBG00XV417S7,2,false,19.600000,19.350000,1.326531,-1.275510,false,0.000000
2024-04-09,OXLC,BBG001T93HP8,6,false,5.150000,5.130000,0.097087,-0.388350,false,0.000000
2024-04-09,OXM,BBG001S5TZF0,0,false,109.260000,110.140000,0.805418,0.805418,false,0.000000
2024-04-09,OZK,BBG001SMRQL8,0,false,45.010000,45.690000,1.526327,1.510775,false,0.000000
2024-04-09,PAA,BBG001S985K5,2,false,18.980000,18.520000,0.079031,-2.423604,false,0.000000
2024-04-09,PAAS,BBG001S5ZXR5,34,true,18.580000,19.300000,4.440258,3.875135,false,0.000000
2024-04-09,PACB,BBG001SS9G64,5,false,3.450000,3.610000,7.246377,4.637681,false,0.000000
2024-04-09,PACK,BBG00JRXX6Z8,0,false,7.790000,7.870000,1.925546,1.026958,false,0.000000
2024-04-09,PAG,BBG001S96493,0,false,153.500000,154.490000,0.921824,0.644951,false,0.000000
2024-04-09,PAGP,BBG001SZV282,0,false,19.710000,19.310000,0.050736,-2.029427,false,0.000000
2024-04-09,PAGS,0001712807,3,false,13.650000,13.530000,0.293040,-0.879121,false,0.000000
2024-04-09,PAHC,BBG0069NW5X3,0,false,12.920000,13.126000,1.625387,1.594427,false,0.000000
2024-04-09,PANL,0001606909,0,false,6.840000,6.710000,0.000000,-1.900585,false,0.000000
2024-04-09,PAR,BBG001S5VG69,0,false,45.310000,44.930000,0.358640,-0.838667,false,0.000000
2024-04-09,PARA,BBG001S6L063,43,true,11.010000,10.980000,2.134423,-0.272480,false,0.000000
2024-04-09,PARR,BBG003C5DLS7,0,false,38.130000,35.660000,0.458956,-6.477839,false,0.000000
2024-04-09,PATH,BBG00GKS1G12,16,true,21.730000,21.800000,0.782329,0.322135,false,0.000000
2024-04-09,PATK,BBG001S5V0V6,0,false,115.410000,114.400000,0.000000,-0.875141,false,0.000000
2024-04-09,PAX,0001825570,0,false,14.570000,14.660000,0.686342,0.617708,false,0.000000
2024-04-09,PAY,BBG010MW0P43,0,false,21.290000,21.410000,1.972757,0.563645,false,0.000000
2024-04-09,PAYC,BBG0064N1009,0,false,203.200000,207.950000,2.357283,2.337598,false,0.000000
2024-04-09,PAYO,BBG00Z5JLLD1,0,false,4.900000,4.870000,0.408163,-0.612245,false,0.000000
2024-04-09,PB,BBG001S7SL77,0,false,64.610000,64.000000,0.433369,-0.944126,false,0.000000
2024-04-09,PBF,BBG002832HM6,0,false,60.750000,58.850000,0.658436,-3.127572,false,0.000000
2024-04-09,PBH,BBG001SH44F0,0,false,68.980000,69.180000,0.318933,0.289939,false,0.000000
2024-04-09,PBI,BBG001S5V171,2,false,4.050000,4.330000,6.913580,6.913580,false,0.000000
2024-04-09,PBPB,BBG0026ZGB18,0,false,10.780000,10.880000,1.113173,0.927644,false,0.000000
2024-04-09,PBT,BBG001S5V1N3,0,false,12.760000,12.620000,0.862069,-1.097179,false,0.000000
2024-04-09,PCH,BBG001S5V215,0,false,45.420000,46.310000,2.003523,1.959489,false,0.000000
2024-04-09,PCOR,BBG0026ZJ313,0,false,76.600000,79.210000,3.622715,3.407311,false,0.000000
2024-04-09,PCRX,BBG001S77N12,0,false,28.600000,28.520000,0.839161,-0.279720,false,0.000000
2024-04-09,PCT,BBG00YRJF230,1,false,6.000000,5.915000,2.500000,-1.416667,false,0.000000
2024-04-09,PCTY,BBG006598YZ0,0,false,169.620000,172.530000,1.727391,1.715600,false,0.000000
2024-04-09,PCVX,BBG009PHHPP4,0,false,64.290000,64.550000,0.404417,0.404417,false,0.000000
2024-04-09,PD,BBG0043BYPD6,0,false,22.620000,23.180000,3.448276,2.475685,false,0.000000
2024-04-09,PDCO,BBG001S5V2S6,0,false,26.360000,26.540000,0.758725,0.682853,false,0.000000
2024-04-09,PDFS,BBG001SFSR85,0,false,33.300000,33.250000,0.720721,-0.150150,false,0.000000
2024-04-09,PDM,BBG001T6RFS9,0,false,6.800000,6.950000,2.647059,2.205882,false,0.000000
2024-04-09,PDS,BBG001S5V359,0,false,76.870000,75.510000,0.442305,-1.769221,false,0.000000
2024-04-09,PEB,BBG001T5S1M7,0,false,15.790000,16.010000,1.393287,1.393287,false,0.000000
2024-04-09,PEBO,BBG001S77C89,0,false,28.540000,28.480000,0.543097,-0.210231,false,0.000000
2024-04-09,PECO,BBG011RJST56,0,false,34.720000,34.990000,0.950461,0.777650,false,0.000000
2024-04-09,PEGA,BBG001S93CK5,0,false,62.280000,63.180000,2.328195,1.445087,false,0.000000
2024-04-09,PEN,BBG001TRHPB0,0,false,221.990000,222.730000,0.815352,0.333348,false,0.000000
2024-04-09,PENN,BBG001S80PY6,5,false,17.610000,18.050000,3.407155,2.498580,false,0.000000
2024-04-09,PERI,0001338940,40,true,12.350000,13.160000,8.340081,6.558704,false,0.000000
2024-04-09,PETQ,BBG00H1CY3S0,0,false,18.280000,18.150000,0.492341,-0.711160,false,0.000000
2024-04-09,PFBC,BBG001S9SFK1,0,false,74.830000,75.650000,1.095817,1.095817,false,0.000000
2024-04-09,PFC,BBG001S7DV08,0,false,19.990000,20.180000,1.000500,0.950475,false,0.000000
2024-04-09,PFGC,BBG009XW2WC7,0,false,71.170000,71.510000,0.555009,0.477729,false,0.000000
2024-04-09,PFLT,BBG001V0Y5S3,3,false,11.360000,11.355000,0.616197,-0.044014,false,0.000000
2024-04-09,PFS,BBG001SKM445,0,false,14.690000,14.590000,1.021103,-0.680735,false,0.000000
2024-04-09,PFSI,BBG00LMYX132,0,false,92.490000,91.050000,0.000000,-1.556925,false,0.000000
2024-04-09,PGC,BBG001SG3CC8,0,false,24.190000,24.300000,1.694915,0.454733,false,0.000000
2024-04-09,PGEN,BBG001SSB3T5,1,false,1.410000,1.410000,3.546099,0.000000,false,0.000000
2024-04-09,PGNY,BBG002H1K1K7,1,false,35.980000,35.950000,1.056142,-0.083380,false,0.000000
2024-04-09,PGRE,BBG001SL9C95,0,false,4.730000,4.820000,1.902748,1.902748,false,0.000000
2024-04-09,PGRU,0001873331,0,false,3.740000,3.830000,2.941176,2.406417,false,0.000000
2024-04-09,PGY,0001883085,13,true,11.630000,11.130000,2.235598,-4.299226,false,0.000000
2024-04-09,PHAR,BBG00YN70W58,0,false,10.650000,10.000100,0.000000,-6.102347,false,0.000000
2024-04-09,PHAT,BBG00P5B2S73,0,false,11.160000,12.060000,9.946237,8.064516,false,0.000000
2024-04-09,PHIN,BBG01F6N6NP4,0,false,38.910000,40.110000,3.109740,3.084040,false,0.000000
2024-04-09,PHR,BBG001TG2W25,0,false,22.970000,23.740000,3.613409,3.352199,false,0.000000
2024-04-09,PHUN,BBG00DL9GZK1,2,false,7.590000,7.860000,6.324111,3.557312,false,0.000000
2024-04-09,PHVS,0001830487,0,false,22.750000,23.150000,2.725275,1.758242,false,0.000000
2024-04-09,PI,BBG001T313Q3,4,false,126.270000,125.090000,0.989942,-0.934505,false,0.000000
2024-04-09,PII,BBG001S7HWZ4,0,false,98.000000,97.630000,1.005102,-0.377551,false,0.000000
2024-04-09,PINC,BBG001SJLD58,0,false,21.350000,21.650000,1.405152,1.405152,false,0.000000
2024-04-09,PIPR,BBG001SGY6K8,0,false,200.980000,198.150000,0.883172,-1.408100,false,0.000000
2024-04-09,PJT,BBG0079T1MP4,0,false,96.910000,97.460000,0.577856,0.567537,false,0.000000
2024-04-09,PK,BBG00FGXCKN3,0,false,17.720000,17.630000,0.338600,-0.507901,false,0.000000
2024-04-09,PKE,BBG001S5V732,0,false,16.240000,16.270000,0.403325,0.184729,false,0.000000
2024-04-09,PKOH,BBG001S5V778,0,false,26.150000,25.510000,0.344168,-2.447419,false,0.000000
2024-04-09,PKST,BBG00XTV8H01,0,false,15.120000,15.910000,6.216931,5.224868,false,0.000000
2024-04-09,PL,BBG00ZCV3Q27,0,false,2.110000,2.145000,2.369668,1.658768,false,0.000000
2024-04-09,PLAB,BBG001S5V7C2,0,false,28.760000,29.050000,1.077886,1.008345,false,0.000000
2024-04-09,PLAY,BBG001WWJTL4,0,false,63.920000,63.000000,0.610138,-1.439299,false,0.000000
2024-04-09,PLMR,BBG00NLMRYV9,0,false,78.560000,77.240000,0.591904,-1.680244,false,0.000000
2024-04-09,PLNT,BBG009H04M26,0,false,63.510000,65.140000,2.818454,2.566525,false,0.000000
2024-04-09,PLOW,BBG001T6QFV6,0,false,22.830000,23.220000,2.409111,1.708279,false,0.000000
2024-04-09,PLPC,BBG001SFKCZ6,0,false,131.010000,130.570000,0.412182,-0.335852,false,0.000000
2024-04-09,PLRX,BBG00C8083P2,0,false,14.730000,14.930000,3.054990,1.357773,false,0.000000
2024-04-09,PLSE,BBG00BRBHVG7,0,false,7.520000,7.500000,2.526596,-0.265957,false,0.000000
2024-04-09,PLTK,BBG00QQ8C798,0,false,6.980000,7.140000,2.865330,2.292264,false,0.000000
2024-04-09,PLUG,BBG001S6GJB2,39,true,3.140000,3.255000,5.732484,3.662420,false,0.000000
2024-04-09,PLUS,BBG001S99YL0,0,false,78.190000,78.490000,1.067911,0.383681,false,0.000000
2024-04-09,PLXS,BBG001S5V812,0,false,96.710000,98.120000,1.520008,1.457967,false,0.000000
2024-04-09,PLYA,0001692412,0,false,9.580000,9.550000,0.626305,-0.313152,false,0.000000
2024-04-09,PLYM,BBG0021H6YT4,0,false,22.100000,22.180000,0.950226,0.361991,false,0.000000
2024-04-09,PMT,BBG001T1MJR8,1,false,14.620000,14.640000,0.376197,0.136799,false,0.000000
2024-04-09,PNFP,BBG001SF5953,0,false,83.330000,84.510000,1.740070,1.416057,false,0.000000
2024-04-09,PNM,BBG001S5V9J1,0,false,37.520000,37.230000,0.666311,-0.772921,false,0.000000
2024-04-09,PNNT,BBG001SSQMH0,0,false,6.960000,6.950000,0.287356,-0.143678,false,0.000000
2024-04-09,PNR,0000077360,0,false,83.900000,83.750000,0.011919,-0.178784,false,0.000000
2024-04-09,PNTG,BBG00P33SZ15,1,false,20.680000,20.600000,0.000000,-0.386847,false,0.000000
2024-04-09,PNW,BBG001S5VB15,0,false,74.350000,74.630000,0.430397,0.376597,false,0.000000
2024-04-09,PODD,BBG001SRF439,0,false,171.200000,178.080000,4.837909,4.018692,false,0.000000
2024-04-09,POR,BBG001S5V4Y5,0,false,41.790000,42.170000,1.016990,0.909308,false,0.000000
2024-04-09,POST,BBG001WTBC45,0,false,101.940000,102.190000,0.264862,0.245242,false,0.000000
2024-04-09,POWI,BBG001S73RW3,0,false,70.450000,71.730000,1.831086,1.816891,false,0.000000
2024-04-09,POWL,BBG001S5VBT5,0,false,136.710000,132.100000,1.133787,-3.372102,false,0.000000
2024-04-09,POWW,BBG001SB6XN8,0,false,2.750000,2.630000,1.818182,-4.363636,false,0.000000
2024-04-09,PPBI,BBG001S9JFG6,0,false,22.560000,23.010000,1.994681,1.994681,false,0.000000
2024-04-09,PPC,BBG001S5PSN1,0,false,35.440000,35.310000,0.479684,-0.366817,false,0.000000
2024-04-09,PPTA,BBG001V1HWW6,5,false,6.470000,6.520000,6.800618,0.772798,false,0.000000
2024-04-09,PR,BBG00D61Y2G3,16,true,17.990000,18.090000,1.417454,0.555864,false,0.000000
2024-04-09,PRA,BBG001S9Z6F9,0,false,13.110000,13.510000,3.356217,3.051106,false,0.000000
2024-04-09,PRAA,BBG001SB1G41,0,false,25.980000,26.000000,0.346420,0.076982,false,0.000000
2024-04-09,PRAX,BBG00W9LF2H4,0,false,53.700000,52.730000,2.420857,-1.806331,false,0.000000
2024-04-09,PRCH,BBG00QYZND49,0,false,4.420000,4.320000,0.904977,-2.262443,false,0.000000
2024-04-09,PRCT,BBG009KD84J2,0,false,49.900000,51.670000,3.687375,3.547094,false,0.000000
2024-04-09,PRDO,BBG001S6M491,0,false,17.480000,17.800000,2.231121,1.830664,false,0.000000
2024-04-09,PRFT,BBG001SCS189,0,false,52.150000,54.060000,3.662512,3.662512,false,0.000000
2024-04-09,PRG,BBG00VSH86H3,0,false,33.830000,33.900000,0.709430,0.206917,false,0.000000
2024-04-09,PRGO,0001585364,0,false,31.800000,32.210000,1.619497,1.289308,false,0.000000
2024-04-09,PRGS,BBG001S6MCY5,0,false,50.720000,51.290000,1.754732,1.123817,false,0.000000
2024-04-09,PRI,BBG001T5ZSQ6,0,false,250.420000,243.170000,0.000000,-2.895136,false,0.000000
2024-04-09,PRIM,BBG001S64801,0,false,46.640000,45.900000,0.873928,-1.586621,false,0.000000
2024-04-09,PRK,BBG001S7X549,0,false,132.350000,132.840000,0.782017,0.370230,false,0.000000
2024-04-09,PRLB,BBG001SRZTG8,0,false,34.030000,34.300000,0.940347,0.793418,false,0.000000
2024-04-09,PRM,0001880319,0,false,7.610000,7.550000,0.525624,-0.788436,false,0.000000
2024-04-09,PRME,BBG011RT3R64,1,false,6.180000,6.190000,3.559871,0.161812,false,0.000000
2024-04-09,PRMW,BBG001S77SH4,1,false,18.050000,17.910000,0.000000,-0.775623,false,0.000000
2024-04-09,PRO,BBG001ST38G5,0,false,38.020000,38.310000,0.762756,0.762756,false,0.000000
2024-04-09,PRTA,0001559053,0,false,23.750000,23.560000,1.389474,-0.800000,false,0.000000
2024-04-09,PRVA,BBG00ZXYXWJ4,0,false,18.860000,19.380000,2.810180,2.757158,false,0.000000
2024-04-09,PSEC,BBG001SM4WF7,8,false,5.450000,5.475000,0.550459,0.458716,false,0.000000
2024-04-09,PSFE,0001833835,0,false,16.500000,16.520000,1.757576,0.121212,false,0.000000
2024-04-09,PSMT,BBG001SB78V3,0,false,84.000000,83.220000,0.000000,-0.928571,false,0.000000
2024-04-09,PSN,BBG001SDWJQ3,0,false,83.690000,80.480000,0.023898,-3.835584,false,0.000000
2024-04-09,PSNY,BBG0147QHH45,3,false,1.690000,1.660000,5.029586,-1.775148,false,0.000000
2024-04-09,PSTL,BBG00NSBGG83,0,false,14.000000,14.070000,0.928571,0.500000,false,0.000000
2024-04-09,PTCT,BBG001SNNC86,0,false,26.950000,27.600000,2.857143,2.411874,false,0.000000
2024-04-09,PTEN,BBG001S7GWF7,0,false,12.200000,12.020000,0.662295,-1.475410,false,0.000000
2024-04-09,PTGX,BBG002B63KP4,0,false,28.150000,29.160000,3.765542,3.587922,false,0.000000
2024-04-09,PTLO,BBG012YL5W59,1,false,13.350000,13.470000,1.498127,0.898876,false,0.000000
2024-04-09,PTON,BBG00JG0FG08,12,true,3.720000,3.955000,8.333333,6.317204,false,0.000000
2024-04-09,PTSI,BBG001S5VGQ7,0,false,15.440000,15.540000,2.493523,0.647668,false,0.000000
2024-04-09,PTVE,BBG00WXWG3G1,0,false,15.150000,15.270000,2.376238,0.792079,false,0.000000
2024-04-09,PUBM,BBG001V1C792,0,false,23.730000,23.630000,0.842815,-0.421408,false,0.000000
2024-04-09,PUMP,BBG00FYCQ3Y0,1,false,8.410000,8.390000,1.307967,-0.237812,false,0.000000
2024-04-09,PVH,BBG001S5VGY8,0,false,110.300000,110.560000,0.353581,0.235721,false,0.000000
2024-04-09,PWP,BBG00XWZGGJ1,0,false,15.960000,15.900000,0.689223,-0.375940,false,0.000000
2024-04-09,PWSC,BBG00ZXQB5X8,0,false,21.500000,21.350000,0.837209,-0.697674,false,0.000000
2024-04-09,PX,BBG012QFRKK6,0,false,8.360000,8.270000,0.657895,-1.076555,false,0.000000
2024-04-09,PYCR,BBG010FNXN77,0,false,18.430000,18.710000,2.712968,1.519262,false,0.000000
2024-04-09,PZZA,BBG001S6XNB4,0,false,63.590000,64.280000,1.509671,1.085076,false,0.000000
2024-04-09,QCRH,BBG001SJTPZ0,0,false,58.550000,58.610000,0.529462,0.102477,false,0.000000
2024-04-09,QDEL,BBG017TGV7N1,0,false,43.670000,44.640000,2.931074,2.221204,false,0.000000
2024-04-09,QGEN,0001015820,5,false,41.330000,41.965000,1.572707,1.536414,false,0.000000
2024-04-09,QLYS,BBG001SYH860,0,false,166.840000,167.560000,1.066890,0.431551,false,0.000000
2024-04-09,QNST,BBG001T2V5P8,0,false,17.540000,17.440000,1.254276,-0.570125,false,0.000000
2024-04-09,QRTEA,BBG001SR0LR1,0,false,1.050000,1.030000,2.857143,-1.904762,false,0.000000
2024-04-09,QRVO,BBG007TJF1P5,0,false,115.510000,116.460000,0.969613,0.822440,false,0.000000
2024-04-09,QS,BBG00VJ17DT1,12,true,6.190000,6.270000,3.554120,1.292407,false,0.000000
2024-04-09,QTRX,BBG0027NWC78,0,false,21.340000,21.745000,2.577320,1.897844,false,0.000000
2024-04-09,QTWO,BBG005ZVK9Q1,0,false,53.670000,53.790000,0.540339,0.223589,false,0.000000
2024-04-09,R,BBG001S5VK15,0,false,120.120000,121.260000,0.999001,0.949051,false,0.000000
2024-04-09,RAMP,BBG001S5NCJ3,0,false,35.390000,34.590000,0.113026,-2.260526,false,0.000000
2024-04-09,RARE,BBG001V2MJJ2,0,false,50.360000,50.560000,1.747419,0.397141,false,0.000000
2024-04-09,RBA,BBG001SBQWW8,0,false,74.740000,74.300000,0.000000,-0.588708,false,0.000000
2024-04-09,RBB,BBG002537TD8,0,false,17.780000,17.530000,0.000000,-1.406074,false,0.000000
2024-04-09,RBBN,BBG00HW4CSH5,0,false,3.000000,2.990000,0.500000,-0.333333,false,0.000000
2024-04-09,RBC,BBG001SNYTV1,0,false,270.220000,267.700000,0.175783,-0.932573,false,0.000000
2024-04-09,RBCAA,BBG001S7X4Z8,0,false,49.350000,50.040000,1.438703,1.398176,false,0.000000
2024-04-09,RC,BBG003TCRSD0,0,false,8.750000,8.805000,0.685714,0.628571,false,0.000000
2024-04-09,RCKT,BBG001T92156,2,false,24.520000,25.400000,3.588907,3.588907,false,0.000000
2024-04-09,RCM,BBG018CZLZ45,0,false,12.730000,12.860000,3.220738,1.021210,false,0.000000
2024-04-09,RCUS,BBG00DQD2751,0,false,17.040000,17.460000,3.521127,2.464789,false,0.000000
2024-04-09,RDFN,BBG001V1F423,3,false,6.200000,6.500000,6.290323,4.838710,false,0.000000
2024-04-09,RDIB,BBG001SFJ743,0,false,14.000000,14.000000,0.000000,0.000000,false,0.000000
2024-04-09,RDN,BBG001SBWXG7,0,false,31.900000,31.345000,0.470219,-1.739812,false,0.000000
2024-04-09,RDNT,BBG001S75DK5,0,false,48.680000,49.000000,0.739523,0.657354,false,0.000000
2024-04-09,RDUS,BBG001S7H0J2,0,false,20.270000,20.550000,2.417366,1.381352,false,0.000000
2024-04-09,RDWR,0001094366,0,false,17.620000,18.010000,2.894438,2.213394,false,0.000000
2024-04-09,RDZN,0001868640,0,false,6.368800,6.510000,2.217058,2.217058,false,0.000000
2024-04-09,REAL,BBG004FPDP45,1,false,3.590000,3.590000,3.621170,0.000000,false,0.000000
2024-04-09,REAX,BBG00KRN3NQ3,2,false,4.240000,4.350000,8.018868,2.594340,false,0.000000
2024-04-09,REG,BBG001S7H752,0,false,59.330000,60.220000,1.634923,1.500084,false,0.000000
2024-04-09,REI,BBG001SNHQJ0,0,false,2.070000,2.055000,1.449275,-0.724638,false,0.000000
2024-04-09,RELY,BBG012C7JTN6,0,false,21.150000,21.170000,0.236407,0.094563,false,0.000000
2024-04-09,RENE,0001889112,0,false,11.160000,11.160000,0.000000,0.000000,false,0.000000
2024-04-09,RENT,BBG001V0FB29,1,false,5.340000,5.425000,17.602996,1.591760,true,0.000000
2024-04-09,REPL,BBG00L8Z22S0,0,false,7.090000,7.280000,3.526093,2.679831,false,0.000000
2024-04-09,REPX,BBG001SDLX20,1,false,30.000000,29.200000,0.766667,-2.666667,false,0.000000
2024-04-09,RES,BBG001S5VN37,0,false,7.960000,7.960000,0.502513,0.000000,false,0.000000
2024-04-09,REVG,BBG00CSG01X8,0,false,23.310000,23.430000,0.986701,0.514801,false,0.000000
2024-04-09,REX,BBG001S7D5J5,0,false,58.880000,58.090000,0.424592,-1.341712,false,0.000000
2024-04-09,REXR,BBG004MB82S9,0,false,49.030000,49.340000,0.938201,0.632266,false,0.000000
2024-04-09,REYN,BBG00QVJVZ22,0,false,28.270000,28.510000,0.990449,0.848956,false,0.000000
2024-04-09,REZI,BBG00HY28L05,0,false,22.010000,22.330000,1.753748,1.453885,false,0.000000
2024-04-09,RGA,BBG001S6P9Q8,0,false,195.650000,189.400000,0.306670,-3.194480,false,0.000000
2024-04-09,RGEN,BBG001S5VNT9,0,false,174.570000,182.020000,4.376468,4.267629,false,0.000000
2024-04-09,RGLD,BBG001S5VNX4,2,false,124.780000,124.740000,1.138003,-0.032056,false,0.000000
2024-04-09,RGNX,BBG007Z9V5C7,0,false,19.200000,19.000000,2.968750,-1.041667,false,0.000000
2024-04-09,RGP,BBG001S7QYK6,0,false,12.010000,12.120000,1.498751,0.915903,false,0.000000
2024-04-09,RGR,BBG001S6LMJ1,0,false,47.580000,47.140000,1.303069,-0.924758,false,0.000000
2024-04-09,RGS,BBG001S6RDV1,0,false,7.000000,6.960000,1.000000,-0.571429,false,0.000000
2024-04-09,RH,BBG002293Q93,2,false,278.280000,288.740000,4.522423,3.758804,false,0.000000
2024-04-09,RHI,BBG001S5VP41,0,false,76.130000,75.900000,0.275844,-0.302115,false,0.000000
2024-04-09,RHP,BBG001S6SHG8,0,false,116.020000,115.730000,0.193932,-0.249957,false,0.000000
2024-04-09,RICK,BBG001S8LFR3,0,false,55.210000,55.200000,0.400290,-0.018113,false,0.000000
2024-04-09,RIG,0001451505,7,false,6.550000,6.375000,1.525191,-2.671756,false,0.000000
2024-04-09,RILY,BBG001SV8TK4,3,false,26.000000,23.510000,0.923077,-9.576923,false,0.000000
2024-04-09,RIOT,BBG001SDW128,44,true,9.950000,9.990000,2.864322,0.402010,false,0.000000
2024-04-09,RITM,BBG003T1GM12,2,false,11.000000,11.000000,0.363636,0.000000,false,0.000000
2024-04-09,RIVN,BBG00741Y1P0,40,true,10.450000,10.630000,2.296651,1.722488,false,0.000000
2024-04-09,RKLB,BBG00Y61T0H6,29,true,3.840000,3.840000,2.083333,0.000000,false,0.000000
2024-04-09,RKT,BBG00VY1MZN4,7,false,13.950000,14.120000,2.150538,1.218638,false,0.000000
2024-04-09,RL,BBG001S9TL45,0,false,170.610000,169.700000,0.213938,-0.533380,false,0.000000
2024-04-09,RLAY,BBG00DSS08L8,0,false,7.170000,7.320000,2.928870,2.092050,false,0.000000
2024-04-09,RLI,BBG001S5VQ58,0,false,144.040000,141.640000,0.000000,-1.666204,false,0.000000
2024-04-09,RLJ,BBG001V0BJV4,0,false,11.990000,11.960000,0.000000,-0.250209,false,0.000000
2024-04-09,RMBS,BBG001S7RF80,1,false,60.660000,61.510000,1.796901,1.401253,false,0.000000
2024-04-09,RMR,BBG00B6V7CK4,0,false,23.560000,23.717000,0.933786,0.666384,false,0.000000
2024-04-09,RNA,BBG00FQ7LXX0,0,false,24.790000,25.820000,4.316257,4.154901,false,0.000000
2024-04-09,RNAC,BBG001V0FQQ0,1,false,12.520000,13.760000,15.734824,9.904153,false,0.000000
2024-04-09,RNG,BBG001SHXFM5,0,false,33.000000,33.790000,3.545455,2.393939,false,0.000000
2024-04-09,RNR,0000913144,0,false,222.790000,220.460000,0.170564,-1.045828,false,0.000000
2024-04-09,RNST,BBG001S5V5B7,0,false,30.350000,30.580000,1.219110,0.757825,false,0.000000
2024-04-09,RNW,0001848763,0,false,5.870000,5.900000,1.362862,0.511073,false,0.000000
2024-04-09,ROAD,BBG00KK0CFZ7,0,false,58.260000,56.900000,0.343289,-2.334363,false,0.000000
2024-04-09,ROCK,BBG001S7GCL4,0,false,78.400000,78.180000,0.063776,-0.280612,false,0.000000
2024-04-09,ROG,BBG001S5TTY3,0,false,117.870000,119.090000,3.245101,1.035039,false,0.000000
2024-04-09,ROIC,BBG001T0CM94,0,false,12.490000,12.820000,2.722178,2.642114,false,0.000000
2024-04-09,ROIV,0001635088,1,false,11.650000,11.425000,0.085837,-1.931330,false,0.000000
2024-04-09,ROKU,BBG001ZZPQM2,12,true,61.170000,62.840000,3.334968,2.730096,false,0.000000
2024-04-09,ROOT,BBG002GMC9G9,3,false,78.520000,80.350000,9.513500,2.330616,false,0.000000
2024-04-09,RPAY,BBG00LFVTCC7,0,false,10.290000,10.320000,0.485909,0.291545,false,0.000000
2024-04-09,RPD,BBG009DFHWH5,0,false,48.880000,50.380000,3.416530,3.068740,false,0.000000
2024-04-09,RPM,BBG001S7X317,0,false,113.550000,113.070000,0.462351,-0.422721,false,0.000000
2024-04-09,RPRX,0001802768,1,false,29.230000,29.710000,1.710571,1.642148,false,0.000000
2024-04-09,RRBI,BBG001SN25H4,0,false,48.000000,48.400000,1.666667,0.833333,false,0.000000
2024-04-09,RRC,BBG001SBZNN8,7,false,36.080000,36.190000,0.665188,0.304878,false,0.000000
2024-04-09,RRR,BBG00B6G8068,0,false,61.350000,61.920000,1.458843,0.929095,false,0.000000
2024-04-09,RRX,BBG001S5VL68,0,false,172.940000,171.600000,0.479935,-0.774835,false,0.000000
2024-04-09,RSI,BBG00RMKRQN9,0,false,7.080000,7.180000,1.553672,1.412429,false,0.000000
2024-04-09,RSKD,0001851112,0,false,5.220000,5.320000,1.915709,1.915709,false,0.000000
2024-04-09,RSVR,BBG00YCLJQQ9,0,false,8.130000,7.920000,0.861009,-2.583026,false,0.000000
2024-04-09,RUM,BBG00Z61CSD4,6,false,6.550000,6.790000,3.816794,3.664122,false,0.000000
2024-04-09,RUN,BBG0025XVR94,10,true,11.880000,13.020000,9.974747,9.595960,false,0.000000
2024-04-09,RUSHA,BBG001SKX0D1,0,false,52.090000,52.370000,1.391822,0.537531,false,0.000000
2024-04-09,RVLV,BBG00M4RHC48,0,false,20.020000,20.990000,4.845155,4.845155,false,0.000000
2024-04-09,RVMD,BBG00829F4Q7,0,false,32.290000,33.020000,3.747290,2.260762,false,0.000000
2024-04-09,RVNC,BBG001V0GBC7,1,false,4.490000,4.690000,10.022272,4.454343,false,0.000000
2024-04-09,RVTY,BBG001SBKS35,0,false,108.000000,110.720000,2.611111,2.518519,false,0.000000
2024-04-09,RWAY,BBG012QFW480,0,false,12.490000,12.510000,0.440352,0.160128,false,0.000000
2024-04-09,RWT,BBG001SBHVP8,0,false,6.250000,6.365000,1.920000,1.840000,false,0.000000
2024-04-09,RXO,BBG0160DYDC7,0,false,21.830000,22.330000,3.527256,2.290426,false,0.000000
2024-04-09,RXRX,BBG00PQ4XJ54,4,false,9.000000,9.110000,2.444444,1.222222,false,0.000000
2024-04-09,RXST,BBG00THX1YQ1,1,false,56.680000,55.110000,0.000000,-2.769936,false,0.000000
2024-04-09,RXT,BBG00W0JYQR3,1,false,1.690000,1.750000,5.325444,3.550296,false,0.000000
2024-04-09,RYAM,BBG005XVML75,0,false,4.600000,4.815000,4.782609,4.673913,false,0.000000
2024-04-09,RYAN,BBG011K4W1Y0,0,false,52.550000,52.250000,1.255947,-0.570885,false,0.000000
2024-04-09,RYI,BBG001T6NHM5,1,false,34.300000,34.280000,0.816327,-0.058309,false,0.000000
2024-04-09,RYN,BBG001S7NCZ1,0,false,32.280000,32.500000,0.774473,0.681537,false,0.000000
2024-04-09,RYTM,BBG007DLZ629,0,false,41.990000,43.660000,4.024768,3.977137,false,0.000000
2024-04-09,S,BBG00B6F2F27,3,false,23.000000,22.420000,0.478261,-2.521739,false,0.000000
2024-04-09,SA,BBG001S607C4,3,false,16.130000,16.100000,0.991940,-0.185989,false,0.000000
2024-04-09,SABR,BBG005WQVVG5,0,false,2.650000,2.720000,3.773585,2.641509,false,0.000000
2024-04-09,SAFE,BBG001SDG572,0,false,20.020000,21.050000,5.144855,5.144855,false,0.000000
2024-04-09,SAFT,BBG001S78T90,0,false,78.530000,77.320000,0.000000,-1.540812,false,0.000000
2024-04-09,SAGE,BBG0025X16Z4,0,false,16.680000,16.540000,2.188249,-0.839329,false,0.000000
2024-04-09,SAH,BBG001S5VVK0,0,false,52.110000,53.160000,3.147189,2.014968,false,0.000000
2024-04-09,SAIC,BBG003BW05L5,0,false,130.110000,127.650000,0.000000,-1.890708,false,0.000000
2024-04-09,SAM,BBG001S5VVQ4,0,false,293.730000,291.570000,0.435774,-0.735369,false,0.000000
2024-04-09,SANA,BBG00N5BMH70,0,false,9.090000,9.350000,2.970297,2.860286,false,0.000000
2024-04-09,SAND,BBG001SSPFD0,4,false,5.500000,5.590000,2.000000,1.636364,false,0.000000
2024-04-09,SANM,BBG001S5SYJ0,0,false,60.620000,59.280000,0.024744,-2.210492,false,0.000000
2024-04-09,SAR,BBG001SRV422,0,false,23.140000,23.310000,0.907519,0.734659,false,0.000000
2024-04-09,SASR,BBG001S6Y0J5,0,false,21.800000,21.810000,1.215596,0.045872,false,0.000000
2024-04-09,SATS,BBG001T048Z5,0,false,13.670000,13.660000,1.755669,-0.073153,false,0.000000
2024-04-09,SAVA,BBG001SCKXX9,12,true,24.000000,25.420000,6.625000,5.916667,false,0.000000
2024-04-09,SAVE,BBG001S70KL3,18,true,4.680000,4.920000,5.769231,5.128205,false,0.000000
2024-04-09,SB,0001434754,0,false,4.850000,4.740000,0.000000,-2.268041,false,0.000000
2024-04-09,SBCF,BBG001SD9X60,0,false,24.380000,24.400000,0.984413,0.082034,false,0.000000
2024-04-09,SBGI,BBG01GJ3NYB4,0,false,12.600000,12.540000,0.000000,-0.476190,false,0.000000
2024-04-09,SBH,BBG001SDHTQ8,0,false,10.900000,11.090000,2.660550,1.743119,false,0.000000
2024-04-09,SBLK,0001386716,6,false,23.880000,23.700000,0.000000,-0.753769,false,0.000000
2024-04-09,SBOW,BBG00CTNNZ35,0,false,34.130000,34.440000,0.937592,0.908292,false,0.000000
2024-04-09,SBR,BBG001S5VWY3,0,false,68.640000,68.500000,0.000000,-0.203963,false,0.000000
2024-04-09,SBRA,BBG001SGNMK5,0,false,14.340000,14.300000,0.418410,-0.278940,false,0.000000
2024-04-09,SBSI,BBG001S66SR6,0,false,28.120000,27.990000,0.248933,-0.462304,false,0.000000
2024-04-09,SCHL,BBG001S5VTF1,0,false,36.320000,36.950000,1.817181,1.734581,false,0.000000
2024-04-09,SCI,BBG001S5WBJ5,0,false,72.560000,72.000000,0.799338,-0.771775,false,0.000000
2024-04-09,SCL,BBG001S5VXQ0,0,false,87.910000,88.830000,1.080651,1.046525,false,0.000000
2024-04-09,SCM,BBG003LB3VC0,0,false,13.270000,13.220000,0.678222,-0.376790,false,0.000000
2024-04-09,SCOR,BBG001SHM6F5,0,false,15.850000,15.800000,2.649842,-0.315457,false,0.000000
2024-04-09,SCS,BBG001S89FD2,0,false,12.940000,12.720000,0.579598,-1.700155,false,0.000000
2024-04-09,SCSC,BBG001S7S0W5,0,false,41.940000,41.590000,0.293276,-0.834526,false,0.000000
2024-04-09,SCVL,BBG001S6V927,0,false,34.660000,34.520000,0.000000,-0.403924,false,0.000000
2024-04-09,SCWX,BBG001SF9RV0,0,false,6.110000,6.165000,2.291326,0.900164,false,0.000000
2024-04-09,SD,BBG001SL3ZY2,0,false,14.890000,14.930000,0.402955,0.268637,false,0.000000
2024-04-09,SDA,0001936804,1,false,7.160000,7.067000,2.513966,-1.298883,false,0.000000
2024-04-09,SDGR,BBG001SZK2K0,0,false,27.530000,28.530000,5.884490,3.632401,false,0.000000
2024-04-09,SDHY,BBG00XTHQGX8,0,false,15.340000,15.365300,0.195567,0.164928,false,0.000000
2024-04-09,SDRL,0001737706,0,false,53.180000,52.520000,0.564122,-1.241068,false,0.000000
2024-04-09,SEAT,BBG012C73S82,0,false,5.800000,5.890000,2.241379,1.551724,false,0.000000
2024-04-09,SEDG,BBG0084BC0P2,1,false,67.800000,72.090000,6.371681,6.327434,false,0.000000
2024-04-09,SEE,BBG001SBSZ95,0,false,33.400000,34.140000,2.724551,2.215569,false,0.000000
2024-04-09,SEIC,BBG001S5VZJ3,0,false,71.020000,70.890000,0.352014,-0.183047,false,0.000000
2024-04-09,SEM,BBG001SMLRT4,0,false,29.760000,29.240000,0.403226,-1.747312,false,0.000000
2024-04-09,SEMR,BBG00Z6S6285,0,false,13.490000,13.500000,0.815419,0.074129,false,0.000000
2024-04-09,SENEA,BBG001S8L1W8,0,false,56.210000,55.990000,0.249066,-0.391389,false,0.000000
2024-04-09,SERA,BBG001V0FR24,0,false,9.650000,9.940000,4.559585,3.005181,false,0.000000
2024-04-09,SES,BBG00YMWPMV0,0,false,1.490000,1.530000,7.382550,2.684564,false,0.000000
2024-04-09,SEZL,BBG00MKN0926,1,false,74.010000,73.120000,5.864072,-1.202540,false,0.000000
2024-04-09,SF,BBG001S5W081,0,false,77.660000,77.510000,0.489312,-0.193150,false,0.000000
2024-04-09,SFBS,BBG001T2HRB1,0,false,64.930000,65.600000,1.832743,1.031880,false,0.000000
2024-04-09,SFL,0001289877,0,false,12.790000,12.610000,0.234558,-1.407349,false,0.000000
2024-04-09,SFM,BBG001V0MZS0,0,false,63.880000,63.060000,0.000000,-1.283657,false,0.000000
2024-04-09,SFNC,BBG001S5W0T8,0,false,19.240000,19.500000,1.351351,1.351351,false,0.000000
2024-04-09,SG,BBG005NTTSQ8,1,false,25.250000,22.860000,0.455446,-9.465347,false,0.000000
2024-04-09,SGH,0001616533,0,false,26.200000,25.920000,0.019084,-1.068702,false,0.000000
2024-04-09,SGHC,0001878057,0,false,3.230000,3.285000,2.167183,1.702786,false,0.000000
2024-04-09,SGML,BBG0027F58B9,3,false,15.250000,15.420000,4.852459,1.114754,false,0.000000
2024-04-09,SGRY,BBG009T0TKW7,0,false,27.470000,27.570000,1.674554,0.364033,false,0.000000
2024-04-09,SGU,BBG001S7M0P9,0,false,10.450000,10.870000,5.167464,4.019139,false,0.000000
2024-04-09,SHAK,BBG0063GCHJ6,0,false,102.160000,98.460000,0.156617,-3.621770,false,0.000000
2024-04-09,SHBI,BBG001S9TSK2,0,false,11.060000,11.000000,0.452080,-0.542495,false,0.000000
2024-04-09,SHC,BBG008LZG101,0,false,11.450000,11.620000,1.834061,1.484716,false,0.000000
2024-04-09,SHCO,BBG011K3T3Q1,0,false,5.760000,5.820000,1.388889,1.041667,false,0.000000
2024-04-09,SHEN,BBG001SG37M8,0,false,15.550000,15.446000,1.350482,-0.668810,false,0.000000
2024-04-09,SHLS,BBG00YQ82328,0,false,10.410000,10.590000,2.113353,1.729107,false,0.000000
2024-04-09,SHO,BBG001SM4XW6,0,false,11.000000,11.100000,1.000000,0.909091,false,0.000000
2024-04-09,SHOO,BBG001S7JHQ5,0,false,41.030000,40.790000,0.633683,-0.584938,false,0.000000
2024-04-09,SHYF,BBG001S5W8H4,0,false,12.160000,12.250000,1.069079,0.740132,false,0.000000
2024-04-09,SIBN,BBG001V0GNP7,0,false,15.410000,16.340000,6.035042,6.035042,false,0.000000
2024-04-09,SIDU,BBG013QF0YW0,3,false,3.760000,3.950000,10.619681,5.053191,false,0.000000
2024-04-09,SIG,0000832988,0,false,104.820000,102.060000,0.319595,-2.633085,false,0.000000
2024-04-09,SIGA,BBG001S80PZ5,0,false,9.040000,9.280000,3.318584,2.654867,false,0.000000
2024-04-09,SIGI,BBG001S5W2R6,0,false,105.680000,103.580000,0.170326,-1.987131,false,0.000000
2024-04-09,SII,BBG001T2FK64,0,false,41.000000,41.100000,1.073171,0.243902,false,0.000000
2024-04-09,SILK,BBG0026ZJRZ3,0,false,17.680000,18.240000,3.902715,3.167421,false,0.000000
2024-04-09,SILV,BBG009XQLJF5,3,false,7.350000,7.540000,3.809524,2.585034,false,0.000000
2024-04-09,SIRI,BBG001S70ZY6,19,true,3.380000,3.460000,3.550296,2.366864,false,0.000000
2024-04-09,SITC,BBG001S76RV1,0,false,14.100000,14.130000,0.780142,0.212766,false,0.000000
2024-04-09,SITE,BBG009T22D67,0,false,176.790000,180.310000,2.836699,1.991063,false,0.000000
2024-04-09,SITM,BBG00QNSY276,0,false,85.640000,86.020000,1.716488,0.443718,false,0.000000
2024-04-09,SIX,BBG001S8H000,0,false,25.670000,25.255000,0.447994,-1.616673,false,0.000000
2024-04-09,SJM,BBG001S5W3H5,0,false,116.070000,117.380000,1.430171,1.128629,false,0.000000
2024-04-09,SJW,BBG001S5W3N8,0,false,55.090000,55.400000,1.070975,0.562716,false,0.000000
2024-04-09,SKE,BBG001S6LB05,0,false,4.770000,4.790000,1.467505,0.419287,false,0.000000
2024-04-09,SKIN,BBG00XKM1DD2,2,false,3.690000,3.855000,6.233062,4.471545,false,0.000000
2024-04-09,SKT,BBG001S7BZV7,0,false,28.020000,27.860000,0.606709,-0.571021,false,0.000000
2024-04-09,SKWD,BBG002QHKLR1,1,false,37.870000,37.590000,0.171640,-0.739372,false,0.000000
2024-04-09,SKX,BBG001S5XTG8,0,false,58.710000,58.160000,0.459888,-0.936808,false,0.000000
2024-04-09,SKY,BBG001S5W456,0,false,81.430000,83.650000,2.799951,2.726268,false,0.000000
2024-04-09,SKYT,BBG00ZS44MH2,0,false,10.450000,10.620000,2.392344,1.626794,false,0.000000
2024-04-09,SKYW,BBG001S5W465,0,false,70.550000,69.475000,0.219702,-1.523742,false,0.000000
2024-04-09,SLAB,BBG001S5W492,0,false,134.210000,135.910000,1.542359,1.266672,false,0.000000
2024-04-09,SLAM,0001838162,0,false,11.040000,11.040000,0.000000,0.000000,false,0.000000
2024-04-09,SLCA,BBG001XJRN72,0,false,13.320000,13.280000,0.863363,-0.300300,false,0.000000
2024-04-09,SLDP,BBG0112HCTV5,3,false,1.850000,1.820000,6.486486,-1.621622,false,0.000000
2024-04-09,SLG,BBG001S9Z1V2,1,false,54.290000,55.030000,1.381470,1.363050,false,0.000000
2024-04-09,SLGN,BBG001S6VPD9,0,false,48.260000,49.150000,1.968504,1.844177,false,0.000000
2024-04-09,SLM,BBG001S5W4T0,0,false,21.440000,21.270000,0.279851,-0.792910,false,0.000000
2024-04-09,SLNO,BBG0024L5B95,0,false,40.200000,41.170000,3.383085,2.412935,false,0.000000
2024-04-09,SLP,BBG001S9TQV4,0,false,49.390000,50.750000,3.259769,2.753594,false,0.000000
2024-04-09,SLQT,BBG001SQZ7Z7,0,false,2.010000,1.922000,0.248756,-4.378109,false,0.000000
2024-04-09,SLRC,BBG001T1Q8N2,0,false,15.110000,15.080000,0.198544,-0.198544,false,0.000000
2024-04-09,SLRN,BBG00YJKJ8J2,0,false,6.060000,5.945000,3.465347,-1.897690,false,0.000000
2024-04-09,SLVM,BBG0122M8040,0,false,60.450000,60.640000,0.744417,0.314309,false,0.000000
2024-04-09,SM,BBG001S6W0J7,0,false,52.620000,51.740000,0.028506,-1.672368,false,0.000000
2024-04-09,SMAR,BBG00GQK3WC4,0,false,38.880000,39.640000,2.340535,1.954733,false,0.000000
2024-04-09,SMBC,BBG001S7WWN0,0,false,42.060000,41.660000,0.000000,-0.951022,false,0.000000
2024-04-09,SMBK,BBG001SDRQW6,0,false,20.910000,20.795000,0.334768,-0.549976,false,0.000000
2024-04-09,SMG,BBG001S5W5H0,0,false,75.550000,76.080000,1.416281,0.701522,false,0.000000
2024-04-09,SMHI,BBG00BKY9L84,0,false,14.360000,13.760000,0.278552,-4.178273,false,0.000000
2024-04-09,SMMF,BBG001SDPJC6,0,false,26.490000,26.200000,0.000000,-1.094753,false,0.000000
2024-04-09,SMMT,BBG00X3GQL94,2,false,3.940000,4.090000,6.091371,3.807107,false,0.000000
2024-04-09,SMP,BBG001S5W5Z0,0,false,34.000000,34.140000,0.735294,0.411765,false,0.000000
2024-04-09,SMPL,BBG00GVP5JM3,0,false,32.410000,32.810000,1.265042,1.234187,false,0.000000
2024-04-09,SMR,BBG00YG48PG8,53,true,5.840000,5.620000,1.232877,-3.767123,false,0.000000
2024-04-09,SMRT,BBG00Z0H9PZ1,0,false,2.600000,2.630000,1.153846,1.153846,false,0.000000
2024-04-09,SMTC,BBG001S7TWW4,9,false,34.210000,34.760000,4.209296,1.607717,false,0.000000
2024-04-09,SMWB,0001842731,0,false,8.560000,8.599000,1.343458,0.455607,false,0.000000
2024-04-09,SN,0001957132,0,false,65.020000,63.540000,0.707475,-2.276223,false,0.000000
2024-04-09,SNBR,BBG001SD3530,0,false,13.630000,14.540000,8.400587,6.676449,false,0.000000
2024-04-09,SNCR,BBG001SM6LG8,0,false,7.990000,8.030000,2.878598,0.500626,false,0.000000
2024-04-09,SNCY,BBG00Z6F8D50,0,false,14.830000,15.120000,2.225219,1.955496,false,0.000000
2024-04-09,SNDL,BBG00PNJJW51,37,true,2.130000,2.090000,6.103286,-1.877934,false,0.000000
2024-04-09,SNDR,BBG001SF1R75,0,false,22.670000,22.840000,1.499779,0.749890,false,0.000000
2024-04-09,SNDX,BBG001T92272,0,false,22.860000,22.990000,0.962380,0.568679,false,0.000000
2024-04-09,SNEX,BBG001S5RD07,0,false,67.100000,66.950000,0.193741,-0.223547,false,0.000000
2024-04-09,SNPO,BBG011PCR0G5,0,false,8.890000,9.030000,5.624297,1.574803,false,0.000000
2024-04-09,SNV,BBG001S5S3G1,1,false,39.250000,39.195000,0.535032,-0.140127,false,0.000000
2024-04-09,SNX,BBG001SFQWB2,1,false,116.940000,116.360000,0.401830,-0.495981,false,0.000000
2024-04-09,SOFI,BBG00YB1ZF08,58,true,7.820000,7.895000,1.534527,0.959079,false,0.000000
2024-04-09,SOHU,BBG00L2DB5V4,0,false,11.410000,11.520000,1.489921,0.964067,false,0.000000
2024-04-09,SON,BBG001S7M9F1,0,false,57.710000,58.350000,1.160977,1.108993,false,0.000000
2024-04-09,SONO,BBG001SRR9R9,0,false,18.120000,18.120000,0.634658,0.000000,false,0.000000
2024-04-09,SOPH,0001840706,0,false,4.870000,4.960000,3.901437,1.848049,false,0.000000
2024-04-09,SOUN,BBG017304PD5,58,true,4.840000,4.870000,3.925620,0.619835,false,0.000000
2024-04-09,SP,BBG001S7TNN4,0,false,51.970000,51.980000,0.288628,0.019242,false,0.000000
2024-04-09,SPB,BBG001S63S71,0,false,83.730000,84.060000,1.254031,0.394124,false,0.000000
2024-04-09,SPCE,BBG00HTN2DF3,23,true,1.190000,1.170000,0.840336,-1.680672,false,0.000000
2024-04-09,SPFI,BBG001SN2YN4,1,false,25.260000,24.960000,0.494854,-1.187648,false,0.000000
2024-04-09,SPH,BBG001S6DDV6,0,false,20.250000,20.330000,1.777778,0.395062,false,0.000000
2024-04-09,SPHR,BBG00L9HLWW7,0,false,45.010000,44.530000,1.196623,-1.066430,false,0.000000
2024-04-09,SPLP,BBG001V0XZR9,0,false,38.880000,38.880000,0.000000,0.000000,false,0.000000
2024-04-09,SPNS,0000885740,0,false,32.150000,31.440000,0.746501,-2.208398,false,0.000000
2024-04-09,SPNT,0001576018,0,false,12.820000,12.510000,0.468019,-2.418097,false,0.000000
2024-04-09,SPOK,BBG001SF3J26,0,false,15.810000,15.520000,0.189753,-1.834282,false,0.000000
2024-04-09,SPR,BBG001SKF1N8,5,false,33.800000,33.640000,1.538462,-0.473373,false,0.000000
2024-04-09,SPRY,BBG00FZQGXH2,0,false,9.990000,9.330000,0.000000,-6.606607,false,0.000000
2024-04-09,SPSC,BBG001T65R07,0,false,177.210000,179.690000,2.307996,1.399470,false,0.000000
2024-04-09,SPT,BBG001V0K3F7,0,false,57.800000,58.310000,2.145329,0.882353,false,0.000000
2024-04-09,SPTN,BBG001S7LC92,0,false,18.930000,19.130000,1.373481,1.056524,false,0.000000
2024-04-09,SPWR,BBG001SN52J6,4,false,2.630000,2.770000,6.844106,5.323194,false,0.000000
2024-04-09,SPXC,BBG001S5W9N5,0,false,121.280000,122.380000,1.459433,0.906992,false,0.000000
2024-04-09,SQSP,BBG00389GQ82,0,false,37.350000,37.190000,0.294511,-0.428380,false,0.000000
2024-04-09,SR,BBG001S5SSD9,0,false,60.300000,60.300000,0.563847,0.000000,false,0.000000
2024-04-09,SRAD,0001836470,0,false,11.550000,11.625000,1.645022,0.649351,false,0.000000
2024-04-09,SRCE,BBG001S5WB32,0,false,51.090000,51.050000,0.234880,-0.078293,false,0.000000
2024-04-09,SRCL,BBG001S7P0T2,0,false,51.760000,51.510000,0.669436,-0.482998,false,0.000000
2024-04-09,SRDX,BBG001SBL623,0,false,27.860000,27.800000,0.591170,-0.215363,false,0.000000
2024-04-09,SRG,BBG008NVFMP6,1,false,9.670000,9.860000,2.068252,1.964840,false,0.000000
2024-04-09,SRI,BBG001S5RX58,0,false,17.660000,17.670000,0.736127,0.056625,false,0.000000
2024-04-09,SRPT,BBG001S6KJC6,0,false,126.460000,126.880000,0.751226,0.332121,false,0.000000
2024-04-09,SRRK,BBG00KT2RSD4,0,false,14.500000,14.840000,2.482759,2.344828,false,0.000000
2024-04-09,SRZN,BBG00XY94SB2,1,false,11.590000,11.349900,2.027610,-2.071613,false,0.000000
2024-04-09,SSB,BBG001S9J7Z3,0,false,82.770000,82.670000,0.338287,-0.120817,false,0.000000
2024-04-09,SSD,BBG001SB9QN0,0,false,192.430000,190.980000,1.117289,-0.753521,false,0.000000
2024-04-09,SSRM,BBG001S6JSX5,4,false,4.980000,5.130000,6.325301,3.012048,false,0.000000
2024-04-09,SSTK,BBG002ZCK3M7,0,false,43.940000,44.240000,1.729631,0.682749,false,0.000000
2024-04-09,SSYS,0001517396,0,false,10.810000,11.300000,5.825162,4.532840,false,0.000000
2024-04-09,ST,0001477294,1,false,35.540000,36.195000,2.813731,1.842994,false,0.000000
2024-04-09,STAA,BBG001S6MC39,0,false,49.650000,52.280000,6.102719,5.297080,false,0.000000
2024-04-09,STAG,BBG001T9F312,0,false,38.350000,38.310000,0.091265,-0.104302,false,0.000000
2024-04-09,STBA,BBG001S68QG0,0,false,31.330000,31.280000,0.319183,-0.159591,false,0.000000
2024-04-09,STC,BBG001S7KRL6,0,false,64.290000,64.210000,0.279981,-0.124436,false,0.000000
2024-04-09,STEL,BBG00HZ69LD0,0,false,23.640000,23.880000,1.142132,1.015228,false,0.000000
2024-04-09,STEM,BBG00XP8NRN2,0,false,2.030000,1.990000,4.433498,-1.970443,false,0.000000
2024-04-09,STEP,BBG00WXXV0W0,0,false,36.400000,35.950000,0.851648,-1.236264,false,0.000000
2024-04-09,STER,BBG012BTZSC5,0,false,15.830000,15.800000,0.568541,-0.189514,false,0.000000
2024-04-09,STGW,BBG00ZV0HW08,0,false,5.700000,5.820000,2.631579,2.105263,false,0.000000
2024-04-09,STKL,BBG001S6V9S9,0,false,6.600000,6.630000,1.819697,0.454545,false,0.000000
2024-04-09,STN,BBG001S6JJQ3,0,false,81.650000,81.680000,0.391917,0.036742,false,0.000000
2024-04-09,STNE,0001745431,11,true,17.840000,17.270000,0.504484,-3.195067,false,0.000000
2024-04-09,STNG,0001483934,0,false,71.490000,68.940000,0.000000,-3.566932,false,0.000000
2024-04-09,STOK,BBG00JPCBPH8,0,false,13.000000,12.820000,2.307692,-1.384615,false,0.000000
2024-04-09,STR,BBG01C36Y873,0,false,25.670000,25.910000,1.086872,0.934944,false,0.000000
2024-04-09,STRA,BBG001S90RW2,0,false,104.730000,103.850000,0.009548,-0.840256,false,0.000000
2024-04-09,STRL,BBG001SC9C40,0,false,106.030000,106.090000,0.528152,0.056588,false,0.000000
2024-04-09,STTK,BBG00V776CR6,0,false,8.860000,9.011000,3.668172,1.704289,false,0.000000
2024-04-09,STVN,0001849853,1,false,28.690000,29.410000,2.579296,2.509585,false,0.000000
2024-04-09,STWD,BBG001T4JCN5,1,false,19.800000,19.900000,0.555556,0.505051,false,0.000000
2024-04-09,SUM,BBG006K8P6F9,0,false,42.560000,42.280000,0.916353,-0.657895,false,0.000000
2024-04-09,SUN,BBG00358K8T9,0,false,57.760000,56.650000,0.000000,-1.921745,false,0.000000
2024-04-09,SUPN,BBG001SFKFF1,0,false,31.500000,31.730000,2.857143,0.730159,false,0.000000
2024-04-09,SUPV,BBG00BTHJ014,0,false,6.150000,6.030000,3.731707,-1.951220,false,0.000000
2024-04-09,SVC,BBG001S81XC2,0,false,6.740000,6.795000,1.632047,0.816024,false,0.000000
2024-04-09,SVM,BBG001S6YR97,6,false,3.860000,3.790000,2.590674,-1.813472,false,0.000000
2024-04-09,SVRA,BBG001SFTVM9,0,false,4.740000,4.895000,3.902954,3.270042,false,0.000000
2024-04-09,SVV,BBG01F5T0LT8,0,false,18.730000,17.920000,1.067806,-4.324613,false,0.000000
2024-04-09,SWAV,BBG005XVXMM4,0,false,325.750000,327.120000,0.537222,0.420568,false,0.000000
2024-04-09,SWBI,BBG001S6MNG1,1,false,17.720000,17.550000,0.197517,-0.959368,false,0.000000
2024-04-09,SWI,BBG00M1CKT98,0,false,11.400000,11.410000,0.789474,0.087719,false,0.000000
2024-04-09,SWIM,BBG00ZVXLJB8,0,false,3.630000,3.670000,1.928375,1.101928,false,0.000000
2024-04-09,SWK,BBG001S5WHT1,0,false,95.790000,97.190000,2.244493,1.461530,false,0.000000
2024-04-09,SWN,BBG001S5WHW7,3,false,7.570000,7.540000,0.132100,-0.396301,false,0.000000
2024-04-09,SWTX,BBG00Q011TX8,0,false,44.090000,44.210000,1.746428,0.272171,false,0.000000
2024-04-09,SWX,BBG00FWP4JX3,0,false,75.760000,75.150000,0.857973,-0.805174,false,0.000000
2024-04-09,SXC,BBG001T90D25,0,false,11.320000,10.970000,0.618375,-3.091873,false,0.000000
2024-04-09,SXI,BBG001S5WJ53,0,false,176.640000,176.000000,0.067935,-0.362319,false,0.000000
2024-04-09,SXT,BBG001SF0100,0,false,70.360000,71.780000,3.403923,2.018192,false,0.000000
2024-04-09,SYBT,BBG001SBG219,0,false,46.880000,47.000000,1.023891,0.255973,false,0.000000
2024-04-09,SYM,BBG00Z72HCX9,0,false,45.570000,46.000000,0.965548,0.943603,false,0.000000
2024-04-09,SYNA,BBG001SCDXM9,0,false,94.120000,95.910000,1.954951,1.901827,false,0.000000
2024-04-09,TAC,BBG001S5WJZ0,0,false,6.300000,6.320000,1.428571,0.317460,false,0.000000
2024-04-09,TALK,BBG00V317329,4,false,3.740000,3.780000,4.812834,1.069519,false,0.000000
2024-04-09,TALO,BBG00JPH4JG0,0,false,14.450000,14.515000,1.522491,0.449827,false,0.000000
2024-04-09,TAP,BBG001S5VQ21,4,false,69.180000,67.330000,0.000000,-2.674183,false,0.000000
2024-04-09,TARO,0000906338,0,false,42.110000,42.200000,0.569936,0.213726,false,0.000000
2024-04-09,TARS,BBG00RB9BNR6,0,false,35.600000,36.270000,2.584270,1.882022,false,0.000000
2024-04-09,TASK,BBG009CL6VL2,0,false,11.410000,12.140000,6.397897,6.397897,false,0.000000
2024-04-09,TAST,BBG001SM2GK8,0,false,9.490000,9.480000,0.052687,-0.105374,false,0.000000
2024-04-09,TBBK,BBG001SM71W3,0,false,32.450000,32.680000,0.862866,0.708783,false,0.000000
2024-04-09,TBI,BBG001SC5XD8,0,false,11.880000,11.960000,1.599327,0.673401,false,0.000000
2024-04-09,TBLA,0001840502,2,false,4.350000,4.265000,0.689655,-1.954023,false,0.000000
2024-04-09,TBLD,BBG011K2MTF5,0,false,16.020000,16.040000,0.299625,0.124844,false,0.000000
2024-04-09,TBPH,0001583107,0,false,9.480000,9.470000,1.582278,-0.105485,false,0.000000
2024-04-09,TCBI,BBG001SJ1VS5,0,false,59.710000,59.910000,0.756657,0.334952,false,0.000000
2024-04-09,TCBK,BBG001S78RY6,0,false,34.490000,34.510000,0.927805,0.057988,false,0.000000
2024-04-09,TCI,BBG001S5SQG0,0,false,35.900000,35.900000,0.000000,0.000000,false,0.000000
2024-04-09,TCMD,BBG001THH5G1,0,false,15.630000,15.570000,0.703775,-0.383877,false,0.000000
2024-04-09,TCN,BBG001T7VFV8,1,false,11.170000,11.190000,0.179051,0.179051,false,0.000000
2024-04-09,TCPC,BBG001V17VG7,0,false,10.120000,10.170000,0.592885,0.494071,false,0.000000
2024-04-09,TCRT,BBG001SM7BJ6,0,false,1.650000,1.740000,6.363636,5.454545,false,0.000000
2024-04-09,TCRX,BBG00PH1N025,0,false,7.450000,7.450000,4.966443,0.000000,false,0.000000
2024-04-09,TDC,BBG001SPRJ28,0,false,38.380000,38.610000,1.146430,0.599270,false,0.000000
2024-04-09,TDOC,BBG001TG5PC6,9,false,14.710000,15.060000,3.235894,2.379334,false,0.000000
2024-04-09,TDS,BBG001S5WM29,0,false,15.500000,15.770000,2.032258,1.741935,false,0.000000
2024-04-09,TDW,BBG00HBQ36G8,0,false,98.860000,97.090000,0.758649,-1.790411,false,0.000000
2024-04-09,TECH,BBG001S66C28,0,false,68.760000,71.230000,3.650378,3.592205,false,0.000000
2024-04-09,TELL,BBG001S5TB09,23,true,0.551000,0.576300,6.987296,4.591652,false,0.000000
2024-04-09,TENB,BBG00LBLCDR3,0,false,48.630000,49.120000,1.439441,1.007608,false,0.000000
2024-04-09,TERN,BBG00KK1SJ17,0,false,5.480000,5.540000,5.656934,1.094891,false,0.000000
2024-04-09,TEX,BBG001S6PZQ0,0,false,65.260000,65.420000,0.413730,0.245173,false,0.000000
2024-04-09,TFII,BBG001SCQG15,0,false,161.530000,162.010000,0.371448,0.297158,false,0.000000
2024-04-09,TFIN,BBG001SNKPZ0,0,false,78.140000,79.080000,1.894036,1.202969,false,0.000000
2024-04-09,TFPM,BBG00QRZMFT6,0,false,15.780000,15.620000,1.647655,-1.013942,false,0.000000
2024-04-09,TFSL,BBG001SKZF64,0,false,12.340000,12.580000,1.944895,1.944895,false,0.000000
2024-04-09,TFX,BBG001S5WNP2,0,false,217.520000,223.880000,2.951453,2.923869,false,0.000000
2024-04-09,TGAN,BBG001V0KV83,0,false,4.910000,4.920000,0.203666,0.203666,false,0.000000
2024-04-09,TGB,BBG001S60ML1,10,true,2.500000,2.530000,3.100000,1.200000,false,0.000000
2024-04-09,TGI,BBG001S6MWK6,0,false,14.270000,14.150000,0.630694,-0.840925,false,0.000000
2024-04-09,TGLS,0001534675,0,false,56.630000,58.410000,3.160869,3.143210,false,0.000000
2024-04-09,TGNA,BBG001S5RHD4,0,false,14.110000,14.300000,1.381999,1.346563,false,0.000000
2024-04-09,TGTX,BBG001S8NH06,0,false,15.160000,15.100000,1.385224,-0.395778,false,0.000000
2024-04-09,TH,BBG00K7K34Y4,0,false,10.850000,10.900000,0.645161,0.460829,false,0.000000
2024-04-09,THC,BBG001S70FY0,0,false,102.260000,101.810000,0.332486,-0.440055,false,0.000000
2024-04-09,THFF,BBG001S6TD85,0,false,37.230000,36.990000,1.114692,-0.644641,false,0.000000
2024-04-09,THG,BBG001S8KZF3,0,false,133.300000,130.570000,0.000000,-2.048012,false,0.000000
2024-04-09,THO,BBG001S5WPH6,0,false,112.980000,112.940000,0.671800,-0.035404,false,0.000000
2024-04-09,THR,BBG001V0BDC8,0,false,32.870000,32.270000,0.000000,-1.825373,false,0.000000
2024-04-09,THRD,BBG00Z14GXC9,0,false,10.940000,11.080000,7.861060,1.279707,false,0.000000
2024-04-09,THRM,BBG001SF8XY5,0,false,55.210000,56.150000,1.793153,1.702590,false,0.000000
2024-04-09,THRY,BBG00FWL3JY2,0,false,22.460000,23.480000,4.674978,4.541407,false,0.000000
2024-04-09,THS,BBG001SP0625,0,false,37.400000,37.510000,0.748663,0.294118,false,0.000000
2024-04-09,TIGO,0000912958,0,false,20.560000,20.660000,0.705253,0.486381,false,0.000000
2024-04-09,TIGR,BBG00NG4GWB3,6,false,3.520000,3.540000,1.420455,0.568182,false,0.000000
2024-04-09,TIL,BBG00ZGYN5X7,0,false,10.970000,10.910000,0.000000,-0.546946,false,0.000000
2024-04-09,TILE,BBG001S5S5S3,0,false,16.650000,16.420000,0.720721,-1.381381,false,0.000000
2024-04-09,TIPT,BBG001ST0XR1,0,false,17.050000,16.530000,0.000000,-3.049853,false,0.000000
2024-04-09,TITN,BBG001STZCF2,0,false,23.740000,24.290000,2.316765,2.316765,false,0.000000
2024-04-09,TIXT,BBG00YTSTFR8,0,false,8.710000,8.790000,2.870264,0.918485,false,0.000000
2024-04-09,TK,0000911971,0,false,7.370000,7.160000,0.135685,-2.849389,false,0.000000
2024-04-09,TKO,BBG01G9JKWW4,0,false,96.300000,97.490000,1.329180,1.235722,false,0.000000
2024-04-09,TKR,BBG001S5WQK0,0,false,88.510000,88.520000,0.355892,0.011298,false,0.000000
2024-04-09,TLRY,BBG00L7XTPY9,60,true,2.120000,2.059900,6.132075,-2.834906,false,0.000000
2024-04-09,TLS,BBG001S7W4K5,0,false,4.360000,4.185000,1.720183,-4.013761,false,0.000000
2024-04-09,TMC,BBG00SMMWMN6,2,false,1.660000,1.710000,4.819277,3.012048,false,0.000000
2024-04-09,TMCI,BBG00GQKR6N3,0,false,12.360000,12.460000,3.074434,0.809061,false,0.000000
2024-04-09,TMDX,BBG00NZ6J701,2,false,91.290000,93.290000,2.683755,2.190820,false,0.000000
2024-04-09,TMHC,BBG003PGJJF2,0,false,59.480000,59.010000,0.000000,-0.790182,false,0.000000
2024-04-09,TMP,BBG001S9JTL0,0,false,47.580000,47.740000,1.492224,0.336276,false,0.000000
2024-04-09,TNC,BBG001SCHFK6,0,false,121.610000,121.390000,0.374147,-0.180906,false,0.000000
2024-04-09,TNDM,BBG001TG5QC4,0,false,33.650000,34.900000,4.695394,3.714710,false,0.000000
2024-04-09,TNET,BBG001SDZPT3,0,false,130.000000,130.980000,0.915385,0.753846,false,0.000000
2024-04-09,TNGX,BBG00WFDDSK6,0,false,7.430000,7.690000,3.903096,3.499327,false,0.000000
2024-04-09,TNK,0001419945,0,false,57.720000,55.580000,0.157311,-3.707554,false,0.000000
2024-04-09,TNL,BBG001SN4127,0,false,47.020000,46.560000,0.504466,-0.978307,false,0.000000
2024-04-09,TNP,0001166663,0,false,25.990000,25.150000,0.615621,-3.232012,false,0.000000
2024-04-09,TNYA,BBG00FPMK2T2,0,false,4.660000,4.510000,1.716738,-3.218884,false,0.000000
2024-04-09,TOL,BBG001S5WT15,0,false,125.770000,124.370000,0.000000,-1.113143,false,0.000000
2024-04-09,TOST,BBG00BTJVKB1,2,false,23.110000,23.700000,3.418434,2.553007,false,0.000000
2024-04-09,TOWN,BBG001S5WTN1,0,false,27.680000,27.520000,0.505780,-0.578035,false,0.000000
2024-04-09,TPB,BBG001T99T94,0,false,27.900000,28.060000,1.075269,0.573477,false,0.000000
2024-04-09,TPC,BBG001S5V297,0,false,15.380000,15.080000,32.639792,-1.950585,true,0.000000
2024-04-09,TPG,BBG0145FSQD9,0,false,45.590000,45.040000,0.065804,-1.206405,false,0.000000
2024-04-09,TPH,BBG001TCN6V6,0,false,37.480000,37.200000,0.146745,-0.747065,false,0.000000
2024-04-09,TPR,BBG001SFH7D5,0,false,43.150000,42.700000,0.000000,-1.042874,false,0.000000
2024-04-09,TPVG,BBG005GXFKK5,0,false,9.250000,9.275000,0.270270,0.270270,false,0.000000
2024-04-09,TPX,BBG001SH81D4,0,false,53.970000,53.580000,0.370576,-0.722624,false,0.000000
2024-04-09,TR,BBG001S5WV29,0,false,31.500000,30.980000,0.000000,-1.650794,false,0.000000
2024-04-09,TRAK,BBG001SK6032,0,false,17.000000,17.340000,2.941176,2.000000,false,0.000000
2024-04-09,TRC,BBG001S5WV65,0,false,15.220000,15.500000,2.628121,1.839685,false,0.000000
2024-04-09,TRDA,BBG00MTSMC25,0,false,13.580000,13.240000,0.552283,-2.503682,false,0.000000
2024-04-09,TREE,BBG001SP2FG8,0,false,41.380000,41.080000,1.365394,-0.724988,false,0.000000
2024-04-09,TREX,BBG001SB6TV8,0,false,97.460000,96.070000,0.000000,-1.426226,false,0.000000
2024-04-09,TRIN,BBG00T6WFZK3,0,false,14.550000,14.600000,0.412371,0.343643,false,0.000000
2024-04-09,TRIP,BBG001V10VR2,0,false,27.030000,26.910000,0.554939,-0.443951,false,0.000000
2024-04-09,TRMD,0001655891,7,false,35.400000,34.570000,0.621469,-2.344633,false,0.000000
2024-04-09,TRMK,BBG001S6JGT6,0,false,27.440000,27.480000,0.911079,0.145773,false,0.000000
2024-04-09,TRML,BBG00NX995T1,0,false,23.180000,22.930000,0.000000,-1.078516,false,0.000000
2024-04-09,TRN,BBG001S5WVT0,0,false,28.000000,27.930000,0.714286,-0.250000,false,0.000000
2024-04-09,TRNO,BBG001T60PW1,0,false,64.610000,65.400000,1.439406,1.222721,false,0.000000
2024-04-09,TRNS,BBG001S5WVW6,0,false,109.170000,112.030000,4.483833,2.619767,false,0.000000
2024-04-09,TROX,0001530804,1,false,17.070000,17.090000,0.761570,0.117165,false,0.000000
2024-04-09,TRS,BBG001SKRBD4,0,false,26.180000,26.240000,0.534759,0.229183,false,0.000000
2024-04-09,TRST,BBG001S5WWG2,0,false,27.150000,27.450000,1.473297,1.104972,false,0.000000
2024-04-09,TRTX,BBG00GKJ8CY8,0,false,7.760000,7.810000,1.030928,0.644330,false,0.000000
2024-04-09,TRUP,BBG002BC7WF2,0,false,26.140000,25.730000,1.453711,-1.568477,false,0.000000
2024-04-09,TSEM,0000928876,6,false,34.050000,34.520000,1.556535,1.380323,false,0.000000
2024-04-09,TSHA,BBG00TJXFDQ0,20,true,2.950000,2.965000,11.864407,0.508475,false,0.000000
2024-04-09,TSLX,BBG001V064L4,0,false,20.970000,20.970000,0.381497,0.000000,false,0.000000
2024-04-09,TTC,BBG001S5WX98,0,false,86.950000,88.170000,1.598620,1.403105,false,0.000000
2024-04-09,TTEC,BBG001S7YNS3,0,false,8.960000,9.420000,6.026786,5.133929,false,0.000000
2024-04-09,TTEK,BBG001S5YYH5,0,false,193.970000,194.670000,0.525855,0.360881,false,0.000000
2024-04-09,TTGT,BBG001S9R748,0,false,31.080000,30.980000,2.027027,-0.321750,false,0.000000
2024-04-09,TTI,BBG001S5WXH9,0,false,4.920000,4.930000,2.845528,0.203252,false,0.000000
2024-04-09,TTMI,BBG001SFJKF2,0,false,14.720000,14.690000,0.475543,-0.203804,false,0.000000
2024-04-09,TTSH,BBG001TG2NG0,0,false,7.000000,7.000000,1.000000,0.000000,false,0.000000
2024-04-09,TVTX,BBG001SL72C5,0,false,7.020000,6.850000,3.418803,-2.421652,false,0.000000
2024-04-09,TWI,BBG001S634F5,0,false,12.320000,12.440000,0.974026,0.974026,false,0.000000
2024-04-09,TWKS,BBG01282Z2S8,0,false,2.370000,2.500000,5.907173,5.485232,false,0.000000
2024-04-09,TWLO,BBG0029ZX859,2,false,61.460000,61.620000,1.244712,0.260332,false,0.000000
2024-04-09,TWO,BBG001T4RH00,0,false,12.500000,12.700000,1.600000,1.600000,false,0.000000
2024-04-09,TWST,BBG006KDCHK2,0,false,33.080000,33.760000,2.267231,2.055623,false,0.000000
2024-04-09,TXG,BBG007WX14Y9,0,false,36.800000,37.400000,2.540761,1.630435,false,0.000000
2024-04-09,TXRH,BBG001SLR3C1,0,false,150.250000,149.290000,0.592346,-0.638935,false,0.000000
2024-04-09,TYRA,BBG00RCQD9F9,0,false,17.310000,17.050000,0.751011,-1.502022,false,0.000000
2024-04-09,U,BBG0056JW5H5,13,true,26.560000,27.080000,2.146084,1.957831,false,0.000000
2024-04-09,UAA,BBG001SJLLQ7,5,false,6.830000,6.830000,0.512445,0.000000,false,0.000000
2024-04-09,UAL,BBG001SQ87W0,8,false,43.430000,43.470000,0.690767,0.092102,false,0.000000
2024-04-09,UAN,BBG001TWQXN9,0,false,81.000000,80.110000,0.493827,-1.098765,false,0.000000
2024-04-09,UBSI,BBG001S5WZV8,0,false,34.880000,34.860000,0.401376,-0.057339,false,0.000000
2024-04-09,UCBI,BBG001S9SSJ5,0,false,25.720000,26.130000,1.632970,1.594090,false,0.000000
2024-04-09,UCTT,BBG001SHTS06,0,false,46.640000,47.195000,1.243568,1.189966,false,0.000000
2024-04-09,UDMY,BBG0025DTRP3,0,false,10.670000,10.590000,0.702905,-0.749766,false,0.000000
2024-04-09,UDR,BBG001S6KCT3,1,false,37.350000,37.880000,1.633199,1.419009,false,0.000000
2024-04-09,UE,BBG006BFYQP8,0,false,16.750000,16.790000,0.358209,0.238806,false,0.000000
2024-04-09,UEC,BBG001SK6158,7,false,7.100000,6.900000,0.985915,-2.816901,false,0.000000
2024-04-09,UFCS,BBG001S5X0J8,0,false,21.850000,21.530000,0.732265,-1.464531,false,0.000000
2024-04-09,UFPI,BBG001S7GZG9,0,false,119.140000,119.710000,0.979100,0.478429,false,0.000000
2024-04-09,UFPT,BBG001S79DN8,0,false,254.190000,249.110000,0.542901,-1.998505,false,0.000000
2024-04-09,UGI,BBG001S5X0W3,3,false,24.920000,25.000000,0.561798,0.321027,false,0.000000
2024-04-09,UHAL.B,BBG01B6SGC20,0,false,65.480000,66.180000,1.091936,1.069029,false,0.000000
2024-04-09,UHG,BBG00YVW5GW4,0,false,7.010000,7.250000,3.423680,3.423680,false,0.000000
2024-04-09,UHS,BBG001S6S976,0,false,171.720000,171.600000,0.279525,-0.069881,false,0.000000
2024-04-09,UHT,BBG001S5X151,0,false,34.050000,35.330000,3.759178,3.759178,false,0.000000
2024-04-09,UI,BBG001T1WDF3,0,false,112.930000,118.040000,4.710883,4.524927,false,0.000000
2024-04-09,UIS,BBG001S5X1D2,0,false,5.650000,5.660000,2.212389,0.176991,false,0.000000
2024-04-09,ULCC,BBG00GCTTKY4,0,false,7.470000,7.355000,0.133869,-1.539491,false,0.000000
2024-04-09,ULH,BBG001SK03X9,0,false,35.210000,34.910000,0.000000,-0.852031,false,0.000000
2024-04-09,UMBF,BBG001S7Y2T8,0,false,84.660000,84.490000,0.307111,-0.200803,false,0.000000
2024-04-09,UMH,BBG001S7JRQ3,0,false,16.220000,16.490000,2.404439,1.664612,false,0.000000
2024-04-09,UNF,BBG001S5X2B2,0,false,164.640000,165.740000,1.129738,0.668124,false,0.000000
2024-04-09,UNFI,BBG001S7B0Y1,0,false,10.430000,10.530000,2.109300,0.958773,false,0.000000
2024-04-09,UNIT,BBG002B67HC1,0,false,5.750000,5.910000,3.130435,2.782609,false,0.000000
2024-04-09,UNM,BBG001S5X2J4,1,false,53.000000,51.635000,0.283019,-2.575472,false,0.000000
2024-04-09,UP,BBG00XTV85M3,0,false,2.790000,2.930000,9.318996,5.017921,false,0.000000
2024-04-09,UPBD,BBG001S6BR38,0,false,33.930000,33.800000,0.661067,-0.383142,false,0.000000
2024-04-09,UPST,BBG00PKCBY62,8,false,25.350000,26.290000,3.885602,3.708087,false,0.000000
2024-04-09,UPWK,BBG00FBJ63B7,0,false,12.000000,12.100000,1.333333,0.833333,false,0.000000
2024-04-09,URBN,BBG001S7H9K1,0,false,39.950000,39.100000,0.100125,-2.127660,false,0.000000
2024-04-09,URG,BBG001SKVFK2,0,false,1.730000,1.705000,0.572254,-1.445087,false,0.000000
2024-04-09,URGN,0001668243,0,false,13.320000,13.390000,4.429429,0.525526,false,0.000000
2024-04-09,USAC,BBG001V1S8F6,0,false,26.430000,26.170000,0.832387,-0.983731,false,0.000000
2024-04-09,USFD,BBG00C6H6D59,0,false,51.460000,51.840000,1.068791,0.738438,false,0.000000
2024-04-09,USLM,BBG001S7MWH8,0,false,303.000000,300.425000,0.244224,-0.849835,false,0.000000
2024-04-09,USM,BBG001S5X446,0,false,35.280000,36.350000,3.344671,3.032880,false,0.000000
2024-04-09,USNA,BBG001S79BP0,0,false,46.720000,47.290000,1.583904,1.220034,false,0.000000
2024-04-09,USPH,BBG001S71ZL9,0,false,107.750000,106.880000,1.024408,-0.807425,false,0.000000
2024-04-09,UTHR,BBG001S8RV10,0,false,236.580000,237.230000,0.617127,0.274748,false,0.000000
2024-04-09,UTI,BBG001SC4X67,1,false,15.500000,15.310000,0.000000,-1.225806,false,0.000000
2024-04-09,UTL,BBG001S5X5G0,0,false,51.150000,50.616000,0.000000,-1.043988,false,0.000000
2024-04-09,UTZ,BBG00M8652J9,0,false,17.560000,17.500000,0.683371,-0.341686,false,0.000000
2024-04-09,UUUU,BBG001S9FH94,3,false,6.370000,6.230000,0.470958,-2.197802,false,0.000000
2024-04-09,UVE,BBG001S5QC19,0,false,19.260000,19.130000,0.000000,-0.674974,false,0.000000
2024-04-09,UVSP,BBG001S6YQ99,0,false,19.860000,19.900000,0.402820,0.201410,false,0.000000
2024-04-09,UVV,BBG001S5X5V3,0,false,50.740000,50.380000,0.532125,-0.709499,false,0.000000
2024-04-09,UWMC,BBG00R24YP79,1,false,6.410000,6.765000,5.772231,5.538222,false,0.000000
2024-04-09,VAC,BBG001V0GHW2,0,false,103.150000,103.240000,1.299079,0.087252,false,0.000000
2024-04-09,VAL,0000314808,0,false,72.860000,72.750000,0.809635,-0.150974,false,0.000000
2024-04-09,VALU,BBG001S5X687,1,false,38.550000,38.310000,3.981064,-0.622568,false,0.000000
2024-04-09,VBTX,BBG001T6ZGF2,0,false,20.360000,20.520000,1.964637,0.785855,false,0.000000
2024-04-09,VC,BBG001TCM086,0,false,112.800000,114.145000,1.524823,1.192376,false,0.000000
2024-04-09,VCEL,BBG001S6X9M3,0,false,50.290000,50.350000,0.238616,0.119308,false,0.000000
2024-04-09,VCTR,BBG0074JPDP5,0,false,44.140000,43.780000,0.000000,-0.815587,false,0.000000
2024-04-09,VCYT,BBG001TSQWW0,0,false,20.910000,21.450000,2.582496,2.582496,false,0.000000
2024-04-09,VECO,BBG001S5X6T4,1,false,36.050000,37.000000,4.576976,2.635229,false,0.000000
2024-04-09,VEL,BBG00QLF1HK4,0,false,17.340000,16.950000,0.461361,-2.249135,false,0.000000
2024-04-09,VERA,BBG00Q72WYH2,0,false,38.820000,37.870000,0.747038,-2.447192,false,0.000000
2024-04-09,VERV,BBG00P33TD13,3,false,8.430000,8.769000,4.033215,4.021352,false,0.000000
2024-04-09,VERX,BBG00VVT2FV3,0,false,31.940000,32.580000,2.536005,2.003757,false,0.000000
2024-04-09,VET,BBG001S7X7L6,0,false,12.620000,12.600000,0.832013,-0.158479,false,0.000000
2024-04-09,VFC,BBG001S5X749,0,false,13.630000,13.950000,2.714600,2.347762,false,0.000000
2024-04-09,VFS,0001913510,11,true,4.230000,4.110000,0.354610,-2.836879,false,0.000000
2024-04-09,VGR,BBG001S75639,0,false,10.300000,10.355000,1.165049,0.533981,false,0.000000
2024-04-09,VHI,BBG001S5X7H5,0,false,16.030000,16.380000,2.183406,2.183406,false,0.000000
2024-04-09,VIAV,BBG001S92GV5,0,false,8.760000,8.860000,1.255708,1.141553,false,0.000000
2024-04-09,VICR,BBG001S6JQ96,0,false,37.450000,38.000000,2.696929,1.468625,false,0.000000
2024-04-09,VINP,0001826286,0,false,11.140000,11.080000,0.852783,-0.538600,false,0.000000
2024-04-09,VIR,BBG00H2QQ8V2,0,false,9.510000,9.540000,4.153523,0.315457,false,0.000000
2024-04-09,VIRT,BBG0064N2T87,0,false,20.930000,20.645000,0.047778,-1.361682,false,0.000000
2024-04-09,VITL,BBG006XWWBM5,1,false,24.810000,24.690000,1.148730,-0.483676,false,0.000000
2024-04-09,VKTX,BBG006LGV887,6,false,75.220000,72.830000,1.276256,-3.177346,false,0.000000
2024-04-09,VLGEA,BBG001S5X8H3,0,false,28.200000,28.200000,0.567376,0.000000,false,0.000000
2024-04-09,VLY,BBG001S7H654,0,false,7.790000,8.010000,3.080873,2.824134,false,0.000000
2024-04-09,VMD,BBG00JB5VKK3,0,false,8.530000,8.380000,1.289566,-1.758499,false,0.000000
2024-04-09,VMEO,BBG00ZNSSLJ8,1,false,3.720000,3.840000,9.946237,3.225806,false,0.000000
2024-04-09,VMI,BBG001S5X650,0,false,226.140000,224.440000,0.815866,-0.751747,false,0.000000
2024-04-09,VNO,BBG001S5X909,0,false,28.920000,29.990000,3.803596,3.699862,false,0.000000
2024-04-09,VNOM,BBG006G57XH9,0,false,39.490000,40.130000,1.975184,1.620663,false,0.000000
2024-04-09,VNT,BBG00RRGSKH2,0,false,43.290000,42.750000,0.000000,-1.247401,false,0.000000
2024-04-09,VOYA,BBG001S6QQP0,0,false,71.350000,71.240000,0.518570,-0.154170,false,0.000000
2024-04-09,VPG,BBG001T5X9F2,0,false,34.470000,34.770000,1.073397,0.870322,false,0.000000
2024-04-09,VRDN,BBG002H24301,0,false,17.020000,16.860000,1.821387,-0.940071,false,0.000000
2024-04-09,VRE,BBG001S825N0,0,false,15.020000,15.170000,1.264980,0.998668,false,0.000000
2024-04-09,VREX,BBG00CZNLR38,0,false,17.650000,18.070000,2.379603,2.379603,false,0.000000
2024-04-09,VRM,BBG009NGKQM5,0,false,12.710000,12.780000,5.428796,0.550747,false,0.000000
2024-04-09,VRNS,BBG001Y04TP4,0,false,47.690000,46.610000,0.020969,-2.264626,false,0.000000
2024-04-09,VRNT,BBG001S6V8N6,0,false,31.730000,33.059000,4.648598,4.188465,false,0.000000
2024-04-09,VRRM,BBG00G4XQBP7,0,false,24.830000,25.040000,1.208216,0.845751,false,0.000000
2024-04-09,VRTS,BBG001T1QKH2,0,false,239.690000,239.940000,0.104301,0.104301,false,0.000000
2024-04-09,VSAT,BBG001S98NF2,0,false,17.760000,17.680000,2.927928,-0.450450,false,0.000000
2024-04-09,VSCO,BBG01103B480,1,false,19.810000,19.060000,0.555275,-3.785967,false,0.000000
2024-04-09,VSEC,BBG001S5X9Z1,0,false,80.980000,80.050000,1.222524,-1.148432,false,0.000000
2024-04-09,VSH,BBG001S5XB04,0,false,22.230000,22.520000,1.529465,1.304543,false,0.000000
2024-04-09,VSTA,0001792829,0,false,4.099000,4.099000,0.000000,0.000000,false,0.000000
2024-04-09,VSTO,BBG006F8QZL3,0,false,33.580000,33.450000,0.178678,-0.387135,false,0.000000
2024-04-09,VSTS,BBG001SGVMS8,0,false,19.200000,19.635000,2.916667,2.265625,false,0.000000
2024-04-09,VTEX,0001793663,0,false,8.370000,8.420000,0.836320,0.597372,false,0.000000
2024-04-09,VTLE,BBG001T24DQ0,0,false,56.250000,56.690000,0.835556,0.782222,false,0.000000
2024-04-09,VTOL,BBG001YH8QJ6,0,false,26.920000,26.540000,1.374443,-1.411590,false,0.000000
2024-04-09,VTRS,BBG00Y52JV51,0,false,11.730000,11.810000,0.937766,0.682012,false,0.000000
2024-04-09,VTRU,0001805012,0,false,14.590000,14.610000,0.753941,0.137080,false,0.000000
2024-04-09,VTS,BBG01B9G0J34,0,false,23.350000,23.700000,1.498929,1.498929,false,0.000000
2024-04-09,VTVT,BBG009DT9XK8,0,false,24.990000,25.000000,0.040016,0.040016,false,0.000000
2024-04-09,VVI,BBG001S77S57,0,false,38.480000,38.000000,0.363825,-1.247401,false,0.000000
2024-04-09,VVV,BBG003DNHV65,0,false,43.140000,42.860000,0.440427,-0.649050,false,0.000000
2024-04-09,VVX,BBG005PG80L3,0,false,46.160000,45.940000,0.541594,-0.476603,false,0.000000
2024-04-09,VYGR,BBG005ZSY242,1,false,9.090000,9.080000,1.650165,-0.110011,false,0.000000
2024-04-09,VYX,BBG001S9FBR7,1,false,13.000000,12.805000,1.153846,-1.500000,false,0.000000
2024-04-09,VZIO,BBG00ZHDJWD0,1,false,10.900000,10.840000,0.183486,-0.550459,false,0.000000
2024-04-09,VZLA,BBG00L1MK0Z2,2,false,1.550000,1.470000,1.935484,-5.161290,false,0.000000
2024-04-09,W,BBG001THKQ26,2,false,65.550000,66.320000,2.135774,1.174676,false,0.000000
2024-04-09,WABC,BBG001S7XYL7,0,false,48.510000,48.850000,0.886415,0.700886,false,0.000000
2024-04-09,WAFD,BBG001S5XF96,0,false,28.250000,28.510000,1.061947,0.920354,false,0.000000
2024-04-09,WAL,BBG001SLM522,1,false,61.400000,60.920000,0.618893,-0.781759,false,0.000000
2024-04-09,WALD,0001840199,0,false,6.500000,6.300000,2.769231,-3.076923,false,0.000000
2024-04-09,WASH,BBG001S5XC66,0,false,25.790000,25.940000,0.969368,0.581621,false,0.000000
2024-04-09,WBS,BBG001S5XCP5,0,false,48.690000,48.610000,0.780448,-0.164305,false,0.000000
2024-04-09,WBX,0001866501,0,false,1.670000,1.630000,3.592814,-2.395210,false,0.000000
2024-04-09,WCC,BBG001SCRP78,0,false,173.380000,172.780000,0.547929,-0.346061,false,0.000000
2024-04-09,WD,BBG001T0JGM5,0,false,97.750000,96.780000,0.358056,-0.992327,false,0.000000
2024-04-09,WDFC,BBG001S5XD46,0,false,261.010000,255.230000,0.693460,-2.214475,false,0.000000
2024-04-09,WEAV,BBG00BCHPRQ9,0,false,11.860000,11.770000,0.505902,-0.758853,false,0.000000
2024-04-09,WEN,BBG001S7HBX2,1,false,18.620000,18.620000,0.322234,0.000000,false,0.000000
2024-04-09,WERN,BBG001S5XDR1,0,false,38.290000,38.511000,0.927135,0.577174,false,0.000000
2024-04-09,WES,BBG003M3V2V9,0,false,35.960000,35.510000,0.444939,-1.251390,false,0.000000
2024-04-09,WEST,BBG016LHSFJ0,0,false,10.330000,10.360000,0.929332,0.290416,false,0.000000
2024-04-09,WEX,BBG001SCJLG6,0,false,240.450000,240.030000,0.517779,-0.174672,false,0.000000
2024-04-09,WFG,BBG001S60WD8,0,false,79.610000,83.560000,5.665117,4.961688,false,0.000000
2024-04-09,WFRD,0001603923,0,false,124.150000,121.010000,0.346355,-2.529199,false,0.000000
2024-04-09,WGO,BBG001S5XFG8,0,false,70.760000,69.590000,0.537027,-1.653477,false,0.000000
2024-04-09,WH,BBG00HCY3Q76,0,false,73.590000,74.080000,0.733795,0.665851,false,0.000000
2024-04-09,WHD,BBG00JRH1Q02,0,false,51.740000,51.670000,0.628141,-0.135292,false,0.000000
2024-04-09,WHR,BBG001S5XFS5,0,false,116.570000,116.780000,1.209574,0.180149,false,0.000000
2024-04-09,WINA,BBG001S8RR00,0,false,343.150000,345.500000,1.541600,0.684832,false,0.000000
2024-04-09,WING,BBG008N298X9,0,false,362.790000,354.680000,0.057885,-2.235453,false,0.000000
2024-04-09,WIRE,BBG001S70TC4,0,false,268.880000,261.210000,0.301250,-2.852574,false,0.000000
2024-04-09,WIX,0001576789,0,false,135.200000,136.000000,2.248521,0.591716,false,0.000000
2024-04-09,WK,BBG007BVZ8J7,0,false,82.130000,84.430000,2.849142,2.800438,false,0.000000
2024-04-09,WKC,BBG001S5S9J5,0,false,26.510000,26.340000,0.226330,-0.641267,false,0.000000
2024-04-09,WKME,0001847584,0,false,8.240000,8.200000,0.970874,-0.485437,false,0.000000
2024-04-09,WLDN,BBG001SNM0H3,0,false,28.020000,28.190000,1.034975,0.606709,false,0.000000
2024-04-09,WLFC,BBG001S934S5,0,false,49.720000,50.140000,0.985519,0.844730,false,0.000000
2024-04-09,WLKP,BBG006F8Q8C3,0,false,22.060000,22.050000,0.611967,-0.045331,false,0.000000
2024-04-09,WLY,BBG001S8K9L4,0,false,38.490000,39.610000,3.507405,2.909847,false,0.000000
2024-04-09,WMK,BBG001S5XH56,0,false,62.060000,62.070000,0.281985,0.016113,false,0.000000
2024-04-09,WMS,BBG001SH4LQ0,0,false,170.960000,169.650000,0.000000,-0.766261,false,0.000000
2024-04-09,WNC,BBG001S6W2K1,0,false,29.130000,28.510000,0.755235,-2.128390,false,0.000000
2024-04-09,WNS,BBG001SBK8N7,0,false,49.510000,49.910000,1.565340,0.807918,false,0.000000
2024-04-09,WOLF,BBG001S6YWT4,5,false,27.030000,28.880000,6.881243,6.844247,false,0.000000
2024-04-09,WOOF,BBG00YFGTWH3,1,false,1.900000,1.900000,3.421053,0.000000,false,0.000000
2024-04-09,WOR,BBG001S6XN51,0,false,61.690000,60.710000,0.016210,-1.588588,false,0.000000
2024-04-09,WOW,BBG00GBB6WG3,0,false,3.910000,3.850000,3.069054,-1.534527,false,0.000000
2024-04-09,WPC,BBG001S67MM3,2,false,56.010000,57.770000,3.142296,3.142296,false,0.000000
2024-04-09,WRBY,BBG005DWN8L7,0,false,13.440000,13.790000,2.678571,2.604167,false,0.000000
2024-04-09,WRK,BBG008NXC581,0,false,49.200000,49.145000,0.386179,-0.111789,false,0.000000
2024-04-09,WRLD,BBG001S6H6C8,0,false,143.200000,142.460000,0.656425,-0.516760,false,0.000000
2024-04-09,WS,BBG01JPM5041,0,false,36.140000,36.350000,1.812396,0.581074,false,0.000000
2024-04-09,WSBC,BBG001S5XJR8,0,false,29.140000,29.120000,0.772135,-0.068634,false,0.000000
2024-04-09,WSC,BBG00B0FS9V7,0,false,43.700000,43.280000,0.102975,-0.961098,false,0.000000
2024-04-09,WSFS,BBG001S5XJX1,0,false,44.360000,44.880000,1.251127,1.172227,false,0.000000
2024-04-09,WSR,BBG001SM3736,0,false,11.780000,11.735000,0.509338,-0.382003,false,0.000000
2024-04-09,WT,BBG001SD2W32,0,false,9.570000,9.270000,0.000000,-3.134796,false,0.000000
2024-04-09,WTFC,BBG001S945T0,0,false,102.130000,101.501000,0.802898,-0.615882,false,0.000000
2024-04-09,WTI,BBG001SLLWL3,1,false,2.610000,2.595000,1.532567,-0.574713,false,0.000000
2024-04-09,WTRG,BBG001S5VFD3,0,false,36.470000,36.710000,0.850014,0.658075,false,0.000000
2024-04-09,WTS,BBG001S6N6Y7,0,false,206.790000,205.700000,0.000000,-0.527105,false,0.000000
2024-04-09,WTTR,BBG00G4Y2F27,0,false,9.460000,9.450000,0.528541,-0.105708,false,0.000000
2024-04-09,WU,BBG001SR0YK0,1,false,13.480000,13.620000,1.112760,1.038576,false,0.000000
2024-04-09,WULF,BBG0122MC919,24,true,2.260000,2.220000,3.982301,-1.769912,false,0.000000
2024-04-09,WVE,0001631574,0,false,5.820000,5.830000,2.405498,0.171821,false,0.000000
2024-04-09,WWD,BBG001S6YZC5,0,false,157.340000,152.590000,0.568832,-3.018940,false,0.000000
2024-04-09,WWW,BBG001S5XKW9,0,false,9.780000,9.780000,1.635992,0.000000,false,0.000000
2024-04-09,WYNN,BBG001SJZ2V8,2,false,105.980000,106.520000,1.127571,0.509530,false,0.000000
2024-04-09,X,BBG001S5XL75,8,false,40.980000,41.935000,2.489019,2.330405,false,0.000000
2024-04-09,XENE,BBG002VBMLS5,0,false,42.580000,43.020000,1.186003,1.033349,false,0.000000
2024-04-09,XHR,BBG006YP1L50,0,false,15.390000,15.355000,0.779077,-0.227420,false,0.000000
2024-04-09,XMTR,BBG00BDCCVB0,0,false,18.290000,18.450000,3.116457,0.874795,false,0.000000
2024-04-09,XNCR,BBG0026ZG4X9,0,false,21.270000,21.565000,3.949224,1.386930,false,0.000000
2024-04-09,XOS,BBG00YCZNM82,0,false,8.750000,8.600000,3.657143,-1.714286,false,0.000000
2024-04-09,XP,0001787425,1,false,25.180000,25.320000,1.012708,0.555997,false,0.000000
2024-04-09,XPEL,BBG001S6JQ87,0,false,59.390000,59.260000,0.349049,-0.218892,false,0.000000
2024-04-09,XPER,BBG019FGSTG6,0,false,10.950000,10.970000,1.643836,0.182648,false,0.000000
2024-04-09,XPO,BBG001SJW3C0,0,false,128.060000,127.340000,0.367015,-0.562236,false,0.000000
2024-04-09,XPOF,BBG011M1TY49,0,false,15.090000,15.450000,5.897946,2.385686,false,0.000000
2024-04-09,XPRO,0001575828,0,false,19.610000,19.800000,1.070882,0.968893,false,0.000000
2024-04-09,XRAY,BBG001S5XLV8,1,false,32.420000,32.850000,1.850709,1.326342,false,0.000000
2024-04-09,XRX,BBG00NNG2ZK6,0,false,17.180000,17.420000,1.513388,1.396973,false,0.000000
2024-04-09,YELP,BBG001T6C2W9,0,false,41.020000,40.940000,1.352999,-0.195027,false,0.000000
2024-04-09,YETI,BBG00D8JC891,0,false,38.670000,39.131000,1.396431,1.192139,false,0.000000
2024-04-09,YEXT,BBG001V12329,0,false,5.880000,5.875000,0.595238,-0.085034,false,0.000000
2024-04-09,YMAB,BBG00J2DBN04,0,false,14.320000,14.070000,1.885475,-1.745810,false,0.000000
2024-04-09,YORW,BBG001S6YWZ7,0,false,35.150000,35.440000,0.995733,0.825036,false,0.000000
2024-04-09,YOU,BBG011C0FSZ6,0,false,19.700000,20.160000,2.944162,2.335025,false,0.000000
2024-04-09,Z,BBG009NRSWK2,0,false,47.958000,47.980000,0.410776,0.045873,false,0.000000
2024-04-09,ZD,BBG001SD21P6,0,false,57.760000,58.190000,2.198753,0.744460,false,0.000000
2024-04-09,ZETA,BBG010FXVQB5,1,false,12.080000,12.050000,0.538079,-0.248344,false,0.000000
2024-04-09,ZEUS,BBG001S5XN26,0,false,71.640000,71.490000,1.018984,-0.209380,false,0.000000
2024-04-09,ZGN,0001877787,0,false,12.100000,12.015000,0.991736,-0.702479,false,0.000000
2024-04-09,ZI,BBG00S1HJ4F4,0,false,15.900000,16.219000,2.704403,2.006289,false,0.000000
2024-04-09,ZIM,0001654126,7,false,10.960000,10.380000,0.638686,-5.291971,false,0.000000
2024-04-09,ZIMV,BBG014630596,0,false,16.950000,16.970000,1.238938,0.117994,false,0.000000
2024-04-09,ZION,BBG001S5XN80,0,false,43.260000,43.520000,0.647249,0.601017,false,0.000000
2024-04-09,ZIP,BBG010JBYW41,0,false,11.520000,11.590000,2.387153,0.607639,false,0.000000
2024-04-09,ZNTL,BBG00R2K8TG4,0,false,14.660000,15.760000,7.708049,7.503411,false,0.000000
2024-04-09,ZUO,BBG001SS0FH3,0,false,8.510000,8.490000,1.703878,-0.235018,false,0.000000
2024-04-09,ZWS,BBG001T36GB5,0,false,32.040000,32.530000,1.716604,1.529338,false,0.000000
2024-04-09,ZYME,BBG019XSYC98,0,false,9.600000,9.350000,0.520833,-2.604167,false,0.000000
2024-04-09,ZYXI,BBG001S7T7V0,0,false,12.620000,12.300000,1.703645,-2.535658,false,0.000000
