orb_version,trading_date,rank,ticker,stable_security_id,relative_volume_open,baseline_sessions_used,direction,selected,selection_status,outside_scout_band,scout_scorable,scout_selected,top_10_mover,opening_volume,opening_volume_baseline,average_daily_volume_14,atr_14_usd,first_candle_open,first_candle_high,first_candle_low,first_candle_close,signal_triggered,paper_long_only_status,paper_long_only_trade_executed,paper_long_only_entry_timestamp,paper_long_only_entry_price,paper_long_only_exit_timestamp,paper_long_only_exit_price,paper_long_only_exit_reason,paper_long_only_position_size_shares,paper_long_only_r_multiple,paper_long_only_mfe_pct,paper_long_only_mae_pct,paper_long_only_gross_realized_return_pct,paper_long_only_gross_realized_pnl_usd,paper_long_only_net_realized_return_pct,paper_long_only_net_realized_pnl_usd,paper_long_short_status,paper_long_short_trade_executed,paper_long_short_entry_timestamp,paper_long_short_entry_price,paper_long_short_exit_timestamp,paper_long_short_exit_price,paper_long_short_exit_reason,paper_long_short_position_size_shares,paper_long_short_r_multiple,paper_long_short_mfe_pct,paper_long_short_mae_pct,paper_long_short_gross_realized_return_pct,paper_long_short_gross_realized_pnl_usd,paper_long_short_net_realized_return_pct,paper_long_short_net_realized_pnl_usd,cash_long_only_status,cash_long_only_trade_executed,cash_long_only_entry_timestamp,cash_long_only_entry_price,cash_long_only_exit_timestamp,cash_long_only_exit_price,cash_long_only_exit_reason,cash_long_only_position_size_shares,cash_long_only_r_multiple,cash_long_only_mfe_pct,cash_long_only_mae_pct,cash_long_only_gross_realized_return_pct,cash_long_only_gross_realized_pnl_usd,cash_long_only_net_realized_return_pct,cash_long_only_net_realized_pnl_usd
orb_v1.0,2024-05-30,1,BRKR,BBG001SF69P0,63.38120187346194,14,LONG,True,SELECTED,False,False,False,False,684354.0,10797.42857142857,1044264.1428571428,2.765728571428574,65.5,66.54,64.75,66.5,True,TRIGGERED,True,2024-05-30T09:35:00-04:00,66.54,2024-05-30T13:40:00-04:00,66.26342714285715,STOP,90,-0.9999999999999823,2.1941689209497905,-0.6612563871355781,-0.4156490188500939,-24.891557142856726,-0.6154828438318449,-36.85880558571387,TRIGGERED,True,2024-05-30T09:35:00-04:00,66.54,2024-05-30T13:40:00-04:00,66.26342714285715,STOP,90,-0.9999999999999823,2.1941689209497905,-0.6612563871355781,-0.4156490188500939,-24.891557142856726,-0.6154828438318449,-36.85880558571387,CASH_EXHAUSTED,False,,,,,,,,,,,,,
orb_v1.0,2024-05-30,2,FL,BBG001S5XMR1,31.935824615054862,14,LONG,True,SELECTED,False,True,False,True,1511242.0,47321.21428571428,2933434.285714286,0.9659999999999999,25.7,28.7413,25.7,28.08,True,LEVERAGE_CAP_EXCEEDED,False,,,,,,,,,,,,,,LEVERAGE_CAP_EXCEEDED,False,,,,,,,,,,,,,,CASH_EXHAUSTED,False,,,,,,,,,,,,,
orb_v1.0,2024-05-30,3,PATH,BBG00GKS1G12,28.839177787804925,14,SHORT,True,SELECTED,False,True,False,False,7290711.0,252805.7857142857,7377934.714285715,0.6326714285714284,12.6,12.7,12.12,12.225,True,SHORT_NOT_ALLOWED,False,,,,,,,,,,,,,,LEVERAGE_CAP_EXCEEDED,False,,,,,,,,,,,,,,SHORT_NOT_ALLOWED,False,,,,,,,,,,,,,
orb_v1.0,2024-05-30,4,BBY,BBG001S5P285,23.30475348589407,14,LONG,True,SELECTED,True,False,False,False,1256028.0,53895.78571428572,2649652.6428571427,1.6158214285714283,77.95,80.27,77.95,79.89,True,LEVERAGE_CAP_EXCEEDED,False,,,,,,,,,,,,,,LEVERAGE_CAP_EXCEEDED,False,,,,,,,,,,,,,,CASH_EXHAUSTED,False,,,,,,,,,,,,,
orb_v1.0,2024-05-30,5,OKTA,BBG001YV1SN3,21.757216818324444,14,SHORT,True,SELECTED,True,False,False,False,713214.0,32780.57142857143,1679996.5,2.3483857142857127,100.94,101.5,94.01,96.025,True,SHORT_NOT_ALLOWED,False,,,,,,,,,,,,,,LEVERAGE_CAP_EXCEEDED,False,,,,,,,,,,,,,,SHORT_NOT_ALLOWED,False,,,,,,,,,,,,,
orb_v1.0,2024-05-30,6,CRM,BBG001SDLP09,21.602148428729286,14,LONG,True,SELECTED,True,False,False,False,4020220.0,186102.7857142857,5187031.5,5.718557142857143,223.4,225.09,220.83,223.415,False,NOT_TRIGGERED,False,,,,,NOT_TRIGGERED,,,,,0.0,,,,NOT_TRIGGERED,False,,,,,NOT_TRIGGERED,,,,,0.0,,,,NOT_TRIGGERED,False,,,,,NOT_TRIGGERED,,,,,0.0,,,
orb_v1.0,2024-05-30,7,BURL,BBG004S641P3,19.895154341799653,14,SHORT,True,SELECTED,False,True,False,False,303475.0,15253.714285714286,1137226.7857142857,5.665542857142861,232.4,235.6,230.0,232.065,False,SHORT_NOT_ALLOWED,False,,,,,,,,,,,,,,NOT_TRIGGERED,False,,,,,NOT_TRIGGERED,,,,,0.0,,,,SHORT_NOT_ALLOWED,False,,,,,,,,,,,,,
orb_v1.0,2024-05-30,8,CRDO,0001807794,17.186009222441633,14,LONG,True,SELECTED,False,False,False,True,456291.0,26550.14285714286,1806571.7857142857,0.763714285714286,21.4,23.87,21.4,23.27,True,LEVERAGE_CAP_EXCEEDED,False,,,,,,,,,,,,,,LEVERAGE_CAP_EXCEEDED,False,,,,,,,,,,,,,,CASH_EXHAUSTED,False,,,,,,,,,,,,,
orb_v1.0,2024-05-30,9,AI,BBG00Y6G6Y84,15.726121900685321,14,LONG,True,SELECTED,False,True,False,False,2762828.0,175684.0,4774540.5,1.0628571428571425,26.46,27.93,26.35,27.2629,True,LEVERAGE_CAP_EXCEEDED,False,,,,,,,,,,,,,,LEVERAGE_CAP_EXCEEDED,False,,,,,,,,,,,,,,CASH_EXHAUSTED,False,,,,,,,,,,,,,
orb_v1.0,2024-05-30,10,NTNX,BBG001V13SG8,15.21974347782931,14,SHORT,True,SELECTED,True,False,False,False,799529.0,52532.357142857145,2094251.5,2.1539285714285725,62.54,63.25,61.0,62.43,True,SHORT_NOT_ALLOWED,False,,,,,,,,,,,,,,LEVERAGE_CAP_EXCEEDED,False,,,,,,,,,,,,,,SHORT_NOT_ALLOWED,False,,,,,,,,,,,,,
orb_v1.0,2024-05-30,11,KSS,BBG001S71NV5,11.812202808631886,14,LONG,True,SELECTED,False,True,False,False,1915266.0,162143.0,5268140.214285715,1.0519642857142861,20.69,21.2,20.4,21.03,True,LEVERAGE_CAP_EXCEEDED,False,,,,,,,,,,,,,,LEVERAGE_CAP_EXCEEDED,False,,,,,,,,,,,,,,CASH_EXHAUSTED,False,,,,,,,,,,,,,
orb_v1.0,2024-05-30,12,SRPT,BBG001S6KJC6,8.58168141353465,14,SHORT,True,SELECTED,False,False,False,False,226538.0,26397.85714285714,1110799.642857143,4.469650000000002,122.95,123.0,121.28,121.755,True,SHORT_NOT_ALLOWED,False,,,,,,,,,,,,,,LEVERAGE_CAP_EXCEEDED,False,,,,,,,,,,,,,,SHORT_NOT_ALLOWED,False,,,,,,,,,,,,,
orb_v1.0,2024-05-30,13,HPQ,BBG001S6W7N7,8.162522622036791,14,LONG,True,SELECTED,True,False,False,False,1598247.0,195803.07142857142,6940366.857142857,0.6081714285714289,34.4,36.0869,34.4,36.015,True,LEVERAGE_CAP_EXCEEDED,False,,,,,,,,,,,,,,LEVERAGE_CAP_EXCEEDED,False,,,,,,,,,,,,,,CASH_EXHAUSTED,False,,,,,,,,,,,,,
orb_v1.0,2024-05-30,14,FLEX,0000866374,7.853511761046645,14,LONG,True,SELECTED,False,False,False,False,630338.0,80261.92857142857,3810387.1428571427,0.7575000000000001,33.48,33.69,33.395,33.61,True,LEVERAGE_CAP_EXCEEDED,False,,,,,,,,,,,,,,LEVERAGE_CAP_EXCEEDED,False,,,,,,,,,,,,,,CASH_EXHAUSTED,False,,,,,,,,,,,,,
orb_v1.0,2024-05-30,15,CPRI,0001530721,6.745403703049953,14,SHORT,True,SELECTED,False,False,False,False,103726.0,15377.285714285714,1034448.6428571428,0.6982857142857141,33.4,33.442,32.95,33.315,False,SHORT_NOT_ALLOWED,False,,,,,,,,,,,,,,NOT_TRIGGERED,False,,,,,NOT_TRIGGERED,,,,,0.0,,,,SHORT_NOT_ALLOWED,False,,,,,,,,,,,,,
orb_v1.0,2024-05-30,16,AEO,BBG001S7Q949,6.739521243321109,14,LONG,True,SELECTED,False,False,False,False,419398.0,62229.642857142855,3893597.5,0.7595928571428576,21.59,22.48,21.2,21.765,True,LEVERAGE_CAP_EXCEEDED,False,,,,,,,,,,,,,,LEVERAGE_CAP_EXCEEDED,False,,,,,,,,,,,,,,CASH_EXHAUSTED,False,,,,,,,,,,,,,
orb_v1.0,2024-05-30,17,PSTG,BBG00212PW10,6.04249370042567,14,SHORT,True,SELECTED,True,False,False,False,565580.0,93600.42857142857,3310078.6428571427,1.7415500000000006,68.5,68.75,63.55,64.2399,True,SHORT_NOT_ALLOWED,False,,,,,,,,,,,,,,LEVERAGE_CAP_EXCEEDED,False,,,,,,,,,,,,,,SHORT_NOT_ALLOWED,False,,,,,,,,,,,,,
orb_v1.0,2024-05-30,18,ACN,0001467373,5.715538262814656,14,SHORT,True,SELECTED,True,False,False,False,518334.0,90688.57142857143,2777294.5,5.811778571428574,289.97,290.5,287.865,288.095,True,SHORT_NOT_ALLOWED,False,,,,,,,,,,,,,,LEVERAGE_CAP_EXCEEDED,False,,,,,,,,,,,,,,SHORT_NOT_ALLOWED,False,,,,,,,,,,,,,
orb_v1.0,2024-05-30,19,ACHC,BBG001SNNWL7,5.359983274095756,14,LONG,True,SELECTED,False,False,False,False,73248.0,13665.714285714286,1118600.642857143,2.6839642857142865,65.21,66.23,65.21,65.905,True,LEVERAGE_CAP_EXCEEDED,False,,,,,,,,,,,,,,LEVERAGE_CAP_EXCEEDED,False,,,,,,,,,,,,,,CASH_EXHAUSTED,False,,,,,,,,,,,,,
orb_v1.0,2024-05-30,20,NOW,BBG001T4JFC0,5.294282884875481,14,SHORT,True,SELECTED,True,False,False,False,196281.0,37074.142857142855,1024063.6428571428,16.89701428571428,690.99,692.57,679.88,680.095,True,SHORT_NOT_ALLOWED,False,,,,,,,,,,,,,,LEVERAGE_CAP_EXCEEDED,False,,,,,,,,,,,,,,SHORT_NOT_ALLOWED,False,,,,,,,,,,,,,
orb_v1.0,2024-05-30,21,GPS,BBG001S5RNN0,5.00872268182604,14,LONG,False,BEYOND_TOP_N,False,False,False,False,639474.0,127672.07142857143,6489481.571428572,0.8014428571428568,21.71,22.23,21.68,22.025,True,BEYOND_TOP_N,False,,,,,,,,,,,,,,BEYOND_TOP_N,False,,,,,,,,,,,,,,BEYOND_TOP_N,False,,,,,,,,,,,,,
orb_v1.0,2024-05-30,22,TMO,BBG001S5WS08,4.765211596807496,14,LONG,False,BEYOND_TOP_N,True,False,False,False,202272.0,42447.642857142855,1176052.142857143,8.64142857142858,551.53,556.25,550.55,555.1,True,BEYOND_TOP_N,False,,,,,,,,,,,,,,BEYOND_TOP_N,False,,,,,,,,,,,,,,BEYOND_TOP_N,False,,,,,,,,,,,,,
orb_v1.0,2024-05-30,23,HRL,BBG001S5S0D0,4.575159236703471,14,SHORT,False,BEYOND_TOP_N,True,False,False,False,201174.0,43970.92857142857,2238154.285714286,0.6298714285714284,33.68,33.84,32.54,33.035,True,BEYOND_TOP_N,False,,,,,,,,,,,,,,BEYOND_TOP_N,False,,,,,,,,,,,,,,BEYOND_TOP_N,False,,,,,,,,,,,,,
orb_v1.0,2024-05-30,24,TTC,BBG001S5WX98,4.382148818413423,14,SHORT,False,BEYOND_TOP_N,False,False,False,False,57008.0,13009.142857142857,1153595.7857142857,2.380428571428571,78.24,78.9,78.0,78.0,True,BEYOND_TOP_N,False,,,,,,,,,,,,,,BEYOND_TOP_N,False,,,,,,,,,,,,,,BEYOND_TOP_N,False,,,,,,,,,,,,,
orb_v1.0,2024-05-30,25,CIEN,BBG001S61J73,4.172199254490003,14,SHORT,False,BEYOND_TOP_N,False,False,False,False,65958.0,15808.92857142857,1097419.0,0.8742142857142855,48.22,48.47,47.63,47.775,True,BEYOND_TOP_N,False,,,,,,,,,,,,,,BEYOND_TOP_N,False,,,,,,,,,,,,,,BEYOND_TOP_N,False,,,,,,,,,,,,,
orb_v1.0,2024-05-30,26,LBTYB,0001570585,4.085470085470085,8,DOJI,False,DOJI_SKIPPED,False,False,False,False,478.0,117.0,2910367.214285714,0.5187499999999997,16.85,16.85,16.85,16.85,False,BELOW_MINIMUM_RELATIVE_VOLUME,False,,,,,,,,,,,,,,BELOW_MINIMUM_RELATIVE_VOLUME,False,,,,,,,,,,,,,,BELOW_MINIMUM_RELATIVE_VOLUME,False,,,,,,,,,,,,,
orb_v1.0,2024-05-30,27,BOX,BBG001T5R852,4.084761272045828,14,LONG,False,BEYOND_TOP_N,False,False,False,False,162935.0,39888.5,1797925.4285714286,0.6376857142857144,26.7,27.01,26.63,26.78,False,BEYOND_TOP_N,False,,,,,,,,,,,,,,BEYOND_TOP_N,False,,,,,,,,,,,,,,BEYOND_TOP_N,False,,,,,,,,,,,,,
orb_v1.0,2024-05-30,28,MRUS,0001651311,3.8340145759964797,14,LONG,False,BEYOND_TOP_N,False,False,False,False,200396.0,52267.92857142857,1472700.9285714286,3.2660714285714287,55.25,56.945,55.2,56.73,True,BEYOND_TOP_N,False,,,,,,,,,,,,,,BEYOND_TOP_N,False,,,,,,,,,,,,,,BEYOND_TOP_N,False,,,,,,,,,,,,,
orb_v1.0,2024-05-30,29,CGC,BBG001T6MH82,3.751694838720834,14,LONG,False,BEYOND_TOP_N,False,True,True,False,1394647.0,371737.85714285716,11086575.0,1.0441428571428575,9.0,9.99,8.91,9.92,True,BEYOND_TOP_N,False,,,,,,,,,,,,,,BEYOND_TOP_N,False,,,,,,,,,,,,,,BEYOND_TOP_N,False,,,,,,,,,,,,,
orb_v1.0,2024-05-30,30,DG,BBG001T5BM30,3.584071872466901,14,SHORT,False,BEYOND_TOP_N,True,False,False,False,227394.0,63445.71428571428,2419112.4285714286,4.7742857142857105,143.89,145.5,139.5,139.5,True,BEYOND_TOP_N,False,,,,,,,,,,,,,,BEYOND_TOP_N,False,,,,,,,,,,,,,,BEYOND_TOP_N,False,,,,,,,,,,,,,
orb_v1.0,2024-05-30,31,INSM,BBG001S9SKW7,3.357687441948261,14,LONG,False,BEYOND_TOP_N,False,True,False,False,848744.0,252776.35714285713,4988537.428571428,3.6903571428571427,54.78,57.5,54.67,57.5,True,BEYOND_TOP_N,False,,,,,,,,,,,,,,BEYOND_TOP_N,False,,,,,,,,,,,,,,BEYOND_TOP_N,False,,,,,,,,,,,,,
orb_v1.0,2024-05-30,32,DELL,BBG00DW3SZT0,3.328042942471635,14,SHORT,False,BEYOND_TOP_N,True,False,False,False,2051138.0,616319.5714285715,11004124.42857143,8.298271428571429,178.8,178.84,172.11,172.315,True,BEYOND_TOP_N,False,,,,,,,,,,,,,,BEYOND_TOP_N,False,,,,,,,,,,,,,,BEYOND_TOP_N,False,,,,,,,,,,,,,
orb_v1.0,2024-05-30,33,WHR,BBG001S5XFS5,3.1912646029124523,14,LONG,False,BEYOND_TOP_N,False,False,False,False,116351.0,36459.21428571428,1424004.5,2.0634785714285724,85.58,87.73,85.32,87.54,True,BEYOND_TOP_N,False,,,,,,,,,,,,,,BEYOND_TOP_N,False,,,,,,,,,,,,,,BEYOND_TOP_N,False,,,,,,,,,,,,,
orb_v1.0,2024-05-30,34,OZK,BBG001SMRQL8,3.1860509791208926,14,LONG,False,BEYOND_TOP_N,False,False,False,False,151636.0,47593.71428571428,1158738.0,1.429671428571428,40.17,41.21,40.1,41.185,True,BEYOND_TOP_N,False,,,,,,,,,,,,,,BEYOND_TOP_N,False,,,,,,,,,,,,,,BEYOND_TOP_N,False,,,,,,,,,,,,,
orb_v1.0,2024-05-30,35,NVST,BBG00LN4B6D9,3.1646279861359363,14,LONG,False,BEYOND_TOP_N,False,False,False,False,58174.0,18382.571428571428,1960089.857142857,0.5903500000000003,18.45,18.61,18.41,18.53,True,BEYOND_TOP_N,False,,,,,,,,,,,,,,BEYOND_TOP_N,False,,,,,,,,,,,,,,BEYOND_TOP_N,False,,,,,,,,,,,,,
orb_v1.0,2024-05-30,36,ADBE,BBG001S5NCQ5,3.150801403098047,14,SHORT,False,BEYOND_TOP_N,True,False,False,False,284550.0,90310.35714285714,2562337.6428571427,9.54295000000001,464.9,466.82,458.39,461.74,True,BEYOND_TOP_N,False,,,,,,,,,,,,,,BEYOND_TOP_N,False,,,,,,,,,,,,,,BEYOND_TOP_N,False,,,,,,,,,,,,,
orb_v1.0,2024-05-30,37,WDAY,BBG001T21KQ7,2.919573009021405,14,SHORT,False,BEYOND_TOP_N,True,False,False,False,413457.0,141615.57142857142,3671443.714285714,7.321642857142854,207.25,208.175,204.52,205.51,False,BEYOND_TOP_N,False,,,,,,,,,,,,,,BEYOND_TOP_N,False,,,,,,,,,,,,,,BEYOND_TOP_N,False,,,,,,,,,,,,,
orb_v1.0,2024-05-30,38,ASAN,BBG00WYHL741,2.9124514667817083,14,SHORT,False,BEYOND_TOP_N,False,False,False,False,92586.0,31789.714285714286,1396398.7857142857,0.5084285714285716,13.63,13.71,13.49,13.53,True,BEYOND_TOP_N,False,,,,,,,,,,,,,,BEYOND_TOP_N,False,,,,,,,,,,,,,,BEYOND_TOP_N,False,,,,,,,,,,,,,
orb_v1.0,2024-05-30,39,ANF,BBG001S97027,2.9077743979029784,14,SHORT,False,BEYOND_TOP_N,False,False,False,False,144684.0,49757.642857142855,1975322.142857143,7.5063428571428625,188.08,189.45,185.85,187.695,True,BEYOND_TOP_N,False,,,,,,,,,,,,,,BEYOND_TOP_N,False,,,,,,,,,,,,,,BEYOND_TOP_N,False,,,,,,,,,,,,,
orb_v1.0,2024-05-30,40,CNC,BBG001S6T7Q8,2.853180129622521,14,LONG,False,BEYOND_TOP_N,True,False,False,False,128484.0,45031.857142857145,3441519.3571428573,1.862499999999996,68.5,70.01,68.5,69.45,False,BEYOND_TOP_N,False,,,,,,,,,,,,,,BEYOND_TOP_N,False,,,,,,,,,,,,,,BEYOND_TOP_N,False,,,,,,,,,,,,,
orb_v1.0,2024-05-30,41,DAY,BBG005D7PF43,2.7706071126650746,14,SHORT,False,BEYOND_TOP_N,False,False,False,False,48224.0,17405.571428571428,1644000.0714285714,1.7832142857142854,52.68,52.71,51.63,51.855,True,BEYOND_TOP_N,False,,,,,,,,,,,,,,BEYOND_TOP_N,False,,,,,,,,,,,,,,BEYOND_TOP_N,False,,,,,,,,,,,,,
orb_v1.0,2024-05-30,42,SMAR,BBG00GQK3WC4,2.7227470823949225,14,SHORT,False,BEYOND_TOP_N,False,False,False,False,46544.0,17094.5,1056032.5,0.8710571428571424,38.79,38.79,38.3,38.425,True,BEYOND_TOP_N,False,,,,,,,,,,,,,,BEYOND_TOP_N,False,,,,,,,,,,,,,,BEYOND_TOP_N,False,,,,,,,,,,,,,
orb_v1.0,2024-05-30,43,PYPL,BBG0077VNXW5,2.686556407674868,14,LONG,False,BEYOND_TOP_N,True,False,False,False,1013423.0,377220.0714285714,8915955.642857144,1.346414285714285,62.77,63.23,62.13,63.17,True,BEYOND_TOP_N,False,,,,,,,,,,,,,,BEYOND_TOP_N,False,,,,,,,,,,,,,,BEYOND_TOP_N,False,,,,,,,,,,,,,
orb_v1.0,2024-05-30,44,FWONK,BBG01HLMBDC5,2.681795369379015,14,LONG,False,BEYOND_TOP_N,True,False,False,False,22901.0,8539.42857142857,1142986.2142857143,1.5127428571428558,73.72,74.5,73.72,74.468,True,BEYOND_TOP_N,False,,,,,,,,,,,,,,BEYOND_TOP_N,False,,,,,,,,,,,,,,BEYOND_TOP_N,False,,,,,,,,,,,,,
orb_v1.0,2024-05-30,45,ORCL,BBG001S5SJG6,2.528065796816602,14,LONG,False,BEYOND_TOP_N,True,False,False,False,391205.0,154744.7857142857,6387521.428571428,2.1504000000000016,120.17,121.44,120.01,120.59,False,BEYOND_TOP_N,False,,,,,,,,,,,,,,BEYOND_TOP_N,False,,,,,,,,,,,,,,BEYOND_TOP_N,False,,,,,,,,,,,,,
orb_v1.0,2024-05-30,46,DDOG,BBG003NJHZW5,2.4458050794754156,14,SHORT,False,BEYOND_TOP_N,True,False,False,False,198044.0,80972.92857142857,2848535.285714286,2.842735714285712,123.4,123.83,120.8,121.04,True,BEYOND_TOP_N,False,,,,,,,,,,,,,,BEYOND_TOP_N,False,,,,,,,,,,,,,,BEYOND_TOP_N,False,,,,,,,,,,,,,
orb_v1.0,2024-05-30,47,GPRE,BBG001SPVM17,2.438034511875636,14,SHORT,False,BEYOND_TOP_N,False,False,False,False,32173.0,13196.285714285714,1110903.857142857,0.8101857142857136,17.14,17.23,16.89,16.945,False,BEYOND_TOP_N,False,,,,,,,,,,,,,,BEYOND_TOP_N,False,,,,,,,,,,,,,,BEYOND_TOP_N,False,,,,,,,,,,,,,
orb_v1.0,2024-05-30,48,COP,BBG001S5TZM2,2.4325560737535015,14,LONG,False,BEYOND_TOP_N,True,False,False,False,310231.0,127532.92857142857,5205336.785714285,2.2420928571428584,115.7,116.15,115.25,116.015,True,BEYOND_TOP_N,False,,,,,,,,,,,,,,BEYOND_TOP_N,False,,,,,,,,,,,,,,BEYOND_TOP_N,False,,,,,,,,,,,,,
orb_v1.0,2024-05-30,49,IGT,0001619762,2.4219478805973846,14,LONG,False,BEYOND_TOP_N,False,False,False,False,55856.0,23062.428571428572,1001625.4285714285,0.6543642857142855,19.54,19.55,19.4,19.55,True,BEYOND_TOP_N,False,,,,,,,,,,,,,,BEYOND_TOP_N,False,,,,,,,,,,,,,,BEYOND_TOP_N,False,,,,,,,,,,,,,
orb_v1.0,2024-05-30,50,DKS,BBG001SK2651,2.4069660589891804,14,SHORT,False,BEYOND_TOP_N,True,False,False,False,81199.0,33735.0,1273641.7857142857,7.065714285714285,227.28,228.5,226.1,227.03,True,BEYOND_TOP_N,False,,,,,,,,,,,,,,BEYOND_TOP_N,False,,,,,,,,,,,,,,BEYOND_TOP_N,False,,,,,,,,,,,,,
orb_v1.0,2024-05-30,51,ARLO,BBG00K88DTJ1,2.4026715516811246,14,SHORT,False,BEYOND_TOP_N,False,False,False,False,72231.0,30062.785714285714,1294152.7857142857,0.7108285714285714,14.11,14.12,13.78,13.83,True,BEYOND_TOP_N,False,,,,,,,,,,,,,,BEYOND_TOP_N,False,,,,,,,,,,,,,,BEYOND_TOP_N,False,,,,,,,,,,,,,
orb_v1.0,2024-05-30,52,WDC,BBG001S5XD28,2.3712331675860234,14,SHORT,False,BEYOND_TOP_N,True,False,False,False,401224.0,169204.7857142857,5185168.142857143,2.219864285714285,76.68,76.75,75.6,75.875,True,BEYOND_TOP_N,False,,,,,,,,,,,,,,BEYOND_TOP_N,False,,,,,,,,,,,,,,BEYOND_TOP_N,False,,,,,,,,,,,,,
orb_v1.0,2024-05-30,53,TDS,BBG001S5WM29,2.3427141091549126,14,SHORT,False,BEYOND_TOP_N,False,False,False,False,69593.0,29706.14285714286,2011039.9285714286,1.5459857142857136,17.14,17.49,16.9647,17.01,True,BEYOND_TOP_N,False,,,,,,,,,,,,,,BEYOND_TOP_N,False,,,,,,,,,,,,,,BEYOND_TOP_N,False,,,,,,,,,,,,,
orb_v1.0,2024-05-30,54,ISRG,BBG001S7XR78,2.305922420761039,14,LONG,False,BEYOND_TOP_N,True,False,False,False,83956.0,36408.857142857145,1036373.4285714285,7.579735714285712,405.0,408.4,401.68,405.8412,True,BEYOND_TOP_N,False,,,,,,,,,,,,,,BEYOND_TOP_N,False,,,,,,,,,,,,,,BEYOND_TOP_N,False,,,,,,,,,,,,,
orb_v1.0,2024-05-30,55,BMO,BBG001S5Y203,2.2886527778959276,14,DOJI,False,DOJI_SKIPPED,True,False,False,False,57651.0,25189.928571428572,1041466.8571428572,1.6568285714285713,87.66,87.78,86.72,87.66,False,DOJI_SKIPPED,False,,,,,,,,,,,,,,DOJI_SKIPPED,False,,,,,,,,,,,,,,DOJI_SKIPPED,False,,,,,,,,,,,,,
orb_v1.0,2024-05-30,56,ASTS,BBG00Q402TS1,2.276709629690507,14,SHORT,False,BEYOND_TOP_N,False,True,False,False,2461543.0,1081184.4285714286,22506994.92857143,0.9628571428571429,9.24,9.4,8.59,8.66,True,BEYOND_TOP_N,False,,,,,,,,,,,,,,BEYOND_TOP_N,False,,,,,,,,,,,,,,BEYOND_TOP_N,False,,,,,,,,,,,,,
orb_v1.0,2024-05-30,57,CAVA,BBG00GBR8762,2.2685493602100855,14,SHORT,False,BEYOND_TOP_N,False,False,False,False,199551.0,87964.14285714286,3340652.9285714286,4.45032857142857,87.35,89.04,86.66,86.75,False,BEYOND_TOP_N,False,,,,,,,,,,,,,,BEYOND_TOP_N,False,,,,,,,,,,,,,,BEYOND_TOP_N,False,,,,,,,,,,,,,
orb_v1.0,2024-05-30,58,UPS,BBG001SDGSH1,2.2418557123729106,14,LONG,False,BEYOND_TOP_N,True,False,False,False,199962.0,89194.85714285714,3046248.785714286,2.724414285714285,134.29,134.8649,133.58,134.36,True,BEYOND_TOP_N,False,,,,,,,,,,,,,,BEYOND_TOP_N,False,,,,,,,,,,,,,,BEYOND_TOP_N,False,,,,,,,,,,,,,
orb_v1.0,2024-05-30,59,MRVL,BBG00ZXBJ162,2.139938652529104,14,LONG,False,BEYOND_TOP_N,True,False,False,False,679357.0,317465.64285714284,10358832.714285715,2.391064285714283,75.391,76.525,75.08,75.52,True,BEYOND_TOP_N,False,,,,,,,,,,,,,,BEYOND_TOP_N,False,,,,,,,,,,,,,,BEYOND_TOP_N,False,,,,,,,,,,,,,
orb_v1.0,2024-05-30,60,DOCU,BBG001T535D5,2.1241705382487974,14,SHORT,False,BEYOND_TOP_N,False,False,False,False,66492.0,31302.571428571428,1302436.9285714286,1.381771428571428,57.79,57.855,57.16,57.29,True,BEYOND_TOP_N,False,,,,,,,,,,,,,,BEYOND_TOP_N,False,,,,,,,,,,,,,,BEYOND_TOP_N,False,,,,,,,,,,,,,
orb_v1.0,2024-05-30,61,HIG,BBG001S8PXF3,2.108455888967654,14,LONG,False,BEYOND_TOP_N,True,False,False,False,41853.0,19850.071428571428,1573318.357142857,1.3910142857142813,99.48,100.0,99.1168,100.0,True,BEYOND_TOP_N,False,,,,,,,,,,,,,,BEYOND_TOP_N,False,,,,,,,,,,,,,,BEYOND_TOP_N,False,,,,,,,,,,,,,
orb_v1.0,2024-05-30,62,FRO,0000913290,2.1053625950667088,14,SHORT,False,BEYOND_TOP_N,False,False,False,False,162537.0,77201.42857142857,1373671.2857142857,0.7170928571428566,28.54,28.82,28.27,28.49,True,BEYOND_TOP_N,False,,,,,,,,,,,,,,BEYOND_TOP_N,False,,,,,,,,,,,,,,BEYOND_TOP_N,False,,,,,,,,,,,,,
orb_v1.0,2024-05-30,63,GEHC,BBG01BFR8YW0,2.0411926499389326,14,SHORT,False,BEYOND_TOP_N,True,False,False,False,74371.0,36435.07142857143,1775185.2142857143,1.4988428571428574,78.0,78.15,77.59,77.8939,True,BEYOND_TOP_N,False,,,,,,,,,,,,,,BEYOND_TOP_N,False,,,,,,,,,,,,,,BEYOND_TOP_N,False,,,,,,,,,,,,,
orb_v1.0,2024-05-30,64,CHWY,BBG00P19DLQ4,2.024297302349677,14,LONG,False,BEYOND_TOP_N,False,True,False,False,1183423.0,584609.2857142857,12462235.0,1.1454142857142857,21.77,22.65,21.5,22.33,True,BEYOND_TOP_N,False,,,,,,,,,,,,,,BEYOND_TOP_N,False,,,,,,,,,,,,,,BEYOND_TOP_N,False,,,,,,,,,,,,,
orb_v1.0,2024-05-30,65,NFE,BBG00MJH9M32,2.014455429093628,14,LONG,False,BEYOND_TOP_N,False,False,False,False,84868.0,42129.5,1978269.7142857143,1.0917857142857148,24.25,24.605,24.16,24.605,True,BEYOND_TOP_N,False,,,,,,,,,,,,,,BEYOND_TOP_N,False,,,,,,,,,,,,,,BEYOND_TOP_N,False,,,,,,,,,,,,,
orb_v1.0,2024-05-30,66,GTLB,BBG00DHTYPJ6,1.9693431199756077,14,SHORT,False,BELOW_MINIMUM_RELATIVE_VOLUME,False,False,False,False,94577.0,48024.642857142855,1688015.2857142857,1.7491285714285725,52.0,52.04,50.76,50.86,True,BELOW_MINIMUM_RELATIVE_VOLUME,False,,,,,,,,,,,,,,BELOW_MINIMUM_RELATIVE_VOLUME,False,,,,,,,,,,,,,,BELOW_MINIMUM_RELATIVE_VOLUME,False,,,,,,,,,,,,,
orb_v1.0,2024-05-30,67,ZBH,BBG001S7DQJ9,1.958291573510138,14,LONG,False,BELOW_MINIMUM_RELATIVE_VOLUME,True,False,False,False,25401.0,12971.0,1101515.857142857,1.7199999999999989,115.46,116.22,115.46,115.64,False,BELOW_MINIMUM_RELATIVE_VOLUME,False,,,,,,,,,,,,,,BELOW_MINIMUM_RELATIVE_VOLUME,False,,,,,,,,,,,,,,BELOW_MINIMUM_RELATIVE_VOLUME,False,,,,,,,,,,,,,
orb_v1.0,2024-05-30,68,MCHP,BBG001S787B5,1.9520159725735393,14,LONG,False,BELOW_MINIMUM_RELATIVE_VOLUME,True,False,False,False,227102.0,116342.28571428571,5123755.214285715,2.212857142857142,95.6,96.0,95.49,95.8,True,BELOW_MINIMUM_RELATIVE_VOLUME,False,,,,,,,,,,,,,,BELOW_MINIMUM_RELATIVE_VOLUME,False,,,,,,,,,,,,,,BELOW_MINIMUM_RELATIVE_VOLUME,False,,,,,,,,,,,,,
orb_v1.0,2024-05-30,69,CSIQ,BBG001SPNJT3,1.9391692534221043,14,SHORT,False,BELOW_MINIMUM_RELATIVE_VOLUME,False,False,False,False,147878.0,76258.42857142857,2660640.785714286,1.22785,19.92,19.92,19.36,19.6499,True,BELOW_MINIMUM_RELATIVE_VOLUME,False,,,,,,,,,,,,,,BELOW_MINIMUM_RELATIVE_VOLUME,False,,,,,,,,,,,,,,BELOW_MINIMUM_RELATIVE_VOLUME,False,,,,,,,,,,,,,
orb_v1.0,2024-05-30,70,MRO,BBG001S69V69,1.938138699385388,14,LONG,False,BELOW_MINIMUM_RELATIVE_VOLUME,True,False,False,False,682358.0,352068.71428571426,10248307.5,0.7160714285714287,28.67,28.955,28.66,28.93,True,BELOW_MINIMUM_RELATIVE_VOLUME,False,,,,,,,,,,,,,,BELOW_MINIMUM_RELATIVE_VOLUME,False,,,,,,,,,,,,,,BELOW_MINIMUM_RELATIVE_VOLUME,False,,,,,,,,,,,,,
orb_v1.0,2024-05-30,71,APA,BBG00YTS96H1,1.934410025613674,14,LONG,False,BELOW_MINIMUM_RELATIVE_VOLUME,False,False,False,False,241834.0,125016.92857142857,4811250.428571428,0.727171428571429,29.16,29.64,29.16,29.6,True,BELOW_MINIMUM_RELATIVE_VOLUME,False,,,,,,,,,,,,,,BELOW_MINIMUM_RELATIVE_VOLUME,False,,,,,,,,,,,,,,BELOW_MINIMUM_RELATIVE_VOLUME,False,,,,,,,,,,,,,
orb_v1.0,2024-05-30,72,HES,BBG001S5NHS2,1.9300954911444992,14,LONG,False,BELOW_MINIMUM_RELATIVE_VOLUME,True,False,False,False,56349.0,29194.928571428572,2223029.9285714286,2.7158928571428556,148.71,150.03,148.71,149.97,True,BELOW_MINIMUM_RELATIVE_VOLUME,False,,,,,,,,,,,,,,BELOW_MINIMUM_RELATIVE_VOLUME,False,,,,,,,,,,,,,,BELOW_MINIMUM_RELATIVE_VOLUME,False,,,,,,,,,,,,,
orb_v1.0,2024-05-30,73,KHC,BBG005CPNTR1,1.9015943517405032,14,LONG,False,BELOW_MINIMUM_RELATIVE_VOLUME,True,False,False,False,324953.0,170884.5,6393518.357142857,0.5280714285714291,34.72,34.844,34.72,34.82,False,BELOW_MINIMUM_RELATIVE_VOLUME,False,,,,,,,,,,,,,,BELOW_MINIMUM_RELATIVE_VOLUME,False,,,,,,,,,,,,,,BELOW_MINIMUM_RELATIVE_VOLUME,False,,,,,,,,,,,,,
orb_v1.0,2024-05-30,74,INTU,BBG001S6TWR2,1.8948948043315934,14,SHORT,False,BELOW_MINIMUM_RELATIVE_VOLUME,True,False,False,False,112202.0,59212.78571428572,1464550.0,15.741564285714276,588.46,588.46,574.4001,574.815,True,BELOW_MINIMUM_RELATIVE_VOLUME,False,,,,,,,,,,,,,,BELOW_MINIMUM_RELATIVE_VOLUME,False,,,,,,,,,,,,,,BELOW_MINIMUM_RELATIVE_VOLUME,False,,,,,,,,,,,,,
orb_v1.0,2024-05-30,75,CSGP,BBG001SD3DY9,1.8765557751377206,14,SHORT,False,BELOW_MINIMUM_RELATIVE_VOLUME,True,False,False,False,58737.0,31300.428571428572,1621649.2857142857,1.8628571428571448,80.0,80.45,79.58,79.635,True,BELOW_MINIMUM_RELATIVE_VOLUME,False,,,,,,,,,,,,,,BELOW_MINIMUM_RELATIVE_VOLUME,False,,,,,,,,,,,,,,BELOW_MINIMUM_RELATIVE_VOLUME,False,,,,,,,,,,,,,
orb_v1.0,2024-05-30,76,NYT,BBG001S90X31,1.8648631565640603,14,LONG,False,BELOW_MINIMUM_RELATIVE_VOLUME,False,False,False,False,29504.0,15821.0,1071203.357142857,0.8332142857142847,50.17,50.41,50.105,50.36,True,BELOW_MINIMUM_RELATIVE_VOLUME,False,,,,,,,,,,,,,,BELOW_MINIMUM_RELATIVE_VOLUME,False,,,,,,,,,,,,,,BELOW_MINIMUM_RELATIVE_VOLUME,False,,,,,,,,,,,,,
orb_v1.0,2024-05-30,77,EL,BBG001S8L5H6,1.8536235548923734,14,SHORT,False,BELOW_MINIMUM_RELATIVE_VOLUME,True,False,False,False,137179.0,74005.85714285714,2684979.714285714,3.297878571428573,121.28,121.51,120.38,120.8,True,BELOW_MINIMUM_RELATIVE_VOLUME,False,,,,,,,,,,,,,,BELOW_MINIMUM_RELATIVE_VOLUME,False,,,,,,,,,,,,,,BELOW_MINIMUM_RELATIVE_VOLUME,False,,,,,,,,,,,,,
orb_v1.0,2024-05-30,78,CPNG,BBG00XMJRPR7,1.8502780600417512,14,LONG,False,BELOW_MINIMUM_RELATIVE_VOLUME,True,False,False,False,550163.0,297340.71428571426,8057583.357142857,0.6314999999999996,22.76,23.15,22.69,22.97,True,BELOW_MINIMUM_RELATIVE_VOLUME,False,,,,,,,,,,,,,,BELOW_MINIMUM_RELATIVE_VOLUME,False,,,,,,,,,,,,,,BELOW_MINIMUM_RELATIVE_VOLUME,False,,,,,,,,,,,,,
orb_v1.0,2024-05-30,79,REXR,BBG004MB82S9,1.823193520048838,14,LONG,False,BELOW_MINIMUM_RELATIVE_VOLUME,False,False,False,False,34985.0,19188.85714285714,1198303.642857143,0.8567785714285721,44.62,44.79,44.58,44.71,True,BELOW_MINIMUM_RELATIVE_VOLUME,False,,,,,,,,,,,,,,BELOW_MINIMUM_RELATIVE_VOLUME,False,,,,,,,,,,,,,,BELOW_MINIMUM_RELATIVE_VOLUME,False,,,,,,,,,,,,,
orb_v1.0,2024-05-30,80,CADL,BBG00N0D4Z80,1.8202616739730109,14,LONG,False,BELOW_MINIMUM_RELATIVE_VOLUME,True,False,False,False,115195.0,63284.857142857145,1204981.642857143,1.690864285714286,8.91,9.36,8.9,9.085,False,BELOW_MINIMUM_RELATIVE_VOLUME,False,,,,,,,,,,,,,,BELOW_MINIMUM_RELATIVE_VOLUME,False,,,,,,,,,,,,,,BELOW_MINIMUM_RELATIVE_VOLUME,False,,,,,,,,,,,,,
orb_v1.0,2024-05-30,81,EBAY,BBG001S9B9J5,1.7684386200923257,14,LONG,False,BELOW_MINIMUM_RELATIVE_VOLUME,True,False,False,False,219345.0,124033.14285714286,4853290.857142857,1.1438499999999985,51.94,52.34,51.86,52.095,True,BELOW_MINIMUM_RELATIVE_VOLUME,False,,,,,,,,,,,,,,BELOW_MINIMUM_RELATIVE_VOLUME,False,,,,,,,,,,,,,,BELOW_MINIMUM_RELATIVE_VOLUME,False,,,,,,,,,,,,,
orb_v1.0,2024-05-30,82,TSN,BBG001S871D5,1.7626052928301386,14,SHORT,False,BELOW_MINIMUM_RELATIVE_VOLUME,True,False,False,False,47455.0,26923.214285714286,2510332.8571428573,0.8957142857142857,57.37,57.52,57.28,57.34,True,BELOW_MINIMUM_RELATIVE_VOLUME,False,,,,,,,,,,,,,,BELOW_MINIMUM_RELATIVE_VOLUME,False,,,,,,,,,,,,,,BELOW_MINIMUM_RELATIVE_VOLUME,False,,,,,,,,,,,,,
orb_v1.0,2024-05-30,83,TEAM,BBG01BGWHFS4,1.7588989142637423,14,SHORT,False,BELOW_MINIMUM_RELATIVE_VOLUME,True,False,False,False,81359.0,46255.642857142855,1680316.4285714286,4.341250000000002,162.93,163.98,161.95,162.48,True,BELOW_MINIMUM_RELATIVE_VOLUME,False,,,,,,,,,,,,,,BELOW_MINIMUM_RELATIVE_VOLUME,False,,,,,,,,,,,,,,BELOW_MINIMUM_RELATIVE_VOLUME,False,,,,,,,,,,,,,
orb_v1.0,2024-05-30,84,BF.B,BBG001S5P4H1,1.7371646632322075,14,LONG,False,BELOW_MINIMUM_RELATIVE_VOLUME,True,False,False,False,48774.0,28076.785714285714,1751750.7142857143,0.9893571428571423,44.18,44.44,44.09,44.36,True,BELOW_MINIMUM_RELATIVE_VOLUME,False,,,,,,,,,,,,,,BELOW_MINIMUM_RELATIVE_VOLUME,False,,,,,,,,,,,,,,BELOW_MINIMUM_RELATIVE_VOLUME,False,,,,,,,,,,,,,
orb_v1.0,2024-05-30,85,BXP,BBG001S9TWV1,1.735867840587375,14,LONG,False,BELOW_MINIMUM_RELATIVE_VOLUME,False,False,False,False,27898.0,16071.5,1020499.7857142857,1.612357142857142,57.59,57.79,57.5403,57.77,True,BELOW_MINIMUM_RELATIVE_VOLUME,False,,,,,,,,,,,,,,BELOW_MINIMUM_RELATIVE_VOLUME,False,,,,,,,,,,,,,,BELOW_MINIMUM_RELATIVE_VOLUME,False,,,,,,,,,,,,,
orb_v1.0,2024-05-30,86,DLTR,BBG001S6ZGL6,1.7346811669216724,14,LONG,False,BELOW_MINIMUM_RELATIVE_VOLUME,True,False,False,False,87137.0,50232.28571428572,2315645.285714286,2.858514285714288,115.13,117.33,115.0493,116.18,True,BELOW_MINIMUM_RELATIVE_VOLUME,False,,,,,,,,,,,,,,BELOW_MINIMUM_RELATIVE_VOLUME,False,,,,,,,,,,,,,,BELOW_MINIMUM_RELATIVE_VOLUME,False,,,,,,,,,,,,,
orb_v1.0,2024-05-30,87,S,BBG00B6F2F27,1.734273840011492,14,SHORT,False,BELOW_MINIMUM_RELATIVE_VOLUME,False,False,False,False,175055.0,100938.5,3240882.785714286,0.6602928571428576,20.27,20.34,20.05,20.07,True,BELOW_MINIMUM_RELATIVE_VOLUME,False,,,,,,,,,,,,,,BELOW_MINIMUM_RELATIVE_VOLUME,False,,,,,,,,,,,,,,BELOW_MINIMUM_RELATIVE_VOLUME,False,,,,,,,,,,,,,
orb_v1.0,2024-05-30,88,EAT,BBG001S5RFV8,1.7061713425596856,14,SHORT,False,BELOW_MINIMUM_RELATIVE_VOLUME,False,False,False,False,34977.0,20500.285714285714,1300639.0714285714,1.9242857142857137,69.43,69.91,69.29,69.33,True,BELOW_MINIMUM_RELATIVE_VOLUME,False,,,,,,,,,,,,,,BELOW_MINIMUM_RELATIVE_VOLUME,False,,,,,,,,,,,,,,BELOW_MINIMUM_RELATIVE_VOLUME,False,,,,,,,,,,,,,
orb_v1.0,2024-05-30,89,DAR,BBG001SB7RP8,1.699950837402904,14,SHORT,False,BELOW_MINIMUM_RELATIVE_VOLUME,False,False,False,False,55572.0,32690.35714285714,2703641.714285714,1.6719642857142862,39.7,39.86,39.47,39.53,True,BELOW_MINIMUM_RELATIVE_VOLUME,False,,,,,,,,,,,,,,BELOW_MINIMUM_RELATIVE_VOLUME,False,,,,,,,,,,,,,,BELOW_MINIMUM_RELATIVE_VOLUME,False,,,,,,,,,,,,,
orb_v1.0,2024-05-30,90,ROST,BBG001S5VRS1,1.667152739479158,14,LONG,False,BELOW_MINIMUM_RELATIVE_VOLUME,True,False,False,False,137112.0,82243.21428571429,3160311.0,3.2728571428571405,140.2,142.98,140.2,142.97,True,BELOW_MINIMUM_RELATIVE_VOLUME,False,,,,,,,,,,,,,,BELOW_MINIMUM_RELATIVE_VOLUME,False,,,,,,,,,,,,,,BELOW_MINIMUM_RELATIVE_VOLUME,False,,,,,,,,,,,,,
orb_v1.0,2024-05-30,91,CBRL,BBG001S5PK03,1.6474744468688243,14,LONG,False,BELOW_MINIMUM_RELATIVE_VOLUME,False,False,False,False,85806.0,52083.357142857145,1333111.0,2.2977071428571434,45.3,45.58,44.875,45.3542,True,BELOW_MINIMUM_RELATIVE_VOLUME,False,,,,,,,,,,,,,,BELOW_MINIMUM_RELATIVE_VOLUME,False,,,,,,,,,,,,,,BELOW_MINIMUM_RELATIVE_VOLUME,False,,,,,,,,,,,,,
orb_v1.0,2024-05-30,92,CI,BBG00KXRCDQ9,1.6356127323109413,14,LONG,False,BELOW_MINIMUM_RELATIVE_VOLUME,True,False,False,False,37397.0,22864.214285714286,1675643.857142857,5.016428571428564,331.54,334.27,330.63,333.12,True,BELOW_MINIMUM_RELATIVE_VOLUME,False,,,,,,,,,,,,,,BELOW_MINIMUM_RELATIVE_VOLUME,False,,,,,,,,,,,,,,BELOW_MINIMUM_RELATIVE_VOLUME,False,,,,,,,,,,,,,
orb_v1.0,2024-05-30,93,IOT,BBG0099PW5Q0,1.6092382880793341,14,SHORT,False,BELOW_MINIMUM_RELATIVE_VOLUME,True,False,False,False,114728.0,71293.35714285714,2666351.6428571427,1.4476714285714292,37.19,37.2,36.555,36.59,True,BELOW_MINIMUM_RELATIVE_VOLUME,False,,,,,,,,,,,,,,BELOW_MINIMUM_RELATIVE_VOLUME,False,,,,,,,,,,,,,,BELOW_MINIMUM_RELATIVE_VOLUME,False,,,,,,,,,,,,,
orb_v1.0,2024-05-30,94,FAST,BBG001S5R1F7,1.60301906179406,14,SHORT,False,BELOW_MINIMUM_RELATIVE_VOLUME,True,False,False,False,106087.0,66179.5,2674819.1428571427,0.8995714285714291,64.65,64.725,64.37,64.39,True,BELOW_MINIMUM_RELATIVE_VOLUME,False,,,,,,,,,,,,,,BELOW_MINIMUM_RELATIVE_VOLUME,False,,,,,,,,,,,,,,BELOW_MINIMUM_RELATIVE_VOLUME,False,,,,,,,,,,,,,
orb_v1.0,2024-05-30,95,ACB,BBG001SV77D1,1.6030152744940953,14,LONG,False,BELOW_MINIMUM_RELATIVE_VOLUME,False,False,False,False,251401.0,156830.07142857142,3554693.9285714286,0.5420642857142858,6.32,6.572,6.2742,6.572,True,BELOW_MINIMUM_RELATIVE_VOLUME,False,,,,,,,,,,,,,,BELOW_MINIMUM_RELATIVE_VOLUME,False,,,,,,,,,,,,,,BELOW_MINIMUM_RELATIVE_VOLUME,False,,,,,,,,,,,,,
orb_v1.0,2024-05-30,96,SMR,BBG00YG48PG8,1.601669366011669,14,SHORT,False,BELOW_MINIMUM_RELATIVE_VOLUME,False,True,False,False,328323.0,204988.0,6601562.642857143,1.0236714285714286,9.03,9.28,8.98,9.0073,True,BELOW_MINIMUM_RELATIVE_VOLUME,False,,,,,,,,,,,,,,BELOW_MINIMUM_RELATIVE_VOLUME,False,,,,,,,,,,,,,,BELOW_MINIMUM_RELATIVE_VOLUME,False,,,,,,,,,,,,,
orb_v1.0,2024-05-30,97,RCL,0000884887,1.600670330920401,14,LONG,False,BELOW_MINIMUM_RELATIVE_VOLUME,True,False,False,False,82416.0,51488.42857142857,2166289.9285714286,3.462364285714291,147.92,149.0,147.541,148.55,False,BELOW_MINIMUM_RELATIVE_VOLUME,False,,,,,,,,,,,,,,BELOW_MINIMUM_RELATIVE_VOLUME,False,,,,,,,,,,,,,,BELOW_MINIMUM_RELATIVE_VOLUME,False,,,,,,,,,,,,,
orb_v1.0,2024-05-30,98,OSCR,BBG00YMWFVT4,1.6001112347052282,14,LONG,False,BELOW_MINIMUM_RELATIVE_VOLUME,False,False,False,False,143028.0,89386.28571428571,3234027.714285714,1.0453571428571435,19.49,19.715,19.42,19.57,True,BELOW_MINIMUM_RELATIVE_VOLUME,False,,,,,,,,,,,,,,BELOW_MINIMUM_RELATIVE_VOLUME,False,,,,,,,,,,,,,,BELOW_MINIMUM_RELATIVE_VOLUME,False,,,,,,,,,,,,,
orb_v1.0,2024-05-30,99,FI,BBG001S5R6Q4,1.582264077633977,14,SHORT,False,BELOW_MINIMUM_RELATIVE_VOLUME,True,False,False,False,61085.0,38606.07142857143,2086603.357142857,2.144285714285709,147.98,148.09,147.315,147.715,True,BELOW_MINIMUM_RELATIVE_VOLUME,False,,,,,,,,,,,,,,BELOW_MINIMUM_RELATIVE_VOLUME,False,,,,,,,,,,,,,,BELOW_MINIMUM_RELATIVE_VOLUME,False,,,,,,,,,,,,,
orb_v1.0,2024-05-30,100,EYE,BBG00HVQF9L1,1.5807506203276855,14,LONG,False,BELOW_MINIMUM_RELATIVE_VOLUME,False,False,False,False,35539.0,22482.35714285714,1303610.5714285714,0.7111500000000002,14.5,14.63,14.43,14.59,True,BELOW_MINIMUM_RELATIVE_VOLUME,False,,,,,,,,,,,,,,BELOW_MINIMUM_RELATIVE_VOLUME,False,,,,,,,,,,,,,,BELOW_MINIMUM_RELATIVE_VOLUME,False,,,,,,,,,,,,,
orb_v1.0,2024-05-30,101,MSFT,BBG001S5TD05,1.5670498626296419,14,SHORT,False,BELOW_MINIMUM_RELATIVE_VOLUME,True,False,False,False,1186867.0,757389.4285714285,16418898.57142857,5.882428571428575,424.3,424.3,421.175,421.46,True,BELOW_MINIMUM_RELATIVE_VOLUME,False,,,,,,,,,,,,,,BELOW_MINIMUM_RELATIVE_VOLUME,False,,,,,,,,,,,,,,BELOW_MINIMUM_RELATIVE_VOLUME,False,,,,,,,,,,,,,
orb_v1.0,2024-05-30,102,MKC,BBG001S79S19,1.563395853133425,14,LONG,False,BELOW_MINIMUM_RELATIVE_VOLUME,True,False,False,False,40302.0,25778.5,1300228.7142857143,1.1773214285714286,70.38,70.67,70.06,70.615,True,BELOW_MINIMUM_RELATIVE_VOLUME,False,,,,,,,,,,,,,,BELOW_MINIMUM_RELATIVE_VOLUME,False,,,,,,,,,,,,,,BELOW_MINIMUM_RELATIVE_VOLUME,False,,,,,,,,,,,,,
orb_v1.0,2024-05-30,103,SMTC,BBG001S7TWW4,1.5366595749548189,14,LONG,False,BELOW_MINIMUM_RELATIVE_VOLUME,False,False,False,False,43182.0,28101.214285714286,1080313.5714285714,1.6360714285714286,40.25,40.7099,40.0286,40.58,False,BELOW_MINIMUM_RELATIVE_VOLUME,False,,,,,,,,,,,,,,BELOW_MINIMUM_RELATIVE_VOLUME,False,,,,,,,,,,,,,,BELOW_MINIMUM_RELATIVE_VOLUME,False,,,,,,,,,,,,,
orb_v1.0,2024-05-30,104,HLT,BBG0058KMH49,1.536530700878436,14,LONG,False,BELOW_MINIMUM_RELATIVE_VOLUME,True,False,False,False,34621.0,22531.928571428572,1763840.357142857,4.049278571428579,197.05,197.91,196.78,197.462,False,BELOW_MINIMUM_RELATIVE_VOLUME,False,,,,,,,,,,,,,,BELOW_MINIMUM_RELATIVE_VOLUME,False,,,,,,,,,,,,,,BELOW_MINIMUM_RELATIVE_VOLUME,False,,,,,,,,,,,,,
orb_v1.0,2024-05-30,105,UNH,BBG001S6WCJ1,1.5068838833670837,14,LONG,False,BELOW_MINIMUM_RELATIVE_VOLUME,True,False,False,False,169077.0,112203.07142857143,3081619.3571428573,9.19535714285716,482.32,486.03,481.55,483.85,False,BELOW_MINIMUM_RELATIVE_VOLUME,False,,,,,,,,,,,,,,BELOW_MINIMUM_RELATIVE_VOLUME,False,,,,,,,,,,,,,,BELOW_MINIMUM_RELATIVE_VOLUME,False,,,,,,,,,,,,,
orb_v1.0,2024-05-30,106,CHRW,BBG001SB6KF5,1.5039950145779084,14,SHORT,False,BELOW_MINIMUM_RELATIVE_VOLUME,False,False,False,False,33788.0,22465.5,1584380.9285714286,1.9550000000000003,84.02,84.55,83.99,84.0,True,BELOW_MINIMUM_RELATIVE_VOLUME,False,,,,,,,,,,,,,,BELOW_MINIMUM_RELATIVE_VOLUME,False,,,,,,,,,,,,,,BELOW_MINIMUM_RELATIVE_VOLUME,False,,,,,,,,,,,,,
orb_v1.0,2024-05-30,107,DJT,BBG011744HJ8,1.49130263083664,14,LONG,False,BELOW_MINIMUM_RELATIVE_VOLUME,False,False,False,False,203922.0,136740.85714285713,3667003.5714285714,4.181407142857144,51.5,52.64,51.5,52.26,True,BELOW_MINIMUM_RELATIVE_VOLUME,False,,,,,,,,,,,,,,BELOW_MINIMUM_RELATIVE_VOLUME,False,,,,,,,,,,,,,,BELOW_MINIMUM_RELATIVE_VOLUME,False,,,,,,,,,,,,,
orb_v1.0,2024-05-30,108,ZTS,BBG0039320P7,1.4795878665609914,14,LONG,False,BELOW_MINIMUM_RELATIVE_VOLUME,True,False,False,False,80674.0,54524.642857142855,2089901.857142857,3.0342857142857156,170.68,174.17,170.64,174.17,False,BELOW_MINIMUM_RELATIVE_VOLUME,False,,,,,,,,,,,,,,BELOW_MINIMUM_RELATIVE_VOLUME,False,,,,,,,,,,,,,,BELOW_MINIMUM_RELATIVE_VOLUME,False,,,,,,,,,,,,,
orb_v1.0,2024-05-30,109,GIL,BBG001S7JJL6,1.465946122649123,14,LONG,False,BELOW_MINIMUM_RELATIVE_VOLUME,False,False,False,False,30750.0,20976.214285714286,1198192.5,0.9184214285714282,36.31,36.535,36.2001,36.535,True,BELOW_MINIMUM_RELATIVE_VOLUME,False,,,,,,,,,,,,,,BELOW_MINIMUM_RELATIVE_VOLUME,False,,,,,,,,,,,,,,BELOW_MINIMUM_RELATIVE_VOLUME,False,,,,,,,,,,,,,
orb_v1.0,2024-05-30,110,ADSK,BBG001S5SCD4,1.4575958217012341,14,SHORT,False,BELOW_MINIMUM_RELATIVE_VOLUME,True,False,False,False,42739.0,29321.571428571428,1523039.357142857,4.077499999999993,207.1,207.1,205.1,205.9699,True,BELOW_MINIMUM_RELATIVE_VOLUME,False,,,,,,,,,,,,,,BELOW_MINIMUM_RELATIVE_VOLUME,False,,,,,,,,,,,,,,BELOW_MINIMUM_RELATIVE_VOLUME,False,,,,,,,,,,,,,
orb_v1.0,2024-05-30,111,ROL,BBG001S5VRG4,1.4506505351616399,14,SHORT,False,BELOW_MINIMUM_RELATIVE_VOLUME,True,False,False,False,26584.0,18325.571428571428,1408479.357142857,0.7862571428571431,45.54,45.74,45.48,45.525,True,BELOW_MINIMUM_RELATIVE_VOLUME,False,,,,,,,,,,,,,,BELOW_MINIMUM_RELATIVE_VOLUME,False,,,,,,,,,,,,,,BELOW_MINIMUM_RELATIVE_VOLUME,False,,,,,,,,,,,,,
orb_v1.0,2024-05-30,112,VZ,BBG001S67QY1,1.4471517434035832,14,LONG,False,BELOW_MINIMUM_RELATIVE_VOLUME,True,False,False,False,719593.0,497247.78571428574,14851674.642857144,0.5128357142857141,39.22,39.45,39.18,39.44,True,BELOW_MINIMUM_RELATIVE_VOLUME,False,,,,,,,,,,,,,,BELOW_MINIMUM_RELATIVE_VOLUME,False,,,,,,,,,,,,,,BELOW_MINIMUM_RELATIVE_VOLUME,False,,,,,,,,,,,,,
orb_v1.0,2024-05-30,113,HUMA,BBG00XPPT7T6,1.4469441425989575,14,LONG,False,BELOW_MINIMUM_RELATIVE_VOLUME,False,False,False,True,200782.0,138762.7857142857,2905515.8571428573,0.6695357142857141,7.71,8.1399,7.71,8.0894,True,BELOW_MINIMUM_RELATIVE_VOLUME,False,,,,,,,,,,,,,,BELOW_MINIMUM_RELATIVE_VOLUME,False,,,,,,,,,,,,,,BELOW_MINIMUM_RELATIVE_VOLUME,False,,,,,,,,,,,,,
orb_v1.0,2024-05-30,114,AAP,BBG001SD2SB2,1.4399765838428518,14,LONG,False,BELOW_MINIMUM_RELATIVE_VOLUME,False,False,False,False,63252.0,43925.71428571428,1827750.357142857,2.5328499999999994,62.51,64.245,62.5,64.245,True,BELOW_MINIMUM_RELATIVE_VOLUME,False,,,,,,,,,,,,,,BELOW_MINIMUM_RELATIVE_VOLUME,False,,,,,,,,,,,,,,BELOW_MINIMUM_RELATIVE_VOLUME,False,,,,,,,,,,,,,
orb_v1.0,2024-05-30,115,BNS,BBG001S5Y2B1,1.4380821049929284,14,LONG,False,BELOW_MINIMUM_RELATIVE_VOLUME,True,False,False,False,87228.0,60655.78571428572,1314005.5714285714,0.6528999999999999,46.48,46.86,46.47,46.84,True,BELOW_MINIMUM_RELATIVE_VOLUME,False,,,,,,,,,,,,,,BELOW_MINIMUM_RELATIVE_VOLUME,False,,,,,,,,,,,,,,BELOW_MINIMUM_RELATIVE_VOLUME,False,,,,,,,,,,,,,
orb_v1.0,2024-05-30,116,RIOT,BBG001SDW128,1.428419086928475,14,LONG,False,BELOW_MINIMUM_RELATIVE_VOLUME,False,True,False,False,993135.0,695268.6428571428,17201221.07142857,0.7181428571428572,10.1,10.32,10.1,10.245,True,BELOW_MINIMUM_RELATIVE_VOLUME,False,,,,,,,,,,,,,,BELOW_MINIMUM_RELATIVE_VOLUME,False,,,,,,,,,,,,,,BELOW_MINIMUM_RELATIVE_VOLUME,False,,,,,,,,,,,,,
orb_v1.0,2024-05-30,117,VLO,BBG001S5X8K9,1.4151094527462562,14,LONG,False,BELOW_MINIMUM_RELATIVE_VOLUME,True,False,False,False,101206.0,71518.14285714286,2478173.6428571427,3.998800000000005,154.0,155.51,154.0,154.99,True,BELOW_MINIMUM_RELATIVE_VOLUME,False,,,,,,,,,,,,,,BELOW_MINIMUM_RELATIVE_VOLUME,False,,,,,,,,,,,,,,BELOW_MINIMUM_RELATIVE_VOLUME,False,,,,,,,,,,,,,
orb_v1.0,2024-05-30,118,TJX,BBG001S5WQ93,1.4150130306942024,14,LONG,False,BELOW_MINIMUM_RELATIVE_VOLUME,True,False,False,False,244368.0,172696.64285714287,6154192.857142857,1.8492857142857144,101.99,103.07,101.8,102.7025,True,BELOW_MINIMUM_RELATIVE_VOLUME,False,,,,,,,,,,,,,,BELOW_MINIMUM_RELATIVE_VOLUME,False,,,,,,,,,,,,,,BELOW_MINIMUM_RELATIVE_VOLUME,False,,,,,,,,,,,,,
orb_v1.0,2024-05-30,119,DASH,BBG005D7QCK1,1.3940844566993464,14,SHORT,False,BELOW_MINIMUM_RELATIVE_VOLUME,True,False,False,False,109207.0,78336.0,3987255.0,3.116157142857143,110.47,110.92,109.94,110.335,True,BELOW_MINIMUM_RELATIVE_VOLUME,False,,,,,,,,,,,,,,BELOW_MINIMUM_RELATIVE_VOLUME,False,,,,,,,,,,,,,,BELOW_MINIMUM_RELATIVE_VOLUME,False,,,,,,,,,,,,,
orb_v1.0,2024-05-30,120,GS,BBG001SC07Z6,1.375892045176747,14,LONG,False,BELOW_MINIMUM_RELATIVE_VOLUME,True,False,False,False,100504.0,73046.42857142857,2213424.5,7.16374285714286,453.0,455.73,452.16,455.73,True,BELOW_MINIMUM_RELATIVE_VOLUME,False,,,,,,,,,,,,,,BELOW_MINIMUM_RELATIVE_VOLUME,False,,,,,,,,,,,,,,BELOW_MINIMUM_RELATIVE_VOLUME,False,,,,,,,,,,,,,
orb_v1.0,2024-05-30,121,YUMC,BBG00B8N0HH0,1.3673285568065507,14,LONG,False,BELOW_MINIMUM_RELATIVE_VOLUME,False,False,False,False,171756.0,125614.28571428571,2694933.0714285714,0.9120142857142862,35.0,35.27,34.93,35.25,True,BELOW_MINIMUM_RELATIVE_VOLUME,False,,,,,,,,,,,,,,BELOW_MINIMUM_RELATIVE_VOLUME,False,,,,,,,,,,,,,,BELOW_MINIMUM_RELATIVE_VOLUME,False,,,,,,,,,,,,,
orb_v1.0,2024-05-30,122,DESP,0001703141,1.362335415918903,14,SHORT,False,BELOW_MINIMUM_RELATIVE_VOLUME,False,False,False,False,47987.0,35224.07142857143,1193594.0714285714,0.7056571428571426,15.26,15.3,15.19,15.25,True,BELOW_MINIMUM_RELATIVE_VOLUME,False,,,,,,,,,,,,,,BELOW_MINIMUM_RELATIVE_VOLUME,False,,,,,,,,,,,,,,BELOW_MINIMUM_RELATIVE_VOLUME,False,,,,,,,,,,,,,
orb_v1.0,2024-05-30,123,BILL,BBG00QVJV7L3,1.3528957897879965,14,LONG,False,BELOW_MINIMUM_RELATIVE_VOLUME,False,False,False,False,40454.0,29901.785714285714,1463641.642857143,1.7786142857142855,51.0,51.13,50.75,51.13,True,BELOW_MINIMUM_RELATIVE_VOLUME,False,,,,,,,,,,,,,,BELOW_MINIMUM_RELATIVE_VOLUME,False,,,,,,,,,,,,,,BELOW_MINIMUM_RELATIVE_VOLUME,False,,,,,,,,,,,,,
orb_v1.0,2024-05-30,124,NTAP,BBG001S8LYX5,1.3441633429406,14,SHORT,False,BELOW_MINIMUM_RELATIVE_VOLUME,True,False,False,False,69256.0,51523.5,2090957.4285714286,1.7317857142857147,118.68,118.68,117.75,118.025,True,BELOW_MINIMUM_RELATIVE_VOLUME,False,,,,,,,,,,,,,,BELOW_MINIMUM_RELATIVE_VOLUME,False,,,,,,,,,,,,,,BELOW_MINIMUM_RELATIVE_VOLUME,False,,,,,,,,,,,,,
orb_v1.0,2024-05-30,125,MNST,BBG008NVB1F7,1.3337326193738177,14,SHORT,False,BELOW_MINIMUM_RELATIVE_VOLUME,True,False,False,False,154926.0,116159.71428571429,6994483.714285715,0.7321785714285711,52.3,52.35,52.16,52.18,True,BELOW_MINIMUM_RELATIVE_VOLUME,False,,,,,,,,,,,,,,BELOW_MINIMUM_RELATIVE_VOLUME,False,,,,,,,,,,,,,,BELOW_MINIMUM_RELATIVE_VOLUME,False,,,,,,,,,,,,,
orb_v1.0,2024-05-30,126,WOLF,BBG001S6YWT4,1.3250078187819774,14,SHORT,False,BELOW_MINIMUM_RELATIVE_VOLUME,False,False,False,False,108639.0,81991.21428571429,3036575.8571428573,1.5341214285714284,26.31,26.35,26.0,26.115,True,BELOW_MINIMUM_RELATIVE_VOLUME,False,,,,,,,,,,,,,,BELOW_MINIMUM_RELATIVE_VOLUME,False,,,,,,,,,,,,,,BELOW_MINIMUM_RELATIVE_VOLUME,False,,,,,,,,,,,,,
orb_v1.0,2024-05-30,127,STZ,BBG001SD31G5,1.3171904963109826,14,LONG,False,BELOW_MINIMUM_RELATIVE_VOLUME,True,False,False,False,20263.0,15383.5,1020640.0714285715,4.2404999999999955,243.97,246.2,243.25,245.8,True,BELOW_MINIMUM_RELATIVE_VOLUME,False,,,,,,,,,,,,,,BELOW_MINIMUM_RELATIVE_VOLUME,False,,,,,,,,,,,,,,BELOW_MINIMUM_RELATIVE_VOLUME,False,,,,,,,,,,,,,
orb_v1.0,2024-05-30,128,APTV,0001521332,1.2952698753841223,14,LONG,False,BELOW_MINIMUM_RELATIVE_VOLUME,True,False,False,False,49075.0,37887.857142857145,1918173.2142857143,1.8776,81.79,81.84,81.55,81.83,True,BELOW_MINIMUM_RELATIVE_VOLUME,False,,,,,,,,,,,,,,BELOW_MINIMUM_RELATIVE_VOLUME,False,,,,,,,,,,,,,,BELOW_MINIMUM_RELATIVE_VOLUME,False,,,,,,,,,,,,,
orb_v1.0,2024-05-30,129,PNR,0000077360,1.294099053715008,14,LONG,False,BELOW_MINIMUM_RELATIVE_VOLUME,False,False,False,False,18716.0,14462.57142857143,1005868.2857142857,1.5117714285714274,78.75,78.76,78.53,78.76,True,BELOW_MINIMUM_RELATIVE_VOLUME,False,,,,,,,,,,,,,,BELOW_MINIMUM_RELATIVE_VOLUME,False,,,,,,,,,,,,,,BELOW_MINIMUM_RELATIVE_VOLUME,False,,,,,,,,,,,,,
orb_v1.0,2024-05-30,130,PLTR,BBG001T53796,1.2884236661829205,14,SHORT,False,BELOW_MINIMUM_RELATIVE_VOLUME,True,False,False,False,2118694.0,1644407.857142857,36058280.64285714,0.6063571428571431,21.28,21.34,21.08,21.1633,True,BELOW_MINIMUM_RELATIVE_VOLUME,False,,,,,,,,,,,,,,BELOW_MINIMUM_RELATIVE_VOLUME,False,,,,,,,,,,,,,,BELOW_MINIMUM_RELATIVE_VOLUME,False,,,,,,,,,,,,,
orb_v1.0,2024-05-30,131,BMRN,BBG001S76R05,1.2840203274985884,14,SHORT,False,BELOW_MINIMUM_RELATIVE_VOLUME,False,False,False,False,42069.0,32763.5,2267303.785714286,1.5658142857142832,75.19,75.285,75.08,75.09,True,BELOW_MINIMUM_RELATIVE_VOLUME,False,,,,,,,,,,,,,,BELOW_MINIMUM_RELATIVE_VOLUME,False,,,,,,,,,,,,,,BELOW_MINIMUM_RELATIVE_VOLUME,False,,,,,,,,,,,,,
orb_v1.0,2024-05-30,132,OMC,BBG001S5VR10,1.2816380886339278,14,DOJI,False,BELOW_MINIMUM_RELATIVE_VOLUME,True,False,False,False,23235.0,18129.14285714286,1228392.5714285714,1.4324999999999994,91.51,91.615,90.7,91.51,False,BELOW_MINIMUM_RELATIVE_VOLUME,False,,,,,,,,,,,,,,BELOW_MINIMUM_RELATIVE_VOLUME,False,,,,,,,,,,,,,,BELOW_MINIMUM_RELATIVE_VOLUME,False,,,,,,,,,,,,,
orb_v1.0,2024-05-30,133,CME,BBG001S86547,1.2813470858705107,14,LONG,False,BELOW_MINIMUM_RELATIVE_VOLUME,True,False,False,False,50082.0,39085.42857142857,1671515.642857143,3.6431428571428546,206.43,207.3,206.32,206.625,False,BELOW_MINIMUM_RELATIVE_VOLUME,False,,,,,,,,,,,,,,BELOW_MINIMUM_RELATIVE_VOLUME,False,,,,,,,,,,,,,,BELOW_MINIMUM_RELATIVE_VOLUME,False,,,,,,,,,,,,,
orb_v1.0,2024-05-30,134,PAYX,BBG001S5V135,1.2802993787766266,14,SHORT,False,BELOW_MINIMUM_RELATIVE_VOLUME,True,False,False,False,44207.0,34528.642857142855,1618666.2857142857,2.067235714285715,119.0,119.0,118.33,118.69,True,BELOW_MINIMUM_RELATIVE_VOLUME,False,,,,,,,,,,,,,,BELOW_MINIMUM_RELATIVE_VOLUME,False,,,,,,,,,,,,,,BELOW_MINIMUM_RELATIVE_VOLUME,False,,,,,,,,,,,,,
orb_v1.0,2024-05-30,135,XOM,BBG001S69V32,1.273394418468119,14,LONG,False,BELOW_MINIMUM_RELATIVE_VOLUME,True,False,False,False,516222.0,405390.5,15031742.92857143,2.1053571428571423,113.27,113.95,113.19,113.49,True,BELOW_MINIMUM_RELATIVE_VOLUME,False,,,,,,,,,,,,,,BELOW_MINIMUM_RELATIVE_VOLUME,False,,,,,,,,,,,,,,BELOW_MINIMUM_RELATIVE_VOLUME,False,,,,,,,,,,,,,
orb_v1.0,2024-05-30,136,VSAT,BBG001S98NF2,1.2561868591402665,14,LONG,False,BELOW_MINIMUM_RELATIVE_VOLUME,False,False,False,False,61710.0,49124.857142857145,1972457.2142857143,1.1474999999999995,16.21,16.36,16.1213,16.29,True,BELOW_MINIMUM_RELATIVE_VOLUME,False,,,,,,,,,,,,,,BELOW_MINIMUM_RELATIVE_VOLUME,False,,,,,,,,,,,,,,BELOW_MINIMUM_RELATIVE_VOLUME,False,,,,,,,,,,,,,
orb_v1.0,2024-05-30,137,BDX,BBG001S5P374,1.2511200922183798,14,LONG,False,BELOW_MINIMUM_RELATIVE_VOLUME,True,False,False,False,32173.0,25715.35714285714,1501543.857142857,3.1046428571428555,225.37,226.21,224.28,226.16,True,BELOW_MINIMUM_RELATIVE_VOLUME,False,,,,,,,,,,,,,,BELOW_MINIMUM_RELATIVE_VOLUME,False,,,,,,,,,,,,,,BELOW_MINIMUM_RELATIVE_VOLUME,False,,,,,,,,,,,,,
orb_v1.0,2024-05-30,138,CMS,BBG001S5PYJ3,1.2483736059479553,14,LONG,False,BELOW_MINIMUM_RELATIVE_VOLUME,True,False,False,False,32238.0,25824.0,1893264.7142857143,0.8378571428571432,60.79,60.8836,60.68,60.88,True,BELOW_MINIMUM_RELATIVE_VOLUME,False,,,,,,,,,,,,,,BELOW_MINIMUM_RELATIVE_VOLUME,False,,,,,,,,,,,,,,BELOW_MINIMUM_RELATIVE_VOLUME,False,,,,,,,,,,,,,
orb_v1.0,2024-05-30,139,SKX,BBG001S5XTG8,1.2467560150275772,14,LONG,False,BELOW_MINIMUM_RELATIVE_VOLUME,False,False,False,False,23396.0,18765.5,1172763.142857143,1.2739285714285689,70.0,70.58,70.0,70.55,True,BELOW_MINIMUM_RELATIVE_VOLUME,False,,,,,,,,,,,,,,BELOW_MINIMUM_RELATIVE_VOLUME,False,,,,,,,,,,,,,,BELOW_MINIMUM_RELATIVE_VOLUME,False,,,,,,,,,,,,,
orb_v1.0,2024-05-30,140,HUM,BBG001S5S1X6,1.2458546028390818,14,LONG,False,BELOW_MINIMUM_RELATIVE_VOLUME,True,False,False,False,49004.0,39333.642857142855,1654187.7142857143,6.723578571428574,345.1,347.44,343.81,346.45,True,BELOW_MINIMUM_RELATIVE_VOLUME,False,,,,,,,,,,,,,,BELOW_MINIMUM_RELATIVE_VOLUME,False,,,,,,,,,,,,,,BELOW_MINIMUM_RELATIVE_VOLUME,False,,,,,,,,,,,,,
orb_v1.0,2024-05-30,141,DLR,BBG001SM0K30,1.2428842754584446,14,LONG,False,BELOW_MINIMUM_RELATIVE_VOLUME,True,False,False,False,53941.0,43399.857142857145,2322426.214285714,2.7914285714285705,142.86,143.57,141.95,143.195,True,BELOW_MINIMUM_RELATIVE_VOLUME,False,,,,,,,,,,,,,,BELOW_MINIMUM_RELATIVE_VOLUME,False,,,,,,,,,,,,,,BELOW_MINIMUM_RELATIVE_VOLUME,False,,,,,,,,,,,,,
orb_v1.0,2024-05-30,142,AAL,BBG005P7Q907,1.2401927711784055,14,SHORT,False,BELOW_MINIMUM_RELATIVE_VOLUME,False,True,False,False,1815349.0,1463763.5714285714,34090278.28571428,0.517135714285714,11.76,11.78,11.65,11.7,True,BELOW_MINIMUM_RELATIVE_VOLUME,False,,,,,,,,,,,,,,BELOW_MINIMUM_RELATIVE_VOLUME,False,,,,,,,,,,,,,,BELOW_MINIMUM_RELATIVE_VOLUME,False,,,,,,,,,,,,,
orb_v1.0,2024-05-30,143,BYD,BBG001S7DMW3,1.2322145303968397,14,LONG,False,BELOW_MINIMUM_RELATIVE_VOLUME,False,False,False,False,11074.0,8987.07142857143,1040858.2857142857,1.1482071428571412,51.0,51.11,50.94,51.09,True,BELOW_MINIMUM_RELATIVE_VOLUME,False,,,,,,,,,,,,,,BELOW_MINIMUM_RELATIVE_VOLUME,False,,,,,,,,,,,,,,BELOW_MINIMUM_RELATIVE_VOLUME,False,,,,,,,,,,,,,
orb_v1.0,2024-05-30,144,THC,BBG001S70FY0,1.2173835445297163,14,LONG,False,BELOW_MINIMUM_RELATIVE_VOLUME,False,False,False,False,20463.0,16809.0,1134963.5,3.1799928571428566,133.54,135.305,132.94,135.265,True,BELOW_MINIMUM_RELATIVE_VOLUME,False,,,,,,,,,,,,,,BELOW_MINIMUM_RELATIVE_VOLUME,False,,,,,,,,,,,,,,BELOW_MINIMUM_RELATIVE_VOLUME,False,,,,,,,,,,,,,
orb_v1.0,2024-05-30,145,BX,BBG001S7H949,1.2053340456883848,14,LONG,False,BELOW_MINIMUM_RELATIVE_VOLUME,True,False,False,False,99911.0,82890.71428571429,3383505.714285714,3.6835214285714293,116.11,117.1759,116.06,117.0,True,BELOW_MINIMUM_RELATIVE_VOLUME,False,,,,,,,,,,,,,,BELOW_MINIMUM_RELATIVE_VOLUME,False,,,,,,,,,,,,,,BELOW_MINIMUM_RELATIVE_VOLUME,False,,,,,,,,,,,,,
orb_v1.0,2024-05-30,146,WM,BBG001S5XH47,1.2052076755295038,14,SHORT,False,BELOW_MINIMUM_RELATIVE_VOLUME,True,False,False,False,44441.0,36874.142857142855,1536609.5714285714,2.351171428571427,204.05,204.525,203.7874,204.0475,True,BELOW_MINIMUM_RELATIVE_VOLUME,False,,,,,,,,,,,,,,BELOW_MINIMUM_RELATIVE_VOLUME,False,,,,,,,,,,,,,,BELOW_MINIMUM_RELATIVE_VOLUME,False,,,,,,,,,,,,,
orb_v1.0,2024-05-30,147,HSY,BBG001S5S148,1.2013567756169148,14,LONG,False,BELOW_MINIMUM_RELATIVE_VOLUME,True,False,False,False,44146.0,36746.78571428572,1572169.9285714286,3.7937500000000006,193.71,194.46,193.71,194.005,False,BELOW_MINIMUM_RELATIVE_VOLUME,False,,,,,,,,,,,,,,BELOW_MINIMUM_RELATIVE_VOLUME,False,,,,,,,,,,,,,,BELOW_MINIMUM_RELATIVE_VOLUME,False,,,,,,,,,,,,,
orb_v1.0,2024-05-30,148,CAT,BBG001S5PJ06,1.1921195054427847,14,LONG,False,BELOW_MINIMUM_RELATIVE_VOLUME,True,False,False,False,85937.0,72087.57142857143,2339786.8571428573,7.066542857142857,338.47,343.245,338.47,342.74,True,BELOW_MINIMUM_RELATIVE_VOLUME,False,,,,,,,,,,,,,,BELOW_MINIMUM_RELATIVE_VOLUME,False,,,,,,,,,,,,,,BELOW_MINIMUM_RELATIVE_VOLUME,False,,,,,,,,,,,,,
orb_v1.0,2024-05-30,149,STM,BBG001S5WDM7,1.183759807717269,14,LONG,False,BELOW_MINIMUM_RELATIVE_VOLUME,True,False,False,False,94456.0,79793.21428571429,2821700.3571428573,0.9496428571428572,40.84,40.845,40.61,40.845,True,BELOW_MINIMUM_RELATIVE_VOLUME,False,,,,,,,,,,,,,,BELOW_MINIMUM_RELATIVE_VOLUME,False,,,,,,,,,,,,,,BELOW_MINIMUM_RELATIVE_VOLUME,False,,,,,,,,,,,,,
orb_v1.0,2024-05-30,150,ETR,BBG001S67KF5,1.1835054979691115,14,SHORT,False,BELOW_MINIMUM_RELATIVE_VOLUME,True,False,False,False,28430.0,24021.85714285714,1595386.142857143,1.5080714285714296,107.05,107.34,106.84,106.935,True,BELOW_MINIMUM_RELATIVE_VOLUME,False,,,,,,,,,,,,,,BELOW_MINIMUM_RELATIVE_VOLUME,False,,,,,,,,,,,,,,BELOW_MINIMUM_RELATIVE_VOLUME,False,,,,,,,,,,,,,
orb_v1.0,2024-05-30,151,AA,BBG00B3T3HF1,1.181586382744125,14,LONG,False,BELOW_MINIMUM_RELATIVE_VOLUME,False,False,False,False,240044.0,203154.0,5806920.714285715,1.6926000000000012,43.29,44.02,43.18,44.02,True,BELOW_MINIMUM_RELATIVE_VOLUME,False,,,,,,,,,,,,,,BELOW_MINIMUM_RELATIVE_VOLUME,False,,,,,,,,,,,,,,BELOW_MINIMUM_RELATIVE_VOLUME,False,,,,,,,,,,,,,
orb_v1.0,2024-05-30,152,ADM,BBG001S5ND74,1.1807314672458535,14,LONG,False,BELOW_MINIMUM_RELATIVE_VOLUME,True,False,False,False,82942.0,70246.28571428571,3423189.5,1.1882142857142846,59.84,60.405,59.84,60.35,True,BELOW_MINIMUM_RELATIVE_VOLUME,False,,,,,,,,,,,,,,BELOW_MINIMUM_RELATIVE_VOLUME,False,,,,,,,,,,,,,,BELOW_MINIMUM_RELATIVE_VOLUME,False,,,,,,,,,,,,,
orb_v1.0,2024-05-30,153,SBOW,BBG00CTNNZ35,1.1762004543615976,14,LONG,False,BELOW_MINIMUM_RELATIVE_VOLUME,False,False,False,False,27625.0,23486.64285714286,1104857.2142857143,1.3151000000000008,38.49,39.0,38.49,38.93,True,BELOW_MINIMUM_RELATIVE_VOLUME,False,,,,,,,,,,,,,,BELOW_MINIMUM_RELATIVE_VOLUME,False,,,,,,,,,,,,,,BELOW_MINIMUM_RELATIVE_VOLUME,False,,,,,,,,,,,,,
orb_v1.0,2024-05-30,154,XYL,BBG001V05C73,1.1710455053934332,14,LONG,False,BELOW_MINIMUM_RELATIVE_VOLUME,True,False,False,False,35368.0,30202.071428571428,1379180.142857143,2.133571428571429,138.05,139.16,137.06,139.16,True,BELOW_MINIMUM_RELATIVE_VOLUME,False,,,,,,,,,,,,,,BELOW_MINIMUM_RELATIVE_VOLUME,False,,,,,,,,,,,,,,BELOW_MINIMUM_RELATIVE_VOLUME,False,,,,,,,,,,,,,
orb_v1.0,2024-05-30,155,PYCR,BBG010FNXN77,1.1702594660457508,14,DOJI,False,BELOW_MINIMUM_RELATIVE_VOLUME,False,False,False,False,20032.0,17117.571428571428,1617462.5714285714,0.687885714285714,12.74,12.74,12.74,12.74,False,BELOW_MINIMUM_RELATIVE_VOLUME,False,,,,,,,,,,,,,,BELOW_MINIMUM_RELATIVE_VOLUME,False,,,,,,,,,,,,,,BELOW_MINIMUM_RELATIVE_VOLUME,False,,,,,,,,,,,,,
orb_v1.0,2024-05-30,156,IART,BBG001S7JWM6,1.162850329225055,14,LONG,False,BELOW_MINIMUM_RELATIVE_VOLUME,False,False,False,False,15743.0,13538.285714285714,1190279.5,1.0116428571428568,29.64,30.26,29.33,30.1,True,BELOW_MINIMUM_RELATIVE_VOLUME,False,,,,,,,,,,,,,,BELOW_MINIMUM_RELATIVE_VOLUME,False,,,,,,,,,,,,,,BELOW_MINIMUM_RELATIVE_VOLUME,False,,,,,,,,,,,,,
orb_v1.0,2024-05-30,157,MRVI,BBG00Y1DFW44,1.162116476462411,14,LONG,False,BELOW_MINIMUM_RELATIVE_VOLUME,False,False,False,False,55294.0,47580.42857142857,2191083.1428571427,0.6849642857142862,8.93,9.01,8.9,8.95,True,BELOW_MINIMUM_RELATIVE_VOLUME,False,,,,,,,,,,,,,,BELOW_MINIMUM_RELATIVE_VOLUME,False,,,,,,,,,,,,,,BELOW_MINIMUM_RELATIVE_VOLUME,False,,,,,,,,,,,,,
orb_v1.0,2024-05-30,158,IREN,0001878848,1.1563092029425666,14,SHORT,False,BELOW_MINIMUM_RELATIVE_VOLUME,False,False,False,False,562527.0,486484.9285714286,11669454.42857143,0.6749928571428573,7.8,7.91,7.73,7.73,True,BELOW_MINIMUM_RELATIVE_VOLUME,False,,,,,,,,,,,,,,BELOW_MINIMUM_RELATIVE_VOLUME,False,,,,,,,,,,,,,,BELOW_MINIMUM_RELATIVE_VOLUME,False,,,,,,,,,,,,,
orb_v1.0,2024-05-30,159,AWK,BBG001SPHYW3,1.155824997038776,14,LONG,False,BELOW_MINIMUM_RELATIVE_VOLUME,True,False,False,False,30668.0,26533.428571428572,1112878.4285714286,2.12145,124.58,125.175,124.11,125.175,True,BELOW_MINIMUM_RELATIVE_VOLUME,False,,,,,,,,,,,,,,BELOW_MINIMUM_RELATIVE_VOLUME,False,,,,,,,,,,,,,,BELOW_MINIMUM_RELATIVE_VOLUME,False,,,,,,,,,,,,,
orb_v1.0,2024-05-30,160,SATS,BBG001T048Z5,1.1544619810831065,14,LONG,False,BELOW_MINIMUM_RELATIVE_VOLUME,False,False,False,False,46547.0,40319.21428571428,1364174.142857143,0.7492642857142859,17.85,18.05,17.82,18.05,True,BELOW_MINIMUM_RELATIVE_VOLUME,False,,,,,,,,,,,,,,BELOW_MINIMUM_RELATIVE_VOLUME,False,,,,,,,,,,,,,,BELOW_MINIMUM_RELATIVE_VOLUME,False,,,,,,,,,,,,,
orb_v1.0,2024-05-30,161,ALAB,BBG00TDKHWK6,1.151312799578156,14,SHORT,False,BELOW_MINIMUM_RELATIVE_VOLUME,False,False,False,False,103867.0,90216.14285714286,1798345.2857142857,4.189114285714283,67.35,67.39,65.23,65.2338,True,BELOW_MINIMUM_RELATIVE_VOLUME,False,,,,,,,,,,,,,,BELOW_MINIMUM_RELATIVE_VOLUME,False,,,,,,,,,,,,,,BELOW_MINIMUM_RELATIVE_VOLUME,False,,,,,,,,,,,,,
orb_v1.0,2024-05-30,162,PSX,BBG00286S4P7,1.1436789057437522,14,LONG,False,BELOW_MINIMUM_RELATIVE_VOLUME,True,False,False,False,52318.0,45745.357142857145,1852943.5714285714,2.7822571428571417,137.69,138.47,137.06,138.115,True,BELOW_MINIMUM_RELATIVE_VOLUME,False,,,,,,,,,,,,,,BELOW_MINIMUM_RELATIVE_VOLUME,False,,,,,,,,,,,,,,BELOW_MINIMUM_RELATIVE_VOLUME,False,,,,,,,,,,,,,
orb_v1.0,2024-05-30,163,G,0001398659,1.1411785370344572,14,SHORT,False,BELOW_MINIMUM_RELATIVE_VOLUME,False,False,False,False,26916.0,23586.14285714286,1578233.0714285714,0.7172642857142861,32.99,33.01,32.79,32.86,True,BELOW_MINIMUM_RELATIVE_VOLUME,False,,,,,,,,,,,,,,BELOW_MINIMUM_RELATIVE_VOLUME,False,,,,,,,,,,,,,,BELOW_MINIMUM_RELATIVE_VOLUME,False,,,,,,,,,,,,,
orb_v1.0,2024-05-30,164,TD,BBG001S60L15,1.1377873993679388,14,LONG,False,BELOW_MINIMUM_RELATIVE_VOLUME,True,False,False,False,58864.0,51735.5,2538201.5714285714,0.9124999999999984,54.66,55.02,54.65,54.91,True,BELOW_MINIMUM_RELATIVE_VOLUME,False,,,,,,,,,,,,,,BELOW_MINIMUM_RELATIVE_VOLUME,False,,,,,,,,,,,,,,BELOW_MINIMUM_RELATIVE_VOLUME,False,,,,,,,,,,,,,
orb_v1.0,2024-05-30,165,COST,BBG001S9KRQ7,1.1367861401768355,14,LONG,False,BELOW_MINIMUM_RELATIVE_VOLUME,True,False,False,False,71292.0,62713.642857142855,1613637.0,11.884642857142865,810.2,811.71,808.3,810.8,True,BELOW_MINIMUM_RELATIVE_VOLUME,False,,,,,,,,,,,,,,BELOW_MINIMUM_RELATIVE_VOLUME,False,,,,,,,,,,,,,,BELOW_MINIMUM_RELATIVE_VOLUME,False,,,,,,,,,,,,,
orb_v1.0,2024-05-30,166,TOL,BBG001S5WT15,1.1336849033583767,14,LONG,False,BELOW_MINIMUM_RELATIVE_VOLUME,False,False,False,False,40354.0,35595.42857142857,1694883.357142857,3.663335714285713,119.64,120.77,119.35,120.2,True,BELOW_MINIMUM_RELATIVE_VOLUME,False,,,,,,,,,,,,,,BELOW_MINIMUM_RELATIVE_VOLUME,False,,,,,,,,,,,,,,BELOW_MINIMUM_RELATIVE_VOLUME,False,,,,,,,,,,,,,
orb_v1.0,2024-05-30,167,COIN,BBG00ZGF7799,1.1333356271136408,14,LONG,False,BELOW_MINIMUM_RELATIVE_VOLUME,True,False,False,False,503502.0,444265.5714285714,8812072.5,15.172471428571427,241.1,246.15,240.999,243.2803,True,BELOW_MINIMUM_RELATIVE_VOLUME,False,,,,,,,,,,,,,,BELOW_MINIMUM_RELATIVE_VOLUME,False,,,,,,,,,,,,,,BELOW_MINIMUM_RELATIVE_VOLUME,False,,,,,,,,,,,,,
orb_v1.0,2024-05-30,168,NXPI,0001413447,1.132241485643802,14,LONG,False,BELOW_MINIMUM_RELATIVE_VOLUME,True,False,False,False,41307.0,36482.5,1603619.0714285714,5.757649999999992,271.42,274.29,271.42,273.895,False,BELOW_MINIMUM_RELATIVE_VOLUME,False,,,,,,,,,,,,,,BELOW_MINIMUM_RELATIVE_VOLUME,False,,,,,,,,,,,,,,BELOW_MINIMUM_RELATIVE_VOLUME,False,,,,,,,,,,,,,
orb_v1.0,2024-05-30,169,SJM,BBG001S5W3H5,1.1315145436308927,14,SHORT,False,BELOW_MINIMUM_RELATIVE_VOLUME,False,False,False,False,24174.0,21364.285714285714,1122029.357142857,2.078664285714287,107.75,108.04,107.42,107.65,True,BELOW_MINIMUM_RELATIVE_VOLUME,False,,,,,,,,,,,,,,BELOW_MINIMUM_RELATIVE_VOLUME,False,,,,,,,,,,,,,,BELOW_MINIMUM_RELATIVE_VOLUME,False,,,,,,,,,,,,,
orb_v1.0,2024-05-30,170,MNDY,0001845338,1.1304468444754125,14,SHORT,False,BELOW_MINIMUM_RELATIVE_VOLUME,False,False,False,False,75093.0,66427.71428571429,1412921.642857143,9.694685714285715,235.0,235.0,230.0,230.115,True,BELOW_MINIMUM_RELATIVE_VOLUME,False,,,,,,,,,,,,,,BELOW_MINIMUM_RELATIVE_VOLUME,False,,,,,,,,,,,,,,BELOW_MINIMUM_RELATIVE_VOLUME,False,,,,,,,,,,,,,
orb_v1.0,2024-05-30,171,ED,BBG001S5QRL4,1.1296669447474812,14,LONG,False,BELOW_MINIMUM_RELATIVE_VOLUME,True,False,False,False,37722.0,33392.142857142855,1897661.7142857143,1.3292857142857142,92.36,92.59,92.36,92.455,True,BELOW_MINIMUM_RELATIVE_VOLUME,False,,,,,,,,,,,,,,BELOW_MINIMUM_RELATIVE_VOLUME,False,,,,,,,,,,,,,,BELOW_MINIMUM_RELATIVE_VOLUME,False,,,,,,,,,,,,,
orb_v1.0,2024-05-30,172,PRVA,BBG00ZXYXWJ4,1.1257409947431316,14,LONG,False,BELOW_MINIMUM_RELATIVE_VOLUME,False,False,False,False,27319.0,24267.571428571428,1265903.142857143,0.8167857142857146,16.74,17.04,16.54,17.04,True,BELOW_MINIMUM_RELATIVE_VOLUME,False,,,,,,,,,,,,,,BELOW_MINIMUM_RELATIVE_VOLUME,False,,,,,,,,,,,,,,BELOW_MINIMUM_RELATIVE_VOLUME,False,,,,,,,,,,,,,
orb_v1.0,2024-05-30,173,SOLV,BBG018YZH6V0,1.1257069776419404,14,SHORT,False,BELOW_MINIMUM_RELATIVE_VOLUME,False,False,False,False,57905.0,51438.78571428572,1804405.7142857143,1.7682571428571439,59.11,59.16,58.28,58.6644,True,BELOW_MINIMUM_RELATIVE_VOLUME,False,,,,,,,,,,,,,,BELOW_MINIMUM_RELATIVE_VOLUME,False,,,,,,,,,,,,,,BELOW_MINIMUM_RELATIVE_VOLUME,False,,,,,,,,,,,,,
orb_v1.0,2024-05-30,174,ZS,BBG003338H61,1.1231380850349795,14,SHORT,False,BELOW_MINIMUM_RELATIVE_VOLUME,True,False,False,False,87014.0,77474.0,1704801.5,4.686114285714287,162.5,163.0,160.9,161.79,True,BELOW_MINIMUM_RELATIVE_VOLUME,False,,,,,,,,,,,,,,BELOW_MINIMUM_RELATIVE_VOLUME,False,,,,,,,,,,,,,,BELOW_MINIMUM_RELATIVE_VOLUME,False,,,,,,,,,,,,,
orb_v1.0,2024-05-30,175,CVX,BBG001S67ZC5,1.122026224546407,14,LONG,False,BELOW_MINIMUM_RELATIVE_VOLUME,True,False,False,False,204844.0,182566.14285714287,5960612.285714285,2.444828571428569,156.85,157.9,156.81,157.89,True,BELOW_MINIMUM_RELATIVE_VOLUME,False,,,,,,,,,,,,,,BELOW_MINIMUM_RELATIVE_VOLUME,False,,,,,,,,,,,,,,BELOW_MINIMUM_RELATIVE_VOLUME,False,,,,,,,,,,,,,
orb_v1.0,2024-05-30,176,LMND,BBG00BM5YC14,1.1158948129930741,14,LONG,False,BELOW_MINIMUM_RELATIVE_VOLUME,False,False,False,False,48809.0,43739.78571428572,1529190.142857143,0.9931571428571432,16.58,16.68,16.57,16.5931,True,BELOW_MINIMUM_RELATIVE_VOLUME,False,,,,,,,,,,,,,,BELOW_MINIMUM_RELATIVE_VOLUME,False,,,,,,,,,,,,,,BELOW_MINIMUM_RELATIVE_VOLUME,False,,,,,,,,,,,,,
orb_v1.0,2024-05-30,177,DAL,BBG001SPT759,1.1127999718088168,14,SHORT,False,BELOW_MINIMUM_RELATIVE_VOLUME,True,False,False,False,236840.0,212832.5,5960127.785714285,1.0398142857142858,50.0,50.1,49.54,49.81,True,BELOW_MINIMUM_RELATIVE_VOLUME,False,,,,,,,,,,,,,,BELOW_MINIMUM_RELATIVE_VOLUME,False,,,,,,,,,,,,,,BELOW_MINIMUM_RELATIVE_VOLUME,False,,,,,,,,,,,,,
orb_v1.0,2024-05-30,178,APO,BBG00ZNLTFL2,1.1086136665293607,14,LONG,False,BELOW_MINIMUM_RELATIVE_VOLUME,True,False,False,False,34603.0,31212.85714285714,1760993.7142857143,2.4278571428571425,112.99,113.76,112.92,113.4,True,BELOW_MINIMUM_RELATIVE_VOLUME,False,,,,,,,,,,,,,,BELOW_MINIMUM_RELATIVE_VOLUME,False,,,,,,,,,,,,,,BELOW_MINIMUM_RELATIVE_VOLUME,False,,,,,,,,,,,,,
orb_v1.0,2024-05-30,179,BG,0001996862,1.094208992753808,14,LONG,False,BELOW_MINIMUM_RELATIVE_VOLUME,True,False,False,False,18401.0,16816.714285714286,1263067.4285714286,2.2387785714285733,106.35,106.8825,105.99,106.76,False,BELOW_MINIMUM_RELATIVE_VOLUME,False,,,,,,,,,,,,,,BELOW_MINIMUM_RELATIVE_VOLUME,False,,,,,,,,,,,,,,BELOW_MINIMUM_RELATIVE_VOLUME,False,,,,,,,,,,,,,
orb_v1.0,2024-05-30,180,CDNS,BBG001S65YK1,1.0922495657576103,14,SHORT,False,BELOW_MINIMUM_RELATIVE_VOLUME,True,False,False,False,49228.0,45070.28571428572,1276055.142857143,5.653214285714292,290.5,290.5,288.8,289.25,True,BELOW_MINIMUM_RELATIVE_VOLUME,False,,,,,,,,,,,,,,BELOW_MINIMUM_RELATIVE_VOLUME,False,,,,,,,,,,,,,,BELOW_MINIMUM_RELATIVE_VOLUME,False,,,,,,,,,,,,,
orb_v1.0,2024-05-30,181,DKNG,BBG0134WCMB3,1.0902274929875844,14,LONG,False,BELOW_MINIMUM_RELATIVE_VOLUME,True,False,False,False,396701.0,363869.9285714286,10784594.642857144,1.7609,35.85,36.29,35.72,36.0434,True,BELOW_MINIMUM_RELATIVE_VOLUME,False,,,,,,,,,,,,,,BELOW_MINIMUM_RELATIVE_VOLUME,False,,,,,,,,,,,,,,BELOW_MINIMUM_RELATIVE_VOLUME,False,,,,,,,,,,,,,
orb_v1.0,2024-05-30,182,WRK,BBG008NXC581,1.0887782943980604,14,SHORT,False,BELOW_MINIMUM_RELATIVE_VOLUME,False,False,False,False,37082.0,34058.357142857145,2266046.785714286,0.6542214285714282,53.8,53.8,53.55,53.57,True,BELOW_MINIMUM_RELATIVE_VOLUME,False,,,,,,,,,,,,,,BELOW_MINIMUM_RELATIVE_VOLUME,False,,,,,,,,,,,,,,BELOW_MINIMUM_RELATIVE_VOLUME,False,,,,,,,,,,,,,
orb_v1.0,2024-05-30,183,GPN,BBG001SGS2Z8,1.0878211387260859,14,LONG,False,BELOW_MINIMUM_RELATIVE_VOLUME,True,False,False,False,31911.0,29334.785714285714,2262568.6428571427,2.0585000000000013,100.82,101.135,100.33,100.89,True,BELOW_MINIMUM_RELATIVE_VOLUME,False,,,,,,,,,,,,,,BELOW_MINIMUM_RELATIVE_VOLUME,False,,,,,,,,,,,,,,BELOW_MINIMUM_RELATIVE_VOLUME,False,,,,,,,,,,,,,
orb_v1.0,2024-05-30,184,V,BBG001SRCFY3,1.0749429627404552,14,LONG,False,BELOW_MINIMUM_RELATIVE_VOLUME,True,False,False,False,202699.0,188567.2142857143,8798385.714285715,3.31397857142857,268.7,269.69,268.31,269.57,True,BELOW_MINIMUM_RELATIVE_VOLUME,False,,,,,,,,,,,,,,BELOW_MINIMUM_RELATIVE_VOLUME,False,,,,,,,,,,,,,,BELOW_MINIMUM_RELATIVE_VOLUME,False,,,,,,,,,,,,,
orb_v1.0,2024-05-30,185,MOS,BBG001S7LJN1,1.0731063674416215,14,LONG,False,BELOW_MINIMUM_RELATIVE_VOLUME,False,False,False,False,70117.0,65340.21428571428,3414472.9285714286,0.7897071428571429,29.75,29.91,29.75,29.82,True,BELOW_MINIMUM_RELATIVE_VOLUME,False,,,,,,,,,,,,,,BELOW_MINIMUM_RELATIVE_VOLUME,False,,,,,,,,,,,,,,BELOW_MINIMUM_RELATIVE_VOLUME,False,,,,,,,,,,,,,
orb_v1.0,2024-05-30,186,BAX,BBG001S5P1K3,1.07061016692728,14,LONG,False,BELOW_MINIMUM_RELATIVE_VOLUME,True,False,False,False,73798.0,68930.78571428571,4395137.428571428,0.5678571428571436,33.0,33.3,33.0,33.3,True,BELOW_MINIMUM_RELATIVE_VOLUME,False,,,,,,,,,,,,,,BELOW_MINIMUM_RELATIVE_VOLUME,False,,,,,,,,,,,,,,BELOW_MINIMUM_RELATIVE_VOLUME,False,,,,,,,,,,,,,
orb_v1.0,2024-05-30,187,TWLO,BBG0029ZX859,1.0686972098388976,14,LONG,False,BELOW_MINIMUM_RELATIVE_VOLUME,False,False,False,False,65839.0,61606.78571428572,2407145.5,1.3603857142857139,57.7,57.875,57.591,57.74,True,BELOW_MINIMUM_RELATIVE_VOLUME,False,,,,,,,,,,,,,,BELOW_MINIMUM_RELATIVE_VOLUME,False,,,,,,,,,,,,,,BELOW_MINIMUM_RELATIVE_VOLUME,False,,,,,,,,,,,,,
orb_v1.0,2024-05-30,188,DE,BBG001S5QFF7,1.062066573343409,14,LONG,False,BELOW_MINIMUM_RELATIVE_VOLUME,True,False,False,False,61238.0,57659.28571428572,1636165.9285714286,7.676785714285695,365.34,367.5377,364.95,366.955,True,BELOW_MINIMUM_RELATIVE_VOLUME,False,,,,,,,,,,,,,,BELOW_MINIMUM_RELATIVE_VOLUME,False,,,,,,,,,,,,,,BELOW_MINIMUM_RELATIVE_VOLUME,False,,,,,,,,,,,,,
orb_v1.0,2024-05-30,189,SRE,BBG001SBVZ73,1.0618154190986742,14,LONG,False,BELOW_MINIMUM_RELATIVE_VOLUME,True,False,False,False,48117.0,45315.78571428572,3407898.214285714,1.1602999999999994,74.29,74.64,74.09,74.31,False,BELOW_MINIMUM_RELATIVE_VOLUME,False,,,,,,,,,,,,,,BELOW_MINIMUM_RELATIVE_VOLUME,False,,,,,,,,,,,,,,BELOW_MINIMUM_RELATIVE_VOLUME,False,,,,,,,,,,,,,
orb_v1.0,2024-05-30,190,FITB,BBG001S5R6S2,1.0578657983238136,14,LONG,False,BELOW_MINIMUM_RELATIVE_VOLUME,True,False,False,False,59451.0,56199.0,2850514.0714285714,0.6725428571428564,36.56,36.68,36.48,36.62,True,BELOW_MINIMUM_RELATIVE_VOLUME,False,,,,,,,,,,,,,,BELOW_MINIMUM_RELATIVE_VOLUME,False,,,,,,,,,,,,,,BELOW_MINIMUM_RELATIVE_VOLUME,False,,,,,,,,,,,,,
orb_v1.0,2024-05-30,191,ALKS,0001520262,1.0548428524083076,14,LONG,False,BELOW_MINIMUM_RELATIVE_VOLUME,False,False,False,False,21825.0,20690.285714285714,1516419.7857142857,0.5825000000000004,23.31,23.63,23.31,23.61,True,BELOW_MINIMUM_RELATIVE_VOLUME,False,,,,,,,,,,,,,,BELOW_MINIMUM_RELATIVE_VOLUME,False,,,,,,,,,,,,,,BELOW_MINIMUM_RELATIVE_VOLUME,False,,,,,,,,,,,,,
orb_v1.0,2024-05-30,192,CRWD,BBG00BLYKRZ7,1.0546601060078336,14,SHORT,False,BELOW_MINIMUM_RELATIVE_VOLUME,True,False,False,False,128497.0,121837.35714285714,2391687.0714285714,10.256057142857149,346.15,346.63,341.5,341.76,True,BELOW_MINIMUM_RELATIVE_VOLUME,False,,,,,,,,,,,,,,BELOW_MINIMUM_RELATIVE_VOLUME,False,,,,,,,,,,,,,,BELOW_MINIMUM_RELATIVE_VOLUME,False,,,,,,,,,,,,,
orb_v1.0,2024-05-30,193,VTR,BBG001S9T7M6,1.0526411889494585,14,LONG,False,BELOW_MINIMUM_RELATIVE_VOLUME,True,False,False,False,31296.0,29730.928571428572,1793805.357142857,0.7336714285714295,47.87,48.03,47.58,48.005,True,BELOW_MINIMUM_RELATIVE_VOLUME,False,,,,,,,,,,,,,,BELOW_MINIMUM_RELATIVE_VOLUME,False,,,,,,,,,,,,,,BELOW_MINIMUM_RELATIVE_VOLUME,False,,,,,,,,,,,,,
orb_v1.0,2024-05-30,194,MTCH,BBG00VT0KP47,1.0511724561757507,14,SHORT,False,BELOW_MINIMUM_RELATIVE_VOLUME,False,False,False,False,89678.0,85312.35714285714,5028887.0,0.7733785714285715,29.76,29.9,29.56,29.75,True,BELOW_MINIMUM_RELATIVE_VOLUME,False,,,,,,,,,,,,,,BELOW_MINIMUM_RELATIVE_VOLUME,False,,,,,,,,,,,,,,BELOW_MINIMUM_RELATIVE_VOLUME,False,,,,,,,,,,,,,
orb_v1.0,2024-05-30,195,WY,BBG001S5XL11,1.0481028894186006,14,LONG,False,BELOW_MINIMUM_RELATIVE_VOLUME,True,False,False,False,58134.0,55465.92857142857,3279767.0714285714,0.5014285714285711,29.53,29.72,29.53,29.715,True,BELOW_MINIMUM_RELATIVE_VOLUME,False,,,,,,,,,,,,,,BELOW_MINIMUM_RELATIVE_VOLUME,False,,,,,,,,,,,,,,BELOW_MINIMUM_RELATIVE_VOLUME,False,,,,,,,,,,,,,
orb_v1.0,2024-05-30,196,AAPL,BBG001S5N8V8,1.0474847315108105,14,LONG,False,BELOW_MINIMUM_RELATIVE_VOLUME,True,False,False,False,2308083.0,2203452.6428571427,50193516.28571428,2.8507000000000033,190.76,191.49,190.63,191.36,True,BELOW_MINIMUM_RELATIVE_VOLUME,False,,,,,,,,,,,,,,BELOW_MINIMUM_RELATIVE_VOLUME,False,,,,,,,,,,,,,,BELOW_MINIMUM_RELATIVE_VOLUME,False,,,,,,,,,,,,,
orb_v1.0,2024-05-30,197,NTLA,BBG007KC7PC9,1.0470455956636293,14,SHORT,False,BELOW_MINIMUM_RELATIVE_VOLUME,False,False,False,False,44566.0,42563.57142857143,1468210.5,1.3153714285714282,22.03,22.1,21.7545,21.94,True,BELOW_MINIMUM_RELATIVE_VOLUME,False,,,,,,,,,,,,,,BELOW_MINIMUM_RELATIVE_VOLUME,False,,,,,,,,,,,,,,BELOW_MINIMUM_RELATIVE_VOLUME,False,,,,,,,,,,,,,
orb_v1.0,2024-05-30,198,AEE,BBG001S5NF24,1.04438048601444,14,LONG,False,BELOW_MINIMUM_RELATIVE_VOLUME,True,False,False,False,16666.0,15957.785714285714,1998664.7142857143,1.1039285714285734,70.71,70.795,70.71,70.74,True,BELOW_MINIMUM_RELATIVE_VOLUME,False,,,,,,,,,,,,,,BELOW_MINIMUM_RELATIVE_VOLUME,False,,,,,,,,,,,,,,BELOW_MINIMUM_RELATIVE_VOLUME,False,,,,,,,,,,,,,
orb_v1.0,2024-05-30,199,ASO,BBG00X7L1CW0,1.0439058195741437,14,LONG,False,BELOW_MINIMUM_RELATIVE_VOLUME,False,False,False,False,21519.0,20613.928571428572,1181220.642857143,1.412199999999999,56.82,57.7,56.82,57.66,True,BELOW_MINIMUM_RELATIVE_VOLUME,False,,,,,,,,,,,,,,BELOW_MINIMUM_RELATIVE_VOLUME,False,,,,,,,,,,,,,,BELOW_MINIMUM_RELATIVE_VOLUME,False,,,,,,,,,,,,,
orb_v1.0,2024-05-30,200,AVGO,BBG00KHY5SY8,1.0415106754702426,14,SHORT,False,BELOW_MINIMUM_RELATIVE_VOLUME,True,False,False,False,78690.0,75553.71428571429,2191253.0,34.64403571428573,1379.0,1382.78,1372.99,1374.94,True,BELOW_MINIMUM_RELATIVE_VOLUME,False,,,,,,,,,,,,,,BELOW_MINIMUM_RELATIVE_VOLUME,False,,,,,,,,,,,,,,BELOW_MINIMUM_RELATIVE_VOLUME,False,,,,,,,,,,,,,
orb_v1.0,2024-05-30,201,GEV,BBG013G17W77,1.0385660840242814,14,SHORT,False,BELOW_MINIMUM_RELATIVE_VOLUME,False,False,False,False,93255.0,89792.07142857143,2797782.5,6.484878571428573,176.97,177.63,175.78,176.875,True,BELOW_MINIMUM_RELATIVE_VOLUME,False,,,,,,,,,,,,,,BELOW_MINIMUM_RELATIVE_VOLUME,False,,,,,,,,,,,,,,BELOW_MINIMUM_RELATIVE_VOLUME,False,,,,,,,,,,,,,
orb_v1.0,2024-05-30,202,TEL,0001385157,1.0363424618506616,14,SHORT,False,BELOW_MINIMUM_RELATIVE_VOLUME,True,False,False,False,29620.0,28581.285714285714,1279379.4285714286,1.8460714285714286,148.32,148.32,147.48,147.48,True,BELOW_MINIMUM_RELATIVE_VOLUME,False,,,,,,,,,,,,,,BELOW_MINIMUM_RELATIVE_VOLUME,False,,,,,,,,,,,,,,BELOW_MINIMUM_RELATIVE_VOLUME,False,,,,,,,,,,,,,
orb_v1.0,2024-05-30,203,D,BBG001S5QCP3,1.032882374872276,14,LONG,False,BELOW_MINIMUM_RELATIVE_VOLUME,True,False,False,False,79352.0,76825.78571428571,3856929.214285714,0.7164357142857146,52.65,52.94,52.55,52.94,True,BELOW_MINIMUM_RELATIVE_VOLUME,False,,,,,,,,,,,,,,BELOW_MINIMUM_RELATIVE_VOLUME,False,,,,,,,,,,,,,,BELOW_MINIMUM_RELATIVE_VOLUME,False,,,,,,,,,,,,,
orb_v1.0,2024-05-30,204,EVH,BBG005CHLMB3,1.0326859393717407,14,LONG,False,BELOW_MINIMUM_RELATIVE_VOLUME,False,False,False,False,24569.0,23791.35714285714,1867429.357142857,1.019685714285714,20.97,21.4,20.92,21.39,True,BELOW_MINIMUM_RELATIVE_VOLUME,False,,,,,,,,,,,,,,BELOW_MINIMUM_RELATIVE_VOLUME,False,,,,,,,,,,,,,,BELOW_MINIMUM_RELATIVE_VOLUME,False,,,,,,,,,,,,,
orb_v1.0,2024-05-30,205,ALB,BBG001S7SBP9,1.031426639092396,14,LONG,False,BELOW_MINIMUM_RELATIVE_VOLUME,False,False,False,False,71569.0,69388.35714285714,2065616.9285714286,5.058021428571429,123.57,125.05,123.44,124.97,True,BELOW_MINIMUM_RELATIVE_VOLUME,False,,,,,,,,,,,,,,BELOW_MINIMUM_RELATIVE_VOLUME,False,,,,,,,,,,,,,,BELOW_MINIMUM_RELATIVE_VOLUME,False,,,,,,,,,,,,,
orb_v1.0,2024-05-30,206,PBF,BBG002832HM6,1.0306112976765773,14,LONG,False,BELOW_MINIMUM_RELATIVE_VOLUME,False,False,False,False,26963.0,26162.14285714286,1563267.9285714286,1.6403571428571426,46.35,46.74,46.2,46.67,True,BELOW_MINIMUM_RELATIVE_VOLUME,False,,,,,,,,,,,,,,BELOW_MINIMUM_RELATIVE_VOLUME,False,,,,,,,,,,,,,,BELOW_MINIMUM_RELATIVE_VOLUME,False,,,,,,,,,,,,,
orb_v1.0,2024-05-30,207,TMUS,BBG001SKR9Y6,1.025613388952463,14,LONG,False,BELOW_MINIMUM_RELATIVE_VOLUME,True,False,False,False,95835.0,93441.64285714286,4045400.785714286,1.870357142857141,169.17,169.635,169.09,169.61,True,BELOW_MINIMUM_RELATIVE_VOLUME,False,,,,,,,,,,,,,,BELOW_MINIMUM_RELATIVE_VOLUME,False,,,,,,,,,,,,,,BELOW_MINIMUM_RELATIVE_VOLUME,False,,,,,,,,,,,,,
orb_v1.0,2024-05-30,208,FOXA,BBG00JHNJX06,1.0219971141670838,14,SHORT,False,BELOW_MINIMUM_RELATIVE_VOLUME,True,False,False,False,49580.0,48512.857142857145,2690979.0714285714,0.5671428571428565,33.89,33.91,33.63,33.79,True,BELOW_MINIMUM_RELATIVE_VOLUME,False,,,,,,,,,,,,,,BELOW_MINIMUM_RELATIVE_VOLUME,False,,,,,,,,,,,,,,BELOW_MINIMUM_RELATIVE_VOLUME,False,,,,,,,,,,,,,
orb_v1.0,2024-05-30,209,CL,BBG001S5PVM5,1.017751778336513,14,SHORT,False,BELOW_MINIMUM_RELATIVE_VOLUME,True,False,False,False,80552.0,79147.0,3671736.5714285714,0.961814285714287,91.27,91.48,91.14,91.215,True,BELOW_MINIMUM_RELATIVE_VOLUME,False,,,,,,,,,,,,,,BELOW_MINIMUM_RELATIVE_VOLUME,False,,,,,,,,,,,,,,BELOW_MINIMUM_RELATIVE_VOLUME,False,,,,,,,,,,,,,
orb_v1.0,2024-05-30,210,ABT,BBG001S5N9M6,1.0132399640444498,14,LONG,False,BELOW_MINIMUM_RELATIVE_VOLUME,True,False,False,False,147504.0,145576.57142857142,6031706.0,1.2920928571428578,101.28,101.575,100.86,101.56,True,BELOW_MINIMUM_RELATIVE_VOLUME,False,,,,,,,,,,,,,,BELOW_MINIMUM_RELATIVE_VOLUME,False,,,,,,,,,,,,,,BELOW_MINIMUM_RELATIVE_VOLUME,False,,,,,,,,,,,,,
orb_v1.0,2024-05-30,211,TGTX,BBG001S8NH06,1.0109245286307933,14,LONG,False,BELOW_MINIMUM_RELATIVE_VOLUME,False,False,False,False,53850.0,53268.07142857143,2666556.214285714,0.7134142857142857,16.58,16.69,16.545,16.64,True,BELOW_MINIMUM_RELATIVE_VOLUME,False,,,,,,,,,,,,,,BELOW_MINIMUM_RELATIVE_VOLUME,False,,,,,,,,,,,,,,BELOW_MINIMUM_RELATIVE_VOLUME,False,,,,,,,,,,,,,
orb_v1.0,2024-05-30,212,LKQ,BBG001SCCPJ1,1.0075380041040245,14,LONG,False,BELOW_MINIMUM_RELATIVE_VOLUME,False,False,False,False,24059.0,23879.0,1788825.7142857143,0.840642857142857,41.74,42.225,41.74,42.22,True,BELOW_MINIMUM_RELATIVE_VOLUME,False,,,,,,,,,,,,,,BELOW_MINIMUM_RELATIVE_VOLUME,False,,,,,,,,,,,,,,BELOW_MINIMUM_RELATIVE_VOLUME,False,,,,,,,,,,,,,
orb_v1.0,2024-05-30,213,MNMD,BBG001TCSL84,1.0075308738788191,14,LONG,False,BELOW_MINIMUM_RELATIVE_VOLUME,False,False,False,False,53228.0,52830.142857142855,1229340.357142857,0.6278499999999999,8.95,9.05,8.95,9.015,True,BELOW_MINIMUM_RELATIVE_VOLUME,False,,,,,,,,,,,,,,BELOW_MINIMUM_RELATIVE_VOLUME,False,,,,,,,,,,,,,,BELOW_MINIMUM_RELATIVE_VOLUME,False,,,,,,,,,,,,,
orb_v1.0,2024-05-30,214,HOLX,BBG001S6HWB2,1.0043889858074377,14,LONG,False,BELOW_MINIMUM_RELATIVE_VOLUME,True,False,False,False,14270.0,14207.642857142857,1337496.357142857,1.021492857142853,72.26,72.35,72.02,72.32,True,BELOW_MINIMUM_RELATIVE_VOLUME,False,,,,,,,,,,,,,,BELOW_MINIMUM_RELATIVE_VOLUME,False,,,,,,,,,,,,,,BELOW_MINIMUM_RELATIVE_VOLUME,False,,,,,,,,,,,,,
orb_v1.0,2024-05-30,215,TRMB,BBG001S5SZP0,0.997664961301325,14,SHORT,False,BELOW_MINIMUM_RELATIVE_VOLUME,False,False,False,False,19013.0,19057.5,1181171.7857142857,0.8859285714285708,55.81,55.85,55.49,55.75,True,BELOW_MINIMUM_RELATIVE_VOLUME,False,,,,,,,,,,,,,,BELOW_MINIMUM_RELATIVE_VOLUME,False,,,,,,,,,,,,,,BELOW_MINIMUM_RELATIVE_VOLUME,False,,,,,,,,,,,,,
orb_v1.0,2024-05-30,216,PLAY,BBG001WWJTL4,0.9956546670914304,14,SHORT,False,BELOW_MINIMUM_RELATIVE_VOLUME,False,False,False,False,11162.0,11210.714285714286,1082279.9285714286,1.7676785714285717,48.27,48.325,48.17,48.17,True,BELOW_MINIMUM_RELATIVE_VOLUME,False,,,,,,,,,,,,,,BELOW_MINIMUM_RELATIVE_VOLUME,False,,,,,,,,,,,,,,BELOW_MINIMUM_RELATIVE_VOLUME,False,,,,,,,,,,,,,
orb_v1.0,2024-05-30,217,WFC,BBG001S5XF23,0.9940226149336936,14,LONG,False,BELOW_MINIMUM_RELATIVE_VOLUME,True,False,False,False,256561.0,258103.7857142857,14544106.92857143,0.9964285714285711,58.82,59.25,58.82,59.21,True,BELOW_MINIMUM_RELATIVE_VOLUME,False,,,,,,,,,,,,,,BELOW_MINIMUM_RELATIVE_VOLUME,False,,,,,,,,,,,,,,BELOW_MINIMUM_RELATIVE_VOLUME,False,,,,,,,,,,,,,
orb_v1.0,2024-05-30,218,ARMK,BBG001V0NR70,0.9939049210531954,14,LONG,False,BELOW_MINIMUM_RELATIVE_VOLUME,False,False,False,False,13255.0,13336.285714285714,2416471.9285714286,0.6842857142857142,31.295,31.51,31.11,31.445,True,BELOW_MINIMUM_RELATIVE_VOLUME,False,,,,,,,,,,,,,,BELOW_MINIMUM_RELATIVE_VOLUME,False,,,,,,,,,,,,,,BELOW_MINIMUM_RELATIVE_VOLUME,False,,,,,,,,,,,,,
orb_v1.0,2024-05-30,219,CFG,BBG006Q0HZT0,0.9887059486037472,14,SHORT,False,BELOW_MINIMUM_RELATIVE_VOLUME,True,False,False,False,60698.0,61391.357142857145,3825049.6428571427,0.6932071428571425,34.6,34.6,34.39,34.54,True,BELOW_MINIMUM_RELATIVE_VOLUME,False,,,,,,,,,,,,,,BELOW_MINIMUM_RELATIVE_VOLUME,False,,,,,,,,,,,,,,BELOW_MINIMUM_RELATIVE_VOLUME,False,,,,,,,,,,,,,
orb_v1.0,2024-05-30,220,OGE,BBG001S5TVY8,0.9876835343768557,14,LONG,False,BELOW_MINIMUM_RELATIVE_VOLUME,False,False,False,False,15563.0,15757.07142857143,1053253.142857143,0.5306428571428573,35.14,35.21,35.14,35.19,True,BELOW_MINIMUM_RELATIVE_VOLUME,False,,,,,,,,,,,,,,BELOW_MINIMUM_RELATIVE_VOLUME,False,,,,,,,,,,,,,,BELOW_MINIMUM_RELATIVE_VOLUME,False,,,,,,,,,,,,,
orb_v1.0,2024-05-30,221,HOOD,BBG008NMBXP6,0.9871671958174085,14,SHORT,False,BELOW_MINIMUM_RELATIVE_VOLUME,True,False,False,False,1307675.0,1324674.2857142857,26866933.14285714,1.401664285714286,21.3,21.47,21.03,21.05,True,BELOW_MINIMUM_RELATIVE_VOLUME,False,,,,,,,,,,,,,,BELOW_MINIMUM_RELATIVE_VOLUME,False,,,,,,,,,,,,,,BELOW_MINIMUM_RELATIVE_VOLUME,False,,,,,,,,,,,,,
orb_v1.0,2024-05-30,222,XPRO,0001575828,0.9868929064270093,14,LONG,False,BELOW_MINIMUM_RELATIVE_VOLUME,False,False,False,False,14150.0,14337.92857142857,1118238.5714285714,0.741071428571428,21.79,21.915,21.75,21.915,True,BELOW_MINIMUM_RELATIVE_VOLUME,False,,,,,,,,,,,,,,BELOW_MINIMUM_RELATIVE_VOLUME,False,,,,,,,,,,,,,,BELOW_MINIMUM_RELATIVE_VOLUME,False,,,,,,,,,,,,,
orb_v1.0,2024-05-30,223,SCCO,BBG001S6ZM88,0.9828705169499206,14,LONG,False,BELOW_MINIMUM_RELATIVE_VOLUME,True,False,False,False,62752.0,63845.642857142855,1275075.0714285714,4.6077071428571434,116.63,118.29,116.34,118.1,True,BELOW_MINIMUM_RELATIVE_VOLUME,False,,,,,,,,,,,,,,BELOW_MINIMUM_RELATIVE_VOLUME,False,,,,,,,,,,,,,,BELOW_MINIMUM_RELATIVE_VOLUME,False,,,,,,,,,,,,,
orb_v1.0,2024-05-30,224,COLD,BBG001SMQ866,0.9824531074423027,14,LONG,False,BELOW_MINIMUM_RELATIVE_VOLUME,False,False,False,False,17049.0,17353.5,2984528.0,0.6671428571428574,26.01,26.09,25.89,26.055,True,BELOW_MINIMUM_RELATIVE_VOLUME,False,,,,,,,,,,,,,,BELOW_MINIMUM_RELATIVE_VOLUME,False,,,,,,,,,,,,,,BELOW_MINIMUM_RELATIVE_VOLUME,False,,,,,,,,,,,,,
orb_v1.0,2024-05-30,225,TRU,BBG002Q7J607,0.98035711892498,14,SHORT,False,BELOW_MINIMUM_RELATIVE_VOLUME,False,False,False,False,15675.0,15989.07142857143,1473592.2142857143,1.9439285714285717,73.43,73.43,72.97,73.02,True,BELOW_MINIMUM_RELATIVE_VOLUME,False,,,,,,,,,,,,,,BELOW_MINIMUM_RELATIVE_VOLUME,False,,,,,,,,,,,,,,BELOW_MINIMUM_RELATIVE_VOLUME,False,,,,,,,,,,,,,
orb_v1.0,2024-05-30,226,BTU,BBG00GBV89J5,0.9798728201681378,14,LONG,False,BELOW_MINIMUM_RELATIVE_VOLUME,False,False,False,False,26658.0,27205.571428571428,2212706.4285714286,0.5528857142857139,23.25,23.38,23.225,23.345,True,BELOW_MINIMUM_RELATIVE_VOLUME,False,,,,,,,,,,,,,,BELOW_MINIMUM_RELATIVE_VOLUME,False,,,,,,,,,,,,,,BELOW_MINIMUM_RELATIVE_VOLUME,False,,,,,,,,,,,,,
orb_v1.0,2024-05-30,227,TROW,BBG001S5WW18,0.977469989351678,14,SHORT,False,BELOW_MINIMUM_RELATIVE_VOLUME,True,False,False,False,18228.0,18648.14285714286,1091944.142857143,1.7135714285714292,115.92,116.09,115.4125,115.9,True,BELOW_MINIMUM_RELATIVE_VOLUME,False,,,,,,,,,,,,,,BELOW_MINIMUM_RELATIVE_VOLUME,False,,,,,,,,,,,,,,BELOW_MINIMUM_RELATIVE_VOLUME,False,,,,,,,,,,,,,
orb_v1.0,2024-05-30,228,STX,0001137789,0.9772977621938109,14,SHORT,False,BELOW_MINIMUM_RELATIVE_VOLUME,True,False,False,False,63309.0,64779.642857142855,2336099.785714286,2.6107142857142867,94.56,95.8,94.04,94.05,True,BELOW_MINIMUM_RELATIVE_VOLUME,False,,,,,,,,,,,,,,BELOW_MINIMUM_RELATIVE_VOLUME,False,,,,,,,,,,,,,,BELOW_MINIMUM_RELATIVE_VOLUME,False,,,,,,,,,,,,,
orb_v1.0,2024-05-30,229,CPB,BBG001S5Q2B0,0.9727179844722628,14,LONG,False,BELOW_MINIMUM_RELATIVE_VOLUME,False,False,False,False,37470.0,38520.92857142857,1993877.2142857143,0.7811714285714285,43.57,43.73,43.51,43.59,False,BELOW_MINIMUM_RELATIVE_VOLUME,False,,,,,,,,,,,,,,BELOW_MINIMUM_RELATIVE_VOLUME,False,,,,,,,,,,,,,,BELOW_MINIMUM_RELATIVE_VOLUME,False,,,,,,,,,,,,,
orb_v1.0,2024-05-30,230,AMT,BBG001S5NPQ6,0.970583833671316,14,LONG,False,BELOW_MINIMUM_RELATIVE_VOLUME,True,False,False,False,50494.0,52024.357142857145,2068683.5714285714,4.042792857142858,186.4,186.7,185.34,186.6,True,BELOW_MINIMUM_RELATIVE_VOLUME,False,,,,,,,,,,,,,,BELOW_MINIMUM_RELATIVE_VOLUME,False,,,,,,,,,,,,,,BELOW_MINIMUM_RELATIVE_VOLUME,False,,,,,,,,,,,,,
orb_v1.0,2024-05-30,231,USB,BBG001S6T8C1,0.9670011838538053,14,LONG,False,BELOW_MINIMUM_RELATIVE_VOLUME,True,False,False,False,163540.0,169120.7857142857,7136188.642857143,0.7235714285714268,39.4,39.48,39.27,39.48,True,BELOW_MINIMUM_RELATIVE_VOLUME,False,,,,,,,,,,,,,,BELOW_MINIMUM_RELATIVE_VOLUME,False,,,,,,,,,,,,,,BELOW_MINIMUM_RELATIVE_VOLUME,False,,,,,,,,,,,,,
orb_v1.0,2024-05-30,232,LVS,BBG001SJCGP9,0.9669868000605256,14,LONG,False,BELOW_MINIMUM_RELATIVE_VOLUME,True,False,False,False,85360.0,88274.21428571429,4778244.714285715,0.8978571428571424,43.9,44.13,43.88,44.071,True,BELOW_MINIMUM_RELATIVE_VOLUME,False,,,,,,,,,,,,,,BELOW_MINIMUM_RELATIVE_VOLUME,False,,,,,,,,,,,,,,BELOW_MINIMUM_RELATIVE_VOLUME,False,,,,,,,,,,,,,
orb_v1.0,2024-05-30,233,CARR,BBG00RP5HZM1,0.9665287566086787,14,LONG,False,BELOW_MINIMUM_RELATIVE_VOLUME,True,False,False,False,68699.0,71078.07142857143,3354076.714285714,1.2997642857142857,63.17,63.42,63.0,63.42,True,BELOW_MINIMUM_RELATIVE_VOLUME,False,,,,,,,,,,,,,,BELOW_MINIMUM_RELATIVE_VOLUME,False,,,,,,,,,,,,,,BELOW_MINIMUM_RELATIVE_VOLUME,False,,,,,,,,,,,,,
orb_v1.0,2024-05-30,234,JWN,BBG001S7BDN5,0.9623328929842765,14,SHORT,False,BELOW_MINIMUM_RELATIVE_VOLUME,False,False,False,False,75656.0,78617.28571428571,2455799.214285714,0.5567857142857149,21.19,21.19,20.78,21.035,False,BELOW_MINIMUM_RELATIVE_VOLUME,False,,,,,,,,,,,,,,BELOW_MINIMUM_RELATIVE_VOLUME,False,,,,,,,,,,,,,,BELOW_MINIMUM_RELATIVE_VOLUME,False,,,,,,,,,,,,,
orb_v1.0,2024-05-30,235,IBM,BBG001S5S399,0.9597543870870473,14,LONG,False,BELOW_MINIMUM_RELATIVE_VOLUME,True,False,False,False,105036.0,109440.5,3407259.6428571427,2.5121428571428583,165.56,166.555,165.55,166.43,True,BELOW_MINIMUM_RELATIVE_VOLUME,False,,,,,,,,,,,,,,BELOW_MINIMUM_RELATIVE_VOLUME,False,,,,,,,,,,,,,,BELOW_MINIMUM_RELATIVE_VOLUME,False,,,,,,,,,,,,,
orb_v1.0,2024-05-30,236,NET,BBG001WMKHJ3,0.9588612378651348,14,SHORT,False,BELOW_MINIMUM_RELATIVE_VOLUME,True,False,False,False,106927.0,111514.57142857143,2376140.714285714,1.9641285714285732,74.25,74.49,73.64,73.64,True,BELOW_MINIMUM_RELATIVE_VOLUME,False,,,,,,,,,,,,,,BELOW_MINIMUM_RELATIVE_VOLUME,False,,,,,,,,,,,,,,BELOW_MINIMUM_RELATIVE_VOLUME,False,,,,,,,,,,,,,
orb_v1.0,2024-05-30,237,MAS,BBG001S5SZ70,0.9564459639481425,14,LONG,False,BELOW_MINIMUM_RELATIVE_VOLUME,True,False,False,False,20462.0,21393.785714285714,1312841.7142857143,1.2525000000000017,67.63,67.845,67.47,67.845,True,BELOW_MINIMUM_RELATIVE_VOLUME,False,,,,,,,,,,,,,,BELOW_MINIMUM_RELATIVE_VOLUME,False,,,,,,,,,,,,,,BELOW_MINIMUM_RELATIVE_VOLUME,False,,,,,,,,,,,,,
orb_v1.0,2024-05-30,238,MRNA,BBG003PHHZV8,0.9562682014785201,14,SHORT,False,BELOW_MINIMUM_RELATIVE_VOLUME,True,False,False,False,218009.0,227978.92857142858,5000933.071428572,9.023157142857139,150.35,150.58,146.5,146.515,True,BELOW_MINIMUM_RELATIVE_VOLUME,False,,,,,,,,,,,,,,BELOW_MINIMUM_RELATIVE_VOLUME,False,,,,,,,,,,,,,,BELOW_MINIMUM_RELATIVE_VOLUME,False,,,,,,,,,,,,,
orb_v1.0,2024-05-30,239,TSLA,BBG001SQKGD7,0.9562063395727088,14,SHORT,False,BELOW_MINIMUM_RELATIVE_VOLUME,True,False,False,False,2941136.0,3075838.214285714,73307965.0,6.599207142857144,178.575,179.08,177.22,178.11,True,BELOW_MINIMUM_RELATIVE_VOLUME,False,,,,,,,,,,,,,,BELOW_MINIMUM_RELATIVE_VOLUME,False,,,,,,,,,,,,,,BELOW_MINIMUM_RELATIVE_VOLUME,False,,,,,,,,,,,,,
orb_v1.0,2024-05-30,240,ILMN,BBG001SF4NY1,0.9540502150645194,14,LONG,False,BELOW_MINIMUM_RELATIVE_VOLUME,True,False,False,False,34063.0,35703.57142857143,1559596.857142857,3.4792785714285728,101.37,101.56,100.57,101.5,True,BELOW_MINIMUM_RELATIVE_VOLUME,False,,,,,,,,,,,,,,BELOW_MINIMUM_RELATIVE_VOLUME,False,,,,,,,,,,,,,,BELOW_MINIMUM_RELATIVE_VOLUME,False,,,,,,,,,,,,,
orb_v1.0,2024-05-30,241,C,BBG001S72ZG4,0.9531454437935117,14,LONG,False,BELOW_MINIMUM_RELATIVE_VOLUME,True,False,False,False,297376.0,311994.35714285716,9574808.285714285,1.0785642857142872,62.1,62.45,62.05,62.44,True,BELOW_MINIMUM_RELATIVE_VOLUME,False,,,,,,,,,,,,,,BELOW_MINIMUM_RELATIVE_VOLUME,False,,,,,,,,,,,,,,BELOW_MINIMUM_RELATIVE_VOLUME,False,,,,,,,,,,,,,
orb_v1.0,2024-05-30,242,MGM,BBG001S6BYT5,0.9527021701008126,14,LONG,False,BELOW_MINIMUM_RELATIVE_VOLUME,False,False,False,False,73381.0,77024.07142857143,3170554.3571428573,0.9005857142857145,38.82,38.95,38.73,38.94,True,BELOW_MINIMUM_RELATIVE_VOLUME,False,,,,,,,,,,,,,,BELOW_MINIMUM_RELATIVE_VOLUME,False,,,,,,,,,,,,,,BELOW_MINIMUM_RELATIVE_VOLUME,False,,,,,,,,,,,,,
orb_v1.0,2024-05-30,243,TECK,BBG001S60LH8,0.9526340950166545,14,LONG,False,BELOW_MINIMUM_RELATIVE_VOLUME,True,False,False,False,123265.0,129393.85714285714,2933465.4285714286,1.502857142857145,50.98,51.73,50.74,51.62,True,BELOW_MINIMUM_RELATIVE_VOLUME,False,,,,,,,,,,,,,,BELOW_MINIMUM_RELATIVE_VOLUME,False,,,,,,,,,,,,,,BELOW_MINIMUM_RELATIVE_VOLUME,False,,,,,,,,,,,,,
orb_v1.0,2024-05-30,244,EMR,BBG001S5QVT7,0.9511784181537207,14,LONG,False,BELOW_MINIMUM_RELATIVE_VOLUME,True,False,False,False,62342.0,65541.85714285714,2178019.714285714,1.651221428571429,110.78,111.43,110.78,111.31,False,BELOW_MINIMUM_RELATIVE_VOLUME,False,,,,,,,,,,,,,,BELOW_MINIMUM_RELATIVE_VOLUME,False,,,,,,,,,,,,,,BELOW_MINIMUM_RELATIVE_VOLUME,False,,,,,,,,,,,,,
orb_v1.0,2024-05-30,245,GES,BBG001S5RJR5,0.9504434488433757,14,SHORT,False,BELOW_MINIMUM_RELATIVE_VOLUME,False,False,False,False,13365.0,14061.857142857143,1137222.7142857143,0.7596428571428573,23.63,23.9517,23.49,23.49,True,BELOW_MINIMUM_RELATIVE_VOLUME,False,,,,,,,,,,,,,,BELOW_MINIMUM_RELATIVE_VOLUME,False,,,,,,,,,,,,,,BELOW_MINIMUM_RELATIVE_VOLUME,False,,,,,,,,,,,,,
orb_v1.0,2024-05-30,246,MSTR,BBG001SC7PX1,0.9494498721528758,14,LONG,False,BELOW_MINIMUM_RELATIVE_VOLUME,True,False,False,False,46654.0,49137.92857142857,1251447.2142857143,117.52073571428568,1653.0,1674.9999,1642.05,1659.7801,True,BELOW_MINIMUM_RELATIVE_VOLUME,False,,,,,,,,,,,,,,BELOW_MINIMUM_RELATIVE_VOLUME,False,,,,,,,,,,,,,,BELOW_MINIMUM_RELATIVE_VOLUME,False,,,,,,,,,,,,,
orb_v1.0,2024-05-30,247,PNC,BBG001S5V947,0.9468426873584608,14,LONG,False,BELOW_MINIMUM_RELATIVE_VOLUME,True,False,False,False,23115.0,24412.714285714286,1351920.9285714286,2.2819857142857125,152.51,153.0,151.8702,152.96,True,BELOW_MINIMUM_RELATIVE_VOLUME,False,,,,,,,,,,,,,,BELOW_MINIMUM_RELATIVE_VOLUME,False,,,,,,,,,,,,,,BELOW_MINIMUM_RELATIVE_VOLUME,False,,,,,,,,,,,,,
orb_v1.0,2024-05-30,248,LNC,BBG001S5STV7,0.9450903938337235,14,LONG,False,BELOW_MINIMUM_RELATIVE_VOLUME,False,False,False,False,26870.0,28431.14285714286,1389987.5714285714,0.7153285714285713,32.54,32.725,32.4746,32.6514,True,BELOW_MINIMUM_RELATIVE_VOLUME,False,,,,,,,,,,,,,,BELOW_MINIMUM_RELATIVE_VOLUME,False,,,,,,,,,,,,,,BELOW_MINIMUM_RELATIVE_VOLUME,False,,,,,,,,,,,,,
orb_v1.0,2024-05-30,249,PG,BBG001S5V4L9,0.943773469102684,14,LONG,False,BELOW_MINIMUM_RELATIVE_VOLUME,True,False,False,False,188698.0,199939.92857142858,5053455.714285715,1.6930357142857215,161.65,162.0,161.48,161.97,True,BELOW_MINIMUM_RELATIVE_VOLUME,False,,,,,,,,,,,,,,BELOW_MINIMUM_RELATIVE_VOLUME,False,,,,,,,,,,,,,,BELOW_MINIMUM_RELATIVE_VOLUME,False,,,,,,,,,,,,,
orb_v1.0,2024-05-30,250,FSLR,BBG001S991Z7,0.9434215137878342,14,LONG,False,BELOW_MINIMUM_RELATIVE_VOLUME,True,False,False,False,168238.0,178327.5,3962308.214285714,13.164614285714288,272.92,274.99,272.32,273.38,True,BELOW_MINIMUM_RELATIVE_VOLUME,False,,,,,,,,,,,,,,BELOW_MINIMUM_RELATIVE_VOLUME,False,,,,,,,,,,,,,,BELOW_MINIMUM_RELATIVE_VOLUME,False,,,,,,,,,,,,,
orb_v1.0,2024-05-30,251,MPC,BBG001S169P1,0.9430705123036017,14,LONG,False,BELOW_MINIMUM_RELATIVE_VOLUME,True,False,False,False,64323.0,68205.92857142857,2450152.714285714,4.4597714285714245,172.0,173.32,171.51,173.17,True,BELOW_MINIMUM_RELATIVE_VOLUME,False,,,,,,,,,,,,,,BELOW_MINIMUM_RELATIVE_VOLUME,False,,,,,,,,,,,,,,BELOW_MINIMUM_RELATIVE_VOLUME,False,,,,,,,,,,,,,
orb_v1.0,2024-05-30,252,BMY,BBG001S8N8J6,0.9424585134843441,14,LONG,False,BELOW_MINIMUM_RELATIVE_VOLUME,True,False,False,False,360210.0,382202.5,14154152.57142857,0.8554928571428582,40.14,40.25,40.09,40.1718,True,BELOW_MINIMUM_RELATIVE_VOLUME,False,,,,,,,,,,,,,,BELOW_MINIMUM_RELATIVE_VOLUME,False,,,,,,,,,,,,,,BELOW_MINIMUM_RELATIVE_VOLUME,False,,,,,,,,,,,,,
orb_v1.0,2024-05-30,253,HUT,BBG00390LJJ8,0.9422365609877084,14,SHORT,False,BELOW_MINIMUM_RELATIVE_VOLUME,False,False,False,False,120619.0,128013.5,2850114.285714286,0.6701857142857145,9.04,9.1499,8.98,9.0,True,BELOW_MINIMUM_RELATIVE_VOLUME,False,,,,,,,,,,,,,,BELOW_MINIMUM_RELATIVE_VOLUME,False,,,,,,,,,,,,,,BELOW_MINIMUM_RELATIVE_VOLUME,False,,,,,,,,,,,,,
orb_v1.0,2024-05-30,254,TAP,BBG001S5VQ21,0.9407284544826446,14,LONG,False,BELOW_MINIMUM_RELATIVE_VOLUME,False,False,False,False,28885.0,30704.928571428572,1850168.142857143,1.0352857142857144,53.12,53.375,53.11,53.2,True,BELOW_MINIMUM_RELATIVE_VOLUME,False,,,,,,,,,,,,,,BELOW_MINIMUM_RELATIVE_VOLUME,False,,,,,,,,,,,,,,BELOW_MINIMUM_RELATIVE_VOLUME,False,,,,,,,,,,,,,
orb_v1.0,2024-05-30,255,SMCI,BBG001SQGH95,0.9381498213893474,14,SHORT,False,BELOW_MINIMUM_RELATIVE_VOLUME,True,False,False,False,248330.0,264701.85714285716,5987985.142857143,64.60612857142858,832.0,838.4399,815.4,816.9999,True,BELOW_MINIMUM_RELATIVE_VOLUME,False,,,,,,,,,,,,,,BELOW_MINIMUM_RELATIVE_VOLUME,False,,,,,,,,,,,,,,BELOW_MINIMUM_RELATIVE_VOLUME,False,,,,,,,,,,,,,
orb_v1.0,2024-05-30,256,CZR,BBG0074Q3NL5,0.9376184449265557,14,LONG,False,BELOW_MINIMUM_RELATIVE_VOLUME,False,False,False,False,99587.0,106212.71428571429,4255561.071428572,1.3064285714285722,32.41,32.81,32.3401,32.81,False,BELOW_MINIMUM_RELATIVE_VOLUME,False,,,,,,,,,,,,,,BELOW_MINIMUM_RELATIVE_VOLUME,False,,,,,,,,,,,,,,BELOW_MINIMUM_RELATIVE_VOLUME,False,,,,,,,,,,,,,
orb_v1.0,2024-05-30,257,Z,BBG009NRSWK2,0.9362532295200099,14,LONG,False,BELOW_MINIMUM_RELATIVE_VOLUME,False,False,False,False,68490.0,73153.28571428571,3002380.214285714,1.3307142857142864,39.39,39.635,39.39,39.58,True,BELOW_MINIMUM_RELATIVE_VOLUME,False,,,,,,,,,,,,,,BELOW_MINIMUM_RELATIVE_VOLUME,False,,,,,,,,,,,,,,BELOW_MINIMUM_RELATIVE_VOLUME,False,,,,,,,,,,,,,
orb_v1.0,2024-05-30,258,SLB,BBG001S5W4C8,0.934308486076479,14,LONG,False,BELOW_MINIMUM_RELATIVE_VOLUME,True,False,False,False,239912.0,256780.2857142857,8238092.071428572,0.9341071428571424,45.595,45.97,45.595,45.96,True,BELOW_MINIMUM_RELATIVE_VOLUME,False,,,,,,,,,,,,,,BELOW_MINIMUM_RELATIVE_VOLUME,False,,,,,,,,,,,,,,BELOW_MINIMUM_RELATIVE_VOLUME,False,,,,,,,,,,,,,
orb_v1.0,2024-05-30,259,ICE,BBG001SDJ4R0,0.9320316739968211,14,LONG,False,BELOW_MINIMUM_RELATIVE_VOLUME,True,False,False,False,41339.0,44353.642857142855,1662654.142857143,1.8978571428571485,132.33,132.74,132.05,132.425,True,BELOW_MINIMUM_RELATIVE_VOLUME,False,,,,,,,,,,,,,,BELOW_MINIMUM_RELATIVE_VOLUME,False,,,,,,,,,,,,,,BELOW_MINIMUM_RELATIVE_VOLUME,False,,,,,,,,,,,,,
orb_v1.0,2024-05-30,260,IPG,BBG001S6RLK5,0.9309800873322512,14,SHORT,False,BELOW_MINIMUM_RELATIVE_VOLUME,False,False,False,False,40722.0,43741.0,2625891.5,0.513357142857143,30.66,30.66,30.53,30.6475,True,BELOW_MINIMUM_RELATIVE_VOLUME,False,,,,,,,,,,,,,,BELOW_MINIMUM_RELATIVE_VOLUME,False,,,,,,,,,,,,,,BELOW_MINIMUM_RELATIVE_VOLUME,False,,,,,,,,,,,,,
orb_v1.0,2024-05-30,261,SPOT,0001639920,0.92694995957864,14,SHORT,False,BELOW_MINIMUM_RELATIVE_VOLUME,True,False,False,False,37920.0,40908.357142857145,1148897.642857143,8.24061428571429,305.45,306.255,301.85,302.8599,True,BELOW_MINIMUM_RELATIVE_VOLUME,False,,,,,,,,,,,,,,BELOW_MINIMUM_RELATIVE_VOLUME,False,,,,,,,,,,,,,,BELOW_MINIMUM_RELATIVE_VOLUME,False,,,,,,,,,,,,,
orb_v1.0,2024-05-30,262,RPRX,0001802768,0.9243234624806134,14,SHORT,False,BELOW_MINIMUM_RELATIVE_VOLUME,False,False,False,False,40995.0,44351.357142857145,2578335.9285714286,0.5470714285714285,26.4,26.43,26.35,26.39,True,BELOW_MINIMUM_RELATIVE_VOLUME,False,,,,,,,,,,,,,,BELOW_MINIMUM_RELATIVE_VOLUME,False,,,,,,,,,,,,,,BELOW_MINIMUM_RELATIVE_VOLUME,False,,,,,,,,,,,,,
orb_v1.0,2024-05-30,263,MA,BBG001SKNNS6,0.9213423927365392,14,SHORT,False,BELOW_MINIMUM_RELATIVE_VOLUME,True,False,False,False,72672.0,78876.21428571429,2119166.9285714286,5.330350000000002,442.21,443.67,441.03,441.65,True,BELOW_MINIMUM_RELATIVE_VOLUME,False,,,,,,,,,,,,,,BELOW_MINIMUM_RELATIVE_VOLUME,False,,,,,,,,,,,,,,BELOW_MINIMUM_RELATIVE_VOLUME,False,,,,,,,,,,,,,
orb_v1.0,2024-05-30,264,AMD,BBG001S5NN36,0.9196601590150559,14,SHORT,False,BELOW_MINIMUM_RELATIVE_VOLUME,True,False,False,False,2038387.0,2216456.785714286,50655416.28571428,6.591050000000002,167.9,167.95,164.7701,164.84,True,BELOW_MINIMUM_RELATIVE_VOLUME,False,,,,,,,,,,,,,,BELOW_MINIMUM_RELATIVE_VOLUME,False,,,,,,,,,,,,,,BELOW_MINIMUM_RELATIVE_VOLUME,False,,,,,,,,,,,,,
orb_v1.0,2024-05-30,265,BBWI,BBG001S5SWL1,0.9158763933765904,14,LONG,False,BELOW_MINIMUM_RELATIVE_VOLUME,False,False,False,False,29884.0,32628.85714285714,1877012.0714285714,1.2503571428571445,48.81,49.375,48.81,49.375,True,BELOW_MINIMUM_RELATIVE_VOLUME,False,,,,,,,,,,,,,,BELOW_MINIMUM_RELATIVE_VOLUME,False,,,,,,,,,,,,,,BELOW_MINIMUM_RELATIVE_VOLUME,False,,,,,,,,,,,,,
orb_v1.0,2024-05-30,266,CROX,BBG001SDGFR8,0.9153294512949269,14,LONG,False,BELOW_MINIMUM_RELATIVE_VOLUME,False,False,False,False,24634.0,26912.714285714286,1155253.7142857143,4.544614285714287,154.05,155.85,153.62,155.81,True,BELOW_MINIMUM_RELATIVE_VOLUME,False,,,,,,,,,,,,,,BELOW_MINIMUM_RELATIVE_VOLUME,False,,,,,,,,,,,,,,BELOW_MINIMUM_RELATIVE_VOLUME,False,,,,,,,,,,,,,
orb_v1.0,2024-05-30,267,FTNT,BBG001S77BL6,0.9109695042775713,14,SHORT,False,BELOW_MINIMUM_RELATIVE_VOLUME,True,False,False,False,115959.0,127291.85714285714,4162893.0,1.5135928571428576,59.12,59.23,58.75,58.82,True,BELOW_MINIMUM_RELATIVE_VOLUME,False,,,,,,,,,,,,,,BELOW_MINIMUM_RELATIVE_VOLUME,False,,,,,,,,,,,,,,BELOW_MINIMUM_RELATIVE_VOLUME,False,,,,,,,,,,,,,
orb_v1.0,2024-05-30,268,RHI,BBG001S5VP41,0.9100684261974584,14,LONG,False,BELOW_MINIMUM_RELATIVE_VOLUME,False,False,False,False,11039.0,12129.857142857143,1174239.142857143,1.2020857142857133,64.68,64.71,64.52,64.705,False,BELOW_MINIMUM_RELATIVE_VOLUME,False,,,,,,,,,,,,,,BELOW_MINIMUM_RELATIVE_VOLUME,False,,,,,,,,,,,,,,BELOW_MINIMUM_RELATIVE_VOLUME,False,,,,,,,,,,,,,
orb_v1.0,2024-05-30,269,VRTX,BBG001S68LJ8,0.9067713099176462,14,LONG,False,BELOW_MINIMUM_RELATIVE_VOLUME,True,False,False,False,25765.0,28414.0,1082922.9285714286,7.787842857142858,439.11,439.98,437.41,439.565,True,BELOW_MINIMUM_RELATIVE_VOLUME,False,,,,,,,,,,,,,,BELOW_MINIMUM_RELATIVE_VOLUME,False,,,,,,,,,,,,,,BELOW_MINIMUM_RELATIVE_VOLUME,False,,,,,,,,,,,,,
orb_v1.0,2024-05-30,270,SWKS,BBG001SCYWS2,0.9061604902859867,14,SHORT,False,BELOW_MINIMUM_RELATIVE_VOLUME,False,False,False,False,32043.0,35361.28571428572,2037140.357142857,1.870349999999998,90.72,90.72,90.0,90.38,False,BELOW_MINIMUM_RELATIVE_VOLUME,False,,,,,,,,,,,,,,BELOW_MINIMUM_RELATIVE_VOLUME,False,,,,,,,,,,,,,,BELOW_MINIMUM_RELATIVE_VOLUME,False,,,,,,,,,,,,,
orb_v1.0,2024-05-30,271,VVV,BBG003DNHV65,0.8997069722704804,14,LONG,False,BELOW_MINIMUM_RELATIVE_VOLUME,False,False,False,False,8619.0,9579.785714285714,1021591.2857142857,0.9346357142857146,39.56,39.78,39.56,39.695,True,BELOW_MINIMUM_RELATIVE_VOLUME,False,,,,,,,,,,,,,,BELOW_MINIMUM_RELATIVE_VOLUME,False,,,,,,,,,,,,,,BELOW_MINIMUM_RELATIVE_VOLUME,False,,,,,,,,,,,,,
orb_v1.0,2024-05-30,272,CTVA,BBG00BN969D0,0.896100160418933,14,LONG,False,BELOW_MINIMUM_RELATIVE_VOLUME,True,False,False,False,34713.0,38737.857142857145,3585359.0,1.0267857142857149,54.37,54.65,54.37,54.64,True,BELOW_MINIMUM_RELATIVE_VOLUME,False,,,,,,,,,,,,,,BELOW_MINIMUM_RELATIVE_VOLUME,False,,,,,,,,,,,,,,BELOW_MINIMUM_RELATIVE_VOLUME,False,,,,,,,,,,,,,
orb_v1.0,2024-05-30,273,DINO,BBG0135B2269,0.8957232574899618,14,LONG,False,BELOW_MINIMUM_RELATIVE_VOLUME,False,False,False,False,15536.0,17344.64285714286,1470828.4285714286,1.3492714285714287,53.45,53.95,53.44,53.86,True,BELOW_MINIMUM_RELATIVE_VOLUME,False,,,,,,,,,,,,,,BELOW_MINIMUM_RELATIVE_VOLUME,False,,,,,,,,,,,,,,BELOW_MINIMUM_RELATIVE_VOLUME,False,,,,,,,,,,,,,
orb_v1.0,2024-05-30,274,BALL,BBG001S5P7Q4,0.8941544236205329,14,LONG,False,BELOW_MINIMUM_RELATIVE_VOLUME,True,False,False,False,21984.0,24586.35714285714,1644409.0,1.0314285714285691,66.6,66.87,66.595,66.65,True,BELOW_MINIMUM_RELATIVE_VOLUME,False,,,,,,,,,,,,,,BELOW_MINIMUM_RELATIVE_VOLUME,False,,,,,,,,,,,,,,BELOW_MINIMUM_RELATIVE_VOLUME,False,,,,,,,,,,,,,
orb_v1.0,2024-05-30,275,M,BBG001S6KRW6,0.8923009907215806,14,LONG,False,BELOW_MINIMUM_RELATIVE_VOLUME,False,False,False,False,173531.0,194475.85714285713,5071473.928571428,0.602857142857143,19.42,19.53,19.3,19.44,False,BELOW_MINIMUM_RELATIVE_VOLUME,False,,,,,,,,,,,,,,BELOW_MINIMUM_RELATIVE_VOLUME,False,,,,,,,,,,,,,,BELOW_MINIMUM_RELATIVE_VOLUME,False,,,,,,,,,,,,,
orb_v1.0,2024-05-30,276,CHX,BBG00JH9V005,0.8916362491351201,14,LONG,False,BELOW_MINIMUM_RELATIVE_VOLUME,False,False,False,False,15372.0,17240.214285714286,1205292.142857143,0.6871428571428565,32.2,32.5,32.18,32.5,True,BELOW_MINIMUM_RELATIVE_VOLUME,False,,,,,,,,,,,,,,BELOW_MINIMUM_RELATIVE_VOLUME,False,,,,,,,,,,,,,,BELOW_MINIMUM_RELATIVE_VOLUME,False,,,,,,,,,,,,,
orb_v1.0,2024-05-30,277,COR,BBG001S8X7P0,0.8911395119981833,14,SHORT,False,BELOW_MINIMUM_RELATIVE_VOLUME,True,False,False,False,20181.0,22646.285714285714,1189206.7857142857,2.9221357142857096,219.91,219.98,219.13,219.76,True,BELOW_MINIMUM_RELATIVE_VOLUME,False,,,,,,,,,,,,,,BELOW_MINIMUM_RELATIVE_VOLUME,False,,,,,,,,,,,,,,BELOW_MINIMUM_RELATIVE_VOLUME,False,,,,,,,,,,,,,
orb_v1.0,2024-05-30,278,WBA,BBG001S5XBY7,0.8908770623682065,14,LONG,False,BELOW_MINIMUM_RELATIVE_VOLUME,False,False,False,False,468558.0,525951.3571428572,12705853.714285715,0.6267857142857142,14.92,15.115,14.875,15.0675,True,BELOW_MINIMUM_RELATIVE_VOLUME,False,,,,,,,,,,,,,,BELOW_MINIMUM_RELATIVE_VOLUME,False,,,,,,,,,,,,,,BELOW_MINIMUM_RELATIVE_VOLUME,False,,,,,,,,,,,,,
orb_v1.0,2024-05-30,279,TPR,BBG001SFH7D5,0.8907011221085437,14,LONG,False,BELOW_MINIMUM_RELATIVE_VOLUME,False,False,False,False,50382.0,56564.42857142857,3040099.6428571427,1.0956714285714295,41.53,41.72,41.5169,41.65,True,BELOW_MINIMUM_RELATIVE_VOLUME,False,,,,,,,,,,,,,,BELOW_MINIMUM_RELATIVE_VOLUME,False,,,,,,,,,,,,,,BELOW_MINIMUM_RELATIVE_VOLUME,False,,,,,,,,,,,,,
orb_v1.0,2024-05-30,280,NUE,BBG001S5TRV0,0.8897468403057892,14,LONG,False,BELOW_MINIMUM_RELATIVE_VOLUME,True,False,False,False,23161.0,26031.0,1165633.2857142857,3.158921428571428,166.2,167.0396,166.2,166.9427,True,BELOW_MINIMUM_RELATIVE_VOLUME,False,,,,,,,,,,,,,,BELOW_MINIMUM_RELATIVE_VOLUME,False,,,,,,,,,,,,,,BELOW_MINIMUM_RELATIVE_VOLUME,False,,,,,,,,,,,,,
orb_v1.0,2024-05-30,281,HOG,BBG001S5RTY5,0.8888622431391359,14,LONG,False,BELOW_MINIMUM_RELATIVE_VOLUME,False,False,False,False,16944.0,19062.571428571428,1448111.4285714286,0.8898142857142872,34.18,34.505,34.18,34.45,True,BELOW_MINIMUM_RELATIVE_VOLUME,False,,,,,,,,,,,,,,BELOW_MINIMUM_RELATIVE_VOLUME,False,,,,,,,,,,,,,,BELOW_MINIMUM_RELATIVE_VOLUME,False,,,,,,,,,,,,,
orb_v1.0,2024-05-30,282,MDLZ,BBG001SHHZJ3,0.8871938147161464,14,LONG,False,BELOW_MINIMUM_RELATIVE_VOLUME,True,False,False,False,143510.0,161757.2142857143,5164075.571428572,0.9939285714285718,67.18,67.4,67.03,67.38,True,BELOW_MINIMUM_RELATIVE_VOLUME,False,,,,,,,,,,,,,,BELOW_MINIMUM_RELATIVE_VOLUME,False,,,,,,,,,,,,,,BELOW_MINIMUM_RELATIVE_VOLUME,False,,,,,,,,,,,,,
orb_v1.0,2024-05-30,283,CNQ,BBG001S5YC56,0.8863082921038618,14,LONG,False,BELOW_MINIMUM_RELATIVE_VOLUME,True,False,False,False,31145.0,35140.142857142855,1717620.5,1.5397714285714303,75.24,75.84,75.09,75.84,True,BELOW_MINIMUM_RELATIVE_VOLUME,False,,,,,,,,,,,,,,BELOW_MINIMUM_RELATIVE_VOLUME,False,,,,,,,,,,,,,,BELOW_MINIMUM_RELATIVE_VOLUME,False,,,,,,,,,,,,,
orb_v1.0,2024-05-30,284,NFLX,BBG001SF6L46,0.8857531144389055,14,SHORT,False,BELOW_MINIMUM_RELATIVE_VOLUME,True,False,False,False,102141.0,115315.42857142857,3021139.1428571427,14.499928571428589,653.52,655.425,652.545,653.31,True,BELOW_MINIMUM_RELATIVE_VOLUME,False,,,,,,,,,,,,,,BELOW_MINIMUM_RELATIVE_VOLUME,False,,,,,,,,,,,,,,BELOW_MINIMUM_RELATIVE_VOLUME,False,,,,,,,,,,,,,
orb_v1.0,2024-05-30,285,QSR,BBG0076WG2T4,0.884835006311234,14,SHORT,False,BELOW_MINIMUM_RELATIVE_VOLUME,True,False,False,False,25236.0,28520.571428571428,1899670.2142857143,1.339107142857143,66.59,66.83,66.29,66.32,True,BELOW_MINIMUM_RELATIVE_VOLUME,False,,,,,,,,,,,,,,BELOW_MINIMUM_RELATIVE_VOLUME,False,,,,,,,,,,,,,,BELOW_MINIMUM_RELATIVE_VOLUME,False,,,,,,,,,,,,,
orb_v1.0,2024-05-30,286,CPRT,BBG001S7MTB1,0.8834948177435443,14,LONG,False,BELOW_MINIMUM_RELATIVE_VOLUME,True,False,False,False,104641.0,118439.85714285714,4087615.0,1.0817928571428592,52.2,52.46,52.09,52.415,True,BELOW_MINIMUM_RELATIVE_VOLUME,False,,,,,,,,,,,,,,BELOW_MINIMUM_RELATIVE_VOLUME,False,,,,,,,,,,,,,,BELOW_MINIMUM_RELATIVE_VOLUME,False,,,,,,,,,,,,,
orb_v1.0,2024-05-30,287,EIX,BBG001S7MY75,0.8819666333780779,14,LONG,False,BELOW_MINIMUM_RELATIVE_VOLUME,True,False,False,False,25296.0,28681.35714285714,1634887.4285714286,0.9985642857142858,73.61,73.98,73.575,73.92,True,BELOW_MINIMUM_RELATIVE_VOLUME,False,,,,,,,,,,,,,,BELOW_MINIMUM_RELATIVE_VOLUME,False,,,,,,,,,,,,,,BELOW_MINIMUM_RELATIVE_VOLUME,False,,,,,,,,,,,,,
orb_v1.0,2024-05-30,288,VRNS,BBG001Y04TP4,0.8818369143821251,14,SHORT,False,BELOW_MINIMUM_RELATIVE_VOLUME,False,False,False,False,13664.0,15494.92857142857,1022183.2142857143,1.0999142857142863,44.92,44.92,44.37,44.64,True,BELOW_MINIMUM_RELATIVE_VOLUME,False,,,,,,,,,,,,,,BELOW_MINIMUM_RELATIVE_VOLUME,False,,,,,,,,,,,,,,BELOW_MINIMUM_RELATIVE_VOLUME,False,,,,,,,,,,,,,
orb_v1.0,2024-05-30,289,CENX,BBG001S766G4,0.8807114587245378,14,LONG,False,BELOW_MINIMUM_RELATIVE_VOLUME,False,False,False,False,41374.0,46977.92857142857,1162146.7857142857,0.8565499999999998,18.32,18.75,18.32,18.75,True,BELOW_MINIMUM_RELATIVE_VOLUME,False,,,,,,,,,,,,,,BELOW_MINIMUM_RELATIVE_VOLUME,False,,,,,,,,,,,,,,BELOW_MINIMUM_RELATIVE_VOLUME,False,,,,,,,,,,,,,
orb_v1.0,2024-05-30,290,MCD,BBG001S5T110,0.8799584185037658,14,LONG,False,BELOW_MINIMUM_RELATIVE_VOLUME,True,False,False,False,88035.0,100044.5,3369804.785714286,4.393635714285714,250.61,250.98,250.13,250.78,True,BELOW_MINIMUM_RELATIVE_VOLUME,False,,,,,,,,,,,,,,BELOW_MINIMUM_RELATIVE_VOLUME,False,,,,,,,,,,,,,,BELOW_MINIMUM_RELATIVE_VOLUME,False,,,,,,,,,,,,,
orb_v1.0,2024-05-30,291,ETSY,BBG001T53625,0.876469466270312,14,LONG,False,BELOW_MINIMUM_RELATIVE_VOLUME,False,False,False,False,53830.0,61416.857142857145,2892888.9285714286,1.6100500000000006,60.99,61.02,60.75,61.02,True,BELOW_MINIMUM_RELATIVE_VOLUME,False,,,,,,,,,,,,,,BELOW_MINIMUM_RELATIVE_VOLUME,False,,,,,,,,,,,,,,BELOW_MINIMUM_RELATIVE_VOLUME,False,,,,,,,,,,,,,
orb_v1.0,2024-05-30,292,KMB,BBG001S5SLZ0,0.8762537165984543,14,LONG,False,BELOW_MINIMUM_RELATIVE_VOLUME,True,False,False,False,26166.0,29861.214285714286,1540085.142857143,1.513142857142854,128.16,128.88,128.16,128.88,True,BELOW_MINIMUM_RELATIVE_VOLUME,False,,,,,,,,,,,,,,BELOW_MINIMUM_RELATIVE_VOLUME,False,,,,,,,,,,,,,,BELOW_MINIMUM_RELATIVE_VOLUME,False,,,,,,,,,,,,,
orb_v1.0,2024-05-30,293,AEP,BBG001S5NFD2,0.868527012812333,14,SHORT,False,BELOW_MINIMUM_RELATIVE_VOLUME,True,False,False,False,57562.0,66275.42857142857,2463697.785714286,1.3171214285714277,87.8,87.8,87.32,87.7,True,BELOW_MINIMUM_RELATIVE_VOLUME,False,,,,,,,,,,,,,,BELOW_MINIMUM_RELATIVE_VOLUME,False,,,,,,,,,,,,,,BELOW_MINIMUM_RELATIVE_VOLUME,False,,,,,,,,,,,,,
orb_v1.0,2024-05-30,294,X,BBG001S5XL75,0.8675050409124284,14,LONG,False,BELOW_MINIMUM_RELATIVE_VOLUME,False,False,False,False,59833.0,68971.35714285714,2541995.6428571427,0.7787499999999997,37.19,37.4,37.19,37.35,True,BELOW_MINIMUM_RELATIVE_VOLUME,False,,,,,,,,,,,,,,BELOW_MINIMUM_RELATIVE_VOLUME,False,,,,,,,,,,,,,,BELOW_MINIMUM_RELATIVE_VOLUME,False,,,,,,,,,,,,,
orb_v1.0,2024-05-30,295,NVDA,BBG001S5TZJ6,0.8670015835605274,14,SHORT,False,BELOW_MINIMUM_RELATIVE_VOLUME,True,False,False,False,2031543.0,2343182.5714285714,43371366.571428575,38.89642142857146,1146.5,1154.74,1140.86,1143.205,True,BELOW_MINIMUM_RELATIVE_VOLUME,False,,,,,,,,,,,,,,BELOW_MINIMUM_RELATIVE_VOLUME,False,,,,,,,,,,,,,,BELOW_MINIMUM_RELATIVE_VOLUME,False,,,,,,,,,,,,,
orb_v1.0,2024-05-30,296,CCI,BBG001S7W5T3,0.8656608226293779,14,LONG,False,BELOW_MINIMUM_RELATIVE_VOLUME,True,False,False,False,38044.0,43947.92857142857,2508868.1428571427,1.7469357142857151,98.61,99.01,98.09,99.0,True,BELOW_MINIMUM_RELATIVE_VOLUME,False,,,,,,,,,,,,,,BELOW_MINIMUM_RELATIVE_VOLUME,False,,,,,,,,,,,,,,BELOW_MINIMUM_RELATIVE_VOLUME,False,,,,,,,,,,,,,
orb_v1.0,2024-05-30,297,ST,0001477294,0.8633926548694842,14,LONG,False,BELOW_MINIMUM_RELATIVE_VOLUME,False,False,False,False,12250.0,14188.214285714286,1712321.5,0.6907999999999994,40.53,40.72,40.4,40.72,True,BELOW_MINIMUM_RELATIVE_VOLUME,False,,,,,,,,,,,,,,BELOW_MINIMUM_RELATIVE_VOLUME,False,,,,,,,,,,,,,,BELOW_MINIMUM_RELATIVE_VOLUME,False,,,,,,,,,,,,,
orb_v1.0,2024-05-30,298,BRK.B,BBG001S90346,0.861993987755012,14,LONG,False,BELOW_MINIMUM_RELATIVE_VOLUME,True,False,False,False,100525.0,116619.14285714286,2939660.5714285714,4.278835714285707,403.77,404.58,403.04,404.38,True,BELOW_MINIMUM_RELATIVE_VOLUME,False,,,,,,,,,,,,,,BELOW_MINIMUM_RELATIVE_VOLUME,False,,,,,,,,,,,,,,BELOW_MINIMUM_RELATIVE_VOLUME,False,,,,,,,,,,,,,
orb_v1.0,2024-05-30,299,BAC,BBG001S5P0Y0,0.8607814674069728,14,LONG,False,BELOW_MINIMUM_RELATIVE_VOLUME,True,False,False,False,923014.0,1072297.7142857143,30010579.285714287,0.6790642857142869,38.73,39.12,38.73,39.1175,False,BELOW_MINIMUM_RELATIVE_VOLUME,False,,,,,,,,,,,,,,BELOW_MINIMUM_RELATIVE_VOLUME,False,,,,,,,,,,,,,,BELOW_MINIMUM_RELATIVE_VOLUME,False,,,,,,,,,,,,,
orb_v1.0,2024-05-30,300,FLYW,BBG002030ND3,0.8604844575728108,14,LONG,False,BELOW_MINIMUM_RELATIVE_VOLUME,False,False,False,False,23575.0,27397.35714285714,1668418.857142857,0.7402499999999996,17.69,17.82,17.61,17.725,False,BELOW_MINIMUM_RELATIVE_VOLUME,False,,,,,,,,,,,,,,BELOW_MINIMUM_RELATIVE_VOLUME,False,,,,,,,,,,,,,,BELOW_MINIMUM_RELATIVE_VOLUME,False,,,,,,,,,,,,,
orb_v1.0,2024-05-30,301,DOW,BBG00BN96931,0.8570229206068684,14,LONG,False,BELOW_MINIMUM_RELATIVE_VOLUME,True,False,False,False,66644.0,77762.21428571429,3192880.285714286,0.8435714285714292,57.0,57.205,56.98,57.18,True,BELOW_MINIMUM_RELATIVE_VOLUME,False,,,,,,,,,,,,,,BELOW_MINIMUM_RELATIVE_VOLUME,False,,,,,,,,,,,,,,BELOW_MINIMUM_RELATIVE_VOLUME,False,,,,,,,,,,,,,
orb_v1.0,2024-05-30,302,OPCH,BBG001S6X756,0.8533528370690577,14,LONG,False,BELOW_MINIMUM_RELATIVE_VOLUME,False,False,False,False,17668.0,20704.214285714286,1139419.142857143,0.5558857142857144,29.67,29.835,29.67,29.785,True,BELOW_MINIMUM_RELATIVE_VOLUME,False,,,,,,,,,,,,,,BELOW_MINIMUM_RELATIVE_VOLUME,False,,,,,,,,,,,,,,BELOW_MINIMUM_RELATIVE_VOLUME,False,,,,,,,,,,,,,
orb_v1.0,2024-05-30,303,TRP,BBG001S5WW27,0.8519913570695411,14,LONG,False,BELOW_MINIMUM_RELATIVE_VOLUME,True,False,False,False,39487.0,46346.71428571428,2090948.9285714286,0.5213857142857147,37.68,37.82,37.68,37.75,True,BELOW_MINIMUM_RELATIVE_VOLUME,False,,,,,,,,,,,,,,BELOW_MINIMUM_RELATIVE_VOLUME,False,,,,,,,,,,,,,,BELOW_MINIMUM_RELATIVE_VOLUME,False,,,,,,,,,,,,,
orb_v1.0,2024-05-30,304,BYON,BBG001S64TS5,0.8499491118059018,14,LONG,False,BELOW_MINIMUM_RELATIVE_VOLUME,False,False,False,False,76234.0,89692.42857142857,2088140.5,1.3578,15.26,15.7,15.23,15.5881,False,BELOW_MINIMUM_RELATIVE_VOLUME,False,,,,,,,,,,,,,,BELOW_MINIMUM_RELATIVE_VOLUME,False,,,,,,,,,,,,,,BELOW_MINIMUM_RELATIVE_VOLUME,False,,,,,,,,,,,,,
orb_v1.0,2024-05-30,305,BLMN,BBG002VZ69Q9,0.8496121100095222,14,SHORT,False,BELOW_MINIMUM_RELATIVE_VOLUME,False,False,False,False,17335.0,20403.428571428572,1551209.5714285714,0.6786500000000003,21.16,21.235,21.09,21.13,True,BELOW_MINIMUM_RELATIVE_VOLUME,False,,,,,,,,,,,,,,BELOW_MINIMUM_RELATIVE_VOLUME,False,,,,,,,,,,,,,,BELOW_MINIMUM_RELATIVE_VOLUME,False,,,,,,,,,,,,,
orb_v1.0,2024-05-30,306,HD,BBG001S5RTW7,0.8467997358821427,14,LONG,False,BELOW_MINIMUM_RELATIVE_VOLUME,True,False,False,False,111757.0,131975.7142857143,3766114.214285714,6.738921428571432,326.26,328.28,325.705,327.14,True,BELOW_MINIMUM_RELATIVE_VOLUME,False,,,,,,,,,,,,,,BELOW_MINIMUM_RELATIVE_VOLUME,False,,,,,,,,,,,,,,BELOW_MINIMUM_RELATIVE_VOLUME,False,,,,,,,,,,,,,
orb_v1.0,2024-05-30,307,EQH,BBG00J7CBWL8,0.8467371200747397,14,LONG,False,BELOW_MINIMUM_RELATIVE_VOLUME,False,False,False,False,35088.0,41439.07142857143,2545144.5714285714,0.6531285714285718,40.85,40.89,40.77,40.87,True,BELOW_MINIMUM_RELATIVE_VOLUME,False,,,,,,,,,,,,,,BELOW_MINIMUM_RELATIVE_VOLUME,False,,,,,,,,,,,,,,BELOW_MINIMUM_RELATIVE_VOLUME,False,,,,,,,,,,,,,
orb_v1.0,2024-05-30,308,META,BBG001SQCQC5,0.8458304977398988,14,SHORT,False,BELOW_MINIMUM_RELATIVE_VOLUME,True,False,False,False,555566.0,656829.0,11613641.0,9.276271428571432,471.67,471.73,467.71,467.92,True,BELOW_MINIMUM_RELATIVE_VOLUME,False,,,,,,,,,,,,,,BELOW_MINIMUM_RELATIVE_VOLUME,False,,,,,,,,,,,,,,BELOW_MINIMUM_RELATIVE_VOLUME,False,,,,,,,,,,,,,
orb_v1.0,2024-05-30,309,LOW,BBG001S5SVL3,0.8428337687699575,14,LONG,False,BELOW_MINIMUM_RELATIVE_VOLUME,True,False,False,False,54750.0,64959.42857142857,2514980.3571428573,4.552278571428575,215.31,216.12,214.78,215.62,True,BELOW_MINIMUM_RELATIVE_VOLUME,False,,,,,,,,,,,,,,BELOW_MINIMUM_RELATIVE_VOLUME,False,,,,,,,,,,,,,,BELOW_MINIMUM_RELATIVE_VOLUME,False,,,,,,,,,,,,,
orb_v1.0,2024-05-30,310,FCX,BBG001S5R3F3,0.8426985431913905,14,LONG,False,BELOW_MINIMUM_RELATIVE_VOLUME,True,False,False,False,491877.0,583692.7142857143,15354047.5,1.7185714285714282,51.51,52.14,51.41,52.05,True,BELOW_MINIMUM_RELATIVE_VOLUME,False,,,,,,,,,,,,,,BELOW_MINIMUM_RELATIVE_VOLUME,False,,,,,,,,,,,,,,BELOW_MINIMUM_RELATIVE_VOLUME,False,,,,,,,,,,,,,
orb_v1.0,2024-05-30,311,EQT,BBG001S5QXJ4,0.8353255445230316,14,LONG,False,BELOW_MINIMUM_RELATIVE_VOLUME,True,False,False,False,85726.0,102625.85714285714,6064462.857142857,1.1698214285714303,40.69,41.06,40.66,41.02,True,BELOW_MINIMUM_RELATIVE_VOLUME,False,,,,,,,,,,,,,,BELOW_MINIMUM_RELATIVE_VOLUME,False,,,,,,,,,,,,,,BELOW_MINIMUM_RELATIVE_VOLUME,False,,,,,,,,,,,,,
orb_v1.0,2024-05-30,312,COHR,BBG001S5S6N6,0.8348106569119462,14,LONG,False,BELOW_MINIMUM_RELATIVE_VOLUME,False,False,False,False,33091.0,39638.92857142857,1565144.4285714286,1.975528571428571,58.3,58.96,58.3,58.96,True,BELOW_MINIMUM_RELATIVE_VOLUME,False,,,,,,,,,,,,,,BELOW_MINIMUM_RELATIVE_VOLUME,False,,,,,,,,,,,,,,BELOW_MINIMUM_RELATIVE_VOLUME,False,,,,,,,,,,,,,
orb_v1.0,2024-05-30,313,VSTS,BBG001SGVMS8,0.833947280698423,14,LONG,False,BELOW_MINIMUM_RELATIVE_VOLUME,False,False,False,False,28234.0,33855.857142857145,2324498.4285714286,0.5265285714285716,11.82,12.09,11.81,12.005,True,BELOW_MINIMUM_RELATIVE_VOLUME,False,,,,,,,,,,,,,,BELOW_MINIMUM_RELATIVE_VOLUME,False,,,,,,,,,,,,,,BELOW_MINIMUM_RELATIVE_VOLUME,False,,,,,,,,,,,,,
orb_v1.0,2024-05-30,314,FLUT,0001635327,0.8339292223136874,14,LONG,False,BELOW_MINIMUM_RELATIVE_VOLUME,True,False,False,False,29089.0,34881.857142857145,1125108.357142857,6.657842857142858,187.86,189.28,187.43,189.045,True,BELOW_MINIMUM_RELATIVE_VOLUME,False,,,,,,,,,,,,,,BELOW_MINIMUM_RELATIVE_VOLUME,False,,,,,,,,,,,,,,BELOW_MINIMUM_RELATIVE_VOLUME,False,,,,,,,,,,,,,
orb_v1.0,2024-05-30,315,EW,BBG001SF2288,0.8201903316934539,14,LONG,False,BELOW_MINIMUM_RELATIVE_VOLUME,True,False,False,False,51742.0,63085.357142857145,2347365.285714286,1.9025000000000023,87.68,87.85,87.415,87.7675,True,BELOW_MINIMUM_RELATIVE_VOLUME,False,,,,,,,,,,,,,,BELOW_MINIMUM_RELATIVE_VOLUME,False,,,,,,,,,,,,,,BELOW_MINIMUM_RELATIVE_VOLUME,False,,,,,,,,,,,,,
orb_v1.0,2024-05-30,316,QCOM,BBG001S6VS70,0.8173596946186108,14,LONG,False,BELOW_MINIMUM_RELATIVE_VOLUME,True,False,False,False,371807.0,454887.85714285716,9607704.714285715,5.354992857142859,208.0,209.37,207.5901,208.2,False,BELOW_MINIMUM_RELATIVE_VOLUME,False,,,,,,,,,,,,,,BELOW_MINIMUM_RELATIVE_VOLUME,False,,,,,,,,,,,,,,BELOW_MINIMUM_RELATIVE_VOLUME,False,,,,,,,,,,,,,
orb_v1.0,2024-05-30,317,YUM,BBG001S7JQ30,0.817165044197084,14,SHORT,False,BELOW_MINIMUM_RELATIVE_VOLUME,True,False,False,False,21903.0,26803.64285714286,1676064.9285714286,2.122850000000002,135.06,135.06,134.68,134.75,True,BELOW_MINIMUM_RELATIVE_VOLUME,False,,,,,,,,,,,,,,BELOW_MINIMUM_RELATIVE_VOLUME,False,,,,,,,,,,,,,,BELOW_MINIMUM_RELATIVE_VOLUME,False,,,,,,,,,,,,,
orb_v1.0,2024-05-30,318,GIS,BBG001S5RKR2,0.816255667739815,14,LONG,False,BELOW_MINIMUM_RELATIVE_VOLUME,True,False,False,False,55344.0,67802.28571428571,3355245.6428571427,1.210421428571428,66.67,66.97,66.67,66.965,True,BELOW_MINIMUM_RELATIVE_VOLUME,False,,,,,,,,,,,,,,BELOW_MINIMUM_RELATIVE_VOLUME,False,,,,,,,,,,,,,,BELOW_MINIMUM_RELATIVE_VOLUME,False,,,,,,,,,,,,,
orb_v1.0,2024-05-30,319,GOOG,BBG009S3NB21,0.8160254266664989,14,SHORT,False,BELOW_MINIMUM_RELATIVE_VOLUME,True,False,False,False,685366.0,839883.1428571428,16372126.857142856,2.9450142857142834,176.69,176.69,175.45,175.46,True,BELOW_MINIMUM_RELATIVE_VOLUME,False,,,,,,,,,,,,,,BELOW_MINIMUM_RELATIVE_VOLUME,False,,,,,,,,,,,,,,BELOW_MINIMUM_RELATIVE_VOLUME,False,,,,,,,,,,,,,
orb_v1.0,2024-05-30,320,CRH,0000849395,0.8151912626180706,14,LONG,False,BELOW_MINIMUM_RELATIVE_VOLUME,True,False,False,False,139645.0,171303.35714285713,4366885.0,2.235357142857141,78.37,78.69,78.14,78.425,True,BELOW_MINIMUM_RELATIVE_VOLUME,False,,,,,,,,,,,,,,BELOW_MINIMUM_RELATIVE_VOLUME,False,,,,,,,,,,,,,,BELOW_MINIMUM_RELATIVE_VOLUME,False,,,,,,,,,,,,,
orb_v1.0,2024-05-30,321,AIG,BBG001S5NJG1,0.8109248757703807,14,LONG,False,BELOW_MINIMUM_RELATIVE_VOLUME,True,False,False,False,44248.0,54564.857142857145,3720253.785714286,1.2817857142857139,77.48,77.76,77.32,77.76,True,BELOW_MINIMUM_RELATIVE_VOLUME,False,,,,,,,,,,,,,,BELOW_MINIMUM_RELATIVE_VOLUME,False,,,,,,,,,,,,,,BELOW_MINIMUM_RELATIVE_VOLUME,False,,,,,,,,,,,,,
orb_v1.0,2024-05-30,322,DRI,BBG001S5QM08,0.8030112013060632,14,LONG,False,BELOW_MINIMUM_RELATIVE_VOLUME,True,False,False,False,12648.0,15750.714285714286,1079743.7142857143,2.347614285714286,146.74,146.855,146.53,146.855,True,BELOW_MINIMUM_RELATIVE_VOLUME,False,,,,,,,,,,,,,,BELOW_MINIMUM_RELATIVE_VOLUME,False,,,,,,,,,,,,,,BELOW_MINIMUM_RELATIVE_VOLUME,False,,,,,,,,,,,,,
orb_v1.0,2024-05-30,323,KR,BBG001S5SN40,0.8028832231665093,14,LONG,False,BELOW_MINIMUM_RELATIVE_VOLUME,True,False,False,False,63769.0,79425.0,5631113.214285715,0.8509571428571435,52.09,52.195,51.98,52.17,True,BELOW_MINIMUM_RELATIVE_VOLUME,False,,,,,,,,,,,,,,BELOW_MINIMUM_RELATIVE_VOLUME,False,,,,,,,,,,,,,,BELOW_MINIMUM_RELATIVE_VOLUME,False,,,,,,,,,,,,,
orb_v1.0,2024-05-30,324,SAGE,BBG0025X16Z4,0.7994530214437524,14,LONG,False,BELOW_MINIMUM_RELATIVE_VOLUME,False,False,False,False,17706.0,22147.64285714286,1355685.4285714286,0.7510714285714287,10.97,11.21,10.9405,11.2,True,BELOW_MINIMUM_RELATIVE_VOLUME,False,,,,,,,,,,,,,,BELOW_MINIMUM_RELATIVE_VOLUME,False,,,,,,,,,,,,,,BELOW_MINIMUM_RELATIVE_VOLUME,False,,,,,,,,,,,,,
orb_v1.0,2024-05-30,325,ENVX,BBG00YC538B7,0.7989569640873481,14,SHORT,False,BELOW_MINIMUM_RELATIVE_VOLUME,False,False,False,False,125557.0,157151.14285714287,5721346.714285715,0.8940428571428571,10.51,10.63,10.42,10.4224,True,BELOW_MINIMUM_RELATIVE_VOLUME,False,,,,,,,,,,,,,,BELOW_MINIMUM_RELATIVE_VOLUME,False,,,,,,,,,,,,,,BELOW_MINIMUM_RELATIVE_VOLUME,False,,,,,,,,,,,,,
orb_v1.0,2024-05-30,326,JNJ,BBG001S5SHQ9,0.7978583254427679,14,LONG,False,BELOW_MINIMUM_RELATIVE_VOLUME,True,False,False,False,183332.0,229780.14285714287,7280651.714285715,2.2432714285714286,144.62,144.87,144.475,144.82,True,BELOW_MINIMUM_RELATIVE_VOLUME,False,,,,,,,,,,,,,,BELOW_MINIMUM_RELATIVE_VOLUME,False,,,,,,,,,,,,,,BELOW_MINIMUM_RELATIVE_VOLUME,False,,,,,,,,,,,,,
orb_v1.0,2024-05-30,327,KD,BBG012W99DS1,0.7965330225591529,14,SHORT,False,BELOW_MINIMUM_RELATIVE_VOLUME,False,False,False,False,43987.0,55223.07142857143,2102357.714285714,0.8798571428571434,26.58,26.7,26.36,26.38,True,BELOW_MINIMUM_RELATIVE_VOLUME,False,,,,,,,,,,,,,,BELOW_MINIMUM_RELATIVE_VOLUME,False,,,,,,,,,,,,,,BELOW_MINIMUM_RELATIVE_VOLUME,False,,,,,,,,,,,,,
orb_v1.0,2024-05-30,328,BRO,BBG001S5XFN0,0.7964546192448292,14,LONG,False,BELOW_MINIMUM_RELATIVE_VOLUME,True,False,False,False,19204.0,24111.85714285714,1222574.642857143,1.2053571428571448,86.22,86.53,85.97,86.53,True,BELOW_MINIMUM_RELATIVE_VOLUME,False,,,,,,,,,,,,,,BELOW_MINIMUM_RELATIVE_VOLUME,False,,,,,,,,,,,,,,BELOW_MINIMUM_RELATIVE_VOLUME,False,,,,,,,,,,,,,
orb_v1.0,2024-05-30,329,CLSK,BBG001S7F576,0.7958775264310978,14,LONG,False,BELOW_MINIMUM_RELATIVE_VOLUME,False,True,False,False,1073106.0,1348330.5714285714,30724659.714285713,1.6392714285714287,17.19,17.577,17.18,17.25,True,BELOW_MINIMUM_RELATIVE_VOLUME,False,,,,,,,,,,,,,,BELOW_MINIMUM_RELATIVE_VOLUME,False,,,,,,,,,,,,,,BELOW_MINIMUM_RELATIVE_VOLUME,False,,,,,,,,,,,,,
orb_v1.0,2024-05-30,330,HIMS,BBG00Q5LQWK9,0.7941550595812427,14,LONG,False,BELOW_MINIMUM_RELATIVE_VOLUME,False,True,False,False,521176.0,656264.7857142857,15073512.92857143,1.3704571428571426,19.73,19.88,19.5,19.8171,True,BELOW_MINIMUM_RELATIVE_VOLUME,False,,,,,,,,,,,,,,BELOW_MINIMUM_RELATIVE_VOLUME,False,,,,,,,,,,,,,,BELOW_MINIMUM_RELATIVE_VOLUME,False,,,,,,,,,,,,,
orb_v1.0,2024-05-30,331,LYFT,BBG004M9ZHY4,0.7892736761646315,14,LONG,False,BELOW_MINIMUM_RELATIVE_VOLUME,False,False,False,False,260435.0,329967.9285714286,10655653.785714285,0.6698928571428572,15.76,15.88,15.7,15.77,True,BELOW_MINIMUM_RELATIVE_VOLUME,False,,,,,,,,,,,,,,BELOW_MINIMUM_RELATIVE_VOLUME,False,,,,,,,,,,,,,,BELOW_MINIMUM_RELATIVE_VOLUME,False,,,,,,,,,,,,,
orb_v1.0,2024-05-30,332,MDT,0001613103,0.7884354205411953,14,LONG,False,BELOW_MINIMUM_RELATIVE_VOLUME,True,False,False,False,146169.0,185391.2142857143,6553227.0,1.349814285714287,80.97,81.26,80.7412,81.14,True,BELOW_MINIMUM_RELATIVE_VOLUME,False,,,,,,,,,,,,,,BELOW_MINIMUM_RELATIVE_VOLUME,False,,,,,,,,,,,,,,BELOW_MINIMUM_RELATIVE_VOLUME,False,,,,,,,,,,,,,
orb_v1.0,2024-05-30,333,UBER,BBG002B04MW4,0.7880111587948179,14,SHORT,False,BELOW_MINIMUM_RELATIVE_VOLUME,True,False,False,False,529796.0,672320.4285714285,18142285.785714287,1.6774071428571418,64.79,65.03,64.21,64.2162,True,BELOW_MINIMUM_RELATIVE_VOLUME,False,,,,,,,,,,,,,,BELOW_MINIMUM_RELATIVE_VOLUME,False,,,,,,,,,,,,,,BELOW_MINIMUM_RELATIVE_VOLUME,False,,,,,,,,,,,,,
orb_v1.0,2024-05-30,334,RL,BBG001S9TL45,0.787287453997449,14,LONG,False,BELOW_MINIMUM_RELATIVE_VOLUME,False,False,False,False,13844.0,17584.428571428572,1055609.5,4.600921428571423,184.0,184.5,183.8314,184.4,True,BELOW_MINIMUM_RELATIVE_VOLUME,False,,,,,,,,,,,,,,BELOW_MINIMUM_RELATIVE_VOLUME,False,,,,,,,,,,,,,,BELOW_MINIMUM_RELATIVE_VOLUME,False,,,,,,,,,,,,,
orb_v1.0,2024-05-30,335,QRVO,BBG007TJF1P5,0.7862956850555191,14,SHORT,False,BELOW_MINIMUM_RELATIVE_VOLUME,False,False,False,False,14021.0,17831.714285714286,1089128.0714285714,1.922857142857145,96.57,97.0,96.0,96.29,False,BELOW_MINIMUM_RELATIVE_VOLUME,False,,,,,,,,,,,,,,BELOW_MINIMUM_RELATIVE_VOLUME,False,,,,,,,,,,,,,,BELOW_MINIMUM_RELATIVE_VOLUME,False,,,,,,,,,,,,,
orb_v1.0,2024-05-30,336,SPG,BBG001S77WM9,0.7862897903590435,14,LONG,False,BELOW_MINIMUM_RELATIVE_VOLUME,True,False,False,False,19999.0,25434.64285714286,1193897.7857142857,2.5085642857142836,148.1,148.66,147.74,148.3,True,BELOW_MINIMUM_RELATIVE_VOLUME,False,,,,,,,,,,,,,,BELOW_MINIMUM_RELATIVE_VOLUME,False,,,,,,,,,,,,,,BELOW_MINIMUM_RELATIVE_VOLUME,False,,,,,,,,,,,,,
orb_v1.0,2024-05-30,337,FDX,BBG001S5R3M5,0.7810336125056293,14,LONG,False,BELOW_MINIMUM_RELATIVE_VOLUME,True,False,False,False,18458.0,23632.785714285714,1347319.5714285714,4.089314285714282,246.15,247.3899,245.525,247.31,True,BELOW_MINIMUM_RELATIVE_VOLUME,False,,,,,,,,,,,,,,BELOW_MINIMUM_RELATIVE_VOLUME,False,,,,,,,,,,,,,,BELOW_MINIMUM_RELATIVE_VOLUME,False,,,,,,,,,,,,,
orb_v1.0,2024-05-30,338,PM,BBG001STP9N1,0.7791491037754795,14,SHORT,False,BELOW_MINIMUM_RELATIVE_VOLUME,True,False,False,False,92833.0,119146.64285714286,4335146.142857143,1.1678857142857137,99.69,99.8,99.47,99.49,True,BELOW_MINIMUM_RELATIVE_VOLUME,False,,,,,,,,,,,,,,BELOW_MINIMUM_RELATIVE_VOLUME,False,,,,,,,,,,,,,,BELOW_MINIMUM_RELATIVE_VOLUME,False,,,,,,,,,,,,,
orb_v1.0,2024-05-30,339,APLS,BBG007KGRPZ3,0.7789739469757833,14,SHORT,False,BELOW_MINIMUM_RELATIVE_VOLUME,False,False,False,False,14544.0,18670.714285714286,1237138.9285714286,2.166057142857142,41.41,41.45,40.97,41.09,True,BELOW_MINIMUM_RELATIVE_VOLUME,False,,,,,,,,,,,,,,BELOW_MINIMUM_RELATIVE_VOLUME,False,,,,,,,,,,,,,,BELOW_MINIMUM_RELATIVE_VOLUME,False,,,,,,,,,,,,,
orb_v1.0,2024-05-30,340,BA,BBG001S5P0V3,0.7781588514058105,14,LONG,False,BELOW_MINIMUM_RELATIVE_VOLUME,True,False,False,False,132958.0,170862.2857142857,6067014.857142857,5.045642857142856,172.64,173.75,172.57,173.07,True,BELOW_MINIMUM_RELATIVE_VOLUME,False,,,,,,,,,,,,,,BELOW_MINIMUM_RELATIVE_VOLUME,False,,,,,,,,,,,,,,BELOW_MINIMUM_RELATIVE_VOLUME,False,,,,,,,,,,,,,
orb_v1.0,2024-05-30,341,AMGN,BBG001S5NNL6,0.7726360533743607,14,LONG,False,BELOW_MINIMUM_RELATIVE_VOLUME,True,False,False,False,47493.0,61468.78571428572,2297082.5,6.020392857142854,297.18,298.09,296.99,297.7701,True,BELOW_MINIMUM_RELATIVE_VOLUME,False,,,,,,,,,,,,,,BELOW_MINIMUM_RELATIVE_VOLUME,False,,,,,,,,,,,,,,BELOW_MINIMUM_RELATIVE_VOLUME,False,,,,,,,,,,,,,
orb_v1.0,2024-05-30,342,DVN,BBG001S63VG4,0.7725440818740171,14,LONG,False,BELOW_MINIMUM_RELATIVE_VOLUME,True,False,False,False,131389.0,170073.14285714287,5313369.357142857,0.955878571428571,47.19,47.6,47.19,47.5,True,BELOW_MINIMUM_RELATIVE_VOLUME,False,,,,,,,,,,,,,,BELOW_MINIMUM_RELATIVE_VOLUME,False,,,,,,,,,,,,,,BELOW_MINIMUM_RELATIVE_VOLUME,False,,,,,,,,,,,,,
orb_v1.0,2024-05-30,343,LYB,0001489393,0.7705277753704828,14,LONG,False,BELOW_MINIMUM_RELATIVE_VOLUME,True,False,False,False,15877.0,20605.35714285714,1330374.9285714286,1.340999999999999,96.92,97.47,96.7,97.47,True,BELOW_MINIMUM_RELATIVE_VOLUME,False,,,,,,,,,,,,,,BELOW_MINIMUM_RELATIVE_VOLUME,False,,,,,,,,,,,,,,BELOW_MINIMUM_RELATIVE_VOLUME,False,,,,,,,,,,,,,
orb_v1.0,2024-05-30,344,XRAY,BBG001S5XLV8,0.7697538202801055,14,LONG,False,BELOW_MINIMUM_RELATIVE_VOLUME,False,False,False,False,53093.0,68974.0,2854469.9285714286,0.5213571428571431,27.16,27.45,27.16,27.4,True,BELOW_MINIMUM_RELATIVE_VOLUME,False,,,,,,,,,,,,,,BELOW_MINIMUM_RELATIVE_VOLUME,False,,,,,,,,,,,,,,BELOW_MINIMUM_RELATIVE_VOLUME,False,,,,,,,,,,,,,
orb_v1.0,2024-05-30,345,APD,BBG001S5NSB6,0.7652750844104068,14,SHORT,False,BELOW_MINIMUM_RELATIVE_VOLUME,True,False,False,False,16659.0,21768.64285714286,1646465.5714285714,4.20064999999999,260.86,261.0577,260.18,260.18,True,BELOW_MINIMUM_RELATIVE_VOLUME,False,,,,,,,,,,,,,,BELOW_MINIMUM_RELATIVE_VOLUME,False,,,,,,,,,,,,,,BELOW_MINIMUM_RELATIVE_VOLUME,False,,,,,,,,,,,,,
orb_v1.0,2024-05-30,346,SYF,BBG00658F3Q2,0.7645617505354406,14,LONG,False,BELOW_MINIMUM_RELATIVE_VOLUME,True,False,False,False,40364.0,52793.642857142855,4109754.6428571427,1.0507571428571434,42.66,42.86,42.59,42.86,True,BELOW_MINIMUM_RELATIVE_VOLUME,False,,,,,,,,,,,,,,BELOW_MINIMUM_RELATIVE_VOLUME,False,,,,,,,,,,,,,,BELOW_MINIMUM_RELATIVE_VOLUME,False,,,,,,,,,,,,,
orb_v1.0,2024-05-30,347,LIN,0001707925,0.7643709003259807,14,LONG,False,BELOW_MINIMUM_RELATIVE_VOLUME,True,False,False,False,35608.0,46584.71428571428,1474676.857142857,4.889871428571435,425.85,426.89,425.25,426.41,True,BELOW_MINIMUM_RELATIVE_VOLUME,False,,,,,,,,,,,,,,BELOW_MINIMUM_RELATIVE_VOLUME,False,,,,,,,,,,,,,,BELOW_MINIMUM_RELATIVE_VOLUME,False,,,,,,,,,,,,,
orb_v1.0,2024-05-30,348,DBX,BBG001TFLWN3,0.7616510404913311,14,SHORT,False,BELOW_MINIMUM_RELATIVE_VOLUME,False,False,False,False,79316.0,104136.92857142857,4429354.428571428,0.5510642857142852,22.99,23.14,22.795,22.86,True,BELOW_MINIMUM_RELATIVE_VOLUME,False,,,,,,,,,,,,,,BELOW_MINIMUM_RELATIVE_VOLUME,False,,,,,,,,,,,,,,BELOW_MINIMUM_RELATIVE_VOLUME,False,,,,,,,,,,,,,
orb_v1.0,2024-05-30,349,HAS,BBG001S5RSQ6,0.7604625914132436,14,SHORT,False,BELOW_MINIMUM_RELATIVE_VOLUME,False,False,False,False,23865.0,31382.214285714286,1467186.642857143,1.6771214285714275,60.35,60.63,60.1,60.145,True,BELOW_MINIMUM_RELATIVE_VOLUME,False,,,,,,,,,,,,,,BELOW_MINIMUM_RELATIVE_VOLUME,False,,,,,,,,,,,,,,BELOW_MINIMUM_RELATIVE_VOLUME,False,,,,,,,,,,,,,
orb_v1.0,2024-05-30,350,SYY,BBG001S5WJS8,0.7601398827723771,14,LONG,False,BELOW_MINIMUM_RELATIVE_VOLUME,True,False,False,False,31875.0,41933.07142857143,3062996.714285714,1.247321428571428,71.71,71.93,71.64,71.79,False,BELOW_MINIMUM_RELATIVE_VOLUME,False,,,,,,,,,,,,,,BELOW_MINIMUM_RELATIVE_VOLUME,False,,,,,,,,,,,,,,BELOW_MINIMUM_RELATIVE_VOLUME,False,,,,,,,,,,,,,
orb_v1.0,2024-05-30,351,AXP,BBG001S5P034,0.758869853713827,14,LONG,False,BELOW_MINIMUM_RELATIVE_VOLUME,True,False,False,False,55092.0,72597.42857142857,2386264.9285714286,3.5022714285714307,236.37,236.77,236.26,236.45,True,BELOW_MINIMUM_RELATIVE_VOLUME,False,,,,,,,,,,,,,,BELOW_MINIMUM_RELATIVE_VOLUME,False,,,,,,,,,,,,,,BELOW_MINIMUM_RELATIVE_VOLUME,False,,,,,,,,,,,,,
orb_v1.0,2024-05-30,352,SGML,BBG0027F58B9,0.7576483681210111,14,SHORT,False,BELOW_MINIMUM_RELATIVE_VOLUME,False,False,False,False,19062.0,25159.428571428572,1036351.2857142857,1.1065999999999998,16.11,16.22,15.83,16.0,True,BELOW_MINIMUM_RELATIVE_VOLUME,False,,,,,,,,,,,,,,BELOW_MINIMUM_RELATIVE_VOLUME,False,,,,,,,,,,,,,,BELOW_MINIMUM_RELATIVE_VOLUME,False,,,,,,,,,,,,,
orb_v1.0,2024-05-30,353,BERY,BBG001T6B4W6,0.755326409962933,14,SHORT,False,BELOW_MINIMUM_RELATIVE_VOLUME,False,False,False,False,10276.0,13604.714285714286,1002817.1428571428,1.2121428571428556,58.12,58.12,57.85,58.005,False,BELOW_MINIMUM_RELATIVE_VOLUME,False,,,,,,,,,,,,,,BELOW_MINIMUM_RELATIVE_VOLUME,False,,,,,,,,,,,,,,BELOW_MINIMUM_RELATIVE_VOLUME,False,,,,,,,,,,,,,
orb_v1.0,2024-05-30,354,EOG,BBG001S5ZB93,0.754570445856615,14,LONG,False,BELOW_MINIMUM_RELATIVE_VOLUME,True,False,False,False,42153.0,55863.57142857143,3108783.6428571427,2.3474999999999997,121.92,122.9,121.92,122.77,True,BELOW_MINIMUM_RELATIVE_VOLUME,False,,,,,,,,,,,,,,BELOW_MINIMUM_RELATIVE_VOLUME,False,,,,,,,,,,,,,,BELOW_MINIMUM_RELATIVE_VOLUME,False,,,,,,,,,,,,,
orb_v1.0,2024-05-30,355,TFC,BBG001S5YYC0,0.7516084353498347,14,LONG,False,BELOW_MINIMUM_RELATIVE_VOLUME,True,False,False,False,100935.0,134292.0,5683727.5,0.7339285714285714,37.7,37.82,37.68,37.82,True,BELOW_MINIMUM_RELATIVE_VOLUME,False,,,,,,,,,,,,,,BELOW_MINIMUM_RELATIVE_VOLUME,False,,,,,,,,,,,,,,BELOW_MINIMUM_RELATIVE_VOLUME,False,,,,,,,,,,,,,
orb_v1.0,2024-05-30,356,PEG,BBG001S5V3C1,0.7504445279238667,14,LONG,False,BELOW_MINIMUM_RELATIVE_VOLUME,True,False,False,False,34246.0,45634.28571428572,2298561.785714286,1.0297857142857143,73.46,73.535,73.21,73.48,True,BELOW_MINIMUM_RELATIVE_VOLUME,False,,,,,,,,,,,,,,BELOW_MINIMUM_RELATIVE_VOLUME,False,,,,,,,,,,,,,,BELOW_MINIMUM_RELATIVE_VOLUME,False,,,,,,,,,,,,,
orb_v1.0,2024-05-30,357,EXC,BBG001SBJMT2,0.7502034989292826,14,LONG,False,BELOW_MINIMUM_RELATIVE_VOLUME,True,False,False,False,77022.0,102668.14285714286,6462133.714285715,0.577849999999998,36.3,36.45,36.2,36.43,True,BELOW_MINIMUM_RELATIVE_VOLUME,False,,,,,,,,,,,,,,BELOW_MINIMUM_RELATIVE_VOLUME,False,,,,,,,,,,,,,,BELOW_MINIMUM_RELATIVE_VOLUME,False,,,,,,,,,,,,,
orb_v1.0,2024-05-30,358,VNO,BBG001S5X909,0.7457292184827568,14,LONG,False,BELOW_MINIMUM_RELATIVE_VOLUME,False,False,False,False,15634.0,20964.714285714286,1437971.7142857143,0.8351857142857142,23.23,23.34,23.06,23.34,True,BELOW_MINIMUM_RELATIVE_VOLUME,False,,,,,,,,,,,,,,BELOW_MINIMUM_RELATIVE_VOLUME,False,,,,,,,,,,,,,,BELOW_MINIMUM_RELATIVE_VOLUME,False,,,,,,,,,,,,,
orb_v1.0,2024-05-30,359,KBH,BBG001S5SJV9,0.7446198337149055,14,LONG,False,BELOW_MINIMUM_RELATIVE_VOLUME,False,False,False,False,13242.0,17783.571428571428,1364608.7142857143,1.6380142857142843,68.49,69.0,68.49,68.955,True,BELOW_MINIMUM_RELATIVE_VOLUME,False,,,,,,,,,,,,,,BELOW_MINIMUM_RELATIVE_VOLUME,False,,,,,,,,,,,,,,BELOW_MINIMUM_RELATIVE_VOLUME,False,,,,,,,,,,,,,
orb_v1.0,2024-05-30,360,MAR,BBG001S78K44,0.7406206004624507,14,LONG,False,BELOW_MINIMUM_RELATIVE_VOLUME,True,False,False,False,17548.0,23693.64285714286,1245491.9285714286,4.200564285714287,228.79,229.6,228.38,229.02,False,BELOW_MINIMUM_RELATIVE_VOLUME,False,,,,,,,,,,,,,,BELOW_MINIMUM_RELATIVE_VOLUME,False,,,,,,,,,,,,,,BELOW_MINIMUM_RELATIVE_VOLUME,False,,,,,,,,,,,,,
orb_v1.0,2024-05-30,361,ARWR,BBG001SGT8G5,0.7401897803439574,14,LONG,False,BELOW_MINIMUM_RELATIVE_VOLUME,False,False,False,False,13662.0,18457.428571428572,1097502.2142857143,1.3869928571428574,23.36,23.669,23.28,23.53,False,BELOW_MINIMUM_RELATIVE_VOLUME,False,,,,,,,,,,,,,,BELOW_MINIMUM_RELATIVE_VOLUME,False,,,,,,,,,,,,,,BELOW_MINIMUM_RELATIVE_VOLUME,False,,,,,,,,,,,,,
orb_v1.0,2024-05-30,362,CCEP,0001650107,0.7383666344435249,14,SHORT,False,BELOW_MINIMUM_RELATIVE_VOLUME,True,False,False,False,15167.0,20541.285714285714,1019992.0714285715,0.8735714285714279,71.47,71.47,71.36,71.44,True,BELOW_MINIMUM_RELATIVE_VOLUME,False,,,,,,,,,,,,,,BELOW_MINIMUM_RELATIVE_VOLUME,False,,,,,,,,,,,,,,BELOW_MINIMUM_RELATIVE_VOLUME,False,,,,,,,,,,,,,
orb_v1.0,2024-05-30,363,INFA,BBG012THM4K0,0.7348369568839316,14,SHORT,False,BELOW_MINIMUM_RELATIVE_VOLUME,False,False,False,False,23628.0,32154.071428571428,1007441.1428571428,0.7107142857142849,29.04,29.04,28.63,28.84,True,BELOW_MINIMUM_RELATIVE_VOLUME,False,,,,,,,,,,,,,,BELOW_MINIMUM_RELATIVE_VOLUME,False,,,,,,,,,,,,,,BELOW_MINIMUM_RELATIVE_VOLUME,False,,,,,,,,,,,,,
orb_v1.0,2024-05-30,364,LEN,BBG001S5SRK3,0.7322806494860719,14,LONG,False,BELOW_MINIMUM_RELATIVE_VOLUME,True,False,False,False,24579.0,33565.0,1512660.9285714286,3.72321428571428,154.495,155.68,154.495,155.3,True,BELOW_MINIMUM_RELATIVE_VOLUME,False,,,,,,,,,,,,,,BELOW_MINIMUM_RELATIVE_VOLUME,False,,,,,,,,,,,,,,BELOW_MINIMUM_RELATIVE_VOLUME,False,,,,,,,,,,,,,
orb_v1.0,2024-05-30,365,CBRE,BBG001SC2D27,0.730378130427436,14,LONG,False,BELOW_MINIMUM_RELATIVE_VOLUME,True,False,False,False,18834.0,25786.64285714286,1489514.9285714286,1.8147428571428574,86.52,86.85,86.09,86.64,True,BELOW_MINIMUM_RELATIVE_VOLUME,False,,,,,,,,,,,,,,BELOW_MINIMUM_RELATIVE_VOLUME,False,,,,,,,,,,,,,,BELOW_MINIMUM_RELATIVE_VOLUME,False,,,,,,,,,,,,,
orb_v1.0,2024-05-30,366,OUST,BBG00XRTSTS0,0.730266544109274,14,LONG,False,BELOW_MINIMUM_RELATIVE_VOLUME,False,False,False,False,57259.0,78408.35714285714,1560915.7857142857,1.2578928571428574,12.3,12.72,12.21,12.65,False,BELOW_MINIMUM_RELATIVE_VOLUME,False,,,,,,,,,,,,,,BELOW_MINIMUM_RELATIVE_VOLUME,False,,,,,,,,,,,,,,BELOW_MINIMUM_RELATIVE_VOLUME,False,,,,,,,,,,,,,
orb_v1.0,2024-05-30,367,PRGO,0001585364,0.7297399721480264,14,LONG,False,BELOW_MINIMUM_RELATIVE_VOLUME,False,False,False,False,11416.0,15643.92857142857,1498306.5,0.6979428571428569,27.28,27.41,27.13,27.3,True,BELOW_MINIMUM_RELATIVE_VOLUME,False,,,,,,,,,,,,,,BELOW_MINIMUM_RELATIVE_VOLUME,False,,,,,,,,,,,,,,BELOW_MINIMUM_RELATIVE_VOLUME,False,,,,,,,,,,,,,
orb_v1.0,2024-05-30,368,RKT,BBG00VY1MZN4,0.7256636674650286,14,SHORT,False,BELOW_MINIMUM_RELATIVE_VOLUME,False,False,False,False,37180.0,51235.857142857145,2468728.5,0.620435714285714,13.88,13.88,13.78,13.785,True,BELOW_MINIMUM_RELATIVE_VOLUME,False,,,,,,,,,,,,,,BELOW_MINIMUM_RELATIVE_VOLUME,False,,,,,,,,,,,,,,BELOW_MINIMUM_RELATIVE_VOLUME,False,,,,,,,,,,,,,
orb_v1.0,2024-05-30,369,INVH,BBG00FQH6CJ7,0.7208479271112331,14,LONG,False,BELOW_MINIMUM_RELATIVE_VOLUME,True,False,False,False,22492.0,31202.14285714286,2220238.4285714286,0.5307142857142867,33.99,34.08,33.95,34.08,True,BELOW_MINIMUM_RELATIVE_VOLUME,False,,,,,,,,,,,,,,BELOW_MINIMUM_RELATIVE_VOLUME,False,,,,,,,,,,,,,,BELOW_MINIMUM_RELATIVE_VOLUME,False,,,,,,,,,,,,,
orb_v1.0,2024-05-30,370,KO,BBG001S5SMQ8,0.711493570099079,14,LONG,False,BELOW_MINIMUM_RELATIVE_VOLUME,True,False,False,False,293711.0,412809.0714285714,10038847.214285715,0.5901071428571437,61.85,61.95,61.8,61.925,True,BELOW_MINIMUM_RELATIVE_VOLUME,False,,,,,,,,,,,,,,BELOW_MINIMUM_RELATIVE_VOLUME,False,,,,,,,,,,,,,,BELOW_MINIMUM_RELATIVE_VOLUME,False,,,,,,,,,,,,,
orb_v1.0,2024-05-30,371,MET,BBG001S5T3R8,0.7111426195941457,14,LONG,False,BELOW_MINIMUM_RELATIVE_VOLUME,True,False,False,False,35252.0,49570.92857142857,2660519.1428571427,1.1417857142857142,70.35,70.7,70.33,70.7,True,BELOW_MINIMUM_RELATIVE_VOLUME,False,,,,,,,,,,,,,,BELOW_MINIMUM_RELATIVE_VOLUME,False,,,,,,,,,,,,,,BELOW_MINIMUM_RELATIVE_VOLUME,False,,,,,,,,,,,,,
orb_v1.0,2024-05-30,372,CLS,BBG001S9CXM7,0.7103949872978957,14,SHORT,False,BELOW_MINIMUM_RELATIVE_VOLUME,False,False,False,False,68511.0,96440.71428571429,2282189.5,2.1055785714285706,59.2,59.23,58.64,58.64,True,BELOW_MINIMUM_RELATIVE_VOLUME,False,,,,,,,,,,,,,,BELOW_MINIMUM_RELATIVE_VOLUME,False,,,,,,,,,,,,,,BELOW_MINIMUM_RELATIVE_VOLUME,False,,,,,,,,,,,,,
orb_v1.0,2024-05-30,373,NEP,BBG006JNW312,0.707437068280272,14,DOJI,False,BELOW_MINIMUM_RELATIVE_VOLUME,False,False,False,False,50030.0,70720.07142857143,1707973.7857142857,1.454842857142856,33.55,33.6,33.3501,33.55,False,BELOW_MINIMUM_RELATIVE_VOLUME,False,,,,,,,,,,,,,,BELOW_MINIMUM_RELATIVE_VOLUME,False,,,,,,,,,,,,,,BELOW_MINIMUM_RELATIVE_VOLUME,False,,,,,,,,,,,,,
orb_v1.0,2024-05-30,374,TMCI,BBG00GQKR6N3,0.7041223518324297,14,SHORT,False,BELOW_MINIMUM_RELATIVE_VOLUME,False,False,False,False,87948.0,124904.42857142857,2128697.3571428573,0.5659285714285713,5.5,5.59,5.47,5.47,False,BELOW_MINIMUM_RELATIVE_VOLUME,False,,,,,,,,,,,,,,BELOW_MINIMUM_RELATIVE_VOLUME,False,,,,,,,,,,,,,,BELOW_MINIMUM_RELATIVE_VOLUME,False,,,,,,,,,,,,,
orb_v1.0,2024-05-30,375,ON,BBG001SF7RS6,0.703317436553947,14,LONG,False,BELOW_MINIMUM_RELATIVE_VOLUME,True,False,False,False,87548.0,124478.64285714286,5477824.071428572,2.4203571428571453,71.05,71.395,70.61,71.245,True,BELOW_MINIMUM_RELATIVE_VOLUME,False,,,,,,,,,,,,,,BELOW_MINIMUM_RELATIVE_VOLUME,False,,,,,,,,,,,,,,BELOW_MINIMUM_RELATIVE_VOLUME,False,,,,,,,,,,,,,
orb_v1.0,2024-05-30,376,FYBR,BBG010MVVVX6,0.7017942847580873,14,LONG,False,BELOW_MINIMUM_RELATIVE_VOLUME,False,False,False,False,13181.0,18781.85714285714,1204541.7857142857,0.7378571428571424,25.96,26.25,25.85,26.25,True,BELOW_MINIMUM_RELATIVE_VOLUME,False,,,,,,,,,,,,,,BELOW_MINIMUM_RELATIVE_VOLUME,False,,,,,,,,,,,,,,BELOW_MINIMUM_RELATIVE_VOLUME,False,,,,,,,,,,,,,
orb_v1.0,2024-05-30,377,XPO,BBG001SJW3C0,0.7016266830701934,14,LONG,False,BELOW_MINIMUM_RELATIVE_VOLUME,False,False,False,False,8799.0,12540.857142857143,1284474.857142857,3.289528571428569,107.0,107.98,107.0,107.44,True,BELOW_MINIMUM_RELATIVE_VOLUME,False,,,,,,,,,,,,,,BELOW_MINIMUM_RELATIVE_VOLUME,False,,,,,,,,,,,,,,BELOW_MINIMUM_RELATIVE_VOLUME,False,,,,,,,,,,,,,
orb_v1.0,2024-05-30,378,BEAM,BBG00KXC8655,0.7015359700397277,14,LONG,False,BELOW_MINIMUM_RELATIVE_VOLUME,False,False,False,False,13862.0,19759.5,1009319.1428571428,1.4746428571428574,24.05,24.39,23.88,24.345,False,BELOW_MINIMUM_RELATIVE_VOLUME,False,,,,,,,,,,,,,,BELOW_MINIMUM_RELATIVE_VOLUME,False,,,,,,,,,,,,,,BELOW_MINIMUM_RELATIVE_VOLUME,False,,,,,,,,,,,,,
orb_v1.0,2024-05-30,379,CCL,BBG001S5PL01,0.699962065019939,14,LONG,False,BELOW_MINIMUM_RELATIVE_VOLUME,True,False,False,False,680865.0,972717.0,29282486.714285713,0.522342857142857,15.23,15.405,15.22,15.345,True,BELOW_MINIMUM_RELATIVE_VOLUME,False,,,,,,,,,,,,,,BELOW_MINIMUM_RELATIVE_VOLUME,False,,,,,,,,,,,,,,BELOW_MINIMUM_RELATIVE_VOLUME,False,,,,,,,,,,,,,
orb_v1.0,2024-05-30,380,FOUR,BBG00TX393M3,0.6998859530933607,14,SHORT,False,BELOW_MINIMUM_RELATIVE_VOLUME,False,False,False,False,38662.0,55240.42857142857,1847879.9285714286,3.5455928571428594,67.06,67.13,66.66,66.78,True,BELOW_MINIMUM_RELATIVE_VOLUME,False,,,,,,,,,,,,,,BELOW_MINIMUM_RELATIVE_VOLUME,False,,,,,,,,,,,,,,BELOW_MINIMUM_RELATIVE_VOLUME,False,,,,,,,,,,,,,
orb_v1.0,2024-05-30,381,LUV,BBG001S5SXC9,0.6991777595382168,14,LONG,False,BELOW_MINIMUM_RELATIVE_VOLUME,True,False,False,False,147065.0,210339.92857142858,8185710.0,0.7028571428571428,25.7,25.78,25.63,25.77,True,BELOW_MINIMUM_RELATIVE_VOLUME,False,,,,,,,,,,,,,,BELOW_MINIMUM_RELATIVE_VOLUME,False,,,,,,,,,,,,,,BELOW_MINIMUM_RELATIVE_VOLUME,False,,,,,,,,,,,,,
orb_v1.0,2024-05-30,382,KMX,BBG001SD9561,0.6982782307078531,14,LONG,False,BELOW_MINIMUM_RELATIVE_VOLUME,False,False,False,False,22691.0,32495.64285714286,1660948.0,1.95017857142857,68.12,68.625,67.77,68.58,True,BELOW_MINIMUM_RELATIVE_VOLUME,False,,,,,,,,,,,,,,BELOW_MINIMUM_RELATIVE_VOLUME,False,,,,,,,,,,,,,,BELOW_MINIMUM_RELATIVE_VOLUME,False,,,,,,,,,,,,,
orb_v1.0,2024-05-30,383,SBUX,BBG001S72KH6,0.6974600227538315,14,LONG,False,BELOW_MINIMUM_RELATIVE_VOLUME,True,False,False,False,245088.0,351400.78571428574,12653641.07142857,1.7332071428571456,77.1,77.48,77.055,77.39,True,BELOW_MINIMUM_RELATIVE_VOLUME,False,,,,,,,,,,,,,,BELOW_MINIMUM_RELATIVE_VOLUME,False,,,,,,,,,,,,,,BELOW_MINIMUM_RELATIVE_VOLUME,False,,,,,,,,,,,,,
orb_v1.0,2024-05-30,384,LBRT,BBG00GK831C5,0.6946454237618456,14,LONG,False,BELOW_MINIMUM_RELATIVE_VOLUME,False,False,False,False,24441.0,35184.857142857145,2051496.357142857,0.6973785714285713,23.47,23.765,23.47,23.765,True,BELOW_MINIMUM_RELATIVE_VOLUME,False,,,,,,,,,,,,,,BELOW_MINIMUM_RELATIVE_VOLUME,False,,,,,,,,,,,,,,BELOW_MINIMUM_RELATIVE_VOLUME,False,,,,,,,,,,,,,
orb_v1.0,2024-05-30,385,GILD,BBG001S6Y1X7,0.6945304821568286,14,SHORT,False,BELOW_MINIMUM_RELATIVE_VOLUME,True,False,False,False,99992.0,143970.64285714287,5804694.857142857,1.177657142857147,63.48,63.5,63.25,63.4,True,BELOW_MINIMUM_RELATIVE_VOLUME,False,,,,,,,,,,,,,,BELOW_MINIMUM_RELATIVE_VOLUME,False,,,,,,,,,,,,,,BELOW_MINIMUM_RELATIVE_VOLUME,False,,,,,,,,,,,,,
orb_v1.0,2024-05-30,386,RLAY,BBG00DSS08L8,0.6883771174208207,14,LONG,False,BELOW_MINIMUM_RELATIVE_VOLUME,False,False,False,False,15840.0,23010.64285714286,1368872.2857142857,0.524642857142857,6.25,6.36,6.18,6.35,True,BELOW_MINIMUM_RELATIVE_VOLUME,False,,,,,,,,,,,,,,BELOW_MINIMUM_RELATIVE_VOLUME,False,,,,,,,,,,,,,,BELOW_MINIMUM_RELATIVE_VOLUME,False,,,,,,,,,,,,,
orb_v1.0,2024-05-30,387,MARA,BBG001V0L7T2,0.6881240584777684,14,SHORT,False,BELOW_MINIMUM_RELATIVE_VOLUME,False,True,False,False,1178876.0,1713173.642857143,44843475.64285714,1.841871428571429,20.54,20.75,20.41,20.42,True,BELOW_MINIMUM_RELATIVE_VOLUME,False,,,,,,,,,,,,,,BELOW_MINIMUM_RELATIVE_VOLUME,False,,,,,,,,,,,,,,BELOW_MINIMUM_RELATIVE_VOLUME,False,,,,,,,,,,,,,
orb_v1.0,2024-05-30,388,PANW,BBG001T9NWN5,0.6867284251584593,14,SHORT,False,BELOW_MINIMUM_RELATIVE_VOLUME,True,False,False,False,158454.0,230737.5,4490854.928571428,9.580414285714287,304.0,304.35,301.47,301.62,True,BELOW_MINIMUM_RELATIVE_VOLUME,False,,,,,,,,,,,,,,BELOW_MINIMUM_RELATIVE_VOLUME,False,,,,,,,,,,,,,,BELOW_MINIMUM_RELATIVE_VOLUME,False,,,,,,,,,,,,,
orb_v1.0,2024-05-30,389,WSM,BBG001SBW7S1,0.6851476235513976,14,LONG,False,BELOW_MINIMUM_RELATIVE_VOLUME,True,False,False,False,17179.0,25073.428571428572,1253002.7857142857,12.54479285714286,282.26,285.07,282.01,284.64,True,BELOW_MINIMUM_RELATIVE_VOLUME,False,,,,,,,,,,,,,,BELOW_MINIMUM_RELATIVE_VOLUME,False,,,,,,,,,,,,,,BELOW_MINIMUM_RELATIVE_VOLUME,False,,,,,,,,,,,,,
orb_v1.0,2024-05-30,390,SU,BBG001S5YSF0,0.6850434747739379,14,LONG,False,BELOW_MINIMUM_RELATIVE_VOLUME,True,False,False,False,58572.0,85501.14285714286,5169392.357142857,0.9728571428571436,39.75,40.03,39.71,40.0,True,BELOW_MINIMUM_RELATIVE_VOLUME,False,,,,,,,,,,,,,,BELOW_MINIMUM_RELATIVE_VOLUME,False,,,,,,,,,,,,,,BELOW_MINIMUM_RELATIVE_VOLUME,False,,,,,,,,,,,,,
orb_v1.0,2024-05-30,391,CVS,BBG001S5QBD8,0.6848589787262608,14,LONG,False,BELOW_MINIMUM_RELATIVE_VOLUME,True,False,False,False,322104.0,470321.64285714284,13248995.357142856,1.337835714285715,53.67,54.29,53.65,54.15,True,BELOW_MINIMUM_RELATIVE_VOLUME,False,,,,,,,,,,,,,,BELOW_MINIMUM_RELATIVE_VOLUME,False,,,,,,,,,,,,,,BELOW_MINIMUM_RELATIVE_VOLUME,False,,,,,,,,,,,,,
orb_v1.0,2024-05-30,392,LBRDK,BBG006GNSZX4,0.6840181058495822,14,DOJI,False,BELOW_MINIMUM_RELATIVE_VOLUME,False,False,False,False,7858.0,11488.0,1073043.5714285714,1.438571428571429,51.77,51.8,51.52,51.77,False,BELOW_MINIMUM_RELATIVE_VOLUME,False,,,,,,,,,,,,,,BELOW_MINIMUM_RELATIVE_VOLUME,False,,,,,,,,,,,,,,BELOW_MINIMUM_RELATIVE_VOLUME,False,,,,,,,,,,,,,
orb_v1.0,2024-05-30,393,CTLT,BBG005XR47N7,0.6839341844170895,14,LONG,False,BELOW_MINIMUM_RELATIVE_VOLUME,False,False,False,False,22256.0,32541.14285714286,1427243.4285714286,0.5460714285714303,53.73,53.89,53.68,53.75,False,BELOW_MINIMUM_RELATIVE_VOLUME,False,,,,,,,,,,,,,,BELOW_MINIMUM_RELATIVE_VOLUME,False,,,,,,,,,,,,,,BELOW_MINIMUM_RELATIVE_VOLUME,False,,,,,,,,,,,,,
orb_v1.0,2024-05-30,394,BK,BBG001S5P6Q6,0.6838278640204363,14,LONG,False,BELOW_MINIMUM_RELATIVE_VOLUME,True,False,False,False,31320.0,45801.0,2708975.8571428573,0.7760714285714292,57.94,58.15,57.915,58.15,True,BELOW_MINIMUM_RELATIVE_VOLUME,False,,,,,,,,,,,,,,BELOW_MINIMUM_RELATIVE_VOLUME,False,,,,,,,,,,,,,,BELOW_MINIMUM_RELATIVE_VOLUME,False,,,,,,,,,,,,,
orb_v1.0,2024-05-30,395,K,BBG001S5SJL0,0.6792783513079306,14,SHORT,False,BELOW_MINIMUM_RELATIVE_VOLUME,True,False,False,False,25248.0,37168.857142857145,1993068.2142857143,0.8673214285714279,59.92,59.93,59.75,59.79,True,BELOW_MINIMUM_RELATIVE_VOLUME,False,,,,,,,,,,,,,,BELOW_MINIMUM_RELATIVE_VOLUME,False,,,,,,,,,,,,,,BELOW_MINIMUM_RELATIVE_VOLUME,False,,,,,,,,,,,,,
orb_v1.0,2024-05-30,396,AFL,BBG001S5NGJ4,0.6778340838936322,14,LONG,False,BELOW_MINIMUM_RELATIVE_VOLUME,True,False,False,False,23857.0,35195.92857142857,1694883.9285714286,1.0642857142857136,87.16,87.56,86.97,87.56,True,BELOW_MINIMUM_RELATIVE_VOLUME,False,,,,,,,,,,,,,,BELOW_MINIMUM_RELATIVE_VOLUME,False,,,,,,,,,,,,,,BELOW_MINIMUM_RELATIVE_VOLUME,False,,,,,,,,,,,,,
orb_v1.0,2024-05-30,397,NOG,BBG001SK2P31,0.677079477878945,14,LONG,False,BELOW_MINIMUM_RELATIVE_VOLUME,False,False,False,False,7840.0,11579.142857142857,1093083.9285714286,0.8974500000000002,39.78,40.05,39.78,39.955,True,BELOW_MINIMUM_RELATIVE_VOLUME,False,,,,,,,,,,,,,,BELOW_MINIMUM_RELATIVE_VOLUME,False,,,,,,,,,,,,,,BELOW_MINIMUM_RELATIVE_VOLUME,False,,,,,,,,,,,,,
orb_v1.0,2024-05-30,398,FLNC,BBG012QSDTD2,0.6736748042428887,14,LONG,False,BELOW_MINIMUM_RELATIVE_VOLUME,False,False,False,False,85082.0,126295.35714285714,3408986.0714285714,1.6418285714285712,24.66,25.0,24.48,24.675,True,BELOW_MINIMUM_RELATIVE_VOLUME,False,,,,,,,,,,,,,,BELOW_MINIMUM_RELATIVE_VOLUME,False,,,,,,,,,,,,,,BELOW_MINIMUM_RELATIVE_VOLUME,False,,,,,,,,,,,,,
orb_v1.0,2024-05-30,399,ALLY,BBG001S5RLN4,0.6719749923364833,14,LONG,False,BELOW_MINIMUM_RELATIVE_VOLUME,False,False,False,False,25366.0,37748.42857142857,2145643.9285714286,0.895385714285715,38.1,38.32,38.035,38.28,True,BELOW_MINIMUM_RELATIVE_VOLUME,False,,,,,,,,,,,,,,BELOW_MINIMUM_RELATIVE_VOLUME,False,,,,,,,,,,,,,,BELOW_MINIMUM_RELATIVE_VOLUME,False,,,,,,,,,,,,,
orb_v1.0,2024-05-30,400,SHLS,BBG00YQ82328,0.6703977186735808,14,SHORT,False,BELOW_MINIMUM_RELATIVE_VOLUME,False,False,False,False,120232.0,179344.2857142857,7401726.0,0.557142857142857,8.35,8.4,8.285,8.32,True,BELOW_MINIMUM_RELATIVE_VOLUME,False,,,,,,,,,,,,,,BELOW_MINIMUM_RELATIVE_VOLUME,False,,,,,,,,,,,,,,BELOW_MINIMUM_RELATIVE_VOLUME,False,,,,,,,,,,,,,
orb_v1.0,2024-05-30,401,MGA,BBG001S5SY91,0.6695696303479025,14,LONG,False,BELOW_MINIMUM_RELATIVE_VOLUME,False,False,False,False,21110.0,31527.714285714286,3047386.9285714286,0.8731285714285713,44.35,44.63,44.35,44.63,True,BELOW_MINIMUM_RELATIVE_VOLUME,False,,,,,,,,,,,,,,BELOW_MINIMUM_RELATIVE_VOLUME,False,,,,,,,,,,,,,,BELOW_MINIMUM_RELATIVE_VOLUME,False,,,,,,,,,,,,,
orb_v1.0,2024-05-30,402,SFM,BBG001V0MZS0,0.6692276775572733,14,LONG,False,BELOW_MINIMUM_RELATIVE_VOLUME,False,False,False,False,16413.0,24525.285714285714,1187221.642857143,1.7135785714285703,79.07,79.725,79.07,79.51,True,BELOW_MINIMUM_RELATIVE_VOLUME,False,,,,,,,,,,,,,,BELOW_MINIMUM_RELATIVE_VOLUME,False,,,,,,,,,,,,,,BELOW_MINIMUM_RELATIVE_VOLUME,False,,,,,,,,,,,,,
orb_v1.0,2024-05-30,403,SYK,BBG001S8FR03,0.6687794671766422,14,LONG,False,BELOW_MINIMUM_RELATIVE_VOLUME,True,False,False,False,20183.0,30178.85714285714,1411419.0714285714,5.26805714285715,340.54,341.655,340.5,341.04,True,BELOW_MINIMUM_RELATIVE_VOLUME,False,,,,,,,,,,,,,,BELOW_MINIMUM_RELATIVE_VOLUME,False,,,,,,,,,,,,,,BELOW_MINIMUM_RELATIVE_VOLUME,False,,,,,,,,,,,,,
orb_v1.0,2024-05-30,404,OKE,BBG001S5TWK1,0.6672772574110343,14,LONG,False,BELOW_MINIMUM_RELATIVE_VOLUME,True,False,False,False,36480.0,54669.92857142857,2089305.0,1.1684499999999989,79.58,80.08,79.575,80.08,True,BELOW_MINIMUM_RELATIVE_VOLUME,False,,,,,,,,,,,,,,BELOW_MINIMUM_RELATIVE_VOLUME,False,,,,,,,,,,,,,,BELOW_MINIMUM_RELATIVE_VOLUME,False,,,,,,,,,,,,,
orb_v1.0,2024-05-30,405,BRBR,BBG013QNJHW0,0.667200458772675,14,SHORT,False,BELOW_MINIMUM_RELATIVE_VOLUME,False,False,False,False,8809.0,13202.92857142857,1034056.7857142857,1.4428499999999989,58.32,58.34,58.14,58.14,True,BELOW_MINIMUM_RELATIVE_VOLUME,False,,,,,,,,,,,,,,BELOW_MINIMUM_RELATIVE_VOLUME,False,,,,,,,,,,,,,,BELOW_MINIMUM_RELATIVE_VOLUME,False,,,,,,,,,,,,,
orb_v1.0,2024-05-30,406,AMZN,BBG001S5PQL7,0.666954287235829,14,SHORT,False,BELOW_MINIMUM_RELATIVE_VOLUME,True,False,False,False,1325399.0,1987241.142857143,37225335.64285714,3.2928928571428537,181.31,181.34,180.15,180.195,True,BELOW_MINIMUM_RELATIVE_VOLUME,False,,,,,,,,,,,,,,BELOW_MINIMUM_RELATIVE_VOLUME,False,,,,,,,,,,,,,,BELOW_MINIMUM_RELATIVE_VOLUME,False,,,,,,,,,,,,,
orb_v1.0,2024-05-30,407,APH,BBG001S5NSK6,0.6650987020442006,14,LONG,False,BELOW_MINIMUM_RELATIVE_VOLUME,True,False,False,False,83422.0,125428.0,3540339.285714286,2.4905142857142897,133.11,133.56,133.01,133.26,True,BELOW_MINIMUM_RELATIVE_VOLUME,False,,,,,,,,,,,,,,BELOW_MINIMUM_RELATIVE_VOLUME,False,,,,,,,,,,,,,,BELOW_MINIMUM_RELATIVE_VOLUME,False,,,,,,,,,,,,,
orb_v1.0,2024-05-30,408,IBRX,BBG007T9DYX8,0.66465125795094,14,LONG,False,BELOW_MINIMUM_RELATIVE_VOLUME,False,False,False,False,93282.0,140347.2857142857,4611974.857142857,0.5703714285714284,6.45,6.5225,6.43,6.4991,True,BELOW_MINIMUM_RELATIVE_VOLUME,False,,,,,,,,,,,,,,BELOW_MINIMUM_RELATIVE_VOLUME,False,,,,,,,,,,,,,,BELOW_MINIMUM_RELATIVE_VOLUME,False,,,,,,,,,,,,,
orb_v1.0,2024-05-30,409,ARRY,BBG002MX7TQ9,0.6637169746637889,14,SHORT,False,BELOW_MINIMUM_RELATIVE_VOLUME,False,False,False,False,159448.0,240234.92857142858,7596645.214285715,1.0135357142857142,14.0,14.0,13.73,13.81,True,BELOW_MINIMUM_RELATIVE_VOLUME,False,,,,,,,,,,,,,,BELOW_MINIMUM_RELATIVE_VOLUME,False,,,,,,,,,,,,,,BELOW_MINIMUM_RELATIVE_VOLUME,False,,,,,,,,,,,,,
orb_v1.0,2024-05-30,410,WMT,BBG001S5XH92,0.6603829784375072,14,LONG,False,BELOW_MINIMUM_RELATIVE_VOLUME,True,False,False,False,589752.0,893045.4285714285,19784496.07142857,1.1057071428571408,64.93,65.1,64.77,65.05,True,BELOW_MINIMUM_RELATIVE_VOLUME,False,,,,,,,,,,,,,,BELOW_MINIMUM_RELATIVE_VOLUME,False,,,,,,,,,,,,,,BELOW_MINIMUM_RELATIVE_VOLUME,False,,,,,,,,,,,,,
orb_v1.0,2024-05-30,411,ELS,BBG001S5T5G5,0.6601580517204267,14,LONG,False,BELOW_MINIMUM_RELATIVE_VOLUME,False,False,False,False,6134.0,9291.714285714286,1052194.9285714286,1.102142857142857,61.61,61.77,61.53,61.76,True,BELOW_MINIMUM_RELATIVE_VOLUME,False,,,,,,,,,,,,,,BELOW_MINIMUM_RELATIVE_VOLUME,False,,,,,,,,,,,,,,BELOW_MINIMUM_RELATIVE_VOLUME,False,,,,,,,,,,,,,
orb_v1.0,2024-05-30,412,PCAR,BBG001S5V1S8,0.6594356352116798,14,LONG,False,BELOW_MINIMUM_RELATIVE_VOLUME,True,False,False,False,38302.0,58083.0,2175773.214285714,1.9207428571428562,105.3,105.86,105.3,105.795,True,BELOW_MINIMUM_RELATIVE_VOLUME,False,,,,,,,,,,,,,,BELOW_MINIMUM_RELATIVE_VOLUME,False,,,,,,,,,,,,,,BELOW_MINIMUM_RELATIVE_VOLUME,False,,,,,,,,,,,,,
orb_v1.0,2024-05-30,413,AMH,BBG003NXJNJ4,0.6573239260487387,14,LONG,False,BELOW_MINIMUM_RELATIVE_VOLUME,False,False,False,False,11639.0,17706.64285714286,1432674.0714285714,0.534392857142859,35.66,35.78,35.62,35.7767,False,BELOW_MINIMUM_RELATIVE_VOLUME,False,,,,,,,,,,,,,,BELOW_MINIMUM_RELATIVE_VOLUME,False,,,,,,,,,,,,,,BELOW_MINIMUM_RELATIVE_VOLUME,False,,,,,,,,,,,,,
orb_v1.0,2024-05-30,414,U,BBG0056JW5H5,0.6553708706660423,14,SHORT,False,BELOW_MINIMUM_RELATIVE_VOLUME,False,True,False,False,299577.0,457110.64285714284,12055674.57142857,0.9956285714285714,18.69,18.69,18.51,18.525,True,BELOW_MINIMUM_RELATIVE_VOLUME,False,,,,,,,,,,,,,,BELOW_MINIMUM_RELATIVE_VOLUME,False,,,,,,,,,,,,,,BELOW_MINIMUM_RELATIVE_VOLUME,False,,,,,,,,,,,,,
orb_v1.0,2024-05-30,415,GOOGL,BBG009S39JY5,0.6521496608253341,14,SHORT,False,BELOW_MINIMUM_RELATIVE_VOLUME,True,False,False,False,727124.0,1114964.9285714286,22848998.85714286,2.980785714285716,175.2,175.22,173.9675,174.0,True,BELOW_MINIMUM_RELATIVE_VOLUME,False,,,,,,,,,,,,,,BELOW_MINIMUM_RELATIVE_VOLUME,False,,,,,,,,,,,,,,BELOW_MINIMUM_RELATIVE_VOLUME,False,,,,,,,,,,,,,
orb_v1.0,2024-05-30,416,JPM,BBG001S8CRC3,0.649242440068161,14,LONG,False,BELOW_MINIMUM_RELATIVE_VOLUME,True,False,False,False,217554.0,335089.0,9068300.57142857,3.3096285714285734,198.56,199.49,198.4,199.47,True,BELOW_MINIMUM_RELATIVE_VOLUME,False,,,,,,,,,,,,,,BELOW_MINIMUM_RELATIVE_VOLUME,False,,,,,,,,,,,,,,BELOW_MINIMUM_RELATIVE_VOLUME,False,,,,,,,,,,,,,
orb_v1.0,2024-05-30,417,A,BBG001SCTQY4,0.6490038033604375,14,LONG,False,BELOW_MINIMUM_RELATIVE_VOLUME,True,False,False,False,18295.0,28189.35714285714,1364242.5,3.025035714285715,125.3,131.63,125.3,131.63,True,BELOW_MINIMUM_RELATIVE_VOLUME,False,,,,,,,,,,,,,,BELOW_MINIMUM_RELATIVE_VOLUME,False,,,,,,,,,,,,,,BELOW_MINIMUM_RELATIVE_VOLUME,False,,,,,,,,,,,,,
orb_v1.0,2024-05-30,418,MAC,BBG001S7HGB5,0.6472040382702251,14,LONG,False,BELOW_MINIMUM_RELATIVE_VOLUME,False,False,False,False,18820.0,29078.928571428572,1957384.7142857143,0.5715785714285716,14.63,14.73,14.555,14.68,True,BELOW_MINIMUM_RELATIVE_VOLUME,False,,,,,,,,,,,,,,BELOW_MINIMUM_RELATIVE_VOLUME,False,,,,,,,,,,,,,,BELOW_MINIMUM_RELATIVE_VOLUME,False,,,,,,,,,,,,,
orb_v1.0,2024-05-30,419,LPX,BBG001S5SW04,0.6462746977975584,14,LONG,False,BELOW_MINIMUM_RELATIVE_VOLUME,False,False,False,False,8474.0,13112.07142857143,1078070.7857142857,2.05527857142857,89.17,89.805,89.17,89.79,True,BELOW_MINIMUM_RELATIVE_VOLUME,False,,,,,,,,,,,,,,BELOW_MINIMUM_RELATIVE_VOLUME,False,,,,,,,,,,,,,,BELOW_MINIMUM_RELATIVE_VOLUME,False,,,,,,,,,,,,,
orb_v1.0,2024-05-30,420,SYM,BBG00Z72HCX9,0.6427018446548799,14,SHORT,False,BELOW_MINIMUM_RELATIVE_VOLUME,False,False,False,False,20967.0,32623.214285714286,1070553.0714285714,2.300435714285714,41.3,41.39,40.75,40.7748,True,BELOW_MINIMUM_RELATIVE_VOLUME,False,,,,,,,,,,,,,,BELOW_MINIMUM_RELATIVE_VOLUME,False,,,,,,,,,,,,,,BELOW_MINIMUM_RELATIVE_VOLUME,False,,,,,,,,,,,,,
orb_v1.0,2024-05-30,421,LULU,BBG001STBM75,0.6422988153820007,14,LONG,False,BELOW_MINIMUM_RELATIVE_VOLUME,True,False,False,False,70726.0,110113.85714285714,2827480.6428571427,9.50887142857143,299.84,301.61,299.0,301.52,True,BELOW_MINIMUM_RELATIVE_VOLUME,False,,,,,,,,,,,,,,BELOW_MINIMUM_RELATIVE_VOLUME,False,,,,,,,,,,,,,,BELOW_MINIMUM_RELATIVE_VOLUME,False,,,,,,,,,,,,,
orb_v1.0,2024-05-30,422,ALK,BBG001S5NLG6,0.6395491579674827,14,LONG,False,BELOW_MINIMUM_RELATIVE_VOLUME,False,False,False,False,20095.0,31420.571428571428,1463388.857142857,1.0478428571428577,40.74,40.92,40.7308,40.92,True,BELOW_MINIMUM_RELATIVE_VOLUME,False,,,,,,,,,,,,,,BELOW_MINIMUM_RELATIVE_VOLUME,False,,,,,,,,,,,,,,BELOW_MINIMUM_RELATIVE_VOLUME,False,,,,,,,,,,,,,
orb_v1.0,2024-05-30,423,CHK,BBG00Z6DX607,0.6391880550404997,14,LONG,False,BELOW_MINIMUM_RELATIVE_VOLUME,False,False,False,False,11696.0,18298.214285714286,1350287.4285714286,1.7493428571428578,89.62,90.25,89.43,90.25,True,BELOW_MINIMUM_RELATIVE_VOLUME,False,,,,,,,,,,,,,,BELOW_MINIMUM_RELATIVE_VOLUME,False,,,,,,,,,,,,,,BELOW_MINIMUM_RELATIVE_VOLUME,False,,,,,,,,,,,,,
orb_v1.0,2024-05-30,424,WTRG,BBG001S5VFD3,0.6371310373833926,14,LONG,False,BELOW_MINIMUM_RELATIVE_VOLUME,False,False,False,False,13850.0,21738.071428571428,1177099.9285714286,0.6714285714285718,36.1,36.3,36.1,36.3,True,BELOW_MINIMUM_RELATIVE_VOLUME,False,,,,,,,,,,,,,,BELOW_MINIMUM_RELATIVE_VOLUME,False,,,,,,,,,,,,,,BELOW_MINIMUM_RELATIVE_VOLUME,False,,,,,,,,,,,,,
orb_v1.0,2024-05-30,425,INTC,BBG001S5SF65,0.6370915915207785,14,LONG,False,BELOW_MINIMUM_RELATIVE_VOLUME,True,False,False,False,819208.0,1285855.9285714286,43008343.78571428,0.8382499999999996,30.21,30.38,30.1837,30.2499,True,BELOW_MINIMUM_RELATIVE_VOLUME,False,,,,,,,,,,,,,,BELOW_MINIMUM_RELATIVE_VOLUME,False,,,,,,,,,,,,,,BELOW_MINIMUM_RELATIVE_VOLUME,False,,,,,,,,,,,,,
orb_v1.0,2024-05-30,426,NNOX,0001795251,0.6368371724162791,14,SHORT,False,BELOW_MINIMUM_RELATIVE_VOLUME,False,False,False,False,35333.0,55482.0,1005680.3571428572,0.5768285714285711,8.61,8.611,8.4798,8.4798,True,BELOW_MINIMUM_RELATIVE_VOLUME,False,,,,,,,,,,,,,,BELOW_MINIMUM_RELATIVE_VOLUME,False,,,,,,,,,,,,,,BELOW_MINIMUM_RELATIVE_VOLUME,False,,,,,,,,,,,,,
orb_v1.0,2024-05-30,427,INMD,0001742692,0.6346526937171473,14,LONG,False,BELOW_MINIMUM_RELATIVE_VOLUME,False,False,False,False,19137.0,30153.5,1019627.7142857143,0.5556714285714293,18.94,19.03,18.9,19.025,True,BELOW_MINIMUM_RELATIVE_VOLUME,False,,,,,,,,,,,,,,BELOW_MINIMUM_RELATIVE_VOLUME,False,,,,,,,,,,,,,,BELOW_MINIMUM_RELATIVE_VOLUME,False,,,,,,,,,,,,,
orb_v1.0,2024-05-30,428,FIS,BBG001S8SWQ0,0.6338908902110514,14,SHORT,False,BELOW_MINIMUM_RELATIVE_VOLUME,True,False,False,False,49534.0,78142.78571428571,4027347.1428571427,1.3679357142857143,74.66,74.88,74.03,74.405,True,BELOW_MINIMUM_RELATIVE_VOLUME,False,,,,,,,,,,,,,,BELOW_MINIMUM_RELATIVE_VOLUME,False,,,,,,,,,,,,,,BELOW_MINIMUM_RELATIVE_VOLUME,False,,,,,,,,,,,,,
orb_v1.0,2024-05-30,429,DIS,BBG001S5QHF3,0.6329862521316777,14,SHORT,False,BELOW_MINIMUM_RELATIVE_VOLUME,True,False,False,False,285993.0,451815.5,10274263.57142857,1.638614285714284,101.135,101.49,100.97,101.095,False,BELOW_MINIMUM_RELATIVE_VOLUME,False,,,,,,,,,,,,,,BELOW_MINIMUM_RELATIVE_VOLUME,False,,,,,,,,,,,,,,BELOW_MINIMUM_RELATIVE_VOLUME,False,,,,,,,,,,,,,
orb_v1.0,2024-05-30,430,ADP,BBG001S82KF6,0.6321545859011483,14,SHORT,False,BELOW_MINIMUM_RELATIVE_VOLUME,True,False,False,False,18603.0,29427.928571428572,1104793.642857143,3.4599714285714276,240.67,240.67,240.03,240.24,True,BELOW_MINIMUM_RELATIVE_VOLUME,False,,,,,,,,,,,,,,BELOW_MINIMUM_RELATIVE_VOLUME,False,,,,,,,,,,,,,,BELOW_MINIMUM_RELATIVE_VOLUME,False,,,,,,,,,,,,,
orb_v1.0,2024-05-30,431,EQR,BBG001S723L9,0.6318493838063506,14,LONG,False,BELOW_MINIMUM_RELATIVE_VOLUME,True,False,False,False,15740.0,24911.0,1580919.5,1.0278571428571415,63.67,63.93,63.44,63.92,True,BELOW_MINIMUM_RELATIVE_VOLUME,False,,,,,,,,,,,,,,BELOW_MINIMUM_RELATIVE_VOLUME,False,,,,,,,,,,,,,,BELOW_MINIMUM_RELATIVE_VOLUME,False,,,,,,,,,,,,,
orb_v1.0,2024-05-30,432,FIVN,BBG001V0P7K7,0.629416721280779,14,SHORT,False,BELOW_MINIMUM_RELATIVE_VOLUME,False,False,False,False,12005.0,19073.214285714286,1023239.7857142857,1.4439071428571404,47.21,47.38,46.79,46.79,True,BELOW_MINIMUM_RELATIVE_VOLUME,False,,,,,,,,,,,,,,BELOW_MINIMUM_RELATIVE_VOLUME,False,,,,,,,,,,,,,,BELOW_MINIMUM_RELATIVE_VOLUME,False,,,,,,,,,,,,,
orb_v1.0,2024-05-30,433,BN,BBG001SF86D7,0.6286919706824066,14,LONG,False,BELOW_MINIMUM_RELATIVE_VOLUME,True,False,False,False,30463.0,48454.57142857143,2290923.1428571427,0.7862142857142851,42.19,42.45,42.05,42.4,True,BELOW_MINIMUM_RELATIVE_VOLUME,False,,,,,,,,,,,,,,BELOW_MINIMUM_RELATIVE_VOLUME,False,,,,,,,,,,,,,,BELOW_MINIMUM_RELATIVE_VOLUME,False,,,,,,,,,,,,,
orb_v1.0,2024-05-30,434,TXG,BBG007WX14Y9,0.6279173159182828,14,SHORT,False,BELOW_MINIMUM_RELATIVE_VOLUME,False,False,False,False,20782.0,33096.71428571428,1575634.357142857,1.2389000000000006,22.2,22.305,22.11,22.17,True,BELOW_MINIMUM_RELATIVE_VOLUME,False,,,,,,,,,,,,,,BELOW_MINIMUM_RELATIVE_VOLUME,False,,,,,,,,,,,,,,BELOW_MINIMUM_RELATIVE_VOLUME,False,,,,,,,,,,,,,
orb_v1.0,2024-05-30,435,EGO,BBG001S5YPQ4,0.6276210518101992,14,SHORT,False,BELOW_MINIMUM_RELATIVE_VOLUME,False,False,False,False,36769.0,58584.71428571428,1372617.0714285714,0.5242642857142858,16.04,16.16,16.02,16.02,False,BELOW_MINIMUM_RELATIVE_VOLUME,False,,,,,,,,,,,,,,BELOW_MINIMUM_RELATIVE_VOLUME,False,,,,,,,,,,,,,,BELOW_MINIMUM_RELATIVE_VOLUME,False,,,,,,,,,,,,,
orb_v1.0,2024-05-30,436,YETI,BBG00D8JC891,0.625990405071815,14,LONG,False,BELOW_MINIMUM_RELATIVE_VOLUME,False,False,False,False,30412.0,48582.21428571428,1806937.857142857,1.6614428571428559,39.31,40.0,39.1845,39.93,True,BELOW_MINIMUM_RELATIVE_VOLUME,False,,,,,,,,,,,,,,BELOW_MINIMUM_RELATIVE_VOLUME,False,,,,,,,,,,,,,,BELOW_MINIMUM_RELATIVE_VOLUME,False,,,,,,,,,,,,,
orb_v1.0,2024-05-30,437,ABNB,BBG001Y2XS16,0.6249734300493879,14,LONG,False,BELOW_MINIMUM_RELATIVE_VOLUME,True,False,False,False,155622.0,249005.7857142857,5098537.642857143,3.45112142857143,145.4,146.455,145.4,146.425,True,BELOW_MINIMUM_RELATIVE_VOLUME,False,,,,,,,,,,,,,,BELOW_MINIMUM_RELATIVE_VOLUME,False,,,,,,,,,,,,,,BELOW_MINIMUM_RELATIVE_VOLUME,False,,,,,,,,,,,,,
orb_v1.0,2024-05-30,438,CLX,BBG001S5PX50,0.6241981213666343,14,SHORT,False,BELOW_MINIMUM_RELATIVE_VOLUME,True,False,False,False,11857.0,18995.571428571428,1151492.9285714286,2.0995999999999992,128.63,128.686,128.21,128.47,True,BELOW_MINIMUM_RELATIVE_VOLUME,False,,,,,,,,,,,,,,BELOW_MINIMUM_RELATIVE_VOLUME,False,,,,,,,,,,,,,,BELOW_MINIMUM_RELATIVE_VOLUME,False,,,,,,,,,,,,,
orb_v1.0,2024-05-30,439,MRK,BBG001S5TC52,0.6234494620953442,14,LONG,False,BELOW_MINIMUM_RELATIVE_VOLUME,True,False,False,False,113399.0,181889.64285714287,6883530.5,1.8052214285714265,125.98,126.4,125.82,126.31,True,BELOW_MINIMUM_RELATIVE_VOLUME,False,,,,,,,,,,,,,,BELOW_MINIMUM_RELATIVE_VOLUME,False,,,,,,,,,,,,,,BELOW_MINIMUM_RELATIVE_VOLUME,False,,,,,,,,,,,,,
orb_v1.0,2024-05-30,440,BHVN,0001935979,0.6206560932993088,14,LONG,False,BELOW_MINIMUM_RELATIVE_VOLUME,False,False,False,False,36257.0,58417.21428571428,1782091.357142857,3.6954285714285704,33.49,33.88,33.2151,33.75,True,BELOW_MINIMUM_RELATIVE_VOLUME,False,,,,,,,,,,,,,,BELOW_MINIMUM_RELATIVE_VOLUME,False,,,,,,,,,,,,,,BELOW_MINIMUM_RELATIVE_VOLUME,False,,,,,,,,,,,,,
orb_v1.0,2024-05-30,441,ATO,BBG001S5VG05,0.620181062711538,14,SHORT,False,BELOW_MINIMUM_RELATIVE_VOLUME,True,False,False,False,11269.0,18170.5,1370029.9285714286,1.8553500000000014,111.83,111.85,111.625,111.76,True,BELOW_MINIMUM_RELATIVE_VOLUME,False,,,,,,,,,,,,,,BELOW_MINIMUM_RELATIVE_VOLUME,False,,,,,,,,,,,,,,BELOW_MINIMUM_RELATIVE_VOLUME,False,,,,,,,,,,,,,
orb_v1.0,2024-05-30,442,GM,BBG001SM1DK6,0.6194780331421863,14,LONG,False,BELOW_MINIMUM_RELATIVE_VOLUME,True,False,False,False,195994.0,316385.71428571426,10834002.214285715,0.8036357142857139,42.81,43.045,42.7505,42.95,True,BELOW_MINIMUM_RELATIVE_VOLUME,False,,,,,,,,,,,,,,BELOW_MINIMUM_RELATIVE_VOLUME,False,,,,,,,,,,,,,,BELOW_MINIMUM_RELATIVE_VOLUME,False,,,,,,,,,,,,,
orb_v1.0,2024-05-30,443,DHI,BBG001S8M692,0.6186286642431743,14,LONG,False,BELOW_MINIMUM_RELATIVE_VOLUME,True,False,False,False,31993.0,51716.0,2249029.214285714,3.4895142857142867,142.65,143.81,142.44,143.73,True,BELOW_MINIMUM_RELATIVE_VOLUME,False,,,,,,,,,,,,,,BELOW_MINIMUM_RELATIVE_VOLUME,False,,,,,,,,,,,,,,BELOW_MINIMUM_RELATIVE_VOLUME,False,,,,,,,,,,,,,
orb_v1.0,2024-05-30,444,O,BBG001S884K0,0.6177290861883351,14,LONG,False,BELOW_MINIMUM_RELATIVE_VOLUME,True,False,False,False,121932.0,197387.5,4942255.857142857,0.7906714285714287,51.54,51.8,51.5375,51.775,True,BELOW_MINIMUM_RELATIVE_VOLUME,False,,,,,,,,,,,,,,BELOW_MINIMUM_RELATIVE_VOLUME,False,,,,,,,,,,,,,,BELOW_MINIMUM_RELATIVE_VOLUME,False,,,,,,,,,,,,,
orb_v1.0,2024-05-30,445,RMBS,BBG001S7RF80,0.6161277406984303,14,LONG,False,BELOW_MINIMUM_RELATIVE_VOLUME,False,False,False,False,11981.0,19445.64285714286,1078117.0,1.8428499999999997,55.04,55.24,54.845,55.23,True,BELOW_MINIMUM_RELATIVE_VOLUME,False,,,,,,,,,,,,,,BELOW_MINIMUM_RELATIVE_VOLUME,False,,,,,,,,,,,,,,BELOW_MINIMUM_RELATIVE_VOLUME,False,,,,,,,,,,,,,
orb_v1.0,2024-05-30,446,ETN,0001551182,0.6150140737134148,14,LONG,False,BELOW_MINIMUM_RELATIVE_VOLUME,True,False,False,False,30496.0,49585.857142857145,1634856.0714285714,6.681071428571422,332.29,333.8843,331.4708,333.39,True,BELOW_MINIMUM_RELATIVE_VOLUME,False,,,,,,,,,,,,,,BELOW_MINIMUM_RELATIVE_VOLUME,False,,,,,,,,,,,,,,BELOW_MINIMUM_RELATIVE_VOLUME,False,,,,,,,,,,,,,
orb_v1.0,2024-05-30,447,HRB,BBG001S5S031,0.6143104704020895,14,LONG,False,BELOW_MINIMUM_RELATIVE_VOLUME,False,False,False,False,12230.0,19908.5,1494697.2857142857,1.5266071428571415,50.04,50.2,49.92,50.1,True,BELOW_MINIMUM_RELATIVE_VOLUME,False,,,,,,,,,,,,,,BELOW_MINIMUM_RELATIVE_VOLUME,False,,,,,,,,,,,,,,BELOW_MINIMUM_RELATIVE_VOLUME,False,,,,,,,,,,,,,
orb_v1.0,2024-05-30,448,ABR,BBG001SJP3G4,0.6114025104774105,14,LONG,False,BELOW_MINIMUM_RELATIVE_VOLUME,False,False,False,False,144823.0,236870.14285714287,5691259.071428572,0.5805357142857142,13.2,13.44,13.18,13.38,True,BELOW_MINIMUM_RELATIVE_VOLUME,False,,,,,,,,,,,,,,BELOW_MINIMUM_RELATIVE_VOLUME,False,,,,,,,,,,,,,,BELOW_MINIMUM_RELATIVE_VOLUME,False,,,,,,,,,,,,,
orb_v1.0,2024-05-30,449,VRT,BBG00L2B8LM7,0.6084531017171878,14,LONG,False,BELOW_MINIMUM_RELATIVE_VOLUME,True,False,False,False,231115.0,379840.28571428574,7427013.642857143,4.844164285714288,102.85,103.8,102.35,102.8984,True,BELOW_MINIMUM_RELATIVE_VOLUME,False,,,,,,,,,,,,,,BELOW_MINIMUM_RELATIVE_VOLUME,False,,,,,,,,,,,,,,BELOW_MINIMUM_RELATIVE_VOLUME,False,,,,,,,,,,,,,
orb_v1.0,2024-05-30,450,BJ,BBG00FQ8T4M6,0.6084430779277318,14,LONG,False,BELOW_MINIMUM_RELATIVE_VOLUME,False,False,False,False,12778.0,21001.14285714286,1783587.642857143,2.346964285714286,85.3,85.97,84.97,85.735,True,BELOW_MINIMUM_RELATIVE_VOLUME,False,,,,,,,,,,,,,,BELOW_MINIMUM_RELATIVE_VOLUME,False,,,,,,,,,,,,,,BELOW_MINIMUM_RELATIVE_VOLUME,False,,,,,,,,,,,,,
orb_v1.0,2024-05-30,451,BLDR,BBG001S9CFC7,0.6082229664406091,14,LONG,False,BELOW_MINIMUM_RELATIVE_VOLUME,True,False,False,False,30602.0,50313.78571428572,2158823.0714285714,5.456142857142851,157.6,158.5,157.04,157.798,True,BELOW_MINIMUM_RELATIVE_VOLUME,False,,,,,,,,,,,,,,BELOW_MINIMUM_RELATIVE_VOLUME,False,,,,,,,,,,,,,,BELOW_MINIMUM_RELATIVE_VOLUME,False,,,,,,,,,,,,,
orb_v1.0,2024-05-30,452,SNOW,BBG007DHGNK2,0.6073647168155616,14,SHORT,False,BELOW_MINIMUM_RELATIVE_VOLUME,True,False,False,False,170018.0,279927.35714285716,5442172.714285715,4.692528571428572,147.0,147.7,146.09,146.09,True,BELOW_MINIMUM_RELATIVE_VOLUME,False,,,,,,,,,,,,,,BELOW_MINIMUM_RELATIVE_VOLUME,False,,,,,,,,,,,,,,BELOW_MINIMUM_RELATIVE_VOLUME,False,,,,,,,,,,,,,
orb_v1.0,2024-05-30,453,IRM,BBG001SCQ2X1,0.606476360996099,14,LONG,False,BELOW_MINIMUM_RELATIVE_VOLUME,True,False,False,False,16646.0,27447.071428571428,1153381.2857142857,1.5639857142857139,78.76,78.96,78.5709,78.96,True,BELOW_MINIMUM_RELATIVE_VOLUME,False,,,,,,,,,,,,,,BELOW_MINIMUM_RELATIVE_VOLUME,False,,,,,,,,,,,,,,BELOW_MINIMUM_RELATIVE_VOLUME,False,,,,,,,,,,,,,
orb_v1.0,2024-05-30,454,CTSH,BBG001S5STN6,0.6062651286210745,14,SHORT,False,BELOW_MINIMUM_RELATIVE_VOLUME,True,False,False,False,40897.0,67457.28571428571,3100391.714285714,1.1930357142857122,65.95,66.005,65.5,65.735,True,BELOW_MINIMUM_RELATIVE_VOLUME,False,,,,,,,,,,,,,,BELOW_MINIMUM_RELATIVE_VOLUME,False,,,,,,,,,,,,,,BELOW_MINIMUM_RELATIVE_VOLUME,False,,,,,,,,,,,,,
orb_v1.0,2024-05-30,455,EVRG,BBG00H433CS1,0.6057849561444688,14,SHORT,False,BELOW_MINIMUM_RELATIVE_VOLUME,False,False,False,False,19817.0,32712.928571428572,2189010.785714286,0.8290999999999998,53.01,53.01,52.87,52.94,True,BELOW_MINIMUM_RELATIVE_VOLUME,False,,,,,,,,,,,,,,BELOW_MINIMUM_RELATIVE_VOLUME,False,,,,,,,,,,,,,,BELOW_MINIMUM_RELATIVE_VOLUME,False,,,,,,,,,,,,,
orb_v1.0,2024-05-30,456,APG,BBG00HVV7984,0.6057221081451061,14,LONG,False,BELOW_MINIMUM_RELATIVE_VOLUME,False,False,False,False,11062.0,18262.5,1412764.9285714286,0.8742857142857149,35.41,35.54,35.385,35.48,True,BELOW_MINIMUM_RELATIVE_VOLUME,False,,,,,,,,,,,,,,BELOW_MINIMUM_RELATIVE_VOLUME,False,,,,,,,,,,,,,,BELOW_MINIMUM_RELATIVE_VOLUME,False,,,,,,,,,,,,,
orb_v1.0,2024-05-30,457,W,BBG001THKQ26,0.6026624767275427,14,SHORT,False,BELOW_MINIMUM_RELATIVE_VOLUME,False,False,False,False,44000.0,73009.35714285714,3743279.1428571427,3.2969714285714296,58.94,59.01,58.53,58.53,True,BELOW_MINIMUM_RELATIVE_VOLUME,False,,,,,,,,,,,,,,BELOW_MINIMUM_RELATIVE_VOLUME,False,,,,,,,,,,,,,,BELOW_MINIMUM_RELATIVE_VOLUME,False,,,,,,,,,,,,,
orb_v1.0,2024-05-30,458,MU,BBG001S6P675,0.602661597641193,14,LONG,False,BELOW_MINIMUM_RELATIVE_VOLUME,True,False,False,False,479278.0,795268.8571428572,14721829.642857144,3.9705000000000004,130.3,131.67,130.1,130.62,False,BELOW_MINIMUM_RELATIVE_VOLUME,False,,,,,,,,,,,,,,BELOW_MINIMUM_RELATIVE_VOLUME,False,,,,,,,,,,,,,,BELOW_MINIMUM_RELATIVE_VOLUME,False,,,,,,,,,,,,,
orb_v1.0,2024-05-30,459,ODFL,BBG001S6WQT9,0.6024500963870406,14,LONG,False,BELOW_MINIMUM_RELATIVE_VOLUME,True,False,False,False,28372.0,47094.357142857145,2052240.9285714286,3.8576428571428596,170.91,171.76,170.565,171.76,True,BELOW_MINIMUM_RELATIVE_VOLUME,False,,,,,,,,,,,,,,BELOW_MINIMUM_RELATIVE_VOLUME,False,,,,,,,,,,,,,,BELOW_MINIMUM_RELATIVE_VOLUME,False,,,,,,,,,,,,,
orb_v1.0,2024-05-30,460,HON,BBG001S5X1N1,0.6006890195982353,14,LONG,False,BELOW_MINIMUM_RELATIVE_VOLUME,True,False,False,False,45533.0,75801.28571428571,2457824.5,2.586428571428574,197.8,198.645,197.4001,198.645,True,BELOW_MINIMUM_RELATIVE_VOLUME,False,,,,,,,,,,,,,,BELOW_MINIMUM_RELATIVE_VOLUME,False,,,,,,,,,,,,,,BELOW_MINIMUM_RELATIVE_VOLUME,False,,,,,,,,,,,,,
orb_v1.0,2024-05-30,461,COF,BBG001S65PV8,0.5997199707457882,14,LONG,False,BELOW_MINIMUM_RELATIVE_VOLUME,True,False,False,False,19856.0,33108.78571428572,1774379.9285714286,2.1585714285714346,136.24,136.87,136.24,136.58,False,BELOW_MINIMUM_RELATIVE_VOLUME,False,,,,,,,,,,,,,,BELOW_MINIMUM_RELATIVE_VOLUME,False,,,,,,,,,,,,,,BELOW_MINIMUM_RELATIVE_VOLUME,False,,,,,,,,,,,,,
orb_v1.0,2024-05-30,462,UAL,BBG001SQ87W0,0.5970241022781605,14,SHORT,False,BELOW_MINIMUM_RELATIVE_VOLUME,True,False,False,False,155638.0,260689.64285714287,6162939.714285715,1.3186642857142847,51.96,52.115,51.5,51.82,True,BELOW_MINIMUM_RELATIVE_VOLUME,False,,,,,,,,,,,,,,BELOW_MINIMUM_RELATIVE_VOLUME,False,,,,,,,,,,,,,,BELOW_MINIMUM_RELATIVE_VOLUME,False,,,,,,,,,,,,,
orb_v1.0,2024-05-30,463,ES,BBG001S5TRL1,0.5968905521841299,14,LONG,False,BELOW_MINIMUM_RELATIVE_VOLUME,True,False,False,False,26943.0,45138.92857142857,1818028.4285714286,1.10437142857143,57.14,57.265,57.07,57.21,True,BELOW_MINIMUM_RELATIVE_VOLUME,False,,,,,,,,,,,,,,BELOW_MINIMUM_RELATIVE_VOLUME,False,,,,,,,,,,,,,,BELOW_MINIMUM_RELATIVE_VOLUME,False,,,,,,,,,,,,,
orb_v1.0,2024-05-30,464,PRU,BBG001S97MM7,0.5926506280011561,14,LONG,False,BELOW_MINIMUM_RELATIVE_VOLUME,True,False,False,False,24314.0,41025.857142857145,1328126.5,1.686635714285713,117.42,118.01,117.04,117.97,True,BELOW_MINIMUM_RELATIVE_VOLUME,False,,,,,,,,,,,,,,BELOW_MINIMUM_RELATIVE_VOLUME,False,,,,,,,,,,,,,,BELOW_MINIMUM_RELATIVE_VOLUME,False,,,,,,,,,,,,,
orb_v1.0,2024-05-30,465,CFLT,BBG007HWGYS3,0.5918099781375705,14,DOJI,False,BELOW_MINIMUM_RELATIVE_VOLUME,False,False,False,False,50137.0,84718.07142857143,3353419.4285714286,1.1803571428571424,29.96,30.1033,29.87,29.96,False,BELOW_MINIMUM_RELATIVE_VOLUME,False,,,,,,,,,,,,,,BELOW_MINIMUM_RELATIVE_VOLUME,False,,,,,,,,,,,,,,BELOW_MINIMUM_RELATIVE_VOLUME,False,,,,,,,,,,,,,
orb_v1.0,2024-05-30,466,NDAQ,BBG001SKTBJ6,0.5917955516058889,14,LONG,False,BELOW_MINIMUM_RELATIVE_VOLUME,True,False,False,False,28635.0,48386.642857142855,1965309.9285714286,0.9698357142857158,60.0,60.15,59.88,60.06,False,BELOW_MINIMUM_RELATIVE_VOLUME,False,,,,,,,,,,,,,,BELOW_MINIMUM_RELATIVE_VOLUME,False,,,,,,,,,,,,,,BELOW_MINIMUM_RELATIVE_VOLUME,False,,,,,,,,,,,,,
orb_v1.0,2024-05-30,467,ABBV,BBG0025Y4RZ3,0.5915056720336197,14,LONG,False,BELOW_MINIMUM_RELATIVE_VOLUME,True,False,False,False,85748.0,144965.64285714287,4459110.714285715,2.424349999999996,154.65,155.06,154.43,154.67,True,BELOW_MINIMUM_RELATIVE_VOLUME,False,,,,,,,,,,,,,,BELOW_MINIMUM_RELATIVE_VOLUME,False,,,,,,,,,,,,,,BELOW_MINIMUM_RELATIVE_VOLUME,False,,,,,,,,,,,,,
orb_v1.0,2024-05-30,468,ARHS,BBG012TKHZW7,0.5894162615504509,14,LONG,False,BELOW_MINIMUM_RELATIVE_VOLUME,False,False,False,False,11345.0,19247.85714285714,1319073.5,0.8328571428571426,17.6,17.92,17.6,17.82,True,BELOW_MINIMUM_RELATIVE_VOLUME,False,,,,,,,,,,,,,,BELOW_MINIMUM_RELATIVE_VOLUME,False,,,,,,,,,,,,,,BELOW_MINIMUM_RELATIVE_VOLUME,False,,,,,,,,,,,,,
orb_v1.0,2024-05-30,469,PEP,BBG001S695T1,0.5888858991176438,14,LONG,False,BELOW_MINIMUM_RELATIVE_VOLUME,True,False,False,False,90042.0,152902.2857142857,4235846.857142857,2.4512642857142857,171.35,171.71,171.02,171.68,False,BELOW_MINIMUM_RELATIVE_VOLUME,False,,,,,,,,,,,,,,BELOW_MINIMUM_RELATIVE_VOLUME,False,,,,,,,,,,,,,,BELOW_MINIMUM_RELATIVE_VOLUME,False,,,,,,,,,,,,,
orb_v1.0,2024-05-30,470,XEL,BBG001S7F0X8,0.5872190851608218,14,LONG,False,BELOW_MINIMUM_RELATIVE_VOLUME,True,False,False,False,30262.0,51534.42857142857,3189657.8571428573,0.8774857142857141,53.46,53.605,53.35,53.59,True,BELOW_MINIMUM_RELATIVE_VOLUME,False,,,,,,,,,,,,,,BELOW_MINIMUM_RELATIVE_VOLUME,False,,,,,,,,,,,,,,BELOW_MINIMUM_RELATIVE_VOLUME,False,,,,,,,,,,,,,
orb_v1.0,2024-05-30,471,ACAD,BBG001SB06N3,0.5869409272849981,14,LONG,False,BELOW_MINIMUM_RELATIVE_VOLUME,False,False,False,False,29631.0,50483.78571428572,2110187.5714285714,0.6392857142857142,14.82,14.96,14.72,14.96,True,BELOW_MINIMUM_RELATIVE_VOLUME,False,,,,,,,,,,,,,,BELOW_MINIMUM_RELATIVE_VOLUME,False,,,,,,,,,,,,,,BELOW_MINIMUM_RELATIVE_VOLUME,False,,,,,,,,,,,,,
orb_v1.0,2024-05-30,472,EXPD,BBG001S5QZZ1,0.5856566806026272,14,SHORT,False,BELOW_MINIMUM_RELATIVE_VOLUME,True,False,False,False,11837.0,20211.5,1057027.7142857143,1.5035714285714274,118.51,118.51,117.84,118.17,True,BELOW_MINIMUM_RELATIVE_VOLUME,False,,,,,,,,,,,,,,BELOW_MINIMUM_RELATIVE_VOLUME,False,,,,,,,,,,,,,,BELOW_MINIMUM_RELATIVE_VOLUME,False,,,,,,,,,,,,,
orb_v1.0,2024-05-30,473,SWK,BBG001S5WHT1,0.5852571622508983,14,LONG,False,BELOW_MINIMUM_RELATIVE_VOLUME,False,False,False,False,11332.0,19362.428571428572,1150099.5,1.7432142857142847,83.39,83.815,83.3,83.815,True,BELOW_MINIMUM_RELATIVE_VOLUME,False,,,,,,,,,,,,,,BELOW_MINIMUM_RELATIVE_VOLUME,False,,,,,,,,,,,,,,BELOW_MINIMUM_RELATIVE_VOLUME,False,,,,,,,,,,,,,
orb_v1.0,2024-05-30,474,ENPH,BBG001V28NC6,0.5848423170637295,14,LONG,False,BELOW_MINIMUM_RELATIVE_VOLUME,True,False,False,False,109538.0,187294.92857142858,3994010.4285714286,6.326342857142859,127.0,128.41,126.3671,127.85,True,BELOW_MINIMUM_RELATIVE_VOLUME,False,,,,,,,,,,,,,,BELOW_MINIMUM_RELATIVE_VOLUME,False,,,,,,,,,,,,,,BELOW_MINIMUM_RELATIVE_VOLUME,False,,,,,,,,,,,,,
orb_v1.0,2024-05-30,475,IOVA,BBG001T2PM32,0.5847822512615674,14,SHORT,False,BELOW_MINIMUM_RELATIVE_VOLUME,False,False,False,False,171227.0,292804.71428571426,6863124.071428572,0.7651571428571426,9.42,9.445,9.25,9.325,True,BELOW_MINIMUM_RELATIVE_VOLUME,False,,,,,,,,,,,,,,BELOW_MINIMUM_RELATIVE_VOLUME,False,,,,,,,,,,,,,,BELOW_MINIMUM_RELATIVE_VOLUME,False,,,,,,,,,,,,,
orb_v1.0,2024-05-30,476,COGT,BBG007DHY102,0.5839275894088692,14,SHORT,False,BELOW_MINIMUM_RELATIVE_VOLUME,False,False,False,False,9253.0,15846.142857142857,1004362.8571428572,0.5421428571428569,7.8,7.8,7.61,7.73,True,BELOW_MINIMUM_RELATIVE_VOLUME,False,,,,,,,,,,,,,,BELOW_MINIMUM_RELATIVE_VOLUME,False,,,,,,,,,,,,,,BELOW_MINIMUM_RELATIVE_VOLUME,False,,,,,,,,,,,,,
orb_v1.0,2024-05-30,477,VLTO,BBG019Q32XK7,0.581883564126731,14,SHORT,False,BELOW_MINIMUM_RELATIVE_VOLUME,True,False,False,False,14332.0,24630.35714285714,1432800.7142857143,1.7628571428571413,98.81,99.53,98.41,98.41,True,BELOW_MINIMUM_RELATIVE_VOLUME,False,,,,,,,,,,,,,,BELOW_MINIMUM_RELATIVE_VOLUME,False,,,,,,,,,,,,,,BELOW_MINIMUM_RELATIVE_VOLUME,False,,,,,,,,,,,,,
orb_v1.0,2024-05-30,478,ZM,BBG0042V6JN7,0.5807208561315926,14,SHORT,False,BELOW_MINIMUM_RELATIVE_VOLUME,True,False,False,False,67668.0,116524.14285714286,3671680.0714285714,1.3656428571428587,61.35,61.58,60.83,60.9,True,BELOW_MINIMUM_RELATIVE_VOLUME,False,,,,,,,,,,,,,,BELOW_MINIMUM_RELATIVE_VOLUME,False,,,,,,,,,,,,,,BELOW_MINIMUM_RELATIVE_VOLUME,False,,,,,,,,,,,,,
orb_v1.0,2024-05-30,479,MP,BBG00TJGL0T5,0.576344736317413,14,LONG,False,BELOW_MINIMUM_RELATIVE_VOLUME,False,False,False,False,68343.0,118580.07142857143,3401878.785714286,0.8748071428571429,15.82,16.06,15.75,15.96,True,BELOW_MINIMUM_RELATIVE_VOLUME,False,,,,,,,,,,,,,,BELOW_MINIMUM_RELATIVE_VOLUME,False,,,,,,,,,,,,,,BELOW_MINIMUM_RELATIVE_VOLUME,False,,,,,,,,,,,,,
orb_v1.0,2024-05-30,480,NTR,BBG00JM9SM69,0.5754133448961745,14,LONG,False,BELOW_MINIMUM_RELATIVE_VOLUME,True,False,False,False,28247.0,49089.92857142857,1617299.5714285714,1.52195,57.04,57.5,57.04,57.42,True,BELOW_MINIMUM_RELATIVE_VOLUME,False,,,,,,,,,,,,,,BELOW_MINIMUM_RELATIVE_VOLUME,False,,,,,,,,,,,,,,BELOW_MINIMUM_RELATIVE_VOLUME,False,,,,,,,,,,,,,
orb_v1.0,2024-05-30,481,AKAM,BBG001S7YHX0,0.5718900344191598,14,SHORT,False,BELOW_MINIMUM_RELATIVE_VOLUME,False,False,False,False,51140.0,89422.78571428571,2600394.785714286,2.5675000000000003,90.84,90.89,90.61,90.81,True,BELOW_MINIMUM_RELATIVE_VOLUME,False,,,,,,,,,,,,,,BELOW_MINIMUM_RELATIVE_VOLUME,False,,,,,,,,,,,,,,BELOW_MINIMUM_RELATIVE_VOLUME,False,,,,,,,,,,,,,
orb_v1.0,2024-05-30,482,ENB,BBG001S6Q6D7,0.5711286167896866,14,LONG,False,BELOW_MINIMUM_RELATIVE_VOLUME,True,False,False,False,87120.0,152540.07142857142,6561399.928571428,0.5099999999999996,35.79,35.85,35.75,35.8133,True,BELOW_MINIMUM_RELATIVE_VOLUME,False,,,,,,,,,,,,,,BELOW_MINIMUM_RELATIVE_VOLUME,False,,,,,,,,,,,,,,BELOW_MINIMUM_RELATIVE_VOLUME,False,,,,,,,,,,,,,
orb_v1.0,2024-05-30,483,SLF,BBG001S7XWH6,0.570327303583692,14,LONG,False,BELOW_MINIMUM_RELATIVE_VOLUME,True,False,False,False,11330.0,19865.785714285714,1562639.5714285714,1.0177857142857138,49.2,49.49,49.2,49.43,True,BELOW_MINIMUM_RELATIVE_VOLUME,False,,,,,,,,,,,,,,BELOW_MINIMUM_RELATIVE_VOLUME,False,,,,,,,,,,,,,,BELOW_MINIMUM_RELATIVE_VOLUME,False,,,,,,,,,,,,,
orb_v1.0,2024-05-30,484,CDNA,BBG006JS5794,0.5699494245549759,14,LONG,False,BELOW_MINIMUM_RELATIVE_VOLUME,False,False,False,False,21468.0,37666.5,1074486.642857143,1.392635714285714,13.52,13.675,13.34,13.57,False,BELOW_MINIMUM_RELATIVE_VOLUME,False,,,,,,,,,,,,,,BELOW_MINIMUM_RELATIVE_VOLUME,False,,,,,,,,,,,,,,BELOW_MINIMUM_RELATIVE_VOLUME,False,,,,,,,,,,,,,
orb_v1.0,2024-05-30,485,CF,BBG001SJ8KV8,0.5693039214902142,14,LONG,False,BELOW_MINIMUM_RELATIVE_VOLUME,False,False,False,False,20337.0,35722.57142857143,1845223.142857143,1.9088928571428556,76.93,77.73,76.89,77.03,False,BELOW_MINIMUM_RELATIVE_VOLUME,False,,,,,,,,,,,,,,BELOW_MINIMUM_RELATIVE_VOLUME,False,,,,,,,,,,,,,,BELOW_MINIMUM_RELATIVE_VOLUME,False,,,,,,,,,,,,,
orb_v1.0,2024-05-30,486,LNT,BBG001S8ZQ30,0.5692760819823767,14,LONG,False,BELOW_MINIMUM_RELATIVE_VOLUME,False,False,False,False,16705.0,29344.285714285714,1228858.2857142857,0.6850214285714274,49.55,49.74,49.55,49.73,True,BELOW_MINIMUM_RELATIVE_VOLUME,False,,,,,,,,,,,,,,BELOW_MINIMUM_RELATIVE_VOLUME,False,,,,,,,,,,,,,,BELOW_MINIMUM_RELATIVE_VOLUME,False,,,,,,,,,,,,,
orb_v1.0,2024-05-30,487,TSCO,BBG001S7K017,0.5677483651653947,14,LONG,False,BELOW_MINIMUM_RELATIVE_VOLUME,True,False,False,False,11882.0,20928.285714285714,1002446.4285714285,4.862142857142852,282.5,284.0,282.5,283.315,False,BELOW_MINIMUM_RELATIVE_VOLUME,False,,,,,,,,,,,,,,BELOW_MINIMUM_RELATIVE_VOLUME,False,,,,,,,,,,,,,,BELOW_MINIMUM_RELATIVE_VOLUME,False,,,,,,,,,,,,,
orb_v1.0,2024-05-30,488,CMCSA,BBG001S5PXL2,0.564655826431091,14,LONG,False,BELOW_MINIMUM_RELATIVE_VOLUME,True,False,False,False,232056.0,410968.9285714286,17231221.14285714,0.6504928571428579,38.06,38.16,37.92,38.12,True,BELOW_MINIMUM_RELATIVE_VOLUME,False,,,,,,,,,,,,,,BELOW_MINIMUM_RELATIVE_VOLUME,False,,,,,,,,,,,,,,BELOW_MINIMUM_RELATIVE_VOLUME,False,,,,,,,,,,,,,
orb_v1.0,2024-05-30,489,PHM,BBG001S5V5K7,0.5629913040685397,14,LONG,False,BELOW_MINIMUM_RELATIVE_VOLUME,True,False,False,False,20033.0,35583.142857142855,1518479.5,2.5924214285714293,113.58,114.03,113.3,113.95,True,BELOW_MINIMUM_RELATIVE_VOLUME,False,,,,,,,,,,,,,,BELOW_MINIMUM_RELATIVE_VOLUME,False,,,,,,,,,,,,,,BELOW_MINIMUM_RELATIVE_VOLUME,False,,,,,,,,,,,,,
orb_v1.0,2024-05-30,490,CCJ,BBG001S5Y5S6,0.561553662334943,14,LONG,False,BELOW_MINIMUM_RELATIVE_VOLUME,True,False,False,False,85820.0,152826.0,3308228.0,1.8450000000000009,53.85,54.33,53.71,54.29,True,BELOW_MINIMUM_RELATIVE_VOLUME,False,,,,,,,,,,,,,,BELOW_MINIMUM_RELATIVE_VOLUME,False,,,,,,,,,,,,,,BELOW_MINIMUM_RELATIVE_VOLUME,False,,,,,,,,,,,,,
orb_v1.0,2024-05-30,491,EYPT,BBG001SNLCD2,0.5613218150871897,14,SHORT,False,BELOW_MINIMUM_RELATIVE_VOLUME,False,False,False,False,12485.0,22242.14285714286,1011510.3571428572,0.6964214285714286,11.12,11.13,11.0,11.05,True,BELOW_MINIMUM_RELATIVE_VOLUME,False,,,,,,,,,,,,,,BELOW_MINIMUM_RELATIVE_VOLUME,False,,,,,,,,,,,,,,BELOW_MINIMUM_RELATIVE_VOLUME,False,,,,,,,,,,,,,
orb_v1.0,2024-05-30,492,UNP,BBG001S5X2M0,0.5609872691284005,14,LONG,False,BELOW_MINIMUM_RELATIVE_VOLUME,True,False,False,False,32775.0,58423.78571428572,2053835.642857143,3.5049999999999977,226.05,227.08,226.05,226.64,True,BELOW_MINIMUM_RELATIVE_VOLUME,False,,,,,,,,,,,,,,BELOW_MINIMUM_RELATIVE_VOLUME,False,,,,,,,,,,,,,,BELOW_MINIMUM_RELATIVE_VOLUME,False,,,,,,,,,,,,,
orb_v1.0,2024-05-30,493,HAL,BBG001S5RS59,0.5605711222918878,14,LONG,False,BELOW_MINIMUM_RELATIVE_VOLUME,True,False,False,False,78365.0,139794.92857142858,5155131.142857143,0.7474500000000016,35.7,35.96,35.68,35.96,True,BELOW_MINIMUM_RELATIVE_VOLUME,False,,,,,,,,,,,,,,BELOW_MINIMUM_RELATIVE_VOLUME,False,,,,,,,,,,,,,,BELOW_MINIMUM_RELATIVE_VOLUME,False,,,,,,,,,,,,,
orb_v1.0,2024-05-30,494,RIVN,BBG00741Y1P0,0.5604646775318338,14,LONG,False,BELOW_MINIMUM_RELATIVE_VOLUME,False,True,False,False,975041.0,1739701.0714285714,35813136.0,0.6517785714285712,10.3,10.54,10.255,10.4934,True,BELOW_MINIMUM_RELATIVE_VOLUME,False,,,,,,,,,,,,,,BELOW_MINIMUM_RELATIVE_VOLUME,False,,,,,,,,,,,,,,BELOW_MINIMUM_RELATIVE_VOLUME,False,,,,,,,,,,,,,
orb_v1.0,2024-05-30,495,UDR,BBG001S6KCT3,0.5602246349240059,14,LONG,False,BELOW_MINIMUM_RELATIVE_VOLUME,False,False,False,False,13567.0,24217.071428571428,1860341.9285714286,0.5985714285714293,37.86,37.97,37.83,37.945,True,BELOW_MINIMUM_RELATIVE_VOLUME,False,,,,,,,,,,,,,,BELOW_MINIMUM_RELATIVE_VOLUME,False,,,,,,,,,,,,,,BELOW_MINIMUM_RELATIVE_VOLUME,False,,,,,,,,,,,,,
orb_v1.0,2024-05-30,496,BWA,BBG001S7F4D2,0.5600247935713811,14,SHORT,False,BELOW_MINIMUM_RELATIVE_VOLUME,False,False,False,False,23491.0,41946.357142857145,2134884.285714286,0.6932142857142856,34.9,34.9,34.78,34.82,True,BELOW_MINIMUM_RELATIVE_VOLUME,False,,,,,,,,,,,,,,BELOW_MINIMUM_RELATIVE_VOLUME,False,,,,,,,,,,,,,,BELOW_MINIMUM_RELATIVE_VOLUME,False,,,,,,,,,,,,,
orb_v1.0,2024-05-30,497,STT,BBG001S5RLD5,0.5596433021152688,14,LONG,False,BELOW_MINIMUM_RELATIVE_VOLUME,True,False,False,False,17133.0,30614.14285714286,1904381.9285714286,1.0924999999999971,74.07,74.18,73.77,74.18,True,BELOW_MINIMUM_RELATIVE_VOLUME,False,,,,,,,,,,,,,,BELOW_MINIMUM_RELATIVE_VOLUME,False,,,,,,,,,,,,,,BELOW_MINIMUM_RELATIVE_VOLUME,False,,,,,,,,,,,,,
orb_v1.0,2024-05-30,498,AZEK,BBG00RP7FY15,0.5589650684092166,14,LONG,False,BELOW_MINIMUM_RELATIVE_VOLUME,False,False,False,False,24110.0,43133.28571428572,1633597.142857143,1.571578571428574,46.77,47.15,46.77,47.04,True,BELOW_MINIMUM_RELATIVE_VOLUME,False,,,,,,,,,,,,,,BELOW_MINIMUM_RELATIVE_VOLUME,False,,,,,,,,,,,,,,BELOW_MINIMUM_RELATIVE_VOLUME,False,,,,,,,,,,,,,
orb_v1.0,2024-05-30,499,VFC,BBG001S5X749,0.55893809301974,14,LONG,False,BELOW_MINIMUM_RELATIVE_VOLUME,False,False,False,False,165317.0,295769.78571428574,10328566.92857143,0.6139714285714282,12.05,12.19,12.03,12.15,True,BELOW_MINIMUM_RELATIVE_VOLUME,False,,,,,,,,,,,,,,BELOW_MINIMUM_RELATIVE_VOLUME,False,,,,,,,,,,,,,,BELOW_MINIMUM_RELATIVE_VOLUME,False,,,,,,,,,,,,,
orb_v1.0,2024-05-30,500,CG,BBG001S7JM84,0.5568887406731866,14,LONG,False,BELOW_MINIMUM_RELATIVE_VOLUME,True,False,False,False,17534.0,31485.64285714286,1825054.2142857143,1.1321428571428573,41.95,42.21,41.94,42.21,True,BELOW_MINIMUM_RELATIVE_VOLUME,False,,,,,,,,,,,,,,BELOW_MINIMUM_RELATIVE_VOLUME,False,,,,,,,,,,,,,,BELOW_MINIMUM_RELATIVE_VOLUME,False,,,,,,,,,,,,,
orb_v1.0,2024-05-30,501,DXCM,BBG001SKZG99,0.5565990361076044,14,SHORT,False,BELOW_MINIMUM_RELATIVE_VOLUME,True,False,False,False,22801.0,40964.857142857145,1998856.9285714286,2.9014857142857124,127.61,127.61,126.86,127.15,True,BELOW_MINIMUM_RELATIVE_VOLUME,False,,,,,,,,,,,,,,BELOW_MINIMUM_RELATIVE_VOLUME,False,,,,,,,,,,,,,,BELOW_MINIMUM_RELATIVE_VOLUME,False,,,,,,,,,,,,,
orb_v1.0,2024-05-30,502,PPG,BBG001S5VC13,0.5536092733538507,14,LONG,False,BELOW_MINIMUM_RELATIVE_VOLUME,True,False,False,False,8583.0,15503.714285714286,1159123.857142857,1.9314285714285748,127.38,127.6222,127.13,127.6222,True,BELOW_MINIMUM_RELATIVE_VOLUME,False,,,,,,,,,,,,,,BELOW_MINIMUM_RELATIVE_VOLUME,False,,,,,,,,,,,,,,BELOW_MINIMUM_RELATIVE_VOLUME,False,,,,,,,,,,,,,
orb_v1.0,2024-05-30,503,SO,BBG001S5W777,0.5532162648136493,14,LONG,False,BELOW_MINIMUM_RELATIVE_VOLUME,True,False,False,False,55314.0,99986.21428571429,4179592.1428571427,0.9921428571428562,77.4,77.5789,77.34,77.5757,True,BELOW_MINIMUM_RELATIVE_VOLUME,False,,,,,,,,,,,,,,BELOW_MINIMUM_RELATIVE_VOLUME,False,,,,,,,,,,,,,,BELOW_MINIMUM_RELATIVE_VOLUME,False,,,,,,,,,,,,,
orb_v1.0,2024-05-30,504,PCOR,BBG0026ZJ313,0.5527686109266646,14,SHORT,False,BELOW_MINIMUM_RELATIVE_VOLUME,False,False,False,False,15817.0,28614.14285714286,1080095.0714285714,1.4489642857142837,68.62,68.86,68.2,68.2,True,BELOW_MINIMUM_RELATIVE_VOLUME,False,,,,,,,,,,,,,,BELOW_MINIMUM_RELATIVE_VOLUME,False,,,,,,,,,,,,,,BELOW_MINIMUM_RELATIVE_VOLUME,False,,,,,,,,,,,,,
orb_v1.0,2024-05-30,505,WELL,BBG001S5RTQ4,0.5518098452441689,14,LONG,False,BELOW_MINIMUM_RELATIVE_VOLUME,True,False,False,False,21091.0,38221.5,2152162.785714286,1.4310714285714294,101.07,101.66,101.07,101.66,True,BELOW_MINIMUM_RELATIVE_VOLUME,False,,,,,,,,,,,,,,BELOW_MINIMUM_RELATIVE_VOLUME,False,,,,,,,,,,,,,,BELOW_MINIMUM_RELATIVE_VOLUME,False,,,,,,,,,,,,,
orb_v1.0,2024-05-30,506,FANG,BBG002PHSZN7,0.5502538507873678,14,LONG,False,BELOW_MINIMUM_RELATIVE_VOLUME,True,False,False,False,20097.0,36523.142857142855,1232403.357142857,3.57557142857143,194.54,195.95,194.54,195.95,True,BELOW_MINIMUM_RELATIVE_VOLUME,False,,,,,,,,,,,,,,BELOW_MINIMUM_RELATIVE_VOLUME,False,,,,,,,,,,,,,,BELOW_MINIMUM_RELATIVE_VOLUME,False,,,,,,,,,,,,,
orb_v1.0,2024-05-30,507,AMAT,BBG001S5NMM7,0.5488932158774843,14,LONG,False,BELOW_MINIMUM_RELATIVE_VOLUME,True,False,False,False,110443.0,201210.35714285713,4986487.285714285,5.730942857142856,217.97,219.0,217.68,218.23,True,BELOW_MINIMUM_RELATIVE_VOLUME,False,,,,,,,,,,,,,,BELOW_MINIMUM_RELATIVE_VOLUME,False,,,,,,,,,,,,,,BELOW_MINIMUM_RELATIVE_VOLUME,False,,,,,,,,,,,,,
orb_v1.0,2024-05-30,508,CADE,BBG001SHFG98,0.547791660239601,14,LONG,False,BELOW_MINIMUM_RELATIVE_VOLUME,False,False,False,False,7610.0,13892.142857142857,1041464.5714285715,0.6142214285714286,27.96,28.04,27.96,28.0,True,BELOW_MINIMUM_RELATIVE_VOLUME,False,,,,,,,,,,,,,,BELOW_MINIMUM_RELATIVE_VOLUME,False,,,,,,,,,,,,,,BELOW_MINIMUM_RELATIVE_VOLUME,False,,,,,,,,,,,,,
orb_v1.0,2024-05-30,509,LSXMK,BBG01HLMB7B9,0.5471474199314326,14,LONG,False,BELOW_MINIMUM_RELATIVE_VOLUME,False,False,False,False,21340.0,39002.28571428572,1745162.642857143,0.5696357142857141,22.35,22.39,22.29,22.355,True,BELOW_MINIMUM_RELATIVE_VOLUME,False,,,,,,,,,,,,,,BELOW_MINIMUM_RELATIVE_VOLUME,False,,,,,,,,,,,,,,BELOW_MINIMUM_RELATIVE_VOLUME,False,,,,,,,,,,,,,
orb_v1.0,2024-05-30,510,SM,BBG001S6W0J7,0.545836331677854,14,LONG,False,BELOW_MINIMUM_RELATIVE_VOLUME,False,False,False,False,9915.0,18164.785714285714,1363478.9285714286,1.2164499999999987,48.92,49.105,48.83,48.9801,True,BELOW_MINIMUM_RELATIVE_VOLUME,False,,,,,,,,,,,,,,BELOW_MINIMUM_RELATIVE_VOLUME,False,,,,,,,,,,,,,,BELOW_MINIMUM_RELATIVE_VOLUME,False,,,,,,,,,,,,,
orb_v1.0,2024-05-30,511,VITL,BBG006XWWBM5,0.5449956820821298,14,SHORT,False,BELOW_MINIMUM_RELATIVE_VOLUME,False,False,False,False,26145.0,47972.857142857145,1125957.5,2.3812785714285716,41.1,41.6,40.73,40.9,False,BELOW_MINIMUM_RELATIVE_VOLUME,False,,,,,,,,,,,,,,BELOW_MINIMUM_RELATIVE_VOLUME,False,,,,,,,,,,,,,,BELOW_MINIMUM_RELATIVE_VOLUME,False,,,,,,,,,,,,,
orb_v1.0,2024-05-30,512,CMA,BBG001S6PXB1,0.540078146355582,14,LONG,False,BELOW_MINIMUM_RELATIVE_VOLUME,False,False,False,False,16794.0,31095.5,1547941.2142857143,1.2360642857142865,50.11,50.25,49.995,50.25,True,BELOW_MINIMUM_RELATIVE_VOLUME,False,,,,,,,,,,,,,,BELOW_MINIMUM_RELATIVE_VOLUME,False,,,,,,,,,,,,,,BELOW_MINIMUM_RELATIVE_VOLUME,False,,,,,,,,,,,,,
orb_v1.0,2024-05-30,513,DUK,BBG001S5QNR7,0.5399830206450376,14,LONG,False,BELOW_MINIMUM_RELATIVE_VOLUME,True,False,False,False,39026.0,72272.64285714286,2711739.785714286,1.2003071428571437,100.78,101.0,100.6,100.935,True,BELOW_MINIMUM_RELATIVE_VOLUME,False,,,,,,,,,,,,,,BELOW_MINIMUM_RELATIVE_VOLUME,False,,,,,,,,,,,,,,BELOW_MINIMUM_RELATIVE_VOLUME,False,,,,,,,,,,,,,
orb_v1.0,2024-05-30,514,SHW,BBG001S5W2F9,0.5383714721341216,14,LONG,False,BELOW_MINIMUM_RELATIVE_VOLUME,True,False,False,False,11955.0,22205.85714285714,1442051.5714285714,4.40392857142857,297.98,298.7,296.35,298.17,True,BELOW_MINIMUM_RELATIVE_VOLUME,False,,,,,,,,,,,,,,BELOW_MINIMUM_RELATIVE_VOLUME,False,,,,,,,,,,,,,,BELOW_MINIMUM_RELATIVE_VOLUME,False,,,,,,,,,,,,,
orb_v1.0,2024-05-30,515,MS,BBG001S9V5Z3,0.5378312901120004,14,LONG,False,BELOW_MINIMUM_RELATIVE_VOLUME,True,False,False,False,70501.0,131083.85714285713,5645552.142857143,1.685299999999998,97.69,97.77,97.35,97.77,True,BELOW_MINIMUM_RELATIVE_VOLUME,False,,,,,,,,,,,,,,BELOW_MINIMUM_RELATIVE_VOLUME,False,,,,,,,,,,,,,,BELOW_MINIMUM_RELATIVE_VOLUME,False,,,,,,,,,,,,,
orb_v1.0,2024-05-30,516,SEE,BBG001SBSZ95,0.5371812590472322,14,LONG,False,BELOW_MINIMUM_RELATIVE_VOLUME,False,False,False,False,5858.0,10905.07142857143,1202919.642857143,0.7086,36.91,37.03,36.77,37.02,True,BELOW_MINIMUM_RELATIVE_VOLUME,False,,,,,,,,,,,,,,BELOW_MINIMUM_RELATIVE_VOLUME,False,,,,,,,,,,,,,,BELOW_MINIMUM_RELATIVE_VOLUME,False,,,,,,,,,,,,,
orb_v1.0,2024-05-30,517,OXY,BBG001S5TZG9,0.5363217695672887,14,LONG,False,BELOW_MINIMUM_RELATIVE_VOLUME,True,False,False,False,123269.0,229841.5,5705126.071428572,1.0685642857142845,60.99,61.3628,60.92,61.29,True,BELOW_MINIMUM_RELATIVE_VOLUME,False,,,,,,,,,,,,,,BELOW_MINIMUM_RELATIVE_VOLUME,False,,,,,,,,,,,,,,BELOW_MINIMUM_RELATIVE_VOLUME,False,,,,,,,,,,,,,
orb_v1.0,2024-05-30,518,LLY,BBG001S5STL8,0.5355381153141333,14,SHORT,False,BELOW_MINIMUM_RELATIVE_VOLUME,True,False,False,False,60410.0,112802.42857142857,2383998.8571428573,16.241785714285715,812.79,814.0,808.95,809.18,True,BELOW_MINIMUM_RELATIVE_VOLUME,False,,,,,,,,,,,,,,BELOW_MINIMUM_RELATIVE_VOLUME,False,,,,,,,,,,,,,,BELOW_MINIMUM_RELATIVE_VOLUME,False,,,,,,,,,,,,,
orb_v1.0,2024-05-30,519,SPGI,BBG001S5T5M8,0.5329577155107257,14,SHORT,False,BELOW_MINIMUM_RELATIVE_VOLUME,True,False,False,False,13851.0,25988.928571428572,1141758.857142857,6.161428571428583,424.15,424.79,423.3,423.36,True,BELOW_MINIMUM_RELATIVE_VOLUME,False,,,,,,,,,,,,,,BELOW_MINIMUM_RELATIVE_VOLUME,False,,,,,,,,,,,,,,BELOW_MINIMUM_RELATIVE_VOLUME,False,,,,,,,,,,,,,
orb_v1.0,2024-05-30,520,CUBE,BBG001SHP0D7,0.5326783086041609,14,LONG,False,BELOW_MINIMUM_RELATIVE_VOLUME,False,False,False,False,11478.0,21547.714285714286,1228902.2857142857,0.8676214285714298,40.4,40.615,40.365,40.615,True,BELOW_MINIMUM_RELATIVE_VOLUME,False,,,,,,,,,,,,,,BELOW_MINIMUM_RELATIVE_VOLUME,False,,,,,,,,,,,,,,BELOW_MINIMUM_RELATIVE_VOLUME,False,,,,,,,,,,,,,
orb_v1.0,2024-05-30,521,ALL,BBG001S9BM06,0.5323001565824869,14,LONG,False,BELOW_MINIMUM_RELATIVE_VOLUME,True,False,False,False,11364.0,21348.85714285714,1210602.7857142857,2.549571428571428,163.22,163.72,163.22,163.7,True,BELOW_MINIMUM_RELATIVE_VOLUME,False,,,,,,,,,,,,,,BELOW_MINIMUM_RELATIVE_VOLUME,False,,,,,,,,,,,,,,BELOW_MINIMUM_RELATIVE_VOLUME,False,,,,,,,,,,,,,
orb_v1.0,2024-05-30,522,BSX,BBG001S63L94,0.5308699206794579,14,LONG,False,BELOW_MINIMUM_RELATIVE_VOLUME,True,False,False,False,91695.0,172725.92857142858,5658538.071428572,1.0829499999999979,75.11,75.41,74.62,75.29,True,BELOW_MINIMUM_RELATIVE_VOLUME,False,,,,,,,,,,,,,,BELOW_MINIMUM_RELATIVE_VOLUME,False,,,,,,,,,,,,,,BELOW_MINIMUM_RELATIVE_VOLUME,False,,,,,,,,,,,,,
orb_v1.0,2024-05-30,523,PFGC,BBG009XW2WC7,0.5306161832532469,14,DOJI,False,BELOW_MINIMUM_RELATIVE_VOLUME,False,False,False,False,3928.0,7402.714285714285,1148627.2142857143,1.553928571428575,68.03,68.03,68.03,68.03,False,BELOW_MINIMUM_RELATIVE_VOLUME,False,,,,,,,,,,,,,,BELOW_MINIMUM_RELATIVE_VOLUME,False,,,,,,,,,,,,,,BELOW_MINIMUM_RELATIVE_VOLUME,False,,,,,,,,,,,,,
orb_v1.0,2024-05-30,524,PGR,BBG001S5V509,0.5294422837320447,14,LONG,False,BELOW_MINIMUM_RELATIVE_VOLUME,True,False,False,False,29958.0,56584.07142857143,2365191.285714286,3.6455928571428564,203.15,204.37,203.1,203.33,True,BELOW_MINIMUM_RELATIVE_VOLUME,False,,,,,,,,,,,,,,BELOW_MINIMUM_RELATIVE_VOLUME,False,,,,,,,,,,,,,,BELOW_MINIMUM_RELATIVE_VOLUME,False,,,,,,,,,,,,,
orb_v1.0,2024-05-30,525,AFRM,BBG00Y7BP8Z0,0.5283241518860666,14,SHORT,False,BELOW_MINIMUM_RELATIVE_VOLUME,False,False,False,False,140582.0,266090.4285714286,6848688.5,1.9906928571428573,28.86,29.01,28.61,28.82,True,BELOW_MINIMUM_RELATIVE_VOLUME,False,,,,,,,,,,,,,,BELOW_MINIMUM_RELATIVE_VOLUME,False,,,,,,,,,,,,,,BELOW_MINIMUM_RELATIVE_VOLUME,False,,,,,,,,,,,,,
orb_v1.0,2024-05-30,526,RTX,BBG001S5X5Q9,0.5278985016068453,14,LONG,False,BELOW_MINIMUM_RELATIVE_VOLUME,True,False,False,False,66199.0,125401.0,5533469.285714285,1.2228571428571422,104.9,105.14,104.58,105.14,True,BELOW_MINIMUM_RELATIVE_VOLUME,False,,,,,,,,,,,,,,BELOW_MINIMUM_RELATIVE_VOLUME,False,,,,,,,,,,,,,,BELOW_MINIMUM_RELATIVE_VOLUME,False,,,,,,,,,,,,,
orb_v1.0,2024-05-30,527,LSXMA,BBG01HLM8WX4,0.5267013612458675,14,LONG,False,BELOW_MINIMUM_RELATIVE_VOLUME,False,False,False,False,9593.0,18213.35714285714,1123226.5714285714,0.5738571428571425,22.41,22.46,22.3501,22.46,True,BELOW_MINIMUM_RELATIVE_VOLUME,False,,,,,,,,,,,,,,BELOW_MINIMUM_RELATIVE_VOLUME,False,,,,,,,,,,,,,,BELOW_MINIMUM_RELATIVE_VOLUME,False,,,,,,,,,,,,,
orb_v1.0,2024-05-30,528,PFE,BBG001S5V466,0.5264195677603882,14,LONG,False,BELOW_MINIMUM_RELATIVE_VOLUME,True,False,False,False,610383.0,1159499.0714285714,32867573.714285713,0.5971428571428566,27.91,28.0,27.85,27.9807,True,BELOW_MINIMUM_RELATIVE_VOLUME,False,,,,,,,,,,,,,,BELOW_MINIMUM_RELATIVE_VOLUME,False,,,,,,,,,,,,,,BELOW_MINIMUM_RELATIVE_VOLUME,False,,,,,,,,,,,,,
orb_v1.0,2024-05-30,529,ROKU,BBG001ZZPQM2,0.5263904107706023,14,SHORT,False,BELOW_MINIMUM_RELATIVE_VOLUME,False,False,False,False,57441.0,109122.42857142857,3318450.714285714,2.179600000000001,56.78,56.81,56.53,56.58,True,BELOW_MINIMUM_RELATIVE_VOLUME,False,,,,,,,,,,,,,,BELOW_MINIMUM_RELATIVE_VOLUME,False,,,,,,,,,,,,,,BELOW_MINIMUM_RELATIVE_VOLUME,False,,,,,,,,,,,,,
orb_v1.0,2024-05-30,530,TOST,BBG00BTJVKB1,0.5263193461002826,14,LONG,False,BELOW_MINIMUM_RELATIVE_VOLUME,False,False,False,False,127955.0,243112.85714285713,8710214.357142856,1.0079214285714286,23.55,23.645,23.4,23.6177,True,BELOW_MINIMUM_RELATIVE_VOLUME,False,,,,,,,,,,,,,,BELOW_MINIMUM_RELATIVE_VOLUME,False,,,,,,,,,,,,,,BELOW_MINIMUM_RELATIVE_VOLUME,False,,,,,,,,,,,,,
orb_v1.0,2024-05-30,531,WMB,BBG001S5XH10,0.5238863026173957,14,LONG,False,BELOW_MINIMUM_RELATIVE_VOLUME,True,False,False,False,61758.0,117884.35714285714,5692616.142857143,0.5985714285714278,40.17,40.2399,40.11,40.23,True,BELOW_MINIMUM_RELATIVE_VOLUME,False,,,,,,,,,,,,,,BELOW_MINIMUM_RELATIVE_VOLUME,False,,,,,,,,,,,,,,BELOW_MINIMUM_RELATIVE_VOLUME,False,,,,,,,,,,,,,
orb_v1.0,2024-05-30,532,TRV,BBG001S5R103,0.5221083667212328,14,SHORT,False,BELOW_MINIMUM_RELATIVE_VOLUME,True,False,False,False,8247.0,15795.57142857143,1009963.7142857143,3.2028571428571433,210.21,210.68,209.1,210.12,False,BELOW_MINIMUM_RELATIVE_VOLUME,False,,,,,,,,,,,,,,BELOW_MINIMUM_RELATIVE_VOLUME,False,,,,,,,,,,,,,,BELOW_MINIMUM_RELATIVE_VOLUME,False,,,,,,,,,,,,,
orb_v1.0,2024-05-30,533,FMC,BBG001S5R880,0.521777531576307,14,LONG,False,BELOW_MINIMUM_RELATIVE_VOLUME,False,False,False,False,19242.0,36877.78571428572,1500493.642857143,2.1053499999999983,60.6,60.98,60.49,60.885,True,BELOW_MINIMUM_RELATIVE_VOLUME,False,,,,,,,,,,,,,,BELOW_MINIMUM_RELATIVE_VOLUME,False,,,,,,,,,,,,,,BELOW_MINIMUM_RELATIVE_VOLUME,False,,,,,,,,,,,,,
orb_v1.0,2024-05-30,534,RUN,BBG0025XVR94,0.5213711636774051,14,LONG,False,BELOW_MINIMUM_RELATIVE_VOLUME,False,False,False,False,287859.0,552119.1428571428,12462182.785714285,1.1875000000000004,13.52,13.7,13.51,13.66,True,BELOW_MINIMUM_RELATIVE_VOLUME,False,,,,,,,,,,,,,,BELOW_MINIMUM_RELATIVE_VOLUME,False,,,,,,,,,,,,,,BELOW_MINIMUM_RELATIVE_VOLUME,False,,,,,,,,,,,,,
orb_v1.0,2024-05-30,535,FWRD,BBG001SC0FW1,0.5209321388840096,14,LONG,False,BELOW_MINIMUM_RELATIVE_VOLUME,False,False,False,True,31775.0,60996.42857142857,2149088.5,2.140464285714286,14.63,14.73,14.525,14.69,True,BELOW_MINIMUM_RELATIVE_VOLUME,False,,,,,,,,,,,,,,BELOW_MINIMUM_RELATIVE_VOLUME,False,,,,,,,,,,,,,,BELOW_MINIMUM_RELATIVE_VOLUME,False,,,,,,,,,,,,,
orb_v1.0,2024-05-30,536,DXC,BBG00FN64XV6,0.5205525199076446,14,LONG,False,BELOW_MINIMUM_RELATIVE_VOLUME,False,False,False,False,45204.0,86838.5,3654250.285714286,0.8093071428571429,15.02,15.14,15.01,15.07,True,BELOW_MINIMUM_RELATIVE_VOLUME,False,,,,,,,,,,,,,,BELOW_MINIMUM_RELATIVE_VOLUME,False,,,,,,,,,,,,,,BELOW_MINIMUM_RELATIVE_VOLUME,False,,,,,,,,,,,,,
orb_v1.0,2024-05-30,537,DFS,BBG001SS0KV6,0.5200252684775742,14,LONG,False,BELOW_MINIMUM_RELATIVE_VOLUME,True,False,False,False,10290.0,19787.5,1224322.7142857143,1.8332714285714278,122.29,122.6,121.962,122.38,False,BELOW_MINIMUM_RELATIVE_VOLUME,False,,,,,,,,,,,,,,BELOW_MINIMUM_RELATIVE_VOLUME,False,,,,,,,,,,,,,,BELOW_MINIMUM_RELATIVE_VOLUME,False,,,,,,,,,,,,,
orb_v1.0,2024-05-30,538,CNM,BBG01163K3R5,0.5167582572162726,14,SHORT,False,BELOW_MINIMUM_RELATIVE_VOLUME,False,False,False,False,15744.0,30466.85714285714,1424599.7142857143,1.4937857142857152,57.17,57.3,56.86,56.96,False,BELOW_MINIMUM_RELATIVE_VOLUME,False,,,,,,,,,,,,,,BELOW_MINIMUM_RELATIVE_VOLUME,False,,,,,,,,,,,,,,BELOW_MINIMUM_RELATIVE_VOLUME,False,,,,,,,,,,,,,
orb_v1.0,2024-05-30,539,MMC,BBG001S5T7M4,0.5135327748848456,14,LONG,False,BELOW_MINIMUM_RELATIVE_VOLUME,True,False,False,False,16110.0,31370.928571428572,1188433.7857142857,2.2363571428571385,201.98,202.69,201.84,202.67,True,BELOW_MINIMUM_RELATIVE_VOLUME,False,,,,,,,,,,,,,,BELOW_MINIMUM_RELATIVE_VOLUME,False,,,,,,,,,,,,,,BELOW_MINIMUM_RELATIVE_VOLUME,False,,,,,,,,,,,,,
orb_v1.0,2024-05-30,540,OVV,BBG00R2NHQ74,0.5121988906372686,14,LONG,False,BELOW_MINIMUM_RELATIVE_VOLUME,False,False,False,False,23204.0,45302.71428571428,2512207.9285714286,0.9964285714285717,49.11,49.51,49.04,49.48,True,BELOW_MINIMUM_RELATIVE_VOLUME,False,,,,,,,,,,,,,,BELOW_MINIMUM_RELATIVE_VOLUME,False,,,,,,,,,,,,,,BELOW_MINIMUM_RELATIVE_VOLUME,False,,,,,,,,,,,,,
orb_v1.0,2024-05-30,541,MMM,BBG001S5T7X2,0.5112512636034509,14,SHORT,False,BELOW_MINIMUM_RELATIVE_VOLUME,True,False,False,False,94936.0,185693.42857142858,4377652.571428572,2.0661571428571412,97.69,97.78,97.18,97.48,True,BELOW_MINIMUM_RELATIVE_VOLUME,False,,,,,,,,,,,,,,BELOW_MINIMUM_RELATIVE_VOLUME,False,,,,,,,,,,,,,,BELOW_MINIMUM_RELATIVE_VOLUME,False,,,,,,,,,,,,,
orb_v1.0,2024-05-30,542,AU,0001973832,0.5078791745392977,14,DOJI,False,BELOW_MINIMUM_RELATIVE_VOLUME,False,False,False,False,36960.0,72773.21428571429,1440208.357142857,0.7709928571428575,24.0,24.08,23.96,24.0,False,BELOW_MINIMUM_RELATIVE_VOLUME,False,,,,,,,,,,,,,,BELOW_MINIMUM_RELATIVE_VOLUME,False,,,,,,,,,,,,,,BELOW_MINIMUM_RELATIVE_VOLUME,False,,,,,,,,,,,,,
orb_v1.0,2024-05-30,543,FLR,BBG001S5Q738,0.5073072383949646,14,LONG,False,BELOW_MINIMUM_RELATIVE_VOLUME,False,False,False,False,7369.0,14525.714285714286,1088446.4285714286,0.9317857142857144,41.6,41.67,41.6,41.62,True,BELOW_MINIMUM_RELATIVE_VOLUME,False,,,,,,,,,,,,,,BELOW_MINIMUM_RELATIVE_VOLUME,False,,,,,,,,,,,,,,BELOW_MINIMUM_RELATIVE_VOLUME,False,,,,,,,,,,,,,
orb_v1.0,2024-05-30,544,WAB,BBG001S5XBT3,0.5041650647186979,14,LONG,False,BELOW_MINIMUM_RELATIVE_VOLUME,True,False,False,False,9273.0,18392.785714285714,1099463.0714285714,2.3931499999999994,167.51,168.09,167.51,167.8975,True,BELOW_MINIMUM_RELATIVE_VOLUME,False,,,,,,,,,,,,,,BELOW_MINIMUM_RELATIVE_VOLUME,False,,,,,,,,,,,,,,BELOW_MINIMUM_RELATIVE_VOLUME,False,,,,,,,,,,,,,
orb_v1.0,2024-05-30,545,AR,BBG001T61KH8,0.5036461319006545,14,LONG,False,BELOW_MINIMUM_RELATIVE_VOLUME,False,False,False,False,26985.0,53579.28571428572,2994703.714285714,0.9492785714285716,34.24,34.63,34.05,34.62,True,BELOW_MINIMUM_RELATIVE_VOLUME,False,,,,,,,,,,,,,,BELOW_MINIMUM_RELATIVE_VOLUME,False,,,,,,,,,,,,,,BELOW_MINIMUM_RELATIVE_VOLUME,False,,,,,,,,,,,,,
orb_v1.0,2024-05-30,546,RNA,BBG00FQ7LXX0,0.5010426535827551,14,LONG,False,BELOW_MINIMUM_RELATIVE_VOLUME,False,False,False,False,15223.0,30382.64285714286,1151424.357142857,1.6975357142857146,27.19,27.25,26.61,27.24,True,BELOW_MINIMUM_RELATIVE_VOLUME,False,,,,,,,,,,,,,,BELOW_MINIMUM_RELATIVE_VOLUME,False,,,,,,,,,,,,,,BELOW_MINIMUM_RELATIVE_VOLUME,False,,,,,,,,,,,,,
orb_v1.0,2024-05-30,547,NKE,BBG001S6NTK2,0.4970880150583536,14,SHORT,False,BELOW_MINIMUM_RELATIVE_VOLUME,True,False,False,False,185464.0,373100.9285714286,9413462.785714285,1.4589357142857153,92.23,92.405,92.05,92.11,True,BELOW_MINIMUM_RELATIVE_VOLUME,False,,,,,,,,,,,,,,BELOW_MINIMUM_RELATIVE_VOLUME,False,,,,,,,,,,,,,,BELOW_MINIMUM_RELATIVE_VOLUME,False,,,,,,,,,,,,,
orb_v1.0,2024-05-30,548,EA,BBG001S5T5C9,0.4949473420684942,14,SHORT,False,BELOW_MINIMUM_RELATIVE_VOLUME,True,False,False,False,52250.0,105566.78571428571,2738731.285714286,2.491107142857144,131.61,132.21,131.33,131.38,True,BELOW_MINIMUM_RELATIVE_VOLUME,False,,,,,,,,,,,,,,BELOW_MINIMUM_RELATIVE_VOLUME,False,,,,,,,,,,,,,,BELOW_MINIMUM_RELATIVE_VOLUME,False,,,,,,,,,,,,,
orb_v1.0,2024-05-30,549,SCHW,BBG001S5VXD4,0.49365361427914195,14,LONG,False,BELOW_MINIMUM_RELATIVE_VOLUME,True,False,False,False,89750.0,181807.64285714287,7691149.0,1.775357142857143,70.73,71.16,70.645,71.125,True,BELOW_MINIMUM_RELATIVE_VOLUME,False,,,,,,,,,,,,,,BELOW_MINIMUM_RELATIVE_VOLUME,False,,,,,,,,,,,,,,BELOW_MINIMUM_RELATIVE_VOLUME,False,,,,,,,,,,,,,
orb_v1.0,2024-05-30,550,PGY,0001883085,0.49349967367086517,14,LONG,False,BELOW_MINIMUM_RELATIVE_VOLUME,False,False,False,False,32892.0,66650.5,1091330.0714285714,0.8142500000000001,11.9,12.09,11.8642,12.0,False,BELOW_MINIMUM_RELATIVE_VOLUME,False,,,,,,,,,,,,,,BELOW_MINIMUM_RELATIVE_VOLUME,False,,,,,,,,,,,,,,BELOW_MINIMUM_RELATIVE_VOLUME,False,,,,,,,,,,,,,
orb_v1.0,2024-05-30,551,MUR,BBG001S5TG80,0.4925460884283687,14,LONG,False,BELOW_MINIMUM_RELATIVE_VOLUME,False,False,False,False,9395.0,19074.35714285714,1323054.5714285714,0.8132142857142846,41.87,42.15,41.78,42.15,True,BELOW_MINIMUM_RELATIVE_VOLUME,False,,,,,,,,,,,,,,BELOW_MINIMUM_RELATIVE_VOLUME,False,,,,,,,,,,,,,,BELOW_MINIMUM_RELATIVE_VOLUME,False,,,,,,,,,,,,,
orb_v1.0,2024-05-30,552,RXRX,BBG00PQ4XJ54,0.4904619183770603,14,LONG,False,BELOW_MINIMUM_RELATIVE_VOLUME,False,False,False,False,142206.0,289943.0,5923842.785714285,0.71805,8.72,8.87,8.7,8.745,True,BELOW_MINIMUM_RELATIVE_VOLUME,False,,,,,,,,,,,,,,BELOW_MINIMUM_RELATIVE_VOLUME,False,,,,,,,,,,,,,,BELOW_MINIMUM_RELATIVE_VOLUME,False,,,,,,,,,,,,,
orb_v1.0,2024-05-30,553,NEE,BBG001S5RB29,0.489654913410806,14,LONG,False,BELOW_MINIMUM_RELATIVE_VOLUME,True,False,False,False,146214.0,298606.21428571426,9633388.57142857,1.4241071428571408,76.87,77.04,76.67,76.88,True,BELOW_MINIMUM_RELATIVE_VOLUME,False,,,,,,,,,,,,,,BELOW_MINIMUM_RELATIVE_VOLUME,False,,,,,,,,,,,,,,BELOW_MINIMUM_RELATIVE_VOLUME,False,,,,,,,,,,,,,
orb_v1.0,2024-05-30,554,GE,BBG001S5PVD5,0.488398201488927,14,LONG,False,BELOW_MINIMUM_RELATIVE_VOLUME,True,False,False,False,105496.0,216004.07142857142,5749103.357142857,3.786757142857145,163.48,164.73,163.48,164.27,True,BELOW_MINIMUM_RELATIVE_VOLUME,False,,,,,,,,,,,,,,BELOW_MINIMUM_RELATIVE_VOLUME,False,,,,,,,,,,,,,,BELOW_MINIMUM_RELATIVE_VOLUME,False,,,,,,,,,,,,,
orb_v1.0,2024-05-30,555,MTDR,BBG001T3L5S4,0.4876944049486229,14,LONG,False,BELOW_MINIMUM_RELATIVE_VOLUME,False,False,False,False,9506.0,19491.714285714286,1087248.857142857,1.4886571428571413,61.83,62.19,61.83,62.19,True,BELOW_MINIMUM_RELATIVE_VOLUME,False,,,,,,,,,,,,,,BELOW_MINIMUM_RELATIVE_VOLUME,False,,,,,,,,,,,,,,BELOW_MINIMUM_RELATIVE_VOLUME,False,,,,,,,,,,,,,
orb_v1.0,2024-05-30,556,VST,BBG00DXDL6R0,0.48552724164735617,14,SHORT,False,BELOW_MINIMUM_RELATIVE_VOLUME,True,False,False,False,131792.0,271441.0,7215277.571428572,4.958528571428571,104.0,104.08,102.77,102.805,True,BELOW_MINIMUM_RELATIVE_VOLUME,False,,,,,,,,,,,,,,BELOW_MINIMUM_RELATIVE_VOLUME,False,,,,,,,,,,,,,,BELOW_MINIMUM_RELATIVE_VOLUME,False,,,,,,,,,,,,,
orb_v1.0,2024-05-30,557,ZETA,BBG010FXVQB5,0.48544099669675134,14,LONG,False,BELOW_MINIMUM_RELATIVE_VOLUME,False,False,False,False,42660.0,87878.85714285714,2817179.0,0.6374785714285708,17.02,17.12,17.01,17.08,False,BELOW_MINIMUM_RELATIVE_VOLUME,False,,,,,,,,,,,,,,BELOW_MINIMUM_RELATIVE_VOLUME,False,,,,,,,,,,,,,,BELOW_MINIMUM_RELATIVE_VOLUME,False,,,,,,,,,,,,,
orb_v1.0,2024-05-30,558,CHTR,BBG001T3TDG2,0.48028498229067784,14,LONG,False,BELOW_MINIMUM_RELATIVE_VOLUME,True,False,False,False,10083.0,20993.785714285714,1029795.0714285715,7.482271428571437,272.18,272.94,271.398,272.5,True,BELOW_MINIMUM_RELATIVE_VOLUME,False,,,,,,,,,,,,,,BELOW_MINIMUM_RELATIVE_VOLUME,False,,,,,,,,,,,,,,BELOW_MINIMUM_RELATIVE_VOLUME,False,,,,,,,,,,,,,
orb_v1.0,2024-05-30,559,WEC,BBG001S5XDC7,0.4801490479180747,14,LONG,False,BELOW_MINIMUM_RELATIVE_VOLUME,True,False,False,False,21464.0,44702.78571428572,2234566.8571428573,1.2502928571428567,79.33,79.59,79.26,79.3695,False,BELOW_MINIMUM_RELATIVE_VOLUME,False,,,,,,,,,,,,,,BELOW_MINIMUM_RELATIVE_VOLUME,False,,,,,,,,,,,,,,BELOW_MINIMUM_RELATIVE_VOLUME,False,,,,,,,,,,,,,
orb_v1.0,2024-05-30,560,ZION,BBG001S5XN80,0.4796074994554232,14,LONG,False,BELOW_MINIMUM_RELATIVE_VOLUME,False,False,False,False,13525.0,28200.14285714286,1286109.357142857,0.9137071428571433,42.2,42.26,42.0522,42.26,True,BELOW_MINIMUM_RELATIVE_VOLUME,False,,,,,,,,,,,,,,BELOW_MINIMUM_RELATIVE_VOLUME,False,,,,,,,,,,,,,,BELOW_MINIMUM_RELATIVE_VOLUME,False,,,,,,,,,,,,,
orb_v1.0,2024-05-30,561,CVNA,BBG00GCTWF71,0.47899732042123844,14,SHORT,False,BELOW_MINIMUM_RELATIVE_VOLUME,False,False,False,False,58620.0,122380.64285714286,3150399.8571428573,5.912335714285716,105.49,105.91,104.45,104.635,True,BELOW_MINIMUM_RELATIVE_VOLUME,False,,,,,,,,,,,,,,BELOW_MINIMUM_RELATIVE_VOLUME,False,,,,,,,,,,,,,,BELOW_MINIMUM_RELATIVE_VOLUME,False,,,,,,,,,,,,,
orb_v1.0,2024-05-30,562,HWM,BBG00DYNJH69,0.477758525411875,14,LONG,False,BELOW_MINIMUM_RELATIVE_VOLUME,True,False,False,False,22787.0,47695.642857142855,2286348.785714286,1.4948571428571438,84.22,84.48,84.03,84.305,True,BELOW_MINIMUM_RELATIVE_VOLUME,False,,,,,,,,,,,,,,BELOW_MINIMUM_RELATIVE_VOLUME,False,,,,,,,,,,,,,,BELOW_MINIMUM_RELATIVE_VOLUME,False,,,,,,,,,,,,,
orb_v1.0,2024-05-30,563,BCG,BBG01G023175,0.477024949508144,14,SHORT,False,BELOW_MINIMUM_RELATIVE_VOLUME,False,False,False,False,3391.0,7108.642857142857,1503908.357142857,1.2466,7.9,8.1465,7.19,7.19,True,BELOW_MINIMUM_RELATIVE_VOLUME,False,,,,,,,,,,,,,,BELOW_MINIMUM_RELATIVE_VOLUME,False,,,,,,,,,,,,,,BELOW_MINIMUM_RELATIVE_VOLUME,False,,,,,,,,,,,,,
orb_v1.0,2024-05-30,564,NEM,BBG001S5TKX3,0.47434629411532075,14,LONG,False,BELOW_MINIMUM_RELATIVE_VOLUME,True,False,False,False,175634.0,370265.35714285716,8070965.214285715,1.124928571428571,41.54,41.655,41.51,41.65,True,BELOW_MINIMUM_RELATIVE_VOLUME,False,,,,,,,,,,,,,,BELOW_MINIMUM_RELATIVE_VOLUME,False,,,,,,,,,,,,,,BELOW_MINIMUM_RELATIVE_VOLUME,False,,,,,,,,,,,,,
orb_v1.0,2024-05-30,565,SHOP,BBG004DW5NC7,0.4736072804152008,14,SHORT,False,BELOW_MINIMUM_RELATIVE_VOLUME,True,False,False,False,275762.0,582258.7857142857,13964517.357142856,1.8307142857142864,58.41,58.61,58.17,58.21,True,BELOW_MINIMUM_RELATIVE_VOLUME,False,,,,,,,,,,,,,,BELOW_MINIMUM_RELATIVE_VOLUME,False,,,,,,,,,,,,,,BELOW_MINIMUM_RELATIVE_VOLUME,False,,,,,,,,,,,,,
orb_v1.0,2024-05-30,566,IRBT,BBG001SPB1K4,0.47318621398906124,14,LONG,False,BELOW_MINIMUM_RELATIVE_VOLUME,True,False,False,False,38518.0,81401.35714285714,1983055.4285714286,1.1555428571428568,9.21,9.32,9.2,9.3,True,BELOW_MINIMUM_RELATIVE_VOLUME,False,,,,,,,,,,,,,,BELOW_MINIMUM_RELATIVE_VOLUME,False,,,,,,,,,,,,,,BELOW_MINIMUM_RELATIVE_VOLUME,False,,,,,,,,,,,,,
orb_v1.0,2024-05-30,567,CEG,BBG014KFRPJ9,0.4716565177683328,14,SHORT,False,BELOW_MINIMUM_RELATIVE_VOLUME,True,False,False,False,43049.0,91271.92857142857,2695058.3571428573,8.916571428571428,222.33,222.9799,221.0001,221.0001,True,BELOW_MINIMUM_RELATIVE_VOLUME,False,,,,,,,,,,,,,,BELOW_MINIMUM_RELATIVE_VOLUME,False,,,,,,,,,,,,,,BELOW_MINIMUM_RELATIVE_VOLUME,False,,,,,,,,,,,,,
orb_v1.0,2024-05-30,568,CSCO,BBG001S6HC62,0.4688485515925721,14,LONG,False,BELOW_MINIMUM_RELATIVE_VOLUME,True,False,False,False,425245.0,906998.6428571428,21169917.785714287,0.7957142857142868,46.1,46.25,46.1,46.1301,True,BELOW_MINIMUM_RELATIVE_VOLUME,False,,,,,,,,,,,,,,BELOW_MINIMUM_RELATIVE_VOLUME,False,,,,,,,,,,,,,,BELOW_MINIMUM_RELATIVE_VOLUME,False,,,,,,,,,,,,,
orb_v1.0,2024-05-30,569,LSCC,BBG001S6C0G2,0.46873295001468923,14,LONG,False,BELOW_MINIMUM_RELATIVE_VOLUME,False,False,False,False,12764.0,27230.85714285714,1492619.142857143,2.3775714285714287,76.76,77.24,76.505,76.95,True,BELOW_MINIMUM_RELATIVE_VOLUME,False,,,,,,,,,,,,,,BELOW_MINIMUM_RELATIVE_VOLUME,False,,,,,,,,,,,,,,BELOW_MINIMUM_RELATIVE_VOLUME,False,,,,,,,,,,,,,
orb_v1.0,2024-05-30,570,WYNN,BBG001SJZ2V8,0.4671170785940306,14,LONG,False,BELOW_MINIMUM_RELATIVE_VOLUME,False,False,False,False,19117.0,40925.5,1449467.5714285714,1.690714285714287,92.52,92.9702,92.33,92.815,True,BELOW_MINIMUM_RELATIVE_VOLUME,False,,,,,,,,,,,,,,BELOW_MINIMUM_RELATIVE_VOLUME,False,,,,,,,,,,,,,,BELOW_MINIMUM_RELATIVE_VOLUME,False,,,,,,,,,,,,,
orb_v1.0,2024-05-30,571,EXAS,BBG001SGCLB9,0.4661085001524976,14,LONG,False,BELOW_MINIMUM_RELATIVE_VOLUME,False,False,False,False,57091.0,122484.35714285714,4529802.428571428,3.3056785714285715,45.05,45.51,44.7201,45.17,True,BELOW_MINIMUM_RELATIVE_VOLUME,False,,,,,,,,,,,,,,BELOW_MINIMUM_RELATIVE_VOLUME,False,,,,,,,,,,,,,,BELOW_MINIMUM_RELATIVE_VOLUME,False,,,,,,,,,,,,,
orb_v1.0,2024-05-30,572,ALT,BBG001SNS461,0.4659505290197417,14,LONG,False,BELOW_MINIMUM_RELATIVE_VOLUME,False,False,False,False,51878.0,111338.0,2862572.5714285714,0.6491357142857144,6.97,7.09,6.925,6.99,True,BELOW_MINIMUM_RELATIVE_VOLUME,False,,,,,,,,,,,,,,BELOW_MINIMUM_RELATIVE_VOLUME,False,,,,,,,,,,,,,,BELOW_MINIMUM_RELATIVE_VOLUME,False,,,,,,,,,,,,,
orb_v1.0,2024-05-30,573,NWSA,BBG0035LY922,0.46448010161895287,14,SHORT,False,BELOW_MINIMUM_RELATIVE_VOLUME,True,False,False,False,27686.0,59606.42857142857,2958303.714285714,0.5921428571428573,26.7,26.77,26.68,26.68,True,BELOW_MINIMUM_RELATIVE_VOLUME,False,,,,,,,,,,,,,,BELOW_MINIMUM_RELATIVE_VOLUME,False,,,,,,,,,,,,,,BELOW_MINIMUM_RELATIVE_VOLUME,False,,,,,,,,,,,,,
orb_v1.0,2024-05-30,574,FTI,0001681459,0.4636611711786068,14,LONG,False,BELOW_MINIMUM_RELATIVE_VOLUME,False,False,False,False,25681.0,55387.42857142857,3037541.1428571427,0.6519571428571425,25.82,26.005,25.81,25.985,True,BELOW_MINIMUM_RELATIVE_VOLUME,False,,,,,,,,,,,,,,BELOW_MINIMUM_RELATIVE_VOLUME,False,,,,,,,,,,,,,,BELOW_MINIMUM_RELATIVE_VOLUME,False,,,,,,,,,,,,,
orb_v1.0,2024-05-30,575,CELH,BBG001SQSKT3,0.46331730006871397,14,SHORT,False,BELOW_MINIMUM_RELATIVE_VOLUME,True,False,False,False,87655.0,189190.0,5022395.357142857,5.5743214285714275,80.11,80.28,79.31,79.8,True,BELOW_MINIMUM_RELATIVE_VOLUME,False,,,,,,,,,,,,,,BELOW_MINIMUM_RELATIVE_VOLUME,False,,,,,,,,,,,,,,BELOW_MINIMUM_RELATIVE_VOLUME,False,,,,,,,,,,,,,
orb_v1.0,2024-05-30,576,ALGM,BBG00H5S83B8,0.46216685006621033,14,LONG,False,BELOW_MINIMUM_RELATIVE_VOLUME,False,False,False,False,21240.0,45957.42857142857,1792864.2857142857,1.5360714285714292,29.91,30.12,29.91,30.075,True,BELOW_MINIMUM_RELATIVE_VOLUME,False,,,,,,,,,,,,,,BELOW_MINIMUM_RELATIVE_VOLUME,False,,,,,,,,,,,,,,BELOW_MINIMUM_RELATIVE_VOLUME,False,,,,,,,,,,,,,
orb_v1.0,2024-05-30,577,AEM,BBG001S77MK3,0.4614323086984958,14,LONG,False,BELOW_MINIMUM_RELATIVE_VOLUME,True,False,False,False,40316.0,87371.42857142857,2189516.0714285714,1.449700000000003,67.56,67.89,67.38,67.89,True,BELOW_MINIMUM_RELATIVE_VOLUME,False,,,,,,,,,,,,,,BELOW_MINIMUM_RELATIVE_VOLUME,False,,,,,,,,,,,,,,BELOW_MINIMUM_RELATIVE_VOLUME,False,,,,,,,,,,,,,
orb_v1.0,2024-05-30,578,CAH,BBG001S7PC34,0.46133760739553503,14,LONG,False,BELOW_MINIMUM_RELATIVE_VOLUME,True,False,False,False,11863.0,25714.35714285714,1674779.5714285714,1.702142857142857,96.26,96.388,96.02,96.29,True,BELOW_MINIMUM_RELATIVE_VOLUME,False,,,,,,,,,,,,,,BELOW_MINIMUM_RELATIVE_VOLUME,False,,,,,,,,,,,,,,BELOW_MINIMUM_RELATIVE_VOLUME,False,,,,,,,,,,,,,
orb_v1.0,2024-05-30,579,ASPN,BBG001SJZK39,0.4605308093867395,14,SHORT,False,BELOW_MINIMUM_RELATIVE_VOLUME,False,False,False,False,21576.0,46850.28571428572,1133040.9285714286,1.1623714285714282,29.39,29.5,29.03,29.05,True,BELOW_MINIMUM_RELATIVE_VOLUME,False,,,,,,,,,,,,,,BELOW_MINIMUM_RELATIVE_VOLUME,False,,,,,,,,,,,,,,BELOW_MINIMUM_RELATIVE_VOLUME,False,,,,,,,,,,,,,
orb_v1.0,2024-05-30,580,NRG,BBG001SDD8F0,0.45798077275071436,14,SHORT,False,BELOW_MINIMUM_RELATIVE_VOLUME,True,False,False,False,50936.0,111218.64285714286,3637209.785714286,3.3048285714285686,83.52,83.77,83.14,83.4,True,BELOW_MINIMUM_RELATIVE_VOLUME,False,,,,,,,,,,,,,,BELOW_MINIMUM_RELATIVE_VOLUME,False,,,,,,,,,,,,,,BELOW_MINIMUM_RELATIVE_VOLUME,False,,,,,,,,,,,,,
orb_v1.0,2024-05-30,581,GRPN,BBG001T8J560,0.4579490149635636,14,LONG,False,BELOW_MINIMUM_RELATIVE_VOLUME,False,False,False,False,26488.0,57840.5,1985330.5,1.3502142857142851,15.2,15.3695,15.17,15.3,True,BELOW_MINIMUM_RELATIVE_VOLUME,False,,,,,,,,,,,,,,BELOW_MINIMUM_RELATIVE_VOLUME,False,,,,,,,,,,,,,,BELOW_MINIMUM_RELATIVE_VOLUME,False,,,,,,,,,,,,,
orb_v1.0,2024-05-30,582,AY,0001601072,0.45314257195142243,14,LONG,False,BELOW_MINIMUM_RELATIVE_VOLUME,False,False,False,False,48640.0,107339.28571428571,2842403.214285714,0.7496357142857141,22.28,22.35,22.28,22.33,True,BELOW_MINIMUM_RELATIVE_VOLUME,False,,,,,,,,,,,,,,BELOW_MINIMUM_RELATIVE_VOLUME,False,,,,,,,,,,,,,,BELOW_MINIMUM_RELATIVE_VOLUME,False,,,,,,,,,,,,,
orb_v1.0,2024-05-30,583,ARQT,BBG00QN8K4P1,0.45230141260730317,14,LONG,False,BELOW_MINIMUM_RELATIVE_VOLUME,False,False,False,False,58064.0,128374.57142857143,3727251.285714286,0.7514357142857142,8.69,8.82,8.6,8.82,True,BELOW_MINIMUM_RELATIVE_VOLUME,False,,,,,,,,,,,,,,BELOW_MINIMUM_RELATIVE_VOLUME,False,,,,,,,,,,,,,,BELOW_MINIMUM_RELATIVE_VOLUME,False,,,,,,,,,,,,,
orb_v1.0,2024-05-30,584,TER,BBG001S5WMZ3,0.44982325734082906,14,LONG,False,BELOW_MINIMUM_RELATIVE_VOLUME,True,False,False,False,21924.0,48739.142857142855,2211633.214285714,3.809928571428569,142.08,142.59,141.7422,142.51,True,BELOW_MINIMUM_RELATIVE_VOLUME,False,,,,,,,,,,,,,,BELOW_MINIMUM_RELATIVE_VOLUME,False,,,,,,,,,,,,,,BELOW_MINIMUM_RELATIVE_VOLUME,False,,,,,,,,,,,,,
orb_v1.0,2024-05-30,585,STNE,0001745431,0.44706827951341926,14,LONG,False,BELOW_MINIMUM_RELATIVE_VOLUME,False,False,False,False,103060.0,230524.07142857142,6775789.642857143,0.6273214285714283,13.94,14.02,13.91,13.99,True,BELOW_MINIMUM_RELATIVE_VOLUME,False,,,,,,,,,,,,,,BELOW_MINIMUM_RELATIVE_VOLUME,False,,,,,,,,,,,,,,BELOW_MINIMUM_RELATIVE_VOLUME,False,,,,,,,,,,,,,
orb_v1.0,2024-05-30,586,TXN,BBG001S5WYZ7,0.44649840251416173,14,SHORT,False,BELOW_MINIMUM_RELATIVE_VOLUME,True,False,False,False,122032.0,273308.9285714286,5824017.642857143,3.859571428571434,195.45,195.45,194.47,194.67,True,BELOW_MINIMUM_RELATIVE_VOLUME,False,,,,,,,,,,,,,,BELOW_MINIMUM_RELATIVE_VOLUME,False,,,,,,,,,,,,,,BELOW_MINIMUM_RELATIVE_VOLUME,False,,,,,,,,,,,,,
orb_v1.0,2024-05-30,587,KTOS,BBG001SD5VL1,0.44615702053027956,14,LONG,False,BELOW_MINIMUM_RELATIVE_VOLUME,False,False,False,False,15445.0,34617.857142857145,1104023.7857142857,0.5596928571428571,21.55,21.74,21.45,21.71,False,BELOW_MINIMUM_RELATIVE_VOLUME,False,,,,,,,,,,,,,,BELOW_MINIMUM_RELATIVE_VOLUME,False,,,,,,,,,,,,,,BELOW_MINIMUM_RELATIVE_VOLUME,False,,,,,,,,,,,,,
orb_v1.0,2024-05-30,588,NCLH,0001513761,0.44406749742752,14,LONG,False,BELOW_MINIMUM_RELATIVE_VOLUME,False,False,False,False,273853.0,616692.2857142857,16315349.0,0.6292857142857143,16.49,16.605,16.46,16.56,False,BELOW_MINIMUM_RELATIVE_VOLUME,False,,,,,,,,,,,,,,BELOW_MINIMUM_RELATIVE_VOLUME,False,,,,,,,,,,,,,,BELOW_MINIMUM_RELATIVE_VOLUME,False,,,,,,,,,,,,,
orb_v1.0,2024-05-30,589,MPLX,BBG0035TJHL3,0.44266989468053275,14,SHORT,False,BELOW_MINIMUM_RELATIVE_VOLUME,True,False,False,False,22934.0,51808.357142857145,2245987.0714285714,0.5696357142857137,40.25,40.26,40.15,40.23,True,BELOW_MINIMUM_RELATIVE_VOLUME,False,,,,,,,,,,,,,,BELOW_MINIMUM_RELATIVE_VOLUME,False,,,,,,,,,,,,,,BELOW_MINIMUM_RELATIVE_VOLUME,False,,,,,,,,,,,,,
orb_v1.0,2024-05-30,590,ZIM,0001654126,0.44051246218420687,14,LONG,False,BELOW_MINIMUM_RELATIVE_VOLUME,False,False,False,False,224751.0,510203.5,7664646.642857143,1.384971428571429,21.43,21.78,21.35,21.69,True,BELOW_MINIMUM_RELATIVE_VOLUME,False,,,,,,,,,,,,,,BELOW_MINIMUM_RELATIVE_VOLUME,False,,,,,,,,,,,,,,BELOW_MINIMUM_RELATIVE_VOLUME,False,,,,,,,,,,,,,
orb_v1.0,2024-05-30,591,TRGP,BBG001TC94B9,0.438695000921157,14,LONG,False,BELOW_MINIMUM_RELATIVE_VOLUME,True,False,False,False,7824.0,17834.714285714286,1207328.7142857143,1.9353500000000008,114.73,115.095,114.73,114.88,True,BELOW_MINIMUM_RELATIVE_VOLUME,False,,,,,,,,,,,,,,BELOW_MINIMUM_RELATIVE_VOLUME,False,,,,,,,,,,,,,,BELOW_MINIMUM_RELATIVE_VOLUME,False,,,,,,,,,,,,,
orb_v1.0,2024-05-30,592,GLBE,0001835963,0.4357880172751782,14,LONG,False,BELOW_MINIMUM_RELATIVE_VOLUME,False,False,False,False,20563.0,47185.78571428572,1924266.142857143,1.6207000000000005,31.38,31.6984,31.3,31.5818,True,BELOW_MINIMUM_RELATIVE_VOLUME,False,,,,,,,,,,,,,,BELOW_MINIMUM_RELATIVE_VOLUME,False,,,,,,,,,,,,,,BELOW_MINIMUM_RELATIVE_VOLUME,False,,,,,,,,,,,,,
orb_v1.0,2024-05-30,593,PENN,BBG001S80PY6,0.4356836836910634,14,SHORT,False,BELOW_MINIMUM_RELATIVE_VOLUME,False,False,False,False,67539.0,155018.42857142858,5091882.071428572,0.745857142857143,15.16,15.26,15.05,15.08,True,BELOW_MINIMUM_RELATIVE_VOLUME,False,,,,,,,,,,,,,,BELOW_MINIMUM_RELATIVE_VOLUME,False,,,,,,,,,,,,,,BELOW_MINIMUM_RELATIVE_VOLUME,False,,,,,,,,,,,,,
orb_v1.0,2024-05-30,594,LNG,BBG001S7W158,0.4337240591925815,14,LONG,False,BELOW_MINIMUM_RELATIVE_VOLUME,True,False,False,False,16878.0,38914.142857142855,1476710.642857143,2.7935714285714277,153.85,154.43,153.58,154.42,True,BELOW_MINIMUM_RELATIVE_VOLUME,False,,,,,,,,,,,,,,BELOW_MINIMUM_RELATIVE_VOLUME,False,,,,,,,,,,,,,,BELOW_MINIMUM_RELATIVE_VOLUME,False,,,,,,,,,,,,,
orb_v1.0,2024-05-30,595,TGT,BBG001SC0K41,0.4311865019684563,14,LONG,False,BELOW_MINIMUM_RELATIVE_VOLUME,True,False,False,False,77676.0,180144.7857142857,4937812.714285715,4.445007142857149,148.52,148.88,148.21,148.5399,True,BELOW_MINIMUM_RELATIVE_VOLUME,False,,,,,,,,,,,,,,BELOW_MINIMUM_RELATIVE_VOLUME,False,,,,,,,,,,,,,,BELOW_MINIMUM_RELATIVE_VOLUME,False,,,,,,,,,,,,,
orb_v1.0,2024-05-30,596,JCI,0000833444,0.43063279236597446,14,LONG,False,BELOW_MINIMUM_RELATIVE_VOLUME,True,False,False,False,90220.0,209505.64285714287,6326611.928571428,1.5746428571428583,71.16,71.22,70.82,71.18,True,BELOW_MINIMUM_RELATIVE_VOLUME,False,,,,,,,,,,,,,,BELOW_MINIMUM_RELATIVE_VOLUME,False,,,,,,,,,,,,,,BELOW_MINIMUM_RELATIVE_VOLUME,False,,,,,,,,,,,,,
orb_v1.0,2024-05-30,597,MBLY,BBG019X46ZY3,0.4304699199935239,14,LONG,False,BELOW_MINIMUM_RELATIVE_VOLUME,True,False,False,False,20511.0,47647.92857142857,2170495.8571428573,0.9975071428571424,25.97,26.11,25.97,26.07,True,BELOW_MINIMUM_RELATIVE_VOLUME,False,,,,,,,,,,,,,,BELOW_MINIMUM_RELATIVE_VOLUME,False,,,,,,,,,,,,,,BELOW_MINIMUM_RELATIVE_VOLUME,False,,,,,,,,,,,,,
orb_v1.0,2024-05-30,598,ACVA,BBG00G5JGQ75,0.4302496673251772,14,LONG,False,BELOW_MINIMUM_RELATIVE_VOLUME,False,False,False,False,10485.0,24369.571428571428,1313760.7857142857,0.8567071428571429,17.89,17.945,17.82,17.895,True,BELOW_MINIMUM_RELATIVE_VOLUME,False,,,,,,,,,,,,,,BELOW_MINIMUM_RELATIVE_VOLUME,False,,,,,,,,,,,,,,BELOW_MINIMUM_RELATIVE_VOLUME,False,,,,,,,,,,,,,
orb_v1.0,2024-05-30,599,CPRX,BBG001SRHS16,0.428899723611068,14,LONG,False,BELOW_MINIMUM_RELATIVE_VOLUME,False,False,False,False,11838.0,27600.85714285714,1102860.0714285714,0.6049285714285716,16.02,16.12,16.015,16.11,True,BELOW_MINIMUM_RELATIVE_VOLUME,False,,,,,,,,,,,,,,BELOW_MINIMUM_RELATIVE_VOLUME,False,,,,,,,,,,,,,,BELOW_MINIMUM_RELATIVE_VOLUME,False,,,,,,,,,,,,,
orb_v1.0,2024-05-30,600,AAOI,BBG001SG47G4,0.42876160107409583,14,SHORT,False,BELOW_MINIMUM_RELATIVE_VOLUME,False,False,False,False,45621.0,106401.78571428571,2232003.6428571427,0.8840999999999999,11.98,12.12,11.87,11.9,True,BELOW_MINIMUM_RELATIVE_VOLUME,False,,,,,,,,,,,,,,BELOW_MINIMUM_RELATIVE_VOLUME,False,,,,,,,,,,,,,,BELOW_MINIMUM_RELATIVE_VOLUME,False,,,,,,,,,,,,,
orb_v1.0,2024-05-30,601,PWSC,BBG00ZXQB5X8,0.42693796475501683,14,LONG,False,BELOW_MINIMUM_RELATIVE_VOLUME,False,False,False,False,9580.0,22438.85714285714,1497984.642857143,0.7803499999999998,21.0,21.33,21.0,21.17,True,BELOW_MINIMUM_RELATIVE_VOLUME,False,,,,,,,,,,,,,,BELOW_MINIMUM_RELATIVE_VOLUME,False,,,,,,,,,,,,,,BELOW_MINIMUM_RELATIVE_VOLUME,False,,,,,,,,,,,,,
orb_v1.0,2024-05-30,602,TPX,BBG001SH81D4,0.42675201570640475,14,SHORT,False,BELOW_MINIMUM_RELATIVE_VOLUME,False,False,False,False,5962.0,13970.642857142857,1351373.9285714286,1.2092857142857152,50.07,50.14,50.0,50.0,True,BELOW_MINIMUM_RELATIVE_VOLUME,False,,,,,,,,,,,,,,BELOW_MINIMUM_RELATIVE_VOLUME,False,,,,,,,,,,,,,,BELOW_MINIMUM_RELATIVE_VOLUME,False,,,,,,,,,,,,,
orb_v1.0,2024-05-30,603,FVRR,0001762301,0.4247651976539932,14,LONG,False,BELOW_MINIMUM_RELATIVE_VOLUME,False,False,False,False,21815.0,51357.78571428572,1160664.2142857143,1.143078571428571,24.53,24.6699,24.46,24.62,True,BELOW_MINIMUM_RELATIVE_VOLUME,False,,,,,,,,,,,,,,BELOW_MINIMUM_RELATIVE_VOLUME,False,,,,,,,,,,,,,,BELOW_MINIMUM_RELATIVE_VOLUME,False,,,,,,,,,,,,,
orb_v1.0,2024-05-30,604,JBL,BBG001S7RB70,0.4233499556675006,14,SHORT,False,BELOW_MINIMUM_RELATIVE_VOLUME,True,False,False,False,10709.0,25295.85714285714,1477323.357142857,3.2875785714285746,117.62,117.91,117.565,117.615,True,BELOW_MINIMUM_RELATIVE_VOLUME,False,,,,,,,,,,,,,,BELOW_MINIMUM_RELATIVE_VOLUME,False,,,,,,,,,,,,,,BELOW_MINIMUM_RELATIVE_VOLUME,False,,,,,,,,,,,,,
orb_v1.0,2024-05-30,605,CART,BBG00KG5VJG3,0.42296813203901995,14,SHORT,False,BELOW_MINIMUM_RELATIVE_VOLUME,False,False,False,False,64695.0,152954.7857142857,5070670.785714285,1.5717857142857141,30.91,31.08,30.86,30.9,True,BELOW_MINIMUM_RELATIVE_VOLUME,False,,,,,,,,,,,,,,BELOW_MINIMUM_RELATIVE_VOLUME,False,,,,,,,,,,,,,,BELOW_MINIMUM_RELATIVE_VOLUME,False,,,,,,,,,,,,,
orb_v1.0,2024-05-30,606,RRC,BBG001SBZNN8,0.42175386965560513,14,LONG,False,BELOW_MINIMUM_RELATIVE_VOLUME,False,False,False,False,15027.0,35629.78571428572,2473301.785714286,1.1132142857142864,36.18,36.34,36.1201,36.2506,True,BELOW_MINIMUM_RELATIVE_VOLUME,False,,,,,,,,,,,,,,BELOW_MINIMUM_RELATIVE_VOLUME,False,,,,,,,,,,,,,,BELOW_MINIMUM_RELATIVE_VOLUME,False,,,,,,,,,,,,,
orb_v1.0,2024-05-30,607,SEDG,BBG0084BC0P2,0.42112704437419274,14,LONG,False,BELOW_MINIMUM_RELATIVE_VOLUME,False,False,False,False,54636.0,129737.57142857143,2726282.0714285714,3.475357142857143,49.44,49.95,49.155,49.74,True,BELOW_MINIMUM_RELATIVE_VOLUME,False,,,,,,,,,,,,,,BELOW_MINIMUM_RELATIVE_VOLUME,False,,,,,,,,,,,,,,BELOW_MINIMUM_RELATIVE_VOLUME,False,,,,,,,,,,,,,
orb_v1.0,2024-05-30,608,PINS,BBG002583CW7,0.4185368268968272,14,SHORT,False,BELOW_MINIMUM_RELATIVE_VOLUME,True,False,False,False,84650.0,202252.2142857143,8242981.571428572,0.8239714285714282,41.94,42.02,41.82,41.82,True,BELOW_MINIMUM_RELATIVE_VOLUME,False,,,,,,,,,,,,,,BELOW_MINIMUM_RELATIVE_VOLUME,False,,,,,,,,,,,,,,BELOW_MINIMUM_RELATIVE_VOLUME,False,,,,,,,,,,,,,
orb_v1.0,2024-05-30,609,BBIO,BBG00P9KDZL5,0.4169937311153883,14,SHORT,False,BELOW_MINIMUM_RELATIVE_VOLUME,False,False,False,False,11080.0,26571.14285714286,1689723.9285714286,1.1799428571428572,28.06,28.09,27.89,28.0,False,BELOW_MINIMUM_RELATIVE_VOLUME,False,,,,,,,,,,,,,,BELOW_MINIMUM_RELATIVE_VOLUME,False,,,,,,,,,,,,,,BELOW_MINIMUM_RELATIVE_VOLUME,False,,,,,,,,,,,,,
orb_v1.0,2024-05-30,610,CP,BBG001S7F4Z8,0.41608683210462966,14,LONG,False,BELOW_MINIMUM_RELATIVE_VOLUME,True,False,False,False,26692.0,64150.07142857143,2446677.3571428573,1.4910500000000002,76.73,77.13,76.68,77.05,True,BELOW_MINIMUM_RELATIVE_VOLUME,False,,,,,,,,,,,,,,BELOW_MINIMUM_RELATIVE_VOLUME,False,,,,,,,,,,,,,,BELOW_MINIMUM_RELATIVE_VOLUME,False,,,,,,,,,,,,,
orb_v1.0,2024-05-30,611,CRSP,0001674416,0.4156492907991054,14,LONG,False,BELOW_MINIMUM_RELATIVE_VOLUME,False,False,False,False,28314.0,68119.92857142857,1319278.0,2.850164285714285,54.26,54.87,54.21,54.5369,False,BELOW_MINIMUM_RELATIVE_VOLUME,False,,,,,,,,,,,,,,BELOW_MINIMUM_RELATIVE_VOLUME,False,,,,,,,,,,,,,,BELOW_MINIMUM_RELATIVE_VOLUME,False,,,,,,,,,,,,,
orb_v1.0,2024-05-30,612,HASI,BBG0044K5DN3,0.4140124242012573,14,LONG,False,BELOW_MINIMUM_RELATIVE_VOLUME,False,False,False,False,9578.0,23134.571428571428,1602780.2857142857,1.3483928571428574,32.45,32.74,32.44,32.53,True,BELOW_MINIMUM_RELATIVE_VOLUME,False,,,,,,,,,,,,,,BELOW_MINIMUM_RELATIVE_VOLUME,False,,,,,,,,,,,,,,BELOW_MINIMUM_RELATIVE_VOLUME,False,,,,,,,,,,,,,
orb_v1.0,2024-05-30,613,LSPD,BBG00B0JR9Q6,0.41366774648906907,14,SHORT,False,BELOW_MINIMUM_RELATIVE_VOLUME,False,False,False,False,26123.0,63149.71428571428,2041373.9285714286,0.6858357142857147,15.27,15.34,15.13,15.15,True,BELOW_MINIMUM_RELATIVE_VOLUME,False,,,,,,,,,,,,,,BELOW_MINIMUM_RELATIVE_VOLUME,False,,,,,,,,,,,,,,BELOW_MINIMUM_RELATIVE_VOLUME,False,,,,,,,,,,,,,
orb_v1.0,2024-05-30,614,RPD,BBG009DFHWH5,0.4049249970435463,14,SHORT,False,BELOW_MINIMUM_RELATIVE_VOLUME,False,False,False,False,6359.0,15704.142857142857,1178366.5,1.4446357142857151,37.77,37.77,37.405,37.405,True,BELOW_MINIMUM_RELATIVE_VOLUME,False,,,,,,,,,,,,,,BELOW_MINIMUM_RELATIVE_VOLUME,False,,,,,,,,,,,,,,BELOW_MINIMUM_RELATIVE_VOLUME,False,,,,,,,,,,,,,
orb_v1.0,2024-05-30,615,AME,BBG001S5NN54,0.4002618185101173,14,LONG,False,BELOW_MINIMUM_RELATIVE_VOLUME,True,False,False,False,12667.0,31646.785714285714,1233946.4285714286,2.7674999999999943,166.64,167.23,166.24,167.035,True,BELOW_MINIMUM_RELATIVE_VOLUME,False,,,,,,,,,,,,,,BELOW_MINIMUM_RELATIVE_VOLUME,False,,,,,,,,,,,,,,BELOW_MINIMUM_RELATIVE_VOLUME,False,,,,,,,,,,,,,
orb_v1.0,2024-05-30,616,GPK,BBG001S90195,0.39706630808051047,14,LONG,False,BELOW_MINIMUM_RELATIVE_VOLUME,False,False,False,False,26470.0,66663.92857142857,1979658.857142857,0.5239142857142858,27.33,27.41,27.31,27.41,True,BELOW_MINIMUM_RELATIVE_VOLUME,False,,,,,,,,,,,,,,BELOW_MINIMUM_RELATIVE_VOLUME,False,,,,,,,,,,,,,,BELOW_MINIMUM_RELATIVE_VOLUME,False,,,,,,,,,,,,,
orb_v1.0,2024-05-30,617,RVMD,BBG00829F4Q7,0.3969853045409441,14,LONG,False,BELOW_MINIMUM_RELATIVE_VOLUME,False,False,False,False,6001.0,15116.42857142857,1279595.5,1.4939642857142843,37.92,38.08,37.895,38.065,True,BELOW_MINIMUM_RELATIVE_VOLUME,False,,,,,,,,,,,,,,BELOW_MINIMUM_RELATIVE_VOLUME,False,,,,,,,,,,,,,,BELOW_MINIMUM_RELATIVE_VOLUME,False,,,,,,,,,,,,,
orb_v1.0,2024-05-30,618,KKR,BBG001S6PW05,0.39685676114252,14,LONG,False,BELOW_MINIMUM_RELATIVE_VOLUME,True,False,False,False,27286.0,68755.28571428571,3637398.3571428573,2.885621428571429,103.22,104.15,103.22,104.145,True,BELOW_MINIMUM_RELATIVE_VOLUME,False,,,,,,,,,,,,,,BELOW_MINIMUM_RELATIVE_VOLUME,False,,,,,,,,,,,,,,BELOW_MINIMUM_RELATIVE_VOLUME,False,,,,,,,,,,,,,
orb_v1.0,2024-05-30,619,AON,0000315293,0.3958148974390225,14,LONG,False,BELOW_MINIMUM_RELATIVE_VOLUME,True,False,False,False,10671.0,26959.571428571428,1598393.0,4.308657142857145,275.56,276.2099,275.07,276.07,True,BELOW_MINIMUM_RELATIVE_VOLUME,False,,,,,,,,,,,,,,BELOW_MINIMUM_RELATIVE_VOLUME,False,,,,,,,,,,,,,,BELOW_MINIMUM_RELATIVE_VOLUME,False,,,,,,,,,,,,,
orb_v1.0,2024-05-30,620,BAM,BBG019Z17GF9,0.39455595270827604,14,LONG,False,BELOW_MINIMUM_RELATIVE_VOLUME,False,False,False,False,9020.0,22861.14285714286,1458834.142857143,0.7842785714285699,38.51,38.81,38.51,38.81,True,BELOW_MINIMUM_RELATIVE_VOLUME,False,,,,,,,,,,,,,,BELOW_MINIMUM_RELATIVE_VOLUME,False,,,,,,,,,,,,,,BELOW_MINIMUM_RELATIVE_VOLUME,False,,,,,,,,,,,,,
orb_v1.0,2024-05-30,621,ADI,BBG001S5ND38,0.39434443380121903,14,LONG,False,BELOW_MINIMUM_RELATIVE_VOLUME,True,False,False,False,42109.0,106782.28571428571,3633946.5,5.631785714285712,228.68,230.24,228.01,229.695,False,BELOW_MINIMUM_RELATIVE_VOLUME,False,,,,,,,,,,,,,,BELOW_MINIMUM_RELATIVE_VOLUME,False,,,,,,,,,,,,,,BELOW_MINIMUM_RELATIVE_VOLUME,False,,,,,,,,,,,,,
orb_v1.0,2024-05-30,622,MGY,BBG00GNC8DM1,0.39126012648480885,14,LONG,False,BELOW_MINIMUM_RELATIVE_VOLUME,False,False,False,False,16514.0,42207.21428571428,2595999.214285714,0.5749999999999998,25.2,25.46,25.2,25.46,True,BELOW_MINIMUM_RELATIVE_VOLUME,False,,,,,,,,,,,,,,BELOW_MINIMUM_RELATIVE_VOLUME,False,,,,,,,,,,,,,,BELOW_MINIMUM_RELATIVE_VOLUME,False,,,,,,,,,,,,,
orb_v1.0,2024-05-30,623,SPR,BBG001SKF1N8,0.3893765216277069,14,SHORT,False,BELOW_MINIMUM_RELATIVE_VOLUME,False,False,False,False,12155.0,31216.571428571428,1640867.5,0.8074285714285713,30.45,30.45,30.07,30.24,True,BELOW_MINIMUM_RELATIVE_VOLUME,False,,,,,,,,,,,,,,BELOW_MINIMUM_RELATIVE_VOLUME,False,,,,,,,,,,,,,,BELOW_MINIMUM_RELATIVE_VOLUME,False,,,,,,,,,,,,,
orb_v1.0,2024-05-30,624,TRIP,BBG001V10VR2,0.3862706636178434,14,LONG,False,BELOW_MINIMUM_RELATIVE_VOLUME,False,False,False,False,32084.0,83060.92857142857,3122482.8571428573,0.5684214285714285,17.83,17.905,17.82,17.87,True,BELOW_MINIMUM_RELATIVE_VOLUME,False,,,,,,,,,,,,,,BELOW_MINIMUM_RELATIVE_VOLUME,False,,,,,,,,,,,,,,BELOW_MINIMUM_RELATIVE_VOLUME,False,,,,,,,,,,,,,
orb_v1.0,2024-05-30,625,GMED,BBG002V87T57,0.38425558925996234,14,LONG,False,BELOW_MINIMUM_RELATIVE_VOLUME,False,False,False,False,9383.0,24418.64285714286,1007337.7857142857,1.6842000000000017,65.45,65.94,65.45,65.605,True,BELOW_MINIMUM_RELATIVE_VOLUME,False,,,,,,,,,,,,,,BELOW_MINIMUM_RELATIVE_VOLUME,False,,,,,,,,,,,,,,BELOW_MINIMUM_RELATIVE_VOLUME,False,,,,,,,,,,,,,
orb_v1.0,2024-05-30,626,CNK,BBG001SS31W4,0.3828139334780701,14,SHORT,False,BELOW_MINIMUM_RELATIVE_VOLUME,False,False,False,False,23993.0,62675.357142857145,2756506.5714285714,0.6125571428571429,17.04,17.04,16.95,16.97,True,BELOW_MINIMUM_RELATIVE_VOLUME,False,,,,,,,,,,,,,,BELOW_MINIMUM_RELATIVE_VOLUME,False,,,,,,,,,,,,,,BELOW_MINIMUM_RELATIVE_VOLUME,False,,,,,,,,,,,,,
orb_v1.0,2024-05-30,627,CAKE,BBG001S71Q75,0.38002126868575087,14,LONG,False,BELOW_MINIMUM_RELATIVE_VOLUME,False,False,False,False,15698.0,41308.21428571428,1549838.5,1.4024571428571433,37.84,38.0,37.83,37.88,True,BELOW_MINIMUM_RELATIVE_VOLUME,False,,,,,,,,,,,,,,BELOW_MINIMUM_RELATIVE_VOLUME,False,,,,,,,,,,,,,,BELOW_MINIMUM_RELATIVE_VOLUME,False,,,,,,,,,,,,,
orb_v1.0,2024-05-30,628,DT,BBG00PNN7CW9,0.37869177548725147,14,SHORT,False,BELOW_MINIMUM_RELATIVE_VOLUME,False,False,False,False,70084.0,185068.7142857143,4077950.1428571427,1.1850000000000003,45.76,45.88,45.49,45.5,True,BELOW_MINIMUM_RELATIVE_VOLUME,False,,,,,,,,,,,,,,BELOW_MINIMUM_RELATIVE_VOLUME,False,,,,,,,,,,,,,,BELOW_MINIMUM_RELATIVE_VOLUME,False,,,,,,,,,,,,,
orb_v1.0,2024-05-30,629,EXPE,BBG001SP8VM0,0.37548381027809513,14,LONG,False,BELOW_MINIMUM_RELATIVE_VOLUME,True,False,False,False,17677.0,47077.92857142857,2483031.0714285714,2.0796428571428556,110.28,110.71,110.17,110.44,False,BELOW_MINIMUM_RELATIVE_VOLUME,False,,,,,,,,,,,,,,BELOW_MINIMUM_RELATIVE_VOLUME,False,,,,,,,,,,,,,,BELOW_MINIMUM_RELATIVE_VOLUME,False,,,,,,,,,,,,,
orb_v1.0,2024-05-30,630,AER,0001378789,0.3718917619484051,14,LONG,False,BELOW_MINIMUM_RELATIVE_VOLUME,True,False,False,False,7072.0,19016.285714285714,1339592.5714285714,1.660357142857141,90.44,91.015,90.44,91.01,True,BELOW_MINIMUM_RELATIVE_VOLUME,False,,,,,,,,,,,,,,BELOW_MINIMUM_RELATIVE_VOLUME,False,,,,,,,,,,,,,,BELOW_MINIMUM_RELATIVE_VOLUME,False,,,,,,,,,,,,,
orb_v1.0,2024-05-30,631,ANET,BBG001T51KQ0,0.37107903035801826,14,SHORT,False,BELOW_MINIMUM_RELATIVE_VOLUME,True,False,False,False,57960.0,156193.14285714287,2632115.0714285714,9.734871428571429,307.0,308.99,305.99,305.99,True,BELOW_MINIMUM_RELATIVE_VOLUME,False,,,,,,,,,,,,,,BELOW_MINIMUM_RELATIVE_VOLUME,False,,,,,,,,,,,,,,BELOW_MINIMUM_RELATIVE_VOLUME,False,,,,,,,,,,,,,
orb_v1.0,2024-05-30,632,BKR,BBG00GBVBK60,0.36892071923474573,14,LONG,False,BELOW_MINIMUM_RELATIVE_VOLUME,True,False,False,False,46107.0,124978.07142857143,5211193.0,0.6701785714285702,31.87,32.03,31.845,32.0,True,BELOW_MINIMUM_RELATIVE_VOLUME,False,,,,,,,,,,,,,,BELOW_MINIMUM_RELATIVE_VOLUME,False,,,,,,,,,,,,,,BELOW_MINIMUM_RELATIVE_VOLUME,False,,,,,,,,,,,,,
orb_v1.0,2024-05-30,633,ACMR,BBG00HPSG942,0.36759312303994235,14,SHORT,False,BELOW_MINIMUM_RELATIVE_VOLUME,False,False,False,False,17783.0,48376.857142857145,1178891.5,1.1828142857142858,22.76,22.76,22.42,22.42,True,BELOW_MINIMUM_RELATIVE_VOLUME,False,,,,,,,,,,,,,,BELOW_MINIMUM_RELATIVE_VOLUME,False,,,,,,,,,,,,,,BELOW_MINIMUM_RELATIVE_VOLUME,False,,,,,,,,,,,,,
orb_v1.0,2024-05-30,634,VSCO,BBG01103B480,0.36612521487409516,14,LONG,False,BELOW_MINIMUM_RELATIVE_VOLUME,False,False,False,False,31005.0,84684.14285714286,2978915.6428571427,1.0368142857142857,20.88,21.35,20.88,21.15,True,BELOW_MINIMUM_RELATIVE_VOLUME,False,,,,,,,,,,,,,,BELOW_MINIMUM_RELATIVE_VOLUME,False,,,,,,,,,,,,,,BELOW_MINIMUM_RELATIVE_VOLUME,False,,,,,,,,,,,,,
orb_v1.0,2024-05-30,635,FTV,BBG00BLVZ237,0.36609605864792355,14,LONG,False,BELOW_MINIMUM_RELATIVE_VOLUME,True,False,False,False,7612.0,20792.35714285714,1219725.7857142857,0.9759642857142846,73.35,73.505,73.34,73.505,True,BELOW_MINIMUM_RELATIVE_VOLUME,False,,,,,,,,,,,,,,BELOW_MINIMUM_RELATIVE_VOLUME,False,,,,,,,,,,,,,,BELOW_MINIMUM_RELATIVE_VOLUME,False,,,,,,,,,,,,,
orb_v1.0,2024-05-30,636,KEYS,BBG0059FN820,0.36521798944138595,14,LONG,False,BELOW_MINIMUM_RELATIVE_VOLUME,True,False,False,False,10619.0,29075.785714285714,1320396.857142857,3.990642857142859,139.63,139.935,139.43,139.935,False,BELOW_MINIMUM_RELATIVE_VOLUME,False,,,,,,,,,,,,,,BELOW_MINIMUM_RELATIVE_VOLUME,False,,,,,,,,,,,,,,BELOW_MINIMUM_RELATIVE_VOLUME,False,,,,,,,,,,,,,
orb_v1.0,2024-05-30,637,CSX,BBG001S5Q7Q3,0.36506001423650597,14,LONG,False,BELOW_MINIMUM_RELATIVE_VOLUME,True,False,False,False,108358.0,296822.4285714286,10602700.5,0.5328571428571429,33.24,33.37,33.2,33.34,True,BELOW_MINIMUM_RELATIVE_VOLUME,False,,,,,,,,,,,,,,BELOW_MINIMUM_RELATIVE_VOLUME,False,,,,,,,,,,,,,,BELOW_MINIMUM_RELATIVE_VOLUME,False,,,,,,,,,,,,,
orb_v1.0,2024-05-30,638,VSH,BBG001S5XB04,0.3649788941970456,14,SHORT,False,BELOW_MINIMUM_RELATIVE_VOLUME,False,False,False,False,6281.0,17209.214285714286,1032863.0714285715,0.529142857142858,23.51,23.58,23.43,23.49,True,BELOW_MINIMUM_RELATIVE_VOLUME,False,,,,,,,,,,,,,,BELOW_MINIMUM_RELATIVE_VOLUME,False,,,,,,,,,,,,,,BELOW_MINIMUM_RELATIVE_VOLUME,False,,,,,,,,,,,,,
orb_v1.0,2024-05-30,639,LYV,BBG001SNP2B2,0.36319974559433893,14,SHORT,False,BELOW_MINIMUM_RELATIVE_VOLUME,True,False,False,False,17458.0,48067.21428571428,2241005.6428571427,2.605635714285714,94.46,94.71,93.95,94.1259,True,BELOW_MINIMUM_RELATIVE_VOLUME,False,,,,,,,,,,,,,,BELOW_MINIMUM_RELATIVE_VOLUME,False,,,,,,,,,,,,,,BELOW_MINIMUM_RELATIVE_VOLUME,False,,,,,,,,,,,,,
orb_v1.0,2024-05-30,640,DBRG,BBG00D30HGN8,0.3605154478236805,14,LONG,False,BELOW_MINIMUM_RELATIVE_VOLUME,False,False,False,False,14516.0,40264.57142857143,2317511.4285714286,0.5010714285714287,13.47,13.56,13.46,13.56,True,BELOW_MINIMUM_RELATIVE_VOLUME,False,,,,,,,,,,,,,,BELOW_MINIMUM_RELATIVE_VOLUME,False,,,,,,,,,,,,,,BELOW_MINIMUM_RELATIVE_VOLUME,False,,,,,,,,,,,,,
orb_v1.0,2024-05-30,641,RNG,BBG001SHXFM5,0.35427825529043466,14,SHORT,False,BELOW_MINIMUM_RELATIVE_VOLUME,False,False,False,False,11438.0,32285.35714285714,1042544.0,1.0825,34.41,34.545,34.32,34.33,True,BELOW_MINIMUM_RELATIVE_VOLUME,False,,,,,,,,,,,,,,BELOW_MINIMUM_RELATIVE_VOLUME,False,,,,,,,,,,,,,,BELOW_MINIMUM_RELATIVE_VOLUME,False,,,,,,,,,,,,,
orb_v1.0,2024-05-30,642,WPM,BBG001S6DSP0,0.35363910950730565,14,LONG,False,BELOW_MINIMUM_RELATIVE_VOLUME,True,False,False,False,22120.0,62549.642857142855,1562881.0714285714,1.4303571428571427,55.95,56.53,55.95,56.36,True,BELOW_MINIMUM_RELATIVE_VOLUME,False,,,,,,,,,,,,,,BELOW_MINIMUM_RELATIVE_VOLUME,False,,,,,,,,,,,,,,BELOW_MINIMUM_RELATIVE_VOLUME,False,,,,,,,,,,,,,
orb_v1.0,2024-05-30,643,TTWO,BBG001S9TN41,0.35299952477091723,14,LONG,False,BELOW_MINIMUM_RELATIVE_VOLUME,True,False,False,False,31622.0,89580.85714285714,2181061.785714286,3.5192785714285657,159.68,160.73,159.68,159.95,False,BELOW_MINIMUM_RELATIVE_VOLUME,False,,,,,,,,,,,,,,BELOW_MINIMUM_RELATIVE_VOLUME,False,,,,,,,,,,,,,,BELOW_MINIMUM_RELATIVE_VOLUME,False,,,,,,,,,,,,,
orb_v1.0,2024-05-30,644,USFD,BBG00C6H6D59,0.3518342297614122,14,LONG,False,BELOW_MINIMUM_RELATIVE_VOLUME,False,False,False,False,7289.0,20717.14285714286,1660026.142857143,1.057857142857142,52.77,52.85,52.77,52.85,False,BELOW_MINIMUM_RELATIVE_VOLUME,False,,,,,,,,,,,,,,BELOW_MINIMUM_RELATIVE_VOLUME,False,,,,,,,,,,,,,,BELOW_MINIMUM_RELATIVE_VOLUME,False,,,,,,,,,,,,,
orb_v1.0,2024-05-30,645,ENTG,BBG001SF9YL6,0.3514775281609656,14,LONG,False,BELOW_MINIMUM_RELATIVE_VOLUME,True,False,False,False,5953.0,16937.071428571428,1204039.0714285714,3.5667857142857167,129.07,129.92,129.07,129.915,True,BELOW_MINIMUM_RELATIVE_VOLUME,False,,,,,,,,,,,,,,BELOW_MINIMUM_RELATIVE_VOLUME,False,,,,,,,,,,,,,,BELOW_MINIMUM_RELATIVE_VOLUME,False,,,,,,,,,,,,,
orb_v1.0,2024-05-30,646,SPT,BBG001V0K3F7,0.3476721432591563,14,SHORT,False,BELOW_MINIMUM_RELATIVE_VOLUME,False,False,False,False,14252.0,40992.642857142855,1516940.7142857143,1.7823714285714287,32.65,32.79,32.37,32.51,True,BELOW_MINIMUM_RELATIVE_VOLUME,False,,,,,,,,,,,,,,BELOW_MINIMUM_RELATIVE_VOLUME,False,,,,,,,,,,,,,,BELOW_MINIMUM_RELATIVE_VOLUME,False,,,,,,,,,,,,,
orb_v1.0,2024-05-30,647,BE,BBG001T53509,0.3458523083120159,14,LONG,False,BELOW_MINIMUM_RELATIVE_VOLUME,False,False,False,False,163379.0,472395.28571428574,11451918.92857143,1.3342500000000002,15.72,16.02,15.72,15.915,True,BELOW_MINIMUM_RELATIVE_VOLUME,False,,,,,,,,,,,,,,BELOW_MINIMUM_RELATIVE_VOLUME,False,,,,,,,,,,,,,,BELOW_MINIMUM_RELATIVE_VOLUME,False,,,,,,,,,,,,,
orb_v1.0,2024-05-30,648,DD,BBG00BN961H3,0.3445077943915359,14,LONG,False,BELOW_MINIMUM_RELATIVE_VOLUME,True,False,False,False,40523.0,117625.78571428571,3150037.8571428573,1.3167142857142855,81.14,81.5,81.14,81.43,True,BELOW_MINIMUM_RELATIVE_VOLUME,False,,,,,,,,,,,,,,BELOW_MINIMUM_RELATIVE_VOLUME,False,,,,,,,,,,,,,,BELOW_MINIMUM_RELATIVE_VOLUME,False,,,,,,,,,,,,,
orb_v1.0,2024-05-30,649,UPST,BBG00PKCBY62,0.3436417254380439,14,LONG,False,BELOW_MINIMUM_RELATIVE_VOLUME,False,False,False,False,94796.0,275857.0714285714,5491108.428571428,1.8338857142857143,23.45,23.69,23.39,23.5237,True,BELOW_MINIMUM_RELATIVE_VOLUME,False,,,,,,,,,,,,,,BELOW_MINIMUM_RELATIVE_VOLUME,False,,,,,,,,,,,,,,BELOW_MINIMUM_RELATIVE_VOLUME,False,,,,,,,,,,,,,
orb_v1.0,2024-05-30,650,GEN,BBG001S5QG38,0.3407097396668684,14,SHORT,False,BELOW_MINIMUM_RELATIVE_VOLUME,True,False,False,False,61999.0,181970.14285714287,6703854.071428572,0.7510714285714284,24.53,24.54,24.3801,24.3926,True,BELOW_MINIMUM_RELATIVE_VOLUME,False,,,,,,,,,,,,,,BELOW_MINIMUM_RELATIVE_VOLUME,False,,,,,,,,,,,,,,BELOW_MINIMUM_RELATIVE_VOLUME,False,,,,,,,,,,,,,
orb_v1.0,2024-05-30,651,LW,BBG003CVMLR1,0.33713887675470183,14,LONG,False,BELOW_MINIMUM_RELATIVE_VOLUME,False,False,False,False,14278.0,42350.5,1748461.642857143,1.7094142857142844,85.39,85.7539,85.36,85.7417,True,BELOW_MINIMUM_RELATIVE_VOLUME,False,,,,,,,,,,,,,,BELOW_MINIMUM_RELATIVE_VOLUME,False,,,,,,,,,,,,,,BELOW_MINIMUM_RELATIVE_VOLUME,False,,,,,,,,,,,,,
orb_v1.0,2024-05-30,652,ATI,BBG001S8WY72,0.33583919468284185,14,LONG,False,BELOW_MINIMUM_RELATIVE_VOLUME,False,False,False,False,4461.0,13283.142857142857,1202071.7857142857,1.424192857142859,60.45,60.8095,60.45,60.7,True,BELOW_MINIMUM_RELATIVE_VOLUME,False,,,,,,,,,,,,,,BELOW_MINIMUM_RELATIVE_VOLUME,False,,,,,,,,,,,,,,BELOW_MINIMUM_RELATIVE_VOLUME,False,,,,,,,,,,,,,
orb_v1.0,2024-05-30,653,GOOS,BBG00G2HL1Z0,0.33438410566640536,14,SHORT,False,BELOW_MINIMUM_RELATIVE_VOLUME,False,False,False,False,25837.0,77267.42857142857,1679203.357142857,0.7191714285714285,14.21,14.25,14.1,14.19,False,BELOW_MINIMUM_RELATIVE_VOLUME,False,,,,,,,,,,,,,,BELOW_MINIMUM_RELATIVE_VOLUME,False,,,,,,,,,,,,,,BELOW_MINIMUM_RELATIVE_VOLUME,False,,,,,,,,,,,,,
orb_v1.0,2024-05-30,654,KNX,BBG001T9BTS0,0.32940284511482215,14,LONG,False,BELOW_MINIMUM_RELATIVE_VOLUME,False,False,False,False,8255.0,25060.5,2097824.3571428573,1.3132142857142861,46.68,46.99,46.68,46.985,True,BELOW_MINIMUM_RELATIVE_VOLUME,False,,,,,,,,,,,,,,BELOW_MINIMUM_RELATIVE_VOLUME,False,,,,,,,,,,,,,,BELOW_MINIMUM_RELATIVE_VOLUME,False,,,,,,,,,,,,,
orb_v1.0,2024-05-30,655,OTIS,BBG00RP60LN7,0.32799217616562976,14,LONG,False,BELOW_MINIMUM_RELATIVE_VOLUME,True,False,False,False,21009.0,64053.357142857145,1915615.2142857143,1.4164285714285703,94.89,95.44,94.78,95.44,True,BELOW_MINIMUM_RELATIVE_VOLUME,False,,,,,,,,,,,,,,BELOW_MINIMUM_RELATIVE_VOLUME,False,,,,,,,,,,,,,,BELOW_MINIMUM_RELATIVE_VOLUME,False,,,,,,,,,,,,,
orb_v1.0,2024-05-30,656,AES,BBG001S6B1L5,0.32149863063028916,14,LONG,False,BELOW_MINIMUM_RELATIVE_VOLUME,False,False,False,False,58158.0,180896.57142857142,8009251.928571428,0.5449999999999999,21.17,21.29,21.08,21.29,True,BELOW_MINIMUM_RELATIVE_VOLUME,False,,,,,,,,,,,,,,BELOW_MINIMUM_RELATIVE_VOLUME,False,,,,,,,,,,,,,,BELOW_MINIMUM_RELATIVE_VOLUME,False,,,,,,,,,,,,,
orb_v1.0,2024-05-30,657,YOU,BBG011C0FSZ6,0.3160070935663987,14,SHORT,False,BELOW_MINIMUM_RELATIVE_VOLUME,False,False,False,False,9597.0,30369.571428571428,1632469.9285714286,0.5914285714285713,17.12,17.2,17.09,17.09,True,BELOW_MINIMUM_RELATIVE_VOLUME,False,,,,,,,,,,,,,,BELOW_MINIMUM_RELATIVE_VOLUME,False,,,,,,,,,,,,,,BELOW_MINIMUM_RELATIVE_VOLUME,False,,,,,,,,,,,,,
orb_v1.0,2024-05-30,658,CRBG,BBG016HJ8836,0.315770770591634,14,LONG,False,BELOW_MINIMUM_RELATIVE_VOLUME,True,False,False,False,17645.0,55879.142857142855,5098740.642857143,1.2424999999999997,29.49,29.809,29.49,29.75,False,BELOW_MINIMUM_RELATIVE_VOLUME,False,,,,,,,,,,,,,,BELOW_MINIMUM_RELATIVE_VOLUME,False,,,,,,,,,,,,,,BELOW_MINIMUM_RELATIVE_VOLUME,False,,,,,,,,,,,,,
orb_v1.0,2024-05-30,659,LBTYK,0001570585,0.31509215376513955,14,SHORT,False,BELOW_MINIMUM_RELATIVE_VOLUME,False,False,False,False,17096.0,54257.142857142855,2910367.214285714,0.5187499999999997,16.36,16.41,16.29,16.29,True,BELOW_MINIMUM_RELATIVE_VOLUME,False,,,,,,,,,,,,,,BELOW_MINIMUM_RELATIVE_VOLUME,False,,,,,,,,,,,,,,BELOW_MINIMUM_RELATIVE_VOLUME,False,,,,,,,,,,,,,
orb_v1.0,2024-05-30,660,CB,0000896159,0.314706042573918,14,LONG,False,BELOW_MINIMUM_RELATIVE_VOLUME,True,False,False,False,21045.0,66871.92857142857,1736384.7857142857,5.113571428571441,261.0,262.43,261.0,262.25,True,BELOW_MINIMUM_RELATIVE_VOLUME,False,,,,,,,,,,,,,,BELOW_MINIMUM_RELATIVE_VOLUME,False,,,,,,,,,,,,,,BELOW_MINIMUM_RELATIVE_VOLUME,False,,,,,,,,,,,,,
orb_v1.0,2024-05-30,661,AROC,BBG001SVDK72,0.3137755717787184,14,LONG,False,BELOW_MINIMUM_RELATIVE_VOLUME,False,False,False,False,10214.0,32551.928571428572,1718829.857142857,0.5795714285714292,19.59,19.71,19.59,19.695,True,BELOW_MINIMUM_RELATIVE_VOLUME,False,,,,,,,,,,,,,,BELOW_MINIMUM_RELATIVE_VOLUME,False,,,,,,,,,,,,,,BELOW_MINIMUM_RELATIVE_VOLUME,False,,,,,,,,,,,,,
orb_v1.0,2024-05-30,662,TNDM,BBG001TG5QC4,0.3133849708614096,14,SHORT,False,BELOW_MINIMUM_RELATIVE_VOLUME,False,False,False,False,15733.0,50203.42857142857,1576924.0,2.331428571428572,52.23,52.23,52.025,52.06,True,BELOW_MINIMUM_RELATIVE_VOLUME,False,,,,,,,,,,,,,,BELOW_MINIMUM_RELATIVE_VOLUME,False,,,,,,,,,,,,,,BELOW_MINIMUM_RELATIVE_VOLUME,False,,,,,,,,,,,,,
orb_v1.0,2024-05-30,663,ONON,0001858985,0.3110926831945855,14,SHORT,False,BELOW_MINIMUM_RELATIVE_VOLUME,False,False,False,False,127925.0,411211.85714285716,8051411.142857143,1.8917857142857137,42.83,43.13,42.56,42.71,True,BELOW_MINIMUM_RELATIVE_VOLUME,False,,,,,,,,,,,,,,BELOW_MINIMUM_RELATIVE_VOLUME,False,,,,,,,,,,,,,,BELOW_MINIMUM_RELATIVE_VOLUME,False,,,,,,,,,,,,,
orb_v1.0,2024-05-30,664,HALO,BBG001SGX585,0.30723360565171126,14,LONG,False,BELOW_MINIMUM_RELATIVE_VOLUME,False,False,False,False,6455.0,21010.071428571428,1036132.6428571428,1.314628571428573,42.94,42.97,42.62,42.97,True,BELOW_MINIMUM_RELATIVE_VOLUME,False,,,,,,,,,,,,,,BELOW_MINIMUM_RELATIVE_VOLUME,False,,,,,,,,,,,,,,BELOW_MINIMUM_RELATIVE_VOLUME,False,,,,,,,,,,,,,
orb_v1.0,2024-05-30,665,GCT,0001857816,0.3068826886436753,14,LONG,False,BELOW_MINIMUM_RELATIVE_VOLUME,False,False,False,False,73689.0,240121.07142857142,3384398.6428571427,3.1282999999999994,31.89,32.25,31.7801,32.02,False,BELOW_MINIMUM_RELATIVE_VOLUME,False,,,,,,,,,,,,,,BELOW_MINIMUM_RELATIVE_VOLUME,False,,,,,,,,,,,,,,BELOW_MINIMUM_RELATIVE_VOLUME,False,,,,,,,,,,,,,
orb_v1.0,2024-05-30,666,CRGY,BBG013THLJ08,0.3053919561784568,14,LONG,False,BELOW_MINIMUM_RELATIVE_VOLUME,False,False,False,False,17530.0,57401.642857142855,2870247.5,0.5067571428571428,12.44,12.54,12.41,12.49,True,BELOW_MINIMUM_RELATIVE_VOLUME,False,,,,,,,,,,,,,,BELOW_MINIMUM_RELATIVE_VOLUME,False,,,,,,,,,,,,,,BELOW_MINIMUM_RELATIVE_VOLUME,False,,,,,,,,,,,,,
orb_v1.0,2024-05-30,667,IFF,BBG001S5S5F7,0.3006242114192434,14,SHORT,False,BELOW_MINIMUM_RELATIVE_VOLUME,True,False,False,False,9037.0,30060.785714285714,1540851.142857143,1.8487500000000006,95.02,95.18,94.74,94.99,False,BELOW_MINIMUM_RELATIVE_VOLUME,False,,,,,,,,,,,,,,BELOW_MINIMUM_RELATIVE_VOLUME,False,,,,,,,,,,,,,,BELOW_MINIMUM_RELATIVE_VOLUME,False,,,,,,,,,,,,,
orb_v1.0,2024-05-30,668,APP,BBG006HFPX86,0.29853108070086654,14,SHORT,False,BELOW_MINIMUM_RELATIVE_VOLUME,True,False,False,False,79047.0,264786.5,5682288.071428572,4.144985714285715,83.51,83.535,82.66,82.915,True,BELOW_MINIMUM_RELATIVE_VOLUME,False,,,,,,,,,,,,,,BELOW_MINIMUM_RELATIVE_VOLUME,False,,,,,,,,,,,,,,BELOW_MINIMUM_RELATIVE_VOLUME,False,,,,,,,,,,,,,
orb_v1.0,2024-05-30,669,SG,BBG005NTTSQ8,0.2954028799350776,14,SHORT,False,BELOW_MINIMUM_RELATIVE_VOLUME,False,False,False,False,50753.0,171809.42857142858,4515613.142857143,2.603157142857143,29.54,29.93,29.285,29.35,True,BELOW_MINIMUM_RELATIVE_VOLUME,False,,,,,,,,,,,,,,BELOW_MINIMUM_RELATIVE_VOLUME,False,,,,,,,,,,,,,,BELOW_MINIMUM_RELATIVE_VOLUME,False,,,,,,,,,,,,,
orb_v1.0,2024-05-30,670,TTD,BBG00629NGW8,0.2952404077941182,14,SHORT,False,BELOW_MINIMUM_RELATIVE_VOLUME,True,False,False,False,59926.0,202973.57142857142,4265672.571428572,3.092014285714285,95.29,95.66,95.15,95.2,True,BELOW_MINIMUM_RELATIVE_VOLUME,False,,,,,,,,,,,,,,BELOW_MINIMUM_RELATIVE_VOLUME,False,,,,,,,,,,,,,,BELOW_MINIMUM_RELATIVE_VOLUME,False,,,,,,,,,,,,,
orb_v1.0,2024-05-30,671,URBN,BBG001S7H9K1,0.29338384474182677,14,LONG,False,BELOW_MINIMUM_RELATIVE_VOLUME,False,False,False,False,14316.0,48796.142857142855,1990731.857142857,1.1396000000000004,41.18,41.78,41.18,41.77,True,BELOW_MINIMUM_RELATIVE_VOLUME,False,,,,,,,,,,,,,,BELOW_MINIMUM_RELATIVE_VOLUME,False,,,,,,,,,,,,,,BELOW_MINIMUM_RELATIVE_VOLUME,False,,,,,,,,,,,,,
orb_v1.0,2024-05-30,672,CIVI,BBG00GLNJ0R0,0.2924568999952067,14,LONG,False,BELOW_MINIMUM_RELATIVE_VOLUME,False,False,False,False,9152.0,31293.5,1571602.4285714286,1.7159642857142856,72.86,73.56,72.86,73.335,True,BELOW_MINIMUM_RELATIVE_VOLUME,False,,,,,,,,,,,,,,BELOW_MINIMUM_RELATIVE_VOLUME,False,,,,,,,,,,,,,,BELOW_MINIMUM_RELATIVE_VOLUME,False,,,,,,,,,,,,,
orb_v1.0,2024-05-30,673,WSC,BBG00B0FS9V7,0.29140958228220015,14,LONG,False,BELOW_MINIMUM_RELATIVE_VOLUME,False,False,False,False,8218.0,28200.85714285714,1776117.7142857143,1.1282142857142863,39.07,39.365,39.07,39.355,True,BELOW_MINIMUM_RELATIVE_VOLUME,False,,,,,,,,,,,,,,BELOW_MINIMUM_RELATIVE_VOLUME,False,,,,,,,,,,,,,,BELOW_MINIMUM_RELATIVE_VOLUME,False,,,,,,,,,,,,,
orb_v1.0,2024-05-30,674,BL,BBG0029KJVD8,0.29091365980268635,14,SHORT,False,BELOW_MINIMUM_RELATIVE_VOLUME,False,False,False,False,12073.0,41500.28571428572,1388804.5714285714,1.7405642857142847,48.73,48.77,48.47,48.585,True,BELOW_MINIMUM_RELATIVE_VOLUME,False,,,,,,,,,,,,,,BELOW_MINIMUM_RELATIVE_VOLUME,False,,,,,,,,,,,,,,BELOW_MINIMUM_RELATIVE_VOLUME,False,,,,,,,,,,,,,
orb_v1.0,2024-05-30,675,WRBY,BBG005DWN8L7,0.2907208230785283,14,LONG,False,BELOW_MINIMUM_RELATIVE_VOLUME,False,False,False,False,12538.0,43127.28571428572,2029076.2857142857,0.8021428571428574,16.87,17.14,16.87,17.06,True,BELOW_MINIMUM_RELATIVE_VOLUME,False,,,,,,,,,,,,,,BELOW_MINIMUM_RELATIVE_VOLUME,False,,,,,,,,,,,,,,BELOW_MINIMUM_RELATIVE_VOLUME,False,,,,,,,,,,,,,
orb_v1.0,2024-05-30,676,PZZA,BBG001S6XNB4,0.2882472271254314,14,SHORT,False,BELOW_MINIMUM_RELATIVE_VOLUME,False,False,False,False,7815.0,27112.14285714286,1608173.5714285714,1.8314214285714283,47.94,48.02,47.665,47.82,True,BELOW_MINIMUM_RELATIVE_VOLUME,False,,,,,,,,,,,,,,BELOW_MINIMUM_RELATIVE_VOLUME,False,,,,,,,,,,,,,,BELOW_MINIMUM_RELATIVE_VOLUME,False,,,,,,,,,,,,,
orb_v1.0,2024-05-30,677,PAAS,BBG001S5ZXR5,0.28809165626715444,14,LONG,False,BELOW_MINIMUM_RELATIVE_VOLUME,False,False,False,False,86669.0,300838.28571428574,6125393.214285715,0.9570642857142858,21.94,22.18,21.94,22.18,True,BELOW_MINIMUM_RELATIVE_VOLUME,False,,,,,,,,,,,,,,BELOW_MINIMUM_RELATIVE_VOLUME,False,,,,,,,,,,,,,,BELOW_MINIMUM_RELATIVE_VOLUME,False,,,,,,,,,,,,,
orb_v1.0,2024-05-30,678,MKSI,BBG001SBB6Q8,0.2879975602825082,14,SHORT,False,BELOW_MINIMUM_RELATIVE_VOLUME,False,False,False,False,5936.0,20611.285714285714,1223344.0,5.154285714285718,127.11,127.12,125.85,126.48,False,BELOW_MINIMUM_RELATIVE_VOLUME,False,,,,,,,,,,,,,,BELOW_MINIMUM_RELATIVE_VOLUME,False,,,,,,,,,,,,,,BELOW_MINIMUM_RELATIVE_VOLUME,False,,,,,,,,,,,,,
orb_v1.0,2024-05-30,679,ATEC,BBG001S64XQ8,0.28537375587749214,14,LONG,False,BELOW_MINIMUM_RELATIVE_VOLUME,False,False,False,False,7166.0,25110.928571428572,1646643.5714285714,0.5495785714285717,10.28,10.72,10.21,10.33,False,BELOW_MINIMUM_RELATIVE_VOLUME,False,,,,,,,,,,,,,,BELOW_MINIMUM_RELATIVE_VOLUME,False,,,,,,,,,,,,,,BELOW_MINIMUM_RELATIVE_VOLUME,False,,,,,,,,,,,,,
orb_v1.0,2024-05-30,680,VKTX,BBG006LGV887,0.2846519729349501,14,SHORT,False,BELOW_MINIMUM_RELATIVE_VOLUME,False,False,False,False,28529.0,100224.14285714286,3197656.6428571427,4.2884071428571415,63.89,63.99,63.52,63.5909,True,BELOW_MINIMUM_RELATIVE_VOLUME,False,,,,,,,,,,,,,,BELOW_MINIMUM_RELATIVE_VOLUME,False,,,,,,,,,,,,,,BELOW_MINIMUM_RELATIVE_VOLUME,False,,,,,,,,,,,,,
orb_v1.0,2024-05-30,681,NTRA,BBG001V0FSF8,0.27983533297883206,14,LONG,False,BELOW_MINIMUM_RELATIVE_VOLUME,False,False,False,False,11352.0,40566.71428571428,1333720.142857143,3.5221428571428572,109.32,110.0,109.22,109.895,True,BELOW_MINIMUM_RELATIVE_VOLUME,False,,,,,,,,,,,,,,BELOW_MINIMUM_RELATIVE_VOLUME,False,,,,,,,,,,,,,,BELOW_MINIMUM_RELATIVE_VOLUME,False,,,,,,,,,,,,,
orb_v1.0,2024-05-30,682,DV,BBG00ZNRRKL0,0.2787589341683817,14,SHORT,False,BELOW_MINIMUM_RELATIVE_VOLUME,False,False,False,False,27825.0,99817.42857142857,4020702.5714285714,0.6971428571428573,18.83,18.8502,18.76,18.76,True,BELOW_MINIMUM_RELATIVE_VOLUME,False,,,,,,,,,,,,,,BELOW_MINIMUM_RELATIVE_VOLUME,False,,,,,,,,,,,,,,BELOW_MINIMUM_RELATIVE_VOLUME,False,,,,,,,,,,,,,
orb_v1.0,2024-05-30,683,SNAP,BBG00441QMK5,0.2779178808081733,14,LONG,False,BELOW_MINIMUM_RELATIVE_VOLUME,True,False,False,False,156143.0,561831.4285714285,20892793.35714286,0.5517642857142857,15.15,15.25,15.1301,15.17,True,BELOW_MINIMUM_RELATIVE_VOLUME,False,,,,,,,,,,,,,,BELOW_MINIMUM_RELATIVE_VOLUME,False,,,,,,,,,,,,,,BELOW_MINIMUM_RELATIVE_VOLUME,False,,,,,,,,,,,,,
orb_v1.0,2024-05-30,684,TBBB,0001978954,0.2766598743419935,14,SHORT,False,BELOW_MINIMUM_RELATIVE_VOLUME,False,False,False,False,1862.0,6730.285714285715,1042858.6428571428,1.3109,27.1,27.1,26.96,27.045,True,BELOW_MINIMUM_RELATIVE_VOLUME,False,,,,,,,,,,,,,,BELOW_MINIMUM_RELATIVE_VOLUME,False,,,,,,,,,,,,,,BELOW_MINIMUM_RELATIVE_VOLUME,False,,,,,,,,,,,,,
orb_v1.0,2024-05-30,685,ACDC,BBG013PRYQC7,0.2711079791226231,14,LONG,False,BELOW_MINIMUM_RELATIVE_VOLUME,False,False,False,False,10140.0,37402.07142857143,1466581.357142857,0.6170214285714285,9.33,9.39,9.33,9.39,True,BELOW_MINIMUM_RELATIVE_VOLUME,False,,,,,,,,,,,,,,BELOW_MINIMUM_RELATIVE_VOLUME,False,,,,,,,,,,,,,,BELOW_MINIMUM_RELATIVE_VOLUME,False,,,,,,,,,,,,,
orb_v1.0,2024-05-30,686,PODD,BBG001SRF439,0.2698172641252906,14,LONG,False,BELOW_MINIMUM_RELATIVE_VOLUME,False,False,False,False,6308.0,23378.785714285714,1169940.857142857,8.813214285714292,173.74,174.09,173.63,174.09,True,BELOW_MINIMUM_RELATIVE_VOLUME,False,,,,,,,,,,,,,,BELOW_MINIMUM_RELATIVE_VOLUME,False,,,,,,,,,,,,,,BELOW_MINIMUM_RELATIVE_VOLUME,False,,,,,,,,,,,,,
orb_v1.0,2024-05-30,687,SBLK,0001386716,0.26911904571662754,14,LONG,False,BELOW_MINIMUM_RELATIVE_VOLUME,False,False,False,False,22374.0,83137.92857142857,1516359.142857143,0.6871428571428569,27.09,27.19,27.09,27.15,True,BELOW_MINIMUM_RELATIVE_VOLUME,False,,,,,,,,,,,,,,BELOW_MINIMUM_RELATIVE_VOLUME,False,,,,,,,,,,,,,,BELOW_MINIMUM_RELATIVE_VOLUME,False,,,,,,,,,,,,,
orb_v1.0,2024-05-30,688,AWIN,BBG011FT9PP4,0.2689614887823018,14,SHORT,False,BELOW_MINIMUM_RELATIVE_VOLUME,False,False,False,True,16346.0,60774.5,4254554.142857143,1.7002571428571431,5.89,5.95,5.8,5.8204,False,BELOW_MINIMUM_RELATIVE_VOLUME,False,,,,,,,,,,,,,,BELOW_MINIMUM_RELATIVE_VOLUME,False,,,,,,,,,,,,,,BELOW_MINIMUM_RELATIVE_VOLUME,False,,,,,,,,,,,,,
orb_v1.0,2024-05-30,689,IP,BBG001S5SBF4,0.26801955829055646,14,SHORT,False,BELOW_MINIMUM_RELATIVE_VOLUME,True,False,False,False,65057.0,242732.2857142857,6947520.5,1.220357142857143,44.79,44.79,44.11,44.66,True,BELOW_MINIMUM_RELATIVE_VOLUME,False,,,,,,,,,,,,,,BELOW_MINIMUM_RELATIVE_VOLUME,False,,,,,,,,,,,,,,BELOW_MINIMUM_RELATIVE_VOLUME,False,,,,,,,,,,,,,
orb_v1.0,2024-05-30,690,GL,BBG001S5WRX4,0.26780722144738883,14,LONG,False,BELOW_MINIMUM_RELATIVE_VOLUME,False,False,False,False,9258.0,34569.642857142855,1893320.142857143,3.6739214285714294,82.99,83.24,82.8501,83.085,True,BELOW_MINIMUM_RELATIVE_VOLUME,False,,,,,,,,,,,,,,BELOW_MINIMUM_RELATIVE_VOLUME,False,,,,,,,,,,,,,,BELOW_MINIMUM_RELATIVE_VOLUME,False,,,,,,,,,,,,,
orb_v1.0,2024-05-30,691,DUOL,BBG003D4V960,0.26573168481269605,14,SHORT,False,BELOW_MINIMUM_RELATIVE_VOLUME,False,False,False,False,12960.0,48771.0,1243002.2142857143,11.737999999999996,196.88,196.88,194.205,194.28,True,BELOW_MINIMUM_RELATIVE_VOLUME,False,,,,,,,,,,,,,,BELOW_MINIMUM_RELATIVE_VOLUME,False,,,,,,,,,,,,,,BELOW_MINIMUM_RELATIVE_VOLUME,False,,,,,,,,,,,,,
orb_v1.0,2024-05-30,692,MUX,BBG001S5X3Z4,0.26474072341331606,14,LONG,False,BELOW_MINIMUM_RELATIVE_VOLUME,False,False,False,False,12611.0,47635.28571428572,1074921.642857143,0.6925214285714284,12.04,12.14,12.04,12.115,True,BELOW_MINIMUM_RELATIVE_VOLUME,False,,,,,,,,,,,,,,BELOW_MINIMUM_RELATIVE_VOLUME,False,,,,,,,,,,,,,,BELOW_MINIMUM_RELATIVE_VOLUME,False,,,,,,,,,,,,,
orb_v1.0,2024-05-30,693,STVN,0001849853,0.26056200414272873,14,SHORT,False,BELOW_MINIMUM_RELATIVE_VOLUME,False,False,False,False,6667.0,25587.0,1158237.2857142857,1.8889285714285717,19.68,19.68,19.3,19.6,False,BELOW_MINIMUM_RELATIVE_VOLUME,False,,,,,,,,,,,,,,BELOW_MINIMUM_RELATIVE_VOLUME,False,,,,,,,,,,,,,,BELOW_MINIMUM_RELATIVE_VOLUME,False,,,,,,,,,,,,,
orb_v1.0,2024-05-30,694,NSC,BBG001S5TQJ6,0.25683669302382484,14,LONG,False,BELOW_MINIMUM_RELATIVE_VOLUME,True,False,False,False,10647.0,41454.357142857145,1584389.4285714286,4.917857142857143,219.18,220.28,218.74,220.28,True,BELOW_MINIMUM_RELATIVE_VOLUME,False,,,,,,,,,,,,,,BELOW_MINIMUM_RELATIVE_VOLUME,False,,,,,,,,,,,,,,BELOW_MINIMUM_RELATIVE_VOLUME,False,,,,,,,,,,,,,
orb_v1.0,2024-05-30,695,BGS,BBG001SQD861,0.25643576224300924,14,LONG,False,BELOW_MINIMUM_RELATIVE_VOLUME,False,False,False,False,23533.0,91769.57142857143,1933178.857142857,0.6384285714285715,9.23,9.32,9.21,9.28,True,BELOW_MINIMUM_RELATIVE_VOLUME,False,,,,,,,,,,,,,,BELOW_MINIMUM_RELATIVE_VOLUME,False,,,,,,,,,,,,,,BELOW_MINIMUM_RELATIVE_VOLUME,False,,,,,,,,,,,,,
orb_v1.0,2024-05-30,696,RBLX,BBG001V1Y6Z1,0.2559205898896646,14,LONG,False,BELOW_MINIMUM_RELATIVE_VOLUME,True,False,False,False,158041.0,617539.2142857143,13103288.07142857,1.7750714285714282,32.92,33.2,32.8829,32.99,True,BELOW_MINIMUM_RELATIVE_VOLUME,False,,,,,,,,,,,,,,BELOW_MINIMUM_RELATIVE_VOLUME,False,,,,,,,,,,,,,,BELOW_MINIMUM_RELATIVE_VOLUME,False,,,,,,,,,,,,,
orb_v1.0,2024-05-30,697,NVCR,0001645113,0.2552328943524685,14,LONG,False,BELOW_MINIMUM_RELATIVE_VOLUME,False,False,False,False,9174.0,35943.642857142855,1594590.7142857143,1.5061500000000003,22.45,22.665,22.45,22.53,False,BELOW_MINIMUM_RELATIVE_VOLUME,False,,,,,,,,,,,,,,BELOW_MINIMUM_RELATIVE_VOLUME,False,,,,,,,,,,,,,,BELOW_MINIMUM_RELATIVE_VOLUME,False,,,,,,,,,,,,,
orb_v1.0,2024-05-30,698,NVT,0001720635,0.25516703994822315,14,LONG,False,BELOW_MINIMUM_RELATIVE_VOLUME,False,False,False,False,8561.0,33550.57142857143,1487316.2142857143,2.552499999999999,82.95,83.41,82.6,83.41,True,BELOW_MINIMUM_RELATIVE_VOLUME,False,,,,,,,,,,,,,,BELOW_MINIMUM_RELATIVE_VOLUME,False,,,,,,,,,,,,,,BELOW_MINIMUM_RELATIVE_VOLUME,False,,,,,,,,,,,,,
orb_v1.0,2024-05-30,699,IR,BBG002R1CW36,0.25229642652644824,14,LONG,False,BELOW_MINIMUM_RELATIVE_VOLUME,True,False,False,False,15642.0,61998.5,3220727.3571428573,1.6026071428571425,90.86,91.35,90.635,91.35,True,BELOW_MINIMUM_RELATIVE_VOLUME,False,,,,,,,,,,,,,,BELOW_MINIMUM_RELATIVE_VOLUME,False,,,,,,,,,,,,,,BELOW_MINIMUM_RELATIVE_VOLUME,False,,,,,,,,,,,,,
orb_v1.0,2024-05-30,700,XP,0001787425,0.2509281733494244,14,LONG,False,BELOW_MINIMUM_RELATIVE_VOLUME,False,False,False,False,46263.0,184367.5,6626155.0,0.7875000000000004,18.39,18.67,18.3342,18.62,True,BELOW_MINIMUM_RELATIVE_VOLUME,False,,,,,,,,,,,,,,BELOW_MINIMUM_RELATIVE_VOLUME,False,,,,,,,,,,,,,,BELOW_MINIMUM_RELATIVE_VOLUME,False,,,,,,,,,,,,,
orb_v1.0,2024-05-30,701,AXTA,0001616862,0.24289037355878365,14,LONG,False,BELOW_MINIMUM_RELATIVE_VOLUME,False,False,False,False,6183.0,25455.928571428572,1906988.857142857,0.5521428571428574,34.21,34.3,34.16,34.3,True,BELOW_MINIMUM_RELATIVE_VOLUME,False,,,,,,,,,,,,,,BELOW_MINIMUM_RELATIVE_VOLUME,False,,,,,,,,,,,,,,BELOW_MINIMUM_RELATIVE_VOLUME,False,,,,,,,,,,,,,
orb_v1.0,2024-05-30,702,TRUP,BBG002BC7WF2,0.2426667522747285,14,LONG,False,BELOW_MINIMUM_RELATIVE_VOLUME,False,False,False,False,7559.0,31149.714285714286,1200605.2857142857,2.9114214285714275,29.35,29.81,29.35,29.5,True,BELOW_MINIMUM_RELATIVE_VOLUME,False,,,,,,,,,,,,,,BELOW_MINIMUM_RELATIVE_VOLUME,False,,,,,,,,,,,,,,BELOW_MINIMUM_RELATIVE_VOLUME,False,,,,,,,,,,,,,
orb_v1.0,2024-05-30,703,LBTYA,0001570585,0.24084890148668395,14,LONG,False,BELOW_MINIMUM_RELATIVE_VOLUME,False,False,False,False,9019.0,37446.71428571428,2910367.214285714,0.5187499999999997,15.97,16.05,15.92,15.99,True,BELOW_MINIMUM_RELATIVE_VOLUME,False,,,,,,,,,,,,,,BELOW_MINIMUM_RELATIVE_VOLUME,False,,,,,,,,,,,,,,BELOW_MINIMUM_RELATIVE_VOLUME,False,,,,,,,,,,,,,
orb_v1.0,2024-05-30,704,JAMF,BBG00VSYYVC7,0.2388177275470195,14,SHORT,False,BELOW_MINIMUM_RELATIVE_VOLUME,False,False,False,False,11477.0,48057.57142857143,1382142.2142857143,0.9407142857142852,15.87,15.92,15.8301,15.835,True,BELOW_MINIMUM_RELATIVE_VOLUME,False,,,,,,,,,,,,,,BELOW_MINIMUM_RELATIVE_VOLUME,False,,,,,,,,,,,,,,BELOW_MINIMUM_RELATIVE_VOLUME,False,,,,,,,,,,,,,
orb_v1.0,2024-05-30,705,NXT,BBG00835TQ17,0.23766305641343277,14,SHORT,False,BELOW_MINIMUM_RELATIVE_VOLUME,False,False,False,False,41440.0,174364.5,5065212.142857143,3.411071428571429,56.09,56.41,55.82,55.89,True,BELOW_MINIMUM_RELATIVE_VOLUME,False,,,,,,,,,,,,,,BELOW_MINIMUM_RELATIVE_VOLUME,False,,,,,,,,,,,,,,BELOW_MINIMUM_RELATIVE_VOLUME,False,,,,,,,,,,,,,
orb_v1.0,2024-05-30,706,DOCS,BBG0026ZJQY6,0.23746662832088905,14,LONG,False,BELOW_MINIMUM_RELATIVE_VOLUME,False,False,False,False,25007.0,105307.42857142857,2663619.6428571427,1.166785714285714,28.5,28.545,28.445,28.525,False,BELOW_MINIMUM_RELATIVE_VOLUME,False,,,,,,,,,,,,,,BELOW_MINIMUM_RELATIVE_VOLUME,False,,,,,,,,,,,,,,BELOW_MINIMUM_RELATIVE_VOLUME,False,,,,,,,,,,,,,
orb_v1.0,2024-05-30,707,ELF,BBG00DQ6VYQ2,0.23495108578116453,14,LONG,False,BELOW_MINIMUM_RELATIVE_VOLUME,False,False,False,False,19788.0,84221.78571428571,1932115.5714285714,9.907128571428569,183.6,184.98,183.5,184.25,True,BELOW_MINIMUM_RELATIVE_VOLUME,False,,,,,,,,,,,,,,BELOW_MINIMUM_RELATIVE_VOLUME,False,,,,,,,,,,,,,,BELOW_MINIMUM_RELATIVE_VOLUME,False,,,,,,,,,,,,,
orb_v1.0,2024-05-30,708,GO,BBG00P4R30Z8,0.2304631930350335,14,LONG,False,BELOW_MINIMUM_RELATIVE_VOLUME,False,False,False,False,13886.0,60252.57142857143,2394384.5714285714,0.8846357142857142,21.5,21.595,21.48,21.52,True,BELOW_MINIMUM_RELATIVE_VOLUME,False,,,,,,,,,,,,,,BELOW_MINIMUM_RELATIVE_VOLUME,False,,,,,,,,,,,,,,BELOW_MINIMUM_RELATIVE_VOLUME,False,,,,,,,,,,,,,
orb_v1.0,2024-05-30,709,WES,BBG003M3V2V9,0.22581745806084733,14,LONG,False,BELOW_MINIMUM_RELATIVE_VOLUME,False,False,False,False,7942.0,35170.0,1288791.142857143,0.952764285714285,37.26,37.4099,37.26,37.4003,False,BELOW_MINIMUM_RELATIVE_VOLUME,False,,,,,,,,,,,,,,BELOW_MINIMUM_RELATIVE_VOLUME,False,,,,,,,,,,,,,,BELOW_MINIMUM_RELATIVE_VOLUME,False,,,,,,,,,,,,,
orb_v1.0,2024-05-30,710,CORT,BBG001S8QGV1,0.22474783349907657,14,SHORT,False,BELOW_MINIMUM_RELATIVE_VOLUME,False,False,False,False,9605.0,42736.78571428572,1149421.0,1.4139999999999997,32.0,32.0,31.38,31.64,True,BELOW_MINIMUM_RELATIVE_VOLUME,False,,,,,,,,,,,,,,BELOW_MINIMUM_RELATIVE_VOLUME,False,,,,,,,,,,,,,,BELOW_MINIMUM_RELATIVE_VOLUME,False,,,,,,,,,,,,,
orb_v1.0,2024-05-30,711,FROG,0001800667,0.2218863687144437,14,LONG,False,BELOW_MINIMUM_RELATIVE_VOLUME,False,False,False,False,13832.0,62338.21428571428,1919952.5,1.7231428571428573,33.86,34.09,33.86,34.09,True,BELOW_MINIMUM_RELATIVE_VOLUME,False,,,,,,,,,,,,,,BELOW_MINIMUM_RELATIVE_VOLUME,False,,,,,,,,,,,,,,BELOW_MINIMUM_RELATIVE_VOLUME,False,,,,,,,,,,,,,
orb_v1.0,2024-05-30,712,PRMW,BBG001S77SH4,0.2192380225529397,14,LONG,False,BELOW_MINIMUM_RELATIVE_VOLUME,False,False,False,False,14158.0,64578.21428571428,1664699.7857142857,0.6672142857142858,22.2,22.35,22.2,22.35,True,BELOW_MINIMUM_RELATIVE_VOLUME,False,,,,,,,,,,,,,,BELOW_MINIMUM_RELATIVE_VOLUME,False,,,,,,,,,,,,,,BELOW_MINIMUM_RELATIVE_VOLUME,False,,,,,,,,,,,,,
orb_v1.0,2024-05-30,713,SANA,BBG00N5BMH70,0.21301027731526667,14,LONG,False,BELOW_MINIMUM_RELATIVE_VOLUME,False,False,False,False,6095.0,28613.64285714286,1844412.9285714286,0.6794499999999999,7.85,7.92,7.71,7.87,False,BELOW_MINIMUM_RELATIVE_VOLUME,False,,,,,,,,,,,,,,BELOW_MINIMUM_RELATIVE_VOLUME,False,,,,,,,,,,,,,,BELOW_MINIMUM_RELATIVE_VOLUME,False,,,,,,,,,,,,,
orb_v1.0,2024-05-30,714,ARES,BBG0068KVVC7,0.21283316880552813,14,LONG,False,BELOW_MINIMUM_RELATIVE_VOLUME,True,False,False,False,5775.0,27133.928571428572,1279383.642857143,3.8113500000000005,141.85,142.59,141.85,142.5,True,BELOW_MINIMUM_RELATIVE_VOLUME,False,,,,,,,,,,,,,,BELOW_MINIMUM_RELATIVE_VOLUME,False,,,,,,,,,,,,,,BELOW_MINIMUM_RELATIVE_VOLUME,False,,,,,,,,,,,,,
orb_v1.0,2024-05-30,715,BSY,BBG001SBWGV7,0.21140729362447888,14,SHORT,False,BELOW_MINIMUM_RELATIVE_VOLUME,True,False,False,False,7255.0,34317.642857142855,1372140.7857142857,1.2826785714285711,51.52,51.52,51.38,51.465,True,BELOW_MINIMUM_RELATIVE_VOLUME,False,,,,,,,,,,,,,,BELOW_MINIMUM_RELATIVE_VOLUME,False,,,,,,,,,,,,,,BELOW_MINIMUM_RELATIVE_VOLUME,False,,,,,,,,,,,,,
orb_v1.0,2024-05-30,716,INCY,BBG001S8Q6N2,0.20586959437781563,14,LONG,False,BELOW_MINIMUM_RELATIVE_VOLUME,False,False,False,False,18746.0,91057.64285714286,2719551.3571428573,1.1880357142857139,57.05,57.23,57.05,57.16,True,BELOW_MINIMUM_RELATIVE_VOLUME,False,,,,,,,,,,,,,,BELOW_MINIMUM_RELATIVE_VOLUME,False,,,,,,,,,,,,,,BELOW_MINIMUM_RELATIVE_VOLUME,False,,,,,,,,,,,,,
orb_v1.0,2024-05-30,717,BYND,BBG003CVJP69,0.1998825594351458,14,LONG,False,BELOW_MINIMUM_RELATIVE_VOLUME,False,False,False,False,40094.0,200587.7857142857,3987884.1428571427,0.6931142857142858,7.1,7.2,7.1,7.1875,True,BELOW_MINIMUM_RELATIVE_VOLUME,False,,,,,,,,,,,,,,BELOW_MINIMUM_RELATIVE_VOLUME,False,,,,,,,,,,,,,,BELOW_MINIMUM_RELATIVE_VOLUME,False,,,,,,,,,,,,,
orb_v1.0,2024-05-30,718,GME,BBG001S5RLR0,0.19192305804015353,14,SHORT,False,BELOW_MINIMUM_RELATIVE_VOLUME,False,True,False,False,411859.0,2145958.9285714286,79604955.14285715,8.845699999999999,21.02,21.239,20.88,20.8848,True,BELOW_MINIMUM_RELATIVE_VOLUME,False,,,,,,,,,,,,,,BELOW_MINIMUM_RELATIVE_VOLUME,False,,,,,,,,,,,,,,BELOW_MINIMUM_RELATIVE_VOLUME,False,,,,,,,,,,,,,
orb_v1.0,2024-05-30,719,DOCN,BBG00ZGF6TM7,0.18888846572470316,14,LONG,False,BELOW_MINIMUM_RELATIVE_VOLUME,False,False,False,False,6731.0,35634.78571428572,1629663.4285714286,1.6952785714285707,36.31,36.49,36.31,36.46,True,BELOW_MINIMUM_RELATIVE_VOLUME,False,,,,,,,,,,,,,,BELOW_MINIMUM_RELATIVE_VOLUME,False,,,,,,,,,,,,,,BELOW_MINIMUM_RELATIVE_VOLUME,False,,,,,,,,,,,,,
orb_v1.0,2024-05-30,720,PLCE,BBG001SB8708,0.18621092762313196,14,LONG,False,BELOW_MINIMUM_RELATIVE_VOLUME,True,False,False,False,8101.0,43504.42857142857,1321866.7142857143,2.0124857142857144,12.91,13.345,12.91,13.051,True,BELOW_MINIMUM_RELATIVE_VOLUME,False,,,,,,,,,,,,,,BELOW_MINIMUM_RELATIVE_VOLUME,False,,,,,,,,,,,,,,BELOW_MINIMUM_RELATIVE_VOLUME,False,,,,,,,,,,,,,
orb_v1.0,2024-05-30,721,WIX,0001576789,0.1858574859265165,14,SHORT,False,BELOW_MINIMUM_RELATIVE_VOLUME,False,False,False,False,9558.0,51426.5,1302187.857142857,7.325792857142858,164.59,165.0,163.7,163.7,True,BELOW_MINIMUM_RELATIVE_VOLUME,False,,,,,,,,,,,,,,BELOW_MINIMUM_RELATIVE_VOLUME,False,,,,,,,,,,,,,,BELOW_MINIMUM_RELATIVE_VOLUME,False,,,,,,,,,,,,,
orb_v1.0,2024-05-30,722,TGI,BBG001S6MWK6,0.18519593459349928,14,SHORT,False,BELOW_MINIMUM_RELATIVE_VOLUME,False,False,False,False,4968.0,26825.64285714286,1054710.7142857143,0.6187714285714286,14.12,14.13,14.11,14.11,True,BELOW_MINIMUM_RELATIVE_VOLUME,False,,,,,,,,,,,,,,BELOW_MINIMUM_RELATIVE_VOLUME,False,,,,,,,,,,,,,,BELOW_MINIMUM_RELATIVE_VOLUME,False,,,,,,,,,,,,,
orb_v1.0,2024-05-30,723,IONS,BBG001SB7RD1,0.18115403208086134,14,SHORT,False,BELOW_MINIMUM_RELATIVE_VOLUME,False,False,False,False,7361.0,40633.92857142857,1308429.4285714286,1.327735714285714,36.5,36.5,36.25,36.35,False,BELOW_MINIMUM_RELATIVE_VOLUME,False,,,,,,,,,,,,,,BELOW_MINIMUM_RELATIVE_VOLUME,False,,,,,,,,,,,,,,BELOW_MINIMUM_RELATIVE_VOLUME,False,,,,,,,,,,,,,
orb_v1.0,2024-05-30,724,BMBL,BBG00Z6RF535,0.17979040013910905,14,SHORT,False,BELOW_MINIMUM_RELATIVE_VOLUME,False,False,False,False,19202.0,106802.14285714286,3340357.714285714,0.55,11.44,11.46,11.37,11.43,True,BELOW_MINIMUM_RELATIVE_VOLUME,False,,,,,,,,,,,,,,BELOW_MINIMUM_RELATIVE_VOLUME,False,,,,,,,,,,,,,,BELOW_MINIMUM_RELATIVE_VOLUME,False,,,,,,,,,,,,,
orb_v1.0,2024-05-30,725,IEP,BBG001S5NBT4,0.178333585410315,14,LONG,False,BELOW_MINIMUM_RELATIVE_VOLUME,False,False,False,False,8001.0,44865.357142857145,1023425.2857142857,0.535107142857143,16.44,16.4799,16.41,16.45,True,BELOW_MINIMUM_RELATIVE_VOLUME,False,,,,,,,,,,,,,,BELOW_MINIMUM_RELATIVE_VOLUME,False,,,,,,,,,,,,,,BELOW_MINIMUM_RELATIVE_VOLUME,False,,,,,,,,,,,,,
orb_v1.0,2024-05-30,726,AMCX,BBG001SLR8S3,0.17275050454328839,14,LONG,False,BELOW_MINIMUM_RELATIVE_VOLUME,False,False,False,False,3858.0,22332.785714285714,1004624.7142857143,1.296064285714286,16.54,16.575,16.54,16.575,True,BELOW_MINIMUM_RELATIVE_VOLUME,False,,,,,,,,,,,,,,BELOW_MINIMUM_RELATIVE_VOLUME,False,,,,,,,,,,,,,,BELOW_MINIMUM_RELATIVE_VOLUME,False,,,,,,,,,,,,,
orb_v1.0,2024-05-30,727,DLO,0001846832,0.17177822867644715,14,LONG,False,BELOW_MINIMUM_RELATIVE_VOLUME,False,False,False,False,24255.0,141199.5,3995162.6428571427,0.7240000000000002,9.27,9.32,9.2588,9.32,True,BELOW_MINIMUM_RELATIVE_VOLUME,False,,,,,,,,,,,,,,BELOW_MINIMUM_RELATIVE_VOLUME,False,,,,,,,,,,,,,,BELOW_MINIMUM_RELATIVE_VOLUME,False,,,,,,,,,,,,,
orb_v1.0,2024-05-30,728,MGNI,BBG001T5LB97,0.16904220907486728,14,LONG,False,BELOW_MINIMUM_RELATIVE_VOLUME,False,False,False,False,25215.0,149163.92857142858,3283920.0,0.9480642857142858,12.3,12.5,12.3,12.41,True,BELOW_MINIMUM_RELATIVE_VOLUME,False,,,,,,,,,,,,,,BELOW_MINIMUM_RELATIVE_VOLUME,False,,,,,,,,,,,,,,BELOW_MINIMUM_RELATIVE_VOLUME,False,,,,,,,,,,,,,
orb_v1.0,2024-05-30,729,WMG,BBG00RP2T9V3,0.16872217580526494,14,SHORT,False,BELOW_MINIMUM_RELATIVE_VOLUME,True,False,False,False,6765.0,40095.5,2034041.142857143,1.033828571428572,29.5,29.64,29.34,29.35,True,BELOW_MINIMUM_RELATIVE_VOLUME,False,,,,,,,,,,,,,,BELOW_MINIMUM_RELATIVE_VOLUME,False,,,,,,,,,,,,,,BELOW_MINIMUM_RELATIVE_VOLUME,False,,,,,,,,,,,,,
orb_v1.0,2024-05-30,730,GDRX,BBG00X0VP956,0.16320170135837958,14,SHORT,False,BELOW_MINIMUM_RELATIVE_VOLUME,False,False,False,False,20325.0,124539.14285714286,1921672.5,0.5304142857142856,7.25,7.3,7.24,7.24,True,BELOW_MINIMUM_RELATIVE_VOLUME,False,,,,,,,,,,,,,,BELOW_MINIMUM_RELATIVE_VOLUME,False,,,,,,,,,,,,,,BELOW_MINIMUM_RELATIVE_VOLUME,False,,,,,,,,,,,,,
orb_v1.0,2024-05-30,731,PLNT,BBG009H04M26,0.16119847462732373,14,LONG,False,BELOW_MINIMUM_RELATIVE_VOLUME,False,False,False,False,6078.0,37705.07142857143,2001944.5,2.473528571428573,61.23,61.3,60.73,61.275,True,BELOW_MINIMUM_RELATIVE_VOLUME,False,,,,,,,,,,,,,,BELOW_MINIMUM_RELATIVE_VOLUME,False,,,,,,,,,,,,,,BELOW_MINIMUM_RELATIVE_VOLUME,False,,,,,,,,,,,,,
orb_v1.0,2024-05-30,732,PCRX,BBG001S77N12,0.15911648785235977,14,LONG,False,BELOW_MINIMUM_RELATIVE_VOLUME,False,False,False,False,5231.0,32875.28571428572,1152273.2142857143,1.0931785714285709,29.48,29.91,29.37,29.91,True,BELOW_MINIMUM_RELATIVE_VOLUME,False,,,,,,,,,,,,,,BELOW_MINIMUM_RELATIVE_VOLUME,False,,,,,,,,,,,,,,BELOW_MINIMUM_RELATIVE_VOLUME,False,,,,,,,,,,,,,
orb_v1.0,2024-05-30,733,GFS,0001709048,0.15495975651490995,14,SHORT,False,BELOW_MINIMUM_RELATIVE_VOLUME,True,False,False,False,18209.0,117507.92857142857,2235849.285714286,1.5482571428571446,48.87,48.98,48.62,48.74,True,BELOW_MINIMUM_RELATIVE_VOLUME,False,,,,,,,,,,,,,,BELOW_MINIMUM_RELATIVE_VOLUME,False,,,,,,,,,,,,,,BELOW_MINIMUM_RELATIVE_VOLUME,False,,,,,,,,,,,,,
orb_v1.0,2024-05-30,734,CDLX,BBG00225ZDF8,0.150777769387601,14,SHORT,False,BELOW_MINIMUM_RELATIVE_VOLUME,False,False,False,False,11410.0,75674.28571428571,1597970.642857143,1.008857142857143,9.55,9.63,9.39,9.45,True,BELOW_MINIMUM_RELATIVE_VOLUME,False,,,,,,,,,,,,,,BELOW_MINIMUM_RELATIVE_VOLUME,False,,,,,,,,,,,,,,BELOW_MINIMUM_RELATIVE_VOLUME,False,,,,,,,,,,,,,
orb_v1.0,2024-05-30,735,FTRE,BBG01GZF9W47,0.14964824090477175,14,LONG,False,BELOW_MINIMUM_RELATIVE_VOLUME,False,False,False,False,10698.0,71487.64285714286,2159419.285714286,1.5599214285714278,24.83,25.11,24.68,25.07,False,BELOW_MINIMUM_RELATIVE_VOLUME,False,,,,,,,,,,,,,,BELOW_MINIMUM_RELATIVE_VOLUME,False,,,,,,,,,,,,,,BELOW_MINIMUM_RELATIVE_VOLUME,False,,,,,,,,,,,,,
orb_v1.0,2024-05-30,736,XPOF,BBG011M1TY49,0.14743385132297354,14,LONG,False,BELOW_MINIMUM_RELATIVE_VOLUME,True,False,False,False,4388.0,29762.5,1426855.642857143,1.0401785714285718,9.48,9.5,9.48,9.5,True,BELOW_MINIMUM_RELATIVE_VOLUME,False,,,,,,,,,,,,,,BELOW_MINIMUM_RELATIVE_VOLUME,False,,,,,,,,,,,,,,BELOW_MINIMUM_RELATIVE_VOLUME,False,,,,,,,,,,,,,
orb_v1.0,2024-05-30,737,RDDT,BBG015RGX648,0.14578756430256845,14,LONG,False,BELOW_MINIMUM_RELATIVE_VOLUME,False,False,False,False,45324.0,310890.71428571426,4969262.357142857,4.926464285714286,57.0,57.798,57.0,57.35,True,BELOW_MINIMUM_RELATIVE_VOLUME,False,,,,,,,,,,,,,,BELOW_MINIMUM_RELATIVE_VOLUME,False,,,,,,,,,,,,,,BELOW_MINIMUM_RELATIVE_VOLUME,False,,,,,,,,,,,,,
orb_v1.0,2024-05-30,738,SN,0001957132,0.14317560269344792,14,LONG,False,BELOW_MINIMUM_RELATIVE_VOLUME,False,False,False,False,4005.0,27972.64285714286,1286116.9285714286,2.581064285714288,75.31,75.79,75.31,75.48,True,BELOW_MINIMUM_RELATIVE_VOLUME,False,,,,,,,,,,,,,,BELOW_MINIMUM_RELATIVE_VOLUME,False,,,,,,,,,,,,,,BELOW_MINIMUM_RELATIVE_VOLUME,False,,,,,,,,,,,,,
orb_v1.0,2024-05-30,739,CIM,BBG001SR1G28,0.13974731964872583,14,LONG,False,BELOW_MINIMUM_RELATIVE_VOLUME,False,False,False,False,14822.0,106062.85714285714,1543935.2142857143,0.93485,11.68,11.75,11.655,11.75,True,BELOW_MINIMUM_RELATIVE_VOLUME,False,,,,,,,,,,,,,,BELOW_MINIMUM_RELATIVE_VOLUME,False,,,,,,,,,,,,,,BELOW_MINIMUM_RELATIVE_VOLUME,False,,,,,,,,,,,,,
orb_v1.0,2024-05-30,740,NVAX,BBG001SGL8G3,0.1363292518266074,14,LONG,False,BELOW_MINIMUM_RELATIVE_VOLUME,False,False,False,False,234196.0,1717870.5,38706391.64285714,2.32185,15.0,15.21,15.0,15.075,True,BELOW_MINIMUM_RELATIVE_VOLUME,False,,,,,,,,,,,,,,BELOW_MINIMUM_RELATIVE_VOLUME,False,,,,,,,,,,,,,,BELOW_MINIMUM_RELATIVE_VOLUME,False,,,,,,,,,,,,,
orb_v1.0,2024-05-30,741,PGNY,BBG002H1K1K7,0.13392239304044085,14,SHORT,False,BELOW_MINIMUM_RELATIVE_VOLUME,False,False,False,False,9815.0,73288.71428571429,1985010.0,1.5812071428571426,26.5,26.54,26.38,26.38,True,BELOW_MINIMUM_RELATIVE_VOLUME,False,,,,,,,,,,,,,,BELOW_MINIMUM_RELATIVE_VOLUME,False,,,,,,,,,,,,,,BELOW_MINIMUM_RELATIVE_VOLUME,False,,,,,,,,,,,,,
orb_v1.0,2024-05-30,742,DYN,BBG00NSGPJF8,0.13357105613956013,14,SHORT,False,BELOW_MINIMUM_RELATIVE_VOLUME,False,False,False,False,11473.0,85894.35714285714,1955193.7857142857,2.342842857142857,31.42,31.63,31.2354,31.415,True,BELOW_MINIMUM_RELATIVE_VOLUME,False,,,,,,,,,,,,,,BELOW_MINIMUM_RELATIVE_VOLUME,False,,,,,,,,,,,,,,BELOW_MINIMUM_RELATIVE_VOLUME,False,,,,,,,,,,,,,
orb_v1.0,2024-05-30,743,SQSP,BBG00389GQ82,0.12846868851346765,14,LONG,False,BELOW_MINIMUM_RELATIVE_VOLUME,False,False,False,False,14607.0,113700.85714285714,2705999.4285714286,0.8292857142857137,43.56,43.63,43.55,43.59,True,BELOW_MINIMUM_RELATIVE_VOLUME,False,,,,,,,,,,,,,,BELOW_MINIMUM_RELATIVE_VOLUME,False,,,,,,,,,,,,,,BELOW_MINIMUM_RELATIVE_VOLUME,False,,,,,,,,,,,,,
orb_v1.0,2024-05-30,744,LFMD,BBG001S5Z6Z5,0.10980342191481615,14,LONG,False,BELOW_MINIMUM_RELATIVE_VOLUME,False,False,False,False,4309.0,39242.857142857145,1041861.5714285715,0.7040214285714285,7.9,7.9999,7.9,7.9887,True,BELOW_MINIMUM_RELATIVE_VOLUME,False,,,,,,,,,,,,,,BELOW_MINIMUM_RELATIVE_VOLUME,False,,,,,,,,,,,,,,BELOW_MINIMUM_RELATIVE_VOLUME,False,,,,,,,,,,,,,
orb_v1.0,2024-05-30,745,SVV,BBG01F5T0LT8,0.09771791322478088,14,LONG,False,BELOW_MINIMUM_RELATIVE_VOLUME,False,False,False,False,2022.0,20692.214285714286,1371094.0714285714,0.9150000000000001,12.77,12.87,12.77,12.87,True,BELOW_MINIMUM_RELATIVE_VOLUME,False,,,,,,,,,,,,,,BELOW_MINIMUM_RELATIVE_VOLUME,False,,,,,,,,,,,,,,BELOW_MINIMUM_RELATIVE_VOLUME,False,,,,,,,,,,,,,
orb_v1.0,2024-05-30,746,CYTK,BBG001SGMVF2,0.09414862316456693,14,SHORT,False,BELOW_MINIMUM_RELATIVE_VOLUME,False,False,False,False,11611.0,123326.28571428571,3184222.4285714286,3.668735714285713,48.33,48.33,47.55,47.59,True,BELOW_MINIMUM_RELATIVE_VOLUME,False,,,,,,,,,,,,,,BELOW_MINIMUM_RELATIVE_VOLUME,False,,,,,,,,,,,,,,BELOW_MINIMUM_RELATIVE_VOLUME,False,,,,,,,,,,,,,
orb_v1.0,2024-05-30,747,SRTS,BBG0074FZS06,0.07582734432155613,14,SHORT,False,BELOW_MINIMUM_RELATIVE_VOLUME,True,False,False,False,7929.0,104566.5,1976869.2142857143,0.6312214285714286,5.65,5.72,5.57,5.57,True,BELOW_MINIMUM_RELATIVE_VOLUME,False,,,,,,,,,,,,,,BELOW_MINIMUM_RELATIVE_VOLUME,False,,,,,,,,,,,,,,BELOW_MINIMUM_RELATIVE_VOLUME,False,,,,,,,,,,,,,
orb_v1.0,2024-05-30,748,ODD,0001907085,0.05593931000549297,14,DOJI,False,BELOW_MINIMUM_RELATIVE_VOLUME,False,False,False,False,1884.0,33679.357142857145,1258551.5714285714,2.3965500000000004,36.21,36.21,36.21,36.21,False,BELOW_MINIMUM_RELATIVE_VOLUME,False,,,,,,,,,,,,,,BELOW_MINIMUM_RELATIVE_VOLUME,False,,,,,,,,,,,,,,BELOW_MINIMUM_RELATIVE_VOLUME,False,,,,,,,,,,,,,
orb_v1.0,2024-05-30,749,HSCS,BBG0185L0106,0.025372058890629514,14,LONG,False,BELOW_MINIMUM_RELATIVE_VOLUME,False,False,False,False,3813.0,150283.42857142858,4276877.785714285,0.9764714285714287,6.94,7.138,6.94,7.138,True,BELOW_MINIMUM_RELATIVE_VOLUME,False,,,,,,,,,,,,,,BELOW_MINIMUM_RELATIVE_VOLUME,False,,,,,,,,,,,,,,BELOW_MINIMUM_RELATIVE_VOLUME,False,,,,,,,,,,,,,
orb_v1.0,2024-05-30,750,SINT,BBG001SNTFW6,0.0018759394363841563,14,SHORT,False,BELOW_MINIMUM_RELATIVE_VOLUME,True,False,False,False,7503.0,3999596.0714285714,151587678.92857143,0.8474071428571428,7.89,7.89,7.823,7.823,True,BELOW_MINIMUM_RELATIVE_VOLUME,False,,,,,,,,,,,,,,BELOW_MINIMUM_RELATIVE_VOLUME,False,,,,,,,,,,,,,,BELOW_MINIMUM_RELATIVE_VOLUME,False,,,,,,,,,,,,,
