orb_version,trading_date,rank,ticker,stable_security_id,relative_volume_open,baseline_sessions_used,direction,selected,selection_status,outside_scout_band,scout_scorable,scout_selected,top_10_mover,opening_volume,opening_volume_baseline,average_daily_volume_14,atr_14_usd,first_candle_open,first_candle_high,first_candle_low,first_candle_close,signal_triggered,paper_long_only_status,paper_long_only_trade_executed,paper_long_only_entry_timestamp,paper_long_only_entry_price,paper_long_only_exit_timestamp,paper_long_only_exit_price,paper_long_only_exit_reason,paper_long_only_position_size_shares,paper_long_only_r_multiple,paper_long_only_mfe_pct,paper_long_only_mae_pct,paper_long_only_gross_realized_return_pct,paper_long_only_gross_realized_pnl_usd,paper_long_only_net_realized_return_pct,paper_long_only_net_realized_pnl_usd,paper_long_short_status,paper_long_short_trade_executed,paper_long_short_entry_timestamp,paper_long_short_entry_price,paper_long_short_exit_timestamp,paper_long_short_exit_price,paper_long_short_exit_reason,paper_long_short_position_size_shares,paper_long_short_r_multiple,paper_long_short_mfe_pct,paper_long_short_mae_pct,paper_long_short_gross_realized_return_pct,paper_long_short_gross_realized_pnl_usd,paper_long_short_net_realized_return_pct,paper_long_short_net_realized_pnl_usd,cash_long_only_status,cash_long_only_trade_executed,cash_long_only_entry_timestamp,cash_long_only_entry_price,cash_long_only_exit_timestamp,cash_long_only_exit_price,cash_long_only_exit_reason,cash_long_only_position_size_shares,cash_long_only_r_multiple,cash_long_only_mfe_pct,cash_long_only_mae_pct,cash_long_only_gross_realized_return_pct,cash_long_only_gross_realized_pnl_usd,cash_long_only_net_realized_return_pct,cash_long_only_net_realized_pnl_usd
orb_v1.0,2024-09-24,1,SMAR,BBG00GQK3WC4,37.22496366589724,14,SHORT,True,SELECTED,False,False,False,False,2177102.0,58485.0,2668366.1428571427,2.005328571428571,55.23,55.25,55.1,55.19,False,SHORT_NOT_ALLOWED,False,,,,,,,,,,,,,,NOT_TRIGGERED,False,,,,,NOT_TRIGGERED,,,,,0.0,,,,SHORT_NOT_ALLOWED,False,,,,,,,,,,,,,
orb_v1.0,2024-09-24,2,WMG,BBG00RP2T9V3,30.33709264366522,14,SHORT,True,SELECTED,True,False,False,False,615999.0,20305.14285714286,1659921.7857142857,0.6507000000000003,31.09,31.16,30.82,31.08,False,SHORT_NOT_ALLOWED,False,,,,,,,,,,,,,,NOT_TRIGGERED,False,,,,,NOT_TRIGGERED,,,,,0.0,,,,SHORT_NOT_ALLOWED,False,,,,,,,,,,,,,
orb_v1.0,2024-09-24,3,WYNN,BBG001SJZ2V8,15.294745376125565,14,LONG,True,SELECTED,False,False,False,False,505322.0,33038.92857142857,1912980.357142857,1.8141785714285723,83.555,86.2,83.44,84.56,False,NOT_TRIGGERED,False,,,,,NOT_TRIGGERED,,,,,0.0,,,,NOT_TRIGGERED,False,,,,,NOT_TRIGGERED,,,,,0.0,,,,NOT_TRIGGERED,False,,,,,NOT_TRIGGERED,,,,,0.0,,,
orb_v1.0,2024-09-24,4,MGY,BBG00GNC8DM1,13.037114828755527,14,LONG,True,SELECTED,False,False,False,False,569274.0,43665.642857142855,1922773.642857143,0.6262499999999996,25.82,25.99,25.725,25.94,True,LEVERAGE_CAP_EXCEEDED,False,,,,,,,,,,,,,,LEVERAGE_CAP_EXCEEDED,False,,,,,,,,,,,,,,CASH_EXHAUSTED,False,,,,,,,,,,,,,
orb_v1.0,2024-09-24,5,MCK,BBG001S8F8P8,11.467795835043708,14,SHORT,True,SELECTED,True,False,False,False,297328.0,25927.214285714286,1277325.5,13.821414285714285,487.485,488.46,464.415,472.57,False,SHORT_NOT_ALLOWED,False,,,,,,,,,,,,,,NOT_TRIGGERED,False,,,,,NOT_TRIGGERED,,,,,0.0,,,,SHORT_NOT_ALLOWED,False,,,,,,,,,,,,,
orb_v1.0,2024-09-24,6,HE,BBG001S5RV43,9.781277240640614,14,DOJI,False,DOJI_SKIPPED,False,True,False,False,858400.0,87759.5,2831842.285714286,0.8271428571428571,9.6,9.65,9.52,9.6,False,DOJI_SKIPPED,False,,,,,,,,,,,,,,DOJI_SKIPPED,False,,,,,,,,,,,,,,DOJI_SKIPPED,False,,,,,,,,,,,,,
orb_v1.0,2024-09-24,7,BNZI,BBG00YG9XMG6,8.829052836398914,14,SHORT,True,SELECTED,True,False,False,False,2273944.0,257552.42857142858,5866455.357142857,0.6824357142857144,6.71,7.0799,6.15,6.5,False,SHORT_NOT_ALLOWED,False,,,,,,,,,,,,,,NOT_TRIGGERED,False,,,,,NOT_TRIGGERED,,,,,0.0,,,,SHORT_NOT_ALLOWED,False,,,,,,,,,,,,,
orb_v1.0,2024-09-24,8,LVS,BBG001SJCGP9,7.669702197620424,14,LONG,True,SELECTED,True,False,False,False,871030.0,113567.64285714286,5692171.0,0.9842785714285728,44.4,45.2,44.01,44.95,True,LEVERAGE_CAP_EXCEEDED,False,,,,,,,,,,,,,,LEVERAGE_CAP_EXCEEDED,False,,,,,,,,,,,,,,CASH_EXHAUSTED,False,,,,,,,,,,,,,
orb_v1.0,2024-09-24,9,AS,0001988894,7.248376357135828,14,LONG,True,SELECTED,False,False,False,False,126275.0,17421.14285714286,1452917.142857143,0.5178785714285715,15.09,15.445,15.09,15.39,True,TRIGGERED,True,2024-09-24T09:43:00-04:00,15.445,2024-09-24T09:43:00-04:00,15.385,STOP,482,-1.1585727487138557,0.2913564260278445,-0.5503399158303668,-0.38847523470379086,-28.92000000000024,-0.7488507607640046,-55.74812000000024,TRIGGERED,True,2024-09-24T09:43:00-04:00,15.445,2024-09-24T09:43:00-04:00,15.385,STOP,482,-1.1585727487138557,0.2913564260278445,-0.5503399158303668,-0.38847523470379086,-28.92000000000024,-0.7488507607640046,-55.74812000000024,CASH_EXHAUSTED,False,,,,,,,,,,,,,
orb_v1.0,2024-09-24,10,WAY,BBG01JRQSF60,5.740791859489595,14,SHORT,True,SELECTED,False,False,False,False,30304.0,5278.714285714285,1216090.2857142857,0.8142857142857144,27.33,27.33,26.86,27.19,True,SHORT_NOT_ALLOWED,False,,,,,,,,,,,,,,TRIGGERED,True,2024-09-24T10:14:00-04:00,26.86,2024-09-24T10:44:00-04:00,26.94142857142857,STOP,307,-0.999999999999994,0.40953090096798006,-0.37230081906180723,-0.30315923837889414,-24.998571428571285,-0.5040804169769155,-41.56657199999985,SHORT_NOT_ALLOWED,False,,,,,,,,,,,,,
orb_v1.0,2024-09-24,11,SPOT,0001639920,5.201984192574116,14,LONG,True,SELECTED,True,False,False,False,197827.0,38029.142857142855,1239442.857142857,8.827007142857147,374.83,377.0,372.9,375.21,True,LEVERAGE_CAP_EXCEEDED,False,,,,,,,,,,,,,,LEVERAGE_CAP_EXCEEDED,False,,,,,,,,,,,,,,CASH_EXHAUSTED,False,,,,,,,,,,,,,
orb_v1.0,2024-09-24,12,OTIS,BBG00RP60LN7,5.075367246539683,14,LONG,True,SELECTED,True,False,False,False,252907.0,49830.28571428572,2248348.214285714,1.7925,97.72,99.76,97.72,99.31,False,NOT_TRIGGERED,False,,,,,NOT_TRIGGERED,,,,,0.0,,,,NOT_TRIGGERED,False,,,,,NOT_TRIGGERED,,,,,0.0,,,,NOT_TRIGGERED,False,,,,,NOT_TRIGGERED,,,,,0.0,,,
orb_v1.0,2024-09-24,13,ZIM,0001654126,4.898162415783275,14,LONG,True,SELECTED,False,False,False,False,1040362.0,212398.42857142858,4886395.571428572,0.9756857142857139,22.66,23.274,22.62,23.14,True,LEVERAGE_CAP_EXCEEDED,False,,,,,,,,,,,,,,LEVERAGE_CAP_EXCEEDED,False,,,,,,,,,,,,,,CASH_EXHAUSTED,False,,,,,,,,,,,,,
orb_v1.0,2024-09-24,14,CHTR,BBG001T3TDG2,4.466034855213395,14,LONG,True,SELECTED,True,False,False,False,100711.0,22550.428571428572,1252591.2142857143,11.591071428571427,328.77,331.19,327.595,329.84,False,NOT_TRIGGERED,False,,,,,NOT_TRIGGERED,,,,,0.0,,,,NOT_TRIGGERED,False,,,,,NOT_TRIGGERED,,,,,0.0,,,,NOT_TRIGGERED,False,,,,,NOT_TRIGGERED,,,,,0.0,,,
orb_v1.0,2024-09-24,15,BFH,BBG001S78Z50,4.446548202165748,14,SHORT,True,SELECTED,False,False,False,False,101219.0,22763.5,1368003.2857142857,2.555521428571428,50.8,50.85,49.435,49.62,True,SHORT_NOT_ALLOWED,False,,,,,,,,,,,,,,LEVERAGE_CAP_EXCEEDED,False,,,,,,,,,,,,,,SHORT_NOT_ALLOWED,False,,,,,,,,,,,,,
orb_v1.0,2024-09-24,16,EL,BBG001S8L5H6,4.424190855039939,14,LONG,True,SELECTED,True,False,False,False,415958.0,94019.0,3904582.714285714,2.6691928571428565,91.0,91.92,90.03,91.53,True,TRIGGERED,True,2024-09-24T09:42:00-04:00,91.92,2024-09-24T09:42:00-04:00,91.65308071428572,STOP,93,-0.9999999999999802,0.1958224543080922,-0.32637075718014996,-0.2903821646151875,-24.823493571428074,-0.4902723742695454,-41.91122807785665,TRIGGERED,True,2024-09-24T09:42:00-04:00,91.92,2024-09-24T09:42:00-04:00,91.65308071428572,STOP,93,-0.9999999999999802,0.1958224543080922,-0.32637075718014996,-0.2903821646151875,-24.823493571428074,-0.4902723742695454,-41.91122807785665,CASH_EXHAUSTED,False,,,,,,,,,,,,,
orb_v1.0,2024-09-24,17,DD,BBG00BN961H3,4.067193285376216,14,LONG,True,SELECTED,True,False,False,False,123498.0,30364.428571428572,2001241.2142857143,1.4820999999999986,84.83,85.5,84.6606,85.49,True,LEVERAGE_CAP_EXCEEDED,False,,,,,,,,,,,,,,LEVERAGE_CAP_EXCEEDED,False,,,,,,,,,,,,,,CASH_EXHAUSTED,False,,,,,,,,,,,,,
orb_v1.0,2024-09-24,18,TECK,BBG001S60LH8,4.006536631889924,14,SHORT,True,SELECTED,True,False,False,False,319865.0,79835.78571428571,2879249.285714286,1.4041642857142864,51.41,51.59,51.055,51.35,True,SHORT_NOT_ALLOWED,False,,,,,,,,,,,,,,LEVERAGE_CAP_EXCEEDED,False,,,,,,,,,,,,,,SHORT_NOT_ALLOWED,False,,,,,,,,,,,,,
orb_v1.0,2024-09-24,19,SKX,BBG001S5XTG8,3.9945113151012097,14,LONG,True,SELECTED,False,False,False,False,194731.0,48749.642857142855,2566611.3571428573,2.312142857142858,63.75,65.59,63.75,65.445,True,TRIGGERED,True,2024-09-24T09:35:00-04:00,65.59,2024-09-24T09:39:00-04:00,65.35878571428572,STOP,108,-1.0000000000000067,0.4726330233267406,-0.7318188748284826,-0.35251453836604263,-24.971142857143036,-0.5524151111885547,-39.13153971428589,TRIGGERED,True,2024-09-24T09:35:00-04:00,65.59,2024-09-24T09:39:00-04:00,65.35878571428572,STOP,108,-1.0000000000000067,0.4726330233267406,-0.7318188748284826,-0.35251453836604263,-24.971142857143036,-0.5524151111885547,-39.13153971428589,CASH_EXHAUSTED,False,,,,,,,,,,,,,
orb_v1.0,2024-09-24,20,BBIO,BBG00P9KDZL5,3.9692569166559095,14,SHORT,True,SELECTED,False,False,False,False,210856.0,53122.28571428572,2542570.714285714,1.457842857142857,25.47,25.47,24.78,24.805,True,SHORT_NOT_ALLOWED,False,,,,,,,,,,,,,,LEVERAGE_CAP_EXCEEDED,False,,,,,,,,,,,,,,SHORT_NOT_ALLOWED,False,,,,,,,,,,,,,
orb_v1.0,2024-09-24,21,CDMO,BBG001SD4YL6,3.967333391562582,14,LONG,True,SELECTED,False,False,False,False,90844.0,22898.0,1071634.2857142857,0.6980444285714286,11.21,11.35,11.12,11.28,True,LEVERAGE_CAP_EXCEEDED,False,,,,,,,,,,,,,,LEVERAGE_CAP_EXCEEDED,False,,,,,,,,,,,,,,CASH_EXHAUSTED,False,,,,,,,,,,,,,
orb_v1.0,2024-09-24,22,BTU,BBG00GBV89J5,3.958471270167493,14,LONG,False,BEYOND_TOP_N,False,False,False,False,275703.0,69648.85714285714,3466404.0,0.7380642857142856,24.4,24.5,24.14,24.45,True,BEYOND_TOP_N,False,,,,,,,,,,,,,,BEYOND_TOP_N,False,,,,,,,,,,,,,,BEYOND_TOP_N,False,,,,,,,,,,,,,
orb_v1.0,2024-09-24,23,FLS,BBG001SB3F87,3.957246465553605,14,LONG,False,BEYOND_TOP_N,False,False,False,False,83092.0,20997.428571428572,1192297.2142857143,0.972135714285715,49.5,50.88,49.5,50.815,True,BEYOND_TOP_N,False,,,,,,,,,,,,,,BEYOND_TOP_N,False,,,,,,,,,,,,,,BEYOND_TOP_N,False,,,,,,,,,,,,,
orb_v1.0,2024-09-24,24,CNQ,BBG001S5YC56,3.95378592524697,14,LONG,False,BEYOND_TOP_N,True,False,False,False,346627.0,87669.64285714286,5456623.428571428,0.8254214285714282,34.46,34.77,34.44,34.6,False,BEYOND_TOP_N,False,,,,,,,,,,,,,,BEYOND_TOP_N,False,,,,,,,,,,,,,,BEYOND_TOP_N,False,,,,,,,,,,,,,
orb_v1.0,2024-09-24,25,LASE,BBG013KLFYR3,3.9168689566037482,14,SHORT,False,BEYOND_TOP_N,True,False,False,False,373192.0,95278.14285714286,2726822.285714286,2.4859142857142857,16.17,16.275,13.68,14.1699,True,BEYOND_TOP_N,False,,,,,,,,,,,,,,BEYOND_TOP_N,False,,,,,,,,,,,,,,BEYOND_TOP_N,False,,,,,,,,,,,,,
orb_v1.0,2024-09-24,26,LITE,BBG0073F9RS8,3.8759924254269382,14,LONG,False,BEYOND_TOP_N,False,False,False,False,111553.0,28780.5,1318415.5714285714,2.3642785714285712,61.58,62.08,61.5602,61.69,False,BEYOND_TOP_N,False,,,,,,,,,,,,,,BEYOND_TOP_N,False,,,,,,,,,,,,,,BEYOND_TOP_N,False,,,,,,,,,,,,,
orb_v1.0,2024-09-24,27,APG,BBG00HVV7984,3.824113201168715,14,LONG,False,BEYOND_TOP_N,False,False,False,False,22624.0,5916.142857142857,1181578.2142857143,0.8071428571428564,34.5,34.545,34.44,34.545,False,BEYOND_TOP_N,False,,,,,,,,,,,,,,BEYOND_TOP_N,False,,,,,,,,,,,,,,BEYOND_TOP_N,False,,,,,,,,,,,,,
orb_v1.0,2024-09-24,28,CAT,BBG001S5PJ06,3.611699332693037,14,LONG,False,BEYOND_TOP_N,True,False,False,False,402099.0,111332.35714285714,2577726.4285714286,8.293928571428577,380.0,387.0,379.5,386.215,True,BEYOND_TOP_N,False,,,,,,,,,,,,,,BEYOND_TOP_N,False,,,,,,,,,,,,,,BEYOND_TOP_N,False,,,,,,,,,,,,,
orb_v1.0,2024-09-24,29,SCCO,BBG001S6ZM88,3.5500654431226546,14,LONG,False,BEYOND_TOP_N,True,False,False,False,130773.0,36836.78571428572,1110099.5714285714,2.629064285714288,112.1,113.6489,111.94,113.27,True,BEYOND_TOP_N,False,,,,,,,,,,,,,,BEYOND_TOP_N,False,,,,,,,,,,,,,,BEYOND_TOP_N,False,,,,,,,,,,,,,
orb_v1.0,2024-09-24,30,HUN,BBG001SKWX22,3.4950278167303654,14,LONG,False,BEYOND_TOP_N,False,False,False,False,54476.0,15586.714285714286,2396800.1428571427,0.6046428571428576,23.0,23.38,22.99,23.33,True,BEYOND_TOP_N,False,,,,,,,,,,,,,,BEYOND_TOP_N,False,,,,,,,,,,,,,,BEYOND_TOP_N,False,,,,,,,,,,,,,
orb_v1.0,2024-09-24,31,LYV,BBG001SNP2B2,3.4305131516443432,14,DOJI,False,DOJI_SKIPPED,True,False,False,False,102651.0,29922.928571428572,2138724.785714286,2.3128571428571467,105.0,105.3,104.8,105.0,False,DOJI_SKIPPED,False,,,,,,,,,,,,,,DOJI_SKIPPED,False,,,,,,,,,,,,,,DOJI_SKIPPED,False,,,,,,,,,,,,,
orb_v1.0,2024-09-24,32,AMSC,BBG001S70C31,3.409849330015079,14,SHORT,False,BEYOND_TOP_N,False,False,False,False,139069.0,40784.5,1170566.5714285714,1.5182357142857141,24.46,24.6977,23.79,23.845,True,BEYOND_TOP_N,False,,,,,,,,,,,,,,BEYOND_TOP_N,False,,,,,,,,,,,,,,BEYOND_TOP_N,False,,,,,,,,,,,,,
orb_v1.0,2024-09-24,33,CRBG,BBG016HJ8836,3.4009907540209685,14,LONG,False,BEYOND_TOP_N,True,False,False,False,91801.0,26992.428571428572,3884518.5,0.8421428571428576,28.65,28.935,28.65,28.92,True,BEYOND_TOP_N,False,,,,,,,,,,,,,,BEYOND_TOP_N,False,,,,,,,,,,,,,,BEYOND_TOP_N,False,,,,,,,,,,,,,
orb_v1.0,2024-09-24,34,V,BBG001SRCFY3,3.2762226084803943,14,SHORT,False,BEYOND_TOP_N,True,False,False,False,877276.0,267770.5714285714,7971803.571428572,4.461114285714274,280.18,281.0,276.92,278.095,True,BEYOND_TOP_N,False,,,,,,,,,,,,,,BEYOND_TOP_N,False,,,,,,,,,,,,,,BEYOND_TOP_N,False,,,,,,,,,,,,,
orb_v1.0,2024-09-24,35,NTR,BBG00JM9SM69,3.2443130336602923,14,LONG,False,BEYOND_TOP_N,True,False,False,False,164197.0,50610.71428571428,2078295.357142857,0.9524928571428569,47.83,48.42,47.6,48.03,False,BEYOND_TOP_N,False,,,,,,,,,,,,,,BEYOND_TOP_N,False,,,,,,,,,,,,,,BEYOND_TOP_N,False,,,,,,,,,,,,,
orb_v1.0,2024-09-24,36,BIIB,BBG001S67826,3.240156651366488,14,SHORT,False,BEYOND_TOP_N,True,False,False,False,93432.0,28835.64285714286,1131451.0,4.572499999999997,199.99,199.99,196.4214,197.215,True,BEYOND_TOP_N,False,,,,,,,,,,,,,,BEYOND_TOP_N,False,,,,,,,,,,,,,,BEYOND_TOP_N,False,,,,,,,,,,,,,
orb_v1.0,2024-09-24,37,SOC,BBG00Z6F4C29,3.0718910703503988,14,SHORT,False,BEYOND_TOP_N,False,False,False,False,94851.0,30877.071428571428,1319473.357142857,2.0092785714285712,25.58,25.6999,24.75,25.105,True,BEYOND_TOP_N,False,,,,,,,,,,,,,,BEYOND_TOP_N,False,,,,,,,,,,,,,,BEYOND_TOP_N,False,,,,,,,,,,,,,
orb_v1.0,2024-09-24,38,MGM,BBG001S6BYT5,3.024697305638824,14,LONG,False,BEYOND_TOP_N,False,False,False,False,304506.0,100673.21428571429,5403957.142857143,1.0619285714285722,37.67,38.3,37.37,37.985,False,BEYOND_TOP_N,False,,,,,,,,,,,,,,BEYOND_TOP_N,False,,,,,,,,,,,,,,BEYOND_TOP_N,False,,,,,,,,,,,,,
orb_v1.0,2024-09-24,39,XP,0001787425,2.9519038479388153,14,LONG,False,BEYOND_TOP_N,False,False,False,False,324845.0,110045.92857142857,5490533.357142857,0.636414285714285,18.11,18.15,17.99,18.15,True,BEYOND_TOP_N,False,,,,,,,,,,,,,,BEYOND_TOP_N,False,,,,,,,,,,,,,,BEYOND_TOP_N,False,,,,,,,,,,,,,
orb_v1.0,2024-09-24,40,ESI,BBG004KDL523,2.938144930915875,14,LONG,False,BEYOND_TOP_N,False,False,False,False,25199.0,8576.5,1155784.2857142857,0.5807142857142854,25.94,26.1506,25.91,26.11,True,BEYOND_TOP_N,False,,,,,,,,,,,,,,BEYOND_TOP_N,False,,,,,,,,,,,,,,BEYOND_TOP_N,False,,,,,,,,,,,,,
orb_v1.0,2024-09-24,41,TPR,BBG001SFH7D5,2.847621720573659,14,LONG,False,BEYOND_TOP_N,False,False,False,False,160889.0,56499.42857142857,2779386.5,1.1407142857142867,45.19,45.535,45.06,45.5,True,BEYOND_TOP_N,False,,,,,,,,,,,,,,BEYOND_TOP_N,False,,,,,,,,,,,,,,BEYOND_TOP_N,False,,,,,,,,,,,,,
orb_v1.0,2024-09-24,42,OLN,BBG001S5TWW8,2.8378744324745453,14,LONG,False,BEYOND_TOP_N,False,False,False,False,75453.0,26587.85714285714,1503331.0714285714,1.244642857142857,45.1,45.99,45.03,45.78,True,BEYOND_TOP_N,False,,,,,,,,,,,,,,BEYOND_TOP_N,False,,,,,,,,,,,,,,BEYOND_TOP_N,False,,,,,,,,,,,,,
orb_v1.0,2024-09-24,43,ZVRA,BBG0026ZG1G4,2.743757585962549,14,LONG,False,BEYOND_TOP_N,False,False,False,False,167604.0,61085.57142857143,1128469.0,0.5395742142857142,8.02,8.32,7.815,8.3,True,BEYOND_TOP_N,False,,,,,,,,,,,,,,BEYOND_TOP_N,False,,,,,,,,,,,,,,BEYOND_TOP_N,False,,,,,,,,,,,,,
orb_v1.0,2024-09-24,44,PCOR,BBG0026ZJ313,2.697128090679509,14,LONG,False,BEYOND_TOP_N,False,False,False,False,45924.0,17027.0,1901328.642857143,1.9079285714285708,59.93,60.915,59.68,60.49,True,BEYOND_TOP_N,False,,,,,,,,,,,,,,BEYOND_TOP_N,False,,,,,,,,,,,,,,BEYOND_TOP_N,False,,,,,,,,,,,,,
orb_v1.0,2024-09-24,45,INFA,BBG012THM4K0,2.634912147626805,14,LONG,False,BEYOND_TOP_N,False,False,False,False,60542.0,22976.85714285714,1617780.4285714286,0.6839214285714286,25.5,25.565,25.5,25.56,True,BEYOND_TOP_N,False,,,,,,,,,,,,,,BEYOND_TOP_N,False,,,,,,,,,,,,,,BEYOND_TOP_N,False,,,,,,,,,,,,,
orb_v1.0,2024-09-24,46,CAH,BBG001S7PC34,2.6203348301926463,14,SHORT,False,BEYOND_TOP_N,True,False,False,False,87236.0,33291.92857142857,1966967.7142857143,2.001335714285715,111.14,111.24,110.46,110.785,True,BEYOND_TOP_N,False,,,,,,,,,,,,,,BEYOND_TOP_N,False,,,,,,,,,,,,,,BEYOND_TOP_N,False,,,,,,,,,,,,,
orb_v1.0,2024-09-24,47,YUM,BBG001S7JQ30,2.597003206176798,14,LONG,False,BEYOND_TOP_N,True,False,False,False,136080.0,52398.857142857145,2112734.8571428573,2.029999999999995,131.65,132.4525,130.5,132.005,True,BEYOND_TOP_N,False,,,,,,,,,,,,,,BEYOND_TOP_N,False,,,,,,,,,,,,,,BEYOND_TOP_N,False,,,,,,,,,,,,,
orb_v1.0,2024-09-24,48,SMR,BBG00YG48PG8,2.589244900887194,14,LONG,False,BEYOND_TOP_N,False,True,False,False,498870.0,192670.07142857142,4607843.571428572,0.891707142857143,10.96,11.44,10.96,11.4339,True,BEYOND_TOP_N,False,,,,,,,,,,,,,,BEYOND_TOP_N,False,,,,,,,,,,,,,,BEYOND_TOP_N,False,,,,,,,,,,,,,
orb_v1.0,2024-09-24,49,CRM,BBG001SDLP09,2.565102247532794,14,LONG,False,BEYOND_TOP_N,True,False,False,False,701115.0,273328.28571428574,5855204.428571428,6.264264285714286,269.83,272.46,269.52,271.6,False,BEYOND_TOP_N,False,,,,,,,,,,,,,,BEYOND_TOP_N,False,,,,,,,,,,,,,,BEYOND_TOP_N,False,,,,,,,,,,,,,
orb_v1.0,2024-09-24,50,LULU,BBG001STBM75,2.472403185122904,14,LONG,False,BEYOND_TOP_N,True,False,False,False,178534.0,72210.71428571429,1997275.5,8.350592857142853,266.69,269.25,266.42,268.955,True,BEYOND_TOP_N,False,,,,,,,,,,,,,,BEYOND_TOP_N,False,,,,,,,,,,,,,,BEYOND_TOP_N,False,,,,,,,,,,,,,
orb_v1.0,2024-09-24,51,BRZE,BBG00294NX54,2.4447447515164793,14,SHORT,False,BEYOND_TOP_N,False,False,False,False,108415.0,44346.142857142855,1723868.4285714286,2.1060714285714286,33.96,34.07,32.78,32.84,True,BEYOND_TOP_N,False,,,,,,,,,,,,,,BEYOND_TOP_N,False,,,,,,,,,,,,,,BEYOND_TOP_N,False,,,,,,,,,,,,,
orb_v1.0,2024-09-24,52,FTRE,BBG01GZF9W47,2.440570111761181,14,LONG,False,BEYOND_TOP_N,False,False,False,False,28217.0,11561.642857142857,1758182.5,1.0289285714285714,22.55,22.59,22.34,22.59,True,BEYOND_TOP_N,False,,,,,,,,,,,,,,BEYOND_TOP_N,False,,,,,,,,,,,,,,BEYOND_TOP_N,False,,,,,,,,,,,,,
orb_v1.0,2024-09-24,53,RHI,BBG001S5VP41,2.3690561411141213,14,SHORT,False,BEYOND_TOP_N,False,False,False,False,42786.0,18060.35714285714,1695267.0,1.4265357142857138,68.32,68.45,67.96,68.27,True,BEYOND_TOP_N,False,,,,,,,,,,,,,,BEYOND_TOP_N,False,,,,,,,,,,,,,,BEYOND_TOP_N,False,,,,,,,,,,,,,
orb_v1.0,2024-09-24,54,PBA,BBG001SB0CJ5,2.3689931098245536,14,LONG,False,BEYOND_TOP_N,True,False,False,False,61495.0,25958.285714285714,1686296.0,0.6703571428571432,41.4,41.58,41.26,41.53,False,BEYOND_TOP_N,False,,,,,,,,,,,,,,BEYOND_TOP_N,False,,,,,,,,,,,,,,BEYOND_TOP_N,False,,,,,,,,,,,,,
orb_v1.0,2024-09-24,55,COR,BBG001S8X7P0,2.3393171925027882,14,SHORT,False,BEYOND_TOP_N,True,False,False,False,97539.0,41695.5,1977219.5,5.404407142857145,226.49,227.59,222.62,223.48,True,BEYOND_TOP_N,False,,,,,,,,,,,,,,BEYOND_TOP_N,False,,,,,,,,,,,,,,BEYOND_TOP_N,False,,,,,,,,,,,,,
orb_v1.0,2024-09-24,56,NNE,BBG01F7QNWH6,2.334322633460407,14,SHORT,False,BEYOND_TOP_N,False,True,False,False,363767.0,155834.07142857142,3206448.3571428573,2.3848928571428574,14.47,15.11,13.9402,14.0,True,BEYOND_TOP_N,False,,,,,,,,,,,,,,BEYOND_TOP_N,False,,,,,,,,,,,,,,BEYOND_TOP_N,False,,,,,,,,,,,,,
orb_v1.0,2024-09-24,57,CLF,BBG001S5PW43,2.3231084789417413,14,LONG,False,BEYOND_TOP_N,False,False,False,False,1019986.0,439060.85714285716,16005135.0,0.5444285714285714,12.44,12.66,12.375,12.63,True,BEYOND_TOP_N,False,,,,,,,,,,,,,,BEYOND_TOP_N,False,,,,,,,,,,,,,,BEYOND_TOP_N,False,,,,,,,,,,,,,
orb_v1.0,2024-09-24,58,CENX,BBG001S766G4,2.204740510507528,14,LONG,False,BEYOND_TOP_N,False,False,False,False,53910.0,24451.85714285714,1081521.857142857,0.6970214285714286,15.56,15.7139,15.43,15.66,True,BEYOND_TOP_N,False,,,,,,,,,,,,,,BEYOND_TOP_N,False,,,,,,,,,,,,,,BEYOND_TOP_N,False,,,,,,,,,,,,,
orb_v1.0,2024-09-24,59,SNOW,BBG007DHGNK2,2.202277553919828,14,SHORT,False,BEYOND_TOP_N,True,False,False,False,321096.0,145801.7857142857,6128782.714285715,3.462828571428573,112.15,112.94,111.21,111.68,True,BEYOND_TOP_N,False,,,,,,,,,,,,,,BEYOND_TOP_N,False,,,,,,,,,,,,,,BEYOND_TOP_N,False,,,,,,,,,,,,,
orb_v1.0,2024-09-24,60,ALB,BBG001S7SBP9,2.146898158078384,14,LONG,False,BEYOND_TOP_N,False,False,False,False,253804.0,118218.92857142857,2715507.0714285714,4.4885714285714275,92.7,94.845,92.22,93.93,False,BEYOND_TOP_N,False,,,,,,,,,,,,,,BEYOND_TOP_N,False,,,,,,,,,,,,,,BEYOND_TOP_N,False,,,,,,,,,,,,,
orb_v1.0,2024-09-24,61,MP,BBG00TJGL0T5,2.1193279412013664,14,LONG,False,BEYOND_TOP_N,False,False,False,False,232493.0,109701.28571428571,4621358.357142857,0.6957357142857141,14.99,15.32,14.82,15.29,True,BEYOND_TOP_N,False,,,,,,,,,,,,,,BEYOND_TOP_N,False,,,,,,,,,,,,,,BEYOND_TOP_N,False,,,,,,,,,,,,,
orb_v1.0,2024-09-24,62,AXTA,0001616862,2.103334742776603,14,LONG,False,BEYOND_TOP_N,False,False,False,False,53297.0,25339.285714285714,2181009.4285714286,0.7464285714285717,36.41,36.67,36.28,36.43,True,BEYOND_TOP_N,False,,,,,,,,,,,,,,BEYOND_TOP_N,False,,,,,,,,,,,,,,BEYOND_TOP_N,False,,,,,,,,,,,,,
orb_v1.0,2024-09-24,63,AR,BBG001T61KH8,2.0959465363903176,14,LONG,False,BEYOND_TOP_N,False,False,False,False,138085.0,65881.92857142857,3796470.4285714286,0.8973214285714288,29.14,29.23,29.05,29.15,False,BEYOND_TOP_N,False,,,,,,,,,,,,,,BEYOND_TOP_N,False,,,,,,,,,,,,,,BEYOND_TOP_N,False,,,,,,,,,,,,,
orb_v1.0,2024-09-24,64,LYFT,BBG004M9ZHY4,2.048230703033218,14,LONG,False,BEYOND_TOP_N,False,False,False,False,835242.0,407787.0714285714,12613682.57142857,0.5849928571428574,12.98,13.2299,12.94,13.09,True,BEYOND_TOP_N,False,,,,,,,,,,,,,,BEYOND_TOP_N,False,,,,,,,,,,,,,,BEYOND_TOP_N,False,,,,,,,,,,,,,
orb_v1.0,2024-09-24,65,XPRO,0001575828,2.016812929303781,14,SHORT,False,BEYOND_TOP_N,False,False,False,False,42910.0,21276.14285714286,1959528.857142857,0.7151857142857142,18.29,18.34,18.19,18.235,True,BEYOND_TOP_N,False,,,,,,,,,,,,,,BEYOND_TOP_N,False,,,,,,,,,,,,,,BEYOND_TOP_N,False,,,,,,,,,,,,,
orb_v1.0,2024-09-24,66,AA,BBG00B3T3HF1,1.9550770691588086,14,LONG,False,BELOW_MINIMUM_RELATIVE_VOLUME,False,True,False,False,538867.0,275624.4285714286,5827213.428571428,1.5142071428571426,36.5,36.96,36.48,36.87,True,BELOW_MINIMUM_RELATIVE_VOLUME,False,,,,,,,,,,,,,,BELOW_MINIMUM_RELATIVE_VOLUME,False,,,,,,,,,,,,,,BELOW_MINIMUM_RELATIVE_VOLUME,False,,,,,,,,,,,,,
orb_v1.0,2024-09-24,67,CELH,BBG001SQSKT3,1.9280845237428523,14,SHORT,False,BELOW_MINIMUM_RELATIVE_VOLUME,False,False,False,False,356571.0,184935.35714285713,6851147.071428572,1.9912428571428578,33.1,33.2315,32.2,32.365,True,BELOW_MINIMUM_RELATIVE_VOLUME,False,,,,,,,,,,,,,,BELOW_MINIMUM_RELATIVE_VOLUME,False,,,,,,,,,,,,,,BELOW_MINIMUM_RELATIVE_VOLUME,False,,,,,,,,,,,,,
orb_v1.0,2024-09-24,68,SU,BBG001S5YSF0,1.8972339985950994,14,LONG,False,BELOW_MINIMUM_RELATIVE_VOLUME,True,False,False,False,163982.0,86432.14285714286,4364865.714285715,0.9474642857142845,38.52,38.71,38.47,38.57,True,BELOW_MINIMUM_RELATIVE_VOLUME,False,,,,,,,,,,,,,,BELOW_MINIMUM_RELATIVE_VOLUME,False,,,,,,,,,,,,,,BELOW_MINIMUM_RELATIVE_VOLUME,False,,,,,,,,,,,,,
orb_v1.0,2024-09-24,69,GOLD,BBG001S5N9P3,1.8510474242587889,14,SHORT,False,BELOW_MINIMUM_RELATIVE_VOLUME,True,False,False,False,810392.0,437801.85714285716,17647819.85714286,0.5393642857142856,20.35,20.39,20.15,20.24,True,BELOW_MINIMUM_RELATIVE_VOLUME,False,,,,,,,,,,,,,,BELOW_MINIMUM_RELATIVE_VOLUME,False,,,,,,,,,,,,,,BELOW_MINIMUM_RELATIVE_VOLUME,False,,,,,,,,,,,,,
orb_v1.0,2024-09-24,70,INVH,BBG00FQH6CJ7,1.8412214978961654,14,LONG,False,BELOW_MINIMUM_RELATIVE_VOLUME,True,False,False,False,184818.0,100377.92857142857,4684694.285714285,0.7364285714285721,35.38,35.9599,35.08,35.665,True,BELOW_MINIMUM_RELATIVE_VOLUME,False,,,,,,,,,,,,,,BELOW_MINIMUM_RELATIVE_VOLUME,False,,,,,,,,,,,,,,BELOW_MINIMUM_RELATIVE_VOLUME,False,,,,,,,,,,,,,
orb_v1.0,2024-09-24,71,STM,BBG001S5WDM7,1.8266967953529007,14,LONG,False,BELOW_MINIMUM_RELATIVE_VOLUME,True,False,False,False,258514.0,141519.92857142858,5563747.357142857,0.9117857142857135,28.48,28.64,28.48,28.63,True,BELOW_MINIMUM_RELATIVE_VOLUME,False,,,,,,,,,,,,,,BELOW_MINIMUM_RELATIVE_VOLUME,False,,,,,,,,,,,,,,BELOW_MINIMUM_RELATIVE_VOLUME,False,,,,,,,,,,,,,
orb_v1.0,2024-09-24,72,CHK,BBG00Z6DX607,1.8038145820086728,14,SHORT,False,BELOW_MINIMUM_RELATIVE_VOLUME,False,False,False,False,58562.0,32465.64285714286,2354767.214285714,2.024642857142856,81.26,81.26,80.73,80.975,True,BELOW_MINIMUM_RELATIVE_VOLUME,False,,,,,,,,,,,,,,BELOW_MINIMUM_RELATIVE_VOLUME,False,,,,,,,,,,,,,,BELOW_MINIMUM_RELATIVE_VOLUME,False,,,,,,,,,,,,,
orb_v1.0,2024-09-24,73,NVT,0001720635,1.7897348101044688,14,SHORT,False,BELOW_MINIMUM_RELATIVE_VOLUME,False,False,False,False,51224.0,28621.0,1763652.0714285714,1.9513785714285707,70.5,70.88,69.8,70.14,True,BELOW_MINIMUM_RELATIVE_VOLUME,False,,,,,,,,,,,,,,BELOW_MINIMUM_RELATIVE_VOLUME,False,,,,,,,,,,,,,,BELOW_MINIMUM_RELATIVE_VOLUME,False,,,,,,,,,,,,,
orb_v1.0,2024-09-24,74,FERG,BBG01NMRD786,1.787053047663065,14,LONG,False,BELOW_MINIMUM_RELATIVE_VOLUME,True,False,False,False,118482.0,66300.21428571429,2517816.285714286,6.701071428571424,200.88,204.07,200.69,203.93,True,BELOW_MINIMUM_RELATIVE_VOLUME,False,,,,,,,,,,,,,,BELOW_MINIMUM_RELATIVE_VOLUME,False,,,,,,,,,,,,,,BELOW_MINIMUM_RELATIVE_VOLUME,False,,,,,,,,,,,,,
orb_v1.0,2024-09-24,75,CFLT,BBG007HWGYS3,1.783785500883899,14,LONG,False,BELOW_MINIMUM_RELATIVE_VOLUME,False,False,False,False,80219.0,44971.21428571428,3418084.714285714,0.7696428571428567,19.69,19.79,19.61,19.72,True,BELOW_MINIMUM_RELATIVE_VOLUME,False,,,,,,,,,,,,,,BELOW_MINIMUM_RELATIVE_VOLUME,False,,,,,,,,,,,,,,BELOW_MINIMUM_RELATIVE_VOLUME,False,,,,,,,,,,,,,
orb_v1.0,2024-09-24,76,CCJ,BBG001S5Y5S6,1.7701193185839719,14,SHORT,False,BELOW_MINIMUM_RELATIVE_VOLUME,True,False,False,False,339409.0,191743.57142857142,4446735.428571428,1.6755571428571427,47.32,47.48,46.8,47.31,True,BELOW_MINIMUM_RELATIVE_VOLUME,False,,,,,,,,,,,,,,BELOW_MINIMUM_RELATIVE_VOLUME,False,,,,,,,,,,,,,,BELOW_MINIMUM_RELATIVE_VOLUME,False,,,,,,,,,,,,,
orb_v1.0,2024-09-24,77,EMR,BBG001S5QVT7,1.7677618097024959,14,LONG,False,BELOW_MINIMUM_RELATIVE_VOLUME,True,False,False,False,161991.0,91636.21428571429,3196026.5714285714,2.1971714285714277,106.25,108.0,106.25,107.6475,False,BELOW_MINIMUM_RELATIVE_VOLUME,False,,,,,,,,,,,,,,BELOW_MINIMUM_RELATIVE_VOLUME,False,,,,,,,,,,,,,,BELOW_MINIMUM_RELATIVE_VOLUME,False,,,,,,,,,,,,,
orb_v1.0,2024-09-24,78,UBS,0001610520,1.7635154055299123,14,SHORT,False,BELOW_MINIMUM_RELATIVE_VOLUME,True,False,False,False,111562.0,63261.142857142855,1620052.7142857143,0.5382071428571429,30.73,30.8,30.7,30.725,True,BELOW_MINIMUM_RELATIVE_VOLUME,False,,,,,,,,,,,,,,BELOW_MINIMUM_RELATIVE_VOLUME,False,,,,,,,,,,,,,,BELOW_MINIMUM_RELATIVE_VOLUME,False,,,,,,,,,,,,,
orb_v1.0,2024-09-24,79,EBS,BBG001SP1G40,1.7581782187192947,14,SHORT,False,BELOW_MINIMUM_RELATIVE_VOLUME,False,False,False,False,77582.0,44126.357142857145,1654839.4285714286,0.5174928571428571,6.07,6.14,5.9751,6.0,False,BELOW_MINIMUM_RELATIVE_VOLUME,False,,,,,,,,,,,,,,BELOW_MINIMUM_RELATIVE_VOLUME,False,,,,,,,,,,,,,,BELOW_MINIMUM_RELATIVE_VOLUME,False,,,,,,,,,,,,,
orb_v1.0,2024-09-24,80,MOS,BBG001S7LJN1,1.7307119953534889,14,SHORT,False,BELOW_MINIMUM_RELATIVE_VOLUME,False,False,False,False,215823.0,124701.85714285714,4900813.428571428,0.8575000000000007,25.81,25.97,25.53,25.785,False,BELOW_MINIMUM_RELATIVE_VOLUME,False,,,,,,,,,,,,,,BELOW_MINIMUM_RELATIVE_VOLUME,False,,,,,,,,,,,,,,BELOW_MINIMUM_RELATIVE_VOLUME,False,,,,,,,,,,,,,
orb_v1.0,2024-09-24,81,OKTA,BBG001YV1SN3,1.724023972913978,14,LONG,False,BELOW_MINIMUM_RELATIVE_VOLUME,False,False,False,False,74525.0,43227.357142857145,2384755.0714285714,1.7738928571428576,76.02,76.535,75.61,76.035,False,BELOW_MINIMUM_RELATIVE_VOLUME,False,,,,,,,,,,,,,,BELOW_MINIMUM_RELATIVE_VOLUME,False,,,,,,,,,,,,,,BELOW_MINIMUM_RELATIVE_VOLUME,False,,,,,,,,,,,,,
orb_v1.0,2024-09-24,82,AIG,BBG001S5NJG1,1.7216234561012245,14,LONG,False,BELOW_MINIMUM_RELATIVE_VOLUME,True,False,False,False,134431.0,78083.85714285714,5042502.928571428,1.5524500000000003,73.84,74.035,73.735,73.89,True,BELOW_MINIMUM_RELATIVE_VOLUME,False,,,,,,,,,,,,,,BELOW_MINIMUM_RELATIVE_VOLUME,False,,,,,,,,,,,,,,BELOW_MINIMUM_RELATIVE_VOLUME,False,,,,,,,,,,,,,
orb_v1.0,2024-09-24,83,FLUT,0001635327,1.6970559392680749,14,SHORT,False,BELOW_MINIMUM_RELATIVE_VOLUME,True,False,False,False,74537.0,43921.357142857145,3295471.214285714,5.139999999999999,228.92,229.4,228.345,228.77,True,BELOW_MINIMUM_RELATIVE_VOLUME,False,,,,,,,,,,,,,,BELOW_MINIMUM_RELATIVE_VOLUME,False,,,,,,,,,,,,,,BELOW_MINIMUM_RELATIVE_VOLUME,False,,,,,,,,,,,,,
orb_v1.0,2024-09-24,84,CART,BBG00KG5VJG3,1.6836204786107065,14,SHORT,False,BELOW_MINIMUM_RELATIVE_VOLUME,False,False,False,False,147860.0,87822.64285714286,5237554.214285715,1.4492857142857132,39.77,39.8,39.15,39.545,True,BELOW_MINIMUM_RELATIVE_VOLUME,False,,,,,,,,,,,,,,BELOW_MINIMUM_RELATIVE_VOLUME,False,,,,,,,,,,,,,,BELOW_MINIMUM_RELATIVE_VOLUME,False,,,,,,,,,,,,,
orb_v1.0,2024-09-24,85,LUV,BBG001S5SXC9,1.6815652906769918,14,LONG,False,BELOW_MINIMUM_RELATIVE_VOLUME,True,False,False,False,314679.0,187134.57142857142,7216241.857142857,0.8664214285714286,29.8,30.245,29.79,30.23,True,BELOW_MINIMUM_RELATIVE_VOLUME,False,,,,,,,,,,,,,,BELOW_MINIMUM_RELATIVE_VOLUME,False,,,,,,,,,,,,,,BELOW_MINIMUM_RELATIVE_VOLUME,False,,,,,,,,,,,,,
orb_v1.0,2024-09-24,86,SEE,BBG001SBSZ95,1.6774029261065497,14,SHORT,False,BELOW_MINIMUM_RELATIVE_VOLUME,False,False,False,False,31054.0,18513.14285714286,1943667.5,0.8025714285714288,35.63,35.63,35.45,35.45,True,BELOW_MINIMUM_RELATIVE_VOLUME,False,,,,,,,,,,,,,,BELOW_MINIMUM_RELATIVE_VOLUME,False,,,,,,,,,,,,,,BELOW_MINIMUM_RELATIVE_VOLUME,False,,,,,,,,,,,,,
orb_v1.0,2024-09-24,87,CROX,BBG001SDGFR8,1.66507951136096,14,LONG,False,BELOW_MINIMUM_RELATIVE_VOLUME,False,False,False,False,34845.0,20926.928571428572,1030381.7142857143,5.068221428571432,145.0,145.96,144.46,145.655,True,BELOW_MINIMUM_RELATIVE_VOLUME,False,,,,,,,,,,,,,,BELOW_MINIMUM_RELATIVE_VOLUME,False,,,,,,,,,,,,,,BELOW_MINIMUM_RELATIVE_VOLUME,False,,,,,,,,,,,,,
orb_v1.0,2024-09-24,88,PRGO,0001585364,1.663975567653698,14,SHORT,False,BELOW_MINIMUM_RELATIVE_VOLUME,False,False,False,False,35804.0,21517.14285714286,1060790.0,0.6736571428571428,26.81,26.82,26.55,26.625,False,BELOW_MINIMUM_RELATIVE_VOLUME,False,,,,,,,,,,,,,,BELOW_MINIMUM_RELATIVE_VOLUME,False,,,,,,,,,,,,,,BELOW_MINIMUM_RELATIVE_VOLUME,False,,,,,,,,,,,,,
orb_v1.0,2024-09-24,89,DE,BBG001S5QFF7,1.6450270154048907,14,LONG,False,BELOW_MINIMUM_RELATIVE_VOLUME,True,False,False,False,75963.0,46177.357142857145,1412995.2857142857,8.710357142857138,411.74,415.2,408.39,413.71,True,BELOW_MINIMUM_RELATIVE_VOLUME,False,,,,,,,,,,,,,,BELOW_MINIMUM_RELATIVE_VOLUME,False,,,,,,,,,,,,,,BELOW_MINIMUM_RELATIVE_VOLUME,False,,,,,,,,,,,,,
orb_v1.0,2024-09-24,90,ASAN,BBG00WYHL741,1.6408168489085484,14,SHORT,False,BELOW_MINIMUM_RELATIVE_VOLUME,False,False,False,False,205130.0,125017.0,2764228.5714285714,0.6695142857142857,12.02,12.08,11.98,11.99,True,BELOW_MINIMUM_RELATIVE_VOLUME,False,,,,,,,,,,,,,,BELOW_MINIMUM_RELATIVE_VOLUME,False,,,,,,,,,,,,,,BELOW_MINIMUM_RELATIVE_VOLUME,False,,,,,,,,,,,,,
orb_v1.0,2024-09-24,91,NET,BBG001WMKHJ3,1.6347242573597975,14,SHORT,False,BELOW_MINIMUM_RELATIVE_VOLUME,True,False,False,False,70125.0,42897.142857142855,1993963.642857143,2.762671428571429,86.1,86.4547,85.19,85.32,True,BELOW_MINIMUM_RELATIVE_VOLUME,False,,,,,,,,,,,,,,BELOW_MINIMUM_RELATIVE_VOLUME,False,,,,,,,,,,,,,,BELOW_MINIMUM_RELATIVE_VOLUME,False,,,,,,,,,,,,,
orb_v1.0,2024-09-24,92,KSS,BBG001S71NV5,1.6110892394211738,14,LONG,False,BELOW_MINIMUM_RELATIVE_VOLUME,False,False,False,False,340828.0,211551.2857142857,7609712.285714285,0.8560714285714283,19.1,19.41,19.048,19.39,True,BELOW_MINIMUM_RELATIVE_VOLUME,False,,,,,,,,,,,,,,BELOW_MINIMUM_RELATIVE_VOLUME,False,,,,,,,,,,,,,,BELOW_MINIMUM_RELATIVE_VOLUME,False,,,,,,,,,,,,,
orb_v1.0,2024-09-24,93,FLR,BBG001S5Q738,1.6091784218831688,14,LONG,False,BELOW_MINIMUM_RELATIVE_VOLUME,False,False,False,False,23964.0,14892.07142857143,1523408.642857143,1.2533571428571422,46.98,47.34,46.93,47.045,False,BELOW_MINIMUM_RELATIVE_VOLUME,False,,,,,,,,,,,,,,BELOW_MINIMUM_RELATIVE_VOLUME,False,,,,,,,,,,,,,,BELOW_MINIMUM_RELATIVE_VOLUME,False,,,,,,,,,,,,,
orb_v1.0,2024-09-24,94,OVV,BBG00R2NHQ74,1.5739182172335373,14,SHORT,False,BELOW_MINIMUM_RELATIVE_VOLUME,False,False,False,False,105246.0,66868.78571428571,4104115.785714286,1.133928571428571,41.94,42.03,41.57,41.79,True,BELOW_MINIMUM_RELATIVE_VOLUME,False,,,,,,,,,,,,,,BELOW_MINIMUM_RELATIVE_VOLUME,False,,,,,,,,,,,,,,BELOW_MINIMUM_RELATIVE_VOLUME,False,,,,,,,,,,,,,
orb_v1.0,2024-09-24,95,PPC,BBG001S5PSN1,1.553324723412909,14,SHORT,False,BELOW_MINIMUM_RELATIVE_VOLUME,False,False,False,False,42010.0,27045.214285714286,1985902.2857142857,1.3970928571428567,43.01,43.24,42.6101,42.79,False,BELOW_MINIMUM_RELATIVE_VOLUME,False,,,,,,,,,,,,,,BELOW_MINIMUM_RELATIVE_VOLUME,False,,,,,,,,,,,,,,BELOW_MINIMUM_RELATIVE_VOLUME,False,,,,,,,,,,,,,
orb_v1.0,2024-09-24,96,SBUX,BBG001S72KH6,1.5521693860047743,14,SHORT,False,BELOW_MINIMUM_RELATIVE_VOLUME,True,False,False,False,595544.0,383684.9285714286,10508154.785714285,2.1696071428571417,95.47,95.47,94.185,94.56,False,BELOW_MINIMUM_RELATIVE_VOLUME,False,,,,,,,,,,,,,,BELOW_MINIMUM_RELATIVE_VOLUME,False,,,,,,,,,,,,,,BELOW_MINIMUM_RELATIVE_VOLUME,False,,,,,,,,,,,,,
orb_v1.0,2024-09-24,97,KO,BBG001S5SMQ8,1.5500577032987777,14,SHORT,False,BELOW_MINIMUM_RELATIVE_VOLUME,True,False,False,False,1057521.0,682246.2142857143,16132152.857142856,1.097135714285715,71.22,71.3,70.6,71.185,False,BELOW_MINIMUM_RELATIVE_VOLUME,False,,,,,,,,,,,,,,BELOW_MINIMUM_RELATIVE_VOLUME,False,,,,,,,,,,,,,,BELOW_MINIMUM_RELATIVE_VOLUME,False,,,,,,,,,,,,,
orb_v1.0,2024-09-24,98,LOW,BBG001S5SVL3,1.5457073999847788,14,LONG,False,BELOW_MINIMUM_RELATIVE_VOLUME,True,False,False,False,108804.0,70391.07142857143,2114995.714285714,4.80464285714286,265.33,268.09,265.0,267.37,False,BELOW_MINIMUM_RELATIVE_VOLUME,False,,,,,,,,,,,,,,BELOW_MINIMUM_RELATIVE_VOLUME,False,,,,,,,,,,,,,,BELOW_MINIMUM_RELATIVE_VOLUME,False,,,,,,,,,,,,,
orb_v1.0,2024-09-24,99,CC,BBG005H82GC1,1.5448505843547242,14,LONG,False,BELOW_MINIMUM_RELATIVE_VOLUME,False,False,False,False,42620.0,27588.428571428572,1469128.9285714286,0.7421428571428569,19.2,19.4,18.88,19.26,True,BELOW_MINIMUM_RELATIVE_VOLUME,False,,,,,,,,,,,,,,BELOW_MINIMUM_RELATIVE_VOLUME,False,,,,,,,,,,,,,,BELOW_MINIMUM_RELATIVE_VOLUME,False,,,,,,,,,,,,,
orb_v1.0,2024-09-24,100,MBLY,BBG019X46ZY3,1.535573618054093,14,LONG,False,BELOW_MINIMUM_RELATIVE_VOLUME,False,True,False,False,459321.0,299120.14285714284,8228571.428571428,0.965,12.69,13.02,12.675,13.0,True,BELOW_MINIMUM_RELATIVE_VOLUME,False,,,,,,,,,,,,,,BELOW_MINIMUM_RELATIVE_VOLUME,False,,,,,,,,,,,,,,BELOW_MINIMUM_RELATIVE_VOLUME,False,,,,,,,,,,,,,
orb_v1.0,2024-09-24,101,XYL,BBG001V05C73,1.5202737924253988,14,LONG,False,BELOW_MINIMUM_RELATIVE_VOLUME,True,False,False,False,49371.0,32475.071428571428,1210028.0714285714,2.664999999999997,133.95,134.28,132.78,134.27,True,BELOW_MINIMUM_RELATIVE_VOLUME,False,,,,,,,,,,,,,,BELOW_MINIMUM_RELATIVE_VOLUME,False,,,,,,,,,,,,,,BELOW_MINIMUM_RELATIVE_VOLUME,False,,,,,,,,,,,,,
orb_v1.0,2024-09-24,102,CPNG,BBG00XMJRPR7,1.5164539625225675,14,SHORT,False,BELOW_MINIMUM_RELATIVE_VOLUME,True,False,False,False,365382.0,240945.0,7407496.214285715,0.8809214285714285,25.0,25.04,24.66,24.7495,True,BELOW_MINIMUM_RELATIVE_VOLUME,False,,,,,,,,,,,,,,BELOW_MINIMUM_RELATIVE_VOLUME,False,,,,,,,,,,,,,,BELOW_MINIMUM_RELATIVE_VOLUME,False,,,,,,,,,,,,,
orb_v1.0,2024-09-24,103,FTV,BBG00BLVZ237,1.5096620528491822,14,SHORT,False,BELOW_MINIMUM_RELATIVE_VOLUME,True,False,False,False,100779.0,66756.0,3177993.4285714286,1.6417857142857142,77.43,77.64,76.91,77.095,True,BELOW_MINIMUM_RELATIVE_VOLUME,False,,,,,,,,,,,,,,BELOW_MINIMUM_RELATIVE_VOLUME,False,,,,,,,,,,,,,,BELOW_MINIMUM_RELATIVE_VOLUME,False,,,,,,,,,,,,,
orb_v1.0,2024-09-24,104,NKE,BBG001S6NTK2,1.4860013707759043,14,LONG,False,BELOW_MINIMUM_RELATIVE_VOLUME,True,False,False,False,1017931.0,685013.5,12681952.642857144,2.0502714285714285,87.44,88.09,87.34,88.01,True,BELOW_MINIMUM_RELATIVE_VOLUME,False,,,,,,,,,,,,,,BELOW_MINIMUM_RELATIVE_VOLUME,False,,,,,,,,,,,,,,BELOW_MINIMUM_RELATIVE_VOLUME,False,,,,,,,,,,,,,
orb_v1.0,2024-09-24,105,EMN,BBG001S7JNP3,1.4819713783955462,14,LONG,False,BELOW_MINIMUM_RELATIVE_VOLUME,False,False,False,False,36829.0,24851.35714285714,1010814.8571428572,2.260000000000002,108.78,109.52,108.755,109.14,True,BELOW_MINIMUM_RELATIVE_VOLUME,False,,,,,,,,,,,,,,BELOW_MINIMUM_RELATIVE_VOLUME,False,,,,,,,,,,,,,,BELOW_MINIMUM_RELATIVE_VOLUME,False,,,,,,,,,,,,,
orb_v1.0,2024-09-24,106,SERV,BBG0123N71Z2,1.4575803637844078,14,LONG,False,BELOW_MINIMUM_RELATIVE_VOLUME,True,False,False,False,218904.0,150183.14285714287,4663149.785714285,1.0363399999999998,7.94,8.22,7.9127,8.155,True,BELOW_MINIMUM_RELATIVE_VOLUME,False,,,,,,,,,,,,,,BELOW_MINIMUM_RELATIVE_VOLUME,False,,,,,,,,,,,,,,BELOW_MINIMUM_RELATIVE_VOLUME,False,,,,,,,,,,,,,
orb_v1.0,2024-09-24,107,RBLX,BBG001V1Y6Z1,1.447412759846788,14,LONG,False,BELOW_MINIMUM_RELATIVE_VOLUME,True,False,False,False,180710.0,124850.35714285714,5993993.5,1.398571428571427,45.31,45.6,45.17,45.36,True,BELOW_MINIMUM_RELATIVE_VOLUME,False,,,,,,,,,,,,,,BELOW_MINIMUM_RELATIVE_VOLUME,False,,,,,,,,,,,,,,BELOW_MINIMUM_RELATIVE_VOLUME,False,,,,,,,,,,,,,
orb_v1.0,2024-09-24,108,DJT,BBG011744HJ8,1.4289193116030718,14,SHORT,False,BELOW_MINIMUM_RELATIVE_VOLUME,False,True,False,False,951089.0,665600.2142857143,12680728.57142857,1.7282142857142855,12.23,12.28,11.9102,11.915,True,BELOW_MINIMUM_RELATIVE_VOLUME,False,,,,,,,,,,,,,,BELOW_MINIMUM_RELATIVE_VOLUME,False,,,,,,,,,,,,,,BELOW_MINIMUM_RELATIVE_VOLUME,False,,,,,,,,,,,,,
orb_v1.0,2024-09-24,109,CP,BBG001S7F4Z8,1.415660407588521,14,SHORT,False,BELOW_MINIMUM_RELATIVE_VOLUME,True,False,False,False,44810.0,31653.071428571428,1955760.2142857143,1.7103571428571454,86.18,86.33,85.9,85.9,True,BELOW_MINIMUM_RELATIVE_VOLUME,False,,,,,,,,,,,,,,BELOW_MINIMUM_RELATIVE_VOLUME,False,,,,,,,,,,,,,,BELOW_MINIMUM_RELATIVE_VOLUME,False,,,,,,,,,,,,,
orb_v1.0,2024-09-24,110,TDW,BBG00HBQ36G8,1.4131981674627156,14,SHORT,False,BELOW_MINIMUM_RELATIVE_VOLUME,False,False,False,False,28996.0,20518.0,1098458.7142857143,3.084857142857141,79.03,79.43,78.53,78.905,True,BELOW_MINIMUM_RELATIVE_VOLUME,False,,,,,,,,,,,,,,BELOW_MINIMUM_RELATIVE_VOLUME,False,,,,,,,,,,,,,,BELOW_MINIMUM_RELATIVE_VOLUME,False,,,,,,,,,,,,,
orb_v1.0,2024-09-24,111,CCL,BBG001S5PL01,1.399208996214381,14,SHORT,False,BELOW_MINIMUM_RELATIVE_VOLUME,True,False,False,False,1486763.0,1062573.9285714286,25268656.285714287,0.5937857142857139,19.0,19.01,18.72,18.735,True,BELOW_MINIMUM_RELATIVE_VOLUME,False,,,,,,,,,,,,,,BELOW_MINIMUM_RELATIVE_VOLUME,False,,,,,,,,,,,,,,BELOW_MINIMUM_RELATIVE_VOLUME,False,,,,,,,,,,,,,
orb_v1.0,2024-09-24,112,BN,BBG001SF86D7,1.3875964561303231,14,LONG,False,BELOW_MINIMUM_RELATIVE_VOLUME,True,False,False,False,57222.0,41238.21428571428,2611726.5714285714,1.2189285714285707,52.9,53.18,52.77,53.145,True,BELOW_MINIMUM_RELATIVE_VOLUME,False,,,,,,,,,,,,,,BELOW_MINIMUM_RELATIVE_VOLUME,False,,,,,,,,,,,,,,BELOW_MINIMUM_RELATIVE_VOLUME,False,,,,,,,,,,,,,
orb_v1.0,2024-09-24,113,PCRX,BBG001S77N12,1.379116055662925,14,DOJI,False,BELOW_MINIMUM_RELATIVE_VOLUME,False,False,False,False,29512.0,21399.214285714286,1309387.357142857,0.765607142857143,14.45,14.5,14.34,14.45,False,BELOW_MINIMUM_RELATIVE_VOLUME,False,,,,,,,,,,,,,,BELOW_MINIMUM_RELATIVE_VOLUME,False,,,,,,,,,,,,,,BELOW_MINIMUM_RELATIVE_VOLUME,False,,,,,,,,,,,,,
orb_v1.0,2024-09-24,114,RVMD,BBG00829F4Q7,1.3712433173071041,14,LONG,False,BELOW_MINIMUM_RELATIVE_VOLUME,False,False,False,False,40031.0,29193.214285714286,1027007.7142857143,1.6819714285714287,43.67,43.79,43.075,43.69,True,BELOW_MINIMUM_RELATIVE_VOLUME,False,,,,,,,,,,,,,,BELOW_MINIMUM_RELATIVE_VOLUME,False,,,,,,,,,,,,,,BELOW_MINIMUM_RELATIVE_VOLUME,False,,,,,,,,,,,,,
orb_v1.0,2024-09-24,115,RSLS,BBG0036S6JZ9,1.3695074781545014,14,SHORT,False,BELOW_MINIMUM_RELATIVE_VOLUME,True,False,False,False,34547.0,25225.85714285714,1412702.9285714286,0.8724364285714286,7.41,7.45,6.8,6.875,True,BELOW_MINIMUM_RELATIVE_VOLUME,False,,,,,,,,,,,,,,BELOW_MINIMUM_RELATIVE_VOLUME,False,,,,,,,,,,,,,,BELOW_MINIMUM_RELATIVE_VOLUME,False,,,,,,,,,,,,,
orb_v1.0,2024-09-24,116,STZ,BBG001SD31G5,1.3672349329400062,14,SHORT,False,BELOW_MINIMUM_RELATIVE_VOLUME,True,False,False,False,39859.0,29153.0,1245348.7857142857,4.428692857142853,255.04,255.04,252.56,254.47,True,BELOW_MINIMUM_RELATIVE_VOLUME,False,,,,,,,,,,,,,,BELOW_MINIMUM_RELATIVE_VOLUME,False,,,,,,,,,,,,,,BELOW_MINIMUM_RELATIVE_VOLUME,False,,,,,,,,,,,,,
orb_v1.0,2024-09-24,117,AAP,BBG001SD2SB2,1.3654762762513388,14,SHORT,False,BELOW_MINIMUM_RELATIVE_VOLUME,False,False,False,False,79867.0,58490.21428571428,3062228.0714285714,1.6045499999999997,40.6,40.72,40.38,40.479,True,BELOW_MINIMUM_RELATIVE_VOLUME,False,,,,,,,,,,,,,,BELOW_MINIMUM_RELATIVE_VOLUME,False,,,,,,,,,,,,,,BELOW_MINIMUM_RELATIVE_VOLUME,False,,,,,,,,,,,,,
orb_v1.0,2024-09-24,118,LNC,BBG001S5STV7,1.3639738292424035,14,LONG,False,BELOW_MINIMUM_RELATIVE_VOLUME,False,False,False,False,32492.0,23821.571428571428,1746954.7142857143,0.9223857142857143,32.16,32.37,32.115,32.37,True,BELOW_MINIMUM_RELATIVE_VOLUME,False,,,,,,,,,,,,,,BELOW_MINIMUM_RELATIVE_VOLUME,False,,,,,,,,,,,,,,BELOW_MINIMUM_RELATIVE_VOLUME,False,,,,,,,,,,,,,
orb_v1.0,2024-09-24,119,WPM,BBG001S6DSP0,1.3611367858234589,14,SHORT,False,BELOW_MINIMUM_RELATIVE_VOLUME,True,False,False,False,53751.0,39489.78571428572,1350517.0714285714,1.5660642857142857,62.56,62.815,62.345,62.54,False,BELOW_MINIMUM_RELATIVE_VOLUME,False,,,,,,,,,,,,,,BELOW_MINIMUM_RELATIVE_VOLUME,False,,,,,,,,,,,,,,BELOW_MINIMUM_RELATIVE_VOLUME,False,,,,,,,,,,,,,
orb_v1.0,2024-09-24,120,TSLA,BBG001SQKGD7,1.3568592921457967,14,LONG,False,BELOW_MINIMUM_RELATIVE_VOLUME,True,False,False,False,5627090.0,4147143.3571428573,83014135.85714285,11.119742857142858,254.08,254.99,251.25,254.68,True,BELOW_MINIMUM_RELATIVE_VOLUME,False,,,,,,,,,,,,,,BELOW_MINIMUM_RELATIVE_VOLUME,False,,,,,,,,,,,,,,BELOW_MINIMUM_RELATIVE_VOLUME,False,,,,,,,,,,,,,
orb_v1.0,2024-09-24,121,FTI,0001681459,1.3532339868461278,14,LONG,False,BELOW_MINIMUM_RELATIVE_VOLUME,False,False,False,False,86314.0,63783.5,5299278.428571428,0.7824285714285715,27.78,27.83,27.61,27.79,True,BELOW_MINIMUM_RELATIVE_VOLUME,False,,,,,,,,,,,,,,BELOW_MINIMUM_RELATIVE_VOLUME,False,,,,,,,,,,,,,,BELOW_MINIMUM_RELATIVE_VOLUME,False,,,,,,,,,,,,,
orb_v1.0,2024-09-24,122,HAL,BBG001S5RS59,1.342039576496021,14,SHORT,False,BELOW_MINIMUM_RELATIVE_VOLUME,True,False,False,False,366451.0,273055.28571428574,9567999.857142856,0.7799214285714289,30.57,30.71,30.35,30.365,True,BELOW_MINIMUM_RELATIVE_VOLUME,False,,,,,,,,,,,,,,BELOW_MINIMUM_RELATIVE_VOLUME,False,,,,,,,,,,,,,,BELOW_MINIMUM_RELATIVE_VOLUME,False,,,,,,,,,,,,,
orb_v1.0,2024-09-24,123,VKTX,BBG006LGV887,1.3338663395828316,14,SHORT,False,BELOW_MINIMUM_RELATIVE_VOLUME,False,False,False,False,195436.0,146518.42857142858,3420702.1428571427,4.128342857142856,64.64,64.83,63.19,63.6073,True,BELOW_MINIMUM_RELATIVE_VOLUME,False,,,,,,,,,,,,,,BELOW_MINIMUM_RELATIVE_VOLUME,False,,,,,,,,,,,,,,BELOW_MINIMUM_RELATIVE_VOLUME,False,,,,,,,,,,,,,
orb_v1.0,2024-09-24,124,RDDT,BBG015RGX648,1.3338429452396505,14,SHORT,False,BELOW_MINIMUM_RELATIVE_VOLUME,False,False,False,False,148193.0,111102.28571428571,4010481.0714285714,3.0409499999999987,65.28,65.56,64.6,64.815,True,BELOW_MINIMUM_RELATIVE_VOLUME,False,,,,,,,,,,,,,,BELOW_MINIMUM_RELATIVE_VOLUME,False,,,,,,,,,,,,,,BELOW_MINIMUM_RELATIVE_VOLUME,False,,,,,,,,,,,,,
orb_v1.0,2024-09-24,125,AME,BBG001S5NN54,1.3330569501661564,14,SHORT,False,BELOW_MINIMUM_RELATIVE_VOLUME,True,False,False,False,29169.0,21881.285714285714,1021088.4285714285,2.80517857142857,171.69,171.69,169.82,170.68,False,BELOW_MINIMUM_RELATIVE_VOLUME,False,,,,,,,,,,,,,,BELOW_MINIMUM_RELATIVE_VOLUME,False,,,,,,,,,,,,,,BELOW_MINIMUM_RELATIVE_VOLUME,False,,,,,,,,,,,,,
orb_v1.0,2024-09-24,126,PLTR,BBG001T53796,1.328344918613853,14,SHORT,False,BELOW_MINIMUM_RELATIVE_VOLUME,True,False,False,False,5394003.0,4060694.5714285714,93446107.92857143,1.5027142857142852,37.97,37.98,37.17,37.37,True,BELOW_MINIMUM_RELATIVE_VOLUME,False,,,,,,,,,,,,,,BELOW_MINIMUM_RELATIVE_VOLUME,False,,,,,,,,,,,,,,BELOW_MINIMUM_RELATIVE_VOLUME,False,,,,,,,,,,,,,
orb_v1.0,2024-09-24,127,FWONK,BBG01HLMBDC5,1.3207790792242744,14,DOJI,False,BELOW_MINIMUM_RELATIVE_VOLUME,True,False,False,False,11252.0,8519.214285714286,1092553.7142857143,1.680728571428573,77.06,77.06,77.06,77.06,False,BELOW_MINIMUM_RELATIVE_VOLUME,False,,,,,,,,,,,,,,BELOW_MINIMUM_RELATIVE_VOLUME,False,,,,,,,,,,,,,,BELOW_MINIMUM_RELATIVE_VOLUME,False,,,,,,,,,,,,,
orb_v1.0,2024-09-24,128,APD,BBG001S5NSB6,1.3202896540912736,14,LONG,False,BELOW_MINIMUM_RELATIVE_VOLUME,True,False,False,False,46923.0,35539.92857142857,1299998.7142857143,5.339992857142862,293.49,297.0,293.49,296.355,True,BELOW_MINIMUM_RELATIVE_VOLUME,False,,,,,,,,,,,,,,BELOW_MINIMUM_RELATIVE_VOLUME,False,,,,,,,,,,,,,,BELOW_MINIMUM_RELATIVE_VOLUME,False,,,,,,,,,,,,,
orb_v1.0,2024-09-24,129,UBER,BBG002B04MW4,1.319724998664391,14,LONG,False,BELOW_MINIMUM_RELATIVE_VOLUME,True,False,False,False,857536.0,649783.8571428572,14330874.357142856,2.4230642857142835,76.0,76.57,75.97,76.145,True,BELOW_MINIMUM_RELATIVE_VOLUME,False,,,,,,,,,,,,,,BELOW_MINIMUM_RELATIVE_VOLUME,False,,,,,,,,,,,,,,BELOW_MINIMUM_RELATIVE_VOLUME,False,,,,,,,,,,,,,
orb_v1.0,2024-09-24,130,ST,0001477294,1.3176715928798663,14,LONG,False,BELOW_MINIMUM_RELATIVE_VOLUME,False,False,False,False,17692.0,13426.714285714286,1295399.7142857143,0.9164285714285708,35.8,35.955,35.715,35.92,True,BELOW_MINIMUM_RELATIVE_VOLUME,False,,,,,,,,,,,,,,BELOW_MINIMUM_RELATIVE_VOLUME,False,,,,,,,,,,,,,,BELOW_MINIMUM_RELATIVE_VOLUME,False,,,,,,,,,,,,,
orb_v1.0,2024-09-24,131,CRBP,BBG0078PJKP8,1.3151374221343242,14,SHORT,False,BELOW_MINIMUM_RELATIVE_VOLUME,True,False,False,False,72958.0,55475.57142857143,1291458.2142857143,6.370757142857143,19.08,19.08,18.0601,18.4,True,BELOW_MINIMUM_RELATIVE_VOLUME,False,,,,,,,,,,,,,,BELOW_MINIMUM_RELATIVE_VOLUME,False,,,,,,,,,,,,,,BELOW_MINIMUM_RELATIVE_VOLUME,False,,,,,,,,,,,,,
orb_v1.0,2024-09-24,132,TREX,BBG001SB6TV8,1.3090756338267824,14,LONG,False,BELOW_MINIMUM_RELATIVE_VOLUME,False,False,False,False,17585.0,13433.142857142857,1069150.2857142857,2.0039285714285713,69.67,70.23,69.41,69.89,True,BELOW_MINIMUM_RELATIVE_VOLUME,False,,,,,,,,,,,,,,BELOW_MINIMUM_RELATIVE_VOLUME,False,,,,,,,,,,,,,,BELOW_MINIMUM_RELATIVE_VOLUME,False,,,,,,,,,,,,,
orb_v1.0,2024-09-24,133,NRG,BBG001SDD8F0,1.308543826399243,14,SHORT,False,BELOW_MINIMUM_RELATIVE_VOLUME,True,False,False,False,95724.0,73153.07142857143,2620163.1428571427,2.615714285714283,88.56,88.59,87.58,88.195,True,BELOW_MINIMUM_RELATIVE_VOLUME,False,,,,,,,,,,,,,,BELOW_MINIMUM_RELATIVE_VOLUME,False,,,,,,,,,,,,,,BELOW_MINIMUM_RELATIVE_VOLUME,False,,,,,,,,,,,,,
orb_v1.0,2024-09-24,134,CRH,0000849395,1.2968981952613394,14,LONG,False,BELOW_MINIMUM_RELATIVE_VOLUME,True,False,False,False,161122.0,124236.42857142857,4287670.857142857,2.136428571428571,91.18,91.675,91.18,91.315,True,BELOW_MINIMUM_RELATIVE_VOLUME,False,,,,,,,,,,,,,,BELOW_MINIMUM_RELATIVE_VOLUME,False,,,,,,,,,,,,,,BELOW_MINIMUM_RELATIVE_VOLUME,False,,,,,,,,,,,,,
orb_v1.0,2024-09-24,135,ON,BBG001SF7RS6,1.295597146448585,14,LONG,False,BELOW_MINIMUM_RELATIVE_VOLUME,True,False,False,False,227417.0,175530.64285714287,5985467.0,2.9913928571428556,70.9,71.8,70.64,71.745,True,BELOW_MINIMUM_RELATIVE_VOLUME,False,,,,,,,,,,,,,,BELOW_MINIMUM_RELATIVE_VOLUME,False,,,,,,,,,,,,,,BELOW_MINIMUM_RELATIVE_VOLUME,False,,,,,,,,,,,,,
orb_v1.0,2024-09-24,136,LW,BBG003CVMLR1,1.2941510381416064,14,LONG,False,BELOW_MINIMUM_RELATIVE_VOLUME,False,False,False,False,42340.0,32716.428571428572,2177944.785714286,1.4885714285714289,65.98,66.45,65.59,66.175,False,BELOW_MINIMUM_RELATIVE_VOLUME,False,,,,,,,,,,,,,,BELOW_MINIMUM_RELATIVE_VOLUME,False,,,,,,,,,,,,,,BELOW_MINIMUM_RELATIVE_VOLUME,False,,,,,,,,,,,,,
orb_v1.0,2024-09-24,137,RIVN,BBG00741Y1P0,1.2904746585369014,14,SHORT,False,BELOW_MINIMUM_RELATIVE_VOLUME,False,True,False,False,1195377.0,926308.0,27829159.35714286,0.7632071428571429,12.05,12.06,11.83,11.87,True,BELOW_MINIMUM_RELATIVE_VOLUME,False,,,,,,,,,,,,,,BELOW_MINIMUM_RELATIVE_VOLUME,False,,,,,,,,,,,,,,BELOW_MINIMUM_RELATIVE_VOLUME,False,,,,,,,,,,,,,
orb_v1.0,2024-09-24,138,CSIQ,BBG001SPNJT3,1.2783131452969687,14,LONG,False,BELOW_MINIMUM_RELATIVE_VOLUME,False,False,False,False,67406.0,52730.42857142857,1408384.0714285714,0.7770642857142859,14.81,14.94,14.635,14.9252,True,BELOW_MINIMUM_RELATIVE_VOLUME,False,,,,,,,,,,,,,,BELOW_MINIMUM_RELATIVE_VOLUME,False,,,,,,,,,,,,,,BELOW_MINIMUM_RELATIVE_VOLUME,False,,,,,,,,,,,,,
orb_v1.0,2024-09-24,139,PINS,BBG002583CW7,1.27310702741301,14,SHORT,False,BELOW_MINIMUM_RELATIVE_VOLUME,True,False,False,False,213947.0,168051.07142857142,7933317.357142857,0.863207142857143,31.27,31.32,30.9325,30.9325,True,BELOW_MINIMUM_RELATIVE_VOLUME,False,,,,,,,,,,,,,,BELOW_MINIMUM_RELATIVE_VOLUME,False,,,,,,,,,,,,,,BELOW_MINIMUM_RELATIVE_VOLUME,False,,,,,,,,,,,,,
orb_v1.0,2024-09-24,140,NTAP,BBG001S8LYX5,1.262836259763167,14,SHORT,False,BELOW_MINIMUM_RELATIVE_VOLUME,True,False,False,False,46230.0,36608.07142857143,1700170.0,2.445357142857141,123.6,123.74,123.24,123.325,True,BELOW_MINIMUM_RELATIVE_VOLUME,False,,,,,,,,,,,,,,BELOW_MINIMUM_RELATIVE_VOLUME,False,,,,,,,,,,,,,,BELOW_MINIMUM_RELATIVE_VOLUME,False,,,,,,,,,,,,,
orb_v1.0,2024-09-24,141,CHRW,BBG001SB6KF5,1.259416219896179,14,LONG,False,BELOW_MINIMUM_RELATIVE_VOLUME,False,False,False,False,31713.0,25180.714285714286,1620315.5714285714,2.3532142857142864,106.26,106.61,105.73,106.56,True,BELOW_MINIMUM_RELATIVE_VOLUME,False,,,,,,,,,,,,,,BELOW_MINIMUM_RELATIVE_VOLUME,False,,,,,,,,,,,,,,BELOW_MINIMUM_RELATIVE_VOLUME,False,,,,,,,,,,,,,
orb_v1.0,2024-09-24,142,MCHP,BBG001S787B5,1.2528898348401731,14,LONG,False,BELOW_MINIMUM_RELATIVE_VOLUME,True,False,False,False,208174.0,166155.07142857142,6600637.642857143,2.452142857142857,78.09,78.84,78.09,78.84,True,BELOW_MINIMUM_RELATIVE_VOLUME,False,,,,,,,,,,,,,,BELOW_MINIMUM_RELATIVE_VOLUME,False,,,,,,,,,,,,,,BELOW_MINIMUM_RELATIVE_VOLUME,False,,,,,,,,,,,,,
orb_v1.0,2024-09-24,143,BG,0001996862,1.251384473319702,14,LONG,False,BELOW_MINIMUM_RELATIVE_VOLUME,False,False,False,False,33879.0,27073.214285714286,1400033.0714285714,2.152142857142856,97.55,97.82,97.19,97.8,True,BELOW_MINIMUM_RELATIVE_VOLUME,False,,,,,,,,,,,,,,BELOW_MINIMUM_RELATIVE_VOLUME,False,,,,,,,,,,,,,,BELOW_MINIMUM_RELATIVE_VOLUME,False,,,,,,,,,,,,,
orb_v1.0,2024-09-24,144,PFE,BBG001S5V466,1.2499255269361629,14,LONG,False,BELOW_MINIMUM_RELATIVE_VOLUME,True,False,False,False,1322607.0,1058148.642857143,29914685.35714286,0.5878499999999995,29.245,29.33,29.15,29.265,True,BELOW_MINIMUM_RELATIVE_VOLUME,False,,,,,,,,,,,,,,BELOW_MINIMUM_RELATIVE_VOLUME,False,,,,,,,,,,,,,,BELOW_MINIMUM_RELATIVE_VOLUME,False,,,,,,,,,,,,,
orb_v1.0,2024-09-24,145,VEEV,BBG001TX0CB4,1.2487296936429049,14,LONG,False,BELOW_MINIMUM_RELATIVE_VOLUME,True,False,False,False,38478.0,30813.714285714286,1045944.3571428572,5.075164285714288,210.88,211.7,210.0,211.09,False,BELOW_MINIMUM_RELATIVE_VOLUME,False,,,,,,,,,,,,,,BELOW_MINIMUM_RELATIVE_VOLUME,False,,,,,,,,,,,,,,BELOW_MINIMUM_RELATIVE_VOLUME,False,,,,,,,,,,,,,
orb_v1.0,2024-09-24,146,QSR,BBG0076WG2T4,1.2455001475361462,14,LONG,False,BELOW_MINIMUM_RELATIVE_VOLUME,True,False,False,False,35577.0,28564.428571428572,1778271.7857142857,1.46270714285714,70.8,71.07,70.42,70.99,False,BELOW_MINIMUM_RELATIVE_VOLUME,False,,,,,,,,,,,,,,BELOW_MINIMUM_RELATIVE_VOLUME,False,,,,,,,,,,,,,,BELOW_MINIMUM_RELATIVE_VOLUME,False,,,,,,,,,,,,,
orb_v1.0,2024-09-24,147,CVNA,BBG00GCTWF71,1.2454435948465488,14,SHORT,False,BELOW_MINIMUM_RELATIVE_VOLUME,True,False,False,False,142683.0,114564.0,3730416.0714285714,8.207942857142859,172.89,173.87,172.2607,172.3,True,BELOW_MINIMUM_RELATIVE_VOLUME,False,,,,,,,,,,,,,,BELOW_MINIMUM_RELATIVE_VOLUME,False,,,,,,,,,,,,,,BELOW_MINIMUM_RELATIVE_VOLUME,False,,,,,,,,,,,,,
orb_v1.0,2024-09-24,148,GME,BBG001S5RLR0,1.2401105303601125,14,SHORT,False,BELOW_MINIMUM_RELATIVE_VOLUME,False,True,False,False,498216.0,401751.28571428574,15948382.142857144,1.4936999999999998,22.61,22.66,22.06,22.2999,True,BELOW_MINIMUM_RELATIVE_VOLUME,False,,,,,,,,,,,,,,BELOW_MINIMUM_RELATIVE_VOLUME,False,,,,,,,,,,,,,,BELOW_MINIMUM_RELATIVE_VOLUME,False,,,,,,,,,,,,,
orb_v1.0,2024-09-24,149,OLLI,BBG0098VVDS0,1.2387291981845687,14,LONG,False,BELOW_MINIMUM_RELATIVE_VOLUME,False,False,False,False,20470.0,16525.0,1071690.357142857,2.90782142857143,101.27,102.1821,101.27,101.8,True,BELOW_MINIMUM_RELATIVE_VOLUME,False,,,,,,,,,,,,,,BELOW_MINIMUM_RELATIVE_VOLUME,False,,,,,,,,,,,,,,BELOW_MINIMUM_RELATIVE_VOLUME,False,,,,,,,,,,,,,
orb_v1.0,2024-09-24,150,TNDM,BBG001TG5QC4,1.2360487858477092,14,LONG,False,BELOW_MINIMUM_RELATIVE_VOLUME,False,False,False,False,40176.0,32503.571428571428,1071264.7857142857,2.343035714285715,45.04,46.36,44.76,45.16,False,BELOW_MINIMUM_RELATIVE_VOLUME,False,,,,,,,,,,,,,,BELOW_MINIMUM_RELATIVE_VOLUME,False,,,,,,,,,,,,,,BELOW_MINIMUM_RELATIVE_VOLUME,False,,,,,,,,,,,,,
orb_v1.0,2024-09-24,151,MPLX,BBG0035TJHL3,1.2357716081123733,14,SHORT,False,BELOW_MINIMUM_RELATIVE_VOLUME,True,False,False,False,24891.0,20142.071428571428,1251059.357142857,0.5515785714285723,45.0,45.0,44.85,44.9199,True,BELOW_MINIMUM_RELATIVE_VOLUME,False,,,,,,,,,,,,,,BELOW_MINIMUM_RELATIVE_VOLUME,False,,,,,,,,,,,,,,BELOW_MINIMUM_RELATIVE_VOLUME,False,,,,,,,,,,,,,
orb_v1.0,2024-09-24,152,TER,BBG001S5WMZ3,1.2287597953758116,14,SHORT,False,BELOW_MINIMUM_RELATIVE_VOLUME,True,False,False,False,35292.0,28721.64285714286,1819207.7857142857,4.950400000000002,131.56,131.56,130.41,130.76,True,BELOW_MINIMUM_RELATIVE_VOLUME,False,,,,,,,,,,,,,,BELOW_MINIMUM_RELATIVE_VOLUME,False,,,,,,,,,,,,,,BELOW_MINIMUM_RELATIVE_VOLUME,False,,,,,,,,,,,,,
orb_v1.0,2024-09-24,153,QRVO,BBG007TJF1P5,1.2239943948786667,14,LONG,False,BELOW_MINIMUM_RELATIVE_VOLUME,False,False,False,False,32818.0,26812.214285714286,1439477.7857142857,3.629457142857144,103.71,104.57,103.38,104.57,True,BELOW_MINIMUM_RELATIVE_VOLUME,False,,,,,,,,,,,,,,BELOW_MINIMUM_RELATIVE_VOLUME,False,,,,,,,,,,,,,,BELOW_MINIMUM_RELATIVE_VOLUME,False,,,,,,,,,,,,,
orb_v1.0,2024-09-24,154,ARQT,BBG00QN8K4P1,1.2201489819839255,14,SHORT,False,BELOW_MINIMUM_RELATIVE_VOLUME,False,False,False,False,63425.0,51981.357142857145,1967012.142857143,0.7292500000000003,9.61,9.61,9.4,9.42,False,BELOW_MINIMUM_RELATIVE_VOLUME,False,,,,,,,,,,,,,,BELOW_MINIMUM_RELATIVE_VOLUME,False,,,,,,,,,,,,,,BELOW_MINIMUM_RELATIVE_VOLUME,False,,,,,,,,,,,,,
orb_v1.0,2024-09-24,155,ULTA,BBG00FWQ4W44,1.2147412539883324,14,LONG,False,BELOW_MINIMUM_RELATIVE_VOLUME,True,False,False,False,45958.0,37833.57142857143,1190747.2142857143,11.5257,398.5,400.9,396.365,400.9,True,BELOW_MINIMUM_RELATIVE_VOLUME,False,,,,,,,,,,,,,,BELOW_MINIMUM_RELATIVE_VOLUME,False,,,,,,,,,,,,,,BELOW_MINIMUM_RELATIVE_VOLUME,False,,,,,,,,,,,,,
orb_v1.0,2024-09-24,156,SAVA,BBG001SCKXX9,1.2104084836736893,14,LONG,False,BELOW_MINIMUM_RELATIVE_VOLUME,False,True,False,False,45762.0,37807.07142857143,1606058.0,2.286164285714286,27.26,27.7999,27.18,27.73,True,BELOW_MINIMUM_RELATIVE_VOLUME,False,,,,,,,,,,,,,,BELOW_MINIMUM_RELATIVE_VOLUME,False,,,,,,,,,,,,,,BELOW_MINIMUM_RELATIVE_VOLUME,False,,,,,,,,,,,,,
orb_v1.0,2024-09-24,157,ENTG,BBG001SF9YL6,1.200737129458361,14,LONG,False,BELOW_MINIMUM_RELATIVE_VOLUME,True,False,False,False,24946.0,20775.571428571428,2012661.7142857143,4.081178571428572,112.17,112.87,112.0,112.58,True,BELOW_MINIMUM_RELATIVE_VOLUME,False,,,,,,,,,,,,,,BELOW_MINIMUM_RELATIVE_VOLUME,False,,,,,,,,,,,,,,BELOW_MINIMUM_RELATIVE_VOLUME,False,,,,,,,,,,,,,
orb_v1.0,2024-09-24,158,APTV,0001521332,1.199042771404695,14,LONG,False,BELOW_MINIMUM_RELATIVE_VOLUME,True,False,False,False,78915.0,65815.0,3623917.6428571427,2.2346428571428563,72.45,73.43,71.99,72.595,False,BELOW_MINIMUM_RELATIVE_VOLUME,False,,,,,,,,,,,,,,BELOW_MINIMUM_RELATIVE_VOLUME,False,,,,,,,,,,,,,,BELOW_MINIMUM_RELATIVE_VOLUME,False,,,,,,,,,,,,,
orb_v1.0,2024-09-24,159,INTC,BBG001S5SF65,1.1969115530088117,14,LONG,False,BELOW_MINIMUM_RELATIVE_VOLUME,True,False,False,False,5376420.0,4491910.857142857,110001130.71428572,1.0417785714285712,22.53,22.7,22.285,22.66,True,BELOW_MINIMUM_RELATIVE_VOLUME,False,,,,,,,,,,,,,,BELOW_MINIMUM_RELATIVE_VOLUME,False,,,,,,,,,,,,,,BELOW_MINIMUM_RELATIVE_VOLUME,False,,,,,,,,,,,,,
orb_v1.0,2024-09-24,160,ABBV,BBG0025Y4RZ3,1.1918607883471397,14,SHORT,False,BELOW_MINIMUM_RELATIVE_VOLUME,True,False,False,False,96471.0,80941.5,4638442.642857143,3.4714571428571412,192.95,192.95,191.5872,192.28,False,BELOW_MINIMUM_RELATIVE_VOLUME,False,,,,,,,,,,,,,,BELOW_MINIMUM_RELATIVE_VOLUME,False,,,,,,,,,,,,,,BELOW_MINIMUM_RELATIVE_VOLUME,False,,,,,,,,,,,,,
orb_v1.0,2024-09-24,161,TGTX,BBG001S8NH06,1.1861933323086713,14,LONG,False,BELOW_MINIMUM_RELATIVE_VOLUME,False,False,False,False,189633.0,159866.85714285713,5682563.714285715,1.3960642857142864,23.25,23.5488,22.91,23.375,True,BELOW_MINIMUM_RELATIVE_VOLUME,False,,,,,,,,,,,,,,BELOW_MINIMUM_RELATIVE_VOLUME,False,,,,,,,,,,,,,,BELOW_MINIMUM_RELATIVE_VOLUME,False,,,,,,,,,,,,,
orb_v1.0,2024-09-24,162,ZM,BBG0042V6JN7,1.184331064595802,14,SHORT,False,BELOW_MINIMUM_RELATIVE_VOLUME,True,False,False,False,135154.0,114118.42857142857,2863340.5714285714,1.4023214285714272,69.41,70.17,69.2,69.26,True,BELOW_MINIMUM_RELATIVE_VOLUME,False,,,,,,,,,,,,,,BELOW_MINIMUM_RELATIVE_VOLUME,False,,,,,,,,,,,,,,BELOW_MINIMUM_RELATIVE_VOLUME,False,,,,,,,,,,,,,
orb_v1.0,2024-09-24,163,JCI,0000833444,1.184001891591691,14,SHORT,False,BELOW_MINIMUM_RELATIVE_VOLUME,True,False,False,False,119463.0,100897.64285714286,4331566.285714285,1.6543071428571423,75.55,75.7575,75.28,75.41,True,BELOW_MINIMUM_RELATIVE_VOLUME,False,,,,,,,,,,,,,,BELOW_MINIMUM_RELATIVE_VOLUME,False,,,,,,,,,,,,,,BELOW_MINIMUM_RELATIVE_VOLUME,False,,,,,,,,,,,,,
orb_v1.0,2024-09-24,164,PINC,BBG001SJLD58,1.1820590410866787,14,LONG,False,BELOW_MINIMUM_RELATIVE_VOLUME,False,False,False,False,18834.0,15933.214285714286,1235468.5,0.506392857142857,19.87,20.0,19.87,19.965,True,BELOW_MINIMUM_RELATIVE_VOLUME,False,,,,,,,,,,,,,,BELOW_MINIMUM_RELATIVE_VOLUME,False,,,,,,,,,,,,,,BELOW_MINIMUM_RELATIVE_VOLUME,False,,,,,,,,,,,,,
orb_v1.0,2024-09-24,165,HES,BBG001S5NHS2,1.177220483239141,14,SHORT,False,BELOW_MINIMUM_RELATIVE_VOLUME,True,False,False,False,54694.0,46460.28571428572,1667074.0,3.140714285714284,136.98,137.02,136.36,136.55,True,BELOW_MINIMUM_RELATIVE_VOLUME,False,,,,,,,,,,,,,,BELOW_MINIMUM_RELATIVE_VOLUME,False,,,,,,,,,,,,,,BELOW_MINIMUM_RELATIVE_VOLUME,False,,,,,,,,,,,,,
orb_v1.0,2024-09-24,166,EQR,BBG001S723L9,1.1766594977307614,14,LONG,False,BELOW_MINIMUM_RELATIVE_VOLUME,True,False,False,False,60612.0,51511.92857142857,1778829.2142857143,1.351071428571429,75.35,75.67,75.305,75.545,True,BELOW_MINIMUM_RELATIVE_VOLUME,False,,,,,,,,,,,,,,BELOW_MINIMUM_RELATIVE_VOLUME,False,,,,,,,,,,,,,,BELOW_MINIMUM_RELATIVE_VOLUME,False,,,,,,,,,,,,,
orb_v1.0,2024-09-24,167,COST,BBG001S9KRQ7,1.1763075781908134,14,SHORT,False,BELOW_MINIMUM_RELATIVE_VOLUME,True,False,False,False,92658.0,78770.21428571429,1878222.7857142857,17.121242285714295,912.01,912.77,906.06,907.32,True,BELOW_MINIMUM_RELATIVE_VOLUME,False,,,,,,,,,,,,,,BELOW_MINIMUM_RELATIVE_VOLUME,False,,,,,,,,,,,,,,BELOW_MINIMUM_RELATIVE_VOLUME,False,,,,,,,,,,,,,
orb_v1.0,2024-09-24,168,IRDM,BBG001T21JT7,1.1734192808086261,14,LONG,False,BELOW_MINIMUM_RELATIVE_VOLUME,False,False,False,False,24835.0,21164.64285714286,1258629.2142857143,1.0692642857142858,29.57,30.08,29.57,30.06,True,BELOW_MINIMUM_RELATIVE_VOLUME,False,,,,,,,,,,,,,,BELOW_MINIMUM_RELATIVE_VOLUME,False,,,,,,,,,,,,,,BELOW_MINIMUM_RELATIVE_VOLUME,False,,,,,,,,,,,,,
orb_v1.0,2024-09-24,169,PPG,BBG001S5VC13,1.1660011019606122,14,LONG,False,BELOW_MINIMUM_RELATIVE_VOLUME,True,False,False,False,17081.0,14649.214285714286,1357881.5714285714,2.2801714285714283,127.9,128.41,127.55,128.41,True,BELOW_MINIMUM_RELATIVE_VOLUME,False,,,,,,,,,,,,,,BELOW_MINIMUM_RELATIVE_VOLUME,False,,,,,,,,,,,,,,BELOW_MINIMUM_RELATIVE_VOLUME,False,,,,,,,,,,,,,
orb_v1.0,2024-09-24,170,IMVT,BBG00P5MC0R7,1.1570210813706903,14,LONG,False,BELOW_MINIMUM_RELATIVE_VOLUME,False,False,False,False,25760.0,22264.071428571428,1306852.2142857143,1.4795714285714283,28.27,28.395,28.0,28.33,True,BELOW_MINIMUM_RELATIVE_VOLUME,False,,,,,,,,,,,,,,BELOW_MINIMUM_RELATIVE_VOLUME,False,,,,,,,,,,,,,,BELOW_MINIMUM_RELATIVE_VOLUME,False,,,,,,,,,,,,,
orb_v1.0,2024-09-24,171,COLB,BBG001S72GJ3,1.1568068755928071,14,LONG,False,BELOW_MINIMUM_RELATIVE_VOLUME,False,False,False,False,42687.0,36900.71428571428,2031927.642857143,0.7932142857142852,26.03,26.15,25.83,26.05,True,BELOW_MINIMUM_RELATIVE_VOLUME,False,,,,,,,,,,,,,,BELOW_MINIMUM_RELATIVE_VOLUME,False,,,,,,,,,,,,,,BELOW_MINIMUM_RELATIVE_VOLUME,False,,,,,,,,,,,,,
orb_v1.0,2024-09-24,172,CE,BBG001SJDDG5,1.1559316595812945,14,LONG,False,BELOW_MINIMUM_RELATIVE_VOLUME,False,False,False,False,28822.0,24934.0,1151901.2857142857,3.0873928571428584,129.8,131.6,129.4,131.47,True,BELOW_MINIMUM_RELATIVE_VOLUME,False,,,,,,,,,,,,,,BELOW_MINIMUM_RELATIVE_VOLUME,False,,,,,,,,,,,,,,BELOW_MINIMUM_RELATIVE_VOLUME,False,,,,,,,,,,,,,
orb_v1.0,2024-09-24,173,CTRA,BBG001S6H6Y4,1.1499661201370925,14,SHORT,False,BELOW_MINIMUM_RELATIVE_VOLUME,True,False,False,False,200503.0,174355.57142857142,6656754.928571428,0.5253571428571426,24.31,24.38,24.2713,24.29,True,BELOW_MINIMUM_RELATIVE_VOLUME,False,,,,,,,,,,,,,,BELOW_MINIMUM_RELATIVE_VOLUME,False,,,,,,,,,,,,,,BELOW_MINIMUM_RELATIVE_VOLUME,False,,,,,,,,,,,,,
orb_v1.0,2024-09-24,174,PLCE,BBG001SB8708,1.1479615747732002,14,LONG,False,BELOW_MINIMUM_RELATIVE_VOLUME,True,False,False,False,253521.0,220844.5,8880355.07142857,2.4756537857142855,17.75,19.1128,17.5063,18.5,True,BELOW_MINIMUM_RELATIVE_VOLUME,False,,,,,,,,,,,,,,BELOW_MINIMUM_RELATIVE_VOLUME,False,,,,,,,,,,,,,,BELOW_MINIMUM_RELATIVE_VOLUME,False,,,,,,,,,,,,,
orb_v1.0,2024-09-24,175,RILY,BBG001SV8TK4,1.1428764106606764,14,SHORT,False,BELOW_MINIMUM_RELATIVE_VOLUME,True,False,False,False,70210.0,61432.71428571428,2178453.214285714,0.6178857142857141,5.54,5.62,5.46,5.48,True,BELOW_MINIMUM_RELATIVE_VOLUME,False,,,,,,,,,,,,,,BELOW_MINIMUM_RELATIVE_VOLUME,False,,,,,,,,,,,,,,BELOW_MINIMUM_RELATIVE_VOLUME,False,,,,,,,,,,,,,
orb_v1.0,2024-09-24,176,CEG,BBG014KFRPJ9,1.1395700137229663,14,LONG,False,BELOW_MINIMUM_RELATIVE_VOLUME,True,False,False,False,214246.0,188006.0,4065945.6428571427,10.605928571428569,254.08,255.7867,251.0883,254.96,True,BELOW_MINIMUM_RELATIVE_VOLUME,False,,,,,,,,,,,,,,BELOW_MINIMUM_RELATIVE_VOLUME,False,,,,,,,,,,,,,,BELOW_MINIMUM_RELATIVE_VOLUME,False,,,,,,,,,,,,,
orb_v1.0,2024-09-24,177,OKLO,BBG0112CBMQ8,1.1287144090071777,14,LONG,False,BELOW_MINIMUM_RELATIVE_VOLUME,False,False,False,False,164038.0,145331.7142857143,2866615.1428571427,0.5417928571428573,8.34,8.55,8.295,8.365,True,BELOW_MINIMUM_RELATIVE_VOLUME,False,,,,,,,,,,,,,,BELOW_MINIMUM_RELATIVE_VOLUME,False,,,,,,,,,,,,,,BELOW_MINIMUM_RELATIVE_VOLUME,False,,,,,,,,,,,,,
orb_v1.0,2024-09-24,178,CMCSA,BBG001S5PXL2,1.1285241258448588,14,LONG,False,BELOW_MINIMUM_RELATIVE_VOLUME,True,False,False,False,748273.0,663054.5,20152749.285714287,1.0164285714285721,40.83,41.01,40.79,40.99,True,BELOW_MINIMUM_RELATIVE_VOLUME,False,,,,,,,,,,,,,,BELOW_MINIMUM_RELATIVE_VOLUME,False,,,,,,,,,,,,,,BELOW_MINIMUM_RELATIVE_VOLUME,False,,,,,,,,,,,,,
orb_v1.0,2024-09-24,179,HOG,BBG001S5RTY5,1.1261660284005897,14,SHORT,False,BELOW_MINIMUM_RELATIVE_VOLUME,False,False,False,False,29785.0,26448.14285714286,2029478.357142857,1.3065499999999994,38.89,38.89,38.65,38.79,True,BELOW_MINIMUM_RELATIVE_VOLUME,False,,,,,,,,,,,,,,BELOW_MINIMUM_RELATIVE_VOLUME,False,,,,,,,,,,,,,,BELOW_MINIMUM_RELATIVE_VOLUME,False,,,,,,,,,,,,,
orb_v1.0,2024-09-24,180,DINO,BBG0135B2269,1.1246228779938632,14,LONG,False,BELOW_MINIMUM_RELATIVE_VOLUME,False,False,False,False,34321.0,30517.785714285714,2657314.1428571427,1.3947071428571434,46.43,46.48,46.02,46.48,False,BELOW_MINIMUM_RELATIVE_VOLUME,False,,,,,,,,,,,,,,BELOW_MINIMUM_RELATIVE_VOLUME,False,,,,,,,,,,,,,,BELOW_MINIMUM_RELATIVE_VOLUME,False,,,,,,,,,,,,,
orb_v1.0,2024-09-24,181,RF,BBG001SM4KY2,1.1245308054284495,14,LONG,False,BELOW_MINIMUM_RELATIVE_VOLUME,True,False,False,False,194199.0,172693.35714285713,7776141.785714285,0.6064285714285711,23.04,23.2,22.86,23.18,True,BELOW_MINIMUM_RELATIVE_VOLUME,False,,,,,,,,,,,,,,BELOW_MINIMUM_RELATIVE_VOLUME,False,,,,,,,,,,,,,,BELOW_MINIMUM_RELATIVE_VOLUME,False,,,,,,,,,,,,,
orb_v1.0,2024-09-24,182,CLSK,BBG001S7F576,1.121460486211783,14,SHORT,False,BELOW_MINIMUM_RELATIVE_VOLUME,False,True,False,False,958207.0,854427.7857142857,18034561.714285713,0.6204785714285715,9.28,9.3,9.095,9.205,True,BELOW_MINIMUM_RELATIVE_VOLUME,False,,,,,,,,,,,,,,BELOW_MINIMUM_RELATIVE_VOLUME,False,,,,,,,,,,,,,,BELOW_MINIMUM_RELATIVE_VOLUME,False,,,,,,,,,,,,,
orb_v1.0,2024-09-24,183,UNP,BBG001S5X2M0,1.1138198768997778,14,LONG,False,BELOW_MINIMUM_RELATIVE_VOLUME,True,False,False,False,98973.0,88859.07142857143,2573134.3571428573,4.742142857142852,243.19,243.94,241.56,243.315,True,BELOW_MINIMUM_RELATIVE_VOLUME,False,,,,,,,,,,,,,,BELOW_MINIMUM_RELATIVE_VOLUME,False,,,,,,,,,,,,,,BELOW_MINIMUM_RELATIVE_VOLUME,False,,,,,,,,,,,,,
orb_v1.0,2024-09-24,184,LYB,0001489393,1.1033472400244624,14,LONG,False,BELOW_MINIMUM_RELATIVE_VOLUME,True,False,False,False,75259.0,68209.71428571429,2440382.0714285714,1.9114285714285708,94.8,95.79,94.71,95.4,True,BELOW_MINIMUM_RELATIVE_VOLUME,False,,,,,,,,,,,,,,BELOW_MINIMUM_RELATIVE_VOLUME,False,,,,,,,,,,,,,,BELOW_MINIMUM_RELATIVE_VOLUME,False,,,,,,,,,,,,,
orb_v1.0,2024-09-24,185,ICE,BBG001SDJ4R0,1.1004011416095643,14,SHORT,False,BELOW_MINIMUM_RELATIVE_VOLUME,True,False,False,False,89643.0,81463.92857142857,2892088.0714285714,2.238928571428571,159.63,159.788,157.92,158.14,True,BELOW_MINIMUM_RELATIVE_VOLUME,False,,,,,,,,,,,,,,BELOW_MINIMUM_RELATIVE_VOLUME,False,,,,,,,,,,,,,,BELOW_MINIMUM_RELATIVE_VOLUME,False,,,,,,,,,,,,,
orb_v1.0,2024-09-24,186,IREN,0001878848,1.1000893372153513,14,LONG,False,BELOW_MINIMUM_RELATIVE_VOLUME,False,True,False,False,560986.0,509945.85714285716,13054040.785714285,0.6030428571428571,7.95,8.04,7.84,8.02,True,BELOW_MINIMUM_RELATIVE_VOLUME,False,,,,,,,,,,,,,,BELOW_MINIMUM_RELATIVE_VOLUME,False,,,,,,,,,,,,,,BELOW_MINIMUM_RELATIVE_VOLUME,False,,,,,,,,,,,,,
orb_v1.0,2024-09-24,187,SBLK,0001386716,1.0980109361144272,14,LONG,False,BELOW_MINIMUM_RELATIVE_VOLUME,False,False,False,False,77654.0,70722.42857142857,2083539.142857143,0.5407142857142849,22.32,22.38,22.185,22.3689,True,BELOW_MINIMUM_RELATIVE_VOLUME,False,,,,,,,,,,,,,,BELOW_MINIMUM_RELATIVE_VOLUME,False,,,,,,,,,,,,,,BELOW_MINIMUM_RELATIVE_VOLUME,False,,,,,,,,,,,,,
orb_v1.0,2024-09-24,188,TOL,BBG001S5WT15,1.097623605640025,14,LONG,False,BELOW_MINIMUM_RELATIVE_VOLUME,True,False,False,False,34074.0,31043.428571428572,1684775.7857142857,4.379471428571437,152.89,154.38,152.09,154.0975,True,BELOW_MINIMUM_RELATIVE_VOLUME,False,,,,,,,,,,,,,,BELOW_MINIMUM_RELATIVE_VOLUME,False,,,,,,,,,,,,,,BELOW_MINIMUM_RELATIVE_VOLUME,False,,,,,,,,,,,,,
orb_v1.0,2024-09-24,189,CGNX,BBG001S5TC16,1.088983133660367,14,LONG,False,BELOW_MINIMUM_RELATIVE_VOLUME,False,False,False,False,19900.0,18273.928571428572,1025731.7857142857,0.9513499999999995,39.84,40.21,39.74,40.08,False,BELOW_MINIMUM_RELATIVE_VOLUME,False,,,,,,,,,,,,,,BELOW_MINIMUM_RELATIVE_VOLUME,False,,,,,,,,,,,,,,BELOW_MINIMUM_RELATIVE_VOLUME,False,,,,,,,,,,,,,
orb_v1.0,2024-09-24,190,CF,BBG001SJ8KV8,1.0875664575785848,14,LONG,False,BELOW_MINIMUM_RELATIVE_VOLUME,True,False,False,False,50541.0,46471.642857142855,1796793.0714285714,1.806214285714287,84.36,84.985,84.23,84.45,True,BELOW_MINIMUM_RELATIVE_VOLUME,False,,,,,,,,,,,,,,BELOW_MINIMUM_RELATIVE_VOLUME,False,,,,,,,,,,,,,,BELOW_MINIMUM_RELATIVE_VOLUME,False,,,,,,,,,,,,,
orb_v1.0,2024-09-24,191,BSX,BBG001S63L94,1.0836550636375053,14,LONG,False,BELOW_MINIMUM_RELATIVE_VOLUME,True,False,False,False,268735.0,247989.42857142858,5475098.142857143,1.361071428571427,83.46,83.73,83.05,83.5025,False,BELOW_MINIMUM_RELATIVE_VOLUME,False,,,,,,,,,,,,,,BELOW_MINIMUM_RELATIVE_VOLUME,False,,,,,,,,,,,,,,BELOW_MINIMUM_RELATIVE_VOLUME,False,,,,,,,,,,,,,
orb_v1.0,2024-09-24,192,AAOI,BBG001SG47G4,1.0835300262033007,14,LONG,False,BELOW_MINIMUM_RELATIVE_VOLUME,False,False,False,True,138112.0,127464.85714285714,2383988.3571428573,1.1588214285714284,14.36,14.835,14.3,14.6107,True,BELOW_MINIMUM_RELATIVE_VOLUME,False,,,,,,,,,,,,,,BELOW_MINIMUM_RELATIVE_VOLUME,False,,,,,,,,,,,,,,BELOW_MINIMUM_RELATIVE_VOLUME,False,,,,,,,,,,,,,
orb_v1.0,2024-09-24,193,CAVA,BBG00GBR8762,1.0809615427143457,14,SHORT,False,BELOW_MINIMUM_RELATIVE_VOLUME,False,False,False,False,73320.0,67828.5,2810120.285714286,4.466699999999999,128.13,128.5,126.57,128.08,True,BELOW_MINIMUM_RELATIVE_VOLUME,False,,,,,,,,,,,,,,BELOW_MINIMUM_RELATIVE_VOLUME,False,,,,,,,,,,,,,,BELOW_MINIMUM_RELATIVE_VOLUME,False,,,,,,,,,,,,,
orb_v1.0,2024-09-24,194,VAL,0000314808,1.0703445353263683,14,LONG,False,BELOW_MINIMUM_RELATIVE_VOLUME,False,False,False,False,31752.0,29665.214285714286,1378188.0714285714,1.8405357142857137,56.65,57.29,56.57,56.83,False,BELOW_MINIMUM_RELATIVE_VOLUME,False,,,,,,,,,,,,,,BELOW_MINIMUM_RELATIVE_VOLUME,False,,,,,,,,,,,,,,BELOW_MINIMUM_RELATIVE_VOLUME,False,,,,,,,,,,,,,
orb_v1.0,2024-09-24,195,TRP,BBG001S5WW27,1.068461723314459,14,SHORT,False,BELOW_MINIMUM_RELATIVE_VOLUME,True,False,False,False,40651.0,38046.28571428572,3421260.5714285714,0.8889285714285725,47.31,47.39,46.97,47.09,True,BELOW_MINIMUM_RELATIVE_VOLUME,False,,,,,,,,,,,,,,BELOW_MINIMUM_RELATIVE_VOLUME,False,,,,,,,,,,,,,,BELOW_MINIMUM_RELATIVE_VOLUME,False,,,,,,,,,,,,,
orb_v1.0,2024-09-24,196,COLD,BBG001SMQ866,1.0621720406760033,14,LONG,False,BELOW_MINIMUM_RELATIVE_VOLUME,False,False,False,False,25158.0,23685.428571428572,1650700.857142857,0.5644214285714284,28.8,28.93,28.8,28.92,True,BELOW_MINIMUM_RELATIVE_VOLUME,False,,,,,,,,,,,,,,BELOW_MINIMUM_RELATIVE_VOLUME,False,,,,,,,,,,,,,,BELOW_MINIMUM_RELATIVE_VOLUME,False,,,,,,,,,,,,,
orb_v1.0,2024-09-24,197,ALL,BBG001S9BM06,1.0603648226016429,14,SHORT,False,BELOW_MINIMUM_RELATIVE_VOLUME,True,False,False,False,40492.0,38186.857142857145,1564172.142857143,3.6082071428571396,193.0,193.0,191.53,191.995,True,BELOW_MINIMUM_RELATIVE_VOLUME,False,,,,,,,,,,,,,,BELOW_MINIMUM_RELATIVE_VOLUME,False,,,,,,,,,,,,,,BELOW_MINIMUM_RELATIVE_VOLUME,False,,,,,,,,,,,,,
orb_v1.0,2024-09-24,198,HUT,BBG00390LJJ8,1.0552274194964792,14,SHORT,False,BELOW_MINIMUM_RELATIVE_VOLUME,False,False,False,False,126170.0,119566.64285714286,3953495.785714286,0.7790589285714284,11.8,11.87,11.67,11.75,True,BELOW_MINIMUM_RELATIVE_VOLUME,False,,,,,,,,,,,,,,BELOW_MINIMUM_RELATIVE_VOLUME,False,,,,,,,,,,,,,,BELOW_MINIMUM_RELATIVE_VOLUME,False,,,,,,,,,,,,,
orb_v1.0,2024-09-24,199,A,BBG001SCTQY4,1.0543176591864245,14,LONG,False,BELOW_MINIMUM_RELATIVE_VOLUME,True,False,False,False,33240.0,31527.5,1459728.5714285714,3.051735714285716,140.1,141.0,139.31,140.92,True,BELOW_MINIMUM_RELATIVE_VOLUME,False,,,,,,,,,,,,,,BELOW_MINIMUM_RELATIVE_VOLUME,False,,,,,,,,,,,,,,BELOW_MINIMUM_RELATIVE_VOLUME,False,,,,,,,,,,,,,
orb_v1.0,2024-09-24,200,CUZ,BBG001S73MB7,1.0529284042523193,14,LONG,False,BELOW_MINIMUM_RELATIVE_VOLUME,False,False,False,False,18670.0,17731.5,1297200.9285714286,0.5207714285714283,29.78,29.83,29.62,29.8,True,BELOW_MINIMUM_RELATIVE_VOLUME,False,,,,,,,,,,,,,,BELOW_MINIMUM_RELATIVE_VOLUME,False,,,,,,,,,,,,,,BELOW_MINIMUM_RELATIVE_VOLUME,False,,,,,,,,,,,,,
orb_v1.0,2024-09-24,201,NUE,BBG001S5TRV0,1.0431195534609747,14,LONG,False,BELOW_MINIMUM_RELATIVE_VOLUME,True,False,False,False,65168.0,62474.142857142855,1700866.4285714286,4.207500000000002,150.06,152.0,149.44,152.0,True,BELOW_MINIMUM_RELATIVE_VOLUME,False,,,,,,,,,,,,,,BELOW_MINIMUM_RELATIVE_VOLUME,False,,,,,,,,,,,,,,BELOW_MINIMUM_RELATIVE_VOLUME,False,,,,,,,,,,,,,
orb_v1.0,2024-09-24,202,FOXA,BBG00JHNJX06,1.041455272893795,14,LONG,False,BELOW_MINIMUM_RELATIVE_VOLUME,True,False,False,False,86421.0,82981.0,3977031.3571428573,0.7878571428571429,41.12,41.57,41.06,41.57,True,BELOW_MINIMUM_RELATIVE_VOLUME,False,,,,,,,,,,,,,,BELOW_MINIMUM_RELATIVE_VOLUME,False,,,,,,,,,,,,,,BELOW_MINIMUM_RELATIVE_VOLUME,False,,,,,,,,,,,,,
orb_v1.0,2024-09-24,203,LMND,BBG00BM5YC14,1.0280422928088908,14,SHORT,False,BELOW_MINIMUM_RELATIVE_VOLUME,False,False,False,False,39698.0,38615.142857142855,1048466.0714285715,0.8100142857142865,17.5,17.5,17.24,17.29,True,BELOW_MINIMUM_RELATIVE_VOLUME,False,,,,,,,,,,,,,,BELOW_MINIMUM_RELATIVE_VOLUME,False,,,,,,,,,,,,,,BELOW_MINIMUM_RELATIVE_VOLUME,False,,,,,,,,,,,,,
orb_v1.0,2024-09-24,204,ALT,BBG001SNS461,1.0194179527965868,14,SHORT,False,BELOW_MINIMUM_RELATIVE_VOLUME,False,False,False,False,103730.0,101754.14285714286,2537829.8571428573,0.5383785714285715,7.16,7.22,7.01,7.02,True,BELOW_MINIMUM_RELATIVE_VOLUME,False,,,,,,,,,,,,,,BELOW_MINIMUM_RELATIVE_VOLUME,False,,,,,,,,,,,,,,BELOW_MINIMUM_RELATIVE_VOLUME,False,,,,,,,,,,,,,
orb_v1.0,2024-09-24,205,RRC,BBG001SBZNN8,1.0118628514223742,14,LONG,False,BELOW_MINIMUM_RELATIVE_VOLUME,False,False,False,False,30323.0,29967.5,1998440.642857143,0.8158571428571426,31.67,31.83,31.54,31.705,False,BELOW_MINIMUM_RELATIVE_VOLUME,False,,,,,,,,,,,,,,BELOW_MINIMUM_RELATIVE_VOLUME,False,,,,,,,,,,,,,,BELOW_MINIMUM_RELATIVE_VOLUME,False,,,,,,,,,,,,,
orb_v1.0,2024-09-24,206,HD,BBG001S5RTW7,1.0031467791844582,14,LONG,False,BELOW_MINIMUM_RELATIVE_VOLUME,True,False,False,False,153108.0,152627.7142857143,3129320.5,6.876250000000003,394.7,398.28,393.63,397.27,True,BELOW_MINIMUM_RELATIVE_VOLUME,False,,,,,,,,,,,,,,BELOW_MINIMUM_RELATIVE_VOLUME,False,,,,,,,,,,,,,,BELOW_MINIMUM_RELATIVE_VOLUME,False,,,,,,,,,,,,,
orb_v1.0,2024-09-24,207,DAR,BBG001SB7RP8,0.9955756290902388,14,SHORT,False,BELOW_MINIMUM_RELATIVE_VOLUME,False,False,False,False,29317.0,29447.285714285714,1915923.142857143,1.4550000000000003,37.01,37.1,36.75,36.88,True,BELOW_MINIMUM_RELATIVE_VOLUME,False,,,,,,,,,,,,,,BELOW_MINIMUM_RELATIVE_VOLUME,False,,,,,,,,,,,,,,BELOW_MINIMUM_RELATIVE_VOLUME,False,,,,,,,,,,,,,
orb_v1.0,2024-09-24,208,WMT,BBG001S5XH92,0.9879362216738894,14,LONG,False,BELOW_MINIMUM_RELATIVE_VOLUME,True,False,False,False,777566.0,787060.9285714285,18480204.42857143,1.2821642857142856,80.48,80.86,80.24,80.665,True,BELOW_MINIMUM_RELATIVE_VOLUME,False,,,,,,,,,,,,,,BELOW_MINIMUM_RELATIVE_VOLUME,False,,,,,,,,,,,,,,BELOW_MINIMUM_RELATIVE_VOLUME,False,,,,,,,,,,,,,
orb_v1.0,2024-09-24,209,SWKS,BBG001SCYWS2,0.980685795811328,14,LONG,False,BELOW_MINIMUM_RELATIVE_VOLUME,True,False,False,False,44287.0,45159.21428571428,2195361.714285714,3.2354857142857147,98.78,99.315,98.09,99.22,True,BELOW_MINIMUM_RELATIVE_VOLUME,False,,,,,,,,,,,,,,BELOW_MINIMUM_RELATIVE_VOLUME,False,,,,,,,,,,,,,,BELOW_MINIMUM_RELATIVE_VOLUME,False,,,,,,,,,,,,,
orb_v1.0,2024-09-24,210,WOLF,BBG001S6YWT4,0.9784601081527492,14,LONG,False,BELOW_MINIMUM_RELATIVE_VOLUME,False,False,False,False,344601.0,352187.0714285714,11250842.642857144,0.8082857142857142,8.38,8.44,8.27,8.4,True,BELOW_MINIMUM_RELATIVE_VOLUME,False,,,,,,,,,,,,,,BELOW_MINIMUM_RELATIVE_VOLUME,False,,,,,,,,,,,,,,BELOW_MINIMUM_RELATIVE_VOLUME,False,,,,,,,,,,,,,
orb_v1.0,2024-09-24,211,CMA,BBG001S6PXB1,0.9751155075547056,14,SHORT,False,BELOW_MINIMUM_RELATIVE_VOLUME,False,False,False,False,33361.0,34212.357142857145,2277650.785714286,1.5745,61.4,61.48,60.695,61.36,True,BELOW_MINIMUM_RELATIVE_VOLUME,False,,,,,,,,,,,,,,BELOW_MINIMUM_RELATIVE_VOLUME,False,,,,,,,,,,,,,,BELOW_MINIMUM_RELATIVE_VOLUME,False,,,,,,,,,,,,,
orb_v1.0,2024-09-24,212,ETSY,BBG001T53625,0.9727321533787625,14,SHORT,False,BELOW_MINIMUM_RELATIVE_VOLUME,False,False,False,False,87616.0,90072.07142857143,6277190.142857143,2.1873142857142844,55.69,56.1355,55.31,55.335,True,BELOW_MINIMUM_RELATIVE_VOLUME,False,,,,,,,,,,,,,,BELOW_MINIMUM_RELATIVE_VOLUME,False,,,,,,,,,,,,,,BELOW_MINIMUM_RELATIVE_VOLUME,False,,,,,,,,,,,,,
orb_v1.0,2024-09-24,213,WM,BBG001S5XH47,0.9697888548894061,14,LONG,False,BELOW_MINIMUM_RELATIVE_VOLUME,True,False,False,False,49939.0,51494.71428571428,1660853.7857142857,3.521164285714284,206.51,207.86,206.1201,207.52,True,BELOW_MINIMUM_RELATIVE_VOLUME,False,,,,,,,,,,,,,,BELOW_MINIMUM_RELATIVE_VOLUME,False,,,,,,,,,,,,,,BELOW_MINIMUM_RELATIVE_VOLUME,False,,,,,,,,,,,,,
orb_v1.0,2024-09-24,214,MA,BBG001SKNNS6,0.9665428336262318,14,SHORT,False,BELOW_MINIMUM_RELATIVE_VOLUME,True,False,False,False,99312.0,102749.71428571429,2378058.9285714286,7.944278571428575,492.68,493.245,490.66,491.05,True,BELOW_MINIMUM_RELATIVE_VOLUME,False,,,,,,,,,,,,,,BELOW_MINIMUM_RELATIVE_VOLUME,False,,,,,,,,,,,,,,BELOW_MINIMUM_RELATIVE_VOLUME,False,,,,,,,,,,,,,
orb_v1.0,2024-09-24,215,MARA,BBG001V0L7T2,0.965840590507306,14,SHORT,False,BELOW_MINIMUM_RELATIVE_VOLUME,False,True,False,False,1186968.0,1228948.142857143,31350167.285714287,1.0954642857142858,16.13,16.16,15.84,15.99,True,BELOW_MINIMUM_RELATIVE_VOLUME,False,,,,,,,,,,,,,,BELOW_MINIMUM_RELATIVE_VOLUME,False,,,,,,,,,,,,,,BELOW_MINIMUM_RELATIVE_VOLUME,False,,,,,,,,,,,,,
orb_v1.0,2024-09-24,216,NCNO,BBG014GJ8XJ0,0.9555099794907709,14,SHORT,False,BELOW_MINIMUM_RELATIVE_VOLUME,False,False,False,False,6822.0,7139.642857142857,1158370.0714285714,0.6793571428571428,30.31,30.35,30.13,30.26,True,BELOW_MINIMUM_RELATIVE_VOLUME,False,,,,,,,,,,,,,,BELOW_MINIMUM_RELATIVE_VOLUME,False,,,,,,,,,,,,,,BELOW_MINIMUM_RELATIVE_VOLUME,False,,,,,,,,,,,,,
orb_v1.0,2024-09-24,217,KBR,BBG001SP11V3,0.9481676846196557,14,LONG,False,BELOW_MINIMUM_RELATIVE_VOLUME,False,False,False,False,14637.0,15437.142857142857,1128380.4285714286,1.3974928571428582,64.44,64.69,64.44,64.65,True,BELOW_MINIMUM_RELATIVE_VOLUME,False,,,,,,,,,,,,,,BELOW_MINIMUM_RELATIVE_VOLUME,False,,,,,,,,,,,,,,BELOW_MINIMUM_RELATIVE_VOLUME,False,,,,,,,,,,,,,
orb_v1.0,2024-09-24,218,AMZN,BBG001S5PQL7,0.9480866968986493,14,SHORT,False,BELOW_MINIMUM_RELATIVE_VOLUME,True,False,False,False,1978721.0,2087067.5714285714,38815721.928571425,4.7896428571428595,194.27,195.37,193.17,193.25,True,BELOW_MINIMUM_RELATIVE_VOLUME,False,,,,,,,,,,,,,,BELOW_MINIMUM_RELATIVE_VOLUME,False,,,,,,,,,,,,,,BELOW_MINIMUM_RELATIVE_VOLUME,False,,,,,,,,,,,,,
orb_v1.0,2024-09-24,219,VST,BBG00DXDL6R0,0.9460776859880566,14,LONG,False,BELOW_MINIMUM_RELATIVE_VOLUME,True,False,False,False,293758.0,310500.9285714286,7371019.5,4.75905714285714,111.89,113.32,111.1782,113.04,True,BELOW_MINIMUM_RELATIVE_VOLUME,False,,,,,,,,,,,,,,BELOW_MINIMUM_RELATIVE_VOLUME,False,,,,,,,,,,,,,,BELOW_MINIMUM_RELATIVE_VOLUME,False,,,,,,,,,,,,,
orb_v1.0,2024-09-24,220,SQ,BBG001TFLWL5,0.9453253960547643,14,SHORT,False,BELOW_MINIMUM_RELATIVE_VOLUME,True,False,False,False,126563.0,133883.0,5457839.785714285,2.210142857142856,68.45,68.56,68.22,68.2495,True,BELOW_MINIMUM_RELATIVE_VOLUME,False,,,,,,,,,,,,,,BELOW_MINIMUM_RELATIVE_VOLUME,False,,,,,,,,,,,,,,BELOW_MINIMUM_RELATIVE_VOLUME,False,,,,,,,,,,,,,
orb_v1.0,2024-09-24,221,MMM,BBG001S5T7X2,0.9445496391566421,14,LONG,False,BELOW_MINIMUM_RELATIVE_VOLUME,True,False,False,False,135256.0,143196.2857142857,3769955.0714285714,2.3738571428571436,136.47,137.55,136.35,137.45,True,BELOW_MINIMUM_RELATIVE_VOLUME,False,,,,,,,,,,,,,,BELOW_MINIMUM_RELATIVE_VOLUME,False,,,,,,,,,,,,,,BELOW_MINIMUM_RELATIVE_VOLUME,False,,,,,,,,,,,,,
orb_v1.0,2024-09-24,222,SSNC,BBG001STPPK8,0.9437326869806094,14,LONG,False,BELOW_MINIMUM_RELATIVE_VOLUME,True,False,False,False,21804.0,23104.0,1235441.0714285714,1.3331428571428583,75.19,75.48,75.05,75.375,False,BELOW_MINIMUM_RELATIVE_VOLUME,False,,,,,,,,,,,,,,BELOW_MINIMUM_RELATIVE_VOLUME,False,,,,,,,,,,,,,,BELOW_MINIMUM_RELATIVE_VOLUME,False,,,,,,,,,,,,,
orb_v1.0,2024-09-24,223,MAR,BBG001S78K44,0.9430182764360863,14,LONG,False,BELOW_MINIMUM_RELATIVE_VOLUME,True,False,False,False,38805.0,41149.78571428572,1706390.2142857143,4.614957142857138,243.02,243.635,242.85,243.35,True,BELOW_MINIMUM_RELATIVE_VOLUME,False,,,,,,,,,,,,,,BELOW_MINIMUM_RELATIVE_VOLUME,False,,,,,,,,,,,,,,BELOW_MINIMUM_RELATIVE_VOLUME,False,,,,,,,,,,,,,
orb_v1.0,2024-09-24,224,NBIX,BBG001S8W4X9,0.9422152782709562,14,SHORT,False,BELOW_MINIMUM_RELATIVE_VOLUME,False,False,False,False,14215.0,15086.785714285714,1026723.7142857143,3.0731999999999977,117.89,117.89,117.25,117.49,True,BELOW_MINIMUM_RELATIVE_VOLUME,False,,,,,,,,,,,,,,BELOW_MINIMUM_RELATIVE_VOLUME,False,,,,,,,,,,,,,,BELOW_MINIMUM_RELATIVE_VOLUME,False,,,,,,,,,,,,,
orb_v1.0,2024-09-24,225,VIRT,BBG0064N2T87,0.9363491353251199,14,LONG,False,BELOW_MINIMUM_RELATIVE_VOLUME,False,False,False,False,19581.0,20912.071428571428,1291639.857142857,0.8163928571428573,31.14,31.3,31.0,31.3,True,BELOW_MINIMUM_RELATIVE_VOLUME,False,,,,,,,,,,,,,,BELOW_MINIMUM_RELATIVE_VOLUME,False,,,,,,,,,,,,,,BELOW_MINIMUM_RELATIVE_VOLUME,False,,,,,,,,,,,,,
orb_v1.0,2024-09-24,226,NEM,BBG001S5TKX3,0.9254781165243916,14,SHORT,False,BELOW_MINIMUM_RELATIVE_VOLUME,True,False,False,False,353074.0,381504.4285714286,8052102.0,1.399964285714285,54.68,54.75,54.29,54.55,False,BELOW_MINIMUM_RELATIVE_VOLUME,False,,,,,,,,,,,,,,BELOW_MINIMUM_RELATIVE_VOLUME,False,,,,,,,,,,,,,,BELOW_MINIMUM_RELATIVE_VOLUME,False,,,,,,,,,,,,,
orb_v1.0,2024-09-24,227,GEV,BBG013G17W77,0.9179224971674479,14,SHORT,False,BELOW_MINIMUM_RELATIVE_VOLUME,False,False,False,False,124706.0,135856.7857142857,3359613.8571428573,9.028721428571428,254.0,254.87,252.12,253.43,False,BELOW_MINIMUM_RELATIVE_VOLUME,False,,,,,,,,,,,,,,BELOW_MINIMUM_RELATIVE_VOLUME,False,,,,,,,,,,,,,,BELOW_MINIMUM_RELATIVE_VOLUME,False,,,,,,,,,,,,,
orb_v1.0,2024-09-24,228,NTRA,BBG001V0FSF8,0.916318490269755,14,SHORT,False,BELOW_MINIMUM_RELATIVE_VOLUME,False,False,False,False,18673.0,20378.285714285714,1127417.2857142857,4.810357142857142,123.09,123.54,122.73,123.005,True,BELOW_MINIMUM_RELATIVE_VOLUME,False,,,,,,,,,,,,,,BELOW_MINIMUM_RELATIVE_VOLUME,False,,,,,,,,,,,,,,BELOW_MINIMUM_RELATIVE_VOLUME,False,,,,,,,,,,,,,
orb_v1.0,2024-09-24,229,NOG,BBG001SK2P31,0.9159725223872214,14,SHORT,False,BELOW_MINIMUM_RELATIVE_VOLUME,False,False,False,False,26792.0,29249.785714285714,1532015.642857143,1.161328571428572,37.62,37.78,37.44,37.6,True,BELOW_MINIMUM_RELATIVE_VOLUME,False,,,,,,,,,,,,,,BELOW_MINIMUM_RELATIVE_VOLUME,False,,,,,,,,,,,,,,BELOW_MINIMUM_RELATIVE_VOLUME,False,,,,,,,,,,,,,
orb_v1.0,2024-09-24,230,AZEK,BBG00RP7FY15,0.9153623483960143,14,LONG,False,BELOW_MINIMUM_RELATIVE_VOLUME,False,False,False,False,11542.0,12609.214285714286,1760525.7857142857,1.2247000000000001,46.37,46.525,46.24,46.44,True,BELOW_MINIMUM_RELATIVE_VOLUME,False,,,,,,,,,,,,,,BELOW_MINIMUM_RELATIVE_VOLUME,False,,,,,,,,,,,,,,BELOW_MINIMUM_RELATIVE_VOLUME,False,,,,,,,,,,,,,
orb_v1.0,2024-09-24,231,LINE,BBG01NJDR1R8,0.9104504913998105,14,SHORT,False,BELOW_MINIMUM_RELATIVE_VOLUME,False,False,False,False,11732.0,12885.92857142857,1064368.7857142857,2.3794214285714292,80.91,81.25,80.22,80.465,True,BELOW_MINIMUM_RELATIVE_VOLUME,False,,,,,,,,,,,,,,BELOW_MINIMUM_RELATIVE_VOLUME,False,,,,,,,,,,,,,,BELOW_MINIMUM_RELATIVE_VOLUME,False,,,,,,,,,,,,,
orb_v1.0,2024-09-24,232,DVN,BBG001S63VG4,0.9087923135364946,14,SHORT,False,BELOW_MINIMUM_RELATIVE_VOLUME,True,False,False,False,236844.0,260614.0,7686584.714285715,1.013928571428572,41.85,41.8801,41.53,41.58,True,BELOW_MINIMUM_RELATIVE_VOLUME,False,,,,,,,,,,,,,,BELOW_MINIMUM_RELATIVE_VOLUME,False,,,,,,,,,,,,,,BELOW_MINIMUM_RELATIVE_VOLUME,False,,,,,,,,,,,,,
orb_v1.0,2024-09-24,233,SOLV,BBG018YZH6V0,0.9082870557408181,14,LONG,False,BELOW_MINIMUM_RELATIVE_VOLUME,False,False,False,False,28424.0,31294.071428571428,1444395.2142857143,1.9942714285714318,70.12,70.8,70.12,70.675,True,BELOW_MINIMUM_RELATIVE_VOLUME,False,,,,,,,,,,,,,,BELOW_MINIMUM_RELATIVE_VOLUME,False,,,,,,,,,,,,,,BELOW_MINIMUM_RELATIVE_VOLUME,False,,,,,,,,,,,,,
orb_v1.0,2024-09-24,234,CERT,BBG00Y7BR4L2,0.9071177243630506,14,SHORT,False,BELOW_MINIMUM_RELATIVE_VOLUME,False,False,False,False,10699.0,11794.5,1900953.357142857,0.5580357142857141,10.87,10.87,10.79,10.79,True,BELOW_MINIMUM_RELATIVE_VOLUME,False,,,,,,,,,,,,,,BELOW_MINIMUM_RELATIVE_VOLUME,False,,,,,,,,,,,,,,BELOW_MINIMUM_RELATIVE_VOLUME,False,,,,,,,,,,,,,
orb_v1.0,2024-09-24,235,RNA,BBG00FQ7LXX0,0.9068428641831091,14,SHORT,False,BELOW_MINIMUM_RELATIVE_VOLUME,False,False,False,False,35488.0,39133.57142857143,1787335.5,1.5891142857142846,44.3,44.67,43.78,43.78,True,BELOW_MINIMUM_RELATIVE_VOLUME,False,,,,,,,,,,,,,,BELOW_MINIMUM_RELATIVE_VOLUME,False,,,,,,,,,,,,,,BELOW_MINIMUM_RELATIVE_VOLUME,False,,,,,,,,,,,,,
orb_v1.0,2024-09-24,236,OXY,BBG001S5TZG9,0.9060542521064991,14,SHORT,False,BELOW_MINIMUM_RELATIVE_VOLUME,True,False,False,False,478996.0,528661.5,12142436.57142857,1.1985714285714277,53.0,53.11,52.71,52.77,True,BELOW_MINIMUM_RELATIVE_VOLUME,False,,,,,,,,,,,,,,BELOW_MINIMUM_RELATIVE_VOLUME,False,,,,,,,,,,,,,,BELOW_MINIMUM_RELATIVE_VOLUME,False,,,,,,,,,,,,,
orb_v1.0,2024-09-24,237,LEG,BBG001S5SRG8,0.9058285145031871,14,LONG,False,BELOW_MINIMUM_RELATIVE_VOLUME,False,False,False,False,33254.0,36711.142857142855,2117398.0,0.5100000000000001,13.11,13.22,13.04,13.22,True,BELOW_MINIMUM_RELATIVE_VOLUME,False,,,,,,,,,,,,,,BELOW_MINIMUM_RELATIVE_VOLUME,False,,,,,,,,,,,,,,BELOW_MINIMUM_RELATIVE_VOLUME,False,,,,,,,,,,,,,
orb_v1.0,2024-09-24,238,ALHC,BBG00ZJ0DSS5,0.9031014020036454,14,LONG,False,BELOW_MINIMUM_RELATIVE_VOLUME,False,False,False,False,47069.0,52119.28571428572,1477685.5714285714,0.7392857142857144,11.0,11.16,11.0,11.05,True,BELOW_MINIMUM_RELATIVE_VOLUME,False,,,,,,,,,,,,,,BELOW_MINIMUM_RELATIVE_VOLUME,False,,,,,,,,,,,,,,BELOW_MINIMUM_RELATIVE_VOLUME,False,,,,,,,,,,,,,
orb_v1.0,2024-09-24,239,GM,BBG001SM1DK6,0.9018671408931314,14,LONG,False,BELOW_MINIMUM_RELATIVE_VOLUME,True,False,False,False,409622.0,454193.28571428574,13439693.285714285,1.5217857142857143,48.46,48.765,48.29,48.635,False,BELOW_MINIMUM_RELATIVE_VOLUME,False,,,,,,,,,,,,,,BELOW_MINIMUM_RELATIVE_VOLUME,False,,,,,,,,,,,,,,BELOW_MINIMUM_RELATIVE_VOLUME,False,,,,,,,,,,,,,
orb_v1.0,2024-09-24,240,VTLE,BBG001T24DQ0,0.8967707781895182,14,SHORT,False,BELOW_MINIMUM_RELATIVE_VOLUME,False,False,False,False,20328.0,22668.0,1428599.7142857143,1.5121214285714288,30.9,31.0,30.745,30.81,True,BELOW_MINIMUM_RELATIVE_VOLUME,False,,,,,,,,,,,,,,BELOW_MINIMUM_RELATIVE_VOLUME,False,,,,,,,,,,,,,,BELOW_MINIMUM_RELATIVE_VOLUME,False,,,,,,,,,,,,,
orb_v1.0,2024-09-24,241,WSC,BBG00B0FS9V7,0.8903725731278415,14,LONG,False,BELOW_MINIMUM_RELATIVE_VOLUME,False,False,False,False,62278.0,69946.0,2695181.4285714286,1.4092000000000005,40.61,40.8768,40.29,40.8768,True,BELOW_MINIMUM_RELATIVE_VOLUME,False,,,,,,,,,,,,,,BELOW_MINIMUM_RELATIVE_VOLUME,False,,,,,,,,,,,,,,BELOW_MINIMUM_RELATIVE_VOLUME,False,,,,,,,,,,,,,
orb_v1.0,2024-09-24,242,DHR,BBG001S5QGT0,0.8886007967776726,14,SHORT,False,BELOW_MINIMUM_RELATIVE_VOLUME,True,False,False,False,57674.0,64904.28571428572,2911537.5714285714,5.265707142857151,272.54,273.82,271.04,272.25,False,BELOW_MINIMUM_RELATIVE_VOLUME,False,,,,,,,,,,,,,,BELOW_MINIMUM_RELATIVE_VOLUME,False,,,,,,,,,,,,,,BELOW_MINIMUM_RELATIVE_VOLUME,False,,,,,,,,,,,,,
orb_v1.0,2024-09-24,243,CRI,BBG001SCJ3Q5,0.885969774851198,14,LONG,False,BELOW_MINIMUM_RELATIVE_VOLUME,False,False,False,False,11302.0,12756.642857142857,1066115.0,1.999921428571427,66.88,67.49,66.56,67.08,True,BELOW_MINIMUM_RELATIVE_VOLUME,False,,,,,,,,,,,,,,BELOW_MINIMUM_RELATIVE_VOLUME,False,,,,,,,,,,,,,,BELOW_MINIMUM_RELATIVE_VOLUME,False,,,,,,,,,,,,,
orb_v1.0,2024-09-24,244,KMX,BBG001SD9561,0.8838586960775873,14,SHORT,False,BELOW_MINIMUM_RELATIVE_VOLUME,False,False,False,False,40327.0,45626.07142857143,1936364.0714285714,2.5053785714285732,76.5,76.535,75.78,76.14,True,BELOW_MINIMUM_RELATIVE_VOLUME,False,,,,,,,,,,,,,,BELOW_MINIMUM_RELATIVE_VOLUME,False,,,,,,,,,,,,,,BELOW_MINIMUM_RELATIVE_VOLUME,False,,,,,,,,,,,,,
orb_v1.0,2024-09-24,245,META,BBG001SQCQC5,0.881538147539214,14,SHORT,False,BELOW_MINIMUM_RELATIVE_VOLUME,True,False,False,False,544831.0,618045.8571428572,11989368.642857144,14.349628571428573,566.68,567.745,561.5,561.74,True,BELOW_MINIMUM_RELATIVE_VOLUME,False,,,,,,,,,,,,,,BELOW_MINIMUM_RELATIVE_VOLUME,False,,,,,,,,,,,,,,BELOW_MINIMUM_RELATIVE_VOLUME,False,,,,,,,,,,,,,
orb_v1.0,2024-09-24,246,CVI,BBG001SM6PD2,0.8686216827176169,14,SHORT,False,BELOW_MINIMUM_RELATIVE_VOLUME,False,False,False,False,30054.0,34599.642857142855,1599119.357142857,0.9550000000000003,23.81,23.81,23.6201,23.655,True,BELOW_MINIMUM_RELATIVE_VOLUME,False,,,,,,,,,,,,,,BELOW_MINIMUM_RELATIVE_VOLUME,False,,,,,,,,,,,,,,BELOW_MINIMUM_RELATIVE_VOLUME,False,,,,,,,,,,,,,
orb_v1.0,2024-09-24,247,BYON,BBG001S64TS5,0.8667741897355942,14,SHORT,False,BELOW_MINIMUM_RELATIVE_VOLUME,False,False,False,False,57619.0,66475.21428571429,1893879.2857142857,0.9017857142857144,10.0,10.1499,9.95,9.97,True,BELOW_MINIMUM_RELATIVE_VOLUME,False,,,,,,,,,,,,,,BELOW_MINIMUM_RELATIVE_VOLUME,False,,,,,,,,,,,,,,BELOW_MINIMUM_RELATIVE_VOLUME,False,,,,,,,,,,,,,
orb_v1.0,2024-09-24,248,GLNG,0001207179,0.8648790457503813,14,LONG,False,BELOW_MINIMUM_RELATIVE_VOLUME,False,False,False,False,39325.0,45468.78571428572,1075379.642857143,0.9058357142857145,34.91,35.29,34.91,35.29,True,BELOW_MINIMUM_RELATIVE_VOLUME,False,,,,,,,,,,,,,,BELOW_MINIMUM_RELATIVE_VOLUME,False,,,,,,,,,,,,,,BELOW_MINIMUM_RELATIVE_VOLUME,False,,,,,,,,,,,,,
orb_v1.0,2024-09-24,249,MGA,BBG001S5SY91,0.8648308003458737,14,LONG,False,BELOW_MINIMUM_RELATIVE_VOLUME,False,False,False,False,29505.0,34116.5,1451121.2857142857,1.1674642857142865,42.59,42.85,42.49,42.73,True,BELOW_MINIMUM_RELATIVE_VOLUME,False,,,,,,,,,,,,,,BELOW_MINIMUM_RELATIVE_VOLUME,False,,,,,,,,,,,,,,BELOW_MINIMUM_RELATIVE_VOLUME,False,,,,,,,,,,,,,
orb_v1.0,2024-09-24,250,RUN,BBG0025XVR94,0.8597420940467398,14,SHORT,False,BELOW_MINIMUM_RELATIVE_VOLUME,False,False,False,False,285047.0,331549.4285714286,7582264.357142857,1.2128571428571426,19.38,19.41,18.91,19.095,True,BELOW_MINIMUM_RELATIVE_VOLUME,False,,,,,,,,,,,,,,BELOW_MINIMUM_RELATIVE_VOLUME,False,,,,,,,,,,,,,,BELOW_MINIMUM_RELATIVE_VOLUME,False,,,,,,,,,,,,,
orb_v1.0,2024-09-24,251,EQT,BBG001S5QXJ4,0.857695789653227,14,LONG,False,BELOW_MINIMUM_RELATIVE_VOLUME,True,False,False,False,130742.0,152434.0,6801918.928571428,1.0710714285714291,36.08,36.34,36.05,36.22,True,BELOW_MINIMUM_RELATIVE_VOLUME,False,,,,,,,,,,,,,,BELOW_MINIMUM_RELATIVE_VOLUME,False,,,,,,,,,,,,,,BELOW_MINIMUM_RELATIVE_VOLUME,False,,,,,,,,,,,,,
orb_v1.0,2024-09-24,252,KD,BBG012W99DS1,0.8574008175126877,14,LONG,False,BELOW_MINIMUM_RELATIVE_VOLUME,False,False,False,False,17365.0,20253.071428571428,1249435.7857142857,0.589992857142857,23.65,23.75,23.62,23.69,False,BELOW_MINIMUM_RELATIVE_VOLUME,False,,,,,,,,,,,,,,BELOW_MINIMUM_RELATIVE_VOLUME,False,,,,,,,,,,,,,,BELOW_MINIMUM_RELATIVE_VOLUME,False,,,,,,,,,,,,,
orb_v1.0,2024-09-24,253,KHC,BBG005CPNTR1,0.8562386270589532,14,SHORT,False,BELOW_MINIMUM_RELATIVE_VOLUME,True,False,False,False,231475.0,270339.35714285716,8364216.642857143,0.5609285714285716,34.66,34.7701,34.55,34.645,False,BELOW_MINIMUM_RELATIVE_VOLUME,False,,,,,,,,,,,,,,BELOW_MINIMUM_RELATIVE_VOLUME,False,,,,,,,,,,,,,,BELOW_MINIMUM_RELATIVE_VOLUME,False,,,,,,,,,,,,,
orb_v1.0,2024-09-24,254,RMBS,BBG001S7RF80,0.8560938965014742,14,LONG,False,BELOW_MINIMUM_RELATIVE_VOLUME,False,False,False,False,37892.0,44261.5,2525293.5714285714,1.7234285714285724,39.17,39.51,39.03,39.445,True,BELOW_MINIMUM_RELATIVE_VOLUME,False,,,,,,,,,,,,,,BELOW_MINIMUM_RELATIVE_VOLUME,False,,,,,,,,,,,,,,BELOW_MINIMUM_RELATIVE_VOLUME,False,,,,,,,,,,,,,
orb_v1.0,2024-09-24,255,ASPN,BBG001SJZK39,0.8523659780445095,14,SHORT,False,BELOW_MINIMUM_RELATIVE_VOLUME,False,False,False,False,39671.0,46542.21428571428,1642310.357142857,1.8732285714285715,27.35,27.6,27.18,27.338,True,BELOW_MINIMUM_RELATIVE_VOLUME,False,,,,,,,,,,,,,,BELOW_MINIMUM_RELATIVE_VOLUME,False,,,,,,,,,,,,,,BELOW_MINIMUM_RELATIVE_VOLUME,False,,,,,,,,,,,,,
orb_v1.0,2024-09-24,256,VFC,BBG001S5X749,0.8512717854961541,14,SHORT,False,BELOW_MINIMUM_RELATIVE_VOLUME,False,False,False,False,149930.0,176124.7142857143,7473256.357142857,0.7835714285714293,18.79,18.89,18.68,18.69,True,BELOW_MINIMUM_RELATIVE_VOLUME,False,,,,,,,,,,,,,,BELOW_MINIMUM_RELATIVE_VOLUME,False,,,,,,,,,,,,,,BELOW_MINIMUM_RELATIVE_VOLUME,False,,,,,,,,,,,,,
orb_v1.0,2024-09-24,257,BA,BBG001S5P0V3,0.8499490164056014,14,SHORT,False,BELOW_MINIMUM_RELATIVE_VOLUME,True,False,False,False,334790.0,393894.21428571426,9071756.285714285,5.02507857142857,155.8,155.8899,154.66,155.36,True,BELOW_MINIMUM_RELATIVE_VOLUME,False,,,,,,,,,,,,,,BELOW_MINIMUM_RELATIVE_VOLUME,False,,,,,,,,,,,,,,BELOW_MINIMUM_RELATIVE_VOLUME,False,,,,,,,,,,,,,
orb_v1.0,2024-09-24,258,SHOP,BBG004DW5NC7,0.8489218065387902,14,SHORT,False,BELOW_MINIMUM_RELATIVE_VOLUME,True,False,False,False,205348.0,241892.7142857143,6128544.785714285,2.5952714285714293,80.77,81.07,79.614,79.76,True,BELOW_MINIMUM_RELATIVE_VOLUME,False,,,,,,,,,,,,,,BELOW_MINIMUM_RELATIVE_VOLUME,False,,,,,,,,,,,,,,BELOW_MINIMUM_RELATIVE_VOLUME,False,,,,,,,,,,,,,
orb_v1.0,2024-09-24,259,JWN,BBG001S7BDN5,0.8471527675936168,14,LONG,False,BELOW_MINIMUM_RELATIVE_VOLUME,False,False,False,False,62305.0,73546.35714285714,2481230.785714286,0.6485714285714285,23.05,23.2504,23.04,23.155,True,BELOW_MINIMUM_RELATIVE_VOLUME,False,,,,,,,,,,,,,,BELOW_MINIMUM_RELATIVE_VOLUME,False,,,,,,,,,,,,,,BELOW_MINIMUM_RELATIVE_VOLUME,False,,,,,,,,,,,,,
orb_v1.0,2024-09-24,260,UNH,BBG001S6WCJ1,0.8462281655193615,14,SHORT,False,BELOW_MINIMUM_RELATIVE_VOLUME,True,False,False,False,132132.0,156142.2857142857,3083308.4285714286,12.376728571428576,570.82,571.65,566.0,569.6671,False,BELOW_MINIMUM_RELATIVE_VOLUME,False,,,,,,,,,,,,,,BELOW_MINIMUM_RELATIVE_VOLUME,False,,,,,,,,,,,,,,BELOW_MINIMUM_RELATIVE_VOLUME,False,,,,,,,,,,,,,
orb_v1.0,2024-09-24,261,BF.B,BBG001S5P4H1,0.8460990018333673,14,SHORT,False,BELOW_MINIMUM_RELATIVE_VOLUME,True,False,False,False,33228.0,39272.0,2895198.9285714286,1.1339214285714294,47.41,47.41,46.87,47.32,False,BELOW_MINIMUM_RELATIVE_VOLUME,False,,,,,,,,,,,,,,BELOW_MINIMUM_RELATIVE_VOLUME,False,,,,,,,,,,,,,,BELOW_MINIMUM_RELATIVE_VOLUME,False,,,,,,,,,,,,,
orb_v1.0,2024-09-24,262,ALK,BBG001S5NLG6,0.8444963258354563,14,LONG,False,BELOW_MINIMUM_RELATIVE_VOLUME,False,False,False,False,42218.0,49991.92857142857,2796697.6428571427,1.5328428571428567,42.16,42.45,42.02,42.26,False,BELOW_MINIMUM_RELATIVE_VOLUME,False,,,,,,,,,,,,,,BELOW_MINIMUM_RELATIVE_VOLUME,False,,,,,,,,,,,,,,BELOW_MINIMUM_RELATIVE_VOLUME,False,,,,,,,,,,,,,
orb_v1.0,2024-09-24,263,TMDX,BBG00NZ6J701,0.842089552238806,14,SHORT,False,BELOW_MINIMUM_RELATIVE_VOLUME,False,False,False,False,21359.0,25364.285714285714,1008862.4285714285,8.333228571428572,161.89,163.0,159.36,161.6699,True,BELOW_MINIMUM_RELATIVE_VOLUME,False,,,,,,,,,,,,,,BELOW_MINIMUM_RELATIVE_VOLUME,False,,,,,,,,,,,,,,BELOW_MINIMUM_RELATIVE_VOLUME,False,,,,,,,,,,,,,
orb_v1.0,2024-09-24,264,ARWR,BBG001SGT8G5,0.8375231445052564,14,SHORT,False,BELOW_MINIMUM_RELATIVE_VOLUME,False,False,False,False,30791.0,36764.357142857145,1236944.7857142857,1.1634285714285717,20.01,20.2,19.8404,19.915,False,BELOW_MINIMUM_RELATIVE_VOLUME,False,,,,,,,,,,,,,,BELOW_MINIMUM_RELATIVE_VOLUME,False,,,,,,,,,,,,,,BELOW_MINIMUM_RELATIVE_VOLUME,False,,,,,,,,,,,,,
orb_v1.0,2024-09-24,265,KEY,BBG001S5SKV6,0.8367694133089091,14,LONG,False,BELOW_MINIMUM_RELATIVE_VOLUME,True,False,False,False,239428.0,286133.78571428574,13299535.42857143,0.546135714285714,16.81,16.88,16.785,16.87,True,BELOW_MINIMUM_RELATIVE_VOLUME,False,,,,,,,,,,,,,,BELOW_MINIMUM_RELATIVE_VOLUME,False,,,,,,,,,,,,,,BELOW_MINIMUM_RELATIVE_VOLUME,False,,,,,,,,,,,,,
orb_v1.0,2024-09-24,266,TOST,BBG00BTJVKB1,0.827658396071666,14,SHORT,False,BELOW_MINIMUM_RELATIVE_VOLUME,True,False,False,False,66927.0,80863.07142857143,5376336.642857143,0.9067285714285721,27.79,27.825,27.38,27.53,True,BELOW_MINIMUM_RELATIVE_VOLUME,False,,,,,,,,,,,,,,BELOW_MINIMUM_RELATIVE_VOLUME,False,,,,,,,,,,,,,,BELOW_MINIMUM_RELATIVE_VOLUME,False,,,,,,,,,,,,,
orb_v1.0,2024-09-24,267,AMKR,BBG001S64YF8,0.8255859751447654,14,SHORT,False,BELOW_MINIMUM_RELATIVE_VOLUME,False,False,False,False,28148.0,34094.57142857143,1762933.0714285714,1.0827357142857146,31.41,31.66,31.3,31.4,True,BELOW_MINIMUM_RELATIVE_VOLUME,False,,,,,,,,,,,,,,BELOW_MINIMUM_RELATIVE_VOLUME,False,,,,,,,,,,,,,,BELOW_MINIMUM_RELATIVE_VOLUME,False,,,,,,,,,,,,,
orb_v1.0,2024-09-24,268,SMCI,BBG001SQGH95,0.8254861398809977,14,SHORT,False,BELOW_MINIMUM_RELATIVE_VOLUME,True,False,False,False,255331.0,309309.85714285716,6292860.785714285,25.998878571428577,465.06,465.4,456.27,457.525,True,BELOW_MINIMUM_RELATIVE_VOLUME,False,,,,,,,,,,,,,,BELOW_MINIMUM_RELATIVE_VOLUME,False,,,,,,,,,,,,,,BELOW_MINIMUM_RELATIVE_VOLUME,False,,,,,,,,,,,,,
orb_v1.0,2024-09-24,269,BMY,BBG001S8N8J6,0.8231424975317979,14,SHORT,False,BELOW_MINIMUM_RELATIVE_VOLUME,True,False,False,False,244407.0,296919.4285714286,10351514.92857143,1.1404714285714286,50.01,50.16,49.8998,50.005,True,BELOW_MINIMUM_RELATIVE_VOLUME,False,,,,,,,,,,,,,,BELOW_MINIMUM_RELATIVE_VOLUME,False,,,,,,,,,,,,,,BELOW_MINIMUM_RELATIVE_VOLUME,False,,,,,,,,,,,,,
orb_v1.0,2024-09-24,270,ZION,BBG001S5XN80,0.8190023584487437,14,LONG,False,BELOW_MINIMUM_RELATIVE_VOLUME,False,False,False,False,26392.0,32224.571428571428,1715052.642857143,1.3942857142857146,47.7,47.715,47.2525,47.715,True,BELOW_MINIMUM_RELATIVE_VOLUME,False,,,,,,,,,,,,,,BELOW_MINIMUM_RELATIVE_VOLUME,False,,,,,,,,,,,,,,BELOW_MINIMUM_RELATIVE_VOLUME,False,,,,,,,,,,,,,
orb_v1.0,2024-09-24,271,SPRY,BBG00FZQGXH2,0.81785753228344,14,SHORT,False,BELOW_MINIMUM_RELATIVE_VOLUME,False,False,False,False,26252.0,32098.5,1045723.7857142857,0.7357142857142857,14.09,14.23,13.75,13.795,True,BELOW_MINIMUM_RELATIVE_VOLUME,False,,,,,,,,,,,,,,BELOW_MINIMUM_RELATIVE_VOLUME,False,,,,,,,,,,,,,,BELOW_MINIMUM_RELATIVE_VOLUME,False,,,,,,,,,,,,,
orb_v1.0,2024-09-24,272,FSLR,BBG001S991Z7,0.81714514512703,14,SHORT,False,BELOW_MINIMUM_RELATIVE_VOLUME,True,False,False,False,77406.0,94727.35714285714,1997571.0,11.432807142857142,250.27,250.47,245.431,246.8,True,BELOW_MINIMUM_RELATIVE_VOLUME,False,,,,,,,,,,,,,,BELOW_MINIMUM_RELATIVE_VOLUME,False,,,,,,,,,,,,,,BELOW_MINIMUM_RELATIVE_VOLUME,False,,,,,,,,,,,,,
orb_v1.0,2024-09-24,273,MU,BBG001S6P675,0.8167503495473628,14,SHORT,False,BELOW_MINIMUM_RELATIVE_VOLUME,True,False,False,False,1052135.0,1288196.5714285714,21870911.92857143,3.6299999999999986,94.73,95.0,94.23,94.69,True,BELOW_MINIMUM_RELATIVE_VOLUME,False,,,,,,,,,,,,,,BELOW_MINIMUM_RELATIVE_VOLUME,False,,,,,,,,,,,,,,BELOW_MINIMUM_RELATIVE_VOLUME,False,,,,,,,,,,,,,
orb_v1.0,2024-09-24,274,AFL,BBG001S5NGJ4,0.8164585755446595,14,LONG,False,BELOW_MINIMUM_RELATIVE_VOLUME,True,False,False,False,56532.0,69240.5,2802417.6428571427,1.7305999999999986,109.25,109.35,108.91,109.32,True,BELOW_MINIMUM_RELATIVE_VOLUME,False,,,,,,,,,,,,,,BELOW_MINIMUM_RELATIVE_VOLUME,False,,,,,,,,,,,,,,BELOW_MINIMUM_RELATIVE_VOLUME,False,,,,,,,,,,,,,
orb_v1.0,2024-09-24,275,FLNC,BBG012QSDTD2,0.8155264697307772,14,SHORT,False,BELOW_MINIMUM_RELATIVE_VOLUME,False,False,False,False,61142.0,74972.42857142857,1776645.857142857,1.2475,22.0,22.062,21.54,21.63,False,BELOW_MINIMUM_RELATIVE_VOLUME,False,,,,,,,,,,,,,,BELOW_MINIMUM_RELATIVE_VOLUME,False,,,,,,,,,,,,,,BELOW_MINIMUM_RELATIVE_VOLUME,False,,,,,,,,,,,,,
orb_v1.0,2024-09-24,276,VRT,BBG00L2B8LM7,0.8143204858108075,14,LONG,False,BELOW_MINIMUM_RELATIVE_VOLUME,True,False,False,False,251326.0,308632.78571428574,7486764.071428572,3.944578571428573,96.13,96.32,95.5,96.22,True,BELOW_MINIMUM_RELATIVE_VOLUME,False,,,,,,,,,,,,,,BELOW_MINIMUM_RELATIVE_VOLUME,False,,,,,,,,,,,,,,BELOW_MINIMUM_RELATIVE_VOLUME,False,,,,,,,,,,,,,
orb_v1.0,2024-09-24,277,OMC,BBG001S5VR10,0.8109933499584372,14,SHORT,False,BELOW_MINIMUM_RELATIVE_VOLUME,True,False,False,False,31220.0,38496.0,1332922.2142857143,2.0135785714285714,102.19,102.3395,101.59,102.05,True,BELOW_MINIMUM_RELATIVE_VOLUME,False,,,,,,,,,,,,,,BELOW_MINIMUM_RELATIVE_VOLUME,False,,,,,,,,,,,,,,BELOW_MINIMUM_RELATIVE_VOLUME,False,,,,,,,,,,,,,
orb_v1.0,2024-09-24,278,U,BBG0056JW5H5,0.809972823037588,14,LONG,False,BELOW_MINIMUM_RELATIVE_VOLUME,False,True,False,False,507833.0,626975.3571428572,17193469.714285713,1.4129928571428574,21.67,21.85,21.56,21.8494,True,BELOW_MINIMUM_RELATIVE_VOLUME,False,,,,,,,,,,,,,,BELOW_MINIMUM_RELATIVE_VOLUME,False,,,,,,,,,,,,,,BELOW_MINIMUM_RELATIVE_VOLUME,False,,,,,,,,,,,,,
orb_v1.0,2024-09-24,279,CRWD,BBG00BLYKRZ7,0.8080627992654453,14,SHORT,False,BELOW_MINIMUM_RELATIVE_VOLUME,True,False,False,False,208165.0,257609.92857142858,4623859.571428572,9.883264285714274,294.89,295.4,291.0,291.61,True,BELOW_MINIMUM_RELATIVE_VOLUME,False,,,,,,,,,,,,,,BELOW_MINIMUM_RELATIVE_VOLUME,False,,,,,,,,,,,,,,BELOW_MINIMUM_RELATIVE_VOLUME,False,,,,,,,,,,,,,
orb_v1.0,2024-09-24,280,RVLV,BBG00M4RHC48,0.8076846723845252,14,SHORT,False,BELOW_MINIMUM_RELATIVE_VOLUME,False,False,False,False,14240.0,17630.64285714286,1086566.9285714286,1.0916785714285713,25.23,25.23,24.95,25.04,False,BELOW_MINIMUM_RELATIVE_VOLUME,False,,,,,,,,,,,,,,BELOW_MINIMUM_RELATIVE_VOLUME,False,,,,,,,,,,,,,,BELOW_MINIMUM_RELATIVE_VOLUME,False,,,,,,,,,,,,,
orb_v1.0,2024-09-24,281,MRO,BBG001S69V69,0.8008216595783958,14,SHORT,False,BELOW_MINIMUM_RELATIVE_VOLUME,True,False,False,False,128903.0,160963.42857142858,6580621.642857143,0.6000785714285711,28.21,28.23,28.02,28.06,True,BELOW_MINIMUM_RELATIVE_VOLUME,False,,,,,,,,,,,,,,BELOW_MINIMUM_RELATIVE_VOLUME,False,,,,,,,,,,,,,,BELOW_MINIMUM_RELATIVE_VOLUME,False,,,,,,,,,,,,,
orb_v1.0,2024-09-24,282,HSY,BBG001S5S148,0.7978912978912979,14,SHORT,False,BELOW_MINIMUM_RELATIVE_VOLUME,True,False,False,False,26865.0,33670.0,1125928.142857143,3.6566714285714363,194.16,194.845,193.58,193.58,True,BELOW_MINIMUM_RELATIVE_VOLUME,False,,,,,,,,,,,,,,BELOW_MINIMUM_RELATIVE_VOLUME,False,,,,,,,,,,,,,,BELOW_MINIMUM_RELATIVE_VOLUME,False,,,,,,,,,,,,,
orb_v1.0,2024-09-24,283,PEP,BBG001S695T1,0.7970652277249044,14,SHORT,False,BELOW_MINIMUM_RELATIVE_VOLUME,True,False,False,False,198822.0,249442.57142857142,5604720.0,2.800357142857144,170.99,171.22,170.52,170.67,True,BELOW_MINIMUM_RELATIVE_VOLUME,False,,,,,,,,,,,,,,BELOW_MINIMUM_RELATIVE_VOLUME,False,,,,,,,,,,,,,,BELOW_MINIMUM_RELATIVE_VOLUME,False,,,,,,,,,,,,,
orb_v1.0,2024-09-24,284,RTX,BBG001S5X5Q9,0.7963728997300112,14,SHORT,False,BELOW_MINIMUM_RELATIVE_VOLUME,True,False,False,False,121631.0,152731.2142857143,5776657.214285715,2.0424571428571414,120.13,120.17,119.08,119.9,False,BELOW_MINIMUM_RELATIVE_VOLUME,False,,,,,,,,,,,,,,BELOW_MINIMUM_RELATIVE_VOLUME,False,,,,,,,,,,,,,,BELOW_MINIMUM_RELATIVE_VOLUME,False,,,,,,,,,,,,,
orb_v1.0,2024-09-24,285,MTG,BBG001S6SFR0,0.7952698945686384,14,LONG,False,BELOW_MINIMUM_RELATIVE_VOLUME,False,False,False,False,21045.0,26462.714285714286,1800904.4285714286,0.5509214285714281,25.67,25.878,25.67,25.878,True,BELOW_MINIMUM_RELATIVE_VOLUME,False,,,,,,,,,,,,,,BELOW_MINIMUM_RELATIVE_VOLUME,False,,,,,,,,,,,,,,BELOW_MINIMUM_RELATIVE_VOLUME,False,,,,,,,,,,,,,
orb_v1.0,2024-09-24,286,SLB,BBG001S5W4C8,0.794770419154759,14,SHORT,False,BELOW_MINIMUM_RELATIVE_VOLUME,True,False,False,False,423596.0,532979.0714285715,14956508.214285715,1.094492857142857,43.835,44.04,43.48,43.54,True,BELOW_MINIMUM_RELATIVE_VOLUME,False,,,,,,,,,,,,,,BELOW_MINIMUM_RELATIVE_VOLUME,False,,,,,,,,,,,,,,BELOW_MINIMUM_RELATIVE_VOLUME,False,,,,,,,,,,,,,
orb_v1.0,2024-09-24,287,DKNG,BBG0134WCMB3,0.7905400159571568,14,LONG,False,BELOW_MINIMUM_RELATIVE_VOLUME,True,False,False,False,239285.0,302685.5,9096582.5,1.5603571428571439,39.9,40.34,39.9,40.09,False,BELOW_MINIMUM_RELATIVE_VOLUME,False,,,,,,,,,,,,,,BELOW_MINIMUM_RELATIVE_VOLUME,False,,,,,,,,,,,,,,BELOW_MINIMUM_RELATIVE_VOLUME,False,,,,,,,,,,,,,
orb_v1.0,2024-09-24,288,BBWI,BBG001S5SWL1,0.7866781280610919,14,SHORT,False,BELOW_MINIMUM_RELATIVE_VOLUME,False,False,False,False,78704.0,100046.0,6467597.928571428,1.166642857142857,30.53,30.76,30.34,30.46,True,BELOW_MINIMUM_RELATIVE_VOLUME,False,,,,,,,,,,,,,,BELOW_MINIMUM_RELATIVE_VOLUME,False,,,,,,,,,,,,,,BELOW_MINIMUM_RELATIVE_VOLUME,False,,,,,,,,,,,,,
orb_v1.0,2024-09-24,289,FOX,BBG00JHNKKR3,0.7863766118712472,14,LONG,False,BELOW_MINIMUM_RELATIVE_VOLUME,True,False,False,False,19972.0,25397.5,1131831.5,0.7302857142857135,37.72,38.21,37.72,38.21,True,BELOW_MINIMUM_RELATIVE_VOLUME,False,,,,,,,,,,,,,,BELOW_MINIMUM_RELATIVE_VOLUME,False,,,,,,,,,,,,,,BELOW_MINIMUM_RELATIVE_VOLUME,False,,,,,,,,,,,,,
orb_v1.0,2024-09-24,290,FWRD,BBG001SC0FW1,0.7841548235816024,14,LONG,False,BELOW_MINIMUM_RELATIVE_VOLUME,False,False,False,False,14141.0,18033.428571428572,1132096.357142857,1.954128571428571,37.05,37.35,36.675,37.14,True,BELOW_MINIMUM_RELATIVE_VOLUME,False,,,,,,,,,,,,,,BELOW_MINIMUM_RELATIVE_VOLUME,False,,,,,,,,,,,,,,BELOW_MINIMUM_RELATIVE_VOLUME,False,,,,,,,,,,,,,
orb_v1.0,2024-09-24,291,PGY,0001883085,0.7836399507275694,14,SHORT,False,BELOW_MINIMUM_RELATIVE_VOLUME,False,False,False,False,27946.0,35661.78571428572,1084134.4285714286,0.7710714285714284,12.01,12.05,11.95,11.97,True,BELOW_MINIMUM_RELATIVE_VOLUME,False,,,,,,,,,,,,,,BELOW_MINIMUM_RELATIVE_VOLUME,False,,,,,,,,,,,,,,BELOW_MINIMUM_RELATIVE_VOLUME,False,,,,,,,,,,,,,
orb_v1.0,2024-09-24,292,CVS,BBG001S5QBD8,0.7835502644954802,14,SHORT,False,BELOW_MINIMUM_RELATIVE_VOLUME,True,False,False,False,199996.0,255243.35714285713,7649002.571428572,1.5609428571428576,57.64,57.75,57.32,57.59,False,BELOW_MINIMUM_RELATIVE_VOLUME,False,,,,,,,,,,,,,,BELOW_MINIMUM_RELATIVE_VOLUME,False,,,,,,,,,,,,,,BELOW_MINIMUM_RELATIVE_VOLUME,False,,,,,,,,,,,,,
orb_v1.0,2024-09-24,293,JNJ,BBG001S5SHQ9,0.7815417180312095,14,SHORT,False,BELOW_MINIMUM_RELATIVE_VOLUME,True,False,False,False,232083.0,296955.35714285716,5875221.642857143,2.2024857142857104,162.79,162.79,162.052,162.06,True,BELOW_MINIMUM_RELATIVE_VOLUME,False,,,,,,,,,,,,,,BELOW_MINIMUM_RELATIVE_VOLUME,False,,,,,,,,,,,,,,BELOW_MINIMUM_RELATIVE_VOLUME,False,,,,,,,,,,,,,
orb_v1.0,2024-09-24,294,NFE,BBG00MJH9M32,0.7807573424987767,14,SHORT,False,BELOW_MINIMUM_RELATIVE_VOLUME,False,False,False,False,65422.0,83793.0,3427740.4285714286,0.8942857142857139,10.08,10.22,9.91,9.93,True,BELOW_MINIMUM_RELATIVE_VOLUME,False,,,,,,,,,,,,,,BELOW_MINIMUM_RELATIVE_VOLUME,False,,,,,,,,,,,,,,BELOW_MINIMUM_RELATIVE_VOLUME,False,,,,,,,,,,,,,
orb_v1.0,2024-09-24,295,MRVL,BBG00ZXBJ162,0.779942262538844,14,SHORT,False,BELOW_MINIMUM_RELATIVE_VOLUME,True,False,False,False,297938.0,382000.0714285714,11355699.57142857,3.1322142857142867,72.41,72.66,72.0,72.2875,True,BELOW_MINIMUM_RELATIVE_VOLUME,False,,,,,,,,,,,,,,BELOW_MINIMUM_RELATIVE_VOLUME,False,,,,,,,,,,,,,,BELOW_MINIMUM_RELATIVE_VOLUME,False,,,,,,,,,,,,,
orb_v1.0,2024-09-24,296,CGON,BBG00YHKK4R2,0.7797637236571558,14,SHORT,False,BELOW_MINIMUM_RELATIVE_VOLUME,False,False,False,False,10754.0,13791.357142857143,1387363.357142857,2.1849928571428565,38.0,38.06,37.73,37.76,True,BELOW_MINIMUM_RELATIVE_VOLUME,False,,,,,,,,,,,,,,BELOW_MINIMUM_RELATIVE_VOLUME,False,,,,,,,,,,,,,,BELOW_MINIMUM_RELATIVE_VOLUME,False,,,,,,,,,,,,,
orb_v1.0,2024-09-24,297,TEM,BBG01MZQYK84,0.7782872359683305,14,SHORT,False,BELOW_MINIMUM_RELATIVE_VOLUME,False,False,False,False,46679.0,59976.57142857143,1229932.9285714286,5.868557142857144,55.45,55.9683,54.03,54.225,True,BELOW_MINIMUM_RELATIVE_VOLUME,False,,,,,,,,,,,,,,BELOW_MINIMUM_RELATIVE_VOLUME,False,,,,,,,,,,,,,,BELOW_MINIMUM_RELATIVE_VOLUME,False,,,,,,,,,,,,,
orb_v1.0,2024-09-24,298,WKC,BBG001S5S9J5,0.7779902737555324,14,SHORT,False,BELOW_MINIMUM_RELATIVE_VOLUME,False,False,False,False,12204.0,15686.57142857143,1235022.0,0.8671428571428564,31.08,31.115,30.885,31.04,True,BELOW_MINIMUM_RELATIVE_VOLUME,False,,,,,,,,,,,,,,BELOW_MINIMUM_RELATIVE_VOLUME,False,,,,,,,,,,,,,,BELOW_MINIMUM_RELATIVE_VOLUME,False,,,,,,,,,,,,,
orb_v1.0,2024-09-24,299,SPGI,BBG001S5T5M8,0.776313618941342,14,SHORT,False,BELOW_MINIMUM_RELATIVE_VOLUME,True,False,False,False,34287.0,44166.42857142857,1065584.857142857,8.412500000000003,517.28,519.505,513.01,514.98,False,BELOW_MINIMUM_RELATIVE_VOLUME,False,,,,,,,,,,,,,,BELOW_MINIMUM_RELATIVE_VOLUME,False,,,,,,,,,,,,,,BELOW_MINIMUM_RELATIVE_VOLUME,False,,,,,,,,,,,,,
orb_v1.0,2024-09-24,300,DDOG,BBG003NJHZW5,0.7759582400553826,14,SHORT,False,BELOW_MINIMUM_RELATIVE_VOLUME,True,False,False,False,51720.0,66653.07142857143,2957345.5,2.769528571428573,116.58,116.61,116.2,116.46,True,BELOW_MINIMUM_RELATIVE_VOLUME,False,,,,,,,,,,,,,,BELOW_MINIMUM_RELATIVE_VOLUME,False,,,,,,,,,,,,,,BELOW_MINIMUM_RELATIVE_VOLUME,False,,,,,,,,,,,,,
orb_v1.0,2024-09-24,301,NXPI,0001413447,0.7748930198886317,14,LONG,False,BELOW_MINIMUM_RELATIVE_VOLUME,True,False,False,False,66975.0,86431.28571428571,2875436.214285714,7.612492857142862,234.6,238.02,234.12,238.02,True,BELOW_MINIMUM_RELATIVE_VOLUME,False,,,,,,,,,,,,,,BELOW_MINIMUM_RELATIVE_VOLUME,False,,,,,,,,,,,,,,BELOW_MINIMUM_RELATIVE_VOLUME,False,,,,,,,,,,,,,
orb_v1.0,2024-09-24,302,DOW,BBG00BN96931,0.7724343696256631,14,LONG,False,BELOW_MINIMUM_RELATIVE_VOLUME,True,False,False,False,170611.0,220874.42857142858,4453531.214285715,1.1124571428571426,52.69,53.198,52.63,53.06,True,BELOW_MINIMUM_RELATIVE_VOLUME,False,,,,,,,,,,,,,,BELOW_MINIMUM_RELATIVE_VOLUME,False,,,,,,,,,,,,,,BELOW_MINIMUM_RELATIVE_VOLUME,False,,,,,,,,,,,,,
orb_v1.0,2024-09-24,303,DOCU,BBG001T535D5,0.7721505348828753,14,LONG,False,BELOW_MINIMUM_RELATIVE_VOLUME,False,False,False,False,81903.0,106071.28571428571,3152544.785714286,1.7957000000000005,59.0,59.55,59.0,59.55,True,BELOW_MINIMUM_RELATIVE_VOLUME,False,,,,,,,,,,,,,,BELOW_MINIMUM_RELATIVE_VOLUME,False,,,,,,,,,,,,,,BELOW_MINIMUM_RELATIVE_VOLUME,False,,,,,,,,,,,,,
orb_v1.0,2024-09-24,304,EVH,BBG005CHLMB3,0.7715744515087856,14,DOJI,False,BELOW_MINIMUM_RELATIVE_VOLUME,False,False,False,False,27730.0,35939.5,1393483.7857142857,1.054357142857143,29.95,30.07,29.56,29.95,False,BELOW_MINIMUM_RELATIVE_VOLUME,False,,,,,,,,,,,,,,BELOW_MINIMUM_RELATIVE_VOLUME,False,,,,,,,,,,,,,,BELOW_MINIMUM_RELATIVE_VOLUME,False,,,,,,,,,,,,,
orb_v1.0,2024-09-24,305,GE,BBG001S5PVD5,0.7713336224411762,14,LONG,False,BELOW_MINIMUM_RELATIVE_VOLUME,True,False,False,False,144452.0,187275.64285714287,5180512.642857143,4.658835714285715,188.67,189.02,187.69,189.02,True,BELOW_MINIMUM_RELATIVE_VOLUME,False,,,,,,,,,,,,,,BELOW_MINIMUM_RELATIVE_VOLUME,False,,,,,,,,,,,,,,BELOW_MINIMUM_RELATIVE_VOLUME,False,,,,,,,,,,,,,
orb_v1.0,2024-09-24,306,SIG,0000832988,0.7665151704679704,14,LONG,False,BELOW_MINIMUM_RELATIVE_VOLUME,False,False,False,False,27575.0,35974.5,1251014.857142857,4.112135714285714,98.19,98.9,97.7,98.9,True,BELOW_MINIMUM_RELATIVE_VOLUME,False,,,,,,,,,,,,,,BELOW_MINIMUM_RELATIVE_VOLUME,False,,,,,,,,,,,,,,BELOW_MINIMUM_RELATIVE_VOLUME,False,,,,,,,,,,,,,
orb_v1.0,2024-09-24,307,BIRK,0001977102,0.765406976744186,14,LONG,False,BELOW_MINIMUM_RELATIVE_VOLUME,False,False,False,False,18431.0,24080.0,1763114.7857142857,1.7364214285714301,49.26,49.55,49.22,49.42,True,BELOW_MINIMUM_RELATIVE_VOLUME,False,,,,,,,,,,,,,,BELOW_MINIMUM_RELATIVE_VOLUME,False,,,,,,,,,,,,,,BELOW_MINIMUM_RELATIVE_VOLUME,False,,,,,,,,,,,,,
orb_v1.0,2024-09-24,308,SN,0001957132,0.7639516524201013,14,SHORT,False,BELOW_MINIMUM_RELATIVE_VOLUME,False,False,False,False,24054.0,31486.285714285714,1335372.5714285714,3.008964285714287,106.55,107.1,106.12,106.52,True,BELOW_MINIMUM_RELATIVE_VOLUME,False,,,,,,,,,,,,,,BELOW_MINIMUM_RELATIVE_VOLUME,False,,,,,,,,,,,,,,BELOW_MINIMUM_RELATIVE_VOLUME,False,,,,,,,,,,,,,
orb_v1.0,2024-09-24,309,GCT,0001857816,0.7622606311757043,14,SHORT,False,BELOW_MINIMUM_RELATIVE_VOLUME,False,False,False,False,47983.0,62948.28571428572,1616848.2142857143,1.3999428571428576,18.42,18.5171,18.31,18.31,True,BELOW_MINIMUM_RELATIVE_VOLUME,False,,,,,,,,,,,,,,BELOW_MINIMUM_RELATIVE_VOLUME,False,,,,,,,,,,,,,,BELOW_MINIMUM_RELATIVE_VOLUME,False,,,,,,,,,,,,,
orb_v1.0,2024-09-24,310,SYM,BBG00Z72HCX9,0.7615785813630042,14,SHORT,False,BELOW_MINIMUM_RELATIVE_VOLUME,False,False,False,False,53193.0,69845.71428571429,2425763.4285714286,1.5859928571428568,23.86,23.95,23.5,23.555,True,BELOW_MINIMUM_RELATIVE_VOLUME,False,,,,,,,,,,,,,,BELOW_MINIMUM_RELATIVE_VOLUME,False,,,,,,,,,,,,,,BELOW_MINIMUM_RELATIVE_VOLUME,False,,,,,,,,,,,,,
orb_v1.0,2024-09-24,311,FLEX,0000866374,0.761397824577644,14,LONG,False,BELOW_MINIMUM_RELATIVE_VOLUME,False,False,False,False,41360.0,54321.142857142855,6445405.642857143,1.1214285714285719,33.12,33.35,32.985,33.17,False,BELOW_MINIMUM_RELATIVE_VOLUME,False,,,,,,,,,,,,,,BELOW_MINIMUM_RELATIVE_VOLUME,False,,,,,,,,,,,,,,BELOW_MINIMUM_RELATIVE_VOLUME,False,,,,,,,,,,,,,
orb_v1.0,2024-09-24,312,NVST,BBG00LN4B6D9,0.761079862067157,14,SHORT,False,BELOW_MINIMUM_RELATIVE_VOLUME,False,False,False,False,20731.0,27238.928571428572,2733746.1428571427,0.852857142857143,19.16,19.29,19.1,19.15,True,BELOW_MINIMUM_RELATIVE_VOLUME,False,,,,,,,,,,,,,,BELOW_MINIMUM_RELATIVE_VOLUME,False,,,,,,,,,,,,,,BELOW_MINIMUM_RELATIVE_VOLUME,False,,,,,,,,,,,,,
orb_v1.0,2024-09-24,313,BNS,BBG001S5Y2B1,0.7610056002251047,14,DOJI,False,BELOW_MINIMUM_RELATIVE_VOLUME,True,False,False,False,43659.0,57370.142857142855,1562695.9285714286,0.7671285714285716,54.09,54.13,53.89,54.09,False,BELOW_MINIMUM_RELATIVE_VOLUME,False,,,,,,,,,,,,,,BELOW_MINIMUM_RELATIVE_VOLUME,False,,,,,,,,,,,,,,BELOW_MINIMUM_RELATIVE_VOLUME,False,,,,,,,,,,,,,
orb_v1.0,2024-09-24,314,QCOM,BBG001S6VS70,0.7582865879131719,14,LONG,False,BELOW_MINIMUM_RELATIVE_VOLUME,True,False,False,False,245690.0,324006.78571428574,8806859.5,5.296728571428569,167.42,167.91,166.7501,167.87,True,BELOW_MINIMUM_RELATIVE_VOLUME,False,,,,,,,,,,,,,,BELOW_MINIMUM_RELATIVE_VOLUME,False,,,,,,,,,,,,,,BELOW_MINIMUM_RELATIVE_VOLUME,False,,,,,,,,,,,,,
orb_v1.0,2024-09-24,315,AMCX,BBG001SLR8S3,0.7572540778605108,14,SHORT,False,BELOW_MINIMUM_RELATIVE_VOLUME,False,False,False,False,36009.0,47552.07142857143,2654378.8571428573,0.6146428571428572,7.9,7.936,7.69,7.705,True,BELOW_MINIMUM_RELATIVE_VOLUME,False,,,,,,,,,,,,,,BELOW_MINIMUM_RELATIVE_VOLUME,False,,,,,,,,,,,,,,BELOW_MINIMUM_RELATIVE_VOLUME,False,,,,,,,,,,,,,
orb_v1.0,2024-09-24,316,VSTS,BBG001SGVMS8,0.7553777131077968,14,LONG,False,BELOW_MINIMUM_RELATIVE_VOLUME,False,False,False,False,15574.0,20617.5,3559038.785714286,0.6241428571428571,15.56,15.7689,15.51,15.635,True,BELOW_MINIMUM_RELATIVE_VOLUME,False,,,,,,,,,,,,,,BELOW_MINIMUM_RELATIVE_VOLUME,False,,,,,,,,,,,,,,BELOW_MINIMUM_RELATIVE_VOLUME,False,,,,,,,,,,,,,
orb_v1.0,2024-09-24,317,TMO,BBG001S5WS08,0.7529095975739694,14,SHORT,False,BELOW_MINIMUM_RELATIVE_VOLUME,True,False,False,False,36745.0,48804.0,1349990.2142857143,11.471021428571419,611.21,612.49,608.12,608.62,True,BELOW_MINIMUM_RELATIVE_VOLUME,False,,,,,,,,,,,,,,BELOW_MINIMUM_RELATIVE_VOLUME,False,,,,,,,,,,,,,,BELOW_MINIMUM_RELATIVE_VOLUME,False,,,,,,,,,,,,,
orb_v1.0,2024-09-24,318,MSTR,BBG001SC7PX1,0.7504281389485813,14,SHORT,False,BELOW_MINIMUM_RELATIVE_VOLUME,False,True,False,False,320600.0,427222.78571428574,11167143.142857144,9.709685714285717,150.16,151.2,149.19,149.607,True,BELOW_MINIMUM_RELATIVE_VOLUME,False,,,,,,,,,,,,,,BELOW_MINIMUM_RELATIVE_VOLUME,False,,,,,,,,,,,,,,BELOW_MINIMUM_RELATIVE_VOLUME,False,,,,,,,,,,,,,
orb_v1.0,2024-09-24,319,LMT,BBG001S7PS57,0.749792917788362,14,SHORT,False,BELOW_MINIMUM_RELATIVE_VOLUME,True,False,False,False,22759.0,30353.714285714286,1012849.7857142857,8.911404214285701,578.93,579.1725,576.41,578.2455,True,BELOW_MINIMUM_RELATIVE_VOLUME,False,,,,,,,,,,,,,,BELOW_MINIMUM_RELATIVE_VOLUME,False,,,,,,,,,,,,,,BELOW_MINIMUM_RELATIVE_VOLUME,False,,,,,,,,,,,,,
orb_v1.0,2024-09-24,320,PAAS,BBG001S5ZXR5,0.7494579867256737,14,LONG,False,BELOW_MINIMUM_RELATIVE_VOLUME,False,False,False,False,119137.0,158964.2142857143,3504356.5,0.7832142857142854,21.15,21.35,21.0741,21.16,True,BELOW_MINIMUM_RELATIVE_VOLUME,False,,,,,,,,,,,,,,BELOW_MINIMUM_RELATIVE_VOLUME,False,,,,,,,,,,,,,,BELOW_MINIMUM_RELATIVE_VOLUME,False,,,,,,,,,,,,,
orb_v1.0,2024-09-24,321,NOW,BBG001T4JFC0,0.7481955849178772,14,SHORT,False,BELOW_MINIMUM_RELATIVE_VOLUME,True,False,False,False,30869.0,41257.92857142857,1203110.5,22.01985000000002,925.55,926.915,916.03,916.03,True,BELOW_MINIMUM_RELATIVE_VOLUME,False,,,,,,,,,,,,,,BELOW_MINIMUM_RELATIVE_VOLUME,False,,,,,,,,,,,,,,BELOW_MINIMUM_RELATIVE_VOLUME,False,,,,,,,,,,,,,
orb_v1.0,2024-09-24,322,UNM,BBG001S5X2J4,0.7433021075666683,14,LONG,False,BELOW_MINIMUM_RELATIVE_VOLUME,False,False,False,False,15382.0,20694.14285714286,1426995.9285714286,1.0222142857142842,58.32,58.56,58.2,58.525,True,BELOW_MINIMUM_RELATIVE_VOLUME,False,,,,,,,,,,,,,,BELOW_MINIMUM_RELATIVE_VOLUME,False,,,,,,,,,,,,,,BELOW_MINIMUM_RELATIVE_VOLUME,False,,,,,,,,,,,,,
orb_v1.0,2024-09-24,323,SGH,0001616533,0.7431927389215163,14,LONG,False,BELOW_MINIMUM_RELATIVE_VOLUME,False,False,False,False,17400.0,23412.5,1060703.7857142857,0.786071428571429,19.62,19.735,19.53,19.72,True,BELOW_MINIMUM_RELATIVE_VOLUME,False,,,,,,,,,,,,,,BELOW_MINIMUM_RELATIVE_VOLUME,False,,,,,,,,,,,,,,BELOW_MINIMUM_RELATIVE_VOLUME,False,,,,,,,,,,,,,
orb_v1.0,2024-09-24,324,GH,BBG006D97VZ8,0.7413835547763825,14,SHORT,False,BELOW_MINIMUM_RELATIVE_VOLUME,False,False,False,False,53133.0,71667.35714285714,2678587.4285714286,1.3962999999999997,23.6,23.79,23.43,23.535,True,BELOW_MINIMUM_RELATIVE_VOLUME,False,,,,,,,,,,,,,,BELOW_MINIMUM_RELATIVE_VOLUME,False,,,,,,,,,,,,,,BELOW_MINIMUM_RELATIVE_VOLUME,False,,,,,,,,,,,,,
orb_v1.0,2024-09-24,325,BRO,BBG001S5XFN0,0.7407516368935625,14,SHORT,False,BELOW_MINIMUM_RELATIVE_VOLUME,True,False,False,False,30934.0,41760.28571428572,1777345.0714285714,1.8232142857142861,101.86,101.93,101.0152,101.5795,False,BELOW_MINIMUM_RELATIVE_VOLUME,False,,,,,,,,,,,,,,BELOW_MINIMUM_RELATIVE_VOLUME,False,,,,,,,,,,,,,,BELOW_MINIMUM_RELATIVE_VOLUME,False,,,,,,,,,,,,,
orb_v1.0,2024-09-24,326,LRCX,BBG001S5SW40,0.7399924370732539,14,SHORT,False,BELOW_MINIMUM_RELATIVE_VOLUME,True,False,False,False,39697.0,53645.142857142855,1373382.2857142857,26.661064285714296,796.0,797.99,792.22,794.13,True,BELOW_MINIMUM_RELATIVE_VOLUME,False,,,,,,,,,,,,,,BELOW_MINIMUM_RELATIVE_VOLUME,False,,,,,,,,,,,,,,BELOW_MINIMUM_RELATIVE_VOLUME,False,,,,,,,,,,,,,
orb_v1.0,2024-09-24,327,MNST,BBG008NVB1F7,0.7372181006163954,14,LONG,False,BELOW_MINIMUM_RELATIVE_VOLUME,True,False,False,False,114134.0,154817.14285714287,6274347.928571428,1.1124999999999992,52.12,52.355,51.86,52.33,True,BELOW_MINIMUM_RELATIVE_VOLUME,False,,,,,,,,,,,,,,BELOW_MINIMUM_RELATIVE_VOLUME,False,,,,,,,,,,,,,,BELOW_MINIMUM_RELATIVE_VOLUME,False,,,,,,,,,,,,,
orb_v1.0,2024-09-24,328,AVTR,BBG00G2HHYF5,0.7368305565569017,14,LONG,False,BELOW_MINIMUM_RELATIVE_VOLUME,True,False,False,False,53728.0,72917.71428571429,5040731.642857143,0.7864357142857143,26.55,26.665,26.41,26.62,True,BELOW_MINIMUM_RELATIVE_VOLUME,False,,,,,,,,,,,,,,BELOW_MINIMUM_RELATIVE_VOLUME,False,,,,,,,,,,,,,,BELOW_MINIMUM_RELATIVE_VOLUME,False,,,,,,,,,,,,,
orb_v1.0,2024-09-24,329,DHI,BBG001S8M692,0.7348859659707976,14,SHORT,False,BELOW_MINIMUM_RELATIVE_VOLUME,True,False,False,False,53505.0,72807.21428571429,2182427.4285714286,4.545492857142861,194.31,194.39,191.69,193.41,True,BELOW_MINIMUM_RELATIVE_VOLUME,False,,,,,,,,,,,,,,BELOW_MINIMUM_RELATIVE_VOLUME,False,,,,,,,,,,,,,,BELOW_MINIMUM_RELATIVE_VOLUME,False,,,,,,,,,,,,,
orb_v1.0,2024-09-24,330,EXPI,BBG001V05TN8,0.7334930569539363,14,SHORT,False,BELOW_MINIMUM_RELATIVE_VOLUME,False,False,False,False,25498.0,34762.42857142857,1146755.5,0.7828857142857144,14.19,14.28,14.1,14.1,True,BELOW_MINIMUM_RELATIVE_VOLUME,False,,,,,,,,,,,,,,BELOW_MINIMUM_RELATIVE_VOLUME,False,,,,,,,,,,,,,,BELOW_MINIMUM_RELATIVE_VOLUME,False,,,,,,,,,,,,,
orb_v1.0,2024-09-24,331,ADI,BBG001S5ND38,0.7328125312752883,14,LONG,False,BELOW_MINIMUM_RELATIVE_VOLUME,True,False,False,False,73222.0,99919.14285714286,2980516.6428571427,6.591714285714285,228.64,230.41,227.78,230.07,True,BELOW_MINIMUM_RELATIVE_VOLUME,False,,,,,,,,,,,,,,BELOW_MINIMUM_RELATIVE_VOLUME,False,,,,,,,,,,,,,,BELOW_MINIMUM_RELATIVE_VOLUME,False,,,,,,,,,,,,,
orb_v1.0,2024-09-24,332,DIS,BBG001S5QHF3,0.731614404109921,14,SHORT,False,BELOW_MINIMUM_RELATIVE_VOLUME,True,False,False,False,301908.0,412660.0,9000743.07142857,1.402785714285718,93.34,93.65,93.16,93.25,True,BELOW_MINIMUM_RELATIVE_VOLUME,False,,,,,,,,,,,,,,BELOW_MINIMUM_RELATIVE_VOLUME,False,,,,,,,,,,,,,,BELOW_MINIMUM_RELATIVE_VOLUME,False,,,,,,,,,,,,,
orb_v1.0,2024-09-24,333,JBL,BBG001S7RB70,0.731214684856242,14,SHORT,False,BELOW_MINIMUM_RELATIVE_VOLUME,False,False,False,False,23423.0,32033.0,1832257.0,2.8725000000000014,114.97,115.0,114.21,114.45,True,BELOW_MINIMUM_RELATIVE_VOLUME,False,,,,,,,,,,,,,,BELOW_MINIMUM_RELATIVE_VOLUME,False,,,,,,,,,,,,,,BELOW_MINIMUM_RELATIVE_VOLUME,False,,,,,,,,,,,,,
orb_v1.0,2024-09-24,334,EBAY,BBG001S9B9J5,0.73056404083533,14,LONG,False,BELOW_MINIMUM_RELATIVE_VOLUME,True,False,False,False,137859.0,188702.14285714287,6276543.428571428,1.2909571428571407,63.8,64.44,63.57,64.31,True,BELOW_MINIMUM_RELATIVE_VOLUME,False,,,,,,,,,,,,,,BELOW_MINIMUM_RELATIVE_VOLUME,False,,,,,,,,,,,,,,BELOW_MINIMUM_RELATIVE_VOLUME,False,,,,,,,,,,,,,
orb_v1.0,2024-09-24,335,UDR,BBG001S6KCT3,0.7296446755343796,14,LONG,False,BELOW_MINIMUM_RELATIVE_VOLUME,True,False,False,False,36666.0,50251.857142857145,2751276.1428571427,0.8210714285714295,45.95,46.085,45.81,45.955,True,BELOW_MINIMUM_RELATIVE_VOLUME,False,,,,,,,,,,,,,,BELOW_MINIMUM_RELATIVE_VOLUME,False,,,,,,,,,,,,,,BELOW_MINIMUM_RELATIVE_VOLUME,False,,,,,,,,,,,,,
orb_v1.0,2024-09-24,336,FIVN,BBG001V0P7K7,0.7296441824929054,14,SHORT,False,BELOW_MINIMUM_RELATIVE_VOLUME,False,False,False,False,15280.0,20941.714285714286,1956826.142857143,1.1644071428571434,27.92,27.92,27.6201,27.8,True,BELOW_MINIMUM_RELATIVE_VOLUME,False,,,,,,,,,,,,,,BELOW_MINIMUM_RELATIVE_VOLUME,False,,,,,,,,,,,,,,BELOW_MINIMUM_RELATIVE_VOLUME,False,,,,,,,,,,,,,
orb_v1.0,2024-09-24,337,AGI,BBG009HT65S0,0.7266434193852728,14,SHORT,False,BELOW_MINIMUM_RELATIVE_VOLUME,False,False,False,False,56114.0,77223.57142857143,2916256.5,0.5927357142857138,21.14,21.16,20.97,21.03,True,BELOW_MINIMUM_RELATIVE_VOLUME,False,,,,,,,,,,,,,,BELOW_MINIMUM_RELATIVE_VOLUME,False,,,,,,,,,,,,,,BELOW_MINIMUM_RELATIVE_VOLUME,False,,,,,,,,,,,,,
orb_v1.0,2024-09-24,338,MTDR,BBG001T3L5S4,0.7254543378457489,14,SHORT,False,BELOW_MINIMUM_RELATIVE_VOLUME,False,False,False,False,28590.0,39409.78571428572,1644978.0,1.5928214285714286,53.44,53.68,53.1,53.28,True,BELOW_MINIMUM_RELATIVE_VOLUME,False,,,,,,,,,,,,,,BELOW_MINIMUM_RELATIVE_VOLUME,False,,,,,,,,,,,,,,BELOW_MINIMUM_RELATIVE_VOLUME,False,,,,,,,,,,,,,
orb_v1.0,2024-09-24,339,STLD,BBG001S98JK5,0.7143380210655889,14,LONG,False,BELOW_MINIMUM_RELATIVE_VOLUME,True,False,False,False,35814.0,50135.92857142857,1914286.4285714286,3.4191071428571402,123.25,124.63,123.125,124.435,True,BELOW_MINIMUM_RELATIVE_VOLUME,False,,,,,,,,,,,,,,BELOW_MINIMUM_RELATIVE_VOLUME,False,,,,,,,,,,,,,,BELOW_MINIMUM_RELATIVE_VOLUME,False,,,,,,,,,,,,,
orb_v1.0,2024-09-24,340,BDX,BBG001S5P374,0.7129749423748978,14,SHORT,False,BELOW_MINIMUM_RELATIVE_VOLUME,True,False,False,False,23972.0,33622.5,1499993.4285714286,4.707335714285715,235.74,236.0,233.86,234.32,True,BELOW_MINIMUM_RELATIVE_VOLUME,False,,,,,,,,,,,,,,BELOW_MINIMUM_RELATIVE_VOLUME,False,,,,,,,,,,,,,,BELOW_MINIMUM_RELATIVE_VOLUME,False,,,,,,,,,,,,,
orb_v1.0,2024-09-24,341,POR,BBG001S5V4Y5,0.7109154648860275,14,LONG,False,BELOW_MINIMUM_RELATIVE_VOLUME,False,False,False,False,23567.0,33150.21428571428,1137438.4285714286,0.7592785714285709,47.51,47.84,47.395,47.835,True,BELOW_MINIMUM_RELATIVE_VOLUME,False,,,,,,,,,,,,,,BELOW_MINIMUM_RELATIVE_VOLUME,False,,,,,,,,,,,,,,BELOW_MINIMUM_RELATIVE_VOLUME,False,,,,,,,,,,,,,
orb_v1.0,2024-09-24,342,GNTX,BBG001S5RMR8,0.7108027929627294,14,LONG,False,BELOW_MINIMUM_RELATIVE_VOLUME,False,False,False,False,17953.0,25257.35714285714,1528740.5714285714,0.6617857142857151,30.4,30.64,30.4,30.5901,True,BELOW_MINIMUM_RELATIVE_VOLUME,False,,,,,,,,,,,,,,BELOW_MINIMUM_RELATIVE_VOLUME,False,,,,,,,,,,,,,,BELOW_MINIMUM_RELATIVE_VOLUME,False,,,,,,,,,,,,,
orb_v1.0,2024-09-24,343,OGN,BBG00ZQRGW42,0.7089227997668627,14,SHORT,False,BELOW_MINIMUM_RELATIVE_VOLUME,False,False,False,False,26759.0,37746.0,1866919.142857143,0.6398,19.8,19.83,19.76,19.76,True,BELOW_MINIMUM_RELATIVE_VOLUME,False,,,,,,,,,,,,,,BELOW_MINIMUM_RELATIVE_VOLUME,False,,,,,,,,,,,,,,BELOW_MINIMUM_RELATIVE_VOLUME,False,,,,,,,,,,,,,
orb_v1.0,2024-09-24,344,GRPN,BBG001T8J560,0.708312566541481,14,SHORT,False,BELOW_MINIMUM_RELATIVE_VOLUME,False,False,False,False,21622.0,30526.071428571428,1279772.357142857,0.7973500000000003,10.83,10.83,10.675,10.675,True,BELOW_MINIMUM_RELATIVE_VOLUME,False,,,,,,,,,,,,,,BELOW_MINIMUM_RELATIVE_VOLUME,False,,,,,,,,,,,,,,BELOW_MINIMUM_RELATIVE_VOLUME,False,,,,,,,,,,,,,
orb_v1.0,2024-09-24,345,NFLX,BBG001SF6L46,0.7076814421646426,14,LONG,False,BELOW_MINIMUM_RELATIVE_VOLUME,True,False,False,False,84026.0,118734.21428571429,2655963.0,16.411885714285706,706.625,710.35,706.0,709.74,True,BELOW_MINIMUM_RELATIVE_VOLUME,False,,,,,,,,,,,,,,BELOW_MINIMUM_RELATIVE_VOLUME,False,,,,,,,,,,,,,,BELOW_MINIMUM_RELATIVE_VOLUME,False,,,,,,,,,,,,,
orb_v1.0,2024-09-24,346,NE,0001895262,0.7074916106871624,14,LONG,False,BELOW_MINIMUM_RELATIVE_VOLUME,False,False,False,False,58084.0,82098.5,3270186.714285714,1.3052214285714274,36.59,37.08,36.59,36.84,False,BELOW_MINIMUM_RELATIVE_VOLUME,False,,,,,,,,,,,,,,BELOW_MINIMUM_RELATIVE_VOLUME,False,,,,,,,,,,,,,,BELOW_MINIMUM_RELATIVE_VOLUME,False,,,,,,,,,,,,,
orb_v1.0,2024-09-24,347,CNI,BBG001S8WVQ7,0.707025759199029,14,SHORT,False,BELOW_MINIMUM_RELATIVE_VOLUME,True,False,False,False,18431.0,26068.35714285714,1418999.142857143,2.483785714285716,117.84,117.9,117.305,117.65,False,BELOW_MINIMUM_RELATIVE_VOLUME,False,,,,,,,,,,,,,,BELOW_MINIMUM_RELATIVE_VOLUME,False,,,,,,,,,,,,,,BELOW_MINIMUM_RELATIVE_VOLUME,False,,,,,,,,,,,,,
orb_v1.0,2024-09-24,348,HWM,BBG00DYNJH69,0.7067190689807412,14,LONG,False,BELOW_MINIMUM_RELATIVE_VOLUME,True,False,False,False,41962.0,59375.78571428572,2607363.214285714,2.3281428571428555,98.62,98.96,98.04,98.67,True,BELOW_MINIMUM_RELATIVE_VOLUME,False,,,,,,,,,,,,,,BELOW_MINIMUM_RELATIVE_VOLUME,False,,,,,,,,,,,,,,BELOW_MINIMUM_RELATIVE_VOLUME,False,,,,,,,,,,,,,
orb_v1.0,2024-09-24,349,ZTS,BBG0039320P7,0.7057611863185421,14,SHORT,False,BELOW_MINIMUM_RELATIVE_VOLUME,True,False,False,False,44493.0,63042.57142857143,2003848.857142857,4.089242857142859,194.96,195.44,193.97,194.89,True,BELOW_MINIMUM_RELATIVE_VOLUME,False,,,,,,,,,,,,,,BELOW_MINIMUM_RELATIVE_VOLUME,False,,,,,,,,,,,,,,BELOW_MINIMUM_RELATIVE_VOLUME,False,,,,,,,,,,,,,
orb_v1.0,2024-09-24,350,DBX,BBG001TFLWN3,0.7041785086872143,14,LONG,False,BELOW_MINIMUM_RELATIVE_VOLUME,False,False,False,False,54686.0,77659.28571428571,3071496.714285714,0.5299999999999999,24.82,24.945,24.82,24.86,True,BELOW_MINIMUM_RELATIVE_VOLUME,False,,,,,,,,,,,,,,BELOW_MINIMUM_RELATIVE_VOLUME,False,,,,,,,,,,,,,,BELOW_MINIMUM_RELATIVE_VOLUME,False,,,,,,,,,,,,,
orb_v1.0,2024-09-24,351,BHVN,0001935979,0.7036132104492154,14,SHORT,False,BELOW_MINIMUM_RELATIVE_VOLUME,False,False,False,False,37087.0,52709.357142857145,1332121.5,2.266428571428571,46.74,47.0,46.21,46.21,True,BELOW_MINIMUM_RELATIVE_VOLUME,False,,,,,,,,,,,,,,BELOW_MINIMUM_RELATIVE_VOLUME,False,,,,,,,,,,,,,,BELOW_MINIMUM_RELATIVE_VOLUME,False,,,,,,,,,,,,,
orb_v1.0,2024-09-24,352,CHD,BBG001S5PR99,0.7033043672325052,14,LONG,False,BELOW_MINIMUM_RELATIVE_VOLUME,True,False,False,False,25211.0,35846.5,1650837.2857142857,1.810764285714286,103.58,104.01,103.0,103.905,True,BELOW_MINIMUM_RELATIVE_VOLUME,False,,,,,,,,,,,,,,BELOW_MINIMUM_RELATIVE_VOLUME,False,,,,,,,,,,,,,,BELOW_MINIMUM_RELATIVE_VOLUME,False,,,,,,,,,,,,,
orb_v1.0,2024-09-24,353,CVX,BBG001S67ZC5,0.7028913186428423,14,SHORT,False,BELOW_MINIMUM_RELATIVE_VOLUME,True,False,False,False,264558.0,376385.35714285716,8921813.357142856,2.9292857142857116,148.88,149.1,148.08,148.235,True,BELOW_MINIMUM_RELATIVE_VOLUME,False,,,,,,,,,,,,,,BELOW_MINIMUM_RELATIVE_VOLUME,False,,,,,,,,,,,,,,BELOW_MINIMUM_RELATIVE_VOLUME,False,,,,,,,,,,,,,
orb_v1.0,2024-09-24,354,LNG,BBG001S7W158,0.7000590631208339,14,SHORT,False,BELOW_MINIMUM_RELATIVE_VOLUME,True,False,False,False,19557.0,27936.214285714286,1719105.642857143,3.243449999999998,183.7,183.7,182.7,182.84,True,BELOW_MINIMUM_RELATIVE_VOLUME,False,,,,,,,,,,,,,,BELOW_MINIMUM_RELATIVE_VOLUME,False,,,,,,,,,,,,,,BELOW_MINIMUM_RELATIVE_VOLUME,False,,,,,,,,,,,,,
orb_v1.0,2024-09-24,355,W,BBG001THKQ26,0.6998428130363864,14,SHORT,False,BELOW_MINIMUM_RELATIVE_VOLUME,False,False,False,False,84371.0,120557.07142857143,4583015.5,2.9512785714285705,54.42,54.6,53.923,54.0194,True,BELOW_MINIMUM_RELATIVE_VOLUME,False,,,,,,,,,,,,,,BELOW_MINIMUM_RELATIVE_VOLUME,False,,,,,,,,,,,,,,BELOW_MINIMUM_RELATIVE_VOLUME,False,,,,,,,,,,,,,
orb_v1.0,2024-09-24,356,ZBH,BBG001S7DQJ9,0.6975062085941818,14,SHORT,False,BELOW_MINIMUM_RELATIVE_VOLUME,True,False,False,False,34165.0,48981.642857142855,1993227.2142857143,2.465000000000001,107.6,107.6,106.79,106.8192,False,BELOW_MINIMUM_RELATIVE_VOLUME,False,,,,,,,,,,,,,,BELOW_MINIMUM_RELATIVE_VOLUME,False,,,,,,,,,,,,,,BELOW_MINIMUM_RELATIVE_VOLUME,False,,,,,,,,,,,,,
orb_v1.0,2024-09-24,357,CRSP,0001674416,0.6963477083245165,14,SHORT,False,BELOW_MINIMUM_RELATIVE_VOLUME,False,False,False,False,24681.0,35443.5,1109118.5,1.9839071428571435,46.96,46.96,46.52,46.79,True,BELOW_MINIMUM_RELATIVE_VOLUME,False,,,,,,,,,,,,,,BELOW_MINIMUM_RELATIVE_VOLUME,False,,,,,,,,,,,,,,BELOW_MINIMUM_RELATIVE_VOLUME,False,,,,,,,,,,,,,
orb_v1.0,2024-09-24,358,TT,0001466258,0.6940706269345206,14,LONG,False,BELOW_MINIMUM_RELATIVE_VOLUME,True,False,False,False,20678.0,29792.35714285714,1077023.4285714286,8.082321428571431,385.59,388.1,385.59,386.37,False,BELOW_MINIMUM_RELATIVE_VOLUME,False,,,,,,,,,,,,,,BELOW_MINIMUM_RELATIVE_VOLUME,False,,,,,,,,,,,,,,BELOW_MINIMUM_RELATIVE_VOLUME,False,,,,,,,,,,,,,
orb_v1.0,2024-09-24,359,TTC,BBG001S5WX98,0.6916859319174556,14,LONG,False,BELOW_MINIMUM_RELATIVE_VOLUME,False,False,False,False,8698.0,12575.07142857143,1217625.5,2.517499999999999,86.09,86.62,85.65,86.62,True,BELOW_MINIMUM_RELATIVE_VOLUME,False,,,,,,,,,,,,,,BELOW_MINIMUM_RELATIVE_VOLUME,False,,,,,,,,,,,,,,BELOW_MINIMUM_RELATIVE_VOLUME,False,,,,,,,,,,,,,
orb_v1.0,2024-09-24,360,CPRI,0001530721,0.6902649587437579,14,SHORT,False,BELOW_MINIMUM_RELATIVE_VOLUME,False,False,False,False,24792.0,35916.642857142855,1946263.642857143,1.542735714285715,38.75,38.75,38.5,38.635,True,BELOW_MINIMUM_RELATIVE_VOLUME,False,,,,,,,,,,,,,,BELOW_MINIMUM_RELATIVE_VOLUME,False,,,,,,,,,,,,,,BELOW_MINIMUM_RELATIVE_VOLUME,False,,,,,,,,,,,,,
orb_v1.0,2024-09-24,361,STX,0001137789,0.6899293372082851,14,SHORT,False,BELOW_MINIMUM_RELATIVE_VOLUME,True,False,False,False,35491.0,51441.5,2288972.6428571427,2.7902071428571427,106.03,106.12,105.44,105.54,True,BELOW_MINIMUM_RELATIVE_VOLUME,False,,,,,,,,,,,,,,BELOW_MINIMUM_RELATIVE_VOLUME,False,,,,,,,,,,,,,,BELOW_MINIMUM_RELATIVE_VOLUME,False,,,,,,,,,,,,,
orb_v1.0,2024-09-24,362,COHR,BBG001S5S6N6,0.6868957996537177,14,LONG,False,BELOW_MINIMUM_RELATIVE_VOLUME,False,False,False,False,51291.0,74670.71428571429,2673941.1428571427,3.936785714285712,88.41,89.89,88.41,89.38,True,BELOW_MINIMUM_RELATIVE_VOLUME,False,,,,,,,,,,,,,,BELOW_MINIMUM_RELATIVE_VOLUME,False,,,,,,,,,,,,,,BELOW_MINIMUM_RELATIVE_VOLUME,False,,,,,,,,,,,,,
orb_v1.0,2024-09-24,363,ELS,BBG001S5T5G5,0.6852960132584477,14,LONG,False,BELOW_MINIMUM_RELATIVE_VOLUME,False,False,False,False,14886.0,21722.0,1147398.7142857143,1.4971428571428578,72.12,72.555,72.09,72.42,True,BELOW_MINIMUM_RELATIVE_VOLUME,False,,,,,,,,,,,,,,BELOW_MINIMUM_RELATIVE_VOLUME,False,,,,,,,,,,,,,,BELOW_MINIMUM_RELATIVE_VOLUME,False,,,,,,,,,,,,,
orb_v1.0,2024-09-24,364,TWLO,BBG0029ZX859,0.6831614924638747,14,LONG,False,BELOW_MINIMUM_RELATIVE_VOLUME,False,False,False,False,24000.0,35130.78571428572,1861522.0714285714,1.6321928571428574,63.48,63.76,63.48,63.53,False,BELOW_MINIMUM_RELATIVE_VOLUME,False,,,,,,,,,,,,,,BELOW_MINIMUM_RELATIVE_VOLUME,False,,,,,,,,,,,,,,BELOW_MINIMUM_RELATIVE_VOLUME,False,,,,,,,,,,,,,
orb_v1.0,2024-09-24,365,CAL,BBG001S76YV6,0.6807513432970606,14,LONG,False,BELOW_MINIMUM_RELATIVE_VOLUME,False,False,False,False,10769.0,15819.285714285714,1087061.2142857143,1.9186857142857139,32.48,32.76,32.4027,32.63,True,BELOW_MINIMUM_RELATIVE_VOLUME,False,,,,,,,,,,,,,,BELOW_MINIMUM_RELATIVE_VOLUME,False,,,,,,,,,,,,,,BELOW_MINIMUM_RELATIVE_VOLUME,False,,,,,,,,,,,,,
orb_v1.0,2024-09-24,366,PGR,BBG001S5V509,0.6789547563733994,14,SHORT,False,BELOW_MINIMUM_RELATIVE_VOLUME,True,False,False,False,55382.0,81569.5,2468275.214285714,4.662542857142863,256.92,257.12,255.57,255.895,True,BELOW_MINIMUM_RELATIVE_VOLUME,False,,,,,,,,,,,,,,BELOW_MINIMUM_RELATIVE_VOLUME,False,,,,,,,,,,,,,,BELOW_MINIMUM_RELATIVE_VOLUME,False,,,,,,,,,,,,,
orb_v1.0,2024-09-24,367,AVGO,BBG00KHY5SY8,0.6776673789155486,14,LONG,False,BELOW_MINIMUM_RELATIVE_VOLUME,True,False,False,False,1036013.0,1528792.7857142857,38813974.071428575,7.982485714285717,172.81,174.55,172.38,174.4848,True,BELOW_MINIMUM_RELATIVE_VOLUME,False,,,,,,,,,,,,,,BELOW_MINIMUM_RELATIVE_VOLUME,False,,,,,,,,,,,,,,BELOW_MINIMUM_RELATIVE_VOLUME,False,,,,,,,,,,,,,
orb_v1.0,2024-09-24,368,ELF,BBG00DQ6VYQ2,0.6764048516360712,14,SHORT,False,BELOW_MINIMUM_RELATIVE_VOLUME,False,False,False,False,72330.0,106933.0,2813897.4285714286,6.955178571428569,113.75,114.0,112.1,112.68,True,BELOW_MINIMUM_RELATIVE_VOLUME,False,,,,,,,,,,,,,,BELOW_MINIMUM_RELATIVE_VOLUME,False,,,,,,,,,,,,,,BELOW_MINIMUM_RELATIVE_VOLUME,False,,,,,,,,,,,,,
orb_v1.0,2024-09-24,369,IP,BBG001S5SBF4,0.6760519739020568,14,LONG,False,BELOW_MINIMUM_RELATIVE_VOLUME,True,False,False,False,104417.0,154451.14285714287,3787647.9285714286,1.0507142857142848,48.3,48.6,48.3,48.6,True,BELOW_MINIMUM_RELATIVE_VOLUME,False,,,,,,,,,,,,,,BELOW_MINIMUM_RELATIVE_VOLUME,False,,,,,,,,,,,,,,BELOW_MINIMUM_RELATIVE_VOLUME,False,,,,,,,,,,,,,
orb_v1.0,2024-09-24,370,PSX,BBG00286S4P7,0.6724042017081711,14,SHORT,False,BELOW_MINIMUM_RELATIVE_VOLUME,True,False,False,False,41096.0,61118.0,3614945.5,2.9210642857142872,132.7,132.8,131.79,132.65,True,BELOW_MINIMUM_RELATIVE_VOLUME,False,,,,,,,,,,,,,,BELOW_MINIMUM_RELATIVE_VOLUME,False,,,,,,,,,,,,,,BELOW_MINIMUM_RELATIVE_VOLUME,False,,,,,,,,,,,,,
orb_v1.0,2024-09-24,371,CATX,BBG001S5Q300,0.6709475537012288,14,SHORT,False,BELOW_MINIMUM_RELATIVE_VOLUME,False,False,False,False,10292.0,15339.5,1191903.857142857,0.9827857142857142,12.41,12.475,12.005,12.03,True,BELOW_MINIMUM_RELATIVE_VOLUME,False,,,,,,,,,,,,,,BELOW_MINIMUM_RELATIVE_VOLUME,False,,,,,,,,,,,,,,BELOW_MINIMUM_RELATIVE_VOLUME,False,,,,,,,,,,,,,
orb_v1.0,2024-09-24,372,WTRG,BBG001S5VFD3,0.6689191188801531,14,LONG,False,BELOW_MINIMUM_RELATIVE_VOLUME,False,False,False,False,19374.0,28963.14285714286,1671681.642857143,0.6778571428571419,38.01,38.25,37.97,38.21,True,BELOW_MINIMUM_RELATIVE_VOLUME,False,,,,,,,,,,,,,,BELOW_MINIMUM_RELATIVE_VOLUME,False,,,,,,,,,,,,,,BELOW_MINIMUM_RELATIVE_VOLUME,False,,,,,,,,,,,,,
orb_v1.0,2024-09-24,373,HOOD,BBG008NMBXP6,0.6684035363649418,14,SHORT,False,BELOW_MINIMUM_RELATIVE_VOLUME,True,False,False,False,279938.0,418815.85714285716,12290309.357142856,0.9799785714285711,22.68,22.73,22.45,22.59,True,BELOW_MINIMUM_RELATIVE_VOLUME,False,,,,,,,,,,,,,,BELOW_MINIMUM_RELATIVE_VOLUME,False,,,,,,,,,,,,,,BELOW_MINIMUM_RELATIVE_VOLUME,False,,,,,,,,,,,,,
orb_v1.0,2024-09-24,374,EXEL,BBG001SD42W4,0.6669597820718146,14,SHORT,False,BELOW_MINIMUM_RELATIVE_VOLUME,False,False,False,False,25463.0,38177.71428571428,1961781.5714285714,0.6072999999999996,26.4,26.4,26.25,26.3,True,BELOW_MINIMUM_RELATIVE_VOLUME,False,,,,,,,,,,,,,,BELOW_MINIMUM_RELATIVE_VOLUME,False,,,,,,,,,,,,,,BELOW_MINIMUM_RELATIVE_VOLUME,False,,,,,,,,,,,,,
orb_v1.0,2024-09-24,375,NTRS,BBG001S5TRG7,0.6663509613749401,14,LONG,False,BELOW_MINIMUM_RELATIVE_VOLUME,True,False,False,False,18192.0,27300.928571428572,1219403.4285714286,2.0028142857142868,91.51,92.03,91.39,91.85,True,BELOW_MINIMUM_RELATIVE_VOLUME,False,,,,,,,,,,,,,,BELOW_MINIMUM_RELATIVE_VOLUME,False,,,,,,,,,,,,,,BELOW_MINIMUM_RELATIVE_VOLUME,False,,,,,,,,,,,,,
orb_v1.0,2024-09-24,376,DXCM,BBG001SKZG99,0.6593478505143845,14,SHORT,False,BELOW_MINIMUM_RELATIVE_VOLUME,True,False,False,False,95143.0,144298.64285714287,4069346.9285714286,2.1747071428571436,69.86,69.9999,69.11,69.245,True,BELOW_MINIMUM_RELATIVE_VOLUME,False,,,,,,,,,,,,,,BELOW_MINIMUM_RELATIVE_VOLUME,False,,,,,,,,,,,,,,BELOW_MINIMUM_RELATIVE_VOLUME,False,,,,,,,,,,,,,
orb_v1.0,2024-09-24,377,PNR,0000077360,0.6588371356583277,14,LONG,False,BELOW_MINIMUM_RELATIVE_VOLUME,True,False,False,False,17090.0,25939.64285714286,1331550.9285714286,2.010000000000001,96.09,96.685,95.9,96.525,True,BELOW_MINIMUM_RELATIVE_VOLUME,False,,,,,,,,,,,,,,BELOW_MINIMUM_RELATIVE_VOLUME,False,,,,,,,,,,,,,,BELOW_MINIMUM_RELATIVE_VOLUME,False,,,,,,,,,,,,,
orb_v1.0,2024-09-24,378,FND,BBG007GJ2F90,0.6555994074342127,14,SHORT,False,BELOW_MINIMUM_RELATIVE_VOLUME,False,False,False,False,12423.0,18949.071428571428,1041074.5,3.5276071428571405,120.99,121.18,120.3,120.8,True,BELOW_MINIMUM_RELATIVE_VOLUME,False,,,,,,,,,,,,,,BELOW_MINIMUM_RELATIVE_VOLUME,False,,,,,,,,,,,,,,BELOW_MINIMUM_RELATIVE_VOLUME,False,,,,,,,,,,,,,
orb_v1.0,2024-09-24,379,APH,BBG001S5NSK6,0.6527426598934336,14,SHORT,False,BELOW_MINIMUM_RELATIVE_VOLUME,True,False,False,False,138150.0,211645.42857142858,6189402.5,1.629764285714286,65.8,65.88,65.49,65.73,True,BELOW_MINIMUM_RELATIVE_VOLUME,False,,,,,,,,,,,,,,BELOW_MINIMUM_RELATIVE_VOLUME,False,,,,,,,,,,,,,,BELOW_MINIMUM_RELATIVE_VOLUME,False,,,,,,,,,,,,,
orb_v1.0,2024-09-24,380,CMP,BBG001SDY0X4,0.6525743533830032,14,SHORT,False,BELOW_MINIMUM_RELATIVE_VOLUME,False,False,False,False,30781.0,47168.57142857143,2129925.0,0.9128571428571426,11.19,11.19,11.08,11.11,True,BELOW_MINIMUM_RELATIVE_VOLUME,False,,,,,,,,,,,,,,BELOW_MINIMUM_RELATIVE_VOLUME,False,,,,,,,,,,,,,,BELOW_MINIMUM_RELATIVE_VOLUME,False,,,,,,,,,,,,,
orb_v1.0,2024-09-24,381,FUN,BBG01K8GRMY5,0.6507186092224765,14,SHORT,False,BELOW_MINIMUM_RELATIVE_VOLUME,False,False,False,False,8347.0,12827.357142857143,2075333.5,1.524642857142855,41.35,41.4,41.05,41.05,True,BELOW_MINIMUM_RELATIVE_VOLUME,False,,,,,,,,,,,,,,BELOW_MINIMUM_RELATIVE_VOLUME,False,,,,,,,,,,,,,,BELOW_MINIMUM_RELATIVE_VOLUME,False,,,,,,,,,,,,,
orb_v1.0,2024-09-24,382,ANET,BBG001T51KQ0,0.6504292659380064,14,SHORT,False,BELOW_MINIMUM_RELATIVE_VOLUME,True,False,False,False,47161.0,72507.5,1588333.4285714286,11.591221428571426,388.29,388.29,385.495,386.16,True,BELOW_MINIMUM_RELATIVE_VOLUME,False,,,,,,,,,,,,,,BELOW_MINIMUM_RELATIVE_VOLUME,False,,,,,,,,,,,,,,BELOW_MINIMUM_RELATIVE_VOLUME,False,,,,,,,,,,,,,
orb_v1.0,2024-09-24,383,CHX,BBG00JH9V005,0.649484755578266,14,SHORT,False,BELOW_MINIMUM_RELATIVE_VOLUME,False,False,False,False,30505.0,46968.0,1459560.9285714286,0.7753571428571429,31.55,31.66,31.31,31.365,True,BELOW_MINIMUM_RELATIVE_VOLUME,False,,,,,,,,,,,,,,BELOW_MINIMUM_RELATIVE_VOLUME,False,,,,,,,,,,,,,,BELOW_MINIMUM_RELATIVE_VOLUME,False,,,,,,,,,,,,,
orb_v1.0,2024-09-24,384,FDX,BBG001S5R3M5,0.6490025888607178,14,LONG,False,BELOW_MINIMUM_RELATIVE_VOLUME,True,False,False,False,88440.0,136270.64285714287,2655030.5714285714,9.209900000000001,259.12,261.18,259.12,260.7,True,BELOW_MINIMUM_RELATIVE_VOLUME,False,,,,,,,,,,,,,,BELOW_MINIMUM_RELATIVE_VOLUME,False,,,,,,,,,,,,,,BELOW_MINIMUM_RELATIVE_VOLUME,False,,,,,,,,,,,,,
orb_v1.0,2024-09-24,385,MDB,BBG0022FDRZ7,0.6475945501049509,14,SHORT,False,BELOW_MINIMUM_RELATIVE_VOLUME,True,False,False,False,15933.0,24603.35714285714,1124905.5,9.667142857142855,280.65,281.38,280.0,280.36,True,BELOW_MINIMUM_RELATIVE_VOLUME,False,,,,,,,,,,,,,,BELOW_MINIMUM_RELATIVE_VOLUME,False,,,,,,,,,,,,,,BELOW_MINIMUM_RELATIVE_VOLUME,False,,,,,,,,,,,,,
orb_v1.0,2024-09-24,386,SW,0002005951,0.6461403216646231,14,LONG,False,BELOW_MINIMUM_RELATIVE_VOLUME,False,False,False,False,82321.0,127404.21428571429,5272698.142857143,1.3935714285714274,46.71,46.98,46.62,46.98,True,BELOW_MINIMUM_RELATIVE_VOLUME,False,,,,,,,,,,,,,,BELOW_MINIMUM_RELATIVE_VOLUME,False,,,,,,,,,,,,,,BELOW_MINIMUM_RELATIVE_VOLUME,False,,,,,,,,,,,,,
orb_v1.0,2024-09-24,387,EA,BBG001S5T5C9,0.6454015159453701,14,SHORT,False,BELOW_MINIMUM_RELATIVE_VOLUME,True,False,False,False,46193.0,71572.5,2181054.285714286,2.695999999999998,141.1,141.42,140.32,140.785,False,BELOW_MINIMUM_RELATIVE_VOLUME,False,,,,,,,,,,,,,,BELOW_MINIMUM_RELATIVE_VOLUME,False,,,,,,,,,,,,,,BELOW_MINIMUM_RELATIVE_VOLUME,False,,,,,,,,,,,,,
orb_v1.0,2024-09-24,388,KBH,BBG001S5SJV9,0.6409916516245487,14,LONG,False,BELOW_MINIMUM_RELATIVE_VOLUME,False,False,False,False,22727.0,35456.0,1034700.1428571428,2.6268285714285704,88.32,88.8531,87.86,88.85,True,BELOW_MINIMUM_RELATIVE_VOLUME,False,,,,,,,,,,,,,,BELOW_MINIMUM_RELATIVE_VOLUME,False,,,,,,,,,,,,,,BELOW_MINIMUM_RELATIVE_VOLUME,False,,,,,,,,,,,,,
orb_v1.0,2024-09-24,389,AMD,BBG001S5NN36,0.639972550748421,14,LONG,False,BELOW_MINIMUM_RELATIVE_VOLUME,True,False,False,False,910208.0,1422261.0,33375826.64285714,5.325207142857143,157.46,158.27,157.25,157.835,True,BELOW_MINIMUM_RELATIVE_VOLUME,False,,,,,,,,,,,,,,BELOW_MINIMUM_RELATIVE_VOLUME,False,,,,,,,,,,,,,,BELOW_MINIMUM_RELATIVE_VOLUME,False,,,,,,,,,,,,,
orb_v1.0,2024-09-24,390,S,BBG00B6F2F27,0.6389847037896499,14,SHORT,False,BELOW_MINIMUM_RELATIVE_VOLUME,False,False,False,False,100762.0,157690.7857142857,4824105.071428572,0.973376142857143,24.37,24.4,24.23,24.25,True,BELOW_MINIMUM_RELATIVE_VOLUME,False,,,,,,,,,,,,,,BELOW_MINIMUM_RELATIVE_VOLUME,False,,,,,,,,,,,,,,BELOW_MINIMUM_RELATIVE_VOLUME,False,,,,,,,,,,,,,
orb_v1.0,2024-09-24,391,GAP,BBG001S5RNN0,0.6389291135637035,14,SHORT,False,BELOW_MINIMUM_RELATIVE_VOLUME,False,False,False,False,107091.0,167610.14285714287,6194239.714285715,0.9024999999999996,20.46,20.53,20.36,20.44,True,BELOW_MINIMUM_RELATIVE_VOLUME,False,,,,,,,,,,,,,,BELOW_MINIMUM_RELATIVE_VOLUME,False,,,,,,,,,,,,,,BELOW_MINIMUM_RELATIVE_VOLUME,False,,,,,,,,,,,,,
orb_v1.0,2024-09-24,392,CPT,BBG001S5Q6V9,0.6387899493245652,14,SHORT,False,BELOW_MINIMUM_RELATIVE_VOLUME,False,False,False,False,16000.0,25047.35714285714,1605880.7142857143,2.3135571428571415,126.21,126.25,125.69,126.025,False,BELOW_MINIMUM_RELATIVE_VOLUME,False,,,,,,,,,,,,,,BELOW_MINIMUM_RELATIVE_VOLUME,False,,,,,,,,,,,,,,BELOW_MINIMUM_RELATIVE_VOLUME,False,,,,,,,,,,,,,
orb_v1.0,2024-09-24,393,CAG,BBG001S5PGY5,0.6364872494326249,14,LONG,False,BELOW_MINIMUM_RELATIVE_VOLUME,True,False,False,False,65065.0,102225.14285714286,5591540.785714285,0.602857142857144,32.29,32.4,32.22,32.33,True,BELOW_MINIMUM_RELATIVE_VOLUME,False,,,,,,,,,,,,,,BELOW_MINIMUM_RELATIVE_VOLUME,False,,,,,,,,,,,,,,BELOW_MINIMUM_RELATIVE_VOLUME,False,,,,,,,,,,,,,
orb_v1.0,2024-09-24,394,ROST,BBG001S5VRS1,0.6363962755809867,14,LONG,False,BELOW_MINIMUM_RELATIVE_VOLUME,True,False,False,False,36337.0,57098.07142857143,2305417.4285714286,2.9044000000000034,150.14,150.41,149.795,150.3,True,BELOW_MINIMUM_RELATIVE_VOLUME,False,,,,,,,,,,,,,,BELOW_MINIMUM_RELATIVE_VOLUME,False,,,,,,,,,,,,,,BELOW_MINIMUM_RELATIVE_VOLUME,False,,,,,,,,,,,,,
orb_v1.0,2024-09-24,395,PARR,BBG003C5DLS7,0.635928377186171,14,SHORT,False,BELOW_MINIMUM_RELATIVE_VOLUME,False,False,False,False,13747.0,21617.214285714286,1310011.0714285714,0.9032500000000004,19.02,19.02,18.94,18.94,True,BELOW_MINIMUM_RELATIVE_VOLUME,False,,,,,,,,,,,,,,BELOW_MINIMUM_RELATIVE_VOLUME,False,,,,,,,,,,,,,,BELOW_MINIMUM_RELATIVE_VOLUME,False,,,,,,,,,,,,,
orb_v1.0,2024-09-24,396,VSAT,BBG001S98NF2,0.6336225215293422,14,SHORT,False,BELOW_MINIMUM_RELATIVE_VOLUME,False,False,False,False,56654.0,89412.85714285714,2784468.0,1.127085714285714,13.11,13.13,12.96,13.055,True,BELOW_MINIMUM_RELATIVE_VOLUME,False,,,,,,,,,,,,,,BELOW_MINIMUM_RELATIVE_VOLUME,False,,,,,,,,,,,,,,BELOW_MINIMUM_RELATIVE_VOLUME,False,,,,,,,,,,,,,
orb_v1.0,2024-09-24,397,UPS,BBG001SDGSH1,0.6325615191202973,14,SHORT,False,BELOW_MINIMUM_RELATIVE_VOLUME,True,False,False,False,100488.0,158858.85714285713,4643257.357142857,2.501342857142857,129.4,129.81,129.18,129.22,True,BELOW_MINIMUM_RELATIVE_VOLUME,False,,,,,,,,,,,,,,BELOW_MINIMUM_RELATIVE_VOLUME,False,,,,,,,,,,,,,,BELOW_MINIMUM_RELATIVE_VOLUME,False,,,,,,,,,,,,,
orb_v1.0,2024-09-24,398,CPRT,BBG001S7MTB1,0.6305290919226416,14,SHORT,False,BELOW_MINIMUM_RELATIVE_VOLUME,True,False,False,False,130964.0,207704.92857142858,5400932.0,1.2500714285714294,51.72,51.95,51.635,51.64,True,BELOW_MINIMUM_RELATIVE_VOLUME,False,,,,,,,,,,,,,,BELOW_MINIMUM_RELATIVE_VOLUME,False,,,,,,,,,,,,,,BELOW_MINIMUM_RELATIVE_VOLUME,False,,,,,,,,,,,,,
orb_v1.0,2024-09-24,399,IQV,BBG00333FZ54,0.6302572708736645,14,SHORT,False,BELOW_MINIMUM_RELATIVE_VOLUME,True,False,False,False,13976.0,22175.071428571428,1439185.142857143,6.2176785714285705,241.36,241.36,239.35,241.286,True,BELOW_MINIMUM_RELATIVE_VOLUME,False,,,,,,,,,,,,,,BELOW_MINIMUM_RELATIVE_VOLUME,False,,,,,,,,,,,,,,BELOW_MINIMUM_RELATIVE_VOLUME,False,,,,,,,,,,,,,
orb_v1.0,2024-09-24,400,CL,BBG001S5PVM5,0.6293677416545187,14,LONG,False,BELOW_MINIMUM_RELATIVE_VOLUME,True,False,False,False,115614.0,183698.64285714287,4669572.428571428,1.3717857142857162,103.49,103.59,102.71,103.565,True,BELOW_MINIMUM_RELATIVE_VOLUME,False,,,,,,,,,,,,,,BELOW_MINIMUM_RELATIVE_VOLUME,False,,,,,,,,,,,,,,BELOW_MINIMUM_RELATIVE_VOLUME,False,,,,,,,,,,,,,
orb_v1.0,2024-09-24,401,EPRT,BBG00L17LH87,0.62935587681379,14,LONG,False,BELOW_MINIMUM_RELATIVE_VOLUME,False,False,False,False,23440.0,37244.42857142857,1514428.0,0.5864285714285715,34.31,34.48,34.31,34.41,False,BELOW_MINIMUM_RELATIVE_VOLUME,False,,,,,,,,,,,,,,BELOW_MINIMUM_RELATIVE_VOLUME,False,,,,,,,,,,,,,,BELOW_MINIMUM_RELATIVE_VOLUME,False,,,,,,,,,,,,,
orb_v1.0,2024-09-24,402,IRM,BBG001SCQ2X1,0.6285453932485452,14,SHORT,False,BELOW_MINIMUM_RELATIVE_VOLUME,True,False,False,False,36755.0,58476.28571428572,1647356.2857142857,3.0192285714285703,117.69,117.89,117.0,117.49,False,BELOW_MINIMUM_RELATIVE_VOLUME,False,,,,,,,,,,,,,,BELOW_MINIMUM_RELATIVE_VOLUME,False,,,,,,,,,,,,,,BELOW_MINIMUM_RELATIVE_VOLUME,False,,,,,,,,,,,,,
orb_v1.0,2024-09-24,403,AMH,BBG003NXJNJ4,0.6274681733571945,14,SHORT,False,BELOW_MINIMUM_RELATIVE_VOLUME,False,False,False,False,29953.0,47736.28571428572,2207645.0714285714,0.765,39.43,39.58,39.2545,39.41,False,BELOW_MINIMUM_RELATIVE_VOLUME,False,,,,,,,,,,,,,,BELOW_MINIMUM_RELATIVE_VOLUME,False,,,,,,,,,,,,,,BELOW_MINIMUM_RELATIVE_VOLUME,False,,,,,,,,,,,,,
orb_v1.0,2024-09-24,404,HAS,BBG001S5RSQ6,0.6271026536593199,14,LONG,False,BELOW_MINIMUM_RELATIVE_VOLUME,False,False,False,False,17852.0,28467.428571428572,1207679.357142857,1.4739285714285697,71.52,71.765,71.405,71.635,True,BELOW_MINIMUM_RELATIVE_VOLUME,False,,,,,,,,,,,,,,BELOW_MINIMUM_RELATIVE_VOLUME,False,,,,,,,,,,,,,,BELOW_MINIMUM_RELATIVE_VOLUME,False,,,,,,,,,,,,,
orb_v1.0,2024-09-24,405,HP,BBG001S5RZP1,0.6270587168716569,14,SHORT,False,BELOW_MINIMUM_RELATIVE_VOLUME,False,False,False,False,20750.0,33091.0,1970055.642857143,1.1595357142857134,33.77,33.77,33.34,33.4,True,BELOW_MINIMUM_RELATIVE_VOLUME,False,,,,,,,,,,,,,,BELOW_MINIMUM_RELATIVE_VOLUME,False,,,,,,,,,,,,,,BELOW_MINIMUM_RELATIVE_VOLUME,False,,,,,,,,,,,,,
orb_v1.0,2024-09-24,406,ATO,BBG001S5VG05,0.6256051417865174,14,LONG,False,BELOW_MINIMUM_RELATIVE_VOLUME,True,False,False,False,18341.0,29317.214285714286,1020753.9285714285,2.122221428571428,136.34,137.0,136.03,137.0,True,BELOW_MINIMUM_RELATIVE_VOLUME,False,,,,,,,,,,,,,,BELOW_MINIMUM_RELATIVE_VOLUME,False,,,,,,,,,,,,,,BELOW_MINIMUM_RELATIVE_VOLUME,False,,,,,,,,,,,,,
orb_v1.0,2024-09-24,407,VREX,BBG00CZNLR38,0.6245353159851301,14,SHORT,False,BELOW_MINIMUM_RELATIVE_VOLUME,False,False,False,False,11676.0,18695.5,1487154.4285714286,0.715714285714286,11.85,11.94,11.79,11.79,True,BELOW_MINIMUM_RELATIVE_VOLUME,False,,,,,,,,,,,,,,BELOW_MINIMUM_RELATIVE_VOLUME,False,,,,,,,,,,,,,,BELOW_MINIMUM_RELATIVE_VOLUME,False,,,,,,,,,,,,,
orb_v1.0,2024-09-24,408,TXN,BBG001S5WYZ7,0.621879038881146,14,LONG,False,BELOW_MINIMUM_RELATIVE_VOLUME,True,False,False,False,100873.0,162206.7857142857,5456447.428571428,5.411785714285715,206.06,208.35,205.81,208.23,True,BELOW_MINIMUM_RELATIVE_VOLUME,False,,,,,,,,,,,,,,BELOW_MINIMUM_RELATIVE_VOLUME,False,,,,,,,,,,,,,,BELOW_MINIMUM_RELATIVE_VOLUME,False,,,,,,,,,,,,,
orb_v1.0,2024-09-24,409,KKR,BBG001S6PW05,0.621572085144198,14,LONG,False,BELOW_MINIMUM_RELATIVE_VOLUME,True,False,False,False,70345.0,113172.71428571429,3131272.0,3.6189142857142875,132.65,133.13,131.77,133.015,False,BELOW_MINIMUM_RELATIVE_VOLUME,False,,,,,,,,,,,,,,BELOW_MINIMUM_RELATIVE_VOLUME,False,,,,,,,,,,,,,,BELOW_MINIMUM_RELATIVE_VOLUME,False,,,,,,,,,,,,,
orb_v1.0,2024-09-24,410,AKAM,BBG001S7YHX0,0.6210049660040768,14,LONG,False,BELOW_MINIMUM_RELATIVE_VOLUME,True,False,False,False,16212.0,26106.071428571428,1334018.142857143,1.8320857142857168,100.99,101.05,100.575,101.015,True,BELOW_MINIMUM_RELATIVE_VOLUME,False,,,,,,,,,,,,,,BELOW_MINIMUM_RELATIVE_VOLUME,False,,,,,,,,,,,,,,BELOW_MINIMUM_RELATIVE_VOLUME,False,,,,,,,,,,,,,
orb_v1.0,2024-09-24,411,PYPL,BBG0077VNXW5,0.6186766975181117,14,LONG,False,BELOW_MINIMUM_RELATIVE_VOLUME,True,False,False,False,347602.0,561847.5714285715,12328345.07142857,2.258442857142854,77.88,78.18,77.67,77.91,True,BELOW_MINIMUM_RELATIVE_VOLUME,False,,,,,,,,,,,,,,BELOW_MINIMUM_RELATIVE_VOLUME,False,,,,,,,,,,,,,,BELOW_MINIMUM_RELATIVE_VOLUME,False,,,,,,,,,,,,,
orb_v1.0,2024-09-24,412,CSX,BBG001S5Q7Q3,0.6171043022149912,14,LONG,False,BELOW_MINIMUM_RELATIVE_VOLUME,True,False,False,False,233215.0,377918.28571428574,11494177.357142856,0.7492857142857144,34.02,34.15,33.8922,34.11,True,BELOW_MINIMUM_RELATIVE_VOLUME,False,,,,,,,,,,,,,,BELOW_MINIMUM_RELATIVE_VOLUME,False,,,,,,,,,,,,,,BELOW_MINIMUM_RELATIVE_VOLUME,False,,,,,,,,,,,,,
orb_v1.0,2024-09-24,413,ROL,BBG001S5VRG4,0.6133382711477332,14,LONG,False,BELOW_MINIMUM_RELATIVE_VOLUME,True,False,False,False,19874.0,32403.0,1520852.0,1.0870428571428568,50.48,50.53,50.48,50.53,True,BELOW_MINIMUM_RELATIVE_VOLUME,False,,,,,,,,,,,,,,BELOW_MINIMUM_RELATIVE_VOLUME,False,,,,,,,,,,,,,,BELOW_MINIMUM_RELATIVE_VOLUME,False,,,,,,,,,,,,,
orb_v1.0,2024-09-24,414,NVAX,BBG001SGL8G3,0.6132628765231044,14,LONG,False,BELOW_MINIMUM_RELATIVE_VOLUME,False,False,False,False,129003.0,210355.14285714287,6105747.071428572,1.086507142857143,12.86,13.06,12.83,12.9753,True,BELOW_MINIMUM_RELATIVE_VOLUME,False,,,,,,,,,,,,,,BELOW_MINIMUM_RELATIVE_VOLUME,False,,,,,,,,,,,,,,BELOW_MINIMUM_RELATIVE_VOLUME,False,,,,,,,,,,,,,
orb_v1.0,2024-09-24,415,BK,BBG001S5P6Q6,0.6125975270765449,14,LONG,False,BELOW_MINIMUM_RELATIVE_VOLUME,True,False,False,False,84091.0,137269.57142857142,4134823.6428571427,1.4412499999999986,71.75,72.23,71.3701,72.195,False,BELOW_MINIMUM_RELATIVE_VOLUME,False,,,,,,,,,,,,,,BELOW_MINIMUM_RELATIVE_VOLUME,False,,,,,,,,,,,,,,BELOW_MINIMUM_RELATIVE_VOLUME,False,,,,,,,,,,,,,
orb_v1.0,2024-09-24,416,LEN,BBG001S5SRK3,0.6113825873261645,14,LONG,False,BELOW_MINIMUM_RELATIVE_VOLUME,True,False,False,False,36891.0,60340.28571428572,2230635.785714286,4.79215,184.96,185.7,184.0,184.97,True,BELOW_MINIMUM_RELATIVE_VOLUME,False,,,,,,,,,,,,,,BELOW_MINIMUM_RELATIVE_VOLUME,False,,,,,,,,,,,,,,BELOW_MINIMUM_RELATIVE_VOLUME,False,,,,,,,,,,,,,
orb_v1.0,2024-09-24,417,APA,BBG00YTS96H1,0.6103952146282017,14,SHORT,False,BELOW_MINIMUM_RELATIVE_VOLUME,False,False,False,False,112554.0,184395.2857142857,7324657.428571428,0.8946428571428567,25.95,26.01,25.7,25.72,True,BELOW_MINIMUM_RELATIVE_VOLUME,False,,,,,,,,,,,,,,BELOW_MINIMUM_RELATIVE_VOLUME,False,,,,,,,,,,,,,,BELOW_MINIMUM_RELATIVE_VOLUME,False,,,,,,,,,,,,,
orb_v1.0,2024-09-24,418,AEO,BBG001S7Q949,0.6078560103062135,14,DOJI,False,BELOW_MINIMUM_RELATIVE_VOLUME,False,False,False,False,49071.0,80728.0,4183796.285714286,0.6392857142857142,20.28,20.4,20.26,20.28,False,BELOW_MINIMUM_RELATIVE_VOLUME,False,,,,,,,,,,,,,,BELOW_MINIMUM_RELATIVE_VOLUME,False,,,,,,,,,,,,,,BELOW_MINIMUM_RELATIVE_VOLUME,False,,,,,,,,,,,,,
orb_v1.0,2024-09-24,419,VIK,0001745201,0.6078003507316706,14,LONG,False,BELOW_MINIMUM_RELATIVE_VOLUME,False,False,False,False,66471.0,109363.21428571429,2375764.6428571427,0.9919857142857135,34.21,34.335,34.21,34.335,True,BELOW_MINIMUM_RELATIVE_VOLUME,False,,,,,,,,,,,,,,BELOW_MINIMUM_RELATIVE_VOLUME,False,,,,,,,,,,,,,,BELOW_MINIMUM_RELATIVE_VOLUME,False,,,,,,,,,,,,,
orb_v1.0,2024-09-24,420,GOOGL,BBG009S39JY5,0.6056027266397236,14,SHORT,False,BELOW_MINIMUM_RELATIVE_VOLUME,True,False,False,False,857811.0,1416458.2857142857,27831105.0,3.553421428571428,163.03,163.09,161.9,162.13,True,BELOW_MINIMUM_RELATIVE_VOLUME,False,,,,,,,,,,,,,,BELOW_MINIMUM_RELATIVE_VOLUME,False,,,,,,,,,,,,,,BELOW_MINIMUM_RELATIVE_VOLUME,False,,,,,,,,,,,,,
orb_v1.0,2024-09-24,421,ADMA,BBG002NCK5N4,0.6055825708683243,14,SHORT,False,BELOW_MINIMUM_RELATIVE_VOLUME,False,False,False,False,128431.0,212078.42857142858,8535695.142857144,1.049107142857143,19.93,20.05,19.7,19.8,True,BELOW_MINIMUM_RELATIVE_VOLUME,False,,,,,,,,,,,,,,BELOW_MINIMUM_RELATIVE_VOLUME,False,,,,,,,,,,,,,,BELOW_MINIMUM_RELATIVE_VOLUME,False,,,,,,,,,,,,,
orb_v1.0,2024-09-24,422,SMTC,BBG001S7TWW4,0.6054280774822207,14,LONG,False,BELOW_MINIMUM_RELATIVE_VOLUME,False,False,False,False,17610.0,29086.85714285714,1831640.142857143,2.144642857142857,46.87,47.1,46.44,47.085,True,BELOW_MINIMUM_RELATIVE_VOLUME,False,,,,,,,,,,,,,,BELOW_MINIMUM_RELATIVE_VOLUME,False,,,,,,,,,,,,,,BELOW_MINIMUM_RELATIVE_VOLUME,False,,,,,,,,,,,,,
orb_v1.0,2024-09-24,423,ABNB,BBG001Y2XS16,0.605182241291386,14,LONG,False,BELOW_MINIMUM_RELATIVE_VOLUME,True,False,False,False,120537.0,199174.7142857143,4764780.142857143,3.694735714285712,130.58,131.23,130.0,130.8549,True,BELOW_MINIMUM_RELATIVE_VOLUME,False,,,,,,,,,,,,,,BELOW_MINIMUM_RELATIVE_VOLUME,False,,,,,,,,,,,,,,BELOW_MINIMUM_RELATIVE_VOLUME,False,,,,,,,,,,,,,
orb_v1.0,2024-09-24,424,MO,BBG001S5T8T5,0.604905899565837,14,LONG,False,BELOW_MINIMUM_RELATIVE_VOLUME,True,False,False,False,226655.0,374694.64285714284,9657497.785714285,0.8169928571428576,50.79,51.0005,50.64,51.0005,True,BELOW_MINIMUM_RELATIVE_VOLUME,False,,,,,,,,,,,,,,BELOW_MINIMUM_RELATIVE_VOLUME,False,,,,,,,,,,,,,,BELOW_MINIMUM_RELATIVE_VOLUME,False,,,,,,,,,,,,,
orb_v1.0,2024-09-24,425,ZETA,BBG010FXVQB5,0.6043865146696523,14,SHORT,False,BELOW_MINIMUM_RELATIVE_VOLUME,False,False,False,False,125780.0,208111.85714285713,3937515.5714285714,1.214071428571429,29.5,29.74,29.36,29.41,True,BELOW_MINIMUM_RELATIVE_VOLUME,False,,,,,,,,,,,,,,BELOW_MINIMUM_RELATIVE_VOLUME,False,,,,,,,,,,,,,,BELOW_MINIMUM_RELATIVE_VOLUME,False,,,,,,,,,,,,,
orb_v1.0,2024-09-24,426,LKQ,BBG001SCCPJ1,0.6014009537566536,14,LONG,False,BELOW_MINIMUM_RELATIVE_VOLUME,False,False,False,False,30393.0,50537.0,2459205.3571428573,1.0230071428571428,40.44,40.55,40.24,40.525,True,BELOW_MINIMUM_RELATIVE_VOLUME,False,,,,,,,,,,,,,,BELOW_MINIMUM_RELATIVE_VOLUME,False,,,,,,,,,,,,,,BELOW_MINIMUM_RELATIVE_VOLUME,False,,,,,,,,,,,,,
orb_v1.0,2024-09-24,427,GEHC,BBG01BFR8YW0,0.6005273520866895,14,DOJI,False,BELOW_MINIMUM_RELATIVE_VOLUME,True,False,False,False,87229.0,145254.0,3689047.4285714286,2.100935714285712,91.0,91.7,90.93,91.0,False,BELOW_MINIMUM_RELATIVE_VOLUME,False,,,,,,,,,,,,,,BELOW_MINIMUM_RELATIVE_VOLUME,False,,,,,,,,,,,,,,BELOW_MINIMUM_RELATIVE_VOLUME,False,,,,,,,,,,,,,
orb_v1.0,2024-09-24,428,ALGM,BBG00H5S83B8,0.6002115589049458,14,LONG,False,BELOW_MINIMUM_RELATIVE_VOLUME,False,False,False,False,16293.0,27145.428571428572,3598881.4285714286,1.1356357142857143,22.43,22.57,22.42,22.56,True,BELOW_MINIMUM_RELATIVE_VOLUME,False,,,,,,,,,,,,,,BELOW_MINIMUM_RELATIVE_VOLUME,False,,,,,,,,,,,,,,BELOW_MINIMUM_RELATIVE_VOLUME,False,,,,,,,,,,,,,
orb_v1.0,2024-09-24,429,EQH,BBG00J7CBWL8,0.598662959238005,14,LONG,False,BELOW_MINIMUM_RELATIVE_VOLUME,False,False,False,False,18070.0,30183.928571428572,2216322.4285714286,0.9528571428571405,42.47,42.61,42.315,42.61,True,BELOW_MINIMUM_RELATIVE_VOLUME,False,,,,,,,,,,,,,,BELOW_MINIMUM_RELATIVE_VOLUME,False,,,,,,,,,,,,,,BELOW_MINIMUM_RELATIVE_VOLUME,False,,,,,,,,,,,,,
orb_v1.0,2024-09-24,430,PANW,BBG001T9NWN5,0.5972590705659067,14,SHORT,False,BELOW_MINIMUM_RELATIVE_VOLUME,True,False,False,False,67793.0,113506.85714285714,2441263.285714286,9.71891428571428,345.04,345.87,342.26,342.62,True,BELOW_MINIMUM_RELATIVE_VOLUME,False,,,,,,,,,,,,,,BELOW_MINIMUM_RELATIVE_VOLUME,False,,,,,,,,,,,,,,BELOW_MINIMUM_RELATIVE_VOLUME,False,,,,,,,,,,,,,
orb_v1.0,2024-09-24,431,BMRN,BBG001S76R05,0.5966711192156123,14,SHORT,False,BELOW_MINIMUM_RELATIVE_VOLUME,False,False,False,False,53826.0,90210.5,2959095.6428571427,3.1192214285714277,69.13,69.65,69.06,69.06,True,BELOW_MINIMUM_RELATIVE_VOLUME,False,,,,,,,,,,,,,,BELOW_MINIMUM_RELATIVE_VOLUME,False,,,,,,,,,,,,,,BELOW_MINIMUM_RELATIVE_VOLUME,False,,,,,,,,,,,,,
orb_v1.0,2024-09-24,432,O,BBG001S884K0,0.5942606923136166,14,LONG,False,BELOW_MINIMUM_RELATIVE_VOLUME,True,False,False,False,127317.0,214244.35714285713,4631312.071428572,0.9538499999999992,62.01,62.16,61.73,62.13,True,BELOW_MINIMUM_RELATIVE_VOLUME,False,,,,,,,,,,,,,,BELOW_MINIMUM_RELATIVE_VOLUME,False,,,,,,,,,,,,,,BELOW_MINIMUM_RELATIVE_VOLUME,False,,,,,,,,,,,,,
orb_v1.0,2024-09-24,433,OHI,BBG001S736L1,0.5912209619559539,14,SHORT,False,BELOW_MINIMUM_RELATIVE_VOLUME,False,False,False,False,25463.0,43068.5,1764590.5714285714,0.6389285714285725,41.01,41.01,40.75,40.885,False,BELOW_MINIMUM_RELATIVE_VOLUME,False,,,,,,,,,,,,,,BELOW_MINIMUM_RELATIVE_VOLUME,False,,,,,,,,,,,,,,BELOW_MINIMUM_RELATIVE_VOLUME,False,,,,,,,,,,,,,
orb_v1.0,2024-09-24,434,BX,BBG001S7H949,0.5907507660645908,14,LONG,False,BELOW_MINIMUM_RELATIVE_VOLUME,True,False,False,False,64873.0,109814.5,3479443.5714285714,4.099171428571428,157.25,157.95,156.18,157.8575,True,BELOW_MINIMUM_RELATIVE_VOLUME,False,,,,,,,,,,,,,,BELOW_MINIMUM_RELATIVE_VOLUME,False,,,,,,,,,,,,,,BELOW_MINIMUM_RELATIVE_VOLUME,False,,,,,,,,,,,,,
orb_v1.0,2024-09-24,435,FANG,BBG002PHSZN7,0.5892825507860687,14,SHORT,False,BELOW_MINIMUM_RELATIVE_VOLUME,True,False,False,False,51796.0,87896.71428571429,2325746.3571428573,5.448835714285717,188.0,189.12,187.315,187.315,True,BELOW_MINIMUM_RELATIVE_VOLUME,False,,,,,,,,,,,,,,BELOW_MINIMUM_RELATIVE_VOLUME,False,,,,,,,,,,,,,,BELOW_MINIMUM_RELATIVE_VOLUME,False,,,,,,,,,,,,,
orb_v1.0,2024-09-24,436,DTE,BBG001S5QN88,0.5872202750067403,14,LONG,False,BELOW_MINIMUM_RELATIVE_VOLUME,True,False,False,False,8712.0,14836.0,1306123.0714285714,2.181907142857142,125.59,125.79,125.25,125.79,True,BELOW_MINIMUM_RELATIVE_VOLUME,False,,,,,,,,,,,,,,BELOW_MINIMUM_RELATIVE_VOLUME,False,,,,,,,,,,,,,,BELOW_MINIMUM_RELATIVE_VOLUME,False,,,,,,,,,,,,,
orb_v1.0,2024-09-24,437,SM,BBG001S6W0J7,0.5871228843379591,14,SHORT,False,BELOW_MINIMUM_RELATIVE_VOLUME,False,False,False,False,22704.0,38669.92857142857,2048359.642857143,1.2887928571428584,42.89,43.0,42.75,42.79,True,BELOW_MINIMUM_RELATIVE_VOLUME,False,,,,,,,,,,,,,,BELOW_MINIMUM_RELATIVE_VOLUME,False,,,,,,,,,,,,,,BELOW_MINIMUM_RELATIVE_VOLUME,False,,,,,,,,,,,,,
orb_v1.0,2024-09-24,438,STT,BBG001S5RLD5,0.5862018142108718,14,LONG,False,BELOW_MINIMUM_RELATIVE_VOLUME,True,False,False,False,28125.0,47978.357142857145,2324472.5,2.0128571428571433,88.94,89.225,88.595,89.14,True,BELOW_MINIMUM_RELATIVE_VOLUME,False,,,,,,,,,,,,,,BELOW_MINIMUM_RELATIVE_VOLUME,False,,,,,,,,,,,,,,BELOW_MINIMUM_RELATIVE_VOLUME,False,,,,,,,,,,,,,
orb_v1.0,2024-09-24,439,TJX,BBG001S5WQ93,0.5859214344789785,14,LONG,False,BELOW_MINIMUM_RELATIVE_VOLUME,True,False,False,False,85519.0,145956.42857142858,4404094.357142857,1.679542857142858,117.23,117.64,117.23,117.5,False,BELOW_MINIMUM_RELATIVE_VOLUME,False,,,,,,,,,,,,,,BELOW_MINIMUM_RELATIVE_VOLUME,False,,,,,,,,,,,,,,BELOW_MINIMUM_RELATIVE_VOLUME,False,,,,,,,,,,,,,
orb_v1.0,2024-09-24,440,EGO,BBG001S5YPQ4,0.5844893682120238,14,SHORT,False,BELOW_MINIMUM_RELATIVE_VOLUME,False,False,False,False,20877.0,35718.357142857145,1175260.7142857143,0.54585,17.8,17.8,17.57,17.61,True,BELOW_MINIMUM_RELATIVE_VOLUME,False,,,,,,,,,,,,,,BELOW_MINIMUM_RELATIVE_VOLUME,False,,,,,,,,,,,,,,BELOW_MINIMUM_RELATIVE_VOLUME,False,,,,,,,,,,,,,
orb_v1.0,2024-09-24,441,CZR,BBG0074Q3NL5,0.5838405813140911,14,SHORT,False,BELOW_MINIMUM_RELATIVE_VOLUME,False,False,False,False,52754.0,90356.85714285714,4742356.714285715,1.5746428571428563,41.99,42.17,41.63,41.84,True,BELOW_MINIMUM_RELATIVE_VOLUME,False,,,,,,,,,,,,,,BELOW_MINIMUM_RELATIVE_VOLUME,False,,,,,,,,,,,,,,BELOW_MINIMUM_RELATIVE_VOLUME,False,,,,,,,,,,,,,
orb_v1.0,2024-09-24,442,PEG,BBG001S5V3C1,0.583431829990749,14,LONG,False,BELOW_MINIMUM_RELATIVE_VOLUME,True,False,False,False,63923.0,109563.78571428571,3060303.5,1.565164285714287,87.5,87.8499,87.0914,87.73,True,BELOW_MINIMUM_RELATIVE_VOLUME,False,,,,,,,,,,,,,,BELOW_MINIMUM_RELATIVE_VOLUME,False,,,,,,,,,,,,,,BELOW_MINIMUM_RELATIVE_VOLUME,False,,,,,,,,,,,,,
orb_v1.0,2024-09-24,443,CNK,BBG001SS31W4,0.5827901079620403,14,LONG,False,BELOW_MINIMUM_RELATIVE_VOLUME,False,False,False,False,22753.0,39041.5,2316913.5714285714,0.7477785714285713,27.39,27.495,27.2,27.415,True,BELOW_MINIMUM_RELATIVE_VOLUME,False,,,,,,,,,,,,,,BELOW_MINIMUM_RELATIVE_VOLUME,False,,,,,,,,,,,,,,BELOW_MINIMUM_RELATIVE_VOLUME,False,,,,,,,,,,,,,
orb_v1.0,2024-09-24,444,HIMS,BBG00Q5LQWK9,0.5819885456834889,14,SHORT,False,BELOW_MINIMUM_RELATIVE_VOLUME,False,False,False,False,155528.0,267235.5,6526129.285714285,0.7999571428571431,16.6,16.67,16.56,16.56,True,BELOW_MINIMUM_RELATIVE_VOLUME,False,,,,,,,,,,,,,,BELOW_MINIMUM_RELATIVE_VOLUME,False,,,,,,,,,,,,,,BELOW_MINIMUM_RELATIVE_VOLUME,False,,,,,,,,,,,,,
orb_v1.0,2024-09-24,445,COO,BBG001S5Q1H6,0.5816295408896448,14,SHORT,False,BELOW_MINIMUM_RELATIVE_VOLUME,True,False,False,False,15120.0,25995.928571428572,1109930.5714285714,2.2196428571428575,110.25,110.25,109.77,109.96,True,BELOW_MINIMUM_RELATIVE_VOLUME,False,,,,,,,,,,,,,,BELOW_MINIMUM_RELATIVE_VOLUME,False,,,,,,,,,,,,,,BELOW_MINIMUM_RELATIVE_VOLUME,False,,,,,,,,,,,,,
orb_v1.0,2024-09-24,446,UPST,BBG00PKCBY62,0.5796969477628656,14,SHORT,False,BELOW_MINIMUM_RELATIVE_VOLUME,False,False,False,False,181342.0,312822.0714285714,7904639.785714285,2.8591571428571414,38.44,38.64,37.752,38.0566,True,BELOW_MINIMUM_RELATIVE_VOLUME,False,,,,,,,,,,,,,,BELOW_MINIMUM_RELATIVE_VOLUME,False,,,,,,,,,,,,,,BELOW_MINIMUM_RELATIVE_VOLUME,False,,,,,,,,,,,,,
orb_v1.0,2024-09-24,447,CPB,BBG001S5Q2B0,0.5771255348501019,14,SHORT,False,BELOW_MINIMUM_RELATIVE_VOLUME,True,False,False,False,41177.0,71348.42857142857,2646373.214285714,1.1307142857142847,50.2,50.2,49.94,49.95,True,BELOW_MINIMUM_RELATIVE_VOLUME,False,,,,,,,,,,,,,,BELOW_MINIMUM_RELATIVE_VOLUME,False,,,,,,,,,,,,,,BELOW_MINIMUM_RELATIVE_VOLUME,False,,,,,,,,,,,,,
orb_v1.0,2024-09-24,448,ISRG,BBG001S7XR78,0.5756116957759865,14,SHORT,False,BELOW_MINIMUM_RELATIVE_VOLUME,True,False,False,False,33915.0,58919.92857142857,1278765.142857143,9.067385714285715,490.51,490.51,486.7,486.7,True,BELOW_MINIMUM_RELATIVE_VOLUME,False,,,,,,,,,,,,,,BELOW_MINIMUM_RELATIVE_VOLUME,False,,,,,,,,,,,,,,BELOW_MINIMUM_RELATIVE_VOLUME,False,,,,,,,,,,,,,
orb_v1.0,2024-09-24,449,TTWO,BBG001S9TN41,0.5753972852496504,14,SHORT,False,BELOW_MINIMUM_RELATIVE_VOLUME,True,False,False,False,26600.0,46228.92857142857,1696685.2857142857,3.8159285714285756,149.63,149.8494,148.73,149.445,True,BELOW_MINIMUM_RELATIVE_VOLUME,False,,,,,,,,,,,,,,BELOW_MINIMUM_RELATIVE_VOLUME,False,,,,,,,,,,,,,,BELOW_MINIMUM_RELATIVE_VOLUME,False,,,,,,,,,,,,,
orb_v1.0,2024-09-24,450,CORZ,BBG01L5GH1G3,0.5753085237859479,14,SHORT,False,BELOW_MINIMUM_RELATIVE_VOLUME,False,False,False,False,232653.0,404396.9285714286,12725715.642857144,0.8685714285714284,12.51,12.5866,12.37,12.5,True,BELOW_MINIMUM_RELATIVE_VOLUME,False,,,,,,,,,,,,,,BELOW_MINIMUM_RELATIVE_VOLUME,False,,,,,,,,,,,,,,BELOW_MINIMUM_RELATIVE_VOLUME,False,,,,,,,,,,,,,
orb_v1.0,2024-09-24,451,PBF,BBG002832HM6,0.5744637284341588,14,SHORT,False,BELOW_MINIMUM_RELATIVE_VOLUME,False,False,False,False,38275.0,66627.35714285714,2685141.6428571427,1.1739285714285725,32.28,32.44,32.01,32.1487,True,BELOW_MINIMUM_RELATIVE_VOLUME,False,,,,,,,,,,,,,,BELOW_MINIMUM_RELATIVE_VOLUME,False,,,,,,,,,,,,,,BELOW_MINIMUM_RELATIVE_VOLUME,False,,,,,,,,,,,,,
orb_v1.0,2024-09-24,452,PCAR,BBG001S5V1S8,0.5742143442870118,14,SHORT,False,BELOW_MINIMUM_RELATIVE_VOLUME,True,False,False,False,45566.0,79353.64285714286,2545473.9285714286,2.1238500000000005,98.85,98.91,98.29,98.485,False,BELOW_MINIMUM_RELATIVE_VOLUME,False,,,,,,,,,,,,,,BELOW_MINIMUM_RELATIVE_VOLUME,False,,,,,,,,,,,,,,BELOW_MINIMUM_RELATIVE_VOLUME,False,,,,,,,,,,,,,
orb_v1.0,2024-09-24,453,WRB,BBG001S5P463,0.5733577674738952,14,LONG,False,BELOW_MINIMUM_RELATIVE_VOLUME,False,False,False,False,23309.0,40653.5,1953169.142857143,1.0728571428571436,56.99,57.18,56.8182,57.115,True,BELOW_MINIMUM_RELATIVE_VOLUME,False,,,,,,,,,,,,,,BELOW_MINIMUM_RELATIVE_VOLUME,False,,,,,,,,,,,,,,BELOW_MINIMUM_RELATIVE_VOLUME,False,,,,,,,,,,,,,
orb_v1.0,2024-09-24,454,MRK,BBG001S5TC52,0.5731953585217583,14,SHORT,False,BELOW_MINIMUM_RELATIVE_VOLUME,True,False,False,False,250432.0,436905.14285714284,10249890.714285715,2.4539285714285706,115.85,116.26,115.67,115.84,True,BELOW_MINIMUM_RELATIVE_VOLUME,False,,,,,,,,,,,,,,BELOW_MINIMUM_RELATIVE_VOLUME,False,,,,,,,,,,,,,,BELOW_MINIMUM_RELATIVE_VOLUME,False,,,,,,,,,,,,,
orb_v1.0,2024-09-24,455,TGT,BBG001SC0K41,0.5730585368478099,14,LONG,False,BELOW_MINIMUM_RELATIVE_VOLUME,True,False,False,False,62387.0,108866.71428571429,3964079.6428571427,3.3175000000000017,155.9,156.52,155.5,156.15,True,BELOW_MINIMUM_RELATIVE_VOLUME,False,,,,,,,,,,,,,,BELOW_MINIMUM_RELATIVE_VOLUME,False,,,,,,,,,,,,,,BELOW_MINIMUM_RELATIVE_VOLUME,False,,,,,,,,,,,,,
orb_v1.0,2024-09-24,456,NUS,BBG001S988X5,0.5729388027182886,14,LONG,False,BELOW_MINIMUM_RELATIVE_VOLUME,False,False,False,False,18295.0,31931.85714285714,2155061.1428571427,0.5120000000000001,7.31,7.43,7.2626,7.43,True,BELOW_MINIMUM_RELATIVE_VOLUME,False,,,,,,,,,,,,,,BELOW_MINIMUM_RELATIVE_VOLUME,False,,,,,,,,,,,,,,BELOW_MINIMUM_RELATIVE_VOLUME,False,,,,,,,,,,,,,
orb_v1.0,2024-09-24,457,WDAY,BBG001T21KQ7,0.5727693139276491,14,LONG,False,BELOW_MINIMUM_RELATIVE_VOLUME,True,False,False,False,30654.0,53518.92857142857,2064894.5714285714,6.037028571428572,245.06,246.54,244.58,246.525,True,BELOW_MINIMUM_RELATIVE_VOLUME,False,,,,,,,,,,,,,,BELOW_MINIMUM_RELATIVE_VOLUME,False,,,,,,,,,,,,,,BELOW_MINIMUM_RELATIVE_VOLUME,False,,,,,,,,,,,,,
orb_v1.0,2024-09-24,458,CSCO,BBG001S6HC62,0.5719168399690883,14,LONG,False,BELOW_MINIMUM_RELATIVE_VOLUME,True,False,False,False,474646.0,829921.3571428572,17429945.85714286,0.8496357142857143,52.21,52.32,52.09,52.23,True,BELOW_MINIMUM_RELATIVE_VOLUME,False,,,,,,,,,,,,,,BELOW_MINIMUM_RELATIVE_VOLUME,False,,,,,,,,,,,,,,BELOW_MINIMUM_RELATIVE_VOLUME,False,,,,,,,,,,,,,
orb_v1.0,2024-09-24,459,NCLH,0001513761,0.571104902380649,14,SHORT,False,BELOW_MINIMUM_RELATIVE_VOLUME,False,False,False,False,269280.0,471507.0714285714,15407412.714285715,0.7366142857142857,21.1,21.1,20.94,21.0,True,BELOW_MINIMUM_RELATIVE_VOLUME,False,,,,,,,,,,,,,,BELOW_MINIMUM_RELATIVE_VOLUME,False,,,,,,,,,,,,,,BELOW_MINIMUM_RELATIVE_VOLUME,False,,,,,,,,,,,,,
orb_v1.0,2024-09-24,460,FITB,BBG001S5R6S2,0.5701779034496672,14,LONG,False,BELOW_MINIMUM_RELATIVE_VOLUME,True,False,False,False,62179.0,109051.92857142857,4156425.3571428573,1.0510000000000008,42.95,43.11,42.75,43.11,True,BELOW_MINIMUM_RELATIVE_VOLUME,False,,,,,,,,,,,,,,BELOW_MINIMUM_RELATIVE_VOLUME,False,,,,,,,,,,,,,,BELOW_MINIMUM_RELATIVE_VOLUME,False,,,,,,,,,,,,,
orb_v1.0,2024-09-24,461,EXPE,BBG001SP8VM0,0.5687488688367764,14,LONG,False,BELOW_MINIMUM_RELATIVE_VOLUME,True,False,False,False,18855.0,33151.71428571428,1355202.857142857,3.672156000000002,145.0,145.455,145.0,145.02,True,BELOW_MINIMUM_RELATIVE_VOLUME,False,,,,,,,,,,,,,,BELOW_MINIMUM_RELATIVE_VOLUME,False,,,,,,,,,,,,,,BELOW_MINIMUM_RELATIVE_VOLUME,False,,,,,,,,,,,,,
orb_v1.0,2024-09-24,462,VNO,BBG001S5X909,0.5673447731449129,14,LONG,False,BELOW_MINIMUM_RELATIVE_VOLUME,False,False,False,False,18789.0,33117.42857142857,2234759.785714286,1.1414285714285721,39.1,39.35,38.935,39.33,True,BELOW_MINIMUM_RELATIVE_VOLUME,False,,,,,,,,,,,,,,BELOW_MINIMUM_RELATIVE_VOLUME,False,,,,,,,,,,,,,,BELOW_MINIMUM_RELATIVE_VOLUME,False,,,,,,,,,,,,,
orb_v1.0,2024-09-24,463,NEP,BBG006JNW312,0.5643659190387579,14,SHORT,False,BELOW_MINIMUM_RELATIVE_VOLUME,False,False,False,False,18392.0,32588.785714285714,1046977.7142857143,0.6850499999999998,27.3,27.32,27.2,27.21,True,BELOW_MINIMUM_RELATIVE_VOLUME,False,,,,,,,,,,,,,,BELOW_MINIMUM_RELATIVE_VOLUME,False,,,,,,,,,,,,,,BELOW_MINIMUM_RELATIVE_VOLUME,False,,,,,,,,,,,,,
orb_v1.0,2024-09-24,464,AROC,BBG001SVDK72,0.5635673821095714,14,SHORT,False,BELOW_MINIMUM_RELATIVE_VOLUME,False,False,False,False,19406.0,34434.21428571428,1625154.5714285714,0.5931428571428571,21.39,21.5,21.28,21.315,True,BELOW_MINIMUM_RELATIVE_VOLUME,False,,,,,,,,,,,,,,BELOW_MINIMUM_RELATIVE_VOLUME,False,,,,,,,,,,,,,,BELOW_MINIMUM_RELATIVE_VOLUME,False,,,,,,,,,,,,,
orb_v1.0,2024-09-24,465,INCY,BBG001S8Q6N2,0.5631511535277487,14,SHORT,False,BELOW_MINIMUM_RELATIVE_VOLUME,False,False,False,False,20602.0,36583.42857142857,2346014.4285714286,2.0614285714285723,64.15,64.2,63.83,63.88,True,BELOW_MINIMUM_RELATIVE_VOLUME,False,,,,,,,,,,,,,,BELOW_MINIMUM_RELATIVE_VOLUME,False,,,,,,,,,,,,,,BELOW_MINIMUM_RELATIVE_VOLUME,False,,,,,,,,,,,,,
orb_v1.0,2024-09-24,466,CM,BBG001S5YBB1,0.563076207306074,14,LONG,False,BELOW_MINIMUM_RELATIVE_VOLUME,True,False,False,False,19710.0,35004.142857142855,1452840.2857142857,0.9384285714285708,61.63,61.84,61.63,61.74,True,BELOW_MINIMUM_RELATIVE_VOLUME,False,,,,,,,,,,,,,,BELOW_MINIMUM_RELATIVE_VOLUME,False,,,,,,,,,,,,,,BELOW_MINIMUM_RELATIVE_VOLUME,False,,,,,,,,,,,,,
orb_v1.0,2024-09-24,467,CIVI,BBG00GLNJ0R0,0.562707992832247,14,SHORT,False,BELOW_MINIMUM_RELATIVE_VOLUME,False,False,False,False,14288.0,25391.5,1174734.857142857,1.656921428571428,55.35,55.35,54.825,55.06,True,BELOW_MINIMUM_RELATIVE_VOLUME,False,,,,,,,,,,,,,,BELOW_MINIMUM_RELATIVE_VOLUME,False,,,,,,,,,,,,,,BELOW_MINIMUM_RELATIVE_VOLUME,False,,,,,,,,,,,,,
orb_v1.0,2024-09-24,468,NVDA,BBG001S5TZJ6,0.5626149259824653,14,LONG,False,BELOW_MINIMUM_RELATIVE_VOLUME,True,False,False,False,7690628.0,13669434.714285715,311089321.9285714,5.127357142857142,116.515,117.28,116.4,116.72,True,BELOW_MINIMUM_RELATIVE_VOLUME,False,,,,,,,,,,,,,,BELOW_MINIMUM_RELATIVE_VOLUME,False,,,,,,,,,,,,,,BELOW_MINIMUM_RELATIVE_VOLUME,False,,,,,,,,,,,,,
orb_v1.0,2024-09-24,469,CCCC,BBG00BV2Y9C6,0.5609316587476452,14,SHORT,False,BELOW_MINIMUM_RELATIVE_VOLUME,False,False,False,False,20567.0,36665.78571428572,1487404.0714285714,0.6823714285714285,6.24,6.245,6.17,6.17,True,BELOW_MINIMUM_RELATIVE_VOLUME,False,,,,,,,,,,,,,,BELOW_MINIMUM_RELATIVE_VOLUME,False,,,,,,,,,,,,,,BELOW_MINIMUM_RELATIVE_VOLUME,False,,,,,,,,,,,,,
orb_v1.0,2024-09-24,470,ACN,0001467373,0.559148288653853,14,LONG,False,BELOW_MINIMUM_RELATIVE_VOLUME,True,False,False,False,53229.0,95196.57142857143,2337154.8571428573,6.619900000000001,337.94,338.374,335.28,338.374,True,BELOW_MINIMUM_RELATIVE_VOLUME,False,,,,,,,,,,,,,,BELOW_MINIMUM_RELATIVE_VOLUME,False,,,,,,,,,,,,,,BELOW_MINIMUM_RELATIVE_VOLUME,False,,,,,,,,,,,,,
orb_v1.0,2024-09-24,471,RH,BBG002293Q93,0.552543079810611,14,LONG,False,BELOW_MINIMUM_RELATIVE_VOLUME,False,False,False,False,25549.0,46238.92857142857,1272699.642857143,16.938016785714286,348.52,350.29,346.3,348.975,False,BELOW_MINIMUM_RELATIVE_VOLUME,False,,,,,,,,,,,,,,BELOW_MINIMUM_RELATIVE_VOLUME,False,,,,,,,,,,,,,,BELOW_MINIMUM_RELATIVE_VOLUME,False,,,,,,,,,,,,,
orb_v1.0,2024-09-24,472,PENN,BBG001S80PY6,0.5522825304228283,14,LONG,False,BELOW_MINIMUM_RELATIVE_VOLUME,False,False,False,False,43387.0,78559.42857142857,3712436.5714285714,0.8969785714285717,19.64,19.82,19.6085,19.74,True,BELOW_MINIMUM_RELATIVE_VOLUME,False,,,,,,,,,,,,,,BELOW_MINIMUM_RELATIVE_VOLUME,False,,,,,,,,,,,,,,BELOW_MINIMUM_RELATIVE_VOLUME,False,,,,,,,,,,,,,
orb_v1.0,2024-09-24,473,COGT,BBG007DHY102,0.5517225839886437,14,LONG,False,BELOW_MINIMUM_RELATIVE_VOLUME,False,False,False,False,20988.0,38040.857142857145,1022530.1428571428,0.6428571428571429,10.95,10.97,10.635,10.97,True,BELOW_MINIMUM_RELATIVE_VOLUME,False,,,,,,,,,,,,,,BELOW_MINIMUM_RELATIVE_VOLUME,False,,,,,,,,,,,,,,BELOW_MINIMUM_RELATIVE_VOLUME,False,,,,,,,,,,,,,
orb_v1.0,2024-09-24,474,AEM,BBG001S77MK3,0.5508093982287126,14,SHORT,False,BELOW_MINIMUM_RELATIVE_VOLUME,True,False,False,False,46054.0,83611.5,2228400.9285714286,2.091785714285717,82.97,83.14,82.5,82.7265,False,BELOW_MINIMUM_RELATIVE_VOLUME,False,,,,,,,,,,,,,,BELOW_MINIMUM_RELATIVE_VOLUME,False,,,,,,,,,,,,,,BELOW_MINIMUM_RELATIVE_VOLUME,False,,,,,,,,,,,,,
orb_v1.0,2024-09-24,475,OMI,BBG001S72KY7,0.546644844517185,14,LONG,False,BELOW_MINIMUM_RELATIVE_VOLUME,False,False,False,False,8851.0,16191.5,1277046.142857143,0.742857142857143,15.14,15.18,15.14,15.18,True,BELOW_MINIMUM_RELATIVE_VOLUME,False,,,,,,,,,,,,,,BELOW_MINIMUM_RELATIVE_VOLUME,False,,,,,,,,,,,,,,BELOW_MINIMUM_RELATIVE_VOLUME,False,,,,,,,,,,,,,
orb_v1.0,2024-09-24,476,LLY,BBG001S5STL8,0.5461121882936861,14,SHORT,False,BELOW_MINIMUM_RELATIVE_VOLUME,True,False,False,False,75826.0,138846.92857142858,2899493.5714285714,21.027414285714276,922.12,923.0,920.2476,920.935,True,BELOW_MINIMUM_RELATIVE_VOLUME,False,,,,,,,,,,,,,,BELOW_MINIMUM_RELATIVE_VOLUME,False,,,,,,,,,,,,,,BELOW_MINIMUM_RELATIVE_VOLUME,False,,,,,,,,,,,,,
orb_v1.0,2024-09-24,477,VNT,BBG00RRGSKH2,0.5450814368379213,14,SHORT,False,BELOW_MINIMUM_RELATIVE_VOLUME,False,False,False,False,6318.0,11590.92857142857,1016784.9285714285,0.6845785714285719,33.51,33.605,33.45,33.49,True,BELOW_MINIMUM_RELATIVE_VOLUME,False,,,,,,,,,,,,,,BELOW_MINIMUM_RELATIVE_VOLUME,False,,,,,,,,,,,,,,BELOW_MINIMUM_RELATIVE_VOLUME,False,,,,,,,,,,,,,
orb_v1.0,2024-09-24,478,STNE,0001745431,0.5443396186389742,14,LONG,False,BELOW_MINIMUM_RELATIVE_VOLUME,False,False,False,False,109972.0,202028.2857142857,4656091.5,0.5585714285714286,11.28,11.35,11.18,11.34,True,BELOW_MINIMUM_RELATIVE_VOLUME,False,,,,,,,,,,,,,,BELOW_MINIMUM_RELATIVE_VOLUME,False,,,,,,,,,,,,,,BELOW_MINIMUM_RELATIVE_VOLUME,False,,,,,,,,,,,,,
orb_v1.0,2024-09-24,479,KRC,BBG001S9BHB5,0.54357337442558,14,LONG,False,BELOW_MINIMUM_RELATIVE_VOLUME,False,False,False,False,7055.0,12978.92857142857,1308067.642857143,1.1096428571428585,39.88,40.02,39.64,39.95,True,BELOW_MINIMUM_RELATIVE_VOLUME,False,,,,,,,,,,,,,,BELOW_MINIMUM_RELATIVE_VOLUME,False,,,,,,,,,,,,,,BELOW_MINIMUM_RELATIVE_VOLUME,False,,,,,,,,,,,,,
orb_v1.0,2024-09-24,480,GLPI,BBG003MSMCT5,0.5432896927160661,14,LONG,False,BELOW_MINIMUM_RELATIVE_VOLUME,False,False,False,False,17251.0,31752.85714285714,1333513.7142857143,0.7482142857142848,51.09,51.15,50.8,51.115238,True,BELOW_MINIMUM_RELATIVE_VOLUME,False,,,,,,,,,,,,,,BELOW_MINIMUM_RELATIVE_VOLUME,False,,,,,,,,,,,,,,BELOW_MINIMUM_RELATIVE_VOLUME,False,,,,,,,,,,,,,
orb_v1.0,2024-09-24,481,MAS,BBG001S5SZ70,0.5431524158397478,14,LONG,False,BELOW_MINIMUM_RELATIVE_VOLUME,True,False,False,False,13387.0,24646.85714285714,1498647.5714285714,1.6614285714285697,82.57,82.83,82.43,82.83,True,BELOW_MINIMUM_RELATIVE_VOLUME,False,,,,,,,,,,,,,,BELOW_MINIMUM_RELATIVE_VOLUME,False,,,,,,,,,,,,,,BELOW_MINIMUM_RELATIVE_VOLUME,False,,,,,,,,,,,,,
orb_v1.0,2024-09-24,482,ADM,BBG001S5ND74,0.5421913268674581,14,SHORT,False,BELOW_MINIMUM_RELATIVE_VOLUME,True,False,False,False,45461.0,83846.78571428571,3182009.4285714286,1.2339114999999998,61.29,61.43,61.1137,61.28,True,BELOW_MINIMUM_RELATIVE_VOLUME,False,,,,,,,,,,,,,,BELOW_MINIMUM_RELATIVE_VOLUME,False,,,,,,,,,,,,,,BELOW_MINIMUM_RELATIVE_VOLUME,False,,,,,,,,,,,,,
orb_v1.0,2024-09-24,483,TXG,BBG007WX14Y9,0.5418652950851662,14,LONG,False,BELOW_MINIMUM_RELATIVE_VOLUME,False,False,False,False,11107.0,20497.714285714286,1331460.7857142857,1.3105357142857141,22.36,22.53,22.315,22.49,True,BELOW_MINIMUM_RELATIVE_VOLUME,False,,,,,,,,,,,,,,BELOW_MINIMUM_RELATIVE_VOLUME,False,,,,,,,,,,,,,,BELOW_MINIMUM_RELATIVE_VOLUME,False,,,,,,,,,,,,,
orb_v1.0,2024-09-24,484,PHM,BBG001S5V5K7,0.5407481778967723,14,LONG,False,BELOW_MINIMUM_RELATIVE_VOLUME,True,False,False,False,31161.0,57625.71428571428,2293902.8571428573,3.9015071428571395,142.75,143.67,142.0,143.445,True,BELOW_MINIMUM_RELATIVE_VOLUME,False,,,,,,,,,,,,,,BELOW_MINIMUM_RELATIVE_VOLUME,False,,,,,,,,,,,,,,BELOW_MINIMUM_RELATIVE_VOLUME,False,,,,,,,,,,,,,
orb_v1.0,2024-09-24,485,AES,BBG001S6B1L5,0.5391081410869173,14,LONG,False,BELOW_MINIMUM_RELATIVE_VOLUME,False,False,False,False,131124.0,243223.92857142858,10420401.785714285,0.6085714285714283,19.35,19.59,19.34,19.59,True,BELOW_MINIMUM_RELATIVE_VOLUME,False,,,,,,,,,,,,,,BELOW_MINIMUM_RELATIVE_VOLUME,False,,,,,,,,,,,,,,BELOW_MINIMUM_RELATIVE_VOLUME,False,,,,,,,,,,,,,
orb_v1.0,2024-09-24,486,GPRE,BBG001SPVM17,0.5390251135313032,14,SHORT,False,BELOW_MINIMUM_RELATIVE_VOLUME,False,False,False,False,13243.0,24568.428571428572,1090300.0714285714,0.7792357142857139,13.0,13.07,12.895,12.9945,True,BELOW_MINIMUM_RELATIVE_VOLUME,False,,,,,,,,,,,,,,BELOW_MINIMUM_RELATIVE_VOLUME,False,,,,,,,,,,,,,,BELOW_MINIMUM_RELATIVE_VOLUME,False,,,,,,,,,,,,,
orb_v1.0,2024-09-24,487,NNN,BBG001S6Z1P5,0.5387901721101366,14,LONG,False,BELOW_MINIMUM_RELATIVE_VOLUME,False,False,False,False,11035.0,20481.071428571428,1072281.142857143,0.7010714285714295,47.91,48.01,47.715,47.985,True,BELOW_MINIMUM_RELATIVE_VOLUME,False,,,,,,,,,,,,,,BELOW_MINIMUM_RELATIVE_VOLUME,False,,,,,,,,,,,,,,BELOW_MINIMUM_RELATIVE_VOLUME,False,,,,,,,,,,,,,
orb_v1.0,2024-09-24,488,PLNT,BBG009H04M26,0.5386007187346269,14,SHORT,False,BELOW_MINIMUM_RELATIVE_VOLUME,False,False,False,False,9228.0,17133.285714285714,1171366.4285714286,1.8790571428571425,82.52,82.52,82.07,82.07,False,BELOW_MINIMUM_RELATIVE_VOLUME,False,,,,,,,,,,,,,,BELOW_MINIMUM_RELATIVE_VOLUME,False,,,,,,,,,,,,,,BELOW_MINIMUM_RELATIVE_VOLUME,False,,,,,,,,,,,,,
orb_v1.0,2024-09-24,489,VVV,BBG003DNHV65,0.5383325538686164,14,SHORT,False,BELOW_MINIMUM_RELATIVE_VOLUME,False,False,False,False,6742.0,12523.857142857143,1185288.9285714286,0.8964285714285707,41.48,41.65,41.41,41.415,True,BELOW_MINIMUM_RELATIVE_VOLUME,False,,,,,,,,,,,,,,BELOW_MINIMUM_RELATIVE_VOLUME,False,,,,,,,,,,,,,,BELOW_MINIMUM_RELATIVE_VOLUME,False,,,,,,,,,,,,,
orb_v1.0,2024-09-24,490,DAL,BBG001SPT759,0.5361380168730226,14,LONG,False,BELOW_MINIMUM_RELATIVE_VOLUME,True,False,False,False,156178.0,291301.85714285716,9222934.5,1.4783857142857133,47.37,47.72,47.3,47.66,True,BELOW_MINIMUM_RELATIVE_VOLUME,False,,,,,,,,,,,,,,BELOW_MINIMUM_RELATIVE_VOLUME,False,,,,,,,,,,,,,,BELOW_MINIMUM_RELATIVE_VOLUME,False,,,,,,,,,,,,,
orb_v1.0,2024-09-24,491,EFX,BBG001S5QSK3,0.5360294142157598,14,SHORT,False,BELOW_MINIMUM_RELATIVE_VOLUME,True,False,False,False,11486.0,21427.928571428572,1140542.0,6.510614285714281,298.12,299.0,296.79,297.905,False,BELOW_MINIMUM_RELATIVE_VOLUME,False,,,,,,,,,,,,,,BELOW_MINIMUM_RELATIVE_VOLUME,False,,,,,,,,,,,,,,BELOW_MINIMUM_RELATIVE_VOLUME,False,,,,,,,,,,,,,
orb_v1.0,2024-09-24,492,EXTR,BBG001S6ZV24,0.5344774388706832,14,LONG,False,BELOW_MINIMUM_RELATIVE_VOLUME,False,False,False,False,18931.0,35419.642857142855,1357449.2142857143,0.611592857142857,15.05,15.15,15.02,15.12,False,BELOW_MINIMUM_RELATIVE_VOLUME,False,,,,,,,,,,,,,,BELOW_MINIMUM_RELATIVE_VOLUME,False,,,,,,,,,,,,,,BELOW_MINIMUM_RELATIVE_VOLUME,False,,,,,,,,,,,,,
orb_v1.0,2024-09-24,493,CCK,BBG001S5PKZ5,0.5340893626672715,14,LONG,False,BELOW_MINIMUM_RELATIVE_VOLUME,False,False,False,False,6728.0,12597.142857142857,1113998.642857143,1.50857142857143,95.09,95.69,95.09,95.69,True,BELOW_MINIMUM_RELATIVE_VOLUME,False,,,,,,,,,,,,,,BELOW_MINIMUM_RELATIVE_VOLUME,False,,,,,,,,,,,,,,BELOW_MINIMUM_RELATIVE_VOLUME,False,,,,,,,,,,,,,
orb_v1.0,2024-09-24,494,QGEN,0001015820,0.5336996314151538,14,SHORT,False,BELOW_MINIMUM_RELATIVE_VOLUME,False,False,False,False,12225.0,22906.14285714286,1348125.2857142857,0.7392857142857149,44.66,44.67,44.57,44.655,False,BELOW_MINIMUM_RELATIVE_VOLUME,False,,,,,,,,,,,,,,BELOW_MINIMUM_RELATIVE_VOLUME,False,,,,,,,,,,,,,,BELOW_MINIMUM_RELATIVE_VOLUME,False,,,,,,,,,,,,,
orb_v1.0,2024-09-24,495,SWK,BBG001S5WHT1,0.5327148566043101,14,LONG,False,BELOW_MINIMUM_RELATIVE_VOLUME,True,False,False,False,14454.0,27132.714285714286,1267645.0,2.6609357142857144,107.99,108.33,107.515,108.31,False,BELOW_MINIMUM_RELATIVE_VOLUME,False,,,,,,,,,,,,,,BELOW_MINIMUM_RELATIVE_VOLUME,False,,,,,,,,,,,,,,BELOW_MINIMUM_RELATIVE_VOLUME,False,,,,,,,,,,,,,
orb_v1.0,2024-09-24,496,FTAI,0001590364,0.5323711570294046,14,SHORT,False,BELOW_MINIMUM_RELATIVE_VOLUME,False,False,False,False,14312.0,26883.5,1148370.5,4.837321428571431,130.02,130.02,129.01,129.58,True,BELOW_MINIMUM_RELATIVE_VOLUME,False,,,,,,,,,,,,,,BELOW_MINIMUM_RELATIVE_VOLUME,False,,,,,,,,,,,,,,BELOW_MINIMUM_RELATIVE_VOLUME,False,,,,,,,,,,,,,
orb_v1.0,2024-09-24,497,BJ,BBG00FQ8T4M6,0.5297019589446366,14,LONG,False,BELOW_MINIMUM_RELATIVE_VOLUME,False,False,False,False,10001.0,18880.428571428572,1496459.857142857,1.470957142857143,81.56,81.82,81.415,81.615,True,BELOW_MINIMUM_RELATIVE_VOLUME,False,,,,,,,,,,,,,,BELOW_MINIMUM_RELATIVE_VOLUME,False,,,,,,,,,,,,,,BELOW_MINIMUM_RELATIVE_VOLUME,False,,,,,,,,,,,,,
orb_v1.0,2024-09-24,498,ETN,0001551182,0.5272043327953972,14,LONG,False,BELOW_MINIMUM_RELATIVE_VOLUME,True,False,False,False,39062.0,74092.71428571429,2274982.5,8.231428571428571,329.71,330.23,327.44,329.79,False,BELOW_MINIMUM_RELATIVE_VOLUME,False,,,,,,,,,,,,,,BELOW_MINIMUM_RELATIVE_VOLUME,False,,,,,,,,,,,,,,BELOW_MINIMUM_RELATIVE_VOLUME,False,,,,,,,,,,,,,
orb_v1.0,2024-09-24,499,BBY,BBG001S5P285,0.5265359109044343,14,LONG,False,BELOW_MINIMUM_RELATIVE_VOLUME,True,False,False,False,36330.0,68998.14285714286,2635204.5,2.042907142857142,98.22,98.89,97.85,98.67,False,BELOW_MINIMUM_RELATIVE_VOLUME,False,,,,,,,,,,,,,,BELOW_MINIMUM_RELATIVE_VOLUME,False,,,,,,,,,,,,,,BELOW_MINIMUM_RELATIVE_VOLUME,False,,,,,,,,,,,,,
orb_v1.0,2024-09-24,500,CTSH,BBG001S5STN6,0.5214138206742741,14,SHORT,False,BELOW_MINIMUM_RELATIVE_VOLUME,True,False,False,False,45556.0,87370.14285714286,2974162.285714286,1.2019428571428574,76.23,76.3,76.12,76.21,True,BELOW_MINIMUM_RELATIVE_VOLUME,False,,,,,,,,,,,,,,BELOW_MINIMUM_RELATIVE_VOLUME,False,,,,,,,,,,,,,,BELOW_MINIMUM_RELATIVE_VOLUME,False,,,,,,,,,,,,,
orb_v1.0,2024-09-24,501,DV,BBG00ZNRRKL0,0.5210835417610978,14,SHORT,False,BELOW_MINIMUM_RELATIVE_VOLUME,False,False,False,False,11414.0,21904.35714285714,2761240.3571428573,0.5858928571428572,17.49,17.49,17.38,17.42,True,BELOW_MINIMUM_RELATIVE_VOLUME,False,,,,,,,,,,,,,,BELOW_MINIMUM_RELATIVE_VOLUME,False,,,,,,,,,,,,,,BELOW_MINIMUM_RELATIVE_VOLUME,False,,,,,,,,,,,,,
orb_v1.0,2024-09-24,502,IEP,BBG001S5NBT4,0.5184139626847698,14,LONG,False,BELOW_MINIMUM_RELATIVE_VOLUME,False,False,False,False,46277.0,89266.5,2006591.9285714286,0.7807214285714286,13.6,13.62,13.47,13.61,True,BELOW_MINIMUM_RELATIVE_VOLUME,False,,,,,,,,,,,,,,BELOW_MINIMUM_RELATIVE_VOLUME,False,,,,,,,,,,,,,,BELOW_MINIMUM_RELATIVE_VOLUME,False,,,,,,,,,,,,,
orb_v1.0,2024-09-24,503,GTES,0001718512,0.5177327977260485,14,SHORT,False,BELOW_MINIMUM_RELATIVE_VOLUME,False,False,False,False,11397.0,22013.285714285714,2291722.214285714,0.5189285714285716,17.89,17.89,17.845,17.88,True,BELOW_MINIMUM_RELATIVE_VOLUME,False,,,,,,,,,,,,,,BELOW_MINIMUM_RELATIVE_VOLUME,False,,,,,,,,,,,,,,BELOW_MINIMUM_RELATIVE_VOLUME,False,,,,,,,,,,,,,
orb_v1.0,2024-09-24,504,BAC,BBG001S5P0Y0,0.5170154305657986,14,DOJI,False,BELOW_MINIMUM_RELATIVE_VOLUME,True,False,False,False,772898.0,1494922.5,41608802.35714286,0.9332142857142861,39.85,39.89,39.74,39.85,False,BELOW_MINIMUM_RELATIVE_VOLUME,False,,,,,,,,,,,,,,BELOW_MINIMUM_RELATIVE_VOLUME,False,,,,,,,,,,,,,,BELOW_MINIMUM_RELATIVE_VOLUME,False,,,,,,,,,,,,,
orb_v1.0,2024-09-24,505,CSGP,BBG001SD3DY9,0.5157603186740881,14,SHORT,False,BELOW_MINIMUM_RELATIVE_VOLUME,True,False,False,False,33146.0,64266.28571428572,2120916.0,2.4128785714285703,77.02,77.41,76.47,76.8,True,BELOW_MINIMUM_RELATIVE_VOLUME,False,,,,,,,,,,,,,,BELOW_MINIMUM_RELATIVE_VOLUME,False,,,,,,,,,,,,,,BELOW_MINIMUM_RELATIVE_VOLUME,False,,,,,,,,,,,,,
orb_v1.0,2024-09-24,506,WELL,BBG001S5RTQ4,0.5145848373175123,14,LONG,False,BELOW_MINIMUM_RELATIVE_VOLUME,True,False,False,False,46638.0,90632.28571428571,3401631.8571428573,2.5273435000000055,127.12,128.21,126.845,127.71,True,BELOW_MINIMUM_RELATIVE_VOLUME,False,,,,,,,,,,,,,,BELOW_MINIMUM_RELATIVE_VOLUME,False,,,,,,,,,,,,,,BELOW_MINIMUM_RELATIVE_VOLUME,False,,,,,,,,,,,,,
orb_v1.0,2024-09-24,507,IR,BBG002R1CW36,0.5141705851155124,14,LONG,False,BELOW_MINIMUM_RELATIVE_VOLUME,True,False,False,False,23752.0,46194.78571428572,2385449.5714285714,2.32707142857143,98.2,99.34,97.98,99.23,True,BELOW_MINIMUM_RELATIVE_VOLUME,False,,,,,,,,,,,,,,BELOW_MINIMUM_RELATIVE_VOLUME,False,,,,,,,,,,,,,,BELOW_MINIMUM_RELATIVE_VOLUME,False,,,,,,,,,,,,,
orb_v1.0,2024-09-24,508,GD,BBG001S5RHP1,0.5138053891929584,14,SHORT,False,BELOW_MINIMUM_RELATIVE_VOLUME,True,False,False,False,19211.0,37389.642857142855,1616445.2142857143,5.564785714285705,308.0,308.515,306.06,306.5381,True,BELOW_MINIMUM_RELATIVE_VOLUME,False,,,,,,,,,,,,,,BELOW_MINIMUM_RELATIVE_VOLUME,False,,,,,,,,,,,,,,BELOW_MINIMUM_RELATIVE_VOLUME,False,,,,,,,,,,,,,
orb_v1.0,2024-09-24,509,CHWY,BBG00P19DLQ4,0.5137593350143408,14,SHORT,False,BELOW_MINIMUM_RELATIVE_VOLUME,False,False,False,False,141432.0,275288.4285714286,8106168.642857143,1.7030285714285722,30.15,30.32,29.61,29.68,True,BELOW_MINIMUM_RELATIVE_VOLUME,False,,,,,,,,,,,,,,BELOW_MINIMUM_RELATIVE_VOLUME,False,,,,,,,,,,,,,,BELOW_MINIMUM_RELATIVE_VOLUME,False,,,,,,,,,,,,,
orb_v1.0,2024-09-24,510,MKC,BBG001S79S19,0.5129871970520149,14,LONG,False,BELOW_MINIMUM_RELATIVE_VOLUME,True,False,False,False,23268.0,45357.857142857145,1940070.5714285714,1.2783571428571412,83.04,83.11,82.73,83.09,True,BELOW_MINIMUM_RELATIVE_VOLUME,False,,,,,,,,,,,,,,BELOW_MINIMUM_RELATIVE_VOLUME,False,,,,,,,,,,,,,,BELOW_MINIMUM_RELATIVE_VOLUME,False,,,,,,,,,,,,,
orb_v1.0,2024-09-24,511,GLW,BBG001S5RLH1,0.512707967074548,14,LONG,False,BELOW_MINIMUM_RELATIVE_VOLUME,True,False,False,False,62910.0,122701.42857142857,4557573.785714285,0.8378499999999995,44.91,44.95,44.79,44.95,True,BELOW_MINIMUM_RELATIVE_VOLUME,False,,,,,,,,,,,,,,BELOW_MINIMUM_RELATIVE_VOLUME,False,,,,,,,,,,,,,,BELOW_MINIMUM_RELATIVE_VOLUME,False,,,,,,,,,,,,,
orb_v1.0,2024-09-24,512,APLS,BBG007KGRPZ3,0.5124801126731175,14,SHORT,False,BELOW_MINIMUM_RELATIVE_VOLUME,False,False,False,False,33684.0,65727.42857142857,1880553.642857143,2.201771428571427,32.77,32.785,32.19,32.19,True,BELOW_MINIMUM_RELATIVE_VOLUME,False,,,,,,,,,,,,,,BELOW_MINIMUM_RELATIVE_VOLUME,False,,,,,,,,,,,,,,BELOW_MINIMUM_RELATIVE_VOLUME,False,,,,,,,,,,,,,
orb_v1.0,2024-09-24,513,TEAM,BBG01BGWHFS4,0.5120633168618469,14,SHORT,False,BELOW_MINIMUM_RELATIVE_VOLUME,True,False,False,False,22931.0,44781.57142857143,1785031.2142857143,5.12870714285714,161.77,161.905,161.01,161.575,False,BELOW_MINIMUM_RELATIVE_VOLUME,False,,,,,,,,,,,,,,BELOW_MINIMUM_RELATIVE_VOLUME,False,,,,,,,,,,,,,,BELOW_MINIMUM_RELATIVE_VOLUME,False,,,,,,,,,,,,,
orb_v1.0,2024-09-24,514,HON,BBG001S5X1N1,0.5110489436097986,14,LONG,False,BELOW_MINIMUM_RELATIVE_VOLUME,True,False,False,False,57648.0,112803.28571428571,2166416.1428571427,3.3169499999999994,203.77,204.25,202.69,204.0,True,BELOW_MINIMUM_RELATIVE_VOLUME,False,,,,,,,,,,,,,,BELOW_MINIMUM_RELATIVE_VOLUME,False,,,,,,,,,,,,,,BELOW_MINIMUM_RELATIVE_VOLUME,False,,,,,,,,,,,,,
orb_v1.0,2024-09-24,515,LUNR,BBG00ZMYYP19,0.510750156311993,14,LONG,False,BELOW_MINIMUM_RELATIVE_VOLUME,False,True,False,False,792895.0,1552412.642857143,31055730.07142857,0.9554499999999998,7.82,8.176,7.82,8.1333,True,BELOW_MINIMUM_RELATIVE_VOLUME,False,,,,,,,,,,,,,,BELOW_MINIMUM_RELATIVE_VOLUME,False,,,,,,,,,,,,,,BELOW_MINIMUM_RELATIVE_VOLUME,False,,,,,,,,,,,,,
orb_v1.0,2024-09-24,516,CLX,BBG001S5PX50,0.5106657404590086,14,LONG,False,BELOW_MINIMUM_RELATIVE_VOLUME,True,False,False,False,19061.0,37325.78571428572,1284663.2857142857,2.987728571428576,165.0,165.955,164.5,165.895,True,BELOW_MINIMUM_RELATIVE_VOLUME,False,,,,,,,,,,,,,,BELOW_MINIMUM_RELATIVE_VOLUME,False,,,,,,,,,,,,,,BELOW_MINIMUM_RELATIVE_VOLUME,False,,,,,,,,,,,,,
orb_v1.0,2024-09-24,517,VSCO,BBG01103B480,0.5105180390637464,14,LONG,False,BELOW_MINIMUM_RELATIVE_VOLUME,False,False,False,False,32000.0,62681.42857142857,2885150.5714285714,1.2657142857142851,26.42,26.69,26.33,26.69,True,BELOW_MINIMUM_RELATIVE_VOLUME,False,,,,,,,,,,,,,,BELOW_MINIMUM_RELATIVE_VOLUME,False,,,,,,,,,,,,,,BELOW_MINIMUM_RELATIVE_VOLUME,False,,,,,,,,,,,,,
orb_v1.0,2024-09-24,518,OMF,BBG005497H09,0.5100750120929024,14,SHORT,False,BELOW_MINIMUM_RELATIVE_VOLUME,False,False,False,False,10093.0,19787.285714285714,1376121.142857143,1.7256499999999997,48.55,48.655,48.3,48.435,True,BELOW_MINIMUM_RELATIVE_VOLUME,False,,,,,,,,,,,,,,BELOW_MINIMUM_RELATIVE_VOLUME,False,,,,,,,,,,,,,,BELOW_MINIMUM_RELATIVE_VOLUME,False,,,,,,,,,,,,,
orb_v1.0,2024-09-24,519,NXT,BBG00835TQ17,0.5094508573691103,14,SHORT,False,BELOW_MINIMUM_RELATIVE_VOLUME,False,False,False,False,41817.0,82082.5,3961781.5,1.7013285714285722,37.44,37.5,36.9,37.04,True,BELOW_MINIMUM_RELATIVE_VOLUME,False,,,,,,,,,,,,,,BELOW_MINIMUM_RELATIVE_VOLUME,False,,,,,,,,,,,,,,BELOW_MINIMUM_RELATIVE_VOLUME,False,,,,,,,,,,,,,
orb_v1.0,2024-09-24,520,INTU,BBG001S6TWR2,0.5091721270918785,14,SHORT,False,BELOW_MINIMUM_RELATIVE_VOLUME,True,False,False,False,23595.0,46339.92857142857,1205250.9285714286,14.72324285714285,640.96,640.96,636.9,638.25,True,BELOW_MINIMUM_RELATIVE_VOLUME,False,,,,,,,,,,,,,,BELOW_MINIMUM_RELATIVE_VOLUME,False,,,,,,,,,,,,,,BELOW_MINIMUM_RELATIVE_VOLUME,False,,,,,,,,,,,,,
orb_v1.0,2024-09-24,521,CIEN,BBG001S61J73,0.5090072338280933,14,SHORT,False,BELOW_MINIMUM_RELATIVE_VOLUME,False,False,False,False,38379.0,75399.71428571429,2329923.285714286,2.0355285714285727,61.61,61.69,61.26,61.39,True,BELOW_MINIMUM_RELATIVE_VOLUME,False,,,,,,,,,,,,,,BELOW_MINIMUM_RELATIVE_VOLUME,False,,,,,,,,,,,,,,BELOW_MINIMUM_RELATIVE_VOLUME,False,,,,,,,,,,,,,
orb_v1.0,2024-09-24,522,BAM,BBG019Z17GF9,0.5083935535272494,14,LONG,False,BELOW_MINIMUM_RELATIVE_VOLUME,True,False,False,False,10392.0,20440.85714285714,1394091.0714285714,1.2017857142857156,47.0,47.19,46.95,47.19,True,BELOW_MINIMUM_RELATIVE_VOLUME,False,,,,,,,,,,,,,,BELOW_MINIMUM_RELATIVE_VOLUME,False,,,,,,,,,,,,,,BELOW_MINIMUM_RELATIVE_VOLUME,False,,,,,,,,,,,,,
orb_v1.0,2024-09-24,523,ADNT,0001670541,0.5080251692460561,14,SHORT,False,BELOW_MINIMUM_RELATIVE_VOLUME,False,False,False,False,15046.0,29616.64285714286,2769292.1428571427,0.988214285714286,22.52,22.525,22.39,22.51,True,BELOW_MINIMUM_RELATIVE_VOLUME,False,,,,,,,,,,,,,,BELOW_MINIMUM_RELATIVE_VOLUME,False,,,,,,,,,,,,,,BELOW_MINIMUM_RELATIVE_VOLUME,False,,,,,,,,,,,,,
orb_v1.0,2024-09-24,524,HPQ,BBG001S6W7N7,0.5072971024557366,14,LONG,False,BELOW_MINIMUM_RELATIVE_VOLUME,True,False,False,False,109574.0,215995.7142857143,9728663.0,0.7306071428571416,35.26,35.47,35.25,35.35,True,BELOW_MINIMUM_RELATIVE_VOLUME,False,,,,,,,,,,,,,,BELOW_MINIMUM_RELATIVE_VOLUME,False,,,,,,,,,,,,,,BELOW_MINIMUM_RELATIVE_VOLUME,False,,,,,,,,,,,,,
orb_v1.0,2024-09-24,525,SIRI,BBG01KJQM3Z7,0.50724643156082,14,SHORT,False,BELOW_MINIMUM_RELATIVE_VOLUME,True,False,False,False,201411.0,397067.35714285716,15575065.357142856,2.9619071428571426,25.4,25.4765,25.12,25.31,True,BELOW_MINIMUM_RELATIVE_VOLUME,False,,,,,,,,,,,,,,BELOW_MINIMUM_RELATIVE_VOLUME,False,,,,,,,,,,,,,,BELOW_MINIMUM_RELATIVE_VOLUME,False,,,,,,,,,,,,,
orb_v1.0,2024-09-24,526,EAT,BBG001S5RFV8,0.506967505193407,14,LONG,False,BELOW_MINIMUM_RELATIVE_VOLUME,False,False,False,False,16717.0,32974.5,1322047.142857143,2.828192857142857,77.28,78.22,77.19,77.745,True,BELOW_MINIMUM_RELATIVE_VOLUME,False,,,,,,,,,,,,,,BELOW_MINIMUM_RELATIVE_VOLUME,False,,,,,,,,,,,,,,BELOW_MINIMUM_RELATIVE_VOLUME,False,,,,,,,,,,,,,
orb_v1.0,2024-09-24,527,URBN,BBG001S7H9K1,0.5064786672109183,14,LONG,False,BELOW_MINIMUM_RELATIVE_VOLUME,False,False,False,False,23841.0,47072.07142857143,2022551.642857143,1.3253571428571453,37.75,37.87,37.595,37.845,True,BELOW_MINIMUM_RELATIVE_VOLUME,False,,,,,,,,,,,,,,BELOW_MINIMUM_RELATIVE_VOLUME,False,,,,,,,,,,,,,,BELOW_MINIMUM_RELATIVE_VOLUME,False,,,,,,,,,,,,,
orb_v1.0,2024-09-24,528,PG,BBG001S5V4L9,0.5053945276937241,14,LONG,False,BELOW_MINIMUM_RELATIVE_VOLUME,True,False,False,False,225383.0,445954.5714285714,8011046.0,2.5604285714285697,172.88,174.015,172.8,173.88,True,BELOW_MINIMUM_RELATIVE_VOLUME,False,,,,,,,,,,,,,,BELOW_MINIMUM_RELATIVE_VOLUME,False,,,,,,,,,,,,,,BELOW_MINIMUM_RELATIVE_VOLUME,False,,,,,,,,,,,,,
orb_v1.0,2024-09-24,529,LIN,0001707925,0.5053799396495041,14,SHORT,False,BELOW_MINIMUM_RELATIVE_VOLUME,True,False,False,False,44909.0,88861.85714285714,1694710.0,7.358821428571425,478.95,478.95,476.93,476.93,True,BELOW_MINIMUM_RELATIVE_VOLUME,False,,,,,,,,,,,,,,BELOW_MINIMUM_RELATIVE_VOLUME,False,,,,,,,,,,,,,,BELOW_MINIMUM_RELATIVE_VOLUME,False,,,,,,,,,,,,,
orb_v1.0,2024-09-24,530,UAL,BBG001SQ87W0,0.5037028298296622,14,LONG,False,BELOW_MINIMUM_RELATIVE_VOLUME,True,False,False,False,132359.0,262772.0,7281645.357142857,1.7688428571428558,52.43,53.2,52.43,53.125,True,BELOW_MINIMUM_RELATIVE_VOLUME,False,,,,,,,,,,,,,,BELOW_MINIMUM_RELATIVE_VOLUME,False,,,,,,,,,,,,,,BELOW_MINIMUM_RELATIVE_VOLUME,False,,,,,,,,,,,,,
orb_v1.0,2024-09-24,531,ZD,BBG001SD21P6,0.5034293823170011,14,SHORT,False,BELOW_MINIMUM_RELATIVE_VOLUME,False,False,False,False,7298.0,14496.57142857143,1241647.357142857,1.7942214285714289,50.6,50.65,50.36,50.515,True,BELOW_MINIMUM_RELATIVE_VOLUME,False,,,,,,,,,,,,,,BELOW_MINIMUM_RELATIVE_VOLUME,False,,,,,,,,,,,,,,BELOW_MINIMUM_RELATIVE_VOLUME,False,,,,,,,,,,,,,
orb_v1.0,2024-09-24,532,WAB,BBG001S5XBT3,0.5015455716342146,14,LONG,False,BELOW_MINIMUM_RELATIVE_VOLUME,True,False,False,False,9457.0,18855.714285714286,1076254.642857143,3.5017857142857207,180.28,180.61,179.35,180.405,False,BELOW_MINIMUM_RELATIVE_VOLUME,False,,,,,,,,,,,,,,BELOW_MINIMUM_RELATIVE_VOLUME,False,,,,,,,,,,,,,,BELOW_MINIMUM_RELATIVE_VOLUME,False,,,,,,,,,,,,,
orb_v1.0,2024-09-24,533,INMD,0001742692,0.5010062958376282,14,LONG,False,BELOW_MINIMUM_RELATIVE_VOLUME,False,False,False,False,24129.0,48161.07142857143,1180059.2142857143,0.671871428571429,16.53,16.64,16.52,16.54,True,BELOW_MINIMUM_RELATIVE_VOLUME,False,,,,,,,,,,,,,,BELOW_MINIMUM_RELATIVE_VOLUME,False,,,,,,,,,,,,,,BELOW_MINIMUM_RELATIVE_VOLUME,False,,,,,,,,,,,,,
orb_v1.0,2024-09-24,534,ROKU,BBG001ZZPQM2,0.5006459789538367,14,LONG,False,BELOW_MINIMUM_RELATIVE_VOLUME,False,False,False,False,93113.0,185985.7142857143,3745846.0,3.144142857142857,74.11,75.074,74.11,75.055,True,BELOW_MINIMUM_RELATIVE_VOLUME,False,,,,,,,,,,,,,,BELOW_MINIMUM_RELATIVE_VOLUME,False,,,,,,,,,,,,,,BELOW_MINIMUM_RELATIVE_VOLUME,False,,,,,,,,,,,,,
orb_v1.0,2024-09-24,535,NTNX,BBG001V13SG8,0.5000532273517618,14,SHORT,False,BELOW_MINIMUM_RELATIVE_VOLUME,False,False,False,False,21138.0,42271.5,2039416.2857142857,1.9675285714285715,61.47,61.53,61.354176,61.45,True,BELOW_MINIMUM_RELATIVE_VOLUME,False,,,,,,,,,,,,,,BELOW_MINIMUM_RELATIVE_VOLUME,False,,,,,,,,,,,,,,BELOW_MINIMUM_RELATIVE_VOLUME,False,,,,,,,,,,,,,
orb_v1.0,2024-09-24,536,AAPL,BBG001S5N8V8,0.49983245242586594,14,SHORT,False,BELOW_MINIMUM_RELATIVE_VOLUME,True,False,False,False,1614352.0,3229786.285714286,69348602.78571428,5.0642857142857185,228.645,229.35,227.79,227.85,True,BELOW_MINIMUM_RELATIVE_VOLUME,False,,,,,,,,,,,,,,BELOW_MINIMUM_RELATIVE_VOLUME,False,,,,,,,,,,,,,,BELOW_MINIMUM_RELATIVE_VOLUME,False,,,,,,,,,,,,,
orb_v1.0,2024-09-24,537,IOVA,BBG001T2PM32,0.4985813245224352,14,SHORT,False,BELOW_MINIMUM_RELATIVE_VOLUME,False,False,False,False,74242.0,148906.5,6031929.071428572,0.6679499999999997,9.66,9.74,9.6,9.62,True,BELOW_MINIMUM_RELATIVE_VOLUME,False,,,,,,,,,,,,,,BELOW_MINIMUM_RELATIVE_VOLUME,False,,,,,,,,,,,,,,BELOW_MINIMUM_RELATIVE_VOLUME,False,,,,,,,,,,,,,
orb_v1.0,2024-09-24,538,VRRM,BBG00G4XQBP7,0.4975810294557115,14,SHORT,False,BELOW_MINIMUM_RELATIVE_VOLUME,False,False,False,False,17602.0,35375.142857142855,1221157.7857142857,0.7074500000000002,27.98,28.25,27.76,27.76,False,BELOW_MINIMUM_RELATIVE_VOLUME,False,,,,,,,,,,,,,,BELOW_MINIMUM_RELATIVE_VOLUME,False,,,,,,,,,,,,,,BELOW_MINIMUM_RELATIVE_VOLUME,False,,,,,,,,,,,,,
orb_v1.0,2024-09-24,539,BLDR,BBG001S9CFC7,0.4965037062713311,14,LONG,False,BELOW_MINIMUM_RELATIVE_VOLUME,True,False,False,False,21281.0,42861.71428571428,1806065.857142857,6.6170928571428504,195.76,197.13,195.46,196.82,False,BELOW_MINIMUM_RELATIVE_VOLUME,False,,,,,,,,,,,,,,BELOW_MINIMUM_RELATIVE_VOLUME,False,,,,,,,,,,,,,,BELOW_MINIMUM_RELATIVE_VOLUME,False,,,,,,,,,,,,,
orb_v1.0,2024-09-24,540,IBM,BBG001S5S399,0.49404507150341653,14,SHORT,False,BELOW_MINIMUM_RELATIVE_VOLUME,True,False,False,False,117166.0,237156.5,4557327.428571428,4.615714285714286,219.78,220.0,218.46,218.755,True,BELOW_MINIMUM_RELATIVE_VOLUME,False,,,,,,,,,,,,,,BELOW_MINIMUM_RELATIVE_VOLUME,False,,,,,,,,,,,,,,BELOW_MINIMUM_RELATIVE_VOLUME,False,,,,,,,,,,,,,
orb_v1.0,2024-09-24,541,CI,BBG00KXRCDQ9,0.4937840034501061,14,SHORT,False,BELOW_MINIMUM_RELATIVE_VOLUME,True,False,False,False,17011.0,34450.28571428572,1247752.2857142857,7.663714285714292,354.39,355.44,353.27,353.27,True,BELOW_MINIMUM_RELATIVE_VOLUME,False,,,,,,,,,,,,,,BELOW_MINIMUM_RELATIVE_VOLUME,False,,,,,,,,,,,,,,BELOW_MINIMUM_RELATIVE_VOLUME,False,,,,,,,,,,,,,
orb_v1.0,2024-09-24,542,SBH,BBG001SDHTQ8,0.4933988791407179,14,LONG,False,BELOW_MINIMUM_RELATIVE_VOLUME,False,False,False,False,16281.0,32997.642857142855,1511415.7142857143,0.5110714285714291,13.4,13.42,13.27,13.415,True,BELOW_MINIMUM_RELATIVE_VOLUME,False,,,,,,,,,,,,,,BELOW_MINIMUM_RELATIVE_VOLUME,False,,,,,,,,,,,,,,BELOW_MINIMUM_RELATIVE_VOLUME,False,,,,,,,,,,,,,
orb_v1.0,2024-09-24,543,MS,BBG001S9V5Z3,0.49276160658327034,14,SHORT,False,BELOW_MINIMUM_RELATIVE_VOLUME,True,False,False,False,87665.0,177905.5,6418099.142857143,2.3430642857142843,102.77,102.77,102.16,102.67,True,BELOW_MINIMUM_RELATIVE_VOLUME,False,,,,,,,,,,,,,,BELOW_MINIMUM_RELATIVE_VOLUME,False,,,,,,,,,,,,,,BELOW_MINIMUM_RELATIVE_VOLUME,False,,,,,,,,,,,,,
orb_v1.0,2024-09-24,544,BRK.B,BBG001S90346,0.49199115551430755,14,SHORT,False,BELOW_MINIMUM_RELATIVE_VOLUME,True,False,False,False,114051.0,231815.14285714287,4539641.571428572,8.098778571428568,454.33,454.33,452.2245,453.3157,True,BELOW_MINIMUM_RELATIVE_VOLUME,False,,,,,,,,,,,,,,BELOW_MINIMUM_RELATIVE_VOLUME,False,,,,,,,,,,,,,,BELOW_MINIMUM_RELATIVE_VOLUME,False,,,,,,,,,,,,,
orb_v1.0,2024-09-24,545,CYTK,BBG001SGMVF2,0.49102536553641485,14,LONG,False,BELOW_MINIMUM_RELATIVE_VOLUME,False,False,False,False,18444.0,37562.21428571428,1475555.357142857,2.4671499999999993,51.92,52.43,51.81,52.43,True,BELOW_MINIMUM_RELATIVE_VOLUME,False,,,,,,,,,,,,,,BELOW_MINIMUM_RELATIVE_VOLUME,False,,,,,,,,,,,,,,BELOW_MINIMUM_RELATIVE_VOLUME,False,,,,,,,,,,,,,
orb_v1.0,2024-09-24,546,HASI,BBG0044K5DN3,0.4905205506549382,14,SHORT,False,BELOW_MINIMUM_RELATIVE_VOLUME,False,False,False,False,17004.0,34665.21428571428,1029431.4285714285,0.9859928571428573,34.81,34.89,34.6225,34.63,True,BELOW_MINIMUM_RELATIVE_VOLUME,False,,,,,,,,,,,,,,BELOW_MINIMUM_RELATIVE_VOLUME,False,,,,,,,,,,,,,,BELOW_MINIMUM_RELATIVE_VOLUME,False,,,,,,,,,,,,,
orb_v1.0,2024-09-24,547,MTB,BBG001S7S2B4,0.4901621860174322,14,LONG,False,BELOW_MINIMUM_RELATIVE_VOLUME,True,False,False,False,12376.0,25248.785714285714,1162194.0714285714,4.2682142857142855,177.37,177.62,176.3718,177.62,True,BELOW_MINIMUM_RELATIVE_VOLUME,False,,,,,,,,,,,,,,BELOW_MINIMUM_RELATIVE_VOLUME,False,,,,,,,,,,,,,,BELOW_MINIMUM_RELATIVE_VOLUME,False,,,,,,,,,,,,,
orb_v1.0,2024-09-24,548,FCX,BBG001S5R3F3,0.48980256060951627,14,SHORT,False,BELOW_MINIMUM_RELATIVE_VOLUME,True,False,False,False,198648.0,405567.5,11603316.42857143,1.1956285714285717,48.18,48.18,47.69,48.05,True,BELOW_MINIMUM_RELATIVE_VOLUME,False,,,,,,,,,,,,,,BELOW_MINIMUM_RELATIVE_VOLUME,False,,,,,,,,,,,,,,BELOW_MINIMUM_RELATIVE_VOLUME,False,,,,,,,,,,,,,
orb_v1.0,2024-09-24,549,WDC,BBG001S5XD28,0.48946412248628884,14,SHORT,False,BELOW_MINIMUM_RELATIVE_VOLUME,True,False,False,False,61197.0,125028.57142857143,4166813.5714285714,1.897671428571427,66.29,66.86,65.86,66.15,True,BELOW_MINIMUM_RELATIVE_VOLUME,False,,,,,,,,,,,,,,BELOW_MINIMUM_RELATIVE_VOLUME,False,,,,,,,,,,,,,,BELOW_MINIMUM_RELATIVE_VOLUME,False,,,,,,,,,,,,,
orb_v1.0,2024-09-24,550,CFG,BBG006Q0HZT0,0.48746214004791827,14,LONG,False,BELOW_MINIMUM_RELATIVE_VOLUME,True,False,False,False,61618.0,126405.71428571429,5534409.428571428,1.1766,41.11,41.287,40.845,41.285,True,BELOW_MINIMUM_RELATIVE_VOLUME,False,,,,,,,,,,,,,,BELOW_MINIMUM_RELATIVE_VOLUME,False,,,,,,,,,,,,,,BELOW_MINIMUM_RELATIVE_VOLUME,False,,,,,,,,,,,,,
orb_v1.0,2024-09-24,551,LQDA,BBG001V0GFD7,0.4848790520027422,14,LONG,False,BELOW_MINIMUM_RELATIVE_VOLUME,False,False,False,False,14146.0,29174.285714285714,1096152.9285714286,0.5506999999999999,9.93,10.0,9.92,9.96,True,BELOW_MINIMUM_RELATIVE_VOLUME,False,,,,,,,,,,,,,,BELOW_MINIMUM_RELATIVE_VOLUME,False,,,,,,,,,,,,,,BELOW_MINIMUM_RELATIVE_VOLUME,False,,,,,,,,,,,,,
orb_v1.0,2024-09-24,552,VZ,BBG001S67QY1,0.4823225344808949,14,LONG,False,BELOW_MINIMUM_RELATIVE_VOLUME,True,False,False,False,434096.0,900011.8571428572,25533055.5,0.9450642857142851,44.21,44.39,44.13,44.38,True,BELOW_MINIMUM_RELATIVE_VOLUME,False,,,,,,,,,,,,,,BELOW_MINIMUM_RELATIVE_VOLUME,False,,,,,,,,,,,,,,BELOW_MINIMUM_RELATIVE_VOLUME,False,,,,,,,,,,,,,
orb_v1.0,2024-09-24,553,TXT,BBG001S5WZ39,0.4804990296001023,14,LONG,False,BELOW_MINIMUM_RELATIVE_VOLUME,True,False,False,False,11813.0,24584.85714285714,1014768.2857142857,1.7348214285714292,87.09,87.27,86.8,87.26,True,BELOW_MINIMUM_RELATIVE_VOLUME,False,,,,,,,,,,,,,,BELOW_MINIMUM_RELATIVE_VOLUME,False,,,,,,,,,,,,,,BELOW_MINIMUM_RELATIVE_VOLUME,False,,,,,,,,,,,,,
orb_v1.0,2024-09-24,554,PACS,BBG01LYPSFF9,0.4801427144995982,14,LONG,False,BELOW_MINIMUM_RELATIVE_VOLUME,False,False,False,False,30260.0,63022.92857142857,1461694.7857142857,1.554542857142858,40.14,40.715,40.14,40.59,False,BELOW_MINIMUM_RELATIVE_VOLUME,False,,,,,,,,,,,,,,BELOW_MINIMUM_RELATIVE_VOLUME,False,,,,,,,,,,,,,,BELOW_MINIMUM_RELATIVE_VOLUME,False,,,,,,,,,,,,,
orb_v1.0,2024-09-24,555,GOOG,BBG009S3NB21,0.4798414796237773,14,SHORT,False,BELOW_MINIMUM_RELATIVE_VOLUME,True,False,False,False,455780.0,949855.3571428572,20306882.42857143,3.5375000000000023,164.25,164.25,163.16,163.38,True,BELOW_MINIMUM_RELATIVE_VOLUME,False,,,,,,,,,,,,,,BELOW_MINIMUM_RELATIVE_VOLUME,False,,,,,,,,,,,,,,BELOW_MINIMUM_RELATIVE_VOLUME,False,,,,,,,,,,,,,
orb_v1.0,2024-09-24,556,NSSC,BBG001S5TR13,0.47981519103479914,14,DOJI,False,BELOW_MINIMUM_RELATIVE_VOLUME,False,False,False,False,14643.0,30518.0,1311318.142857143,2.4251285714285715,41.4,41.49,41.18,41.4,False,BELOW_MINIMUM_RELATIVE_VOLUME,False,,,,,,,,,,,,,,BELOW_MINIMUM_RELATIVE_VOLUME,False,,,,,,,,,,,,,,BELOW_MINIMUM_RELATIVE_VOLUME,False,,,,,,,,,,,,,
orb_v1.0,2024-09-24,557,GO,BBG00P4R30Z8,0.47966190197738845,14,SHORT,False,BELOW_MINIMUM_RELATIVE_VOLUME,False,False,False,False,17519.0,36523.642857142855,1908792.142857143,0.6025000000000003,16.37,16.47,16.3101,16.36,True,BELOW_MINIMUM_RELATIVE_VOLUME,False,,,,,,,,,,,,,,BELOW_MINIMUM_RELATIVE_VOLUME,False,,,,,,,,,,,,,,BELOW_MINIMUM_RELATIVE_VOLUME,False,,,,,,,,,,,,,
orb_v1.0,2024-09-24,558,LSCC,BBG001S6C0G2,0.47892470092667055,14,LONG,False,BELOW_MINIMUM_RELATIVE_VOLUME,False,False,False,False,32582.0,68031.57142857143,3017776.1428571427,2.354635714285714,53.21,53.27,52.48,53.25,True,BELOW_MINIMUM_RELATIVE_VOLUME,False,,,,,,,,,,,,,,BELOW_MINIMUM_RELATIVE_VOLUME,False,,,,,,,,,,,,,,BELOW_MINIMUM_RELATIVE_VOLUME,False,,,,,,,,,,,,,
orb_v1.0,2024-09-24,559,MUR,BBG001S5TG80,0.47886387740771935,14,SHORT,False,BELOW_MINIMUM_RELATIVE_VOLUME,False,False,False,False,20995.0,43843.357142857145,2348760.714285714,0.9547142857142867,36.46,36.63,36.218,36.355,True,BELOW_MINIMUM_RELATIVE_VOLUME,False,,,,,,,,,,,,,,BELOW_MINIMUM_RELATIVE_VOLUME,False,,,,,,,,,,,,,,BELOW_MINIMUM_RELATIVE_VOLUME,False,,,,,,,,,,,,,
orb_v1.0,2024-09-24,560,AMT,BBG001S5NPQ6,0.47830459724095076,14,LONG,False,BELOW_MINIMUM_RELATIVE_VOLUME,True,False,False,False,42666.0,89202.57142857143,2264018.4285714286,4.609942857142861,234.24,235.49,233.74,234.275,True,BELOW_MINIMUM_RELATIVE_VOLUME,False,,,,,,,,,,,,,,BELOW_MINIMUM_RELATIVE_VOLUME,False,,,,,,,,,,,,,,BELOW_MINIMUM_RELATIVE_VOLUME,False,,,,,,,,,,,,,
orb_v1.0,2024-09-24,561,OSCR,BBG00YMWFVT4,0.4778744848163262,14,SHORT,False,BELOW_MINIMUM_RELATIVE_VOLUME,False,False,False,False,77130.0,161402.2142857143,3635110.0714285714,1.1880642857142854,22.39,22.51,22.23,22.36,True,BELOW_MINIMUM_RELATIVE_VOLUME,False,,,,,,,,,,,,,,BELOW_MINIMUM_RELATIVE_VOLUME,False,,,,,,,,,,,,,,BELOW_MINIMUM_RELATIVE_VOLUME,False,,,,,,,,,,,,,
orb_v1.0,2024-09-24,562,INSM,BBG001S9SKW7,0.47488915697830786,14,SHORT,False,BELOW_MINIMUM_RELATIVE_VOLUME,False,False,False,False,22072.0,46478.21428571428,1985973.4285714286,2.614278571428574,71.79,71.79,70.6175,70.64,True,BELOW_MINIMUM_RELATIVE_VOLUME,False,,,,,,,,,,,,,,BELOW_MINIMUM_RELATIVE_VOLUME,False,,,,,,,,,,,,,,BELOW_MINIMUM_RELATIVE_VOLUME,False,,,,,,,,,,,,,
orb_v1.0,2024-09-24,563,KTOS,BBG001SD5VL1,0.474320284451266,14,SHORT,False,BELOW_MINIMUM_RELATIVE_VOLUME,False,False,False,False,21544.0,45420.78571428572,1142845.857142857,0.8153642857142857,23.55,23.55,23.3,23.46,True,BELOW_MINIMUM_RELATIVE_VOLUME,False,,,,,,,,,,,,,,BELOW_MINIMUM_RELATIVE_VOLUME,False,,,,,,,,,,,,,,BELOW_MINIMUM_RELATIVE_VOLUME,False,,,,,,,,,,,,,
orb_v1.0,2024-09-24,564,CME,BBG001S86547,0.4729572833959356,14,SHORT,False,BELOW_MINIMUM_RELATIVE_VOLUME,True,False,False,False,29941.0,63305.92857142857,2322244.785714286,3.193321428571429,215.86,215.995,214.59,214.595,True,BELOW_MINIMUM_RELATIVE_VOLUME,False,,,,,,,,,,,,,,BELOW_MINIMUM_RELATIVE_VOLUME,False,,,,,,,,,,,,,,BELOW_MINIMUM_RELATIVE_VOLUME,False,,,,,,,,,,,,,
orb_v1.0,2024-09-24,565,FRO,0000913290,0.47230354975728156,14,SHORT,False,BELOW_MINIMUM_RELATIVE_VOLUME,False,False,False,False,35582.0,75337.14285714286,1903741.7857142857,0.7210000000000001,22.82,22.87,22.68,22.6996,True,BELOW_MINIMUM_RELATIVE_VOLUME,False,,,,,,,,,,,,,,BELOW_MINIMUM_RELATIVE_VOLUME,False,,,,,,,,,,,,,,BELOW_MINIMUM_RELATIVE_VOLUME,False,,,,,,,,,,,,,
orb_v1.0,2024-09-24,566,AMAT,BBG001S5NMM7,0.4720713736613606,14,LONG,False,BELOW_MINIMUM_RELATIVE_VOLUME,True,False,False,False,129791.0,274939.35714285716,6855172.357142857,6.398950000000004,196.51,197.38,195.75,196.92,True,BELOW_MINIMUM_RELATIVE_VOLUME,False,,,,,,,,,,,,,,BELOW_MINIMUM_RELATIVE_VOLUME,False,,,,,,,,,,,,,,BELOW_MINIMUM_RELATIVE_VOLUME,False,,,,,,,,,,,,,
orb_v1.0,2024-09-24,567,PM,BBG001STP9N1,0.4717148792787499,14,LONG,False,BELOW_MINIMUM_RELATIVE_VOLUME,True,False,False,False,99307.0,210523.35714285713,6796287.5,2.123214285714284,120.42,120.89,120.13,120.78,True,BELOW_MINIMUM_RELATIVE_VOLUME,False,,,,,,,,,,,,,,BELOW_MINIMUM_RELATIVE_VOLUME,False,,,,,,,,,,,,,,BELOW_MINIMUM_RELATIVE_VOLUME,False,,,,,,,,,,,,,
orb_v1.0,2024-09-24,568,REXR,BBG004MB82S9,0.47143428077757915,14,LONG,False,BELOW_MINIMUM_RELATIVE_VOLUME,False,False,False,False,14071.0,29847.214285714286,1803492.0714285714,1.0753571428571418,51.7,51.98,51.65,51.97,True,BELOW_MINIMUM_RELATIVE_VOLUME,False,,,,,,,,,,,,,,BELOW_MINIMUM_RELATIVE_VOLUME,False,,,,,,,,,,,,,,BELOW_MINIMUM_RELATIVE_VOLUME,False,,,,,,,,,,,,,
orb_v1.0,2024-09-24,569,ONON,0001858985,0.47100765090743046,14,SHORT,False,BELOW_MINIMUM_RELATIVE_VOLUME,True,False,False,False,99023.0,210236.5,4744870.642857143,1.9780357142857146,50.55,50.6726,49.88,50.01,True,BELOW_MINIMUM_RELATIVE_VOLUME,False,,,,,,,,,,,,,,BELOW_MINIMUM_RELATIVE_VOLUME,False,,,,,,,,,,,,,,BELOW_MINIMUM_RELATIVE_VOLUME,False,,,,,,,,,,,,,
orb_v1.0,2024-09-24,570,FI,BBG001S5R6Q4,0.4709326234339312,14,LONG,False,BELOW_MINIMUM_RELATIVE_VOLUME,True,False,False,False,32474.0,68956.78571428571,2317023.3571428573,2.682142857142854,178.23,178.95,177.92,178.285,False,BELOW_MINIMUM_RELATIVE_VOLUME,False,,,,,,,,,,,,,,BELOW_MINIMUM_RELATIVE_VOLUME,False,,,,,,,,,,,,,,BELOW_MINIMUM_RELATIVE_VOLUME,False,,,,,,,,,,,,,
orb_v1.0,2024-09-24,571,SNPS,BBG001S5VTR8,0.47076932246576564,14,LONG,False,BELOW_MINIMUM_RELATIVE_VOLUME,True,False,False,False,22567.0,47936.42857142857,1306817.142857143,13.682849999999998,507.69,510.96,507.25,508.115,False,BELOW_MINIMUM_RELATIVE_VOLUME,False,,,,,,,,,,,,,,BELOW_MINIMUM_RELATIVE_VOLUME,False,,,,,,,,,,,,,,BELOW_MINIMUM_RELATIVE_VOLUME,False,,,,,,,,,,,,,
orb_v1.0,2024-09-24,572,FL,BBG001S5XMR1,0.4694257694442731,14,SHORT,False,BELOW_MINIMUM_RELATIVE_VOLUME,False,False,False,False,38054.0,81065.0,3506566.8571428573,1.3814285714285706,27.64,27.6599,27.45,27.595,True,BELOW_MINIMUM_RELATIVE_VOLUME,False,,,,,,,,,,,,,,BELOW_MINIMUM_RELATIVE_VOLUME,False,,,,,,,,,,,,,,BELOW_MINIMUM_RELATIVE_VOLUME,False,,,,,,,,,,,,,
orb_v1.0,2024-09-24,573,SJM,BBG001S5W3H5,0.4690937064681789,14,SHORT,False,BELOW_MINIMUM_RELATIVE_VOLUME,False,False,False,False,11281.0,24048.5,1052948.5,2.1076705000000007,118.97,119.44,118.722,118.8516,True,BELOW_MINIMUM_RELATIVE_VOLUME,False,,,,,,,,,,,,,,BELOW_MINIMUM_RELATIVE_VOLUME,False,,,,,,,,,,,,,,BELOW_MINIMUM_RELATIVE_VOLUME,False,,,,,,,,,,,,,
orb_v1.0,2024-09-24,574,ADBE,BBG001S5NCQ5,0.46884317517914814,14,LONG,False,BELOW_MINIMUM_RELATIVE_VOLUME,True,False,False,False,96425.0,205665.7857142857,3873067.3571428573,17.253914285714295,527.72,529.8525,525.0,529.8525,True,BELOW_MINIMUM_RELATIVE_VOLUME,False,,,,,,,,,,,,,,BELOW_MINIMUM_RELATIVE_VOLUME,False,,,,,,,,,,,,,,BELOW_MINIMUM_RELATIVE_VOLUME,False,,,,,,,,,,,,,
orb_v1.0,2024-09-24,575,COP,BBG001S5TZM2,0.46870316128484973,14,SHORT,False,BELOW_MINIMUM_RELATIVE_VOLUME,True,False,False,False,115636.0,246714.7857142857,8806257.642857144,2.364842857142857,111.34,111.47,110.42,110.74,True,BELOW_MINIMUM_RELATIVE_VOLUME,False,,,,,,,,,,,,,,BELOW_MINIMUM_RELATIVE_VOLUME,False,,,,,,,,,,,,,,BELOW_MINIMUM_RELATIVE_VOLUME,False,,,,,,,,,,,,,
orb_v1.0,2024-09-24,576,DK,BBG00FZYFVD4,0.4680319602339254,14,SHORT,False,BELOW_MINIMUM_RELATIVE_VOLUME,False,False,False,False,10707.0,22876.64285714286,1107128.7857142857,0.7558642857142855,19.97,19.97,19.78,19.87,True,BELOW_MINIMUM_RELATIVE_VOLUME,False,,,,,,,,,,,,,,BELOW_MINIMUM_RELATIVE_VOLUME,False,,,,,,,,,,,,,,BELOW_MINIMUM_RELATIVE_VOLUME,False,,,,,,,,,,,,,
orb_v1.0,2024-09-24,577,BE,BBG001T53509,0.46770937958742176,14,SHORT,False,BELOW_MINIMUM_RELATIVE_VOLUME,False,False,False,False,96857.0,207088.0,5271246.714285715,0.6794571428571425,10.98,11.06,10.895,10.91,True,BELOW_MINIMUM_RELATIVE_VOLUME,False,,,,,,,,,,,,,,BELOW_MINIMUM_RELATIVE_VOLUME,False,,,,,,,,,,,,,,BELOW_MINIMUM_RELATIVE_VOLUME,False,,,,,,,,,,,,,
orb_v1.0,2024-09-24,578,FAST,BBG001S5R1F7,0.46745851794151744,14,LONG,False,BELOW_MINIMUM_RELATIVE_VOLUME,True,False,False,False,40379.0,86379.85714285714,2510169.5714285714,1.4292142857142858,71.8,71.89,71.52,71.88,True,BELOW_MINIMUM_RELATIVE_VOLUME,False,,,,,,,,,,,,,,BELOW_MINIMUM_RELATIVE_VOLUME,False,,,,,,,,,,,,,,BELOW_MINIMUM_RELATIVE_VOLUME,False,,,,,,,,,,,,,
orb_v1.0,2024-09-24,579,ADSK,BBG001S5SCD4,0.46729591772589546,14,LONG,False,BELOW_MINIMUM_RELATIVE_VOLUME,True,False,False,False,21239.0,45450.857142857145,1687852.857142857,5.337850000000005,267.94,268.9499,267.258,268.9499,True,BELOW_MINIMUM_RELATIVE_VOLUME,False,,,,,,,,,,,,,,BELOW_MINIMUM_RELATIVE_VOLUME,False,,,,,,,,,,,,,,BELOW_MINIMUM_RELATIVE_VOLUME,False,,,,,,,,,,,,,
orb_v1.0,2024-09-24,580,XOM,BBG001S69V32,0.46670213924080384,14,SHORT,False,BELOW_MINIMUM_RELATIVE_VOLUME,True,False,False,False,278045.0,595765.4285714285,16629509.07142857,2.523285714285716,117.84,118.16,117.64,117.73,True,BELOW_MINIMUM_RELATIVE_VOLUME,False,,,,,,,,,,,,,,BELOW_MINIMUM_RELATIVE_VOLUME,False,,,,,,,,,,,,,,BELOW_MINIMUM_RELATIVE_VOLUME,False,,,,,,,,,,,,,
orb_v1.0,2024-09-24,581,PLD,BBG001S5NMN6,0.4665574842996189,14,SHORT,False,BELOW_MINIMUM_RELATIVE_VOLUME,True,False,False,False,61534.0,131889.42857142858,3775082.8571428573,2.7410714285714297,126.41,126.82,125.77,126.39,False,BELOW_MINIMUM_RELATIVE_VOLUME,False,,,,,,,,,,,,,,BELOW_MINIMUM_RELATIVE_VOLUME,False,,,,,,,,,,,,,,BELOW_MINIMUM_RELATIVE_VOLUME,False,,,,,,,,,,,,,
orb_v1.0,2024-09-24,582,VMC,BBG001S5X8R2,0.46576274938432166,14,SHORT,False,BELOW_MINIMUM_RELATIVE_VOLUME,True,False,False,False,12023.0,25813.571428571428,1033214.3571428572,5.450007142857144,253.09,253.83,251.83,252.885,True,BELOW_MINIMUM_RELATIVE_VOLUME,False,,,,,,,,,,,,,,BELOW_MINIMUM_RELATIVE_VOLUME,False,,,,,,,,,,,,,,BELOW_MINIMUM_RELATIVE_VOLUME,False,,,,,,,,,,,,,
orb_v1.0,2024-09-24,583,SYY,BBG001S5WJS8,0.4653584714337089,14,SHORT,False,BELOW_MINIMUM_RELATIVE_VOLUME,True,False,False,False,45106.0,96927.42857142857,4365002.142857143,1.6117857142857142,76.28,76.315,76.0,76.095,True,BELOW_MINIMUM_RELATIVE_VOLUME,False,,,,,,,,,,,,,,BELOW_MINIMUM_RELATIVE_VOLUME,False,,,,,,,,,,,,,,BELOW_MINIMUM_RELATIVE_VOLUME,False,,,,,,,,,,,,,
orb_v1.0,2024-09-24,584,CB,0000896159,0.46475446812167037,14,SHORT,False,BELOW_MINIMUM_RELATIVE_VOLUME,True,False,False,False,24726.0,53202.28571428572,2187989.1428571427,4.8677214285714285,292.05,292.11,290.3315,291.21,True,BELOW_MINIMUM_RELATIVE_VOLUME,False,,,,,,,,,,,,,,BELOW_MINIMUM_RELATIVE_VOLUME,False,,,,,,,,,,,,,,BELOW_MINIMUM_RELATIVE_VOLUME,False,,,,,,,,,,,,,
orb_v1.0,2024-09-24,585,OUT,BBG004S69ZY3,0.462326092306156,14,LONG,False,BELOW_MINIMUM_RELATIVE_VOLUME,False,False,False,False,18519.0,40056.142857142855,1958498.5,0.610857142857143,18.53,18.78,18.53,18.7,True,BELOW_MINIMUM_RELATIVE_VOLUME,False,,,,,,,,,,,,,,BELOW_MINIMUM_RELATIVE_VOLUME,False,,,,,,,,,,,,,,BELOW_MINIMUM_RELATIVE_VOLUME,False,,,,,,,,,,,,,
orb_v1.0,2024-09-24,586,SUI,BBG001S7HRC0,0.4608433734939759,14,LONG,False,BELOW_MINIMUM_RELATIVE_VOLUME,True,False,False,False,5508.0,11952.0,1173486.2857142857,3.1049285714285793,139.14,139.185,138.85,139.185,True,BELOW_MINIMUM_RELATIVE_VOLUME,False,,,,,,,,,,,,,,BELOW_MINIMUM_RELATIVE_VOLUME,False,,,,,,,,,,,,,,BELOW_MINIMUM_RELATIVE_VOLUME,False,,,,,,,,,,,,,
orb_v1.0,2024-09-24,587,DELL,BBG00DW3SZT0,0.45947730291911326,14,SHORT,False,BELOW_MINIMUM_RELATIVE_VOLUME,True,False,False,False,212665.0,462841.14285714284,14812284.142857144,3.8057071428571447,118.17,118.44,117.55,117.7823,True,BELOW_MINIMUM_RELATIVE_VOLUME,False,,,,,,,,,,,,,,BELOW_MINIMUM_RELATIVE_VOLUME,False,,,,,,,,,,,,,,BELOW_MINIMUM_RELATIVE_VOLUME,False,,,,,,,,,,,,,
orb_v1.0,2024-09-24,588,APO,BBG00ZNLTFL2,0.4591504910485419,14,LONG,False,BELOW_MINIMUM_RELATIVE_VOLUME,True,False,False,False,26101.0,56846.28571428572,3073992.714285714,3.6091428571428565,124.88,125.48,124.57,125.345,True,BELOW_MINIMUM_RELATIVE_VOLUME,False,,,,,,,,,,,,,,BELOW_MINIMUM_RELATIVE_VOLUME,False,,,,,,,,,,,,,,BELOW_MINIMUM_RELATIVE_VOLUME,False,,,,,,,,,,,,,
orb_v1.0,2024-09-24,589,THC,BBG001S70FY0,0.45906703213706834,14,LONG,False,BELOW_MINIMUM_RELATIVE_VOLUME,True,False,False,False,11592.0,25251.214285714286,1313307.5714285714,6.063485714285711,167.09,167.56,165.71,167.56,False,BELOW_MINIMUM_RELATIVE_VOLUME,False,,,,,,,,,,,,,,BELOW_MINIMUM_RELATIVE_VOLUME,False,,,,,,,,,,,,,,BELOW_MINIMUM_RELATIVE_VOLUME,False,,,,,,,,,,,,,
orb_v1.0,2024-09-24,590,COIN,BBG00ZGF7799,0.4588481271449832,14,LONG,False,BELOW_MINIMUM_RELATIVE_VOLUME,True,False,False,False,127271.0,277370.64285714284,6861348.071428572,9.16772142857143,170.38,171.8453,170.2218,170.6799,True,BELOW_MINIMUM_RELATIVE_VOLUME,False,,,,,,,,,,,,,,BELOW_MINIMUM_RELATIVE_VOLUME,False,,,,,,,,,,,,,,BELOW_MINIMUM_RELATIVE_VOLUME,False,,,,,,,,,,,,,
orb_v1.0,2024-09-24,591,DYN,BBG00NSGPJF8,0.4588323314313687,14,SHORT,False,BELOW_MINIMUM_RELATIVE_VOLUME,False,False,False,False,18880.0,41147.92857142857,1600783.642857143,1.8592857142857127,34.62,35.23,34.15,34.355,True,BELOW_MINIMUM_RELATIVE_VOLUME,False,,,,,,,,,,,,,,BELOW_MINIMUM_RELATIVE_VOLUME,False,,,,,,,,,,,,,,BELOW_MINIMUM_RELATIVE_VOLUME,False,,,,,,,,,,,,,
orb_v1.0,2024-09-24,592,GPN,BBG001SGS2Z8,0.4584316287266343,14,LONG,False,BELOW_MINIMUM_RELATIVE_VOLUME,True,False,False,False,15088.0,32912.21428571428,1605045.5,2.499,111.21,111.585,110.88,111.52,True,BELOW_MINIMUM_RELATIVE_VOLUME,False,,,,,,,,,,,,,,BELOW_MINIMUM_RELATIVE_VOLUME,False,,,,,,,,,,,,,,BELOW_MINIMUM_RELATIVE_VOLUME,False,,,,,,,,,,,,,
orb_v1.0,2024-09-24,593,MSFT,BBG001S5TD05,0.45738115238164273,14,SHORT,False,BELOW_MINIMUM_RELATIVE_VOLUME,True,False,False,False,536332.0,1172615.0,20000002.285714287,8.062164285714276,433.0,433.35,431.34,432.02,True,BELOW_MINIMUM_RELATIVE_VOLUME,False,,,,,,,,,,,,,,BELOW_MINIMUM_RELATIVE_VOLUME,False,,,,,,,,,,,,,,BELOW_MINIMUM_RELATIVE_VOLUME,False,,,,,,,,,,,,,
orb_v1.0,2024-09-24,594,AMGN,BBG001S5NNL6,0.45676561239664776,14,LONG,False,BELOW_MINIMUM_RELATIVE_VOLUME,True,False,False,False,42956.0,94043.85714285714,1912177.7142857143,6.654092857142855,333.15,334.95,332.85,333.76,True,BELOW_MINIMUM_RELATIVE_VOLUME,False,,,,,,,,,,,,,,BELOW_MINIMUM_RELATIVE_VOLUME,False,,,,,,,,,,,,,,BELOW_MINIMUM_RELATIVE_VOLUME,False,,,,,,,,,,,,,
orb_v1.0,2024-09-24,595,DG,BBG001T5BM30,0.45382118864337845,14,SHORT,False,BELOW_MINIMUM_RELATIVE_VOLUME,True,False,False,False,62395.0,137488.07142857142,5619988.142857143,2.510064285714289,86.0,86.225,85.68,85.935,True,BELOW_MINIMUM_RELATIVE_VOLUME,False,,,,,,,,,,,,,,BELOW_MINIMUM_RELATIVE_VOLUME,False,,,,,,,,,,,,,,BELOW_MINIMUM_RELATIVE_VOLUME,False,,,,,,,,,,,,,
orb_v1.0,2024-09-24,596,HUM,BBG001S5S1X6,0.45285444501206584,14,SHORT,False,BELOW_MINIMUM_RELATIVE_VOLUME,True,False,False,False,21085.0,46560.21428571428,1728505.142857143,11.126199999999999,312.57,312.6899,311.0,312.395,False,BELOW_MINIMUM_RELATIVE_VOLUME,False,,,,,,,,,,,,,,BELOW_MINIMUM_RELATIVE_VOLUME,False,,,,,,,,,,,,,,BELOW_MINIMUM_RELATIVE_VOLUME,False,,,,,,,,,,,,,
orb_v1.0,2024-09-24,597,TEL,0001385157,0.4523123009358645,14,LONG,False,BELOW_MINIMUM_RELATIVE_VOLUME,True,False,False,False,18421.0,40726.28571428572,1836281.857142857,2.745092857142853,148.96,149.99,148.79,149.615,False,BELOW_MINIMUM_RELATIVE_VOLUME,False,,,,,,,,,,,,,,BELOW_MINIMUM_RELATIVE_VOLUME,False,,,,,,,,,,,,,,BELOW_MINIMUM_RELATIVE_VOLUME,False,,,,,,,,,,,,,
orb_v1.0,2024-09-24,598,TAP,BBG001S5VQ21,0.45186545662029165,14,SHORT,False,BELOW_MINIMUM_RELATIVE_VOLUME,False,False,False,False,22740.0,50324.71428571428,2159968.785714286,1.2764285714285717,55.2,55.27,54.89,55.09,True,BELOW_MINIMUM_RELATIVE_VOLUME,False,,,,,,,,,,,,,,BELOW_MINIMUM_RELATIVE_VOLUME,False,,,,,,,,,,,,,,BELOW_MINIMUM_RELATIVE_VOLUME,False,,,,,,,,,,,,,
orb_v1.0,2024-09-24,599,TROW,BBG001S5WW18,0.45177016238566736,14,SHORT,False,BELOW_MINIMUM_RELATIVE_VOLUME,True,False,False,False,17700.0,39179.21428571428,1241078.0,2.2159285714285732,108.61,108.61,108.08,108.4501,False,BELOW_MINIMUM_RELATIVE_VOLUME,False,,,,,,,,,,,,,,BELOW_MINIMUM_RELATIVE_VOLUME,False,,,,,,,,,,,,,,BELOW_MINIMUM_RELATIVE_VOLUME,False,,,,,,,,,,,,,
orb_v1.0,2024-09-24,600,HALO,BBG001SGX585,0.450787514978339,14,SHORT,False,BELOW_MINIMUM_RELATIVE_VOLUME,False,False,False,False,22357.0,49595.42857142857,1213059.2857142857,1.896728571428572,58.6,58.6,58.1712,58.46,True,BELOW_MINIMUM_RELATIVE_VOLUME,False,,,,,,,,,,,,,,BELOW_MINIMUM_RELATIVE_VOLUME,False,,,,,,,,,,,,,,BELOW_MINIMUM_RELATIVE_VOLUME,False,,,,,,,,,,,,,
orb_v1.0,2024-09-24,601,CBRE,BBG001SC2D27,0.4506724015898078,14,SHORT,False,BELOW_MINIMUM_RELATIVE_VOLUME,True,False,False,False,28380.0,62972.57142857143,1618409.5,2.4259785714285726,121.81,122.61,121.17,121.66,False,BELOW_MINIMUM_RELATIVE_VOLUME,False,,,,,,,,,,,,,,BELOW_MINIMUM_RELATIVE_VOLUME,False,,,,,,,,,,,,,,BELOW_MINIMUM_RELATIVE_VOLUME,False,,,,,,,,,,,,,
orb_v1.0,2024-09-24,602,AWK,BBG001SPHYW3,0.4505242593015653,14,LONG,False,BELOW_MINIMUM_RELATIVE_VOLUME,True,False,False,False,20425.0,45336.07142857143,1070140.2857142857,2.2581571428571356,146.48,147.79,146.38,147.595,True,BELOW_MINIMUM_RELATIVE_VOLUME,False,,,,,,,,,,,,,,BELOW_MINIMUM_RELATIVE_VOLUME,False,,,,,,,,,,,,,,BELOW_MINIMUM_RELATIVE_VOLUME,False,,,,,,,,,,,,,
orb_v1.0,2024-09-24,603,EOG,BBG001S5ZB93,0.44990626109642323,14,SHORT,False,BELOW_MINIMUM_RELATIVE_VOLUME,True,False,False,False,52401.0,116470.92857142857,4277251.571428572,2.438064285714284,129.4,129.4,128.76,129.17,True,BELOW_MINIMUM_RELATIVE_VOLUME,False,,,,,,,,,,,,,,BELOW_MINIMUM_RELATIVE_VOLUME,False,,,,,,,,,,,,,,BELOW_MINIMUM_RELATIVE_VOLUME,False,,,,,,,,,,,,,
orb_v1.0,2024-09-24,604,NOVA,BBG00PLQ1KH9,0.4491560074539106,14,LONG,False,BELOW_MINIMUM_RELATIVE_VOLUME,False,False,False,False,88665.0,197403.57142857142,4437151.071428572,0.8516714285714289,10.51,10.53,10.34,10.53,True,BELOW_MINIMUM_RELATIVE_VOLUME,False,,,,,,,,,,,,,,BELOW_MINIMUM_RELATIVE_VOLUME,False,,,,,,,,,,,,,,BELOW_MINIMUM_RELATIVE_VOLUME,False,,,,,,,,,,,,,
orb_v1.0,2024-09-24,605,Z,BBG009NRSWK2,0.44853985481379,14,LONG,False,BELOW_MINIMUM_RELATIVE_VOLUME,True,False,False,False,46222.0,103049.92857142857,3807055.0714285714,2.6147071428571422,65.49,66.2,65.28,66.2,True,BELOW_MINIMUM_RELATIVE_VOLUME,False,,,,,,,,,,,,,,BELOW_MINIMUM_RELATIVE_VOLUME,False,,,,,,,,,,,,,,BELOW_MINIMUM_RELATIVE_VOLUME,False,,,,,,,,,,,,,
orb_v1.0,2024-09-24,606,LBRT,BBG00GK831C5,0.4473722400746346,14,SHORT,False,BELOW_MINIMUM_RELATIVE_VOLUME,False,False,False,False,21579.0,48235.0,2159003.8571428573,0.6960714285714297,21.41,21.622,21.395,21.4,True,BELOW_MINIMUM_RELATIVE_VOLUME,False,,,,,,,,,,,,,,BELOW_MINIMUM_RELATIVE_VOLUME,False,,,,,,,,,,,,,,BELOW_MINIMUM_RELATIVE_VOLUME,False,,,,,,,,,,,,,
orb_v1.0,2024-09-24,607,JEF,BBG001S5SX02,0.446737234121235,14,SHORT,False,BELOW_MINIMUM_RELATIVE_VOLUME,False,False,False,False,14669.0,32835.857142857145,1774442.4285714286,1.4915285714285713,62.21,62.3,61.94,62.2006,True,BELOW_MINIMUM_RELATIVE_VOLUME,False,,,,,,,,,,,,,,BELOW_MINIMUM_RELATIVE_VOLUME,False,,,,,,,,,,,,,,BELOW_MINIMUM_RELATIVE_VOLUME,False,,,,,,,,,,,,,
orb_v1.0,2024-09-24,608,TNGX,BBG00WFDDSK6,0.4434583845593765,14,SHORT,False,BELOW_MINIMUM_RELATIVE_VOLUME,False,False,False,False,10615.0,23936.85714285714,1541407.0714285714,1.0810142857142857,7.75,7.824,7.6786,7.69,True,BELOW_MINIMUM_RELATIVE_VOLUME,False,,,,,,,,,,,,,,BELOW_MINIMUM_RELATIVE_VOLUME,False,,,,,,,,,,,,,,BELOW_MINIMUM_RELATIVE_VOLUME,False,,,,,,,,,,,,,
orb_v1.0,2024-09-24,609,PATH,BBG00GKS1G12,0.4430134741156693,14,SHORT,False,BELOW_MINIMUM_RELATIVE_VOLUME,False,False,False,False,258409.0,583298.2857142857,14485223.57142857,0.5775928571428572,13.0,13.04,12.92,12.94,True,BELOW_MINIMUM_RELATIVE_VOLUME,False,,,,,,,,,,,,,,BELOW_MINIMUM_RELATIVE_VOLUME,False,,,,,,,,,,,,,,BELOW_MINIMUM_RELATIVE_VOLUME,False,,,,,,,,,,,,,
orb_v1.0,2024-09-24,610,CRDO,0001807794,0.4429472942286767,14,SHORT,False,BELOW_MINIMUM_RELATIVE_VOLUME,False,False,False,False,63563.0,143500.14285714287,3609175.5714285714,2.0272071428571428,29.91,29.98,29.61,29.69,True,BELOW_MINIMUM_RELATIVE_VOLUME,False,,,,,,,,,,,,,,BELOW_MINIMUM_RELATIVE_VOLUME,False,,,,,,,,,,,,,,BELOW_MINIMUM_RELATIVE_VOLUME,False,,,,,,,,,,,,,
orb_v1.0,2024-09-24,611,OKE,BBG001S5TWK1,0.4426216219749761,14,SHORT,False,BELOW_MINIMUM_RELATIVE_VOLUME,True,False,False,False,36273.0,81950.35714285714,2857645.785714286,1.7510714285714275,95.88,95.97,95.52,95.79,True,BELOW_MINIMUM_RELATIVE_VOLUME,False,,,,,,,,,,,,,,BELOW_MINIMUM_RELATIVE_VOLUME,False,,,,,,,,,,,,,,BELOW_MINIMUM_RELATIVE_VOLUME,False,,,,,,,,,,,,,
orb_v1.0,2024-09-24,612,BRKR,BBG001SF69P0,0.44240868495641483,14,SHORT,False,BELOW_MINIMUM_RELATIVE_VOLUME,False,False,False,False,5909.0,13356.42857142857,1111948.357142857,2.0446285714285724,67.4,67.4,66.96,67.11,False,BELOW_MINIMUM_RELATIVE_VOLUME,False,,,,,,,,,,,,,,BELOW_MINIMUM_RELATIVE_VOLUME,False,,,,,,,,,,,,,,BELOW_MINIMUM_RELATIVE_VOLUME,False,,,,,,,,,,,,,
orb_v1.0,2024-09-24,613,DOCN,BBG00ZGF6TM7,0.4423596877174703,14,LONG,False,BELOW_MINIMUM_RELATIVE_VOLUME,False,False,False,False,16618.0,37566.71428571428,1603977.0,1.7385214285714292,41.26,41.46,41.07,41.285,True,BELOW_MINIMUM_RELATIVE_VOLUME,False,,,,,,,,,,,,,,BELOW_MINIMUM_RELATIVE_VOLUME,False,,,,,,,,,,,,,,BELOW_MINIMUM_RELATIVE_VOLUME,False,,,,,,,,,,,,,
orb_v1.0,2024-09-24,614,DKS,BBG001SK2651,0.4407579777828523,14,LONG,False,BELOW_MINIMUM_RELATIVE_VOLUME,True,False,False,False,15579.0,35345.92857142857,1187788.0714285714,7.425000000000005,216.73,217.5,215.45,216.87,True,BELOW_MINIMUM_RELATIVE_VOLUME,False,,,,,,,,,,,,,,BELOW_MINIMUM_RELATIVE_VOLUME,False,,,,,,,,,,,,,,BELOW_MINIMUM_RELATIVE_VOLUME,False,,,,,,,,,,,,,
orb_v1.0,2024-09-24,615,CNX,BBG001SC7TN4,0.4382985498570237,14,SHORT,False,BELOW_MINIMUM_RELATIVE_VOLUME,False,False,False,False,24579.0,56078.21428571428,2465190.785714286,0.713928571428571,32.0,32.09,31.88,31.93,True,BELOW_MINIMUM_RELATIVE_VOLUME,False,,,,,,,,,,,,,,BELOW_MINIMUM_RELATIVE_VOLUME,False,,,,,,,,,,,,,,BELOW_MINIMUM_RELATIVE_VOLUME,False,,,,,,,,,,,,,
orb_v1.0,2024-09-24,616,HCA,BBG001T8NTY2,0.4381292982463811,14,LONG,False,BELOW_MINIMUM_RELATIVE_VOLUME,True,False,False,False,14316.0,32675.285714285714,1355379.7857142857,8.273749999999994,403.86,405.99,403.5,405.99,False,BELOW_MINIMUM_RELATIVE_VOLUME,False,,,,,,,,,,,,,,BELOW_MINIMUM_RELATIVE_VOLUME,False,,,,,,,,,,,,,,BELOW_MINIMUM_RELATIVE_VOLUME,False,,,,,,,,,,,,,
orb_v1.0,2024-09-24,617,BCE,BBG001S5P2C0,0.43709575072083007,14,SHORT,False,BELOW_MINIMUM_RELATIVE_VOLUME,True,False,False,False,39263.0,89827.0,2257362.214285714,0.6491071428571432,35.17,35.17,34.99,35.12,True,BELOW_MINIMUM_RELATIVE_VOLUME,False,,,,,,,,,,,,,,BELOW_MINIMUM_RELATIVE_VOLUME,False,,,,,,,,,,,,,,BELOW_MINIMUM_RELATIVE_VOLUME,False,,,,,,,,,,,,,
orb_v1.0,2024-09-24,618,EVRG,BBG00H433CS1,0.4368633451850518,14,LONG,False,BELOW_MINIMUM_RELATIVE_VOLUME,False,False,False,False,22880.0,52373.357142857145,1712456.5714285714,0.8041857142857144,61.68,61.91,61.4,61.89,True,BELOW_MINIMUM_RELATIVE_VOLUME,False,,,,,,,,,,,,,,BELOW_MINIMUM_RELATIVE_VOLUME,False,,,,,,,,,,,,,,BELOW_MINIMUM_RELATIVE_VOLUME,False,,,,,,,,,,,,,
orb_v1.0,2024-09-24,619,KN,BBG004M8M6K9,0.436382966727611,14,DOJI,False,BELOW_MINIMUM_RELATIVE_VOLUME,False,False,False,False,11610.0,26605.071428571428,1052380.0,0.583571428571429,17.37,17.46,17.335,17.37,False,BELOW_MINIMUM_RELATIVE_VOLUME,False,,,,,,,,,,,,,,BELOW_MINIMUM_RELATIVE_VOLUME,False,,,,,,,,,,,,,,BELOW_MINIMUM_RELATIVE_VOLUME,False,,,,,,,,,,,,,
orb_v1.0,2024-09-24,620,ETR,BBG001S67KF5,0.43556213316419484,14,LONG,False,BELOW_MINIMUM_RELATIVE_VOLUME,True,False,False,False,32668.0,75001.92857142857,2206692.285714286,1.94677857142857,129.21,129.9,128.82,129.9,True,BELOW_MINIMUM_RELATIVE_VOLUME,False,,,,,,,,,,,,,,BELOW_MINIMUM_RELATIVE_VOLUME,False,,,,,,,,,,,,,,BELOW_MINIMUM_RELATIVE_VOLUME,False,,,,,,,,,,,,,
orb_v1.0,2024-09-24,621,WES,BBG003M3V2V9,0.4351736002502346,14,LONG,False,BELOW_MINIMUM_RELATIVE_VOLUME,False,False,False,False,3975.0,9134.285714285714,1039717.3571428572,0.7395000000000002,39.4,39.4016,39.335,39.4016,True,BELOW_MINIMUM_RELATIVE_VOLUME,False,,,,,,,,,,,,,,BELOW_MINIMUM_RELATIVE_VOLUME,False,,,,,,,,,,,,,,BELOW_MINIMUM_RELATIVE_VOLUME,False,,,,,,,,,,,,,
orb_v1.0,2024-09-24,622,VLTO,BBG019Q32XK7,0.43504899456120627,14,LONG,False,BELOW_MINIMUM_RELATIVE_VOLUME,True,False,False,False,13684.0,31453.928571428572,1986204.642857143,1.7335142857142856,109.63,110.0,109.35,110.0,True,BELOW_MINIMUM_RELATIVE_VOLUME,False,,,,,,,,,,,,,,BELOW_MINIMUM_RELATIVE_VOLUME,False,,,,,,,,,,,,,,BELOW_MINIMUM_RELATIVE_VOLUME,False,,,,,,,,,,,,,
orb_v1.0,2024-09-24,623,EW,BBG001SF2288,0.43446873514318696,14,SHORT,False,BELOW_MINIMUM_RELATIVE_VOLUME,True,False,False,False,73501.0,169174.42857142858,7818631.0,2.3721357142857156,67.19,67.3,66.49,66.71,True,BELOW_MINIMUM_RELATIVE_VOLUME,False,,,,,,,,,,,,,,BELOW_MINIMUM_RELATIVE_VOLUME,False,,,,,,,,,,,,,,BELOW_MINIMUM_RELATIVE_VOLUME,False,,,,,,,,,,,,,
orb_v1.0,2024-09-24,624,WBS,BBG001S5XCP5,0.43140500427598,14,LONG,False,BELOW_MINIMUM_RELATIVE_VOLUME,False,False,False,False,8936.0,20713.714285714286,1208482.142857143,1.5021428571428572,47.39,47.61,47.39,47.59,True,BELOW_MINIMUM_RELATIVE_VOLUME,False,,,,,,,,,,,,,,BELOW_MINIMUM_RELATIVE_VOLUME,False,,,,,,,,,,,,,,BELOW_MINIMUM_RELATIVE_VOLUME,False,,,,,,,,,,,,,
orb_v1.0,2024-09-24,625,CLS,BBG001S9CXM7,0.4291604389051693,14,SHORT,False,BELOW_MINIMUM_RELATIVE_VOLUME,False,False,False,False,31256.0,72830.57142857143,2089911.0,2.0947928571428567,49.86,50.0315,49.59,49.69,True,BELOW_MINIMUM_RELATIVE_VOLUME,False,,,,,,,,,,,,,,BELOW_MINIMUM_RELATIVE_VOLUME,False,,,,,,,,,,,,,,BELOW_MINIMUM_RELATIVE_VOLUME,False,,,,,,,,,,,,,
orb_v1.0,2024-09-24,626,FLYW,BBG002030ND3,0.4289563517915309,14,LONG,False,BELOW_MINIMUM_RELATIVE_VOLUME,False,False,False,False,11758.0,27410.714285714286,1133061.0,0.7265692142857149,16.59,16.79,16.51,16.63,True,BELOW_MINIMUM_RELATIVE_VOLUME,False,,,,,,,,,,,,,,BELOW_MINIMUM_RELATIVE_VOLUME,False,,,,,,,,,,,,,,BELOW_MINIMUM_RELATIVE_VOLUME,False,,,,,,,,,,,,,
orb_v1.0,2024-09-24,627,NMRA,BBG012W9C504,0.4274149776629353,14,SHORT,False,BELOW_MINIMUM_RELATIVE_VOLUME,False,False,False,False,6581.0,15397.214285714286,1028271.5714285715,0.6827428571428573,12.8,12.8,12.53,12.53,True,BELOW_MINIMUM_RELATIVE_VOLUME,False,,,,,,,,,,,,,,BELOW_MINIMUM_RELATIVE_VOLUME,False,,,,,,,,,,,,,,BELOW_MINIMUM_RELATIVE_VOLUME,False,,,,,,,,,,,,,
orb_v1.0,2024-09-24,628,USB,BBG001S6T8C1,0.4261595927215212,14,LONG,False,BELOW_MINIMUM_RELATIVE_VOLUME,True,False,False,False,107775.0,252898.2142857143,8413319.857142856,1.1539428571428563,45.86,45.93,45.68,45.93,True,BELOW_MINIMUM_RELATIVE_VOLUME,False,,,,,,,,,,,,,,BELOW_MINIMUM_RELATIVE_VOLUME,False,,,,,,,,,,,,,,BELOW_MINIMUM_RELATIVE_VOLUME,False,,,,,,,,,,,,,
orb_v1.0,2024-09-24,629,REE,0001843588,0.42590409552420433,14,SHORT,False,BELOW_MINIMUM_RELATIVE_VOLUME,True,False,False,False,8000.0,18783.571428571428,1141962.7142857143,0.6729642857142857,6.31,6.31,6.16,6.214,True,BELOW_MINIMUM_RELATIVE_VOLUME,False,,,,,,,,,,,,,,BELOW_MINIMUM_RELATIVE_VOLUME,False,,,,,,,,,,,,,,BELOW_MINIMUM_RELATIVE_VOLUME,False,,,,,,,,,,,,,
orb_v1.0,2024-09-24,630,DLR,BBG001SM0K30,0.4226902102772969,14,LONG,False,BELOW_MINIMUM_RELATIVE_VOLUME,True,False,False,False,19029.0,45018.78571428572,1987646.357142857,3.356428571428578,160.61,161.34,159.92,161.25,True,BELOW_MINIMUM_RELATIVE_VOLUME,False,,,,,,,,,,,,,,BELOW_MINIMUM_RELATIVE_VOLUME,False,,,,,,,,,,,,,,BELOW_MINIMUM_RELATIVE_VOLUME,False,,,,,,,,,,,,,
orb_v1.0,2024-09-24,631,HOLX,BBG001S6HWB2,0.42140962861072906,14,SHORT,False,BELOW_MINIMUM_RELATIVE_VOLUME,True,False,False,False,13677.0,32455.35714285714,1330108.357142857,1.4207500000000013,81.28,81.28,80.92,80.92,True,BELOW_MINIMUM_RELATIVE_VOLUME,False,,,,,,,,,,,,,,BELOW_MINIMUM_RELATIVE_VOLUME,False,,,,,,,,,,,,,,BELOW_MINIMUM_RELATIVE_VOLUME,False,,,,,,,,,,,,,
orb_v1.0,2024-09-24,632,MTCH,BBG00VT0KP47,0.42127662762904516,14,SHORT,False,BELOW_MINIMUM_RELATIVE_VOLUME,False,False,False,False,36144.0,85796.35714285714,4388521.928571428,0.9417142857142861,37.12,37.23,36.97,36.98,True,BELOW_MINIMUM_RELATIVE_VOLUME,False,,,,,,,,,,,,,,BELOW_MINIMUM_RELATIVE_VOLUME,False,,,,,,,,,,,,,,BELOW_MINIMUM_RELATIVE_VOLUME,False,,,,,,,,,,,,,
orb_v1.0,2024-09-24,633,C,BBG001S72ZG4,0.4210940074162016,14,LONG,False,BELOW_MINIMUM_RELATIVE_VOLUME,True,False,False,False,184033.0,437035.4285714286,14560327.92857143,1.7077642857142865,62.68,62.88,62.53,62.77,True,BELOW_MINIMUM_RELATIVE_VOLUME,False,,,,,,,,,,,,,,BELOW_MINIMUM_RELATIVE_VOLUME,False,,,,,,,,,,,,,,BELOW_MINIMUM_RELATIVE_VOLUME,False,,,,,,,,,,,,,
orb_v1.0,2024-09-24,634,VLO,BBG001S5X8K9,0.4204865556978233,14,SHORT,False,BELOW_MINIMUM_RELATIVE_VOLUME,True,False,False,False,32019.0,76147.5,3211593.5714285714,3.8435785714285697,137.11,137.1999,135.81,136.58,True,BELOW_MINIMUM_RELATIVE_VOLUME,False,,,,,,,,,,,,,,BELOW_MINIMUM_RELATIVE_VOLUME,False,,,,,,,,,,,,,,BELOW_MINIMUM_RELATIVE_VOLUME,False,,,,,,,,,,,,,
orb_v1.0,2024-09-24,635,CNC,BBG001S6T7Q8,0.4200945399722032,14,LONG,False,BELOW_MINIMUM_RELATIVE_VOLUME,True,False,False,False,46613.0,110958.35714285714,4891874.857142857,2.1655928571428595,75.05,75.38,74.98,75.18,False,BELOW_MINIMUM_RELATIVE_VOLUME,False,,,,,,,,,,,,,,BELOW_MINIMUM_RELATIVE_VOLUME,False,,,,,,,,,,,,,,BELOW_MINIMUM_RELATIVE_VOLUME,False,,,,,,,,,,,,,
orb_v1.0,2024-09-24,636,SFM,BBG001V0MZS0,0.4199069026090589,14,LONG,False,BELOW_MINIMUM_RELATIVE_VOLUME,False,False,False,False,23409.0,55748.07142857143,1334504.7142857143,3.031321428571431,108.81,109.17,108.68,108.875,False,BELOW_MINIMUM_RELATIVE_VOLUME,False,,,,,,,,,,,,,,BELOW_MINIMUM_RELATIVE_VOLUME,False,,,,,,,,,,,,,,BELOW_MINIMUM_RELATIVE_VOLUME,False,,,,,,,,,,,,,
orb_v1.0,2024-09-24,637,PRU,BBG001S97MM7,0.4185707127646248,14,SHORT,False,BELOW_MINIMUM_RELATIVE_VOLUME,True,False,False,False,19094.0,45617.142857142855,1614597.5,2.640214285714284,121.13,121.145,120.57,120.96,True,BELOW_MINIMUM_RELATIVE_VOLUME,False,,,,,,,,,,,,,,BELOW_MINIMUM_RELATIVE_VOLUME,False,,,,,,,,,,,,,,BELOW_MINIMUM_RELATIVE_VOLUME,False,,,,,,,,,,,,,
orb_v1.0,2024-09-24,638,ANF,BBG001S97027,0.4183126870053969,14,SHORT,False,BELOW_MINIMUM_RELATIVE_VOLUME,False,False,False,False,26713.0,63858.92857142857,1783163.0,6.508978571428577,141.67,141.67,140.53,141.045,True,BELOW_MINIMUM_RELATIVE_VOLUME,False,,,,,,,,,,,,,,BELOW_MINIMUM_RELATIVE_VOLUME,False,,,,,,,,,,,,,,BELOW_MINIMUM_RELATIVE_VOLUME,False,,,,,,,,,,,,,
orb_v1.0,2024-09-24,639,CCEP,0001650107,0.4170754170920819,14,SHORT,False,BELOW_MINIMUM_RELATIVE_VOLUME,True,False,False,False,26815.0,64292.92857142857,1555626.9285714286,1.1117857142857122,80.5,80.5,79.87,80.07,True,BELOW_MINIMUM_RELATIVE_VOLUME,False,,,,,,,,,,,,,,BELOW_MINIMUM_RELATIVE_VOLUME,False,,,,,,,,,,,,,,BELOW_MINIMUM_RELATIVE_VOLUME,False,,,,,,,,,,,,,
orb_v1.0,2024-09-24,640,DNLI,BBG008P7F878,0.4162745748813963,14,SHORT,False,BELOW_MINIMUM_RELATIVE_VOLUME,False,False,False,False,16753.0,40245.07142857143,1154797.0,1.1696642857142852,30.24,30.345,29.665,29.9,True,BELOW_MINIMUM_RELATIVE_VOLUME,False,,,,,,,,,,,,,,BELOW_MINIMUM_RELATIVE_VOLUME,False,,,,,,,,,,,,,,BELOW_MINIMUM_RELATIVE_VOLUME,False,,,,,,,,,,,,,
orb_v1.0,2024-09-24,641,DASH,BBG005D7QCK1,0.41467128268428094,14,SHORT,False,BELOW_MINIMUM_RELATIVE_VOLUME,True,False,False,False,47680.0,114982.64285714286,3164811.214285714,3.6862928571428575,140.73,141.14,139.3506,139.905,True,BELOW_MINIMUM_RELATIVE_VOLUME,False,,,,,,,,,,,,,,BELOW_MINIMUM_RELATIVE_VOLUME,False,,,,,,,,,,,,,,BELOW_MINIMUM_RELATIVE_VOLUME,False,,,,,,,,,,,,,
orb_v1.0,2024-09-24,642,X,BBG001S5XL75,0.41331811848373035,14,LONG,False,BELOW_MINIMUM_RELATIVE_VOLUME,False,False,False,False,157068.0,380017.21428571426,14574038.07142857,2.5740428571428575,38.86,39.24,38.74,38.98,False,BELOW_MINIMUM_RELATIVE_VOLUME,False,,,,,,,,,,,,,,BELOW_MINIMUM_RELATIVE_VOLUME,False,,,,,,,,,,,,,,BELOW_MINIMUM_RELATIVE_VOLUME,False,,,,,,,,,,,,,
orb_v1.0,2024-09-24,643,STAG,BBG001T9F312,0.4129260356586699,14,SHORT,False,BELOW_MINIMUM_RELATIVE_VOLUME,False,False,False,False,9527.0,23071.928571428572,1020071.4285714285,0.7621428571428572,39.34,39.34,39.155,39.3,False,BELOW_MINIMUM_RELATIVE_VOLUME,False,,,,,,,,,,,,,,BELOW_MINIMUM_RELATIVE_VOLUME,False,,,,,,,,,,,,,,BELOW_MINIMUM_RELATIVE_VOLUME,False,,,,,,,,,,,,,
orb_v1.0,2024-09-24,644,PNW,BBG001S5VB15,0.4109826540946492,14,LONG,False,BELOW_MINIMUM_RELATIVE_VOLUME,False,False,False,False,10464.0,25460.928571428572,1088970.2857142857,1.3406999999999982,89.51,90.1999,89.26,90.07,True,BELOW_MINIMUM_RELATIVE_VOLUME,False,,,,,,,,,,,,,,BELOW_MINIMUM_RELATIVE_VOLUME,False,,,,,,,,,,,,,,BELOW_MINIMUM_RELATIVE_VOLUME,False,,,,,,,,,,,,,
orb_v1.0,2024-09-24,645,WWW,BBG001S5XKW9,0.4108859654211229,14,LONG,False,BELOW_MINIMUM_RELATIVE_VOLUME,False,False,False,False,9613.0,23395.785714285714,1559131.0714285714,0.5897857142857144,15.56,15.59,15.5,15.59,True,BELOW_MINIMUM_RELATIVE_VOLUME,False,,,,,,,,,,,,,,BELOW_MINIMUM_RELATIVE_VOLUME,False,,,,,,,,,,,,,,BELOW_MINIMUM_RELATIVE_VOLUME,False,,,,,,,,,,,,,
orb_v1.0,2024-09-24,646,RNG,BBG001SHXFM5,0.40944370972455435,14,SHORT,False,BELOW_MINIMUM_RELATIVE_VOLUME,False,False,False,False,11809.0,28841.571428571428,1649553.0,1.3032142857142863,30.88,30.96,30.66,30.7494,True,BELOW_MINIMUM_RELATIVE_VOLUME,False,,,,,,,,,,,,,,BELOW_MINIMUM_RELATIVE_VOLUME,False,,,,,,,,,,,,,,BELOW_MINIMUM_RELATIVE_VOLUME,False,,,,,,,,,,,,,
orb_v1.0,2024-09-24,647,WMB,BBG001S5XH10,0.4091633809361076,14,SHORT,False,BELOW_MINIMUM_RELATIVE_VOLUME,True,False,False,False,71581.0,174944.7857142857,4979220.357142857,0.7967857142857129,46.48,46.48,46.29,46.36,True,BELOW_MINIMUM_RELATIVE_VOLUME,False,,,,,,,,,,,,,,BELOW_MINIMUM_RELATIVE_VOLUME,False,,,,,,,,,,,,,,BELOW_MINIMUM_RELATIVE_VOLUME,False,,,,,,,,,,,,,
orb_v1.0,2024-09-24,648,GS,BBG001SC07Z6,0.4088259920918215,14,SHORT,False,BELOW_MINIMUM_RELATIVE_VOLUME,True,False,False,False,40700.0,99553.35714285714,2103228.5714285714,12.723871428571423,497.59,497.59,495.5,497.57,True,BELOW_MINIMUM_RELATIVE_VOLUME,False,,,,,,,,,,,,,,BELOW_MINIMUM_RELATIVE_VOLUME,False,,,,,,,,,,,,,,BELOW_MINIMUM_RELATIVE_VOLUME,False,,,,,,,,,,,,,
orb_v1.0,2024-09-24,649,DOCS,BBG0026ZJQY6,0.4076898976913021,14,SHORT,False,BELOW_MINIMUM_RELATIVE_VOLUME,False,False,False,False,16173.0,39669.857142857145,1527355.5,1.0190785714285704,41.66,41.7714,41.4208,41.55,True,BELOW_MINIMUM_RELATIVE_VOLUME,False,,,,,,,,,,,,,,BELOW_MINIMUM_RELATIVE_VOLUME,False,,,,,,,,,,,,,,BELOW_MINIMUM_RELATIVE_VOLUME,False,,,,,,,,,,,,,
orb_v1.0,2024-09-24,650,ELAN,BBG00LJYS1R6,0.4071998097988391,14,SHORT,False,BELOW_MINIMUM_RELATIVE_VOLUME,False,False,False,False,25079.0,61588.92857142857,5025191.214285715,0.6357142857142856,14.5,14.5,14.255,14.265,True,BELOW_MINIMUM_RELATIVE_VOLUME,False,,,,,,,,,,,,,,BELOW_MINIMUM_RELATIVE_VOLUME,False,,,,,,,,,,,,,,BELOW_MINIMUM_RELATIVE_VOLUME,False,,,,,,,,,,,,,
orb_v1.0,2024-09-24,651,LNT,BBG001S8ZQ30,0.4062156541147427,14,LONG,False,BELOW_MINIMUM_RELATIVE_VOLUME,True,False,False,False,25740.0,63365.357142857145,1257530.2857142857,0.7317857142857126,59.83,60.085,59.51,60.06,True,BELOW_MINIMUM_RELATIVE_VOLUME,False,,,,,,,,,,,,,,BELOW_MINIMUM_RELATIVE_VOLUME,False,,,,,,,,,,,,,,BELOW_MINIMUM_RELATIVE_VOLUME,False,,,,,,,,,,,,,
orb_v1.0,2024-09-24,652,BTDR,0001899123,0.40356933803958556,14,LONG,False,BELOW_MINIMUM_RELATIVE_VOLUME,False,False,False,False,24574.0,60891.642857142855,2037300.5,0.5130714285714285,7.12,7.27,7.12,7.17,True,BELOW_MINIMUM_RELATIVE_VOLUME,False,,,,,,,,,,,,,,BELOW_MINIMUM_RELATIVE_VOLUME,False,,,,,,,,,,,,,,BELOW_MINIMUM_RELATIVE_VOLUME,False,,,,,,,,,,,,,
orb_v1.0,2024-09-24,653,HRL,BBG001S5S0D0,0.40274520863353824,14,SHORT,False,BELOW_MINIMUM_RELATIVE_VOLUME,True,False,False,False,29786.0,73957.42857142857,2774189.214285714,0.8524071428571419,31.57,31.62,31.47,31.5,True,BELOW_MINIMUM_RELATIVE_VOLUME,False,,,,,,,,,,,,,,BELOW_MINIMUM_RELATIVE_VOLUME,False,,,,,,,,,,,,,,BELOW_MINIMUM_RELATIVE_VOLUME,False,,,,,,,,,,,,,
orb_v1.0,2024-09-24,654,BTSG,BBG0132WL2T0,0.40244496611595876,14,LONG,False,BELOW_MINIMUM_RELATIVE_VOLUME,False,False,False,False,14278.0,35478.142857142855,1977290.5,0.5321428571428574,14.98,15.01,14.84,14.99,True,BELOW_MINIMUM_RELATIVE_VOLUME,False,,,,,,,,,,,,,,BELOW_MINIMUM_RELATIVE_VOLUME,False,,,,,,,,,,,,,,BELOW_MINIMUM_RELATIVE_VOLUME,False,,,,,,,,,,,,,
orb_v1.0,2024-09-24,655,VICI,BBG00HVVB4B6,0.40239214011106367,14,LONG,False,BELOW_MINIMUM_RELATIVE_VOLUME,True,False,False,False,65940.0,163870.0,5816495.0,0.5460714285714288,33.18,33.22,33.0212,33.195,True,BELOW_MINIMUM_RELATIVE_VOLUME,False,,,,,,,,,,,,,,BELOW_MINIMUM_RELATIVE_VOLUME,False,,,,,,,,,,,,,,BELOW_MINIMUM_RELATIVE_VOLUME,False,,,,,,,,,,,,,
orb_v1.0,2024-09-24,656,NEE,BBG001S5RB29,0.40203507339313665,14,LONG,False,BELOW_MINIMUM_RELATIVE_VOLUME,True,False,False,False,222394.0,553170.6428571428,9922443.42857143,1.6278571428571413,84.2,84.58,84.06,84.43,True,BELOW_MINIMUM_RELATIVE_VOLUME,False,,,,,,,,,,,,,,BELOW_MINIMUM_RELATIVE_VOLUME,False,,,,,,,,,,,,,,BELOW_MINIMUM_RELATIVE_VOLUME,False,,,,,,,,,,,,,
orb_v1.0,2024-09-24,657,WY,BBG001S5XL11,0.40198818921431523,14,LONG,False,BELOW_MINIMUM_RELATIVE_VOLUME,True,False,False,False,54637.0,135916.92857142858,4454241.642857143,0.6046785714285718,33.42,33.61,33.34,33.59,True,BELOW_MINIMUM_RELATIVE_VOLUME,False,,,,,,,,,,,,,,BELOW_MINIMUM_RELATIVE_VOLUME,False,,,,,,,,,,,,,,BELOW_MINIMUM_RELATIVE_VOLUME,False,,,,,,,,,,,,,
orb_v1.0,2024-09-24,658,NDAQ,BBG001SKTBJ6,0.40057045254796614,14,SHORT,False,BELOW_MINIMUM_RELATIVE_VOLUME,True,False,False,False,34508.0,86147.14285714286,2813120.214285714,1.3897642857142856,73.87,73.87,73.42,73.5439,True,BELOW_MINIMUM_RELATIVE_VOLUME,False,,,,,,,,,,,,,,BELOW_MINIMUM_RELATIVE_VOLUME,False,,,,,,,,,,,,,,BELOW_MINIMUM_RELATIVE_VOLUME,False,,,,,,,,,,,,,
orb_v1.0,2024-09-24,659,ATI,BBG001S8WY72,0.39820502501879257,14,SHORT,False,BELOW_MINIMUM_RELATIVE_VOLUME,False,False,False,False,7492.0,18814.428571428572,1888302.357142857,2.0464285714285704,65.77,65.9499,65.48,65.73,True,BELOW_MINIMUM_RELATIVE_VOLUME,False,,,,,,,,,,,,,,BELOW_MINIMUM_RELATIVE_VOLUME,False,,,,,,,,,,,,,,BELOW_MINIMUM_RELATIVE_VOLUME,False,,,,,,,,,,,,,
orb_v1.0,2024-09-24,660,G,0001398659,0.3980606552388681,14,LONG,False,BELOW_MINIMUM_RELATIVE_VOLUME,False,False,False,False,7008.0,17605.35714285714,1384005.642857143,0.769285714285715,39.0,39.095,38.99,39.08,False,BELOW_MINIMUM_RELATIVE_VOLUME,False,,,,,,,,,,,,,,BELOW_MINIMUM_RELATIVE_VOLUME,False,,,,,,,,,,,,,,BELOW_MINIMUM_RELATIVE_VOLUME,False,,,,,,,,,,,,,
orb_v1.0,2024-09-24,661,SPR,BBG001SKF1N8,0.39760153816653454,14,SHORT,False,BELOW_MINIMUM_RELATIVE_VOLUME,False,False,False,False,5480.0,13782.642857142857,1458110.642857143,0.6771428571428554,33.44,33.44,33.22,33.315,True,BELOW_MINIMUM_RELATIVE_VOLUME,False,,,,,,,,,,,,,,BELOW_MINIMUM_RELATIVE_VOLUME,False,,,,,,,,,,,,,,BELOW_MINIMUM_RELATIVE_VOLUME,False,,,,,,,,,,,,,
orb_v1.0,2024-09-24,662,IFF,BBG001S5S5F7,0.39705852271565034,14,LONG,False,BELOW_MINIMUM_RELATIVE_VOLUME,True,False,False,False,13865.0,34919.28571428572,1257880.4285714286,1.6973214285714298,103.57,104.25,103.57,104.08,True,BELOW_MINIMUM_RELATIVE_VOLUME,False,,,,,,,,,,,,,,BELOW_MINIMUM_RELATIVE_VOLUME,False,,,,,,,,,,,,,,BELOW_MINIMUM_RELATIVE_VOLUME,False,,,,,,,,,,,,,
orb_v1.0,2024-09-24,663,BKR,BBG00GBVBK60,0.3967168236367176,14,SHORT,False,BELOW_MINIMUM_RELATIVE_VOLUME,True,False,False,False,88481.0,223033.14285714287,8101705.857142857,0.895264285714286,37.02,37.14,36.86,36.92,True,BELOW_MINIMUM_RELATIVE_VOLUME,False,,,,,,,,,,,,,,BELOW_MINIMUM_RELATIVE_VOLUME,False,,,,,,,,,,,,,,BELOW_MINIMUM_RELATIVE_VOLUME,False,,,,,,,,,,,,,
orb_v1.0,2024-09-24,664,WRBY,BBG005DWN8L7,0.39639874394110197,14,SHORT,False,BELOW_MINIMUM_RELATIVE_VOLUME,False,False,False,False,14995.0,37828.07142857143,1511867.2142857143,0.655,14.65,14.65,14.53,14.53,False,BELOW_MINIMUM_RELATIVE_VOLUME,False,,,,,,,,,,,,,,BELOW_MINIMUM_RELATIVE_VOLUME,False,,,,,,,,,,,,,,BELOW_MINIMUM_RELATIVE_VOLUME,False,,,,,,,,,,,,,
orb_v1.0,2024-09-24,665,AFRM,BBG00Y7BP8Z0,0.39557055525492035,14,SHORT,False,BELOW_MINIMUM_RELATIVE_VOLUME,False,False,False,False,167449.0,423310.0714285714,11203584.42857143,2.5907071428571418,44.6,44.88,44.2,44.28,True,BELOW_MINIMUM_RELATIVE_VOLUME,False,,,,,,,,,,,,,,BELOW_MINIMUM_RELATIVE_VOLUME,False,,,,,,,,,,,,,,BELOW_MINIMUM_RELATIVE_VOLUME,False,,,,,,,,,,,,,
orb_v1.0,2024-09-24,666,DXC,BBG00FN64XV6,0.39501316132018166,14,LONG,False,BELOW_MINIMUM_RELATIVE_VOLUME,False,False,False,False,6828.0,17285.5,1566222.2857142857,0.5496428571428574,21.02,21.115,21.02,21.03,False,BELOW_MINIMUM_RELATIVE_VOLUME,False,,,,,,,,,,,,,,BELOW_MINIMUM_RELATIVE_VOLUME,False,,,,,,,,,,,,,,BELOW_MINIMUM_RELATIVE_VOLUME,False,,,,,,,,,,,,,
orb_v1.0,2024-09-24,667,ARHS,BBG012TKHZW7,0.3945630243177233,14,LONG,False,BELOW_MINIMUM_RELATIVE_VOLUME,False,False,False,False,7962.0,20179.285714285714,1048390.1428571428,0.6703571428571429,13.31,13.33,13.31,13.33,False,BELOW_MINIMUM_RELATIVE_VOLUME,False,,,,,,,,,,,,,,BELOW_MINIMUM_RELATIVE_VOLUME,False,,,,,,,,,,,,,,BELOW_MINIMUM_RELATIVE_VOLUME,False,,,,,,,,,,,,,
orb_v1.0,2024-09-24,668,AEP,BBG001S5NFD2,0.3938525381874379,14,LONG,False,BELOW_MINIMUM_RELATIVE_VOLUME,True,False,False,False,48349.0,122759.14285714286,2809944.785714286,1.5075357142857138,101.84,102.18,101.57,102.1441,True,BELOW_MINIMUM_RELATIVE_VOLUME,False,,,,,,,,,,,,,,BELOW_MINIMUM_RELATIVE_VOLUME,False,,,,,,,,,,,,,,BELOW_MINIMUM_RELATIVE_VOLUME,False,,,,,,,,,,,,,
orb_v1.0,2024-09-24,669,MRNA,BBG003PHHZV8,0.39347170464547054,14,SHORT,False,BELOW_MINIMUM_RELATIVE_VOLUME,True,False,False,False,123068.0,312774.71428571426,7018181.0,4.327842857142854,64.8,65.0,64.38,64.52,True,BELOW_MINIMUM_RELATIVE_VOLUME,False,,,,,,,,,,,,,,BELOW_MINIMUM_RELATIVE_VOLUME,False,,,,,,,,,,,,,,BELOW_MINIMUM_RELATIVE_VOLUME,False,,,,,,,,,,,,,
orb_v1.0,2024-09-24,670,OZK,BBG001SMRQL8,0.39317574862208077,14,LONG,False,BELOW_MINIMUM_RELATIVE_VOLUME,False,False,False,False,9885.0,25141.428571428572,1219613.7857142857,1.3066500000000008,42.31,42.51,42.14,42.48,True,BELOW_MINIMUM_RELATIVE_VOLUME,False,,,,,,,,,,,,,,BELOW_MINIMUM_RELATIVE_VOLUME,False,,,,,,,,,,,,,,BELOW_MINIMUM_RELATIVE_VOLUME,False,,,,,,,,,,,,,
orb_v1.0,2024-09-24,671,CNP,BBG001SB10S0,0.39312281738603455,14,LONG,False,BELOW_MINIMUM_RELATIVE_VOLUME,True,False,False,False,67278.0,171137.35714285713,5917162.428571428,0.5942857142857141,28.74,28.89,28.71,28.89,True,BELOW_MINIMUM_RELATIVE_VOLUME,False,,,,,,,,,,,,,,BELOW_MINIMUM_RELATIVE_VOLUME,False,,,,,,,,,,,,,,BELOW_MINIMUM_RELATIVE_VOLUME,False,,,,,,,,,,,,,
orb_v1.0,2024-09-24,672,SEDG,BBG0084BC0P2,0.3928999394311759,14,SHORT,False,BELOW_MINIMUM_RELATIVE_VOLUME,False,False,False,False,64405.0,163922.14285714287,4074473.5714285714,1.7048499999999998,20.94,21.225,20.865,20.9,True,BELOW_MINIMUM_RELATIVE_VOLUME,False,,,,,,,,,,,,,,BELOW_MINIMUM_RELATIVE_VOLUME,False,,,,,,,,,,,,,,BELOW_MINIMUM_RELATIVE_VOLUME,False,,,,,,,,,,,,,
orb_v1.0,2024-09-24,673,CPRX,BBG001SRHS16,0.39152516357122497,14,SHORT,False,BELOW_MINIMUM_RELATIVE_VOLUME,False,False,False,False,16580.0,42347.21428571428,1138618.4285714286,0.6778285714285707,20.67,20.755,20.605,20.605,True,BELOW_MINIMUM_RELATIVE_VOLUME,False,,,,,,,,,,,,,,BELOW_MINIMUM_RELATIVE_VOLUME,False,,,,,,,,,,,,,,BELOW_MINIMUM_RELATIVE_VOLUME,False,,,,,,,,,,,,,
orb_v1.0,2024-09-24,674,ENPH,BBG001V28NC6,0.39067109891239665,14,SHORT,False,BELOW_MINIMUM_RELATIVE_VOLUME,True,False,False,False,35828.0,91708.85714285714,2519980.785714286,5.593114285714287,117.5,117.8024,116.22,117.155,True,BELOW_MINIMUM_RELATIVE_VOLUME,False,,,,,,,,,,,,,,BELOW_MINIMUM_RELATIVE_VOLUME,False,,,,,,,,,,,,,,BELOW_MINIMUM_RELATIVE_VOLUME,False,,,,,,,,,,,,,
orb_v1.0,2024-09-24,675,TMUS,BBG001SKR9Y6,0.3883361538675915,14,LONG,False,BELOW_MINIMUM_RELATIVE_VOLUME,True,False,False,False,57728.0,148654.7142857143,4681753.5,4.1817857142857076,201.0,202.19,200.88,201.56,True,BELOW_MINIMUM_RELATIVE_VOLUME,False,,,,,,,,,,,,,,BELOW_MINIMUM_RELATIVE_VOLUME,False,,,,,,,,,,,,,,BELOW_MINIMUM_RELATIVE_VOLUME,False,,,,,,,,,,,,,
orb_v1.0,2024-09-24,676,JPM,BBG001S8CRC3,0.3880698240277676,14,LONG,False,BELOW_MINIMUM_RELATIVE_VOLUME,True,False,False,False,179016.0,461298.4285714286,11266379.0,5.334164285714285,211.15,211.55,210.656,211.39,True,BELOW_MINIMUM_RELATIVE_VOLUME,False,,,,,,,,,,,,,,BELOW_MINIMUM_RELATIVE_VOLUME,False,,,,,,,,,,,,,,BELOW_MINIMUM_RELATIVE_VOLUME,False,,,,,,,,,,,,,
orb_v1.0,2024-09-24,677,APLD,BBG001SK4K76,0.38755462375880934,14,SHORT,False,BELOW_MINIMUM_RELATIVE_VOLUME,False,True,False,False,443069.0,1143242.7142857143,26926246.14285714,0.9299928571428572,6.72,6.77,6.6,6.69,True,BELOW_MINIMUM_RELATIVE_VOLUME,False,,,,,,,,,,,,,,BELOW_MINIMUM_RELATIVE_VOLUME,False,,,,,,,,,,,,,,BELOW_MINIMUM_RELATIVE_VOLUME,False,,,,,,,,,,,,,
orb_v1.0,2024-09-24,678,QXO,BBG001SCBW07,0.3872133106712082,14,LONG,False,BELOW_MINIMUM_RELATIVE_VOLUME,False,False,False,False,20227.0,52237.357142857145,4020479.785714286,1.0610428571428576,15.76,15.9399,15.72,15.795,False,BELOW_MINIMUM_RELATIVE_VOLUME,False,,,,,,,,,,,,,,BELOW_MINIMUM_RELATIVE_VOLUME,False,,,,,,,,,,,,,,BELOW_MINIMUM_RELATIVE_VOLUME,False,,,,,,,,,,,,,
orb_v1.0,2024-09-24,679,XEL,BBG001S7F0X8,0.38701102201949106,14,LONG,False,BELOW_MINIMUM_RELATIVE_VOLUME,True,False,False,False,61936.0,160036.7857142857,4194008.4285714286,0.7842857142857146,63.58,64.06,63.41,64.06,True,BELOW_MINIMUM_RELATIVE_VOLUME,False,,,,,,,,,,,,,,BELOW_MINIMUM_RELATIVE_VOLUME,False,,,,,,,,,,,,,,BELOW_MINIMUM_RELATIVE_VOLUME,False,,,,,,,,,,,,,
orb_v1.0,2024-09-24,680,ALKS,0001520262,0.38673840749145655,14,SHORT,False,BELOW_MINIMUM_RELATIVE_VOLUME,False,False,False,False,14437.0,37330.142857142855,1854355.642857143,0.8642785714285713,28.24,28.265,27.98,27.98,True,BELOW_MINIMUM_RELATIVE_VOLUME,False,,,,,,,,,,,,,,BELOW_MINIMUM_RELATIVE_VOLUME,False,,,,,,,,,,,,,,BELOW_MINIMUM_RELATIVE_VOLUME,False,,,,,,,,,,,,,
orb_v1.0,2024-09-24,681,VSH,BBG001S5XB04,0.38642847841270966,14,LONG,False,BELOW_MINIMUM_RELATIVE_VOLUME,False,False,False,False,16321.0,42235.5,1763325.2857142857,0.5149999999999998,18.62,18.678,18.56,18.64,True,BELOW_MINIMUM_RELATIVE_VOLUME,False,,,,,,,,,,,,,,BELOW_MINIMUM_RELATIVE_VOLUME,False,,,,,,,,,,,,,,BELOW_MINIMUM_RELATIVE_VOLUME,False,,,,,,,,,,,,,
orb_v1.0,2024-09-24,682,BAX,BBG001S5P1K3,0.385373063092313,14,LONG,False,BELOW_MINIMUM_RELATIVE_VOLUME,True,False,False,False,26876.0,69740.21428571429,3761976.785714286,0.9157071428571422,38.95,39.06,38.9,38.955,True,BELOW_MINIMUM_RELATIVE_VOLUME,False,,,,,,,,,,,,,,BELOW_MINIMUM_RELATIVE_VOLUME,False,,,,,,,,,,,,,,BELOW_MINIMUM_RELATIVE_VOLUME,False,,,,,,,,,,,,,
orb_v1.0,2024-09-24,683,MCD,BBG001S5T110,0.38490050962103006,14,SHORT,False,BELOW_MINIMUM_RELATIVE_VOLUME,True,False,False,False,60265.0,156572.92857142858,2847950.6428571427,4.481128571428578,299.06,299.63,297.7,298.655,False,BELOW_MINIMUM_RELATIVE_VOLUME,False,,,,,,,,,,,,,,BELOW_MINIMUM_RELATIVE_VOLUME,False,,,,,,,,,,,,,,BELOW_MINIMUM_RELATIVE_VOLUME,False,,,,,,,,,,,,,
orb_v1.0,2024-09-24,684,HRB,BBG001S5S031,0.3808138509454673,14,LONG,False,BELOW_MINIMUM_RELATIVE_VOLUME,False,False,False,False,13109.0,34423.642857142855,1409040.642857143,1.196207142857141,63.98,64.235,63.9,64.1905,True,BELOW_MINIMUM_RELATIVE_VOLUME,False,,,,,,,,,,,,,,BELOW_MINIMUM_RELATIVE_VOLUME,False,,,,,,,,,,,,,,BELOW_MINIMUM_RELATIVE_VOLUME,False,,,,,,,,,,,,,
orb_v1.0,2024-09-24,685,TRMB,BBG001S5SZP0,0.3806230169577147,14,LONG,False,BELOW_MINIMUM_RELATIVE_VOLUME,False,False,False,False,15715.0,41287.57142857143,1440562.5,1.4958714285714305,58.67,58.82,58.565,58.8,True,BELOW_MINIMUM_RELATIVE_VOLUME,False,,,,,,,,,,,,,,BELOW_MINIMUM_RELATIVE_VOLUME,False,,,,,,,,,,,,,,BELOW_MINIMUM_RELATIVE_VOLUME,False,,,,,,,,,,,,,
orb_v1.0,2024-09-24,686,HIG,BBG001S8PXF3,0.3799083546945534,14,LONG,False,BELOW_MINIMUM_RELATIVE_VOLUME,True,False,False,False,14355.0,37785.42857142857,1512798.142857143,1.8925000000000014,116.71,116.87,116.565,116.87,True,BELOW_MINIMUM_RELATIVE_VOLUME,False,,,,,,,,,,,,,,BELOW_MINIMUM_RELATIVE_VOLUME,False,,,,,,,,,,,,,,BELOW_MINIMUM_RELATIVE_VOLUME,False,,,,,,,,,,,,,
orb_v1.0,2024-09-24,687,MMC,BBG001S5T7M4,0.377454380245577,14,SHORT,False,BELOW_MINIMUM_RELATIVE_VOLUME,True,False,False,False,22313.0,59114.42857142857,1786554.142857143,3.450185714285713,224.08,224.08,223.08,223.1526,True,BELOW_MINIMUM_RELATIVE_VOLUME,False,,,,,,,,,,,,,,BELOW_MINIMUM_RELATIVE_VOLUME,False,,,,,,,,,,,,,,BELOW_MINIMUM_RELATIVE_VOLUME,False,,,,,,,,,,,,,
orb_v1.0,2024-09-24,688,TPG,BBG0145FSQD9,0.37553791227722916,14,LONG,False,BELOW_MINIMUM_RELATIVE_VOLUME,False,False,False,False,3659.0,9743.357142857143,1070343.357142857,1.751107142857143,58.48,59.03,58.48,59.03,True,BELOW_MINIMUM_RELATIVE_VOLUME,False,,,,,,,,,,,,,,BELOW_MINIMUM_RELATIVE_VOLUME,False,,,,,,,,,,,,,,BELOW_MINIMUM_RELATIVE_VOLUME,False,,,,,,,,,,,,,
orb_v1.0,2024-09-24,689,BROS,BBG01282ZJ56,0.3747802195940796,14,SHORT,False,BELOW_MINIMUM_RELATIVE_VOLUME,False,False,False,False,15804.0,42168.71428571428,2874725.1428571427,0.8507142857142854,34.47,34.51,34.4185,34.44,True,BELOW_MINIMUM_RELATIVE_VOLUME,False,,,,,,,,,,,,,,BELOW_MINIMUM_RELATIVE_VOLUME,False,,,,,,,,,,,,,,BELOW_MINIMUM_RELATIVE_VOLUME,False,,,,,,,,,,,,,
orb_v1.0,2024-09-24,690,RCL,0000884887,0.372695431110574,14,SHORT,False,BELOW_MINIMUM_RELATIVE_VOLUME,True,False,False,False,24671.0,66196.14285714286,1730192.142857143,4.662614285714279,177.0,177.0,175.5,175.657,True,BELOW_MINIMUM_RELATIVE_VOLUME,False,,,,,,,,,,,,,,BELOW_MINIMUM_RELATIVE_VOLUME,False,,,,,,,,,,,,,,BELOW_MINIMUM_RELATIVE_VOLUME,False,,,,,,,,,,,,,
orb_v1.0,2024-09-24,691,LTH,BBG012J3H0X2,0.37219395153848184,14,LONG,False,BELOW_MINIMUM_RELATIVE_VOLUME,False,False,False,False,10083.0,27090.714285714286,1624859.5,0.7328785714285709,24.93,24.98,24.88,24.97,True,BELOW_MINIMUM_RELATIVE_VOLUME,False,,,,,,,,,,,,,,BELOW_MINIMUM_RELATIVE_VOLUME,False,,,,,,,,,,,,,,BELOW_MINIMUM_RELATIVE_VOLUME,False,,,,,,,,,,,,,
orb_v1.0,2024-09-24,692,TFC,BBG001S5YYC0,0.37041614999437467,14,LONG,False,BELOW_MINIMUM_RELATIVE_VOLUME,True,False,False,False,86778.0,234271.64285714287,8589681.5,0.9897928571428568,42.07,42.26,41.92,42.25,True,BELOW_MINIMUM_RELATIVE_VOLUME,False,,,,,,,,,,,,,,BELOW_MINIMUM_RELATIVE_VOLUME,False,,,,,,,,,,,,,,BELOW_MINIMUM_RELATIVE_VOLUME,False,,,,,,,,,,,,,
orb_v1.0,2024-09-24,693,GFS,0001709048,0.3702267118022307,14,LONG,False,BELOW_MINIMUM_RELATIVE_VOLUME,True,False,False,False,19608.0,52962.142857142855,1431660.857142857,1.4041428571428571,39.6,39.87,39.6,39.87,True,BELOW_MINIMUM_RELATIVE_VOLUME,False,,,,,,,,,,,,,,BELOW_MINIMUM_RELATIVE_VOLUME,False,,,,,,,,,,,,,,BELOW_MINIMUM_RELATIVE_VOLUME,False,,,,,,,,,,,,,
orb_v1.0,2024-09-24,694,XRAY,BBG001S5XLV8,0.3695780334224139,14,LONG,False,BELOW_MINIMUM_RELATIVE_VOLUME,False,False,False,False,11508.0,31138.214285714286,2636412.5714285714,0.8755714285714286,26.23,26.385,26.23,26.385,True,BELOW_MINIMUM_RELATIVE_VOLUME,False,,,,,,,,,,,,,,BELOW_MINIMUM_RELATIVE_VOLUME,False,,,,,,,,,,,,,,BELOW_MINIMUM_RELATIVE_VOLUME,False,,,,,,,,,,,,,
orb_v1.0,2024-09-24,695,FE,BBG001S5R3N4,0.3685913340616779,14,LONG,False,BELOW_MINIMUM_RELATIVE_VOLUME,True,False,False,False,38678.0,104934.64285714286,3313957.0714285714,0.5830428571428585,43.89,44.02,43.77,43.995,True,BELOW_MINIMUM_RELATIVE_VOLUME,False,,,,,,,,,,,,,,BELOW_MINIMUM_RELATIVE_VOLUME,False,,,,,,,,,,,,,,BELOW_MINIMUM_RELATIVE_VOLUME,False,,,,,,,,,,,,,
orb_v1.0,2024-09-24,696,APP,BBG006HFPX86,0.3681654869499818,14,LONG,False,BELOW_MINIMUM_RELATIVE_VOLUME,True,False,False,False,75631.0,205426.64285714287,6141355.785714285,5.696178571428571,126.51,127.018,125.95,126.925,True,BELOW_MINIMUM_RELATIVE_VOLUME,False,,,,,,,,,,,,,,BELOW_MINIMUM_RELATIVE_VOLUME,False,,,,,,,,,,,,,,BELOW_MINIMUM_RELATIVE_VOLUME,False,,,,,,,,,,,,,
orb_v1.0,2024-09-24,697,WPC,BBG001S67MM3,0.3680993992212415,14,LONG,False,BELOW_MINIMUM_RELATIVE_VOLUME,False,False,False,False,10149.0,27571.35714285714,1131951.4285714286,1.0531785714285706,63.11,63.43,63.0132,63.2172,True,BELOW_MINIMUM_RELATIVE_VOLUME,False,,,,,,,,,,,,,,BELOW_MINIMUM_RELATIVE_VOLUME,False,,,,,,,,,,,,,,BELOW_MINIMUM_RELATIVE_VOLUME,False,,,,,,,,,,,,,
orb_v1.0,2024-09-24,698,ORI,BBG001S6M9Y2,0.3654417806372199,14,LONG,False,BELOW_MINIMUM_RELATIVE_VOLUME,False,False,False,False,8228.0,22515.214285714286,1550432.0714285714,0.5207071428571436,35.52,35.64,35.47,35.57,True,BELOW_MINIMUM_RELATIVE_VOLUME,False,,,,,,,,,,,,,,BELOW_MINIMUM_RELATIVE_VOLUME,False,,,,,,,,,,,,,,BELOW_MINIMUM_RELATIVE_VOLUME,False,,,,,,,,,,,,,
orb_v1.0,2024-09-24,699,TD,BBG001S60L15,0.3645515623907349,14,DOJI,False,BELOW_MINIMUM_RELATIVE_VOLUME,True,False,False,False,19363.0,53114.57142857143,1941363.7142857143,1.028571428571427,64.02,64.09,63.935,64.02,False,BELOW_MINIMUM_RELATIVE_VOLUME,False,,,,,,,,,,,,,,BELOW_MINIMUM_RELATIVE_VOLUME,False,,,,,,,,,,,,,,BELOW_MINIMUM_RELATIVE_VOLUME,False,,,,,,,,,,,,,
orb_v1.0,2024-09-24,700,ODFL,BBG001S6WQT9,0.36419253603942364,14,SHORT,False,BELOW_MINIMUM_RELATIVE_VOLUME,True,False,False,False,16396.0,45020.142857142855,1478180.4285714286,6.604285714285713,198.19,198.19,197.15,197.15,True,BELOW_MINIMUM_RELATIVE_VOLUME,False,,,,,,,,,,,,,,BELOW_MINIMUM_RELATIVE_VOLUME,False,,,,,,,,,,,,,,BELOW_MINIMUM_RELATIVE_VOLUME,False,,,,,,,,,,,,,
orb_v1.0,2024-09-24,701,RDFN,BBG001V1F423,0.3632740441724102,14,LONG,False,BELOW_MINIMUM_RELATIVE_VOLUME,False,False,False,False,139848.0,384965.5714285714,9409265.142857144,1.2373285714285711,12.53,12.68,12.52,12.59,True,BELOW_MINIMUM_RELATIVE_VOLUME,False,,,,,,,,,,,,,,BELOW_MINIMUM_RELATIVE_VOLUME,False,,,,,,,,,,,,,,BELOW_MINIMUM_RELATIVE_VOLUME,False,,,,,,,,,,,,,
orb_v1.0,2024-09-24,702,CCI,BBG001S7W5T3,0.36222480249527583,14,LONG,False,BELOW_MINIMUM_RELATIVE_VOLUME,True,False,False,False,31820.0,87846.0,2517770.3571428573,2.2877999999999994,116.18,116.71,116.0,116.4653,True,BELOW_MINIMUM_RELATIVE_VOLUME,False,,,,,,,,,,,,,,BELOW_MINIMUM_RELATIVE_VOLUME,False,,,,,,,,,,,,,,BELOW_MINIMUM_RELATIVE_VOLUME,False,,,,,,,,,,,,,
orb_v1.0,2024-09-24,703,INSP,BBG00209SZK5,0.3617351413344127,14,SHORT,False,BELOW_MINIMUM_RELATIVE_VOLUME,False,False,False,False,3830.0,10587.857142857143,1025375.0714285715,10.287950000000006,217.91,217.91,217.42,217.42,True,BELOW_MINIMUM_RELATIVE_VOLUME,False,,,,,,,,,,,,,,BELOW_MINIMUM_RELATIVE_VOLUME,False,,,,,,,,,,,,,,BELOW_MINIMUM_RELATIVE_VOLUME,False,,,,,,,,,,,,,
orb_v1.0,2024-09-24,704,EIX,BBG001S7MY75,0.3604957813469294,14,LONG,False,BELOW_MINIMUM_RELATIVE_VOLUME,True,False,False,False,26939.0,74727.64285714286,2271762.0,1.4446428571428558,85.74,86.03,85.39,86.03,True,BELOW_MINIMUM_RELATIVE_VOLUME,False,,,,,,,,,,,,,,BELOW_MINIMUM_RELATIVE_VOLUME,False,,,,,,,,,,,,,,BELOW_MINIMUM_RELATIVE_VOLUME,False,,,,,,,,,,,,,
orb_v1.0,2024-09-24,705,PHAT,BBG00P5B2S73,0.36040811409402196,14,SHORT,False,BELOW_MINIMUM_RELATIVE_VOLUME,False,False,False,False,8334.0,23123.785714285714,1229251.7142857143,1.0878285714285716,17.72,18.11,17.61,17.7,True,BELOW_MINIMUM_RELATIVE_VOLUME,False,,,,,,,,,,,,,,BELOW_MINIMUM_RELATIVE_VOLUME,False,,,,,,,,,,,,,,BELOW_MINIMUM_RELATIVE_VOLUME,False,,,,,,,,,,,,,
orb_v1.0,2024-09-24,706,WSM,BBG001SBW7S1,0.35878410426677115,14,LONG,False,BELOW_MINIMUM_RELATIVE_VOLUME,False,False,False,False,12427.0,34636.42857142857,1765325.5714285714,5.117499999999998,154.5,154.67,153.517,154.67,True,BELOW_MINIMUM_RELATIVE_VOLUME,False,,,,,,,,,,,,,,BELOW_MINIMUM_RELATIVE_VOLUME,False,,,,,,,,,,,,,,BELOW_MINIMUM_RELATIVE_VOLUME,False,,,,,,,,,,,,,
orb_v1.0,2024-09-24,707,EXC,BBG001SBJMT2,0.358499587123364,14,SHORT,False,BELOW_MINIMUM_RELATIVE_VOLUME,True,False,False,False,108134.0,301629.35714285716,8756287.285714285,0.697142857142857,40.25,40.25,39.99,40.215,False,BELOW_MINIMUM_RELATIVE_VOLUME,False,,,,,,,,,,,,,,BELOW_MINIMUM_RELATIVE_VOLUME,False,,,,,,,,,,,,,,BELOW_MINIMUM_RELATIVE_VOLUME,False,,,,,,,,,,,,,
orb_v1.0,2024-09-24,708,ILMN,BBG001SF4NY1,0.3573788445742448,14,LONG,False,BELOW_MINIMUM_RELATIVE_VOLUME,True,False,False,False,13985.0,39132.142857142855,1643857.642857143,4.155553642857145,130.49,131.4019,130.245,130.95,True,BELOW_MINIMUM_RELATIVE_VOLUME,False,,,,,,,,,,,,,,BELOW_MINIMUM_RELATIVE_VOLUME,False,,,,,,,,,,,,,,BELOW_MINIMUM_RELATIVE_VOLUME,False,,,,,,,,,,,,,
orb_v1.0,2024-09-24,709,GDDY,BBG006MDLXZ9,0.3573318966703763,14,SHORT,False,BELOW_MINIMUM_RELATIVE_VOLUME,True,False,False,False,12981.0,36327.57142857143,1403783.2857142857,3.541042857142853,158.82,159.12,158.705,158.74,True,BELOW_MINIMUM_RELATIVE_VOLUME,False,,,,,,,,,,,,,,BELOW_MINIMUM_RELATIVE_VOLUME,False,,,,,,,,,,,,,,BELOW_MINIMUM_RELATIVE_VOLUME,False,,,,,,,,,,,,,
orb_v1.0,2024-09-24,710,ORCL,BBG001S5SJG6,0.35709412793688416,14,SHORT,False,BELOW_MINIMUM_RELATIVE_VOLUME,True,False,False,False,234089.0,655538.6428571428,15776255.92857143,6.22291428571429,165.74,166.1,165.1203,165.1389,True,BELOW_MINIMUM_RELATIVE_VOLUME,False,,,,,,,,,,,,,,BELOW_MINIMUM_RELATIVE_VOLUME,False,,,,,,,,,,,,,,BELOW_MINIMUM_RELATIVE_VOLUME,False,,,,,,,,,,,,,
orb_v1.0,2024-09-24,711,DNA,BBG00YPS1LT7,0.35676848456593657,14,LONG,False,BELOW_MINIMUM_RELATIVE_VOLUME,True,False,False,False,28424.0,79670.71428571429,2105651.9285714286,0.6593928571428572,7.95,8.05,7.9,8.02,True,BELOW_MINIMUM_RELATIVE_VOLUME,False,,,,,,,,,,,,,,BELOW_MINIMUM_RELATIVE_VOLUME,False,,,,,,,,,,,,,,BELOW_MINIMUM_RELATIVE_VOLUME,False,,,,,,,,,,,,,
orb_v1.0,2024-09-24,712,TRV,BBG001S5R103,0.3543464375168956,14,SHORT,False,BELOW_MINIMUM_RELATIVE_VOLUME,True,False,False,False,21160.0,59715.57142857143,1437246.5714285714,4.919642857142857,238.85,238.85,236.92,237.61,True,BELOW_MINIMUM_RELATIVE_VOLUME,False,,,,,,,,,,,,,,BELOW_MINIMUM_RELATIVE_VOLUME,False,,,,,,,,,,,,,,BELOW_MINIMUM_RELATIVE_VOLUME,False,,,,,,,,,,,,,
orb_v1.0,2024-09-24,713,FIS,BBG001S8SWQ0,0.3542566824524672,14,LONG,False,BELOW_MINIMUM_RELATIVE_VOLUME,True,False,False,False,25610.0,72292.21428571429,2921221.285714286,1.415078571428572,84.12,84.34,84.09,84.34,True,BELOW_MINIMUM_RELATIVE_VOLUME,False,,,,,,,,,,,,,,BELOW_MINIMUM_RELATIVE_VOLUME,False,,,,,,,,,,,,,,BELOW_MINIMUM_RELATIVE_VOLUME,False,,,,,,,,,,,,,
orb_v1.0,2024-09-24,714,FR,BBG001S81Z00,0.3537375846814263,14,LONG,False,BELOW_MINIMUM_RELATIVE_VOLUME,False,False,False,False,5009.0,14160.214285714286,1259146.142857143,0.9342857142857142,55.62,55.885,55.53,55.885,True,BELOW_MINIMUM_RELATIVE_VOLUME,False,,,,,,,,,,,,,,BELOW_MINIMUM_RELATIVE_VOLUME,False,,,,,,,,,,,,,,BELOW_MINIMUM_RELATIVE_VOLUME,False,,,,,,,,,,,,,
orb_v1.0,2024-09-24,715,PSN,BBG001SDWJQ3,0.3537037186513734,14,SHORT,False,BELOW_MINIMUM_RELATIVE_VOLUME,False,False,False,False,6260.0,17698.428571428572,1385799.5714285714,2.420714285714286,101.17,101.42,100.74,101.1,True,BELOW_MINIMUM_RELATIVE_VOLUME,False,,,,,,,,,,,,,,BELOW_MINIMUM_RELATIVE_VOLUME,False,,,,,,,,,,,,,,BELOW_MINIMUM_RELATIVE_VOLUME,False,,,,,,,,,,,,,
orb_v1.0,2024-09-24,716,DOV,BBG001S5QL46,0.35343677072537893,14,SHORT,False,BELOW_MINIMUM_RELATIVE_VOLUME,True,False,False,False,6772.0,19160.428571428572,1087221.5,4.019607142857142,192.18,192.7498,191.2961,192.09,False,BELOW_MINIMUM_RELATIVE_VOLUME,False,,,,,,,,,,,,,,BELOW_MINIMUM_RELATIVE_VOLUME,False,,,,,,,,,,,,,,BELOW_MINIMUM_RELATIVE_VOLUME,False,,,,,,,,,,,,,
orb_v1.0,2024-09-24,717,PCT,BBG00YRJF230,0.3522651383993389,14,LONG,False,BELOW_MINIMUM_RELATIVE_VOLUME,False,False,False,False,55838.0,158511.2857142857,4275892.928571428,0.8728928571428572,9.3,9.5,9.285,9.49,True,BELOW_MINIMUM_RELATIVE_VOLUME,False,,,,,,,,,,,,,,BELOW_MINIMUM_RELATIVE_VOLUME,False,,,,,,,,,,,,,,BELOW_MINIMUM_RELATIVE_VOLUME,False,,,,,,,,,,,,,
orb_v1.0,2024-09-24,718,MDT,0001613103,0.3512240560997149,14,SHORT,False,BELOW_MINIMUM_RELATIVE_VOLUME,True,False,False,False,87099.0,247987.0,8192632.571428572,1.4312571428571448,89.73,89.76,89.15,89.55,False,BELOW_MINIMUM_RELATIVE_VOLUME,False,,,,,,,,,,,,,,BELOW_MINIMUM_RELATIVE_VOLUME,False,,,,,,,,,,,,,,BELOW_MINIMUM_RELATIVE_VOLUME,False,,,,,,,,,,,,,
orb_v1.0,2024-09-24,719,SYK,BBG001S8FR03,0.3503647746675635,14,SHORT,False,BELOW_MINIMUM_RELATIVE_VOLUME,True,False,False,False,13543.0,38654.0,1131702.2142857143,6.0951999999999895,365.57,365.57,362.04,362.04,True,BELOW_MINIMUM_RELATIVE_VOLUME,False,,,,,,,,,,,,,,BELOW_MINIMUM_RELATIVE_VOLUME,False,,,,,,,,,,,,,,BELOW_MINIMUM_RELATIVE_VOLUME,False,,,,,,,,,,,,,
orb_v1.0,2024-09-24,720,DT,BBG00PNN7CW9,0.3497906799490779,14,SHORT,False,BELOW_MINIMUM_RELATIVE_VOLUME,True,False,False,False,24356.0,69630.21428571429,3910608.6428571427,0.97875,52.2,52.215,52.03,52.03,True,BELOW_MINIMUM_RELATIVE_VOLUME,False,,,,,,,,,,,,,,BELOW_MINIMUM_RELATIVE_VOLUME,False,,,,,,,,,,,,,,BELOW_MINIMUM_RELATIVE_VOLUME,False,,,,,,,,,,,,,
orb_v1.0,2024-09-24,721,SMPL,BBG00GVP5JM3,0.34965928704096316,14,DOJI,False,BELOW_MINIMUM_RELATIVE_VOLUME,False,False,False,False,8364.0,23920.428571428572,1057212.857142857,0.8970714285714284,34.24,34.24,34.03,34.24,False,BELOW_MINIMUM_RELATIVE_VOLUME,False,,,,,,,,,,,,,,BELOW_MINIMUM_RELATIVE_VOLUME,False,,,,,,,,,,,,,,BELOW_MINIMUM_RELATIVE_VOLUME,False,,,,,,,,,,,,,
orb_v1.0,2024-09-24,722,TDS,BBG001S5WM29,0.3494787473095362,14,LONG,False,BELOW_MINIMUM_RELATIVE_VOLUME,False,False,False,False,9487.0,27146.14285714286,1110445.0714285714,0.8228571428571431,22.83,22.935,22.83,22.935,True,BELOW_MINIMUM_RELATIVE_VOLUME,False,,,,,,,,,,,,,,BELOW_MINIMUM_RELATIVE_VOLUME,False,,,,,,,,,,,,,,BELOW_MINIMUM_RELATIVE_VOLUME,False,,,,,,,,,,,,,
orb_v1.0,2024-09-24,723,MDU,BBG001S5T2W4,0.3476964034806616,14,LONG,False,BELOW_MINIMUM_RELATIVE_VOLUME,False,False,False,False,8060.0,23181.14285714286,1430199.857142857,0.721071428571429,27.74,27.78,27.64,27.78,True,BELOW_MINIMUM_RELATIVE_VOLUME,False,,,,,,,,,,,,,,BELOW_MINIMUM_RELATIVE_VOLUME,False,,,,,,,,,,,,,,BELOW_MINIMUM_RELATIVE_VOLUME,False,,,,,,,,,,,,,
orb_v1.0,2024-09-24,724,USFD,BBG00C6H6D59,0.3458875483006072,14,LONG,False,BELOW_MINIMUM_RELATIVE_VOLUME,True,False,False,False,9399.0,27173.571428571428,2088084.9285714286,1.0901142857142854,61.65,61.72,61.65,61.72,True,BELOW_MINIMUM_RELATIVE_VOLUME,False,,,,,,,,,,,,,,BELOW_MINIMUM_RELATIVE_VOLUME,False,,,,,,,,,,,,,,BELOW_MINIMUM_RELATIVE_VOLUME,False,,,,,,,,,,,,,
orb_v1.0,2024-09-24,725,TRGP,BBG001TC94B9,0.34528410869870335,14,LONG,False,BELOW_MINIMUM_RELATIVE_VOLUME,True,False,False,False,18275.0,52927.42857142857,1921215.2857142857,3.5613785714285706,156.66,157.0,156.41,156.905,True,BELOW_MINIMUM_RELATIVE_VOLUME,False,,,,,,,,,,,,,,BELOW_MINIMUM_RELATIVE_VOLUME,False,,,,,,,,,,,,,,BELOW_MINIMUM_RELATIVE_VOLUME,False,,,,,,,,,,,,,
orb_v1.0,2024-09-24,726,DLTR,BBG001S6ZGL6,0.3440199654444231,14,SHORT,False,BELOW_MINIMUM_RELATIVE_VOLUME,True,False,False,False,80256.0,233288.7857142857,8340497.071428572,4.504221428571429,71.96,71.96,71.03,71.16,True,BELOW_MINIMUM_RELATIVE_VOLUME,False,,,,,,,,,,,,,,BELOW_MINIMUM_RELATIVE_VOLUME,False,,,,,,,,,,,,,,BELOW_MINIMUM_RELATIVE_VOLUME,False,,,,,,,,,,,,,
orb_v1.0,2024-09-24,727,BLMN,BBG002VZ69Q9,0.34373716473314264,14,LONG,False,BELOW_MINIMUM_RELATIVE_VOLUME,False,False,False,False,12673.0,36868.28571428572,1477368.642857143,0.6953571428571433,16.78,16.905,16.62,16.85,True,BELOW_MINIMUM_RELATIVE_VOLUME,False,,,,,,,,,,,,,,BELOW_MINIMUM_RELATIVE_VOLUME,False,,,,,,,,,,,,,,BELOW_MINIMUM_RELATIVE_VOLUME,False,,,,,,,,,,,,,
orb_v1.0,2024-09-24,728,ES,BBG001S5TRL1,0.3435721209527712,14,LONG,False,BELOW_MINIMUM_RELATIVE_VOLUME,True,False,False,False,28330.0,82457.21428571429,1996270.857142857,0.9460714285714289,66.18,66.49,66.0,66.47,True,BELOW_MINIMUM_RELATIVE_VOLUME,False,,,,,,,,,,,,,,BELOW_MINIMUM_RELATIVE_VOLUME,False,,,,,,,,,,,,,,BELOW_MINIMUM_RELATIVE_VOLUME,False,,,,,,,,,,,,,
orb_v1.0,2024-09-24,729,RKT,BBG00VY1MZN4,0.3433694582732991,14,LONG,False,BELOW_MINIMUM_RELATIVE_VOLUME,False,False,False,False,33279.0,96918.92857142857,3922278.3571428573,0.9103785714285715,19.1,19.2,19.06,19.11,True,BELOW_MINIMUM_RELATIVE_VOLUME,False,,,,,,,,,,,,,,BELOW_MINIMUM_RELATIVE_VOLUME,False,,,,,,,,,,,,,,BELOW_MINIMUM_RELATIVE_VOLUME,False,,,,,,,,,,,,,
orb_v1.0,2024-09-24,730,D,BBG001S5QCP3,0.34312282009638173,14,LONG,False,BELOW_MINIMUM_RELATIVE_VOLUME,True,False,False,False,73642.0,214622.85714285713,3795327.214285714,0.9153499999999996,57.46,57.6,57.02,57.56,True,BELOW_MINIMUM_RELATIVE_VOLUME,False,,,,,,,,,,,,,,BELOW_MINIMUM_RELATIVE_VOLUME,False,,,,,,,,,,,,,,BELOW_MINIMUM_RELATIVE_VOLUME,False,,,,,,,,,,,,,
orb_v1.0,2024-09-24,731,AER,0001378789,0.3431077130649876,14,LONG,False,BELOW_MINIMUM_RELATIVE_VOLUME,True,False,False,False,7629.0,22235.0,1256980.0714285714,2.2257071428571455,97.01,97.24,96.86,97.235,True,BELOW_MINIMUM_RELATIVE_VOLUME,False,,,,,,,,,,,,,,BELOW_MINIMUM_RELATIVE_VOLUME,False,,,,,,,,,,,,,,BELOW_MINIMUM_RELATIVE_VOLUME,False,,,,,,,,,,,,,
orb_v1.0,2024-09-24,732,FULT,BBG001S5RF02,0.3400570443191678,14,LONG,False,BELOW_MINIMUM_RELATIVE_VOLUME,False,False,False,False,15593.0,45854.07142857143,1418800.5,0.5539285714285711,18.36,18.4,18.27,18.4,True,BELOW_MINIMUM_RELATIVE_VOLUME,False,,,,,,,,,,,,,,BELOW_MINIMUM_RELATIVE_VOLUME,False,,,,,,,,,,,,,,BELOW_MINIMUM_RELATIVE_VOLUME,False,,,,,,,,,,,,,
orb_v1.0,2024-09-24,733,ADP,BBG001S82KF6,0.338824457432738,14,SHORT,False,BELOW_MINIMUM_RELATIVE_VOLUME,True,False,False,False,21354.0,63023.78571428572,1790881.7857142857,4.551785714285708,277.46,277.46,275.65,276.28,True,BELOW_MINIMUM_RELATIVE_VOLUME,False,,,,,,,,,,,,,,BELOW_MINIMUM_RELATIVE_VOLUME,False,,,,,,,,,,,,,,BELOW_MINIMUM_RELATIVE_VOLUME,False,,,,,,,,,,,,,
orb_v1.0,2024-09-24,734,ASO,BBG00X7L1CW0,0.33779752353258,14,LONG,False,BELOW_MINIMUM_RELATIVE_VOLUME,False,False,False,False,17292.0,51190.42857142857,2005542.357142857,2.26157857142857,60.86,61.6899,60.72,61.13,False,BELOW_MINIMUM_RELATIVE_VOLUME,False,,,,,,,,,,,,,,BELOW_MINIMUM_RELATIVE_VOLUME,False,,,,,,,,,,,,,,BELOW_MINIMUM_RELATIVE_VOLUME,False,,,,,,,,,,,,,
orb_v1.0,2024-09-24,735,MPC,BBG001S169P1,0.33694636549300094,14,SHORT,False,BELOW_MINIMUM_RELATIVE_VOLUME,True,False,False,False,27458.0,81490.71428571429,3222295.785714286,4.786071428571428,166.19,166.19,165.13,166.1,True,BELOW_MINIMUM_RELATIVE_VOLUME,False,,,,,,,,,,,,,,BELOW_MINIMUM_RELATIVE_VOLUME,False,,,,,,,,,,,,,,BELOW_MINIMUM_RELATIVE_VOLUME,False,,,,,,,,,,,,,
orb_v1.0,2024-09-24,736,TSN,BBG001S871D5,0.33636086319041947,14,SHORT,False,BELOW_MINIMUM_RELATIVE_VOLUME,True,False,False,False,17091.0,50811.5,2347074.8571428573,1.3214285714285705,60.42,60.48,60.22,60.325,False,BELOW_MINIMUM_RELATIVE_VOLUME,False,,,,,,,,,,,,,,BELOW_MINIMUM_RELATIVE_VOLUME,False,,,,,,,,,,,,,,BELOW_MINIMUM_RELATIVE_VOLUME,False,,,,,,,,,,,,,
orb_v1.0,2024-09-24,737,DRI,BBG001S5QM08,0.3359348634037522,14,SHORT,False,BELOW_MINIMUM_RELATIVE_VOLUME,True,False,False,False,11305.0,33652.357142857145,1460110.2142857143,3.729528571428576,173.0,173.195,172.59,172.875,True,BELOW_MINIMUM_RELATIVE_VOLUME,False,,,,,,,,,,,,,,BELOW_MINIMUM_RELATIVE_VOLUME,False,,,,,,,,,,,,,,BELOW_MINIMUM_RELATIVE_VOLUME,False,,,,,,,,,,,,,
orb_v1.0,2024-09-24,738,FTNT,BBG001S77BL6,0.33546547825802014,14,LONG,False,BELOW_MINIMUM_RELATIVE_VOLUME,True,False,False,False,51187.0,152585.0,4929630.642857143,1.5965285714285733,77.37,77.535,77.13,77.43,True,BELOW_MINIMUM_RELATIVE_VOLUME,False,,,,,,,,,,,,,,BELOW_MINIMUM_RELATIVE_VOLUME,False,,,,,,,,,,,,,,BELOW_MINIMUM_RELATIVE_VOLUME,False,,,,,,,,,,,,,
orb_v1.0,2024-09-24,739,ALAB,BBG00TDKHWK6,0.3354290870148159,14,SHORT,False,BELOW_MINIMUM_RELATIVE_VOLUME,False,False,False,False,28413.0,84706.42857142857,3543604.214285714,2.5095071428571427,51.27,51.35,51.05,51.2,True,BELOW_MINIMUM_RELATIVE_VOLUME,False,,,,,,,,,,,,,,BELOW_MINIMUM_RELATIVE_VOLUME,False,,,,,,,,,,,,,,BELOW_MINIMUM_RELATIVE_VOLUME,False,,,,,,,,,,,,,
orb_v1.0,2024-09-24,740,NEOG,BBG001S67B47,0.3334553595122582,14,LONG,False,BELOW_MINIMUM_RELATIVE_VOLUME,False,False,False,False,17502.0,52486.78571428572,1555836.9285714286,0.6100000000000002,17.43,17.45,17.29,17.44,False,BELOW_MINIMUM_RELATIVE_VOLUME,False,,,,,,,,,,,,,,BELOW_MINIMUM_RELATIVE_VOLUME,False,,,,,,,,,,,,,,BELOW_MINIMUM_RELATIVE_VOLUME,False,,,,,,,,,,,,,
orb_v1.0,2024-09-24,741,DAY,BBG005D7PF43,0.33288021627085934,14,LONG,False,BELOW_MINIMUM_RELATIVE_VOLUME,False,False,False,False,12419.0,37307.71428571428,1331902.7142857143,1.7153571428571435,60.19,60.265,59.7,60.265,True,BELOW_MINIMUM_RELATIVE_VOLUME,False,,,,,,,,,,,,,,BELOW_MINIMUM_RELATIVE_VOLUME,False,,,,,,,,,,,,,,BELOW_MINIMUM_RELATIVE_VOLUME,False,,,,,,,,,,,,,
orb_v1.0,2024-09-24,742,BWA,BBG001S7F4D2,0.3324034668335945,14,SHORT,False,BELOW_MINIMUM_RELATIVE_VOLUME,False,False,False,False,22606.0,68007.71428571429,3298325.5714285714,0.9367857142857144,34.89,34.9,34.59,34.84,False,BELOW_MINIMUM_RELATIVE_VOLUME,False,,,,,,,,,,,,,,BELOW_MINIMUM_RELATIVE_VOLUME,False,,,,,,,,,,,,,,BELOW_MINIMUM_RELATIVE_VOLUME,False,,,,,,,,,,,,,
orb_v1.0,2024-09-24,743,TVTX,BBG001SL72C5,0.33229810317961495,14,LONG,False,BELOW_MINIMUM_RELATIVE_VOLUME,False,False,False,False,33039.0,99425.78571428571,2733678.8571428573,1.0432142857142854,14.55,14.77,14.55,14.6,True,BELOW_MINIMUM_RELATIVE_VOLUME,False,,,,,,,,,,,,,,BELOW_MINIMUM_RELATIVE_VOLUME,False,,,,,,,,,,,,,,BELOW_MINIMUM_RELATIVE_VOLUME,False,,,,,,,,,,,,,
orb_v1.0,2024-09-24,744,SYF,BBG00658F3Q2,0.33160655916243575,14,SHORT,False,BELOW_MINIMUM_RELATIVE_VOLUME,True,False,False,False,33058.0,99690.42857142857,3993838.214285714,1.6392142857142862,49.88,49.91,49.655,49.875,True,BELOW_MINIMUM_RELATIVE_VOLUME,False,,,,,,,,,,,,,,BELOW_MINIMUM_RELATIVE_VOLUME,False,,,,,,,,,,,,,,BELOW_MINIMUM_RELATIVE_VOLUME,False,,,,,,,,,,,,,
orb_v1.0,2024-09-24,745,GILD,BBG001S6Y1X7,0.3315245482488181,14,SHORT,False,BELOW_MINIMUM_RELATIVE_VOLUME,True,False,False,False,109954.0,331661.71428571426,8499684.92857143,1.6460571428571416,83.79,83.79,83.45,83.55,True,BELOW_MINIMUM_RELATIVE_VOLUME,False,,,,,,,,,,,,,,BELOW_MINIMUM_RELATIVE_VOLUME,False,,,,,,,,,,,,,,BELOW_MINIMUM_RELATIVE_VOLUME,False,,,,,,,,,,,,,
orb_v1.0,2024-09-24,746,PCVX,BBG009PHHPP4,0.3304788994793486,14,SHORT,False,BELOW_MINIMUM_RELATIVE_VOLUME,False,False,False,False,14191.0,42940.71428571428,1614935.7857142857,4.676428571428571,111.78,111.89,111.09,111.09,True,BELOW_MINIMUM_RELATIVE_VOLUME,False,,,,,,,,,,,,,,BELOW_MINIMUM_RELATIVE_VOLUME,False,,,,,,,,,,,,,,BELOW_MINIMUM_RELATIVE_VOLUME,False,,,,,,,,,,,,,
orb_v1.0,2024-09-24,747,RMD,BBG001SBGRC2,0.3297001570988792,14,SHORT,False,BELOW_MINIMUM_RELATIVE_VOLUME,True,False,False,False,11123.0,33736.71428571428,1064083.2142857143,6.909600000000002,249.2,249.31,246.57,246.57,True,BELOW_MINIMUM_RELATIVE_VOLUME,False,,,,,,,,,,,,,,BELOW_MINIMUM_RELATIVE_VOLUME,False,,,,,,,,,,,,,,BELOW_MINIMUM_RELATIVE_VOLUME,False,,,,,,,,,,,,,
orb_v1.0,2024-09-24,748,SHW,BBG001S5W2F9,0.32955133564234246,14,LONG,False,BELOW_MINIMUM_RELATIVE_VOLUME,True,False,False,False,16556.0,50238.0,1237361.0,5.841764285714281,380.25,382.322,380.25,382.322,True,BELOW_MINIMUM_RELATIVE_VOLUME,False,,,,,,,,,,,,,,BELOW_MINIMUM_RELATIVE_VOLUME,False,,,,,,,,,,,,,,BELOW_MINIMUM_RELATIVE_VOLUME,False,,,,,,,,,,,,,
orb_v1.0,2024-09-24,749,REG,BBG001S7H752,0.32917943691626345,14,LONG,False,BELOW_MINIMUM_RELATIVE_VOLUME,False,False,False,False,9068.0,27547.285714285714,1207356.7142857143,1.3432142857142861,71.8,72.26,71.73,71.94,True,BELOW_MINIMUM_RELATIVE_VOLUME,False,,,,,,,,,,,,,,BELOW_MINIMUM_RELATIVE_VOLUME,False,,,,,,,,,,,,,,BELOW_MINIMUM_RELATIVE_VOLUME,False,,,,,,,,,,,,,
orb_v1.0,2024-09-24,750,YETI,BBG00D8JC891,0.32911641838101996,14,SHORT,False,BELOW_MINIMUM_RELATIVE_VOLUME,False,False,False,False,8351.0,25374.0,1782286.7857142857,1.1252071428571437,39.72,39.72,39.67,39.67,True,BELOW_MINIMUM_RELATIVE_VOLUME,False,,,,,,,,,,,,,,BELOW_MINIMUM_RELATIVE_VOLUME,False,,,,,,,,,,,,,,BELOW_MINIMUM_RELATIVE_VOLUME,False,,,,,,,,,,,,,
orb_v1.0,2024-09-24,751,HLT,BBG0058KMH49,0.32846655186335655,14,LONG,False,BELOW_MINIMUM_RELATIVE_VOLUME,True,False,False,False,11390.0,34676.28571428572,1693335.4285714286,3.9085642857142875,226.26,227.1,225.635,226.55,True,BELOW_MINIMUM_RELATIVE_VOLUME,False,,,,,,,,,,,,,,BELOW_MINIMUM_RELATIVE_VOLUME,False,,,,,,,,,,,,,,BELOW_MINIMUM_RELATIVE_VOLUME,False,,,,,,,,,,,,,
orb_v1.0,2024-09-24,752,GPK,BBG001S90195,0.32802638088225383,14,LONG,False,BELOW_MINIMUM_RELATIVE_VOLUME,False,False,False,False,18424.0,56166.21428571428,2164916.9285714286,0.6635714285714283,29.3,29.47,29.2,29.47,True,BELOW_MINIMUM_RELATIVE_VOLUME,False,,,,,,,,,,,,,,BELOW_MINIMUM_RELATIVE_VOLUME,False,,,,,,,,,,,,,,BELOW_MINIMUM_RELATIVE_VOLUME,False,,,,,,,,,,,,,
orb_v1.0,2024-09-24,753,MGNI,BBG001T5LB97,0.3269532057307813,14,SHORT,False,BELOW_MINIMUM_RELATIVE_VOLUME,False,False,False,False,21018.0,64284.42857142857,1662861.142857143,0.609957142857143,13.09,13.195,13.03,13.035,True,BELOW_MINIMUM_RELATIVE_VOLUME,False,,,,,,,,,,,,,,BELOW_MINIMUM_RELATIVE_VOLUME,False,,,,,,,,,,,,,,BELOW_MINIMUM_RELATIVE_VOLUME,False,,,,,,,,,,,,,
orb_v1.0,2024-09-24,754,SMMT,BBG00X3GQL94,0.32510595576952694,14,SHORT,False,BELOW_MINIMUM_RELATIVE_VOLUME,True,False,False,False,207621.0,638625.6428571428,13867019.57142857,3.716135714285714,21.91,21.93,21.2601,21.32,True,BELOW_MINIMUM_RELATIVE_VOLUME,False,,,,,,,,,,,,,,BELOW_MINIMUM_RELATIVE_VOLUME,False,,,,,,,,,,,,,,BELOW_MINIMUM_RELATIVE_VOLUME,False,,,,,,,,,,,,,
orb_v1.0,2024-09-24,755,SPG,BBG001S77WM9,0.32492909254420743,14,LONG,False,BELOW_MINIMUM_RELATIVE_VOLUME,True,False,False,False,17446.0,53691.71428571428,1942275.2142857143,3.0653857142857186,167.89,168.2,167.25,168.12,True,BELOW_MINIMUM_RELATIVE_VOLUME,False,,,,,,,,,,,,,,BELOW_MINIMUM_RELATIVE_VOLUME,False,,,,,,,,,,,,,,BELOW_MINIMUM_RELATIVE_VOLUME,False,,,,,,,,,,,,,
orb_v1.0,2024-09-24,756,CYBN,BBG00HZ0NJ24,0.3231542036080268,14,LONG,False,BELOW_MINIMUM_RELATIVE_VOLUME,False,False,False,False,44775.0,138556.14285714287,3936656.0714285714,0.745792,9.69,10.05,9.69,10.001,True,BELOW_MINIMUM_RELATIVE_VOLUME,False,,,,,,,,,,,,,,BELOW_MINIMUM_RELATIVE_VOLUME,False,,,,,,,,,,,,,,BELOW_MINIMUM_RELATIVE_VOLUME,False,,,,,,,,,,,,,
orb_v1.0,2024-09-24,757,BALL,BBG001S5P7Q4,0.3229089933089536,14,LONG,False,BELOW_MINIMUM_RELATIVE_VOLUME,True,False,False,False,15812.0,48967.357142857145,1539014.2857142857,1.167142857142858,66.97,67.404594,66.97,67.325,True,BELOW_MINIMUM_RELATIVE_VOLUME,False,,,,,,,,,,,,,,BELOW_MINIMUM_RELATIVE_VOLUME,False,,,,,,,,,,,,,,BELOW_MINIMUM_RELATIVE_VOLUME,False,,,,,,,,,,,,,
orb_v1.0,2024-09-24,758,DUK,BBG001S5QNR7,0.322166788538228,14,LONG,False,BELOW_MINIMUM_RELATIVE_VOLUME,True,False,False,False,53279.0,165377.07142857142,2996219.0,1.4935714285714303,116.5,116.765,116.15,116.6419,True,BELOW_MINIMUM_RELATIVE_VOLUME,False,,,,,,,,,,,,,,BELOW_MINIMUM_RELATIVE_VOLUME,False,,,,,,,,,,,,,,BELOW_MINIMUM_RELATIVE_VOLUME,False,,,,,,,,,,,,,
orb_v1.0,2024-09-24,759,AXP,BBG001S5P034,0.32009998951609453,14,SHORT,False,BELOW_MINIMUM_RELATIVE_VOLUME,True,False,False,False,39038.0,121955.64285714286,3045436.3571428573,6.836064285714291,267.77,268.5,266.4,267.355,True,BELOW_MINIMUM_RELATIVE_VOLUME,False,,,,,,,,,,,,,,BELOW_MINIMUM_RELATIVE_VOLUME,False,,,,,,,,,,,,,,BELOW_MINIMUM_RELATIVE_VOLUME,False,,,,,,,,,,,,,
orb_v1.0,2024-09-24,760,GIS,BBG001S5RKR2,0.31971161454080504,14,LONG,False,BELOW_MINIMUM_RELATIVE_VOLUME,True,False,False,False,50509.0,157983.0,4395795.5,1.411992857142859,74.03,74.36,73.89,74.3,True,BELOW_MINIMUM_RELATIVE_VOLUME,False,,,,,,,,,,,,,,BELOW_MINIMUM_RELATIVE_VOLUME,False,,,,,,,,,,,,,,BELOW_MINIMUM_RELATIVE_VOLUME,False,,,,,,,,,,,,,
orb_v1.0,2024-09-24,761,SCHW,BBG001S5VXD4,0.31859437320105566,14,LONG,False,BELOW_MINIMUM_RELATIVE_VOLUME,True,False,False,False,97777.0,306901.21428571426,8658988.357142856,1.5059142857142842,64.83,65.05,64.6,65.04,True,BELOW_MINIMUM_RELATIVE_VOLUME,False,,,,,,,,,,,,,,BELOW_MINIMUM_RELATIVE_VOLUME,False,,,,,,,,,,,,,,BELOW_MINIMUM_RELATIVE_VOLUME,False,,,,,,,,,,,,,
orb_v1.0,2024-09-24,762,CARR,BBG00RP5HZM1,0.31848784689678566,14,LONG,False,BELOW_MINIMUM_RELATIVE_VOLUME,True,False,False,False,40777.0,128033.14285714286,3947491.214285714,1.9414214285714277,81.0,81.53,80.98,81.5,True,BELOW_MINIMUM_RELATIVE_VOLUME,False,,,,,,,,,,,,,,BELOW_MINIMUM_RELATIVE_VOLUME,False,,,,,,,,,,,,,,BELOW_MINIMUM_RELATIVE_VOLUME,False,,,,,,,,,,,,,
orb_v1.0,2024-09-24,763,SO,BBG001S5W777,0.318246919730788,14,SHORT,False,BELOW_MINIMUM_RELATIVE_VOLUME,True,False,False,False,77660.0,244024.35714285713,4475945.142857143,1.2459928571428571,89.99,90.1,89.61,89.795,False,BELOW_MINIMUM_RELATIVE_VOLUME,False,,,,,,,,,,,,,,BELOW_MINIMUM_RELATIVE_VOLUME,False,,,,,,,,,,,,,,BELOW_MINIMUM_RELATIVE_VOLUME,False,,,,,,,,,,,,,
orb_v1.0,2024-09-24,764,ITOS,BBG00VPNFT94,0.31683007130226654,14,SHORT,False,BELOW_MINIMUM_RELATIVE_VOLUME,False,False,False,False,13067.0,41242.92857142857,1146878.9285714286,1.2214285714285713,10.52,10.59,10.44,10.5,True,BELOW_MINIMUM_RELATIVE_VOLUME,False,,,,,,,,,,,,,,BELOW_MINIMUM_RELATIVE_VOLUME,False,,,,,,,,,,,,,,BELOW_MINIMUM_RELATIVE_VOLUME,False,,,,,,,,,,,,,
orb_v1.0,2024-09-24,765,CDNS,BBG001S65YK1,0.3163938053097345,14,LONG,False,BELOW_MINIMUM_RELATIVE_VOLUME,True,False,False,False,24516.0,77485.71428571429,1821701.857142857,7.437857142857128,274.76,275.85,274.1537,275.68,True,BELOW_MINIMUM_RELATIVE_VOLUME,False,,,,,,,,,,,,,,BELOW_MINIMUM_RELATIVE_VOLUME,False,,,,,,,,,,,,,,BELOW_MINIMUM_RELATIVE_VOLUME,False,,,,,,,,,,,,,
orb_v1.0,2024-09-24,766,REZI,BBG00HY28L05,0.31638789051700306,14,LONG,False,BELOW_MINIMUM_RELATIVE_VOLUME,False,False,False,False,9155.0,28936.0,1364039.5714285714,0.6332142857142856,19.7,19.76,19.655,19.75,False,BELOW_MINIMUM_RELATIVE_VOLUME,False,,,,,,,,,,,,,,BELOW_MINIMUM_RELATIVE_VOLUME,False,,,,,,,,,,,,,,BELOW_MINIMUM_RELATIVE_VOLUME,False,,,,,,,,,,,,,
orb_v1.0,2024-09-24,767,AVDL,BBG001SD3F74,0.3159266144955107,14,SHORT,False,BELOW_MINIMUM_RELATIVE_VOLUME,False,False,False,False,7829.0,24781.071428571428,1036585.2857142857,0.55535,12.92,12.99,12.855,12.89,True,BELOW_MINIMUM_RELATIVE_VOLUME,False,,,,,,,,,,,,,,BELOW_MINIMUM_RELATIVE_VOLUME,False,,,,,,,,,,,,,,BELOW_MINIMUM_RELATIVE_VOLUME,False,,,,,,,,,,,,,
orb_v1.0,2024-09-24,768,TTD,BBG00629NGW8,0.3134800703763965,14,LONG,False,BELOW_MINIMUM_RELATIVE_VOLUME,True,False,False,False,44327.0,141402.92857142858,2899604.5714285714,3.0674999999999994,109.0,109.295,108.83,109.03,True,BELOW_MINIMUM_RELATIVE_VOLUME,False,,,,,,,,,,,,,,BELOW_MINIMUM_RELATIVE_VOLUME,False,,,,,,,,,,,,,,BELOW_MINIMUM_RELATIVE_VOLUME,False,,,,,,,,,,,,,
orb_v1.0,2024-09-24,769,FBIN,BBG001THLZ70,0.3126581994937616,14,SHORT,False,BELOW_MINIMUM_RELATIVE_VOLUME,False,False,False,False,4985.0,15943.92857142857,1190534.0,2.060535714285716,86.99,87.01,86.92,86.92,False,BELOW_MINIMUM_RELATIVE_VOLUME,False,,,,,,,,,,,,,,BELOW_MINIMUM_RELATIVE_VOLUME,False,,,,,,,,,,,,,,BELOW_MINIMUM_RELATIVE_VOLUME,False,,,,,,,,,,,,,
orb_v1.0,2024-09-24,770,ZS,BBG003338H61,0.3120028099481048,14,SHORT,False,BELOW_MINIMUM_RELATIVE_VOLUME,True,False,False,False,32105.0,102899.71428571429,2958060.714285714,7.948207142857139,175.0,175.36,173.5,173.5,True,BELOW_MINIMUM_RELATIVE_VOLUME,False,,,,,,,,,,,,,,BELOW_MINIMUM_RELATIVE_VOLUME,False,,,,,,,,,,,,,,BELOW_MINIMUM_RELATIVE_VOLUME,False,,,,,,,,,,,,,
orb_v1.0,2024-09-24,771,IPG,BBG001S6RLK5,0.31043002504629963,14,LONG,False,BELOW_MINIMUM_RELATIVE_VOLUME,False,False,False,False,36625.0,117981.5,4401992.5,0.773492857142857,31.27,31.37,31.22,31.36,True,BELOW_MINIMUM_RELATIVE_VOLUME,False,,,,,,,,,,,,,,BELOW_MINIMUM_RELATIVE_VOLUME,False,,,,,,,,,,,,,,BELOW_MINIMUM_RELATIVE_VOLUME,False,,,,,,,,,,,,,
orb_v1.0,2024-09-24,772,HPE,BBG0078W3NP4,0.3099610607304044,14,SHORT,False,BELOW_MINIMUM_RELATIVE_VOLUME,True,False,False,False,247389.0,798129.2857142857,28874439.714285713,0.724357142857143,18.95,18.96,18.795,18.91,True,BELOW_MINIMUM_RELATIVE_VOLUME,False,,,,,,,,,,,,,,BELOW_MINIMUM_RELATIVE_VOLUME,False,,,,,,,,,,,,,,BELOW_MINIMUM_RELATIVE_VOLUME,False,,,,,,,,,,,,,
orb_v1.0,2024-09-24,773,PAYX,BBG001S5V135,0.30705286050649744,14,SHORT,False,BELOW_MINIMUM_RELATIVE_VOLUME,True,False,False,False,14643.0,47688.857142857145,1452648.4285714286,2.567906071428573,134.06,134.06,133.64,133.8,True,BELOW_MINIMUM_RELATIVE_VOLUME,False,,,,,,,,,,,,,,BELOW_MINIMUM_RELATIVE_VOLUME,False,,,,,,,,,,,,,,BELOW_MINIMUM_RELATIVE_VOLUME,False,,,,,,,,,,,,,
orb_v1.0,2024-09-24,774,SG,BBG005NTTSQ8,0.30646548893413017,14,LONG,False,BELOW_MINIMUM_RELATIVE_VOLUME,False,False,False,False,26666.0,87011.42857142857,3649433.0,2.169614285714286,36.1,36.28,35.95,36.135,True,BELOW_MINIMUM_RELATIVE_VOLUME,False,,,,,,,,,,,,,,BELOW_MINIMUM_RELATIVE_VOLUME,False,,,,,,,,,,,,,,BELOW_MINIMUM_RELATIVE_VOLUME,False,,,,,,,,,,,,,
orb_v1.0,2024-09-24,775,WAL,BBG001SLM522,0.3059180993080195,14,SHORT,False,BELOW_MINIMUM_RELATIVE_VOLUME,False,False,False,False,11147.0,36437.857142857145,2756784.714285714,3.105642857142858,86.3,86.3,85.5,86.025,True,BELOW_MINIMUM_RELATIVE_VOLUME,False,,,,,,,,,,,,,,BELOW_MINIMUM_RELATIVE_VOLUME,False,,,,,,,,,,,,,,BELOW_MINIMUM_RELATIVE_VOLUME,False,,,,,,,,,,,,,
orb_v1.0,2024-09-24,776,BOX,BBG001T5R852,0.30567309302968804,14,LONG,False,BELOW_MINIMUM_RELATIVE_VOLUME,False,False,False,False,28024.0,91679.64285714286,2823954.4285714286,0.691592857142858,32.43,32.57,32.41,32.57,True,BELOW_MINIMUM_RELATIVE_VOLUME,False,,,,,,,,,,,,,,BELOW_MINIMUM_RELATIVE_VOLUME,False,,,,,,,,,,,,,,BELOW_MINIMUM_RELATIVE_VOLUME,False,,,,,,,,,,,,,
orb_v1.0,2024-09-24,777,MET,BBG001S5T3R8,0.3040029898831249,14,LONG,False,BELOW_MINIMUM_RELATIVE_VOLUME,True,False,False,False,27540.0,90591.21428571429,3736982.3571428573,1.5517857142857179,81.5,81.72,81.34,81.71,True,BELOW_MINIMUM_RELATIVE_VOLUME,False,,,,,,,,,,,,,,BELOW_MINIMUM_RELATIVE_VOLUME,False,,,,,,,,,,,,,,BELOW_MINIMUM_RELATIVE_VOLUME,False,,,,,,,,,,,,,
orb_v1.0,2024-09-24,778,WEC,BBG001S5XDC7,0.30148543823298624,14,LONG,False,BELOW_MINIMUM_RELATIVE_VOLUME,True,False,False,False,21379.0,70912.21428571429,1940103.5714285714,1.2012571428571428,94.58,94.82,94.1642,94.645,True,BELOW_MINIMUM_RELATIVE_VOLUME,False,,,,,,,,,,,,,,BELOW_MINIMUM_RELATIVE_VOLUME,False,,,,,,,,,,,,,,BELOW_MINIMUM_RELATIVE_VOLUME,False,,,,,,,,,,,,,
orb_v1.0,2024-09-24,779,ENVX,BBG00YC538B7,0.2999074443145812,14,SHORT,False,BELOW_MINIMUM_RELATIVE_VOLUME,False,False,False,False,66588.0,222028.5,6101590.142857143,0.6725428571428572,8.5,8.55,8.45,8.48,True,BELOW_MINIMUM_RELATIVE_VOLUME,False,,,,,,,,,,,,,,BELOW_MINIMUM_RELATIVE_VOLUME,False,,,,,,,,,,,,,,BELOW_MINIMUM_RELATIVE_VOLUME,False,,,,,,,,,,,,,
orb_v1.0,2024-09-24,780,BXP,BBG001S9TWV1,0.2995798507129129,14,LONG,False,BELOW_MINIMUM_RELATIVE_VOLUME,False,False,False,False,9575.0,31961.428571428572,1267680.0,1.9867857142857122,82.02,82.09,81.69,82.09,True,BELOW_MINIMUM_RELATIVE_VOLUME,False,,,,,,,,,,,,,,BELOW_MINIMUM_RELATIVE_VOLUME,False,,,,,,,,,,,,,,BELOW_MINIMUM_RELATIVE_VOLUME,False,,,,,,,,,,,,,
orb_v1.0,2024-09-24,781,ED,BBG001S5QRL4,0.29774490896705896,14,LONG,False,BELOW_MINIMUM_RELATIVE_VOLUME,True,False,False,False,21824.0,73297.64285714286,1696255.0714285714,1.5921357142857135,103.21,103.615,103.095,103.61,True,BELOW_MINIMUM_RELATIVE_VOLUME,False,,,,,,,,,,,,,,BELOW_MINIMUM_RELATIVE_VOLUME,False,,,,,,,,,,,,,,BELOW_MINIMUM_RELATIVE_VOLUME,False,,,,,,,,,,,,,
orb_v1.0,2024-09-24,782,SNDX,BBG001T92272,0.2975658331489267,14,SHORT,False,BELOW_MINIMUM_RELATIVE_VOLUME,False,False,False,False,5763.0,19367.14285714286,1330466.642857143,0.8209000000000002,17.89,18.23,17.86,17.88,True,BELOW_MINIMUM_RELATIVE_VOLUME,False,,,,,,,,,,,,,,BELOW_MINIMUM_RELATIVE_VOLUME,False,,,,,,,,,,,,,,BELOW_MINIMUM_RELATIVE_VOLUME,False,,,,,,,,,,,,,
orb_v1.0,2024-09-24,783,FN,0001408710,0.2955416867634234,14,LONG,False,BELOW_MINIMUM_RELATIVE_VOLUME,False,False,False,False,4333.0,14661.214285714286,1028180.4285714285,9.200000000000001,233.0,233.835,233.0,233.835,True,BELOW_MINIMUM_RELATIVE_VOLUME,False,,,,,,,,,,,,,,BELOW_MINIMUM_RELATIVE_VOLUME,False,,,,,,,,,,,,,,BELOW_MINIMUM_RELATIVE_VOLUME,False,,,,,,,,,,,,,
orb_v1.0,2024-09-24,784,ZWS,BBG001T36GB5,0.29528530213441256,14,SHORT,False,BELOW_MINIMUM_RELATIVE_VOLUME,False,False,False,False,12706.0,43029.57142857143,3553722.285714286,1.0764285714285726,34.32,34.32,34.19,34.305,False,BELOW_MINIMUM_RELATIVE_VOLUME,False,,,,,,,,,,,,,,BELOW_MINIMUM_RELATIVE_VOLUME,False,,,,,,,,,,,,,,BELOW_MINIMUM_RELATIVE_VOLUME,False,,,,,,,,,,,,,
orb_v1.0,2024-09-24,785,GTLB,BBG00DHTYPJ6,0.2924523649343387,14,SHORT,False,BELOW_MINIMUM_RELATIVE_VOLUME,False,False,False,False,44899.0,153525.85714285713,2889372.4285714286,2.720700000000001,53.45,53.79,53.13,53.175,True,BELOW_MINIMUM_RELATIVE_VOLUME,False,,,,,,,,,,,,,,BELOW_MINIMUM_RELATIVE_VOLUME,False,,,,,,,,,,,,,,BELOW_MINIMUM_RELATIVE_VOLUME,False,,,,,,,,,,,,,
orb_v1.0,2024-09-24,786,EXR,BBG001SLSXK5,0.2910080836795525,14,SHORT,False,BELOW_MINIMUM_RELATIVE_VOLUME,True,False,False,False,9491.0,32614.214285714286,1137758.7142857143,3.7387499999999982,182.2,182.2,181.89,182.155,True,BELOW_MINIMUM_RELATIVE_VOLUME,False,,,,,,,,,,,,,,BELOW_MINIMUM_RELATIVE_VOLUME,False,,,,,,,,,,,,,,BELOW_MINIMUM_RELATIVE_VOLUME,False,,,,,,,,,,,,,
orb_v1.0,2024-09-24,787,RDN,BBG001SBWXG7,0.29033013688602594,14,LONG,False,BELOW_MINIMUM_RELATIVE_VOLUME,False,False,False,False,8499.0,29273.571428571428,1032828.8571428572,0.8617714285714274,35.3,35.455,35.255,35.45,True,BELOW_MINIMUM_RELATIVE_VOLUME,False,,,,,,,,,,,,,,BELOW_MINIMUM_RELATIVE_VOLUME,False,,,,,,,,,,,,,,BELOW_MINIMUM_RELATIVE_VOLUME,False,,,,,,,,,,,,,
orb_v1.0,2024-09-24,788,NYCB,BBG001SD32Z2,0.2902994998010166,14,DOJI,False,BELOW_MINIMUM_RELATIVE_VOLUME,False,False,False,False,69611.0,239790.2857142857,8505286.5,0.6301071428571428,11.22,11.27,11.2,11.22,False,BELOW_MINIMUM_RELATIVE_VOLUME,False,,,,,,,,,,,,,,BELOW_MINIMUM_RELATIVE_VOLUME,False,,,,,,,,,,,,,,BELOW_MINIMUM_RELATIVE_VOLUME,False,,,,,,,,,,,,,
orb_v1.0,2024-09-24,789,DBI,BBG001SLWM79,0.2859066601159816,14,LONG,False,BELOW_MINIMUM_RELATIVE_VOLUME,False,False,False,False,33212.0,116163.78571428571,5232935.428571428,0.5176357142857141,6.74,6.835,6.74,6.8214,True,BELOW_MINIMUM_RELATIVE_VOLUME,False,,,,,,,,,,,,,,BELOW_MINIMUM_RELATIVE_VOLUME,False,,,,,,,,,,,,,,BELOW_MINIMUM_RELATIVE_VOLUME,False,,,,,,,,,,,,,
orb_v1.0,2024-09-24,790,YOU,BBG011C0FSZ6,0.2841979292511213,14,SHORT,False,BELOW_MINIMUM_RELATIVE_VOLUME,False,False,False,False,17828.0,62730.92857142857,3335536.0714285714,1.2145142857142859,32.75,32.89,32.68,32.68,True,BELOW_MINIMUM_RELATIVE_VOLUME,False,,,,,,,,,,,,,,BELOW_MINIMUM_RELATIVE_VOLUME,False,,,,,,,,,,,,,,BELOW_MINIMUM_RELATIVE_VOLUME,False,,,,,,,,,,,,,
orb_v1.0,2024-09-24,791,SRE,BBG001SBVZ73,0.2821867155364555,14,LONG,False,BELOW_MINIMUM_RELATIVE_VOLUME,True,False,False,False,31082.0,110146.92857142857,2461481.714285714,1.3550928571428602,83.83,84.005,83.485,83.975,True,BELOW_MINIMUM_RELATIVE_VOLUME,False,,,,,,,,,,,,,,BELOW_MINIMUM_RELATIVE_VOLUME,False,,,,,,,,,,,,,,BELOW_MINIMUM_RELATIVE_VOLUME,False,,,,,,,,,,,,,
orb_v1.0,2024-09-24,792,KNX,BBG001T9BTS0,0.277794348934324,14,LONG,False,BELOW_MINIMUM_RELATIVE_VOLUME,False,False,False,False,5854.0,21073.14285714286,1814145.4285714286,1.5928571428571436,52.78,53.12,52.76,53.12,True,BELOW_MINIMUM_RELATIVE_VOLUME,False,,,,,,,,,,,,,,BELOW_MINIMUM_RELATIVE_VOLUME,False,,,,,,,,,,,,,,BELOW_MINIMUM_RELATIVE_VOLUME,False,,,,,,,,,,,,,
orb_v1.0,2024-09-24,793,BILL,BBG00QVJV7L3,0.27776190834147685,14,LONG,False,BELOW_MINIMUM_RELATIVE_VOLUME,False,False,False,False,11877.0,42759.642857142855,1934233.642857143,2.4574642857142845,53.34,53.36,53.138,53.36,True,BELOW_MINIMUM_RELATIVE_VOLUME,False,,,,,,,,,,,,,,BELOW_MINIMUM_RELATIVE_VOLUME,False,,,,,,,,,,,,,,BELOW_MINIMUM_RELATIVE_VOLUME,False,,,,,,,,,,,,,
orb_v1.0,2024-09-24,794,TRU,BBG002Q7J607,0.2772180280994796,14,LONG,False,BELOW_MINIMUM_RELATIVE_VOLUME,True,False,False,False,4813.0,17361.785714285714,1335521.2857142857,2.6565357142857127,105.2,106.01,105.2,105.39,True,BELOW_MINIMUM_RELATIVE_VOLUME,False,,,,,,,,,,,,,,BELOW_MINIMUM_RELATIVE_VOLUME,False,,,,,,,,,,,,,,BELOW_MINIMUM_RELATIVE_VOLUME,False,,,,,,,,,,,,,
orb_v1.0,2024-09-24,795,PNC,BBG001S5V947,0.27635569828825707,14,SHORT,False,BELOW_MINIMUM_RELATIVE_VOLUME,True,False,False,False,13166.0,47641.5,1902829.9285714286,4.511992857142864,185.88,186.0,185.145,185.7217,True,BELOW_MINIMUM_RELATIVE_VOLUME,False,,,,,,,,,,,,,,BELOW_MINIMUM_RELATIVE_VOLUME,False,,,,,,,,,,,,,,BELOW_MINIMUM_RELATIVE_VOLUME,False,,,,,,,,,,,,,
orb_v1.0,2024-09-24,796,GEN,BBG001S5QG38,0.27615703724111834,14,LONG,False,BELOW_MINIMUM_RELATIVE_VOLUME,True,False,False,False,23770.0,86074.21428571429,3675505.0,0.5203571428571429,26.85,26.98,26.79,26.97,True,BELOW_MINIMUM_RELATIVE_VOLUME,False,,,,,,,,,,,,,,BELOW_MINIMUM_RELATIVE_VOLUME,False,,,,,,,,,,,,,,BELOW_MINIMUM_RELATIVE_VOLUME,False,,,,,,,,,,,,,
orb_v1.0,2024-09-24,797,FROG,0001800667,0.27492063898145014,14,LONG,False,BELOW_MINIMUM_RELATIVE_VOLUME,False,False,False,False,9211.0,33504.21428571428,1870200.9285714286,1.2353499999999997,28.47,28.635,28.3144,28.53,True,BELOW_MINIMUM_RELATIVE_VOLUME,False,,,,,,,,,,,,,,BELOW_MINIMUM_RELATIVE_VOLUME,False,,,,,,,,,,,,,,BELOW_MINIMUM_RELATIVE_VOLUME,False,,,,,,,,,,,,,
orb_v1.0,2024-09-24,798,CWAN,BBG012C765M3,0.2727147804100478,14,LONG,False,BELOW_MINIMUM_RELATIVE_VOLUME,False,False,False,False,9923.0,36386.0,1373788.642857143,0.6294428571428577,25.59,25.63,25.54,25.61,True,BELOW_MINIMUM_RELATIVE_VOLUME,False,,,,,,,,,,,,,,BELOW_MINIMUM_RELATIVE_VOLUME,False,,,,,,,,,,,,,,BELOW_MINIMUM_RELATIVE_VOLUME,False,,,,,,,,,,,,,
orb_v1.0,2024-09-24,799,VOYA,BBG001S6QQP0,0.26893064934878136,14,SHORT,False,BELOW_MINIMUM_RELATIVE_VOLUME,False,False,False,False,2671.0,9931.92857142857,1021223.2857142857,1.6239285714285703,77.03,77.03,76.8394,76.8394,False,BELOW_MINIMUM_RELATIVE_VOLUME,False,,,,,,,,,,,,,,BELOW_MINIMUM_RELATIVE_VOLUME,False,,,,,,,,,,,,,,BELOW_MINIMUM_RELATIVE_VOLUME,False,,,,,,,,,,,,,
orb_v1.0,2024-09-24,800,AEE,BBG001S5NF24,0.2659367349064958,14,LONG,False,BELOW_MINIMUM_RELATIVE_VOLUME,True,False,False,False,11669.0,43878.857142857145,1484735.5714285714,1.3174071428571412,85.23,85.6,84.77,85.6,True,BELOW_MINIMUM_RELATIVE_VOLUME,False,,,,,,,,,,,,,,BELOW_MINIMUM_RELATIVE_VOLUME,False,,,,,,,,,,,,,,BELOW_MINIMUM_RELATIVE_VOLUME,False,,,,,,,,,,,,,
orb_v1.0,2024-09-24,801,KR,BBG001S5SN40,0.2654459572425102,14,SHORT,False,BELOW_MINIMUM_RELATIVE_VOLUME,True,False,False,False,42573.0,160382.92857142858,5343181.0,1.3257142857142854,56.24,56.31,55.9,56.225,True,BELOW_MINIMUM_RELATIVE_VOLUME,False,,,,,,,,,,,,,,BELOW_MINIMUM_RELATIVE_VOLUME,False,,,,,,,,,,,,,,BELOW_MINIMUM_RELATIVE_VOLUME,False,,,,,,,,,,,,,
orb_v1.0,2024-09-24,802,TPX,BBG001SH81D4,0.2644477373760401,14,SHORT,False,BELOW_MINIMUM_RELATIVE_VOLUME,False,False,False,False,6960.0,26319.0,1219416.642857143,1.4256428571428559,54.39,54.66,54.19,54.25,True,BELOW_MINIMUM_RELATIVE_VOLUME,False,,,,,,,,,,,,,,BELOW_MINIMUM_RELATIVE_VOLUME,False,,,,,,,,,,,,,,BELOW_MINIMUM_RELATIVE_VOLUME,False,,,,,,,,,,,,,
orb_v1.0,2024-09-24,803,RXO,BBG0160DYDC7,0.2642874164984845,14,LONG,False,BELOW_MINIMUM_RELATIVE_VOLUME,False,False,False,False,20279.0,76730.85714285714,2426876.0,1.0944642857142866,26.71,27.02,26.69,27.005,True,BELOW_MINIMUM_RELATIVE_VOLUME,False,,,,,,,,,,,,,,BELOW_MINIMUM_RELATIVE_VOLUME,False,,,,,,,,,,,,,,BELOW_MINIMUM_RELATIVE_VOLUME,False,,,,,,,,,,,,,
orb_v1.0,2024-09-24,804,BEN,BBG001S5P3W6,0.2639867337320993,14,SHORT,False,BELOW_MINIMUM_RELATIVE_VOLUME,False,False,False,False,45893.0,173845.85714285713,4859520.714285715,0.5095714285714286,20.96,20.96,20.795,20.95,True,BELOW_MINIMUM_RELATIVE_VOLUME,False,,,,,,,,,,,,,,BELOW_MINIMUM_RELATIVE_VOLUME,False,,,,,,,,,,,,,,BELOW_MINIMUM_RELATIVE_VOLUME,False,,,,,,,,,,,,,
orb_v1.0,2024-09-24,805,ASTS,BBG00Q402TS1,0.2604495344668706,14,LONG,False,BELOW_MINIMUM_RELATIVE_VOLUME,False,False,False,False,212319.0,815202.0714285715,19802460.214285713,3.4887357142857143,26.44,26.7099,26.2501,26.592,True,BELOW_MINIMUM_RELATIVE_VOLUME,False,,,,,,,,,,,,,,BELOW_MINIMUM_RELATIVE_VOLUME,False,,,,,,,,,,,,,,BELOW_MINIMUM_RELATIVE_VOLUME,False,,,,,,,,,,,,,
orb_v1.0,2024-09-24,806,HSIC,BBG001S6S7F1,0.26036099185139755,14,LONG,False,BELOW_MINIMUM_RELATIVE_VOLUME,False,False,False,False,5943.0,22826.0,2032296.0,1.864285714285715,71.84,72.22,71.83,72.22,False,BELOW_MINIMUM_RELATIVE_VOLUME,False,,,,,,,,,,,,,,BELOW_MINIMUM_RELATIVE_VOLUME,False,,,,,,,,,,,,,,BELOW_MINIMUM_RELATIVE_VOLUME,False,,,,,,,,,,,,,
orb_v1.0,2024-09-24,807,XPO,BBG001SJW3C0,0.2602484651359726,14,SHORT,False,BELOW_MINIMUM_RELATIVE_VOLUME,False,False,False,False,7727.0,29690.85714285714,1588690.0,4.639992857142859,114.48,114.85,114.01,114.43,True,BELOW_MINIMUM_RELATIVE_VOLUME,False,,,,,,,,,,,,,,BELOW_MINIMUM_RELATIVE_VOLUME,False,,,,,,,,,,,,,,BELOW_MINIMUM_RELATIVE_VOLUME,False,,,,,,,,,,,,,
orb_v1.0,2024-09-24,808,FOUR,BBG00TX393M3,0.25895287038850356,14,SHORT,False,BELOW_MINIMUM_RELATIVE_VOLUME,False,False,False,False,8217.0,31731.64285714286,1074062.4285714286,2.8699928571428566,86.52,87.0,86.2539,86.2539,True,BELOW_MINIMUM_RELATIVE_VOLUME,False,,,,,,,,,,,,,,BELOW_MINIMUM_RELATIVE_VOLUME,False,,,,,,,,,,,,,,BELOW_MINIMUM_RELATIVE_VOLUME,False,,,,,,,,,,,,,
orb_v1.0,2024-09-24,809,BSY,BBG001SBWGV7,0.2583144599942279,14,LONG,False,BELOW_MINIMUM_RELATIVE_VOLUME,False,False,False,False,3772.0,14602.357142857143,1644318.5714285714,1.1960714285714278,50.39,50.45,50.39,50.45,True,BELOW_MINIMUM_RELATIVE_VOLUME,False,,,,,,,,,,,,,,BELOW_MINIMUM_RELATIVE_VOLUME,False,,,,,,,,,,,,,,BELOW_MINIMUM_RELATIVE_VOLUME,False,,,,,,,,,,,,,
orb_v1.0,2024-09-24,810,TLN,BBG01GWQVW78,0.25683111531546704,14,LONG,False,BELOW_MINIMUM_RELATIVE_VOLUME,False,False,False,False,7408.0,28843.85714285714,1572003.9285714286,8.986621428571427,181.19,184.4399,181.19,182.995,True,BELOW_MINIMUM_RELATIVE_VOLUME,False,,,,,,,,,,,,,,BELOW_MINIMUM_RELATIVE_VOLUME,False,,,,,,,,,,,,,,BELOW_MINIMUM_RELATIVE_VOLUME,False,,,,,,,,,,,,,
orb_v1.0,2024-09-24,811,MODG,BBG001S70DV8,0.25676936747909973,14,SHORT,False,BELOW_MINIMUM_RELATIVE_VOLUME,False,False,False,False,24685.0,96136.85714285714,3838620.8571428573,0.5363214285714287,10.72,10.72,10.62,10.6714,True,BELOW_MINIMUM_RELATIVE_VOLUME,False,,,,,,,,,,,,,,BELOW_MINIMUM_RELATIVE_VOLUME,False,,,,,,,,,,,,,,BELOW_MINIMUM_RELATIVE_VOLUME,False,,,,,,,,,,,,,
orb_v1.0,2024-09-24,812,NTLA,BBG007KC7PC9,0.25600451162699034,14,SHORT,False,BELOW_MINIMUM_RELATIVE_VOLUME,False,False,False,False,12062.0,47116.357142857145,1540959.7857142857,1.1433571428571419,21.46,21.48,21.32,21.395,True,BELOW_MINIMUM_RELATIVE_VOLUME,False,,,,,,,,,,,,,,BELOW_MINIMUM_RELATIVE_VOLUME,False,,,,,,,,,,,,,,BELOW_MINIMUM_RELATIVE_VOLUME,False,,,,,,,,,,,,,
orb_v1.0,2024-09-24,813,PGNY,BBG002H1K1K7,0.25124379282537856,14,SHORT,False,BELOW_MINIMUM_RELATIVE_VOLUME,False,False,False,False,45666.0,181759.7142857143,4215004.0,1.6392785714285718,17.38,17.44,17.0,17.02,True,BELOW_MINIMUM_RELATIVE_VOLUME,False,,,,,,,,,,,,,,BELOW_MINIMUM_RELATIVE_VOLUME,False,,,,,,,,,,,,,,BELOW_MINIMUM_RELATIVE_VOLUME,False,,,,,,,,,,,,,
orb_v1.0,2024-09-24,814,FIVE,BBG001TCDMY9,0.24876023862757357,14,LONG,False,BELOW_MINIMUM_RELATIVE_VOLUME,False,False,False,False,13415.0,53927.42857142857,2121497.8571428573,4.362849999999999,97.09,97.165,96.83,97.165,True,BELOW_MINIMUM_RELATIVE_VOLUME,False,,,,,,,,,,,,,,BELOW_MINIMUM_RELATIVE_VOLUME,False,,,,,,,,,,,,,,BELOW_MINIMUM_RELATIVE_VOLUME,False,,,,,,,,,,,,,
orb_v1.0,2024-09-24,815,SLM,BBG001S5W4T0,0.24507953302153343,14,LONG,False,BELOW_MINIMUM_RELATIVE_VOLUME,False,False,False,False,8736.0,35645.57142857143,1577543.2142857143,0.5875000000000001,22.07,22.14,22.035,22.1,False,BELOW_MINIMUM_RELATIVE_VOLUME,False,,,,,,,,,,,,,,BELOW_MINIMUM_RELATIVE_VOLUME,False,,,,,,,,,,,,,,BELOW_MINIMUM_RELATIVE_VOLUME,False,,,,,,,,,,,,,
orb_v1.0,2024-09-24,816,JAZZ,0001232524,0.2448969045527363,14,LONG,False,BELOW_MINIMUM_RELATIVE_VOLUME,False,False,False,False,3385.0,13822.142857142857,1021652.7142857143,2.600049999999998,109.35,109.87,109.35,109.6106,True,BELOW_MINIMUM_RELATIVE_VOLUME,False,,,,,,,,,,,,,,BELOW_MINIMUM_RELATIVE_VOLUME,False,,,,,,,,,,,,,,BELOW_MINIMUM_RELATIVE_VOLUME,False,,,,,,,,,,,,,
orb_v1.0,2024-09-24,817,RJF,BBG001S5VQ03,0.24473189328560335,14,DOJI,False,BELOW_MINIMUM_RELATIVE_VOLUME,True,False,False,False,4434.0,18117.785714285714,1022399.6428571428,2.3297142857142856,124.89,124.89,124.89,124.89,False,BELOW_MINIMUM_RELATIVE_VOLUME,False,,,,,,,,,,,,,,BELOW_MINIMUM_RELATIVE_VOLUME,False,,,,,,,,,,,,,,BELOW_MINIMUM_RELATIVE_VOLUME,False,,,,,,,,,,,,,
orb_v1.0,2024-09-24,818,CLMT,BBG01NQ82GC1,0.24222077466553088,14,SHORT,False,BELOW_MINIMUM_RELATIVE_VOLUME,False,False,False,False,2417.0,9978.5,1338035.0,1.2935714285714286,17.25,17.25,17.235,17.235,True,BELOW_MINIMUM_RELATIVE_VOLUME,False,,,,,,,,,,,,,,BELOW_MINIMUM_RELATIVE_VOLUME,False,,,,,,,,,,,,,,BELOW_MINIMUM_RELATIVE_VOLUME,False,,,,,,,,,,,,,
orb_v1.0,2024-09-24,819,GATO,BBG001W4GFS2,0.23809317818055975,14,SHORT,False,BELOW_MINIMUM_RELATIVE_VOLUME,False,False,False,False,11008.0,46234.0,1500368.142857143,0.8687000000000001,15.38,15.52,15.27,15.32,False,BELOW_MINIMUM_RELATIVE_VOLUME,False,,,,,,,,,,,,,,BELOW_MINIMUM_RELATIVE_VOLUME,False,,,,,,,,,,,,,,BELOW_MINIMUM_RELATIVE_VOLUME,False,,,,,,,,,,,,,
orb_v1.0,2024-09-24,820,DBRG,BBG00D30HGN8,0.23645261787408167,14,SHORT,False,BELOW_MINIMUM_RELATIVE_VOLUME,False,False,False,False,14529.0,61445.71428571428,3342826.9285714286,0.7042642857142857,14.79,14.79,14.69,14.69,True,BELOW_MINIMUM_RELATIVE_VOLUME,False,,,,,,,,,,,,,,BELOW_MINIMUM_RELATIVE_VOLUME,False,,,,,,,,,,,,,,BELOW_MINIMUM_RELATIVE_VOLUME,False,,,,,,,,,,,,,
orb_v1.0,2024-09-24,821,NSC,BBG001S5TQJ6,0.23634033051700137,14,LONG,False,BELOW_MINIMUM_RELATIVE_VOLUME,True,False,False,False,6124.0,25911.785714285714,1315533.0714285714,5.981414285714284,246.29,246.86,246.195,246.71,True,BELOW_MINIMUM_RELATIVE_VOLUME,False,,,,,,,,,,,,,,BELOW_MINIMUM_RELATIVE_VOLUME,False,,,,,,,,,,,,,,BELOW_MINIMUM_RELATIVE_VOLUME,False,,,,,,,,,,,,,
orb_v1.0,2024-09-24,822,SNV,BBG001S5S3G1,0.2360618908515944,14,LONG,False,BELOW_MINIMUM_RELATIVE_VOLUME,False,False,False,False,5524.0,23400.64285714286,1495397.7142857143,1.3349999999999989,44.6,44.75,44.555,44.75,True,BELOW_MINIMUM_RELATIVE_VOLUME,False,,,,,,,,,,,,,,BELOW_MINIMUM_RELATIVE_VOLUME,False,,,,,,,,,,,,,,BELOW_MINIMUM_RELATIVE_VOLUME,False,,,,,,,,,,,,,
orb_v1.0,2024-09-24,823,ESTC,0001707753,0.23569719118384244,14,SHORT,False,BELOW_MINIMUM_RELATIVE_VOLUME,False,False,False,False,8329.0,35337.71428571428,1541022.7142857143,2.4617999999999975,77.5,77.5,76.895,76.895,True,BELOW_MINIMUM_RELATIVE_VOLUME,False,,,,,,,,,,,,,,BELOW_MINIMUM_RELATIVE_VOLUME,False,,,,,,,,,,,,,,BELOW_MINIMUM_RELATIVE_VOLUME,False,,,,,,,,,,,,,
orb_v1.0,2024-09-24,824,TMHC,BBG003PGJJF2,0.23294064640949871,14,LONG,False,BELOW_MINIMUM_RELATIVE_VOLUME,False,False,False,False,6278.0,26951.071428571428,1019448.0,2.0528571428571434,70.16,70.51,69.89,70.51,False,BELOW_MINIMUM_RELATIVE_VOLUME,False,,,,,,,,,,,,,,BELOW_MINIMUM_RELATIVE_VOLUME,False,,,,,,,,,,,,,,BELOW_MINIMUM_RELATIVE_VOLUME,False,,,,,,,,,,,,,
orb_v1.0,2024-09-24,825,CUBE,BBG001SHP0D7,0.23182228592578275,14,SHORT,False,BELOW_MINIMUM_RELATIVE_VOLUME,False,False,False,False,7024.0,30299.071428571428,1300178.0,1.0514214285714287,53.98,54.0,53.75,53.83,True,BELOW_MINIMUM_RELATIVE_VOLUME,False,,,,,,,,,,,,,,BELOW_MINIMUM_RELATIVE_VOLUME,False,,,,,,,,,,,,,,BELOW_MINIMUM_RELATIVE_VOLUME,False,,,,,,,,,,,,,
orb_v1.0,2024-09-24,826,CHCT,BBG008G2P3N1,0.23129036473557874,14,LONG,False,BELOW_MINIMUM_RELATIVE_VOLUME,False,False,False,False,4804.0,20770.428571428572,1008657.3571428572,0.8945642857142857,17.25,17.46,17.24,17.46,True,BELOW_MINIMUM_RELATIVE_VOLUME,False,,,,,,,,,,,,,,BELOW_MINIMUM_RELATIVE_VOLUME,False,,,,,,,,,,,,,,BELOW_MINIMUM_RELATIVE_VOLUME,False,,,,,,,,,,,,,
orb_v1.0,2024-09-24,827,MDLZ,BBG001SHHZJ3,0.23127393348557143,14,LONG,False,BELOW_MINIMUM_RELATIVE_VOLUME,True,False,False,False,64463.0,278730.0714285714,6225736.357142857,1.2607142857142881,74.41,74.51,74.19,74.47,True,BELOW_MINIMUM_RELATIVE_VOLUME,False,,,,,,,,,,,,,,BELOW_MINIMUM_RELATIVE_VOLUME,False,,,,,,,,,,,,,,BELOW_MINIMUM_RELATIVE_VOLUME,False,,,,,,,,,,,,,
orb_v1.0,2024-09-24,828,ALLY,BBG001S5RLN4,0.23010121811435122,14,LONG,False,BELOW_MINIMUM_RELATIVE_VOLUME,False,False,False,False,46530.0,202215.35714285713,6768674.571428572,1.6610714285714272,34.13,34.265,34.07,34.22,True,BELOW_MINIMUM_RELATIVE_VOLUME,False,,,,,,,,,,,,,,BELOW_MINIMUM_RELATIVE_VOLUME,False,,,,,,,,,,,,,,BELOW_MINIMUM_RELATIVE_VOLUME,False,,,,,,,,,,,,,
orb_v1.0,2024-09-24,829,MTZ,BBG001S95HF8,0.22629374495046137,14,SHORT,False,BELOW_MINIMUM_RELATIVE_VOLUME,False,False,False,False,3041.0,13438.285714285714,1086805.0,4.256928571428573,125.64,125.64,125.625,125.625,True,BELOW_MINIMUM_RELATIVE_VOLUME,False,,,,,,,,,,,,,,BELOW_MINIMUM_RELATIVE_VOLUME,False,,,,,,,,,,,,,,BELOW_MINIMUM_RELATIVE_VOLUME,False,,,,,,,,,,,,,
orb_v1.0,2024-09-24,830,LC,BBG001YKDNH2,0.22567609574137396,14,SHORT,False,BELOW_MINIMUM_RELATIVE_VOLUME,False,False,False,False,10164.0,45038.0,1240403.9285714286,0.5128714285714288,11.19,11.19,11.07,11.07,True,BELOW_MINIMUM_RELATIVE_VOLUME,False,,,,,,,,,,,,,,BELOW_MINIMUM_RELATIVE_VOLUME,False,,,,,,,,,,,,,,BELOW_MINIMUM_RELATIVE_VOLUME,False,,,,,,,,,,,,,
orb_v1.0,2024-09-24,831,RELY,BBG012C7JTN6,0.22160024050737603,14,SHORT,False,BELOW_MINIMUM_RELATIVE_VOLUME,False,False,False,False,12057.0,54408.78571428572,1491335.0714285714,0.5768642857142856,14.05,14.2,14.0,14.0,True,BELOW_MINIMUM_RELATIVE_VOLUME,False,,,,,,,,,,,,,,BELOW_MINIMUM_RELATIVE_VOLUME,False,,,,,,,,,,,,,,BELOW_MINIMUM_RELATIVE_VOLUME,False,,,,,,,,,,,,,
orb_v1.0,2024-09-24,832,BKSY,BBG00QRY6P42,0.21868913627324355,14,LONG,False,BELOW_MINIMUM_RELATIVE_VOLUME,False,False,False,False,10667.0,48777.0,1008833.1428571428,0.9678142857142856,5.36,5.4693,5.35,5.41,False,BELOW_MINIMUM_RELATIVE_VOLUME,False,,,,,,,,,,,,,,BELOW_MINIMUM_RELATIVE_VOLUME,False,,,,,,,,,,,,,,BELOW_MINIMUM_RELATIVE_VOLUME,False,,,,,,,,,,,,,
orb_v1.0,2024-09-24,833,VNOM,BBG006G57XH9,0.2171439536747525,14,SHORT,False,BELOW_MINIMUM_RELATIVE_VOLUME,False,False,False,False,19237.0,88591.0,3060866.4285714286,1.6649785714285714,47.5,47.6496,47.29,47.315,True,BELOW_MINIMUM_RELATIVE_VOLUME,False,,,,,,,,,,,,,,BELOW_MINIMUM_RELATIVE_VOLUME,False,,,,,,,,,,,,,,BELOW_MINIMUM_RELATIVE_VOLUME,False,,,,,,,,,,,,,
orb_v1.0,2024-09-24,834,PFG,BBG001SD3148,0.21691567195365383,14,LONG,False,BELOW_MINIMUM_RELATIVE_VOLUME,True,False,False,False,7304.0,33672.07142857143,1302491.7142857143,1.6500000000000006,85.99,86.12,85.805,86.035,True,BELOW_MINIMUM_RELATIVE_VOLUME,False,,,,,,,,,,,,,,BELOW_MINIMUM_RELATIVE_VOLUME,False,,,,,,,,,,,,,,BELOW_MINIMUM_RELATIVE_VOLUME,False,,,,,,,,,,,,,
orb_v1.0,2024-09-24,835,DFS,BBG001SS0KV6,0.2141897385918677,14,LONG,False,BELOW_MINIMUM_RELATIVE_VOLUME,True,False,False,False,7959.0,37158.642857142855,1354224.5,5.184214285714283,140.2,140.32,139.6406,140.29,True,BELOW_MINIMUM_RELATIVE_VOLUME,False,,,,,,,,,,,,,,BELOW_MINIMUM_RELATIVE_VOLUME,False,,,,,,,,,,,,,,BELOW_MINIMUM_RELATIVE_VOLUME,False,,,,,,,,,,,,,
orb_v1.0,2024-09-24,836,AI,BBG00Y6G6Y84,0.20957637857714823,14,SHORT,False,BELOW_MINIMUM_RELATIVE_VOLUME,False,False,False,False,67394.0,321572.5,6436695.571428572,1.1971642857142848,23.42,23.54,23.31,23.4,True,BELOW_MINIMUM_RELATIVE_VOLUME,False,,,,,,,,,,,,,,BELOW_MINIMUM_RELATIVE_VOLUME,False,,,,,,,,,,,,,,BELOW_MINIMUM_RELATIVE_VOLUME,False,,,,,,,,,,,,,
orb_v1.0,2024-09-24,837,GFL,BBG003FD9W80,0.20931909820964797,14,LONG,False,BELOW_MINIMUM_RELATIVE_VOLUME,False,False,False,False,8002.0,38228.71428571428,1652622.9285714286,0.9521428571428581,39.39,39.69,39.38,39.43,True,BELOW_MINIMUM_RELATIVE_VOLUME,False,,,,,,,,,,,,,,BELOW_MINIMUM_RELATIVE_VOLUME,False,,,,,,,,,,,,,,BELOW_MINIMUM_RELATIVE_VOLUME,False,,,,,,,,,,,,,
orb_v1.0,2024-09-24,838,WFC,BBG001S5XF23,0.20718299673801255,14,LONG,False,BELOW_MINIMUM_RELATIVE_VOLUME,True,False,False,False,115274.0,556387.3571428572,22364970.57142857,1.8425000000000007,55.12,55.15,54.96,55.135,True,BELOW_MINIMUM_RELATIVE_VOLUME,False,,,,,,,,,,,,,,BELOW_MINIMUM_RELATIVE_VOLUME,False,,,,,,,,,,,,,,BELOW_MINIMUM_RELATIVE_VOLUME,False,,,,,,,,,,,,,
orb_v1.0,2024-09-24,839,FRT,BBG001S5RC36,0.2069995105237396,14,LONG,False,BELOW_MINIMUM_RELATIVE_VOLUME,False,False,False,False,4229.0,20430.0,1028265.9285714285,1.9550000000000014,114.01,114.16,114.01,114.16,True,BELOW_MINIMUM_RELATIVE_VOLUME,False,,,,,,,,,,,,,,BELOW_MINIMUM_RELATIVE_VOLUME,False,,,,,,,,,,,,,,BELOW_MINIMUM_RELATIVE_VOLUME,False,,,,,,,,,,,,,
orb_v1.0,2024-09-24,840,BLCO,BBG014KG1GY8,0.20321165918905396,14,LONG,False,BELOW_MINIMUM_RELATIVE_VOLUME,False,False,False,False,6904.0,33974.42857142857,1119872.5714285714,0.8210714285714282,19.49,19.54,19.45,19.54,True,BELOW_MINIMUM_RELATIVE_VOLUME,False,,,,,,,,,,,,,,BELOW_MINIMUM_RELATIVE_VOLUME,False,,,,,,,,,,,,,,BELOW_MINIMUM_RELATIVE_VOLUME,False,,,,,,,,,,,,,
orb_v1.0,2024-09-24,841,ASB,BBG001S5NVZ3,0.20158282254117407,14,LONG,False,BELOW_MINIMUM_RELATIVE_VOLUME,False,False,False,False,8149.0,40425.07142857143,1329656.142857143,0.6392857142857137,21.59,21.65,21.56,21.64,True,BELOW_MINIMUM_RELATIVE_VOLUME,False,,,,,,,,,,,,,,BELOW_MINIMUM_RELATIVE_VOLUME,False,,,,,,,,,,,,,,BELOW_MINIMUM_RELATIVE_VOLUME,False,,,,,,,,,,,,,
orb_v1.0,2024-09-24,842,GWRE,BBG001TWHGX5,0.20100629530713468,14,SHORT,False,BELOW_MINIMUM_RELATIVE_VOLUME,False,False,False,False,6021.0,29954.285714285714,1178213.5,5.125428571428573,174.93,174.93,174.545,174.545,True,BELOW_MINIMUM_RELATIVE_VOLUME,False,,,,,,,,,,,,,,BELOW_MINIMUM_RELATIVE_VOLUME,False,,,,,,,,,,,,,,BELOW_MINIMUM_RELATIVE_VOLUME,False,,,,,,,,,,,,,
orb_v1.0,2024-09-24,843,MRVI,BBG00Y1DFW44,0.19498397133697906,14,SHORT,False,BELOW_MINIMUM_RELATIVE_VOLUME,False,False,False,False,6721.0,34469.5,1907879.7857142857,0.5977857142857145,8.32,8.32,8.25,8.295,False,BELOW_MINIMUM_RELATIVE_VOLUME,False,,,,,,,,,,,,,,BELOW_MINIMUM_RELATIVE_VOLUME,False,,,,,,,,,,,,,,BELOW_MINIMUM_RELATIVE_VOLUME,False,,,,,,,,,,,,,
orb_v1.0,2024-09-24,844,MBC,BBG01B9G4424,0.19250104317761838,14,LONG,False,BELOW_MINIMUM_RELATIVE_VOLUME,False,False,False,False,4844.0,25163.5,1194126.642857143,0.6138642857142861,18.34,18.53,18.34,18.49,False,BELOW_MINIMUM_RELATIVE_VOLUME,False,,,,,,,,,,,,,,BELOW_MINIMUM_RELATIVE_VOLUME,False,,,,,,,,,,,,,,BELOW_MINIMUM_RELATIVE_VOLUME,False,,,,,,,,,,,,,
orb_v1.0,2024-09-24,845,SATS,BBG001T048Z5,0.19082433124707662,14,LONG,False,BELOW_MINIMUM_RELATIVE_VOLUME,False,False,False,False,15299.0,80173.21428571429,2024737.2857142857,1.585721428571428,26.21,26.65,26.15,26.215,False,BELOW_MINIMUM_RELATIVE_VOLUME,False,,,,,,,,,,,,,,BELOW_MINIMUM_RELATIVE_VOLUME,False,,,,,,,,,,,,,,BELOW_MINIMUM_RELATIVE_VOLUME,False,,,,,,,,,,,,,
orb_v1.0,2024-09-24,846,OPCH,BBG001S6X756,0.18946167389615115,14,SHORT,False,BELOW_MINIMUM_RELATIVE_VOLUME,False,False,False,False,9631.0,50833.5,1503650.7857142857,0.7678571428571429,31.75,31.82,31.65,31.65,True,BELOW_MINIMUM_RELATIVE_VOLUME,False,,,,,,,,,,,,,,BELOW_MINIMUM_RELATIVE_VOLUME,False,,,,,,,,,,,,,,BELOW_MINIMUM_RELATIVE_VOLUME,False,,,,,,,,,,,,,
orb_v1.0,2024-09-24,847,ONB,BBG001SD2ZG1,0.18665424788769874,14,LONG,False,BELOW_MINIMUM_RELATIVE_VOLUME,False,False,False,False,15030.0,80523.21428571429,1817233.142857143,0.5032642857142859,19.0,19.14,18.95,19.03,False,BELOW_MINIMUM_RELATIVE_VOLUME,False,,,,,,,,,,,,,,BELOW_MINIMUM_RELATIVE_VOLUME,False,,,,,,,,,,,,,,BELOW_MINIMUM_RELATIVE_VOLUME,False,,,,,,,,,,,,,
orb_v1.0,2024-09-24,848,PD,BBG0043BYPD6,0.18068590077374122,14,SHORT,False,BELOW_MINIMUM_RELATIVE_VOLUME,False,False,False,False,7411.0,41015.92857142857,1243636.357142857,0.7300000000000002,18.34,18.34,18.1882,18.25,True,BELOW_MINIMUM_RELATIVE_VOLUME,False,,,,,,,,,,,,,,BELOW_MINIMUM_RELATIVE_VOLUME,False,,,,,,,,,,,,,,BELOW_MINIMUM_RELATIVE_VOLUME,False,,,,,,,,,,,,,
orb_v1.0,2024-09-24,849,MLI,BBG001S6PVC4,0.18063287350692458,14,LONG,False,BELOW_MINIMUM_RELATIVE_VOLUME,False,False,False,False,4742.0,26252.14285714286,1029352.1428571428,1.8773214285714286,71.82,71.925,71.82,71.925,True,BELOW_MINIMUM_RELATIVE_VOLUME,False,,,,,,,,,,,,,,BELOW_MINIMUM_RELATIVE_VOLUME,False,,,,,,,,,,,,,,BELOW_MINIMUM_RELATIVE_VOLUME,False,,,,,,,,,,,,,
orb_v1.0,2024-09-24,850,TTMI,BBG001SFJKF2,0.16937595029658806,14,LONG,False,BELOW_MINIMUM_RELATIVE_VOLUME,False,False,False,False,4432.0,26166.64285714286,1007913.3571428572,0.5782142857142851,18.21,18.42,18.2,18.285,True,BELOW_MINIMUM_RELATIVE_VOLUME,False,,,,,,,,,,,,,,BELOW_MINIMUM_RELATIVE_VOLUME,False,,,,,,,,,,,,,,BELOW_MINIMUM_RELATIVE_VOLUME,False,,,,,,,,,,,,,
orb_v1.0,2024-09-24,851,GEO,BBG001S6VYZ6,0.1692599695525811,14,LONG,False,BELOW_MINIMUM_RELATIVE_VOLUME,False,False,False,False,12230.0,72255.71428571429,2139633.714285714,0.5274928571428573,12.66,12.73,12.65,12.67,True,BELOW_MINIMUM_RELATIVE_VOLUME,False,,,,,,,,,,,,,,BELOW_MINIMUM_RELATIVE_VOLUME,False,,,,,,,,,,,,,,BELOW_MINIMUM_RELATIVE_VOLUME,False,,,,,,,,,,,,,
orb_v1.0,2024-09-24,852,CG,BBG001S7JM84,0.16544455260064647,14,LONG,False,BELOW_MINIMUM_RELATIVE_VOLUME,True,False,False,False,10295.0,62226.28571428572,2480752.214285714,1.2725000000000004,43.27,43.53,43.27,43.49,True,BELOW_MINIMUM_RELATIVE_VOLUME,False,,,,,,,,,,,,,,BELOW_MINIMUM_RELATIVE_VOLUME,False,,,,,,,,,,,,,,BELOW_MINIMUM_RELATIVE_VOLUME,False,,,,,,,,,,,,,
orb_v1.0,2024-09-24,853,ACVA,BBG00G5JGQ75,0.16276928136819602,14,SHORT,False,BELOW_MINIMUM_RELATIVE_VOLUME,False,False,False,False,7777.0,47779.28571428572,1859929.857142857,0.6528428571428572,20.76,20.765,20.69,20.71,True,BELOW_MINIMUM_RELATIVE_VOLUME,False,,,,,,,,,,,,,,BELOW_MINIMUM_RELATIVE_VOLUME,False,,,,,,,,,,,,,,BELOW_MINIMUM_RELATIVE_VOLUME,False,,,,,,,,,,,,,
orb_v1.0,2024-09-24,854,COF,BBG001S65PV8,0.16261396372335518,14,SHORT,False,BELOW_MINIMUM_RELATIVE_VOLUME,True,False,False,False,12721.0,78228.21428571429,2707273.5714285714,4.974992857142859,151.49,151.65,150.57,151.43,True,BELOW_MINIMUM_RELATIVE_VOLUME,False,,,,,,,,,,,,,,BELOW_MINIMUM_RELATIVE_VOLUME,False,,,,,,,,,,,,,,BELOW_MINIMUM_RELATIVE_VOLUME,False,,,,,,,,,,,,,
orb_v1.0,2024-09-24,855,VRNT,BBG001S6V8N6,0.1597708152946584,14,SHORT,False,BELOW_MINIMUM_RELATIVE_VOLUME,False,False,False,False,5338.0,33410.357142857145,1182276.9285714286,1.2142857142857137,25.15,25.15,25.03,25.04,True,BELOW_MINIMUM_RELATIVE_VOLUME,False,,,,,,,,,,,,,,BELOW_MINIMUM_RELATIVE_VOLUME,False,,,,,,,,,,,,,,BELOW_MINIMUM_RELATIVE_VOLUME,False,,,,,,,,,,,,,
orb_v1.0,2024-09-24,856,RBRK,BBG008D32614,0.1572524772393814,14,SHORT,False,BELOW_MINIMUM_RELATIVE_VOLUME,False,False,False,False,20379.0,129594.14285714286,3411169.714285714,1.8146357142857144,33.62,33.62,33.41,33.57,True,BELOW_MINIMUM_RELATIVE_VOLUME,False,,,,,,,,,,,,,,BELOW_MINIMUM_RELATIVE_VOLUME,False,,,,,,,,,,,,,,BELOW_MINIMUM_RELATIVE_VOLUME,False,,,,,,,,,,,,,
orb_v1.0,2024-09-24,857,ARE,BBG001S6CPH6,0.15347987810343283,14,SHORT,False,BELOW_MINIMUM_RELATIVE_VOLUME,True,False,False,False,3914.0,25501.714285714286,1107802.142857143,2.754635714285715,121.77,121.77,121.25,121.25,False,BELOW_MINIMUM_RELATIVE_VOLUME,False,,,,,,,,,,,,,,BELOW_MINIMUM_RELATIVE_VOLUME,False,,,,,,,,,,,,,,BELOW_MINIMUM_RELATIVE_VOLUME,False,,,,,,,,,,,,,
orb_v1.0,2024-09-24,858,PRMW,BBG001S77SH4,0.14266828775450793,14,SHORT,False,BELOW_MINIMUM_RELATIVE_VOLUME,False,False,False,False,5951.0,41712.142857142855,1653996.857142857,0.6442857142857148,25.34,25.445,25.3,25.3,True,BELOW_MINIMUM_RELATIVE_VOLUME,False,,,,,,,,,,,,,,BELOW_MINIMUM_RELATIVE_VOLUME,False,,,,,,,,,,,,,,BELOW_MINIMUM_RELATIVE_VOLUME,False,,,,,,,,,,,,,
orb_v1.0,2024-09-24,859,VRNS,BBG001Y04TP4,0.14250013240530557,14,SHORT,False,BELOW_MINIMUM_RELATIVE_VOLUME,False,False,False,False,8264.0,57992.92857142857,1775041.5714285714,1.8105357142857135,56.27,56.305,55.605,56.135,True,BELOW_MINIMUM_RELATIVE_VOLUME,False,,,,,,,,,,,,,,BELOW_MINIMUM_RELATIVE_VOLUME,False,,,,,,,,,,,,,,BELOW_MINIMUM_RELATIVE_VOLUME,False,,,,,,,,,,,,,
orb_v1.0,2024-09-24,860,APLT,BBG001SMJMY2,0.14244832040597932,14,SHORT,False,BELOW_MINIMUM_RELATIVE_VOLUME,False,False,False,False,35256.0,247500.2857142857,6181497.857142857,0.7387214285714284,7.76,7.78,7.582,7.65,True,BELOW_MINIMUM_RELATIVE_VOLUME,False,,,,,,,,,,,,,,BELOW_MINIMUM_RELATIVE_VOLUME,False,,,,,,,,,,,,,,BELOW_MINIMUM_RELATIVE_VOLUME,False,,,,,,,,,,,,,
orb_v1.0,2024-09-24,861,PLAY,BBG001WWJTL4,0.14231214044000193,14,SHORT,False,BELOW_MINIMUM_RELATIVE_VOLUME,False,False,False,False,12358.0,86837.28571428571,2231802.1428571427,1.5295642857142862,33.51,33.51,33.2,33.2,True,BELOW_MINIMUM_RELATIVE_VOLUME,False,,,,,,,,,,,,,,BELOW_MINIMUM_RELATIVE_VOLUME,False,,,,,,,,,,,,,,BELOW_MINIMUM_RELATIVE_VOLUME,False,,,,,,,,,,,,,
orb_v1.0,2024-09-24,862,FBP,BBG001S76PN4,0.14082671313941192,14,LONG,False,BELOW_MINIMUM_RELATIVE_VOLUME,False,False,False,False,4785.0,33977.92857142857,1220225.357142857,0.550714285714286,20.6,20.67,20.6,20.67,True,BELOW_MINIMUM_RELATIVE_VOLUME,False,,,,,,,,,,,,,,BELOW_MINIMUM_RELATIVE_VOLUME,False,,,,,,,,,,,,,,BELOW_MINIMUM_RELATIVE_VOLUME,False,,,,,,,,,,,,,
orb_v1.0,2024-09-24,863,SHC,BBG008LZG101,0.13959057495119845,14,LONG,False,BELOW_MINIMUM_RELATIVE_VOLUME,False,False,False,False,9618.0,68901.5,2133607.6428571427,0.6017857142857136,16.65,16.665,16.635,16.66,True,BELOW_MINIMUM_RELATIVE_VOLUME,False,,,,,,,,,,,,,,BELOW_MINIMUM_RELATIVE_VOLUME,False,,,,,,,,,,,,,,BELOW_MINIMUM_RELATIVE_VOLUME,False,,,,,,,,,,,,,
orb_v1.0,2024-09-24,864,SDRL,0001737706,0.13831488745680395,14,LONG,False,BELOW_MINIMUM_RELATIVE_VOLUME,False,False,False,False,6770.0,48946.28571428572,1734845.857142857,1.597857142857143,42.12,42.41,42.12,42.24,False,BELOW_MINIMUM_RELATIVE_VOLUME,False,,,,,,,,,,,,,,BELOW_MINIMUM_RELATIVE_VOLUME,False,,,,,,,,,,,,,,BELOW_MINIMUM_RELATIVE_VOLUME,False,,,,,,,,,,,,,
orb_v1.0,2024-09-24,865,EXAS,BBG001SGCLB9,0.1372330653915627,14,SHORT,False,BELOW_MINIMUM_RELATIVE_VOLUME,False,False,False,False,11152.0,81263.21428571429,3389403.4285714286,3.3437285714285703,69.85,69.85,69.0296,69.7444,True,BELOW_MINIMUM_RELATIVE_VOLUME,False,,,,,,,,,,,,,,BELOW_MINIMUM_RELATIVE_VOLUME,False,,,,,,,,,,,,,,BELOW_MINIMUM_RELATIVE_VOLUME,False,,,,,,,,,,,,,
orb_v1.0,2024-09-24,866,EWTX,BBG00K4Y2H33,0.12690486841849338,14,SHORT,False,BELOW_MINIMUM_RELATIVE_VOLUME,False,False,False,False,11651.0,91808.92857142857,2087711.7142857143,2.1138571428571433,26.4,26.67,26.275,26.2767,True,BELOW_MINIMUM_RELATIVE_VOLUME,False,,,,,,,,,,,,,,BELOW_MINIMUM_RELATIVE_VOLUME,False,,,,,,,,,,,,,,BELOW_MINIMUM_RELATIVE_VOLUME,False,,,,,,,,,,,,,
orb_v1.0,2024-09-24,867,GLMD,0001595353,0.12375748692700243,14,SHORT,False,BELOW_MINIMUM_RELATIVE_VOLUME,True,False,False,False,52736.0,426123.71428571426,11462510.357142856,3.3144,9.76,10.0,9.14,9.29,True,BELOW_MINIMUM_RELATIVE_VOLUME,False,,,,,,,,,,,,,,BELOW_MINIMUM_RELATIVE_VOLUME,False,,,,,,,,,,,,,,BELOW_MINIMUM_RELATIVE_VOLUME,False,,,,,,,,,,,,,
orb_v1.0,2024-09-24,868,CNM,BBG01163K3R5,0.12374366962993344,14,SHORT,False,BELOW_MINIMUM_RELATIVE_VOLUME,False,False,False,False,14741.0,119125.28571428571,4990067.142857143,2.005714285714287,44.42,44.64,44.21,44.35,True,BELOW_MINIMUM_RELATIVE_VOLUME,False,,,,,,,,,,,,,,BELOW_MINIMUM_RELATIVE_VOLUME,False,,,,,,,,,,,,,,BELOW_MINIMUM_RELATIVE_VOLUME,False,,,,,,,,,,,,,
orb_v1.0,2024-09-24,869,IONS,BBG001SB7RD1,0.12258493316574062,14,SHORT,False,BELOW_MINIMUM_RELATIVE_VOLUME,False,False,False,False,10289.0,83933.64285714286,2645897.0714285714,1.8475000000000006,41.58,41.58,41.3086,41.52,True,BELOW_MINIMUM_RELATIVE_VOLUME,False,,,,,,,,,,,,,,BELOW_MINIMUM_RELATIVE_VOLUME,False,,,,,,,,,,,,,,BELOW_MINIMUM_RELATIVE_VOLUME,False,,,,,,,,,,,,,
orb_v1.0,2024-09-24,870,IOT,BBG0099PW5Q0,0.12233883902428369,14,SHORT,False,BELOW_MINIMUM_RELATIVE_VOLUME,True,False,False,False,41603.0,340063.71428571426,6001677.571428572,2.515971428571428,49.75,49.75,49.16,49.26,True,BELOW_MINIMUM_RELATIVE_VOLUME,False,,,,,,,,,,,,,,BELOW_MINIMUM_RELATIVE_VOLUME,False,,,,,,,,,,,,,,BELOW_MINIMUM_RELATIVE_VOLUME,False,,,,,,,,,,,,,
orb_v1.0,2024-09-24,871,IART,BBG001S7JWM6,0.11887377761145523,14,SHORT,False,BELOW_MINIMUM_RELATIVE_VOLUME,False,False,False,False,4311.0,36265.357142857145,1205779.5714285714,0.7237357142857146,17.65,17.65,17.645,17.645,True,BELOW_MINIMUM_RELATIVE_VOLUME,False,,,,,,,,,,,,,,BELOW_MINIMUM_RELATIVE_VOLUME,False,,,,,,,,,,,,,,BELOW_MINIMUM_RELATIVE_VOLUME,False,,,,,,,,,,,,,
orb_v1.0,2024-09-24,872,VRDN,BBG002H24301,0.11024435317281783,14,SHORT,False,BELOW_MINIMUM_RELATIVE_VOLUME,False,False,False,False,13022.0,118119.42857142857,3376824.5714285714,1.9735928571428576,21.23,21.23,21.1,21.1,True,BELOW_MINIMUM_RELATIVE_VOLUME,False,,,,,,,,,,,,,,BELOW_MINIMUM_RELATIVE_VOLUME,False,,,,,,,,,,,,,,BELOW_MINIMUM_RELATIVE_VOLUME,False,,,,,,,,,,,,,
orb_v1.0,2024-09-24,873,TERN,BBG00KK1SJ17,0.1051924285651864,14,LONG,False,BELOW_MINIMUM_RELATIVE_VOLUME,False,False,False,False,24590.0,233762.07142857142,4654628.785714285,1.0717571428571429,9.78,9.93,9.78,9.81,False,BELOW_MINIMUM_RELATIVE_VOLUME,False,,,,,,,,,,,,,,BELOW_MINIMUM_RELATIVE_VOLUME,False,,,,,,,,,,,,,,BELOW_MINIMUM_RELATIVE_VOLUME,False,,,,,,,,,,,,,
orb_v1.0,2024-09-24,874,FYBR,BBG010MVVVX6,0.0856946011303343,14,SHORT,False,BELOW_MINIMUM_RELATIVE_VOLUME,False,False,False,False,17840.0,208181.14285714287,7726080.714285715,1.5749999999999997,35.78,35.78,35.63,35.63,True,BELOW_MINIMUM_RELATIVE_VOLUME,False,,,,,,,,,,,,,,BELOW_MINIMUM_RELATIVE_VOLUME,False,,,,,,,,,,,,,,BELOW_MINIMUM_RELATIVE_VOLUME,False,,,,,,,,,,,,,
orb_v1.0,2024-09-24,875,CADE,BBG001SHFG98,0.08182617641202627,14,LONG,False,BELOW_MINIMUM_RELATIVE_VOLUME,False,False,False,False,4227.0,51658.28571428572,1391010.2142857143,0.9128571428571427,32.15,32.23,32.115,32.19,True,BELOW_MINIMUM_RELATIVE_VOLUME,False,,,,,,,,,,,,,,BELOW_MINIMUM_RELATIVE_VOLUME,False,,,,,,,,,,,,,,BELOW_MINIMUM_RELATIVE_VOLUME,False,,,,,,,,,,,,,
orb_v1.0,2024-09-24,876,RLAY,BBG00DSS08L8,0.08162071173260631,14,DOJI,False,BELOW_MINIMUM_RELATIVE_VOLUME,False,False,False,False,16500.0,202154.57142857142,4571009.285714285,1.0191285714285714,7.49,7.56,7.44,7.49,False,BELOW_MINIMUM_RELATIVE_VOLUME,False,,,,,,,,,,,,,,BELOW_MINIMUM_RELATIVE_VOLUME,False,,,,,,,,,,,,,,BELOW_MINIMUM_RELATIVE_VOLUME,False,,,,,,,,,,,,,
orb_v1.0,2024-09-24,877,NVVE,BBG00Z49PKN1,0.07601941004058843,14,SHORT,False,BELOW_MINIMUM_RELATIVE_VOLUME,True,False,False,False,27298.0,359092.5,3457168.4285714286,1.0380212857142856,6.14,6.35,6.0,6.05,False,BELOW_MINIMUM_RELATIVE_VOLUME,False,,,,,,,,,,,,,,BELOW_MINIMUM_RELATIVE_VOLUME,False,,,,,,,,,,,,,,BELOW_MINIMUM_RELATIVE_VOLUME,False,,,,,,,,,,,,,
orb_v1.0,2024-09-24,878,WHLR,BBG0025F8C10,0.06129248137009544,14,SHORT,False,BELOW_MINIMUM_RELATIVE_VOLUME,False,False,False,False,24094.0,393098.78571428574,17775626.285714287,4.002835714285714,13.63,14.6,13.31,13.31,True,BELOW_MINIMUM_RELATIVE_VOLUME,False,,,,,,,,,,,,,,BELOW_MINIMUM_RELATIVE_VOLUME,False,,,,,,,,,,,,,,BELOW_MINIMUM_RELATIVE_VOLUME,False,,,,,,,,,,,,,
orb_v1.0,2024-09-24,879,ULS,BBG007N72MB0,0.054949653084375036,14,SHORT,False,BELOW_MINIMUM_RELATIVE_VOLUME,False,False,False,False,2467.0,44895.642857142855,1654891.7857142857,1.5842785714285716,49.19,49.29,48.86,48.87,True,BELOW_MINIMUM_RELATIVE_VOLUME,False,,,,,,,,,,,,,,BELOW_MINIMUM_RELATIVE_VOLUME,False,,,,,,,,,,,,,,BELOW_MINIMUM_RELATIVE_VOLUME,False,,,,,,,,,,,,,
orb_v1.0,2024-09-24,880,PRTG,0001095435,0.04405656798736163,14,SHORT,False,BELOW_MINIMUM_RELATIVE_VOLUME,True,False,False,False,6197.0,140660.07142857142,3979257.3571428573,2.3642142857142856,7.78,7.78,7.5,7.5,True,BELOW_MINIMUM_RELATIVE_VOLUME,False,,,,,,,,,,,,,,BELOW_MINIMUM_RELATIVE_VOLUME,False,,,,,,,,,,,,,,BELOW_MINIMUM_RELATIVE_VOLUME,False,,,,,,,,,,,,,
orb_v1.0,2024-09-24,881,MULN,BBG003GMH366,0.029373191904015515,14,LONG,False,BELOW_MINIMUM_RELATIVE_VOLUME,True,False,False,False,56399.0,1920084.142857143,50557781.571428575,1.5081785714285714,5.91,5.96,5.7001,5.92,True,BELOW_MINIMUM_RELATIVE_VOLUME,False,,,,,,,,,,,,,,BELOW_MINIMUM_RELATIVE_VOLUME,False,,,,,,,,,,,,,,BELOW_MINIMUM_RELATIVE_VOLUME,False,,,,,,,,,,,,,
orb_v1.0,2024-09-24,882,KSCP,BBG0062BX8L2,0.021243129458542863,14,SHORT,False,BELOW_MINIMUM_RELATIVE_VOLUME,False,False,False,False,1557.0,73294.28571428571,1460257.0714285714,1.3163710714285712,5.2,5.2058,5.165947,5.165947,True,BELOW_MINIMUM_RELATIVE_VOLUME,False,,,,,,,,,,,,,,BELOW_MINIMUM_RELATIVE_VOLUME,False,,,,,,,,,,,,,,BELOW_MINIMUM_RELATIVE_VOLUME,False,,,,,,,,,,,,,
orb_v1.0,2024-09-24,883,SILA,BBG005NB8NR0,0.004716285924834193,14,DOJI,False,BELOW_MINIMUM_RELATIVE_VOLUME,False,False,False,False,112.0,23747.5,1457466.9285714286,0.8089285714285711,25.935,25.935,25.935,25.935,False,BELOW_MINIMUM_RELATIVE_VOLUME,False,,,,,,,,,,,,,,BELOW_MINIMUM_RELATIVE_VOLUME,False,,,,,,,,,,,,,,BELOW_MINIMUM_RELATIVE_VOLUME,False,,,,,,,,,,,,,
