orb_version,trading_date,rank,ticker,stable_security_id,relative_volume_open,baseline_sessions_used,direction,selected,selection_status,outside_scout_band,scout_scorable,scout_selected,top_10_mover,opening_volume,opening_volume_baseline,average_daily_volume_14,atr_14_usd,first_candle_open,first_candle_high,first_candle_low,first_candle_close,signal_triggered,paper_long_only_status,paper_long_only_trade_executed,paper_long_only_entry_timestamp,paper_long_only_entry_price,paper_long_only_exit_timestamp,paper_long_only_exit_price,paper_long_only_exit_reason,paper_long_only_position_size_shares,paper_long_only_r_multiple,paper_long_only_mfe_pct,paper_long_only_mae_pct,paper_long_only_gross_realized_return_pct,paper_long_only_gross_realized_pnl_usd,paper_long_only_net_realized_return_pct,paper_long_only_net_realized_pnl_usd,paper_long_short_status,paper_long_short_trade_executed,paper_long_short_entry_timestamp,paper_long_short_entry_price,paper_long_short_exit_timestamp,paper_long_short_exit_price,paper_long_short_exit_reason,paper_long_short_position_size_shares,paper_long_short_r_multiple,paper_long_short_mfe_pct,paper_long_short_mae_pct,paper_long_short_gross_realized_return_pct,paper_long_short_gross_realized_pnl_usd,paper_long_short_net_realized_return_pct,paper_long_short_net_realized_pnl_usd,cash_long_only_status,cash_long_only_trade_executed,cash_long_only_entry_timestamp,cash_long_only_entry_price,cash_long_only_exit_timestamp,cash_long_only_exit_price,cash_long_only_exit_reason,cash_long_only_position_size_shares,cash_long_only_r_multiple,cash_long_only_mfe_pct,cash_long_only_mae_pct,cash_long_only_gross_realized_return_pct,cash_long_only_gross_realized_pnl_usd,cash_long_only_net_realized_return_pct,cash_long_only_net_realized_pnl_usd
orb_v1.0,2024-07-10,1,TXG,BBG007WX14Y9,14.44236317435862,14,SHORT,True,SELECTED,False,False,False,False,551722.0,38201.642857142855,1582844.642857143,0.7967714285714287,16.69,16.98,15.7001,15.7001,True,SHORT_NOT_ALLOWED,False,,,,,,,,,,,,,,TRIGGERED,True,2024-07-10T09:35:00-04:00,15.7001,2024-07-10T09:45:00-04:00,15.779777142857144,STOP,313,-1.0000000000000044,2.6757791351647535,-1.846485054235319,-0.5074944927557354,-24.93894571428583,-0.8694653009489498,-42.72666649657154,SHORT_NOT_ALLOWED,False,,,,,,,,,,,,,
orb_v1.0,2024-07-10,2,SGH,0001616533,13.946383295348323,14,LONG,True,SELECTED,False,False,False,False,318638.0,22847.35714285714,1355889.0714285714,0.8458928571428567,25.71,26.4162,24.96,26.0301,True,TRIGGERED,True,2024-07-10T09:39:00-04:00,26.4162,2024-07-10T09:39:00-04:00,26.0,STOP,295,-4.920244880726199,1.1496733065315956,-1.5755483377624335,-1.575548337762433,-122.77899999999997,-1.774601191692976,-138.29074899999998,LEVERAGE_CAP_EXCEEDED,False,,,,,,,,,,,,,,CASH_EXHAUSTED,False,,,,,,,,,,,,,
orb_v1.0,2024-07-10,3,IDYA,BBG00CTZ4D92,6.706297650494444,14,LONG,True,SELECTED,False,True,False,False,219968.0,32800.21428571428,1320387.7142857143,1.7960285714285722,36.75,37.06,36.59,36.835,True,TRIGGERED,True,2024-07-10T11:01:00-04:00,37.06,2024-07-10T11:01:00-04:00,36.84,STOP,139,-1.224924834157897,0.10793308148946412,-0.5936319481921193,-0.5936319481921178,-30.579999999999842,-0.7934862385321071,-40.875173999999845,TRIGGERED,True,2024-07-10T11:01:00-04:00,37.06,2024-07-10T11:01:00-04:00,36.84,STOP,139,-1.224924834157897,0.10793308148946412,-0.5936319481921193,-0.5936319481921178,-30.579999999999842,-0.7934862385321071,-40.875173999999845,CASH_EXHAUSTED,False,,,,,,,,,,,,,
orb_v1.0,2024-07-10,4,ARLO,BBG00K88DTJ1,5.329488289138931,14,SHORT,True,SELECTED,False,False,False,False,145141.0,27233.571428571428,1053037.0714285714,0.6354714285714286,16.51,16.51,15.8001,16.07,False,SHORT_NOT_ALLOWED,False,,,,,,,,,,,,,,NOT_TRIGGERED,False,,,,,NOT_TRIGGERED,,,,,0.0,,,,SHORT_NOT_ALLOWED,False,,,,,,,,,,,,,
orb_v1.0,2024-07-10,5,WMG,BBG00RP2T9V3,4.734760455107034,14,LONG,True,SELECTED,True,False,False,False,83764.0,17691.285714285714,3142302.0,0.6048571428571429,29.89,30.13,29.8297,30.13,False,NOT_TRIGGERED,False,,,,,NOT_TRIGGERED,,,,,0.0,,,,NOT_TRIGGERED,False,,,,,NOT_TRIGGERED,,,,,0.0,,,,NOT_TRIGGERED,False,,,,,NOT_TRIGGERED,,,,,0.0,,,
orb_v1.0,2024-07-10,6,CVNA,BBG00GCTWF71,4.508153404969928,14,LONG,True,SELECTED,False,True,False,False,577166.0,128027.14285714286,4966605.928571428,7.667542857142862,131.5,133.6,129.5,133.16,True,TRIGGERED,True,2024-07-10T09:36:00-04:00,133.6,2024-07-10T09:36:00-04:00,132.8332457142857,STOP,32,-0.9999999999999982,0.5380988023952149,-0.8383233532934131,-0.5739178785286564,-24.536137142857115,-0.7734682121471336,-33.067313005714254,TRIGGERED,True,2024-07-10T09:36:00-04:00,133.6,2024-07-10T09:36:00-04:00,132.8332457142857,STOP,32,-0.9999999999999982,0.5380988023952149,-0.8383233532934131,-0.5739178785286564,-24.536137142857115,-0.7734682121471336,-33.067313005714254,CASH_EXHAUSTED,False,,,,,,,,,,,,,
orb_v1.0,2024-07-10,7,SNGX,BBG001SBZ0D9,4.051527918636044,14,LONG,True,SELECTED,True,False,False,False,1431880.0,353417.28571428574,9720759.285714285,1.3207785714285714,8.81,9.73,8.4,9.05,True,TRIGGERED,True,2024-07-10T09:40:00-04:00,9.73,2024-07-10T09:40:00-04:00,9.28,STOP,189,-3.4070813210822704,0.5138746145940232,-5.251798561151089,-4.624871531346362,-85.0500000000002,-5.212702980472775,-95.8600440000002,TRIGGERED,True,2024-07-10T09:40:00-04:00,9.73,2024-07-10T09:40:00-04:00,9.28,STOP,189,-3.4070813210822704,0.5138746145940232,-5.251798561151089,-4.624871531346362,-85.0500000000002,-5.212702980472775,-95.8600440000002,TRIGGERED,True,2024-07-10T09:40:00-04:00,9.73,2024-07-10T09:40:00-04:00,9.28,STOP,189,-3.4070813210822704,0.5138746145940232,-5.251798561151089,-4.624871531346362,-85.0500000000002,-5.212702980472775,-95.8600440000002
orb_v1.0,2024-07-10,8,BROS,BBG01282ZJ56,3.7530180046470205,14,SHORT,True,SELECTED,False,False,False,False,261899.0,69783.57142857143,3752425.9285714286,1.5030642857142855,41.22,41.41,39.77,39.9725,True,SHORT_NOT_ALLOWED,False,,,,,,,,,,,,,,LEVERAGE_CAP_EXCEEDED,False,,,,,,,,,,,,,,SHORT_NOT_ALLOWED,False,,,,,,,,,,,,,
orb_v1.0,2024-07-10,9,MO,BBG001S5T8T5,3.713457393345379,14,LONG,True,SELECTED,True,False,False,False,1278328.0,344242.0,10076868.357142856,0.6173214285714285,46.87,47.21,46.87,47.045,False,NOT_TRIGGERED,False,,,,,NOT_TRIGGERED,,,,,0.0,,,,NOT_TRIGGERED,False,,,,,NOT_TRIGGERED,,,,,0.0,,,,NOT_TRIGGERED,False,,,,,NOT_TRIGGERED,,,,,0.0,,,
orb_v1.0,2024-07-10,10,OUST,BBG00XRTSTS0,3.6625897349882592,14,LONG,True,SELECTED,False,False,False,False,77987.0,21292.85714285714,1401716.857142857,0.5941785714285712,11.93,12.13,11.81,11.99,False,NOT_TRIGGERED,False,,,,,NOT_TRIGGERED,,,,,0.0,,,,NOT_TRIGGERED,False,,,,,NOT_TRIGGERED,,,,,0.0,,,,NOT_TRIGGERED,False,,,,,NOT_TRIGGERED,,,,,0.0,,,
orb_v1.0,2024-07-10,11,FTAI,0001590364,3.458023645286581,14,SHORT,True,SELECTED,False,False,False,False,130305.0,37681.92857142857,1270130.142857143,4.623064285714285,102.69,102.69,98.62,101.49,True,SHORT_NOT_ALLOWED,False,,,,,,,,,,,,,,LEVERAGE_CAP_EXCEEDED,False,,,,,,,,,,,,,,SHORT_NOT_ALLOWED,False,,,,,,,,,,,,,
orb_v1.0,2024-07-10,12,ARQT,BBG00QN8K4P1,3.4151753032241845,14,SHORT,True,SELECTED,False,True,False,False,240583.0,70445.28571428571,3296208.5,0.7225214285714286,10.32,10.55,9.85,9.9,True,SHORT_NOT_ALLOWED,False,,,,,,,,,,,,,,LEVERAGE_CAP_EXCEEDED,False,,,,,,,,,,,,,,SHORT_NOT_ALLOWED,False,,,,,,,,,,,,,
orb_v1.0,2024-07-10,13,SN,0001957132,3.105669238510567,14,SHORT,True,SELECTED,False,False,False,False,41661.0,13414.5,1245833.857142857,2.4172857142857143,71.0,71.24,70.5,70.81,True,SHORT_NOT_ALLOWED,False,,,,,,,,,,,,,,LEVERAGE_CAP_EXCEEDED,False,,,,,,,,,,,,,,SHORT_NOT_ALLOWED,False,,,,,,,,,,,,,
orb_v1.0,2024-07-10,14,CAVA,BBG00GBR8762,3.040189963018355,14,SHORT,True,SELECTED,False,False,False,False,250030.0,82241.57142857143,2514307.5,4.10115,89.95,90.0,87.56,87.72,True,SHORT_NOT_ALLOWED,False,,,,,,,,,,,,,,LEVERAGE_CAP_EXCEEDED,False,,,,,,,,,,,,,,SHORT_NOT_ALLOWED,False,,,,,,,,,,,,,
orb_v1.0,2024-07-10,15,CCJ,BBG001S5Y5S6,3.0206744218219845,14,LONG,True,SELECTED,True,False,False,False,276048.0,91386.21428571429,2474462.0,1.6697285714285717,50.18,50.93,50.0,50.795,True,TRIGGERED,True,2024-07-10T09:35:00-04:00,50.93,2024-07-10T09:35:00-04:00,50.75,STOP,149,-1.0780195241313797,0.21598272138227959,-0.6872177498527421,-0.35342627135283666,-26.819999999999958,-0.5533987826428426,-41.99505399999995,LEVERAGE_CAP_EXCEEDED,False,,,,,,,,,,,,,,CASH_EXHAUSTED,False,,,,,,,,,,,,,
orb_v1.0,2024-07-10,16,WES,BBG003M3V2V9,2.9777980029579325,14,SHORT,True,SELECTED,True,False,False,False,48610.0,16324.142857142857,1123621.142857143,0.7622571428571437,40.78,40.9365,40.76,40.77,True,SHORT_NOT_ALLOWED,False,,,,,,,,,,,,,,LEVERAGE_CAP_EXCEEDED,False,,,,,,,,,,,,,,SHORT_NOT_ALLOWED,False,,,,,,,,,,,,,
orb_v1.0,2024-07-10,17,TEM,BBG01MZQYK84,2.741316405163528,14,SHORT,True,SELECTED,False,False,False,False,119680.0,43657.857142857145,1685225.642857143,4.590714285714286,35.5,36.49,34.8468,35.355,True,SHORT_NOT_ALLOWED,False,,,,,,,,,,,,,,TRIGGERED,True,2024-07-10T10:11:00-04:00,34.8468,2024-07-10T10:29:00-04:00,35.30587142857143,STOP,54,-0.9999999999999964,0.5647577395915928,-2.419734380201327,-1.3173990971091378,-24.78985714285706,-1.5191928670638293,-28.587065399999915,SHORT_NOT_ALLOWED,False,,,,,,,,,,,,,
orb_v1.0,2024-07-10,18,CYTK,BBG001SGMVF2,2.586981183518371,14,LONG,True,SELECTED,False,False,False,False,96917.0,37463.357142857145,1988623.7142857143,1.9280357142857143,55.14,55.58,54.97,55.355,False,NOT_TRIGGERED,False,,,,,NOT_TRIGGERED,,,,,0.0,,,,NOT_TRIGGERED,False,,,,,NOT_TRIGGERED,,,,,0.0,,,,NOT_TRIGGERED,False,,,,,NOT_TRIGGERED,,,,,0.0,,,
orb_v1.0,2024-07-10,19,JWN,BBG001S7BDN5,2.533022375447847,14,LONG,True,SELECTED,False,False,False,False,74942.0,29586.0,1720072.857142857,0.5399928571428568,22.19,22.36,22.12,22.34,True,LEVERAGE_CAP_EXCEEDED,False,,,,,,,,,,,,,,LEVERAGE_CAP_EXCEEDED,False,,,,,,,,,,,,,,CASH_EXHAUSTED,False,,,,,,,,,,,,,
orb_v1.0,2024-07-10,20,GME,BBG001S5RLR0,2.4044794566028025,14,LONG,True,SELECTED,False,True,False,False,1997325.0,830668.3571428572,22444728.785714287,1.8106928571428573,25.0,25.89,24.9,25.8465,True,TRIGGERED,True,2024-07-10T10:20:00-04:00,25.89,2024-07-10T10:20:00-04:00,25.5955,STOP,138,-1.6264492281959904,0.6566241792197669,-1.1973735032831279,-1.1375048281189621,-40.640999999999906,-1.3370084974893754,-47.768906999999906,TRIGGERED,True,2024-07-10T10:20:00-04:00,25.89,2024-07-10T10:20:00-04:00,25.5955,STOP,138,-1.6264492281959904,0.6566241792197669,-1.1973735032831279,-1.1375048281189621,-40.640999999999906,-1.3370084974893754,-47.768906999999906,CASH_EXHAUSTED,False,,,,,,,,,,,,,
orb_v1.0,2024-07-10,21,CFG,BBG006Q0HZT0,2.213529308847137,14,LONG,False,BEYOND_TOP_N,True,False,False,False,206041.0,93082.57142857143,5046653.714285715,0.757871428571428,36.36,36.53,36.3,36.47,True,BEYOND_TOP_N,False,,,,,,,,,,,,,,BEYOND_TOP_N,False,,,,,,,,,,,,,,BEYOND_TOP_N,False,,,,,,,,,,,,,
orb_v1.0,2024-07-10,22,LAZ,BBG001S711C4,2.204158643394,14,LONG,False,BEYOND_TOP_N,False,False,False,False,20277.0,9199.42857142857,1193583.2857142857,0.9864285714285715,39.45,39.51,39.23,39.51,True,BEYOND_TOP_N,False,,,,,,,,,,,,,,BEYOND_TOP_N,False,,,,,,,,,,,,,,BEYOND_TOP_N,False,,,,,,,,,,,,,
orb_v1.0,2024-07-10,23,WSM,BBG001SBW7S1,2.1793786427303496,14,LONG,False,BEYOND_TOP_N,False,False,False,False,43322.0,19878.14285714286,1099801.5,21.57778571428571,145.5,146.14,143.7,145.79,True,BEYOND_TOP_N,False,,,,,,,,,,,,,,BEYOND_TOP_N,False,,,,,,,,,,,,,,BEYOND_TOP_N,False,,,,,,,,,,,,,
orb_v1.0,2024-07-10,24,DOCU,BBG001T535D5,2.17261351046872,14,LONG,False,BEYOND_TOP_N,False,False,False,False,132792.0,61120.857142857145,2515081.285714286,1.309542857142857,52.13,52.33,51.58,52.33,True,BEYOND_TOP_N,False,,,,,,,,,,,,,,BEYOND_TOP_N,False,,,,,,,,,,,,,,BEYOND_TOP_N,False,,,,,,,,,,,,,
orb_v1.0,2024-07-10,25,SPOT,0001639920,2.168029742827949,14,LONG,False,BEYOND_TOP_N,True,False,False,False,75475.0,34812.71428571428,1505094.0,8.067842857142868,308.0,310.98,307.4305,310.355,True,BEYOND_TOP_N,False,,,,,,,,,,,,,,BEYOND_TOP_N,False,,,,,,,,,,,,,,BEYOND_TOP_N,False,,,,,,,,,,,,,
orb_v1.0,2024-07-10,26,EL,BBG001S8L5H6,2.1314672618145556,14,LONG,False,BEYOND_TOP_N,True,False,False,False,205948.0,96622.64285714286,3072077.8571428573,2.9964214285714275,103.4,103.9,102.5,103.79,True,BEYOND_TOP_N,False,,,,,,,,,,,,,,BEYOND_TOP_N,False,,,,,,,,,,,,,,BEYOND_TOP_N,False,,,,,,,,,,,,,
orb_v1.0,2024-07-10,27,FLNC,BBG012QSDTD2,2.105835559907286,14,SHORT,False,BEYOND_TOP_N,False,False,False,False,163146.0,77473.28571428571,2632462.3571428573,1.1759357142857143,18.12,18.4,17.706,17.77,True,BEYOND_TOP_N,False,,,,,,,,,,,,,,BEYOND_TOP_N,False,,,,,,,,,,,,,,BEYOND_TOP_N,False,,,,,,,,,,,,,
orb_v1.0,2024-07-10,28,DD,BBG00BN961H3,2.0293742221291873,14,LONG,False,BEYOND_TOP_N,True,False,False,False,63708.0,31392.928571428572,2230364.285714286,1.0989285714285717,78.89,79.17,78.72,79.04,True,BEYOND_TOP_N,False,,,,,,,,,,,,,,BEYOND_TOP_N,False,,,,,,,,,,,,,,BEYOND_TOP_N,False,,,,,,,,,,,,,
orb_v1.0,2024-07-10,29,MA,BBG001SKNNS6,2.0257583752409465,14,LONG,False,BEYOND_TOP_N,True,False,False,False,282177.0,139294.5,2838458.5,6.59791428571428,434.61,437.41,433.38,436.62,False,BEYOND_TOP_N,False,,,,,,,,,,,,,,BEYOND_TOP_N,False,,,,,,,,,,,,,,BEYOND_TOP_N,False,,,,,,,,,,,,,
orb_v1.0,2024-07-10,30,BJ,BBG00FQ8T4M6,2.0132886342825578,14,LONG,False,BEYOND_TOP_N,False,False,False,False,38006.0,18877.571428571428,1407998.5,1.904985714285716,88.99,89.63,88.55,89.63,True,BEYOND_TOP_N,False,,,,,,,,,,,,,,BEYOND_TOP_N,False,,,,,,,,,,,,,,BEYOND_TOP_N,False,,,,,,,,,,,,,
orb_v1.0,2024-07-10,31,RPD,BBG009DFHWH5,2.009567486679332,14,SHORT,False,BEYOND_TOP_N,False,False,False,False,35587.0,17708.785714285714,1436635.7142857143,1.5804000000000005,40.52,40.655,39.51,39.61,True,BEYOND_TOP_N,False,,,,,,,,,,,,,,BEYOND_TOP_N,False,,,,,,,,,,,,,,BEYOND_TOP_N,False,,,,,,,,,,,,,
orb_v1.0,2024-07-10,32,KLG,BBG018CYVVX4,2.004361261049832,14,SHORT,False,BEYOND_TOP_N,False,False,False,False,58564.0,29218.285714285714,1695292.7142857143,0.5607142857142858,15.49,15.625,15.4,15.445,True,BEYOND_TOP_N,False,,,,,,,,,,,,,,BEYOND_TOP_N,False,,,,,,,,,,,,,,BEYOND_TOP_N,False,,,,,,,,,,,,,
orb_v1.0,2024-07-10,33,CTVA,BBG00BN969D0,1.9713074386535907,14,SHORT,False,BELOW_MINIMUM_RELATIVE_VOLUME,True,False,False,False,75624.0,38362.357142857145,3385695.714285714,0.9695642857142849,50.8,50.835,50.41,50.49,True,BELOW_MINIMUM_RELATIVE_VOLUME,False,,,,,,,,,,,,,,BELOW_MINIMUM_RELATIVE_VOLUME,False,,,,,,,,,,,,,,BELOW_MINIMUM_RELATIVE_VOLUME,False,,,,,,,,,,,,,
orb_v1.0,2024-07-10,34,CRNX,BBG00BC592C3,1.966820468055036,14,LONG,False,BELOW_MINIMUM_RELATIVE_VOLUME,False,False,False,False,33797.0,17183.571428571428,1199425.0714285714,1.9653499999999997,48.46,49.0,48.46,48.89,True,BELOW_MINIMUM_RELATIVE_VOLUME,False,,,,,,,,,,,,,,BELOW_MINIMUM_RELATIVE_VOLUME,False,,,,,,,,,,,,,,BELOW_MINIMUM_RELATIVE_VOLUME,False,,,,,,,,,,,,,
orb_v1.0,2024-07-10,35,LW,BBG003CVMLR1,1.9140294834661797,14,SHORT,False,BELOW_MINIMUM_RELATIVE_VOLUME,False,False,False,False,71559.0,37386.57142857143,2259189.4285714286,1.8474928571428566,77.05,77.11,76.67,77.045,False,BELOW_MINIMUM_RELATIVE_VOLUME,False,,,,,,,,,,,,,,BELOW_MINIMUM_RELATIVE_VOLUME,False,,,,,,,,,,,,,,BELOW_MINIMUM_RELATIVE_VOLUME,False,,,,,,,,,,,,,
orb_v1.0,2024-07-10,36,LSCC,BBG001S6C0G2,1.9061999729169719,14,LONG,False,BELOW_MINIMUM_RELATIVE_VOLUME,False,False,False,False,73400.0,38505.92857142857,2033013.7857142857,1.8049999999999997,60.36,60.78,60.25,60.78,True,BELOW_MINIMUM_RELATIVE_VOLUME,False,,,,,,,,,,,,,,BELOW_MINIMUM_RELATIVE_VOLUME,False,,,,,,,,,,,,,,BELOW_MINIMUM_RELATIVE_VOLUME,False,,,,,,,,,,,,,
orb_v1.0,2024-07-10,37,IART,BBG001S7JWM6,1.9055084655747454,14,SHORT,False,BELOW_MINIMUM_RELATIVE_VOLUME,False,False,False,False,19221.0,10087.07142857143,2690313.1428571427,0.8792142857142851,29.14,29.2899,28.83,28.98,True,BELOW_MINIMUM_RELATIVE_VOLUME,False,,,,,,,,,,,,,,BELOW_MINIMUM_RELATIVE_VOLUME,False,,,,,,,,,,,,,,BELOW_MINIMUM_RELATIVE_VOLUME,False,,,,,,,,,,,,,
orb_v1.0,2024-07-10,38,CAT,BBG001S5PJ06,1.891041643630549,14,SHORT,False,BELOW_MINIMUM_RELATIVE_VOLUME,True,False,False,False,254089.0,134364.57142857142,3360391.714285714,5.660000000000013,326.1,326.33,321.64,324.16,False,BELOW_MINIMUM_RELATIVE_VOLUME,False,,,,,,,,,,,,,,BELOW_MINIMUM_RELATIVE_VOLUME,False,,,,,,,,,,,,,,BELOW_MINIMUM_RELATIVE_VOLUME,False,,,,,,,,,,,,,
orb_v1.0,2024-07-10,39,CHTR,BBG001T3TDG2,1.77176510022645,14,LONG,False,BELOW_MINIMUM_RELATIVE_VOLUME,True,False,False,False,64940.0,36652.71428571428,1385514.142857143,9.141785714285716,294.2,296.76,294.2,295.4,False,BELOW_MINIMUM_RELATIVE_VOLUME,False,,,,,,,,,,,,,,BELOW_MINIMUM_RELATIVE_VOLUME,False,,,,,,,,,,,,,,BELOW_MINIMUM_RELATIVE_VOLUME,False,,,,,,,,,,,,,
orb_v1.0,2024-07-10,40,EAT,BBG001S5RFV8,1.710487009063444,14,SHORT,False,BELOW_MINIMUM_RELATIVE_VOLUME,False,False,False,False,50551.0,29553.571428571428,1548960.142857143,2.6641071428571417,66.3,66.74,65.45,65.46,True,BELOW_MINIMUM_RELATIVE_VOLUME,False,,,,,,,,,,,,,,BELOW_MINIMUM_RELATIVE_VOLUME,False,,,,,,,,,,,,,,BELOW_MINIMUM_RELATIVE_VOLUME,False,,,,,,,,,,,,,
orb_v1.0,2024-07-10,41,BILL,BBG00QVJV7L3,1.6833727580729823,14,SHORT,False,BELOW_MINIMUM_RELATIVE_VOLUME,False,False,False,False,35277.0,20956.14285714286,1374469.7142857143,1.3852142857142848,50.73,50.76,50.02,50.335,True,BELOW_MINIMUM_RELATIVE_VOLUME,False,,,,,,,,,,,,,,BELOW_MINIMUM_RELATIVE_VOLUME,False,,,,,,,,,,,,,,BELOW_MINIMUM_RELATIVE_VOLUME,False,,,,,,,,,,,,,
orb_v1.0,2024-07-10,42,ZM,BBG0042V6JN7,1.6811874210168174,14,SHORT,False,BELOW_MINIMUM_RELATIVE_VOLUME,True,False,False,False,237180.0,141078.85714285713,3398622.4285714286,1.192535714285714,56.7,56.81,56.4,56.625,True,BELOW_MINIMUM_RELATIVE_VOLUME,False,,,,,,,,,,,,,,BELOW_MINIMUM_RELATIVE_VOLUME,False,,,,,,,,,,,,,,BELOW_MINIMUM_RELATIVE_VOLUME,False,,,,,,,,,,,,,
orb_v1.0,2024-07-10,43,GDDY,BBG006MDLXZ9,1.6729731648445265,14,LONG,False,BELOW_MINIMUM_RELATIVE_VOLUME,True,False,False,False,47131.0,28172.0,3901420.6428571427,2.421421428571435,142.3,142.73,141.75,142.49,True,BELOW_MINIMUM_RELATIVE_VOLUME,False,,,,,,,,,,,,,,BELOW_MINIMUM_RELATIVE_VOLUME,False,,,,,,,,,,,,,,BELOW_MINIMUM_RELATIVE_VOLUME,False,,,,,,,,,,,,,
orb_v1.0,2024-07-10,44,ARMK,BBG001V0NR70,1.672568047195016,14,SHORT,False,BELOW_MINIMUM_RELATIVE_VOLUME,False,False,False,False,39753.0,23767.64285714286,1838526.7142857143,0.5813499999999989,32.46,32.525,32.38,32.45,True,BELOW_MINIMUM_RELATIVE_VOLUME,False,,,,,,,,,,,,,,BELOW_MINIMUM_RELATIVE_VOLUME,False,,,,,,,,,,,,,,BELOW_MINIMUM_RELATIVE_VOLUME,False,,,,,,,,,,,,,
orb_v1.0,2024-07-10,45,NCLH,0001513761,1.6687801720650504,14,LONG,False,BELOW_MINIMUM_RELATIVE_VOLUME,False,False,False,False,618767.0,370790.0,11764970.214285715,0.601721428571428,18.8,19.04,18.79,18.95,False,BELOW_MINIMUM_RELATIVE_VOLUME,False,,,,,,,,,,,,,,BELOW_MINIMUM_RELATIVE_VOLUME,False,,,,,,,,,,,,,,BELOW_MINIMUM_RELATIVE_VOLUME,False,,,,,,,,,,,,,
orb_v1.0,2024-07-10,46,PCVX,BBG009PHHPP4,1.668766209707299,14,SHORT,False,BELOW_MINIMUM_RELATIVE_VOLUME,False,False,False,False,47292.0,28339.5,1052244.2857142857,2.802664285714287,81.3,81.3,80.4128,80.4128,True,BELOW_MINIMUM_RELATIVE_VOLUME,False,,,,,,,,,,,,,,BELOW_MINIMUM_RELATIVE_VOLUME,False,,,,,,,,,,,,,,BELOW_MINIMUM_RELATIVE_VOLUME,False,,,,,,,,,,,,,
orb_v1.0,2024-07-10,47,CMG,BBG001SP50B3,1.6600519836216872,14,SHORT,False,BELOW_MINIMUM_RELATIVE_VOLUME,False,True,False,False,734257.0,442309.64285714284,13861878.857142856,270.8071428571429,57.43,57.64,57.06,57.28,True,BELOW_MINIMUM_RELATIVE_VOLUME,False,,,,,,,,,,,,,,BELOW_MINIMUM_RELATIVE_VOLUME,False,,,,,,,,,,,,,,BELOW_MINIMUM_RELATIVE_VOLUME,False,,,,,,,,,,,,,
orb_v1.0,2024-07-10,48,CROX,BBG001SDGFR8,1.6463268773921078,14,SHORT,False,BELOW_MINIMUM_RELATIVE_VOLUME,False,False,False,False,57025.0,34637.71428571428,1252219.357142857,4.500971428571431,144.45,144.45,142.51,142.59,True,BELOW_MINIMUM_RELATIVE_VOLUME,False,,,,,,,,,,,,,,BELOW_MINIMUM_RELATIVE_VOLUME,False,,,,,,,,,,,,,,BELOW_MINIMUM_RELATIVE_VOLUME,False,,,,,,,,,,,,,
orb_v1.0,2024-07-10,49,BYON,BBG001S64TS5,1.62113913743906,14,DOJI,False,BELOW_MINIMUM_RELATIVE_VOLUME,False,False,False,False,79498.0,49038.357142857145,1766360.9285714286,0.6372857142857143,13.05,13.15,12.94,13.05,False,BELOW_MINIMUM_RELATIVE_VOLUME,False,,,,,,,,,,,,,,BELOW_MINIMUM_RELATIVE_VOLUME,False,,,,,,,,,,,,,,BELOW_MINIMUM_RELATIVE_VOLUME,False,,,,,,,,,,,,,
orb_v1.0,2024-07-10,50,AMD,BBG001S5NN36,1.6034614785949606,14,SHORT,False,BELOW_MINIMUM_RELATIVE_VOLUME,True,False,False,False,3681317.0,2295856.214285714,51526137.0,6.428542857142863,179.99,181.25,177.8,178.8994,False,BELOW_MINIMUM_RELATIVE_VOLUME,False,,,,,,,,,,,,,,BELOW_MINIMUM_RELATIVE_VOLUME,False,,,,,,,,,,,,,,BELOW_MINIMUM_RELATIVE_VOLUME,False,,,,,,,,,,,,,
orb_v1.0,2024-07-10,51,YUMC,BBG00B8N0HH0,1.5920223134856497,14,LONG,False,BELOW_MINIMUM_RELATIVE_VOLUME,False,False,False,False,125654.0,78927.28571428571,2423471.3571428573,0.7286285714285715,30.4,30.6,30.31,30.58,True,BELOW_MINIMUM_RELATIVE_VOLUME,False,,,,,,,,,,,,,,BELOW_MINIMUM_RELATIVE_VOLUME,False,,,,,,,,,,,,,,BELOW_MINIMUM_RELATIVE_VOLUME,False,,,,,,,,,,,,,
orb_v1.0,2024-07-10,52,PHIN,BBG01F6N6NP4,1.580371743499482,14,SHORT,False,BELOW_MINIMUM_RELATIVE_VOLUME,False,False,False,False,9043.0,5722.071428571428,1119226.0,1.1082142857142858,41.33,41.47,40.7,40.995,True,BELOW_MINIMUM_RELATIVE_VOLUME,False,,,,,,,,,,,,,,BELOW_MINIMUM_RELATIVE_VOLUME,False,,,,,,,,,,,,,,BELOW_MINIMUM_RELATIVE_VOLUME,False,,,,,,,,,,,,,
orb_v1.0,2024-07-10,53,FOUR,BBG00TX393M3,1.5415719595352604,14,SHORT,False,BELOW_MINIMUM_RELATIVE_VOLUME,False,False,False,False,22575.0,14644.142857142857,1018624.2857142857,2.0009071428571423,72.09,72.33,71.2601,71.72,True,BELOW_MINIMUM_RELATIVE_VOLUME,False,,,,,,,,,,,,,,BELOW_MINIMUM_RELATIVE_VOLUME,False,,,,,,,,,,,,,,BELOW_MINIMUM_RELATIVE_VOLUME,False,,,,,,,,,,,,,
orb_v1.0,2024-07-10,54,CTLT,BBG005XR47N7,1.538996039136689,14,SHORT,False,BELOW_MINIMUM_RELATIVE_VOLUME,False,False,False,False,82456.0,53577.78571428572,1742548.9285714286,0.5899999999999993,57.3,57.32,57.03,57.05,False,BELOW_MINIMUM_RELATIVE_VOLUME,False,,,,,,,,,,,,,,BELOW_MINIMUM_RELATIVE_VOLUME,False,,,,,,,,,,,,,,BELOW_MINIMUM_RELATIVE_VOLUME,False,,,,,,,,,,,,,
orb_v1.0,2024-07-10,55,RHI,BBG001S5VP41,1.4978773303221462,14,SHORT,False,BELOW_MINIMUM_RELATIVE_VOLUME,False,False,False,False,29562.0,19735.928571428572,3450865.3571428573,1.2961571428571423,61.1,61.1,60.84,60.975,True,BELOW_MINIMUM_RELATIVE_VOLUME,False,,,,,,,,,,,,,,BELOW_MINIMUM_RELATIVE_VOLUME,False,,,,,,,,,,,,,,BELOW_MINIMUM_RELATIVE_VOLUME,False,,,,,,,,,,,,,
orb_v1.0,2024-07-10,56,MMM,BBG001S5T7X2,1.4913622626021417,14,SHORT,False,BELOW_MINIMUM_RELATIVE_VOLUME,True,False,False,False,225545.0,151234.2142857143,3587703.4285714286,1.8894571428571436,99.81,100.84,99.41,99.775,True,BELOW_MINIMUM_RELATIVE_VOLUME,False,,,,,,,,,,,,,,BELOW_MINIMUM_RELATIVE_VOLUME,False,,,,,,,,,,,,,,BELOW_MINIMUM_RELATIVE_VOLUME,False,,,,,,,,,,,,,
orb_v1.0,2024-07-10,57,FNF,BBG006N7S6J1,1.4903650943075233,14,LONG,False,BELOW_MINIMUM_RELATIVE_VOLUME,False,False,False,False,28158.0,18893.35714285714,1193061.4285714286,0.956742857142858,48.0,48.33,48.0,48.3,True,BELOW_MINIMUM_RELATIVE_VOLUME,False,,,,,,,,,,,,,,BELOW_MINIMUM_RELATIVE_VOLUME,False,,,,,,,,,,,,,,BELOW_MINIMUM_RELATIVE_VOLUME,False,,,,,,,,,,,,,
orb_v1.0,2024-07-10,58,ACMR,BBG00HPSG942,1.4814702848561443,14,LONG,False,BELOW_MINIMUM_RELATIVE_VOLUME,False,False,False,False,75608.0,51035.78571428572,1127050.357142857,1.2870428571428574,23.12,23.49,23.0,23.32,True,BELOW_MINIMUM_RELATIVE_VOLUME,False,,,,,,,,,,,,,,BELOW_MINIMUM_RELATIVE_VOLUME,False,,,,,,,,,,,,,,BELOW_MINIMUM_RELATIVE_VOLUME,False,,,,,,,,,,,,,
orb_v1.0,2024-07-10,59,PFE,BBG001S5V466,1.480726741022547,14,LONG,False,BELOW_MINIMUM_RELATIVE_VOLUME,True,False,False,False,1561840.0,1054779.357142857,29238627.5,0.5796428571428572,27.83,28.125,27.8,28.07,True,BELOW_MINIMUM_RELATIVE_VOLUME,False,,,,,,,,,,,,,,BELOW_MINIMUM_RELATIVE_VOLUME,False,,,,,,,,,,,,,,BELOW_MINIMUM_RELATIVE_VOLUME,False,,,,,,,,,,,,,
orb_v1.0,2024-07-10,60,MBLY,BBG019X46ZY3,1.4350242011041412,14,LONG,False,BELOW_MINIMUM_RELATIVE_VOLUME,True,False,False,False,102730.0,71587.64285714286,3433964.8571428573,1.3012785714285704,26.97,27.4,26.96,27.2,False,BELOW_MINIMUM_RELATIVE_VOLUME,False,,,,,,,,,,,,,,BELOW_MINIMUM_RELATIVE_VOLUME,False,,,,,,,,,,,,,,BELOW_MINIMUM_RELATIVE_VOLUME,False,,,,,,,,,,,,,
orb_v1.0,2024-07-10,61,V,BBG001SRCFY3,1.4254537529964821,14,LONG,False,BELOW_MINIMUM_RELATIVE_VOLUME,True,False,False,False,595231.0,417573.0,11215665.214285715,4.333150000000002,259.12,262.13,258.51,262.055,True,BELOW_MINIMUM_RELATIVE_VOLUME,False,,,,,,,,,,,,,,BELOW_MINIMUM_RELATIVE_VOLUME,False,,,,,,,,,,,,,,BELOW_MINIMUM_RELATIVE_VOLUME,False,,,,,,,,,,,,,
orb_v1.0,2024-07-10,62,NOW,BBG001T4JFC0,1.4202009677393892,14,SHORT,False,BELOW_MINIMUM_RELATIVE_VOLUME,True,False,False,False,77109.0,54294.42857142857,1328499.857142857,18.96767857142857,740.56,740.69,735.98,737.77,True,BELOW_MINIMUM_RELATIVE_VOLUME,False,,,,,,,,,,,,,,BELOW_MINIMUM_RELATIVE_VOLUME,False,,,,,,,,,,,,,,BELOW_MINIMUM_RELATIVE_VOLUME,False,,,,,,,,,,,,,
orb_v1.0,2024-07-10,63,OKLO,BBG0112CBMQ8,1.4141968914249023,14,SHORT,False,BELOW_MINIMUM_RELATIVE_VOLUME,False,False,False,False,134667.0,95225.07142857143,3241455.714285714,0.8367785714285715,7.88,7.96,7.7,7.71,True,BELOW_MINIMUM_RELATIVE_VOLUME,False,,,,,,,,,,,,,,BELOW_MINIMUM_RELATIVE_VOLUME,False,,,,,,,,,,,,,,BELOW_MINIMUM_RELATIVE_VOLUME,False,,,,,,,,,,,,,
orb_v1.0,2024-07-10,64,ILMN,BBG001SF4NY1,1.4034050888241743,14,SHORT,False,BELOW_MINIMUM_RELATIVE_VOLUME,True,False,False,False,77278.0,55064.642857142855,4817807.357142857,3.3587,111.4,111.56,108.0542,109.92,False,BELOW_MINIMUM_RELATIVE_VOLUME,False,,,,,,,,,,,,,,BELOW_MINIMUM_RELATIVE_VOLUME,False,,,,,,,,,,,,,,BELOW_MINIMUM_RELATIVE_VOLUME,False,,,,,,,,,,,,,
orb_v1.0,2024-07-10,65,UPST,BBG00PKCBY62,1.3850401918442417,14,LONG,False,BELOW_MINIMUM_RELATIVE_VOLUME,False,False,False,False,183048.0,132160.7857142857,3325206.714285714,0.9767285714285714,24.64,24.7845,24.42,24.75,True,BELOW_MINIMUM_RELATIVE_VOLUME,False,,,,,,,,,,,,,,BELOW_MINIMUM_RELATIVE_VOLUME,False,,,,,,,,,,,,,,BELOW_MINIMUM_RELATIVE_VOLUME,False,,,,,,,,,,,,,
orb_v1.0,2024-07-10,66,BLMN,BBG002VZ69Q9,1.379275673283236,14,LONG,False,BELOW_MINIMUM_RELATIVE_VOLUME,False,False,False,False,40957.0,29694.571428571428,1777031.0,0.6371428571428565,16.5,16.6825,16.5,16.595,False,BELOW_MINIMUM_RELATIVE_VOLUME,False,,,,,,,,,,,,,,BELOW_MINIMUM_RELATIVE_VOLUME,False,,,,,,,,,,,,,,BELOW_MINIMUM_RELATIVE_VOLUME,False,,,,,,,,,,,,,
orb_v1.0,2024-07-10,67,NVCR,0001645113,1.3789837123770923,14,DOJI,False,BELOW_MINIMUM_RELATIVE_VOLUME,False,False,False,False,26246.0,19032.85714285714,2283216.9285714286,0.7875000000000002,16.99,17.0,16.84,16.99,False,BELOW_MINIMUM_RELATIVE_VOLUME,False,,,,,,,,,,,,,,BELOW_MINIMUM_RELATIVE_VOLUME,False,,,,,,,,,,,,,,BELOW_MINIMUM_RELATIVE_VOLUME,False,,,,,,,,,,,,,
orb_v1.0,2024-07-10,68,CRWD,BBG00BLYKRZ7,1.3751983927192868,14,SHORT,False,BELOW_MINIMUM_RELATIVE_VOLUME,True,False,False,False,286799.0,208551.0,7368581.785714285,10.888371428571421,385.0,385.02,376.0,377.57,True,BELOW_MINIMUM_RELATIVE_VOLUME,False,,,,,,,,,,,,,,BELOW_MINIMUM_RELATIVE_VOLUME,False,,,,,,,,,,,,,,BELOW_MINIMUM_RELATIVE_VOLUME,False,,,,,,,,,,,,,
orb_v1.0,2024-07-10,69,TRU,BBG002Q7J607,1.3731319804939437,14,LONG,False,BELOW_MINIMUM_RELATIVE_VOLUME,False,False,False,False,22446.0,16346.57142857143,1296727.0714285714,1.9399071428571406,76.72,76.92,76.33,76.92,True,BELOW_MINIMUM_RELATIVE_VOLUME,False,,,,,,,,,,,,,,BELOW_MINIMUM_RELATIVE_VOLUME,False,,,,,,,,,,,,,,BELOW_MINIMUM_RELATIVE_VOLUME,False,,,,,,,,,,,,,
orb_v1.0,2024-07-10,70,KSS,BBG001S71NV5,1.3700280271181307,14,SHORT,False,BELOW_MINIMUM_RELATIVE_VOLUME,False,False,False,False,103351.0,75437.14285714286,5609178.428571428,0.9515428571428571,22.55,22.59,22.25,22.34,True,BELOW_MINIMUM_RELATIVE_VOLUME,False,,,,,,,,,,,,,,BELOW_MINIMUM_RELATIVE_VOLUME,False,,,,,,,,,,,,,,BELOW_MINIMUM_RELATIVE_VOLUME,False,,,,,,,,,,,,,
orb_v1.0,2024-07-10,71,FIVN,BBG001V0P7K7,1.3584438256764861,14,SHORT,False,BELOW_MINIMUM_RELATIVE_VOLUME,False,False,False,False,19898.0,14647.642857142857,1213735.7142857143,1.3885357142857149,41.6,41.876,40.77,40.77,True,BELOW_MINIMUM_RELATIVE_VOLUME,False,,,,,,,,,,,,,,BELOW_MINIMUM_RELATIVE_VOLUME,False,,,,,,,,,,,,,,BELOW_MINIMUM_RELATIVE_VOLUME,False,,,,,,,,,,,,,
orb_v1.0,2024-07-10,72,INTU,BBG001S6TWR2,1.355721673931209,14,SHORT,False,BELOW_MINIMUM_RELATIVE_VOLUME,True,False,False,False,90045.0,66418.5,1475565.0714285714,13.062142857142849,636.69,636.69,628.01,629.295,True,BELOW_MINIMUM_RELATIVE_VOLUME,False,,,,,,,,,,,,,,BELOW_MINIMUM_RELATIVE_VOLUME,False,,,,,,,,,,,,,,BELOW_MINIMUM_RELATIVE_VOLUME,False,,,,,,,,,,,,,
orb_v1.0,2024-07-10,73,FBIN,BBG001THLZ70,1.3480972900296455,14,LONG,False,BELOW_MINIMUM_RELATIVE_VOLUME,False,False,False,False,34950.0,25925.428571428572,1885214.5714285714,1.5974285714285739,64.34,64.545,64.04,64.545,True,BELOW_MINIMUM_RELATIVE_VOLUME,False,,,,,,,,,,,,,,BELOW_MINIMUM_RELATIVE_VOLUME,False,,,,,,,,,,,,,,BELOW_MINIMUM_RELATIVE_VOLUME,False,,,,,,,,,,,,,
orb_v1.0,2024-07-10,74,DINO,BBG0135B2269,1.3383268891657094,14,SHORT,False,BELOW_MINIMUM_RELATIVE_VOLUME,False,False,False,False,35454.0,26491.285714285714,2034490.357142857,1.4133499999999997,48.7,48.8,48.45,48.64,True,BELOW_MINIMUM_RELATIVE_VOLUME,False,,,,,,,,,,,,,,BELOW_MINIMUM_RELATIVE_VOLUME,False,,,,,,,,,,,,,,BELOW_MINIMUM_RELATIVE_VOLUME,False,,,,,,,,,,,,,
orb_v1.0,2024-07-10,75,IREN,0001878848,1.3356865316315243,14,SHORT,False,BELOW_MINIMUM_RELATIVE_VOLUME,False,True,False,False,979875.0,733611.5,16438928.5,1.435357142857143,13.55,13.5982,13.13,13.18,True,BELOW_MINIMUM_RELATIVE_VOLUME,False,,,,,,,,,,,,,,BELOW_MINIMUM_RELATIVE_VOLUME,False,,,,,,,,,,,,,,BELOW_MINIMUM_RELATIVE_VOLUME,False,,,,,,,,,,,,,
orb_v1.0,2024-07-10,76,SMAR,BBG00GQK3WC4,1.334898067463422,14,LONG,False,BELOW_MINIMUM_RELATIVE_VOLUME,False,False,False,False,31809.0,23828.785714285714,1315464.142857143,1.0584499999999994,43.0,43.05,42.84,43.05,True,BELOW_MINIMUM_RELATIVE_VOLUME,False,,,,,,,,,,,,,,BELOW_MINIMUM_RELATIVE_VOLUME,False,,,,,,,,,,,,,,BELOW_MINIMUM_RELATIVE_VOLUME,False,,,,,,,,,,,,,
orb_v1.0,2024-07-10,77,SOC,BBG00Z6F4C29,1.334474585198841,14,DOJI,False,BELOW_MINIMUM_RELATIVE_VOLUME,True,False,False,False,5067.0,3797.0,1149019.5714285714,0.8035,15.1,15.1,15.0065,15.1,False,BELOW_MINIMUM_RELATIVE_VOLUME,False,,,,,,,,,,,,,,BELOW_MINIMUM_RELATIVE_VOLUME,False,,,,,,,,,,,,,,BELOW_MINIMUM_RELATIVE_VOLUME,False,,,,,,,,,,,,,
orb_v1.0,2024-07-10,78,LMND,BBG00BM5YC14,1.3297456444117017,14,SHORT,False,BELOW_MINIMUM_RELATIVE_VOLUME,False,False,False,False,72328.0,54392.357142857145,1472032.857142857,0.6853571428571428,18.2,18.36,18.06,18.19,True,BELOW_MINIMUM_RELATIVE_VOLUME,False,,,,,,,,,,,,,,BELOW_MINIMUM_RELATIVE_VOLUME,False,,,,,,,,,,,,,,BELOW_MINIMUM_RELATIVE_VOLUME,False,,,,,,,,,,,,,
orb_v1.0,2024-07-10,79,ZI,BBG00S1HJ4F4,1.3271161662079727,14,SHORT,False,BELOW_MINIMUM_RELATIVE_VOLUME,False,False,False,False,138566.0,104411.35714285714,8162695.5,0.532785714285714,12.5,12.55,12.28,12.32,True,BELOW_MINIMUM_RELATIVE_VOLUME,False,,,,,,,,,,,,,,BELOW_MINIMUM_RELATIVE_VOLUME,False,,,,,,,,,,,,,,BELOW_MINIMUM_RELATIVE_VOLUME,False,,,,,,,,,,,,,
orb_v1.0,2024-07-10,80,HPQ,BBG001S6W7N7,1.3239785925734837,14,LONG,False,BELOW_MINIMUM_RELATIVE_VOLUME,True,False,False,False,288506.0,217908.35714285713,7733864.714285715,0.730714285714285,35.72,36.06,35.72,35.92,False,BELOW_MINIMUM_RELATIVE_VOLUME,False,,,,,,,,,,,,,,BELOW_MINIMUM_RELATIVE_VOLUME,False,,,,,,,,,,,,,,BELOW_MINIMUM_RELATIVE_VOLUME,False,,,,,,,,,,,,,
orb_v1.0,2024-07-10,81,AI,BBG00Y6G6Y84,1.314487608029235,14,SHORT,False,BELOW_MINIMUM_RELATIVE_VOLUME,False,False,False,False,189743.0,144347.5,3560768.9285714286,1.182857142857142,29.99,30.048,29.5,29.73,True,BELOW_MINIMUM_RELATIVE_VOLUME,False,,,,,,,,,,,,,,BELOW_MINIMUM_RELATIVE_VOLUME,False,,,,,,,,,,,,,,BELOW_MINIMUM_RELATIVE_VOLUME,False,,,,,,,,,,,,,
orb_v1.0,2024-07-10,82,USFD,BBG00C6H6D59,1.30635191113456,14,LONG,False,BELOW_MINIMUM_RELATIVE_VOLUME,False,False,False,False,26175.0,20036.714285714286,1869520.2857142857,1.1458214285714285,50.33,50.79,50.33,50.79,False,BELOW_MINIMUM_RELATIVE_VOLUME,False,,,,,,,,,,,,,,BELOW_MINIMUM_RELATIVE_VOLUME,False,,,,,,,,,,,,,,BELOW_MINIMUM_RELATIVE_VOLUME,False,,,,,,,,,,,,,
orb_v1.0,2024-07-10,83,RDDT,BBG015RGX648,1.3007461851434419,14,LONG,False,BELOW_MINIMUM_RELATIVE_VOLUME,False,False,False,False,92987.0,71487.42857142857,3013138.214285714,4.3618857142857115,71.23,72.24,70.86,71.7051,True,BELOW_MINIMUM_RELATIVE_VOLUME,False,,,,,,,,,,,,,,BELOW_MINIMUM_RELATIVE_VOLUME,False,,,,,,,,,,,,,,BELOW_MINIMUM_RELATIVE_VOLUME,False,,,,,,,,,,,,,
orb_v1.0,2024-07-10,84,MTCH,BBG00VT0KP47,1.2875270303450876,14,SHORT,False,BELOW_MINIMUM_RELATIVE_VOLUME,False,False,False,False,97009.0,75345.21428571429,5634548.285714285,0.7541571428571433,31.16,31.17,30.93,30.97,True,BELOW_MINIMUM_RELATIVE_VOLUME,False,,,,,,,,,,,,,,BELOW_MINIMUM_RELATIVE_VOLUME,False,,,,,,,,,,,,,,BELOW_MINIMUM_RELATIVE_VOLUME,False,,,,,,,,,,,,,
orb_v1.0,2024-07-10,85,BRZE,BBG00294NX54,1.2812201357860886,14,SHORT,False,BELOW_MINIMUM_RELATIVE_VOLUME,False,False,False,False,33038.0,25786.35714285714,1267674.4285714286,1.2416857142857158,39.33,39.34,38.72,38.815,True,BELOW_MINIMUM_RELATIVE_VOLUME,False,,,,,,,,,,,,,,BELOW_MINIMUM_RELATIVE_VOLUME,False,,,,,,,,,,,,,,BELOW_MINIMUM_RELATIVE_VOLUME,False,,,,,,,,,,,,,
orb_v1.0,2024-07-10,86,VST,BBG00DXDL6R0,1.2735797840139043,14,SHORT,False,BELOW_MINIMUM_RELATIVE_VOLUME,True,False,False,False,326081.0,256035.0,7645583.714285715,4.424635714285715,91.55,92.0,88.17,88.53,True,BELOW_MINIMUM_RELATIVE_VOLUME,False,,,,,,,,,,,,,,BELOW_MINIMUM_RELATIVE_VOLUME,False,,,,,,,,,,,,,,BELOW_MINIMUM_RELATIVE_VOLUME,False,,,,,,,,,,,,,
orb_v1.0,2024-07-10,87,ALK,BBG001S5NLG6,1.2716280952702248,14,LONG,False,BELOW_MINIMUM_RELATIVE_VOLUME,False,False,False,False,40386.0,31759.285714285714,1714575.7142857143,0.9559714285714291,37.94,38.01,37.79,38.0,False,BELOW_MINIMUM_RELATIVE_VOLUME,False,,,,,,,,,,,,,,BELOW_MINIMUM_RELATIVE_VOLUME,False,,,,,,,,,,,,,,BELOW_MINIMUM_RELATIVE_VOLUME,False,,,,,,,,,,,,,
orb_v1.0,2024-07-10,88,SYY,BBG001S5WJS8,1.2613965804551783,14,LONG,False,BELOW_MINIMUM_RELATIVE_VOLUME,True,False,False,False,86834.0,68839.57142857143,4440409.142857143,1.20142142857143,69.41,69.76,69.21,69.59,False,BELOW_MINIMUM_RELATIVE_VOLUME,False,,,,,,,,,,,,,,BELOW_MINIMUM_RELATIVE_VOLUME,False,,,,,,,,,,,,,,BELOW_MINIMUM_RELATIVE_VOLUME,False,,,,,,,,,,,,,
orb_v1.0,2024-07-10,89,MORF,BBG00PBD6WR7,1.2569668417908535,14,LONG,False,BELOW_MINIMUM_RELATIVE_VOLUME,False,False,False,False,229802.0,182822.64285714287,5312262.428571428,3.396071428571429,55.72,55.755,55.66,55.73,True,BELOW_MINIMUM_RELATIVE_VOLUME,False,,,,,,,,,,,,,,BELOW_MINIMUM_RELATIVE_VOLUME,False,,,,,,,,,,,,,,BELOW_MINIMUM_RELATIVE_VOLUME,False,,,,,,,,,,,,,
orb_v1.0,2024-07-10,90,CC,BBG005H82GC1,1.2546116758547312,14,LONG,False,BELOW_MINIMUM_RELATIVE_VOLUME,False,False,False,False,33438.0,26652.071428571428,1353672.5,0.835621428571428,22.64,23.0,22.51,22.96,True,BELOW_MINIMUM_RELATIVE_VOLUME,False,,,,,,,,,,,,,,BELOW_MINIMUM_RELATIVE_VOLUME,False,,,,,,,,,,,,,,BELOW_MINIMUM_RELATIVE_VOLUME,False,,,,,,,,,,,,,
orb_v1.0,2024-07-10,91,PLD,BBG001S5NMN6,1.2452832227529123,14,SHORT,False,BELOW_MINIMUM_RELATIVE_VOLUME,True,False,False,False,82315.0,66101.42857142857,3364384.4285714286,2.127778571428572,115.01,115.44,114.49,114.875,True,BELOW_MINIMUM_RELATIVE_VOLUME,False,,,,,,,,,,,,,,BELOW_MINIMUM_RELATIVE_VOLUME,False,,,,,,,,,,,,,,BELOW_MINIMUM_RELATIVE_VOLUME,False,,,,,,,,,,,,,
orb_v1.0,2024-07-10,92,NEM,BBG001S5TKX3,1.239787336526465,14,LONG,False,BELOW_MINIMUM_RELATIVE_VOLUME,True,False,False,False,428924.0,345965.78571428574,7606643.142857143,0.9642642857142855,44.88,45.2,44.77,45.169,True,BELOW_MINIMUM_RELATIVE_VOLUME,False,,,,,,,,,,,,,,BELOW_MINIMUM_RELATIVE_VOLUME,False,,,,,,,,,,,,,,BELOW_MINIMUM_RELATIVE_VOLUME,False,,,,,,,,,,,,,
orb_v1.0,2024-07-10,93,TECH,BBG001S66C28,1.2368274308297436,14,SHORT,False,BELOW_MINIMUM_RELATIVE_VOLUME,False,False,False,False,23606.0,19085.928571428572,1230399.0,1.655385714285713,71.81,71.81,71.165,71.165,False,BELOW_MINIMUM_RELATIVE_VOLUME,False,,,,,,,,,,,,,,BELOW_MINIMUM_RELATIVE_VOLUME,False,,,,,,,,,,,,,,BELOW_MINIMUM_RELATIVE_VOLUME,False,,,,,,,,,,,,,
orb_v1.0,2024-07-10,94,FTI,0001681459,1.2347877759496584,14,LONG,False,BELOW_MINIMUM_RELATIVE_VOLUME,False,False,False,False,51355.0,41590.142857142855,3450612.214285714,0.5164285714285705,26.08,26.185,25.99,26.185,True,BELOW_MINIMUM_RELATIVE_VOLUME,False,,,,,,,,,,,,,,BELOW_MINIMUM_RELATIVE_VOLUME,False,,,,,,,,,,,,,,BELOW_MINIMUM_RELATIVE_VOLUME,False,,,,,,,,,,,,,
orb_v1.0,2024-07-10,95,TTD,BBG00629NGW8,1.2315083603454162,14,LONG,False,BELOW_MINIMUM_RELATIVE_VOLUME,True,False,False,False,124724.0,101277.42857142857,3038856.8571428573,2.2429714285714275,102.18,102.67,101.55,102.33,False,BELOW_MINIMUM_RELATIVE_VOLUME,False,,,,,,,,,,,,,,BELOW_MINIMUM_RELATIVE_VOLUME,False,,,,,,,,,,,,,,BELOW_MINIMUM_RELATIVE_VOLUME,False,,,,,,,,,,,,,
orb_v1.0,2024-07-10,96,XPO,BBG001SJW3C0,1.2301163729140092,14,SHORT,False,BELOW_MINIMUM_RELATIVE_VOLUME,False,False,False,False,20250.0,16461.85714285714,1353431.357142857,2.9632142857142827,101.7,101.74,101.16,101.565,True,BELOW_MINIMUM_RELATIVE_VOLUME,False,,,,,,,,,,,,,,BELOW_MINIMUM_RELATIVE_VOLUME,False,,,,,,,,,,,,,,BELOW_MINIMUM_RELATIVE_VOLUME,False,,,,,,,,,,,,,
orb_v1.0,2024-07-10,97,ITW,BBG001S5SDX0,1.2257186163192446,14,LONG,False,BELOW_MINIMUM_RELATIVE_VOLUME,True,False,False,False,35755.0,29170.64285714286,1198929.5,3.6479428571428554,233.27,234.07,233.17,233.685,True,BELOW_MINIMUM_RELATIVE_VOLUME,False,,,,,,,,,,,,,,BELOW_MINIMUM_RELATIVE_VOLUME,False,,,,,,,,,,,,,,BELOW_MINIMUM_RELATIVE_VOLUME,False,,,,,,,,,,,,,
orb_v1.0,2024-07-10,98,ADM,BBG001S5ND74,1.2230203242386026,14,LONG,False,BELOW_MINIMUM_RELATIVE_VOLUME,True,False,False,False,121851.0,99631.21428571429,5420711.357142857,1.2753642857142853,63.5,64.07,63.38,63.85,False,BELOW_MINIMUM_RELATIVE_VOLUME,False,,,,,,,,,,,,,,BELOW_MINIMUM_RELATIVE_VOLUME,False,,,,,,,,,,,,,,BELOW_MINIMUM_RELATIVE_VOLUME,False,,,,,,,,,,,,,
orb_v1.0,2024-07-10,99,BDX,BBG001S5P374,1.2198874755889269,14,LONG,False,BELOW_MINIMUM_RELATIVE_VOLUME,True,False,False,False,41986.0,34417.92857142857,1248518.2142857143,4.045821428571429,221.41,222.1988,220.8,221.83,True,BELOW_MINIMUM_RELATIVE_VOLUME,False,,,,,,,,,,,,,,BELOW_MINIMUM_RELATIVE_VOLUME,False,,,,,,,,,,,,,,BELOW_MINIMUM_RELATIVE_VOLUME,False,,,,,,,,,,,,,
orb_v1.0,2024-07-10,100,BBY,BBG001S5P285,1.2144249739466901,14,LONG,False,BELOW_MINIMUM_RELATIVE_VOLUME,True,False,False,False,104380.0,85950.14285714286,3694673.4285714286,2.141264285714288,87.5,87.88,87.32,87.71,False,BELOW_MINIMUM_RELATIVE_VOLUME,False,,,,,,,,,,,,,,BELOW_MINIMUM_RELATIVE_VOLUME,False,,,,,,,,,,,,,,BELOW_MINIMUM_RELATIVE_VOLUME,False,,,,,,,,,,,,,
orb_v1.0,2024-07-10,101,KMX,BBG001SD9561,1.2071354406032444,14,LONG,False,BELOW_MINIMUM_RELATIVE_VOLUME,False,False,False,False,70918.0,58749.0,2512329.285714286,2.055635714285714,73.0,73.98,72.73,73.98,True,BELOW_MINIMUM_RELATIVE_VOLUME,False,,,,,,,,,,,,,,BELOW_MINIMUM_RELATIVE_VOLUME,False,,,,,,,,,,,,,,BELOW_MINIMUM_RELATIVE_VOLUME,False,,,,,,,,,,,,,
orb_v1.0,2024-07-10,102,ROKU,BBG001ZZPQM2,1.1964735216817368,14,SHORT,False,BELOW_MINIMUM_RELATIVE_VOLUME,False,False,False,False,129354.0,108112.71428571429,3343224.5,2.172485714285713,63.47,63.74,62.51,62.64,True,BELOW_MINIMUM_RELATIVE_VOLUME,False,,,,,,,,,,,,,,BELOW_MINIMUM_RELATIVE_VOLUME,False,,,,,,,,,,,,,,BELOW_MINIMUM_RELATIVE_VOLUME,False,,,,,,,,,,,,,
orb_v1.0,2024-07-10,103,GLW,BBG001S5RLH1,1.187583155355329,14,LONG,False,BELOW_MINIMUM_RELATIVE_VOLUME,True,False,False,False,409573.0,344879.4285714286,11829129.42857143,1.196035714285715,45.0,45.28,44.97,45.16,True,BELOW_MINIMUM_RELATIVE_VOLUME,False,,,,,,,,,,,,,,BELOW_MINIMUM_RELATIVE_VOLUME,False,,,,,,,,,,,,,,BELOW_MINIMUM_RELATIVE_VOLUME,False,,,,,,,,,,,,,
orb_v1.0,2024-07-10,104,SU,BBG001S5YSF0,1.1871312955934632,14,SHORT,False,BELOW_MINIMUM_RELATIVE_VOLUME,True,False,False,False,81169.0,68374.07142857143,4290078.428571428,0.7446428571428575,37.63,37.78,37.55,37.62,True,BELOW_MINIMUM_RELATIVE_VOLUME,False,,,,,,,,,,,,,,BELOW_MINIMUM_RELATIVE_VOLUME,False,,,,,,,,,,,,,,BELOW_MINIMUM_RELATIVE_VOLUME,False,,,,,,,,,,,,,
orb_v1.0,2024-07-10,105,U,BBG0056JW5H5,1.18245115598446,14,SHORT,False,BELOW_MINIMUM_RELATIVE_VOLUME,False,False,False,False,276295.0,233662.92857142858,7309184.785714285,0.6946285714285717,15.6,15.62,15.38,15.5389,True,BELOW_MINIMUM_RELATIVE_VOLUME,False,,,,,,,,,,,,,,BELOW_MINIMUM_RELATIVE_VOLUME,False,,,,,,,,,,,,,,BELOW_MINIMUM_RELATIVE_VOLUME,False,,,,,,,,,,,,,
orb_v1.0,2024-07-10,106,UNM,BBG001S5X2J4,1.1814971121112825,14,LONG,False,BELOW_MINIMUM_RELATIVE_VOLUME,False,False,False,False,19857.0,16806.64285714286,1301888.0,0.8156428571428574,51.01,51.16,50.695,51.135,True,BELOW_MINIMUM_RELATIVE_VOLUME,False,,,,,,,,,,,,,,BELOW_MINIMUM_RELATIVE_VOLUME,False,,,,,,,,,,,,,,BELOW_MINIMUM_RELATIVE_VOLUME,False,,,,,,,,,,,,,
orb_v1.0,2024-07-10,107,TWST,BBG006KDCHK2,1.1730574710067163,14,LONG,False,BELOW_MINIMUM_RELATIVE_VOLUME,False,False,False,False,29904.0,25492.35714285714,1077079.642857143,2.5409071428571433,51.12,51.8,50.99,51.45,True,BELOW_MINIMUM_RELATIVE_VOLUME,False,,,,,,,,,,,,,,BELOW_MINIMUM_RELATIVE_VOLUME,False,,,,,,,,,,,,,,BELOW_MINIMUM_RELATIVE_VOLUME,False,,,,,,,,,,,,,
orb_v1.0,2024-07-10,108,LNC,BBG001S5STV7,1.1712353308621852,14,LONG,False,BELOW_MINIMUM_RELATIVE_VOLUME,False,False,False,False,26384.0,22526.64285714286,1491021.5,0.6530785714285712,30.49,30.6,30.44,30.59,True,BELOW_MINIMUM_RELATIVE_VOLUME,False,,,,,,,,,,,,,,BELOW_MINIMUM_RELATIVE_VOLUME,False,,,,,,,,,,,,,,BELOW_MINIMUM_RELATIVE_VOLUME,False,,,,,,,,,,,,,
orb_v1.0,2024-07-10,109,CCK,BBG001S5PKZ5,1.1638542599352573,14,LONG,False,BELOW_MINIMUM_RELATIVE_VOLUME,False,False,False,False,13277.0,11407.785714285714,1093857.9285714286,1.8097785714285735,72.41,72.93,72.21,72.91,True,BELOW_MINIMUM_RELATIVE_VOLUME,False,,,,,,,,,,,,,,BELOW_MINIMUM_RELATIVE_VOLUME,False,,,,,,,,,,,,,,BELOW_MINIMUM_RELATIVE_VOLUME,False,,,,,,,,,,,,,
orb_v1.0,2024-07-10,110,TWLO,BBG0029ZX859,1.1601152820463758,14,SHORT,False,BELOW_MINIMUM_RELATIVE_VOLUME,False,False,False,False,48505.0,41810.5,2342439.785714286,1.2447357142857152,56.6,56.6,55.9,56.07,True,BELOW_MINIMUM_RELATIVE_VOLUME,False,,,,,,,,,,,,,,BELOW_MINIMUM_RELATIVE_VOLUME,False,,,,,,,,,,,,,,BELOW_MINIMUM_RELATIVE_VOLUME,False,,,,,,,,,,,,,
orb_v1.0,2024-07-10,111,HUMA,BBG00XPPT7T6,1.1597341563649937,14,LONG,False,BELOW_MINIMUM_RELATIVE_VOLUME,False,False,False,False,190403.0,164178.14285714287,3989766.714285714,0.5542785714285715,5.97,6.085,5.925,6.085,True,BELOW_MINIMUM_RELATIVE_VOLUME,False,,,,,,,,,,,,,,BELOW_MINIMUM_RELATIVE_VOLUME,False,,,,,,,,,,,,,,BELOW_MINIMUM_RELATIVE_VOLUME,False,,,,,,,,,,,,,
orb_v1.0,2024-07-10,112,CZR,BBG0074Q3NL5,1.1559924790059568,14,LONG,False,BELOW_MINIMUM_RELATIVE_VOLUME,False,False,False,False,79969.0,69177.78571428571,4173863.4285714286,1.3975000000000004,37.18,37.48,37.1245,37.3,False,BELOW_MINIMUM_RELATIVE_VOLUME,False,,,,,,,,,,,,,,BELOW_MINIMUM_RELATIVE_VOLUME,False,,,,,,,,,,,,,,BELOW_MINIMUM_RELATIVE_VOLUME,False,,,,,,,,,,,,,
orb_v1.0,2024-07-10,113,NTAP,BBG001S8LYX5,1.1461223740622648,14,LONG,False,BELOW_MINIMUM_RELATIVE_VOLUME,True,False,False,False,66011.0,57595.07142857143,2206090.9285714286,2.361042857142858,133.07,133.69,133.02,133.36,True,BELOW_MINIMUM_RELATIVE_VOLUME,False,,,,,,,,,,,,,,BELOW_MINIMUM_RELATIVE_VOLUME,False,,,,,,,,,,,,,,BELOW_MINIMUM_RELATIVE_VOLUME,False,,,,,,,,,,,,,
orb_v1.0,2024-07-10,114,EXPD,BBG001S5QZZ1,1.1358471448215965,14,SHORT,False,BELOW_MINIMUM_RELATIVE_VOLUME,True,False,False,False,23541.0,20725.5,1502704.5714285714,2.552271428571426,121.81,121.81,119.65,119.955,True,BELOW_MINIMUM_RELATIVE_VOLUME,False,,,,,,,,,,,,,,BELOW_MINIMUM_RELATIVE_VOLUME,False,,,,,,,,,,,,,,BELOW_MINIMUM_RELATIVE_VOLUME,False,,,,,,,,,,,,,
orb_v1.0,2024-07-10,115,DRI,BBG001S5QM08,1.1341037413642536,14,SHORT,False,BELOW_MINIMUM_RELATIVE_VOLUME,True,False,False,False,37475.0,33043.71428571428,1432943.357142857,3.0629285714285754,138.98,139.2,138.28,138.755,True,BELOW_MINIMUM_RELATIVE_VOLUME,False,,,,,,,,,,,,,,BELOW_MINIMUM_RELATIVE_VOLUME,False,,,,,,,,,,,,,,BELOW_MINIMUM_RELATIVE_VOLUME,False,,,,,,,,,,,,,
orb_v1.0,2024-07-10,116,INTC,BBG001S5SF65,1.1316091210426815,14,LONG,False,BELOW_MINIMUM_RELATIVE_VOLUME,True,False,False,False,2605062.0,2302086.4285714286,47146881.71428572,0.8289285714285712,34.44,34.89,34.43,34.6814,False,BELOW_MINIMUM_RELATIVE_VOLUME,False,,,,,,,,,,,,,,BELOW_MINIMUM_RELATIVE_VOLUME,False,,,,,,,,,,,,,,BELOW_MINIMUM_RELATIVE_VOLUME,False,,,,,,,,,,,,,
orb_v1.0,2024-07-10,117,VKTX,BBG006LGV887,1.128755783134943,14,LONG,False,BELOW_MINIMUM_RELATIVE_VOLUME,False,False,False,False,120768.0,106992.14285714286,4240008.285714285,3.4406142857142847,54.29,55.4131,54.17,55.36,True,BELOW_MINIMUM_RELATIVE_VOLUME,False,,,,,,,,,,,,,,BELOW_MINIMUM_RELATIVE_VOLUME,False,,,,,,,,,,,,,,BELOW_MINIMUM_RELATIVE_VOLUME,False,,,,,,,,,,,,,
orb_v1.0,2024-07-10,118,FWRD,BBG001SC0FW1,1.1232758620689656,14,LONG,False,BELOW_MINIMUM_RELATIVE_VOLUME,False,False,False,False,18242.0,16240.0,1289634.7857142857,1.160292857142857,18.82,18.9971,18.72,18.84,True,BELOW_MINIMUM_RELATIVE_VOLUME,False,,,,,,,,,,,,,,BELOW_MINIMUM_RELATIVE_VOLUME,False,,,,,,,,,,,,,,BELOW_MINIMUM_RELATIVE_VOLUME,False,,,,,,,,,,,,,
orb_v1.0,2024-07-10,119,NMRA,BBG012W9C504,1.1163837765826221,14,SHORT,False,BELOW_MINIMUM_RELATIVE_VOLUME,False,False,False,False,12929.0,11581.142857142857,1704114.7142857143,0.6139714285714287,10.3,10.3,10.01,10.2,False,BELOW_MINIMUM_RELATIVE_VOLUME,False,,,,,,,,,,,,,,BELOW_MINIMUM_RELATIVE_VOLUME,False,,,,,,,,,,,,,,BELOW_MINIMUM_RELATIVE_VOLUME,False,,,,,,,,,,,,,
orb_v1.0,2024-07-10,120,SMCI,BBG001SQGH95,1.102963343884943,14,SHORT,False,BELOW_MINIMUM_RELATIVE_VOLUME,True,False,False,False,329843.0,299051.64285714284,7663969.642857143,61.319092857142856,888.7,899.99,877.0,878.634,True,BELOW_MINIMUM_RELATIVE_VOLUME,False,,,,,,,,,,,,,,BELOW_MINIMUM_RELATIVE_VOLUME,False,,,,,,,,,,,,,,BELOW_MINIMUM_RELATIVE_VOLUME,False,,,,,,,,,,,,,
orb_v1.0,2024-07-10,121,SPCE,BBG00HTN2DF3,1.1028022013788883,14,SHORT,False,BELOW_MINIMUM_RELATIVE_VOLUME,False,False,False,False,137950.0,125090.42857142857,2684683.9285714286,0.9107499999999997,7.11,7.19,7.01,7.09,False,BELOW_MINIMUM_RELATIVE_VOLUME,False,,,,,,,,,,,,,,BELOW_MINIMUM_RELATIVE_VOLUME,False,,,,,,,,,,,,,,BELOW_MINIMUM_RELATIVE_VOLUME,False,,,,,,,,,,,,,
orb_v1.0,2024-07-10,122,VSCO,BBG01103B480,1.1018109324621603,14,LONG,False,BELOW_MINIMUM_RELATIVE_VOLUME,False,False,False,False,44254.0,40164.78571428572,3577803.4285714286,0.8858071428571431,18.08,18.34,18.05,18.235,True,BELOW_MINIMUM_RELATIVE_VOLUME,False,,,,,,,,,,,,,,BELOW_MINIMUM_RELATIVE_VOLUME,False,,,,,,,,,,,,,,BELOW_MINIMUM_RELATIVE_VOLUME,False,,,,,,,,,,,,,
orb_v1.0,2024-07-10,123,VIK,0001745201,1.1008287525005462,14,LONG,False,BELOW_MINIMUM_RELATIVE_VOLUME,False,False,False,False,28065.0,25494.428571428572,2007582.7857142857,1.0399285714285715,34.54,34.6599,34.46,34.5495,False,BELOW_MINIMUM_RELATIVE_VOLUME,False,,,,,,,,,,,,,,BELOW_MINIMUM_RELATIVE_VOLUME,False,,,,,,,,,,,,,,BELOW_MINIMUM_RELATIVE_VOLUME,False,,,,,,,,,,,,,
orb_v1.0,2024-07-10,124,AON,0000315293,1.099964779112368,14,SHORT,False,BELOW_MINIMUM_RELATIVE_VOLUME,True,False,False,False,23869.0,21699.785714285714,1663507.7142857143,4.376499999999997,294.12,294.6,292.8,293.8,True,BELOW_MINIMUM_RELATIVE_VOLUME,False,,,,,,,,,,,,,,BELOW_MINIMUM_RELATIVE_VOLUME,False,,,,,,,,,,,,,,BELOW_MINIMUM_RELATIVE_VOLUME,False,,,,,,,,,,,,,
orb_v1.0,2024-07-10,125,TNDM,BBG001TG5QC4,1.0960440970324787,14,SHORT,False,BELOW_MINIMUM_RELATIVE_VOLUME,False,False,False,False,32951.0,30063.571428571428,1984367.642857143,1.8388499999999992,43.72,43.95,43.41,43.71,False,BELOW_MINIMUM_RELATIVE_VOLUME,False,,,,,,,,,,,,,,BELOW_MINIMUM_RELATIVE_VOLUME,False,,,,,,,,,,,,,,BELOW_MINIMUM_RELATIVE_VOLUME,False,,,,,,,,,,,,,
orb_v1.0,2024-07-10,126,CI,BBG00KXRCDQ9,1.0949396567870988,14,LONG,False,BELOW_MINIMUM_RELATIVE_VOLUME,True,False,False,False,47184.0,43092.78571428572,1646077.642857143,6.823214285714276,329.51,331.05,327.99,330.55,True,BELOW_MINIMUM_RELATIVE_VOLUME,False,,,,,,,,,,,,,,BELOW_MINIMUM_RELATIVE_VOLUME,False,,,,,,,,,,,,,,BELOW_MINIMUM_RELATIVE_VOLUME,False,,,,,,,,,,,,,
orb_v1.0,2024-07-10,127,TGT,BBG001SC0K41,1.0941336023721573,14,SHORT,False,BELOW_MINIMUM_RELATIVE_VOLUME,True,False,False,False,137265.0,125455.42857142857,3943415.5714285714,2.9457071428571453,147.45,147.45,146.8,146.935,True,BELOW_MINIMUM_RELATIVE_VOLUME,False,,,,,,,,,,,,,,BELOW_MINIMUM_RELATIVE_VOLUME,False,,,,,,,,,,,,,,BELOW_MINIMUM_RELATIVE_VOLUME,False,,,,,,,,,,,,,
orb_v1.0,2024-07-10,128,SBUX,BBG001S72KH6,1.0865629821877039,14,LONG,False,BELOW_MINIMUM_RELATIVE_VOLUME,True,False,False,False,384688.0,354041.14285714284,11013059.07142857,1.3187785714285698,72.99,73.17,72.6,73.025,False,BELOW_MINIMUM_RELATIVE_VOLUME,False,,,,,,,,,,,,,,BELOW_MINIMUM_RELATIVE_VOLUME,False,,,,,,,,,,,,,,BELOW_MINIMUM_RELATIVE_VOLUME,False,,,,,,,,,,,,,
orb_v1.0,2024-07-10,129,DHI,BBG001S8M692,1.0850584126715404,14,LONG,False,BELOW_MINIMUM_RELATIVE_VOLUME,True,False,False,False,67755.0,62443.642857142855,2244808.9285714286,3.228107142857143,136.97,138.01,136.75,138.01,True,BELOW_MINIMUM_RELATIVE_VOLUME,False,,,,,,,,,,,,,,BELOW_MINIMUM_RELATIVE_VOLUME,False,,,,,,,,,,,,,,BELOW_MINIMUM_RELATIVE_VOLUME,False,,,,,,,,,,,,,
orb_v1.0,2024-07-10,130,CRH,0000849395,1.0802734225924309,14,LONG,False,BELOW_MINIMUM_RELATIVE_VOLUME,True,False,False,False,214321.0,198395.14285714287,11796848.214285715,1.8164285714285708,75.98,76.13,75.935,76.11,True,BELOW_MINIMUM_RELATIVE_VOLUME,False,,,,,,,,,,,,,,BELOW_MINIMUM_RELATIVE_VOLUME,False,,,,,,,,,,,,,,BELOW_MINIMUM_RELATIVE_VOLUME,False,,,,,,,,,,,,,
orb_v1.0,2024-07-10,131,NTR,BBG00JM9SM69,1.079267161862744,14,SHORT,False,BELOW_MINIMUM_RELATIVE_VOLUME,True,False,False,False,47388.0,43907.57142857143,1873715.7857142857,1.1412357142857137,48.68,48.72,48.35,48.45,True,BELOW_MINIMUM_RELATIVE_VOLUME,False,,,,,,,,,,,,,,BELOW_MINIMUM_RELATIVE_VOLUME,False,,,,,,,,,,,,,,BELOW_MINIMUM_RELATIVE_VOLUME,False,,,,,,,,,,,,,
orb_v1.0,2024-07-10,132,SYM,BBG00Z72HCX9,1.0671720179312856,14,SHORT,False,BELOW_MINIMUM_RELATIVE_VOLUME,False,False,False,False,36865.0,34544.57142857143,1281747.5,1.5332142857142859,38.39,38.46,38.0,38.0511,True,BELOW_MINIMUM_RELATIVE_VOLUME,False,,,,,,,,,,,,,,BELOW_MINIMUM_RELATIVE_VOLUME,False,,,,,,,,,,,,,,BELOW_MINIMUM_RELATIVE_VOLUME,False,,,,,,,,,,,,,
orb_v1.0,2024-07-10,133,PGNY,BBG002H1K1K7,1.0664326249595255,14,SHORT,False,BELOW_MINIMUM_RELATIVE_VOLUME,False,False,False,False,22349.0,20956.785714285714,1145981.7857142857,0.8582142857142855,28.23,28.23,27.98,27.98,True,BELOW_MINIMUM_RELATIVE_VOLUME,False,,,,,,,,,,,,,,BELOW_MINIMUM_RELATIVE_VOLUME,False,,,,,,,,,,,,,,BELOW_MINIMUM_RELATIVE_VOLUME,False,,,,,,,,,,,,,
orb_v1.0,2024-07-10,134,IPG,BBG001S6RLK5,1.0583031136925465,14,LONG,False,BELOW_MINIMUM_RELATIVE_VOLUME,False,False,False,False,94826.0,89601.92857142857,5564182.642857143,0.6192857142857139,28.69,28.75,28.65,28.735,True,BELOW_MINIMUM_RELATIVE_VOLUME,False,,,,,,,,,,,,,,BELOW_MINIMUM_RELATIVE_VOLUME,False,,,,,,,,,,,,,,BELOW_MINIMUM_RELATIVE_VOLUME,False,,,,,,,,,,,,,
orb_v1.0,2024-07-10,135,VRT,BBG00L2B8LM7,1.0560741994276874,14,SHORT,False,BELOW_MINIMUM_RELATIVE_VOLUME,True,False,False,False,302177.0,286132.35714285716,9222639.92857143,4.548257142857142,93.45,94.24,92.07,92.385,True,BELOW_MINIMUM_RELATIVE_VOLUME,False,,,,,,,,,,,,,,BELOW_MINIMUM_RELATIVE_VOLUME,False,,,,,,,,,,,,,,BELOW_MINIMUM_RELATIVE_VOLUME,False,,,,,,,,,,,,,
orb_v1.0,2024-07-10,136,FWRG,BBG012F6M198,1.054101042721242,14,SHORT,False,BELOW_MINIMUM_RELATIVE_VOLUME,False,False,False,False,17626.0,16721.35714285714,1029303.4285714285,0.7378571428571424,15.64,15.67,15.53,15.57,True,BELOW_MINIMUM_RELATIVE_VOLUME,False,,,,,,,,,,,,,,BELOW_MINIMUM_RELATIVE_VOLUME,False,,,,,,,,,,,,,,BELOW_MINIMUM_RELATIVE_VOLUME,False,,,,,,,,,,,,,
orb_v1.0,2024-07-10,137,EVH,BBG005CHLMB3,1.052178509401193,14,SHORT,False,BELOW_MINIMUM_RELATIVE_VOLUME,False,False,False,False,27868.0,26486.0,2300601.214285714,0.9407142857142853,19.1,19.16,18.95,19.02,True,BELOW_MINIMUM_RELATIVE_VOLUME,False,,,,,,,,,,,,,,BELOW_MINIMUM_RELATIVE_VOLUME,False,,,,,,,,,,,,,,BELOW_MINIMUM_RELATIVE_VOLUME,False,,,,,,,,,,,,,
orb_v1.0,2024-07-10,138,CDMO,BBG001SD4YL6,1.0509532782257105,14,LONG,False,BELOW_MINIMUM_RELATIVE_VOLUME,False,False,False,False,34700.0,33017.642857142855,1172565.0,0.5760642857142857,7.54,7.55,7.54,7.55,True,BELOW_MINIMUM_RELATIVE_VOLUME,False,,,,,,,,,,,,,,BELOW_MINIMUM_RELATIVE_VOLUME,False,,,,,,,,,,,,,,BELOW_MINIMUM_RELATIVE_VOLUME,False,,,,,,,,,,,,,
orb_v1.0,2024-07-10,139,GO,BBG00P4R30Z8,1.0482733290483068,14,LONG,False,BELOW_MINIMUM_RELATIVE_VOLUME,False,False,False,False,17940.0,17113.85714285714,2798006.9285714286,0.6407642857142856,21.54,21.78,21.51,21.6,False,BELOW_MINIMUM_RELATIVE_VOLUME,False,,,,,,,,,,,,,,BELOW_MINIMUM_RELATIVE_VOLUME,False,,,,,,,,,,,,,,BELOW_MINIMUM_RELATIVE_VOLUME,False,,,,,,,,,,,,,
orb_v1.0,2024-07-10,140,INCY,BBG001S8Q6N2,1.0377302604120384,14,SHORT,False,BELOW_MINIMUM_RELATIVE_VOLUME,False,False,False,False,55055.0,53053.28571428572,3682586.285714286,1.6627499999999995,60.96,61.0,59.95,59.95,True,BELOW_MINIMUM_RELATIVE_VOLUME,False,,,,,,,,,,,,,,BELOW_MINIMUM_RELATIVE_VOLUME,False,,,,,,,,,,,,,,BELOW_MINIMUM_RELATIVE_VOLUME,False,,,,,,,,,,,,,
orb_v1.0,2024-07-10,141,NEP,BBG006JNW312,1.033621377791826,14,SHORT,False,BELOW_MINIMUM_RELATIVE_VOLUME,False,False,False,False,68906.0,66664.64285714286,1443918.0714285714,0.9383499999999996,26.1,26.27,25.82,26.0643,False,BELOW_MINIMUM_RELATIVE_VOLUME,False,,,,,,,,,,,,,,BELOW_MINIMUM_RELATIVE_VOLUME,False,,,,,,,,,,,,,,BELOW_MINIMUM_RELATIVE_VOLUME,False,,,,,,,,,,,,,
orb_v1.0,2024-07-10,142,WYNN,BBG001SJZ2V8,1.0295681881297585,14,SHORT,False,BELOW_MINIMUM_RELATIVE_VOLUME,False,False,False,False,56140.0,54527.71428571428,2038554.5714285714,1.604607142857142,85.0,85.0,84.46,84.915,True,BELOW_MINIMUM_RELATIVE_VOLUME,False,,,,,,,,,,,,,,BELOW_MINIMUM_RELATIVE_VOLUME,False,,,,,,,,,,,,,,BELOW_MINIMUM_RELATIVE_VOLUME,False,,,,,,,,,,,,,
orb_v1.0,2024-07-10,143,MPC,BBG001S169P1,1.019252352434995,14,LONG,False,BELOW_MINIMUM_RELATIVE_VOLUME,True,False,False,False,83421.0,81845.28571428571,2667450.5714285714,4.03208571428572,162.01,162.84,161.63,162.59,True,BELOW_MINIMUM_RELATIVE_VOLUME,False,,,,,,,,,,,,,,BELOW_MINIMUM_RELATIVE_VOLUME,False,,,,,,,,,,,,,,BELOW_MINIMUM_RELATIVE_VOLUME,False,,,,,,,,,,,,,
orb_v1.0,2024-07-10,144,SEE,BBG001SBSZ95,1.015965321977502,14,LONG,False,BELOW_MINIMUM_RELATIVE_VOLUME,False,False,False,False,9509.0,9359.57142857143,1233129.857142857,0.8274928571428569,34.29,34.44,34.1529,34.44,True,BELOW_MINIMUM_RELATIVE_VOLUME,False,,,,,,,,,,,,,,BELOW_MINIMUM_RELATIVE_VOLUME,False,,,,,,,,,,,,,,BELOW_MINIMUM_RELATIVE_VOLUME,False,,,,,,,,,,,,,
orb_v1.0,2024-07-10,145,RRC,BBG001SBZNN8,1.009243156133393,14,LONG,False,BELOW_MINIMUM_RELATIVE_VOLUME,False,False,False,False,35026.0,34705.21428571428,2566534.9285714286,0.8003571428571438,33.53,33.76,33.5,33.62,False,BELOW_MINIMUM_RELATIVE_VOLUME,False,,,,,,,,,,,,,,BELOW_MINIMUM_RELATIVE_VOLUME,False,,,,,,,,,,,,,,BELOW_MINIMUM_RELATIVE_VOLUME,False,,,,,,,,,,,,,
orb_v1.0,2024-07-10,146,TGTX,BBG001S8NH06,1.0085214937038645,14,LONG,False,BELOW_MINIMUM_RELATIVE_VOLUME,False,False,False,False,74324.0,73696.0,2807494.9285714286,0.9796428571428574,19.93,20.17,19.85,20.005,True,BELOW_MINIMUM_RELATIVE_VOLUME,False,,,,,,,,,,,,,,BELOW_MINIMUM_RELATIVE_VOLUME,False,,,,,,,,,,,,,,BELOW_MINIMUM_RELATIVE_VOLUME,False,,,,,,,,,,,,,
orb_v1.0,2024-07-10,147,MRCY,BBG001SBFLT8,0.996476514230416,14,SHORT,False,BELOW_MINIMUM_RELATIVE_VOLUME,False,False,False,False,5737.0,5757.285714285715,1248891.142857143,1.0617857142857143,30.77,30.83,30.61,30.61,True,BELOW_MINIMUM_RELATIVE_VOLUME,False,,,,,,,,,,,,,,BELOW_MINIMUM_RELATIVE_VOLUME,False,,,,,,,,,,,,,,BELOW_MINIMUM_RELATIVE_VOLUME,False,,,,,,,,,,,,,
orb_v1.0,2024-07-10,148,ANF,BBG001S97027,0.9963632773938796,14,SHORT,False,BELOW_MINIMUM_RELATIVE_VOLUME,False,False,False,False,36047.0,36178.57142857143,1332000.5714285714,6.780849999999995,182.66,182.95,181.13,181.73,True,BELOW_MINIMUM_RELATIVE_VOLUME,False,,,,,,,,,,,,,,BELOW_MINIMUM_RELATIVE_VOLUME,False,,,,,,,,,,,,,,BELOW_MINIMUM_RELATIVE_VOLUME,False,,,,,,,,,,,,,
orb_v1.0,2024-07-10,149,TSLA,BBG001SQKGD7,0.9961914983299439,14,SHORT,False,BELOW_MINIMUM_RELATIVE_VOLUME,True,False,False,False,5278828.0,5299009.285714285,111232922.14285715,10.290278571428571,262.8,264.49,261.46,262.2899,True,BELOW_MINIMUM_RELATIVE_VOLUME,False,,,,,,,,,,,,,,BELOW_MINIMUM_RELATIVE_VOLUME,False,,,,,,,,,,,,,,BELOW_MINIMUM_RELATIVE_VOLUME,False,,,,,,,,,,,,,
orb_v1.0,2024-07-10,150,ATRC,BBG001SD43V3,0.991693685348155,14,LONG,False,BELOW_MINIMUM_RELATIVE_VOLUME,False,False,False,False,16058.0,16192.5,1234053.0,1.6196071428571435,22.35,22.73,22.345,22.485,False,BELOW_MINIMUM_RELATIVE_VOLUME,False,,,,,,,,,,,,,,BELOW_MINIMUM_RELATIVE_VOLUME,False,,,,,,,,,,,,,,BELOW_MINIMUM_RELATIVE_VOLUME,False,,,,,,,,,,,,,
orb_v1.0,2024-07-10,151,JEF,BBG001S5SX02,0.9911170555307872,14,LONG,False,BELOW_MINIMUM_RELATIVE_VOLUME,False,False,False,False,35728.0,36048.21428571428,1830306.2142857143,1.1534357142857137,51.48,51.69,51.48,51.63,True,BELOW_MINIMUM_RELATIVE_VOLUME,False,,,,,,,,,,,,,,BELOW_MINIMUM_RELATIVE_VOLUME,False,,,,,,,,,,,,,,BELOW_MINIMUM_RELATIVE_VOLUME,False,,,,,,,,,,,,,
orb_v1.0,2024-07-10,152,SNAP,BBG00441QMK5,0.985196490121495,14,LONG,False,BELOW_MINIMUM_RELATIVE_VOLUME,True,False,False,False,346976.0,352189.64285714284,16452254.5,0.6181000000000004,16.78,16.97,16.76,16.96,True,BELOW_MINIMUM_RELATIVE_VOLUME,False,,,,,,,,,,,,,,BELOW_MINIMUM_RELATIVE_VOLUME,False,,,,,,,,,,,,,,BELOW_MINIMUM_RELATIVE_VOLUME,False,,,,,,,,,,,,,
orb_v1.0,2024-07-10,153,TVTX,BBG001SL72C5,0.9841230831277431,14,SHORT,False,BELOW_MINIMUM_RELATIVE_VOLUME,False,False,False,False,22310.0,22669.928571428572,1517672.9285714286,0.5117857142857144,9.51,9.55,9.43,9.43,True,BELOW_MINIMUM_RELATIVE_VOLUME,False,,,,,,,,,,,,,,BELOW_MINIMUM_RELATIVE_VOLUME,False,,,,,,,,,,,,,,BELOW_MINIMUM_RELATIVE_VOLUME,False,,,,,,,,,,,,,
orb_v1.0,2024-07-10,154,MAS,BBG001S5SZ70,0.9794052322858857,14,SHORT,False,BELOW_MINIMUM_RELATIVE_VOLUME,False,False,False,False,37199.0,37981.21428571428,1917533.5,1.413571428571426,65.69,65.77,65.31,65.54,True,BELOW_MINIMUM_RELATIVE_VOLUME,False,,,,,,,,,,,,,,BELOW_MINIMUM_RELATIVE_VOLUME,False,,,,,,,,,,,,,,BELOW_MINIMUM_RELATIVE_VOLUME,False,,,,,,,,,,,,,
orb_v1.0,2024-07-10,155,CRBG,BBG016HJ8836,0.9779321479970909,14,LONG,False,BELOW_MINIMUM_RELATIVE_VOLUME,True,False,False,False,68096.0,69632.64285714286,3280252.5,0.5697214285714287,29.39,29.8,29.15,29.79,True,BELOW_MINIMUM_RELATIVE_VOLUME,False,,,,,,,,,,,,,,BELOW_MINIMUM_RELATIVE_VOLUME,False,,,,,,,,,,,,,,BELOW_MINIMUM_RELATIVE_VOLUME,False,,,,,,,,,,,,,
orb_v1.0,2024-07-10,156,DE,BBG001S5QFF7,0.9751811655836423,14,LONG,False,BELOW_MINIMUM_RELATIVE_VOLUME,True,False,False,False,57327.0,58786.0,1950317.7857142857,7.8142999999999905,349.3,350.59,348.96,350.39,True,BELOW_MINIMUM_RELATIVE_VOLUME,False,,,,,,,,,,,,,,BELOW_MINIMUM_RELATIVE_VOLUME,False,,,,,,,,,,,,,,BELOW_MINIMUM_RELATIVE_VOLUME,False,,,,,,,,,,,,,
orb_v1.0,2024-07-10,157,RUN,BBG0025XVR94,0.9741775106295762,14,LONG,False,BELOW_MINIMUM_RELATIVE_VOLUME,False,False,False,False,359194.0,368715.14285714284,13332371.42857143,0.9575928571428569,13.39,13.63,13.38,13.55,True,BELOW_MINIMUM_RELATIVE_VOLUME,False,,,,,,,,,,,,,,BELOW_MINIMUM_RELATIVE_VOLUME,False,,,,,,,,,,,,,,BELOW_MINIMUM_RELATIVE_VOLUME,False,,,,,,,,,,,,,
orb_v1.0,2024-07-10,158,MGA,BBG001S5SY91,0.9737018841782962,14,LONG,False,BELOW_MINIMUM_RELATIVE_VOLUME,False,False,False,False,26304.0,27014.428571428572,1167935.0714285714,0.8123571428571437,42.63,42.84,42.52,42.65,True,BELOW_MINIMUM_RELATIVE_VOLUME,False,,,,,,,,,,,,,,BELOW_MINIMUM_RELATIVE_VOLUME,False,,,,,,,,,,,,,,BELOW_MINIMUM_RELATIVE_VOLUME,False,,,,,,,,,,,,,
orb_v1.0,2024-07-10,159,AEM,BBG001S77MK3,0.969548718776799,14,LONG,False,BELOW_MINIMUM_RELATIVE_VOLUME,True,False,False,False,63474.0,65467.57142857143,1871558.642857143,1.5163928571428558,70.99,71.37,70.96,71.37,True,BELOW_MINIMUM_RELATIVE_VOLUME,False,,,,,,,,,,,,,,BELOW_MINIMUM_RELATIVE_VOLUME,False,,,,,,,,,,,,,,BELOW_MINIMUM_RELATIVE_VOLUME,False,,,,,,,,,,,,,
orb_v1.0,2024-07-10,160,LVS,BBG001SJCGP9,0.9684223017493896,14,SHORT,False,BELOW_MINIMUM_RELATIVE_VOLUME,True,False,False,False,110755.0,114366.42857142857,8274177.214285715,0.9484999999999998,41.64,41.7159,41.38,41.53,True,BELOW_MINIMUM_RELATIVE_VOLUME,False,,,,,,,,,,,,,,BELOW_MINIMUM_RELATIVE_VOLUME,False,,,,,,,,,,,,,,BELOW_MINIMUM_RELATIVE_VOLUME,False,,,,,,,,,,,,,
orb_v1.0,2024-07-10,161,DAL,BBG001SPT759,0.9653430579806324,14,LONG,False,BELOW_MINIMUM_RELATIVE_VOLUME,True,False,False,False,256848.0,266069.14285714284,7792396.5,1.0758785714285715,47.13,47.29,47.08,47.19,False,BELOW_MINIMUM_RELATIVE_VOLUME,False,,,,,,,,,,,,,,BELOW_MINIMUM_RELATIVE_VOLUME,False,,,,,,,,,,,,,,BELOW_MINIMUM_RELATIVE_VOLUME,False,,,,,,,,,,,,,
orb_v1.0,2024-07-10,162,TAP,BBG001S5VQ21,0.9643922700415359,14,SHORT,False,BELOW_MINIMUM_RELATIVE_VOLUME,False,False,False,False,42390.0,43955.142857142855,2288585.214285714,0.8096428571428567,49.94,50.185,49.86,49.86,True,BELOW_MINIMUM_RELATIVE_VOLUME,False,,,,,,,,,,,,,,BELOW_MINIMUM_RELATIVE_VOLUME,False,,,,,,,,,,,,,,BELOW_MINIMUM_RELATIVE_VOLUME,False,,,,,,,,,,,,,
orb_v1.0,2024-07-10,163,SFM,BBG001V0MZS0,0.9639108207036331,14,LONG,False,BELOW_MINIMUM_RELATIVE_VOLUME,False,False,False,False,40968.0,42501.857142857145,1206813.5714285714,1.9262928571428557,81.0,81.4351,81.0,81.255,False,BELOW_MINIMUM_RELATIVE_VOLUME,False,,,,,,,,,,,,,,BELOW_MINIMUM_RELATIVE_VOLUME,False,,,,,,,,,,,,,,BELOW_MINIMUM_RELATIVE_VOLUME,False,,,,,,,,,,,,,
orb_v1.0,2024-07-10,164,PEP,BBG001S695T1,0.9637056728098814,14,LONG,False,BELOW_MINIMUM_RELATIVE_VOLUME,True,False,False,False,277800.0,288262.28571428574,5231215.5,2.148564285714284,161.84,162.13,160.66,162.075,True,BELOW_MINIMUM_RELATIVE_VOLUME,False,,,,,,,,,,,,,,BELOW_MINIMUM_RELATIVE_VOLUME,False,,,,,,,,,,,,,,BELOW_MINIMUM_RELATIVE_VOLUME,False,,,,,,,,,,,,,
orb_v1.0,2024-07-10,165,WPM,BBG001S6DSP0,0.9631160630552374,14,LONG,False,BELOW_MINIMUM_RELATIVE_VOLUME,True,False,False,False,33817.0,35112.07142857143,1339366.142857143,1.2126285714285718,56.78,56.98,56.54,56.98,True,BELOW_MINIMUM_RELATIVE_VOLUME,False,,,,,,,,,,,,,,BELOW_MINIMUM_RELATIVE_VOLUME,False,,,,,,,,,,,,,,BELOW_MINIMUM_RELATIVE_VOLUME,False,,,,,,,,,,,,,
orb_v1.0,2024-07-10,166,ZION,BBG001S5XN80,0.9601967421439134,14,LONG,False,BELOW_MINIMUM_RELATIVE_VOLUME,False,False,False,False,30008.0,31251.928571428572,1443452.642857143,0.9520357142857137,43.97,44.16,43.84,44.065,True,BELOW_MINIMUM_RELATIVE_VOLUME,False,,,,,,,,,,,,,,BELOW_MINIMUM_RELATIVE_VOLUME,False,,,,,,,,,,,,,,BELOW_MINIMUM_RELATIVE_VOLUME,False,,,,,,,,,,,,,
orb_v1.0,2024-07-10,167,BSY,BBG001SBWGV7,0.9485186075712644,14,SHORT,False,BELOW_MINIMUM_RELATIVE_VOLUME,False,False,False,False,10144.0,10694.57142857143,1636168.7857142857,1.0409214285714279,48.0,48.12,47.89,47.975,True,BELOW_MINIMUM_RELATIVE_VOLUME,False,,,,,,,,,,,,,,BELOW_MINIMUM_RELATIVE_VOLUME,False,,,,,,,,,,,,,,BELOW_MINIMUM_RELATIVE_VOLUME,False,,,,,,,,,,,,,
orb_v1.0,2024-07-10,168,BNS,BBG001S5Y2B1,0.9484586640233206,14,LONG,False,BELOW_MINIMUM_RELATIVE_VOLUME,True,False,False,False,51942.0,54764.642857142855,1916927.0,0.6197499999999988,45.78,45.97,45.78,45.85,True,BELOW_MINIMUM_RELATIVE_VOLUME,False,,,,,,,,,,,,,,BELOW_MINIMUM_RELATIVE_VOLUME,False,,,,,,,,,,,,,,BELOW_MINIMUM_RELATIVE_VOLUME,False,,,,,,,,,,,,,
orb_v1.0,2024-07-10,169,PAAS,BBG001S5ZXR5,0.9480183021481686,14,LONG,False,BELOW_MINIMUM_RELATIVE_VOLUME,False,False,False,False,126506.0,133442.57142857142,3737300.6428571427,0.6578499999999993,21.97,22.059,21.85,22.03,True,BELOW_MINIMUM_RELATIVE_VOLUME,False,,,,,,,,,,,,,,BELOW_MINIMUM_RELATIVE_VOLUME,False,,,,,,,,,,,,,,BELOW_MINIMUM_RELATIVE_VOLUME,False,,,,,,,,,,,,,
orb_v1.0,2024-07-10,170,CVI,BBG001SM6PD2,0.9461393250149639,14,SHORT,False,BELOW_MINIMUM_RELATIVE_VOLUME,False,False,False,False,22017.0,23270.35714285714,1077170.0,0.7163857142857142,24.45,24.52,24.39,24.4,True,BELOW_MINIMUM_RELATIVE_VOLUME,False,,,,,,,,,,,,,,BELOW_MINIMUM_RELATIVE_VOLUME,False,,,,,,,,,,,,,,BELOW_MINIMUM_RELATIVE_VOLUME,False,,,,,,,,,,,,,
orb_v1.0,2024-07-10,171,MOS,BBG001S7LJN1,0.9452581293089409,14,SHORT,False,BELOW_MINIMUM_RELATIVE_VOLUME,False,False,False,False,87063.0,92105.0,5269343.571428572,0.7607142857142856,27.0,27.0,26.82,26.96,True,BELOW_MINIMUM_RELATIVE_VOLUME,False,,,,,,,,,,,,,,BELOW_MINIMUM_RELATIVE_VOLUME,False,,,,,,,,,,,,,,BELOW_MINIMUM_RELATIVE_VOLUME,False,,,,,,,,,,,,,
orb_v1.0,2024-07-10,172,JHG,0001274173,0.9447886015177327,14,LONG,False,BELOW_MINIMUM_RELATIVE_VOLUME,False,False,False,False,12201.0,12914.0,1047104.2857142857,0.5051285714285711,34.48,34.56,34.345,34.56,True,BELOW_MINIMUM_RELATIVE_VOLUME,False,,,,,,,,,,,,,,BELOW_MINIMUM_RELATIVE_VOLUME,False,,,,,,,,,,,,,,BELOW_MINIMUM_RELATIVE_VOLUME,False,,,,,,,,,,,,,
orb_v1.0,2024-07-10,173,MPLX,BBG0035TJHL3,0.9413907583441719,14,SHORT,False,BELOW_MINIMUM_RELATIVE_VOLUME,True,False,False,False,23110.0,24548.785714285714,1237141.7142857143,0.524399999999999,42.06,42.06,41.95,41.97,True,BELOW_MINIMUM_RELATIVE_VOLUME,False,,,,,,,,,,,,,,BELOW_MINIMUM_RELATIVE_VOLUME,False,,,,,,,,,,,,,,BELOW_MINIMUM_RELATIVE_VOLUME,False,,,,,,,,,,,,,
orb_v1.0,2024-07-10,174,STLD,BBG001S98JK5,0.9413260956347129,14,SHORT,False,BELOW_MINIMUM_RELATIVE_VOLUME,True,False,False,False,33518.0,35607.21428571428,1572208.142857143,3.2904999999999975,124.86,125.17,124.54,124.66,True,BELOW_MINIMUM_RELATIVE_VOLUME,False,,,,,,,,,,,,,,BELOW_MINIMUM_RELATIVE_VOLUME,False,,,,,,,,,,,,,,BELOW_MINIMUM_RELATIVE_VOLUME,False,,,,,,,,,,,,,
orb_v1.0,2024-07-10,175,ABNB,BBG001Y2XS16,0.9394858172894569,14,SHORT,False,BELOW_MINIMUM_RELATIVE_VOLUME,True,False,False,False,111461.0,118640.42857142857,3868421.1428571427,2.7892142857142863,153.11,153.2,152.645,153.035,True,BELOW_MINIMUM_RELATIVE_VOLUME,False,,,,,,,,,,,,,,BELOW_MINIMUM_RELATIVE_VOLUME,False,,,,,,,,,,,,,,BELOW_MINIMUM_RELATIVE_VOLUME,False,,,,,,,,,,,,,
orb_v1.0,2024-07-10,176,PFG,BBG001SD3148,0.9350281338478263,14,LONG,False,BELOW_MINIMUM_RELATIVE_VOLUME,True,False,False,False,27953.0,29895.35714285714,1320290.642857143,1.513214285714285,80.78,81.295,80.73,81.09,True,BELOW_MINIMUM_RELATIVE_VOLUME,False,,,,,,,,,,,,,,BELOW_MINIMUM_RELATIVE_VOLUME,False,,,,,,,,,,,,,,BELOW_MINIMUM_RELATIVE_VOLUME,False,,,,,,,,,,,,,
orb_v1.0,2024-07-10,177,SCI,BBG001S5WBJ5,0.93222593195552,14,LONG,False,BELOW_MINIMUM_RELATIVE_VOLUME,False,False,False,False,12066.0,12943.214285714286,1057652.7142857143,1.230571428571429,69.66,69.81,69.55,69.8,False,BELOW_MINIMUM_RELATIVE_VOLUME,False,,,,,,,,,,,,,,BELOW_MINIMUM_RELATIVE_VOLUME,False,,,,,,,,,,,,,,BELOW_MINIMUM_RELATIVE_VOLUME,False,,,,,,,,,,,,,
orb_v1.0,2024-07-10,178,VIRT,BBG0064N2T87,0.9294307965665691,14,LONG,False,BELOW_MINIMUM_RELATIVE_VOLUME,False,False,False,False,15020.0,16160.42857142857,2426807.5,0.5660714285714287,22.27,22.5,22.2,22.41,False,BELOW_MINIMUM_RELATIVE_VOLUME,False,,,,,,,,,,,,,,BELOW_MINIMUM_RELATIVE_VOLUME,False,,,,,,,,,,,,,,BELOW_MINIMUM_RELATIVE_VOLUME,False,,,,,,,,,,,,,
orb_v1.0,2024-07-10,179,ICE,BBG001SDJ4R0,0.9268929591835017,14,LONG,False,BELOW_MINIMUM_RELATIVE_VOLUME,True,False,False,False,78647.0,84850.14285714286,2718607.0714285714,1.965928571428567,143.0,143.33,142.78,143.17,True,BELOW_MINIMUM_RELATIVE_VOLUME,False,,,,,,,,,,,,,,BELOW_MINIMUM_RELATIVE_VOLUME,False,,,,,,,,,,,,,,BELOW_MINIMUM_RELATIVE_VOLUME,False,,,,,,,,,,,,,
orb_v1.0,2024-07-10,180,CG,BBG001S7JM84,0.9264961201856641,14,LONG,False,BELOW_MINIMUM_RELATIVE_VOLUME,False,False,False,False,22413.0,24191.14285714286,2090041.9285714286,0.8732142857142863,40.32,40.47,40.32,40.45,True,BELOW_MINIMUM_RELATIVE_VOLUME,False,,,,,,,,,,,,,,BELOW_MINIMUM_RELATIVE_VOLUME,False,,,,,,,,,,,,,,BELOW_MINIMUM_RELATIVE_VOLUME,False,,,,,,,,,,,,,
orb_v1.0,2024-07-10,181,RBLX,BBG001V1Y6Z1,0.9248389005806844,14,SHORT,False,BELOW_MINIMUM_RELATIVE_VOLUME,True,False,False,False,106379.0,115024.35714285714,5623377.357142857,1.0932142857142857,39.58,39.77,39.3606,39.52,True,BELOW_MINIMUM_RELATIVE_VOLUME,False,,,,,,,,,,,,,,BELOW_MINIMUM_RELATIVE_VOLUME,False,,,,,,,,,,,,,,BELOW_MINIMUM_RELATIVE_VOLUME,False,,,,,,,,,,,,,
orb_v1.0,2024-07-10,182,NUS,BBG001S988X5,0.9234572464940046,14,LONG,False,BELOW_MINIMUM_RELATIVE_VOLUME,False,False,False,False,17130.0,18549.85714285714,1307630.142857143,0.5117857142857144,9.84,9.89,9.82,9.865,True,BELOW_MINIMUM_RELATIVE_VOLUME,False,,,,,,,,,,,,,,BELOW_MINIMUM_RELATIVE_VOLUME,False,,,,,,,,,,,,,,BELOW_MINIMUM_RELATIVE_VOLUME,False,,,,,,,,,,,,,
orb_v1.0,2024-07-10,183,TJX,BBG001S5WQ93,0.9173283226094073,14,SHORT,False,BELOW_MINIMUM_RELATIVE_VOLUME,True,False,False,False,136834.0,149165.7857142857,5583900.928571428,1.1820785714285702,112.74,112.775,112.48,112.51,True,BELOW_MINIMUM_RELATIVE_VOLUME,False,,,,,,,,,,,,,,BELOW_MINIMUM_RELATIVE_VOLUME,False,,,,,,,,,,,,,,BELOW_MINIMUM_RELATIVE_VOLUME,False,,,,,,,,,,,,,
orb_v1.0,2024-07-10,184,RNG,BBG001SHXFM5,0.9152020709402385,14,SHORT,False,BELOW_MINIMUM_RELATIVE_VOLUME,False,False,False,False,17374.0,18983.785714285714,1578268.357142857,0.9010714285714295,28.0,28.01,27.915,27.99,True,BELOW_MINIMUM_RELATIVE_VOLUME,False,,,,,,,,,,,,,,BELOW_MINIMUM_RELATIVE_VOLUME,False,,,,,,,,,,,,,,BELOW_MINIMUM_RELATIVE_VOLUME,False,,,,,,,,,,,,,
orb_v1.0,2024-07-10,185,WBS,BBG001S5XCP5,0.9123768054872767,14,LONG,False,BELOW_MINIMUM_RELATIVE_VOLUME,False,False,False,False,19487.0,21358.5,1430249.7857142857,1.0624999999999984,43.37,43.58,43.37,43.58,True,BELOW_MINIMUM_RELATIVE_VOLUME,False,,,,,,,,,,,,,,BELOW_MINIMUM_RELATIVE_VOLUME,False,,,,,,,,,,,,,,BELOW_MINIMUM_RELATIVE_VOLUME,False,,,,,,,,,,,,,
orb_v1.0,2024-07-10,186,PINS,BBG002583CW7,0.9074103245903387,14,LONG,False,BELOW_MINIMUM_RELATIVE_VOLUME,True,False,False,False,109446.0,120613.57142857143,6082889.357142857,1.0297928571428574,43.34,43.6,43.32,43.6,True,BELOW_MINIMUM_RELATIVE_VOLUME,False,,,,,,,,,,,,,,BELOW_MINIMUM_RELATIVE_VOLUME,False,,,,,,,,,,,,,,BELOW_MINIMUM_RELATIVE_VOLUME,False,,,,,,,,,,,,,
orb_v1.0,2024-07-10,187,OMC,BBG001S5VR10,0.9049609403519019,14,LONG,False,BELOW_MINIMUM_RELATIVE_VOLUME,True,False,False,False,28332.0,31307.428571428572,1658203.642857143,1.7603500000000005,91.24,91.65,91.24,91.61,True,BELOW_MINIMUM_RELATIVE_VOLUME,False,,,,,,,,,,,,,,BELOW_MINIMUM_RELATIVE_VOLUME,False,,,,,,,,,,,,,,BELOW_MINIMUM_RELATIVE_VOLUME,False,,,,,,,,,,,,,
orb_v1.0,2024-07-10,188,AMSC,BBG001S70C31,0.9010799474726093,14,SHORT,False,BELOW_MINIMUM_RELATIVE_VOLUME,False,False,False,False,45974.0,51021.0,1577935.642857143,1.7601071428571438,27.6,27.63,27.0141,27.2601,True,BELOW_MINIMUM_RELATIVE_VOLUME,False,,,,,,,,,,,,,,BELOW_MINIMUM_RELATIVE_VOLUME,False,,,,,,,,,,,,,,BELOW_MINIMUM_RELATIVE_VOLUME,False,,,,,,,,,,,,,
orb_v1.0,2024-07-10,189,WSC,BBG00B0FS9V7,0.8993713560518047,14,LONG,False,BELOW_MINIMUM_RELATIVE_VOLUME,False,False,False,False,23943.0,26621.928571428572,2165547.6428571427,1.1271428571428577,36.52,36.75,36.4,36.64,True,BELOW_MINIMUM_RELATIVE_VOLUME,False,,,,,,,,,,,,,,BELOW_MINIMUM_RELATIVE_VOLUME,False,,,,,,,,,,,,,,BELOW_MINIMUM_RELATIVE_VOLUME,False,,,,,,,,,,,,,
orb_v1.0,2024-07-10,190,RPRX,0001802768,0.8961730333599776,14,SHORT,False,BELOW_MINIMUM_RELATIVE_VOLUME,False,False,False,False,40522.0,45216.71428571428,2770256.5714285714,0.5171428571428578,25.62,25.7,25.55,25.59,True,BELOW_MINIMUM_RELATIVE_VOLUME,False,,,,,,,,,,,,,,BELOW_MINIMUM_RELATIVE_VOLUME,False,,,,,,,,,,,,,,BELOW_MINIMUM_RELATIVE_VOLUME,False,,,,,,,,,,,,,
orb_v1.0,2024-07-10,191,CYRX,BBG001SLKBJ3,0.8922459199096198,14,SHORT,False,BELOW_MINIMUM_RELATIVE_VOLUME,True,False,False,False,16698.0,18714.571428571428,1071854.0,0.6500857142857144,6.04,6.04,5.88,5.92,True,BELOW_MINIMUM_RELATIVE_VOLUME,False,,,,,,,,,,,,,,BELOW_MINIMUM_RELATIVE_VOLUME,False,,,,,,,,,,,,,,BELOW_MINIMUM_RELATIVE_VOLUME,False,,,,,,,,,,,,,
orb_v1.0,2024-07-10,192,DNLI,BBG008P7F878,0.889670196337966,14,SHORT,False,BELOW_MINIMUM_RELATIVE_VOLUME,False,False,False,False,27654.0,31083.428571428572,1467986.7857142857,1.0564214285714293,21.31,21.32,21.11,21.21,True,BELOW_MINIMUM_RELATIVE_VOLUME,False,,,,,,,,,,,,,,BELOW_MINIMUM_RELATIVE_VOLUME,False,,,,,,,,,,,,,,BELOW_MINIMUM_RELATIVE_VOLUME,False,,,,,,,,,,,,,
orb_v1.0,2024-07-10,193,HAS,BBG001S5RSQ6,0.8881443939624101,14,LONG,False,BELOW_MINIMUM_RELATIVE_VOLUME,False,False,False,False,22969.0,25861.785714285714,1608132.142857143,1.2771428571428578,56.77,57.12,56.63,57.12,True,BELOW_MINIMUM_RELATIVE_VOLUME,False,,,,,,,,,,,,,,BELOW_MINIMUM_RELATIVE_VOLUME,False,,,,,,,,,,,,,,BELOW_MINIMUM_RELATIVE_VOLUME,False,,,,,,,,,,,,,
orb_v1.0,2024-07-10,194,CRSP,0001674416,0.8862054138318327,14,SHORT,False,BELOW_MINIMUM_RELATIVE_VOLUME,False,False,False,False,44017.0,49669.07142857143,1272957.2142857143,2.289492857142857,55.52,55.94,54.83,55.124,True,BELOW_MINIMUM_RELATIVE_VOLUME,False,,,,,,,,,,,,,,BELOW_MINIMUM_RELATIVE_VOLUME,False,,,,,,,,,,,,,,BELOW_MINIMUM_RELATIVE_VOLUME,False,,,,,,,,,,,,,
orb_v1.0,2024-07-10,195,ALKS,0001520262,0.8859901947364667,14,SHORT,False,BELOW_MINIMUM_RELATIVE_VOLUME,False,False,False,False,32826.0,37050.07142857143,1853542.142857143,0.6146428571428574,24.05,24.06,23.82,23.88,True,BELOW_MINIMUM_RELATIVE_VOLUME,False,,,,,,,,,,,,,,BELOW_MINIMUM_RELATIVE_VOLUME,False,,,,,,,,,,,,,,BELOW_MINIMUM_RELATIVE_VOLUME,False,,,,,,,,,,,,,
orb_v1.0,2024-07-10,196,SOLV,BBG018YZH6V0,0.8841347693448618,14,LONG,False,BELOW_MINIMUM_RELATIVE_VOLUME,False,False,False,False,37469.0,42379.28571428572,2256850.0,1.4854857142857145,48.1,48.53,48.1,48.35,False,BELOW_MINIMUM_RELATIVE_VOLUME,False,,,,,,,,,,,,,,BELOW_MINIMUM_RELATIVE_VOLUME,False,,,,,,,,,,,,,,BELOW_MINIMUM_RELATIVE_VOLUME,False,,,,,,,,,,,,,
orb_v1.0,2024-07-10,197,VZ,BBG001S67QY1,0.8821604085863687,14,SHORT,False,BELOW_MINIMUM_RELATIVE_VOLUME,True,False,False,False,594431.0,673835.5,18998945.214285713,0.6542785714285709,40.88,40.93,40.7009,40.82,True,BELOW_MINIMUM_RELATIVE_VOLUME,False,,,,,,,,,,,,,,BELOW_MINIMUM_RELATIVE_VOLUME,False,,,,,,,,,,,,,,BELOW_MINIMUM_RELATIVE_VOLUME,False,,,,,,,,,,,,,
orb_v1.0,2024-07-10,198,LUV,BBG001S5SXC9,0.8791512987471279,14,SHORT,False,BELOW_MINIMUM_RELATIVE_VOLUME,True,False,False,False,192188.0,218606.2857142857,9138383.285714285,0.7212642857142855,27.73,27.77,27.62,27.64,True,BELOW_MINIMUM_RELATIVE_VOLUME,False,,,,,,,,,,,,,,BELOW_MINIMUM_RELATIVE_VOLUME,False,,,,,,,,,,,,,,BELOW_MINIMUM_RELATIVE_VOLUME,False,,,,,,,,,,,,,
orb_v1.0,2024-07-10,199,AER,0001378789,0.8762302096705178,14,SHORT,False,BELOW_MINIMUM_RELATIVE_VOLUME,True,False,False,False,24573.0,28044.0,1506610.4285714286,2.0510642857142867,94.06,94.25,93.79,93.82,True,BELOW_MINIMUM_RELATIVE_VOLUME,False,,,,,,,,,,,,,,BELOW_MINIMUM_RELATIVE_VOLUME,False,,,,,,,,,,,,,,BELOW_MINIMUM_RELATIVE_VOLUME,False,,,,,,,,,,,,,
orb_v1.0,2024-07-10,200,ALB,BBG001S7SBP9,0.8758980292366416,14,LONG,False,BELOW_MINIMUM_RELATIVE_VOLUME,False,False,False,False,130210.0,148658.85714285713,3883850.285714286,4.69177142857143,91.04,91.92,90.75,91.82,True,BELOW_MINIMUM_RELATIVE_VOLUME,False,,,,,,,,,,,,,,BELOW_MINIMUM_RELATIVE_VOLUME,False,,,,,,,,,,,,,,BELOW_MINIMUM_RELATIVE_VOLUME,False,,,,,,,,,,,,,
orb_v1.0,2024-07-10,201,ANVS,BBG00PN9XDJ4,0.8747681860978231,14,SHORT,False,BELOW_MINIMUM_RELATIVE_VOLUME,True,False,False,False,91981.0,105149.0,6451727.5,2.0970642857142856,14.02,14.14,13.55,13.8295,True,BELOW_MINIMUM_RELATIVE_VOLUME,False,,,,,,,,,,,,,,BELOW_MINIMUM_RELATIVE_VOLUME,False,,,,,,,,,,,,,,BELOW_MINIMUM_RELATIVE_VOLUME,False,,,,,,,,,,,,,
orb_v1.0,2024-07-10,202,TXT,BBG001S5WZ39,0.8715989813697896,14,LONG,False,BELOW_MINIMUM_RELATIVE_VOLUME,True,False,False,False,17651.0,20251.285714285714,1027615.4285714285,1.2539928571428567,85.22,85.57,85.205,85.335,True,BELOW_MINIMUM_RELATIVE_VOLUME,False,,,,,,,,,,,,,,BELOW_MINIMUM_RELATIVE_VOLUME,False,,,,,,,,,,,,,,BELOW_MINIMUM_RELATIVE_VOLUME,False,,,,,,,,,,,,,
orb_v1.0,2024-07-10,203,AVDL,BBG001SD3F74,0.8709445897451492,14,SHORT,False,BELOW_MINIMUM_RELATIVE_VOLUME,False,False,False,False,10228.0,11743.57142857143,2526347.8571428573,0.7127142857142862,16.01,16.08,15.84,15.85,True,BELOW_MINIMUM_RELATIVE_VOLUME,False,,,,,,,,,,,,,,BELOW_MINIMUM_RELATIVE_VOLUME,False,,,,,,,,,,,,,,BELOW_MINIMUM_RELATIVE_VOLUME,False,,,,,,,,,,,,,
orb_v1.0,2024-07-10,204,YUM,BBG001S7JQ30,0.8665880621284104,14,LONG,False,BELOW_MINIMUM_RELATIVE_VOLUME,True,False,False,False,32129.0,37075.28571428572,2438118.214285714,1.9049785714285707,126.8,127.285,126.47,127.0,True,BELOW_MINIMUM_RELATIVE_VOLUME,False,,,,,,,,,,,,,,BELOW_MINIMUM_RELATIVE_VOLUME,False,,,,,,,,,,,,,,BELOW_MINIMUM_RELATIVE_VOLUME,False,,,,,,,,,,,,,
orb_v1.0,2024-07-10,205,FITB,BBG001S5R6S2,0.8643039035985532,14,SHORT,False,BELOW_MINIMUM_RELATIVE_VOLUME,True,False,False,False,96901.0,112114.5,4559167.285714285,0.7524999999999993,36.25,36.2619,36.13,36.23,False,BELOW_MINIMUM_RELATIVE_VOLUME,False,,,,,,,,,,,,,,BELOW_MINIMUM_RELATIVE_VOLUME,False,,,,,,,,,,,,,,BELOW_MINIMUM_RELATIVE_VOLUME,False,,,,,,,,,,,,,
orb_v1.0,2024-07-10,206,CRM,BBG001SDLP09,0.8594898164842767,14,SHORT,False,BELOW_MINIMUM_RELATIVE_VOLUME,True,False,False,False,315572.0,367162.0,8393576.0,6.139914285714291,251.2,251.84,249.11,249.535,True,BELOW_MINIMUM_RELATIVE_VOLUME,False,,,,,,,,,,,,,,BELOW_MINIMUM_RELATIVE_VOLUME,False,,,,,,,,,,,,,,BELOW_MINIMUM_RELATIVE_VOLUME,False,,,,,,,,,,,,,
orb_v1.0,2024-07-10,207,ADSK,BBG001S5SCD4,0.8559587739590218,14,SHORT,False,BELOW_MINIMUM_RELATIVE_VOLUME,True,False,False,False,59203.0,69165.71428571429,2186684.5714285714,4.526478571428574,243.68,244.27,241.42,241.82,False,BELOW_MINIMUM_RELATIVE_VOLUME,False,,,,,,,,,,,,,,BELOW_MINIMUM_RELATIVE_VOLUME,False,,,,,,,,,,,,,,BELOW_MINIMUM_RELATIVE_VOLUME,False,,,,,,,,,,,,,
orb_v1.0,2024-07-10,208,HALO,BBG001SGX585,0.8521942462958969,14,LONG,False,BELOW_MINIMUM_RELATIVE_VOLUME,False,False,False,False,37538.0,44048.642857142855,1441813.2142857143,1.4229999999999998,52.92,53.25,52.75,53.02,True,BELOW_MINIMUM_RELATIVE_VOLUME,False,,,,,,,,,,,,,,BELOW_MINIMUM_RELATIVE_VOLUME,False,,,,,,,,,,,,,,BELOW_MINIMUM_RELATIVE_VOLUME,False,,,,,,,,,,,,,
orb_v1.0,2024-07-10,209,OKTA,BBG001YV1SN3,0.8515385324252097,14,SHORT,False,BELOW_MINIMUM_RELATIVE_VOLUME,True,False,False,False,36302.0,42631.07142857143,1734299.0714285714,2.7710285714285723,95.0,95.0,93.865,93.865,True,BELOW_MINIMUM_RELATIVE_VOLUME,False,,,,,,,,,,,,,,BELOW_MINIMUM_RELATIVE_VOLUME,False,,,,,,,,,,,,,,BELOW_MINIMUM_RELATIVE_VOLUME,False,,,,,,,,,,,,,
orb_v1.0,2024-07-10,210,SAVA,BBG001SCKXX9,0.8512929759980742,14,SHORT,False,BELOW_MINIMUM_RELATIVE_VOLUME,False,False,False,False,87400.0,102667.35714285714,3491700.5,1.8511,11.8,11.8,11.23,11.53,True,BELOW_MINIMUM_RELATIVE_VOLUME,False,,,,,,,,,,,,,,BELOW_MINIMUM_RELATIVE_VOLUME,False,,,,,,,,,,,,,,BELOW_MINIMUM_RELATIVE_VOLUME,False,,,,,,,,,,,,,
orb_v1.0,2024-07-10,211,ARHS,BBG012TKHZW7,0.8368019591975406,14,SHORT,False,BELOW_MINIMUM_RELATIVE_VOLUME,False,False,False,False,25334.0,30274.785714285714,1774598.4285714286,0.7896428571428569,14.82,14.82,14.7,14.745,True,BELOW_MINIMUM_RELATIVE_VOLUME,False,,,,,,,,,,,,,,BELOW_MINIMUM_RELATIVE_VOLUME,False,,,,,,,,,,,,,,BELOW_MINIMUM_RELATIVE_VOLUME,False,,,,,,,,,,,,,
orb_v1.0,2024-07-10,212,PNC,BBG001S5V947,0.8355453521330299,14,LONG,False,BELOW_MINIMUM_RELATIVE_VOLUME,True,False,False,False,36343.0,43496.142857142855,1548663.857142857,2.8707071428571425,161.25,162.0,161.185,161.66,True,BELOW_MINIMUM_RELATIVE_VOLUME,False,,,,,,,,,,,,,,BELOW_MINIMUM_RELATIVE_VOLUME,False,,,,,,,,,,,,,,BELOW_MINIMUM_RELATIVE_VOLUME,False,,,,,,,,,,,,,
orb_v1.0,2024-07-10,213,CFLT,BBG007HWGYS3,0.8324225210325735,14,SHORT,False,BELOW_MINIMUM_RELATIVE_VOLUME,False,False,False,False,46306.0,55628.0,3536513.5,1.1732142857142855,28.06,28.06,27.71,27.83,True,BELOW_MINIMUM_RELATIVE_VOLUME,False,,,,,,,,,,,,,,BELOW_MINIMUM_RELATIVE_VOLUME,False,,,,,,,,,,,,,,BELOW_MINIMUM_RELATIVE_VOLUME,False,,,,,,,,,,,,,
orb_v1.0,2024-07-10,214,NVT,0001720635,0.8322880257842529,14,LONG,False,BELOW_MINIMUM_RELATIVE_VOLUME,False,False,False,False,21839.0,26239.714285714286,1355379.9285714286,2.2510642857142824,76.75,77.23,76.38,77.21,True,BELOW_MINIMUM_RELATIVE_VOLUME,False,,,,,,,,,,,,,,BELOW_MINIMUM_RELATIVE_VOLUME,False,,,,,,,,,,,,,,BELOW_MINIMUM_RELATIVE_VOLUME,False,,,,,,,,,,,,,
orb_v1.0,2024-07-10,215,CP,BBG001S7F4Z8,0.831486085475869,14,LONG,False,BELOW_MINIMUM_RELATIVE_VOLUME,True,False,False,False,58982.0,70935.64285714286,2353602.1428571427,1.5914285714285714,79.3,79.41,79.075,79.38,True,BELOW_MINIMUM_RELATIVE_VOLUME,False,,,,,,,,,,,,,,BELOW_MINIMUM_RELATIVE_VOLUME,False,,,,,,,,,,,,,,BELOW_MINIMUM_RELATIVE_VOLUME,False,,,,,,,,,,,,,
orb_v1.0,2024-07-10,216,DKS,BBG001SK2651,0.8291319215309856,14,LONG,False,BELOW_MINIMUM_RELATIVE_VOLUME,True,False,False,False,14808.0,17859.64285714286,1064000.142857143,6.002107142857146,203.43,204.39,203.01,204.195,True,BELOW_MINIMUM_RELATIVE_VOLUME,False,,,,,,,,,,,,,,BELOW_MINIMUM_RELATIVE_VOLUME,False,,,,,,,,,,,,,,BELOW_MINIMUM_RELATIVE_VOLUME,False,,,,,,,,,,,,,
orb_v1.0,2024-07-10,217,MET,BBG001S5T3R8,0.8229415698238034,14,LONG,False,BELOW_MINIMUM_RELATIVE_VOLUME,True,False,False,False,74279.0,90260.35714285714,3455501.1428571427,1.1170714285714283,70.22,70.525,69.93,70.5,True,BELOW_MINIMUM_RELATIVE_VOLUME,False,,,,,,,,,,,,,,BELOW_MINIMUM_RELATIVE_VOLUME,False,,,,,,,,,,,,,,BELOW_MINIMUM_RELATIVE_VOLUME,False,,,,,,,,,,,,,
orb_v1.0,2024-07-10,218,APO,BBG00ZNLTFL2,0.8210676202800543,14,LONG,False,BELOW_MINIMUM_RELATIVE_VOLUME,True,False,False,False,25289.0,30800.14285714286,3129346.785714286,2.2002142857142886,117.24,117.99,117.14,117.505,True,BELOW_MINIMUM_RELATIVE_VOLUME,False,,,,,,,,,,,,,,BELOW_MINIMUM_RELATIVE_VOLUME,False,,,,,,,,,,,,,,BELOW_MINIMUM_RELATIVE_VOLUME,False,,,,,,,,,,,,,
orb_v1.0,2024-07-10,219,CGEM,BBG00HW2DGR3,0.8155606889875104,14,LONG,False,BELOW_MINIMUM_RELATIVE_VOLUME,False,False,False,False,12155.0,14903.857142857143,1010798.9285714285,1.0975,16.19,16.7,16.16,16.26,False,BELOW_MINIMUM_RELATIVE_VOLUME,False,,,,,,,,,,,,,,BELOW_MINIMUM_RELATIVE_VOLUME,False,,,,,,,,,,,,,,BELOW_MINIMUM_RELATIVE_VOLUME,False,,,,,,,,,,,,,
orb_v1.0,2024-07-10,220,BAC,BBG001S5P0Y0,0.8141895186637025,14,LONG,False,BELOW_MINIMUM_RELATIVE_VOLUME,True,False,False,False,1264808.0,1553456.5,34619411.571428575,0.7625000000000018,41.28,41.52,41.07,41.4899,True,BELOW_MINIMUM_RELATIVE_VOLUME,False,,,,,,,,,,,,,,BELOW_MINIMUM_RELATIVE_VOLUME,False,,,,,,,,,,,,,,BELOW_MINIMUM_RELATIVE_VOLUME,False,,,,,,,,,,,,,
orb_v1.0,2024-07-10,221,RKT,BBG00VY1MZN4,0.8106004078525716,14,LONG,False,BELOW_MINIMUM_RELATIVE_VOLUME,False,False,False,False,30806.0,38003.92857142857,2469632.3571428573,0.5148571428571425,13.3,13.38,13.262,13.31,True,BELOW_MINIMUM_RELATIVE_VOLUME,False,,,,,,,,,,,,,,BELOW_MINIMUM_RELATIVE_VOLUME,False,,,,,,,,,,,,,,BELOW_MINIMUM_RELATIVE_VOLUME,False,,,,,,,,,,,,,
orb_v1.0,2024-07-10,222,HAL,BBG001S5RS59,0.8090952307589467,14,LONG,False,BELOW_MINIMUM_RELATIVE_VOLUME,True,False,False,False,201442.0,248971.92857142858,11255616.642857144,0.7060571428571433,32.73,32.78,32.6,32.775,True,BELOW_MINIMUM_RELATIVE_VOLUME,False,,,,,,,,,,,,,,BELOW_MINIMUM_RELATIVE_VOLUME,False,,,,,,,,,,,,,,BELOW_MINIMUM_RELATIVE_VOLUME,False,,,,,,,,,,,,,
orb_v1.0,2024-07-10,223,CLS,BBG001S9CXM7,0.8088692685863349,14,SHORT,False,BELOW_MINIMUM_RELATIVE_VOLUME,False,False,False,False,68527.0,84719.5,1792042.5,2.379614285714286,59.62,60.08,59.38,59.38,True,BELOW_MINIMUM_RELATIVE_VOLUME,False,,,,,,,,,,,,,,BELOW_MINIMUM_RELATIVE_VOLUME,False,,,,,,,,,,,,,,BELOW_MINIMUM_RELATIVE_VOLUME,False,,,,,,,,,,,,,
orb_v1.0,2024-07-10,224,TOST,BBG00BTJVKB1,0.8022248798209533,14,SHORT,False,BELOW_MINIMUM_RELATIVE_VOLUME,False,False,False,False,129321.0,161202.92857142858,5894300.928571428,0.9349714285714281,25.01,25.035,24.87,24.92,True,BELOW_MINIMUM_RELATIVE_VOLUME,False,,,,,,,,,,,,,,BELOW_MINIMUM_RELATIVE_VOLUME,False,,,,,,,,,,,,,,BELOW_MINIMUM_RELATIVE_VOLUME,False,,,,,,,,,,,,,
orb_v1.0,2024-07-10,225,TTWO,BBG001S9TN41,0.7971853942505699,14,LONG,False,BELOW_MINIMUM_RELATIVE_VOLUME,True,False,False,False,35145.0,44086.357142857145,1391589.2857142857,2.490714285714284,149.4,149.9799,149.4,149.58,False,BELOW_MINIMUM_RELATIVE_VOLUME,False,,,,,,,,,,,,,,BELOW_MINIMUM_RELATIVE_VOLUME,False,,,,,,,,,,,,,,BELOW_MINIMUM_RELATIVE_VOLUME,False,,,,,,,,,,,,,
orb_v1.0,2024-07-10,226,TEAM,BBG01BGWHFS4,0.7940547277563853,14,SHORT,False,BELOW_MINIMUM_RELATIVE_VOLUME,True,False,False,False,33539.0,42237.642857142855,1644548.0714285714,5.618671428571427,178.49,178.49,175.31,175.31,True,BELOW_MINIMUM_RELATIVE_VOLUME,False,,,,,,,,,,,,,,BELOW_MINIMUM_RELATIVE_VOLUME,False,,,,,,,,,,,,,,BELOW_MINIMUM_RELATIVE_VOLUME,False,,,,,,,,,,,,,
orb_v1.0,2024-07-10,227,APD,BBG001S5NSB6,0.7931302549332905,14,SHORT,False,BELOW_MINIMUM_RELATIVE_VOLUME,True,False,False,False,39498.0,49800.142857142855,2362922.1428571427,4.936799999999997,256.7,257.72,256.12,256.625,True,BELOW_MINIMUM_RELATIVE_VOLUME,False,,,,,,,,,,,,,,BELOW_MINIMUM_RELATIVE_VOLUME,False,,,,,,,,,,,,,,BELOW_MINIMUM_RELATIVE_VOLUME,False,,,,,,,,,,,,,
orb_v1.0,2024-07-10,228,SEDG,BBG0084BC0P2,0.7919968317213603,14,LONG,False,BELOW_MINIMUM_RELATIVE_VOLUME,False,False,False,False,225265.0,284426.64285714284,7315985.928571428,2.4189214285714287,27.385,28.09,27.385,28.08,True,BELOW_MINIMUM_RELATIVE_VOLUME,False,,,,,,,,,,,,,,BELOW_MINIMUM_RELATIVE_VOLUME,False,,,,,,,,,,,,,,BELOW_MINIMUM_RELATIVE_VOLUME,False,,,,,,,,,,,,,
orb_v1.0,2024-07-10,229,OTIS,BBG00RP60LN7,0.7877040172681946,14,LONG,False,BELOW_MINIMUM_RELATIVE_VOLUME,True,False,False,False,42905.0,54468.42857142857,2195107.214285714,1.507857142857142,96.2,96.49,96.2,96.275,True,BELOW_MINIMUM_RELATIVE_VOLUME,False,,,,,,,,,,,,,,BELOW_MINIMUM_RELATIVE_VOLUME,False,,,,,,,,,,,,,,BELOW_MINIMUM_RELATIVE_VOLUME,False,,,,,,,,,,,,,
orb_v1.0,2024-07-10,230,CM,BBG001S5YBB1,0.7873400294590053,14,LONG,False,BELOW_MINIMUM_RELATIVE_VOLUME,True,False,False,False,15196.0,19300.428571428572,1039651.8571428572,0.6990000000000001,48.64,48.73,48.57,48.6605,True,BELOW_MINIMUM_RELATIVE_VOLUME,False,,,,,,,,,,,,,,BELOW_MINIMUM_RELATIVE_VOLUME,False,,,,,,,,,,,,,,BELOW_MINIMUM_RELATIVE_VOLUME,False,,,,,,,,,,,,,
orb_v1.0,2024-07-10,231,LOW,BBG001S5SVL3,0.7871919664068419,14,LONG,False,BELOW_MINIMUM_RELATIVE_VOLUME,True,False,False,False,61301.0,77873.0,3351962.3571428573,3.883914285714279,217.57,218.71,216.89,218.4,True,BELOW_MINIMUM_RELATIVE_VOLUME,False,,,,,,,,,,,,,,BELOW_MINIMUM_RELATIVE_VOLUME,False,,,,,,,,,,,,,,BELOW_MINIMUM_RELATIVE_VOLUME,False,,,,,,,,,,,,,
orb_v1.0,2024-07-10,232,NOVA,BBG00PLQ1KH9,0.7867570915290698,14,LONG,False,BELOW_MINIMUM_RELATIVE_VOLUME,False,False,False,False,157159.0,199755.42857142858,6774555.214285715,0.5802571428571429,6.19,6.3,6.18,6.21,True,BELOW_MINIMUM_RELATIVE_VOLUME,False,,,,,,,,,,,,,,BELOW_MINIMUM_RELATIVE_VOLUME,False,,,,,,,,,,,,,,BELOW_MINIMUM_RELATIVE_VOLUME,False,,,,,,,,,,,,,
orb_v1.0,2024-07-10,233,ITCI,BBG0026ZFZD3,0.7800686833759429,14,LONG,False,BELOW_MINIMUM_RELATIVE_VOLUME,False,False,False,False,42412.0,54369.57142857143,2306563.785714286,3.1494285714285692,75.14,75.48,75.0,75.48,True,BELOW_MINIMUM_RELATIVE_VOLUME,False,,,,,,,,,,,,,,BELOW_MINIMUM_RELATIVE_VOLUME,False,,,,,,,,,,,,,,BELOW_MINIMUM_RELATIVE_VOLUME,False,,,,,,,,,,,,,
orb_v1.0,2024-07-10,234,CELH,BBG001SQSKT3,0.7791257069131057,14,LONG,False,BELOW_MINIMUM_RELATIVE_VOLUME,False,False,False,False,175685.0,225489.92857142858,5627023.428571428,3.0667071428571435,55.63,56.89,55.63,56.6528,True,BELOW_MINIMUM_RELATIVE_VOLUME,False,,,,,,,,,,,,,,BELOW_MINIMUM_RELATIVE_VOLUME,False,,,,,,,,,,,,,,BELOW_MINIMUM_RELATIVE_VOLUME,False,,,,,,,,,,,,,
orb_v1.0,2024-07-10,235,ROK,BBG001S5VRF5,0.7758301373730719,14,LONG,False,BELOW_MINIMUM_RELATIVE_VOLUME,True,False,False,False,16487.0,21250.785714285714,1144568.857142857,6.026042857142867,259.95,260.95,259.002,260.125,True,BELOW_MINIMUM_RELATIVE_VOLUME,False,,,,,,,,,,,,,,BELOW_MINIMUM_RELATIVE_VOLUME,False,,,,,,,,,,,,,,BELOW_MINIMUM_RELATIVE_VOLUME,False,,,,,,,,,,,,,
orb_v1.0,2024-07-10,236,MS,BBG001S9V5Z3,0.7729456170420872,14,SHORT,False,BELOW_MINIMUM_RELATIVE_VOLUME,True,False,False,False,142923.0,184906.92857142858,6223700.714285715,1.5607071428571402,102.51,102.73,102.34,102.47,True,BELOW_MINIMUM_RELATIVE_VOLUME,False,,,,,,,,,,,,,,BELOW_MINIMUM_RELATIVE_VOLUME,False,,,,,,,,,,,,,,BELOW_MINIMUM_RELATIVE_VOLUME,False,,,,,,,,,,,,,
orb_v1.0,2024-07-10,237,TD,BBG001S60L15,0.771225741816987,14,SHORT,False,BELOW_MINIMUM_RELATIVE_VOLUME,True,False,False,False,40910.0,53045.42857142857,3083543.0714285714,0.6746428571428567,55.18,55.3,55.08,55.17,False,BELOW_MINIMUM_RELATIVE_VOLUME,False,,,,,,,,,,,,,,BELOW_MINIMUM_RELATIVE_VOLUME,False,,,,,,,,,,,,,,BELOW_MINIMUM_RELATIVE_VOLUME,False,,,,,,,,,,,,,
orb_v1.0,2024-07-10,238,S,BBG00B6F2F27,0.7710832973672853,14,SHORT,False,BELOW_MINIMUM_RELATIVE_VOLUME,False,False,False,False,89330.0,115850.0,4553740.214285715,0.7158642857142856,19.79,19.79,19.51,19.76,True,BELOW_MINIMUM_RELATIVE_VOLUME,False,,,,,,,,,,,,,,BELOW_MINIMUM_RELATIVE_VOLUME,False,,,,,,,,,,,,,,BELOW_MINIMUM_RELATIVE_VOLUME,False,,,,,,,,,,,,,
orb_v1.0,2024-07-10,239,SBLK,0001386716,0.77052187083038,14,LONG,False,BELOW_MINIMUM_RELATIVE_VOLUME,False,False,False,False,40300.0,52302.21428571428,1670956.2857142857,0.5679142857142858,23.9,23.99,23.89,23.97,True,BELOW_MINIMUM_RELATIVE_VOLUME,False,,,,,,,,,,,,,,BELOW_MINIMUM_RELATIVE_VOLUME,False,,,,,,,,,,,,,,BELOW_MINIMUM_RELATIVE_VOLUME,False,,,,,,,,,,,,,
orb_v1.0,2024-07-10,240,USB,BBG001S6T8C1,0.7696896737154717,14,SHORT,False,BELOW_MINIMUM_RELATIVE_VOLUME,True,False,False,False,189343.0,245999.14285714287,8062525.214285715,0.8039428571428583,40.0,40.0,39.81,39.94,False,BELOW_MINIMUM_RELATIVE_VOLUME,False,,,,,,,,,,,,,,BELOW_MINIMUM_RELATIVE_VOLUME,False,,,,,,,,,,,,,,BELOW_MINIMUM_RELATIVE_VOLUME,False,,,,,,,,,,,,,
orb_v1.0,2024-07-10,241,AVTR,BBG00G2HHYF5,0.7687032959016655,14,LONG,False,BELOW_MINIMUM_RELATIVE_VOLUME,False,False,False,False,72258.0,93999.85714285714,6279782.071428572,0.5153571428571423,20.51,20.83,20.51,20.74,True,BELOW_MINIMUM_RELATIVE_VOLUME,False,,,,,,,,,,,,,,BELOW_MINIMUM_RELATIVE_VOLUME,False,,,,,,,,,,,,,,BELOW_MINIMUM_RELATIVE_VOLUME,False,,,,,,,,,,,,,
orb_v1.0,2024-07-10,242,CNI,BBG001S8WVQ7,0.7685117228295759,14,LONG,False,BELOW_MINIMUM_RELATIVE_VOLUME,True,False,False,False,28646.0,37274.642857142855,1610623.857142857,2.2350000000000017,116.62,117.22,116.2609,116.95,True,BELOW_MINIMUM_RELATIVE_VOLUME,False,,,,,,,,,,,,,,BELOW_MINIMUM_RELATIVE_VOLUME,False,,,,,,,,,,,,,,BELOW_MINIMUM_RELATIVE_VOLUME,False,,,,,,,,,,,,,
orb_v1.0,2024-07-10,243,ANET,BBG001T51KQ0,0.767614032150298,14,SHORT,False,BELOW_MINIMUM_RELATIVE_VOLUME,True,False,False,False,69424.0,90441.28571428571,2233922.6428571427,9.253214285714295,366.96,368.18,363.01,364.11,True,BELOW_MINIMUM_RELATIVE_VOLUME,False,,,,,,,,,,,,,,BELOW_MINIMUM_RELATIVE_VOLUME,False,,,,,,,,,,,,,,BELOW_MINIMUM_RELATIVE_VOLUME,False,,,,,,,,,,,,,
orb_v1.0,2024-07-10,244,SMR,BBG00YG48PG8,0.7638537290147769,14,SHORT,False,BELOW_MINIMUM_RELATIVE_VOLUME,False,True,False,False,250335.0,327726.35714285716,7138604.357142857,1.3409071428571429,13.26,13.26,12.8,12.88,True,BELOW_MINIMUM_RELATIVE_VOLUME,False,,,,,,,,,,,,,,BELOW_MINIMUM_RELATIVE_VOLUME,False,,,,,,,,,,,,,,BELOW_MINIMUM_RELATIVE_VOLUME,False,,,,,,,,,,,,,
orb_v1.0,2024-07-10,245,WOLF,BBG001S6YWT4,0.763408451086097,14,SHORT,False,BELOW_MINIMUM_RELATIVE_VOLUME,False,False,False,False,84470.0,110648.5,3356836.0,1.2381785714285718,23.44,23.6,23.18,23.245,True,BELOW_MINIMUM_RELATIVE_VOLUME,False,,,,,,,,,,,,,,BELOW_MINIMUM_RELATIVE_VOLUME,False,,,,,,,,,,,,,,BELOW_MINIMUM_RELATIVE_VOLUME,False,,,,,,,,,,,,,
orb_v1.0,2024-07-10,246,DAY,BBG005D7PF43,0.7615596695555928,14,LONG,False,BELOW_MINIMUM_RELATIVE_VOLUME,False,False,False,False,21723.0,28524.35714285714,1997905.7857142857,1.453571428571428,48.43,48.835,48.21,48.64,True,BELOW_MINIMUM_RELATIVE_VOLUME,False,,,,,,,,,,,,,,BELOW_MINIMUM_RELATIVE_VOLUME,False,,,,,,,,,,,,,,BELOW_MINIMUM_RELATIVE_VOLUME,False,,,,,,,,,,,,,
orb_v1.0,2024-07-10,247,SHW,BBG001S5W2F9,0.7594701315010928,14,LONG,False,BELOW_MINIMUM_RELATIVE_VOLUME,True,False,False,False,31447.0,41406.5,1791230.9285714286,4.567057142857144,300.0,300.9925,298.82,300.63,True,BELOW_MINIMUM_RELATIVE_VOLUME,False,,,,,,,,,,,,,,BELOW_MINIMUM_RELATIVE_VOLUME,False,,,,,,,,,,,,,,BELOW_MINIMUM_RELATIVE_VOLUME,False,,,,,,,,,,,,,
orb_v1.0,2024-07-10,248,DOW,BBG00BN96931,0.7579524621672609,14,LONG,False,BELOW_MINIMUM_RELATIVE_VOLUME,True,False,False,False,152529.0,201238.2142857143,5893592.928571428,0.9085714285714285,51.85,52.07,51.8,52.07,True,BELOW_MINIMUM_RELATIVE_VOLUME,False,,,,,,,,,,,,,,BELOW_MINIMUM_RELATIVE_VOLUME,False,,,,,,,,,,,,,,BELOW_MINIMUM_RELATIVE_VOLUME,False,,,,,,,,,,,,,
orb_v1.0,2024-07-10,249,PLAY,BBG001WWJTL4,0.7569759032749882,14,LONG,False,BELOW_MINIMUM_RELATIVE_VOLUME,False,False,False,False,17271.0,22815.785714285714,1270608.5,1.5809999999999995,37.69,37.89,37.58,37.84,False,BELOW_MINIMUM_RELATIVE_VOLUME,False,,,,,,,,,,,,,,BELOW_MINIMUM_RELATIVE_VOLUME,False,,,,,,,,,,,,,,BELOW_MINIMUM_RELATIVE_VOLUME,False,,,,,,,,,,,,,
orb_v1.0,2024-07-10,250,MDT,0001613103,0.7569647514520431,14,LONG,False,BELOW_MINIMUM_RELATIVE_VOLUME,True,False,False,False,165246.0,218300.7857142857,6661245.714285715,1.2989285714285697,76.84,77.03,76.76,77.005,True,BELOW_MINIMUM_RELATIVE_VOLUME,False,,,,,,,,,,,,,,BELOW_MINIMUM_RELATIVE_VOLUME,False,,,,,,,,,,,,,,BELOW_MINIMUM_RELATIVE_VOLUME,False,,,,,,,,,,,,,
orb_v1.0,2024-07-10,251,ROL,BBG001S5VRG4,0.7527615798644408,14,LONG,False,BELOW_MINIMUM_RELATIVE_VOLUME,True,False,False,False,26353.0,35008.42857142857,1596308.7857142857,0.7721000000000012,49.88,50.02,49.8,49.895,False,BELOW_MINIMUM_RELATIVE_VOLUME,False,,,,,,,,,,,,,,BELOW_MINIMUM_RELATIVE_VOLUME,False,,,,,,,,,,,,,,BELOW_MINIMUM_RELATIVE_VOLUME,False,,,,,,,,,,,,,
orb_v1.0,2024-07-10,252,BLDR,BBG001S9CFC7,0.7526173583438623,14,SHORT,False,BELOW_MINIMUM_RELATIVE_VOLUME,True,False,False,False,27656.0,36746.42857142857,2003052.9285714286,4.006121428571423,135.6,135.6,134.65,134.91,True,BELOW_MINIMUM_RELATIVE_VOLUME,False,,,,,,,,,,,,,,BELOW_MINIMUM_RELATIVE_VOLUME,False,,,,,,,,,,,,,,BELOW_MINIMUM_RELATIVE_VOLUME,False,,,,,,,,,,,,,
orb_v1.0,2024-07-10,253,IMVT,BBG00P5MC0R7,0.7483826614253732,14,SHORT,False,BELOW_MINIMUM_RELATIVE_VOLUME,False,False,False,False,12130.0,16208.285714285714,1152444.2142857143,1.2682142857142857,30.1,30.15,29.86,29.945,True,BELOW_MINIMUM_RELATIVE_VOLUME,False,,,,,,,,,,,,,,BELOW_MINIMUM_RELATIVE_VOLUME,False,,,,,,,,,,,,,,BELOW_MINIMUM_RELATIVE_VOLUME,False,,,,,,,,,,,,,
orb_v1.0,2024-07-10,254,PCOR,BBG0026ZJ313,0.7480216034013867,14,SHORT,False,BELOW_MINIMUM_RELATIVE_VOLUME,False,False,False,False,13949.0,18647.85714285714,1753922.642857143,1.7868571428571411,64.38,64.38,63.69,63.885,True,BELOW_MINIMUM_RELATIVE_VOLUME,False,,,,,,,,,,,,,,BELOW_MINIMUM_RELATIVE_VOLUME,False,,,,,,,,,,,,,,BELOW_MINIMUM_RELATIVE_VOLUME,False,,,,,,,,,,,,,
orb_v1.0,2024-07-10,255,BRK.B,BBG001S90346,0.7478951632969025,14,SHORT,False,BELOW_MINIMUM_RELATIVE_VOLUME,True,False,False,False,157376.0,210425.2142857143,4280947.5,4.739485714285719,410.81,411.48,409.5,410.0,True,BELOW_MINIMUM_RELATIVE_VOLUME,False,,,,,,,,,,,,,,BELOW_MINIMUM_RELATIVE_VOLUME,False,,,,,,,,,,,,,,BELOW_MINIMUM_RELATIVE_VOLUME,False,,,,,,,,,,,,,
orb_v1.0,2024-07-10,256,SHOP,BBG004DW5NC7,0.7444250196485392,14,SHORT,False,BELOW_MINIMUM_RELATIVE_VOLUME,True,False,False,False,198704.0,266922.78571428574,7274683.0,1.7616785714285708,66.3,66.33,65.58,65.915,True,BELOW_MINIMUM_RELATIVE_VOLUME,False,,,,,,,,,,,,,,BELOW_MINIMUM_RELATIVE_VOLUME,False,,,,,,,,,,,,,,BELOW_MINIMUM_RELATIVE_VOLUME,False,,,,,,,,,,,,,
orb_v1.0,2024-07-10,257,ALLY,BBG001S5RLN4,0.7436900328929507,14,LONG,False,BELOW_MINIMUM_RELATIVE_VOLUME,False,False,False,False,32283.0,43409.21428571428,2791728.785714286,0.9449999999999997,41.05,41.4,41.05,41.4,True,BELOW_MINIMUM_RELATIVE_VOLUME,False,,,,,,,,,,,,,,BELOW_MINIMUM_RELATIVE_VOLUME,False,,,,,,,,,,,,,,BELOW_MINIMUM_RELATIVE_VOLUME,False,,,,,,,,,,,,,
orb_v1.0,2024-07-10,258,AAPL,BBG001S5N8V8,0.7433928181111477,14,LONG,False,BELOW_MINIMUM_RELATIVE_VOLUME,True,False,False,False,2793718.0,3758064.285714286,76570967.28571428,4.811957142857139,229.3,230.59,229.25,230.39,True,BELOW_MINIMUM_RELATIVE_VOLUME,False,,,,,,,,,,,,,,BELOW_MINIMUM_RELATIVE_VOLUME,False,,,,,,,,,,,,,,BELOW_MINIMUM_RELATIVE_VOLUME,False,,,,,,,,,,,,,
orb_v1.0,2024-07-10,259,NDAQ,BBG001SKTBJ6,0.7428346926512793,14,LONG,False,BELOW_MINIMUM_RELATIVE_VOLUME,True,False,False,False,50510.0,67996.28571428571,1904870.0,0.8492357142857142,61.0,61.18,60.83,61.141,True,BELOW_MINIMUM_RELATIVE_VOLUME,False,,,,,,,,,,,,,,BELOW_MINIMUM_RELATIVE_VOLUME,False,,,,,,,,,,,,,,BELOW_MINIMUM_RELATIVE_VOLUME,False,,,,,,,,,,,,,
orb_v1.0,2024-07-10,260,TT,0001466258,0.7426135711856323,14,LONG,False,BELOW_MINIMUM_RELATIVE_VOLUME,True,False,False,False,26357.0,35492.21428571428,1574832.9285714286,7.9590071428571445,336.38,337.51,335.05,336.98,True,BELOW_MINIMUM_RELATIVE_VOLUME,False,,,,,,,,,,,,,,BELOW_MINIMUM_RELATIVE_VOLUME,False,,,,,,,,,,,,,,BELOW_MINIMUM_RELATIVE_VOLUME,False,,,,,,,,,,,,,
orb_v1.0,2024-07-10,261,BRO,BBG001S5XFN0,0.74237431745434,14,LONG,False,BELOW_MINIMUM_RELATIVE_VOLUME,True,False,False,False,24783.0,33383.42857142857,1102395.2857142857,1.308571428571428,90.32,90.84,90.225,90.84,True,BELOW_MINIMUM_RELATIVE_VOLUME,False,,,,,,,,,,,,,,BELOW_MINIMUM_RELATIVE_VOLUME,False,,,,,,,,,,,,,,BELOW_MINIMUM_RELATIVE_VOLUME,False,,,,,,,,,,,,,
orb_v1.0,2024-07-10,262,NFE,BBG00MJH9M32,0.7386487350206796,14,SHORT,False,BELOW_MINIMUM_RELATIVE_VOLUME,False,False,False,False,39788.0,53865.92857142857,2538729.0,0.9335142857142859,19.32,19.32,19.11,19.11,True,BELOW_MINIMUM_RELATIVE_VOLUME,False,,,,,,,,,,,,,,BELOW_MINIMUM_RELATIVE_VOLUME,False,,,,,,,,,,,,,,BELOW_MINIMUM_RELATIVE_VOLUME,False,,,,,,,,,,,,,
orb_v1.0,2024-07-10,263,HWM,BBG00DYNJH69,0.7382452454531019,14,LONG,False,BELOW_MINIMUM_RELATIVE_VOLUME,True,False,False,False,43171.0,58477.857142857145,3150453.285714286,1.7505928571428575,80.54,81.12,80.54,81.12,True,BELOW_MINIMUM_RELATIVE_VOLUME,False,,,,,,,,,,,,,,BELOW_MINIMUM_RELATIVE_VOLUME,False,,,,,,,,,,,,,,BELOW_MINIMUM_RELATIVE_VOLUME,False,,,,,,,,,,,,,
orb_v1.0,2024-07-10,264,DAR,BBG001SB7RP8,0.7382305513446915,14,SHORT,False,BELOW_MINIMUM_RELATIVE_VOLUME,False,False,False,False,26193.0,35480.78571428572,2342261.214285714,1.1864285714285698,36.48,36.48,36.2,36.21,True,BELOW_MINIMUM_RELATIVE_VOLUME,False,,,,,,,,,,,,,,BELOW_MINIMUM_RELATIVE_VOLUME,False,,,,,,,,,,,,,,BELOW_MINIMUM_RELATIVE_VOLUME,False,,,,,,,,,,,,,
orb_v1.0,2024-07-10,265,A,BBG001SCTQY4,0.7342253589462312,14,LONG,False,BELOW_MINIMUM_RELATIVE_VOLUME,True,False,False,False,44318.0,60360.21428571428,2902163.0,2.7509285714285716,126.42,126.905,126.19,126.64,True,BELOW_MINIMUM_RELATIVE_VOLUME,False,,,,,,,,,,,,,,BELOW_MINIMUM_RELATIVE_VOLUME,False,,,,,,,,,,,,,,BELOW_MINIMUM_RELATIVE_VOLUME,False,,,,,,,,,,,,,
orb_v1.0,2024-07-10,266,IRDM,BBG001T21JT7,0.7327771876718713,14,SHORT,False,BELOW_MINIMUM_RELATIVE_VOLUME,False,False,False,False,12467.0,17013.35714285714,1181098.5,0.7496428571428575,25.75,25.77,25.31,25.31,True,BELOW_MINIMUM_RELATIVE_VOLUME,False,,,,,,,,,,,,,,BELOW_MINIMUM_RELATIVE_VOLUME,False,,,,,,,,,,,,,,BELOW_MINIMUM_RELATIVE_VOLUME,False,,,,,,,,,,,,,
orb_v1.0,2024-07-10,267,PZZA,BBG001S6XNB4,0.7325509935325275,14,SHORT,False,BELOW_MINIMUM_RELATIVE_VOLUME,False,False,False,False,10728.0,14644.714285714286,1113802.357142857,1.2636714285714281,42.55,42.66,42.31,42.4,True,BELOW_MINIMUM_RELATIVE_VOLUME,False,,,,,,,,,,,,,,BELOW_MINIMUM_RELATIVE_VOLUME,False,,,,,,,,,,,,,,BELOW_MINIMUM_RELATIVE_VOLUME,False,,,,,,,,,,,,,
orb_v1.0,2024-07-10,268,RIVN,BBG00741Y1P0,0.7321634689025396,14,LONG,False,BELOW_MINIMUM_RELATIVE_VOLUME,True,False,False,False,2307366.0,3151435.5714285714,73203883.0,1.227857142857143,15.85,16.23,15.83,16.175,True,BELOW_MINIMUM_RELATIVE_VOLUME,False,,,,,,,,,,,,,,BELOW_MINIMUM_RELATIVE_VOLUME,False,,,,,,,,,,,,,,BELOW_MINIMUM_RELATIVE_VOLUME,False,,,,,,,,,,,,,
orb_v1.0,2024-07-10,269,DOCN,BBG00ZGF6TM7,0.7300965474175151,14,SHORT,False,BELOW_MINIMUM_RELATIVE_VOLUME,False,False,False,False,21379.0,29282.428571428572,1076478.5,1.1997142857142857,32.4,32.41,32.1,32.35,True,BELOW_MINIMUM_RELATIVE_VOLUME,False,,,,,,,,,,,,,,BELOW_MINIMUM_RELATIVE_VOLUME,False,,,,,,,,,,,,,,BELOW_MINIMUM_RELATIVE_VOLUME,False,,,,,,,,,,,,,
orb_v1.0,2024-07-10,270,VFC,BBG001S5X749,0.7288486849929829,14,SHORT,False,BELOW_MINIMUM_RELATIVE_VOLUME,False,False,False,False,105055.0,144138.2857142857,6728020.5,0.5389714285714288,13.08,13.11,12.97,13.005,True,BELOW_MINIMUM_RELATIVE_VOLUME,False,,,,,,,,,,,,,,BELOW_MINIMUM_RELATIVE_VOLUME,False,,,,,,,,,,,,,,BELOW_MINIMUM_RELATIVE_VOLUME,False,,,,,,,,,,,,,
orb_v1.0,2024-07-10,271,QSR,BBG0076WG2T4,0.7281296247106591,14,LONG,False,BELOW_MINIMUM_RELATIVE_VOLUME,True,False,False,False,13706.0,18823.571428571428,1652592.2857142857,1.3660714285714295,68.31,68.6125,68.31,68.54,True,BELOW_MINIMUM_RELATIVE_VOLUME,False,,,,,,,,,,,,,,BELOW_MINIMUM_RELATIVE_VOLUME,False,,,,,,,,,,,,,,BELOW_MINIMUM_RELATIVE_VOLUME,False,,,,,,,,,,,,,
orb_v1.0,2024-07-10,272,C,BBG001S72ZG4,0.7263938334019324,14,LONG,False,BELOW_MINIMUM_RELATIVE_VOLUME,True,False,False,False,379690.0,522705.4285714286,12886110.857142856,1.2632857142857137,66.26,66.68,66.22,66.61,True,BELOW_MINIMUM_RELATIVE_VOLUME,False,,,,,,,,,,,,,,BELOW_MINIMUM_RELATIVE_VOLUME,False,,,,,,,,,,,,,,BELOW_MINIMUM_RELATIVE_VOLUME,False,,,,,,,,,,,,,
orb_v1.0,2024-07-10,273,ENTG,BBG001SF9YL6,0.7255696543606434,14,SHORT,False,BELOW_MINIMUM_RELATIVE_VOLUME,True,False,False,False,14618.0,20146.928571428572,1492166.142857143,4.230707142857146,141.87,141.99,140.09,140.1,True,BELOW_MINIMUM_RELATIVE_VOLUME,False,,,,,,,,,,,,,,BELOW_MINIMUM_RELATIVE_VOLUME,False,,,,,,,,,,,,,,BELOW_MINIMUM_RELATIVE_VOLUME,False,,,,,,,,,,,,,
orb_v1.0,2024-07-10,274,SQ,BBG001TFLWL5,0.7199832207156138,14,SHORT,False,BELOW_MINIMUM_RELATIVE_VOLUME,True,False,False,False,136083.0,189008.57142857142,5691325.071428572,1.7153928571428563,64.76,64.76,64.13,64.21,True,BELOW_MINIMUM_RELATIVE_VOLUME,False,,,,,,,,,,,,,,BELOW_MINIMUM_RELATIVE_VOLUME,False,,,,,,,,,,,,,,BELOW_MINIMUM_RELATIVE_VOLUME,False,,,,,,,,,,,,,
orb_v1.0,2024-07-10,275,APLD,BBG001SK4K76,0.7195278187657321,14,LONG,False,BELOW_MINIMUM_RELATIVE_VOLUME,False,False,False,False,251651.0,349744.64285714284,8288158.714285715,0.8076357142857142,5.57,5.7,5.51,5.66,True,BELOW_MINIMUM_RELATIVE_VOLUME,False,,,,,,,,,,,,,,BELOW_MINIMUM_RELATIVE_VOLUME,False,,,,,,,,,,,,,,BELOW_MINIMUM_RELATIVE_VOLUME,False,,,,,,,,,,,,,
orb_v1.0,2024-07-10,276,VLTO,BBG019Q32XK7,0.7189697010777468,14,SHORT,False,BELOW_MINIMUM_RELATIVE_VOLUME,True,False,False,False,18941.0,26344.64285714286,2031774.0714285714,1.5606285714285713,95.71,95.99,95.21,95.48,False,BELOW_MINIMUM_RELATIVE_VOLUME,False,,,,,,,,,,,,,,BELOW_MINIMUM_RELATIVE_VOLUME,False,,,,,,,,,,,,,,BELOW_MINIMUM_RELATIVE_VOLUME,False,,,,,,,,,,,,,
orb_v1.0,2024-07-10,277,ABBV,BBG0025Y4RZ3,0.7150771559062779,14,SHORT,False,BELOW_MINIMUM_RELATIVE_VOLUME,True,False,False,False,81270.0,113652.07142857143,7012990.928571428,3.314071428571426,167.45,167.75,166.53,166.54,True,BELOW_MINIMUM_RELATIVE_VOLUME,False,,,,,,,,,,,,,,BELOW_MINIMUM_RELATIVE_VOLUME,False,,,,,,,,,,,,,,BELOW_MINIMUM_RELATIVE_VOLUME,False,,,,,,,,,,,,,
orb_v1.0,2024-07-10,278,GPS,BBG001S5RNN0,0.7137926437546647,14,LONG,False,BELOW_MINIMUM_RELATIVE_VOLUME,False,False,False,False,104792.0,146810.14285714287,5374889.928571428,0.7999857142857151,23.22,23.31,23.12,23.265,True,BELOW_MINIMUM_RELATIVE_VOLUME,False,,,,,,,,,,,,,,BELOW_MINIMUM_RELATIVE_VOLUME,False,,,,,,,,,,,,,,BELOW_MINIMUM_RELATIVE_VOLUME,False,,,,,,,,,,,,,
orb_v1.0,2024-07-10,279,HPE,BBG0078W3NP4,0.7132297560901868,14,SHORT,False,BELOW_MINIMUM_RELATIVE_VOLUME,True,False,False,False,360592.0,505576.21428571426,20966264.07142857,0.6820928571428568,21.39,21.45,21.29,21.36,True,BELOW_MINIMUM_RELATIVE_VOLUME,False,,,,,,,,,,,,,,BELOW_MINIMUM_RELATIVE_VOLUME,False,,,,,,,,,,,,,,BELOW_MINIMUM_RELATIVE_VOLUME,False,,,,,,,,,,,,,
orb_v1.0,2024-07-10,280,TPR,BBG001SFH7D5,0.7103464004387021,14,LONG,False,BELOW_MINIMUM_RELATIVE_VOLUME,False,False,False,False,39601.0,55748.857142857145,2598733.214285714,1.1309285714285713,41.92,41.95,41.72,41.95,True,BELOW_MINIMUM_RELATIVE_VOLUME,False,,,,,,,,,,,,,,BELOW_MINIMUM_RELATIVE_VOLUME,False,,,,,,,,,,,,,,BELOW_MINIMUM_RELATIVE_VOLUME,False,,,,,,,,,,,,,
orb_v1.0,2024-07-10,281,AMN,BBG001S6Q193,0.7059222806719837,14,SHORT,False,BELOW_MINIMUM_RELATIVE_VOLUME,False,False,False,False,8320.0,11786.0,1018454.7857142857,1.718564285714285,47.88,48.265,47.53,47.66,True,BELOW_MINIMUM_RELATIVE_VOLUME,False,,,,,,,,,,,,,,BELOW_MINIMUM_RELATIVE_VOLUME,False,,,,,,,,,,,,,,BELOW_MINIMUM_RELATIVE_VOLUME,False,,,,,,,,,,,,,
orb_v1.0,2024-07-10,282,EBAY,BBG001S9B9J5,0.7052688393471992,14,SHORT,False,BELOW_MINIMUM_RELATIVE_VOLUME,True,False,False,False,83908.0,118973.07142857143,4792416.357142857,1.1573571428571436,52.59,52.75,52.405,52.5,True,BELOW_MINIMUM_RELATIVE_VOLUME,False,,,,,,,,,,,,,,BELOW_MINIMUM_RELATIVE_VOLUME,False,,,,,,,,,,,,,,BELOW_MINIMUM_RELATIVE_VOLUME,False,,,,,,,,,,,,,
orb_v1.0,2024-07-10,283,KKR,BBG001S6PW05,0.7032844947266972,14,SHORT,False,BELOW_MINIMUM_RELATIVE_VOLUME,True,False,False,False,58691.0,83452.71428571429,15182657.142857144,2.368292857142857,106.64,106.9931,106.2,106.415,True,BELOW_MINIMUM_RELATIVE_VOLUME,False,,,,,,,,,,,,,,BELOW_MINIMUM_RELATIVE_VOLUME,False,,,,,,,,,,,,,,BELOW_MINIMUM_RELATIVE_VOLUME,False,,,,,,,,,,,,,
orb_v1.0,2024-07-10,284,LNG,BBG001S7W158,0.6999640970405704,14,SHORT,False,BELOW_MINIMUM_RELATIVE_VOLUME,True,False,False,False,38992.0,55705.71428571428,2591253.9285714286,3.4048785714285765,175.58,175.725,175.22,175.22,True,BELOW_MINIMUM_RELATIVE_VOLUME,False,,,,,,,,,,,,,,BELOW_MINIMUM_RELATIVE_VOLUME,False,,,,,,,,,,,,,,BELOW_MINIMUM_RELATIVE_VOLUME,False,,,,,,,,,,,,,
orb_v1.0,2024-07-10,285,Z,BBG009NRSWK2,0.6969051883135976,14,SHORT,False,BELOW_MINIMUM_RELATIVE_VOLUME,False,False,False,False,46557.0,66805.35714285714,3439018.0714285714,1.6315714285714296,48.39,48.56,48.1201,48.18,True,BELOW_MINIMUM_RELATIVE_VOLUME,False,,,,,,,,,,,,,,BELOW_MINIMUM_RELATIVE_VOLUME,False,,,,,,,,,,,,,,BELOW_MINIMUM_RELATIVE_VOLUME,False,,,,,,,,,,,,,
orb_v1.0,2024-07-10,286,OLN,BBG001S5TWW8,0.6967688894171719,14,LONG,False,BELOW_MINIMUM_RELATIVE_VOLUME,False,False,False,False,10049.0,14422.285714285714,1521329.5,1.0242857142857136,45.88,46.2,45.88,46.2,True,BELOW_MINIMUM_RELATIVE_VOLUME,False,,,,,,,,,,,,,,BELOW_MINIMUM_RELATIVE_VOLUME,False,,,,,,,,,,,,,,BELOW_MINIMUM_RELATIVE_VOLUME,False,,,,,,,,,,,,,
orb_v1.0,2024-07-10,287,ABT,BBG001S5N9M6,0.6959153481155393,14,LONG,False,BELOW_MINIMUM_RELATIVE_VOLUME,True,False,False,False,77145.0,110854.0,5670578.571428572,1.7193357142857155,101.42,101.78,101.27,101.52,True,BELOW_MINIMUM_RELATIVE_VOLUME,False,,,,,,,,,,,,,,BELOW_MINIMUM_RELATIVE_VOLUME,False,,,,,,,,,,,,,,BELOW_MINIMUM_RELATIVE_VOLUME,False,,,,,,,,,,,,,
orb_v1.0,2024-07-10,288,ADP,BBG001S82KF6,0.6954906470360644,14,SHORT,False,BELOW_MINIMUM_RELATIVE_VOLUME,True,False,False,False,48406.0,69599.78571428571,1825699.7142857143,3.8494571428571396,233.85,233.85,233.01,233.54,True,BELOW_MINIMUM_RELATIVE_VOLUME,False,,,,,,,,,,,,,,BELOW_MINIMUM_RELATIVE_VOLUME,False,,,,,,,,,,,,,,BELOW_MINIMUM_RELATIVE_VOLUME,False,,,,,,,,,,,,,
orb_v1.0,2024-07-10,289,KMB,BBG001S5SLZ0,0.6944333853959309,14,LONG,False,BELOW_MINIMUM_RELATIVE_VOLUME,True,False,False,False,34013.0,48979.5,1886448.357142857,1.75966428571429,139.83,140.13,139.5912,140.06,True,BELOW_MINIMUM_RELATIVE_VOLUME,False,,,,,,,,,,,,,,BELOW_MINIMUM_RELATIVE_VOLUME,False,,,,,,,,,,,,,,BELOW_MINIMUM_RELATIVE_VOLUME,False,,,,,,,,,,,,,
orb_v1.0,2024-07-10,290,AIG,BBG001S5NJG1,0.6942347969765418,14,LONG,False,BELOW_MINIMUM_RELATIVE_VOLUME,True,False,False,False,69987.0,100811.71428571429,5487915.571428572,1.402142857142857,75.67,76.13,75.55,76.13,False,BELOW_MINIMUM_RELATIVE_VOLUME,False,,,,,,,,,,,,,,BELOW_MINIMUM_RELATIVE_VOLUME,False,,,,,,,,,,,,,,BELOW_MINIMUM_RELATIVE_VOLUME,False,,,,,,,,,,,,,
orb_v1.0,2024-07-10,291,DM,BBG00P17H1G9,0.6921849435433373,14,LONG,False,BELOW_MINIMUM_RELATIVE_VOLUME,False,False,False,False,34268.0,49507.0,1653732.0,0.5778357142857141,5.0,5.02,4.95,5.02,True,BELOW_MINIMUM_RELATIVE_VOLUME,False,,,,,,,,,,,,,,BELOW_MINIMUM_RELATIVE_VOLUME,False,,,,,,,,,,,,,,BELOW_MINIMUM_RELATIVE_VOLUME,False,,,,,,,,,,,,,
orb_v1.0,2024-07-10,292,ADNT,0001670541,0.6912760597584772,14,SHORT,False,BELOW_MINIMUM_RELATIVE_VOLUME,False,False,False,False,16347.0,23647.571428571428,1006768.9285714285,0.6567857142857143,23.34,23.345,23.28,23.28,True,BELOW_MINIMUM_RELATIVE_VOLUME,False,,,,,,,,,,,,,,BELOW_MINIMUM_RELATIVE_VOLUME,False,,,,,,,,,,,,,,BELOW_MINIMUM_RELATIVE_VOLUME,False,,,,,,,,,,,,,
orb_v1.0,2024-07-10,293,CENX,BBG001S766G4,0.689751024418298,14,SHORT,False,BELOW_MINIMUM_RELATIVE_VOLUME,False,False,False,False,30840.0,44711.78571428572,1701329.357142857,1.0206214285714288,18.68,18.7975,18.42,18.465,True,BELOW_MINIMUM_RELATIVE_VOLUME,False,,,,,,,,,,,,,,BELOW_MINIMUM_RELATIVE_VOLUME,False,,,,,,,,,,,,,,BELOW_MINIMUM_RELATIVE_VOLUME,False,,,,,,,,,,,,,
orb_v1.0,2024-07-10,294,THC,BBG001S70FY0,0.6889275381432423,14,LONG,False,BELOW_MINIMUM_RELATIVE_VOLUME,False,False,False,False,11940.0,17331.285714285714,1246593.642857143,3.8307142857142855,132.03,133.25,131.09,133.25,False,BELOW_MINIMUM_RELATIVE_VOLUME,False,,,,,,,,,,,,,,BELOW_MINIMUM_RELATIVE_VOLUME,False,,,,,,,,,,,,,,BELOW_MINIMUM_RELATIVE_VOLUME,False,,,,,,,,,,,,,
orb_v1.0,2024-07-10,295,ZBH,BBG001S7DQJ9,0.6881563785237163,14,LONG,False,BELOW_MINIMUM_RELATIVE_VOLUME,True,False,False,False,20987.0,30497.428571428572,1862930.2142857143,1.7996428571428578,105.65,106.0,105.535,105.77,True,BELOW_MINIMUM_RELATIVE_VOLUME,False,,,,,,,,,,,,,,BELOW_MINIMUM_RELATIVE_VOLUME,False,,,,,,,,,,,,,,BELOW_MINIMUM_RELATIVE_VOLUME,False,,,,,,,,,,,,,
orb_v1.0,2024-07-10,296,RARE,BBG001V2MJJ2,0.6871267395591607,14,SHORT,False,BELOW_MINIMUM_RELATIVE_VOLUME,False,False,False,False,7043.0,10249.92857142857,1021036.7857142857,1.477321428571427,42.36,42.37,41.89,42.05,False,BELOW_MINIMUM_RELATIVE_VOLUME,False,,,,,,,,,,,,,,BELOW_MINIMUM_RELATIVE_VOLUME,False,,,,,,,,,,,,,,BELOW_MINIMUM_RELATIVE_VOLUME,False,,,,,,,,,,,,,
orb_v1.0,2024-07-10,297,REXR,BBG004MB82S9,0.6869338706195582,14,SHORT,False,BELOW_MINIMUM_RELATIVE_VOLUME,False,False,False,False,17047.0,24816.071428571428,1512566.642857143,0.861071428571427,45.94,45.94,45.72,45.83,True,BELOW_MINIMUM_RELATIVE_VOLUME,False,,,,,,,,,,,,,,BELOW_MINIMUM_RELATIVE_VOLUME,False,,,,,,,,,,,,,,BELOW_MINIMUM_RELATIVE_VOLUME,False,,,,,,,,,,,,,
orb_v1.0,2024-07-10,298,PRU,BBG001S97MM7,0.6867015700424205,14,LONG,False,BELOW_MINIMUM_RELATIVE_VOLUME,True,False,False,False,32191.0,46877.71428571428,1303110.5714285714,1.8278071428571405,118.88,119.25,118.8,118.96,True,BELOW_MINIMUM_RELATIVE_VOLUME,False,,,,,,,,,,,,,,BELOW_MINIMUM_RELATIVE_VOLUME,False,,,,,,,,,,,,,,BELOW_MINIMUM_RELATIVE_VOLUME,False,,,,,,,,,,,,,
orb_v1.0,2024-07-10,299,NXT,BBG00835TQ17,0.6858247937576608,14,SHORT,False,BELOW_MINIMUM_RELATIVE_VOLUME,False,False,False,False,85087.0,124065.21428571429,5298870.428571428,2.4769642857142857,49.03,49.42,48.85,48.896,True,BELOW_MINIMUM_RELATIVE_VOLUME,False,,,,,,,,,,,,,,BELOW_MINIMUM_RELATIVE_VOLUME,False,,,,,,,,,,,,,,BELOW_MINIMUM_RELATIVE_VOLUME,False,,,,,,,,,,,,,
orb_v1.0,2024-07-10,300,FUN,BBG01K8GRMY5,0.684177041274808,14,SHORT,False,BELOW_MINIMUM_RELATIVE_VOLUME,False,False,False,False,19741.0,28853.64285714286,2663037.0714285714,2.7624285714285715,56.02,56.08,55.35,55.35,True,BELOW_MINIMUM_RELATIVE_VOLUME,False,,,,,,,,,,,,,,BELOW_MINIMUM_RELATIVE_VOLUME,False,,,,,,,,,,,,,,BELOW_MINIMUM_RELATIVE_VOLUME,False,,,,,,,,,,,,,
orb_v1.0,2024-07-10,301,KO,BBG001S5SMQ8,0.6830836787104908,14,SHORT,False,BELOW_MINIMUM_RELATIVE_VOLUME,True,False,False,False,458765.0,671608.7857142857,12425095.285714285,0.7717857142857143,62.72,62.72,62.445,62.515,True,BELOW_MINIMUM_RELATIVE_VOLUME,False,,,,,,,,,,,,,,BELOW_MINIMUM_RELATIVE_VOLUME,False,,,,,,,,,,,,,,BELOW_MINIMUM_RELATIVE_VOLUME,False,,,,,,,,,,,,,
orb_v1.0,2024-07-10,302,NVDA,BBG001S5TZJ6,0.681473174982476,14,SHORT,False,BELOW_MINIMUM_RELATIVE_VOLUME,True,False,False,False,10889310.0,15979073.57142857,339884578.9285714,6.0128571428571425,134.03,134.23,132.83,133.37,True,BELOW_MINIMUM_RELATIVE_VOLUME,False,,,,,,,,,,,,,,BELOW_MINIMUM_RELATIVE_VOLUME,False,,,,,,,,,,,,,,BELOW_MINIMUM_RELATIVE_VOLUME,False,,,,,,,,,,,,,
orb_v1.0,2024-07-10,303,QGEN,0001015820,0.6803171602743318,14,LONG,False,BELOW_MINIMUM_RELATIVE_VOLUME,False,False,False,False,22057.0,32421.64285714286,1050814.2857142857,0.8932142857142858,40.6,40.69,40.53,40.66,True,BELOW_MINIMUM_RELATIVE_VOLUME,False,,,,,,,,,,,,,,BELOW_MINIMUM_RELATIVE_VOLUME,False,,,,,,,,,,,,,,BELOW_MINIMUM_RELATIVE_VOLUME,False,,,,,,,,,,,,,
orb_v1.0,2024-07-10,304,FND,BBG007GJ2F90,0.6796441082344211,14,SHORT,False,BELOW_MINIMUM_RELATIVE_VOLUME,False,False,False,False,22769.0,33501.357142857145,2136741.5,3.884992857142856,89.89,90.15,89.505,89.785,True,BELOW_MINIMUM_RELATIVE_VOLUME,False,,,,,,,,,,,,,,BELOW_MINIMUM_RELATIVE_VOLUME,False,,,,,,,,,,,,,,BELOW_MINIMUM_RELATIVE_VOLUME,False,,,,,,,,,,,,,
orb_v1.0,2024-07-10,305,BRKR,BBG001SF69P0,0.679236438448918,14,SHORT,False,BELOW_MINIMUM_RELATIVE_VOLUME,False,False,False,False,7452.0,10971.142857142857,1007997.8571428572,1.6083857142857139,61.55,61.57,61.19,61.375,True,BELOW_MINIMUM_RELATIVE_VOLUME,False,,,,,,,,,,,,,,BELOW_MINIMUM_RELATIVE_VOLUME,False,,,,,,,,,,,,,,BELOW_MINIMUM_RELATIVE_VOLUME,False,,,,,,,,,,,,,
orb_v1.0,2024-07-10,306,YETI,BBG00D8JC891,0.6777141888168214,14,SHORT,False,BELOW_MINIMUM_RELATIVE_VOLUME,False,False,False,False,11419.0,16849.285714285714,1475356.5,1.1233285714285712,36.39,36.39,36.26,36.295,True,BELOW_MINIMUM_RELATIVE_VOLUME,False,,,,,,,,,,,,,,BELOW_MINIMUM_RELATIVE_VOLUME,False,,,,,,,,,,,,,,BELOW_MINIMUM_RELATIVE_VOLUME,False,,,,,,,,,,,,,
orb_v1.0,2024-07-10,307,TDS,BBG001S5WM29,0.6772129819432552,14,SHORT,False,BELOW_MINIMUM_RELATIVE_VOLUME,False,False,False,False,16778.0,24775.071428571428,1329229.357142857,0.6908357142857143,20.89,20.98,20.66,20.8119,True,BELOW_MINIMUM_RELATIVE_VOLUME,False,,,,,,,,,,,,,,BELOW_MINIMUM_RELATIVE_VOLUME,False,,,,,,,,,,,,,,BELOW_MINIMUM_RELATIVE_VOLUME,False,,,,,,,,,,,,,
orb_v1.0,2024-07-10,308,CORZ,BBG01L5GH1G3,0.6763846476915971,14,SHORT,False,BELOW_MINIMUM_RELATIVE_VOLUME,False,True,False,False,339005.0,501201.5,16131235.42857143,0.932142857142857,9.97,10.0,9.75,9.845,True,BELOW_MINIMUM_RELATIVE_VOLUME,False,,,,,,,,,,,,,,BELOW_MINIMUM_RELATIVE_VOLUME,False,,,,,,,,,,,,,,BELOW_MINIMUM_RELATIVE_VOLUME,False,,,,,,,,,,,,,
orb_v1.0,2024-07-10,309,FL,BBG001S5XMR1,0.6761416165885228,14,SHORT,False,BELOW_MINIMUM_RELATIVE_VOLUME,False,False,False,False,46806.0,69225.14285714286,2499520.0714285714,1.084285714285714,23.68,23.77,23.61,23.64,True,BELOW_MINIMUM_RELATIVE_VOLUME,False,,,,,,,,,,,,,,BELOW_MINIMUM_RELATIVE_VOLUME,False,,,,,,,,,,,,,,BELOW_MINIMUM_RELATIVE_VOLUME,False,,,,,,,,,,,,,
orb_v1.0,2024-07-10,310,MCD,BBG001S5T110,0.6748120674357856,14,LONG,False,BELOW_MINIMUM_RELATIVE_VOLUME,True,False,False,False,147931.0,219218.07142857142,4191860.6428571427,4.574928571428564,247.0,247.48,246.4376,247.12,True,BELOW_MINIMUM_RELATIVE_VOLUME,False,,,,,,,,,,,,,,BELOW_MINIMUM_RELATIVE_VOLUME,False,,,,,,,,,,,,,,BELOW_MINIMUM_RELATIVE_VOLUME,False,,,,,,,,,,,,,
orb_v1.0,2024-07-10,311,PRGO,0001585364,0.6743271055904235,14,LONG,False,BELOW_MINIMUM_RELATIVE_VOLUME,False,False,False,False,13246.0,19643.285714285714,1537029.4285714286,0.7201785714285711,26.49,26.81,26.46,26.75,True,BELOW_MINIMUM_RELATIVE_VOLUME,False,,,,,,,,,,,,,,BELOW_MINIMUM_RELATIVE_VOLUME,False,,,,,,,,,,,,,,BELOW_MINIMUM_RELATIVE_VOLUME,False,,,,,,,,,,,,,
orb_v1.0,2024-07-10,312,CB,0000896159,0.6735119810559904,14,SHORT,False,BELOW_MINIMUM_RELATIVE_VOLUME,True,False,False,False,41099.0,61021.92857142857,1329745.2142857143,4.181807142857148,254.0,254.3666,253.62,253.98,True,BELOW_MINIMUM_RELATIVE_VOLUME,False,,,,,,,,,,,,,,BELOW_MINIMUM_RELATIVE_VOLUME,False,,,,,,,,,,,,,,BELOW_MINIMUM_RELATIVE_VOLUME,False,,,,,,,,,,,,,
orb_v1.0,2024-07-10,313,CGNX,BBG001S5TC16,0.6721858795115367,14,SHORT,False,BELOW_MINIMUM_RELATIVE_VOLUME,False,False,False,False,14870.0,22121.85714285714,1091388.7857142857,0.9200000000000007,48.48,48.48,48.17,48.33,False,BELOW_MINIMUM_RELATIVE_VOLUME,False,,,,,,,,,,,,,,BELOW_MINIMUM_RELATIVE_VOLUME,False,,,,,,,,,,,,,,BELOW_MINIMUM_RELATIVE_VOLUME,False,,,,,,,,,,,,,
orb_v1.0,2024-07-10,314,ENPH,BBG001V28NC6,0.6709939180055989,14,LONG,False,BELOW_MINIMUM_RELATIVE_VOLUME,False,False,False,False,133745.0,199323.7142857143,4307561.0,4.978564285714285,104.81,106.08,104.17,105.675,True,BELOW_MINIMUM_RELATIVE_VOLUME,False,,,,,,,,,,,,,,BELOW_MINIMUM_RELATIVE_VOLUME,False,,,,,,,,,,,,,,BELOW_MINIMUM_RELATIVE_VOLUME,False,,,,,,,,,,,,,
orb_v1.0,2024-07-10,315,LLY,BBG001S5STL8,0.6692899646716742,14,SHORT,False,BELOW_MINIMUM_RELATIVE_VOLUME,True,False,False,False,114251.0,170704.7857142857,2885264.9285714286,18.777007142857162,936.57,937.7999,933.0,935.4731,False,BELOW_MINIMUM_RELATIVE_VOLUME,False,,,,,,,,,,,,,,BELOW_MINIMUM_RELATIVE_VOLUME,False,,,,,,,,,,,,,,BELOW_MINIMUM_RELATIVE_VOLUME,False,,,,,,,,,,,,,
orb_v1.0,2024-07-10,316,TSN,BBG001S871D5,0.6682057123570856,14,LONG,False,BELOW_MINIMUM_RELATIVE_VOLUME,True,False,False,False,28283.0,42326.78571428572,1835659.4285714286,0.9525642857142849,55.93,56.05,55.9,55.96,True,BELOW_MINIMUM_RELATIVE_VOLUME,False,,,,,,,,,,,,,,BELOW_MINIMUM_RELATIVE_VOLUME,False,,,,,,,,,,,,,,BELOW_MINIMUM_RELATIVE_VOLUME,False,,,,,,,,,,,,,
orb_v1.0,2024-07-10,317,DVA,BBG001SB5DZ0,0.6677357412747682,14,LONG,False,BELOW_MINIMUM_RELATIVE_VOLUME,False,False,False,False,6930.0,10378.357142857143,1113215.7857142857,3.4437642857142885,138.86,139.29,138.86,139.29,True,BELOW_MINIMUM_RELATIVE_VOLUME,False,,,,,,,,,,,,,,BELOW_MINIMUM_RELATIVE_VOLUME,False,,,,,,,,,,,,,,BELOW_MINIMUM_RELATIVE_VOLUME,False,,,,,,,,,,,,,
orb_v1.0,2024-07-10,318,PFGC,BBG009XW2WC7,0.6648051205471391,14,SHORT,False,BELOW_MINIMUM_RELATIVE_VOLUME,False,False,False,False,8554.0,12866.92857142857,1499048.2857142857,1.4571357142857129,62.05,62.05,61.76,61.85,True,BELOW_MINIMUM_RELATIVE_VOLUME,False,,,,,,,,,,,,,,BELOW_MINIMUM_RELATIVE_VOLUME,False,,,,,,,,,,,,,,BELOW_MINIMUM_RELATIVE_VOLUME,False,,,,,,,,,,,,,
orb_v1.0,2024-07-10,319,EXPE,BBG001SP8VM0,0.6643085650209426,14,LONG,False,BELOW_MINIMUM_RELATIVE_VOLUME,True,False,False,False,23020.0,34652.57142857143,1978573.5714285714,3.1974928571428527,129.07,129.73,128.88,129.515,True,BELOW_MINIMUM_RELATIVE_VOLUME,False,,,,,,,,,,,,,,BELOW_MINIMUM_RELATIVE_VOLUME,False,,,,,,,,,,,,,,BELOW_MINIMUM_RELATIVE_VOLUME,False,,,,,,,,,,,,,
orb_v1.0,2024-07-10,320,CF,BBG001SJ8KV8,0.662818463507416,14,LONG,False,BELOW_MINIMUM_RELATIVE_VOLUME,False,False,False,False,36105.0,54471.92857142857,2373643.5714285714,1.638614285714288,70.02,70.07,69.63,70.05,True,BELOW_MINIMUM_RELATIVE_VOLUME,False,,,,,,,,,,,,,,BELOW_MINIMUM_RELATIVE_VOLUME,False,,,,,,,,,,,,,,BELOW_MINIMUM_RELATIVE_VOLUME,False,,,,,,,,,,,,,
orb_v1.0,2024-07-10,321,LYB,0001489393,0.658033003228041,14,LONG,False,BELOW_MINIMUM_RELATIVE_VOLUME,True,False,False,False,34334.0,52176.71428571428,1812270.642857143,1.655464285714286,93.54,93.66,93.17,93.59,True,BELOW_MINIMUM_RELATIVE_VOLUME,False,,,,,,,,,,,,,,BELOW_MINIMUM_RELATIVE_VOLUME,False,,,,,,,,,,,,,,BELOW_MINIMUM_RELATIVE_VOLUME,False,,,,,,,,,,,,,
orb_v1.0,2024-07-10,322,CVS,BBG001S5QBD8,0.6570804524222084,14,SHORT,False,BELOW_MINIMUM_RELATIVE_VOLUME,True,False,False,False,234353.0,356658.0,9604778.92857143,1.4122000000000001,57.87,58.05,57.6,57.8,True,BELOW_MINIMUM_RELATIVE_VOLUME,False,,,,,,,,,,,,,,BELOW_MINIMUM_RELATIVE_VOLUME,False,,,,,,,,,,,,,,BELOW_MINIMUM_RELATIVE_VOLUME,False,,,,,,,,,,,,,
orb_v1.0,2024-07-10,323,STM,BBG001S5WDM7,0.6567453926687191,14,SHORT,False,BELOW_MINIMUM_RELATIVE_VOLUME,True,False,False,False,75151.0,114429.42857142857,3073191.1428571427,1.0228571428571425,41.8,41.84,41.65,41.73,False,BELOW_MINIMUM_RELATIVE_VOLUME,False,,,,,,,,,,,,,,BELOW_MINIMUM_RELATIVE_VOLUME,False,,,,,,,,,,,,,,BELOW_MINIMUM_RELATIVE_VOLUME,False,,,,,,,,,,,,,
orb_v1.0,2024-07-10,324,NUE,BBG001S5TRV0,0.6538389850516296,14,LONG,False,BELOW_MINIMUM_RELATIVE_VOLUME,True,False,False,False,37585.0,57483.57142857143,1744772.0,3.538921428571425,151.11,151.96,150.9443,151.76,True,BELOW_MINIMUM_RELATIVE_VOLUME,False,,,,,,,,,,,,,,BELOW_MINIMUM_RELATIVE_VOLUME,False,,,,,,,,,,,,,,BELOW_MINIMUM_RELATIVE_VOLUME,False,,,,,,,,,,,,,
orb_v1.0,2024-07-10,325,DLR,BBG001SM0K30,0.6524774398714872,14,LONG,False,BELOW_MINIMUM_RELATIVE_VOLUME,True,False,False,False,42706.0,65452.07142857143,1611103.0,2.721735714285716,154.0,155.31,153.75,154.81,False,BELOW_MINIMUM_RELATIVE_VOLUME,False,,,,,,,,,,,,,,BELOW_MINIMUM_RELATIVE_VOLUME,False,,,,,,,,,,,,,,BELOW_MINIMUM_RELATIVE_VOLUME,False,,,,,,,,,,,,,
orb_v1.0,2024-07-10,326,PLTR,BBG001T53796,0.6522711919582919,14,SHORT,False,BELOW_MINIMUM_RELATIVE_VOLUME,True,False,False,False,1571445.0,2409189.6428571427,42978704.78571428,1.0897285714285707,27.5,27.67,27.37,27.493,False,BELOW_MINIMUM_RELATIVE_VOLUME,False,,,,,,,,,,,,,,BELOW_MINIMUM_RELATIVE_VOLUME,False,,,,,,,,,,,,,,BELOW_MINIMUM_RELATIVE_VOLUME,False,,,,,,,,,,,,,
orb_v1.0,2024-07-10,327,WY,BBG001S5XL11,0.6521481185214811,14,SHORT,False,BELOW_MINIMUM_RELATIVE_VOLUME,True,False,False,False,97832.0,150015.0,3891630.285714286,0.5050000000000006,27.48,27.65,27.44,27.47,True,BELOW_MINIMUM_RELATIVE_VOLUME,False,,,,,,,,,,,,,,BELOW_MINIMUM_RELATIVE_VOLUME,False,,,,,,,,,,,,,,BELOW_MINIMUM_RELATIVE_VOLUME,False,,,,,,,,,,,,,
orb_v1.0,2024-07-10,328,VLO,BBG001S5X8K9,0.6520882305826781,14,LONG,False,BELOW_MINIMUM_RELATIVE_VOLUME,True,False,False,False,62515.0,95868.92857142857,3245178.5,4.347014285714285,145.58,146.28,145.16,145.835,True,BELOW_MINIMUM_RELATIVE_VOLUME,False,,,,,,,,,,,,,,BELOW_MINIMUM_RELATIVE_VOLUME,False,,,,,,,,,,,,,,BELOW_MINIMUM_RELATIVE_VOLUME,False,,,,,,,,,,,,,
orb_v1.0,2024-07-10,329,BF.B,BBG001S5P4H1,0.6518629493511864,14,SHORT,False,BELOW_MINIMUM_RELATIVE_VOLUME,True,False,False,False,29836.0,45770.357142857145,2750041.4285714286,0.9200928571428568,41.77,41.77,41.52,41.66,False,BELOW_MINIMUM_RELATIVE_VOLUME,False,,,,,,,,,,,,,,BELOW_MINIMUM_RELATIVE_VOLUME,False,,,,,,,,,,,,,,BELOW_MINIMUM_RELATIVE_VOLUME,False,,,,,,,,,,,,,
orb_v1.0,2024-07-10,330,IQV,BBG00333FZ54,0.6508308513059898,14,SHORT,False,BELOW_MINIMUM_RELATIVE_VOLUME,True,False,False,False,14500.0,22279.214285714286,1515055.0714285714,4.0649999999999995,213.26,213.9,211.45,211.45,True,BELOW_MINIMUM_RELATIVE_VOLUME,False,,,,,,,,,,,,,,BELOW_MINIMUM_RELATIVE_VOLUME,False,,,,,,,,,,,,,,BELOW_MINIMUM_RELATIVE_VOLUME,False,,,,,,,,,,,,,
orb_v1.0,2024-07-10,331,TRP,BBG001S5WW27,0.6492917275797752,14,SHORT,False,BELOW_MINIMUM_RELATIVE_VOLUME,True,False,False,False,31280.0,48175.57142857143,3742984.3571428573,0.6419928571428564,37.52,37.69,37.46,37.51,True,BELOW_MINIMUM_RELATIVE_VOLUME,False,,,,,,,,,,,,,,BELOW_MINIMUM_RELATIVE_VOLUME,False,,,,,,,,,,,,,,BELOW_MINIMUM_RELATIVE_VOLUME,False,,,,,,,,,,,,,
orb_v1.0,2024-07-10,332,CME,BBG001S86547,0.649275499052606,14,LONG,False,BELOW_MINIMUM_RELATIVE_VOLUME,True,False,False,False,41291.0,63595.5,3038156.714285714,2.969285714285718,194.1,195.32,194.1,194.59,False,BELOW_MINIMUM_RELATIVE_VOLUME,False,,,,,,,,,,,,,,BELOW_MINIMUM_RELATIVE_VOLUME,False,,,,,,,,,,,,,,BELOW_MINIMUM_RELATIVE_VOLUME,False,,,,,,,,,,,,,
orb_v1.0,2024-07-10,333,CVX,BBG001S67ZC5,0.6482575138715913,14,LONG,False,BELOW_MINIMUM_RELATIVE_VOLUME,True,False,False,False,228206.0,352029.85714285716,7759374.071428572,2.5441285714285766,152.5,153.209,152.3,153.175,True,BELOW_MINIMUM_RELATIVE_VOLUME,False,,,,,,,,,,,,,,BELOW_MINIMUM_RELATIVE_VOLUME,False,,,,,,,,,,,,,,BELOW_MINIMUM_RELATIVE_VOLUME,False,,,,,,,,,,,,,
orb_v1.0,2024-07-10,334,APH,BBG001S5NSK6,0.647301790925323,14,LONG,False,BELOW_MINIMUM_RELATIVE_VOLUME,True,False,False,False,153323.0,236864.7857142857,7687644.0,1.3048214285714326,69.0,69.41,68.8877,69.41,True,BELOW_MINIMUM_RELATIVE_VOLUME,False,,,,,,,,,,,,,,BELOW_MINIMUM_RELATIVE_VOLUME,False,,,,,,,,,,,,,,BELOW_MINIMUM_RELATIVE_VOLUME,False,,,,,,,,,,,,,
orb_v1.0,2024-07-10,335,GFS,0001709048,0.6471386569183128,14,SHORT,False,BELOW_MINIMUM_RELATIVE_VOLUME,True,False,False,False,41348.0,63893.57142857143,1356851.642857143,1.1753571428571432,53.77,53.91,53.52,53.71,False,BELOW_MINIMUM_RELATIVE_VOLUME,False,,,,,,,,,,,,,,BELOW_MINIMUM_RELATIVE_VOLUME,False,,,,,,,,,,,,,,BELOW_MINIMUM_RELATIVE_VOLUME,False,,,,,,,,,,,,,
orb_v1.0,2024-07-10,336,AXTA,0001616862,0.6458309718664279,14,LONG,False,BELOW_MINIMUM_RELATIVE_VOLUME,False,False,False,False,16279.0,25206.285714285714,1713349.7142857143,0.5785357142857143,34.21,34.27,34.065,34.27,True,BELOW_MINIMUM_RELATIVE_VOLUME,False,,,,,,,,,,,,,,BELOW_MINIMUM_RELATIVE_VOLUME,False,,,,,,,,,,,,,,BELOW_MINIMUM_RELATIVE_VOLUME,False,,,,,,,,,,,,,
orb_v1.0,2024-07-10,337,DOCS,BBG0026ZJQY6,0.6444483865245368,14,SHORT,False,BELOW_MINIMUM_RELATIVE_VOLUME,False,False,False,False,14272.0,22146.071428571428,1379374.4285714286,0.7187214285714284,27.44,27.5,27.25,27.3,True,BELOW_MINIMUM_RELATIVE_VOLUME,False,,,,,,,,,,,,,,BELOW_MINIMUM_RELATIVE_VOLUME,False,,,,,,,,,,,,,,BELOW_MINIMUM_RELATIVE_VOLUME,False,,,,,,,,,,,,,
orb_v1.0,2024-07-10,338,CHRD,BBG00Y7BLJF2,0.6437257936819281,14,SHORT,False,BELOW_MINIMUM_RELATIVE_VOLUME,False,False,False,False,12893.0,20028.714285714286,1595548.357142857,3.7624928571428575,167.99,167.99,167.47,167.58,True,BELOW_MINIMUM_RELATIVE_VOLUME,False,,,,,,,,,,,,,,BELOW_MINIMUM_RELATIVE_VOLUME,False,,,,,,,,,,,,,,BELOW_MINIMUM_RELATIVE_VOLUME,False,,,,,,,,,,,,,
orb_v1.0,2024-07-10,339,MARA,BBG001V0L7T2,0.6429284727103938,14,SHORT,False,BELOW_MINIMUM_RELATIVE_VOLUME,False,True,False,False,1211574.0,1884461.5714285714,44493814.571428575,1.4681928571428575,19.21,19.3,19.0808,19.175,True,BELOW_MINIMUM_RELATIVE_VOLUME,False,,,,,,,,,,,,,,BELOW_MINIMUM_RELATIVE_VOLUME,False,,,,,,,,,,,,,,BELOW_MINIMUM_RELATIVE_VOLUME,False,,,,,,,,,,,,,
orb_v1.0,2024-07-10,340,WRBY,BBG005DWN8L7,0.6426623891797134,14,SHORT,False,BELOW_MINIMUM_RELATIVE_VOLUME,False,False,False,False,13250.0,20617.35714285714,1230742.7142857143,0.5169,15.84,15.86,15.71,15.8,True,BELOW_MINIMUM_RELATIVE_VOLUME,False,,,,,,,,,,,,,,BELOW_MINIMUM_RELATIVE_VOLUME,False,,,,,,,,,,,,,,BELOW_MINIMUM_RELATIVE_VOLUME,False,,,,,,,,,,,,,
orb_v1.0,2024-07-10,341,PARR,BBG003C5DLS7,0.6418370822360058,14,SHORT,False,BELOW_MINIMUM_RELATIVE_VOLUME,False,False,False,False,9557.0,14890.07142857143,1039642.5,0.8226785714285713,23.5,23.58,23.42,23.43,True,BELOW_MINIMUM_RELATIVE_VOLUME,False,,,,,,,,,,,,,,BELOW_MINIMUM_RELATIVE_VOLUME,False,,,,,,,,,,,,,,BELOW_MINIMUM_RELATIVE_VOLUME,False,,,,,,,,,,,,,
orb_v1.0,2024-07-10,342,RILY,BBG001SV8TK4,0.6409885077703902,14,LONG,False,BELOW_MINIMUM_RELATIVE_VOLUME,False,False,False,False,17167.0,26782.071428571428,1188799.0714285714,1.3988571428571428,16.19,16.36,16.19,16.25,True,BELOW_MINIMUM_RELATIVE_VOLUME,False,,,,,,,,,,,,,,BELOW_MINIMUM_RELATIVE_VOLUME,False,,,,,,,,,,,,,,BELOW_MINIMUM_RELATIVE_VOLUME,False,,,,,,,,,,,,,
orb_v1.0,2024-07-10,343,AME,BBG001S5NN54,0.6392530735457067,14,SHORT,False,BELOW_MINIMUM_RELATIVE_VOLUME,True,False,False,False,16442.0,25720.64285714286,1170456.7857142857,2.6066071428571473,164.14,164.45,163.93,163.99,False,BELOW_MINIMUM_RELATIVE_VOLUME,False,,,,,,,,,,,,,,BELOW_MINIMUM_RELATIVE_VOLUME,False,,,,,,,,,,,,,,BELOW_MINIMUM_RELATIVE_VOLUME,False,,,,,,,,,,,,,
orb_v1.0,2024-07-10,344,UDR,BBG001S6KCT3,0.6367305983287725,14,SHORT,False,BELOW_MINIMUM_RELATIVE_VOLUME,False,False,False,False,29734.0,46697.92857142857,1993857.0,0.5099928571428575,40.59,40.61,40.39,40.48,True,BELOW_MINIMUM_RELATIVE_VOLUME,False,,,,,,,,,,,,,,BELOW_MINIMUM_RELATIVE_VOLUME,False,,,,,,,,,,,,,,BELOW_MINIMUM_RELATIVE_VOLUME,False,,,,,,,,,,,,,
orb_v1.0,2024-07-10,345,UAL,BBG001SQ87W0,0.6359379082667366,14,SHORT,False,BELOW_MINIMUM_RELATIVE_VOLUME,True,False,False,False,112304.0,176595.85714285713,5589964.928571428,1.2171357142857129,47.62,47.6218,47.33,47.39,True,BELOW_MINIMUM_RELATIVE_VOLUME,False,,,,,,,,,,,,,,BELOW_MINIMUM_RELATIVE_VOLUME,False,,,,,,,,,,,,,,BELOW_MINIMUM_RELATIVE_VOLUME,False,,,,,,,,,,,,,
orb_v1.0,2024-07-10,346,CNQ,BBG001S5YC56,0.6350012779248234,14,LONG,False,BELOW_MINIMUM_RELATIVE_VOLUME,True,False,False,False,52352.0,82443.92857142857,3557838.214285714,0.7832142857142854,35.54,35.69,35.51,35.66,True,BELOW_MINIMUM_RELATIVE_VOLUME,False,,,,,,,,,,,,,,BELOW_MINIMUM_RELATIVE_VOLUME,False,,,,,,,,,,,,,,BELOW_MINIMUM_RELATIVE_VOLUME,False,,,,,,,,,,,,,
orb_v1.0,2024-07-10,347,ORCL,BBG001S5SJG6,0.6331910313481641,14,SHORT,False,BELOW_MINIMUM_RELATIVE_VOLUME,True,False,False,False,193294.0,305269.64285714284,9821028.42857143,2.9946357142857107,141.12,141.22,139.93,140.0427,True,BELOW_MINIMUM_RELATIVE_VOLUME,False,,,,,,,,,,,,,,BELOW_MINIMUM_RELATIVE_VOLUME,False,,,,,,,,,,,,,,BELOW_MINIMUM_RELATIVE_VOLUME,False,,,,,,,,,,,,,
orb_v1.0,2024-07-10,348,XRAY,BBG001S5XLV8,0.6326431360990347,14,SHORT,False,BELOW_MINIMUM_RELATIVE_VOLUME,False,False,False,False,21464.0,33927.5,2996238.3571428573,0.5321428571428576,24.36,24.535,24.22,24.28,True,BELOW_MINIMUM_RELATIVE_VOLUME,False,,,,,,,,,,,,,,BELOW_MINIMUM_RELATIVE_VOLUME,False,,,,,,,,,,,,,,BELOW_MINIMUM_RELATIVE_VOLUME,False,,,,,,,,,,,,,
orb_v1.0,2024-07-10,349,BN,BBG001SF86D7,0.6318875091402059,14,LONG,False,BELOW_MINIMUM_RELATIVE_VOLUME,True,False,False,False,27900.0,44153.42857142857,5530222.642857143,0.8932142857142858,43.1,43.3,43.02,43.27,True,BELOW_MINIMUM_RELATIVE_VOLUME,False,,,,,,,,,,,,,,BELOW_MINIMUM_RELATIVE_VOLUME,False,,,,,,,,,,,,,,BELOW_MINIMUM_RELATIVE_VOLUME,False,,,,,,,,,,,,,
orb_v1.0,2024-07-10,350,M,BBG001S6KRW6,0.6313487168293878,14,LONG,False,BELOW_MINIMUM_RELATIVE_VOLUME,False,False,False,False,110329.0,174751.2857142857,5524028.857142857,0.7347142857142851,18.96,19.06,18.93,19.0599,True,BELOW_MINIMUM_RELATIVE_VOLUME,False,,,,,,,,,,,,,,BELOW_MINIMUM_RELATIVE_VOLUME,False,,,,,,,,,,,,,,BELOW_MINIMUM_RELATIVE_VOLUME,False,,,,,,,,,,,,,
orb_v1.0,2024-07-10,351,ALGM,BBG00H5S83B8,0.6303646320929738,14,SHORT,False,BELOW_MINIMUM_RELATIVE_VOLUME,False,False,False,False,13130.0,20829.214285714286,1421411.9285714286,0.937442857142857,31.4,31.5,31.2,31.31,False,BELOW_MINIMUM_RELATIVE_VOLUME,False,,,,,,,,,,,,,,BELOW_MINIMUM_RELATIVE_VOLUME,False,,,,,,,,,,,,,,BELOW_MINIMUM_RELATIVE_VOLUME,False,,,,,,,,,,,,,
orb_v1.0,2024-07-10,352,TRMB,BBG001S5SZP0,0.6298614904867829,14,LONG,False,BELOW_MINIMUM_RELATIVE_VOLUME,False,False,False,False,17212.0,27326.64285714286,1138043.7142857143,1.0416071428571436,55.32,55.65,55.24,55.35,False,BELOW_MINIMUM_RELATIVE_VOLUME,False,,,,,,,,,,,,,,BELOW_MINIMUM_RELATIVE_VOLUME,False,,,,,,,,,,,,,,BELOW_MINIMUM_RELATIVE_VOLUME,False,,,,,,,,,,,,,
orb_v1.0,2024-07-10,353,DT,BBG00PNN7CW9,0.6285848485669638,14,SHORT,False,BELOW_MINIMUM_RELATIVE_VOLUME,False,False,False,False,34795.0,55354.5,3532318.9285714286,1.1265,43.2,43.24,42.92,43.04,True,BELOW_MINIMUM_RELATIVE_VOLUME,False,,,,,,,,,,,,,,BELOW_MINIMUM_RELATIVE_VOLUME,False,,,,,,,,,,,,,,BELOW_MINIMUM_RELATIVE_VOLUME,False,,,,,,,,,,,,,
orb_v1.0,2024-07-10,354,XOM,BBG001S69V32,0.6278732248228801,14,SHORT,False,BELOW_MINIMUM_RELATIVE_VOLUME,True,False,False,False,394548.0,628388.0,17699326.785714287,2.077142857142856,110.92,110.92,110.42,110.635,False,BELOW_MINIMUM_RELATIVE_VOLUME,False,,,,,,,,,,,,,,BELOW_MINIMUM_RELATIVE_VOLUME,False,,,,,,,,,,,,,,BELOW_MINIMUM_RELATIVE_VOLUME,False,,,,,,,,,,,,,
orb_v1.0,2024-07-10,355,AR,BBG001T61KH8,0.626195088325834,14,LONG,False,BELOW_MINIMUM_RELATIVE_VOLUME,False,False,False,False,29394.0,46940.642857142855,3080432.9285714286,0.8507142857142848,32.48,32.57,32.36,32.5,False,BELOW_MINIMUM_RELATIVE_VOLUME,False,,,,,,,,,,,,,,BELOW_MINIMUM_RELATIVE_VOLUME,False,,,,,,,,,,,,,,BELOW_MINIMUM_RELATIVE_VOLUME,False,,,,,,,,,,,,,
orb_v1.0,2024-07-10,356,PENN,BBG001S80PY6,0.6250012601780379,14,SHORT,False,BELOW_MINIMUM_RELATIVE_VOLUME,False,False,False,False,92993.0,148788.5,7720108.714285715,0.9624999999999998,20.28,20.33,20.07,20.13,True,BELOW_MINIMUM_RELATIVE_VOLUME,False,,,,,,,,,,,,,,BELOW_MINIMUM_RELATIVE_VOLUME,False,,,,,,,,,,,,,,BELOW_MINIMUM_RELATIVE_VOLUME,False,,,,,,,,,,,,,
orb_v1.0,2024-07-10,357,CSX,BBG001S5Q7Q3,0.6242366273433091,14,LONG,False,BELOW_MINIMUM_RELATIVE_VOLUME,True,False,False,False,280819.0,449859.85714285716,12045624.07142857,0.574228571428571,32.5,32.625,32.37,32.625,True,BELOW_MINIMUM_RELATIVE_VOLUME,False,,,,,,,,,,,,,,BELOW_MINIMUM_RELATIVE_VOLUME,False,,,,,,,,,,,,,,BELOW_MINIMUM_RELATIVE_VOLUME,False,,,,,,,,,,,,,
orb_v1.0,2024-07-10,358,W,BBG001THKQ26,0.624225270664538,14,LONG,False,BELOW_MINIMUM_RELATIVE_VOLUME,False,False,False,False,35776.0,57312.642857142855,2990143.3571428573,1.9354714285714283,53.29,53.6889,53.105,53.605,True,BELOW_MINIMUM_RELATIVE_VOLUME,False,,,,,,,,,,,,,,BELOW_MINIMUM_RELATIVE_VOLUME,False,,,,,,,,,,,,,,BELOW_MINIMUM_RELATIVE_VOLUME,False,,,,,,,,,,,,,
orb_v1.0,2024-07-10,359,GD,BBG001S5RHP1,0.6241696317459204,14,LONG,False,BELOW_MINIMUM_RELATIVE_VOLUME,True,False,False,False,20349.0,32601.714285714286,1165359.357142857,3.8527571428571394,279.66,280.44,279.63,280.0198,True,BELOW_MINIMUM_RELATIVE_VOLUME,False,,,,,,,,,,,,,,BELOW_MINIMUM_RELATIVE_VOLUME,False,,,,,,,,,,,,,,BELOW_MINIMUM_RELATIVE_VOLUME,False,,,,,,,,,,,,,
orb_v1.0,2024-07-10,360,NET,BBG001WMKHJ3,0.6205501396268774,14,SHORT,False,BELOW_MINIMUM_RELATIVE_VOLUME,True,False,False,False,50110.0,80750.92857142857,3176506.0714285714,2.415321428571429,82.9,82.9,81.89,82.03,True,BELOW_MINIMUM_RELATIVE_VOLUME,False,,,,,,,,,,,,,,BELOW_MINIMUM_RELATIVE_VOLUME,False,,,,,,,,,,,,,,BELOW_MINIMUM_RELATIVE_VOLUME,False,,,,,,,,,,,,,
orb_v1.0,2024-07-10,361,BTDR,0001899123,0.6178224515292081,14,SHORT,False,BELOW_MINIMUM_RELATIVE_VOLUME,False,False,False,False,96610.0,156371.7857142857,3669201.4285714286,1.27,11.6,11.6,11.072,11.1,True,BELOW_MINIMUM_RELATIVE_VOLUME,False,,,,,,,,,,,,,,BELOW_MINIMUM_RELATIVE_VOLUME,False,,,,,,,,,,,,,,BELOW_MINIMUM_RELATIVE_VOLUME,False,,,,,,,,,,,,,
orb_v1.0,2024-07-10,362,WULF,BBG0122MC919,0.6173529283612663,14,SHORT,False,BELOW_MINIMUM_RELATIVE_VOLUME,False,True,False,False,783325.0,1268844.7142857143,26150260.5,0.5977714285714285,5.125,5.2,5.03,5.0648,True,BELOW_MINIMUM_RELATIVE_VOLUME,False,,,,,,,,,,,,,,BELOW_MINIMUM_RELATIVE_VOLUME,False,,,,,,,,,,,,,,BELOW_MINIMUM_RELATIVE_VOLUME,False,,,,,,,,,,,,,
orb_v1.0,2024-07-10,363,BIIB,BBG001S67826,0.6168517159111764,14,SHORT,False,BELOW_MINIMUM_RELATIVE_VOLUME,True,False,False,False,19207.0,31137.14285714286,1013263.1428571428,5.742857142857139,229.85,231.269,228.8,228.8,True,BELOW_MINIMUM_RELATIVE_VOLUME,False,,,,,,,,,,,,,,BELOW_MINIMUM_RELATIVE_VOLUME,False,,,,,,,,,,,,,,BELOW_MINIMUM_RELATIVE_VOLUME,False,,,,,,,,,,,,,
orb_v1.0,2024-07-10,364,KR,BBG001S5SN40,0.6164486693549904,14,SHORT,False,BELOW_MINIMUM_RELATIVE_VOLUME,True,False,False,False,128728.0,208821.92857142858,7962027.642857143,1.0040857142857145,52.33,52.33,52.1,52.2,False,BELOW_MINIMUM_RELATIVE_VOLUME,False,,,,,,,,,,,,,,BELOW_MINIMUM_RELATIVE_VOLUME,False,,,,,,,,,,,,,,BELOW_MINIMUM_RELATIVE_VOLUME,False,,,,,,,,,,,,,
orb_v1.0,2024-07-10,365,BMY,BBG001S8N8J6,0.616297000314007,14,SHORT,False,BELOW_MINIMUM_RELATIVE_VOLUME,True,False,False,False,282907.0,459043.28571428574,17872766.64285714,0.9699999999999999,40.87,40.91,40.63,40.712,True,BELOW_MINIMUM_RELATIVE_VOLUME,False,,,,,,,,,,,,,,BELOW_MINIMUM_RELATIVE_VOLUME,False,,,,,,,,,,,,,,BELOW_MINIMUM_RELATIVE_VOLUME,False,,,,,,,,,,,,,
orb_v1.0,2024-07-10,366,MSFT,BBG001S5TD05,0.6151533665511004,14,SHORT,False,BELOW_MINIMUM_RELATIVE_VOLUME,True,False,False,False,685672.0,1114635.857142857,17969962.285714287,6.318714285714285,461.22,461.235,458.855,459.2607,False,BELOW_MINIMUM_RELATIVE_VOLUME,False,,,,,,,,,,,,,,BELOW_MINIMUM_RELATIVE_VOLUME,False,,,,,,,,,,,,,,BELOW_MINIMUM_RELATIVE_VOLUME,False,,,,,,,,,,,,,
orb_v1.0,2024-07-10,367,EA,BBG001S5T5C9,0.6150867129236954,14,LONG,False,BELOW_MINIMUM_RELATIVE_VOLUME,True,False,False,False,40455.0,65771.21428571429,1720822.4285714286,1.9159928571428597,141.01,141.5,140.8,141.1278,True,BELOW_MINIMUM_RELATIVE_VOLUME,False,,,,,,,,,,,,,,BELOW_MINIMUM_RELATIVE_VOLUME,False,,,,,,,,,,,,,,BELOW_MINIMUM_RELATIVE_VOLUME,False,,,,,,,,,,,,,
orb_v1.0,2024-07-10,368,VERX,BBG00VVT2FV3,0.6129381706693919,14,SHORT,False,BELOW_MINIMUM_RELATIVE_VOLUME,False,False,False,False,4284.0,6989.285714285715,1345683.2857142857,0.9238642857142868,36.05,36.2282,35.99,36.0431,True,BELOW_MINIMUM_RELATIVE_VOLUME,False,,,,,,,,,,,,,,BELOW_MINIMUM_RELATIVE_VOLUME,False,,,,,,,,,,,,,,BELOW_MINIMUM_RELATIVE_VOLUME,False,,,,,,,,,,,,,
orb_v1.0,2024-07-10,369,LBRT,BBG00GK831C5,0.6125066496746775,14,DOJI,False,BELOW_MINIMUM_RELATIVE_VOLUME,False,False,False,False,29936.0,48874.57142857143,2601186.1428571427,0.6053571428571433,19.77,19.8,19.65,19.77,False,BELOW_MINIMUM_RELATIVE_VOLUME,False,,,,,,,,,,,,,,BELOW_MINIMUM_RELATIVE_VOLUME,False,,,,,,,,,,,,,,BELOW_MINIMUM_RELATIVE_VOLUME,False,,,,,,,,,,,,,
orb_v1.0,2024-07-10,370,SJM,BBG001S5W3H5,0.611530207730694,14,SHORT,False,BELOW_MINIMUM_RELATIVE_VOLUME,False,False,False,False,15327.0,25063.35714285714,1177038.0,2.1547142857142845,109.39,109.39,108.75,109.02,True,BELOW_MINIMUM_RELATIVE_VOLUME,False,,,,,,,,,,,,,,BELOW_MINIMUM_RELATIVE_VOLUME,False,,,,,,,,,,,,,,BELOW_MINIMUM_RELATIVE_VOLUME,False,,,,,,,,,,,,,
orb_v1.0,2024-07-10,371,BXP,BBG001S9TWV1,0.6114732493150129,14,SHORT,False,BELOW_MINIMUM_RELATIVE_VOLUME,False,False,False,False,17200.0,28128.785714285714,1104995.857142857,1.1877714285714294,61.62,61.62,61.48,61.57,True,BELOW_MINIMUM_RELATIVE_VOLUME,False,,,,,,,,,,,,,,BELOW_MINIMUM_RELATIVE_VOLUME,False,,,,,,,,,,,,,,BELOW_MINIMUM_RELATIVE_VOLUME,False,,,,,,,,,,,,,
orb_v1.0,2024-07-10,372,LULU,BBG001STBM75,0.611392624342343,14,LONG,False,BELOW_MINIMUM_RELATIVE_VOLUME,True,False,False,False,44117.0,72158.21428571429,1851049.2857142857,6.140357142857133,288.79,289.68,288.58,289.17,True,BELOW_MINIMUM_RELATIVE_VOLUME,False,,,,,,,,,,,,,,BELOW_MINIMUM_RELATIVE_VOLUME,False,,,,,,,,,,,,,,BELOW_MINIMUM_RELATIVE_VOLUME,False,,,,,,,,,,,,,
orb_v1.0,2024-07-10,373,MRVL,BBG00ZXBJ162,0.6112779006322461,14,SHORT,False,BELOW_MINIMUM_RELATIVE_VOLUME,True,False,False,False,281577.0,460636.64285714284,10694754.785714285,2.417214285714285,74.16,74.22,73.2,74.01,False,BELOW_MINIMUM_RELATIVE_VOLUME,False,,,,,,,,,,,,,,BELOW_MINIMUM_RELATIVE_VOLUME,False,,,,,,,,,,,,,,BELOW_MINIMUM_RELATIVE_VOLUME,False,,,,,,,,,,,,,
orb_v1.0,2024-07-10,374,OXY,BBG001S5TZG9,0.6082347829576378,14,LONG,False,BELOW_MINIMUM_RELATIVE_VOLUME,True,False,False,False,213284.0,350660.64285714284,7903667.428571428,1.274278571428572,61.05,61.135,60.87,61.1,True,BELOW_MINIMUM_RELATIVE_VOLUME,False,,,,,,,,,,,,,,BELOW_MINIMUM_RELATIVE_VOLUME,False,,,,,,,,,,,,,,BELOW_MINIMUM_RELATIVE_VOLUME,False,,,,,,,,,,,,,
orb_v1.0,2024-07-10,375,ELF,BBG00DQ6VYQ2,0.6062815886416583,14,LONG,False,BELOW_MINIMUM_RELATIVE_VOLUME,False,False,False,False,32234.0,53166.71428571428,1712122.7857142857,10.538428571428568,208.05,211.2,208.05,210.45,False,BELOW_MINIMUM_RELATIVE_VOLUME,False,,,,,,,,,,,,,,BELOW_MINIMUM_RELATIVE_VOLUME,False,,,,,,,,,,,,,,BELOW_MINIMUM_RELATIVE_VOLUME,False,,,,,,,,,,,,,
orb_v1.0,2024-07-10,376,TMO,BBG001S5WS08,0.6052199931505615,14,SHORT,False,BELOW_MINIMUM_RELATIVE_VOLUME,True,False,False,False,33577.0,55479.0,1967398.4285714286,10.248249999999985,533.25,535.13,531.5,533.18,True,BELOW_MINIMUM_RELATIVE_VOLUME,False,,,,,,,,,,,,,,BELOW_MINIMUM_RELATIVE_VOLUME,False,,,,,,,,,,,,,,BELOW_MINIMUM_RELATIVE_VOLUME,False,,,,,,,,,,,,,
orb_v1.0,2024-07-10,377,JPM,BBG001S8CRC3,0.6050448540711304,14,LONG,False,BELOW_MINIMUM_RELATIVE_VOLUME,True,False,False,False,310786.0,513657.78571428574,9702716.785714285,3.457499999999996,206.14,206.7,205.58,206.3,True,BELOW_MINIMUM_RELATIVE_VOLUME,False,,,,,,,,,,,,,,BELOW_MINIMUM_RELATIVE_VOLUME,False,,,,,,,,,,,,,,BELOW_MINIMUM_RELATIVE_VOLUME,False,,,,,,,,,,,,,
orb_v1.0,2024-07-10,378,GEV,BBG013G17W77,0.6041531512946227,14,LONG,False,BELOW_MINIMUM_RELATIVE_VOLUME,False,False,False,False,49158.0,81366.78571428571,2611842.1428571427,6.578214285714283,174.93,176.55,174.7168,175.71,True,BELOW_MINIMUM_RELATIVE_VOLUME,False,,,,,,,,,,,,,,BELOW_MINIMUM_RELATIVE_VOLUME,False,,,,,,,,,,,,,,BELOW_MINIMUM_RELATIVE_VOLUME,False,,,,,,,,,,,,,
orb_v1.0,2024-07-10,379,RCL,0000884887,0.6038296723352551,14,SHORT,False,BELOW_MINIMUM_RELATIVE_VOLUME,True,False,False,False,34503.0,57140.28571428572,1961645.0714285714,3.8142571428571364,164.0,164.68,163.67,163.97,True,BELOW_MINIMUM_RELATIVE_VOLUME,False,,,,,,,,,,,,,,BELOW_MINIMUM_RELATIVE_VOLUME,False,,,,,,,,,,,,,,BELOW_MINIMUM_RELATIVE_VOLUME,False,,,,,,,,,,,,,
orb_v1.0,2024-07-10,380,SWKS,BBG001SCYWS2,0.603327175176924,14,SHORT,False,BELOW_MINIMUM_RELATIVE_VOLUME,True,False,False,False,29205.0,48406.57142857143,2494664.214285714,2.265350000000002,107.27,107.27,106.72,106.905,False,BELOW_MINIMUM_RELATIVE_VOLUME,False,,,,,,,,,,,,,,BELOW_MINIMUM_RELATIVE_VOLUME,False,,,,,,,,,,,,,,BELOW_MINIMUM_RELATIVE_VOLUME,False,,,,,,,,,,,,,
orb_v1.0,2024-07-10,381,WMT,BBG001S5XH92,0.6019103027256443,14,SHORT,False,BELOW_MINIMUM_RELATIVE_VOLUME,True,False,False,False,465270.0,772988.9285714285,14210672.57142857,1.0402142857142869,70.1,70.24,69.93,69.98,True,BELOW_MINIMUM_RELATIVE_VOLUME,False,,,,,,,,,,,,,,BELOW_MINIMUM_RELATIVE_VOLUME,False,,,,,,,,,,,,,,BELOW_MINIMUM_RELATIVE_VOLUME,False,,,,,,,,,,,,,
orb_v1.0,2024-07-10,382,BRBR,BBG013QNJHW0,0.6015517381087432,14,SHORT,False,BELOW_MINIMUM_RELATIVE_VOLUME,False,False,False,False,29695.0,49364.0,2509919.0714285714,1.880357142857143,55.37,55.78,55.02,55.365,True,BELOW_MINIMUM_RELATIVE_VOLUME,False,,,,,,,,,,,,,,BELOW_MINIMUM_RELATIVE_VOLUME,False,,,,,,,,,,,,,,BELOW_MINIMUM_RELATIVE_VOLUME,False,,,,,,,,,,,,,
orb_v1.0,2024-07-10,383,VSAT,BBG001S98NF2,0.6010967659929909,14,SHORT,False,BELOW_MINIMUM_RELATIVE_VOLUME,False,False,False,False,18916.0,31469.14285714286,3031035.3571428573,0.8271357142857142,14.9,14.9,14.75,14.76,True,BELOW_MINIMUM_RELATIVE_VOLUME,False,,,,,,,,,,,,,,BELOW_MINIMUM_RELATIVE_VOLUME,False,,,,,,,,,,,,,,BELOW_MINIMUM_RELATIVE_VOLUME,False,,,,,,,,,,,,,
orb_v1.0,2024-07-10,384,GPRE,BBG001SPVM17,0.5987691202398712,14,SHORT,False,BELOW_MINIMUM_RELATIVE_VOLUME,False,False,False,False,11668.0,19486.64285714286,1042148.9285714285,0.6627642857142849,15.35,15.35,15.1,15.27,True,BELOW_MINIMUM_RELATIVE_VOLUME,False,,,,,,,,,,,,,,BELOW_MINIMUM_RELATIVE_VOLUME,False,,,,,,,,,,,,,,BELOW_MINIMUM_RELATIVE_VOLUME,False,,,,,,,,,,,,,
orb_v1.0,2024-07-10,385,SNOW,BBG007DHGNK2,0.5985555700288018,14,SHORT,False,BELOW_MINIMUM_RELATIVE_VOLUME,True,False,False,False,147700.0,246760.7142857143,7591759.642857143,4.277792857142855,137.46,137.46,136.12,137.05,True,BELOW_MINIMUM_RELATIVE_VOLUME,False,,,,,,,,,,,,,,BELOW_MINIMUM_RELATIVE_VOLUME,False,,,,,,,,,,,,,,BELOW_MINIMUM_RELATIVE_VOLUME,False,,,,,,,,,,,,,
orb_v1.0,2024-07-10,386,CHK,BBG00Z6DX607,0.5904366346724655,14,LONG,False,BELOW_MINIMUM_RELATIVE_VOLUME,False,False,False,False,19821.0,33570.07142857143,1748847.0,1.5582142857142856,82.51,82.78,82.2,82.69,True,BELOW_MINIMUM_RELATIVE_VOLUME,False,,,,,,,,,,,,,,BELOW_MINIMUM_RELATIVE_VOLUME,False,,,,,,,,,,,,,,BELOW_MINIMUM_RELATIVE_VOLUME,False,,,,,,,,,,,,,
orb_v1.0,2024-07-10,387,CDNS,BBG001S65YK1,0.5891570402652541,14,SHORT,False,BELOW_MINIMUM_RELATIVE_VOLUME,True,False,False,False,41541.0,70509.21428571429,1480346.642857143,6.532499999999991,315.21,316.1,313.905,314.49,False,BELOW_MINIMUM_RELATIVE_VOLUME,False,,,,,,,,,,,,,,BELOW_MINIMUM_RELATIVE_VOLUME,False,,,,,,,,,,,,,,BELOW_MINIMUM_RELATIVE_VOLUME,False,,,,,,,,,,,,,
orb_v1.0,2024-07-10,388,DG,BBG001T5BM30,0.5868062859146128,14,SHORT,False,BELOW_MINIMUM_RELATIVE_VOLUME,True,False,False,False,27499.0,46862.142857142855,2725220.5,3.0338214285714256,129.04,129.26,128.0001,128.515,True,BELOW_MINIMUM_RELATIVE_VOLUME,False,,,,,,,,,,,,,,BELOW_MINIMUM_RELATIVE_VOLUME,False,,,,,,,,,,,,,,BELOW_MINIMUM_RELATIVE_VOLUME,False,,,,,,,,,,,,,
orb_v1.0,2024-07-10,389,FYBR,BBG010MVVVX6,0.5866671094359672,14,SHORT,False,BELOW_MINIMUM_RELATIVE_VOLUME,False,False,False,False,12619.0,21509.64285714286,1377113.7142857143,0.6656785714285712,25.59,25.875,25.41,25.58,True,BELOW_MINIMUM_RELATIVE_VOLUME,False,,,,,,,,,,,,,,BELOW_MINIMUM_RELATIVE_VOLUME,False,,,,,,,,,,,,,,BELOW_MINIMUM_RELATIVE_VOLUME,False,,,,,,,,,,,,,
orb_v1.0,2024-07-10,390,CNM,BBG01163K3R5,0.5863560477653026,14,LONG,False,BELOW_MINIMUM_RELATIVE_VOLUME,False,False,False,False,16432.0,28023.928571428572,2258814.0,1.3581071428571423,49.38,49.79,49.38,49.78,True,BELOW_MINIMUM_RELATIVE_VOLUME,False,,,,,,,,,,,,,,BELOW_MINIMUM_RELATIVE_VOLUME,False,,,,,,,,,,,,,,BELOW_MINIMUM_RELATIVE_VOLUME,False,,,,,,,,,,,,,
orb_v1.0,2024-07-10,391,K,BBG001S5SJL0,0.585894525479764,14,LONG,False,BELOW_MINIMUM_RELATIVE_VOLUME,True,False,False,False,32722.0,55849.642857142855,1926563.5714285714,0.8903571428571426,56.46,56.73,56.3701,56.64,True,BELOW_MINIMUM_RELATIVE_VOLUME,False,,,,,,,,,,,,,,BELOW_MINIMUM_RELATIVE_VOLUME,False,,,,,,,,,,,,,,BELOW_MINIMUM_RELATIVE_VOLUME,False,,,,,,,,,,,,,
orb_v1.0,2024-07-10,392,REPL,BBG00L8Z22S0,0.5844246905375093,14,SHORT,False,BELOW_MINIMUM_RELATIVE_VOLUME,False,False,False,False,12562.0,21494.64285714286,1553540.7142857143,0.629642857142857,8.82,8.82,8.4605,8.5,True,BELOW_MINIMUM_RELATIVE_VOLUME,False,,,,,,,,,,,,,,BELOW_MINIMUM_RELATIVE_VOLUME,False,,,,,,,,,,,,,,BELOW_MINIMUM_RELATIVE_VOLUME,False,,,,,,,,,,,,,
orb_v1.0,2024-07-10,393,BHVN,0001935979,0.5795604149756057,14,SHORT,False,BELOW_MINIMUM_RELATIVE_VOLUME,False,False,False,False,14433.0,24903.35714285714,1354335.7142857143,1.3867857142857147,35.4,35.67,35.26,35.37,False,BELOW_MINIMUM_RELATIVE_VOLUME,False,,,,,,,,,,,,,,BELOW_MINIMUM_RELATIVE_VOLUME,False,,,,,,,,,,,,,,BELOW_MINIMUM_RELATIVE_VOLUME,False,,,,,,,,,,,,,
orb_v1.0,2024-07-10,394,AA,BBG00B3T3HF1,0.5756956270719937,14,SHORT,False,BELOW_MINIMUM_RELATIVE_VOLUME,False,False,False,False,79273.0,137699.5,4320005.571428572,1.3699714285714275,40.66,40.8,40.08,40.2,True,BELOW_MINIMUM_RELATIVE_VOLUME,False,,,,,,,,,,,,,,BELOW_MINIMUM_RELATIVE_VOLUME,False,,,,,,,,,,,,,,BELOW_MINIMUM_RELATIVE_VOLUME,False,,,,,,,,,,,,,
orb_v1.0,2024-07-10,395,BEAM,BBG00KXC8655,0.575453840575843,14,SHORT,False,BELOW_MINIMUM_RELATIVE_VOLUME,False,False,False,False,13094.0,22754.214285714286,1414111.9285714286,1.1271428571428574,23.92,24.16,23.7,23.725,True,BELOW_MINIMUM_RELATIVE_VOLUME,False,,,,,,,,,,,,,,BELOW_MINIMUM_RELATIVE_VOLUME,False,,,,,,,,,,,,,,BELOW_MINIMUM_RELATIVE_VOLUME,False,,,,,,,,,,,,,
orb_v1.0,2024-07-10,396,KOSS,BBG001S5SMZ8,0.575132737365912,14,LONG,False,BELOW_MINIMUM_RELATIVE_VOLUME,True,False,False,False,224303.0,390002.14285714284,10915855.92857143,2.315807142857143,10.03,10.58,10.01,10.26,False,BELOW_MINIMUM_RELATIVE_VOLUME,False,,,,,,,,,,,,,,BELOW_MINIMUM_RELATIVE_VOLUME,False,,,,,,,,,,,,,,BELOW_MINIMUM_RELATIVE_VOLUME,False,,,,,,,,,,,,,
orb_v1.0,2024-07-10,397,DVN,BBG001S63VG4,0.5735049819662754,14,LONG,False,BELOW_MINIMUM_RELATIVE_VOLUME,True,False,False,False,143517.0,250245.42857142858,6569236.214285715,0.9806928571428541,46.1,46.16,45.9301,46.1497,False,BELOW_MINIMUM_RELATIVE_VOLUME,False,,,,,,,,,,,,,,BELOW_MINIMUM_RELATIVE_VOLUME,False,,,,,,,,,,,,,,BELOW_MINIMUM_RELATIVE_VOLUME,False,,,,,,,,,,,,,
orb_v1.0,2024-07-10,398,ARRY,BBG002MX7TQ9,0.5724199734439506,14,LONG,False,BELOW_MINIMUM_RELATIVE_VOLUME,False,False,False,False,78430.0,137014.7857142857,5276737.714285715,0.6385142857142859,9.49,9.65,9.46,9.6303,True,BELOW_MINIMUM_RELATIVE_VOLUME,False,,,,,,,,,,,,,,BELOW_MINIMUM_RELATIVE_VOLUME,False,,,,,,,,,,,,,,BELOW_MINIMUM_RELATIVE_VOLUME,False,,,,,,,,,,,,,
orb_v1.0,2024-07-10,399,OVV,BBG00R2NHQ74,0.5718114832006647,14,LONG,False,BELOW_MINIMUM_RELATIVE_VOLUME,False,False,False,False,31756.0,55535.78571428572,3865641.9285714286,1.1070714285714287,46.2,46.67,46.2,46.62,True,BELOW_MINIMUM_RELATIVE_VOLUME,False,,,,,,,,,,,,,,BELOW_MINIMUM_RELATIVE_VOLUME,False,,,,,,,,,,,,,,BELOW_MINIMUM_RELATIVE_VOLUME,False,,,,,,,,,,,,,
orb_v1.0,2024-07-10,400,TER,BBG001S5WMZ3,0.571662191354909,14,LONG,False,BELOW_MINIMUM_RELATIVE_VOLUME,True,False,False,False,28315.0,49531.0,2051865.5,4.010714285714282,154.36,154.91,153.97,154.45,True,BELOW_MINIMUM_RELATIVE_VOLUME,False,,,,,,,,,,,,,,BELOW_MINIMUM_RELATIVE_VOLUME,False,,,,,,,,,,,,,,BELOW_MINIMUM_RELATIVE_VOLUME,False,,,,,,,,,,,,,
orb_v1.0,2024-07-10,401,CL,BBG001S5PVM5,0.5714506136149595,14,SHORT,False,BELOW_MINIMUM_RELATIVE_VOLUME,True,False,False,False,84125.0,147213.07142857142,4501344.642857143,1.2066071428571437,97.16,97.2,96.85,97.04,False,BELOW_MINIMUM_RELATIVE_VOLUME,False,,,,,,,,,,,,,,BELOW_MINIMUM_RELATIVE_VOLUME,False,,,,,,,,,,,,,,BELOW_MINIMUM_RELATIVE_VOLUME,False,,,,,,,,,,,,,
orb_v1.0,2024-07-10,402,GPN,BBG001SGS2Z8,0.57133940331902,14,LONG,False,BELOW_MINIMUM_RELATIVE_VOLUME,True,False,False,False,25499.0,44630.21428571428,2313020.4285714286,2.0159928571428574,95.08,95.65,95.06,95.125,False,BELOW_MINIMUM_RELATIVE_VOLUME,False,,,,,,,,,,,,,,BELOW_MINIMUM_RELATIVE_VOLUME,False,,,,,,,,,,,,,,BELOW_MINIMUM_RELATIVE_VOLUME,False,,,,,,,,,,,,,
orb_v1.0,2024-07-10,403,NFLX,BBG001SF6L46,0.5701585544238598,14,LONG,False,BELOW_MINIMUM_RELATIVE_VOLUME,True,False,False,False,73864.0,129549.92857142857,2775802.1428571427,12.802828571428563,685.02,687.22,683.0,685.42,False,BELOW_MINIMUM_RELATIVE_VOLUME,False,,,,,,,,,,,,,,BELOW_MINIMUM_RELATIVE_VOLUME,False,,,,,,,,,,,,,,BELOW_MINIMUM_RELATIVE_VOLUME,False,,,,,,,,,,,,,
orb_v1.0,2024-07-10,404,PNW,BBG001S5VB15,0.5693201934737459,14,SHORT,False,BELOW_MINIMUM_RELATIVE_VOLUME,False,False,False,False,14587.0,25621.785714285714,1054347.5714285714,1.1976642857142872,77.81,77.81,77.3,77.3,True,BELOW_MINIMUM_RELATIVE_VOLUME,False,,,,,,,,,,,,,,BELOW_MINIMUM_RELATIVE_VOLUME,False,,,,,,,,,,,,,,BELOW_MINIMUM_RELATIVE_VOLUME,False,,,,,,,,,,,,,
orb_v1.0,2024-07-10,405,COO,BBG001S5Q1H6,0.5689754704900655,14,LONG,False,BELOW_MINIMUM_RELATIVE_VOLUME,False,False,False,False,15488.0,27220.85714285714,1247088.7857142857,1.6960714285714278,85.97,86.11,85.82,86.045,True,BELOW_MINIMUM_RELATIVE_VOLUME,False,,,,,,,,,,,,,,BELOW_MINIMUM_RELATIVE_VOLUME,False,,,,,,,,,,,,,,BELOW_MINIMUM_RELATIVE_VOLUME,False,,,,,,,,,,,,,
orb_v1.0,2024-07-10,406,CCI,BBG001S7W5T3,0.5664270023901915,14,SHORT,False,BELOW_MINIMUM_RELATIVE_VOLUME,True,False,False,False,45991.0,81194.92857142857,2853274.285714286,1.841071428571428,98.0,98.1,97.67,97.99,True,BELOW_MINIMUM_RELATIVE_VOLUME,False,,,,,,,,,,,,,,BELOW_MINIMUM_RELATIVE_VOLUME,False,,,,,,,,,,,,,,BELOW_MINIMUM_RELATIVE_VOLUME,False,,,,,,,,,,,,,
orb_v1.0,2024-07-10,407,LNT,BBG001S8ZQ30,0.5658046606037691,14,SHORT,False,BELOW_MINIMUM_RELATIVE_VOLUME,False,False,False,False,32494.0,57429.71428571428,1700391.2857142857,0.7376785714285715,51.98,51.98,51.7,51.75,True,BELOW_MINIMUM_RELATIVE_VOLUME,False,,,,,,,,,,,,,,BELOW_MINIMUM_RELATIVE_VOLUME,False,,,,,,,,,,,,,,BELOW_MINIMUM_RELATIVE_VOLUME,False,,,,,,,,,,,,,
orb_v1.0,2024-07-10,408,CNC,BBG001S6T7Q8,0.5651644239506987,14,SHORT,False,BELOW_MINIMUM_RELATIVE_VOLUME,True,False,False,False,30519.0,54000.21428571428,4105066.9285714286,1.3964214285714291,65.72,65.95,65.67,65.7,True,BELOW_MINIMUM_RELATIVE_VOLUME,False,,,,,,,,,,,,,,BELOW_MINIMUM_RELATIVE_VOLUME,False,,,,,,,,,,,,,,BELOW_MINIMUM_RELATIVE_VOLUME,False,,,,,,,,,,,,,
orb_v1.0,2024-07-10,409,KNX,BBG001T9BTS0,0.5650886408205451,14,SHORT,False,BELOW_MINIMUM_RELATIVE_VOLUME,False,False,False,False,13317.0,23566.214285714286,1885082.2142857143,1.181285714285714,48.25,48.26,48.225,48.23,True,BELOW_MINIMUM_RELATIVE_VOLUME,False,,,,,,,,,,,,,,BELOW_MINIMUM_RELATIVE_VOLUME,False,,,,,,,,,,,,,,BELOW_MINIMUM_RELATIVE_VOLUME,False,,,,,,,,,,,,,
orb_v1.0,2024-07-10,410,WPC,BBG001S67MM3,0.5649192160260551,14,LONG,False,BELOW_MINIMUM_RELATIVE_VOLUME,False,False,False,False,20864.0,36932.71428571428,1400668.2142857143,0.8072428571428562,54.96,55.21,54.96,55.13,True,BELOW_MINIMUM_RELATIVE_VOLUME,False,,,,,,,,,,,,,,BELOW_MINIMUM_RELATIVE_VOLUME,False,,,,,,,,,,,,,,BELOW_MINIMUM_RELATIVE_VOLUME,False,,,,,,,,,,,,,
orb_v1.0,2024-07-10,411,MU,BBG001S6P675,0.5627536620027099,14,LONG,False,BELOW_MINIMUM_RELATIVE_VOLUME,True,False,False,False,1194860.0,2123238.0714285714,35270845.0,6.279250000000003,133.105,134.21,132.7,133.89,True,BELOW_MINIMUM_RELATIVE_VOLUME,False,,,,,,,,,,,,,,BELOW_MINIMUM_RELATIVE_VOLUME,False,,,,,,,,,,,,,,BELOW_MINIMUM_RELATIVE_VOLUME,False,,,,,,,,,,,,,
orb_v1.0,2024-07-10,412,PGR,BBG001S5V509,0.562393217856431,14,SHORT,False,BELOW_MINIMUM_RELATIVE_VOLUME,True,False,False,False,43333.0,77051.07142857143,2596486.6428571427,3.5056571428571437,209.5,209.505,208.77,209.15,True,BELOW_MINIMUM_RELATIVE_VOLUME,False,,,,,,,,,,,,,,BELOW_MINIMUM_RELATIVE_VOLUME,False,,,,,,,,,,,,,,BELOW_MINIMUM_RELATIVE_VOLUME,False,,,,,,,,,,,,,
orb_v1.0,2024-07-10,413,SMTC,BBG001S7TWW4,0.5619782242960988,14,SHORT,False,BELOW_MINIMUM_RELATIVE_VOLUME,False,False,False,False,17704.0,31503.0,1543855.0714285714,1.3285714285714285,34.13,34.3861,33.79,34.115,True,BELOW_MINIMUM_RELATIVE_VOLUME,False,,,,,,,,,,,,,,BELOW_MINIMUM_RELATIVE_VOLUME,False,,,,,,,,,,,,,,BELOW_MINIMUM_RELATIVE_VOLUME,False,,,,,,,,,,,,,
orb_v1.0,2024-07-10,414,SWK,BBG001S5WHT1,0.5614508500850445,14,SHORT,False,BELOW_MINIMUM_RELATIVE_VOLUME,False,False,False,False,16764.0,29858.35714285714,1400387.2142857143,1.7958214285714271,80.82,81.13,80.73,80.7714,True,BELOW_MINIMUM_RELATIVE_VOLUME,False,,,,,,,,,,,,,,BELOW_MINIMUM_RELATIVE_VOLUME,False,,,,,,,,,,,,,,BELOW_MINIMUM_RELATIVE_VOLUME,False,,,,,,,,,,,,,
orb_v1.0,2024-07-10,415,AU,0001973832,0.5610064509709624,14,LONG,False,BELOW_MINIMUM_RELATIVE_VOLUME,False,False,False,False,38662.0,68915.42857142857,1908226.4285714286,0.8246357142857134,28.6,28.75,28.6,28.75,True,BELOW_MINIMUM_RELATIVE_VOLUME,False,,,,,,,,,,,,,,BELOW_MINIMUM_RELATIVE_VOLUME,False,,,,,,,,,,,,,,BELOW_MINIMUM_RELATIVE_VOLUME,False,,,,,,,,,,,,,
orb_v1.0,2024-07-10,416,PSTG,BBG00212PW10,0.559396223866548,14,LONG,False,BELOW_MINIMUM_RELATIVE_VOLUME,True,False,False,False,66263.0,118454.5,3638888.4285714286,2.479257142857143,66.63,66.95,66.385,66.725,True,BELOW_MINIMUM_RELATIVE_VOLUME,False,,,,,,,,,,,,,,BELOW_MINIMUM_RELATIVE_VOLUME,False,,,,,,,,,,,,,,BELOW_MINIMUM_RELATIVE_VOLUME,False,,,,,,,,,,,,,
orb_v1.0,2024-07-10,417,VTR,BBG001S9T7M6,0.5592019245855342,14,SHORT,False,BELOW_MINIMUM_RELATIVE_VOLUME,True,False,False,False,15275.0,27315.714285714286,2457915.5714285714,0.8143285714285712,52.36,52.4,52.19,52.26,True,BELOW_MINIMUM_RELATIVE_VOLUME,False,,,,,,,,,,,,,,BELOW_MINIMUM_RELATIVE_VOLUME,False,,,,,,,,,,,,,,BELOW_MINIMUM_RELATIVE_VOLUME,False,,,,,,,,,,,,,
orb_v1.0,2024-07-10,418,NKE,BBG001S6NTK2,0.5579550650293821,14,LONG,False,BELOW_MINIMUM_RELATIVE_VOLUME,True,False,False,False,779252.0,1396621.4285714286,26828174.285714287,3.099821428571428,72.26,72.575,72.04,72.439,True,BELOW_MINIMUM_RELATIVE_VOLUME,False,,,,,,,,,,,,,,BELOW_MINIMUM_RELATIVE_VOLUME,False,,,,,,,,,,,,,,BELOW_MINIMUM_RELATIVE_VOLUME,False,,,,,,,,,,,,,
orb_v1.0,2024-07-10,419,BA,BBG001S5P0V3,0.5579210658299147,14,LONG,False,BELOW_MINIMUM_RELATIVE_VOLUME,True,False,False,False,173538.0,311044.0,6363279.071428572,4.818485714285714,183.6,184.7,183.27,184.34,True,BELOW_MINIMUM_RELATIVE_VOLUME,False,,,,,,,,,,,,,,BELOW_MINIMUM_RELATIVE_VOLUME,False,,,,,,,,,,,,,,BELOW_MINIMUM_RELATIVE_VOLUME,False,,,,,,,,,,,,,
orb_v1.0,2024-07-10,420,FROG,0001800667,0.5577603933586736,14,SHORT,False,BELOW_MINIMUM_RELATIVE_VOLUME,False,False,False,False,7033.0,12609.357142857143,1140994.357142857,1.2921214285714289,35.69,35.69,35.4,35.4,True,BELOW_MINIMUM_RELATIVE_VOLUME,False,,,,,,,,,,,,,,BELOW_MINIMUM_RELATIVE_VOLUME,False,,,,,,,,,,,,,,BELOW_MINIMUM_RELATIVE_VOLUME,False,,,,,,,,,,,,,
orb_v1.0,2024-07-10,421,AKAM,BBG001S7YHX0,0.5570632072867789,14,SHORT,False,BELOW_MINIMUM_RELATIVE_VOLUME,False,False,False,False,18020.0,32348.214285714286,1580272.357142857,1.5078214285714253,92.92,93.0,92.5,92.82,True,BELOW_MINIMUM_RELATIVE_VOLUME,False,,,,,,,,,,,,,,BELOW_MINIMUM_RELATIVE_VOLUME,False,,,,,,,,,,,,,,BELOW_MINIMUM_RELATIVE_VOLUME,False,,,,,,,,,,,,,
orb_v1.0,2024-07-10,422,SLB,BBG001S5W4C8,0.5511100814964435,14,LONG,False,BELOW_MINIMUM_RELATIVE_VOLUME,True,False,False,False,232795.0,422411.0714285714,12021395.0,1.086428571428573,45.1,45.14,44.96,45.13,True,BELOW_MINIMUM_RELATIVE_VOLUME,False,,,,,,,,,,,,,,BELOW_MINIMUM_RELATIVE_VOLUME,False,,,,,,,,,,,,,,BELOW_MINIMUM_RELATIVE_VOLUME,False,,,,,,,,,,,,,
orb_v1.0,2024-07-10,423,BWA,BBG001S7F4D2,0.5511092358213394,14,SHORT,False,BELOW_MINIMUM_RELATIVE_VOLUME,False,False,False,False,22764.0,41305.78571428572,2563791.4285714286,0.6942499999999995,31.85,31.876,31.74,31.79,True,BELOW_MINIMUM_RELATIVE_VOLUME,False,,,,,,,,,,,,,,BELOW_MINIMUM_RELATIVE_VOLUME,False,,,,,,,,,,,,,,BELOW_MINIMUM_RELATIVE_VOLUME,False,,,,,,,,,,,,,
orb_v1.0,2024-07-10,424,SPGI,BBG001S5T5M8,0.5508896550529289,14,SHORT,False,BELOW_MINIMUM_RELATIVE_VOLUME,True,False,False,False,22712.0,41227.857142857145,1132189.5,5.457500000000015,461.35,461.35,458.98,459.5793,True,BELOW_MINIMUM_RELATIVE_VOLUME,False,,,,,,,,,,,,,,BELOW_MINIMUM_RELATIVE_VOLUME,False,,,,,,,,,,,,,,BELOW_MINIMUM_RELATIVE_VOLUME,False,,,,,,,,,,,,,
orb_v1.0,2024-07-10,425,INSM,BBG001S9SKW7,0.5501227631178746,14,SHORT,False,BELOW_MINIMUM_RELATIVE_VOLUME,False,False,False,False,53486.0,97225.57142857143,3284665.5714285714,3.122135714285714,71.25,71.25,70.49,70.49,True,BELOW_MINIMUM_RELATIVE_VOLUME,False,,,,,,,,,,,,,,BELOW_MINIMUM_RELATIVE_VOLUME,False,,,,,,,,,,,,,,BELOW_MINIMUM_RELATIVE_VOLUME,False,,,,,,,,,,,,,
orb_v1.0,2024-07-10,426,BXSL,BBG00MS80PP0,0.5497598992991171,14,LONG,False,BELOW_MINIMUM_RELATIVE_VOLUME,False,False,False,False,19716.0,35862.92857142857,1039876.9285714285,0.5060714285714284,30.76,30.85,30.76,30.8155,True,BELOW_MINIMUM_RELATIVE_VOLUME,False,,,,,,,,,,,,,,BELOW_MINIMUM_RELATIVE_VOLUME,False,,,,,,,,,,,,,,BELOW_MINIMUM_RELATIVE_VOLUME,False,,,,,,,,,,,,,
orb_v1.0,2024-07-10,427,ADBE,BBG001S5NCQ5,0.5491266492450704,14,SHORT,False,BELOW_MINIMUM_RELATIVE_VOLUME,True,False,False,False,106222.0,193438.07142857142,3666342.9285714286,11.85499285714286,564.71,566.11,563.11,564.22,True,BELOW_MINIMUM_RELATIVE_VOLUME,False,,,,,,,,,,,,,,BELOW_MINIMUM_RELATIVE_VOLUME,False,,,,,,,,,,,,,,BELOW_MINIMUM_RELATIVE_VOLUME,False,,,,,,,,,,,,,
orb_v1.0,2024-07-10,428,ETR,BBG001S67KF5,0.5486363683196472,14,SHORT,False,BELOW_MINIMUM_RELATIVE_VOLUME,True,False,False,False,30428.0,55461.142857142855,1639549.0,1.478042857142857,105.58,105.81,105.24,105.24,True,BELOW_MINIMUM_RELATIVE_VOLUME,False,,,,,,,,,,,,,,BELOW_MINIMUM_RELATIVE_VOLUME,False,,,,,,,,,,,,,,BELOW_MINIMUM_RELATIVE_VOLUME,False,,,,,,,,,,,,,
orb_v1.0,2024-07-10,429,IR,BBG002R1CW36,0.5481753597668346,14,SHORT,False,BELOW_MINIMUM_RELATIVE_VOLUME,True,False,False,False,25794.0,47054.28571428572,2136732.1428571427,1.8349928571428578,92.61,92.65,92.28,92.6,False,BELOW_MINIMUM_RELATIVE_VOLUME,False,,,,,,,,,,,,,,BELOW_MINIMUM_RELATIVE_VOLUME,False,,,,,,,,,,,,,,BELOW_MINIMUM_RELATIVE_VOLUME,False,,,,,,,,,,,,,
orb_v1.0,2024-07-10,430,OMI,BBG001S72KY7,0.5473615311105002,14,DOJI,False,BELOW_MINIMUM_RELATIVE_VOLUME,False,False,False,False,14933.0,27281.785714285714,1386368.142857143,0.7953714285714286,12.89,12.89,12.89,12.89,False,BELOW_MINIMUM_RELATIVE_VOLUME,False,,,,,,,,,,,,,,BELOW_MINIMUM_RELATIVE_VOLUME,False,,,,,,,,,,,,,,BELOW_MINIMUM_RELATIVE_VOLUME,False,,,,,,,,,,,,,
orb_v1.0,2024-07-10,431,D,BBG001S5QCP3,0.5469101496513933,14,SHORT,False,BELOW_MINIMUM_RELATIVE_VOLUME,True,False,False,False,42667.0,78014.64285714286,3564297.6428571427,0.8244857142857153,49.67,49.73,49.52,49.55,True,BELOW_MINIMUM_RELATIVE_VOLUME,False,,,,,,,,,,,,,,BELOW_MINIMUM_RELATIVE_VOLUME,False,,,,,,,,,,,,,,BELOW_MINIMUM_RELATIVE_VOLUME,False,,,,,,,,,,,,,
orb_v1.0,2024-07-10,432,FIVE,BBG001TCDMY9,0.5466071171300966,14,SHORT,False,BELOW_MINIMUM_RELATIVE_VOLUME,False,False,False,False,11924.0,21814.571428571428,1308683.0,3.4515500000000015,102.43,102.495,101.8,102.26,True,BELOW_MINIMUM_RELATIVE_VOLUME,False,,,,,,,,,,,,,,BELOW_MINIMUM_RELATIVE_VOLUME,False,,,,,,,,,,,,,,BELOW_MINIMUM_RELATIVE_VOLUME,False,,,,,,,,,,,,,
orb_v1.0,2024-07-10,433,COP,BBG001S5TZM2,0.5459876759452015,14,LONG,False,BELOW_MINIMUM_RELATIVE_VOLUME,True,False,False,False,112440.0,205938.7142857143,6452640.785714285,2.1461714285714257,110.79,110.93,110.48,110.85,True,BELOW_MINIMUM_RELATIVE_VOLUME,False,,,,,,,,,,,,,,BELOW_MINIMUM_RELATIVE_VOLUME,False,,,,,,,,,,,,,,BELOW_MINIMUM_RELATIVE_VOLUME,False,,,,,,,,,,,,,
orb_v1.0,2024-07-10,434,NTNX,BBG001V13SG8,0.5459284910568052,14,SHORT,False,BELOW_MINIMUM_RELATIVE_VOLUME,False,False,False,False,27690.0,50720.92857142857,2590435.1428571427,1.7423999999999988,59.51,59.55,58.86,58.945,True,BELOW_MINIMUM_RELATIVE_VOLUME,False,,,,,,,,,,,,,,BELOW_MINIMUM_RELATIVE_VOLUME,False,,,,,,,,,,,,,,BELOW_MINIMUM_RELATIVE_VOLUME,False,,,,,,,,,,,,,
orb_v1.0,2024-07-10,435,RTX,BBG001S5X5Q9,0.5458840090425944,14,LONG,False,BELOW_MINIMUM_RELATIVE_VOLUME,True,False,False,False,104592.0,191601.14285714287,7967088.0,1.792042857142857,100.9,101.18,100.71,101.09,False,BELOW_MINIMUM_RELATIVE_VOLUME,False,,,,,,,,,,,,,,BELOW_MINIMUM_RELATIVE_VOLUME,False,,,,,,,,,,,,,,BELOW_MINIMUM_RELATIVE_VOLUME,False,,,,,,,,,,,,,
orb_v1.0,2024-07-10,436,AMZN,BBG001S5PQL7,0.5449910790273262,14,SHORT,False,BELOW_MINIMUM_RELATIVE_VOLUME,True,False,False,False,1390191.0,2550850.9285714286,49502210.85714286,4.374614285714285,199.995,200.11,199.54,199.785,True,BELOW_MINIMUM_RELATIVE_VOLUME,False,,,,,,,,,,,,,,BELOW_MINIMUM_RELATIVE_VOLUME,False,,,,,,,,,,,,,,BELOW_MINIMUM_RELATIVE_VOLUME,False,,,,,,,,,,,,,
orb_v1.0,2024-07-10,437,CART,BBG00KG5VJG3,0.5444146599298308,14,LONG,False,BELOW_MINIMUM_RELATIVE_VOLUME,False,False,False,False,31378.0,57636.21428571428,5013476.428571428,1.1620999999999992,33.35,33.93,33.33,33.89,False,BELOW_MINIMUM_RELATIVE_VOLUME,False,,,,,,,,,,,,,,BELOW_MINIMUM_RELATIVE_VOLUME,False,,,,,,,,,,,,,,BELOW_MINIMUM_RELATIVE_VOLUME,False,,,,,,,,,,,,,
orb_v1.0,2024-07-10,438,PD,BBG0043BYPD6,0.5434092164267803,14,SHORT,False,BELOW_MINIMUM_RELATIVE_VOLUME,False,False,False,False,21717.0,39964.357142857145,1035568.0714285715,0.6055000000000005,21.0,21.12,20.8201,20.87,True,BELOW_MINIMUM_RELATIVE_VOLUME,False,,,,,,,,,,,,,,BELOW_MINIMUM_RELATIVE_VOLUME,False,,,,,,,,,,,,,,BELOW_MINIMUM_RELATIVE_VOLUME,False,,,,,,,,,,,,,
orb_v1.0,2024-07-10,439,NXPI,0001413447,0.5424413386331581,14,SHORT,False,BELOW_MINIMUM_RELATIVE_VOLUME,True,False,False,False,33844.0,62392.0,1770058.857142857,5.942135714285707,277.08,277.08,275.4,275.985,True,BELOW_MINIMUM_RELATIVE_VOLUME,False,,,,,,,,,,,,,,BELOW_MINIMUM_RELATIVE_VOLUME,False,,,,,,,,,,,,,,BELOW_MINIMUM_RELATIVE_VOLUME,False,,,,,,,,,,,,,
orb_v1.0,2024-07-10,440,META,BBG001SQCQC5,0.5424038491372825,14,SHORT,False,BELOW_MINIMUM_RELATIVE_VOLUME,True,False,False,False,383339.0,706740.9285714285,12685712.785714285,12.950235714285713,530.79,533.22,530.43,530.68,True,BELOW_MINIMUM_RELATIVE_VOLUME,False,,,,,,,,,,,,,,BELOW_MINIMUM_RELATIVE_VOLUME,False,,,,,,,,,,,,,,BELOW_MINIMUM_RELATIVE_VOLUME,False,,,,,,,,,,,,,
orb_v1.0,2024-07-10,441,ONON,0001858985,0.5424011014520597,14,SHORT,False,BELOW_MINIMUM_RELATIVE_VOLUME,False,False,False,False,145200.0,267698.5714285714,5011307.071428572,1.517171428571429,37.29,37.33,37.05,37.24,True,BELOW_MINIMUM_RELATIVE_VOLUME,False,,,,,,,,,,,,,,BELOW_MINIMUM_RELATIVE_VOLUME,False,,,,,,,,,,,,,,BELOW_MINIMUM_RELATIVE_VOLUME,False,,,,,,,,,,,,,
orb_v1.0,2024-07-10,442,NTRA,BBG001V0FSF8,0.5414070733648311,14,LONG,False,BELOW_MINIMUM_RELATIVE_VOLUME,False,False,False,False,10788.0,19925.85714285714,1108913.4285714286,3.319821428571431,109.7,110.47,109.62,110.47,True,BELOW_MINIMUM_RELATIVE_VOLUME,False,,,,,,,,,,,,,,BELOW_MINIMUM_RELATIVE_VOLUME,False,,,,,,,,,,,,,,BELOW_MINIMUM_RELATIVE_VOLUME,False,,,,,,,,,,,,,
orb_v1.0,2024-07-10,443,ENVX,BBG00YC538B7,0.540428919600271,14,LONG,False,BELOW_MINIMUM_RELATIVE_VOLUME,False,False,False,False,165831.0,306850.71428571426,8010739.0,1.357921428571429,17.38,17.53,17.25,17.52,True,BELOW_MINIMUM_RELATIVE_VOLUME,False,,,,,,,,,,,,,,BELOW_MINIMUM_RELATIVE_VOLUME,False,,,,,,,,,,,,,,BELOW_MINIMUM_RELATIVE_VOLUME,False,,,,,,,,,,,,,
orb_v1.0,2024-07-10,444,GH,BBG006D97VZ8,0.5403397622785377,14,LONG,False,BELOW_MINIMUM_RELATIVE_VOLUME,False,False,False,False,19275.0,35672.0,1398965.642857143,1.1788714285714286,27.86,28.2257,27.86,28.0,False,BELOW_MINIMUM_RELATIVE_VOLUME,False,,,,,,,,,,,,,,BELOW_MINIMUM_RELATIVE_VOLUME,False,,,,,,,,,,,,,,BELOW_MINIMUM_RELATIVE_VOLUME,False,,,,,,,,,,,,,
orb_v1.0,2024-07-10,445,FLS,BBG001SB3F87,0.5393118460870605,14,LONG,False,BELOW_MINIMUM_RELATIVE_VOLUME,False,False,False,False,6123.0,11353.357142857143,1066126.142857143,0.8774999999999993,46.31,46.69,46.3,46.58,True,BELOW_MINIMUM_RELATIVE_VOLUME,False,,,,,,,,,,,,,,BELOW_MINIMUM_RELATIVE_VOLUME,False,,,,,,,,,,,,,,BELOW_MINIMUM_RELATIVE_VOLUME,False,,,,,,,,,,,,,
orb_v1.0,2024-07-10,446,ISRG,BBG001S7XR78,0.5385818736292098,14,SHORT,False,BELOW_MINIMUM_RELATIVE_VOLUME,True,False,False,False,38904.0,72234.14285714286,1589075.642857143,8.173807142857141,441.69,443.21,438.85,440.22,False,BELOW_MINIMUM_RELATIVE_VOLUME,False,,,,,,,,,,,,,,BELOW_MINIMUM_RELATIVE_VOLUME,False,,,,,,,,,,,,,,BELOW_MINIMUM_RELATIVE_VOLUME,False,,,,,,,,,,,,,
orb_v1.0,2024-07-10,447,SYRE,BBG0067L94C1,0.5375171479674231,14,LONG,False,BELOW_MINIMUM_RELATIVE_VOLUME,False,False,False,False,2211.0,4113.357142857143,1220690.857142857,1.9537071428571433,27.2,27.49,27.2,27.45,True,BELOW_MINIMUM_RELATIVE_VOLUME,False,,,,,,,,,,,,,,BELOW_MINIMUM_RELATIVE_VOLUME,False,,,,,,,,,,,,,,BELOW_MINIMUM_RELATIVE_VOLUME,False,,,,,,,,,,,,,
orb_v1.0,2024-07-10,448,GES,BBG001S5RJR5,0.536858982216491,14,LONG,False,BELOW_MINIMUM_RELATIVE_VOLUME,False,False,False,False,7821.0,14568.07142857143,2247887.0,0.5887285714285717,21.25,21.29,21.25,21.26,True,BELOW_MINIMUM_RELATIVE_VOLUME,False,,,,,,,,,,,,,,BELOW_MINIMUM_RELATIVE_VOLUME,False,,,,,,,,,,,,,,BELOW_MINIMUM_RELATIVE_VOLUME,False,,,,,,,,,,,,,
orb_v1.0,2024-07-10,449,AAP,BBG001SD2SB2,0.5368567454798331,14,SHORT,False,BELOW_MINIMUM_RELATIVE_VOLUME,False,False,False,False,11580.0,21570.0,1376183.857142857,1.866664285714285,58.85,58.85,58.5321,58.5833,True,BELOW_MINIMUM_RELATIVE_VOLUME,False,,,,,,,,,,,,,,BELOW_MINIMUM_RELATIVE_VOLUME,False,,,,,,,,,,,,,,BELOW_MINIMUM_RELATIVE_VOLUME,False,,,,,,,,,,,,,
orb_v1.0,2024-07-10,450,COST,BBG001S9KRQ7,0.5368068999393222,14,SHORT,False,BELOW_MINIMUM_RELATIVE_VOLUME,True,False,False,False,53081.0,98882.85714285714,1830252.9285714286,13.151121428571441,887.4,889.07,882.85,882.85,True,BELOW_MINIMUM_RELATIVE_VOLUME,False,,,,,,,,,,,,,,BELOW_MINIMUM_RELATIVE_VOLUME,False,,,,,,,,,,,,,,BELOW_MINIMUM_RELATIVE_VOLUME,False,,,,,,,,,,,,,
orb_v1.0,2024-07-10,451,FRO,0000913290,0.5357942885443349,14,LONG,False,BELOW_MINIMUM_RELATIVE_VOLUME,False,False,False,False,43583.0,81342.78571428571,1291345.9285714286,0.6684000000000001,23.45,23.59,23.39,23.59,False,BELOW_MINIMUM_RELATIVE_VOLUME,False,,,,,,,,,,,,,,BELOW_MINIMUM_RELATIVE_VOLUME,False,,,,,,,,,,,,,,BELOW_MINIMUM_RELATIVE_VOLUME,False,,,,,,,,,,,,,
orb_v1.0,2024-07-10,452,COLD,BBG001SMQ866,0.5354764016899969,14,LONG,False,BELOW_MINIMUM_RELATIVE_VOLUME,False,False,False,False,17807.0,33254.5,1749562.5714285714,0.5278571428571431,26.42,26.53,26.365,26.52,True,BELOW_MINIMUM_RELATIVE_VOLUME,False,,,,,,,,,,,,,,BELOW_MINIMUM_RELATIVE_VOLUME,False,,,,,,,,,,,,,,BELOW_MINIMUM_RELATIVE_VOLUME,False,,,,,,,,,,,,,
orb_v1.0,2024-07-10,453,PANW,BBG001T9NWN5,0.5341623961664153,14,SHORT,False,BELOW_MINIMUM_RELATIVE_VOLUME,True,False,False,False,91079.0,170508.07142857142,3031558.6428571427,9.55819999999999,337.0,337.0,330.16,332.2021,False,BELOW_MINIMUM_RELATIVE_VOLUME,False,,,,,,,,,,,,,,BELOW_MINIMUM_RELATIVE_VOLUME,False,,,,,,,,,,,,,,BELOW_MINIMUM_RELATIVE_VOLUME,False,,,,,,,,,,,,,
orb_v1.0,2024-07-10,454,APP,BBG006HFPX86,0.5331275904929794,14,SHORT,False,BELOW_MINIMUM_RELATIVE_VOLUME,True,False,False,False,48345.0,90681.85714285714,4136565.785714286,3.492207142857142,85.0,85.28,83.67,83.89,True,BELOW_MINIMUM_RELATIVE_VOLUME,False,,,,,,,,,,,,,,BELOW_MINIMUM_RELATIVE_VOLUME,False,,,,,,,,,,,,,,BELOW_MINIMUM_RELATIVE_VOLUME,False,,,,,,,,,,,,,
orb_v1.0,2024-07-10,455,JNJ,BBG001S5SHQ9,0.5323539371134938,14,SHORT,False,BELOW_MINIMUM_RELATIVE_VOLUME,True,False,False,False,165411.0,310716.21428571426,6788888.214285715,1.959628571428571,147.26,147.55,146.88,146.95,True,BELOW_MINIMUM_RELATIVE_VOLUME,False,,,,,,,,,,,,,,BELOW_MINIMUM_RELATIVE_VOLUME,False,,,,,,,,,,,,,,BELOW_MINIMUM_RELATIVE_VOLUME,False,,,,,,,,,,,,,
orb_v1.0,2024-07-10,456,KBH,BBG001S5SJV9,0.5320703854381778,14,LONG,False,BELOW_MINIMUM_RELATIVE_VOLUME,False,False,False,False,21514.0,40434.5,1721251.9285714286,1.954428571428571,65.81,66.25,65.81,66.25,True,BELOW_MINIMUM_RELATIVE_VOLUME,False,,,,,,,,,,,,,,BELOW_MINIMUM_RELATIVE_VOLUME,False,,,,,,,,,,,,,,BELOW_MINIMUM_RELATIVE_VOLUME,False,,,,,,,,,,,,,
orb_v1.0,2024-07-10,457,WERN,BBG001S5XDR1,0.5313935630230169,14,LONG,False,BELOW_MINIMUM_RELATIVE_VOLUME,False,False,False,False,11344.0,21347.64285714286,1665255.5714285714,0.7957142857142868,34.34,34.44,34.235,34.44,True,BELOW_MINIMUM_RELATIVE_VOLUME,False,,,,,,,,,,,,,,BELOW_MINIMUM_RELATIVE_VOLUME,False,,,,,,,,,,,,,,BELOW_MINIMUM_RELATIVE_VOLUME,False,,,,,,,,,,,,,
orb_v1.0,2024-07-10,458,VNO,BBG001S5X909,0.5310411876359933,14,SHORT,False,BELOW_MINIMUM_RELATIVE_VOLUME,False,False,False,False,12290.0,23143.214285714286,1684695.5,0.7475000000000003,26.72,26.78,26.655,26.69,True,BELOW_MINIMUM_RELATIVE_VOLUME,False,,,,,,,,,,,,,,BELOW_MINIMUM_RELATIVE_VOLUME,False,,,,,,,,,,,,,,BELOW_MINIMUM_RELATIVE_VOLUME,False,,,,,,,,,,,,,
orb_v1.0,2024-07-10,459,GIS,BBG001S5RKR2,0.52924629293795,14,LONG,False,BELOW_MINIMUM_RELATIVE_VOLUME,True,False,False,False,82527.0,155933.07142857142,5474555.928571428,1.2657142857142871,62.29,62.63,62.22,62.53,True,BELOW_MINIMUM_RELATIVE_VOLUME,False,,,,,,,,,,,,,,BELOW_MINIMUM_RELATIVE_VOLUME,False,,,,,,,,,,,,,,BELOW_MINIMUM_RELATIVE_VOLUME,False,,,,,,,,,,,,,
orb_v1.0,2024-07-10,460,EW,BBG001SF2288,0.5275064597804734,14,SHORT,False,BELOW_MINIMUM_RELATIVE_VOLUME,True,False,False,False,55106.0,104465.07142857143,3577924.1428571427,2.042278571428569,93.62,93.71,93.33,93.51,True,BELOW_MINIMUM_RELATIVE_VOLUME,False,,,,,,,,,,,,,,BELOW_MINIMUM_RELATIVE_VOLUME,False,,,,,,,,,,,,,,BELOW_MINIMUM_RELATIVE_VOLUME,False,,,,,,,,,,,,,
orb_v1.0,2024-07-10,461,DIS,BBG001S5QHF3,0.5273955151347356,14,LONG,False,BELOW_MINIMUM_RELATIVE_VOLUME,True,False,False,False,257705.0,488637.0714285714,10441208.5,1.453785714285717,96.95,97.19,96.74,97.0322,True,BELOW_MINIMUM_RELATIVE_VOLUME,False,,,,,,,,,,,,,,BELOW_MINIMUM_RELATIVE_VOLUME,False,,,,,,,,,,,,,,BELOW_MINIMUM_RELATIVE_VOLUME,False,,,,,,,,,,,,,
orb_v1.0,2024-07-10,462,ON,BBG001SF7RS6,0.527068711367899,14,LONG,False,BELOW_MINIMUM_RELATIVE_VOLUME,True,False,False,False,98457.0,186801.07142857142,5193044.214285715,2.038985714285712,74.44,74.94,74.19,74.94,True,BELOW_MINIMUM_RELATIVE_VOLUME,False,,,,,,,,,,,,,,BELOW_MINIMUM_RELATIVE_VOLUME,False,,,,,,,,,,,,,,BELOW_MINIMUM_RELATIVE_VOLUME,False,,,,,,,,,,,,,
orb_v1.0,2024-07-10,463,CSCO,BBG001S6HC62,0.5260363058643893,14,LONG,False,BELOW_MINIMUM_RELATIVE_VOLUME,True,False,False,False,510564.0,970587.0,21231367.57142857,0.71025,46.055,46.1997,46.0,46.12,True,BELOW_MINIMUM_RELATIVE_VOLUME,False,,,,,,,,,,,,,,BELOW_MINIMUM_RELATIVE_VOLUME,False,,,,,,,,,,,,,,BELOW_MINIMUM_RELATIVE_VOLUME,False,,,,,,,,,,,,,
orb_v1.0,2024-07-10,464,CRDO,0001807794,0.5255447358594358,14,LONG,False,BELOW_MINIMUM_RELATIVE_VOLUME,False,False,False,False,50566.0,96216.35714285714,1945027.0714285714,1.3412857142857144,31.33,31.662,31.11,31.662,False,BELOW_MINIMUM_RELATIVE_VOLUME,False,,,,,,,,,,,,,,BELOW_MINIMUM_RELATIVE_VOLUME,False,,,,,,,,,,,,,,BELOW_MINIMUM_RELATIVE_VOLUME,False,,,,,,,,,,,,,
orb_v1.0,2024-07-10,465,PHM,BBG001S5V5K7,0.5253427667101098,14,LONG,False,BELOW_MINIMUM_RELATIVE_VOLUME,True,False,False,False,25193.0,47955.357142857145,1970689.0,2.7190999999999996,105.37,105.76,105.255,105.76,True,BELOW_MINIMUM_RELATIVE_VOLUME,False,,,,,,,,,,,,,,BELOW_MINIMUM_RELATIVE_VOLUME,False,,,,,,,,,,,,,,BELOW_MINIMUM_RELATIVE_VOLUME,False,,,,,,,,,,,,,
orb_v1.0,2024-07-10,466,STT,BBG001S5RLD5,0.5250547931754475,14,LONG,False,BELOW_MINIMUM_RELATIVE_VOLUME,True,False,False,False,20243.0,38554.07142857143,2205436.6428571427,1.070285714285715,74.45,74.64,74.15,74.64,True,BELOW_MINIMUM_RELATIVE_VOLUME,False,,,,,,,,,,,,,,BELOW_MINIMUM_RELATIVE_VOLUME,False,,,,,,,,,,,,,,BELOW_MINIMUM_RELATIVE_VOLUME,False,,,,,,,,,,,,,
orb_v1.0,2024-07-10,467,BAX,BBG001S5P1K3,0.5235037457808512,14,LONG,False,BELOW_MINIMUM_RELATIVE_VOLUME,True,False,False,False,38154.0,72882.0,5039485.142857143,0.7803928571428566,33.9,34.07,33.7915,34.02,True,BELOW_MINIMUM_RELATIVE_VOLUME,False,,,,,,,,,,,,,,BELOW_MINIMUM_RELATIVE_VOLUME,False,,,,,,,,,,,,,,BELOW_MINIMUM_RELATIVE_VOLUME,False,,,,,,,,,,,,,
orb_v1.0,2024-07-10,468,HP,BBG001S5RZP1,0.5217370878233549,14,SHORT,False,BELOW_MINIMUM_RELATIVE_VOLUME,False,False,False,False,12692.0,24326.428571428572,1296715.7857142857,0.8721428571428577,35.6,35.685,35.48,35.48,True,BELOW_MINIMUM_RELATIVE_VOLUME,False,,,,,,,,,,,,,,BELOW_MINIMUM_RELATIVE_VOLUME,False,,,,,,,,,,,,,,BELOW_MINIMUM_RELATIVE_VOLUME,False,,,,,,,,,,,,,
orb_v1.0,2024-07-10,469,GLPI,BBG003MSMCT5,0.5170410391148281,14,LONG,False,BELOW_MINIMUM_RELATIVE_VOLUME,False,False,False,False,15968.0,30883.428571428572,1156540.357142857,0.8382142857142851,44.84,45.045,44.84,45.04,True,BELOW_MINIMUM_RELATIVE_VOLUME,False,,,,,,,,,,,,,,BELOW_MINIMUM_RELATIVE_VOLUME,False,,,,,,,,,,,,,,BELOW_MINIMUM_RELATIVE_VOLUME,False,,,,,,,,,,,,,
orb_v1.0,2024-07-10,470,FMC,BBG001S5R880,0.5163617077698224,14,SHORT,False,BELOW_MINIMUM_RELATIVE_VOLUME,False,False,False,False,24340.0,47137.5,1710122.9285714286,1.6760642857142847,54.95,54.95,54.61,54.67,True,BELOW_MINIMUM_RELATIVE_VOLUME,False,,,,,,,,,,,,,,BELOW_MINIMUM_RELATIVE_VOLUME,False,,,,,,,,,,,,,,BELOW_MINIMUM_RELATIVE_VOLUME,False,,,,,,,,,,,,,
orb_v1.0,2024-07-10,471,UNP,BBG001S5X2M0,0.5152634990862044,14,LONG,False,BELOW_MINIMUM_RELATIVE_VOLUME,True,False,False,False,40196.0,78010.57142857143,2134800.0714285714,3.378557142857145,222.34,223.075,221.93,223.065,True,BELOW_MINIMUM_RELATIVE_VOLUME,False,,,,,,,,,,,,,,BELOW_MINIMUM_RELATIVE_VOLUME,False,,,,,,,,,,,,,,BELOW_MINIMUM_RELATIVE_VOLUME,False,,,,,,,,,,,,,
orb_v1.0,2024-07-10,472,ALAB,BBG00TDKHWK6,0.5134408518793006,14,SHORT,False,BELOW_MINIMUM_RELATIVE_VOLUME,False,False,False,False,23654.0,46069.57142857143,1636556.0714285714,3.7204,56.71,56.71,55.75,56.02,True,BELOW_MINIMUM_RELATIVE_VOLUME,False,,,,,,,,,,,,,,BELOW_MINIMUM_RELATIVE_VOLUME,False,,,,,,,,,,,,,,BELOW_MINIMUM_RELATIVE_VOLUME,False,,,,,,,,,,,,,
orb_v1.0,2024-07-10,473,TEL,0001385157,0.5133204005157062,14,LONG,False,BELOW_MINIMUM_RELATIVE_VOLUME,True,False,False,False,21301.0,41496.5,1679183.642857143,2.2532142857142827,150.43,151.0,150.145,150.765,True,BELOW_MINIMUM_RELATIVE_VOLUME,False,,,,,,,,,,,,,,BELOW_MINIMUM_RELATIVE_VOLUME,False,,,,,,,,,,,,,,BELOW_MINIMUM_RELATIVE_VOLUME,False,,,,,,,,,,,,,
orb_v1.0,2024-07-10,474,LKQ,BBG001SCCPJ1,0.5124398641872668,14,SHORT,False,BELOW_MINIMUM_RELATIVE_VOLUME,False,False,False,False,18359.0,35826.642857142855,1909812.5714285714,0.7367857142857152,41.37,41.455,41.25,41.25,True,BELOW_MINIMUM_RELATIVE_VOLUME,False,,,,,,,,,,,,,,BELOW_MINIMUM_RELATIVE_VOLUME,False,,,,,,,,,,,,,,BELOW_MINIMUM_RELATIVE_VOLUME,False,,,,,,,,,,,,,
orb_v1.0,2024-07-10,475,ESTC,0001707753,0.512223411232697,14,SHORT,False,BELOW_MINIMUM_RELATIVE_VOLUME,False,False,False,False,10599.0,20692.14285714286,1077787.9285714286,3.2782142857142835,113.04,113.04,111.97,111.97,True,BELOW_MINIMUM_RELATIVE_VOLUME,False,,,,,,,,,,,,,,BELOW_MINIMUM_RELATIVE_VOLUME,False,,,,,,,,,,,,,,BELOW_MINIMUM_RELATIVE_VOLUME,False,,,,,,,,,,,,,
orb_v1.0,2024-07-10,476,BERY,BBG001T6B4W6,0.5115357585087514,14,LONG,False,BELOW_MINIMUM_RELATIVE_VOLUME,False,False,False,False,5459.0,10671.785714285714,1469962.7142857143,1.1457142857142852,58.38,58.5,58.15,58.5,True,BELOW_MINIMUM_RELATIVE_VOLUME,False,,,,,,,,,,,,,,BELOW_MINIMUM_RELATIVE_VOLUME,False,,,,,,,,,,,,,,BELOW_MINIMUM_RELATIVE_VOLUME,False,,,,,,,,,,,,,
orb_v1.0,2024-07-10,477,PPG,BBG001S5VC13,0.5105119372847132,14,SHORT,False,BELOW_MINIMUM_RELATIVE_VOLUME,True,False,False,False,19034.0,37284.142857142855,1458757.2142857143,2.0198928571428567,126.5,126.5,125.3,126.31,False,BELOW_MINIMUM_RELATIVE_VOLUME,False,,,,,,,,,,,,,,BELOW_MINIMUM_RELATIVE_VOLUME,False,,,,,,,,,,,,,,BELOW_MINIMUM_RELATIVE_VOLUME,False,,,,,,,,,,,,,
orb_v1.0,2024-07-10,478,OSCR,BBG00YMWFVT4,0.5100798123482767,14,SHORT,False,BELOW_MINIMUM_RELATIVE_VOLUME,False,False,False,False,42249.0,82828.21428571429,3897365.4285714286,0.9318214285714282,15.87,15.94,15.78,15.81,True,BELOW_MINIMUM_RELATIVE_VOLUME,False,,,,,,,,,,,,,,BELOW_MINIMUM_RELATIVE_VOLUME,False,,,,,,,,,,,,,,BELOW_MINIMUM_RELATIVE_VOLUME,False,,,,,,,,,,,,,
orb_v1.0,2024-07-10,479,HLT,BBG0058KMH49,0.5094040784003168,14,LONG,False,BELOW_MINIMUM_RELATIVE_VOLUME,True,False,False,False,18011.0,35357.0,1670338.4285714286,3.4307857142857188,214.23,215.84,214.23,215.535,True,BELOW_MINIMUM_RELATIVE_VOLUME,False,,,,,,,,,,,,,,BELOW_MINIMUM_RELATIVE_VOLUME,False,,,,,,,,,,,,,,BELOW_MINIMUM_RELATIVE_VOLUME,False,,,,,,,,,,,,,
orb_v1.0,2024-07-10,480,BYD,BBG001S7DMW3,0.5080496712929145,14,LONG,False,BELOW_MINIMUM_RELATIVE_VOLUME,False,False,False,False,4968.0,9778.57142857143,1324017.5,1.4698857142857145,54.62,54.63,54.62,54.63,True,BELOW_MINIMUM_RELATIVE_VOLUME,False,,,,,,,,,,,,,,BELOW_MINIMUM_RELATIVE_VOLUME,False,,,,,,,,,,,,,,BELOW_MINIMUM_RELATIVE_VOLUME,False,,,,,,,,,,,,,
orb_v1.0,2024-07-10,481,HIG,BBG001S8PXF3,0.5078738000596545,14,LONG,False,BELOW_MINIMUM_RELATIVE_VOLUME,True,False,False,False,23838.0,46936.857142857145,1503735.9285714286,1.8084285714285713,100.03,100.52,99.95,100.3704,False,BELOW_MINIMUM_RELATIVE_VOLUME,False,,,,,,,,,,,,,,BELOW_MINIMUM_RELATIVE_VOLUME,False,,,,,,,,,,,,,,BELOW_MINIMUM_RELATIVE_VOLUME,False,,,,,,,,,,,,,
orb_v1.0,2024-07-10,482,MDLZ,BBG001SHHZJ3,0.5072494649887052,14,LONG,False,BELOW_MINIMUM_RELATIVE_VOLUME,True,False,False,False,153543.0,302697.21428571426,7075744.142857143,1.1152499999999992,65.32,65.52,65.215,65.44,True,BELOW_MINIMUM_RELATIVE_VOLUME,False,,,,,,,,,,,,,,BELOW_MINIMUM_RELATIVE_VOLUME,False,,,,,,,,,,,,,,BELOW_MINIMUM_RELATIVE_VOLUME,False,,,,,,,,,,,,,
orb_v1.0,2024-07-10,483,ZIM,0001654126,0.5068534340508232,14,LONG,False,BELOW_MINIMUM_RELATIVE_VOLUME,False,False,False,False,138224.0,272710.0,4407553.357142857,1.290571428571429,19.4,19.64,19.28,19.48,True,BELOW_MINIMUM_RELATIVE_VOLUME,False,,,,,,,,,,,,,,BELOW_MINIMUM_RELATIVE_VOLUME,False,,,,,,,,,,,,,,BELOW_MINIMUM_RELATIVE_VOLUME,False,,,,,,,,,,,,,
orb_v1.0,2024-07-10,484,GOOGL,BBG009S39JY5,0.506108315930304,14,LONG,False,BELOW_MINIMUM_RELATIVE_VOLUME,True,False,False,False,736042.0,1454317.142857143,22196869.5,3.1621999999999963,189.15,190.42,189.03,190.37,True,BELOW_MINIMUM_RELATIVE_VOLUME,False,,,,,,,,,,,,,,BELOW_MINIMUM_RELATIVE_VOLUME,False,,,,,,,,,,,,,,BELOW_MINIMUM_RELATIVE_VOLUME,False,,,,,,,,,,,,,
orb_v1.0,2024-07-10,485,FOXA,BBG00JHNJX06,0.5056801631226333,14,LONG,False,BELOW_MINIMUM_RELATIVE_VOLUME,True,False,False,False,32116.0,63510.5,2778612.8571428573,0.5828571428571416,35.3,35.38,35.25,35.38,True,BELOW_MINIMUM_RELATIVE_VOLUME,False,,,,,,,,,,,,,,BELOW_MINIMUM_RELATIVE_VOLUME,False,,,,,,,,,,,,,,BELOW_MINIMUM_RELATIVE_VOLUME,False,,,,,,,,,,,,,
orb_v1.0,2024-07-10,486,ZS,BBG003338H61,0.5020154956881049,14,SHORT,False,BELOW_MINIMUM_RELATIVE_VOLUME,True,False,False,False,39381.0,78445.78571428571,2138678.714285714,5.863421428571428,197.75,197.75,195.35,196.3455,True,BELOW_MINIMUM_RELATIVE_VOLUME,False,,,,,,,,,,,,,,BELOW_MINIMUM_RELATIVE_VOLUME,False,,,,,,,,,,,,,,BELOW_MINIMUM_RELATIVE_VOLUME,False,,,,,,,,,,,,,
orb_v1.0,2024-07-10,487,TERN,BBG00KK1SJ17,0.5016992711390734,14,SHORT,False,BELOW_MINIMUM_RELATIVE_VOLUME,False,False,False,False,10207.0,20344.85714285714,1357723.642857143,0.5571428571428572,7.45,7.545,7.31,7.33,True,BELOW_MINIMUM_RELATIVE_VOLUME,False,,,,,,,,,,,,,,BELOW_MINIMUM_RELATIVE_VOLUME,False,,,,,,,,,,,,,,BELOW_MINIMUM_RELATIVE_VOLUME,False,,,,,,,,,,,,,
orb_v1.0,2024-07-10,488,RIOT,BBG001SDW128,0.500261963451614,14,SHORT,False,BELOW_MINIMUM_RELATIVE_VOLUME,False,True,False,False,537843.0,1075122.7142857143,21519258.64285714,0.57,9.21,9.27,9.12,9.14,True,BELOW_MINIMUM_RELATIVE_VOLUME,False,,,,,,,,,,,,,,BELOW_MINIMUM_RELATIVE_VOLUME,False,,,,,,,,,,,,,,BELOW_MINIMUM_RELATIVE_VOLUME,False,,,,,,,,,,,,,
orb_v1.0,2024-07-10,489,DHR,BBG001S5QGT0,0.4996100303559104,14,LONG,False,BELOW_MINIMUM_RELATIVE_VOLUME,True,False,False,False,57240.0,114569.35714285714,3620546.0714285714,4.669285714285721,240.39,241.38,239.95,240.82,True,BELOW_MINIMUM_RELATIVE_VOLUME,False,,,,,,,,,,,,,,BELOW_MINIMUM_RELATIVE_VOLUME,False,,,,,,,,,,,,,,BELOW_MINIMUM_RELATIVE_VOLUME,False,,,,,,,,,,,,,
orb_v1.0,2024-07-10,490,PBF,BBG002832HM6,0.49884068884881394,14,SHORT,False,BELOW_MINIMUM_RELATIVE_VOLUME,False,False,False,False,25172.0,50461.0,1917892.142857143,1.4442357142857152,41.18,41.42,41.0,41.165,True,BELOW_MINIMUM_RELATIVE_VOLUME,False,,,,,,,,,,,,,,BELOW_MINIMUM_RELATIVE_VOLUME,False,,,,,,,,,,,,,,BELOW_MINIMUM_RELATIVE_VOLUME,False,,,,,,,,,,,,,
orb_v1.0,2024-07-10,491,HOOD,BBG008NMBXP6,0.4980452062716539,14,SHORT,False,BELOW_MINIMUM_RELATIVE_VOLUME,True,False,False,False,272143.0,546422.2857142857,12464196.285714285,0.9157000000000001,22.71,22.7889,22.57,22.585,True,BELOW_MINIMUM_RELATIVE_VOLUME,False,,,,,,,,,,,,,,BELOW_MINIMUM_RELATIVE_VOLUME,False,,,,,,,,,,,,,,BELOW_MINIMUM_RELATIVE_VOLUME,False,,,,,,,,,,,,,
orb_v1.0,2024-07-10,492,MGY,BBG00GNC8DM1,0.4976588411849381,14,LONG,False,BELOW_MINIMUM_RELATIVE_VOLUME,False,False,False,False,19731.0,39647.642857142855,1944130.857142857,0.5203571428571426,25.34,25.39,25.2801,25.36,True,BELOW_MINIMUM_RELATIVE_VOLUME,False,,,,,,,,,,,,,,BELOW_MINIMUM_RELATIVE_VOLUME,False,,,,,,,,,,,,,,BELOW_MINIMUM_RELATIVE_VOLUME,False,,,,,,,,,,,,,
orb_v1.0,2024-07-10,493,HSY,BBG001S5S148,0.4963018884900936,14,LONG,False,BELOW_MINIMUM_RELATIVE_VOLUME,True,False,False,False,25216.0,50807.78571428572,1867383.7142857143,3.1600857142857097,182.5,183.0,182.24,182.8,True,BELOW_MINIMUM_RELATIVE_VOLUME,False,,,,,,,,,,,,,,BELOW_MINIMUM_RELATIVE_VOLUME,False,,,,,,,,,,,,,,BELOW_MINIMUM_RELATIVE_VOLUME,False,,,,,,,,,,,,,
orb_v1.0,2024-07-10,494,ARES,BBG0068KVVC7,0.49536256538502677,14,SHORT,False,BELOW_MINIMUM_RELATIVE_VOLUME,True,False,False,False,6947.0,14024.07142857143,1410707.2142857143,2.7674999999999983,135.91,136.3,135.1104,135.665,False,BELOW_MINIMUM_RELATIVE_VOLUME,False,,,,,,,,,,,,,,BELOW_MINIMUM_RELATIVE_VOLUME,False,,,,,,,,,,,,,,BELOW_MINIMUM_RELATIVE_VOLUME,False,,,,,,,,,,,,,
orb_v1.0,2024-07-10,495,HOLX,BBG001S6HWB2,0.4946211536223913,14,LONG,False,BELOW_MINIMUM_RELATIVE_VOLUME,True,False,False,False,16700.0,33763.21428571428,1438057.142857143,1.2371785714285721,74.73,75.44,74.73,75.44,True,BELOW_MINIMUM_RELATIVE_VOLUME,False,,,,,,,,,,,,,,BELOW_MINIMUM_RELATIVE_VOLUME,False,,,,,,,,,,,,,,BELOW_MINIMUM_RELATIVE_VOLUME,False,,,,,,,,,,,,,
orb_v1.0,2024-07-10,496,GOOG,BBG009S3NB21,0.49398584453777056,14,LONG,False,BELOW_MINIMUM_RELATIVE_VOLUME,True,False,False,False,519330.0,1051305.4285714286,17648400.07142857,3.1244071428571494,190.75,191.95,190.62,191.9,True,BELOW_MINIMUM_RELATIVE_VOLUME,False,,,,,,,,,,,,,,BELOW_MINIMUM_RELATIVE_VOLUME,False,,,,,,,,,,,,,,BELOW_MINIMUM_RELATIVE_VOLUME,False,,,,,,,,,,,,,
orb_v1.0,2024-07-10,497,APA,BBG00YTS96H1,0.492990313026507,14,SHORT,False,BELOW_MINIMUM_RELATIVE_VOLUME,False,False,False,False,69933.0,141854.7142857143,5925545.5,0.7756571428571425,28.79,28.79,28.645,28.76,True,BELOW_MINIMUM_RELATIVE_VOLUME,False,,,,,,,,,,,,,,BELOW_MINIMUM_RELATIVE_VOLUME,False,,,,,,,,,,,,,,BELOW_MINIMUM_RELATIVE_VOLUME,False,,,,,,,,,,,,,
orb_v1.0,2024-07-10,498,GPK,BBG001S90195,0.4927635891479694,14,LONG,False,BELOW_MINIMUM_RELATIVE_VOLUME,False,False,False,False,25183.0,51105.642857142855,2657996.5,0.5728571428571428,25.5,25.615,25.46,25.61,True,BELOW_MINIMUM_RELATIVE_VOLUME,False,,,,,,,,,,,,,,BELOW_MINIMUM_RELATIVE_VOLUME,False,,,,,,,,,,,,,,BELOW_MINIMUM_RELATIVE_VOLUME,False,,,,,,,,,,,,,
orb_v1.0,2024-07-10,499,EMR,BBG001S5QVT7,0.49275686104378447,14,LONG,False,BELOW_MINIMUM_RELATIVE_VOLUME,True,False,False,False,40646.0,82486.92857142857,2292771.785714286,1.9347000000000014,109.71,110.0,109.63,109.795,True,BELOW_MINIMUM_RELATIVE_VOLUME,False,,,,,,,,,,,,,,BELOW_MINIMUM_RELATIVE_VOLUME,False,,,,,,,,,,,,,,BELOW_MINIMUM_RELATIVE_VOLUME,False,,,,,,,,,,,,,
orb_v1.0,2024-07-10,500,REG,BBG001S7H752,0.4924369005454371,14,SHORT,False,BELOW_MINIMUM_RELATIVE_VOLUME,False,False,False,False,13536.0,27487.785714285714,1036460.5714285715,0.8473214285714283,62.31,62.31,62.15,62.295,True,BELOW_MINIMUM_RELATIVE_VOLUME,False,,,,,,,,,,,,,,BELOW_MINIMUM_RELATIVE_VOLUME,False,,,,,,,,,,,,,,BELOW_MINIMUM_RELATIVE_VOLUME,False,,,,,,,,,,,,,
orb_v1.0,2024-07-10,501,MDB,BBG0022FDRZ7,0.491778651135966,14,SHORT,False,BELOW_MINIMUM_RELATIVE_VOLUME,True,False,False,False,32829.0,66755.64285714286,1872803.857142857,10.127321428571433,250.88,250.88,246.0,246.9,True,BELOW_MINIMUM_RELATIVE_VOLUME,False,,,,,,,,,,,,,,BELOW_MINIMUM_RELATIVE_VOLUME,False,,,,,,,,,,,,,,BELOW_MINIMUM_RELATIVE_VOLUME,False,,,,,,,,,,,,,
orb_v1.0,2024-07-10,502,AMAT,BBG001S5NMM7,0.4911942645829496,14,SHORT,False,BELOW_MINIMUM_RELATIVE_VOLUME,True,False,False,False,138672.0,282316.0,5513030.571428572,6.211421428571425,253.0,253.44,250.69,251.525,True,BELOW_MINIMUM_RELATIVE_VOLUME,False,,,,,,,,,,,,,,BELOW_MINIMUM_RELATIVE_VOLUME,False,,,,,,,,,,,,,,BELOW_MINIMUM_RELATIVE_VOLUME,False,,,,,,,,,,,,,
orb_v1.0,2024-07-10,503,TOL,BBG001S5WT15,0.4906338787390059,14,LONG,False,BELOW_MINIMUM_RELATIVE_VOLUME,False,False,False,False,12125.0,24712.928571428572,1352717.9285714286,2.8417428571428545,111.18,111.885,111.18,111.76,True,BELOW_MINIMUM_RELATIVE_VOLUME,False,,,,,,,,,,,,,,BELOW_MINIMUM_RELATIVE_VOLUME,False,,,,,,,,,,,,,,BELOW_MINIMUM_RELATIVE_VOLUME,False,,,,,,,,,,,,,
orb_v1.0,2024-07-10,504,FIS,BBG001S8SWQ0,0.4895871710001479,14,LONG,False,BELOW_MINIMUM_RELATIVE_VOLUME,True,False,False,False,36165.0,73868.35714285714,3991601.8571428573,1.294064285714286,73.8,73.94,73.67,73.82,True,BELOW_MINIMUM_RELATIVE_VOLUME,False,,,,,,,,,,,,,,BELOW_MINIMUM_RELATIVE_VOLUME,False,,,,,,,,,,,,,,BELOW_MINIMUM_RELATIVE_VOLUME,False,,,,,,,,,,,,,
orb_v1.0,2024-07-10,505,HRB,BBG001S5S031,0.4893513047650357,14,LONG,False,BELOW_MINIMUM_RELATIVE_VOLUME,False,False,False,False,7868.0,16078.42857142857,1216369.857142857,1.1707142857142863,52.99,53.09,52.99,53.02,False,BELOW_MINIMUM_RELATIVE_VOLUME,False,,,,,,,,,,,,,,BELOW_MINIMUM_RELATIVE_VOLUME,False,,,,,,,,,,,,,,BELOW_MINIMUM_RELATIVE_VOLUME,False,,,,,,,,,,,,,
orb_v1.0,2024-07-10,506,FAST,BBG001S5R1F7,0.48923670233759203,14,LONG,False,BELOW_MINIMUM_RELATIVE_VOLUME,True,False,False,False,58881.0,120352.78571428571,3065722.1428571427,1.0267857142857157,62.59,62.8,62.52,62.67,True,BELOW_MINIMUM_RELATIVE_VOLUME,False,,,,,,,,,,,,,,BELOW_MINIMUM_RELATIVE_VOLUME,False,,,,,,,,,,,,,,BELOW_MINIMUM_RELATIVE_VOLUME,False,,,,,,,,,,,,,
orb_v1.0,2024-07-10,507,RVMD,BBG00829F4Q7,0.488952665913555,14,SHORT,False,BELOW_MINIMUM_RELATIVE_VOLUME,False,False,False,False,24022.0,49129.5,1676336.0,1.5214214285714287,44.05,44.17,43.105,43.345,True,BELOW_MINIMUM_RELATIVE_VOLUME,False,,,,,,,,,,,,,,BELOW_MINIMUM_RELATIVE_VOLUME,False,,,,,,,,,,,,,,BELOW_MINIMUM_RELATIVE_VOLUME,False,,,,,,,,,,,,,
orb_v1.0,2024-07-10,508,OKE,BBG001S5TWK1,0.4872229666223567,14,SHORT,False,BELOW_MINIMUM_RELATIVE_VOLUME,True,False,False,False,39323.0,80708.42857142857,2407499.714285714,1.0849999999999997,82.09,82.125,81.81,81.99,True,BELOW_MINIMUM_RELATIVE_VOLUME,False,,,,,,,,,,,,,,BELOW_MINIMUM_RELATIVE_VOLUME,False,,,,,,,,,,,,,,BELOW_MINIMUM_RELATIVE_VOLUME,False,,,,,,,,,,,,,
orb_v1.0,2024-07-10,509,ELAN,BBG00LJYS1R6,0.4869653361454846,14,SHORT,False,BELOW_MINIMUM_RELATIVE_VOLUME,False,False,False,False,62933.0,129235.07142857143,7511562.928571428,0.7867857142857141,13.61,13.67,13.44,13.44,True,BELOW_MINIMUM_RELATIVE_VOLUME,False,,,,,,,,,,,,,,BELOW_MINIMUM_RELATIVE_VOLUME,False,,,,,,,,,,,,,,BELOW_MINIMUM_RELATIVE_VOLUME,False,,,,,,,,,,,,,
orb_v1.0,2024-07-10,510,EWTX,BBG00K4Y2H33,0.48674231143407387,14,LONG,False,BELOW_MINIMUM_RELATIVE_VOLUME,False,False,False,False,14009.0,28781.14285714286,1216996.0714285714,1.3071428571428574,22.92,23.13,22.75,23.0433,True,BELOW_MINIMUM_RELATIVE_VOLUME,False,,,,,,,,,,,,,,BELOW_MINIMUM_RELATIVE_VOLUME,False,,,,,,,,,,,,,,BELOW_MINIMUM_RELATIVE_VOLUME,False,,,,,,,,,,,,,
orb_v1.0,2024-07-10,511,WHD,BBG00JRH1Q02,0.4849665005445724,14,LONG,False,BELOW_MINIMUM_RELATIVE_VOLUME,False,False,False,False,7347.0,15149.5,1926421.642857143,1.4760285714285715,50.84,51.03,50.57,51.03,True,BELOW_MINIMUM_RELATIVE_VOLUME,False,,,,,,,,,,,,,,BELOW_MINIMUM_RELATIVE_VOLUME,False,,,,,,,,,,,,,,BELOW_MINIMUM_RELATIVE_VOLUME,False,,,,,,,,,,,,,
orb_v1.0,2024-07-10,512,VRTX,BBG001S68LJ8,0.48390423253883585,14,LONG,False,BELOW_MINIMUM_RELATIVE_VOLUME,True,False,False,False,27150.0,56106.142857142855,1300496.0,9.626935714285704,487.34,488.0,486.31,487.59,True,BELOW_MINIMUM_RELATIVE_VOLUME,False,,,,,,,,,,,,,,BELOW_MINIMUM_RELATIVE_VOLUME,False,,,,,,,,,,,,,,BELOW_MINIMUM_RELATIVE_VOLUME,False,,,,,,,,,,,,,
orb_v1.0,2024-07-10,513,GEHC,BBG01BFR8YW0,0.4835498405839108,14,LONG,False,BELOW_MINIMUM_RELATIVE_VOLUME,True,False,False,False,39324.0,81323.57142857143,2921622.5714285714,1.4102071428571412,76.93,77.49,76.93,77.11,True,BELOW_MINIMUM_RELATIVE_VOLUME,False,,,,,,,,,,,,,,BELOW_MINIMUM_RELATIVE_VOLUME,False,,,,,,,,,,,,,,BELOW_MINIMUM_RELATIVE_VOLUME,False,,,,,,,,,,,,,
orb_v1.0,2024-07-10,514,WM,BBG001S5XH47,0.4833342671243055,14,LONG,False,BELOW_MINIMUM_RELATIVE_VOLUME,True,False,False,False,28345.0,58644.71428571428,1639467.857142857,2.5117785714285747,209.64,210.06,209.3,209.75,True,BELOW_MINIMUM_RELATIVE_VOLUME,False,,,,,,,,,,,,,,BELOW_MINIMUM_RELATIVE_VOLUME,False,,,,,,,,,,,,,,BELOW_MINIMUM_RELATIVE_VOLUME,False,,,,,,,,,,,,,
orb_v1.0,2024-07-10,515,GE,BBG001S5PVD5,0.47866022617190884,14,LONG,False,BELOW_MINIMUM_RELATIVE_VOLUME,True,False,False,False,93035.0,194365.42857142858,5700798.857142857,3.751878571428573,163.15,163.62,162.54,163.5984,True,BELOW_MINIMUM_RELATIVE_VOLUME,False,,,,,,,,,,,,,,BELOW_MINIMUM_RELATIVE_VOLUME,False,,,,,,,,,,,,,,BELOW_MINIMUM_RELATIVE_VOLUME,False,,,,,,,,,,,,,
orb_v1.0,2024-07-10,516,AEO,BBG001S7Q949,0.47852291528914914,14,SHORT,False,BELOW_MINIMUM_RELATIVE_VOLUME,False,False,False,False,44870.0,93767.71428571429,6258994.214285715,0.6121428571428567,20.32,20.33,20.05,20.19,True,BELOW_MINIMUM_RELATIVE_VOLUME,False,,,,,,,,,,,,,,BELOW_MINIMUM_RELATIVE_VOLUME,False,,,,,,,,,,,,,,BELOW_MINIMUM_RELATIVE_VOLUME,False,,,,,,,,,,,,,
orb_v1.0,2024-07-10,517,FCX,BBG001S5R3F3,0.4782166629673981,14,LONG,False,BELOW_MINIMUM_RELATIVE_VOLUME,True,False,False,False,244542.0,511362.35714285716,10211898.07142857,1.342142857142857,50.94,51.085,50.75,51.05,True,BELOW_MINIMUM_RELATIVE_VOLUME,False,,,,,,,,,,,,,,BELOW_MINIMUM_RELATIVE_VOLUME,False,,,,,,,,,,,,,,BELOW_MINIMUM_RELATIVE_VOLUME,False,,,,,,,,,,,,,
orb_v1.0,2024-07-10,518,OZK,BBG001SMRQL8,0.47725211959165015,14,LONG,False,BELOW_MINIMUM_RELATIVE_VOLUME,False,False,False,False,13948.0,29225.64285714286,1534674.142857143,0.9806,41.24,41.55,41.24,41.49,True,BELOW_MINIMUM_RELATIVE_VOLUME,False,,,,,,,,,,,,,,BELOW_MINIMUM_RELATIVE_VOLUME,False,,,,,,,,,,,,,,BELOW_MINIMUM_RELATIVE_VOLUME,False,,,,,,,,,,,,,
orb_v1.0,2024-07-10,519,PSX,BBG00286S4P7,0.4772339969175327,14,LONG,False,BELOW_MINIMUM_RELATIVE_VOLUME,True,False,False,False,37666.0,78925.64285714286,2871234.5714285714,2.9232142857142867,132.5,132.7799,132.4,132.66,True,BELOW_MINIMUM_RELATIVE_VOLUME,False,,,,,,,,,,,,,,BELOW_MINIMUM_RELATIVE_VOLUME,False,,,,,,,,,,,,,,BELOW_MINIMUM_RELATIVE_VOLUME,False,,,,,,,,,,,,,
orb_v1.0,2024-07-10,520,CMCSA,BBG001S5PXL2,0.4769781338460093,14,LONG,False,BELOW_MINIMUM_RELATIVE_VOLUME,True,False,False,False,349819.0,733406.7857142857,21505916.57142857,0.7678571428571414,37.58,37.675,37.47,37.6175,False,BELOW_MINIMUM_RELATIVE_VOLUME,False,,,,,,,,,,,,,,BELOW_MINIMUM_RELATIVE_VOLUME,False,,,,,,,,,,,,,,BELOW_MINIMUM_RELATIVE_VOLUME,False,,,,,,,,,,,,,
orb_v1.0,2024-07-10,521,GL,BBG001S5WRX4,0.47668051681939777,14,LONG,False,BELOW_MINIMUM_RELATIVE_VOLUME,False,False,False,False,8973.0,18823.928571428572,1237490.357142857,1.847135714285714,82.04,82.36,81.81,82.305,True,BELOW_MINIMUM_RELATIVE_VOLUME,False,,,,,,,,,,,,,,BELOW_MINIMUM_RELATIVE_VOLUME,False,,,,,,,,,,,,,,BELOW_MINIMUM_RELATIVE_VOLUME,False,,,,,,,,,,,,,
orb_v1.0,2024-07-10,522,GM,BBG001SM1DK6,0.47580642611073126,14,LONG,False,BELOW_MINIMUM_RELATIVE_VOLUME,True,False,False,False,161211.0,338816.35714285716,14241938.57142857,0.9512642857142849,46.51,46.69,46.47,46.56,True,BELOW_MINIMUM_RELATIVE_VOLUME,False,,,,,,,,,,,,,,BELOW_MINIMUM_RELATIVE_VOLUME,False,,,,,,,,,,,,,,BELOW_MINIMUM_RELATIVE_VOLUME,False,,,,,,,,,,,,,
orb_v1.0,2024-07-10,523,ZAPP,0001955104,0.4744454403371586,14,SHORT,False,BELOW_MINIMUM_RELATIVE_VOLUME,False,True,False,False,588092.0,1239535.5714285714,25822578.92857143,1.9222928571428572,13.16,13.2139,11.7,12.0,True,BELOW_MINIMUM_RELATIVE_VOLUME,False,,,,,,,,,,,,,,BELOW_MINIMUM_RELATIVE_VOLUME,False,,,,,,,,,,,,,,BELOW_MINIMUM_RELATIVE_VOLUME,False,,,,,,,,,,,,,
orb_v1.0,2024-07-10,524,AVGO,BBG00KHY5SY8,0.4725365486517825,14,SHORT,False,BELOW_MINIMUM_RELATIVE_VOLUME,True,False,False,False,141847.0,300182.0714285714,5410810.642857143,59.269257142857136,1746.0,1751.38,1737.62,1740.93,True,BELOW_MINIMUM_RELATIVE_VOLUME,False,,,,,,,,,,,,,,BELOW_MINIMUM_RELATIVE_VOLUME,False,,,,,,,,,,,,,,BELOW_MINIMUM_RELATIVE_VOLUME,False,,,,,,,,,,,,,
orb_v1.0,2024-07-10,525,STX,0001137789,0.4723262212409429,14,SHORT,False,BELOW_MINIMUM_RELATIVE_VOLUME,True,False,False,False,25763.0,54544.92857142857,1924341.857142857,2.226778571428569,105.0,105.21,104.61,104.98,False,BELOW_MINIMUM_RELATIVE_VOLUME,False,,,,,,,,,,,,,,BELOW_MINIMUM_RELATIVE_VOLUME,False,,,,,,,,,,,,,,BELOW_MINIMUM_RELATIVE_VOLUME,False,,,,,,,,,,,,,
orb_v1.0,2024-07-10,526,RCKT,BBG001T92156,0.4692516136749463,14,SHORT,False,BELOW_MINIMUM_RELATIVE_VOLUME,False,False,False,False,14571.0,31051.571428571428,1242885.9285714286,1.320757142857143,21.19,21.255,21.15,21.15,True,BELOW_MINIMUM_RELATIVE_VOLUME,False,,,,,,,,,,,,,,BELOW_MINIMUM_RELATIVE_VOLUME,False,,,,,,,,,,,,,,BELOW_MINIMUM_RELATIVE_VOLUME,False,,,,,,,,,,,,,
orb_v1.0,2024-07-10,527,FI,BBG001S5R6Q4,0.468923334093154,14,SHORT,False,BELOW_MINIMUM_RELATIVE_VOLUME,True,False,False,False,37029.0,78966.0,2549722.714285714,2.218207142857139,150.86,150.94,150.23,150.705,True,BELOW_MINIMUM_RELATIVE_VOLUME,False,,,,,,,,,,,,,,BELOW_MINIMUM_RELATIVE_VOLUME,False,,,,,,,,,,,,,,BELOW_MINIMUM_RELATIVE_VOLUME,False,,,,,,,,,,,,,
orb_v1.0,2024-07-10,528,G,0001398659,0.4685376491459533,14,LONG,False,BELOW_MINIMUM_RELATIVE_VOLUME,False,False,False,False,10451.0,22305.571428571428,1288083.857142857,0.6248428571428583,30.89,31.01,30.8529,31.0,True,BELOW_MINIMUM_RELATIVE_VOLUME,False,,,,,,,,,,,,,,BELOW_MINIMUM_RELATIVE_VOLUME,False,,,,,,,,,,,,,,BELOW_MINIMUM_RELATIVE_VOLUME,False,,,,,,,,,,,,,
orb_v1.0,2024-07-10,529,RMBS,BBG001S7RF80,0.46732549279052044,14,LONG,False,BELOW_MINIMUM_RELATIVE_VOLUME,False,False,False,False,11302.0,24184.428571428572,1276279.5714285714,2.0557142857142847,64.47,64.81,64.345,64.76,True,BELOW_MINIMUM_RELATIVE_VOLUME,False,,,,,,,,,,,,,,BELOW_MINIMUM_RELATIVE_VOLUME,False,,,,,,,,,,,,,,BELOW_MINIMUM_RELATIVE_VOLUME,False,,,,,,,,,,,,,
orb_v1.0,2024-07-10,530,IBM,BBG001S5S399,0.4671903883332927,14,LONG,False,BELOW_MINIMUM_RELATIVE_VOLUME,True,False,False,False,94469.0,202206.64285714287,3721258.6428571427,3.109821428571434,176.6,177.245,176.5,176.7036,True,BELOW_MINIMUM_RELATIVE_VOLUME,False,,,,,,,,,,,,,,BELOW_MINIMUM_RELATIVE_VOLUME,False,,,,,,,,,,,,,,BELOW_MINIMUM_RELATIVE_VOLUME,False,,,,,,,,,,,,,
orb_v1.0,2024-07-10,531,TXN,BBG001S5WYZ7,0.4663611522098562,14,LONG,False,BELOW_MINIMUM_RELATIVE_VOLUME,True,False,False,False,82786.0,177514.7857142857,4600644.571428572,3.2510714285714277,201.31,201.66,201.0,201.56,True,BELOW_MINIMUM_RELATIVE_VOLUME,False,,,,,,,,,,,,,,BELOW_MINIMUM_RELATIVE_VOLUME,False,,,,,,,,,,,,,,BELOW_MINIMUM_RELATIVE_VOLUME,False,,,,,,,,,,,,,
orb_v1.0,2024-07-10,532,ONTO,BBG001S5THX0,0.465112212183037,14,LONG,False,BELOW_MINIMUM_RELATIVE_VOLUME,False,False,False,False,7979.0,17155.0,1058691.0714285714,8.384285714285715,235.52,237.74,234.53,235.685,True,BELOW_MINIMUM_RELATIVE_VOLUME,False,,,,,,,,,,,,,,BELOW_MINIMUM_RELATIVE_VOLUME,False,,,,,,,,,,,,,,BELOW_MINIMUM_RELATIVE_VOLUME,False,,,,,,,,,,,,,
orb_v1.0,2024-07-10,533,DKNG,BBG0134WCMB3,0.46486368477075224,14,SHORT,False,BELOW_MINIMUM_RELATIVE_VOLUME,True,False,False,False,125933.0,270903.0714285714,9881365.785714285,1.480742857142857,36.99,37.06,36.76,36.8,True,BELOW_MINIMUM_RELATIVE_VOLUME,False,,,,,,,,,,,,,,BELOW_MINIMUM_RELATIVE_VOLUME,False,,,,,,,,,,,,,,BELOW_MINIMUM_RELATIVE_VOLUME,False,,,,,,,,,,,,,
orb_v1.0,2024-07-10,534,CHD,BBG001S5PR99,0.46352351646676637,14,SHORT,False,BELOW_MINIMUM_RELATIVE_VOLUME,True,False,False,False,17377.0,37488.92857142857,1771648.2142857143,1.60452857142857,105.07,105.11,104.995,104.995,True,BELOW_MINIMUM_RELATIVE_VOLUME,False,,,,,,,,,,,,,,BELOW_MINIMUM_RELATIVE_VOLUME,False,,,,,,,,,,,,,,BELOW_MINIMUM_RELATIVE_VOLUME,False,,,,,,,,,,,,,
orb_v1.0,2024-07-10,535,SNDX,BBG001T92272,0.46054678817515005,14,LONG,False,BELOW_MINIMUM_RELATIVE_VOLUME,False,False,False,False,9472.0,20566.85714285714,1253548.142857143,0.9918000000000001,22.61,22.75,22.61,22.67,True,BELOW_MINIMUM_RELATIVE_VOLUME,False,,,,,,,,,,,,,,BELOW_MINIMUM_RELATIVE_VOLUME,False,,,,,,,,,,,,,,BELOW_MINIMUM_RELATIVE_VOLUME,False,,,,,,,,,,,,,
orb_v1.0,2024-07-10,536,PYPL,BBG0077VNXW5,0.4599302901228806,14,DOJI,False,BELOW_MINIMUM_RELATIVE_VOLUME,True,False,False,False,243901.0,530299.9285714285,12922158.714285715,1.2092785714285708,59.09,59.31,59.03,59.09,False,BELOW_MINIMUM_RELATIVE_VOLUME,False,,,,,,,,,,,,,,BELOW_MINIMUM_RELATIVE_VOLUME,False,,,,,,,,,,,,,,BELOW_MINIMUM_RELATIVE_VOLUME,False,,,,,,,,,,,,,
orb_v1.0,2024-07-10,537,KD,BBG012W99DS1,0.459068399620241,14,LONG,False,BELOW_MINIMUM_RELATIVE_VOLUME,False,False,False,False,19825.0,43185.28571428572,1792903.0714285714,0.5910714285714279,25.87,25.95,25.795,25.94,False,BELOW_MINIMUM_RELATIVE_VOLUME,False,,,,,,,,,,,,,,BELOW_MINIMUM_RELATIVE_VOLUME,False,,,,,,,,,,,,,,BELOW_MINIMUM_RELATIVE_VOLUME,False,,,,,,,,,,,,,
orb_v1.0,2024-07-10,538,DDOG,BBG003NJHZW5,0.45874580597951947,14,SHORT,False,BELOW_MINIMUM_RELATIVE_VOLUME,True,False,False,False,55169.0,120260.5,3677642.785714286,3.694578571428574,127.55,128.14,125.71,126.43,True,BELOW_MINIMUM_RELATIVE_VOLUME,False,,,,,,,,,,,,,,BELOW_MINIMUM_RELATIVE_VOLUME,False,,,,,,,,,,,,,,BELOW_MINIMUM_RELATIVE_VOLUME,False,,,,,,,,,,,,,
orb_v1.0,2024-07-10,539,DYN,BBG00NSGPJF8,0.45735786943289874,14,SHORT,False,BELOW_MINIMUM_RELATIVE_VOLUME,False,False,False,False,11035.0,24127.714285714286,1311701.5,1.850535714285714,37.44,37.49,36.87,37.02,True,BELOW_MINIMUM_RELATIVE_VOLUME,False,,,,,,,,,,,,,,BELOW_MINIMUM_RELATIVE_VOLUME,False,,,,,,,,,,,,,,BELOW_MINIMUM_RELATIVE_VOLUME,False,,,,,,,,,,,,,
orb_v1.0,2024-07-10,540,PG,BBG001S5V4L9,0.4552768254183781,14,LONG,False,BELOW_MINIMUM_RELATIVE_VOLUME,True,False,False,False,175314.0,385071.21428571426,6836223.571428572,2.1757071428571413,165.9,166.42,165.77,166.27,True,BELOW_MINIMUM_RELATIVE_VOLUME,False,,,,,,,,,,,,,,BELOW_MINIMUM_RELATIVE_VOLUME,False,,,,,,,,,,,,,,BELOW_MINIMUM_RELATIVE_VOLUME,False,,,,,,,,,,,,,
orb_v1.0,2024-07-10,541,FANG,BBG002PHSZN7,0.4538641983962546,14,SHORT,False,BELOW_MINIMUM_RELATIVE_VOLUME,True,False,False,False,19887.0,43817.07142857143,1453406.0,4.092507142857144,202.07,202.59,201.5,201.8,True,BELOW_MINIMUM_RELATIVE_VOLUME,False,,,,,,,,,,,,,,BELOW_MINIMUM_RELATIVE_VOLUME,False,,,,,,,,,,,,,,BELOW_MINIMUM_RELATIVE_VOLUME,False,,,,,,,,,,,,,
orb_v1.0,2024-07-10,542,MSTR,BBG001SC7PX1,0.4518945545018875,14,LONG,False,BELOW_MINIMUM_RELATIVE_VOLUME,True,False,False,False,24429.0,54059.07142857143,1235066.7142857143,87.74150714285715,1319.7,1331.03,1318.0,1324.068,True,BELOW_MINIMUM_RELATIVE_VOLUME,False,,,,,,,,,,,,,,BELOW_MINIMUM_RELATIVE_VOLUME,False,,,,,,,,,,,,,,BELOW_MINIMUM_RELATIVE_VOLUME,False,,,,,,,,,,,,,
orb_v1.0,2024-07-10,543,MRK,BBG001S5TC52,0.45148377187826977,14,LONG,False,BELOW_MINIMUM_RELATIVE_VOLUME,True,False,False,False,128123.0,283782.0714285714,11921494.07142857,3.24373571428571,125.88,126.54,125.83,126.2101,True,BELOW_MINIMUM_RELATIVE_VOLUME,False,,,,,,,,,,,,,,BELOW_MINIMUM_RELATIVE_VOLUME,False,,,,,,,,,,,,,,BELOW_MINIMUM_RELATIVE_VOLUME,False,,,,,,,,,,,,,
orb_v1.0,2024-07-10,544,CLX,BBG001S5PX50,0.45118735235801827,14,LONG,False,BELOW_MINIMUM_RELATIVE_VOLUME,True,False,False,False,14775.0,32746.928571428572,1383095.0,2.363778571428566,131.8,132.18,131.77,132.07,True,BELOW_MINIMUM_RELATIVE_VOLUME,False,,,,,,,,,,,,,,BELOW_MINIMUM_RELATIVE_VOLUME,False,,,,,,,,,,,,,,BELOW_MINIMUM_RELATIVE_VOLUME,False,,,,,,,,,,,,,
orb_v1.0,2024-07-10,545,FERG,0001832433,0.4511547125685691,14,SHORT,False,BELOW_MINIMUM_RELATIVE_VOLUME,True,False,False,False,18740.0,41537.857142857145,1245517.0714285714,3.4646428571428567,189.7,190.0,189.11,189.325,True,BELOW_MINIMUM_RELATIVE_VOLUME,False,,,,,,,,,,,,,,BELOW_MINIMUM_RELATIVE_VOLUME,False,,,,,,,,,,,,,,BELOW_MINIMUM_RELATIVE_VOLUME,False,,,,,,,,,,,,,
orb_v1.0,2024-07-10,546,MNST,BBG008NVB1F7,0.45066145819572007,14,SHORT,False,BELOW_MINIMUM_RELATIVE_VOLUME,True,False,False,False,110867.0,246009.5,7688977.928571428,0.7860714285714282,49.83,49.875,49.43,49.53,True,BELOW_MINIMUM_RELATIVE_VOLUME,False,,,,,,,,,,,,,,BELOW_MINIMUM_RELATIVE_VOLUME,False,,,,,,,,,,,,,,BELOW_MINIMUM_RELATIVE_VOLUME,False,,,,,,,,,,,,,
orb_v1.0,2024-07-10,547,SAGE,BBG0025X16Z4,0.4470282215090409,14,SHORT,False,BELOW_MINIMUM_RELATIVE_VOLUME,False,False,False,False,10606.0,23725.571428571428,1265193.5,0.6160357142857142,11.47,11.5,11.39,11.41,True,BELOW_MINIMUM_RELATIVE_VOLUME,False,,,,,,,,,,,,,,BELOW_MINIMUM_RELATIVE_VOLUME,False,,,,,,,,,,,,,,BELOW_MINIMUM_RELATIVE_VOLUME,False,,,,,,,,,,,,,
orb_v1.0,2024-07-10,548,COF,BBG001S65PV8,0.44666049202847274,14,LONG,False,BELOW_MINIMUM_RELATIVE_VOLUME,True,False,False,False,24526.0,54909.71428571428,2542174.8571428573,3.0240285714285755,136.19,136.87,136.12,136.475,True,BELOW_MINIMUM_RELATIVE_VOLUME,False,,,,,,,,,,,,,,BELOW_MINIMUM_RELATIVE_VOLUME,False,,,,,,,,,,,,,,BELOW_MINIMUM_RELATIVE_VOLUME,False,,,,,,,,,,,,,
orb_v1.0,2024-07-10,549,DASH,BBG005D7QCK1,0.4460034531202932,14,SHORT,False,BELOW_MINIMUM_RELATIVE_VOLUME,True,False,False,False,35851.0,80382.78571428571,4216618.785714285,3.291428571428569,109.64,109.64,108.3,108.79,True,BELOW_MINIMUM_RELATIVE_VOLUME,False,,,,,,,,,,,,,,BELOW_MINIMUM_RELATIVE_VOLUME,False,,,,,,,,,,,,,,BELOW_MINIMUM_RELATIVE_VOLUME,False,,,,,,,,,,,,,
orb_v1.0,2024-07-10,550,CLSK,BBG001S7F576,0.44418918656893985,14,SHORT,False,BELOW_MINIMUM_RELATIVE_VOLUME,False,True,False,False,633252.0,1425635.7857142857,29664522.64285714,1.2673571428571428,15.376,15.376,15.13,15.17,True,BELOW_MINIMUM_RELATIVE_VOLUME,False,,,,,,,,,,,,,,BELOW_MINIMUM_RELATIVE_VOLUME,False,,,,,,,,,,,,,,BELOW_MINIMUM_RELATIVE_VOLUME,False,,,,,,,,,,,,,
orb_v1.0,2024-07-10,551,KEYS,BBG0059FN820,0.44391060066501875,14,SHORT,False,BELOW_MINIMUM_RELATIVE_VOLUME,True,False,False,False,10480.0,23608.35714285714,1196718.357142857,2.5005714285714333,136.31,136.53,136.02,136.27,True,BELOW_MINIMUM_RELATIVE_VOLUME,False,,,,,,,,,,,,,,BELOW_MINIMUM_RELATIVE_VOLUME,False,,,,,,,,,,,,,,BELOW_MINIMUM_RELATIVE_VOLUME,False,,,,,,,,,,,,,
orb_v1.0,2024-07-10,552,PAYX,BBG001S5V135,0.4413372638205919,14,SHORT,False,BELOW_MINIMUM_RELATIVE_VOLUME,True,False,False,False,29483.0,66803.78571428571,2458963.3571428573,2.327142857142858,117.08,117.08,116.43,116.69,True,BELOW_MINIMUM_RELATIVE_VOLUME,False,,,,,,,,,,,,,,BELOW_MINIMUM_RELATIVE_VOLUME,False,,,,,,,,,,,,,,BELOW_MINIMUM_RELATIVE_VOLUME,False,,,,,,,,,,,,,
orb_v1.0,2024-07-10,553,DELL,BBG00DW3SZT0,0.44105054215825046,14,SHORT,False,BELOW_MINIMUM_RELATIVE_VOLUME,True,False,False,False,328614.0,745071.0714285715,15762581.142857144,7.625385714285715,146.29,146.4,144.02,144.1201,True,BELOW_MINIMUM_RELATIVE_VOLUME,False,,,,,,,,,,,,,,BELOW_MINIMUM_RELATIVE_VOLUME,False,,,,,,,,,,,,,,BELOW_MINIMUM_RELATIVE_VOLUME,False,,,,,,,,,,,,,
orb_v1.0,2024-07-10,554,ETSY,BBG001T53625,0.44070259554044516,14,SHORT,False,BELOW_MINIMUM_RELATIVE_VOLUME,False,False,False,False,57146.0,129670.21428571429,3290973.285714286,1.8121857142857145,57.24,57.47,56.9302,57.2,True,BELOW_MINIMUM_RELATIVE_VOLUME,False,,,,,,,,,,,,,,BELOW_MINIMUM_RELATIVE_VOLUME,False,,,,,,,,,,,,,,BELOW_MINIMUM_RELATIVE_VOLUME,False,,,,,,,,,,,,,
orb_v1.0,2024-07-10,555,PGY,0001883085,0.43993713194333917,14,SHORT,False,BELOW_MINIMUM_RELATIVE_VOLUME,False,False,False,False,9477.0,21541.714285714286,1253333.2142857143,0.5911285714285713,13.16,13.16,13.03,13.03,True,BELOW_MINIMUM_RELATIVE_VOLUME,False,,,,,,,,,,,,,,BELOW_MINIMUM_RELATIVE_VOLUME,False,,,,,,,,,,,,,,BELOW_MINIMUM_RELATIVE_VOLUME,False,,,,,,,,,,,,,
orb_v1.0,2024-07-10,556,LSXMK,BBG01HLMB7B9,0.43887702818104185,14,LONG,False,BELOW_MINIMUM_RELATIVE_VOLUME,False,False,False,False,20557.0,46840.0,2968098.714285714,0.699285714285714,22.95,23.08,22.95,23.05,False,BELOW_MINIMUM_RELATIVE_VOLUME,False,,,,,,,,,,,,,,BELOW_MINIMUM_RELATIVE_VOLUME,False,,,,,,,,,,,,,,BELOW_MINIMUM_RELATIVE_VOLUME,False,,,,,,,,,,,,,
orb_v1.0,2024-07-10,557,NNE,BBG01F7QNWH6,0.43705125158406344,14,SHORT,False,BELOW_MINIMUM_RELATIVE_VOLUME,False,False,False,False,112185.0,256686.14285714287,5265038.428571428,6.779285714285714,27.74,27.78,26.8,27.0,True,BELOW_MINIMUM_RELATIVE_VOLUME,False,,,,,,,,,,,,,,BELOW_MINIMUM_RELATIVE_VOLUME,False,,,,,,,,,,,,,,BELOW_MINIMUM_RELATIVE_VOLUME,False,,,,,,,,,,,,,
orb_v1.0,2024-07-10,558,MP,BBG00TJGL0T5,0.43690221348447655,14,SHORT,False,BELOW_MINIMUM_RELATIVE_VOLUME,False,False,False,False,37160.0,85053.35714285714,3582089.285714286,0.5740714285714289,14.31,14.41,14.22,14.28,True,BELOW_MINIMUM_RELATIVE_VOLUME,False,,,,,,,,,,,,,,BELOW_MINIMUM_RELATIVE_VOLUME,False,,,,,,,,,,,,,,BELOW_MINIMUM_RELATIVE_VOLUME,False,,,,,,,,,,,,,
orb_v1.0,2024-07-10,559,CIVI,BBG00GLNJ0R0,0.4359916991152417,14,SHORT,False,BELOW_MINIMUM_RELATIVE_VOLUME,False,False,False,False,11165.0,25608.285714285714,1951676.0,1.5951785714285702,67.26,67.4,67.13,67.225,True,BELOW_MINIMUM_RELATIVE_VOLUME,False,,,,,,,,,,,,,,BELOW_MINIMUM_RELATIVE_VOLUME,False,,,,,,,,,,,,,,BELOW_MINIMUM_RELATIVE_VOLUME,False,,,,,,,,,,,,,
orb_v1.0,2024-07-10,560,URBN,BBG001S7H9K1,0.43560403562450944,14,LONG,False,BELOW_MINIMUM_RELATIVE_VOLUME,False,False,False,False,10942.0,25119.14285714286,1426428.357142857,1.2767857142857149,43.34,43.48,43.34,43.44,True,BELOW_MINIMUM_RELATIVE_VOLUME,False,,,,,,,,,,,,,,BELOW_MINIMUM_RELATIVE_VOLUME,False,,,,,,,,,,,,,,BELOW_MINIMUM_RELATIVE_VOLUME,False,,,,,,,,,,,,,
orb_v1.0,2024-07-10,561,BSX,BBG001S63L94,0.4338029857352304,14,SHORT,False,BELOW_MINIMUM_RELATIVE_VOLUME,True,False,False,False,94091.0,216898.0,5472941.857142857,0.9692857142857159,76.55,76.6099,76.14,76.19,True,BELOW_MINIMUM_RELATIVE_VOLUME,False,,,,,,,,,,,,,,BELOW_MINIMUM_RELATIVE_VOLUME,False,,,,,,,,,,,,,,BELOW_MINIMUM_RELATIVE_VOLUME,False,,,,,,,,,,,,,
orb_v1.0,2024-07-10,562,VTLE,BBG001T24DQ0,0.4335589658795363,14,SHORT,False,BELOW_MINIMUM_RELATIVE_VOLUME,False,False,False,False,5394.0,12441.214285714286,1038368.9285714285,1.293571428571428,43.59,43.71,43.5,43.58,True,BELOW_MINIMUM_RELATIVE_VOLUME,False,,,,,,,,,,,,,,BELOW_MINIMUM_RELATIVE_VOLUME,False,,,,,,,,,,,,,,BELOW_MINIMUM_RELATIVE_VOLUME,False,,,,,,,,,,,,,
orb_v1.0,2024-07-10,563,NTRS,BBG001S5TRG7,0.43184991457405636,14,SHORT,False,BELOW_MINIMUM_RELATIVE_VOLUME,True,False,False,False,10273.0,23788.35714285714,1014918.0,1.447728571428572,84.22,84.34,84.03,84.175,False,BELOW_MINIMUM_RELATIVE_VOLUME,False,,,,,,,,,,,,,,BELOW_MINIMUM_RELATIVE_VOLUME,False,,,,,,,,,,,,,,BELOW_MINIMUM_RELATIVE_VOLUME,False,,,,,,,,,,,,,
orb_v1.0,2024-07-10,564,IP,BBG001S5SBF4,0.43159649970464153,14,SHORT,False,BELOW_MINIMUM_RELATIVE_VOLUME,False,False,False,False,150197.0,348003.28571428574,8161369.142857143,1.2089214285714291,42.66,42.8,42.5,42.53,True,BELOW_MINIMUM_RELATIVE_VOLUME,False,,,,,,,,,,,,,,BELOW_MINIMUM_RELATIVE_VOLUME,False,,,,,,,,,,,,,,BELOW_MINIMUM_RELATIVE_VOLUME,False,,,,,,,,,,,,,
orb_v1.0,2024-07-10,565,LMT,BBG001S7PS57,0.43013319701377123,14,LONG,False,BELOW_MINIMUM_RELATIVE_VOLUME,True,False,False,False,11840.0,27526.35714285714,1077356.857142857,5.016771428571425,460.37,461.385,459.65,460.91,True,BELOW_MINIMUM_RELATIVE_VOLUME,False,,,,,,,,,,,,,,BELOW_MINIMUM_RELATIVE_VOLUME,False,,,,,,,,,,,,,,BELOW_MINIMUM_RELATIVE_VOLUME,False,,,,,,,,,,,,,
orb_v1.0,2024-07-10,566,UPS,BBG001SDGSH1,0.4273111162372481,14,LONG,False,BELOW_MINIMUM_RELATIVE_VOLUME,True,False,False,False,51868.0,121382.28571428571,4225871.571428572,2.714664285714288,134.34,134.83,134.15,134.8,True,BELOW_MINIMUM_RELATIVE_VOLUME,False,,,,,,,,,,,,,,BELOW_MINIMUM_RELATIVE_VOLUME,False,,,,,,,,,,,,,,BELOW_MINIMUM_RELATIVE_VOLUME,False,,,,,,,,,,,,,
orb_v1.0,2024-07-10,567,EXAS,BBG001SGCLB9,0.42674292146111076,14,SHORT,False,BELOW_MINIMUM_RELATIVE_VOLUME,False,False,False,False,32064.0,75136.57142857143,3413004.8571428573,2.0033500000000006,44.1,44.37,43.89,44.065,False,BELOW_MINIMUM_RELATIVE_VOLUME,False,,,,,,,,,,,,,,BELOW_MINIMUM_RELATIVE_VOLUME,False,,,,,,,,,,,,,,BELOW_MINIMUM_RELATIVE_VOLUME,False,,,,,,,,,,,,,
orb_v1.0,2024-07-10,568,ACAD,BBG001SB06N3,0.42354374300326314,14,SHORT,False,BELOW_MINIMUM_RELATIVE_VOLUME,False,False,False,False,17782.0,41983.857142857145,1598159.9285714286,0.6591571428571429,17.13,17.2,16.95,17.01,False,BELOW_MINIMUM_RELATIVE_VOLUME,False,,,,,,,,,,,,,,BELOW_MINIMUM_RELATIVE_VOLUME,False,,,,,,,,,,,,,,BELOW_MINIMUM_RELATIVE_VOLUME,False,,,,,,,,,,,,,
orb_v1.0,2024-07-10,569,TTC,BBG001S5WX98,0.4235169678272367,14,SHORT,False,BELOW_MINIMUM_RELATIVE_VOLUME,False,False,False,False,6864.0,16207.142857142857,1111414.0714285714,2.246071428571426,87.71,88.28,87.31,87.69,False,BELOW_MINIMUM_RELATIVE_VOLUME,False,,,,,,,,,,,,,,BELOW_MINIMUM_RELATIVE_VOLUME,False,,,,,,,,,,,,,,BELOW_MINIMUM_RELATIVE_VOLUME,False,,,,,,,,,,,,,
orb_v1.0,2024-07-10,570,AMKR,BBG001S64YF8,0.4229025548029228,14,LONG,False,BELOW_MINIMUM_RELATIVE_VOLUME,False,False,False,False,23787.0,56247.0,3001028.3571428573,1.6579785714285709,42.24,42.74,42.08,42.74,True,BELOW_MINIMUM_RELATIVE_VOLUME,False,,,,,,,,,,,,,,BELOW_MINIMUM_RELATIVE_VOLUME,False,,,,,,,,,,,,,,BELOW_MINIMUM_RELATIVE_VOLUME,False,,,,,,,,,,,,,
orb_v1.0,2024-07-10,571,WFC,BBG001S5XF23,0.4228261447587719,14,LONG,False,BELOW_MINIMUM_RELATIVE_VOLUME,True,False,False,False,239670.0,566828.7142857143,19725368.714285713,1.341007142857143,59.54,59.84,59.54,59.84,True,BELOW_MINIMUM_RELATIVE_VOLUME,False,,,,,,,,,,,,,,BELOW_MINIMUM_RELATIVE_VOLUME,False,,,,,,,,,,,,,,BELOW_MINIMUM_RELATIVE_VOLUME,False,,,,,,,,,,,,,
orb_v1.0,2024-07-10,572,MGM,BBG001S6BYT5,0.4210106499458138,14,SHORT,False,BELOW_MINIMUM_RELATIVE_VOLUME,False,False,False,False,32272.0,76653.64285714286,3737448.0714285714,1.0465857142857133,43.99,43.99,43.87,43.965,True,BELOW_MINIMUM_RELATIVE_VOLUME,False,,,,,,,,,,,,,,BELOW_MINIMUM_RELATIVE_VOLUME,False,,,,,,,,,,,,,,BELOW_MINIMUM_RELATIVE_VOLUME,False,,,,,,,,,,,,,
orb_v1.0,2024-07-10,573,STEP,BBG00WXXV0W0,0.42040774650284196,14,DOJI,False,BELOW_MINIMUM_RELATIVE_VOLUME,False,False,False,False,6176.0,14690.5,1511219.857142857,1.1185714285714288,45.0,45.01,44.76,45.0,False,BELOW_MINIMUM_RELATIVE_VOLUME,False,,,,,,,,,,,,,,BELOW_MINIMUM_RELATIVE_VOLUME,False,,,,,,,,,,,,,,BELOW_MINIMUM_RELATIVE_VOLUME,False,,,,,,,,,,,,,
orb_v1.0,2024-07-10,574,COIN,BBG00ZGF7799,0.4201873309418615,14,LONG,False,BELOW_MINIMUM_RELATIVE_VOLUME,True,False,False,False,163763.0,389738.0714285714,7355239.714285715,10.994199999999998,221.64,223.15,221.3,222.62,True,BELOW_MINIMUM_RELATIVE_VOLUME,False,,,,,,,,,,,,,,BELOW_MINIMUM_RELATIVE_VOLUME,False,,,,,,,,,,,,,,BELOW_MINIMUM_RELATIVE_VOLUME,False,,,,,,,,,,,,,
orb_v1.0,2024-07-10,575,AFL,BBG001S5NGJ4,0.4195344869732244,14,LONG,False,BELOW_MINIMUM_RELATIVE_VOLUME,True,False,False,False,29299.0,69836.92857142857,2334196.785714286,1.2403500000000005,88.93,89.34,88.7,89.29,True,BELOW_MINIMUM_RELATIVE_VOLUME,False,,,,,,,,,,,,,,BELOW_MINIMUM_RELATIVE_VOLUME,False,,,,,,,,,,,,,,BELOW_MINIMUM_RELATIVE_VOLUME,False,,,,,,,,,,,,,
orb_v1.0,2024-07-10,576,HCA,BBG001T8NTY2,0.41886959919985695,14,SHORT,False,BELOW_MINIMUM_RELATIVE_VOLUME,True,False,False,False,13551.0,32351.35714285714,1404767.357142857,7.963928571428576,319.37,319.37,316.66,317.41,True,BELOW_MINIMUM_RELATIVE_VOLUME,False,,,,,,,,,,,,,,BELOW_MINIMUM_RELATIVE_VOLUME,False,,,,,,,,,,,,,,BELOW_MINIMUM_RELATIVE_VOLUME,False,,,,,,,,,,,,,
orb_v1.0,2024-07-10,577,MAR,BBG001S78K44,0.4185941579698827,14,LONG,False,BELOW_MINIMUM_RELATIVE_VOLUME,True,False,False,False,18952.0,45275.357142857145,1754145.857142857,3.7597142857142916,237.96,238.66,237.84,238.145,True,BELOW_MINIMUM_RELATIVE_VOLUME,False,,,,,,,,,,,,,,BELOW_MINIMUM_RELATIVE_VOLUME,False,,,,,,,,,,,,,,BELOW_MINIMUM_RELATIVE_VOLUME,False,,,,,,,,,,,,,
orb_v1.0,2024-07-10,578,PM,BBG001STP9N1,0.41654055058527834,14,LONG,False,BELOW_MINIMUM_RELATIVE_VOLUME,True,False,False,False,94465.0,226784.64285714287,5196440.214285715,1.4070214285714309,101.76,102.41,101.68,102.33,True,BELOW_MINIMUM_RELATIVE_VOLUME,False,,,,,,,,,,,,,,BELOW_MINIMUM_RELATIVE_VOLUME,False,,,,,,,,,,,,,,BELOW_MINIMUM_RELATIVE_VOLUME,False,,,,,,,,,,,,,
orb_v1.0,2024-07-10,579,EOG,BBG001S5ZB93,0.4164252814176414,14,SHORT,False,BELOW_MINIMUM_RELATIVE_VOLUME,True,False,False,False,43293.0,103963.42857142857,2901474.4285714286,2.2932642857142858,125.64,125.67,125.0,125.34,True,BELOW_MINIMUM_RELATIVE_VOLUME,False,,,,,,,,,,,,,,BELOW_MINIMUM_RELATIVE_VOLUME,False,,,,,,,,,,,,,,BELOW_MINIMUM_RELATIVE_VOLUME,False,,,,,,,,,,,,,
orb_v1.0,2024-07-10,580,WDAY,BBG001T21KQ7,0.4163405199147696,14,SHORT,False,BELOW_MINIMUM_RELATIVE_VOLUME,True,False,False,False,24885.0,59770.78571428572,2159647.785714286,4.813999999999995,223.36,223.36,221.65,221.65,True,BELOW_MINIMUM_RELATIVE_VOLUME,False,,,,,,,,,,,,,,BELOW_MINIMUM_RELATIVE_VOLUME,False,,,,,,,,,,,,,,BELOW_MINIMUM_RELATIVE_VOLUME,False,,,,,,,,,,,,,
orb_v1.0,2024-07-10,581,ETN,0001551182,0.41549826255406225,14,LONG,False,BELOW_MINIMUM_RELATIVE_VOLUME,True,False,False,False,26673.0,64195.21428571428,1836645.2142857143,6.6268428571428615,318.75,320.11,318.75,320.01,True,BELOW_MINIMUM_RELATIVE_VOLUME,False,,,,,,,,,,,,,,BELOW_MINIMUM_RELATIVE_VOLUME,False,,,,,,,,,,,,,,BELOW_MINIMUM_RELATIVE_VOLUME,False,,,,,,,,,,,,,
orb_v1.0,2024-07-10,582,KRC,BBG001S9BHB5,0.4144351953999933,14,SHORT,False,BELOW_MINIMUM_RELATIVE_VOLUME,False,False,False,False,7084.0,17093.14285714286,1001295.2142857143,0.7032142857142853,32.27,32.37,32.16,32.26,True,BELOW_MINIMUM_RELATIVE_VOLUME,False,,,,,,,,,,,,,,BELOW_MINIMUM_RELATIVE_VOLUME,False,,,,,,,,,,,,,,BELOW_MINIMUM_RELATIVE_VOLUME,False,,,,,,,,,,,,,
orb_v1.0,2024-07-10,583,FLEX,0000866374,0.41386398328018864,14,SHORT,False,BELOW_MINIMUM_RELATIVE_VOLUME,False,False,False,False,29166.0,70472.42857142857,3587063.785714286,0.8032142857142848,29.63,29.63,29.47,29.62,False,BELOW_MINIMUM_RELATIVE_VOLUME,False,,,,,,,,,,,,,,BELOW_MINIMUM_RELATIVE_VOLUME,False,,,,,,,,,,,,,,BELOW_MINIMUM_RELATIVE_VOLUME,False,,,,,,,,,,,,,
orb_v1.0,2024-07-10,584,ALNY,BBG001S7FTC8,0.41373443486903766,14,SHORT,False,BELOW_MINIMUM_RELATIVE_VOLUME,True,False,False,False,33836.0,81781.92857142857,2323958.5714285714,12.328928571428575,256.0,256.0,254.35,255.125,True,BELOW_MINIMUM_RELATIVE_VOLUME,False,,,,,,,,,,,,,,BELOW_MINIMUM_RELATIVE_VOLUME,False,,,,,,,,,,,,,,BELOW_MINIMUM_RELATIVE_VOLUME,False,,,,,,,,,,,,,
orb_v1.0,2024-07-10,585,EQH,BBG00J7CBWL8,0.41227975767664227,14,LONG,False,BELOW_MINIMUM_RELATIVE_VOLUME,False,False,False,False,12313.0,29865.64285714286,2793570.3571428573,0.727371428571428,40.9,41.14,40.9,41.135,True,BELOW_MINIMUM_RELATIVE_VOLUME,False,,,,,,,,,,,,,,BELOW_MINIMUM_RELATIVE_VOLUME,False,,,,,,,,,,,,,,BELOW_MINIMUM_RELATIVE_VOLUME,False,,,,,,,,,,,,,
orb_v1.0,2024-07-10,586,MRO,BBG001S69V69,0.41173404407028036,14,SHORT,False,BELOW_MINIMUM_RELATIVE_VOLUME,True,False,False,False,83729.0,203357.0,7682335.214285715,0.5607214285714287,27.81,27.8101,27.7098,27.8,False,BELOW_MINIMUM_RELATIVE_VOLUME,False,,,,,,,,,,,,,,BELOW_MINIMUM_RELATIVE_VOLUME,False,,,,,,,,,,,,,,BELOW_MINIMUM_RELATIVE_VOLUME,False,,,,,,,,,,,,,
orb_v1.0,2024-07-10,587,TECK,BBG001S60LH8,0.4117288340252073,14,LONG,False,BELOW_MINIMUM_RELATIVE_VOLUME,True,False,False,False,43548.0,105768.64285714286,2117714.1428571427,1.254050000000001,48.5,48.81,48.45,48.61,True,BELOW_MINIMUM_RELATIVE_VOLUME,False,,,,,,,,,,,,,,BELOW_MINIMUM_RELATIVE_VOLUME,False,,,,,,,,,,,,,,BELOW_MINIMUM_RELATIVE_VOLUME,False,,,,,,,,,,,,,
orb_v1.0,2024-07-10,588,MRNA,BBG003PHHZV8,0.41072972497512167,14,LONG,False,BELOW_MINIMUM_RELATIVE_VOLUME,True,False,False,False,78214.0,190426.92857142858,3775239.1428571427,5.523171428571429,116.1,117.23,116.05,116.635,True,BELOW_MINIMUM_RELATIVE_VOLUME,False,,,,,,,,,,,,,,BELOW_MINIMUM_RELATIVE_VOLUME,False,,,,,,,,,,,,,,BELOW_MINIMUM_RELATIVE_VOLUME,False,,,,,,,,,,,,,
orb_v1.0,2024-07-10,589,CHX,BBG00JH9V005,0.40692277263788773,14,LONG,False,BELOW_MINIMUM_RELATIVE_VOLUME,False,False,False,False,20427.0,50198.71428571428,2090924.357142857,0.7757142857142861,31.68,31.71,31.61,31.71,True,BELOW_MINIMUM_RELATIVE_VOLUME,False,,,,,,,,,,,,,,BELOW_MINIMUM_RELATIVE_VOLUME,False,,,,,,,,,,,,,,BELOW_MINIMUM_RELATIVE_VOLUME,False,,,,,,,,,,,,,
orb_v1.0,2024-07-10,590,CCEP,0001650107,0.40526030810913644,14,LONG,False,BELOW_MINIMUM_RELATIVE_VOLUME,True,False,False,False,27693.0,68333.85714285714,1327597.5714285714,1.3064142857142846,72.57,72.72,72.515,72.67,True,BELOW_MINIMUM_RELATIVE_VOLUME,False,,,,,,,,,,,,,,BELOW_MINIMUM_RELATIVE_VOLUME,False,,,,,,,,,,,,,,BELOW_MINIMUM_RELATIVE_VOLUME,False,,,,,,,,,,,,,
orb_v1.0,2024-07-10,591,GXO,BBG00YDGX9Z1,0.40296262982586817,14,SHORT,False,BELOW_MINIMUM_RELATIVE_VOLUME,False,False,False,False,6144.0,15247.07142857143,1019310.6428571428,1.1966142857142863,48.5,48.7299,48.2855,48.395,True,BELOW_MINIMUM_RELATIVE_VOLUME,False,,,,,,,,,,,,,,BELOW_MINIMUM_RELATIVE_VOLUME,False,,,,,,,,,,,,,,BELOW_MINIMUM_RELATIVE_VOLUME,False,,,,,,,,,,,,,
orb_v1.0,2024-07-10,592,VVV,BBG003DNHV65,0.40175326560232216,14,LONG,False,BELOW_MINIMUM_RELATIVE_VOLUME,False,False,False,False,4943.0,12303.57142857143,1357276.7857142857,0.8485000000000004,43.92,44.09,43.92,44.09,True,BELOW_MINIMUM_RELATIVE_VOLUME,False,,,,,,,,,,,,,,BELOW_MINIMUM_RELATIVE_VOLUME,False,,,,,,,,,,,,,,BELOW_MINIMUM_RELATIVE_VOLUME,False,,,,,,,,,,,,,
orb_v1.0,2024-07-10,593,ST,0001477294,0.40169768545368273,14,DOJI,False,BELOW_MINIMUM_RELATIVE_VOLUME,False,False,False,False,7619.0,18967.0,2050801.857142857,0.7039285714285717,38.72,38.72,38.7,38.72,False,BELOW_MINIMUM_RELATIVE_VOLUME,False,,,,,,,,,,,,,,BELOW_MINIMUM_RELATIVE_VOLUME,False,,,,,,,,,,,,,,BELOW_MINIMUM_RELATIVE_VOLUME,False,,,,,,,,,,,,,
orb_v1.0,2024-07-10,594,AFRM,BBG00Y7BP8Z0,0.40121180448213084,14,SHORT,False,BELOW_MINIMUM_RELATIVE_VOLUME,False,False,False,False,93442.0,232899.42857142858,6642959.857142857,1.4151071428571431,28.59,28.7796,28.41,28.53,True,BELOW_MINIMUM_RELATIVE_VOLUME,False,,,,,,,,,,,,,,BELOW_MINIMUM_RELATIVE_VOLUME,False,,,,,,,,,,,,,,BELOW_MINIMUM_RELATIVE_VOLUME,False,,,,,,,,,,,,,
orb_v1.0,2024-07-10,595,UBER,BBG002B04MW4,0.40018568543110133,14,SHORT,False,BELOW_MINIMUM_RELATIVE_VOLUME,True,False,False,False,202587.0,506232.5,12282458.642857144,1.6937642857142856,71.5,71.5,71.18,71.385,True,BELOW_MINIMUM_RELATIVE_VOLUME,False,,,,,,,,,,,,,,BELOW_MINIMUM_RELATIVE_VOLUME,False,,,,,,,,,,,,,,BELOW_MINIMUM_RELATIVE_VOLUME,False,,,,,,,,,,,,,
orb_v1.0,2024-07-10,596,CTSH,BBG001S5STN6,0.4001109693470919,14,LONG,False,BELOW_MINIMUM_RELATIVE_VOLUME,True,False,False,False,42134.0,105305.78571428571,3778990.0,1.057142857142857,66.93,66.98,66.74,66.9591,True,BELOW_MINIMUM_RELATIVE_VOLUME,False,,,,,,,,,,,,,,BELOW_MINIMUM_RELATIVE_VOLUME,False,,,,,,,,,,,,,,BELOW_MINIMUM_RELATIVE_VOLUME,False,,,,,,,,,,,,,
orb_v1.0,2024-07-10,597,TFC,BBG001S5YYC0,0.39764859040001993,14,LONG,False,BELOW_MINIMUM_RELATIVE_VOLUME,True,False,False,False,91199.0,229345.7142857143,7370316.214285715,0.8045714285714283,38.79,38.955,38.75,38.955,True,BELOW_MINIMUM_RELATIVE_VOLUME,False,,,,,,,,,,,,,,BELOW_MINIMUM_RELATIVE_VOLUME,False,,,,,,,,,,,,,,BELOW_MINIMUM_RELATIVE_VOLUME,False,,,,,,,,,,,,,
orb_v1.0,2024-07-10,598,CHRW,BBG001SB6KF5,0.3961781505801925,14,SHORT,False,BELOW_MINIMUM_RELATIVE_VOLUME,False,False,False,False,10067.0,25410.285714285714,1667251.7142857143,1.8289285714285697,87.01,87.01,86.36,86.915,True,BELOW_MINIMUM_RELATIVE_VOLUME,False,,,,,,,,,,,,,,BELOW_MINIMUM_RELATIVE_VOLUME,False,,,,,,,,,,,,,,BELOW_MINIMUM_RELATIVE_VOLUME,False,,,,,,,,,,,,,
orb_v1.0,2024-07-10,599,SNV,BBG001S5S3G1,0.39570926098856,14,LONG,False,BELOW_MINIMUM_RELATIVE_VOLUME,False,False,False,False,10503.0,26542.214285714286,1510263.642857143,0.9492142857142858,39.87,40.12,39.87,40.095,True,BELOW_MINIMUM_RELATIVE_VOLUME,False,,,,,,,,,,,,,,BELOW_MINIMUM_RELATIVE_VOLUME,False,,,,,,,,,,,,,,BELOW_MINIMUM_RELATIVE_VOLUME,False,,,,,,,,,,,,,
orb_v1.0,2024-07-10,600,IMNM,BBG00BR94298,0.39553472987872107,14,LONG,False,BELOW_MINIMUM_RELATIVE_VOLUME,False,False,False,False,5535.0,13993.714285714286,1588345.0714285714,0.704064285714286,12.51,12.59,12.45,12.53,True,BELOW_MINIMUM_RELATIVE_VOLUME,False,,,,,,,,,,,,,,BELOW_MINIMUM_RELATIVE_VOLUME,False,,,,,,,,,,,,,,BELOW_MINIMUM_RELATIVE_VOLUME,False,,,,,,,,,,,,,
orb_v1.0,2024-07-10,601,NRG,BBG001SDD8F0,0.3953231772302677,14,SHORT,False,BELOW_MINIMUM_RELATIVE_VOLUME,True,False,False,False,31529.0,79755.0,3493376.9285714286,2.2697642857142872,79.75,79.98,78.29,78.29,True,BELOW_MINIMUM_RELATIVE_VOLUME,False,,,,,,,,,,,,,,BELOW_MINIMUM_RELATIVE_VOLUME,False,,,,,,,,,,,,,,BELOW_MINIMUM_RELATIVE_VOLUME,False,,,,,,,,,,,,,
orb_v1.0,2024-07-10,602,HCC,BBG00GD1JNK4,0.3945937985906281,14,SHORT,False,BELOW_MINIMUM_RELATIVE_VOLUME,False,False,False,False,13015.0,32983.28571428572,1028811.3571428572,3.280714285714287,68.98,69.64,68.3501,68.3501,True,BELOW_MINIMUM_RELATIVE_VOLUME,False,,,,,,,,,,,,,,BELOW_MINIMUM_RELATIVE_VOLUME,False,,,,,,,,,,,,,,BELOW_MINIMUM_RELATIVE_VOLUME,False,,,,,,,,,,,,,
orb_v1.0,2024-07-10,603,NOG,BBG001SK2P31,0.3944921123162988,14,SHORT,False,BELOW_MINIMUM_RELATIVE_VOLUME,False,False,False,False,9399.0,23825.571428571428,1688573.7142857143,0.9346428571428572,38.34,38.34,38.28,38.31,True,BELOW_MINIMUM_RELATIVE_VOLUME,False,,,,,,,,,,,,,,BELOW_MINIMUM_RELATIVE_VOLUME,False,,,,,,,,,,,,,,BELOW_MINIMUM_RELATIVE_VOLUME,False,,,,,,,,,,,,,
orb_v1.0,2024-07-10,604,RSG,BBG001S9DL33,0.39250276222451147,14,SHORT,False,BELOW_MINIMUM_RELATIVE_VOLUME,True,False,False,False,10505.0,26764.14285714286,1394371.4285714286,1.8080500000000046,195.78,195.78,194.83,195.21,False,BELOW_MINIMUM_RELATIVE_VOLUME,False,,,,,,,,,,,,,,BELOW_MINIMUM_RELATIVE_VOLUME,False,,,,,,,,,,,,,,BELOW_MINIMUM_RELATIVE_VOLUME,False,,,,,,,,,,,,,
orb_v1.0,2024-07-10,605,FTNT,BBG001S77BL6,0.3923730101174156,14,SHORT,False,BELOW_MINIMUM_RELATIVE_VOLUME,True,False,False,False,86143.0,219543.64285714287,6109430.071428572,1.3779214285714285,60.5,60.55,60.04,60.3,True,BELOW_MINIMUM_RELATIVE_VOLUME,False,,,,,,,,,,,,,,BELOW_MINIMUM_RELATIVE_VOLUME,False,,,,,,,,,,,,,,BELOW_MINIMUM_RELATIVE_VOLUME,False,,,,,,,,,,,,,
orb_v1.0,2024-07-10,606,VAL,0000314808,0.39190295833759853,14,SHORT,False,BELOW_MINIMUM_RELATIVE_VOLUME,False,False,False,False,7657.0,19538.0,1329741.357142857,1.7139642857142852,72.39,72.39,72.295,72.295,True,BELOW_MINIMUM_RELATIVE_VOLUME,False,,,,,,,,,,,,,,BELOW_MINIMUM_RELATIVE_VOLUME,False,,,,,,,,,,,,,,BELOW_MINIMUM_RELATIVE_VOLUME,False,,,,,,,,,,,,,
orb_v1.0,2024-07-10,607,IRM,BBG001SCQ2X1,0.3908426132022741,14,LONG,False,BELOW_MINIMUM_RELATIVE_VOLUME,True,False,False,False,25323.0,64790.78571428572,2990549.9285714286,1.4339285714285717,93.66,93.78,93.39,93.67,True,BELOW_MINIMUM_RELATIVE_VOLUME,False,,,,,,,,,,,,,,BELOW_MINIMUM_RELATIVE_VOLUME,False,,,,,,,,,,,,,,BELOW_MINIMUM_RELATIVE_VOLUME,False,,,,,,,,,,,,,
orb_v1.0,2024-07-10,608,CAH,BBG001S7PC34,0.3908423206190477,14,SHORT,False,BELOW_MINIMUM_RELATIVE_VOLUME,True,False,False,False,14478.0,37043.07142857143,2418145.1428571427,2.1956428571428543,96.03,96.08,95.71,95.71,True,BELOW_MINIMUM_RELATIVE_VOLUME,False,,,,,,,,,,,,,,BELOW_MINIMUM_RELATIVE_VOLUME,False,,,,,,,,,,,,,,BELOW_MINIMUM_RELATIVE_VOLUME,False,,,,,,,,,,,,,
orb_v1.0,2024-07-10,609,WELL,BBG001S5RTQ4,0.39058632514436065,14,SHORT,False,BELOW_MINIMUM_RELATIVE_VOLUME,True,False,False,False,36497.0,93441.57142857143,4499826.428571428,1.7282142857142873,105.23,105.41,104.48,104.83,True,BELOW_MINIMUM_RELATIVE_VOLUME,False,,,,,,,,,,,,,,BELOW_MINIMUM_RELATIVE_VOLUME,False,,,,,,,,,,,,,,BELOW_MINIMUM_RELATIVE_VOLUME,False,,,,,,,,,,,,,
orb_v1.0,2024-07-10,610,AMT,BBG001S5NPQ6,0.38935325033771284,14,SHORT,False,BELOW_MINIMUM_RELATIVE_VOLUME,True,False,False,False,30511.0,78363.28571428571,1810879.0714285714,3.627492857142861,197.39,197.49,196.4699,196.955,True,BELOW_MINIMUM_RELATIVE_VOLUME,False,,,,,,,,,,,,,,BELOW_MINIMUM_RELATIVE_VOLUME,False,,,,,,,,,,,,,,BELOW_MINIMUM_RELATIVE_VOLUME,False,,,,,,,,,,,,,
orb_v1.0,2024-07-10,611,FLYW,BBG002030ND3,0.38903973383303375,14,SHORT,False,BELOW_MINIMUM_RELATIVE_VOLUME,False,False,False,False,10173.0,26149.0,1461209.7857142857,0.5964285714285712,16.48,16.48,16.34,16.35,True,BELOW_MINIMUM_RELATIVE_VOLUME,False,,,,,,,,,,,,,,BELOW_MINIMUM_RELATIVE_VOLUME,False,,,,,,,,,,,,,,BELOW_MINIMUM_RELATIVE_VOLUME,False,,,,,,,,,,,,,
orb_v1.0,2024-07-10,612,NVST,BBG00LN4B6D9,0.3889194245812022,14,SHORT,False,BELOW_MINIMUM_RELATIVE_VOLUME,False,False,False,False,10260.0,26380.785714285714,3192276.0,0.5728571428571427,16.08,16.08,15.94,16.04,True,BELOW_MINIMUM_RELATIVE_VOLUME,False,,,,,,,,,,,,,,BELOW_MINIMUM_RELATIVE_VOLUME,False,,,,,,,,,,,,,,BELOW_MINIMUM_RELATIVE_VOLUME,False,,,,,,,,,,,,,
orb_v1.0,2024-07-10,613,AES,BBG001S6B1L5,0.38812794493777336,14,SHORT,False,BELOW_MINIMUM_RELATIVE_VOLUME,False,False,False,False,101488.0,261480.7857142857,8252084.857142857,0.5782000000000007,17.91,17.95,17.76,17.81,True,BELOW_MINIMUM_RELATIVE_VOLUME,False,,,,,,,,,,,,,,BELOW_MINIMUM_RELATIVE_VOLUME,False,,,,,,,,,,,,,,BELOW_MINIMUM_RELATIVE_VOLUME,False,,,,,,,,,,,,,
orb_v1.0,2024-07-10,614,CMI,BBG001S5Q9M3,0.387503775984039,14,LONG,False,BELOW_MINIMUM_RELATIVE_VOLUME,True,False,False,False,11820.0,30502.928571428572,1134346.2857142857,6.26198571428571,270.53,271.72,268.86,271.0,True,BELOW_MINIMUM_RELATIVE_VOLUME,False,,,,,,,,,,,,,,BELOW_MINIMUM_RELATIVE_VOLUME,False,,,,,,,,,,,,,,BELOW_MINIMUM_RELATIVE_VOLUME,False,,,,,,,,,,,,,
orb_v1.0,2024-07-10,615,PNR,0000077360,0.3859654199243428,14,DOJI,False,BELOW_MINIMUM_RELATIVE_VOLUME,False,False,False,False,28583.0,74055.85714285714,1975649.357142857,1.8830857142857158,75.57,75.75,75.11,75.57,False,BELOW_MINIMUM_RELATIVE_VOLUME,False,,,,,,,,,,,,,,BELOW_MINIMUM_RELATIVE_VOLUME,False,,,,,,,,,,,,,,BELOW_MINIMUM_RELATIVE_VOLUME,False,,,,,,,,,,,,,
orb_v1.0,2024-07-10,616,CARR,BBG00RP5HZM1,0.3850084954601742,14,LONG,False,BELOW_MINIMUM_RELATIVE_VOLUME,True,False,False,False,33423.0,86811.07142857143,4261618.142857143,1.6789285714285707,62.52,62.76,62.29,62.61,True,BELOW_MINIMUM_RELATIVE_VOLUME,False,,,,,,,,,,,,,,BELOW_MINIMUM_RELATIVE_VOLUME,False,,,,,,,,,,,,,,BELOW_MINIMUM_RELATIVE_VOLUME,False,,,,,,,,,,,,,
orb_v1.0,2024-07-10,617,CNX,BBG001SC7TN4,0.38433133034619327,14,LONG,False,BELOW_MINIMUM_RELATIVE_VOLUME,False,False,False,False,16095.0,41877.92857142857,2657672.714285714,0.5549999999999992,25.54,25.66,25.455,25.65,False,BELOW_MINIMUM_RELATIVE_VOLUME,False,,,,,,,,,,,,,,BELOW_MINIMUM_RELATIVE_VOLUME,False,,,,,,,,,,,,,,BELOW_MINIMUM_RELATIVE_VOLUME,False,,,,,,,,,,,,,
orb_v1.0,2024-07-10,618,HON,BBG001S5X1N1,0.38354990543460293,14,LONG,False,BELOW_MINIMUM_RELATIVE_VOLUME,True,False,False,False,53712.0,140039.14285714287,2780205.714285714,2.753142857142858,211.2,212.82,210.765,212.82,True,BELOW_MINIMUM_RELATIVE_VOLUME,False,,,,,,,,,,,,,,BELOW_MINIMUM_RELATIVE_VOLUME,False,,,,,,,,,,,,,,BELOW_MINIMUM_RELATIVE_VOLUME,False,,,,,,,,,,,,,
orb_v1.0,2024-07-10,619,AXP,BBG001S5P034,0.38348005146074243,14,LONG,False,BELOW_MINIMUM_RELATIVE_VOLUME,True,False,False,False,51120.0,133305.5,2732867.6428571427,3.76414285714286,236.57,237.85,236.28,237.04,False,BELOW_MINIMUM_RELATIVE_VOLUME,False,,,,,,,,,,,,,,BELOW_MINIMUM_RELATIVE_VOLUME,False,,,,,,,,,,,,,,BELOW_MINIMUM_RELATIVE_VOLUME,False,,,,,,,,,,,,,
orb_v1.0,2024-07-10,620,AAOI,BBG001SG47G4,0.38279932135893735,14,SHORT,False,BELOW_MINIMUM_RELATIVE_VOLUME,False,False,False,False,22466.0,58688.71428571428,2075090.9285714286,0.6528571428571428,8.62,8.63,8.43,8.588,True,BELOW_MINIMUM_RELATIVE_VOLUME,False,,,,,,,,,,,,,,BELOW_MINIMUM_RELATIVE_VOLUME,False,,,,,,,,,,,,,,BELOW_MINIMUM_RELATIVE_VOLUME,False,,,,,,,,,,,,,
orb_v1.0,2024-07-10,621,ODFL,BBG001S6WQT9,0.3808566365968549,14,SHORT,False,BELOW_MINIMUM_RELATIVE_VOLUME,True,False,False,False,16182.0,42488.42857142857,1654171.0,3.829357142857138,179.03,179.38,178.42,178.5891,True,BELOW_MINIMUM_RELATIVE_VOLUME,False,,,,,,,,,,,,,,BELOW_MINIMUM_RELATIVE_VOLUME,False,,,,,,,,,,,,,,BELOW_MINIMUM_RELATIVE_VOLUME,False,,,,,,,,,,,,,
orb_v1.0,2024-07-10,622,SYF,BBG00658F3Q2,0.3805538177079805,14,SHORT,False,BELOW_MINIMUM_RELATIVE_VOLUME,True,False,False,False,34107.0,89624.64285714286,4202002.571428572,1.209642857142858,48.19,48.36,47.97,48.06,True,BELOW_MINIMUM_RELATIVE_VOLUME,False,,,,,,,,,,,,,,BELOW_MINIMUM_RELATIVE_VOLUME,False,,,,,,,,,,,,,,BELOW_MINIMUM_RELATIVE_VOLUME,False,,,,,,,,,,,,,
orb_v1.0,2024-07-10,623,SMMT,BBG00X3GQL94,0.3804805665733089,14,LONG,False,BELOW_MINIMUM_RELATIVE_VOLUME,False,False,False,False,34506.0,90690.57142857143,2778142.6428571427,0.5194714285714285,7.89,8.08,7.89,7.98,True,BELOW_MINIMUM_RELATIVE_VOLUME,False,,,,,,,,,,,,,,BELOW_MINIMUM_RELATIVE_VOLUME,False,,,,,,,,,,,,,,BELOW_MINIMUM_RELATIVE_VOLUME,False,,,,,,,,,,,,,
orb_v1.0,2024-07-10,624,NVAX,BBG001SGL8G3,0.377274750980216,14,SHORT,False,BELOW_MINIMUM_RELATIVE_VOLUME,False,False,False,False,92669.0,245627.35714285713,8554409.214285715,0.8394071428571431,11.89,12.0099,11.81,11.83,True,BELOW_MINIMUM_RELATIVE_VOLUME,False,,,,,,,,,,,,,,BELOW_MINIMUM_RELATIVE_VOLUME,False,,,,,,,,,,,,,,BELOW_MINIMUM_RELATIVE_VOLUME,False,,,,,,,,,,,,,
orb_v1.0,2024-07-10,625,BE,BBG001T53509,0.3770795085218498,14,SHORT,False,BELOW_MINIMUM_RELATIVE_VOLUME,False,False,False,False,68718.0,182237.42857142858,5837604.571428572,0.7853857142857141,12.48,12.58,12.4,12.47,True,BELOW_MINIMUM_RELATIVE_VOLUME,False,,,,,,,,,,,,,,BELOW_MINIMUM_RELATIVE_VOLUME,False,,,,,,,,,,,,,,BELOW_MINIMUM_RELATIVE_VOLUME,False,,,,,,,,,,,,,
orb_v1.0,2024-07-10,626,MCHP,BBG001S787B5,0.37513157940148195,14,SHORT,False,BELOW_MINIMUM_RELATIVE_VOLUME,True,False,False,False,54347.0,144874.5,5828247.357142857,2.362257142857142,93.28,93.42,92.79,93.14,False,BELOW_MINIMUM_RELATIVE_VOLUME,False,,,,,,,,,,,,,,BELOW_MINIMUM_RELATIVE_VOLUME,False,,,,,,,,,,,,,,BELOW_MINIMUM_RELATIVE_VOLUME,False,,,,,,,,,,,,,
orb_v1.0,2024-07-10,627,AMGN,BBG001S5NNL6,0.3749310850644168,14,LONG,False,BELOW_MINIMUM_RELATIVE_VOLUME,True,False,False,False,53822.0,143551.7142857143,2558168.285714286,6.694278571428571,317.06,317.89,316.36,317.145,True,BELOW_MINIMUM_RELATIVE_VOLUME,False,,,,,,,,,,,,,,BELOW_MINIMUM_RELATIVE_VOLUME,False,,,,,,,,,,,,,,BELOW_MINIMUM_RELATIVE_VOLUME,False,,,,,,,,,,,,,
orb_v1.0,2024-07-10,628,EQR,BBG001S723L9,0.37486513502906516,14,SHORT,False,BELOW_MINIMUM_RELATIVE_VOLUME,True,False,False,False,19581.0,52234.78571428572,1515980.2142857143,0.9441071428571429,68.4,68.41,68.16,68.1876,True,BELOW_MINIMUM_RELATIVE_VOLUME,False,,,,,,,,,,,,,,BELOW_MINIMUM_RELATIVE_VOLUME,False,,,,,,,,,,,,,,BELOW_MINIMUM_RELATIVE_VOLUME,False,,,,,,,,,,,,,
orb_v1.0,2024-07-10,629,HD,BBG001S5RTW7,0.3736539598184312,14,LONG,False,BELOW_MINIMUM_RELATIVE_VOLUME,True,False,False,False,73062.0,195533.85714285713,3742412.4285714286,6.417007142857143,338.64,339.9745,337.64,339.82,True,BELOW_MINIMUM_RELATIVE_VOLUME,False,,,,,,,,,,,,,,BELOW_MINIMUM_RELATIVE_VOLUME,False,,,,,,,,,,,,,,BELOW_MINIMUM_RELATIVE_VOLUME,False,,,,,,,,,,,,,
orb_v1.0,2024-07-10,630,SPG,BBG001S77WM9,0.3732372960974127,14,SHORT,False,BELOW_MINIMUM_RELATIVE_VOLUME,True,False,False,False,20261.0,54284.5,1620483.5,2.805571428571428,148.09,148.2368,147.41,147.51,True,BELOW_MINIMUM_RELATIVE_VOLUME,False,,,,,,,,,,,,,,BELOW_MINIMUM_RELATIVE_VOLUME,False,,,,,,,,,,,,,,BELOW_MINIMUM_RELATIVE_VOLUME,False,,,,,,,,,,,,,
orb_v1.0,2024-07-10,631,ACVA,BBG00G5JGQ75,0.37175282022595707,14,LONG,False,BELOW_MINIMUM_RELATIVE_VOLUME,False,False,False,False,9399.0,25282.928571428572,1137845.5,0.5882142857142855,17.49,17.6895,17.49,17.57,True,BELOW_MINIMUM_RELATIVE_VOLUME,False,,,,,,,,,,,,,,BELOW_MINIMUM_RELATIVE_VOLUME,False,,,,,,,,,,,,,,BELOW_MINIMUM_RELATIVE_VOLUME,False,,,,,,,,,,,,,
orb_v1.0,2024-07-10,632,NTLA,BBG007KC7PC9,0.3701910711004961,14,SHORT,False,BELOW_MINIMUM_RELATIVE_VOLUME,False,False,False,False,23028.0,62205.71428571428,1967902.357142857,1.1655214285714288,22.46,22.46,22.17,22.315,True,BELOW_MINIMUM_RELATIVE_VOLUME,False,,,,,,,,,,,,,,BELOW_MINIMUM_RELATIVE_VOLUME,False,,,,,,,,,,,,,,BELOW_MINIMUM_RELATIVE_VOLUME,False,,,,,,,,,,,,,
orb_v1.0,2024-07-10,633,GCT,0001857816,0.37010097190747104,14,LONG,False,BELOW_MINIMUM_RELATIVE_VOLUME,False,False,False,False,21254.0,57427.57142857143,1456462.4285714286,1.4841642857142858,31.38,31.86,31.38,31.86,True,BELOW_MINIMUM_RELATIVE_VOLUME,False,,,,,,,,,,,,,,BELOW_MINIMUM_RELATIVE_VOLUME,False,,,,,,,,,,,,,,BELOW_MINIMUM_RELATIVE_VOLUME,False,,,,,,,,,,,,,
orb_v1.0,2024-07-10,634,SCHW,BBG001S5VXD4,0.36994970901022417,14,LONG,False,BELOW_MINIMUM_RELATIVE_VOLUME,True,False,False,False,74660.0,201811.2142857143,5875122.785714285,1.155614285714286,74.35,74.445,74.06,74.37,True,BELOW_MINIMUM_RELATIVE_VOLUME,False,,,,,,,,,,,,,,BELOW_MINIMUM_RELATIVE_VOLUME,False,,,,,,,,,,,,,,BELOW_MINIMUM_RELATIVE_VOLUME,False,,,,,,,,,,,,,
orb_v1.0,2024-07-10,635,CABA,BBG00MJ3BKX1,0.36949942541675557,14,SHORT,False,BELOW_MINIMUM_RELATIVE_VOLUME,False,False,False,False,9026.0,24427.64285714286,1620032.142857143,0.7396214285714287,7.9,7.9,7.58,7.59,True,BELOW_MINIMUM_RELATIVE_VOLUME,False,,,,,,,,,,,,,,BELOW_MINIMUM_RELATIVE_VOLUME,False,,,,,,,,,,,,,,BELOW_MINIMUM_RELATIVE_VOLUME,False,,,,,,,,,,,,,
orb_v1.0,2024-07-10,636,ASPN,BBG001SJZK39,0.36900212234401525,14,LONG,False,BELOW_MINIMUM_RELATIVE_VOLUME,False,False,False,False,14021.0,37997.07142857143,1398113.2857142857,1.3503071428571432,23.56,23.8,23.56,23.772,True,BELOW_MINIMUM_RELATIVE_VOLUME,False,,,,,,,,,,,,,,BELOW_MINIMUM_RELATIVE_VOLUME,False,,,,,,,,,,,,,,BELOW_MINIMUM_RELATIVE_VOLUME,False,,,,,,,,,,,,,
orb_v1.0,2024-07-10,637,INMD,0001742692,0.3684334669946423,14,LONG,False,BELOW_MINIMUM_RELATIVE_VOLUME,False,False,False,False,14839.0,40275.92857142857,1504833.2142857143,0.5799285714285715,17.22,17.34,17.22,17.34,True,BELOW_MINIMUM_RELATIVE_VOLUME,False,,,,,,,,,,,,,,BELOW_MINIMUM_RELATIVE_VOLUME,False,,,,,,,,,,,,,,BELOW_MINIMUM_RELATIVE_VOLUME,False,,,,,,,,,,,,,
orb_v1.0,2024-07-10,638,DXCM,BBG001SKZG99,0.3675479412847038,14,SHORT,False,BELOW_MINIMUM_RELATIVE_VOLUME,True,False,False,False,32104.0,87346.42857142857,2888199.714285714,2.993071428571429,110.84,110.995,110.38,110.77,True,BELOW_MINIMUM_RELATIVE_VOLUME,False,,,,,,,,,,,,,,BELOW_MINIMUM_RELATIVE_VOLUME,False,,,,,,,,,,,,,,BELOW_MINIMUM_RELATIVE_VOLUME,False,,,,,,,,,,,,,
orb_v1.0,2024-07-10,639,RXRX,BBG00PQ4XJ54,0.36623724439926497,14,SHORT,False,BELOW_MINIMUM_RELATIVE_VOLUME,False,False,False,False,149876.0,409232.0,8168368.071428572,0.6403500000000001,7.48,7.51,7.39,7.44,True,BELOW_MINIMUM_RELATIVE_VOLUME,False,,,,,,,,,,,,,,BELOW_MINIMUM_RELATIVE_VOLUME,False,,,,,,,,,,,,,,BELOW_MINIMUM_RELATIVE_VOLUME,False,,,,,,,,,,,,,
orb_v1.0,2024-07-10,640,TPX,BBG001SH81D4,0.36560691942927404,14,LONG,False,BELOW_MINIMUM_RELATIVE_VOLUME,False,False,False,False,11108.0,30382.35714285714,2273082.4285714286,1.5407142857142868,46.17,46.35,45.98,46.35,True,BELOW_MINIMUM_RELATIVE_VOLUME,False,,,,,,,,,,,,,,BELOW_MINIMUM_RELATIVE_VOLUME,False,,,,,,,,,,,,,,BELOW_MINIMUM_RELATIVE_VOLUME,False,,,,,,,,,,,,,
orb_v1.0,2024-07-10,641,ALL,BBG001S9BM06,0.36540200798443306,14,SHORT,False,BELOW_MINIMUM_RELATIVE_VOLUME,True,False,False,False,14285.0,39093.92857142857,1406646.2857142857,2.9239285714285757,159.29,160.43,159.075,159.075,True,BELOW_MINIMUM_RELATIVE_VOLUME,False,,,,,,,,,,,,,,BELOW_MINIMUM_RELATIVE_VOLUME,False,,,,,,,,,,,,,,BELOW_MINIMUM_RELATIVE_VOLUME,False,,,,,,,,,,,,,
orb_v1.0,2024-07-10,642,JBL,BBG001S7RB70,0.36421912704175563,14,SHORT,False,BELOW_MINIMUM_RELATIVE_VOLUME,False,False,False,False,17735.0,48693.21428571428,2608581.714285714,3.8569142857142844,111.9,111.9,110.94,111.5,False,BELOW_MINIMUM_RELATIVE_VOLUME,False,,,,,,,,,,,,,,BELOW_MINIMUM_RELATIVE_VOLUME,False,,,,,,,,,,,,,,BELOW_MINIMUM_RELATIVE_VOLUME,False,,,,,,,,,,,,,
orb_v1.0,2024-07-10,643,ARDX,BBG001WH4F33,0.36377187385984733,14,SHORT,False,BELOW_MINIMUM_RELATIVE_VOLUME,False,False,False,False,93224.0,256270.5,6826943.285714285,0.554257142857143,5.59,5.65,5.5801,5.5801,True,BELOW_MINIMUM_RELATIVE_VOLUME,False,,,,,,,,,,,,,,BELOW_MINIMUM_RELATIVE_VOLUME,False,,,,,,,,,,,,,,BELOW_MINIMUM_RELATIVE_VOLUME,False,,,,,,,,,,,,,
orb_v1.0,2024-07-10,644,WFRD,0001603923,0.36349761127353447,14,LONG,False,BELOW_MINIMUM_RELATIVE_VOLUME,False,False,False,False,7451.0,20498.071428571428,1403901.2857142857,3.0255642857142857,120.58,120.665,120.58,120.665,True,BELOW_MINIMUM_RELATIVE_VOLUME,False,,,,,,,,,,,,,,BELOW_MINIMUM_RELATIVE_VOLUME,False,,,,,,,,,,,,,,BELOW_MINIMUM_RELATIVE_VOLUME,False,,,,,,,,,,,,,
orb_v1.0,2024-07-10,645,ZTS,BBG0039320P7,0.36223021640016756,14,SHORT,False,BELOW_MINIMUM_RELATIVE_VOLUME,True,False,False,False,32495.0,89708.14285714286,2541767.4285714286,3.952857142857137,174.67,174.67,173.685,173.685,True,BELOW_MINIMUM_RELATIVE_VOLUME,False,,,,,,,,,,,,,,BELOW_MINIMUM_RELATIVE_VOLUME,False,,,,,,,,,,,,,,BELOW_MINIMUM_RELATIVE_VOLUME,False,,,,,,,,,,,,,
orb_v1.0,2024-07-10,646,COHR,BBG001S5S6N6,0.36115933112131665,14,LONG,False,BELOW_MINIMUM_RELATIVE_VOLUME,False,False,False,False,16436.0,45509.0,1841305.2857142857,2.652485714285714,75.67,76.15,75.56,75.94,True,BELOW_MINIMUM_RELATIVE_VOLUME,False,,,,,,,,,,,,,,BELOW_MINIMUM_RELATIVE_VOLUME,False,,,,,,,,,,,,,,BELOW_MINIMUM_RELATIVE_VOLUME,False,,,,,,,,,,,,,
orb_v1.0,2024-07-10,647,MMC,BBG001S5T7M4,0.3605149466502322,14,LONG,False,BELOW_MINIMUM_RELATIVE_VOLUME,True,False,False,False,20683.0,57370.71428571428,2010441.357142857,2.73400714285714,212.01,212.455,211.965,212.41,True,BELOW_MINIMUM_RELATIVE_VOLUME,False,,,,,,,,,,,,,,BELOW_MINIMUM_RELATIVE_VOLUME,False,,,,,,,,,,,,,,BELOW_MINIMUM_RELATIVE_VOLUME,False,,,,,,,,,,,,,
orb_v1.0,2024-07-10,648,COGT,BBG007DHY102,0.36022994238315853,14,SHORT,False,BELOW_MINIMUM_RELATIVE_VOLUME,False,False,False,False,7842.0,21769.428571428572,1580149.4285714286,0.6200000000000002,8.74,8.74,8.53,8.61,False,BELOW_MINIMUM_RELATIVE_VOLUME,False,,,,,,,,,,,,,,BELOW_MINIMUM_RELATIVE_VOLUME,False,,,,,,,,,,,,,,BELOW_MINIMUM_RELATIVE_VOLUME,False,,,,,,,,,,,,,
orb_v1.0,2024-07-10,649,SYK,BBG001S8FR03,0.3595285870310635,14,SHORT,False,BELOW_MINIMUM_RELATIVE_VOLUME,True,False,False,False,14155.0,39371.0,1040592.2857142857,5.390164285714284,336.2,336.89,335.22,335.94,True,BELOW_MINIMUM_RELATIVE_VOLUME,False,,,,,,,,,,,,,,BELOW_MINIMUM_RELATIVE_VOLUME,False,,,,,,,,,,,,,,BELOW_MINIMUM_RELATIVE_VOLUME,False,,,,,,,,,,,,,
orb_v1.0,2024-07-10,650,INFA,BBG012THM4K0,0.3588227010280242,14,SHORT,False,BELOW_MINIMUM_RELATIVE_VOLUME,False,False,False,False,4004.0,11158.714285714286,1448751.5714285714,0.869235714285714,28.98,28.98,28.9,28.93,True,BELOW_MINIMUM_RELATIVE_VOLUME,False,,,,,,,,,,,,,,BELOW_MINIMUM_RELATIVE_VOLUME,False,,,,,,,,,,,,,,BELOW_MINIMUM_RELATIVE_VOLUME,False,,,,,,,,,,,,,
orb_v1.0,2024-07-10,651,ASAN,BBG00WYHL741,0.35764680865575765,14,SHORT,False,BELOW_MINIMUM_RELATIVE_VOLUME,False,False,False,False,25469.0,71212.71428571429,2986188.785714286,0.6046857142857144,13.25,13.25,13.05,13.12,True,BELOW_MINIMUM_RELATIVE_VOLUME,False,,,,,,,,,,,,,,BELOW_MINIMUM_RELATIVE_VOLUME,False,,,,,,,,,,,,,,BELOW_MINIMUM_RELATIVE_VOLUME,False,,,,,,,,,,,,,
orb_v1.0,2024-07-10,652,EVRG,BBG00H433CS1,0.3573865952825106,14,SHORT,False,BELOW_MINIMUM_RELATIVE_VOLUME,False,False,False,False,19473.0,54487.21428571428,1567250.4285714286,0.7321428571428586,53.53,53.5509,53.37,53.42,True,BELOW_MINIMUM_RELATIVE_VOLUME,False,,,,,,,,,,,,,,BELOW_MINIMUM_RELATIVE_VOLUME,False,,,,,,,,,,,,,,BELOW_MINIMUM_RELATIVE_VOLUME,False,,,,,,,,,,,,,
orb_v1.0,2024-07-10,653,LIN,0001707925,0.35655082295111357,14,SHORT,False,BELOW_MINIMUM_RELATIVE_VOLUME,True,False,False,False,37791.0,105990.5,1759312.642857143,5.644635714285714,433.11,433.11,431.6,432.205,True,BELOW_MINIMUM_RELATIVE_VOLUME,False,,,,,,,,,,,,,,BELOW_MINIMUM_RELATIVE_VOLUME,False,,,,,,,,,,,,,,BELOW_MINIMUM_RELATIVE_VOLUME,False,,,,,,,,,,,,,
orb_v1.0,2024-07-10,654,HES,BBG001S5NHS2,0.35653304821208515,14,LONG,False,BELOW_MINIMUM_RELATIVE_VOLUME,True,False,False,False,17173.0,48166.642857142855,1874915.5714285714,2.7371428571428567,145.44,145.84,145.19,145.68,True,BELOW_MINIMUM_RELATIVE_VOLUME,False,,,,,,,,,,,,,,BELOW_MINIMUM_RELATIVE_VOLUME,False,,,,,,,,,,,,,,BELOW_MINIMUM_RELATIVE_VOLUME,False,,,,,,,,,,,,,
orb_v1.0,2024-07-10,655,ACN,0001467373,0.35504976414995393,14,SHORT,False,BELOW_MINIMUM_RELATIVE_VOLUME,True,False,False,False,72539.0,204306.57142857142,4988241.214285715,7.419428571428581,296.9,298.0,295.41,295.5508,True,BELOW_MINIMUM_RELATIVE_VOLUME,False,,,,,,,,,,,,,,BELOW_MINIMUM_RELATIVE_VOLUME,False,,,,,,,,,,,,,,BELOW_MINIMUM_RELATIVE_VOLUME,False,,,,,,,,,,,,,
orb_v1.0,2024-07-10,656,XEL,BBG001S7F0X8,0.3533647636591761,14,SHORT,False,BELOW_MINIMUM_RELATIVE_VOLUME,True,False,False,False,50614.0,143234.42857142858,2871518.3571428573,0.8135714285714292,52.55,52.73,52.48,52.5,True,BELOW_MINIMUM_RELATIVE_VOLUME,False,,,,,,,,,,,,,,BELOW_MINIMUM_RELATIVE_VOLUME,False,,,,,,,,,,,,,,BELOW_MINIMUM_RELATIVE_VOLUME,False,,,,,,,,,,,,,
orb_v1.0,2024-07-10,657,SATS,BBG001T048Z5,0.35201944960717424,14,SHORT,False,BELOW_MINIMUM_RELATIVE_VOLUME,False,False,False,False,10363.0,29438.714285714286,1097255.142857143,0.5799500000000002,17.84,17.9,17.815,17.815,True,BELOW_MINIMUM_RELATIVE_VOLUME,False,,,,,,,,,,,,,,BELOW_MINIMUM_RELATIVE_VOLUME,False,,,,,,,,,,,,,,BELOW_MINIMUM_RELATIVE_VOLUME,False,,,,,,,,,,,,,
orb_v1.0,2024-07-10,658,LSXMA,BBG01HLM8WX4,0.3519032961934076,14,LONG,False,BELOW_MINIMUM_RELATIVE_VOLUME,False,False,False,False,12568.0,35714.357142857145,1704387.142857143,0.6948928571428576,22.92,23.03,22.92,23.0181,True,BELOW_MINIMUM_RELATIVE_VOLUME,False,,,,,,,,,,,,,,BELOW_MINIMUM_RELATIVE_VOLUME,False,,,,,,,,,,,,,,BELOW_MINIMUM_RELATIVE_VOLUME,False,,,,,,,,,,,,,
orb_v1.0,2024-07-10,659,STAG,BBG001T9F312,0.3501985821072289,14,LONG,False,BELOW_MINIMUM_RELATIVE_VOLUME,False,False,False,False,9082.0,25933.85714285714,1231747.4285714286,0.5729142857142848,35.55,35.6499,35.55,35.62,True,BELOW_MINIMUM_RELATIVE_VOLUME,False,,,,,,,,,,,,,,BELOW_MINIMUM_RELATIVE_VOLUME,False,,,,,,,,,,,,,,BELOW_MINIMUM_RELATIVE_VOLUME,False,,,,,,,,,,,,,
orb_v1.0,2024-07-10,660,CMA,BBG001S6PXB1,0.3475742785591051,14,LONG,False,BELOW_MINIMUM_RELATIVE_VOLUME,False,False,False,False,12620.0,36308.78571428572,4153479.1428571427,1.1858928571428555,51.13,51.29,51.125,51.2897,True,BELOW_MINIMUM_RELATIVE_VOLUME,False,,,,,,,,,,,,,,BELOW_MINIMUM_RELATIVE_VOLUME,False,,,,,,,,,,,,,,BELOW_MINIMUM_RELATIVE_VOLUME,False,,,,,,,,,,,,,
orb_v1.0,2024-07-10,661,CDW,BBG001V18TB6,0.34471134300040657,14,SHORT,False,BELOW_MINIMUM_RELATIVE_VOLUME,True,False,False,False,8721.0,25299.428571428572,1130180.7142857143,3.936392857142859,215.2,215.2,213.64,213.94,False,BELOW_MINIMUM_RELATIVE_VOLUME,False,,,,,,,,,,,,,,BELOW_MINIMUM_RELATIVE_VOLUME,False,,,,,,,,,,,,,,BELOW_MINIMUM_RELATIVE_VOLUME,False,,,,,,,,,,,,,
orb_v1.0,2024-07-10,662,CUBE,BBG001SHP0D7,0.3442998005761135,14,SHORT,False,BELOW_MINIMUM_RELATIVE_VOLUME,False,False,False,False,8879.0,25788.571428571428,1115385.7142857143,0.8901071428571429,44.49,44.49,44.26,44.43,True,BELOW_MINIMUM_RELATIVE_VOLUME,False,,,,,,,,,,,,,,BELOW_MINIMUM_RELATIVE_VOLUME,False,,,,,,,,,,,,,,BELOW_MINIMUM_RELATIVE_VOLUME,False,,,,,,,,,,,,,
orb_v1.0,2024-07-10,663,BMRN,BBG001S76R05,0.34201971728924013,14,SHORT,False,BELOW_MINIMUM_RELATIVE_VOLUME,True,False,False,False,9642.0,28191.35714285714,3812121.6428571427,1.9878571428571417,83.24,83.24,82.32,82.56,True,BELOW_MINIMUM_RELATIVE_VOLUME,False,,,,,,,,,,,,,,BELOW_MINIMUM_RELATIVE_VOLUME,False,,,,,,,,,,,,,,BELOW_MINIMUM_RELATIVE_VOLUME,False,,,,,,,,,,,,,
orb_v1.0,2024-07-10,664,HUT,BBG00390LJJ8,0.3399725857972118,14,SHORT,False,BELOW_MINIMUM_RELATIVE_VOLUME,False,False,False,False,135830.0,399532.21428571426,8375934.428571428,1.4580499999999998,16.35,16.5,16.18,16.1924,True,BELOW_MINIMUM_RELATIVE_VOLUME,False,,,,,,,,,,,,,,BELOW_MINIMUM_RELATIVE_VOLUME,False,,,,,,,,,,,,,,BELOW_MINIMUM_RELATIVE_VOLUME,False,,,,,,,,,,,,,
orb_v1.0,2024-07-10,665,CMP,BBG001SDY0X4,0.3394301414565761,14,LONG,False,BELOW_MINIMUM_RELATIVE_VOLUME,False,False,False,False,5171.0,15234.357142857143,1064477.4285714286,0.6399785714285715,10.51,10.5699,10.45,10.5699,True,BELOW_MINIMUM_RELATIVE_VOLUME,False,,,,,,,,,,,,,,BELOW_MINIMUM_RELATIVE_VOLUME,False,,,,,,,,,,,,,,BELOW_MINIMUM_RELATIVE_VOLUME,False,,,,,,,,,,,,,
orb_v1.0,2024-07-10,666,STOK,BBG00JPCBPH8,0.3372230363743739,14,SHORT,False,BELOW_MINIMUM_RELATIVE_VOLUME,False,False,False,False,4405.0,13062.57142857143,1009281.8571428572,0.8653571428571426,13.56,13.61,13.47,13.54,True,BELOW_MINIMUM_RELATIVE_VOLUME,False,,,,,,,,,,,,,,BELOW_MINIMUM_RELATIVE_VOLUME,False,,,,,,,,,,,,,,BELOW_MINIMUM_RELATIVE_VOLUME,False,,,,,,,,,,,,,
orb_v1.0,2024-07-10,667,CSTM,0001563411,0.3364737068347901,14,LONG,False,BELOW_MINIMUM_RELATIVE_VOLUME,False,False,False,False,9393.0,27916.0,1152227.7142857143,0.5504285714285716,18.79,18.91,18.71,18.825,False,BELOW_MINIMUM_RELATIVE_VOLUME,False,,,,,,,,,,,,,,BELOW_MINIMUM_RELATIVE_VOLUME,False,,,,,,,,,,,,,,BELOW_MINIMUM_RELATIVE_VOLUME,False,,,,,,,,,,,,,
orb_v1.0,2024-07-10,668,WMB,BBG001S5XH10,0.33482231076871144,14,SHORT,False,BELOW_MINIMUM_RELATIVE_VOLUME,True,False,False,False,74672.0,223019.7857142857,5787380.428571428,0.7310642857142859,42.39,42.39,42.1603,42.19,True,BELOW_MINIMUM_RELATIVE_VOLUME,False,,,,,,,,,,,,,,BELOW_MINIMUM_RELATIVE_VOLUME,False,,,,,,,,,,,,,,BELOW_MINIMUM_RELATIVE_VOLUME,False,,,,,,,,,,,,,
orb_v1.0,2024-07-10,669,TDW,BBG00HBQ36G8,0.3347993888863169,14,LONG,False,BELOW_MINIMUM_RELATIVE_VOLUME,False,False,False,False,5682.0,16971.35714285714,1496651.142857143,3.0562428571428586,92.31,93.37,92.0,92.785,True,BELOW_MINIMUM_RELATIVE_VOLUME,False,,,,,,,,,,,,,,BELOW_MINIMUM_RELATIVE_VOLUME,False,,,,,,,,,,,,,,BELOW_MINIMUM_RELATIVE_VOLUME,False,,,,,,,,,,,,,
orb_v1.0,2024-07-10,670,MKC,BBG001S79S19,0.33468309545446445,14,SHORT,False,BELOW_MINIMUM_RELATIVE_VOLUME,True,False,False,False,21466.0,64138.28571428572,2416475.285714286,1.6479642857142867,70.42,70.42,70.19,70.21,True,BELOW_MINIMUM_RELATIVE_VOLUME,False,,,,,,,,,,,,,,BELOW_MINIMUM_RELATIVE_VOLUME,False,,,,,,,,,,,,,,BELOW_MINIMUM_RELATIVE_VOLUME,False,,,,,,,,,,,,,
orb_v1.0,2024-07-10,671,GTLB,BBG00DHTYPJ6,0.3345347366009832,14,SHORT,False,BELOW_MINIMUM_RELATIVE_VOLUME,False,False,False,False,26705.0,79827.28571428571,3145076.4285714286,2.0826357142857144,50.62,50.67,50.01,50.0801,True,BELOW_MINIMUM_RELATIVE_VOLUME,False,,,,,,,,,,,,,,BELOW_MINIMUM_RELATIVE_VOLUME,False,,,,,,,,,,,,,,BELOW_MINIMUM_RELATIVE_VOLUME,False,,,,,,,,,,,,,
orb_v1.0,2024-07-10,672,RJF,BBG001S5VQ03,0.3341540330606284,14,LONG,False,BELOW_MINIMUM_RELATIVE_VOLUME,True,False,False,False,7387.0,22106.571428571428,1075305.7142857143,2.0175285714285716,118.54,118.6,118.54,118.6,True,BELOW_MINIMUM_RELATIVE_VOLUME,False,,,,,,,,,,,,,,BELOW_MINIMUM_RELATIVE_VOLUME,False,,,,,,,,,,,,,,BELOW_MINIMUM_RELATIVE_VOLUME,False,,,,,,,,,,,,,
orb_v1.0,2024-07-10,673,COR,BBG001S8X7P0,0.33247623147934513,14,LONG,False,BELOW_MINIMUM_RELATIVE_VOLUME,True,False,False,False,9984.0,30029.214285714286,1820024.2857142857,4.139250000000002,222.63,223.22,222.0,223.215,True,BELOW_MINIMUM_RELATIVE_VOLUME,False,,,,,,,,,,,,,,BELOW_MINIMUM_RELATIVE_VOLUME,False,,,,,,,,,,,,,,BELOW_MINIMUM_RELATIVE_VOLUME,False,,,,,,,,,,,,,
orb_v1.0,2024-07-10,674,WWW,BBG001S5XKW9,0.32886867052376084,14,SHORT,False,BELOW_MINIMUM_RELATIVE_VOLUME,False,False,False,False,7694.0,23395.35714285714,1980663.7857142857,0.5228714285714287,12.44,12.44,12.3,12.3,True,BELOW_MINIMUM_RELATIVE_VOLUME,False,,,,,,,,,,,,,,BELOW_MINIMUM_RELATIVE_VOLUME,False,,,,,,,,,,,,,,BELOW_MINIMUM_RELATIVE_VOLUME,False,,,,,,,,,,,,,
orb_v1.0,2024-07-10,675,KDP,BBG001ST5W34,0.3281188738028364,14,LONG,False,BELOW_MINIMUM_RELATIVE_VOLUME,True,False,False,False,83269.0,253776.92857142858,8362588.571428572,0.5273714285714287,31.99,32.07,31.96,32.01,True,BELOW_MINIMUM_RELATIVE_VOLUME,False,,,,,,,,,,,,,,BELOW_MINIMUM_RELATIVE_VOLUME,False,,,,,,,,,,,,,,BELOW_MINIMUM_RELATIVE_VOLUME,False,,,,,,,,,,,,,
orb_v1.0,2024-07-10,676,ADI,BBG001S5ND38,0.3275524067034557,14,SHORT,False,BELOW_MINIMUM_RELATIVE_VOLUME,True,False,False,False,37009.0,112986.5,2754833.0714285714,4.048214285714288,234.46,234.77,233.1,233.595,False,BELOW_MINIMUM_RELATIVE_VOLUME,False,,,,,,,,,,,,,,BELOW_MINIMUM_RELATIVE_VOLUME,False,,,,,,,,,,,,,,BELOW_MINIMUM_RELATIVE_VOLUME,False,,,,,,,,,,,,,
orb_v1.0,2024-07-10,677,UNH,BBG001S6WCJ1,0.3270317570277464,14,LONG,False,BELOW_MINIMUM_RELATIVE_VOLUME,True,False,False,False,71756.0,219416.0,5216969.428571428,9.850642857142853,490.94,492.51,490.25,491.505,True,BELOW_MINIMUM_RELATIVE_VOLUME,False,,,,,,,,,,,,,,BELOW_MINIMUM_RELATIVE_VOLUME,False,,,,,,,,,,,,,,BELOW_MINIMUM_RELATIVE_VOLUME,False,,,,,,,,,,,,,
orb_v1.0,2024-07-10,678,PCAR,BBG001S5V1S8,0.3240199913959619,14,LONG,False,BELOW_MINIMUM_RELATIVE_VOLUME,True,False,False,False,32064.0,98956.85714285714,3192600.0714285714,2.0082142857142853,101.34,101.87,101.08,101.73,True,BELOW_MINIMUM_RELATIVE_VOLUME,False,,,,,,,,,,,,,,BELOW_MINIMUM_RELATIVE_VOLUME,False,,,,,,,,,,,,,,BELOW_MINIMUM_RELATIVE_VOLUME,False,,,,,,,,,,,,,
orb_v1.0,2024-07-10,679,PCRX,BBG001S77N12,0.3239428456616488,14,SHORT,False,BELOW_MINIMUM_RELATIVE_VOLUME,False,False,False,False,11977.0,36972.57142857143,1669258.5,1.5339214285714284,21.0,21.195,20.71,20.885,True,BELOW_MINIMUM_RELATIVE_VOLUME,False,,,,,,,,,,,,,,BELOW_MINIMUM_RELATIVE_VOLUME,False,,,,,,,,,,,,,,BELOW_MINIMUM_RELATIVE_VOLUME,False,,,,,,,,,,,,,
orb_v1.0,2024-07-10,680,GS,BBG001SC07Z6,0.3226180091804779,14,LONG,False,BELOW_MINIMUM_RELATIVE_VOLUME,True,False,False,False,41899.0,129871.85714285714,2342164.5,9.499992857142859,472.51,475.1,472.5,474.42,True,BELOW_MINIMUM_RELATIVE_VOLUME,False,,,,,,,,,,,,,,BELOW_MINIMUM_RELATIVE_VOLUME,False,,,,,,,,,,,,,,BELOW_MINIMUM_RELATIVE_VOLUME,False,,,,,,,,,,,,,
orb_v1.0,2024-07-10,681,ASO,BBG00X7L1CW0,0.31984571747490426,14,LONG,False,BELOW_MINIMUM_RELATIVE_VOLUME,False,False,False,False,11953.0,37371.142857142855,2184709.8571428573,1.524285714285716,52.15,52.165,51.8809,52.165,True,BELOW_MINIMUM_RELATIVE_VOLUME,False,,,,,,,,,,,,,,BELOW_MINIMUM_RELATIVE_VOLUME,False,,,,,,,,,,,,,,BELOW_MINIMUM_RELATIVE_VOLUME,False,,,,,,,,,,,,,
orb_v1.0,2024-07-10,682,CNP,BBG001SB10S0,0.3187842502462513,14,SHORT,False,BELOW_MINIMUM_RELATIVE_VOLUME,True,False,False,False,55550.0,174255.7857142857,4715153.642857143,0.5079214285714286,29.74,29.77,29.59,29.69,True,BELOW_MINIMUM_RELATIVE_VOLUME,False,,,,,,,,,,,,,,BELOW_MINIMUM_RELATIVE_VOLUME,False,,,,,,,,,,,,,,BELOW_MINIMUM_RELATIVE_VOLUME,False,,,,,,,,,,,,,
orb_v1.0,2024-07-10,683,SON,BBG001S7M9F1,0.3170325446314171,14,DOJI,False,BELOW_MINIMUM_RELATIVE_VOLUME,False,False,False,False,7423.0,23414.0,1367362.0,1.3878571428571433,48.5,48.55,48.5,48.5,False,BELOW_MINIMUM_RELATIVE_VOLUME,False,,,,,,,,,,,,,,BELOW_MINIMUM_RELATIVE_VOLUME,False,,,,,,,,,,,,,,BELOW_MINIMUM_RELATIVE_VOLUME,False,,,,,,,,,,,,,
orb_v1.0,2024-07-10,684,RBA,BBG001SBQWW8,0.3169864093186901,14,SHORT,False,BELOW_MINIMUM_RELATIVE_VOLUME,False,False,False,False,4080.0,12871.214285714286,3399973.785714286,1.5953571428571465,76.78,76.78,76.61,76.71,True,BELOW_MINIMUM_RELATIVE_VOLUME,False,,,,,,,,,,,,,,BELOW_MINIMUM_RELATIVE_VOLUME,False,,,,,,,,,,,,,,BELOW_MINIMUM_RELATIVE_VOLUME,False,,,,,,,,,,,,,
orb_v1.0,2024-07-10,685,ECL,BBG001S5QRB5,0.3168666904126716,14,LONG,False,BELOW_MINIMUM_RELATIVE_VOLUME,True,False,False,False,15568.0,49131.07142857143,1300451.857142857,2.973928571428569,242.07,242.27,241.915,242.22,True,BELOW_MINIMUM_RELATIVE_VOLUME,False,,,,,,,,,,,,,,BELOW_MINIMUM_RELATIVE_VOLUME,False,,,,,,,,,,,,,,BELOW_MINIMUM_RELATIVE_VOLUME,False,,,,,,,,,,,,,
orb_v1.0,2024-07-10,686,EQT,BBG001S5QXJ4,0.31652484741343856,14,LONG,False,BELOW_MINIMUM_RELATIVE_VOLUME,True,False,False,False,51182.0,161699.7857142857,6761480.142857143,0.9732142857142863,36.55,36.64,36.495,36.6,False,BELOW_MINIMUM_RELATIVE_VOLUME,False,,,,,,,,,,,,,,BELOW_MINIMUM_RELATIVE_VOLUME,False,,,,,,,,,,,,,,BELOW_MINIMUM_RELATIVE_VOLUME,False,,,,,,,,,,,,,
orb_v1.0,2024-07-10,687,QCOM,BBG001S6VS70,0.31517337806407,14,SHORT,False,BELOW_MINIMUM_RELATIVE_VOLUME,True,False,False,False,199476.0,632908.7857142857,11795061.92857143,6.369514285714287,208.74,209.24,207.72,208.02,True,BELOW_MINIMUM_RELATIVE_VOLUME,False,,,,,,,,,,,,,,BELOW_MINIMUM_RELATIVE_VOLUME,False,,,,,,,,,,,,,,BELOW_MINIMUM_RELATIVE_VOLUME,False,,,,,,,,,,,,,
orb_v1.0,2024-07-10,688,VRDN,BBG002H24301,0.31496837845747955,14,SHORT,False,BELOW_MINIMUM_RELATIVE_VOLUME,False,False,False,False,5304.0,16839.785714285714,1151172.7142857143,0.6378571428571432,12.44,12.44,12.3,12.3,True,BELOW_MINIMUM_RELATIVE_VOLUME,False,,,,,,,,,,,,,,BELOW_MINIMUM_RELATIVE_VOLUME,False,,,,,,,,,,,,,,BELOW_MINIMUM_RELATIVE_VOLUME,False,,,,,,,,,,,,,
orb_v1.0,2024-07-10,689,SGRY,BBG009T0TKW7,0.314457635387868,14,SHORT,False,BELOW_MINIMUM_RELATIVE_VOLUME,False,False,False,False,4834.0,15372.5,1142107.2857142857,1.0535642857142857,24.24,24.37,23.86,24.05,True,BELOW_MINIMUM_RELATIVE_VOLUME,False,,,,,,,,,,,,,,BELOW_MINIMUM_RELATIVE_VOLUME,False,,,,,,,,,,,,,,BELOW_MINIMUM_RELATIVE_VOLUME,False,,,,,,,,,,,,,
orb_v1.0,2024-07-10,690,XPRO,0001575828,0.3136494893311886,14,LONG,False,BELOW_MINIMUM_RELATIVE_VOLUME,False,False,False,False,5780.0,18428.214285714286,1338542.0,0.7435714285714289,21.51,21.595,21.47,21.595,True,BELOW_MINIMUM_RELATIVE_VOLUME,False,,,,,,,,,,,,,,BELOW_MINIMUM_RELATIVE_VOLUME,False,,,,,,,,,,,,,,BELOW_MINIMUM_RELATIVE_VOLUME,False,,,,,,,,,,,,,
orb_v1.0,2024-07-10,691,XYL,BBG001V05C73,0.3133296548635768,14,LONG,False,BELOW_MINIMUM_RELATIVE_VOLUME,True,False,False,False,11195.0,35729.142857142855,1168804.2142857143,2.2949999999999977,133.82,134.31,133.73,133.95,True,BELOW_MINIMUM_RELATIVE_VOLUME,False,,,,,,,,,,,,,,BELOW_MINIMUM_RELATIVE_VOLUME,False,,,,,,,,,,,,,,BELOW_MINIMUM_RELATIVE_VOLUME,False,,,,,,,,,,,,,
orb_v1.0,2024-07-10,692,WTRG,BBG001S5VFD3,0.31267617310562096,14,SHORT,False,BELOW_MINIMUM_RELATIVE_VOLUME,False,False,False,False,7543.0,24124.0,1241894.4285714286,0.5856428571428575,37.42,37.42,37.365,37.38,True,BELOW_MINIMUM_RELATIVE_VOLUME,False,,,,,,,,,,,,,,BELOW_MINIMUM_RELATIVE_VOLUME,False,,,,,,,,,,,,,,BELOW_MINIMUM_RELATIVE_VOLUME,False,,,,,,,,,,,,,
orb_v1.0,2024-07-10,693,UBS,0001610520,0.31115108305332406,14,SHORT,False,BELOW_MINIMUM_RELATIVE_VOLUME,True,False,False,False,30618.0,98402.35714285714,1778383.642857143,0.5022142857142858,30.43,30.43,30.36,30.41,True,BELOW_MINIMUM_RELATIVE_VOLUME,False,,,,,,,,,,,,,,BELOW_MINIMUM_RELATIVE_VOLUME,False,,,,,,,,,,,,,,BELOW_MINIMUM_RELATIVE_VOLUME,False,,,,,,,,,,,,,
orb_v1.0,2024-07-10,694,ARVN,BBG00LW7YL08,0.3104448122829575,14,SHORT,False,BELOW_MINIMUM_RELATIVE_VOLUME,False,False,False,False,5881.0,18943.785714285714,1040201.7857142857,1.2659928571428567,26.83,27.3938,26.276,26.28,True,BELOW_MINIMUM_RELATIVE_VOLUME,False,,,,,,,,,,,,,,BELOW_MINIMUM_RELATIVE_VOLUME,False,,,,,,,,,,,,,,BELOW_MINIMUM_RELATIVE_VOLUME,False,,,,,,,,,,,,,
orb_v1.0,2024-07-10,695,QRVO,BBG007TJF1P5,0.3075138988369317,14,SHORT,False,BELOW_MINIMUM_RELATIVE_VOLUME,False,False,False,False,8372.0,27224.785714285714,1393261.142857143,3.0417785714285697,120.69,120.9122,120.295,120.6758,False,BELOW_MINIMUM_RELATIVE_VOLUME,False,,,,,,,,,,,,,,BELOW_MINIMUM_RELATIVE_VOLUME,False,,,,,,,,,,,,,,BELOW_MINIMUM_RELATIVE_VOLUME,False,,,,,,,,,,,,,
orb_v1.0,2024-07-10,696,TROX,0001530804,0.3069038111580743,14,LONG,False,BELOW_MINIMUM_RELATIVE_VOLUME,False,False,False,False,13516.0,44039.857142857145,1532729.142857143,0.6964285714285714,15.92,16.14,15.845,16.045,True,BELOW_MINIMUM_RELATIVE_VOLUME,False,,,,,,,,,,,,,,BELOW_MINIMUM_RELATIVE_VOLUME,False,,,,,,,,,,,,,,BELOW_MINIMUM_RELATIVE_VOLUME,False,,,,,,,,,,,,,
orb_v1.0,2024-07-10,697,BTU,BBG00GBV89J5,0.30615479128270806,14,LONG,False,BELOW_MINIMUM_RELATIVE_VOLUME,False,False,False,False,21002.0,68599.28571428571,2608743.9285714286,0.7110499999999996,22.9,23.02,22.84,23.015,False,BELOW_MINIMUM_RELATIVE_VOLUME,False,,,,,,,,,,,,,,BELOW_MINIMUM_RELATIVE_VOLUME,False,,,,,,,,,,,,,,BELOW_MINIMUM_RELATIVE_VOLUME,False,,,,,,,,,,,,,
orb_v1.0,2024-07-10,698,ABM,BBG001S5N9B8,0.30354006327676103,14,SHORT,False,BELOW_MINIMUM_RELATIVE_VOLUME,False,False,False,False,3913.0,12891.214285714286,1045399.7857142857,0.9631142857142859,49.23,49.23,49.02,49.026,True,BELOW_MINIMUM_RELATIVE_VOLUME,False,,,,,,,,,,,,,,BELOW_MINIMUM_RELATIVE_VOLUME,False,,,,,,,,,,,,,,BELOW_MINIMUM_RELATIVE_VOLUME,False,,,,,,,,,,,,,
orb_v1.0,2024-07-10,699,PEG,BBG001S5V3C1,0.3028097431668531,14,SHORT,False,BELOW_MINIMUM_RELATIVE_VOLUME,True,False,False,False,34727.0,114682.57142857143,3085877.0,1.0610642857142847,76.0,76.0,75.61,75.61,True,BELOW_MINIMUM_RELATIVE_VOLUME,False,,,,,,,,,,,,,,BELOW_MINIMUM_RELATIVE_VOLUME,False,,,,,,,,,,,,,,BELOW_MINIMUM_RELATIVE_VOLUME,False,,,,,,,,,,,,,
orb_v1.0,2024-07-10,700,GNTX,BBG001S5RMR8,0.3025850048267725,14,SHORT,False,BELOW_MINIMUM_RELATIVE_VOLUME,False,False,False,False,8060.0,26637.14285714286,1616399.142857143,0.5165285714285724,33.38,33.38,33.18,33.3,False,BELOW_MINIMUM_RELATIVE_VOLUME,False,,,,,,,,,,,,,,BELOW_MINIMUM_RELATIVE_VOLUME,False,,,,,,,,,,,,,,BELOW_MINIMUM_RELATIVE_VOLUME,False,,,,,,,,,,,,,
orb_v1.0,2024-07-10,701,FDX,BBG001S5R3M5,0.3024239375310502,14,SHORT,False,BELOW_MINIMUM_RELATIVE_VOLUME,True,False,False,False,48221.0,159448.35714285713,3113468.714285714,7.648585714285711,292.73,293.5,291.24,291.46,True,BELOW_MINIMUM_RELATIVE_VOLUME,False,,,,,,,,,,,,,,BELOW_MINIMUM_RELATIVE_VOLUME,False,,,,,,,,,,,,,,BELOW_MINIMUM_RELATIVE_VOLUME,False,,,,,,,,,,,,,
orb_v1.0,2024-07-10,702,BX,BBG001S7H949,0.30173855667572,14,SHORT,False,BELOW_MINIMUM_RELATIVE_VOLUME,True,False,False,False,29496.0,97753.5,2656194.4285714286,2.2217857142857134,121.79,122.1,121.65,121.65,True,BELOW_MINIMUM_RELATIVE_VOLUME,False,,,,,,,,,,,,,,BELOW_MINIMUM_RELATIVE_VOLUME,False,,,,,,,,,,,,,,BELOW_MINIMUM_RELATIVE_VOLUME,False,,,,,,,,,,,,,
orb_v1.0,2024-07-10,703,O,BBG001S884K0,0.30059220708827633,14,LONG,False,BELOW_MINIMUM_RELATIVE_VOLUME,True,False,False,False,70985.0,236150.5,5500331.785714285,0.6820357142857131,52.96,53.04,52.89,52.97,True,BELOW_MINIMUM_RELATIVE_VOLUME,False,,,,,,,,,,,,,,BELOW_MINIMUM_RELATIVE_VOLUME,False,,,,,,,,,,,,,,BELOW_MINIMUM_RELATIVE_VOLUME,False,,,,,,,,,,,,,
orb_v1.0,2024-07-10,704,DLTR,BBG001S6ZGL6,0.29871667840038935,14,SHORT,False,BELOW_MINIMUM_RELATIVE_VOLUME,True,False,False,False,19639.0,65744.57142857143,3073185.785714286,2.514357142857141,104.43,104.71,104.27,104.4,True,BELOW_MINIMUM_RELATIVE_VOLUME,False,,,,,,,,,,,,,,BELOW_MINIMUM_RELATIVE_VOLUME,False,,,,,,,,,,,,,,BELOW_MINIMUM_RELATIVE_VOLUME,False,,,,,,,,,,,,,
orb_v1.0,2024-07-10,705,POR,BBG001S5V4Y5,0.2981977564914659,14,SHORT,False,BELOW_MINIMUM_RELATIVE_VOLUME,False,False,False,False,6473.0,21707.071428571428,1018278.0,0.5610714285714289,42.89,42.93,42.81,42.85,True,BELOW_MINIMUM_RELATIVE_VOLUME,False,,,,,,,,,,,,,,BELOW_MINIMUM_RELATIVE_VOLUME,False,,,,,,,,,,,,,,BELOW_MINIMUM_RELATIVE_VOLUME,False,,,,,,,,,,,,,
orb_v1.0,2024-07-10,706,NYT,BBG001S90X31,0.29803827941586086,14,LONG,False,BELOW_MINIMUM_RELATIVE_VOLUME,False,False,False,False,5350.0,17950.714285714286,1010186.5714285715,0.738778571428571,52.0,52.14,52.0,52.14,True,BELOW_MINIMUM_RELATIVE_VOLUME,False,,,,,,,,,,,,,,BELOW_MINIMUM_RELATIVE_VOLUME,False,,,,,,,,,,,,,,BELOW_MINIMUM_RELATIVE_VOLUME,False,,,,,,,,,,,,,
orb_v1.0,2024-07-10,707,TSCO,BBG001S7K017,0.296477712139472,14,LONG,False,BELOW_MINIMUM_RELATIVE_VOLUME,True,False,False,False,11457.0,38643.71428571428,1395474.357142857,6.9551214285714265,257.94,258.66,257.35,258.66,True,BELOW_MINIMUM_RELATIVE_VOLUME,False,,,,,,,,,,,,,,BELOW_MINIMUM_RELATIVE_VOLUME,False,,,,,,,,,,,,,,BELOW_MINIMUM_RELATIVE_VOLUME,False,,,,,,,,,,,,,
orb_v1.0,2024-07-10,708,RBRK,BBG008D32614,0.296440433790868,14,SHORT,False,BELOW_MINIMUM_RELATIVE_VOLUME,False,False,False,False,8466.0,28558.85714285714,1162475.4285714286,1.479285714285714,32.9,33.0,32.8189,32.8244,True,BELOW_MINIMUM_RELATIVE_VOLUME,False,,,,,,,,,,,,,,BELOW_MINIMUM_RELATIVE_VOLUME,False,,,,,,,,,,,,,,BELOW_MINIMUM_RELATIVE_VOLUME,False,,,,,,,,,,,,,
orb_v1.0,2024-07-10,709,TREX,BBG001SB6TV8,0.2961762717054313,14,LONG,False,BELOW_MINIMUM_RELATIVE_VOLUME,False,False,False,False,11607.0,39189.5,1301845.857142857,2.64499285714286,73.15,73.67,73.15,73.67,True,BELOW_MINIMUM_RELATIVE_VOLUME,False,,,,,,,,,,,,,,BELOW_MINIMUM_RELATIVE_VOLUME,False,,,,,,,,,,,,,,BELOW_MINIMUM_RELATIVE_VOLUME,False,,,,,,,,,,,,,
orb_v1.0,2024-07-10,710,BK,BBG001S5P6Q6,0.29612281523506784,14,LONG,False,BELOW_MINIMUM_RELATIVE_VOLUME,True,False,False,False,28133.0,95004.5,3920553.214285714,0.8072000000000007,60.2,60.23,60.02,60.23,True,BELOW_MINIMUM_RELATIVE_VOLUME,False,,,,,,,,,,,,,,BELOW_MINIMUM_RELATIVE_VOLUME,False,,,,,,,,,,,,,,BELOW_MINIMUM_RELATIVE_VOLUME,False,,,,,,,,,,,,,
orb_v1.0,2024-07-10,711,AMCX,BBG001SLR8S3,0.2958284448148,14,LONG,False,BELOW_MINIMUM_RELATIVE_VOLUME,False,False,False,False,12121.0,40973.07142857143,3333756.5,0.6121357142857142,9.61,9.65,9.55,9.64,True,BELOW_MINIMUM_RELATIVE_VOLUME,False,,,,,,,,,,,,,,BELOW_MINIMUM_RELATIVE_VOLUME,False,,,,,,,,,,,,,,BELOW_MINIMUM_RELATIVE_VOLUME,False,,,,,,,,,,,,,
orb_v1.0,2024-07-10,712,CSIQ,BBG001SPNJT3,0.2950021080716301,14,LONG,False,BELOW_MINIMUM_RELATIVE_VOLUME,False,False,False,False,16143.0,54721.642857142855,1363312.5,0.6846428571428568,15.85,15.9396,15.81,15.87,True,BELOW_MINIMUM_RELATIVE_VOLUME,False,,,,,,,,,,,,,,BELOW_MINIMUM_RELATIVE_VOLUME,False,,,,,,,,,,,,,,BELOW_MINIMUM_RELATIVE_VOLUME,False,,,,,,,,,,,,,
orb_v1.0,2024-07-10,713,CCL,BBG001S5PL01,0.294412970349674,14,SHORT,False,BELOW_MINIMUM_RELATIVE_VOLUME,True,False,False,False,569730.0,1935138.9285714286,36278533.64285714,0.6371428571428567,18.12,18.17,18.045,18.098,True,BELOW_MINIMUM_RELATIVE_VOLUME,False,,,,,,,,,,,,,,BELOW_MINIMUM_RELATIVE_VOLUME,False,,,,,,,,,,,,,,BELOW_MINIMUM_RELATIVE_VOLUME,False,,,,,,,,,,,,,
orb_v1.0,2024-07-10,714,JCI,0000833444,0.29397388806552716,14,SHORT,False,BELOW_MINIMUM_RELATIVE_VOLUME,True,False,False,False,30476.0,103669.07142857143,4268594.928571428,1.2164285714285725,67.31,67.55,67.17,67.275,True,BELOW_MINIMUM_RELATIVE_VOLUME,False,,,,,,,,,,,,,,BELOW_MINIMUM_RELATIVE_VOLUME,False,,,,,,,,,,,,,,BELOW_MINIMUM_RELATIVE_VOLUME,False,,,,,,,,,,,,,
orb_v1.0,2024-07-10,715,CIEN,BBG001S61J73,0.29366999333628924,14,SHORT,False,BELOW_MINIMUM_RELATIVE_VOLUME,False,False,False,False,8090.0,27547.928571428572,1586379.0,1.1217857142857142,46.91,46.91,46.71,46.71,True,BELOW_MINIMUM_RELATIVE_VOLUME,False,,,,,,,,,,,,,,BELOW_MINIMUM_RELATIVE_VOLUME,False,,,,,,,,,,,,,,BELOW_MINIMUM_RELATIVE_VOLUME,False,,,,,,,,,,,,,
orb_v1.0,2024-07-10,716,WBA,BBG001S5XBY7,0.29299394968435666,14,SHORT,False,BELOW_MINIMUM_RELATIVE_VOLUME,False,False,False,False,396002.0,1351570.5714285714,31360767.57142857,0.7411285714285715,10.835,10.86,10.76,10.83,False,BELOW_MINIMUM_RELATIVE_VOLUME,False,,,,,,,,,,,,,,BELOW_MINIMUM_RELATIVE_VOLUME,False,,,,,,,,,,,,,,BELOW_MINIMUM_RELATIVE_VOLUME,False,,,,,,,,,,,,,
orb_v1.0,2024-07-10,717,HOG,BBG001S5RTY5,0.29296525680833246,14,LONG,False,BELOW_MINIMUM_RELATIVE_VOLUME,False,False,False,False,8822.0,30112.785714285714,1485636.7857142857,0.7957071428571434,32.03,32.12,31.96,32.1,True,BELOW_MINIMUM_RELATIVE_VOLUME,False,,,,,,,,,,,,,,BELOW_MINIMUM_RELATIVE_VOLUME,False,,,,,,,,,,,,,,BELOW_MINIMUM_RELATIVE_VOLUME,False,,,,,,,,,,,,,
orb_v1.0,2024-07-10,718,SPR,BBG001SKF1N8,0.2926380988126596,14,LONG,False,BELOW_MINIMUM_RELATIVE_VOLUME,False,False,False,False,55636.0,190118.7857142857,7330701.5,1.2707142857142857,34.66,34.78,34.58,34.77,True,BELOW_MINIMUM_RELATIVE_VOLUME,False,,,,,,,,,,,,,,BELOW_MINIMUM_RELATIVE_VOLUME,False,,,,,,,,,,,,,,BELOW_MINIMUM_RELATIVE_VOLUME,False,,,,,,,,,,,,,
orb_v1.0,2024-07-10,719,LNW,BBG00JR5MM40,0.29131657464247745,14,SHORT,False,BELOW_MINIMUM_RELATIVE_VOLUME,False,False,False,False,4854.0,16662.285714285714,1604754.9285714286,2.8939285714285714,105.28,105.28,104.64,104.64,True,BELOW_MINIMUM_RELATIVE_VOLUME,False,,,,,,,,,,,,,,BELOW_MINIMUM_RELATIVE_VOLUME,False,,,,,,,,,,,,,,BELOW_MINIMUM_RELATIVE_VOLUME,False,,,,,,,,,,,,,
orb_v1.0,2024-07-10,720,LEN,BBG001S5SRK3,0.2908839416308668,14,LONG,False,BELOW_MINIMUM_RELATIVE_VOLUME,True,False,False,False,24845.0,85412.07142857143,2642194.214285714,3.7016214285714306,142.63,144.21,142.31,143.745,True,BELOW_MINIMUM_RELATIVE_VOLUME,False,,,,,,,,,,,,,,BELOW_MINIMUM_RELATIVE_VOLUME,False,,,,,,,,,,,,,,BELOW_MINIMUM_RELATIVE_VOLUME,False,,,,,,,,,,,,,
orb_v1.0,2024-07-10,721,NTCT,BBG001SD3PL6,0.2903747403081024,14,SHORT,False,BELOW_MINIMUM_RELATIVE_VOLUME,False,False,False,False,4233.0,14577.714285714286,1262305.857142857,0.5027928571428569,17.98,17.98,17.78,17.8,True,BELOW_MINIMUM_RELATIVE_VOLUME,False,,,,,,,,,,,,,,BELOW_MINIMUM_RELATIVE_VOLUME,False,,,,,,,,,,,,,,BELOW_MINIMUM_RELATIVE_VOLUME,False,,,,,,,,,,,,,
orb_v1.0,2024-07-10,722,NWS,BBG0035M2ZC6,0.29006199147617207,14,SHORT,False,BELOW_MINIMUM_RELATIVE_VOLUME,True,False,False,False,6417.0,22122.85714285714,1074123.7857142857,0.5089285714285717,28.69,28.69,28.61,28.615,True,BELOW_MINIMUM_RELATIVE_VOLUME,False,,,,,,,,,,,,,,BELOW_MINIMUM_RELATIVE_VOLUME,False,,,,,,,,,,,,,,BELOW_MINIMUM_RELATIVE_VOLUME,False,,,,,,,,,,,,,
orb_v1.0,2024-07-10,723,LYV,BBG001SNP2B2,0.28962069459166884,14,SHORT,False,BELOW_MINIMUM_RELATIVE_VOLUME,True,False,False,False,12861.0,44406.357142857145,2232531.3571428573,1.9552285714285702,95.14,95.25,94.78,94.78,True,BELOW_MINIMUM_RELATIVE_VOLUME,False,,,,,,,,,,,,,,BELOW_MINIMUM_RELATIVE_VOLUME,False,,,,,,,,,,,,,,BELOW_MINIMUM_RELATIVE_VOLUME,False,,,,,,,,,,,,,
orb_v1.0,2024-07-10,724,YOU,BBG011C0FSZ6,0.28888211682133963,14,SHORT,False,BELOW_MINIMUM_RELATIVE_VOLUME,False,False,False,False,8667.0,30001.85714285714,1063985.5714285714,0.5264071428571432,19.09,19.19,19.01,19.01,True,BELOW_MINIMUM_RELATIVE_VOLUME,False,,,,,,,,,,,,,,BELOW_MINIMUM_RELATIVE_VOLUME,False,,,,,,,,,,,,,,BELOW_MINIMUM_RELATIVE_VOLUME,False,,,,,,,,,,,,,
orb_v1.0,2024-07-10,725,ARWR,BBG001SGT8G5,0.2885880854347585,14,SHORT,False,BELOW_MINIMUM_RELATIVE_VOLUME,False,False,False,False,11700.0,40542.21428571428,1149270.0,1.2871000000000004,25.4,25.405,25.14,25.14,True,BELOW_MINIMUM_RELATIVE_VOLUME,False,,,,,,,,,,,,,,BELOW_MINIMUM_RELATIVE_VOLUME,False,,,,,,,,,,,,,,BELOW_MINIMUM_RELATIVE_VOLUME,False,,,,,,,,,,,,,
orb_v1.0,2024-07-10,726,CPNG,BBG00XMJRPR7,0.28836004133245025,14,SHORT,False,BELOW_MINIMUM_RELATIVE_VOLUME,True,False,False,False,64404.0,223345.7857142857,7414247.071428572,0.5278285714285718,21.46,21.47,21.36,21.39,True,BELOW_MINIMUM_RELATIVE_VOLUME,False,,,,,,,,,,,,,,BELOW_MINIMUM_RELATIVE_VOLUME,False,,,,,,,,,,,,,,BELOW_MINIMUM_RELATIVE_VOLUME,False,,,,,,,,,,,,,
orb_v1.0,2024-07-10,727,GFL,BBG003FD9W80,0.2862385177227944,14,SHORT,False,BELOW_MINIMUM_RELATIVE_VOLUME,False,False,False,False,5215.0,18219.071428571428,1038595.7857142857,0.7696357142857144,38.74,38.74,38.57,38.71,True,BELOW_MINIMUM_RELATIVE_VOLUME,False,,,,,,,,,,,,,,BELOW_MINIMUM_RELATIVE_VOLUME,False,,,,,,,,,,,,,,BELOW_MINIMUM_RELATIVE_VOLUME,False,,,,,,,,,,,,,
orb_v1.0,2024-07-10,728,PARA,BBG001S6L063,0.2854546056793293,14,SHORT,False,BELOW_MINIMUM_RELATIVE_VOLUME,False,False,False,False,252380.0,884133.5714285715,19394234.57142857,0.5107142857142859,11.57,11.63,11.54,11.55,True,BELOW_MINIMUM_RELATIVE_VOLUME,False,,,,,,,,,,,,,,BELOW_MINIMUM_RELATIVE_VOLUME,False,,,,,,,,,,,,,,BELOW_MINIMUM_RELATIVE_VOLUME,False,,,,,,,,,,,,,
orb_v1.0,2024-07-10,729,CEG,BBG014KFRPJ9,0.28465444616486024,14,SHORT,False,BELOW_MINIMUM_RELATIVE_VOLUME,True,False,False,False,42743.0,150157.5,3452042.285714286,8.902400000000004,218.18,218.18,215.07,215.595,True,BELOW_MINIMUM_RELATIVE_VOLUME,False,,,,,,,,,,,,,,BELOW_MINIMUM_RELATIVE_VOLUME,False,,,,,,,,,,,,,,BELOW_MINIMUM_RELATIVE_VOLUME,False,,,,,,,,,,,,,
orb_v1.0,2024-07-10,730,PSN,BBG001SDWJQ3,0.28298593203259514,14,SHORT,False,BELOW_MINIMUM_RELATIVE_VOLUME,False,False,False,False,5095.0,18004.428571428572,1073697.9285714286,1.6779357142857165,78.38,78.38,78.335,78.335,True,BELOW_MINIMUM_RELATIVE_VOLUME,False,,,,,,,,,,,,,,BELOW_MINIMUM_RELATIVE_VOLUME,False,,,,,,,,,,,,,,BELOW_MINIMUM_RELATIVE_VOLUME,False,,,,,,,,,,,,,
orb_v1.0,2024-07-10,731,BKR,BBG00GBVBK60,0.2816964440133131,14,SHORT,False,BELOW_MINIMUM_RELATIVE_VOLUME,True,False,False,False,65733.0,233346.92857142858,6098397.928571428,0.7153571428571419,33.45,33.46,33.31,33.44,False,BELOW_MINIMUM_RELATIVE_VOLUME,False,,,,,,,,,,,,,,BELOW_MINIMUM_RELATIVE_VOLUME,False,,,,,,,,,,,,,,BELOW_MINIMUM_RELATIVE_VOLUME,False,,,,,,,,,,,,,
orb_v1.0,2024-07-10,732,TRGP,BBG001TC94B9,0.2816596375242221,14,SHORT,False,BELOW_MINIMUM_RELATIVE_VOLUME,True,False,False,False,13767.0,48878.142857142855,1719483.5,2.589135714285711,132.74,133.36,132.28,132.44,True,BELOW_MINIMUM_RELATIVE_VOLUME,False,,,,,,,,,,,,,,BELOW_MINIMUM_RELATIVE_VOLUME,False,,,,,,,,,,,,,,BELOW_MINIMUM_RELATIVE_VOLUME,False,,,,,,,,,,,,,
orb_v1.0,2024-07-10,733,AEE,BBG001S5NF24,0.28128499508243016,14,SHORT,False,BELOW_MINIMUM_RELATIVE_VOLUME,True,False,False,False,14443.0,51346.5,1756133.857142857,1.0912499999999992,71.7,71.7,71.215,71.24,True,BELOW_MINIMUM_RELATIVE_VOLUME,False,,,,,,,,,,,,,,BELOW_MINIMUM_RELATIVE_VOLUME,False,,,,,,,,,,,,,,BELOW_MINIMUM_RELATIVE_VOLUME,False,,,,,,,,,,,,,
orb_v1.0,2024-07-10,734,PLNT,BBG009H04M26,0.2802123994500371,14,SHORT,False,BELOW_MINIMUM_RELATIVE_VOLUME,False,False,False,False,5066.0,18079.14285714286,1434207.2142857143,1.628928571428572,72.2,72.2,72.05,72.15,True,BELOW_MINIMUM_RELATIVE_VOLUME,False,,,,,,,,,,,,,,BELOW_MINIMUM_RELATIVE_VOLUME,False,,,,,,,,,,,,,,BELOW_MINIMUM_RELATIVE_VOLUME,False,,,,,,,,,,,,,
orb_v1.0,2024-07-10,735,IFF,BBG001S5S5F7,0.2801619404643093,14,SHORT,False,BELOW_MINIMUM_RELATIVE_VOLUME,True,False,False,False,11349.0,40508.71428571428,1503423.2142857143,1.932778571428569,97.29,97.5,96.87,96.97,True,BELOW_MINIMUM_RELATIVE_VOLUME,False,,,,,,,,,,,,,,BELOW_MINIMUM_RELATIVE_VOLUME,False,,,,,,,,,,,,,,BELOW_MINIMUM_RELATIVE_VOLUME,False,,,,,,,,,,,,,
orb_v1.0,2024-07-10,736,NE,0001895262,0.2793292599418064,14,LONG,False,BELOW_MINIMUM_RELATIVE_VOLUME,False,False,False,False,8304.0,29728.35714285714,1212055.0,1.0553571428571418,43.35,43.62,43.35,43.61,True,BELOW_MINIMUM_RELATIVE_VOLUME,False,,,,,,,,,,,,,,BELOW_MINIMUM_RELATIVE_VOLUME,False,,,,,,,,,,,,,,BELOW_MINIMUM_RELATIVE_VOLUME,False,,,,,,,,,,,,,
orb_v1.0,2024-07-10,737,CPRT,BBG001S7MTB1,0.2791269813376445,14,SHORT,False,BELOW_MINIMUM_RELATIVE_VOLUME,True,False,False,False,43681.0,156491.5,5178742.0,1.0079285714285717,54.37,54.51,54.17,54.21,True,BELOW_MINIMUM_RELATIVE_VOLUME,False,,,,,,,,,,,,,,BELOW_MINIMUM_RELATIVE_VOLUME,False,,,,,,,,,,,,,,BELOW_MINIMUM_RELATIVE_VOLUME,False,,,,,,,,,,,,,
orb_v1.0,2024-07-10,738,GRND,BBG00YV3H7V6,0.2786308343515654,14,SHORT,False,BELOW_MINIMUM_RELATIVE_VOLUME,False,False,False,False,8421.0,30222.785714285714,1222149.857142857,0.5378071428571429,12.39,12.39,12.17,12.21,True,BELOW_MINIMUM_RELATIVE_VOLUME,False,,,,,,,,,,,,,,BELOW_MINIMUM_RELATIVE_VOLUME,False,,,,,,,,,,,,,,BELOW_MINIMUM_RELATIVE_VOLUME,False,,,,,,,,,,,,,
orb_v1.0,2024-07-10,739,SKX,BBG001S5XTG8,0.27750766889271905,14,LONG,False,BELOW_MINIMUM_RELATIVE_VOLUME,False,False,False,False,10914.0,39328.642857142855,2162866.714285714,1.6437500000000012,67.39,67.55,67.29,67.55,False,BELOW_MINIMUM_RELATIVE_VOLUME,False,,,,,,,,,,,,,,BELOW_MINIMUM_RELATIVE_VOLUME,False,,,,,,,,,,,,,,BELOW_MINIMUM_RELATIVE_VOLUME,False,,,,,,,,,,,,,
orb_v1.0,2024-07-10,740,DUK,BBG001S5QNR7,0.27648332496786665,14,SHORT,False,BELOW_MINIMUM_RELATIVE_VOLUME,True,False,False,False,41746.0,150989.2142857143,2544284.6428571427,1.3730785714285736,101.25,101.43,100.9,101.23,False,BELOW_MINIMUM_RELATIVE_VOLUME,False,,,,,,,,,,,,,,BELOW_MINIMUM_RELATIVE_VOLUME,False,,,,,,,,,,,,,,BELOW_MINIMUM_RELATIVE_VOLUME,False,,,,,,,,,,,,,
orb_v1.0,2024-07-10,741,STZ,BBG001SD31G5,0.2753914090726616,14,LONG,False,BELOW_MINIMUM_RELATIVE_VOLUME,True,False,False,False,11074.0,40211.857142857145,1346478.642857143,5.586278571428567,252.25,253.42,252.25,252.94,True,BELOW_MINIMUM_RELATIVE_VOLUME,False,,,,,,,,,,,,,,BELOW_MINIMUM_RELATIVE_VOLUME,False,,,,,,,,,,,,,,BELOW_MINIMUM_RELATIVE_VOLUME,False,,,,,,,,,,,,,
orb_v1.0,2024-07-10,742,SILK,BBG0026ZJRZ3,0.2753030837302241,14,SHORT,False,BELOW_MINIMUM_RELATIVE_VOLUME,False,False,False,False,63407.0,230317.07142857142,4581572.214285715,0.5035714285714283,27.02,27.05,26.97,26.975,True,BELOW_MINIMUM_RELATIVE_VOLUME,False,,,,,,,,,,,,,,BELOW_MINIMUM_RELATIVE_VOLUME,False,,,,,,,,,,,,,,BELOW_MINIMUM_RELATIVE_VOLUME,False,,,,,,,,,,,,,
orb_v1.0,2024-07-10,743,VNOM,BBG006G57XH9,0.2744878361075544,14,LONG,False,BELOW_MINIMUM_RELATIVE_VOLUME,False,False,False,False,2450.0,8925.714285714286,1447536.642857143,0.8792857142857154,38.94,38.97,38.85,38.97,True,BELOW_MINIMUM_RELATIVE_VOLUME,False,,,,,,,,,,,,,,BELOW_MINIMUM_RELATIVE_VOLUME,False,,,,,,,,,,,,,,BELOW_MINIMUM_RELATIVE_VOLUME,False,,,,,,,,,,,,,
orb_v1.0,2024-07-10,744,OLLI,BBG0098VVDS0,0.2710169705974909,14,LONG,False,BELOW_MINIMUM_RELATIVE_VOLUME,False,False,False,False,5967.0,22017.071428571428,1222346.857142857,2.7196357142857144,98.42,98.67,98.295,98.54,True,BELOW_MINIMUM_RELATIVE_VOLUME,False,,,,,,,,,,,,,,BELOW_MINIMUM_RELATIVE_VOLUME,False,,,,,,,,,,,,,,BELOW_MINIMUM_RELATIVE_VOLUME,False,,,,,,,,,,,,,
orb_v1.0,2024-07-10,745,ALXO,BBG00VR8SF73,0.26981032091540885,14,LONG,False,BELOW_MINIMUM_RELATIVE_VOLUME,False,False,False,False,7601.0,28171.64285714286,1064371.9285714286,0.5955571428571428,6.37,6.435,6.36,6.4127,True,BELOW_MINIMUM_RELATIVE_VOLUME,False,,,,,,,,,,,,,,BELOW_MINIMUM_RELATIVE_VOLUME,False,,,,,,,,,,,,,,BELOW_MINIMUM_RELATIVE_VOLUME,False,,,,,,,,,,,,,
orb_v1.0,2024-07-10,746,DESP,0001703141,0.2685707801957416,14,SHORT,False,BELOW_MINIMUM_RELATIVE_VOLUME,False,False,False,False,7270.0,27069.214285714286,1875482.5714285714,0.5699928571428573,13.68,13.68,13.63,13.63,True,BELOW_MINIMUM_RELATIVE_VOLUME,False,,,,,,,,,,,,,,BELOW_MINIMUM_RELATIVE_VOLUME,False,,,,,,,,,,,,,,BELOW_MINIMUM_RELATIVE_VOLUME,False,,,,,,,,,,,,,
orb_v1.0,2024-07-10,747,NATL,BBG019Y0WP28,0.26638781469497275,14,SHORT,False,BELOW_MINIMUM_RELATIVE_VOLUME,False,False,False,False,2411.0,9050.714285714286,1553000.7142857143,1.1671357142857144,28.41,28.52,28.38,28.38,True,BELOW_MINIMUM_RELATIVE_VOLUME,False,,,,,,,,,,,,,,BELOW_MINIMUM_RELATIVE_VOLUME,False,,,,,,,,,,,,,,BELOW_MINIMUM_RELATIVE_VOLUME,False,,,,,,,,,,,,,
orb_v1.0,2024-07-10,748,BALL,BBG001S5P7Q4,0.26414809514240484,14,SHORT,False,BELOW_MINIMUM_RELATIVE_VOLUME,True,False,False,False,19248.0,72868.21428571429,2767449.785714286,1.6430000000000002,59.33,59.39,59.17,59.17,True,BELOW_MINIMUM_RELATIVE_VOLUME,False,,,,,,,,,,,,,,BELOW_MINIMUM_RELATIVE_VOLUME,False,,,,,,,,,,,,,,BELOW_MINIMUM_RELATIVE_VOLUME,False,,,,,,,,,,,,,
orb_v1.0,2024-07-10,749,TMUS,BBG001SKR9Y6,0.26376843179128534,14,LONG,False,BELOW_MINIMUM_RELATIVE_VOLUME,True,False,False,False,52043.0,197305.64285714287,4894279.785714285,2.4446428571428527,178.64,179.78,178.64,179.78,True,BELOW_MINIMUM_RELATIVE_VOLUME,False,,,,,,,,,,,,,,BELOW_MINIMUM_RELATIVE_VOLUME,False,,,,,,,,,,,,,,BELOW_MINIMUM_RELATIVE_VOLUME,False,,,,,,,,,,,,,
orb_v1.0,2024-07-10,750,AZEK,BBG00RP7FY15,0.2628273876234978,14,LONG,False,BELOW_MINIMUM_RELATIVE_VOLUME,False,False,False,False,16332.0,62139.642857142855,2420438.9285714286,1.5570642857142865,41.65,41.95,41.58,41.84,True,BELOW_MINIMUM_RELATIVE_VOLUME,False,,,,,,,,,,,,,,BELOW_MINIMUM_RELATIVE_VOLUME,False,,,,,,,,,,,,,,BELOW_MINIMUM_RELATIVE_VOLUME,False,,,,,,,,,,,,,
orb_v1.0,2024-07-10,751,IONS,BBG001SB7RD1,0.2625505600019671,14,LONG,False,BELOW_MINIMUM_RELATIVE_VOLUME,False,False,False,False,7627.0,29049.64285714286,1856329.642857143,1.6210714285714296,47.27,47.45,47.26,47.2809,True,BELOW_MINIMUM_RELATIVE_VOLUME,False,,,,,,,,,,,,,,BELOW_MINIMUM_RELATIVE_VOLUME,False,,,,,,,,,,,,,,BELOW_MINIMUM_RELATIVE_VOLUME,False,,,,,,,,,,,,,
orb_v1.0,2024-07-10,752,ASTS,BBG00Q402TS1,0.2620816911197322,14,SHORT,False,BELOW_MINIMUM_RELATIVE_VOLUME,False,False,False,False,130204.0,496806.9285714286,9098503.57142857,1.0965357142857144,12.17,12.2167,12.04,12.13,True,BELOW_MINIMUM_RELATIVE_VOLUME,False,,,,,,,,,,,,,,BELOW_MINIMUM_RELATIVE_VOLUME,False,,,,,,,,,,,,,,BELOW_MINIMUM_RELATIVE_VOLUME,False,,,,,,,,,,,,,
orb_v1.0,2024-07-10,753,BG,0001996862,0.26001882300835966,14,LONG,False,BELOW_MINIMUM_RELATIVE_VOLUME,True,False,False,False,8387.0,32255.35714285714,1470132.857142857,2.373250000000001,110.46,110.605,109.95,110.605,True,BELOW_MINIMUM_RELATIVE_VOLUME,False,,,,,,,,,,,,,,BELOW_MINIMUM_RELATIVE_VOLUME,False,,,,,,,,,,,,,,BELOW_MINIMUM_RELATIVE_VOLUME,False,,,,,,,,,,,,,
orb_v1.0,2024-07-10,754,ZWS,BBG001T36GB5,0.2581487243918158,14,LONG,False,BELOW_MINIMUM_RELATIVE_VOLUME,False,False,False,False,5665.0,21944.714285714286,1292811.0,0.643928571428572,28.81,28.8325,28.5801,28.8325,True,BELOW_MINIMUM_RELATIVE_VOLUME,False,,,,,,,,,,,,,,BELOW_MINIMUM_RELATIVE_VOLUME,False,,,,,,,,,,,,,,BELOW_MINIMUM_RELATIVE_VOLUME,False,,,,,,,,,,,,,
orb_v1.0,2024-07-10,755,CMS,BBG001S5PYJ3,0.2572556130670898,14,SHORT,False,BELOW_MINIMUM_RELATIVE_VOLUME,True,False,False,False,17754.0,69013.07142857143,2234435.214285714,0.9492857142857142,59.16,59.16,58.83,58.83,True,BELOW_MINIMUM_RELATIVE_VOLUME,False,,,,,,,,,,,,,,BELOW_MINIMUM_RELATIVE_VOLUME,False,,,,,,,,,,,,,,BELOW_MINIMUM_RELATIVE_VOLUME,False,,,,,,,,,,,,,
orb_v1.0,2024-07-10,756,GLNG,0001207179,0.25495197037896106,14,SHORT,False,BELOW_MINIMUM_RELATIVE_VOLUME,False,False,False,False,19157.0,75139.64285714286,1592304.0,1.0172357142857145,33.77,33.81,33.66,33.66,True,BELOW_MINIMUM_RELATIVE_VOLUME,False,,,,,,,,,,,,,,BELOW_MINIMUM_RELATIVE_VOLUME,False,,,,,,,,,,,,,,BELOW_MINIMUM_RELATIVE_VOLUME,False,,,,,,,,,,,,,
orb_v1.0,2024-07-10,757,WAB,BBG001S5XBT3,0.2543733350432233,14,LONG,False,BELOW_MINIMUM_RELATIVE_VOLUME,True,False,False,False,6234.0,24507.285714285714,1147815.0714285714,2.9949999999999966,157.54,158.0,157.08,158.0,True,BELOW_MINIMUM_RELATIVE_VOLUME,False,,,,,,,,,,,,,,BELOW_MINIMUM_RELATIVE_VOLUME,False,,,,,,,,,,,,,,BELOW_MINIMUM_RELATIVE_VOLUME,False,,,,,,,,,,,,,
orb_v1.0,2024-07-10,758,TRV,BBG001S5R103,0.25420018114312104,14,LONG,False,BELOW_MINIMUM_RELATIVE_VOLUME,True,False,False,False,21190.0,83359.5,1304102.0714285714,3.8840928571428526,203.83,205.24,203.83,205.18,True,BELOW_MINIMUM_RELATIVE_VOLUME,False,,,,,,,,,,,,,,BELOW_MINIMUM_RELATIVE_VOLUME,False,,,,,,,,,,,,,,BELOW_MINIMUM_RELATIVE_VOLUME,False,,,,,,,,,,,,,
orb_v1.0,2024-07-10,759,HASI,BBG0044K5DN3,0.2537095876052278,14,LONG,False,BELOW_MINIMUM_RELATIVE_VOLUME,False,False,False,False,6639.0,26167.714285714286,1212911.5714285714,0.8625714285714287,29.15,29.23,29.15,29.2,True,BELOW_MINIMUM_RELATIVE_VOLUME,False,,,,,,,,,,,,,,BELOW_MINIMUM_RELATIVE_VOLUME,False,,,,,,,,,,,,,,BELOW_MINIMUM_RELATIVE_VOLUME,False,,,,,,,,,,,,,
orb_v1.0,2024-07-10,760,FTV,BBG00BLVZ237,0.2531980503048715,14,LONG,False,BELOW_MINIMUM_RELATIVE_VOLUME,True,False,False,False,12686.0,50103.07142857143,1865431.0714285714,1.3253571428571422,72.47,72.97,72.47,72.76,True,BELOW_MINIMUM_RELATIVE_VOLUME,False,,,,,,,,,,,,,,BELOW_MINIMUM_RELATIVE_VOLUME,False,,,,,,,,,,,,,,BELOW_MINIMUM_RELATIVE_VOLUME,False,,,,,,,,,,,,,
orb_v1.0,2024-07-10,761,AMH,BBG003NXJNJ4,0.2528942673271278,14,LONG,False,BELOW_MINIMUM_RELATIVE_VOLUME,False,False,False,False,12676.0,50123.71428571428,2018841.7142857143,0.548571428571429,37.32,37.39,37.27,37.39,True,BELOW_MINIMUM_RELATIVE_VOLUME,False,,,,,,,,,,,,,,BELOW_MINIMUM_RELATIVE_VOLUME,False,,,,,,,,,,,,,,BELOW_MINIMUM_RELATIVE_VOLUME,False,,,,,,,,,,,,,
orb_v1.0,2024-07-10,762,MLGO,0001800392,0.2504250637370704,14,SHORT,False,BELOW_MINIMUM_RELATIVE_VOLUME,True,False,False,False,139186.0,555799.0,18960165.85714286,4.591857142857142,5.31,5.37,5.19,5.28,True,BELOW_MINIMUM_RELATIVE_VOLUME,False,,,,,,,,,,,,,,BELOW_MINIMUM_RELATIVE_VOLUME,False,,,,,,,,,,,,,,BELOW_MINIMUM_RELATIVE_VOLUME,False,,,,,,,,,,,,,
orb_v1.0,2024-07-10,763,APLS,BBG007KGRPZ3,0.2472275651087,14,SHORT,False,BELOW_MINIMUM_RELATIVE_VOLUME,False,False,False,False,6188.0,25029.571428571428,1687777.642857143,1.8493,37.72,37.795,37.08,37.08,True,BELOW_MINIMUM_RELATIVE_VOLUME,False,,,,,,,,,,,,,,BELOW_MINIMUM_RELATIVE_VOLUME,False,,,,,,,,,,,,,,BELOW_MINIMUM_RELATIVE_VOLUME,False,,,,,,,,,,,,,
orb_v1.0,2024-07-10,764,SRRK,BBG00KT2RSD4,0.24682461804281117,14,LONG,False,BELOW_MINIMUM_RELATIVE_VOLUME,False,False,False,False,7061.0,28607.35714285714,1270638.857142857,0.5182142857142857,7.94,8.015,7.94,7.99,True,BELOW_MINIMUM_RELATIVE_VOLUME,False,,,,,,,,,,,,,,BELOW_MINIMUM_RELATIVE_VOLUME,False,,,,,,,,,,,,,,BELOW_MINIMUM_RELATIVE_VOLUME,False,,,,,,,,,,,,,
orb_v1.0,2024-07-10,765,INVH,BBG00FQH6CJ7,0.24366818768872486,14,SHORT,False,BELOW_MINIMUM_RELATIVE_VOLUME,True,False,False,False,23004.0,94407.07142857143,3353895.714285714,0.5214285714285717,36.31,36.31,36.05,36.13,True,BELOW_MINIMUM_RELATIVE_VOLUME,False,,,,,,,,,,,,,,BELOW_MINIMUM_RELATIVE_VOLUME,False,,,,,,,,,,,,,,BELOW_MINIMUM_RELATIVE_VOLUME,False,,,,,,,,,,,,,
orb_v1.0,2024-07-10,766,WRB,BBG001S5P463,0.24305071892823626,14,LONG,False,BELOW_MINIMUM_RELATIVE_VOLUME,True,False,False,False,6456.0,26562.35714285714,1093397.2142857143,1.2808214285714266,79.04,79.22,79.04,79.22,True,BELOW_MINIMUM_RELATIVE_VOLUME,False,,,,,,,,,,,,,,BELOW_MINIMUM_RELATIVE_VOLUME,False,,,,,,,,,,,,,,BELOW_MINIMUM_RELATIVE_VOLUME,False,,,,,,,,,,,,,
orb_v1.0,2024-07-10,767,NCNO,BBG014GJ8XJ0,0.24217354517251105,14,DOJI,False,BELOW_MINIMUM_RELATIVE_VOLUME,False,False,False,False,2576.0,10637.0,1013574.5,0.6122142857142858,31.27,31.27,31.27,31.27,False,BELOW_MINIMUM_RELATIVE_VOLUME,False,,,,,,,,,,,,,,BELOW_MINIMUM_RELATIVE_VOLUME,False,,,,,,,,,,,,,,BELOW_MINIMUM_RELATIVE_VOLUME,False,,,,,,,,,,,,,
orb_v1.0,2024-07-10,768,BBWI,BBG001S5SWL1,0.2419382865657606,14,SHORT,False,BELOW_MINIMUM_RELATIVE_VOLUME,False,False,False,False,15216.0,62892.07142857143,3068731.5,1.076785714285715,37.44,37.44,37.225,37.28,True,BELOW_MINIMUM_RELATIVE_VOLUME,False,,,,,,,,,,,,,,BELOW_MINIMUM_RELATIVE_VOLUME,False,,,,,,,,,,,,,,BELOW_MINIMUM_RELATIVE_VOLUME,False,,,,,,,,,,,,,
orb_v1.0,2024-07-10,769,CHWY,BBG00P19DLQ4,0.24156835656782238,14,SHORT,False,BELOW_MINIMUM_RELATIVE_VOLUME,False,True,False,False,179755.0,744116.5,23302043.35714286,3.0787571428571434,24.96,25.0784,24.78,24.95,True,BELOW_MINIMUM_RELATIVE_VOLUME,False,,,,,,,,,,,,,,BELOW_MINIMUM_RELATIVE_VOLUME,False,,,,,,,,,,,,,,BELOW_MINIMUM_RELATIVE_VOLUME,False,,,,,,,,,,,,,
orb_v1.0,2024-07-10,770,ES,BBG001S5TRL1,0.24125347332641708,14,LONG,False,BELOW_MINIMUM_RELATIVE_VOLUME,True,False,False,False,19833.0,82208.14285714286,1969338.2142857143,0.9864285714285705,58.0,58.1,57.995,58.015,False,BELOW_MINIMUM_RELATIVE_VOLUME,False,,,,,,,,,,,,,,BELOW_MINIMUM_RELATIVE_VOLUME,False,,,,,,,,,,,,,,BELOW_MINIMUM_RELATIVE_VOLUME,False,,,,,,,,,,,,,
orb_v1.0,2024-07-10,771,CMC,BBG001S5PXG8,0.24038990714609632,14,DOJI,False,BELOW_MINIMUM_RELATIVE_VOLUME,False,False,False,False,7800.0,32447.285714285714,1020611.8571428572,1.4939285714285713,52.0,52.15,51.96,52.0,False,BELOW_MINIMUM_RELATIVE_VOLUME,False,,,,,,,,,,,,,,BELOW_MINIMUM_RELATIVE_VOLUME,False,,,,,,,,,,,,,,BELOW_MINIMUM_RELATIVE_VOLUME,False,,,,,,,,,,,,,
orb_v1.0,2024-07-10,772,SO,BBG001S5W777,0.24000807441833105,14,SHORT,False,BELOW_MINIMUM_RELATIVE_VOLUME,True,False,False,False,51296.0,213726.14285714287,3428593.8571428573,1.0592928571428573,78.43,78.54,78.13,78.17,True,BELOW_MINIMUM_RELATIVE_VOLUME,False,,,,,,,,,,,,,,BELOW_MINIMUM_RELATIVE_VOLUME,False,,,,,,,,,,,,,,BELOW_MINIMUM_RELATIVE_VOLUME,False,,,,,,,,,,,,,
orb_v1.0,2024-07-10,773,FTRE,BBG01GZF9W47,0.23504624701476484,14,LONG,False,BELOW_MINIMUM_RELATIVE_VOLUME,False,False,False,False,6088.0,25901.285714285714,1483292.0,0.9750071428571427,23.24,23.5685,23.24,23.365,False,BELOW_MINIMUM_RELATIVE_VOLUME,False,,,,,,,,,,,,,,BELOW_MINIMUM_RELATIVE_VOLUME,False,,,,,,,,,,,,,,BELOW_MINIMUM_RELATIVE_VOLUME,False,,,,,,,,,,,,,
orb_v1.0,2024-07-10,774,FSLR,BBG001S991Z7,0.2334772676326933,14,SHORT,False,BELOW_MINIMUM_RELATIVE_VOLUME,True,False,False,False,29982.0,128415.07142857143,2970313.5,11.643464285714293,226.87,228.0,226.21,226.835,True,BELOW_MINIMUM_RELATIVE_VOLUME,False,,,,,,,,,,,,,,BELOW_MINIMUM_RELATIVE_VOLUME,False,,,,,,,,,,,,,,BELOW_MINIMUM_RELATIVE_VOLUME,False,,,,,,,,,,,,,
orb_v1.0,2024-07-10,775,CWAN,BBG012C765M3,0.2294329477210258,14,SHORT,False,BELOW_MINIMUM_RELATIVE_VOLUME,False,False,False,False,2999.0,13071.357142857143,3265256.4285714286,0.5170428571428575,18.78,18.78,18.74,18.74,True,BELOW_MINIMUM_RELATIVE_VOLUME,False,,,,,,,,,,,,,,BELOW_MINIMUM_RELATIVE_VOLUME,False,,,,,,,,,,,,,,BELOW_MINIMUM_RELATIVE_VOLUME,False,,,,,,,,,,,,,
orb_v1.0,2024-07-10,776,ESI,BBG004KDL523,0.2284005879487169,14,LONG,False,BELOW_MINIMUM_RELATIVE_VOLUME,False,False,False,False,3918.0,17154.071428571428,1598164.4285714286,0.5067785714285716,27.22,27.41,27.18,27.31,True,BELOW_MINIMUM_RELATIVE_VOLUME,False,,,,,,,,,,,,,,BELOW_MINIMUM_RELATIVE_VOLUME,False,,,,,,,,,,,,,,BELOW_MINIMUM_RELATIVE_VOLUME,False,,,,,,,,,,,,,
orb_v1.0,2024-07-10,777,WDC,BBG001S5XD28,0.2283319659866577,14,LONG,False,BELOW_MINIMUM_RELATIVE_VOLUME,True,False,False,False,32046.0,140348.2857142857,4362242.714285715,2.2447571428571425,79.16,79.33,78.745,79.2,True,BELOW_MINIMUM_RELATIVE_VOLUME,False,,,,,,,,,,,,,,BELOW_MINIMUM_RELATIVE_VOLUME,False,,,,,,,,,,,,,,BELOW_MINIMUM_RELATIVE_VOLUME,False,,,,,,,,,,,,,
orb_v1.0,2024-07-10,778,OPCH,BBG001S6X756,0.22702324988122727,14,LONG,False,BELOW_MINIMUM_RELATIVE_VOLUME,False,False,False,False,8772.0,38639.21428571428,1930203.2857142857,0.6428000000000001,27.1,27.11,27.03,27.11,True,BELOW_MINIMUM_RELATIVE_VOLUME,False,,,,,,,,,,,,,,BELOW_MINIMUM_RELATIVE_VOLUME,False,,,,,,,,,,,,,,BELOW_MINIMUM_RELATIVE_VOLUME,False,,,,,,,,,,,,,
orb_v1.0,2024-07-10,779,AAON,BBG001S6CZK0,0.2268744897701546,14,SHORT,False,BELOW_MINIMUM_RELATIVE_VOLUME,False,False,False,False,3851.0,16974.14285714286,1421266.7857142857,2.7984714285714247,84.26,84.26,84.25,84.25,True,BELOW_MINIMUM_RELATIVE_VOLUME,False,,,,,,,,,,,,,,BELOW_MINIMUM_RELATIVE_VOLUME,False,,,,,,,,,,,,,,BELOW_MINIMUM_RELATIVE_VOLUME,False,,,,,,,,,,,,,
orb_v1.0,2024-07-10,780,NRIX,BBG00SDJ8M87,0.226535297416593,14,SHORT,False,BELOW_MINIMUM_RELATIVE_VOLUME,False,False,False,False,8021.0,35407.28571428572,1421423.2857142857,1.6330500000000008,20.99,20.99,20.65,20.65,True,BELOW_MINIMUM_RELATIVE_VOLUME,False,,,,,,,,,,,,,,BELOW_MINIMUM_RELATIVE_VOLUME,False,,,,,,,,,,,,,,BELOW_MINIMUM_RELATIVE_VOLUME,False,,,,,,,,,,,,,
orb_v1.0,2024-07-10,781,DJT,BBG011744HJ8,0.22615517560059337,14,SHORT,False,BELOW_MINIMUM_RELATIVE_VOLUME,False,False,False,False,143156.0,632999.0,12105244.5,4.181114285714285,30.01,30.1382,29.56,29.56,True,BELOW_MINIMUM_RELATIVE_VOLUME,False,,,,,,,,,,,,,,BELOW_MINIMUM_RELATIVE_VOLUME,False,,,,,,,,,,,,,,BELOW_MINIMUM_RELATIVE_VOLUME,False,,,,,,,,,,,,,
orb_v1.0,2024-07-10,782,GEO,BBG001S6VYZ6,0.22460312895433104,14,LONG,False,BELOW_MINIMUM_RELATIVE_VOLUME,False,False,False,False,22314.0,99348.57142857143,2598959.9285714286,0.5720714285714286,15.07,15.13,15.01,15.12,True,BELOW_MINIMUM_RELATIVE_VOLUME,False,,,,,,,,,,,,,,BELOW_MINIMUM_RELATIVE_VOLUME,False,,,,,,,,,,,,,,BELOW_MINIMUM_RELATIVE_VOLUME,False,,,,,,,,,,,,,
orb_v1.0,2024-07-10,783,SNX,BBG001SFQWB2,0.22408975534842054,14,DOJI,False,BELOW_MINIMUM_RELATIVE_VOLUME,False,False,False,False,5253.0,23441.5,1282759.2142857143,3.17175714285714,111.29,111.29,111.29,111.29,False,BELOW_MINIMUM_RELATIVE_VOLUME,False,,,,,,,,,,,,,,BELOW_MINIMUM_RELATIVE_VOLUME,False,,,,,,,,,,,,,,BELOW_MINIMUM_RELATIVE_VOLUME,False,,,,,,,,,,,,,
orb_v1.0,2024-07-10,784,CNK,BBG001SS31W4,0.22342189923700295,14,DOJI,False,BELOW_MINIMUM_RELATIVE_VOLUME,False,False,False,False,17243.0,77176.85714285714,3052584.1428571427,0.6777071428571421,21.68,21.73,21.62,21.68,False,BELOW_MINIMUM_RELATIVE_VOLUME,False,,,,,,,,,,,,,,BELOW_MINIMUM_RELATIVE_VOLUME,False,,,,,,,,,,,,,,BELOW_MINIMUM_RELATIVE_VOLUME,False,,,,,,,,,,,,,
orb_v1.0,2024-07-10,785,MTSI,BBG001T4BB37,0.22337595606771823,14,SHORT,False,BELOW_MINIMUM_RELATIVE_VOLUME,False,False,False,False,2981.0,13345.214285714286,1176566.357142857,3.180664285714286,116.83,116.83,116.435,116.44,True,BELOW_MINIMUM_RELATIVE_VOLUME,False,,,,,,,,,,,,,,BELOW_MINIMUM_RELATIVE_VOLUME,False,,,,,,,,,,,,,,BELOW_MINIMUM_RELATIVE_VOLUME,False,,,,,,,,,,,,,
orb_v1.0,2024-07-10,786,EIX,BBG001S7MY75,0.22294732686657517,14,SHORT,False,BELOW_MINIMUM_RELATIVE_VOLUME,True,False,False,False,16862.0,75632.21428571429,1773831.357142857,1.0521428571428584,71.91,71.9299,71.71,71.735,True,BELOW_MINIMUM_RELATIVE_VOLUME,False,,,,,,,,,,,,,,BELOW_MINIMUM_RELATIVE_VOLUME,False,,,,,,,,,,,,,,BELOW_MINIMUM_RELATIVE_VOLUME,False,,,,,,,,,,,,,
orb_v1.0,2024-07-10,787,AEP,BBG001S5NFD2,0.22201729326634875,14,SHORT,False,BELOW_MINIMUM_RELATIVE_VOLUME,True,False,False,False,36560.0,164671.85714285713,2507750.6428571427,1.2985499999999988,88.0,88.04,87.82,87.885,True,BELOW_MINIMUM_RELATIVE_VOLUME,False,,,,,,,,,,,,,,BELOW_MINIMUM_RELATIVE_VOLUME,False,,,,,,,,,,,,,,BELOW_MINIMUM_RELATIVE_VOLUME,False,,,,,,,,,,,,,
orb_v1.0,2024-07-10,788,PDCO,BBG001S5V2S6,0.2199113836090015,14,LONG,False,BELOW_MINIMUM_RELATIVE_VOLUME,False,False,False,False,10873.0,49442.642857142855,1327619.9285714286,0.7249999999999991,23.37,23.4156,23.32,23.39,True,BELOW_MINIMUM_RELATIVE_VOLUME,False,,,,,,,,,,,,,,BELOW_MINIMUM_RELATIVE_VOLUME,False,,,,,,,,,,,,,,BELOW_MINIMUM_RELATIVE_VOLUME,False,,,,,,,,,,,,,
orb_v1.0,2024-07-10,789,VRNS,BBG001Y04TP4,0.21958267281820149,14,SHORT,False,BELOW_MINIMUM_RELATIVE_VOLUME,False,False,False,False,4858.0,22123.785714285714,1460312.857142857,1.3726214285714293,46.18,46.18,45.78,45.8175,True,BELOW_MINIMUM_RELATIVE_VOLUME,False,,,,,,,,,,,,,,BELOW_MINIMUM_RELATIVE_VOLUME,False,,,,,,,,,,,,,,BELOW_MINIMUM_RELATIVE_VOLUME,False,,,,,,,,,,,,,
orb_v1.0,2024-07-10,790,VRRM,BBG00G4XQBP7,0.2195818701213632,14,LONG,False,BELOW_MINIMUM_RELATIVE_VOLUME,False,False,False,False,5172.0,23553.85714285714,1437933.7142857143,0.5672214285714282,27.96,28.0577,27.96,28.02,True,BELOW_MINIMUM_RELATIVE_VOLUME,False,,,,,,,,,,,,,,BELOW_MINIMUM_RELATIVE_VOLUME,False,,,,,,,,,,,,,,BELOW_MINIMUM_RELATIVE_VOLUME,False,,,,,,,,,,,,,
orb_v1.0,2024-07-10,791,ALT,BBG001SNS461,0.2188477914265263,14,LONG,False,BELOW_MINIMUM_RELATIVE_VOLUME,False,False,False,False,54444.0,248775.64285714287,6238434.642857143,0.7157071428571429,6.96,6.97,6.8604,6.9699,True,BELOW_MINIMUM_RELATIVE_VOLUME,False,,,,,,,,,,,,,,BELOW_MINIMUM_RELATIVE_VOLUME,False,,,,,,,,,,,,,,BELOW_MINIMUM_RELATIVE_VOLUME,False,,,,,,,,,,,,,
orb_v1.0,2024-07-10,792,NEE,BBG001S5RB29,0.21823146391930137,14,SHORT,False,BELOW_MINIMUM_RELATIVE_VOLUME,True,False,False,False,166891.0,764743.0714285715,12573359.5,1.7987785714285696,72.26,72.35,71.82,71.89,True,BELOW_MINIMUM_RELATIVE_VOLUME,False,,,,,,,,,,,,,,BELOW_MINIMUM_RELATIVE_VOLUME,False,,,,,,,,,,,,,,BELOW_MINIMUM_RELATIVE_VOLUME,False,,,,,,,,,,,,,
orb_v1.0,2024-07-10,793,IOT,BBG0099PW5Q0,0.2148957092707524,14,SHORT,False,BELOW_MINIMUM_RELATIVE_VOLUME,True,False,False,False,26021.0,121086.64285714286,4666936.214285715,1.2799571428571426,35.6,35.6,35.01,35.13,True,BELOW_MINIMUM_RELATIVE_VOLUME,False,,,,,,,,,,,,,,BELOW_MINIMUM_RELATIVE_VOLUME,False,,,,,,,,,,,,,,BELOW_MINIMUM_RELATIVE_VOLUME,False,,,,,,,,,,,,,
orb_v1.0,2024-07-10,794,CSGP,BBG001SD3DY9,0.21397633441462696,14,SHORT,False,BELOW_MINIMUM_RELATIVE_VOLUME,True,False,False,False,23219.0,108512.0,3039822.4285714286,1.3742857142857108,71.99,71.99,71.52,71.5202,True,BELOW_MINIMUM_RELATIVE_VOLUME,False,,,,,,,,,,,,,,BELOW_MINIMUM_RELATIVE_VOLUME,False,,,,,,,,,,,,,,BELOW_MINIMUM_RELATIVE_VOLUME,False,,,,,,,,,,,,,
orb_v1.0,2024-07-10,795,RYAN,BBG011K4W1Y0,0.21178654809998484,14,SHORT,False,BELOW_MINIMUM_RELATIVE_VOLUME,False,False,False,False,3797.0,17928.428571428572,2381636.5714285714,1.7682142857142875,56.6,56.6,56.29,56.29,True,BELOW_MINIMUM_RELATIVE_VOLUME,False,,,,,,,,,,,,,,BELOW_MINIMUM_RELATIVE_VOLUME,False,,,,,,,,,,,,,,BELOW_MINIMUM_RELATIVE_VOLUME,False,,,,,,,,,,,,,
orb_v1.0,2024-07-10,796,APTV,0001521332,0.21161000047432008,14,LONG,False,BELOW_MINIMUM_RELATIVE_VOLUME,True,False,False,False,26768.0,126496.85714285714,4204853.142857143,2.638071428571428,69.42,69.69,69.23,69.5,True,BELOW_MINIMUM_RELATIVE_VOLUME,False,,,,,,,,,,,,,,BELOW_MINIMUM_RELATIVE_VOLUME,False,,,,,,,,,,,,,,BELOW_MINIMUM_RELATIVE_VOLUME,False,,,,,,,,,,,,,
orb_v1.0,2024-07-10,797,WHR,BBG001S5XFS5,0.2100357850573795,14,LONG,False,BELOW_MINIMUM_RELATIVE_VOLUME,False,False,False,False,14468.0,68883.5,1799817.142857143,3.5208714285714273,101.34,101.4,101.05,101.35,True,BELOW_MINIMUM_RELATIVE_VOLUME,False,,,,,,,,,,,,,,BELOW_MINIMUM_RELATIVE_VOLUME,False,,,,,,,,,,,,,,BELOW_MINIMUM_RELATIVE_VOLUME,False,,,,,,,,,,,,,
orb_v1.0,2024-07-10,798,KTOS,BBG001SD5VL1,0.2074960776719424,14,LONG,False,BELOW_MINIMUM_RELATIVE_VOLUME,False,False,False,False,9031.0,43523.71428571428,1300456.0,0.5904928571428572,20.5,20.61,20.5,20.57,True,BELOW_MINIMUM_RELATIVE_VOLUME,False,,,,,,,,,,,,,,BELOW_MINIMUM_RELATIVE_VOLUME,False,,,,,,,,,,,,,,BELOW_MINIMUM_RELATIVE_VOLUME,False,,,,,,,,,,,,,
orb_v1.0,2024-07-10,799,GILD,BBG001S6Y1X7,0.20736226177568348,14,SHORT,False,BELOW_MINIMUM_RELATIVE_VOLUME,True,False,False,False,83630.0,403303.85714285716,9667376.785714285,1.920221428571429,67.83,68.04,67.71,67.8,True,BELOW_MINIMUM_RELATIVE_VOLUME,False,,,,,,,,,,,,,,BELOW_MINIMUM_RELATIVE_VOLUME,False,,,,,,,,,,,,,,BELOW_MINIMUM_RELATIVE_VOLUME,False,,,,,,,,,,,,,
orb_v1.0,2024-07-10,800,MAX,BBG00XRTJ8D2,0.20684589669946796,14,LONG,False,BELOW_MINIMUM_RELATIVE_VOLUME,False,False,False,False,6276.0,30341.428571428572,1302777.357142857,0.7773285714285711,12.85,13.009,12.7984,12.855,True,BELOW_MINIMUM_RELATIVE_VOLUME,False,,,,,,,,,,,,,,BELOW_MINIMUM_RELATIVE_VOLUME,False,,,,,,,,,,,,,,BELOW_MINIMUM_RELATIVE_VOLUME,False,,,,,,,,,,,,,
orb_v1.0,2024-07-10,801,IE,BBG012WFRMH9,0.20272026010055044,14,LONG,False,BELOW_MINIMUM_RELATIVE_VOLUME,False,False,False,False,2307.0,11380.214285714286,1176466.0,0.5241428571428572,10.27,10.49,10.27,10.315,False,BELOW_MINIMUM_RELATIVE_VOLUME,False,,,,,,,,,,,,,,BELOW_MINIMUM_RELATIVE_VOLUME,False,,,,,,,,,,,,,,BELOW_MINIMUM_RELATIVE_VOLUME,False,,,,,,,,,,,,,
orb_v1.0,2024-07-10,802,RMD,BBG001SBGRC2,0.20261702073913154,14,SHORT,False,BELOW_MINIMUM_RELATIVE_VOLUME,True,False,False,False,8021.0,39587.0,1537302.5,6.732500000000006,191.74,192.44,191.42,191.42,True,BELOW_MINIMUM_RELATIVE_VOLUME,False,,,,,,,,,,,,,,BELOW_MINIMUM_RELATIVE_VOLUME,False,,,,,,,,,,,,,,BELOW_MINIMUM_RELATIVE_VOLUME,False,,,,,,,,,,,,,
orb_v1.0,2024-07-10,803,ALTR,BBG001SR65P2,0.2001979881845761,14,SHORT,False,BELOW_MINIMUM_RELATIVE_VOLUME,False,False,False,False,2239.0,11183.92857142857,1098450.9285714286,2.2068857142857135,96.49,96.49,96.12,96.12,True,BELOW_MINIMUM_RELATIVE_VOLUME,False,,,,,,,,,,,,,,BELOW_MINIMUM_RELATIVE_VOLUME,False,,,,,,,,,,,,,,BELOW_MINIMUM_RELATIVE_VOLUME,False,,,,,,,,,,,,,
orb_v1.0,2024-07-10,804,SRE,BBG001SBVZ73,0.19785544542978034,14,SHORT,False,BELOW_MINIMUM_RELATIVE_VOLUME,True,False,False,False,25602.0,129397.5,2927909.285714286,1.2532142857142878,75.91,75.91,75.58,75.635,True,BELOW_MINIMUM_RELATIVE_VOLUME,False,,,,,,,,,,,,,,BELOW_MINIMUM_RELATIVE_VOLUME,False,,,,,,,,,,,,,,BELOW_MINIMUM_RELATIVE_VOLUME,False,,,,,,,,,,,,,
orb_v1.0,2024-07-10,805,MIRM,BBG00MH7T2N6,0.19715109733130917,14,SHORT,False,BELOW_MINIMUM_RELATIVE_VOLUME,False,False,False,False,4165.0,21125.928571428572,1122281.7857142857,1.84,36.7,36.7,36.56,36.56,True,BELOW_MINIMUM_RELATIVE_VOLUME,False,,,,,,,,,,,,,,BELOW_MINIMUM_RELATIVE_VOLUME,False,,,,,,,,,,,,,,BELOW_MINIMUM_RELATIVE_VOLUME,False,,,,,,,,,,,,,
orb_v1.0,2024-07-10,806,SM,BBG001S6W0J7,0.1892944083296104,14,LONG,False,BELOW_MINIMUM_RELATIVE_VOLUME,False,False,False,False,14830.0,78343.57142857143,3254572.4285714286,1.6105214285714287,43.6,43.9479,43.55,43.92,True,BELOW_MINIMUM_RELATIVE_VOLUME,False,,,,,,,,,,,,,,BELOW_MINIMUM_RELATIVE_VOLUME,False,,,,,,,,,,,,,,BELOW_MINIMUM_RELATIVE_VOLUME,False,,,,,,,,,,,,,
orb_v1.0,2024-07-10,807,FLUT,0001635327,0.18838213706455578,14,SHORT,False,BELOW_MINIMUM_RELATIVE_VOLUME,True,False,False,False,5069.0,26908.071428571428,1254046.7142857143,4.532142857142866,200.96,200.96,200.58,200.645,True,BELOW_MINIMUM_RELATIVE_VOLUME,False,,,,,,,,,,,,,,BELOW_MINIMUM_RELATIVE_VOLUME,False,,,,,,,,,,,,,,BELOW_MINIMUM_RELATIVE_VOLUME,False,,,,,,,,,,,,,
orb_v1.0,2024-07-10,808,X,BBG001S5XL75,0.18644018289463338,14,LONG,False,BELOW_MINIMUM_RELATIVE_VOLUME,False,False,False,False,11854.0,63580.71428571428,2819208.5,1.0235571428571422,38.84,38.99,38.84,38.88,False,BELOW_MINIMUM_RELATIVE_VOLUME,False,,,,,,,,,,,,,,BELOW_MINIMUM_RELATIVE_VOLUME,False,,,,,,,,,,,,,,BELOW_MINIMUM_RELATIVE_VOLUME,False,,,,,,,,,,,,,
orb_v1.0,2024-07-10,809,CATX,BBG001S5Q300,0.18615557820546128,14,LONG,False,BELOW_MINIMUM_RELATIVE_VOLUME,False,False,False,True,3992.0,21444.428571428572,1539840.7857142857,1.0260642857142859,10.41,10.57,10.41,10.57,True,BELOW_MINIMUM_RELATIVE_VOLUME,False,,,,,,,,,,,,,,BELOW_MINIMUM_RELATIVE_VOLUME,False,,,,,,,,,,,,,,BELOW_MINIMUM_RELATIVE_VOLUME,False,,,,,,,,,,,,,
orb_v1.0,2024-07-10,810,FLR,BBG001S5Q738,0.1856340911335899,14,SHORT,False,BELOW_MINIMUM_RELATIVE_VOLUME,False,False,False,False,6309.0,33986.21428571428,1762846.2857142857,1.048571428571428,43.86,43.86,43.83,43.83,True,BELOW_MINIMUM_RELATIVE_VOLUME,False,,,,,,,,,,,,,,BELOW_MINIMUM_RELATIVE_VOLUME,False,,,,,,,,,,,,,,BELOW_MINIMUM_RELATIVE_VOLUME,False,,,,,,,,,,,,,
orb_v1.0,2024-07-10,811,CBRE,BBG001SC2D27,0.18494259559649975,14,DOJI,False,BELOW_MINIMUM_RELATIVE_VOLUME,True,False,False,False,8380.0,45311.357142857145,1581650.0,1.733928571428574,88.93,88.93,88.93,88.93,False,BELOW_MINIMUM_RELATIVE_VOLUME,False,,,,,,,,,,,,,,BELOW_MINIMUM_RELATIVE_VOLUME,False,,,,,,,,,,,,,,BELOW_MINIMUM_RELATIVE_VOLUME,False,,,,,,,,,,,,,
orb_v1.0,2024-07-10,812,NSC,BBG001S5TQJ6,0.18463558926774185,14,LONG,False,BELOW_MINIMUM_RELATIVE_VOLUME,True,False,False,False,6447.0,34917.42857142857,1314195.7142857143,4.559071428571433,214.25,214.4178,213.27,214.4178,True,BELOW_MINIMUM_RELATIVE_VOLUME,False,,,,,,,,,,,,,,BELOW_MINIMUM_RELATIVE_VOLUME,False,,,,,,,,,,,,,,BELOW_MINIMUM_RELATIVE_VOLUME,False,,,,,,,,,,,,,
orb_v1.0,2024-07-10,813,SUM,BBG006K8P6F9,0.18398158803222092,14,LONG,False,BELOW_MINIMUM_RELATIVE_VOLUME,False,False,False,False,5139.0,27932.14285714286,1053537.7142857143,0.8360499999999996,35.87,36.0,35.87,36.0,True,BELOW_MINIMUM_RELATIVE_VOLUME,False,,,,,,,,,,,,,,BELOW_MINIMUM_RELATIVE_VOLUME,False,,,,,,,,,,,,,,BELOW_MINIMUM_RELATIVE_VOLUME,False,,,,,,,,,,,,,
orb_v1.0,2024-07-10,814,HSIC,BBG001S6S7F1,0.18374271831628683,14,LONG,False,BELOW_MINIMUM_RELATIVE_VOLUME,False,False,False,False,4889.0,26607.85714285714,1121384.857142857,1.3521785714285701,64.47,64.51,64.2,64.51,True,BELOW_MINIMUM_RELATIVE_VOLUME,False,,,,,,,,,,,,,,BELOW_MINIMUM_RELATIVE_VOLUME,False,,,,,,,,,,,,,,BELOW_MINIMUM_RELATIVE_VOLUME,False,,,,,,,,,,,,,
orb_v1.0,2024-07-10,815,CPB,BBG001S5Q2B0,0.1820395724894467,14,SHORT,False,BELOW_MINIMUM_RELATIVE_VOLUME,False,False,False,False,11896.0,65348.42857142857,2881974.3571428573,0.8157142857142864,45.47,45.49,45.22,45.35,False,BELOW_MINIMUM_RELATIVE_VOLUME,False,,,,,,,,,,,,,,BELOW_MINIMUM_RELATIVE_VOLUME,False,,,,,,,,,,,,,,BELOW_MINIMUM_RELATIVE_VOLUME,False,,,,,,,,,,,,,
orb_v1.0,2024-07-10,816,HUM,BBG001S5S1X6,0.1812032621675383,14,SHORT,False,BELOW_MINIMUM_RELATIVE_VOLUME,True,False,False,False,8140.0,44921.92857142857,1329831.7142857143,8.724285714285713,373.69,373.69,370.31,373.01,False,BELOW_MINIMUM_RELATIVE_VOLUME,False,,,,,,,,,,,,,,BELOW_MINIMUM_RELATIVE_VOLUME,False,,,,,,,,,,,,,,BELOW_MINIMUM_RELATIVE_VOLUME,False,,,,,,,,,,,,,
orb_v1.0,2024-07-10,817,RNA,BBG00FQ7LXX0,0.18102415108044306,14,LONG,False,BELOW_MINIMUM_RELATIVE_VOLUME,False,False,False,False,9969.0,55070.0,1977511.5714285714,1.9661642857142871,40.49,40.89,40.43,40.68,True,BELOW_MINIMUM_RELATIVE_VOLUME,False,,,,,,,,,,,,,,BELOW_MINIMUM_RELATIVE_VOLUME,False,,,,,,,,,,,,,,BELOW_MINIMUM_RELATIVE_VOLUME,False,,,,,,,,,,,,,
orb_v1.0,2024-07-10,818,ETNB,BBG00QKDZ985,0.1805795878779531,14,SHORT,False,BELOW_MINIMUM_RELATIVE_VOLUME,False,False,False,False,4495.0,24892.071428571428,1498186.2142857143,0.5380357142857142,8.13,8.13,7.96,8.045,False,BELOW_MINIMUM_RELATIVE_VOLUME,False,,,,,,,,,,,,,,BELOW_MINIMUM_RELATIVE_VOLUME,False,,,,,,,,,,,,,,BELOW_MINIMUM_RELATIVE_VOLUME,False,,,,,,,,,,,,,
orb_v1.0,2024-07-10,819,WEC,BBG001S5XDC7,0.17924585537504673,14,SHORT,False,BELOW_MINIMUM_RELATIVE_VOLUME,True,False,False,False,13084.0,72994.71428571429,1830557.7142857143,0.9904142857142811,78.23,78.23,77.91,77.91,True,BELOW_MINIMUM_RELATIVE_VOLUME,False,,,,,,,,,,,,,,BELOW_MINIMUM_RELATIVE_VOLUME,False,,,,,,,,,,,,,,BELOW_MINIMUM_RELATIVE_VOLUME,False,,,,,,,,,,,,,
orb_v1.0,2024-07-10,820,ATI,BBG001S8WY72,0.17535048781344795,14,LONG,False,BELOW_MINIMUM_RELATIVE_VOLUME,False,False,False,False,5347.0,30493.214285714286,2671161.5714285714,1.7553571428571442,57.99,58.3,57.55,58.21,True,BELOW_MINIMUM_RELATIVE_VOLUME,False,,,,,,,,,,,,,,BELOW_MINIMUM_RELATIVE_VOLUME,False,,,,,,,,,,,,,,BELOW_MINIMUM_RELATIVE_VOLUME,False,,,,,,,,,,,,,
orb_v1.0,2024-07-10,821,CRC,BBG00Y04KQ51,0.1735824856052755,14,DOJI,False,BELOW_MINIMUM_RELATIVE_VOLUME,False,False,False,False,2668.0,15370.214285714286,1450915.357142857,1.4861428571428565,50.3,50.3,50.3,50.3,False,BELOW_MINIMUM_RELATIVE_VOLUME,False,,,,,,,,,,,,,,BELOW_MINIMUM_RELATIVE_VOLUME,False,,,,,,,,,,,,,,BELOW_MINIMUM_RELATIVE_VOLUME,False,,,,,,,,,,,,,
orb_v1.0,2024-07-10,822,CTRI,BBG01M4ZP9S1,0.171208249198604,14,DOJI,False,BELOW_MINIMUM_RELATIVE_VOLUME,False,False,False,False,3010.0,17580.928571428572,1137128.7857142857,1.3669857142857142,18.91,18.91,18.91,18.91,False,BELOW_MINIMUM_RELATIVE_VOLUME,False,,,,,,,,,,,,,,BELOW_MINIMUM_RELATIVE_VOLUME,False,,,,,,,,,,,,,,BELOW_MINIMUM_RELATIVE_VOLUME,False,,,,,,,,,,,,,
orb_v1.0,2024-07-10,823,MUR,BBG001S5TG80,0.17088883066375926,14,LONG,False,BELOW_MINIMUM_RELATIVE_VOLUME,False,False,False,False,5637.0,32986.357142857145,1406014.7857142857,0.8907071428571426,39.75,39.79,39.74,39.76,True,BELOW_MINIMUM_RELATIVE_VOLUME,False,,,,,,,,,,,,,,BELOW_MINIMUM_RELATIVE_VOLUME,False,,,,,,,,,,,,,,BELOW_MINIMUM_RELATIVE_VOLUME,False,,,,,,,,,,,,,
orb_v1.0,2024-07-10,824,ZETA,BBG010FXVQB5,0.16967689642829223,14,DOJI,False,BELOW_MINIMUM_RELATIVE_VOLUME,False,False,False,False,29457.0,173606.42857142858,2946163.785714286,0.6384999999999994,17.04,17.1475,17.0101,17.04,False,BELOW_MINIMUM_RELATIVE_VOLUME,False,,,,,,,,,,,,,,BELOW_MINIMUM_RELATIVE_VOLUME,False,,,,,,,,,,,,,,BELOW_MINIMUM_RELATIVE_VOLUME,False,,,,,,,,,,,,,
orb_v1.0,2024-07-10,825,LEVI,BBG001S9NVN8,0.16838053204826023,14,SHORT,False,BELOW_MINIMUM_RELATIVE_VOLUME,False,False,False,False,29213.0,173493.92857142858,3930975.4285714286,0.7896428571428569,18.42,18.46,18.32,18.32,True,BELOW_MINIMUM_RELATIVE_VOLUME,False,,,,,,,,,,,,,,BELOW_MINIMUM_RELATIVE_VOLUME,False,,,,,,,,,,,,,,BELOW_MINIMUM_RELATIVE_VOLUME,False,,,,,,,,,,,,,
orb_v1.0,2024-07-10,826,EXLS,BBG001SKWX40,0.16536644700526112,14,LONG,False,BELOW_MINIMUM_RELATIVE_VOLUME,False,False,False,False,4836.0,29244.14285714286,1139747.5714285714,0.5521428571428572,31.68,31.69,31.58,31.69,False,BELOW_MINIMUM_RELATIVE_VOLUME,False,,,,,,,,,,,,,,BELOW_MINIMUM_RELATIVE_VOLUME,False,,,,,,,,,,,,,,BELOW_MINIMUM_RELATIVE_VOLUME,False,,,,,,,,,,,,,
orb_v1.0,2024-07-10,827,ED,BBG001S5QRL4,0.16326654935009172,14,SHORT,False,BELOW_MINIMUM_RELATIVE_VOLUME,True,False,False,False,11869.0,72697.07142857143,1581768.2142857143,1.1564571428571415,89.18,89.364,88.8601,88.8701,True,BELOW_MINIMUM_RELATIVE_VOLUME,False,,,,,,,,,,,,,,BELOW_MINIMUM_RELATIVE_VOLUME,False,,,,,,,,,,,,,,BELOW_MINIMUM_RELATIVE_VOLUME,False,,,,,,,,,,,,,
orb_v1.0,2024-07-10,828,AESI,BBG01JFZ96Y3,0.1630844763417064,14,SHORT,False,BELOW_MINIMUM_RELATIVE_VOLUME,False,False,False,False,2795.0,17138.35714285714,1796698.2857142857,0.5670785714285712,19.88,19.88,19.71,19.83,False,BELOW_MINIMUM_RELATIVE_VOLUME,False,,,,,,,,,,,,,,BELOW_MINIMUM_RELATIVE_VOLUME,False,,,,,,,,,,,,,,BELOW_MINIMUM_RELATIVE_VOLUME,False,,,,,,,,,,,,,
orb_v1.0,2024-07-10,829,RXO,BBG0160DYDC7,0.16109758249514736,14,LONG,False,BELOW_MINIMUM_RELATIVE_VOLUME,False,False,False,False,6521.0,40478.57142857143,1369469.642857143,1.094021428571429,26.63,26.77,26.63,26.74,True,BELOW_MINIMUM_RELATIVE_VOLUME,False,,,,,,,,,,,,,,BELOW_MINIMUM_RELATIVE_VOLUME,False,,,,,,,,,,,,,,BELOW_MINIMUM_RELATIVE_VOLUME,False,,,,,,,,,,,,,
orb_v1.0,2024-07-10,830,BL,BBG0029KJVD8,0.15401927687264544,14,SHORT,False,BELOW_MINIMUM_RELATIVE_VOLUME,False,False,False,False,3148.0,20439.0,1258223.0714285714,1.4557142857142853,47.42,47.42,47.135,47.35,True,BELOW_MINIMUM_RELATIVE_VOLUME,False,,,,,,,,,,,,,,BELOW_MINIMUM_RELATIVE_VOLUME,False,,,,,,,,,,,,,,BELOW_MINIMUM_RELATIVE_VOLUME,False,,,,,,,,,,,,,
orb_v1.0,2024-07-10,831,MTDR,BBG001T3L5S4,0.15332496863237138,14,LONG,False,BELOW_MINIMUM_RELATIVE_VOLUME,False,False,False,False,4888.0,31880.0,2658536.5,1.6013499999999996,58.52,58.635,58.495,58.53,True,BELOW_MINIMUM_RELATIVE_VOLUME,False,,,,,,,,,,,,,,BELOW_MINIMUM_RELATIVE_VOLUME,False,,,,,,,,,,,,,,BELOW_MINIMUM_RELATIVE_VOLUME,False,,,,,,,,,,,,,
orb_v1.0,2024-07-10,832,CADE,BBG001SHFG98,0.15012130887880426,14,DOJI,False,BELOW_MINIMUM_RELATIVE_VOLUME,False,False,False,False,5118.0,34092.42857142857,1190156.357142857,0.6235714285714291,28.12,28.12,28.12,28.12,False,BELOW_MINIMUM_RELATIVE_VOLUME,False,,,,,,,,,,,,,,BELOW_MINIMUM_RELATIVE_VOLUME,False,,,,,,,,,,,,,,BELOW_MINIMUM_RELATIVE_VOLUME,False,,,,,,,,,,,,,
orb_v1.0,2024-07-10,833,NKLA,BBG00L4CWQW4,0.14562843944416137,14,SHORT,False,BELOW_MINIMUM_RELATIVE_VOLUME,False,True,False,False,232371.0,1595643.0,50957416.071428575,1.7239785714285714,9.75,9.77,9.4002,9.48,True,BELOW_MINIMUM_RELATIVE_VOLUME,False,,,,,,,,,,,,,,BELOW_MINIMUM_RELATIVE_VOLUME,False,,,,,,,,,,,,,,BELOW_MINIMUM_RELATIVE_VOLUME,False,,,,,,,,,,,,,
orb_v1.0,2024-07-10,834,CPRI,0001530721,0.1410024039950681,14,SHORT,False,BELOW_MINIMUM_RELATIVE_VOLUME,False,False,False,False,5040.0,35744.07142857143,1220537.9285714286,0.7342857142857139,34.05,34.05,33.91,34.04,True,BELOW_MINIMUM_RELATIVE_VOLUME,False,,,,,,,,,,,,,,BELOW_MINIMUM_RELATIVE_VOLUME,False,,,,,,,,,,,,,,BELOW_MINIMUM_RELATIVE_VOLUME,False,,,,,,,,,,,,,
orb_v1.0,2024-07-10,835,DFS,BBG001SS0KV6,0.13693482972972337,14,SHORT,False,BELOW_MINIMUM_RELATIVE_VOLUME,True,False,False,False,4165.0,30415.928571428572,1456655.0,2.8626071428571414,129.65,129.65,129.26,129.26,True,BELOW_MINIMUM_RELATIVE_VOLUME,False,,,,,,,,,,,,,,BELOW_MINIMUM_RELATIVE_VOLUME,False,,,,,,,,,,,,,,BELOW_MINIMUM_RELATIVE_VOLUME,False,,,,,,,,,,,,,
orb_v1.0,2024-07-10,836,SLDB,BBG00JN4FXH7,0.127916514764856,14,LONG,False,BELOW_MINIMUM_RELATIVE_VOLUME,True,False,False,False,3609.0,28213.714285714286,1133226.142857143,0.6312714285714285,6.63,6.73,6.63,6.73,True,BELOW_MINIMUM_RELATIVE_VOLUME,False,,,,,,,,,,,,,,BELOW_MINIMUM_RELATIVE_VOLUME,False,,,,,,,,,,,,,,BELOW_MINIMUM_RELATIVE_VOLUME,False,,,,,,,,,,,,,
orb_v1.0,2024-07-10,837,SRPT,BBG001S6KJC6,0.1269796351266037,14,SHORT,False,BELOW_MINIMUM_RELATIVE_VOLUME,False,False,False,False,15128.0,119137.21428571429,2773717.5714285714,8.488207142857146,151.0,151.55,149.95,150.92,True,BELOW_MINIMUM_RELATIVE_VOLUME,False,,,,,,,,,,,,,,BELOW_MINIMUM_RELATIVE_VOLUME,False,,,,,,,,,,,,,,BELOW_MINIMUM_RELATIVE_VOLUME,False,,,,,,,,,,,,,
orb_v1.0,2024-07-10,838,APG,BBG00HVV7984,0.12177297199167182,14,SHORT,False,BELOW_MINIMUM_RELATIVE_VOLUME,False,False,False,False,7666.0,62953.21428571428,3765795.6428571427,0.8582071428571432,36.78,36.78,36.56,36.56,True,BELOW_MINIMUM_RELATIVE_VOLUME,False,,,,,,,,,,,,,,BELOW_MINIMUM_RELATIVE_VOLUME,False,,,,,,,,,,,,,,BELOW_MINIMUM_RELATIVE_VOLUME,False,,,,,,,,,,,,,
orb_v1.0,2024-07-10,839,PTCT,BBG001SNNC86,0.12021217171320811,14,LONG,False,BELOW_MINIMUM_RELATIVE_VOLUME,False,False,False,False,3720.0,30945.285714285714,1189953.2857142857,2.078928571428571,31.69,31.85,31.47,31.85,True,BELOW_MINIMUM_RELATIVE_VOLUME,False,,,,,,,,,,,,,,BELOW_MINIMUM_RELATIVE_VOLUME,False,,,,,,,,,,,,,,BELOW_MINIMUM_RELATIVE_VOLUME,False,,,,,,,,,,,,,
orb_v1.0,2024-07-10,840,TENB,BBG00LBLCDR3,0.11987273464549737,14,SHORT,False,BELOW_MINIMUM_RELATIVE_VOLUME,False,False,False,False,2745.0,22899.285714285714,1059688.2142857143,1.0937285714285712,42.43,42.43,42.255,42.255,True,BELOW_MINIMUM_RELATIVE_VOLUME,False,,,,,,,,,,,,,,BELOW_MINIMUM_RELATIVE_VOLUME,False,,,,,,,,,,,,,,BELOW_MINIMUM_RELATIVE_VOLUME,False,,,,,,,,,,,,,
orb_v1.0,2024-07-10,841,ROST,BBG001S5VRS1,0.11891585015324514,14,LONG,False,BELOW_MINIMUM_RELATIVE_VOLUME,True,False,False,False,8558.0,71966.85714285714,2450733.285714286,1.8056999999999976,146.83,147.6,146.83,147.44,True,BELOW_MINIMUM_RELATIVE_VOLUME,False,,,,,,,,,,,,,,BELOW_MINIMUM_RELATIVE_VOLUME,False,,,,,,,,,,,,,,BELOW_MINIMUM_RELATIVE_VOLUME,False,,,,,,,,,,,,,
orb_v1.0,2024-07-10,842,DAWN,BBG00V1KSN13,0.11290369178068058,14,LONG,False,BELOW_MINIMUM_RELATIVE_VOLUME,False,False,False,False,3908.0,34613.57142857143,1097034.642857143,0.7399714285714284,14.89,15.0,14.85,14.92,False,BELOW_MINIMUM_RELATIVE_VOLUME,False,,,,,,,,,,,,,,BELOW_MINIMUM_RELATIVE_VOLUME,False,,,,,,,,,,,,,,BELOW_MINIMUM_RELATIVE_VOLUME,False,,,,,,,,,,,,,
orb_v1.0,2024-07-10,843,ULS,BBG007N72MB0,0.11183844489473505,14,DOJI,False,BELOW_MINIMUM_RELATIVE_VOLUME,False,False,False,False,1163.0,10398.92857142857,1082725.2857142857,1.4674357142857148,43.43,43.43,43.43,43.43,False,BELOW_MINIMUM_RELATIVE_VOLUME,False,,,,,,,,,,,,,,BELOW_MINIMUM_RELATIVE_VOLUME,False,,,,,,,,,,,,,,BELOW_MINIMUM_RELATIVE_VOLUME,False,,,,,,,,,,,,,
orb_v1.0,2024-07-10,844,PTGX,BBG002B63KP4,0.10614286484536041,14,SHORT,False,BELOW_MINIMUM_RELATIVE_VOLUME,False,False,False,False,3656.0,34444.142857142855,1959156.5,1.4664642857142867,34.62,34.64,34.565,34.565,True,BELOW_MINIMUM_RELATIVE_VOLUME,False,,,,,,,,,,,,,,BELOW_MINIMUM_RELATIVE_VOLUME,False,,,,,,,,,,,,,,BELOW_MINIMUM_RELATIVE_VOLUME,False,,,,,,,,,,,,,
orb_v1.0,2024-07-10,845,BBIO,BBG00P9KDZL5,0.10511158710842644,14,SHORT,False,BELOW_MINIMUM_RELATIVE_VOLUME,False,False,False,False,10908.0,103775.42857142857,3310787.8571428573,1.5339285714285713,25.85,25.99,25.605,25.605,True,BELOW_MINIMUM_RELATIVE_VOLUME,False,,,,,,,,,,,,,,BELOW_MINIMUM_RELATIVE_VOLUME,False,,,,,,,,,,,,,,BELOW_MINIMUM_RELATIVE_VOLUME,False,,,,,,,,,,,,,
orb_v1.0,2024-07-10,846,BIRK,0001977102,0.09838401502639334,14,SHORT,False,BELOW_MINIMUM_RELATIVE_VOLUME,False,False,False,False,6944.0,70580.57142857143,1843614.5,1.8475000000000006,56.45,56.575,56.14,56.19,True,BELOW_MINIMUM_RELATIVE_VOLUME,False,,,,,,,,,,,,,,BELOW_MINIMUM_RELATIVE_VOLUME,False,,,,,,,,,,,,,,BELOW_MINIMUM_RELATIVE_VOLUME,False,,,,,,,,,,,,,
orb_v1.0,2024-07-10,847,KVYO,BBG009WR3FM4,0.09256049921488863,14,SHORT,False,BELOW_MINIMUM_RELATIVE_VOLUME,False,False,False,False,5360.0,57908.07142857143,1321673.7142857143,0.9231642857142853,23.59,23.59,23.4,23.4,True,BELOW_MINIMUM_RELATIVE_VOLUME,False,,,,,,,,,,,,,,BELOW_MINIMUM_RELATIVE_VOLUME,False,,,,,,,,,,,,,,BELOW_MINIMUM_RELATIVE_VOLUME,False,,,,,,,,,,,,,
orb_v1.0,2024-07-10,848,ELS,BBG001S5T5G5,0.0847119722989752,14,SHORT,False,BELOW_MINIMUM_RELATIVE_VOLUME,False,False,False,False,2768.0,32675.428571428572,1365288.142857143,1.1145714285714285,64.4,64.485,64.245,64.245,True,BELOW_MINIMUM_RELATIVE_VOLUME,False,,,,,,,,,,,,,,BELOW_MINIMUM_RELATIVE_VOLUME,False,,,,,,,,,,,,,,BELOW_MINIMUM_RELATIVE_VOLUME,False,,,,,,,,,,,,,
orb_v1.0,2024-07-10,849,CERE,BBG00VCYVLJ2,0.0808194550498265,14,SHORT,False,BELOW_MINIMUM_RELATIVE_VOLUME,False,False,False,False,2389.0,29559.714285714286,2981075.4285714286,1.173214285714287,40.68,40.68,40.3,40.34,False,BELOW_MINIMUM_RELATIVE_VOLUME,False,,,,,,,,,,,,,,BELOW_MINIMUM_RELATIVE_VOLUME,False,,,,,,,,,,,,,,BELOW_MINIMUM_RELATIVE_VOLUME,False,,,,,,,,,,,,,
orb_v1.0,2024-07-10,850,FWONK,BBG01HLMBDC5,0.05109533345469992,14,DOJI,False,BELOW_MINIMUM_RELATIVE_VOLUME,True,False,False,False,1263.0,24718.5,1627222.2857142857,1.3422357142857126,73.64,73.64,73.64,73.64,False,BELOW_MINIMUM_RELATIVE_VOLUME,False,,,,,,,,,,,,,,BELOW_MINIMUM_RELATIVE_VOLUME,False,,,,,,,,,,,,,,BELOW_MINIMUM_RELATIVE_VOLUME,False,,,,,,,,,,,,,
orb_v1.0,2024-07-10,851,RIGL,BBG001SD33Z0,0.019996524668172644,14,SHORT,False,BELOW_MINIMUM_RELATIVE_VOLUME,False,False,False,False,748.0,37406.5,1907221.0714285714,1.0755035714285712,8.19,8.19,8.175,8.175,True,BELOW_MINIMUM_RELATIVE_VOLUME,False,,,,,,,,,,,,,,BELOW_MINIMUM_RELATIVE_VOLUME,False,,,,,,,,,,,,,,BELOW_MINIMUM_RELATIVE_VOLUME,False,,,,,,,,,,,,,
orb_v1.0,2024-07-10,852,RGS,BBG001S6RDV1,0.016146259902699724,14,LONG,False,BELOW_MINIMUM_RELATIVE_VOLUME,True,False,False,False,2139.0,132476.5,3487993.0714285714,3.625342857142857,21.35,21.39,21.35,21.36,True,BELOW_MINIMUM_RELATIVE_VOLUME,False,,,,,,,,,,,,,,BELOW_MINIMUM_RELATIVE_VOLUME,False,,,,,,,,,,,,,,BELOW_MINIMUM_RELATIVE_VOLUME,False,,,,,,,,,,,,,
