trading_date,ticker,stable_security_id,premarket_real_bars_60m,scorable,open_0930,close,day_mfe_pct,close_vs_open_pct,top_10_mover,realized_return_pct
2024-04-29,AA,BBG00B3T3HF1,5,false,36.880000,37.650000,3.579176,2.087852,false,0.000000
2024-04-29,AAL,BBG005P7Q907,41,true,13.850000,13.980000,1.227437,0.938628,false,0.000000
2024-04-29,AAOI,BBG001SG47G4,0,false,11.020000,10.220000,0.000000,-7.259528,false,0.000000
2024-04-29,AAON,BBG001S6CZK0,0,false,93.180000,93.890000,3.391286,0.761966,false,0.000000
2024-04-29,AAP,BBG001SD2SB2,0,false,75.270000,75.440000,1.155839,0.225854,false,0.000000
2024-04-29,AAT,BBG001TCBJS5,0,false,21.420000,21.720000,1.540616,1.400560,false,0.000000
2024-04-29,AB,BBG001S5N9S0,0,false,33.350000,34.080000,2.398801,2.188906,false,0.000000
2024-04-29,ABCB,BBG001S80PX7,0,false,48.510000,48.550000,0.412286,0.082457,false,0.000000
2024-04-29,ABCL,BBG00LLW2MH0,1,false,3.780000,3.840000,2.119048,1.587302,false,0.000000
2024-04-29,ABG,BBG001S9B5H5,0,false,222.510000,218.410000,0.000000,-1.842614,false,0.000000
2024-04-29,ABL,BBG00VY1KBC1,0,false,11.890000,11.840000,1.177460,-0.420521,false,0.000000
2024-04-29,ABM,BBG001S5N9B8,0,false,44.110000,44.280000,0.770800,0.385400,false,0.000000
2024-04-29,ABR,BBG001SJP3G4,21,true,12.950000,13.020000,0.965251,0.540541,false,0.000000
2024-04-29,ABSI,BBG011N54DC3,2,false,4.670000,4.780000,4.496788,2.355460,false,0.000000
2024-04-29,ABUS,BBG001S6RSK0,0,false,2.750000,2.780000,1.818182,1.090909,false,0.000000
2024-04-29,AC,BBG008NZ8QB1,0,false,32.300000,32.450000,0.464396,0.464396,false,0.000000
2024-04-29,ACA,BBG00JGMWGB9,0,false,77.720000,78.220000,0.707669,0.643335,false,0.000000
2024-04-29,ACAD,BBG001SB06N3,0,false,16.900000,17.110000,3.964497,1.242604,false,0.000000
2024-04-29,ACB,BBG001SV77D1,25,true,6.800000,6.340000,3.529412,-6.764706,false,0.000000
2024-04-29,ACCD,BBG00S2L1ZR1,2,false,8.000000,8.190000,4.500000,2.375000,false,0.000000
2024-04-29,ACCO,BBG001SPBTK3,0,false,4.860000,4.920000,1.748971,1.234568,false,0.000000
2024-04-29,ACDC,BBG013PRYQC7,0,false,8.220000,8.020000,1.703163,-2.433090,false,0.000000
2024-04-29,ACEL,BBG00GX221Z0,0,false,11.260000,11.130000,0.266430,-1.154529,false,0.000000
2024-04-29,ACGLN,0000947484,0,false,19.500000,19.590000,0.461538,0.461538,false,0.000000
2024-04-29,ACHC,BBG001SNNWL7,0,false,73.560000,74.620000,1.712887,1.441001,false,0.000000
2024-04-29,ACHR,BBG00XRTC929,14,true,4.060000,4.065000,0.985222,0.123153,false,0.000000
2024-04-29,ACI,BBG009KG1741,1,false,20.130000,20.375000,1.241927,1.217089,false,0.000000
2024-04-29,ACIC,BBG001T09W05,0,false,10.780000,10.600000,0.927644,-1.669759,false,0.000000
2024-04-29,ACIW,BBG001S9KLL5,0,false,33.390000,33.100000,0.477688,-0.868524,false,0.000000
2024-04-29,ACLS,BBG001SF8W86,3,false,103.060000,104.850000,1.911508,1.736852,false,0.000000
2024-04-29,ACLX,BBG00QHJM4W4,0,false,52.080000,51.180000,0.710445,-1.728111,false,0.000000
2024-04-29,ACM,BBG001SKTTF1,0,false,94.460000,93.980000,1.005717,-0.508152,false,0.000000
2024-04-29,ACMR,BBG00HPSG942,2,false,27.110000,26.720000,0.182958,-1.438584,false,0.000000
2024-04-29,ACRE,BBG0022MMR46,2,false,6.860000,7.005000,3.279883,2.113703,false,0.000000
2024-04-29,ACT,BBG00WSNP4S2,0,false,29.990000,29.930000,0.550183,-0.200067,false,0.000000
2024-04-29,ACTG,BBG001SJLJT9,0,false,4.880000,4.880000,1.024590,0.000000,false,0.000000
2024-04-29,ACVA,BBG00G5JGQ75,0,false,18.120000,17.820000,1.103753,-1.655629,false,0.000000
2024-04-29,ADC,BBG001S6RY81,0,false,57.800000,57.770000,1.055363,-0.051903,false,0.000000
2024-04-29,ADCT,0001771910,0,false,4.370000,4.500000,8.237986,2.974828,false,0.000000
2024-04-29,ADEA,BBG00RBFBL78,0,false,10.180000,10.265000,1.866405,0.834971,false,0.000000
2024-04-29,ADMA,BBG002NCK5N4,3,false,6.590000,6.570000,0.758725,-0.303490,false,0.000000
2024-04-29,ADNT,0001670541,0,false,30.750000,30.750000,1.430894,0.000000,false,0.000000
2024-04-29,ADPT,BBG001V0GG18,1,false,2.620000,2.750000,6.870229,4.961832,false,0.000000
2024-04-29,ADSE,0001879248,0,false,10.880000,10.900000,0.183824,0.183824,false,0.000000
2024-04-29,ADT,BBG001S6VGG6,1,false,6.460000,6.555000,2.167183,1.470588,false,0.000000
2024-04-29,ADTN,BBG0169CH7Y8,0,false,4.460000,4.540000,2.914798,1.793722,false,0.000000
2024-04-29,ADUS,BBG001T56D18,0,false,94.540000,94.070000,0.571187,-0.497144,false,0.000000
2024-04-29,ADV,BBG00PPWZ8G3,0,false,4.510000,4.330000,0.554324,-3.991131,false,0.000000
2024-04-29,ADVM,BBG006D9MR26,1,false,9.290000,9.540000,7.255113,2.691066,false,0.000000
2024-04-29,AEG,BBG001S6Y6M8,0,false,6.240000,6.245000,0.480769,0.080128,false,0.000000
2024-04-29,AEHR,BBG001SB1CS4,7,false,11.500000,12.100000,5.652174,5.217391,false,0.000000
2024-04-29,AEIS,BBG001S8L5Z6,1,false,96.610000,97.620000,1.190353,1.045440,false,0.000000
2024-04-29,AEL,BBG001S5T012,0,false,56.390000,56.480000,0.443341,0.159603,false,0.000000
2024-04-29,AEO,BBG001S7Q949,1,false,24.810000,24.820000,1.350262,0.040306,false,0.000000
2024-04-29,AES,BBG001S6B1L5,1,false,17.400000,17.850000,3.218391,2.586207,false,0.000000
2024-04-29,AESI,BBG01JFZ96Y3,0,false,23.360000,23.310000,1.455479,-0.214041,false,0.000000
2024-04-29,AEVA,BBG00RK5L2P1,1,false,3.120000,3.240000,6.410256,3.846154,false,0.000000
2024-04-29,AFG,BBG001S8JK86,0,false,127.710000,127.660000,0.884817,-0.039151,false,0.000000
2024-04-29,AFMD,0001608390,0,false,5.010000,5.480000,11.576846,9.381238,false,0.000000
2024-04-29,AFRM,BBG00Y7BP8Z0,9,false,33.300000,33.410000,1.801802,0.330330,false,0.000000
2024-04-29,AFYA,0001771007,0,false,18.000000,17.940000,0.000000,-0.333333,false,0.000000
2024-04-29,AG,BBG001SGV444,21,true,7.040000,6.850000,1.542614,-2.698864,false,0.000000
2024-04-29,AGCO,BBG001S7WHW3,0,false,117.170000,119.120000,2.312879,1.664249,false,0.000000
2024-04-29,AGEN,BBG001SDV370,7,false,12.110000,12.750700,17.588770,5.290669,true,0.000000
2024-04-29,AGI,BBG009HT65S0,2,false,15.330000,15.445000,1.565558,0.750163,false,0.000000
2024-04-29,AGIO,BBG001T8R687,0,false,31.500000,32.790000,5.444444,4.095238,false,0.000000
2024-04-29,AGL,BBG00HCYVQR3,0,false,5.030000,5.135000,4.572565,2.087475,false,0.000000
2024-04-29,AGM,BBG001SCWNB2,0,false,190.600000,190.080000,1.263379,-0.272823,false,0.000000
2024-04-29,AGNC,BBG001T074G2,20,true,9.250000,9.230000,0.810811,-0.216216,false,0.000000
2024-04-29,AGO,0001273813,0,false,78.710000,78.460000,0.673358,-0.317622,false,0.000000
2024-04-29,AGR,BBG00B8NWRH3,0,false,36.470000,36.630000,1.014532,0.438717,false,0.000000
2024-04-29,AGRO,0001499505,0,false,11.070000,11.140000,1.129178,0.632340,false,0.000000
2024-04-29,AGS,BBG00JKZKM16,0,false,8.970000,8.910000,0.668896,-0.668896,false,0.000000
2024-04-29,AGTI,BBG00LQ2B4L6,0,false,10.050000,10.120000,0.796020,0.696517,false,0.000000
2024-04-29,AGX,BBG001SJP7D8,0,false,61.680000,62.090000,1.133268,0.664721,false,0.000000
2024-04-29,AGYS,BBG001S5V6V3,0,false,83.210000,83.020000,0.793174,-0.228338,false,0.000000
2024-04-29,AHCO,BBG00KJQVGW2,0,false,10.010000,10.135000,2.997003,1.248751,false,0.000000
2024-04-29,AHH,BBG004CYX1N9,0,false,10.630000,10.640000,0.893697,0.094073,false,0.000000
2024-04-29,AI,BBG00Y6G6Y84,32,true,23.130000,23.110000,1.729356,-0.086468,false,0.000000
2024-04-29,AIN,BBG001S5VKN1,0,false,87.670000,88.300000,1.214783,0.718604,false,0.000000
2024-04-29,AIR,BBG001S5NJX2,0,false,68.460000,69.200000,1.840491,1.080923,false,0.000000
2024-04-29,AIRC,BBG00XK3WWB0,0,false,38.480000,38.410000,0.051975,-0.181913,false,0.000000
2024-04-29,AIRS,BBG012V27CX5,0,false,5.560000,5.545000,3.057554,-0.269784,false,0.000000
2024-04-29,AIT,BBG001S5NK14,1,false,181.890000,184.840000,1.736764,1.621859,false,0.000000
2024-04-29,AIV,BBG001S876N3,0,false,8.110000,8.060000,0.739827,-0.616523,false,0.000000
2024-04-29,AIZ,BBG001SD9DW5,0,false,172.580000,175.360000,1.888979,1.610847,false,0.000000
2024-04-29,AKR,BBG001S7KXT5,0,false,17.400000,17.600000,1.666667,1.149425,false,0.000000
2024-04-29,AKRO,BBG00L9211Z7,0,false,19.640000,19.625000,1.909369,-0.076375,false,0.000000
2024-04-29,AL,BBG001T92VD1,0,false,51.710000,52.030000,0.812222,0.618836,false,0.000000
2024-04-29,ALB,BBG001S7SBP9,16,true,122.500000,125.700000,2.767347,2.612245,false,0.000000
2024-04-29,ALE,BBG001S77110,0,false,59.330000,59.410000,0.927018,0.134839,false,0.000000
2024-04-29,ALEC,BBG00N0PL214,0,false,5.300000,5.250000,2.264151,-0.943396,false,0.000000
2024-04-29,ALEX,BBG00HS2GVM7,0,false,16.300000,16.460000,1.349693,0.981595,false,0.000000
2024-04-29,ALG,BBG001S7YVC2,0,false,199.520000,199.500000,1.498597,-0.010024,false,0.000000
2024-04-29,ALGM,BBG00H5S83B8,0,false,30.110000,30.250000,1.394885,0.464962,false,0.000000
2024-04-29,ALGT,BBG001SQ25S5,1,false,57.000000,56.730000,1.754211,-0.473684,false,0.000000
2024-04-29,ALHC,BBG00ZJ0DSS5,0,false,5.230000,5.090000,2.485660,-2.676864,false,0.000000
2024-04-29,ALIT,BBG00H00J2Q8,0,false,9.170000,9.215000,1.308615,0.490731,false,0.000000
2024-04-29,ALK,BBG001S5NLG6,0,false,43.860000,44.080000,1.310990,0.501596,false,0.000000
2024-04-29,ALKS,0001520262,0,false,24.680000,24.890000,2.350081,0.850891,false,0.000000
2024-04-29,ALKT,BBG005HTCT63,0,false,24.570000,24.120000,0.935694,-1.831502,false,0.000000
2024-04-29,ALLE,0001579241,0,false,123.950000,124.800000,1.105284,0.685760,false,0.000000
2024-04-29,ALLG,0001874474,0,false,1.200000,1.240000,5.833333,3.333333,false,0.000000
2024-04-29,ALLO,BBG00KHRRDY2,1,false,2.940000,2.830000,5.442177,-3.741497,false,0.000000
2024-04-29,ALLY,BBG001S5RLN4,1,false,39.400000,39.160000,0.571066,-0.609137,false,0.000000
2024-04-29,ALNT,BBG001S5RST3,0,false,30.020000,30.040000,1.499001,0.066622,false,0.000000
2024-04-29,ALPN,BBG001V0G8Y0,0,false,64.610000,64.695000,0.139297,0.131559,false,0.000000
2024-04-29,ALRM,BBG007GNPYZ6,0,false,66.390000,66.400000,1.189938,0.015063,false,0.000000
2024-04-29,ALRS,BBG001SGGKT8,0,false,20.200000,19.960000,0.495050,-1.188119,false,0.000000
2024-04-29,ALSN,BBG001V0T5F3,1,false,75.000000,76.090000,2.706667,1.453333,false,0.000000
2024-04-29,ALT,BBG001SNS461,26,true,6.860000,6.395000,0.437318,-6.778426,false,0.000000
2024-04-29,ALTG,BBG00NZ6JW42,0,false,11.820000,11.650000,0.761421,-1.438240,false,0.000000
2024-04-29,ALTI,BBG00Z6F0ML0,0,false,4.760000,4.960000,7.563025,4.201681,false,0.000000
2024-04-29,ALTR,BBG001SR65P2,0,false,83.960000,82.400000,0.256074,-1.858028,false,0.000000
2024-04-29,ALV,BBG001S9YRV6,2,false,122.040000,121.220000,0.499836,-0.671911,false,0.000000
2024-04-29,ALVO,0001898416,0,false,14.200000,14.210000,0.704225,0.070423,false,0.000000
2024-04-29,ALX,BBG001S5NM92,0,false,208.300000,210.900000,1.248200,1.248200,false,0.000000
2024-04-29,ALXO,BBG00VR8SF73,0,false,16.990000,16.960000,2.707475,-0.176574,false,0.000000
2024-04-29,AM,BBG00GBNZ4N9,1,false,14.230000,14.190000,0.281096,-0.281096,false,0.000000
2024-04-29,AMAL,BBG00XRT7YY5,0,false,24.570000,24.290000,0.325600,-1.139601,false,0.000000
2024-04-29,AMBA,0001280263,0,false,43.170000,45.230000,5.350938,4.771832,false,0.000000
2024-04-29,AMBC,BBG004HQHL91,0,false,14.650000,14.760000,1.160410,0.750853,false,0.000000
2024-04-29,AMBP,0001845097,0,false,4.060000,3.980000,2.709360,-1.970443,false,0.000000
2024-04-29,AMC,BBG001SZYYL4,48,true,3.330000,3.025000,0.600601,-9.159159,false,0.000000
2024-04-29,AMCR,0001748790,0,false,9.020000,9.045000,1.662971,0.277162,false,0.000000
2024-04-29,AMCX,BBG001SLR8S3,0,false,10.940000,10.920000,3.930530,-0.182815,false,0.000000
2024-04-29,AMED,BBG001S5NN72,0,false,92.120000,91.930000,0.434216,-0.206253,false,0.000000
2024-04-29,AMG,BBG001S6DMD6,0,false,160.410000,158.840000,0.822891,-0.978742,false,0.000000
2024-04-29,AMH,BBG003NXJNJ4,0,false,36.690000,36.100000,0.436086,-1.608068,false,0.000000
2024-04-29,AMK,BBG00F5PBW20,0,false,33.910000,33.790000,0.383368,-0.353878,false,0.000000
2024-04-29,AMKR,BBG001S64YF8,0,false,30.700000,31.520000,3.094463,2.671010,false,0.000000
2024-04-29,AMN,BBG001S6Q193,1,false,56.940000,59.480000,4.618897,4.460836,false,0.000000
2024-04-29,AMPH,BBG001SCM4W2,0,false,41.150000,42.050000,2.940462,2.187120,false,0.000000
2024-04-29,AMPL,BBG012CDTZZ5,0,false,9.950000,9.920000,1.708543,-0.301508,false,0.000000
2024-04-29,AMPS,BBG00Y48ZM97,1,false,3.570000,3.690000,5.602241,3.361345,false,0.000000
2024-04-29,AMR,BBG00DGWV044,0,false,346.900000,342.150000,0.000000,-1.369271,false,0.000000
2024-04-29,AMRC,BBG001S6P9W1,0,false,21.810000,21.720000,3.026135,-0.412655,false,0.000000
2024-04-29,AMRK,BBG005ZVDK57,0,false,40.190000,41.040000,3.558099,2.114954,false,0.000000
2024-04-29,AMRX,BBG00462PGH9,0,false,5.860000,5.950000,1.877133,1.535836,false,0.000000
2024-04-29,AMSC,BBG001S70C31,0,false,12.400000,12.505000,1.693548,0.846774,false,0.000000
2024-04-29,AMSF,BBG001SDH7B2,0,false,45.330000,45.030000,0.882418,-0.661813,false,0.000000
2024-04-29,AMSWA,BBG001S5NPN9,0,false,10.240000,10.220000,1.757812,-0.195312,false,0.000000
2024-04-29,AMTB,BBG001V0P1S2,0,false,21.650000,21.880000,1.108545,1.062356,false,0.000000
2024-04-29,AMWD,BBG001S5NQ57,0,false,93.420000,94.000000,1.027617,0.620852,false,0.000000
2024-04-29,AN,BBG001S5NQB0,0,false,169.200000,165.415000,0.715130,-2.236998,false,0.000000
2024-04-29,ANAB,BBG0026ZDHT8,0,false,21.020000,21.300000,8.182683,1.332065,false,0.000000
2024-04-29,ANDE,BBG001S60FJ9,0,false,57.180000,57.250000,1.049318,0.122420,false,0.000000
2024-04-29,ANF,BBG001S97027,1,false,123.000000,125.380000,2.788618,1.934959,false,0.000000
2024-04-29,ANGI,BBG00HVKH4F0,0,false,2.170000,2.150000,2.073733,-0.921659,false,0.000000
2024-04-29,ANIK,BBG001S609X7,0,false,25.550000,25.980000,2.144814,1.682975,false,0.000000
2024-04-29,ANIP,BBG001S9DR85,0,false,65.340000,65.530000,0.627487,0.290787,false,0.000000
2024-04-29,AORT,BBG001SB3CB0,0,false,20.510000,20.580000,1.852755,0.341297,false,0.000000
2024-04-29,AOS,BBG001S5NRY3,0,false,82.900000,84.330000,1.737033,1.724970,false,0.000000
2024-04-29,AOSL,0001387467,0,false,22.200000,22.420000,1.621622,0.990991,false,0.000000
2024-04-29,APA,BBG00YTS96H1,6,false,32.410000,32.720000,1.296822,0.956495,false,0.000000
2024-04-29,APAM,BBG001V107T3,1,false,42.040000,41.740000,0.713606,-0.713606,false,0.000000
2024-04-29,APG,BBG00HVV7984,0,false,38.270000,38.490000,0.705513,0.574863,false,0.000000
2024-04-29,APGE,BBG01H51WZL7,0,false,47.210000,49.050000,5.422580,3.897479,false,0.000000
2024-04-29,APLD,BBG001SK4K76,16,true,2.970000,2.710000,1.010101,-8.754209,false,0.000000
2024-04-29,APLE,BBG006473QY8,3,false,15.010000,15.080000,0.532978,0.466356,false,0.000000
2024-04-29,APLS,BBG007KGRPZ3,0,false,48.980000,47.830000,0.816660,-2.347897,false,0.000000
2024-04-29,APLT,BBG001SMJMY2,0,false,4.280000,4.310000,3.271028,0.700935,false,0.000000
2024-04-29,APOG,BBG001S5NSY1,0,false,62.050000,62.300000,0.813860,0.402901,false,0.000000
2024-04-29,APPF,BBG008GC8CS3,0,false,242.750000,238.050000,1.340721,-1.936148,false,0.000000
2024-04-29,APPN,BBG001TWHH63,0,false,37.770000,38.390000,2.012179,1.641514,false,0.000000
2024-04-29,AQN,BBG001S8LHC5,0,false,6.170000,6.215000,1.296596,0.729335,false,0.000000
2024-04-29,AR,BBG001T61KH8,5,false,33.820000,34.299500,1.537552,1.417800,false,0.000000
2024-04-29,ARCB,BBG001S686R2,0,false,129.860000,129.270000,1.054982,-0.454335,false,0.000000
2024-04-29,ARCC,BBG001SL96Z9,6,false,20.900000,20.810000,0.191388,-0.430622,false,0.000000
2024-04-29,ARCH,BBG00DZB5DD0,0,false,165.470000,165.020000,0.846075,-0.271953,false,0.000000
2024-04-29,ARCO,0001508478,0,false,10.910000,10.890000,0.366636,-0.183318,false,0.000000
2024-04-29,ARCT,BBG00NNW8JL0,0,false,26.850000,26.630000,2.476723,-0.819367,false,0.000000
2024-04-29,ARDX,BBG001WH4F33,12,true,6.450000,6.460000,1.395349,0.155039,false,0.000000
2024-04-29,ARHS,BBG012TKHZW7,0,false,13.850000,13.480000,1.805054,-2.671480,false,0.000000
2024-04-29,ARI,BBG001T55FJ5,1,false,10.850000,10.670000,0.645161,-1.658986,false,0.000000
2024-04-29,ARIS,BBG012PPXNM0,0,false,14.850000,14.660000,1.010101,-1.279461,false,0.000000
2024-04-29,ARKO,BBG00YD8K420,0,false,4.570000,4.635000,3.719912,1.422319,false,0.000000
2024-04-29,ARLO,BBG00K88DTJ1,0,false,11.800000,12.105000,2.584746,2.584746,false,0.000000
2024-04-29,ARLP,BBG001SD52Y1,5,false,21.760000,22.190000,8.869485,1.976103,false,0.000000
2024-04-29,ARMK,BBG001V0NR70,0,false,32.520000,32.440000,0.061501,-0.246002,false,0.000000
2024-04-29,ARMN,BBG001S75835,3,false,4.100000,4.135000,1.219512,0.853659,false,0.000000
2024-04-29,AROC,BBG001SVDK72,0,false,20.050000,20.130000,1.995012,0.399002,false,0.000000
2024-04-29,AROW,BBG001S5NV83,0,false,22.900000,22.790000,0.000000,-0.480349,false,0.000000
2024-04-29,ARQT,BBG00QN8K4P1,1,false,8.490000,8.800000,4.063604,3.651355,false,0.000000
2024-04-29,ARR,BBG001SRBTG4,0,false,18.600000,18.510000,1.935484,-0.483871,false,0.000000
2024-04-29,ARRY,BBG002MX7TQ9,0,false,12.560000,12.525000,2.627389,-0.278662,false,0.000000
2024-04-29,ARTNA,BBG001S7MLX4,0,false,34.790000,35.060000,1.365335,0.776085,false,0.000000
2024-04-29,ARVN,BBG00LW7YL08,0,false,32.230000,31.910000,1.210053,-0.992864,false,0.000000
2024-04-29,ARW,BBG001S5NVP4,0,false,128.830000,128.760000,0.783979,-0.054335,false,0.000000
2024-04-29,ARWR,BBG001SGT8G5,0,false,22.380000,23.150000,4.870420,3.440572,false,0.000000
2024-04-29,ASAN,BBG00WYHL741,2,false,15.170000,15.360000,2.504944,1.252472,false,0.000000
2024-04-29,ASB,BBG001S5NVZ3,0,false,21.700000,21.580000,1.497696,-0.552995,false,0.000000
2024-04-29,ASC,0001577437,1,false,16.860000,17.000000,1.067616,0.830368,false,0.000000
2024-04-29,ASGN,BBG001S71HP5,0,false,97.680000,98.630000,2.272727,0.972563,false,0.000000
2024-04-29,ASH,BBG00D0Y81N0,0,false,96.480000,97.010000,1.456260,0.549337,false,0.000000
2024-04-29,ASIX,BBG00CWTTQ32,0,false,26.100000,26.280000,1.302682,0.689655,false,0.000000
2024-04-29,ASLE,BBG00R28X851,0,false,6.950000,7.100000,2.158273,2.158273,false,0.000000
2024-04-29,ASMB,BBG001T9BMW0,0,false,12.830000,12.810000,5.237724,-0.155885,false,0.000000
2024-04-29,ASO,BBG00X7L1CW0,0,false,61.000000,60.750000,1.114754,-0.409836,false,0.000000
2024-04-29,ASPN,BBG001SJZK39,0,false,16.110000,16.670000,3.724395,3.476102,false,0.000000
2024-04-29,ASTE,BBG001S5NWY2,0,false,43.050000,42.930000,0.301974,-0.278746,false,0.000000
2024-04-29,ASTL,BBG012NKXV72,0,false,7.900000,7.895000,0.126582,-0.063291,false,0.000000
2024-04-29,ATAI,0001840904,3,false,1.890000,1.980000,8.465608,4.761905,false,0.000000
2024-04-29,ATEC,BBG001S64XQ8,0,false,12.500000,12.610000,1.600000,0.880000,false,0.000000
2024-04-29,ATEN,BBG0060K22D0,0,false,13.570000,13.410000,0.994842,-1.179071,false,0.000000
2024-04-29,ATEX,BBG0081NLJH7,0,false,32.200000,32.230000,2.453416,0.093168,false,0.000000
2024-04-29,ATGE,BBG001S8M5S3,0,false,49.660000,49.930000,0.745066,0.543697,false,0.000000
2024-04-29,ATI,BBG001S8WY72,0,false,51.690000,51.910000,1.160766,0.425614,false,0.000000
2024-04-29,ATKR,BBG001T8LDZ8,0,false,183.960000,183.200000,0.793651,-0.413133,false,0.000000
2024-04-29,ATLC,BBG001SC0HS2,0,false,26.930000,27.470000,2.116599,2.005199,false,0.000000
2024-04-29,ATMU,BBG01B079Z92,0,false,31.330000,31.410000,0.606447,0.255346,false,0.000000
2024-04-29,ATNI,BBG001S9SMF2,0,false,19.600000,19.730000,5.459184,0.663265,false,0.000000
2024-04-29,ATR,BBG001S78MT3,1,false,144.900000,146.440000,2.153209,1.062802,false,0.000000
2024-04-29,ATRC,BBG001SD43V3,0,false,23.210000,23.370000,3.748384,0.689358,false,0.000000
2024-04-29,ATRI,BBG001S8VWL1,0,false,391.050000,420.600000,7.556578,7.556578,false,0.000000
2024-04-29,ATRO,BBG001S5NYK3,0,false,16.650000,16.650000,0.840841,0.000000,false,0.000000
2024-04-29,ATS,BBG001S5XWC5,0,false,33.190000,32.810000,0.000000,-1.144923,false,0.000000
2024-04-29,ATSG,BBG001S8KJF9,0,false,12.910000,13.040000,1.781565,1.006971,false,0.000000
2024-04-29,ATUS,BBG00GFMPS82,0,false,2.070000,2.135000,7.246377,3.140097,false,0.000000
2024-04-29,ATXS,BBG001T8KDC4,1,false,9.080000,9.131000,4.185022,0.561674,false,0.000000
2024-04-29,AU,0001973832,37,true,24.300000,24.790000,3.045267,2.016461,false,0.000000
2024-04-29,AUB,BBG001S7GJV8,0,false,32.310000,32.590000,1.454658,0.866605,false,0.000000
2024-04-29,AUDC,0001086434,0,false,11.110000,11.100000,1.080108,-0.090009,false,0.000000
2024-04-29,AUPH,BBG001S68013,1,false,4.930000,5.005000,2.839757,1.521298,false,0.000000
2024-04-29,AUR,BBG00Z92Y6Y0,8,false,3.090000,3.050000,1.941748,-1.294498,false,0.000000
2024-04-29,AURA,BBG00226DGP2,0,false,7.310000,7.480000,8.481532,2.325581,false,0.000000
2024-04-29,AVA,BBG001S5NZ48,0,false,35.750000,35.750000,1.020979,0.000000,false,0.000000
2024-04-29,AVAH,BBG00G6D6HB3,1,false,2.180000,2.250000,3.440367,3.211009,false,0.000000
2024-04-29,AVAV,BBG001SPPWP6,0,false,159.400000,159.250000,1.944793,-0.094103,false,0.000000
2024-04-29,AVD,BBG001S8KSH7,0,false,11.550000,11.640000,1.991342,0.779221,false,0.000000
2024-04-29,AVDL,BBG001SD3F74,0,false,17.930000,17.980000,1.840491,0.278862,false,0.000000
2024-04-29,AVDX,BBG012MBDGV1,0,false,12.020000,11.980000,1.622296,-0.332779,false,0.000000
2024-04-29,AVIR,BBG00TZNCJ84,0,false,3.700000,3.710000,1.891892,0.270270,false,0.000000
2024-04-29,AVNS,BBG005L86G14,1,false,18.120000,18.630000,2.869757,2.814570,false,0.000000
2024-04-29,AVNT,BBG001S6RCD3,0,false,43.530000,43.310000,0.746612,-0.505399,false,0.000000
2024-04-29,AVNW,BBG001SSSZS7,0,false,33.840000,34.380000,1.595745,1.595745,false,0.000000
2024-04-29,AVO,BBG005C9W688,0,false,11.410000,11.460000,1.051709,0.438212,false,0.000000
2024-04-29,AVPT,BBG00Q73LFK9,0,false,8.130000,7.980000,0.573186,-1.845018,false,0.000000
2024-04-29,AVT,BBG001S5NZJ2,1,false,50.180000,49.970000,1.335193,-0.418493,false,0.000000
2024-04-29,AVTE,BBG00WGHZFJ2,0,false,22.040000,20.600000,0.000000,-6.533575,false,0.000000
2024-04-29,AVTX,BBG001V1GPQ9,0,false,16.000000,16.860000,9.312500,5.375000,false,0.000000
2024-04-29,AWI,BBG001SGL0H9,0,false,116.940000,118.850000,2.347358,1.633316,false,0.000000
2024-04-29,AWR,BBG001S9T5Z6,0,false,70.190000,70.245000,1.040034,0.078359,false,0.000000
2024-04-29,AX,BBG001SLZ724,0,false,53.050000,51.580000,0.433553,-2.770971,false,0.000000
2024-04-29,AXL,BBG001S9DR67,0,false,7.530000,7.560000,1.593625,0.398406,false,0.000000
2024-04-29,AXNX,BBG0067QVJ69,0,false,66.750000,67.000000,1.066667,0.374532,false,0.000000
2024-04-29,AXS,0001214816,0,false,60.850000,62.030000,1.955629,1.939195,false,0.000000
2024-04-29,AXSM,BBG00B6G7GM6,6,false,74.970000,73.750000,0.940376,-1.627318,false,0.000000
2024-04-29,AXTA,0001616862,0,false,31.280000,31.665000,1.902174,1.230818,false,0.000000
2024-04-29,AY,0001601072,1,false,20.170000,19.940000,0.792762,-1.140307,false,0.000000
2024-04-29,AYI,BBG001SBG656,0,false,253.770000,254.040000,0.941798,0.106396,false,0.000000
2024-04-29,AZEK,BBG00RP7FY15,0,false,46.220000,46.430000,0.854608,0.454349,false,0.000000
2024-04-29,AZPN,BBG017J18WC8,0,false,199.240000,200.050000,0.933547,0.406545,false,0.000000
2024-04-29,AZTA,BBG001S8F1B8,0,false,52.340000,53.180000,3.974016,1.604891,false,0.000000
2024-04-29,AZZ,BBG001S9QNK6,0,false,71.440000,72.790000,4.353303,1.889698,false,0.000000
2024-04-29,B,BBG001S5P0S7,0,false,34.720000,35.400000,3.052995,1.958525,false,0.000000
2024-04-29,BALY,BBG005Q22HH7,0,false,14.100000,13.730000,1.276596,-2.624113,false,0.000000
2024-04-29,BANC,BBG001SKZX56,0,false,14.360000,14.080000,0.556407,-1.949861,false,0.000000
2024-04-29,BAND,BBG001TFDMP2,0,false,18.170000,18.305000,2.036324,0.742983,false,0.000000
2024-04-29,BANF,BBG001S75RW1,0,false,89.810000,88.510000,0.000000,-1.447500,false,0.000000
2024-04-29,BANR,BBG001SD3DZ8,0,false,45.160000,44.462500,0.199291,-1.544508,false,0.000000
2024-04-29,BAP,0001001290,0,false,167.100000,168.150000,1.017355,0.628366,false,0.000000
2024-04-29,BASE,BBG001Z5ZB22,0,false,25.480000,24.630000,0.863422,-3.335950,false,0.000000
2024-04-29,BB,BBG001S60618,4,false,2.860000,2.870000,1.573427,0.349650,false,0.000000
2024-04-29,BBCP,BBG00M8BB1P6,0,false,6.870000,6.960000,1.310044,1.310044,false,0.000000
2024-04-29,BBDC,BBG001S9DQ05,1,false,9.350000,9.340000,0.641711,-0.106952,false,0.000000
2024-04-29,BBIO,BBG00P9KDZL5,2,false,25.120000,25.480000,2.070064,1.433121,false,0.000000
2024-04-29,BBSI,BBG001S7CX50,0,false,121.810000,123.540000,1.420245,1.420245,false,0.000000
2024-04-29,BBU,0001654795,0,false,19.030000,19.070000,0.210194,0.210194,false,0.000000
2024-04-29,BBUC,BBG015P1Z2Y7,0,false,20.930000,20.690000,0.000000,-1.146679,false,0.000000
2024-04-29,BBW,BBG001SMC9T4,0,false,29.810000,30.430000,2.750755,2.079839,false,0.000000
2024-04-29,BBWI,BBG001S5SWL1,2,false,46.560000,46.410000,0.966495,-0.322165,false,0.000000
2024-04-29,BC,BBG001S5P294,0,false,81.990000,82.140000,0.683010,0.182949,false,0.000000
2024-04-29,BCC,BBG001SZX397,0,false,140.340000,138.310000,0.830127,-1.446487,false,0.000000
2024-04-29,BCO,BBG001S8PZK2,0,false,89.120000,90.150000,2.614452,1.155745,false,0.000000
2024-04-29,BCPC,BBG001S5P2R4,0,false,,,,,false,0.000000
2024-04-29,BCRX,BBG001S7K151,1,false,4.200000,4.270000,3.571429,1.666667,false,0.000000
2024-04-29,BCSF,BBG00JDV0M33,0,false,16.470000,16.535000,1.123254,0.394657,false,0.000000
2024-04-29,BDC,BBG001SM6Z59,0,false,83.890000,84.440000,0.816545,0.655620,false,0.000000
2024-04-29,BDN,BBG001S6YGF4,1,false,4.530000,4.610000,2.428256,1.766004,false,0.000000
2024-04-29,BDTX,BBG00MS4Y0X8,0,false,5.850000,5.860000,5.299145,0.170940,false,0.000000
2024-04-29,BE,BBG001T53509,7,false,10.790000,10.980000,3.707136,1.760890,false,0.000000
2024-04-29,BEAM,BBG00KXC8655,1,false,21.750000,22.060000,4.275862,1.425287,false,0.000000
2024-04-29,BECN,BBG001S903Y3,0,false,99.180000,99.000000,0.161323,-0.181488,false,0.000000
2024-04-29,BELFA,BBG001S6BRZ3,0,false,69.050000,69.900000,1.375815,1.230992,false,0.000000
2024-04-29,BELFB,BBG001S93K81,0,false,57.760000,59.370000,3.566482,2.787396,false,0.000000
2024-04-29,BEN,BBG001S5P3W6,6,false,24.760000,23.390000,1.413570,-5.533118,false,0.000000
2024-04-29,BENF,BBG00KFV0B50,5,false,4.360000,3.810000,2.752294,-12.614679,false,0.000000
2024-04-29,BEP,0001533232,0,false,21.560000,21.370000,0.602968,-0.881262,false,0.000000
2024-04-29,BEPC,BBG00W5FR7D1,1,false,23.510000,23.650000,1.190983,0.595491,false,0.000000
2024-04-29,BERY,BBG001T6B4W6,0,false,57.370000,57.450000,0.871536,0.139446,false,0.000000
2024-04-29,BFAM,BBG003LFWPT4,0,false,106.740000,106.150000,0.730748,-0.552745,false,0.000000
2024-04-29,BFC,BBG001S79DP6,0,false,76.980000,77.310000,0.428683,0.428683,false,0.000000
2024-04-29,BFH,BBG001S78Z50,0,false,37.250000,37.980000,2.255034,1.959732,false,0.000000
2024-04-29,BFS,BBG001S7F7J9,0,false,35.570000,36.090000,1.490020,1.461906,false,0.000000
2024-04-29,BFST,BBG001T056Q8,0,false,20.730000,20.530000,0.337675,-0.964785,false,0.000000
2024-04-29,BG,0001996862,0,false,102.850000,103.470000,0.690326,0.602820,false,0.000000
2024-04-29,BGC,BBG01H9FTHS9,0,false,8.260000,8.185000,1.331719,-0.907990,false,0.000000
2024-04-29,BGS,BBG001SQD861,0,false,11.120000,11.250000,1.258993,1.169065,false,0.000000
2024-04-29,BH,BBG00JPRDQJ9,0,false,207.000000,203.540000,0.000000,-1.671498,false,0.000000
2024-04-29,BHB,BBG001SB8Q79,0,false,25.760000,25.530000,0.367236,-0.892857,false,0.000000
2024-04-29,BHC,BBG001S7WDP0,0,false,8.760000,8.880600,1.484018,1.376712,false,0.000000
2024-04-29,BHE,BBG001S6LXL4,4,false,30.890000,31.480000,2.363224,1.910003,false,0.000000
2024-04-29,BHF,BBG00DYPZ4V7,0,false,49.110000,48.670000,1.303197,-0.895948,false,0.000000
2024-04-29,BHLB,BBG001S5PSK4,0,false,22.160000,21.950000,0.315884,-0.947653,false,0.000000
2024-04-29,BHRB,BBG019X33P61,0,false,54.250000,54.000000,1.290323,-0.460829,false,0.000000
2024-04-29,BHVN,0001935979,1,false,39.300000,39.880000,2.162850,1.475827,false,0.000000
2024-04-29,BIGC,BBG00W1PSTC5,1,false,6.000000,5.830000,2.000000,-2.833333,false,0.000000
2024-04-29,BILL,BBG00QVJV7L3,1,false,62.940000,63.010000,1.461710,0.111217,false,0.000000
2024-04-29,BIO,BBG001S625W4,0,false,277.440000,277.140000,1.441753,-0.108131,false,0.000000
2024-04-29,BIOX,0001769484,0,false,12.020000,12.060000,0.415973,0.332779,false,0.000000
2024-04-29,BIP,0001406234,0,false,27.120000,27.050000,1.219764,-0.258112,false,0.000000
2024-04-29,BIPC,BBG00QDWSVL5,0,false,31.470000,31.160000,0.540197,-0.985065,false,0.000000
2024-04-29,BIRK,0001977102,0,false,45.830000,44.600000,0.109099,-2.683832,false,0.000000
2024-04-29,BITF,BBG00PGMZVM7,30,true,1.920000,1.895000,2.604167,-1.302083,false,0.000000
2024-04-29,BJ,BBG00FQ8T4M6,0,false,76.250000,75.550000,0.839344,-0.918033,false,0.000000
2024-04-29,BJRI,BBG001S970P2,0,false,33.780000,33.220000,0.000000,-1.657786,false,0.000000
2024-04-29,BKD,BBG001SDHC58,0,false,7.010000,6.910000,0.855920,-1.426534,false,0.000000
2024-04-29,BKE,BBG001S5P6T3,0,false,37.770000,37.620000,0.079428,-0.397141,false,0.000000
2024-04-29,BKH,BBG001S5P6X8,0,false,54.130000,54.980000,1.607242,1.570294,false,0.000000
2024-04-29,BKU,BBG001T5W6B3,0,false,27.320000,27.350000,0.915081,0.109810,false,0.000000
2024-04-29,BL,BBG0029KJVD8,0,false,61.260000,60.250000,1.126347,-1.648710,false,0.000000
2024-04-29,BLBD,BBG006427TN1,1,false,34.200000,34.520000,1.111111,0.935673,false,0.000000
2024-04-29,BLCO,BBG014KG1GY8,0,false,14.890000,15.136000,1.746138,1.652116,false,0.000000
2024-04-29,BLD,BBG0077VS2G6,0,false,409.950000,413.960000,1.273082,0.978168,false,0.000000
2024-04-29,BLDP,BBG001S5Y1D1,3,false,2.590000,2.690000,5.791506,3.861004,false,0.000000
2024-04-29,BLFS,BBG001SFGWZ7,0,false,17.800000,17.830000,2.359551,0.168539,false,0.000000
2024-04-29,BLKB,BBG001S9B5W8,0,false,78.000000,78.900000,1.294872,1.153846,false,0.000000
2024-04-29,BLMN,BBG002VZ69Q9,0,false,26.930000,26.865000,0.594133,-0.241367,false,0.000000
2024-04-29,BLND,BBG00D0YK7V4,0,false,2.510000,2.250000,0.796813,-10.358566,false,0.000000
2024-04-29,BLX,0000890541,0,false,29.580000,29.260000,0.642326,-1.081812,false,0.000000
2024-04-29,BLZE,BBG0037X6J05,0,false,9.330000,9.240000,2.465166,-0.964630,false,0.000000
2024-04-29,BMBL,BBG00Z6RF535,0,false,10.590000,10.370000,0.661001,-2.077432,false,0.000000
2024-04-29,BMEA,BBG00YS4WDD8,0,false,10.860000,10.780000,2.762431,-0.736648,false,0.000000
2024-04-29,BMI,BBG001S5P8Q2,0,false,185.990000,185.760000,0.937524,-0.123663,false,0.000000
2024-04-29,BNL,BBG001T61WG3,0,false,14.440000,14.670000,1.869806,1.592798,false,0.000000
2024-04-29,BNRE,0001837429,0,false,41.220000,40.995000,0.000000,-0.545852,false,0.000000
2024-04-29,BOC,BBG0021J74C3,0,false,15.890000,15.750000,1.730648,-0.881057,false,0.000000
2024-04-29,BOH,BBG001S6R977,0,false,58.600000,57.660000,0.034130,-1.604096,false,0.000000
2024-04-29,BOKF,BBG001S6VBZ6,0,false,91.220000,89.950000,0.274063,-1.392239,false,0.000000
2024-04-29,BOOM,BBG001S5PBG6,0,false,16.500000,16.560000,1.878788,0.363636,false,0.000000
2024-04-29,BOOT,BBG007D38ZV3,0,false,109.370000,109.800000,1.389778,0.393161,false,0.000000
2024-04-29,BORR,0001715497,14,true,5.480000,5.440000,0.912409,-0.729927,false,0.000000
2024-04-29,BOWL,BBG00Z6BJ698,0,false,11.760000,11.820000,2.380952,0.510204,false,0.000000
2024-04-29,BOX,BBG001T5R852,0,false,27.000000,26.710000,0.333333,-1.074074,false,0.000000
2024-04-29,BPMC,BBG001V11BV0,0,false,93.520000,93.020000,1.486313,-0.534645,false,0.000000
2024-04-29,BPOP,BBG001S5PC01,0,false,86.610000,86.170000,1.016049,-0.508024,false,0.000000
2024-04-29,BRBR,BBG013QNJHW0,0,false,56.500000,56.160000,0.867257,-0.601770,false,0.000000
2024-04-29,BRC,BBG001S5PCB9,0,false,59.640000,59.560000,0.628773,-0.134138,false,0.000000
2024-04-29,BRKL,BBG001S73383,0,false,8.310000,8.340000,2.738869,0.361011,false,0.000000
2024-04-29,BRKR,BBG001SF69P0,0,false,81.210000,81.260000,1.015885,0.061569,false,0.000000
2024-04-29,BROS,BBG01282ZJ56,1,false,28.700000,28.350000,0.617422,-1.219512,false,0.000000
2024-04-29,BRP,BBG00QDCHF45,0,false,26.850000,26.450000,0.856611,-1.489758,false,0.000000
2024-04-29,BRSP,BBG00JVRRR41,0,false,6.450000,6.430000,0.465116,-0.310078,false,0.000000
2024-04-29,BRT,BBG001S5PCX5,0,false,17.720000,18.070000,1.975169,1.975169,false,0.000000
2024-04-29,BRX,BBG001V0T8T2,0,false,21.880000,22.150000,1.371115,1.234004,false,0.000000
2024-04-29,BRY,BBG00H5HHVK0,0,false,8.770000,8.790000,1.197263,0.228050,false,0.000000
2024-04-29,BRZE,BBG00294NX54,0,false,41.910000,43.230000,3.531377,3.149606,false,0.000000
2024-04-29,BSIG,BBG00P2HLNZ2,0,false,22.590000,22.570000,1.150952,-0.088535,false,0.000000
2024-04-29,BSM,BBG008B5CF38,0,false,16.100000,16.220000,0.807453,0.745342,false,0.000000
2024-04-29,BSRR,BBG001S6XR89,0,false,20.535000,20.560000,0.900901,0.121743,false,0.000000
2024-04-29,BTDR,0001899123,1,false,6.290000,6.040000,0.000000,-3.974563,false,0.000000
2024-04-29,BTE,BBG001S998N5,0,false,3.930000,3.940000,0.763359,0.254453,false,0.000000
2024-04-29,BTG,BBG001T0CNW6,6,false,2.650000,2.640000,1.132075,-0.377358,false,0.000000
2024-04-29,BTU,BBG00GBV89J5,1,false,23.760000,23.540000,0.000000,-0.925926,false,0.000000
2024-04-29,BUR,0001714174,0,false,15.430000,15.580000,1.620220,0.972132,false,0.000000
2024-04-29,BURL,BBG004S641P3,0,false,184.480000,182.810000,0.514961,-0.905247,false,0.000000
2024-04-29,BUSE,BBG001SBH5P5,0,false,22.790000,22.540000,0.592365,-1.096972,false,0.000000
2024-04-29,BV,BBG00L1LT744,0,false,11.360000,11.345000,1.056338,-0.132042,false,0.000000
2024-04-29,BWA,BBG001S7F4D2,0,false,33.430000,33.730000,1.420879,0.897398,false,0.000000
2024-04-29,BWB,BBG001SQNYQ1,0,false,11.800000,11.790000,1.694915,-0.084746,false,0.000000
2024-04-29,BWMN,BBG003BPV1R9,0,false,32.950000,33.320000,2.352049,1.122914,false,0.000000
2024-04-29,BWMX,0001788257,0,false,17.050000,16.020000,1.173607,-6.041056,false,0.000000
2024-04-29,BWXT,BBG001SGJPH7,0,false,96.150000,96.990000,1.569735,0.873635,false,0.000000
2024-04-29,BXC,BBG001SHHF25,0,false,114.000000,111.400000,1.228070,-2.280702,false,0.000000
2024-04-29,BXMT,BBG001S5Q7V7,1,false,18.010000,17.920000,0.471960,-0.499722,false,0.000000
2024-04-29,BXP,BBG001S9TWV1,1,false,62.270000,62.840000,1.348964,0.915369,false,0.000000
2024-04-29,BXSL,BBG00MS80PP0,0,false,32.290000,32.110000,0.541963,-0.557448,false,0.000000
2024-04-29,BY,BBG001SMZRV6,0,false,21.800000,21.710000,2.110092,-0.412844,false,0.000000
2024-04-29,BYD,BBG001S7DMW3,1,false,53.230000,53.940000,3.118542,1.333834,false,0.000000
2024-04-29,BYND,BBG003CVJP69,10,true,6.540000,6.710000,5.581040,2.599388,false,0.000000
2024-04-29,BYON,BBG001S64TS5,1,false,21.680000,20.660000,0.230627,-4.704797,false,0.000000
2024-04-29,BYRN,BBG001S5QDS8,0,false,13.700000,12.880000,1.751095,-5.985401,false,0.000000
2024-04-29,BZH,BBG001S76DH8,0,false,28.660000,28.390000,1.290998,-0.942080,false,0.000000
2024-04-29,CAAP,0001717393,0,false,16.790000,16.920000,1.131626,0.774270,false,0.000000
2024-04-29,CABA,BBG00MJ3BKX1,0,false,11.240000,10.460000,1.290036,-6.939502,false,0.000000
2024-04-29,CABO,BBG001SFK9N6,0,false,391.280000,398.010000,2.399816,1.719996,false,0.000000
2024-04-29,CAC,BBG001S5PGN7,0,false,30.720000,30.140000,0.423177,-1.888021,false,0.000000
2024-04-29,CACI,BBG001SF9NK1,0,false,405.660000,404.910000,0.850466,-0.184884,false,0.000000
2024-04-29,CADE,BBG001SHFG98,0,false,29.030000,28.320000,0.620048,-2.445746,false,0.000000
2024-04-29,CAE,BBG001S5Y4F3,0,false,19.150000,19.370000,1.201044,1.148825,false,0.000000
2024-04-29,CAG,BBG001S5PGY5,0,false,30.860000,30.940000,0.567077,0.259235,false,0.000000
2024-04-29,CAKE,BBG001S71Q75,1,false,35.420000,34.730000,0.705816,-1.948052,false,0.000000
2024-04-29,CAL,BBG001S76YV6,0,false,37.310000,37.730000,2.787456,1.125704,false,0.000000
2024-04-29,CALM,BBG001S80MM6,1,false,56.900000,57.660000,2.038664,1.335677,false,0.000000
2024-04-29,CALX,BBG001T633M8,0,false,28.720000,28.050000,0.487465,-2.332869,false,0.000000
2024-04-29,CAMT,0001109138,0,false,82.000000,82.700000,1.219512,0.853659,false,0.000000
2024-04-29,CAPL,BBG002Z9XF16,0,false,23.200000,23.240000,1.142241,0.172414,false,0.000000
2024-04-29,CAR,BBG001S8S6R6,0,false,101.990000,103.520000,3.304246,1.500147,false,0.000000
2024-04-29,CARG,BBG00HQ77DT1,0,false,23.180000,22.850000,0.905953,-1.423641,false,0.000000
2024-04-29,CARS,BBG001SP6HB5,0,false,17.100000,17.000000,1.052632,-0.584795,false,0.000000
2024-04-29,CART,BBG00KG5VJG3,2,false,35.230000,34.480000,0.283849,-2.128867,false,0.000000
2024-04-29,CASH,BBG001S7G4Q7,0,false,52.310000,51.520000,0.688205,-1.510227,false,0.000000
2024-04-29,CASS,BBG001S5VK42,0,false,43.750000,43.490000,0.800000,-0.594286,false,0.000000
2024-04-29,CASY,BBG001S5PHZ2,0,false,320.980000,322.900100,1.062371,0.598199,false,0.000000
2024-04-29,CATC,BBG001S7RSV6,0,false,64.010000,62.630000,0.015623,-2.155913,false,0.000000
2024-04-29,CATX,BBG001S5Q300,2,false,1.590000,1.660000,6.918239,4.402516,false,0.000000
2024-04-29,CATY,BBG001S6PB10,0,false,35.140000,34.750000,0.597610,-1.109846,false,0.000000
2024-04-29,CAVA,BBG00GBR8762,9,false,69.220000,70.640000,2.340364,2.051430,false,0.000000
2024-04-29,CBL,BBG01396RPH6,0,false,21.940000,22.250000,1.412944,1.412944,false,0.000000
2024-04-29,CBRL,BBG001S5PK03,0,false,59.710000,59.290000,2.093452,-0.703400,false,0.000000
2024-04-29,CBSH,BBG001S5PK21,0,false,55.470000,54.790000,0.396611,-1.225888,false,0.000000
2024-04-29,CBT,BBG001S5PK58,0,false,94.180000,93.480000,0.201741,-0.743258,false,0.000000
2024-04-29,CBU,BBG001S5PK76,0,false,44.970000,43.790000,0.155659,-2.623972,false,0.000000
2024-04-29,CBZ,BBG001S8MB55,0,false,72.840000,71.970000,0.329489,-1.194399,false,0.000000
2024-04-29,CC,BBG005H82GC1,0,false,27.480000,27.719000,1.237263,0.869723,false,0.000000
2024-04-29,CCAP,BBG009NX1JV5,0,false,17.400000,17.410000,0.459770,0.057471,false,0.000000
2024-04-29,CCB,BBG001SN16N6,0,false,40.470000,38.870000,0.568322,-3.953546,false,0.000000
2024-04-29,CCBG,BBG001S9K7B7,0,false,27.145000,27.070000,0.000000,-0.276294,false,0.000000
2024-04-29,CCCC,BBG00BV2Y9C6,0,false,6.230000,6.320000,3.290530,1.444623,false,0.000000
2024-04-29,CCCS,BBG00WNSJM58,0,false,11.500000,11.460000,0.521739,-0.347826,false,0.000000
2024-04-29,CCD,BBG0065XMFM6,0,false,22.010000,22.090000,0.723308,0.363471,false,0.000000
2024-04-29,CCK,BBG001S5PKZ5,0,false,81.090000,81.100000,1.023554,0.012332,false,0.000000
2024-04-29,CCNE,BBG001S80QZ3,0,false,19.030000,18.930000,0.144509,-0.525486,false,0.000000
2024-04-29,CCO,BBG001SY0WV7,0,false,1.450000,1.435000,1.379310,-1.034483,false,0.000000
2024-04-29,CCOI,BBG001SC5GP2,0,false,65.890000,66.050000,0.857490,0.242829,false,0.000000
2024-04-29,CCRN,BBG001SG7SC9,0,false,17.100000,17.560000,2.690058,2.690058,false,0.000000
2024-04-29,CCS,BBG006G413H4,0,false,79.580000,80.560000,1.482785,1.231465,false,0.000000
2024-04-29,CDE,BBG001S5PM54,14,true,4.990000,4.900000,1.202405,-1.803607,false,0.000000
2024-04-29,CDLX,BBG00225ZDF8,2,false,12.430000,12.950000,4.344328,4.183427,false,0.000000
2024-04-29,CDMO,BBG001SD4YL6,0,false,7.410000,7.570000,5.802969,2.159244,false,0.000000
2024-04-29,CDNA,BBG006JS5794,0,false,7.620000,8.210000,10.629921,7.742782,false,0.000000
2024-04-29,CDP,BBG001S5XVM6,0,false,23.750000,23.910000,1.031579,0.673684,false,0.000000
2024-04-29,CDRE,BBG011RK3P21,0,false,33.270000,33.900000,2.103998,1.893598,false,0.000000
2024-04-29,CDRO,0001866782,0,false,6.790000,6.925000,2.798233,1.988218,false,0.000000
2024-04-29,CDTX,BBG006R5MFV3,3,false,12.590000,12.335000,1.826847,-2.025417,false,0.000000
2024-04-29,CECO,BBG001S6PJV0,0,false,25.320000,25.390000,1.954976,0.276461,false,0.000000
2024-04-29,CEIX,BBG00HC115M9,1,false,86.380000,87.880000,1.875434,1.736513,false,0.000000
2024-04-29,CELC,BBG00HKBW054,0,false,15.920000,16.050000,5.493090,0.816583,false,0.000000
2024-04-29,CELU,BBG00P2RTT43,0,false,3.010000,3.040000,8.282392,0.996678,false,0.000000
2024-04-29,CENN,BBG01JJ2CQM7,0,false,1.490000,1.530000,4.026846,2.684564,false,0.000000
2024-04-29,CENTA,BBG001SLHT35,0,false,35.790000,35.510000,0.810282,-0.782341,false,0.000000
2024-04-29,CENX,BBG001S766G4,0,false,18.060000,17.990000,0.830565,-0.387597,false,0.000000
2024-04-29,CEPU,BBG00JNMX9L5,0,false,10.170000,10.240000,1.671583,0.688299,false,0.000000
2024-04-29,CERE,BBG00VCYVLJ2,0,false,42.490000,42.750000,0.835491,0.611909,false,0.000000
2024-04-29,CERS,BBG001S97DG4,0,false,1.750000,1.740000,2.857143,-0.571429,false,0.000000
2024-04-29,CERT,BBG00Y7BR4L2,0,false,16.640000,17.080000,3.064904,2.644231,false,0.000000
2024-04-29,CEVA,BBG001S9R702,0,false,20.140000,20.350000,1.886792,1.042701,false,0.000000
2024-04-29,CFB,BBG001T6G4Z8,0,false,12.510000,12.260000,0.319744,-1.998401,false,0.000000
2024-04-29,CFFN,BBG001SBWDX2,0,false,4.820000,4.810000,1.659751,-0.207469,false,0.000000
2024-04-29,CFLT,BBG007HWGYS3,5,false,29.750000,28.880000,1.109244,-2.924370,false,0.000000
2024-04-29,CFR,BBG001S6D2D0,0,false,107.490000,105.380000,0.667876,-1.962973,false,0.000000
2024-04-29,CGAU,BBG001SLVFY5,0,false,6.380000,6.280000,0.470219,-1.567398,false,0.000000
2024-04-29,CGBD,BBG00GQVWWQ3,0,false,17.190000,17.335000,1.745201,0.843514,false,0.000000
2024-04-29,CGC,BBG001T6MH82,33,true,9.000000,8.330000,6.666667,-7.444444,false,0.000000
2024-04-29,CGEM,BBG00HW2DGR3,0,false,25.620000,27.120000,13.661202,5.854801,false,0.000000
2024-04-29,CGNT,0001824814,1,false,6.930000,6.910000,1.154401,-0.288600,false,0.000000
2024-04-29,CGNX,BBG001S5TC16,0,false,40.730000,41.420000,2.651608,1.694083,false,0.000000
2024-04-29,CHCO,BBG001S5PR71,0,false,104.120000,102.840000,0.595467,-1.229351,false,0.000000
2024-04-29,CHCT,BBG008G2P3N1,0,false,26.460000,26.730000,1.171580,1.020408,false,0.000000
2024-04-29,CHDN,BBG001S67Z80,0,false,130.550000,130.130000,0.578322,-0.321716,false,0.000000
2024-04-29,CHEF,BBG001V11JN2,0,false,33.610000,34.425000,2.558762,2.424874,false,0.000000
2024-04-29,CHGG,BBG001TBCK85,3,false,7.060000,7.180000,2.266289,1.699717,false,0.000000
2024-04-29,CHH,BBG001S997X6,0,false,119.280000,119.490000,1.571932,0.176056,false,0.000000
2024-04-29,CHI,BBG001SG6175,0,false,11.040000,11.060000,0.452899,0.181159,false,0.000000
2024-04-29,CHK,BBG00Z6DX607,1,false,91.925000,92.965000,1.332608,1.131357,false,0.000000
2024-04-29,CHPT,BBG00Q741ZS7,29,true,1.290000,1.330000,7.751938,3.100775,false,0.000000
2024-04-29,CHRD,BBG00Y7BLJF2,1,false,184.010000,184.350000,0.999946,0.184773,false,0.000000
2024-04-29,CHRW,BBG001SB6KF5,0,false,70.280000,71.720000,2.162777,2.048947,false,0.000000
2024-04-29,CHUY,BBG001YR4229,0,false,30.570000,30.400000,1.373896,-0.556101,false,0.000000
2024-04-29,CHW,BBG001SQN842,0,false,6.380000,6.405000,0.470219,0.391850,false,0.000000
2024-04-29,CHWY,BBG00P19DLQ4,12,true,15.960000,15.780000,1.691729,-1.127820,false,0.000000
2024-04-29,CHX,BBG00JH9V005,0,false,34.840000,34.540000,0.459242,-0.861079,false,0.000000
2024-04-29,CHY,BBG001S8SMN5,0,false,11.280000,11.340000,0.709220,0.531915,false,0.000000
2024-04-29,CIEN,BBG001S61J73,1,false,46.830000,46.760000,0.469784,-0.149477,false,0.000000
2024-04-29,CIFR,BBG00XYHY0L1,15,true,4.250000,4.045000,2.468235,-4.823529,false,0.000000
2024-04-29,CIGI,BBG001S79G88,0,false,108.500000,107.010000,1.009217,-1.373272,false,0.000000
2024-04-29,CIM,BBG001SR1G28,0,false,4.220000,4.220000,0.945498,0.000000,false,0.000000
2024-04-29,CINT,0001868995,0,false,3.890000,3.960000,3.856041,1.799486,false,0.000000
2024-04-29,CION,BBG009KJ66C3,0,false,11.490000,11.475000,0.913838,-0.130548,false,0.000000
2024-04-29,CIVI,BBG00GLNJ0R0,0,false,74.010000,74.680000,0.959330,0.905283,false,0.000000
2024-04-29,CIX,BBG001S643N7,0,false,33.870000,32.620000,1.564807,-3.690582,false,0.000000
2024-04-29,CLB,BBG01GG28WT1,0,false,16.920000,16.950000,0.886525,0.177305,false,0.000000
2024-04-29,CLBK,BBG003222R95,0,false,16.850000,16.790000,1.899110,-0.356083,false,0.000000
2024-04-29,CLBT,0001854587,0,false,10.840000,10.850000,0.553506,0.092251,false,0.000000
2024-04-29,CLCO,0001944057,0,false,11.040000,10.930000,0.000000,-0.996377,false,0.000000
2024-04-29,CLDT,BBG001T5ZKL8,0,false,9.350000,9.330000,0.641711,-0.213904,false,0.000000
2024-04-29,CLDX,BBG001S7QN20,1,false,36.680000,37.000000,2.917121,0.872410,false,0.000000
2024-04-29,CLF,BBG001S5PW43,5,false,17.900000,18.060000,1.675978,0.893855,false,0.000000
2024-04-29,CLFD,BBG001S5NS35,0,false,30.000000,29.850000,1.033333,-0.500000,false,0.000000
2024-04-29,CLH,BBG001S5PW98,0,false,193.950000,193.110000,0.629028,-0.433101,false,0.000000
2024-04-29,CLMB,BBG001S5T4D1,0,false,66.300000,66.870000,4.072247,0.859729,false,0.000000
2024-04-29,CLMT,BBG001SPKBJ4,0,false,15.500000,15.990000,3.354839,3.161290,false,0.000000
2024-04-29,CLNE,BBG001SPD4H0,1,false,2.440000,2.450000,2.049180,0.409836,false,0.000000
2024-04-29,CLOV,BBG00SHY90K3,11,true,0.685000,0.673700,1.153285,-1.649635,false,0.000000
2024-04-29,CLS,BBG001S9CXM7,7,false,43.650000,44.050000,1.237113,0.916380,false,0.000000
2024-04-29,CLSK,BBG001S7F576,56,true,18.500000,18.119900,1.243243,-2.054595,false,0.000000
2024-04-29,CLVT,0001764046,1,false,7.130000,7.090000,0.631136,-0.561010,false,0.000000
2024-04-29,CLW,BBG001T3T1B3,0,false,40.400000,40.700000,0.952970,0.742574,false,0.000000
2024-04-29,CMA,BBG001S6PXB1,0,false,52.060000,51.420000,0.720323,-1.229351,false,0.000000
2024-04-29,CMAX,BBG00VWC4RQ7,0,false,3.120000,3.350000,12.820513,7.371795,false,0.000000
2024-04-29,CMC,BBG001S5PXG8,0,false,53.590000,54.890000,2.827020,2.425826,false,0.000000
2024-04-29,CMCO,BBG001S5VFS7,0,false,41.990000,42.200000,0.857347,0.500119,false,0.000000
2024-04-29,CMP,BBG001SDY0X4,0,false,13.150000,13.340000,3.992395,1.444867,false,0.000000
2024-04-29,CMPR,0001262976,0,false,89.840000,89.370000,0.250445,-0.523152,false,0.000000
2024-04-29,CMRE,0001503584,0,false,11.780000,11.920000,1.570458,1.188455,false,0.000000
2024-04-29,CMTG,BBG00PT33814,0,false,8.750000,8.955000,4.114286,2.342857,false,0.000000
2024-04-29,CNA,BBG001S5PYX7,0,false,43.310000,43.750000,1.189102,1.015932,false,0.000000
2024-04-29,CNDT,BBG00C1BZMV6,31,true,3.220000,3.300000,4.037267,2.484472,false,0.000000
2024-04-29,CNK,BBG001SS31W4,0,false,17.600000,17.530000,1.022727,-0.397727,false,0.000000
2024-04-29,CNM,BBG01163K3R5,0,false,57.510000,57.430000,0.556425,-0.139106,false,0.000000
2024-04-29,CNMD,BBG001S5PZH2,0,false,66.100000,67.250000,1.739788,1.739788,false,0.000000
2024-04-29,CNNE,BBG00GXRNJQ3,0,false,20.040000,20.010000,0.748503,-0.149701,false,0.000000
2024-04-29,CNO,BBG001SBR6X3,0,false,26.520000,26.900000,1.998492,1.432881,false,0.000000
2024-04-29,CNOB,BBG001S6YLR0,0,false,18.540000,18.260000,1.510248,-1.510248,false,0.000000
2024-04-29,CNS,BBG001S5PZN5,0,false,70.710000,70.380000,0.608118,-0.466695,false,0.000000
2024-04-29,CNSL,BBG001S5PL29,0,false,4.290000,4.330000,0.932401,0.932401,false,0.000000
2024-04-29,CNX,BBG001SC7TN4,0,false,23.870000,24.170000,2.115626,1.256808,false,0.000000
2024-04-29,CNXC,BBG00RCNQMY2,0,false,55.010000,56.210000,3.935648,2.181422,false,0.000000
2024-04-29,CNXN,BBG001S96MG5,0,false,63.700000,63.380000,0.737834,-0.502355,false,0.000000
2024-04-29,COCO,BBG012QFVTF8,1,false,24.820000,25.100000,2.497985,1.128122,false,0.000000
2024-04-29,CODI,BBG001SPY7K6,0,false,22.600000,22.530000,0.707965,-0.309735,false,0.000000
2024-04-29,COGT,BBG007DHY102,1,false,6.120000,6.720000,10.457516,9.803922,false,0.000000
2024-04-29,COHR,BBG001S5S6N6,1,false,54.790000,55.860000,2.208432,1.952911,false,0.000000
2024-04-29,COHU,BBG001S87LQ7,0,false,31.200000,31.040000,0.641026,-0.512821,false,0.000000
2024-04-29,COLB,BBG001S72GJ3,0,false,19.280000,18.960000,0.259336,-1.659751,false,0.000000
2024-04-29,COLD,BBG001SMQ866,0,false,22.510000,22.390000,0.866282,-0.533096,false,0.000000
2024-04-29,COLL,BBG001T535S9,0,false,36.510000,36.725000,1.807724,0.588880,false,0.000000
2024-04-29,COLM,BBG001S90WD2,0,false,80.130000,79.130000,0.149757,-1.247972,false,0.000000
2024-04-29,COMP,BBG00J5SXTJ1,0,false,3.330000,3.280000,2.687688,-1.501502,false,0.000000
2024-04-29,COO,BBG001S5Q1H6,0,false,89.360000,89.880000,0.693823,0.581916,false,0.000000
2024-04-29,COOP,BBG002V09956,0,false,79.030000,79.240000,0.455523,0.265722,false,0.000000
2024-04-29,CORT,BBG001S8QGV1,0,false,23.030000,23.390000,2.388189,1.563178,false,0.000000
2024-04-29,COTY,BBG001S8GLM1,1,false,11.520000,11.525000,0.868056,0.043403,false,0.000000
2024-04-29,COUR,BBG002WLDMY3,1,false,12.160000,11.890000,0.328947,-2.220395,false,0.000000
2024-04-29,CPA,0001345105,0,false,98.950000,98.560000,0.080849,-0.394138,false,0.000000
2024-04-29,CPB,BBG001S5Q2B0,1,false,44.850000,44.940000,0.713489,0.200669,false,0.000000
2024-04-29,CPF,BBG001S5Q2C9,1,false,20.190000,20.240000,0.594354,0.247647,false,0.000000
2024-04-29,CPG,BBG001SLLJ78,0,false,9.060000,9.240000,2.421634,1.986755,false,0.000000
2024-04-29,CPK,BBG001SCP5R2,0,false,105.730000,106.220000,0.775560,0.463445,false,0.000000
2024-04-29,CPLP,0001392326,0,false,16.500000,16.160000,1.878788,-2.060606,false,0.000000
2024-04-29,CPRI,0001530721,2,false,35.920000,35.810000,0.918708,-0.306236,false,0.000000
2024-04-29,CPRX,BBG001SRHS16,0,false,14.980000,15.220000,2.069426,1.602136,false,0.000000
2024-04-29,CPT,BBG001S5Q6V9,0,false,100.430000,100.280000,0.692024,-0.149358,false,0.000000
2024-04-29,CPZ,BBG00PWZGZZ8,0,false,15.540000,15.500000,0.064350,-0.257400,false,0.000000
2024-04-29,CR,BBG016G0L0V9,0,false,144.450000,144.280000,0.636899,-0.117688,false,0.000000
2024-04-29,CRAI,BBG001SBRK80,0,false,149.950000,148.290000,0.693565,-1.107036,false,0.000000
2024-04-29,CRBU,BBG008G28LH7,0,false,3.740000,3.800000,4.144385,1.604278,false,0.000000
2024-04-29,CRC,BBG00Y04KQ51,0,false,54.910000,55.510000,1.447824,1.092697,false,0.000000
2024-04-29,CRCT,BBG00XJFB224,0,false,5.420000,5.380000,1.476015,-0.738007,false,0.000000
2024-04-29,CRD.A,BBG001S5TK72,0,false,9.620000,9.425000,3.118503,-2.027027,false,0.000000
2024-04-29,CRDO,0001807794,0,false,18.610000,18.470000,0.617947,-0.752284,false,0.000000
2024-04-29,CRGX,BBG01D59LZS4,0,false,18.870000,19.150000,4.663487,1.483837,false,0.000000
2024-04-29,CRGY,BBG013THLJ08,0,false,10.820000,11.010000,1.940850,1.756007,false,0.000000
2024-04-29,CRI,BBG001SCJ3Q5,0,false,69.810000,70.450000,1.493339,0.916774,false,0.000000
2024-04-29,CRK,BBG001S8FX55,1,false,10.340000,10.390000,1.353965,0.483559,false,0.000000
2024-04-29,CRL,BBG001S7Q271,0,false,230.880000,232.270000,1.039501,0.602044,false,0.000000
2024-04-29,CRMT,BBG001S6Z7P2,0,false,58.010000,58.450000,0.982589,0.758490,false,0.000000
2024-04-29,CRNC,BBG00MMDJG93,0,false,9.800000,9.650000,3.265306,-1.530612,false,0.000000
2024-04-29,CRNX,BBG00BC592C3,0,false,42.470000,43.985000,6.475159,3.567224,false,0.000000
2024-04-29,CRON,BBG006G267X6,1,false,2.590000,2.555000,3.088803,-1.351351,false,0.000000
2024-04-29,CROX,BBG001SDGFR8,1,false,126.020000,127.730000,2.261546,1.356927,false,0.000000
2024-04-29,CRS,BBG001S5Q5M1,0,false,84.000000,83.740000,0.702381,-0.309524,false,0.000000
2024-04-29,CRSP,0001674416,4,false,54.090000,54.830000,2.828619,1.368090,false,0.000000
2024-04-29,CRSR,BBG00HMSHL92,1,false,11.270000,11.250000,1.508429,-0.177462,false,0.000000
2024-04-29,CRUS,BBG001S67J86,0,false,88.530000,90.300000,2.722241,1.999322,false,0.000000
2024-04-29,CRVL,BBG001S72ZL8,0,false,238.640000,241.990000,1.403788,1.403788,false,0.000000
2024-04-29,CSGS,BBG001S8QQ76,0,false,47.840000,48.330000,1.588629,1.024247,false,0.000000
2024-04-29,CSIQ,BBG001SPNJT3,3,false,15.480000,16.440600,6.718346,6.205426,false,0.000000
2024-04-29,CSQ,BBG001SC0HR3,0,false,15.880000,15.750000,0.032746,-0.818640,false,0.000000
2024-04-29,CSR,BBG001SB9ZW0,0,false,65.200000,64.660000,0.253067,-0.828221,false,0.000000
2024-04-29,CSTL,BBG006YWVSS2,0,false,20.500000,21.550000,5.609756,5.121951,false,0.000000
2024-04-29,CSTM,0001563411,0,false,20.830000,20.710000,1.056169,-0.576092,false,0.000000
2024-04-29,CSV,BBG001S9M5G4,0,false,25.050000,26.080000,4.431138,4.111776,false,0.000000
2024-04-29,CSWC,BBG001S5Q7P4,1,false,25.900000,25.980000,0.772201,0.308880,false,0.000000
2024-04-29,CSWI,BBG007NLG4M2,0,false,238.480000,239.980000,1.482305,0.628984,false,0.000000
2024-04-29,CTBI,BBG001S9F6J7,0,false,42.560000,41.960000,0.869361,-1.409774,false,0.000000
2024-04-29,CTKB,BBG00D36Q103,0,false,5.870000,6.030000,6.388416,2.725724,false,0.000000
2024-04-29,CTLP,BBG001S96MW7,0,false,5.810000,5.900000,1.721170,1.549053,false,0.000000
2024-04-29,CTLT,BBG005XR47N7,0,false,56.000000,56.320000,0.875000,0.571429,false,0.000000
2024-04-29,CTO,BBG00Y3M1H68,0,false,17.190000,17.310000,0.872600,0.698080,false,0.000000
2024-04-29,CTOS,BBG00HLCWDG1,0,false,5.160000,5.130000,0.581395,-0.581395,false,0.000000
2024-04-29,CTRE,BBG005KC4Z61,0,false,24.360000,24.660000,1.426519,1.231527,false,0.000000
2024-04-29,CTRM,0001720161,1,false,3.250000,3.230000,1.230769,-0.615385,false,0.000000
2024-04-29,CTS,BBG001S5Q8Y2,0,false,46.440000,46.990000,1.248923,1.184324,false,0.000000
2024-04-29,CTV,BBG00Z2Y0CF2,1,false,2.350000,2.310000,2.553191,-1.702128,false,0.000000
2024-04-29,CUBE,BBG001SHP0D7,0,false,41.030000,41.240000,1.340483,0.511821,false,0.000000
2024-04-29,CUBI,BBG0023XX770,0,false,46.680000,47.620000,3.877464,2.013710,false,0.000000
2024-04-29,CURV,BBG011C0PDC3,0,false,4.990000,5.040000,4.008016,1.002004,false,0.000000
2024-04-29,CUZ,BBG001S73MB7,1,false,23.110000,23.260000,1.341411,0.649070,false,0.000000
2024-04-29,CVAC,0001809122,0,false,2.330000,2.520000,9.012876,8.154506,false,0.000000
2024-04-29,CVBF,BBG001SJ1SH4,0,false,16.590000,16.460000,0.904159,-0.783605,false,0.000000
2024-04-29,CVCO,BBG001SJQBM8,0,false,375.840000,373.500000,0.742337,-0.622605,false,0.000000
2024-04-29,CVEO,BBG009KJ2H33,0,false,24.340000,23.100000,0.000000,-5.094495,false,0.000000
2024-04-29,CVGW,BBG001S9FP96,0,false,27.100000,26.620000,0.811808,-1.771218,false,0.000000
2024-04-29,CVI,BBG001SM6PD2,0,false,33.100000,33.120000,0.740181,0.060423,false,0.000000
2024-04-29,CVII,BBG00ZKGBLC2,0,false,10.730000,10.715000,0.000000,-0.139795,false,0.000000
2024-04-29,CVLG,BBG001S89TF0,0,false,45.150000,45.450000,1.050498,0.664452,false,0.000000
2024-04-29,CVLT,BBG001S7R751,0,false,98.300000,99.410000,1.322482,1.129196,false,0.000000
2024-04-29,CVNA,BBG00GCTWF71,24,true,85.760000,83.770000,3.171642,-2.320429,false,0.000000
2024-04-29,CVRX,BBG001TJ3M57,0,false,14.790000,15.270000,3.921569,3.245436,false,0.000000
2024-04-29,CW,BBG001S5QBK0,0,false,254.470000,257.000000,1.143553,0.994223,false,0.000000
2024-04-29,CWAN,BBG012C765M3,0,false,16.460000,16.030000,0.000000,-2.612394,false,0.000000
2024-04-29,CWCO,0000928340,0,false,25.370000,25.400000,1.300749,0.118250,false,0.000000
2024-04-29,CWEN,BBG008LJ4TG2,0,false,23.260000,23.480000,1.332760,0.945830,false,0.000000
2024-04-29,CWH,BBG00D2Z7X92,0,false,21.560000,21.210000,1.901670,-1.623377,false,0.000000
2024-04-29,CWK,0001628369,0,false,9.790000,9.920000,1.583248,1.327886,false,0.000000
2024-04-29,CWST,BBG001SB5S05,0,false,89.610000,90.870000,2.371387,1.406093,false,0.000000
2024-04-29,CWT,BBG001S7QBD4,0,false,48.190000,48.390000,0.570658,0.415024,false,0.000000
2024-04-29,CXM,BBG0043NCD14,1,false,12.040000,12.030000,0.415282,-0.083056,false,0.000000
2024-04-29,CXT,BBG017BXPZ94,0,false,63.000000,62.570000,0.238095,-0.682540,false,0.000000
2024-04-29,CXW,BBG001S8PTV4,0,false,15.140000,15.100000,0.396301,-0.264201,false,0.000000
2024-04-29,CYBR,0001598110,0,false,246.320000,243.440000,0.682040,-1.169211,false,0.000000
2024-04-29,CYD,0000932695,0,false,8.310000,8.230000,0.214200,-0.962696,false,0.000000
2024-04-29,CYH,BBG001S89L85,0,false,3.440000,3.290000,1.162791,-4.360465,false,0.000000
2024-04-29,CYRX,BBG001SLKBJ3,0,false,16.570000,16.810000,2.715751,1.448401,false,0.000000
2024-04-29,CYTK,BBG001SGMVF2,2,false,64.950000,62.560000,0.076982,-3.679754,false,0.000000
2024-04-29,CZOO,0001859639,3,false,11.240000,10.590000,5.604982,-5.782918,false,0.000000
2024-04-29,CZR,BBG0074Q3NL5,1,false,37.240000,37.570000,2.980666,0.886144,false,0.000000
2024-04-29,DAC,0001369241,0,false,75.970000,77.100000,1.684744,1.487429,false,0.000000
2024-04-29,DAKT,BBG001S7N3Z1,0,false,9.330000,9.590000,2.893891,2.786710,false,0.000000
2024-04-29,DAN,BBG001SRW699,0,false,12.560000,12.630000,1.592357,0.557325,false,0.000000
2024-04-29,DAR,BBG001SB7RP8,0,false,45.000000,44.205000,0.111111,-1.766667,false,0.000000
2024-04-29,DAVE,BBG00Z483WM2,0,false,45.160000,47.950000,12.376882,6.178034,false,0.000000
2024-04-29,DAWN,BBG00V1KSN13,2,false,15.010000,16.500000,11.525650,9.926716,false,0.000000
2024-04-29,DBD,BBG01HVHYCP8,0,false,32.110000,32.590000,2.709436,1.494861,false,0.000000
2024-04-29,DBI,BBG001SLWM79,0,false,9.710000,9.500000,1.905252,-2.162719,false,0.000000
2024-04-29,DBRG,BBG00D30HGN8,0,false,16.910000,17.060000,2.424601,0.887049,false,0.000000
2024-04-29,DBX,BBG001TFLWN3,0,false,24.170000,24.200000,1.075714,0.124121,false,0.000000
2024-04-29,DCBO,BBG00Q2B1CB5,3,false,48.290000,46.490000,0.745496,-3.727480,false,0.000000
2024-04-29,DCGO,BBG00YB8JBL7,0,false,3.570000,3.620000,3.641457,1.400560,false,0.000000
2024-04-29,DCI,BBG001S5QDV4,0,false,72.610000,72.960000,0.936510,0.482027,false,0.000000
2024-04-29,DCO,BBG001S5QDZ0,0,false,54.140000,54.150000,0.591060,0.018471,false,0.000000
2024-04-29,DCOM,BBG001S7NTQ4,0,false,19.100000,18.720000,0.732984,-1.989529,false,0.000000
2024-04-29,DCPH,BBG00HMJ9H63,58,true,25.200000,25.280000,0.793651,0.317460,false,0.000000
2024-04-29,DDD,BBG001S7FHX1,2,false,3.460000,3.455000,2.190751,-0.144509,false,0.000000
2024-04-29,DDS,BBG001S5VNW5,0,false,449.000000,447.330000,1.659243,-0.371938,false,0.000000
2024-04-29,DEA,BBG007SV91T2,0,false,11.750000,11.680000,1.106383,-0.595745,false,0.000000
2024-04-29,DEI,BBG001SR5X72,0,false,13.560000,13.820000,1.991150,1.917404,false,0.000000
2024-04-29,DENN,BBG001S5YGR3,0,false,8.110000,8.200000,1.787916,1.109741,false,0.000000
2024-04-29,DESP,0001703141,12,true,12.850000,12.700000,0.311284,-1.167315,false,0.000000
2024-04-29,DFH,BBG00YN8LKQ6,0,false,36.620000,36.700000,1.119607,0.218460,false,0.000000
2024-04-29,DFIN,BBG009R0CT67,0,false,63.110000,63.685000,1.838061,0.911108,false,0.000000
2024-04-29,DGICA,BBG001SHRMC8,0,false,13.400000,13.350000,0.970149,-0.373134,false,0.000000
2024-04-29,DGII,BBG001S5Z4V4,0,false,31.050000,30.920000,2.415459,-0.418680,false,0.000000
2024-04-29,DH,BBG01282ZKG1,0,false,7.010000,7.130000,3.851641,1.711840,false,0.000000
2024-04-29,DHIL,BBG001SCH7V2,0,false,152.220000,150.575000,0.000000,-1.080673,false,0.000000
2024-04-29,DHT,0001331284,1,false,11.510000,11.490000,0.434405,-0.173762,false,0.000000
2024-04-29,DIN,BBG001SD46L7,0,false,45.490000,44.660000,0.175863,-1.824577,false,0.000000
2024-04-29,DINO,BBG0135B2269,1,false,57.340000,57.860000,1.151029,0.906871,false,0.000000
2024-04-29,DIOD,BBG001SCJ937,0,false,72.950000,74.040000,1.836875,1.494174,false,0.000000
2024-04-29,DJCO,BBG001S5QHM5,0,false,346.370000,340.010000,1.336721,-1.836187,false,0.000000
2024-04-29,DK,BBG00FZYFVD4,0,false,29.350000,29.380000,0.477002,0.102215,false,0.000000
2024-04-29,DKL,BBG0036D6305,1,false,40.150000,39.690000,0.783811,-1.145704,false,0.000000
2024-04-29,DLB,BBG001SDXGH8,0,false,79.590000,79.410000,0.502576,-0.226159,false,0.000000
2024-04-29,DLO,0001846832,1,false,14.420000,14.570000,1.040222,1.040222,false,0.000000
2024-04-29,DLX,BBG001S5QJ69,0,false,20.540000,20.320000,1.022395,-1.071081,false,0.000000
2024-04-29,DMLP,BBG001SLKJK4,0,false,33.000000,33.190000,1.121212,0.575758,false,0.000000
2024-04-29,DMRC,BBG001T2W3C6,0,false,22.390000,21.770000,0.870925,-2.769093,false,0.000000
2024-04-29,DNA,BBG00YPS1LT7,33,true,0.860100,0.989800,31.380072,15.079642,true,0.000000
2024-04-29,DNB,BBG00VCZXBX3,1,false,9.380000,9.370000,2.025586,-0.106610,false,0.000000
2024-04-29,DNLI,BBG008P7F878,1,false,15.640000,15.620000,2.046036,-0.127877,false,0.000000
2024-04-29,DNN,BBG001S9ZPX7,17,true,2.060000,2.130000,3.398058,3.398058,false,0.000000
2024-04-29,DNOW,BBG005BLN1Z3,0,false,14.650000,14.740000,0.614334,0.614334,false,0.000000
2024-04-29,DNTH,BBG00FB2NQ15,0,false,21.750000,21.890000,3.080460,0.643678,false,0.000000
2024-04-29,DNUT,BBG0118Y87P2,2,false,13.020000,13.015000,0.691244,-0.038402,false,0.000000
2024-04-29,DO,BBG010JCFCF2,2,false,13.200000,13.050000,1.212121,-1.136364,false,0.000000
2024-04-29,DOC,BBG001S5RTS2,1,false,18.960000,18.930000,1.635021,-0.158228,false,0.000000
2024-04-29,DOCN,BBG00ZGF6TM7,3,false,33.810000,34.050000,1.123928,0.709849,false,0.000000
2024-04-29,DOCS,BBG0026ZJQY6,0,false,24.000000,24.270000,2.333333,1.125000,false,0.000000
2024-04-29,DOCU,BBG001T535D5,1,false,57.600000,57.080000,0.898090,-0.902778,false,0.000000
2024-04-29,DOLE,0001857475,0,false,12.180000,12.350000,1.436782,1.395731,false,0.000000
2024-04-29,DOOO,BBG004G49425,0,false,68.700000,69.320000,1.018923,0.902475,false,0.000000
2024-04-29,DOOR,BBG001T51RT2,0,false,132.750000,132.570000,0.075330,-0.135593,false,0.000000
2024-04-29,DORM,BBG001S5S932,0,false,89.250000,88.680000,0.526611,-0.638655,false,0.000000
2024-04-29,DOX,0001062579,0,false,85.310000,84.840000,0.703317,-0.550932,false,0.000000
2024-04-29,DRH,BBG001SJ63M8,0,false,9.100000,9.110000,0.769231,0.109890,false,0.000000
2024-04-29,DRQ,BBG001SB9LK4,1,false,20.000000,19.520000,0.712500,-2.400000,false,0.000000
2024-04-29,DRS,BBG00ZSB4TT8,0,false,21.580000,21.930000,1.946247,1.621872,false,0.000000
2024-04-29,DRVN,BBG00YN8ND71,0,false,14.500000,14.520000,1.172414,0.137931,false,0.000000
2024-04-29,DSGR,BBG001S5SQ43,0,false,33.260000,33.140000,1.924233,-0.360794,false,0.000000
2024-04-29,DSGX,BBG001SBJY34,0,false,94.910000,93.770000,0.000000,-1.201138,false,0.000000
2024-04-29,DSX,0001318885,2,false,2.970000,2.980000,1.010101,0.336700,false,0.000000
2024-04-29,DT,BBG00PNN7CW9,1,false,47.260000,46.530000,0.253915,-1.544647,false,0.000000
2024-04-29,DTIL,BBG008NSBPW2,0,false,9.360000,9.900000,5.982906,5.769231,false,0.000000
2024-04-29,DTM,BBG0112Z58K1,0,false,64.260000,63.195000,0.404606,-1.657330,false,0.000000
2024-04-29,DTSS,BBG00B8TYJY7,0,false,8.330000,8.020000,0.000000,-3.721489,false,0.000000
2024-04-29,DUOL,BBG003D4V960,0,false,224.000000,228.990000,2.258929,2.227679,false,0.000000
2024-04-29,DV,BBG00ZNRRKL0,0,false,30.380000,30.600000,0.938117,0.724161,false,0.000000
2024-04-29,DVA,BBG001SB5DZ0,0,false,133.230000,138.170000,4.510996,3.707874,false,0.000000
2024-04-29,DVAX,BBG001S7HTB7,0,false,11.280000,11.340000,1.063830,0.531915,false,0.000000
2024-04-29,DX,BBG001S5R078,1,false,11.990000,11.810000,0.750626,-1.501251,false,0.000000
2024-04-29,DXC,BBG00FN64XV6,0,false,20.220000,20.270000,1.384768,0.247280,false,0.000000
2024-04-29,DXPE,BBG001S9F0F4,0,false,50.930000,50.090000,0.658747,-1.649323,false,0.000000
2024-04-29,DY,BBG001S6MGW8,0,false,143.710000,143.330000,0.048709,-0.264421,false,0.000000
2024-04-29,DYN,BBG00NSGPJF8,0,false,24.850000,25.500000,4.104628,2.615694,false,0.000000
2024-04-29,EAF,BBG00KDYT9G8,0,false,1.550000,1.650000,10.967742,6.451613,false,0.000000
2024-04-29,EAT,BBG001S5RFV8,0,false,48.980000,49.650000,1.551654,1.367905,false,0.000000
2024-04-29,EB,BBG001V1CQC6,0,false,5.410000,5.380000,1.663586,-0.554529,false,0.000000
2024-04-29,EBC,BBG00W9KWY41,0,false,13.070000,12.820000,0.841622,-1.912777,false,0.000000
2024-04-29,EBF,BBG001S5QQS9,0,false,19.770000,19.940000,0.961052,0.859889,false,0.000000
2024-04-29,EBTC,BBG001SB6470,0,false,25.520000,24.990000,0.000000,-2.076803,false,0.000000
2024-04-29,ECPG,BBG001SKFPK8,1,false,41.940000,42.030000,2.253219,0.214592,false,0.000000
2024-04-29,ECVT,BBG00GX8YLD2,0,false,9.940000,9.945000,1.458753,0.050302,false,0.000000
2024-04-29,ECX,0001861974,0,false,1.633000,1.670000,4.102878,2.265769,false,0.000000
2024-04-29,EDIT,BBG005MX5H08,0,false,5.380000,5.370000,3.066914,-0.185874,false,0.000000
2024-04-29,EDR,BBG00P8TCHD7,1,false,26.480000,26.440000,0.188822,-0.151057,false,0.000000
2024-04-29,EE,BBG014GJSS81,0,false,17.200000,17.160000,2.151163,-0.232558,false,0.000000
2024-04-29,EEFT,BBG001S9DW39,1,false,103.890000,104.650000,1.386081,0.731543,false,0.000000
2024-04-29,EEX,BBG00GCTWW65,0,false,5.790000,5.660000,0.000000,-2.245250,false,0.000000
2024-04-29,EFC,BBG001SQ6V04,1,false,11.610000,11.565000,0.689061,-0.387597,false,0.000000
2024-04-29,EFSC,BBG001SKJVR4,0,false,38.740000,38.140000,0.542075,-1.548787,false,0.000000
2024-04-29,EFXT,BBG001SXXC92,0,false,5.890000,6.040000,3.225806,2.546689,false,0.000000
2024-04-29,EGBN,BBG001SBX1Z5,0,false,19.705000,18.910000,0.000000,-4.034509,false,0.000000
2024-04-29,EGIO,BBG001SQXJL8,0,false,10.000000,10.160000,4.700000,1.600000,false,0.000000
2024-04-29,EGO,BBG001S5YPQ4,2,false,15.200000,15.190000,2.960526,-0.065789,false,0.000000
2024-04-29,EGP,BBG001S5QT03,0,false,157.320000,157.760000,0.851767,0.279685,false,0.000000
2024-04-29,EGY,BBG001S76ZS7,4,false,6.610000,6.665000,1.966717,0.832073,false,0.000000
2024-04-29,EHAB,BBG014QJ5CJ8,0,false,10.100000,10.310000,2.475248,2.079208,false,0.000000
2024-04-29,EHC,BBG001S5Q5B3,0,false,82.770000,83.620000,1.389392,1.026942,false,0.000000
2024-04-29,EIG,BBG001SMM101,0,false,43.740000,43.050000,0.823045,-1.577503,false,0.000000
2024-04-29,ELAN,BBG00LJYS1R6,0,false,13.310000,13.570000,3.944403,1.953418,false,0.000000
2024-04-29,ELF,BBG00DQ6VYQ2,0,false,180.370000,171.700000,1.308422,-4.806786,false,0.000000
2024-04-29,ELME,BBG001S5XJD3,0,false,15.080000,15.050000,1.127321,-0.198939,false,0.000000
2024-04-29,ELS,BBG001S5T5G5,0,false,60.900000,60.700000,0.870279,-0.328407,false,0.000000
2024-04-29,ELVN,BBG00CP3BDF2,0,false,17.410000,17.740000,7.926479,1.895462,false,0.000000
2024-04-29,EMBC,BBG014L7D4H0,0,false,10.290000,10.440000,2.623907,1.457726,false,0.000000
2024-04-29,EMN,BBG001S7JNP3,0,false,97.700000,97.360000,1.586489,-0.348004,false,0.000000
2024-04-29,ENFN,BBG012MBFR72,0,false,9.500000,9.510000,1.473684,0.105263,false,0.000000
2024-04-29,ENGN,BBG01J1GCYX6,0,false,15.240000,15.390100,9.047900,0.984908,false,0.000000
2024-04-29,ENLC,BBG001SGNNQ7,0,false,13.940000,14.105000,1.434720,1.183644,false,0.000000
2024-04-29,ENLT,0001922641,0,false,16.190000,16.130000,0.926498,-0.370599,false,0.000000
2024-04-29,ENOV,BBG001SC04J1,1,false,55.460000,55.910000,1.622791,0.811396,false,0.000000
2024-04-29,ENR,BBG006FCB028,0,false,28.620000,28.590000,0.838574,-0.104822,false,0.000000
2024-04-29,ENS,BBG001SLVXW8,0,false,91.540000,91.790000,0.419052,0.273105,false,0.000000
2024-04-29,ENSG,BBG001SPNL09,0,false,117.940000,118.860000,0.941157,0.780058,false,0.000000
2024-04-29,ENV,BBG001T7SQ20,0,false,62.410000,62.800000,1.217754,0.624900,false,0.000000
2024-04-29,ENVA,BBG0022PSJT4,0,false,63.330000,61.750000,0.663193,-2.494868,false,0.000000
2024-04-29,ENVX,BBG00YC538B7,16,true,6.540000,6.500000,6.269113,-0.611621,false,0.000000
2024-04-29,EOLS,BBG005CX4HL7,0,false,11.510000,11.720000,3.735882,1.824500,false,0.000000
2024-04-29,EPAC,BBG001S5NYQ7,0,false,36.270000,36.340000,0.689275,0.192997,false,0.000000
2024-04-29,EPAM,BBG001SKDJH8,0,false,239.120000,239.270000,0.811308,0.062730,false,0.000000
2024-04-29,EPC,BBG001SF1XY2,0,false,37.530000,37.560000,0.532907,0.079936,false,0.000000
2024-04-29,EPR,BBG001SB5QR0,3,false,40.980000,41.040000,0.829673,0.146413,false,0.000000
2024-04-29,EPRT,BBG00L17LH87,0,false,25.940000,26.320000,1.811874,1.464919,false,0.000000
2024-04-29,EQBK,BBG001SN1XQ4,0,false,33.310000,33.250000,0.360252,-0.180126,false,0.000000
2024-04-29,EQC,BBG001S5S0L1,0,false,18.680000,18.770000,0.535332,0.481799,false,0.000000
2024-04-29,EQH,BBG00J7CBWL8,0,false,36.930000,37.470000,1.597617,1.462226,false,0.000000
2024-04-29,EQX,BBG001SSK0K0,25,true,5.600000,5.670000,5.885714,1.250000,false,0.000000
2024-04-29,ERF,BBG001SGHVD0,0,false,20.300000,20.370000,0.960591,0.344828,false,0.000000
2024-04-29,ERII,BBG001T28M86,0,false,14.400000,14.870000,3.263889,3.263889,false,0.000000
2024-04-29,ERO,BBG00HNV5D86,2,false,20.870000,21.120000,1.197892,1.197892,false,0.000000
2024-04-29,ESAB,BBG0028ZMP54,0,false,108.050000,107.860000,0.518279,-0.175845,false,0.000000
2024-04-29,ESE,BBG001S6MFD1,0,false,105.930000,104.060000,0.585292,-1.765317,false,0.000000
2024-04-29,ESGR,0001363829,0,false,289.240000,292.110000,1.548887,0.992256,false,0.000000
2024-04-29,ESI,BBG004KDL523,0,false,24.020000,24.150000,0.770192,0.541216,false,0.000000
2024-04-29,ESLT,0001027664,0,false,201.250000,203.190000,1.363975,0.963975,false,0.000000
2024-04-29,ESNT,0001448893,0,false,54.100000,53.670000,0.582255,-0.794824,false,0.000000
2024-04-29,ESQ,BBG003BCFHY3,0,false,49.480000,47.170000,0.141471,-4.668553,false,0.000000
2024-04-29,ESRT,BBG002N8HMX9,0,false,9.280000,9.290000,1.131466,0.107759,false,0.000000
2024-04-29,ESTA,0001688757,0,false,48.590000,48.860000,2.366742,0.555670,false,0.000000
2024-04-29,ESTC,0001707753,1,false,108.350000,103.920000,0.053530,-4.088602,false,0.000000
2024-04-29,ETAO,0001939696,1,false,2.970000,3.110000,10.437710,4.713805,false,0.000000
2024-04-29,ETD,BBG001S67JZ6,0,false,29.000000,28.890000,0.827586,-0.379310,false,0.000000
2024-04-29,ETNB,BBG00QKDZ985,0,false,8.350000,8.540000,3.712575,2.275449,false,0.000000
2024-04-29,ETRN,BBG00K53L401,0,false,13.710000,13.885000,1.969365,1.276441,false,0.000000
2024-04-29,ETSY,BBG001T53625,1,false,67.650000,68.900000,2.424242,1.847746,false,0.000000
2024-04-29,ETWO,BBG00S91HBN8,0,false,4.300000,4.270000,1.395349,-0.697674,false,0.000000
2024-04-29,EU,BBG001T8HNC6,5,false,4.520000,4.607500,2.212389,1.935841,false,0.000000
2024-04-29,EURN,0001604481,0,false,16.850000,16.750000,0.219585,-0.593472,false,0.000000
2024-04-29,EVBG,BBG0022FMPG2,1,false,34.890000,34.550100,0.000000,-0.974205,false,0.000000
2024-04-29,EVCM,BBG0118LMXS4,0,false,9.180000,9.154000,0.762527,-0.283224,false,0.000000
2024-04-29,EVER,BBG00F17NDJ5,0,false,19.630000,19.580000,0.611309,-0.254712,false,0.000000
2024-04-29,EVEX,BBG00XZQN3Y2,0,false,5.380000,5.480000,3.717472,1.858736,false,0.000000
2024-04-29,EVH,BBG005CHLMB3,0,false,28.010000,27.810000,0.714031,-0.714031,false,0.000000
2024-04-29,EVLV,BBG00W1PPKY3,0,false,4.130000,4.080000,0.363196,-1.210654,false,0.000000
2024-04-29,EVR,BBG001SC3S41,0,false,185.000000,184.790000,0.549946,-0.113514,false,0.000000
2024-04-29,EVRG,BBG00H433CS1,1,false,51.950000,52.750000,1.597690,1.539942,false,0.000000
2024-04-29,EVRI,BBG001SLY556,0,false,8.470000,8.480000,2.007084,0.118064,false,0.000000
2024-04-29,EVTC,BBG001SX2XR0,0,false,38.400000,38.340000,0.781250,-0.156250,false,0.000000
2024-04-29,EWBC,BBG001SCC7R2,0,false,75.980000,76.450000,0.944327,0.618584,false,0.000000
2024-04-29,EWCZ,BBG011RWTZQ9,0,false,11.980000,11.630000,0.083472,-2.921536,false,0.000000
2024-04-29,EWTX,BBG00K4Y2H33,1,false,16.320000,17.050000,7.904412,4.473039,false,0.000000
2024-04-29,EXAS,BBG001SGCLB9,1,false,59.460000,58.750000,1.463169,-1.194080,false,0.000000
2024-04-29,EXEL,BBG001SD42W4,0,false,23.790000,23.750000,0.420345,-0.168138,false,0.000000
2024-04-29,EXK,BBG001S5ZH63,4,false,2.780000,2.755000,1.258993,-0.899281,false,0.000000
2024-04-29,EXLS,BBG001SKWX40,0,false,29.710000,29.470000,0.454392,-0.807809,false,0.000000
2024-04-29,EXP,BBG001S7VG92,0,false,257.600000,258.070000,0.452252,0.182453,false,0.000000
2024-04-29,EXPI,BBG001V05TN8,0,false,10.290000,10.285000,1.902818,-0.048591,false,0.000000
2024-04-29,EXPO,BBG001S9CG99,0,false,95.060000,93.100000,0.748475,-2.061856,false,0.000000
2024-04-29,EXTR,BBG001S6ZV24,0,false,11.670000,11.545000,1.456727,-1.071123,false,0.000000
2024-04-29,EYE,BBG00HVQF9L1,0,false,18.020000,17.640000,2.164262,-2.108768,false,0.000000
2024-04-29,EYPT,BBG001SNLCD2,0,false,16.670000,17.620000,7.558488,5.698860,false,0.000000
2024-04-29,EZPW,BBG001S6RN67,0,false,11.430000,11.170000,0.349956,-2.274716,false,0.000000
2024-04-29,FA,BBG011J0CVZ5,0,false,16.460000,16.600000,1.397327,0.850547,false,0.000000
2024-04-29,FAF,BBG001T1LV65,1,false,54.300000,54.180000,1.804788,-0.220994,false,0.000000
2024-04-29,FARO,BBG001S8HPX9,0,false,19.080000,19.030000,0.628931,-0.262055,false,0.000000
2024-04-29,FATE,BBG001T888S2,0,false,3.790000,4.050000,10.422164,6.860158,false,0.000000
2024-04-29,FBIN,BBG001THLZ70,0,false,74.400000,75.230000,1.370968,1.115591,false,0.000000
2024-04-29,FBK,BBG00DM434H8,0,false,37.780000,37.020000,0.317628,-2.011646,false,0.000000
2024-04-29,FBMS,BBG001SB73Y1,0,false,23.810000,24.100000,2.015960,1.217976,false,0.000000
2024-04-29,FBNC,BBG001S5R1Z5,0,false,31.480000,30.980000,0.825921,-1.588310,false,0.000000
2024-04-29,FBP,BBG001S76PN4,0,false,17.370000,17.460000,0.978699,0.518135,false,0.000000
2024-04-29,FBRT,BBG013173BC4,0,false,12.810000,12.690000,0.624512,-0.936768,false,0.000000
2024-04-29,FC,BBG001SB0L96,0,false,39.500000,39.620000,1.000000,0.303797,false,0.000000
2024-04-29,FCBC,BBG001S9V627,0,false,33.510000,33.290000,0.089526,-0.656520,false,0.000000
2024-04-29,FCEL,BBG001SDZHP5,31,true,0.880700,0.930600,9.901215,5.665948,false,0.000000
2024-04-29,FCF,BBG001S70475,0,false,13.540000,13.380000,0.738552,-1.181684,false,0.000000
2024-04-29,FCFS,BBG0145KL756,0,false,117.680000,115.340000,0.000000,-1.988443,false,0.000000
2024-04-29,FCN,BBG001SCJVR2,0,false,212.690000,213.570000,0.709953,0.413748,false,0.000000
2024-04-29,FCPT,BBG009H33QN9,0,false,23.570000,23.680000,1.357658,0.466695,false,0.000000
2024-04-29,FDMT,BBG00QG40S04,3,false,23.580000,24.290000,4.580153,3.011026,false,0.000000
2024-04-29,FDP,0001047340,0,false,25.600000,25.710000,1.484375,0.429687,false,0.000000
2024-04-29,FDUS,BBG001V0MG11,0,false,20.480000,20.390000,0.097656,-0.439453,false,0.000000
2024-04-29,FELE,BBG001S5R3W4,0,false,102.790000,103.330000,1.031229,0.525343,false,0.000000
2024-04-29,FFBC,BBG001S5R4C4,0,false,22.560000,22.250000,0.775709,-1.374113,false,0.000000
2024-04-29,FFIC,BBG001S7KQM7,0,false,11.380000,11.270000,1.142355,-0.966608,false,0.000000
2024-04-29,FFIN,BBG001S7HCY9,0,false,30.450000,29.690000,0.262726,-2.495895,false,0.000000
2024-04-29,FFIV,BBG001SCP8D1,0,false,183.860000,182.140000,1.365169,-0.935494,false,0.000000
2024-04-29,FFWM,BBG001V9VY13,0,false,6.050000,5.970000,1.652893,-1.322314,false,0.000000
2024-04-29,FG,BBG01BGVGH85,0,false,39.280000,39.320000,2.036660,0.101833,false,0.000000
2024-04-29,FHB,BBG0046LJYX7,0,false,22.040000,21.490000,0.000000,-2.495463,false,0.000000
2024-04-29,FHI,BBG001S6TGK4,0,false,32.870000,32.690000,2.068756,-0.547612,false,0.000000
2024-04-29,FHN,BBG001SCW8R8,0,false,14.880000,14.850000,1.008065,-0.201613,false,0.000000
2024-04-29,FIBK,BBG001S9F1B6,0,false,27.460000,27.100000,0.546249,-1.310998,false,0.000000
2024-04-29,FIGS,BBG004SK5VM8,0,false,4.980000,5.040000,2.208835,1.204819,false,0.000000
2024-04-29,FIHL,0001636639,0,false,19.520000,20.030000,5.174180,2.612705,false,0.000000
2024-04-29,FIP,BBG0174VKJB4,0,false,7.430000,7.420000,1.211306,-0.134590,false,0.000000
2024-04-29,FIVE,BBG001TCDMY9,0,false,150.090000,147.100000,0.526351,-1.992138,false,0.000000
2024-04-29,FIVN,BBG001V0P7K7,0,false,59.570000,59.240000,0.470035,-0.553970,false,0.000000
2024-04-29,FIX,BBG001SB1GG8,0,false,305.260000,310.810000,1.929503,1.818122,false,0.000000
2024-04-29,FIZZ,BBG001S5PM18,0,false,43.900000,43.690000,0.300000,-0.478360,false,0.000000
2024-04-29,FL,BBG001S5XMR1,0,false,22.090000,21.340000,0.249434,-3.395201,false,0.000000
2024-04-29,FLEX,0000866374,1,false,28.970000,29.230000,0.897480,0.897480,false,0.000000
2024-04-29,FLGT,BBG00DW0QQM5,0,false,20.190000,20.560000,4.952947,1.832590,false,0.000000
2024-04-29,FLNC,BBG012QSDTD2,2,false,17.070000,18.140000,6.795548,6.268307,false,0.000000
2024-04-29,FLNG,0001772253,0,false,26.180000,26.370000,0.725745,0.725745,false,0.000000
2024-04-29,FLO,BBG001S5R7L7,0,false,24.710000,24.840000,0.829624,0.526103,false,0.000000
2024-04-29,FLR,BBG001S5Q738,0,false,41.170000,40.850000,0.449356,-0.777265,false,0.000000
2024-04-29,FLS,BBG001SB3F87,1,false,47.000000,47.210000,0.680851,0.446809,false,0.000000
2024-04-29,FLWS,BBG001S60YV4,0,false,9.310000,9.300000,0.429646,-0.107411,false,0.000000
2024-04-29,FLYW,BBG002030ND3,0,false,21.000000,20.670000,0.000000,-1.571429,false,0.000000
2024-04-29,FMBH,BBG001S704Q4,0,false,31.510000,31.440000,0.761663,-0.222152,false,0.000000
2024-04-29,FMC,BBG001S5R880,1,false,59.040000,60.210000,1.981707,1.981707,false,0.000000
2024-04-29,FMNB,BBG001S7S1W3,0,false,12.070000,11.970000,0.994200,-0.828500,false,0.000000
2024-04-29,FN,0001408710,0,false,175.900000,176.010000,2.120352,0.062536,false,0.000000
2024-04-29,FNA,BBG005914H40,0,false,8.880000,9.120000,2.815315,2.702703,false,0.000000
2024-04-29,FNB,BBG001S5R1Q5,0,false,13.750000,13.560000,0.581818,-1.381818,false,0.000000
2024-04-29,FND,BBG007GJ2F90,1,false,111.470000,111.320000,1.076523,-0.134565,false,0.000000
2024-04-29,FNF,BBG006N7S6J1,0,false,50.900000,50.570000,0.805501,-0.648330,false,0.000000
2024-04-29,FNKO,BBG00HXSHDR8,0,false,6.260000,6.100000,1.277955,-2.555911,false,0.000000
2024-04-29,FOLD,BBG001SN96V9,0,false,10.380000,10.250000,1.300578,-1.252408,false,0.000000
2024-04-29,FOR,BBG001S5R9G9,0,false,31.430000,31.520000,0.540885,0.286351,false,0.000000
2024-04-29,FORM,BBG001SFT2R8,0,false,44.750000,45.545000,1.899441,1.776536,false,0.000000
2024-04-29,FORR,BBG001S98HN6,0,false,18.900000,18.890000,1.534392,-0.052910,false,0.000000
2024-04-29,FOUR,BBG00TX393M3,3,false,59.340000,59.770000,1.718908,0.724638,false,0.000000
2024-04-29,FOX,BBG00JHNKKR3,0,false,28.880000,29.145000,1.263850,0.917590,false,0.000000
2024-04-29,FOXF,BBG004T7VS71,0,false,40.890000,40.190000,1.247249,-1.711910,false,0.000000
2024-04-29,FPI,BBG005TNS0R6,0,false,10.840000,10.790000,0.691882,-0.461255,false,0.000000
2024-04-29,FR,BBG001S81Z00,0,false,46.370000,46.490000,0.474445,0.258788,false,0.000000
2024-04-29,FRBA,BBG001SRY1B5,0,false,12.085000,11.800000,1.117087,-2.358295,false,0.000000
2024-04-29,FRGE,BBG00YGCJL77,0,false,1.930000,1.900000,2.331606,-1.554404,false,0.000000
2024-04-29,FRHC,BBG001SGRW38,0,false,69.140000,69.040000,0.520683,-0.144634,false,0.000000
2024-04-29,FRME,BBG001S5NNS9,0,false,34.440000,33.810000,0.522648,-1.829268,false,0.000000
2024-04-29,FRO,0000913290,9,false,23.720000,23.700000,0.000000,-0.084317,false,0.000000
2024-04-29,FROG,0001800667,2,false,42.000000,40.890000,0.428571,-2.642857,false,0.000000
2024-04-29,FRPT,BBG001V04FM0,0,false,106.860000,107.780000,1.085532,0.860940,false,0.000000
2024-04-29,FRSH,BBG0029KYGM4,2,false,18.530000,18.430000,1.133297,-0.539665,false,0.000000
2024-04-29,FRT,BBG001S5RC36,0,false,102.870000,103.290000,0.767960,0.408282,false,0.000000
2024-04-29,FSBC,BBG001SN0V52,0,false,21.670000,21.580000,0.415782,-0.415321,false,0.000000
2024-04-29,FSCO,BBG01BG24837,0,false,5.930000,5.835000,0.168634,-1.602024,false,0.000000
2024-04-29,FSK,BBG001YCZQ07,0,false,19.330000,19.220000,0.390585,-0.569064,false,0.000000
2024-04-29,FSLY,BBG004NLQHM9,5,false,13.000000,12.975000,1.846154,-0.192308,false,0.000000
2024-04-29,FSM,BBG001S982M0,9,false,4.790000,4.690000,1.043841,-2.087683,false,0.000000
2024-04-29,FSS,BBG001S5RD98,0,false,83.900000,85.210000,1.573302,1.561383,false,0.000000
2024-04-29,FSV,BBG0093LLBP5,0,false,150.190000,149.130000,0.612557,-0.705773,false,0.000000
2024-04-29,FTAI,0001590364,0,false,71.330000,72.560000,2.894995,1.724380,false,0.000000
2024-04-29,FTDR,BBG00H9MNF05,0,false,31.290000,31.280000,0.351550,-0.031959,false,0.000000
2024-04-29,FTI,0001681459,0,false,26.590000,26.610000,0.601730,0.075216,false,0.000000
2024-04-29,FTRE,BBG01GZF9W47,0,false,36.580000,37.540000,3.977583,2.624385,false,0.000000
2024-04-29,FUBO,BBG002CV4QZ3,16,true,1.410000,1.410000,3.546099,0.000000,false,0.000000
2024-04-29,FUL,BBG001S5RDZ9,0,false,74.580000,75.380000,1.086082,1.072674,false,0.000000
2024-04-29,FULC,BBG00DDY1RM7,0,false,7.180000,7.070000,1.532033,-1.532033,false,0.000000
2024-04-29,FULT,BBG001S5RF02,20,true,16.850000,16.810000,2.908012,-0.237389,false,0.000000
2024-04-29,FUN,BBG001S5RF11,0,false,38.690000,38.640000,1.214784,-0.129232,false,0.000000
2024-04-29,FUSN,BBG00V9VQ4K4,0,false,21.440000,21.400000,0.093284,-0.186567,false,0.000000
2024-04-29,FVRR,0001762301,0,false,20.980000,21.110000,0.857960,0.619638,false,0.000000
2024-04-29,FWRD,BBG001SC0FW1,0,false,22.450000,22.520000,4.186637,0.311804,false,0.000000
2024-04-29,FWRG,BBG012F6M198,0,false,23.800000,24.770000,4.264706,4.075630,false,0.000000
2024-04-29,FYBR,BBG010MVVVX6,0,false,23.080000,23.590000,2.448007,2.209705,false,0.000000
2024-04-29,G,0001398659,1,false,31.090000,31.070000,0.997105,-0.064329,false,0.000000
2024-04-29,GABC,BBG001S7BHR2,0,false,32.340000,32.000000,0.896722,-1.051330,false,0.000000
2024-04-29,GAIN,BBG001SL3TS3,1,false,14.270000,14.200000,0.102313,-0.490540,false,0.000000
2024-04-29,GAMB,0001839799,0,false,8.800000,8.820000,0.795455,0.227273,false,0.000000
2024-04-29,GATO,BBG001W4GFS2,0,false,10.280000,10.160000,1.167315,-1.167315,false,0.000000
2024-04-29,GATX,BBG001S5RM34,0,false,127.830000,125.830000,0.281624,-1.564578,false,0.000000
2024-04-29,GAU,BBG001SF5M09,9,false,1.600000,1.651000,8.125000,3.187500,false,0.000000
2024-04-29,GB,0001799983,0,false,5.000000,4.900000,0.432000,-2.000000,false,0.000000
2024-04-29,GBCI,BBG001S6HGM5,0,false,37.330000,37.060000,0.267881,-0.723279,false,0.000000
2024-04-29,GBDC,BBG001T63BY7,2,false,17.400000,17.590000,1.666667,1.091954,false,0.000000
2024-04-29,GBTG,BBG00Y52B9C0,0,false,6.020000,6.015000,1.661130,-0.083056,false,0.000000
2024-04-29,GBX,BBG001S80QK9,0,false,52.480000,51.020000,0.495427,-2.782012,false,0.000000
2024-04-29,GCBC,BBG001S9KJZ5,0,false,30.000000,29.880000,0.000000,-0.400000,false,0.000000
2024-04-29,GCI,BBG005C9FQR2,0,false,2.590000,2.430000,0.000000,-6.177606,false,0.000000
2024-04-29,GCMG,BBG00Y73FGG2,0,false,9.330000,9.430000,1.500536,1.071811,false,0.000000
2024-04-29,GCO,BBG001S5RHF2,0,false,26.380000,26.060000,2.274450,-1.213040,false,0.000000
2024-04-29,GCT,0001857816,7,false,35.400000,34.000000,0.790960,-3.954802,false,0.000000
2024-04-29,GDEN,BBG001S69CW2,0,false,32.580000,32.740000,2.424800,0.491099,false,0.000000
2024-04-29,GDEV,0001848739,0,false,,,,,false,0.000000
2024-04-29,GDOT,BBG001T6W7V7,0,false,9.000000,8.965000,0.500000,-0.388889,false,0.000000
2024-04-29,GDRX,BBG00X0VP956,5,false,7.240000,7.150000,0.069061,-1.243094,false,0.000000
2024-04-29,GDYN,BBG00MDLZP15,0,false,9.940000,9.810000,1.710262,-1.307847,false,0.000000
2024-04-29,GEF,BBG001S8S678,0,false,62.250000,62.020000,1.493976,-0.369478,false,0.000000
2024-04-29,GEL,BBG001S9CQC3,0,false,12.170000,12.160000,0.903862,-0.082169,false,0.000000
2024-04-29,GEN,BBG001S5QG38,0,false,20.640000,20.760000,1.744186,0.581395,false,0.000000
2024-04-29,GENI,0001834489,1,false,5.230000,5.200000,0.095602,-0.573614,false,0.000000
2024-04-29,GEO,BBG001S6VYZ6,1,false,14.940000,15.030000,1.338688,0.602410,false,0.000000
2024-04-29,GERN,BBG001S6TSX4,30,true,3.880000,4.130000,10.824742,6.443299,false,0.000000
2024-04-29,GES,BBG001S5RJR5,0,false,26.430000,26.810000,1.551267,1.437760,false,0.000000
2024-04-29,GETY,BBG017RQJJH6,0,false,3.910000,3.940000,2.813299,0.767263,false,0.000000
2024-04-29,GFF,BBG001S7M3Z2,0,false,68.520000,67.690000,0.846468,-1.211325,false,0.000000
2024-04-29,GFL,BBG003FD9W80,0,false,32.190000,32.630000,1.460081,1.366884,false,0.000000
2024-04-29,GFR,BBG01HRTJS60,0,false,6.150000,5.920000,0.000000,-3.739837,false,0.000000
2024-04-29,GGG,BBG001S5RK56,0,false,82.800000,81.980000,0.736715,-0.990338,false,0.000000
2024-04-29,GGR,0001886190,0,false,1.510000,1.545000,2.649007,2.317881,false,0.000000
2024-04-29,GH,BBG006D97VZ8,2,false,17.520000,18.190000,4.908676,3.824201,false,0.000000
2024-04-29,GHLD,BBG00XR2PX58,0,false,13.600000,13.490000,0.000000,-0.808824,false,0.000000
2024-04-29,GHM,BBG001S5RK92,0,false,28.700000,28.340000,0.857840,-1.254355,false,0.000000
2024-04-29,GHRS,0001855129,0,false,10.570000,10.750000,2.838221,1.702933,false,0.000000
2024-04-29,GIC,BBG001S9NZ95,0,false,40.060000,39.410000,0.698952,-1.622566,false,0.000000
2024-04-29,GIII,BBG001S6F0Z8,0,false,28.740000,28.670000,0.835073,-0.243563,false,0.000000
2024-04-29,GIL,BBG001S7JJL6,0,false,35.460000,35.445000,0.310209,-0.042301,false,0.000000
2024-04-29,GKOS,BBG001T91NX8,0,false,99.910000,97.260000,0.320288,-2.652387,false,0.000000
2024-04-29,GL,BBG001S5WRX4,25,true,77.000000,78.120000,3.558442,1.454545,false,0.000000
2024-04-29,GLAD,BBG001SJH738,0,false,21.420000,21.640000,1.307190,1.027077,false,0.000000
2024-04-29,GLBE,0001835963,0,false,34.080000,33.650000,1.437793,-1.261737,false,0.000000
2024-04-29,GLDD,BBG001SNNJN4,0,false,7.220000,7.110000,0.000000,-1.523546,false,0.000000
2024-04-29,GLNG,0001207179,0,false,25.120000,24.950000,0.318471,-0.676752,false,0.000000
2024-04-29,GLOB,0001557860,0,false,184.180000,183.700000,0.542947,-0.260615,false,0.000000
2024-04-29,GLP,BBG001SH3WJ5,0,false,47.310000,47.640000,1.965758,0.697527,false,0.000000
2024-04-29,GLPI,BBG003MSMCT5,0,false,42.800000,43.201000,1.121495,0.936916,false,0.000000
2024-04-29,GLRE,0001385613,0,false,12.020000,12.160000,1.830283,1.164725,false,0.000000
2024-04-29,GME,BBG001S5RLR0,17,true,11.840000,11.300000,1.013514,-4.560811,false,0.000000
2024-04-29,GMED,BBG002V87T57,0,false,50.630000,50.640000,1.264073,0.019751,false,0.000000
2024-04-29,GMRE,BBG0027F2C05,1,false,8.190000,8.280000,1.949939,1.098901,false,0.000000
2024-04-29,GMS,BBG009Q036F8,0,false,93.360000,94.150000,0.889032,0.846187,false,0.000000
2024-04-29,GNE,BBG0021PGB79,0,false,15.540000,16.035000,3.667954,3.185328,false,0.000000
2024-04-29,GNK,0001326200,0,false,21.490000,21.410000,0.116333,-0.372266,false,0.000000
2024-04-29,GNL,BBG004HXD0H7,1,false,7.000000,7.005000,1.428571,0.071429,false,0.000000
2024-04-29,GNRC,BBG001T5VGH6,0,false,140.650000,137.390000,0.952720,-2.317810,false,0.000000
2024-04-29,GNTX,BBG001S5RMR8,0,false,34.610000,34.870000,0.939035,0.751228,false,0.000000
2024-04-29,GNTY,BBG001S7MPM7,0,false,29.590000,29.270000,0.371747,-1.081446,false,0.000000
2024-04-29,GNW,BBG001SJ0DH8,1,false,6.020000,6.085000,1.993355,1.079734,false,0.000000
2024-04-29,GO,BBG00P4R30Z8,0,false,26.230000,25.780000,1.219977,-1.715593,false,0.000000
2024-04-29,GOEV,BBG00NBK0H68,31,true,2.760000,2.810000,4.702899,1.811594,false,0.000000
2024-04-29,GOGL,0001029145,7,false,13.910000,13.870000,0.143781,-0.287563,false,0.000000
2024-04-29,GOGO,BBG002CN8YD4,0,false,9.250000,9.355000,2.378378,1.135135,false,0.000000
2024-04-29,GOLF,BBG00D5L3ST3,0,false,62.410000,62.170000,0.312450,-0.384554,false,0.000000
2024-04-29,GOOD,BBG001SK8138,0,false,13.330000,13.290000,1.125281,-0.300075,false,0.000000
2024-04-29,GOOS,BBG00G2HL1Z0,0,false,11.350000,11.535000,1.762115,1.629956,false,0.000000
2024-04-29,GPI,BBG001S5RNK3,0,false,301.170000,299.640000,0.833416,-0.508019,false,0.000000
2024-04-29,GPK,BBG001S90195,0,false,27.700000,27.825000,1.010830,0.451264,false,0.000000
2024-04-29,GPOR,BBG0112Z8766,0,false,162.940000,164.770000,1.344053,1.123113,false,0.000000
2024-04-29,GPRE,BBG001SPVM17,0,false,21.430000,21.745000,1.773215,1.469902,false,0.000000
2024-04-29,GPRK,0001464591,0,false,9.660000,9.770000,1.242236,1.138716,false,0.000000
2024-04-29,GPS,BBG001S5RNN0,1,false,21.150000,21.250000,1.749409,0.472813,false,0.000000
2024-04-29,GRAB,0001855612,17,true,3.530000,3.500000,0.283286,-0.849858,false,0.000000
2024-04-29,GRBK,BBG001SS5LM9,0,false,56.020000,56.270000,0.749732,0.446269,false,0.000000
2024-04-29,GRC,BBG001S5RP00,0,false,33.300000,33.090000,0.876877,-0.630631,false,0.000000
2024-04-29,GRND,BBG00YV3H7V6,0,false,9.910000,9.920000,1.109990,0.100908,false,0.000000
2024-04-29,GRNT,BBG017RM8TP6,0,false,6.510000,6.680000,3.225806,2.611367,false,0.000000
2024-04-29,GROY,BBG00ZGH4841,1,false,2.150000,2.150000,2.790698,0.000000,false,0.000000
2024-04-29,GRPN,BBG001T8J560,0,false,11.600000,11.680000,1.896552,0.689655,false,0.000000
2024-04-29,GRRR,0001903145,5,false,4.990000,5.359900,11.022044,7.412826,false,0.000000
2024-04-29,GSAT,BBG001SPN4X1,1,false,1.300000,1.310000,3.076923,0.769231,false,0.000000
2024-04-29,GSBC,BBG001S6DWN3,0,false,52.410000,51.970000,0.152643,-0.839534,false,0.000000
2024-04-29,GSBD,BBG004DDDL70,1,false,15.710000,15.780000,0.572884,0.445576,false,0.000000
2024-04-29,GSHD,BBG00KHHBMD4,0,false,58.140000,56.870000,0.000000,-2.184383,false,0.000000
2024-04-29,GSL,0001430725,1,false,22.790000,22.995000,1.162791,0.899517,false,0.000000
2024-04-29,GSM,0001639877,0,false,5.220000,5.310000,3.639847,1.724138,false,0.000000
2024-04-29,GT,BBG001S5RQ62,8,false,11.950000,12.130000,1.666946,1.506276,false,0.000000
2024-04-29,GTES,0001718512,0,false,17.750000,17.710000,0.788732,-0.225352,false,0.000000
2024-04-29,GTLB,BBG00DHTYPJ6,1,false,55.600000,55.390000,0.611511,-0.377698,false,0.000000
2024-04-29,GTLS,BBG001SQV7W4,0,false,150.520000,148.490000,1.222429,-1.348658,false,0.000000
2024-04-29,GTN,BBG001S8SQK9,2,false,5.690000,5.870000,3.778559,3.163445,false,0.000000
2024-04-29,GTX,BBG00HY28Q04,0,false,9.800000,9.760000,1.326531,-0.408163,false,0.000000
2024-04-29,GTY,BBG001S5RQR9,0,false,27.140000,27.090000,1.150332,-0.184230,false,0.000000
2024-04-29,GVA,BBG001S8WD96,0,false,55.860000,55.720000,0.510204,-0.250627,false,0.000000
2024-04-29,GWRE,BBG001TWHGX5,0,false,114.020000,112.830000,0.657779,-1.043677,false,0.000000
2024-04-29,GXO,BBG00YDGX9Z1,0,false,51.000000,50.965000,1.274510,-0.068627,false,0.000000
2024-04-29,GYRE,BBG001SDL5X7,0,false,17.110000,16.430000,0.000000,-3.974284,false,0.000000
2024-04-29,HA,BBG001S5RRT5,0,false,12.330000,12.400000,0.932685,0.567721,false,0.000000
2024-04-29,HAE,BBG001S6QB64,0,false,91.370000,91.540000,1.050673,0.186057,false,0.000000
2024-04-29,HAFC,BBG001SFGJ31,0,false,15.940000,15.570000,0.000000,-2.321205,false,0.000000
2024-04-29,HAIN,BBG001SBCKV0,0,false,6.160000,6.270000,3.084416,1.785714,false,0.000000
2024-04-29,HALO,BBG001SGX585,0,false,38.760000,38.780000,1.625387,0.051600,false,0.000000
2024-04-29,HAS,BBG001S5RSQ6,0,false,64.510000,64.280000,0.263525,-0.356534,false,0.000000
2024-04-29,HASI,BBG0044K5DN3,0,false,26.130000,25.480000,0.995025,-2.487562,false,0.000000
2024-04-29,HAYN,BBG001SL1ZT0,0,false,60.430000,60.310000,0.115837,-0.198577,false,0.000000
2024-04-29,HAYW,BBG00Z9CCSB9,0,false,13.830000,14.000000,1.373825,1.229212,false,0.000000
2024-04-29,HBANL,0000049196,0,false,24.650000,24.720000,0.283976,0.283976,false,0.000000
2024-04-29,HBB,BBG00HJ4P6S2,0,false,22.030000,21.660000,3.563323,-1.679528,false,0.000000
2024-04-29,HBI,BBG001SMCKB8,0,false,4.530000,4.520000,0.441501,-0.220751,false,0.000000
2024-04-29,HBM,BBG001SL27N7,3,false,8.740000,8.815000,1.201373,0.858124,false,0.000000
2024-04-29,HBNC,BBG001S7SGW0,0,false,11.700000,11.530000,0.641026,-1.452991,false,0.000000
2024-04-29,HBT,BBG00Q8J7380,0,false,19.000000,18.740000,0.210526,-1.368421,false,0.000000
2024-04-29,HCAT,BBG00LDPZMT5,0,false,6.070000,6.350000,4.942339,4.612850,false,0.000000
2024-04-29,HCC,BBG00GD1JNK4,0,false,70.130000,70.900000,2.538143,1.097961,false,0.000000
2024-04-29,HCI,BBG001T2C2P6,0,false,115.390000,114.430000,0.602305,-0.831961,false,0.000000
2024-04-29,HCKT,BBG001S5VLP7,0,false,22.000000,22.120000,0.727273,0.545455,false,0.000000
2024-04-29,HCP,BBG007PZ2T94,2,false,32.540000,32.600000,0.491703,0.184388,false,0.000000
2024-04-29,HCSG,BBG001S5RTV8,0,false,10.800000,10.860000,2.129630,0.555556,false,0.000000
2024-04-29,HDSN,BBG001S77CN2,0,false,10.560000,10.325000,1.231061,-2.225379,false,0.000000
2024-04-29,HE,BBG001S5RV43,15,true,9.950000,10.030000,2.010050,0.804020,false,0.000000
2024-04-29,HEES,BBG001SKSFQ0,0,false,59.210000,59.110000,0.928897,-0.168890,false,0.000000
2024-04-29,HELE,0000916789,0,false,91.360000,92.340000,3.382224,1.072680,false,0.000000
2024-04-29,HESM,BBG00R02H8F3,0,false,34.900000,34.850000,0.887966,-0.143266,false,0.000000
2024-04-29,HFWA,BBG001SBJ270,0,false,17.830000,17.630000,0.644980,-1.121705,false,0.000000
2024-04-29,HG,0001593275,0,false,13.650000,13.510000,1.098901,-1.025641,false,0.000000
2024-04-29,HGTY,BBG00Z9FKN97,0,false,8.830000,8.760000,1.245753,-0.792752,false,0.000000
2024-04-29,HGV,BBG00CBYY6L2,0,false,44.550000,43.490000,0.583614,-2.379349,false,0.000000
2024-04-29,HHH,BBG01HTMDZ63,0,false,65.120000,65.600000,1.044226,0.737101,false,0.000000
2024-04-29,HI,BBG001STH2P3,0,false,49.580000,49.460000,0.746269,-0.242033,false,0.000000
2024-04-29,HIBB,BBG001S92VH8,0,false,86.070000,85.900000,0.058092,-0.197514,false,0.000000
2024-04-29,HIFS,BBG001S614T2,0,false,172.520000,174.600000,1.437514,1.205657,false,0.000000
2024-04-29,HII,BBG001V0PDL3,0,false,278.310000,278.580000,0.844382,0.097014,false,0.000000
2024-04-29,HIMS,BBG00Q5LQWK9,10,true,12.560000,12.550000,2.030255,-0.079618,false,0.000000
2024-04-29,HIPO,BBG00YRW9292,0,false,22.000000,22.000000,2.181818,0.000000,false,0.000000
2024-04-29,HIW,BBG001S7X2X4,0,false,25.940000,26.300000,1.542020,1.387818,false,0.000000
2024-04-29,HL,BBG001S5RXF7,6,false,5.130000,5.000000,0.779727,-2.534113,false,0.000000
2024-04-29,HLF,0001180262,1,false,8.880000,8.890000,2.590090,0.112613,false,0.000000
2024-04-29,HLI,BBG001SFVN99,0,false,126.930000,127.970000,1.110848,0.819349,false,0.000000
2024-04-29,HLIO,BBG001S99DF3,0,false,45.600000,46.320000,2.039474,1.578947,false,0.000000
2024-04-29,HLIT,BBG001S73CC8,0,false,9.340000,9.400000,2.034261,0.642398,false,0.000000
2024-04-29,HLLY,BBG00Y3N2SD3,0,false,4.030000,4.055000,1.240695,0.620347,false,0.000000
2024-04-29,HLMN,BBG00YC6W7C4,0,false,9.840000,9.835000,0.660569,-0.050813,false,0.000000
2024-04-29,HLNE,BBG00FX58Q75,0,false,114.990000,114.220000,0.182625,-0.669623,false,0.000000
2024-04-29,HLVX,BBG012FCPWK1,0,false,12.820000,13.250000,4.212168,3.354134,false,0.000000
2024-04-29,HLX,BBG001S978V8,0,false,11.320000,11.150000,0.530035,-1.501767,false,0.000000
2024-04-29,HMN,BBG001S5RY01,0,false,36.770000,36.850000,0.652706,0.217569,false,0.000000
2024-04-29,HNI,BBG001S6Q6F5,2,false,42.030000,42.980000,3.307162,2.260290,false,0.000000
2024-04-29,HNST,BBG002TWLBM1,1,false,3.160000,3.080000,1.196203,-2.531646,false,0.000000
2024-04-29,HOG,BBG001S5RTY5,0,false,34.820000,35.240000,1.952901,1.206203,false,0.000000
2024-04-29,HOLI,0001357450,0,false,24.500000,24.600000,0.612245,0.408163,false,0.000000
2024-04-29,HOMB,BBG001SN0R60,0,false,24.420000,24.100000,0.450450,-1.310401,false,0.000000
2024-04-29,HONE,BBG00NKZNGC5,0,false,10.270000,10.360000,1.265823,0.876339,false,0.000000
2024-04-29,HOPE,BBG001S8F2H0,2,false,10.760000,9.920000,1.765799,-7.806691,false,0.000000
2024-04-29,HOUS,BBG001SSDCC1,0,false,5.160000,5.005000,2.906977,-3.003876,false,0.000000
2024-04-29,HOV,BBG001S5RZM4,0,false,150.900000,151.790000,1.040424,0.589795,false,0.000000
2024-04-29,HP,BBG001S5RZP1,0,false,40.520000,40.820000,0.863771,0.740375,false,0.000000
2024-04-29,HPK,BBG00RD1PYR2,0,false,14.970000,15.030000,0.734803,0.400802,false,0.000000
2024-04-29,HPP,BBG001T6TCN9,0,false,5.820000,5.930000,3.436426,1.890034,false,0.000000
2024-04-29,HQY,BBG001T8JKN8,0,false,80.260000,80.320000,0.635435,0.074757,false,0.000000
2024-04-29,HR,BBG001T5WP21,0,false,14.260000,14.250000,0.701262,-0.070126,false,0.000000
2024-04-29,HRB,BBG001S5S031,0,false,46.720000,47.250000,1.434075,1.134418,false,0.000000
2024-04-29,HRI,BBG001SNNBX0,0,false,152.820000,152.560000,0.464599,-0.170135,false,0.000000
2024-04-29,HRMY,BBG00WBPG548,0,false,29.550000,29.200000,1.065990,-1.184433,false,0.000000
2024-04-29,HROW,BBG001SSTRN9,0,false,10.570000,10.610000,1.608325,0.378430,false,0.000000
2024-04-29,HRT,BBG012VBTY54,0,false,14.330000,14.315000,0.000000,-0.104676,false,0.000000
2024-04-29,HRTX,BBG001SB92D4,1,false,2.450000,2.490000,4.077551,1.632653,false,0.000000
2024-04-29,HRZN,BBG001T7JC58,0,false,11.660000,11.620000,0.652659,-0.343053,false,0.000000
2024-04-29,HSAI,BBG01CCYDDZ3,14,true,4.550000,4.746000,4.395604,4.307692,false,0.000000
2024-04-29,HSHP,0001959455,1,false,8.090000,8.170000,1.359703,0.988875,false,0.000000
2024-04-29,HSIC,BBG001S6S7F1,0,false,73.260000,73.030000,0.866776,-0.313950,false,0.000000
2024-04-29,HSII,BBG001SCQ2H9,0,false,30.080000,30.380000,2.127660,0.997340,false,0.000000
2024-04-29,HST,BBG001S5RY83,0,false,18.940000,19.190000,4.910243,1.319958,false,0.000000
2024-04-29,HSTM,BBG001SCR2T5,0,false,25.790000,25.950000,0.911206,0.620396,false,0.000000
2024-04-29,HTBI,BBG002CV5WZ9,0,false,26.210000,25.640000,0.000000,-2.174742,false,0.000000
2024-04-29,HTBK,BBG001SBY8P0,0,false,8.030000,8.010000,0.871731,-0.249066,false,0.000000
2024-04-29,HTGC,BBG001SDPHZ5,2,false,19.150000,19.220000,0.574413,0.365535,false,0.000000
2024-04-29,HTH,BBG001SH9HH4,0,false,30.470000,29.820000,0.393830,-2.133246,false,0.000000
2024-04-29,HTLD,BBG001S5S1D8,0,false,10.270000,9.960000,1.752678,-3.018500,false,0.000000
2024-04-29,HTLF,BBG001S8WBN4,5,false,40.000000,41.200000,7.025000,3.000000,false,0.000000
2024-04-29,HTZ,BBG011N571V5,16,true,4.420000,4.770000,9.671946,7.918552,false,0.000000
2024-04-29,HUBG,BBG001S8SNQ0,0,false,39.960000,40.500000,2.027027,1.351351,false,0.000000
2024-04-29,HUMA,BBG00XPPT7T6,5,false,4.060000,4.085000,3.694581,0.615764,false,0.000000
2024-04-29,HUN,BBG001SKWX22,0,false,24.180000,24.480000,1.240695,1.240695,false,0.000000
2024-04-29,HURN,BBG001SLSXM3,0,false,93.945000,93.530000,0.612060,-0.441748,false,0.000000
2024-04-29,HUT,BBG00390LJJ8,11,true,8.650000,8.340000,0.693642,-3.583815,false,0.000000
2024-04-29,HVT,BBG001SBYDJ6,0,false,31.300000,31.160000,1.198083,-0.447284,false,0.000000
2024-04-29,HWC,BBG001S6S985,0,false,46.760000,46.530000,0.919589,-0.491873,false,0.000000
2024-04-29,HWKN,BBG001S5S282,0,false,76.480000,78.200000,2.281642,2.248954,false,0.000000
2024-04-29,HXL,BBG001S5S2J0,0,false,64.320000,65.440000,1.772388,1.741294,false,0.000000
2024-04-29,HY,BBG001S5YDZ1,0,false,59.170000,60.360000,2.771675,2.011154,false,0.000000
2024-04-29,HZO,BBG001SBS2N2,0,false,25.380000,26.060000,2.698976,2.679275,false,0.000000
2024-04-29,IAC,BBG00S1LR2D2,0,false,48.580000,48.910000,1.193907,0.679292,false,0.000000
2024-04-29,IAG,BBG001S8SMV6,1,false,3.780000,3.795000,1.984127,0.396825,false,0.000000
2024-04-29,IART,BBG001S7JWM6,0,false,28.520000,29.250000,3.085554,2.559607,false,0.000000
2024-04-29,IAS,BBG011BPJYL0,0,false,9.770000,9.810000,0.818833,0.409417,false,0.000000
2024-04-29,IAUX,BBG00Z3VDWG8,0,false,1.300000,1.265000,2.230769,-2.692308,false,0.000000
2024-04-29,IBCP,BBG001S5S335,0,false,25.000000,24.950000,0.720000,-0.200000,false,0.000000
2024-04-29,IBKR,BBG001SQ4YC7,0,false,115.710000,116.720000,1.754386,0.872872,false,0.000000
2024-04-29,IBOC,BBG001S6YYJ1,0,false,56.140000,56.430000,1.193445,0.516566,false,0.000000
2024-04-29,IBP,BBG005TJKF09,0,false,241.770000,243.030000,0.678331,0.521156,false,0.000000
2024-04-29,IBRX,BBG007T9DYX8,60,true,8.410000,8.990000,25.208086,6.896552,true,0.000000
2024-04-29,IBTX,BBG003981NT3,0,false,39.340000,38.250000,1.537875,-2.770717,false,0.000000
2024-04-29,ICFI,BBG001S6L7P7,0,false,142.440000,144.470000,1.551530,1.425161,false,0.000000
2024-04-29,ICHR,0001652535,0,false,39.220000,39.970000,2.103519,1.912290,false,0.000000
2024-04-29,ICL,0000941221,1,false,4.650000,4.730000,1.935484,1.720430,false,0.000000
2024-04-29,ICUI,BBG001S712B3,0,false,95.840000,97.560000,2.639816,1.794658,false,0.000000
2024-04-29,IDA,BBG001S5S4M2,0,false,94.980000,94.890000,0.947568,-0.094757,false,0.000000
2024-04-29,IDCC,BBG001S8DV79,0,false,101.080000,100.980000,0.247329,-0.098932,false,0.000000
2024-04-29,IDT,BBG001SHWDJ5,0,false,36.260000,36.050000,1.351351,-0.579151,false,0.000000
2024-04-29,IDYA,BBG00CTZ4D92,0,false,39.980000,40.690000,3.501751,1.775888,false,0.000000
2024-04-29,IE,BBG012WFRMH9,0,false,10.780000,11.190000,6.029685,3.803340,false,0.000000
2024-04-29,IEP,BBG001S5NBT4,4,false,17.200000,17.550000,3.081395,2.034884,false,0.000000
2024-04-29,IESC,BBG001SR2L71,0,false,132.000000,135.000000,4.214697,2.272727,false,0.000000
2024-04-29,IFBD,0001815566,5,false,5.000000,5.020000,7.000000,0.400000,false,0.000000
2024-04-29,IFS,0001615903,0,false,21.590000,21.990000,3.334877,1.852710,false,0.000000
2024-04-29,IGIC,0001794338,0,false,13.640000,13.100000,0.000000,-3.958944,false,0.000000
2024-04-29,IGMS,BBG00PNR1BV9,0,false,9.460000,9.700000,10.676533,2.536998,false,0.000000
2024-04-29,IGT,0001619762,0,false,20.530000,20.400000,0.584510,-0.633220,false,0.000000
2024-04-29,IHRT,BBG00P2FSP84,0,false,2.160000,2.160000,2.986111,0.000000,false,0.000000
2024-04-29,IHS,0001876183,0,false,3.580000,3.610000,2.234637,0.837989,false,0.000000
2024-04-29,IIIN,BBG001SK9GV3,0,false,32.470000,32.230000,0.754543,-0.739144,false,0.000000
2024-04-29,IIIV,BBG00L32N3P6,0,false,23.140000,23.090000,1.080380,-0.216076,false,0.000000
2024-04-29,IIPR,BBG00F0SW7P6,1,false,98.650000,98.620000,0.623416,-0.030411,false,0.000000
2024-04-29,IMAX,BBG001S5Z701,1,false,17.270000,17.080000,0.231616,-1.100174,false,0.000000
2024-04-29,IMKTA,BBG001S5S7D5,0,false,72.900000,73.300000,0.973937,0.548697,false,0.000000
2024-04-29,IMNM,BBG00BR94298,0,false,13.710000,13.810000,3.172867,0.729395,false,0.000000
2024-04-29,IMTX,0001809196,0,false,10.110000,9.970000,1.473788,-1.384768,false,0.000000
2024-04-29,IMVT,BBG00P5MC0R7,0,false,27.320000,27.520000,1.793558,0.732064,false,0.000000
2024-04-29,IMXI,BBG00G6D5NH5,0,false,21.370000,20.980000,1.450164,-1.824988,false,0.000000
2024-04-29,INBX,BBG00P80N9V6,0,false,34.090000,34.160000,1.437372,0.205339,false,0.000000
2024-04-29,INCY,BBG001S8Q6N2,0,false,51.750000,52.590000,2.937198,1.623188,false,0.000000
2024-04-29,INDB,BBG001S5S8F1,0,false,52.880000,51.100000,1.059002,-3.366112,false,0.000000
2024-04-29,INDI,BBG00Z3XTNY7,0,false,5.670000,5.810000,3.880071,2.469136,false,0.000000
2024-04-29,INDV,0001625297,3,false,17.770000,17.990000,2.588633,1.238042,false,0.000000
2024-04-29,INFA,BBG012THM4K0,0,false,32.300000,31.800000,0.650155,-1.547988,false,0.000000
2024-04-29,INFN,BBG001SSYWD3,0,false,5.120000,4.990000,1.953125,-2.539062,false,0.000000
2024-04-29,INGR,BBG001SBH4X9,0,false,113.670000,115.060000,1.231635,1.222838,false,0.000000
2024-04-29,INMD,0001742692,4,false,17.200000,17.235000,1.686047,0.203488,false,0.000000
2024-04-29,INN,BBG001TB84G7,0,false,6.140000,6.180000,0.651466,0.651466,false,0.000000
2024-04-29,INNV,BBG00Z6F87V4,0,false,3.910000,3.750000,3.069054,-4.092072,false,0.000000
2024-04-29,INO,BBG001S5RHZ0,1,false,10.590000,11.500000,12.998111,8.593012,false,0.000000
2024-04-29,INSG,BBG00DWX7QM4,0,false,3.860000,4.190000,18.005181,8.549223,true,0.000000
2024-04-29,INSM,BBG001S9SKW7,0,false,25.020000,24.981000,2.917666,-0.155875,false,0.000000
2024-04-29,INSP,BBG00209SZK5,0,false,237.540000,243.470000,4.698156,2.496422,false,0.000000
2024-04-29,INST,BBG011MGVC50,0,false,19.690000,19.490000,0.609446,-1.015744,false,0.000000
2024-04-29,INSW,0001679049,0,false,55.240000,55.530000,0.778421,0.524982,false,0.000000
2024-04-29,INTA,BBG002ZHMJ58,0,false,32.020000,31.870000,1.155528,-0.468457,false,0.000000
2024-04-29,INTR,0001864163,0,false,5.210000,5.150000,0.191939,-1.151631,false,0.000000
2024-04-29,INVA,BBG001SF23V0,0,false,15.230000,15.540000,2.429416,2.035456,false,0.000000
2024-04-29,IONQ,BBG00XZP0LC3,47,true,8.960000,8.910000,2.120536,-0.558036,false,0.000000
2024-04-29,IONS,BBG001SB7RD1,1,false,41.730000,41.990000,1.533669,0.623053,false,0.000000
2024-04-29,IOSP,BBG001S8RTD2,0,false,121.000000,121.510000,1.380165,0.421488,false,0.000000
2024-04-29,IOVA,BBG001T2PM32,6,false,11.790000,12.060000,2.714165,2.290076,false,0.000000
2024-04-29,IP,BBG001S5SBF4,18,true,34.340000,35.340000,3.305183,2.912056,false,0.000000
2024-04-29,IPAR,BBG001SD06N9,0,false,120.500000,117.730000,0.697095,-2.298755,false,0.000000
2024-04-29,IPG,BBG001S6RLK5,0,false,31.560000,31.430000,0.221800,-0.411914,false,0.000000
2024-04-29,IPGP,BBG001SG95B8,0,false,89.070000,88.580000,0.606265,-0.550129,false,0.000000
2024-04-29,IRDM,BBG001T21JT7,0,false,31.430000,31.790000,2.386255,1.145402,false,0.000000
2024-04-29,IREN,0001878848,34,true,4.860000,4.695000,1.851852,-3.395062,false,0.000000
2024-04-29,IRMD,BBG006NM92Y1,0,false,41.740000,40.810000,1.772880,-2.228079,false,0.000000
2024-04-29,IRON,BBG00W9MJL04,0,false,27.740000,28.240000,3.352559,1.802451,false,0.000000
2024-04-29,IRT,BBG004Q00LJ5,0,false,15.980000,15.950000,0.750939,-0.187735,false,0.000000
2024-04-29,IRTC,BBG001TSQV70,0,false,112.300000,108.620000,0.244880,-3.276937,false,0.000000
2024-04-29,IRWD,BBG001SNZLM7,0,false,7.850000,7.900000,1.592357,0.636943,false,0.000000
2024-04-29,ITCI,BBG0026ZFZD3,0,false,73.580000,72.290000,0.327535,-1.753194,false,0.000000
2024-04-29,ITGR,BBG001SFBS27,0,false,110.490000,114.560000,3.864603,3.683591,false,0.000000
2024-04-29,ITIC,BBG001S5SDL3,0,false,158.120000,161.000000,2.314698,1.821401,false,0.000000
2024-04-29,ITOS,BBG00VPNFT94,0,false,10.830000,10.780000,1.846722,-0.461681,false,0.000000
2024-04-29,ITRI,BBG001S6DJQ9,0,false,95.850000,94.970000,0.354721,-0.918101,false,0.000000
2024-04-29,ITRN,0001337117,0,false,25.920000,26.350000,1.658951,1.658951,false,0.000000
2024-04-29,ITT,BBG00CVQZQB3,0,false,131.590000,132.550000,0.942321,0.729539,false,0.000000
2024-04-29,IVR,BBG001T2XPD5,2,false,8.650000,8.665000,1.156069,0.173410,false,0.000000
2024-04-29,IVT,BBG001SCGX73,0,false,25.260000,25.320000,0.950119,0.237530,false,0.000000
2024-04-29,IVZ,0000914208,1,false,14.720000,14.460000,0.271739,-1.766304,false,0.000000
2024-04-29,JACK,BBG001SDBB01,0,false,58.890000,57.960000,1.239599,-1.579215,false,0.000000
2024-04-29,JAMF,BBG00VSYYVC7,0,false,19.640000,19.510000,0.127291,-0.661914,false,0.000000
2024-04-29,JANX,BBG00ZHSKH39,0,false,47.850000,56.080000,27.481714,17.199582,true,0.000000
2024-04-29,JAZZ,0001232524,0,false,109.900000,111.310000,2.065514,1.282985,false,0.000000
2024-04-29,JBGS,BBG00F5FNKK5,0,false,15.310000,15.460000,1.436969,0.979752,false,0.000000
2024-04-29,JBI,BBG0100SH2D9,0,false,14.630000,15.000000,2.665755,2.529050,false,0.000000
2024-04-29,JBLU,BBG001S9YPC1,17,true,5.770000,5.910000,2.426343,2.426343,false,0.000000
2024-04-29,JBSS,BBG001S6WMC6,1,false,100.000000,99.910000,0.935000,-0.090000,false,0.000000
2024-04-29,JBT,BBG001SQLKR2,0,false,91.350000,90.480000,0.180624,-0.952381,false,0.000000
2024-04-29,JEF,BBG001S5SX02,0,false,43.560000,43.690000,1.124885,0.298439,false,0.000000
2024-04-29,JELD,BBG001TG2G57,0,false,21.490000,21.000000,0.697999,-2.280130,false,0.000000
2024-04-29,JHG,0001274173,0,false,31.760000,31.510000,0.598237,-0.787154,false,0.000000
2024-04-29,JJSF,BBG001S5SH98,0,false,137.520000,136.680000,0.702080,-0.610820,false,0.000000
2024-04-29,JKHY,BBG001S5SHB5,0,false,165.160000,166.050000,0.890046,0.538871,false,0.000000
2024-04-29,JLL,BBG001SCLGS1,0,false,184.650000,183.700000,0.368210,-0.514487,false,0.000000
2024-04-29,JNPR,BBG001SCTT05,5,false,34.810000,35.140000,1.335823,0.948003,false,0.000000
2024-04-29,JOBY,0001819848,21,true,5.350000,5.190000,1.495327,-2.990654,false,0.000000
2024-04-29,JOE,BBG001S7K9Y2,0,false,59.000000,58.630000,0.694915,-0.627119,false,0.000000
2024-04-29,JOUT,BBG001SD39D1,0,false,41.893400,41.070000,0.612507,-1.965465,false,0.000000
2024-04-29,JRVR,0001620459,0,false,8.830000,8.849000,2.604757,0.215176,false,0.000000
2024-04-29,JSPR,BBG00QPZNPB4,0,false,20.570000,21.840000,8.246475,6.174040,false,0.000000
2024-04-29,JWN,BBG001S7BDN5,4,false,19.230000,19.430000,1.144046,1.040042,false,0.000000
2024-04-29,JXN,BBG00922Y611,0,false,69.310000,69.890000,1.760208,0.836820,false,0.000000
2024-04-29,KAI,BBG001S8PRM8,0,false,284.620000,287.160000,0.895931,0.892418,false,0.000000
2024-04-29,KALU,BBG001SR3GT7,0,false,94.850000,95.040000,1.644702,0.200316,false,0.000000
2024-04-29,KALV,BBG0026ZG5C9,0,false,10.920000,11.020000,2.472527,0.915751,false,0.000000
2024-04-29,KAR,BBG001T5L4B0,0,false,17.470000,17.410000,1.030338,-0.343446,false,0.000000
2024-04-29,KARO,0001828102,0,false,29.990000,29.778500,0.854285,-0.705235,false,0.000000
2024-04-29,KBH,BBG001S5SJV9,0,false,66.070000,66.110000,1.089753,0.060542,false,0.000000
2024-04-29,KBR,BBG001SP11V3,0,false,65.320000,65.970000,1.347214,0.995101,false,0.000000
2024-04-29,KD,BBG012W99DS1,0,false,19.600000,19.840000,2.551020,1.224490,false,0.000000
2024-04-29,KE,BBG001TCYZ77,0,false,20.970000,21.555000,3.051979,2.789700,false,0.000000
2024-04-29,KELYA,BBG001S5SKH2,0,false,23.450000,23.530000,1.705757,0.341151,false,0.000000
2024-04-29,KEN,0001611005,0,false,22.490000,22.460000,0.711427,-0.133393,false,0.000000
2024-04-29,KEX,BBG001S5SKT9,0,false,111.580000,110.040000,0.349525,-1.380176,false,0.000000
2024-04-29,KEY,BBG001S5SKV6,0,false,14.745000,14.725000,0.915565,-0.135639,false,0.000000
2024-04-29,KFRC,BBG001SCQRF6,0,false,63.950000,64.450000,1.657545,0.781861,false,0.000000
2024-04-29,KFY,BBG001SC0054,0,false,61.180000,61.510000,0.997058,0.539392,false,0.000000
2024-04-29,KGC,BBG001S5R0C2,4,false,6.770000,6.835000,1.181684,0.960118,false,0.000000
2024-04-29,KGS,BBG01G4G6YQ4,0,false,27.880000,27.670000,0.681492,-0.753228,false,0.000000
2024-04-29,KIDS,BBG00HFFRW48,0,false,30.510000,29.170000,0.852180,-4.392003,false,0.000000
2024-04-29,KIM,BBG001S70279,0,false,18.570000,18.810000,1.400108,1.292407,false,0.000000
2024-04-29,KIND,BBG00Z8MSWS4,3,false,2.050000,2.035000,1.951220,-0.731707,false,0.000000
2024-04-29,KLG,BBG018CYVVX4,0,false,24.000000,23.560000,1.208333,-1.833333,false,0.000000
2024-04-29,KLIC,BBG001S5SLP1,0,false,46.990000,47.120000,1.106618,0.276655,false,0.000000
2024-04-29,KMPR,BBG001SD3BG3,0,false,57.480000,58.650000,2.557411,2.035491,false,0.000000
2024-04-29,KMT,BBG001S5SM97,0,false,24.050000,24.060000,1.122661,0.041580,false,0.000000
2024-04-29,KMX,BBG001SD9561,0,false,70.020000,69.380000,0.899743,-0.914025,false,0.000000
2024-04-29,KN,BBG004M8M6K9,0,false,16.020000,16.210000,1.810237,1.186017,false,0.000000
2024-04-29,KNF,BBG002N3N2W8,0,false,78.660000,79.300000,0.928045,0.813628,false,0.000000
2024-04-29,KNSA,0001730430,0,false,18.000000,18.570000,3.611111,3.166667,false,0.000000
2024-04-29,KNSL,BBG00D8JDB02,0,false,383.020000,357.970000,1.174873,-6.540128,false,0.000000
2024-04-29,KNTK,BBG00GCLZ7C7,0,false,39.090000,39.330000,0.780251,0.613968,false,0.000000
2024-04-29,KNX,BBG001T9BTS0,0,false,47.080000,46.850000,1.922260,-0.488530,false,0.000000
2024-04-29,KODK,BBG0057GTGB6,2,false,4.550000,4.590000,1.978022,0.879121,false,0.000000
2024-04-29,KOP,BBG001SMPFZ9,0,false,53.120000,53.550000,1.487199,0.809488,false,0.000000
2024-04-29,KOS,BBG001SJV7R6,2,false,5.860000,5.900000,1.877133,0.682594,false,0.000000
2024-04-29,KRC,BBG001S9BHB5,0,false,33.570000,34.410000,2.532023,2.502234,false,0.000000
2024-04-29,KREF,BBG00GD4KVR1,1,false,9.660000,9.610000,0.931677,-0.517598,false,0.000000
2024-04-29,KRG,BBG001S64LR3,0,false,21.380000,21.715000,1.590271,1.566885,false,0.000000
2024-04-29,KRNT,0001625791,0,false,15.960000,15.800000,1.691729,-1.002506,false,0.000000
2024-04-29,KRNY,BBG008N1HXQ5,0,false,5.690000,5.460000,1.230228,-4.042179,false,0.000000
2024-04-29,KRO,BBG001SDWTD5,0,false,11.680000,11.600000,0.813356,-0.684932,false,0.000000
2024-04-29,KROS,BBG00H1HP9H8,0,false,58.390000,58.625000,1.524234,0.402466,false,0.000000
2024-04-29,KRP,BBG00FQH6N85,0,false,16.170000,16.190000,0.187384,0.123686,false,0.000000
2024-04-29,KRRO,BBG00GFMTC47,0,false,62.930000,60.950000,0.000000,-3.146353,false,0.000000
2024-04-29,KRT,BBG00Q9MSFD6,0,false,27.590000,27.670000,0.655310,0.289960,false,0.000000
2024-04-29,KRUS,BBG00PNFJ530,0,false,113.960000,110.830000,1.079326,-2.746578,false,0.000000
2024-04-29,KRYS,BBG00HDGRHJ5,0,false,159.070000,157.760000,1.408185,-0.823537,false,0.000000
2024-04-29,KSS,BBG001S71NV5,2,false,24.740000,24.450000,0.869038,-1.172191,false,0.000000
2024-04-29,KTB,BBG00LPTHYM5,0,false,62.450000,63.830000,2.385909,2.209768,false,0.000000
2024-04-29,KTOS,BBG001SD5VL1,0,false,19.000000,18.660000,0.736842,-1.789474,false,0.000000
2024-04-29,KURA,BBG008974351,0,false,19.800000,20.050000,2.727273,1.262626,false,0.000000
2024-04-29,KVYO,BBG009WR3FM4,0,false,23.690000,22.740000,0.844238,-4.010131,false,0.000000
2024-04-29,KW,BBG001SM6C41,0,false,8.610000,8.645000,1.509872,0.406504,false,0.000000
2024-04-29,KWR,BBG001S969X5,0,false,190.360000,190.440000,1.092667,0.042026,false,0.000000
2024-04-29,KYMR,BBG00SDHC8F9,0,false,33.750000,34.680000,2.844444,2.755556,false,0.000000
2024-04-29,LAAC,BBG01JLDJ7S9,1,false,5.310000,5.342500,1.318267,0.612053,false,0.000000
2024-04-29,LAC,BBG01JLDH8P2,24,true,4.700000,4.565000,0.319149,-2.872340,false,0.000000
2024-04-29,LAD,BBG001SC88P7,0,false,264.530000,261.210000,0.994216,-1.255056,false,0.000000
2024-04-29,LADR,BBG005RVGZ50,0,false,11.080000,10.920000,0.631769,-1.444043,false,0.000000
2024-04-29,LAMR,BBG001S8KJC2,0,false,115.370000,115.390000,0.823438,0.017336,false,0.000000
2024-04-29,LANC,BBG001S5SPQ1,0,false,187.960000,190.460000,1.521600,1.330070,false,0.000000
2024-04-29,LAND,BBG001TB7TR1,0,false,12.750000,12.710000,1.098039,-0.313725,false,0.000000
2024-04-29,LASR,BBG0020BCPY4,0,false,11.570000,11.510000,0.605013,-0.518583,false,0.000000
2024-04-29,LAUR,BBG00B4Z2YY9,0,false,14.900000,14.990000,1.040268,0.604027,false,0.000000
2024-04-29,LAW,BBG0066FZJP9,1,false,7.880000,7.750000,0.253807,-1.649746,false,0.000000
2024-04-29,LAZ,BBG001S711C4,0,false,39.550000,39.400000,1.845765,-0.379267,false,0.000000
2024-04-29,LAZR,BBG00MS90LM0,19,true,1.500000,1.460000,8.000000,-2.666667,false,0.000000
2024-04-29,LBAI,BBG001S93HH8,0,false,12.470000,12.370000,1.042502,-0.801925,false,0.000000
2024-04-29,LBPH,BBG00Y0BJ9Q2,0,false,20.010000,21.265000,7.346327,6.271864,false,0.000000
2024-04-29,LBRDK,BBG006GNSZX4,0,false,49.670000,50.370000,2.335414,1.409301,false,0.000000
2024-04-29,LBRT,BBG00GK831C5,1,false,23.020000,23.090000,0.868810,0.304083,false,0.000000
2024-04-29,LBTYA,0001570585,0,false,16.460000,16.280000,1.366950,-1.093560,false,0.000000
2024-04-29,LC,BBG001YKDNH2,1,false,8.150000,7.810000,0.306748,-4.171779,false,0.000000
2024-04-29,LCID,BBG00W7F99W4,46,true,2.510000,2.495000,2.788845,-0.597610,false,0.000000
2024-04-29,LCII,BBG001S8G4D9,0,false,108.070000,107.430000,0.758767,-0.592209,false,0.000000
2024-04-29,LDI,BBG00B5Z6KL8,0,false,2.270000,2.140000,2.643172,-5.726872,false,0.000000
2024-04-29,LE,BBG005P337F9,0,false,13.110000,13.920400,6.636156,6.181541,false,0.000000
2024-04-29,LEA,BBG001T60092,0,false,137.580000,137.280000,0.806803,-0.218055,false,0.000000
2024-04-29,LECO,BBG001S5TV87,0,false,230.410000,225.070000,0.645154,-2.317608,false,0.000000
2024-04-29,LEG,BBG001S5SRG8,0,false,18.130000,18.340000,1.434087,1.158301,false,0.000000
2024-04-29,LEGH,BBG00MJDR6K7,0,false,20.480000,20.650000,1.660156,0.830078,false,0.000000
2024-04-29,LESL,BBG00XS6TVN8,2,false,4.000000,4.140000,3.750000,3.500000,false,0.000000
2024-04-29,LEU,BBG001S9F7B3,0,false,41.610000,43.000000,4.229752,3.340543,false,0.000000
2024-04-29,LEVI,BBG001S9NVN8,1,false,21.300000,21.735000,2.370892,2.042254,false,0.000000
2024-04-29,LFMD,BBG001S5Z6Z5,4,false,12.070000,11.870000,0.248550,-1.657001,false,0.000000
2024-04-29,LFST,BBG01138DHT2,0,false,6.230000,6.250000,2.568218,0.321027,false,0.000000
2024-04-29,LFUS,BBG001S744B6,0,false,232.960000,235.860000,1.262019,1.244849,false,0.000000
2024-04-29,LGF.B,BBG00FFJY8Z5,0,false,9.800000,9.770000,0.408163,-0.306122,false,0.000000
2024-04-29,LGIH,BBG0056655T0,0,false,96.670000,95.960000,0.755146,-0.734457,false,0.000000
2024-04-29,LGND,BBG001S8CH99,0,false,70.990000,70.440000,1.366390,-0.774757,false,0.000000
2024-04-29,LILAK,0001712184,1,false,7.620000,7.705000,2.755906,1.115486,false,0.000000
2024-04-29,LILM,0001855756,10,true,0.920100,0.938200,3.010542,1.967177,false,0.000000
2024-04-29,LINC,BBG001SH9DM7,0,false,10.090000,10.500000,4.063429,4.063429,false,0.000000
2024-04-29,LIND,BBG004MDWKT7,0,false,7.330000,7.310000,1.091405,-0.272851,false,0.000000
2024-04-29,LITE,BBG0073F9RS8,0,false,43.420000,43.520000,2.026716,0.230309,false,0.000000
2024-04-29,LIVN,0001639691,0,false,55.670000,56.170000,2.425004,0.898150,false,0.000000
2024-04-29,LKFN,BBG001S7RTC5,0,false,59.970000,59.100000,0.266800,-1.450725,false,0.000000
2024-04-29,LKQ,BBG001SCCPJ1,1,false,43.950000,43.780000,0.523322,-0.386803,false,0.000000
2024-04-29,LLYVK,BBG01HMFLVL8,0,false,37.640000,37.620000,0.876727,-0.053135,false,0.000000
2024-04-29,LMAT,BBG001SK6CX3,0,false,65.730000,66.230000,1.673513,0.760688,false,0.000000
2024-04-29,LMB,BBG006G0NGD3,0,false,44.740000,46.210000,4.514975,3.285650,false,0.000000
2024-04-29,LMND,BBG00BM5YC14,10,true,18.200000,17.880000,2.142857,-1.758242,false,0.000000
2024-04-29,LMNR,BBG001S775Q4,0,false,19.990000,19.855000,0.000000,-0.675338,false,0.000000
2024-04-29,LNC,BBG001S5STV7,0,false,27.960000,28.010000,1.502146,0.178827,false,0.000000
2024-04-29,LNN,BBG001SB90F6,0,false,117.000000,117.060000,1.021368,0.051282,false,0.000000
2024-04-29,LNT,BBG001S8ZQ30,0,false,49.310000,49.760000,0.973433,0.912594,false,0.000000
2024-04-29,LNTH,BBG006Q52RF8,0,false,65.810000,67.201000,4.072329,2.113661,false,0.000000
2024-04-29,LNW,BBG00JR5MM40,0,false,92.370000,92.070000,0.086608,-0.324781,false,0.000000
2024-04-29,LNZA,BBG00ZCX6BL2,1,false,2.240000,2.215000,3.571429,-1.116071,false,0.000000
2024-04-29,LOB,BBG001T4RVG2,0,false,33.310000,33.480000,1.951366,0.510357,false,0.000000
2024-04-29,LOGI,0001032975,2,false,79.430000,79.490000,1.082714,0.075538,false,0.000000
2024-04-29,LOPE,BBG001T01JZ4,0,false,132.440000,132.120000,1.026880,-0.241619,false,0.000000
2024-04-29,LOVE,BBG001T8S8C7,0,false,21.990000,22.180000,1.887221,0.864029,false,0.000000
2024-04-29,LPG,0001596993,2,false,41.750000,42.410000,1.748503,1.580838,false,0.000000
2024-04-29,LPRO,BBG00VDHLTH4,0,false,5.000000,5.005000,3.100000,0.100000,false,0.000000
2024-04-29,LPX,BBG001S5SW04,0,false,74.850000,74.180000,0.627923,-0.895124,false,0.000000
2024-04-29,LQDA,BBG001V0GFD7,1,false,12.350000,12.460000,4.251012,0.890688,false,0.000000
2024-04-29,LQDT,BBG001SLKD81,0,false,17.490000,17.630000,1.543739,0.800457,false,0.000000
2024-04-29,LRN,BBG001SNN4P5,0,false,67.180000,67.940000,1.510866,1.131289,false,0.000000
2024-04-29,LSCC,BBG001S6C0G2,1,false,74.780000,76.880000,3.530356,2.808237,false,0.000000
2024-04-29,LSEA,BBG00L99PSG8,0,false,11.300000,11.500000,1.858407,1.769912,false,0.000000
2024-04-29,LSPD,BBG00B0JR9Q6,0,false,13.510000,13.435000,0.592154,-0.555144,false,0.000000
2024-04-29,LSTR,BBG001S5RWM1,0,false,176.670000,177.170000,0.871682,0.283014,false,0.000000
2024-04-29,LSXMA,BBG01HLM8WX4,2,false,25.060000,25.610000,2.513966,2.194733,false,0.000000
2024-04-29,LTC,BBG001S73DC6,0,false,32.640000,32.490000,0.612745,-0.459559,false,0.000000
2024-04-29,LTH,BBG012J3H0X2,0,false,14.220000,14.050000,0.281294,-1.195499,false,0.000000
2024-04-29,LUMN,BBG001S5Q8G2,5,false,1.240000,1.220000,4.032258,-1.612903,false,0.000000
2024-04-29,LVRO,0001945711,0,false,5.600000,5.510000,0.000000,-1.607143,false,0.000000
2024-04-29,LVWR,BBG019STC653,0,false,6.900000,6.830000,0.000000,-1.014493,false,0.000000
2024-04-29,LW,BBG003CVMLR1,0,false,84.160000,84.670000,1.152567,0.605989,false,0.000000
2024-04-29,LWAY,BBG001S5SXN7,1,false,25.000000,20.000000,0.040000,-20.000000,false,0.000000
2024-04-29,LWLG,BBG001SBG0P7,0,false,3.900000,3.905000,1.282051,0.128205,false,0.000000
2024-04-29,LXEO,BBG00YB1C8N4,0,false,12.500000,12.320000,3.720000,-1.440000,false,0.000000
2024-04-29,LXP,BBG001S7H5W6,0,false,8.550000,8.520000,1.286550,-0.350877,false,0.000000
2024-04-29,LXRX,BBG001SDWCZ8,2,false,1.610000,1.560000,5.590062,-3.105590,false,0.000000
2024-04-29,LXU,BBG001S67BF5,0,false,8.290000,8.210000,1.266586,-0.965018,false,0.000000
2024-04-29,LYEL,BBG00RNXFN23,0,false,2.190000,2.250000,3.881279,2.739726,false,0.000000
2024-04-29,LYFT,BBG004M9ZHY4,19,true,16.220000,16.300000,1.602959,0.493218,false,0.000000
2024-04-29,LYTS,BBG001S5SXV8,0,false,14.790000,15.000000,1.893171,1.419878,false,0.000000
2024-04-29,LZ,BBG001TVNN74,0,false,12.550000,12.190000,0.000000,-2.868526,false,0.000000
2024-04-29,LZB,BBG001S5SXX6,0,false,33.320000,33.410000,0.870348,0.270108,false,0.000000
2024-04-29,LZM,0001958217,1,false,8.110000,7.360000,1.668311,-9.247842,false,0.000000
2024-04-29,M,BBG001S6KRW6,9,false,18.500000,18.565000,0.756757,0.351351,false,0.000000
2024-04-29,MAC,BBG001S7HGB5,0,false,15.870000,16.010000,1.197227,0.882168,false,0.000000
2024-04-29,MAG,BBG001S631Z9,1,false,13.210000,12.855000,0.302801,-2.687358,false,0.000000
2024-04-29,MAIN,BBG001SJMVT1,2,false,49.350000,49.690000,0.891591,0.688956,false,0.000000
2024-04-29,MAN,BBG001S5SYW5,0,false,75.850000,76.130000,1.483191,0.369150,false,0.000000
2024-04-29,MANH,BBG001S71S35,0,false,210.670000,209.830000,0.322780,-0.398728,false,0.000000
2024-04-29,MANU,0001549107,0,false,16.110000,16.455000,2.172564,2.141527,false,0.000000
2024-04-29,MARA,BBG001V0L7T2,58,true,18.428000,18.025000,2.507054,-2.186890,false,0.000000
2024-04-29,MASI,BBG001S71GQ6,0,false,136.480000,136.175000,0.835287,-0.223476,false,0.000000
2024-04-29,MAT,BBG001S5SZF1,0,false,18.360000,18.495000,1.579521,0.735294,false,0.000000
2024-04-29,MATV,BBG001S7VRC4,0,false,17.940000,18.570000,4.459309,3.511706,false,0.000000
2024-04-29,MATW,BBG001S81V81,0,false,27.450000,27.525000,2.258652,0.273224,false,0.000000
2024-04-29,MATX,BBG001S5NL21,0,false,109.520000,110.050000,0.812637,0.483930,false,0.000000
2024-04-29,MAX,BBG00XRTJ8D2,0,false,19.000000,18.790000,1.000000,-1.105263,false,0.000000
2024-04-29,MBC,BBG01B9G4424,0,false,17.120000,17.150000,1.577103,0.175234,false,0.000000
2024-04-29,MBI,BBG001S5T021,0,false,6.850000,6.415000,0.145985,-6.350365,false,0.000000
2024-04-29,MBIN,BBG001STXPM7,0,false,39.020000,39.250000,1.383906,0.589441,false,0.000000
2024-04-29,MBUU,BBG005PXTR61,0,false,34.500000,34.760000,1.231884,0.753623,false,0.000000
2024-04-29,MBWM,BBG001S971V3,0,false,36.350000,36.040000,1.182944,-0.852820,false,0.000000
2024-04-29,MC,BBG001STYX58,0,false,49.960000,50.090000,1.561249,0.260208,false,0.000000
2024-04-29,MCB,BBG001V0P380,1,false,41.890000,40.420000,0.644545,-3.509191,false,0.000000
2024-04-29,MCBC,BBG001S7SKV2,0,false,14.410000,14.250000,0.208189,-1.110340,false,0.000000
2024-04-29,MCBS,BBG0088BL023,0,false,24.100000,23.500000,0.000000,-2.489627,false,0.000000
2024-04-29,MCFT,BBG002ZYLPP6,0,false,20.700000,20.690000,0.338164,-0.048309,false,0.000000
2024-04-29,MCRI,BBG001S7DVP1,0,false,68.190000,69.050000,1.539815,1.261182,false,0.000000
2024-04-29,MCS,BBG001S7JNZ2,0,false,13.340000,13.300000,0.749625,-0.299850,false,0.000000
2024-04-29,MCW,BBG011FS2K56,0,false,6.940000,6.760000,1.729107,-2.593660,false,0.000000
2024-04-29,MCY,BBG001S98VJ0,0,false,51.930000,53.070000,2.387830,2.195263,false,0.000000
2024-04-29,MD,BBG001S96T25,0,false,9.070000,9.025000,1.323043,-0.496141,false,0.000000
2024-04-29,MDGL,BBG001SNKQ42,0,false,194.390000,201.070000,3.925099,3.436391,false,0.000000
2024-04-29,MDU,BBG001S5T2W4,0,false,24.750000,24.990000,1.232323,0.969697,false,0.000000
2024-04-29,MDXG,BBG001STPW96,0,false,6.300000,6.270000,1.428571,-0.476190,false,0.000000
2024-04-29,MED,BBG001SD45H4,1,false,34.000000,35.510000,6.750000,4.441176,false,0.000000
2024-04-29,MEDP,BBG0065B7K40,0,false,397.530000,400.370000,1.443916,0.714411,false,0.000000
2024-04-29,MEG,BBG005Q29V07,1,false,43.270000,43.260000,0.739542,-0.023111,false,0.000000
2024-04-29,MEI,BBG001S5T3T6,0,false,12.340000,12.610000,2.269044,2.188006,false,0.000000
2024-04-29,MEOH,BBG001S66Y93,0,false,48.910000,50.440000,3.618892,3.128195,false,0.000000
2024-04-29,MERC,BBG001S6TK43,0,false,10.080000,10.250000,2.380952,1.686508,false,0.000000
2024-04-29,METC,BBG00BCQJ2W4,0,false,15.970000,16.550000,3.694427,3.631810,false,0.000000
2024-04-29,MFA,BBG001S86YS8,0,false,10.770000,10.755000,0.789229,-0.139276,false,0.000000
2024-04-29,MFIC,BBG001SF7M43,0,false,15.280000,15.260000,0.032723,-0.130890,false,0.000000
2024-04-29,MGA,BBG001S5SY91,0,false,49.410000,49.380000,0.738717,-0.060716,false,0.000000
2024-04-29,MGEE,BBG001SD2RD2,0,false,78.010000,78.500000,1.845917,0.628125,false,0.000000
2024-04-29,MGIC,BBG001SCPDF8,1,false,11.750000,11.880000,1.531915,1.106383,false,0.000000
2024-04-29,MGM,BBG001S6BYT5,10,true,41.670000,41.620000,0.791937,-0.119990,false,0.000000
2024-04-29,MGNI,BBG001T5LB97,1,false,9.290000,9.170000,0.861141,-1.291712,false,0.000000
2024-04-29,MGNX,BBG001S9C8R7,0,false,14.540000,14.810000,3.507565,1.856946,false,0.000000
2024-04-29,MGPI,BBG001S5XTL2,0,false,81.020000,81.590000,1.295976,0.703530,false,0.000000
2024-04-29,MGRC,BBG001S5T593,0,false,112.580000,109.980000,0.000000,-2.309469,false,0.000000
2024-04-29,MGY,BBG00GNC8DM1,0,false,26.270000,26.440000,0.818424,0.647126,false,0.000000
2024-04-29,MHK,BBG001SBGSZ5,0,false,115.650000,118.460000,3.432771,2.429745,false,0.000000
2024-04-29,MHO,BBG001S7HGC4,0,false,121.000000,121.215000,1.404959,0.177686,false,0.000000
2024-04-29,MIDD,BBG001S8N9X8,1,false,142.090000,142.260000,0.397635,0.119642,false,0.000000
2024-04-29,MIR,BBG00VHJ1KB3,1,false,11.130000,11.000000,0.089847,-1.168014,false,0.000000
2024-04-29,MIRM,BBG00MH7T2N6,0,false,24.700000,25.070000,3.360324,1.497976,false,0.000000
2024-04-29,MITK,BBG001S5T6P3,0,false,12.650000,12.655000,0.948617,0.039526,false,0.000000
2024-04-29,MKSI,BBG001SBB6Q8,0,false,120.370000,123.190000,2.342776,2.342776,false,0.000000
2024-04-29,MKTX,BBG001S8R6K4,0,false,203.680000,203.870000,0.751178,0.093284,false,0.000000
2024-04-29,ML,BBG00VHZZP74,0,false,71.100000,66.490000,1.237693,-6.483826,false,0.000000
2024-04-29,MLAB,BBG001S5T762,0,false,104.020000,105.520000,3.287733,1.442030,false,0.000000
2024-04-29,MLI,BBG001S6PVC4,0,false,57.530000,58.070000,1.425343,0.938641,false,0.000000
2024-04-29,MLKN,BBG001S5T771,0,false,25.910000,26.190000,1.080664,1.080664,false,0.000000
2024-04-29,MLNK,BBG002ZYMKR4,0,false,17.570000,17.130000,0.113830,-2.504269,false,0.000000
2024-04-29,MLP,BBG001S5T7D4,0,false,19.900000,19.940000,0.201005,0.201005,false,0.000000
2024-04-29,MLR,BBG001S7BMD6,0,false,49.250000,49.360000,0.406091,0.223350,false,0.000000
2024-04-29,MLTX,BBG00XQZQVP7,0,false,42.820000,41.780000,0.817375,-2.428772,false,0.000000
2024-04-29,MLYS,BBG00ZXN1GR9,0,false,12.010000,12.390000,3.330558,3.164030,false,0.000000
2024-04-29,MMAT,BBG001T3WTK8,1,false,3.100000,3.490000,22.258065,12.580645,true,0.000000
2024-04-29,MMI,BBG005GBRSS5,0,false,32.520000,32.470000,0.645756,-0.153752,false,0.000000
2024-04-29,MMS,BBG001S6G4K5,0,false,80.990000,80.990000,0.549451,0.000000,false,0.000000
2024-04-29,MMSI,BBG001S6KLT3,0,false,73.680000,75.140000,2.056189,1.981542,false,0.000000
2024-04-29,MMYT,0001495153,0,false,67.180000,67.770000,0.974993,0.878238,false,0.000000
2024-04-29,MNDY,0001845338,0,false,191.350000,192.810000,1.087013,0.763000,false,0.000000
2024-04-29,MNKD,BBG001SLLLY3,2,false,4.280000,4.250000,2.803738,-0.700935,false,0.000000
2024-04-29,MNMD,BBG001TCSL84,7,false,8.510000,9.020000,7.873090,5.992949,false,0.000000
2024-04-29,MNRO,BBG001S62LS4,0,false,28.120000,27.940000,1.386913,-0.640114,false,0.000000
2024-04-29,MNTK,BBG00YHYK376,0,false,3.850000,3.825000,2.727273,-0.649351,false,0.000000
2024-04-29,MOD,BBG001S5T913,1,false,96.620000,95.580000,1.335127,-1.076382,false,0.000000
2024-04-29,MODG,BBG001S70DV8,0,false,15.920000,16.420000,3.234925,3.140704,false,0.000000
2024-04-29,MODN,BBG001SQGHS4,0,false,29.690000,29.660000,0.202088,-0.101044,false,0.000000
2024-04-29,MODV,BBG001SL2C10,0,false,23.830000,23.860000,2.601762,0.125892,false,0.000000
2024-04-29,MOFG,BBG001SCDXR4,0,false,20.290000,20.550000,2.661410,1.281419,false,0.000000
2024-04-29,MOG.A,BBG001S5T922,0,false,167.450000,162.350000,0.253807,-3.045685,false,0.000000
2024-04-29,MORF,BBG00PBD6WR7,0,false,28.040000,28.000000,2.532097,-0.142653,false,0.000000
2024-04-29,MORN,BBG001SC6FV6,0,false,287.520000,284.270000,0.000000,-1.130356,false,0.000000
2024-04-29,MOS,BBG001S7LJN1,0,false,30.490000,30.870000,1.869465,1.246310,false,0.000000
2024-04-29,MOV,BBG001S8FWS2,0,false,26.140000,26.080000,1.109411,-0.229533,false,0.000000
2024-04-29,MP,BBG00TJGL0T5,1,false,16.270000,16.420000,2.212661,0.921942,false,0.000000
2024-04-29,MPB,BBG001S5T0G6,0,false,21.070000,20.870000,0.901756,-0.949217,false,0.000000
2024-04-29,MPLN,BBG00RLZ9M83,2,false,0.611600,0.664000,13.031393,8.567691,false,0.000000
2024-04-29,MPW,BBG001S7WM61,13,true,4.600000,4.775000,4.130435,3.804348,false,0.000000
2024-04-29,MPX,BBG001S6HCC5,0,false,11.640000,11.360000,0.601375,-2.405498,false,0.000000
2024-04-29,MQ,BBG0112Z8873,3,false,5.490000,5.570000,3.642987,1.457195,false,0.000000
2024-04-29,MRC,BBG001SN9P56,0,false,11.620000,11.600000,0.172117,-0.172117,false,0.000000
2024-04-29,MRCY,BBG001SBFLT8,0,false,29.220000,29.100000,2.173169,-0.410678,false,0.000000
2024-04-29,MRSN,BBG001TZ57P0,0,false,2.940000,3.160000,8.163265,7.482993,false,0.000000
2024-04-29,MRTN,BBG001S5TCK5,0,false,16.940000,16.820000,1.151122,-0.708383,false,0.000000
2024-04-29,MRUS,0001651311,0,false,45.180000,45.110000,1.881363,-0.154936,false,0.000000
2024-04-29,MRVI,BBG00Y1DFW44,0,false,7.760000,7.850000,2.706186,1.159794,false,0.000000
2024-04-29,MSA,BBG001S5TCN2,0,false,188.550000,188.020000,0.594007,-0.281093,false,0.000000
2024-04-29,MSBI,BBG001SMZRY3,0,false,22.500000,22.500000,1.622222,0.000000,false,0.000000
2024-04-29,MSEX,BBG001S5TCZ9,0,false,49.170000,50.480000,3.213341,2.664226,false,0.000000
2024-04-29,MSGE,BBG019980TF2,0,false,39.520000,40.160000,1.619433,1.619433,false,0.000000
2024-04-29,MSGS,BBG007FG0C32,0,false,187.700000,187.810000,1.651572,0.058604,false,0.000000
2024-04-29,MSM,BBG001S5TD87,0,false,93.660000,93.010000,0.128123,-0.694000,false,0.000000
2024-04-29,MTAL,0001950246,0,false,13.870000,13.330000,0.720981,-3.893295,false,0.000000
2024-04-29,MTC,0001742518,0,false,2.860000,3.670000,31.118881,28.321678,true,0.000000
2024-04-29,MTCH,BBG00VT0KP47,1,false,31.940000,31.510000,0.876644,-1.346274,false,0.000000
2024-04-29,MTDR,BBG001T3L5S4,0,false,65.350000,66.140000,1.522571,1.208875,false,0.000000
2024-04-29,MTG,BBG001S6SFR0,0,false,20.550000,20.555000,0.875912,0.024331,false,0.000000
2024-04-29,MTH,BBG001S9F527,0,false,170.920000,169.490000,1.094079,-0.836649,false,0.000000
2024-04-29,MTN,BBG001S5TFD6,0,false,198.260000,195.780000,1.104610,-1.250883,false,0.000000
2024-04-29,MTRN,BBG001S5PFQ6,0,false,120.400000,120.850000,1.121262,0.373754,false,0.000000
2024-04-29,MTRX,BBG001S6MM91,0,false,11.570000,11.370000,0.345722,-1.728608,false,0.000000
2024-04-29,MTSI,BBG001T4BB37,0,false,101.590000,104.060000,3.169603,2.431342,false,0.000000
2024-04-29,MTTR,BBG00XS0FV65,7,false,4.720000,4.750000,1.377119,0.635593,false,0.000000
2024-04-29,MTW,BBG001S7C7S2,0,false,12.700000,12.820000,1.653543,0.944882,false,0.000000
2024-04-29,MTX,BBG001S5TFZ2,0,false,74.480000,75.080000,2.161654,0.805585,false,0.000000
2024-04-29,MTZ,BBG001S95HF8,0,false,89.410000,89.490000,2.449390,0.089475,false,0.000000
2024-04-29,MULN,BBG003GMH366,26,true,3.990000,5.730000,52.882206,43.609023,true,0.000000
2024-04-29,MUR,BBG001S5TG80,0,false,46.370000,46.840000,1.153763,1.013586,false,0.000000
2024-04-29,MUSA,BBG001Z0Q6V2,0,false,422.000000,423.500000,1.059242,0.355450,false,0.000000
2024-04-29,MUX,BBG001S5X3Z4,0,false,12.310000,12.200000,1.299756,-0.893582,false,0.000000
2024-04-29,MWA,BBG001SNQZ91,0,false,16.070000,16.165000,0.746733,0.591164,false,0.000000
2024-04-29,MXCT,BBG00CFTQNG7,0,false,3.700000,3.665000,2.162162,-0.945946,false,0.000000
2024-04-29,MXL,BBG001S6MZV7,0,false,20.640000,21.170000,3.343023,2.567829,false,0.000000
2024-04-29,MYE,BBG001S5TH97,0,false,22.050000,22.290000,1.179138,1.088435,false,0.000000
2024-04-29,MYGN,BBG001S86FS9,0,false,18.340000,19.820000,8.396947,8.069793,false,0.000000
2024-04-29,MYPS,BBG00Y1RQ9N1,0,false,2.240000,2.235000,0.892857,-0.223214,false,0.000000
2024-04-29,MYRG,BBG001S8GYM3,0,false,168.380000,170.700000,1.600546,1.377836,false,0.000000
2024-04-29,NABL,BBG00YJKWXF6,0,false,12.450000,12.390000,0.401606,-0.481928,false,0.000000
2024-04-29,NAMS,0001936258,0,false,21.950000,21.660000,3.416856,-1.321185,false,0.000000
2024-04-29,NAPA,BBG00ZF3LGX4,0,false,8.440000,8.522500,1.066351,0.977488,false,0.000000
2024-04-29,NARI,BBG009J8K7N9,0,false,38.100000,37.940000,3.044619,-0.419948,false,0.000000
2024-04-29,NAT,0001000177,4,false,3.950000,3.930000,0.759494,-0.506329,false,0.000000
2024-04-29,NATL,BBG019Y0WP28,0,false,21.090000,20.660000,0.568990,-2.038881,false,0.000000
2024-04-29,NATR,BBG001S61DP6,0,false,19.600000,19.840000,1.530612,1.224490,false,0.000000
2024-04-29,NAUT,BBG00W7G4MV9,0,false,2.540000,2.535000,3.937008,-0.196850,false,0.000000
2024-04-29,NAVI,BBG004MN1R50,0,false,15.720000,15.550000,0.763359,-1.081425,false,0.000000
2024-04-29,NBHC,BBG003D8Y8V2,0,false,33.450000,33.360000,0.837070,-0.269058,false,0.000000
2024-04-29,NBIX,BBG001S8W4X9,0,false,136.050000,138.890000,2.440279,2.087468,false,0.000000
2024-04-29,NBR,0001163739,0,false,77.420000,78.060000,0.917076,0.826660,false,0.000000
2024-04-29,NBTB,BBG001S6XCS0,0,false,36.000000,35.260000,0.333333,-2.055556,false,0.000000
2024-04-29,NCLH,0001513761,12,true,19.050000,19.180000,1.102362,0.682415,false,0.000000
2024-04-29,NCMI,BBG001SRSPD7,0,false,4.470000,4.390400,1.342282,-1.780761,false,0.000000
2024-04-29,NCNO,BBG014GJ8XJ0,0,false,29.550000,29.440000,0.520135,-0.372250,false,0.000000
2024-04-29,NDSN,BBG001S5TKK7,0,false,260.960000,262.420000,0.741493,0.559473,false,0.000000
2024-04-29,NE,0001895262,2,false,46.330000,46.340000,1.057630,0.021584,false,0.000000
2024-04-29,NEGG,0001474627,1,false,0.830500,0.823300,0.662252,-0.866948,false,0.000000
2024-04-29,NEO,BBG001S9DSY4,0,false,14.340000,15.235000,11.924686,6.241283,false,0.000000
2024-04-29,NEOG,BBG001S67B47,0,false,12.080000,12.420000,4.677152,2.814570,false,0.000000
2024-04-29,NEP,BBG006JNW312,2,false,29.250000,29.180000,1.025641,-0.239316,false,0.000000
2024-04-29,NETD,0001975218,0,false,10.490000,10.505000,0.190658,0.142993,false,0.000000
2024-04-29,NEWP,BBG001SBGJ21,0,false,2.110000,2.095000,2.843602,-0.710900,false,0.000000
2024-04-29,NEXA,0001713930,0,false,7.360000,7.250000,1.902174,-1.494565,false,0.000000
2024-04-29,NEXT,BBG008GC7WN5,0,false,6.450000,6.650000,3.798450,3.100775,false,0.000000
2024-04-29,NFBK,BBG001T0M0Z2,0,false,8.500000,8.480000,1.176471,-0.235294,false,0.000000
2024-04-29,NFE,BBG00MJH9M32,0,false,27.200000,26.900000,0.000000,-1.102941,false,0.000000
2024-04-29,NFG,BBG001S5TLR8,0,false,54.060000,53.940000,0.628931,-0.221976,false,0.000000
2024-04-29,NFGC,BBG00JFFSNN2,3,false,3.790000,3.700000,0.000000,-2.374670,false,0.000000
2024-04-29,NG,BBG001S5ZT85,1,false,2.940000,3.070000,4.421769,4.421769,false,0.000000
2024-04-29,NGD,BBG001S5YM54,1,false,1.830000,1.840000,2.169399,0.546448,false,0.000000
2024-04-29,NGL,BBG001V0FSC1,0,false,5.770000,5.900000,2.599653,2.253033,false,0.000000
2024-04-29,NGVC,BBG0034VYM77,0,false,16.880000,16.665000,0.473934,-1.273697,false,0.000000
2024-04-29,NGVT,BBG009LM2988,1,false,48.880000,50.950000,5.319149,4.234861,false,0.000000
2024-04-29,NHC,BBG001SBJ378,0,false,91.330000,90.700000,0.613161,-0.689806,false,0.000000
2024-04-29,NHI,BBG001S6W8Y3,0,false,63.150000,62.740000,0.427553,-0.649248,false,0.000000
2024-04-29,NI,BBG001S5TMF9,4,false,27.860000,27.900000,0.610194,0.143575,false,0.000000
2024-04-29,NIC,BBG001SN0Y92,0,false,79.410000,78.060000,1.108173,-1.700038,false,0.000000
2024-04-29,NJR,BBG001S5TMT4,0,false,43.490000,43.490000,0.839273,0.000000,false,0.000000
2024-04-29,NKLA,BBG00L4CWQW4,58,true,0.650000,0.654900,5.384615,0.753846,false,0.000000
2024-04-29,NKTX,BBG00JXHS9H6,0,false,6.870000,6.940000,6.550218,1.018923,false,0.000000
2024-04-29,NL,BBG001S5TMX9,0,false,7.750000,7.960000,3.870968,2.709677,false,0.000000
2024-04-29,NLOP,BBG01JKVZRT7,0,false,22.920000,23.170000,2.137871,1.090750,false,0.000000
2024-04-29,NLY,BBG001S8J4S0,0,false,18.970000,19.080000,1.370585,0.579863,false,0.000000
2024-04-29,NMFC,BBG001T9D5H2,0,false,12.770000,12.720000,0.274080,-0.391543,false,0.000000
2024-04-29,NMIH,BBG005DLMPF1,0,false,31.070000,31.160000,1.142581,0.289668,false,0.000000
2024-04-29,NMM,0001415921,0,false,44.710000,44.200000,0.178931,-1.140684,false,0.000000
2024-04-29,NMRA,BBG012W9C504,0,false,9.190000,9.460000,5.984766,2.937976,false,0.000000
2024-04-29,NMRK,BBG00J24S7X5,0,false,9.790000,9.820000,1.225741,0.306435,false,0.000000
2024-04-29,NN,BBG017XG00Z2,0,false,9.330000,9.380000,1.286174,0.535906,false,0.000000
2024-04-29,NNI,BBG001SGRMS3,0,false,95.180000,94.370000,0.094558,-0.851019,false,0.000000
2024-04-29,NNN,BBG001S6Z1P5,0,false,40.500000,40.630000,0.765432,0.320988,false,0.000000
2024-04-29,NNOX,0001795251,8,false,8.860000,9.000000,2.708804,1.580135,false,0.000000
2024-04-29,NOA,BBG001SBRPM3,0,false,21.990000,22.150000,0.750341,0.727603,false,0.000000
2024-04-29,NODK,BBG00DZS4J96,0,false,14.970000,14.990000,1.643955,0.133601,false,0.000000
2024-04-29,NOG,BBG001SK2P31,0,false,43.100000,43.540000,1.218097,1.020882,false,0.000000
2024-04-29,NOMD,0001651717,0,false,18.580000,18.460000,0.000000,-0.645856,false,0.000000
2024-04-29,NOV,BBG001S6HFR2,1,false,18.940000,19.350000,2.560718,2.164731,false,0.000000
2024-04-29,NOVA,BBG00PLQ1KH9,13,true,4.090000,4.340000,6.234719,6.112469,false,0.000000
2024-04-29,NOVT,BBG001S6MRJ9,0,false,159.680000,160.030000,0.491608,0.219188,false,0.000000
2024-04-29,NPCE,BBG001V0SVB1,0,false,13.350000,13.500000,4.119850,1.123596,false,0.000000
2024-04-29,NPK,BBG001S5TPT7,0,false,82.460000,82.020000,0.758913,-0.533592,false,0.000000
2024-04-29,NPO,BBG001SCK8H2,0,false,151.375000,151.900000,1.334434,0.346821,false,0.000000
2024-04-29,NPWR,BBG00ZMY0HK3,0,false,11.300000,10.880000,0.707965,-3.716814,false,0.000000
2024-04-29,NR,BBG001S6CQY5,0,false,7.240000,7.245000,1.381215,0.069061,false,0.000000
2024-04-29,NRC,BBG004K1F9R1,0,false,33.850000,34.350000,2.008863,1.477105,false,0.000000
2024-04-29,NRDS,BBG0087DN242,0,false,12.880000,12.630000,1.708075,-1.940994,false,0.000000
2024-04-29,NRIX,BBG00SDJ8M87,0,false,12.570000,12.480000,3.261734,-0.715990,false,0.000000
2024-04-29,NRP,BBG001SH9LZ5,0,false,91.050000,91.760000,2.910489,0.779791,false,0.000000
2024-04-29,NS,BBG001SFS805,0,false,22.450000,22.940000,2.182628,2.182628,false,0.000000
2024-04-29,NSA,BBG008417VP2,0,false,35.340000,35.530000,1.160158,0.537634,false,0.000000
2024-04-29,NSIT,BBG001S7LHJ0,0,false,182.920000,183.560000,0.813197,0.349880,false,0.000000
2024-04-29,NSP,BBG001S894P4,0,false,104.880000,104.240000,0.972540,-0.610221,false,0.000000
2024-04-29,NSSC,BBG001S5TR13,1,false,44.050000,43.070000,1.180477,-2.224745,false,0.000000
2024-04-29,NTB,0001653242,0,false,34.230000,34.030000,0.321356,-0.584283,false,0.000000
2024-04-29,NTCT,BBG001SD3PL6,0,false,20.020000,19.795000,0.493007,-1.123876,false,0.000000
2024-04-29,NTGR,BBG001SG03X8,0,false,14.880000,14.850000,1.075269,-0.201613,false,0.000000
2024-04-29,NTLA,BBG007KC7PC9,2,false,21.060000,21.980000,6.362773,4.368471,false,0.000000
2024-04-29,NTRA,BBG001V0FSF8,0,false,91.520000,94.090000,3.671329,2.808129,false,0.000000
2024-04-29,NTST,BBG00W5FQQM0,0,false,17.110000,17.280000,1.490357,0.993571,false,0.000000
2024-04-29,NUS,BBG001S988X5,1,false,12.380000,12.280000,1.857835,-0.807754,false,0.000000
2024-04-29,NUTX,BBG001T5W5K5,4,false,0.660500,0.626100,2.498107,-5.208176,false,0.000000
2024-04-29,NUVB,BBG00VHJ0CD0,3,false,2.840000,2.950000,4.929577,3.873239,false,0.000000
2024-04-29,NUVL,BBG00Z1SLMN2,0,false,67.140000,67.950000,2.457402,1.206434,false,0.000000
2024-04-29,NVAX,BBG001SGL8G3,3,false,4.140000,4.280000,4.347826,3.381643,false,0.000000
2024-04-29,NVCR,0001645113,0,false,12.810000,12.800000,1.639344,-0.078064,false,0.000000
2024-04-29,NVEC,BBG001SGKV64,0,false,81.000000,81.790000,0.975309,0.975309,false,0.000000
2024-04-29,NVEE,BBG005BT61P6,0,false,94.100000,94.330000,0.765143,0.244421,false,0.000000
2024-04-29,NVEI,BBG00X2VHWW2,0,false,32.290000,32.280000,0.309693,-0.030969,false,0.000000
2024-04-29,NVGS,0001581804,0,false,15.200000,15.240000,0.921053,0.263158,false,0.000000
2024-04-29,NVMI,0001109345,0,false,173.470000,174.480000,0.582233,0.582233,false,0.000000
2024-04-29,NVRI,BBG001S5S0V0,0,false,8.140000,8.270000,2.334152,1.597052,false,0.000000
2024-04-29,NVRO,BBG001V0KW81,0,false,11.470000,11.410000,2.005231,-0.523104,false,0.000000
2024-04-29,NVST,BBG00LN4B6D9,0,false,20.510000,20.620000,1.803998,0.536324,false,0.000000
2024-04-29,NVT,0001720635,0,false,75.700000,75.280000,0.449141,-0.554822,false,0.000000
2024-04-29,NVTS,BBG00YQ6KTM3,9,false,4.530000,4.460000,2.432671,-1.545254,false,0.000000
2024-04-29,NWBI,BBG001S64KK2,0,false,10.890000,10.740000,0.137741,-1.377410,false,0.000000
2024-04-29,NWE,BBG001SM2G73,0,false,49.830000,50.490000,1.826209,1.324503,false,0.000000
2024-04-29,NWL,BBG001S5TSW7,2,false,7.980000,8.080000,2.506266,1.253133,false,0.000000
2024-04-29,NWLI,BBG008HNHYZ2,0,false,489.740000,489.600000,0.257279,-0.028587,false,0.000000
2024-04-29,NWN,BBG00KXKRLP1,0,false,38.190000,38.230000,0.785546,0.104739,false,0.000000
2024-04-29,NWPX,BBG001S8LFT1,0,false,31.770000,32.150000,1.302487,1.196097,false,0.000000
2024-04-29,NWSA,BBG0035LY922,0,false,24.340000,24.180000,0.718981,-0.657354,false,0.000000
2024-04-29,NWTN,0001932737,0,false,6.900000,6.350000,0.000000,-7.971014,false,0.000000
2024-04-29,NX,BBG001T0QV71,0,false,33.960000,33.810000,0.265018,-0.441696,false,0.000000
2024-04-29,NXE,BBG00334PFM6,7,false,8.130000,8.455000,4.059041,3.997540,false,0.000000
2024-04-29,NXRT,BBG0077Q6QH7,0,false,33.520000,33.280000,0.865155,-0.715990,false,0.000000
2024-04-29,NXST,BBG001SKJJT9,0,false,160.000000,164.610000,3.562500,2.881250,false,0.000000
2024-04-29,NXT,BBG00835TQ17,0,false,44.160000,44.100000,2.377717,-0.135870,false,0.000000
2024-04-29,NYAX,0001901279,0,false,25.230000,26.070100,3.646453,3.329766,false,0.000000
2024-04-29,NYCB,BBG001SD32Z2,25,true,3.020000,2.795000,0.331126,-7.450331,false,0.000000
2024-04-29,NYMT,BBG001SHHBR7,1,false,7.070000,6.975000,1.697313,-1.343706,false,0.000000
2024-04-29,NYT,BBG001S90X31,0,false,43.440000,43.670000,1.254604,0.529466,false,0.000000
2024-04-29,NYXH,0001857190,0,false,10.870000,11.070000,6.071757,1.839926,false,0.000000
2024-04-29,OABI,BBG011J3QM48,0,false,4.480000,4.545000,2.678571,1.450893,false,0.000000
2024-04-29,OBDC,BBG00DB0XYD3,0,false,15.950000,15.955000,0.434483,0.031348,false,0.000000
2024-04-29,OBE,BBG001S603F0,0,false,9.000000,9.035000,0.555556,0.388889,false,0.000000
2024-04-29,OBK,BBG001S78WZ4,0,false,30.950000,30.140000,0.193861,-2.617124,false,0.000000
2024-04-29,OC,BBG001SQ7PD2,0,false,169.240000,171.820000,2.032616,1.524462,false,0.000000
2024-04-29,OCFC,BBG001S92JX7,0,false,15.430000,14.980000,0.356448,-2.916397,false,0.000000
2024-04-29,OCGN,BBG001TG1LS2,21,true,1.260000,1.380000,14.285714,9.523810,false,0.000000
2024-04-29,OCS,0001953530,0,false,12.010000,12.720000,9.537885,5.911740,false,0.000000
2024-04-29,OCSL,BBG001SR03L7,0,false,19.830000,19.870000,0.605144,0.201715,false,0.000000
2024-04-29,OCUL,BBG001V0FT93,0,false,4.730000,4.795000,9.725159,1.374207,false,0.000000
2024-04-29,ODC,BBG001S7J3C1,0,false,69.000000,69.680000,1.516812,0.985507,false,0.000000
2024-04-29,ODD,0001907085,0,false,32.110000,32.520000,3.363438,1.276861,false,0.000000
2024-04-29,ODP,BBG00R24W7Y1,0,false,51.420000,51.790000,1.166861,0.719564,false,0.000000
2024-04-29,OEC,0001609804,0,false,23.880000,24.000000,0.670017,0.502513,false,0.000000
2024-04-29,OFG,BBG001S9J8R0,0,false,36.500000,36.285000,0.054795,-0.589041,false,0.000000
2024-04-29,OFIX,BBG001SCG164,0,false,12.990000,13.070000,2.193995,0.615858,false,0.000000
2024-04-29,OFLX,BBG001SNLHY8,0,false,67.300000,67.460000,0.237741,0.237741,false,0.000000
2024-04-29,OGE,BBG001S5TVY8,0,false,33.980000,34.610000,1.927604,1.854032,false,0.000000
2024-04-29,OGN,BBG00ZQRGW42,0,false,18.690000,18.905000,1.872659,1.150348,false,0.000000
2024-04-29,OGS,BBG004WQKD16,0,false,64.360000,64.640000,0.652579,0.435053,false,0.000000
2024-04-29,OHI,BBG001S736L1,1,false,30.610000,30.789800,1.257759,0.587390,false,0.000000
2024-04-29,OI,BBG00R2JZG48,1,false,15.140000,15.660000,3.797886,3.434610,false,0.000000
2024-04-29,OII,BBG001S61HT3,0,false,24.940000,24.360000,0.681636,-2.325581,false,0.000000
2024-04-29,OLED,BBG001S5V9H3,0,false,158.440000,162.045000,2.474123,2.275309,false,0.000000
2024-04-29,OLLI,BBG0098VVDS0,0,false,74.400000,71.930000,0.080645,-3.319892,false,0.000000
2024-04-29,OLMA,BBG00T5JMRV1,0,false,9.990000,10.160000,3.303303,1.701702,false,0.000000
2024-04-29,OLN,BBG001S5TWW8,0,false,53.710000,53.580000,0.772668,-0.242041,false,0.000000
2024-04-29,OLO,BBG00ZCX7044,0,false,5.030000,4.930000,1.192843,-1.988072,false,0.000000
2024-04-29,OLP,BBG001S5TWY6,0,false,22.730000,22.940000,1.363836,0.923889,false,0.000000
2024-04-29,OLPX,BBG012BV9TG3,2,false,1.400000,1.370000,0.714286,-2.142857,false,0.000000
2024-04-29,OMCL,BBG001SF6Z45,0,false,27.900000,27.400000,1.653763,-1.792115,false,0.000000
2024-04-29,OMF,BBG005497H09,0,false,51.000000,50.850000,0.705882,-0.294118,false,0.000000
2024-04-29,OMI,BBG001S72KY7,0,false,25.500000,25.420000,0.392157,-0.313725,false,0.000000
2024-04-29,ONB,BBG001SD2ZG1,0,false,16.670000,16.710000,0.869826,0.239952,false,0.000000
2024-04-29,ONCT,BBG001SCTS61,0,false,8.400000,8.955900,6.617857,6.617857,false,0.000000
2024-04-29,ONEW,BBG00PPXGH27,0,false,22.190000,21.950000,1.171699,-1.081568,false,0.000000
2024-04-29,ONON,0001858985,2,false,32.510000,32.610000,2.952938,0.307598,false,0.000000
2024-04-29,ONTO,BBG001S5THX0,0,false,189.150000,190.360000,1.030928,0.639704,false,0.000000
2024-04-29,OPCH,BBG001S6X756,0,false,29.750000,30.270000,3.260504,1.747899,false,0.000000
2024-04-29,OPEN,BBG00SHY8ZR0,28,true,2.180000,2.122500,4.128440,-2.637615,false,0.000000
2024-04-29,OPK,BBG001SD4254,3,false,1.260000,1.240000,3.968254,-1.587302,false,0.000000
2024-04-29,OPY,BBG001S77PP1,0,false,41.180000,41.230000,1.274891,0.121418,false,0.000000
2024-04-29,OR,BBG006L2SZD6,0,false,16.090000,16.070000,0.341827,-0.124301,false,0.000000
2024-04-29,ORA,BBG001S9LPW3,0,false,63.680000,64.470000,1.680276,1.240578,false,0.000000
2024-04-29,ORC,BBG001V18CW0,6,false,8.600000,8.440000,0.930233,-1.860465,false,0.000000
2024-04-29,ORGO,BBG00FGGD311,0,false,2.350000,2.450000,5.744681,4.255319,false,0.000000
2024-04-29,ORI,BBG001S6M9Y2,0,false,30.200000,29.800000,0.033113,-1.324503,false,0.000000
2024-04-29,ORIC,BBG00BL5SMR2,0,false,8.110000,8.200000,5.548705,1.109741,false,0.000000
2024-04-29,ORLA,BBG00FGY26J8,0,false,4.070000,4.025000,0.000000,-1.105651,false,0.000000
2024-04-29,OSBC,BBG001S7HMZ6,0,false,14.030000,13.850000,0.926586,-1.282965,false,0.000000
2024-04-29,OSCR,BBG00YMWFVT4,4,false,17.730000,17.410000,0.620417,-1.804851,false,0.000000
2024-04-29,OSG,BBG0071D5RR0,0,false,6.040000,6.030000,0.993377,-0.165563,false,0.000000
2024-04-29,OSIS,BBG001SB1J54,0,false,133.530000,136.130000,3.347562,1.947128,false,0.000000
2024-04-29,OSK,BBG001S6SX46,0,false,120.500000,117.820000,0.315353,-2.224066,false,0.000000
2024-04-29,OSPN,BBG001S7T321,0,false,10.960000,10.880000,3.102190,-0.729927,false,0.000000
2024-04-29,OSUR,BBG001SD3BW5,0,false,5.310000,5.400000,1.977401,1.694915,false,0.000000
2024-04-29,OSW,0001758488,0,false,12.820000,12.720000,0.312012,-0.780031,false,0.000000
2024-04-29,OTEX,BBG001SBS5H2,0,false,35.920000,35.495000,0.361915,-1.183185,false,0.000000
2024-04-29,OTLK,BBG00469JRM1,1,false,8.350000,9.130000,10.059880,9.341317,false,0.000000
2024-04-29,OTTR,BBG001S5TYX3,0,false,85.050000,85.990000,1.446208,1.105232,false,0.000000
2024-04-29,OUST,BBG00XRTSTS0,4,false,8.870000,9.300000,5.073281,4.847802,false,0.000000
2024-04-29,OUT,BBG004S69ZY3,0,false,15.900000,16.000000,0.723270,0.628931,false,0.000000
2024-04-29,OVV,BBG00R2NHQ74,1,false,53.050000,53.510000,0.980207,0.867107,false,0.000000
2024-04-29,OWL,BBG00XV417S7,0,false,18.890000,19.040000,1.535204,0.794071,false,0.000000
2024-04-29,OXLC,BBG001T93HP8,3,false,5.000000,4.995000,0.400000,-0.100000,false,0.000000
2024-04-29,OXM,BBG001S5TZF0,0,false,107.700000,109.940000,2.910864,2.079851,false,0.000000
2024-04-29,OZK,BBG001SMRQL8,1,false,46.060000,45.830000,0.629614,-0.499349,false,0.000000
2024-04-29,PAA,BBG001S985K5,1,false,17.830000,18.030000,1.233875,1.121705,false,0.000000
2024-04-29,PAAS,BBG001S5ZXR5,17,true,19.150000,19.235000,1.253264,0.443864,false,0.000000
2024-04-29,PACB,BBG001SS9G64,20,true,1.470000,1.600000,15.646259,8.843537,false,0.000000
2024-04-29,PACK,BBG00JRXX6Z8,0,false,7.470000,7.510000,3.078983,0.535475,false,0.000000
2024-04-29,PAG,BBG001S96493,0,false,155.590000,155.380000,1.118324,-0.134970,false,0.000000
2024-04-29,PAGP,BBG001SZV282,0,false,18.820000,18.920000,0.637620,0.531350,false,0.000000
2024-04-29,PAGS,0001712807,0,false,12.800000,12.645000,0.625000,-1.210938,false,0.000000
2024-04-29,PAHC,BBG0069NW5X3,2,false,13.600000,16.820000,24.264706,23.676471,true,0.000000
2024-04-29,PANL,0001606909,0,false,7.030000,7.210000,2.560455,2.560455,false,0.000000
2024-04-29,PAR,BBG001S5VG69,0,false,43.500000,44.530000,3.885057,2.367816,false,0.000000
2024-04-29,PARA,BBG001S6L063,56,true,12.500000,12.245000,2.000000,-2.040000,false,0.000000
2024-04-29,PARR,BBG003C5DLS7,0,false,32.410000,32.430000,1.018204,0.061709,false,0.000000
2024-04-29,PATH,BBG00GKS1G12,10,true,19.650000,19.760000,1.679389,0.559796,false,0.000000
2024-04-29,PATK,BBG001S5V0V6,0,false,105.930000,107.125000,1.392429,1.128103,false,0.000000
2024-04-29,PAX,0001825570,2,false,13.620000,13.610000,0.881057,-0.073421,false,0.000000
2024-04-29,PAY,BBG010MW0P43,0,false,20.720000,20.590000,1.206081,-0.627413,false,0.000000
2024-04-29,PAYC,BBG0064N1009,0,false,189.030000,193.180000,2.983653,2.195419,false,0.000000
2024-04-29,PAYO,BBG00Z5JLLD1,0,false,5.010000,4.980000,1.397206,-0.598802,false,0.000000
2024-04-29,PB,BBG001S7SL77,0,false,63.550000,62.590000,0.275374,-1.510622,false,0.000000
2024-04-29,PBF,BBG002832HM6,0,false,57.690000,57.880000,0.832033,0.329347,false,0.000000
2024-04-29,PBH,BBG001SH44F0,0,false,70.710000,71.710000,1.477867,1.414227,false,0.000000
2024-04-29,PBI,BBG001S5V171,1,false,4.120000,4.160000,2.305825,0.970874,false,0.000000
2024-04-29,PBPB,BBG0026ZGB18,0,false,10.600000,10.630000,1.226415,0.283019,false,0.000000
2024-04-29,PBT,BBG001S5V1N3,1,false,12.010000,12.050000,2.331391,0.333056,false,0.000000
2024-04-29,PCH,BBG001S5V215,0,false,41.560000,40.940000,0.072185,-1.491819,false,0.000000
2024-04-29,PCOR,BBG0026ZJ313,0,false,70.580000,70.080000,2.125248,-0.708416,false,0.000000
2024-04-29,PCRX,BBG001S77N12,0,false,26.420000,26.040000,1.097653,-1.438304,false,0.000000
2024-04-29,PCT,BBG00YRJF230,2,false,5.000000,4.970000,0.700000,-0.600000,false,0.000000
2024-04-29,PCTY,BBG006598YZ0,0,false,157.960000,157.650000,0.851481,-0.196252,false,0.000000
2024-04-29,PCVX,BBG009PHHPP4,0,false,61.070000,61.020000,1.989520,-0.081873,false,0.000000
2024-04-29,PD,BBG0043BYPD6,0,false,20.890000,20.700000,1.388224,-0.909526,false,0.000000
2024-04-29,PDCO,BBG001S5V2S6,0,false,25.860000,26.005000,1.198763,0.560712,false,0.000000
2024-04-29,PDFS,BBG001SFSR85,0,false,31.050000,31.230000,1.223833,0.579710,false,0.000000
2024-04-29,PDM,BBG001T6RFS9,0,false,6.790000,6.950000,2.798233,2.356406,false,0.000000
2024-04-29,PDS,BBG001S5V359,0,false,72.660000,73.380000,1.651528,0.990917,false,0.000000
2024-04-29,PEB,BBG001T5S1M7,0,false,15.070000,15.000000,1.360319,-0.464499,false,0.000000
2024-04-29,PEBO,BBG001S77C89,0,false,30.000000,29.500000,0.000000,-1.666667,false,0.000000
2024-04-29,PECO,BBG011RJST56,0,false,32.580000,32.680000,1.012891,0.306937,false,0.000000
2024-04-29,PEGA,BBG001S93CK5,0,false,61.960000,60.770000,0.919948,-1.920594,false,0.000000
2024-04-29,PEN,BBG001TRHPB0,0,false,205.830000,202.040000,0.893213,-1.841325,false,0.000000
2024-04-29,PENN,BBG001S80PY6,5,false,16.990000,17.010000,3.090053,0.117716,false,0.000000
2024-04-29,PERI,0001338940,0,false,11.940000,12.480000,4.604690,4.522613,false,0.000000
2024-04-29,PETQ,BBG00H1CY3S0,0,false,16.650000,16.410000,1.501502,-1.441441,false,0.000000
2024-04-29,PFBC,BBG001S9SFK1,0,false,76.900000,75.950000,0.000000,-1.235371,false,0.000000
2024-04-29,PFC,BBG001S7DV08,0,false,19.890000,19.520000,0.427350,-1.860231,false,0.000000
2024-04-29,PFGC,BBG009XW2WC7,0,false,68.830000,68.470000,0.958884,-0.523028,false,0.000000
2024-04-29,PFLT,BBG001V0Y5S3,1,false,11.490000,11.460000,0.237598,-0.261097,false,0.000000
2024-04-29,PFS,BBG001SKM445,0,false,15.070000,14.920000,0.796284,-0.995355,false,0.000000
2024-04-29,PFSI,BBG00LMYX132,0,false,87.510000,87.365000,0.068564,-0.165695,false,0.000000
2024-04-29,PGC,BBG001SG3CC8,0,false,22.910000,22.840000,1.789175,-0.305543,false,0.000000
2024-04-29,PGEN,BBG001SSB3T5,1,false,1.410000,1.401000,3.503546,-0.638298,false,0.000000
2024-04-29,PGNY,BBG002H1K1K7,0,false,32.250000,32.510000,1.764341,0.806202,false,0.000000
2024-04-29,PGRE,BBG001SL9C95,0,false,4.710000,4.760000,1.486200,1.061571,false,0.000000
2024-04-29,PGRU,0001873331,0,false,3.760000,3.640000,0.531915,-3.191489,false,0.000000
2024-04-29,PGY,0001883085,2,false,10.450000,10.055000,0.478469,-3.779904,false,0.000000
2024-04-29,PHAR,BBG00YN70W58,0,false,9.910000,9.910000,0.000000,0.000000,false,0.000000
2024-04-29,PHAT,BBG00P5B2S73,0,false,9.230000,9.350000,2.816901,1.300108,false,0.000000
2024-04-29,PHIN,BBG01F6N6NP4,0,false,38.800000,40.585000,5.747423,4.600515,false,0.000000
2024-04-29,PHR,BBG001TG2W25,0,false,20.820000,20.840000,0.816523,0.096061,false,0.000000
2024-04-29,PHUN,BBG00DL9GZK1,6,false,6.450000,6.730000,6.511628,4.341085,false,0.000000
2024-04-29,PHVS,0001830487,0,false,23.350000,23.150000,3.426124,-0.856531,false,0.000000
2024-04-29,PI,BBG001T313Q3,0,false,151.810000,157.420000,5.144589,3.695409,false,0.000000
2024-04-29,PII,BBG001S7HWZ4,0,false,84.420000,86.880000,3.447050,2.914001,false,0.000000
2024-04-29,PINC,BBG001SJLD58,0,false,21.030000,21.170000,1.664289,0.665716,false,0.000000
2024-04-29,PIPR,BBG001SGY6K8,0,false,199.160000,199.500000,0.718016,0.170717,false,0.000000
2024-04-29,PIRS,BBG0055C3N66,0,false,11.940000,11.770000,1.660804,-1.423786,false,0.000000
2024-04-29,PJT,BBG0079T1MP4,0,false,94.370000,95.250000,1.737840,0.932500,false,0.000000
2024-04-29,PK,BBG00FGXCKN3,1,false,16.590000,16.700000,1.145268,0.663050,false,0.000000
2024-04-29,PKOH,BBG001S5V778,0,false,24.350000,24.400000,1.601643,0.205339,false,0.000000
2024-04-29,PKST,BBG00XTV8H01,0,false,13.970000,14.440000,4.724409,3.364352,false,0.000000
2024-04-29,PL,BBG00ZCV3Q27,3,false,1.790000,1.730000,1.675978,-3.351955,false,0.000000
2024-04-29,PLAB,BBG001S5V7C2,1,false,28.340000,28.570000,0.846860,0.811574,false,0.000000
2024-04-29,PLAY,BBG001WWJTL4,0,false,52.320000,53.470000,2.790520,2.198012,false,0.000000
2024-04-29,PLMR,BBG00NLMRYV9,0,false,80.000000,80.290000,0.656250,0.362500,false,0.000000
2024-04-29,PLNT,BBG009H04M26,0,false,60.650000,60.070000,0.939819,-0.956307,false,0.000000
2024-04-29,PLOW,BBG001T6QFV6,0,false,22.540000,22.490000,0.976043,-0.221828,false,0.000000
2024-04-29,PLPC,BBG001SFKCZ6,0,false,124.710000,123.865000,0.601395,-0.677572,false,0.000000
2024-04-29,PLRX,BBG00C8083P2,0,false,11.990000,12.110000,4.086739,1.000834,false,0.000000
2024-04-29,PLSE,BBG00BRBHVG7,0,false,7.230000,7.240000,6.362379,0.138313,false,0.000000
2024-04-29,PLTK,BBG00QQ8C798,0,false,7.240000,7.230000,1.237569,-0.138122,false,0.000000
2024-04-29,PLUG,BBG001S6GJB2,59,true,2.510000,2.405000,3.784861,-4.183267,false,0.000000
2024-04-29,PLUS,BBG001S99YL0,0,false,78.640000,78.620000,0.902848,-0.025432,false,0.000000
2024-04-29,PLXS,BBG001S5V812,0,false,100.260000,102.240000,2.343906,1.974865,false,0.000000
2024-04-29,PLYA,0001692412,0,false,9.070000,9.140000,1.157663,0.771775,false,0.000000
2024-04-29,PLYM,BBG0021H6YT4,0,false,20.940000,20.800000,0.716332,-0.668577,false,0.000000
2024-04-29,PMT,BBG001T1MJR8,6,false,14.120000,14.010000,0.566572,-0.779037,false,0.000000
2024-04-29,PNFP,BBG001SF5953,0,false,80.270000,79.360000,0.560608,-1.133674,false,0.000000
2024-04-29,PNM,BBG001S5V9J1,0,false,36.450000,37.090000,1.755830,1.755830,false,0.000000
2024-04-29,PNNT,BBG001SSQMH0,0,false,7.140000,7.181100,1.260504,0.575630,false,0.000000
2024-04-29,PNR,0000077360,0,false,80.020000,80.560000,0.862284,0.674831,false,0.000000
2024-04-29,PNTG,BBG00P33SZ15,0,false,20.850000,20.720000,1.151079,-0.623501,false,0.000000
2024-04-29,PNW,BBG001S5VB15,0,false,73.990000,74.910000,1.561022,1.243411,false,0.000000
2024-04-29,PODD,BBG001SRF439,1,false,167.600000,170.270000,1.593079,1.593079,false,0.000000
2024-04-29,POOL,BBG001S5VBK4,0,false,371.830000,369.340000,0.194982,-0.669661,false,0.000000
2024-04-29,POR,BBG001S5V4Y5,0,false,42.890000,43.385000,1.538820,1.154115,false,0.000000
2024-04-29,POST,BBG001WTBC45,0,false,105.260000,107.170000,1.890557,1.814554,false,0.000000
2024-04-29,POWI,BBG001S73RW3,0,false,67.200000,67.900000,1.129464,1.041667,false,0.000000
2024-04-29,POWL,BBG001S5VBT5,0,false,150.000000,149.630000,2.680000,-0.246667,false,0.000000
2024-04-29,POWW,BBG001SB6XN8,0,false,2.560000,2.590000,1.953125,1.171875,false,0.000000
2024-04-29,PPBI,BBG001S9JFG6,0,false,22.010000,21.980000,1.044980,-0.136302,false,0.000000
2024-04-29,PPC,BBG001S5PSN1,0,false,35.850000,36.130000,1.115760,0.781032,false,0.000000
2024-04-29,PPTA,BBG001V1HWW6,0,false,5.790000,5.660000,0.927461,-2.245250,false,0.000000
2024-04-29,PR,BBG00D61Y2G3,1,false,17.330000,17.550000,1.327178,1.269475,false,0.000000
2024-04-29,PRA,BBG001S9Z6F9,0,false,13.270000,13.390000,0.979653,0.904295,false,0.000000
2024-04-29,PRAA,BBG001SB1G41,0,false,24.400000,24.010000,0.532787,-1.598361,false,0.000000
2024-04-29,PRAX,BBG00W9LF2H4,0,false,55.540000,56.890000,3.258912,2.430681,false,0.000000
2024-04-29,PRCH,BBG00QYZND49,0,false,3.490000,3.440000,3.724928,-1.432665,false,0.000000
2024-04-29,PRCT,BBG009KD84J2,0,false,52.230000,52.050000,2.010339,-0.344630,false,0.000000
2024-04-29,PRDO,BBG001S6M491,0,false,19.080000,18.620000,0.000000,-2.410901,false,0.000000
2024-04-29,PRFT,BBG001SCS189,0,false,43.140000,43.445000,2.109411,0.707000,false,0.000000
2024-04-29,PRG,BBG00VSH86H3,0,false,34.180000,34.500000,1.146284,0.936220,false,0.000000
2024-04-29,PRGO,0001585364,0,false,32.030000,32.810000,2.466438,2.435217,false,0.000000
2024-04-29,PRGS,BBG001S6MCY5,0,false,50.230000,50.170000,0.955604,-0.119451,false,0.000000
2024-04-29,PRI,BBG001T5ZSQ6,0,false,214.080000,214.800000,2.335575,0.336323,false,0.000000
2024-04-29,PRIM,BBG001S64801,0,false,46.710000,47.460000,2.205095,1.605652,false,0.000000
2024-04-29,PRK,BBG001S7X549,0,false,134.860000,133.310000,0.000000,-1.149340,false,0.000000
2024-04-29,PRLB,BBG001SRZTG8,0,false,31.560000,31.410000,0.665399,-0.475285,false,0.000000
2024-04-29,PRM,0001880319,0,false,7.100000,7.120000,1.971831,0.281690,false,0.000000
2024-04-29,PRME,BBG011RT3R64,10,true,4.900000,4.855000,4.897959,-0.918367,false,0.000000
2024-04-29,PRMW,BBG001S77SH4,0,false,18.940000,18.990000,0.369588,0.263992,false,0.000000
2024-04-29,PRO,BBG001ST38G5,0,false,34.140000,34.300000,1.098418,0.468658,false,0.000000
2024-04-29,PRTA,0001559053,0,false,21.210000,21.210000,4.148986,0.000000,false,0.000000
2024-04-29,PRVA,BBG00ZXYXWJ4,0,false,18.330000,18.680000,2.345881,1.909438,false,0.000000
2024-04-29,PSEC,BBG001SM4WF7,5,false,5.270000,5.245000,0.664137,-0.474383,false,0.000000
2024-04-29,PSFE,0001833835,0,false,14.630000,14.650000,0.751880,0.136705,false,0.000000
2024-04-29,PSMT,BBG001SB78V3,0,false,81.510000,81.960000,1.656238,0.552079,false,0.000000
2024-04-29,PSN,BBG001SDWJQ3,0,false,80.000000,79.290000,0.687500,-0.887500,false,0.000000
2024-04-29,PSNY,BBG0147QHH45,21,true,1.220000,1.220000,3.688525,0.000000,false,0.000000
2024-04-29,PTCT,BBG001SNNC86,0,false,29.400000,32.150000,10.918367,9.353741,false,0.000000
2024-04-29,PTEN,BBG001S7GWF7,0,false,11.220000,11.270000,0.980392,0.445633,false,0.000000
2024-04-29,PTGX,BBG002B63KP4,0,false,25.430000,25.585000,1.553284,0.609516,false,0.000000
2024-04-29,PTLO,BBG012YL5W59,1,false,12.050000,12.210000,2.074689,1.327801,false,0.000000
2024-04-29,PTON,BBG00JG0FG08,14,true,3.190000,3.300000,4.545455,3.448276,false,0.000000
2024-04-29,PTSI,BBG001S5VGQ7,0,false,16.770000,17.900000,6.738223,6.738223,false,0.000000
2024-04-29,PTVE,BBG00WXWG3G1,0,false,15.620000,15.450000,1.408451,-1.088348,false,0.000000
2024-04-29,PUBM,BBG001V1C792,0,false,23.370000,23.160000,0.085580,-0.898588,false,0.000000
2024-04-29,PUMP,BBG00FYCQ3Y0,10,true,9.030000,9.000000,1.937984,-0.332226,false,0.000000
2024-04-29,PVH,BBG001S5VGY8,1,false,112.080000,112.870000,0.740542,0.704854,false,0.000000
2024-04-29,PWP,BBG00XWZGGJ1,0,false,15.430000,15.190000,0.907323,-1.555412,false,0.000000
2024-04-29,PWSC,BBG00ZXQB5X8,0,false,17.660000,17.670000,0.906002,0.056625,false,0.000000
2024-04-29,PX,BBG012QFRKK6,0,false,7.520000,7.550000,1.462766,0.398936,false,0.000000
2024-04-29,PYCR,BBG010FNXN77,0,false,17.960000,17.640000,0.334076,-1.781737,false,0.000000
2024-04-29,PZZA,BBG001S6XNB4,1,false,63.850000,62.620000,0.328896,-1.926390,false,0.000000
2024-04-29,QCRH,BBG001SJTPZ0,0,false,56.290000,55.330000,0.443951,-1.705454,false,0.000000
2024-04-29,QDEL,BBG017TGV7N1,0,false,39.820000,39.360000,3.641386,-1.155198,false,0.000000
2024-04-29,QGEN,0001015820,0,false,41.880000,42.330000,1.122254,1.074499,false,0.000000
2024-04-29,QLYS,BBG001SYH860,0,false,171.110000,168.327000,0.928116,-1.626439,false,0.000000
2024-04-29,QNST,BBG001T2V5P8,0,false,17.420000,17.030000,0.861079,-2.238806,false,0.000000
2024-04-29,QRTEA,BBG001SR0LR1,4,false,0.927200,0.880100,2.351165,-5.079810,false,0.000000
2024-04-29,QRVO,BBG007TJF1P5,0,false,115.990000,118.840000,2.508837,2.457108,false,0.000000
2024-04-29,QS,BBG00VJ17DT1,18,true,5.480000,5.497500,1.813869,0.319343,false,0.000000
2024-04-29,QTRX,BBG0027NWC78,0,false,15.640000,15.590000,4.341432,-0.319693,false,0.000000
2024-04-29,QTWO,BBG005ZVK9Q1,0,false,53.610000,52.500000,0.242492,-2.070509,false,0.000000
2024-04-29,R,BBG001S5VK15,0,false,122.380000,123.100000,1.156235,0.588331,false,0.000000
2024-04-29,RAMP,BBG001S5NCJ3,0,false,32.660000,32.920000,0.918555,0.796081,false,0.000000
2024-04-29,RARE,BBG001V2MJJ2,0,false,44.520000,44.020000,1.886792,-1.123091,false,0.000000
2024-04-29,RBA,BBG001SBQWW8,0,false,73.180000,73.710000,0.847226,0.724242,false,0.000000
2024-04-29,RBB,BBG002537TD8,0,false,18.180000,17.780000,0.132013,-2.200220,false,0.000000
2024-04-29,RBBN,BBG00HW4CSH5,0,false,3.150000,3.150000,5.396825,0.000000,false,0.000000
2024-04-29,RBC,BBG001SNYTV1,0,false,246.420000,246.480000,0.702053,0.024349,false,0.000000
2024-04-29,RBCAA,BBG001S7X4Z8,0,false,50.495000,51.410000,2.297257,1.812061,false,0.000000
2024-04-29,RC,BBG003TCRSD0,0,false,8.900000,8.810000,0.561798,-1.011236,false,0.000000
2024-04-29,RCKT,BBG001T92156,1,false,22.330000,21.860000,0.044783,-2.104792,false,0.000000
2024-04-29,RCM,BBG018CZLZ45,1,false,12.300000,12.350000,1.707317,0.406504,false,0.000000
2024-04-29,RCUS,BBG00DQD2751,0,false,15.320000,15.630000,3.981723,2.023499,false,0.000000
2024-04-29,RDFN,BBG001V1F423,4,false,5.660000,5.510000,3.533569,-2.650177,false,0.000000
2024-04-29,RDIB,BBG001SFJ743,0,false,,,,,false,0.000000
2024-04-29,RDN,BBG001SBWXG7,0,false,30.440000,30.310000,1.051248,-0.427070,false,0.000000
2024-04-29,RDNT,BBG001S75DK5,0,false,48.390000,48.990000,2.231866,1.239926,false,0.000000
2024-04-29,RDUS,BBG001S7H0J2,0,false,18.030000,17.980000,2.135330,-0.277316,false,0.000000
2024-04-29,RDWR,0001094366,0,false,17.060000,16.910000,3.165299,-0.879250,false,0.000000
2024-04-29,RDZN,0001868640,0,false,4.910000,4.910000,0.814664,0.000000,false,0.000000
2024-04-29,REAL,BBG004FPDP45,2,false,3.590000,3.850000,8.774373,7.242340,false,0.000000
2024-04-29,REAX,BBG00KRN3NQ3,0,false,3.710000,3.690000,4.851752,-0.539084,false,0.000000
2024-04-29,REG,BBG001S7H752,0,false,58.430000,58.981000,1.215129,0.943009,false,0.000000
2024-04-29,REI,BBG001SNHQJ0,2,false,1.990000,1.995000,0.502513,0.251256,false,0.000000
2024-04-29,RELY,BBG012C7JTN6,0,false,18.140000,17.900000,0.882029,-1.323043,false,0.000000
2024-04-29,RENE,0001889112,0,false,11.210000,11.210000,0.000000,0.000000,false,0.000000
2024-04-29,RENT,BBG001V0FB29,0,false,10.780000,9.830000,4.356215,-8.812616,false,0.000000
2024-04-29,REPL,BBG00L8Z22S0,0,false,6.460000,6.590000,4.953560,2.012384,false,0.000000
2024-04-29,REPX,BBG001SDLX20,0,false,26.760000,26.590000,0.859492,-0.635277,false,0.000000
2024-04-29,RES,BBG001S5VN37,0,false,7.130000,7.120000,1.332398,-0.140252,false,0.000000
2024-04-29,REVG,BBG00CSG01X8,0,false,21.400000,21.595000,1.121495,0.911215,false,0.000000
2024-04-29,REX,BBG001S7D5J5,0,false,57.070000,57.200000,0.420536,0.227790,false,0.000000
2024-04-29,REXR,BBG004MB82S9,0,false,43.710000,43.400000,0.263098,-0.709220,false,0.000000
2024-04-29,REYN,BBG00QVJVZ22,0,false,28.540000,28.660000,0.875964,0.420463,false,0.000000
2024-04-29,REZI,BBG00HY28L05,0,false,20.000000,20.170000,1.250000,0.850000,false,0.000000
2024-04-29,RGA,BBG001S6P9Q8,0,false,189.130000,189.430000,0.888278,0.158621,false,0.000000
2024-04-29,RGEN,BBG001S5VNT9,0,false,167.910000,166.180000,0.625335,-1.030314,false,0.000000
2024-04-29,RGLD,BBG001S5VNX4,0,false,124.640000,124.310000,0.369063,-0.264763,false,0.000000
2024-04-29,RGNX,BBG007Z9V5C7,0,false,16.240000,16.065000,3.448276,-1.077586,false,0.000000
2024-04-29,RGP,BBG001S7QYK6,0,false,11.100000,11.050000,1.711712,-0.450450,false,0.000000
2024-04-29,RGR,BBG001S6LMJ1,0,false,46.590000,46.275000,0.541962,-0.676111,false,0.000000
2024-04-29,RH,BBG002293Q93,0,false,251.840000,256.000000,2.487651,1.651842,false,0.000000
2024-04-29,RHI,BBG001S5VP41,0,false,69.540000,70.010000,1.682485,0.675870,false,0.000000
2024-04-29,RHP,BBG001S6SHG8,0,false,107.680000,107.100000,0.733655,-0.538633,false,0.000000
2024-04-29,RICK,BBG001S8LFR3,0,false,50.890000,51.300000,1.061112,0.805659,false,0.000000
2024-04-29,RIG,0001451505,5,false,5.900000,5.810000,1.610169,-1.525424,false,0.000000
2024-04-29,RILY,BBG001SV8TK4,13,true,37.000000,38.660000,8.270270,4.486486,false,0.000000
2024-04-29,RIOT,BBG001SDW128,56,true,11.322000,11.090000,2.720367,-2.049108,false,0.000000
2024-04-29,RITM,BBG003T1GM12,4,false,11.230000,11.220000,0.890472,-0.089047,false,0.000000
2024-04-29,RIVN,BBG00741Y1P0,59,true,9.210000,9.370000,2.171553,1.737242,false,0.000000
2024-04-29,RKLB,BBG00Y61T0H6,16,true,3.810000,3.795000,0.524934,-0.393701,false,0.000000
2024-04-29,RKT,BBG00VY1MZN4,1,false,12.500000,12.410000,0.800000,-0.720000,false,0.000000
2024-04-29,RL,BBG001S9TL45,0,false,167.270000,167.030000,0.819035,-0.143481,false,0.000000
2024-04-29,RLAY,BBG00DSS08L8,0,false,6.380000,6.620000,6.112853,3.761755,false,0.000000
2024-04-29,RLI,BBG001S5VQ58,0,false,144.500000,141.880000,0.339100,-1.813149,false,0.000000
2024-04-29,RLJ,BBG001V0BJV4,0,false,11.190000,11.115000,0.714924,-0.670241,false,0.000000
2024-04-29,RMBS,BBG001S7RF80,3,false,59.230000,60.510000,2.321459,2.161067,false,0.000000
2024-04-29,RMR,BBG00B6V7CK4,0,false,23.550000,24.020000,2.377919,1.995754,false,0.000000
2024-04-29,RNA,BBG00FQ7LXX0,0,false,24.550000,24.690000,4.079430,0.570265,false,0.000000
2024-04-29,RNAC,BBG001V0FQQ0,0,false,21.740000,21.970000,3.817387,1.057958,false,0.000000
2024-04-29,RNG,BBG001SHXFM5,0,false,30.950000,31.140000,1.098546,0.613893,false,0.000000
2024-04-29,RNR,0000913144,0,false,218.990000,221.570000,1.554866,1.178136,false,0.000000
2024-04-29,RNST,BBG001S5V5B7,0,false,29.860000,29.460000,0.351641,-1.339585,false,0.000000
2024-04-29,RNW,0001848763,0,false,5.600000,5.735000,2.678571,2.410714,false,0.000000
2024-04-29,ROAD,BBG00KK0CFZ7,0,false,53.090000,52.650000,2.184969,-0.828781,false,0.000000
2024-04-29,ROCK,BBG001S7GCL4,0,false,72.850000,72.920000,1.825669,0.096088,false,0.000000
2024-04-29,ROG,BBG001S5TTY3,0,false,121.190000,122.370000,3.399620,0.973678,false,0.000000
2024-04-29,ROIC,BBG001T0CM94,0,false,12.340000,12.320000,2.350081,-0.162075,false,0.000000
2024-04-29,ROIV,0001635088,1,false,11.000000,11.120000,2.545455,1.090909,false,0.000000
2024-04-29,ROKU,BBG001ZZPQM2,43,true,57.180000,58.660000,4.732074,2.588318,false,0.000000
2024-04-29,ROOT,BBG002GMC9G9,1,false,65.130000,66.700000,3.562107,2.410563,false,0.000000
2024-04-29,RPAY,BBG00LFVTCC7,0,false,10.250000,10.085000,1.853659,-1.609756,false,0.000000
2024-04-29,RPD,BBG009DFHWH5,0,false,46.000000,45.680000,1.260870,-0.695652,false,0.000000
2024-04-29,RPM,BBG001S7X317,0,false,107.840000,108.630000,0.741840,0.732567,false,0.000000
2024-04-29,RPRX,0001802768,0,false,28.040000,28.120000,0.766762,0.285307,false,0.000000
2024-04-29,RRBI,BBG001SN25H4,0,false,47.470000,46.530000,0.000000,-1.980198,false,0.000000
2024-04-29,RRC,BBG001SBZNN8,0,false,37.370000,37.370000,0.628847,0.000000,false,0.000000
2024-04-29,RRR,BBG00B6G8068,0,false,54.750000,55.020000,0.913242,0.493151,false,0.000000
2024-04-29,RRX,BBG001S5VL68,0,false,164.480000,166.250000,1.215953,1.076119,false,0.000000
2024-04-29,RSI,BBG00RMKRQN9,0,false,6.080000,6.270000,3.618421,3.125000,false,0.000000
2024-04-29,RSKD,0001851112,0,false,5.190000,5.200000,0.674374,0.192678,false,0.000000
2024-04-29,RSVR,BBG00YCLJQQ9,0,false,9.130000,9.060000,0.547645,-0.766703,false,0.000000
2024-04-29,RUM,BBG00Z61CSD4,2,false,6.570000,6.950000,6.012177,5.783866,false,0.000000
2024-04-29,RUN,BBG0025XVR94,22,true,10.570000,10.710000,4.966887,1.324503,false,0.000000
2024-04-29,RUSHA,BBG001SKX0D1,0,false,46.910000,46.360000,0.575570,-1.172458,false,0.000000
2024-04-29,RVLV,BBG00M4RHC48,0,false,20.180000,20.240000,2.775025,0.297324,false,0.000000
2024-04-29,RVMD,BBG00829F4Q7,0,false,36.200000,37.120000,2.817680,2.541436,false,0.000000
2024-04-29,RVTY,BBG001SBKS35,0,false,103.430000,104.980000,3.780335,1.498598,false,0.000000
2024-04-29,RWAY,BBG012QFW480,0,false,12.770000,12.785000,1.096319,0.117463,false,0.000000
2024-04-29,RWT,BBG001SBHVP8,0,false,5.750000,5.700000,1.163478,-0.869565,false,0.000000
2024-04-29,RXO,BBG0160DYDC7,0,false,19.610000,19.390000,0.815910,-1.121877,false,0.000000
2024-04-29,RXRX,BBG00PQ4XJ54,18,true,8.300000,8.205000,2.951807,-1.144578,false,0.000000
2024-04-29,RXST,BBG00THX1YQ1,0,false,53.000000,53.250000,2.113208,0.471698,false,0.000000
2024-04-29,RXT,BBG00W0JYQR3,0,false,1.750000,1.740000,3.142857,-0.571429,false,0.000000
2024-04-29,RYAN,BBG011K4W1Y0,0,false,49.130000,49.070000,0.386729,-0.122125,false,0.000000
2024-04-29,RYI,BBG001T6NHM5,0,false,30.770000,30.720000,1.283718,-0.162496,false,0.000000
2024-04-29,RYN,BBG001S7NCZ1,0,false,30.420000,30.150000,0.262985,-0.887574,false,0.000000
2024-04-29,RYTM,BBG007DLZ629,0,false,38.600000,38.830000,1.981865,0.595855,false,0.000000
2024-04-29,S,BBG00B6F2F27,1,false,21.770000,21.700000,0.689022,-0.321543,false,0.000000
2024-04-29,SA,BBG001S607C4,6,false,15.990000,16.000000,2.376485,0.062539,false,0.000000
2024-04-29,SABR,BBG005WQVVG5,3,false,2.790000,2.870000,5.017921,2.867384,false,0.000000
2024-04-29,SAFE,BBG001SDG572,0,false,18.340000,18.740000,2.235551,2.181025,false,0.000000
2024-04-29,SAFT,BBG001S78T90,0,false,78.710000,78.850000,1.334011,0.177868,false,0.000000
2024-04-29,SAGE,BBG0025X16Z4,0,false,13.820000,14.190000,6.439942,2.677279,false,0.000000
2024-04-29,SAH,BBG001S5VVK0,1,false,62.630000,60.370000,0.622705,-3.608494,false,0.000000
2024-04-29,SAIA,BBG001SL4QM4,0,false,425.610000,415.870000,1.755128,-2.288480,false,0.000000
2024-04-29,SAIC,BBG003BW05L5,0,false,129.570000,130.140000,1.736513,0.439917,false,0.000000
2024-04-29,SAM,BBG001S5VVQ4,0,false,285.000000,285.260000,1.119298,0.091228,false,0.000000
2024-04-29,SANA,BBG00N5BMH70,0,false,8.890000,9.085000,3.262092,2.193476,false,0.000000
2024-04-29,SAND,BBG001SSPFD0,5,false,5.640000,5.650000,1.773050,0.177305,false,0.000000
2024-04-29,SANM,BBG001S5SYJ0,0,false,63.010000,64.080000,2.110776,1.698143,false,0.000000
2024-04-29,SAR,BBG001SRV422,0,false,23.900000,23.660000,0.251046,-1.004184,false,0.000000
2024-04-29,SASR,BBG001S6Y0J5,0,false,21.450000,20.905000,0.442890,-2.540793,false,0.000000
2024-04-29,SATS,BBG001T048Z5,0,false,15.900000,16.010000,1.635220,0.691824,false,0.000000
2024-04-29,SAVA,BBG001SCKXX9,1,false,22.330000,22.250000,0.761308,-0.358262,false,0.000000
2024-04-29,SAVE,BBG001S70KL3,21,true,3.570000,3.760000,5.322129,5.322129,false,0.000000
2024-04-29,SB,0001434754,0,false,5.020000,5.150000,4.382470,2.589641,false,0.000000
2024-04-29,SBCF,BBG001SD9X60,0,false,23.280000,23.560000,1.890034,1.202749,false,0.000000
2024-04-29,SBGI,BBG01GJ3NYB4,0,false,12.310000,12.530000,2.924452,1.787165,false,0.000000
2024-04-29,SBH,BBG001SDHTQ8,0,false,11.060000,10.970000,1.174503,-0.813743,false,0.000000
2024-04-29,SBLK,0001386716,2,false,24.690000,24.620000,0.000000,-0.283516,false,0.000000
2024-04-29,SBOW,BBG00CTNNZ35,0,false,31.910000,33.190000,4.700721,4.011282,false,0.000000
2024-04-29,SBR,BBG001S5VWY3,0,false,62.980000,63.010000,0.847412,0.047634,false,0.000000
2024-04-29,SBRA,BBG001SGNMK5,0,false,13.980000,14.160000,1.788269,1.287554,false,0.000000
2024-04-29,SBSI,BBG001S66SR6,0,false,27.230000,27.150000,3.947852,-0.293794,false,0.000000
2024-04-29,SCHL,BBG001S5VTF1,0,false,36.360000,36.150000,1.072607,-0.577558,false,0.000000
2024-04-29,SCI,BBG001S5WBJ5,0,false,71.880000,72.910000,1.558152,1.432944,false,0.000000
2024-04-29,SCL,BBG001S5VXQ0,0,false,84.230000,84.510000,2.101389,0.332423,false,0.000000
2024-04-29,SCM,BBG003LB3VC0,1,false,14.090000,14.000000,0.496097,-0.638751,false,0.000000
2024-04-29,SCOR,BBG001SHM6F5,0,false,13.950000,13.700000,1.075269,-1.792115,false,0.000000
2024-04-29,SCS,BBG001S89FD2,0,false,12.130000,12.295000,1.442704,1.360264,false,0.000000
2024-04-29,SCSC,BBG001S7S0W5,0,false,42.140000,42.380000,1.281443,0.569530,false,0.000000
2024-04-29,SCVL,BBG001S6V927,0,false,34.890000,34.180000,0.515907,-2.034967,false,0.000000
2024-04-29,SCWX,BBG001SF9RV0,0,false,5.940000,5.870000,1.851852,-1.178451,false,0.000000
2024-04-29,SD,BBG001SL3ZY2,0,false,14.480000,14.180100,0.414365,-2.071133,false,0.000000
2024-04-29,SDA,0001936804,12,true,7.650000,8.260000,16.078431,7.973856,true,0.000000
2024-04-29,SDGR,BBG001SZK2K0,0,false,24.290000,24.430000,3.560725,0.576369,false,0.000000
2024-04-29,SDHY,BBG00XTHQGX8,0,false,15.050000,15.090000,0.363455,0.265781,false,0.000000
2024-04-29,SDRL,0001737706,1,false,49.920000,50.230000,2.063301,0.620994,false,0.000000
2024-04-29,SEAT,BBG012C73S82,0,false,5.940000,5.580000,0.589226,-6.060606,false,0.000000
2024-04-29,SEDG,BBG0084BC0P2,13,true,59.620000,60.020000,3.723583,0.670916,false,0.000000
2024-04-29,SEE,BBG001SBSZ95,0,false,31.900000,31.820000,0.595611,-0.250784,false,0.000000
2024-04-29,SEIC,BBG001S5VZJ3,0,false,66.640000,66.520000,0.780312,-0.180072,false,0.000000
2024-04-29,SEM,BBG001SMLRT4,0,false,27.490000,27.990000,1.818843,1.818843,false,0.000000
2024-04-29,SEMR,BBG00Z6S6285,0,false,12.120000,12.440000,2.681518,2.640264,false,0.000000
2024-04-29,SENEA,BBG001S8L1W8,0,false,57.800000,58.320000,0.951557,0.899654,false,0.000000
2024-04-29,SERA,BBG001V0FR24,0,false,10.920000,11.160000,2.472527,2.197802,false,0.000000
2024-04-29,SES,BBG00YMWPMV0,10,true,1.410000,1.350000,0.000000,-4.255319,false,0.000000
2024-04-29,SEZL,BBG00MKN0926,0,false,59.990000,54.650000,2.433739,-8.901484,false,0.000000
2024-04-29,SF,BBG001S5W081,0,false,79.280000,80.795000,1.992936,1.910949,false,0.000000
2024-04-29,SFBS,BBG001T2HRB1,0,false,61.000000,59.320000,0.000000,-2.754098,false,0.000000
2024-04-29,SFL,0001289877,0,false,13.240000,13.400000,1.510574,1.208459,false,0.000000
2024-04-29,SFM,BBG001V0MZS0,0,false,66.980000,67.490000,1.567632,0.761421,false,0.000000
2024-04-29,SFNC,BBG001S5W0T8,0,false,17.660000,17.490000,0.339751,-0.962627,false,0.000000
2024-04-29,SG,BBG005NTTSQ8,2,false,24.500000,24.520000,2.816327,0.081633,false,0.000000
2024-04-29,SGH,0001616533,0,false,18.400000,18.560000,1.141304,0.869565,false,0.000000
2024-04-29,SGHC,0001878057,0,false,3.030000,3.145000,3.960396,3.795380,false,0.000000
2024-04-29,SGML,BBG0027F58B9,4,false,14.760000,14.960000,3.252033,1.355014,false,0.000000
2024-04-29,SGRY,BBG009T0TKW7,0,false,24.830000,24.740000,1.107531,-0.362465,false,0.000000
2024-04-29,SGU,BBG001S7M0P9,0,false,11.220000,11.420000,2.317291,1.782531,false,0.000000
2024-04-29,SHAK,BBG0063GCHJ6,1,false,105.230000,105.890000,1.102347,0.627198,false,0.000000
2024-04-29,SHBI,BBG001S9TSK2,0,false,10.550000,10.420000,0.758294,-1.232227,false,0.000000
2024-04-29,SHC,BBG008LZG101,0,false,11.550000,11.395000,0.779221,-1.341991,false,0.000000
2024-04-29,SHCO,BBG011K3T3Q1,0,false,5.680000,5.600000,2.658451,-1.408451,false,0.000000
2024-04-29,SHEN,BBG001SG37M8,0,false,13.390000,13.400000,2.240478,0.074683,false,0.000000
2024-04-29,SHLS,BBG00YQ82328,0,false,8.630000,8.730000,2.607184,1.158749,false,0.000000
2024-04-29,SHO,BBG001SM4XW6,0,false,10.350000,10.290000,0.724638,-0.579710,false,0.000000
2024-04-29,SHOO,BBG001S7JHQ5,0,false,40.610000,40.990000,1.526718,0.935730,false,0.000000
2024-04-29,SHYF,BBG001S5W8H4,0,false,11.350000,11.260000,2.202643,-0.792952,false,0.000000
2024-04-29,SIBN,BBG001V0GNP7,0,false,14.750000,14.640000,3.254237,-0.745763,false,0.000000
2024-04-29,SIG,0000832988,0,false,101.780000,102.080000,0.658283,0.294753,false,0.000000
2024-04-29,SIGA,BBG001S80PZ5,0,false,8.840000,8.820000,5.995475,-0.226244,false,0.000000
2024-04-29,SIGI,BBG001S5W2R6,0,false,100.090000,101.510000,1.528624,1.418723,false,0.000000
2024-04-29,SII,BBG001T2FK64,0,false,40.230000,40.450000,1.068854,0.546856,false,0.000000
2024-04-29,SILK,BBG0026ZJRZ3,0,false,18.130000,18.910000,4.302261,4.302261,false,0.000000
2024-04-29,SILV,BBG009XQLJF5,11,true,8.500000,8.560000,0.705882,0.705882,false,0.000000
2024-04-29,SIRI,BBG001S70ZY6,24,true,3.070000,3.180000,3.908795,3.583062,false,0.000000
2024-04-29,SITC,BBG001S76RV1,0,false,13.520000,13.690000,1.627219,1.257396,false,0.000000
2024-04-29,SITE,BBG009T22D67,0,false,164.350000,162.070000,0.982781,-1.387283,false,0.000000
2024-04-29,SITM,BBG00QNSY276,0,false,88.790000,90.275000,3.221083,1.672486,false,0.000000
2024-04-29,SIX,BBG001S8H000,0,false,23.820000,23.970000,1.028547,0.629723,false,0.000000
2024-04-29,SJM,BBG001S5W3H5,0,false,113.870000,114.640000,0.781593,0.676210,false,0.000000
2024-04-29,SJW,BBG001S5W3N8,0,false,53.830000,53.780000,0.566599,-0.092885,false,0.000000
2024-04-29,SKE,BBG001S6LB05,0,false,4.970000,5.015000,1.609658,0.905433,false,0.000000
2024-04-29,SKIN,BBG00XKM1DD2,4,false,3.260000,3.225000,4.754601,-1.073620,false,0.000000
2024-04-29,SKT,BBG001S7BZV7,0,false,28.780000,28.610000,0.277971,-0.590688,false,0.000000
2024-04-29,SKWD,BBG002QHKLR1,1,false,33.680000,34.540000,3.473872,2.553444,false,0.000000
2024-04-29,SKX,BBG001S5XTG8,3,false,66.000000,66.180000,1.666667,0.272727,false,0.000000
2024-04-29,SKY,BBG001S5W456,0,false,77.190000,77.540000,1.094831,0.453427,false,0.000000
2024-04-29,SKYT,BBG00ZS44MH2,3,false,9.900000,10.240000,3.535354,3.434343,false,0.000000
2024-04-29,SKYW,BBG001S5W465,0,false,73.420000,75.000000,2.288205,2.152002,false,0.000000
2024-04-29,SLAB,BBG001S5W492,0,false,121.390000,123.740000,2.010050,1.935909,false,0.000000
2024-04-29,SLCA,BBG001XJRN72,5,false,15.750000,15.550000,0.063492,-1.269841,false,0.000000
2024-04-29,SLDP,BBG0112HCTV5,3,false,1.720000,1.670000,5.232558,-2.906977,false,0.000000
2024-04-29,SLG,BBG001S9Z1V2,0,false,51.190000,51.580000,2.070717,0.761868,false,0.000000
2024-04-29,SLGN,BBG001S6VPD9,0,false,47.190000,47.290000,0.932401,0.211909,false,0.000000
2024-04-29,SLM,BBG001S5W4T0,0,false,21.970000,21.630000,0.091033,-1.547565,false,0.000000
2024-04-29,SLNO,BBG0024L5B95,10,true,47.000000,45.530000,14.468085,-3.127660,false,0.000000
2024-04-29,SLP,BBG001S9TQV4,0,false,44.970000,45.510000,1.234156,1.200801,false,0.000000
2024-04-29,SLRC,BBG001T1Q8N2,0,false,15.540000,15.530000,0.289575,-0.064350,false,0.000000
2024-04-29,SLRN,BBG00YJKJ8J2,0,false,4.290000,4.240000,3.729604,-1.165501,false,0.000000
2024-04-29,SLVM,BBG0122M8040,0,false,63.550000,62.530000,0.566483,-1.605035,false,0.000000
2024-04-29,SM,BBG001S6W0J7,0,false,50.740000,50.820000,1.478124,0.157667,false,0.000000
2024-04-29,SMAR,BBG00GQK3WC4,0,false,38.520000,38.330000,0.090862,-0.493250,false,0.000000
2024-04-29,SMBC,BBG001S7WWN0,0,false,42.520000,40.830000,0.000000,-3.974600,false,0.000000
2024-04-29,SMBK,BBG001SDRQW6,0,false,20.790000,20.600000,2.308802,-0.913901,false,0.000000
2024-04-29,SMG,BBG001S5W5H0,0,false,68.210000,68.460000,2.433661,0.366515,false,0.000000
2024-04-29,SMHI,BBG00BKY9L84,1,false,12.720000,12.720000,3.066038,0.000000,false,0.000000
2024-04-29,SMLP,BBG003B91YL2,0,false,28.710000,28.750000,1.671891,0.139324,false,0.000000
2024-04-29,SMMF,BBG001SDPJC6,0,false,27.335000,27.190000,0.054875,-0.530455,false,0.000000
2024-04-29,SMMT,BBG00X3GQL94,1,false,3.880000,3.890000,4.639175,0.257732,false,0.000000
2024-04-29,SMP,BBG001S5W5Z0,0,false,32.530000,32.250000,0.799262,-0.860744,false,0.000000
2024-04-29,SMPL,BBG00GVP5JM3,0,false,34.520000,34.270000,0.376593,-0.724218,false,0.000000
2024-04-29,SMR,BBG00YG48PG8,16,true,6.030000,6.075000,3.150912,0.746269,false,0.000000
2024-04-29,SMRT,BBG00Z0H9PZ1,0,false,2.380000,2.400000,1.890756,0.840336,false,0.000000
2024-04-29,SMTC,BBG001S7TWW4,5,false,36.000000,37.070000,3.000000,2.972222,false,0.000000
2024-04-29,SMWB,0001842731,0,false,7.800000,7.640000,0.897436,-2.051282,false,0.000000
2024-04-29,SN,0001957132,0,false,63.920000,64.950000,1.845901,1.611389,false,0.000000
2024-04-29,SNA,BBG001S5W688,0,false,270.600000,272.520000,1.099409,0.709534,false,0.000000
2024-04-29,SNBR,BBG001SD3530,0,false,14.530000,13.640000,0.963524,-6.125258,false,0.000000
2024-04-29,SNCR,BBG001SM6LG8,0,false,6.590000,6.500000,0.000000,-1.365706,false,0.000000
2024-04-29,SNCY,BBG00Z6F8D50,0,false,13.700000,13.780000,1.277372,0.583942,false,0.000000
2024-04-29,SNDL,BBG00PNJJW51,5,false,1.990000,2.015000,4.020101,1.256281,false,0.000000
2024-04-29,SNDR,BBG001SF1R75,0,false,21.500000,21.210000,0.930233,-1.348837,false,0.000000
2024-04-29,SNDX,BBG001T92272,0,false,21.070000,21.280000,1.756051,0.996678,false,0.000000
2024-04-29,SNEX,BBG001S5RD07,0,false,71.550000,73.680000,3.116702,2.976939,false,0.000000
2024-04-29,SNPO,BBG011PCR0G5,0,false,10.580000,10.550000,0.000000,-0.283554,false,0.000000
2024-04-29,SNV,BBG001S5S3G1,0,false,36.920000,36.490000,0.514626,-1.164680,false,0.000000
2024-04-29,SNX,BBG001SFQWB2,0,false,117.540000,118.930000,1.480347,1.182576,false,0.000000
2024-04-29,SOFI,BBG00YB1ZF08,60,true,7.370000,7.045000,1.085482,-4.409769,false,0.000000
2024-04-29,SOHU,BBG00L2DB5V4,0,false,11.450000,11.560000,2.008734,0.960699,false,0.000000
2024-04-29,SON,BBG001S7M9F1,0,false,56.960000,57.260000,1.430829,0.526685,false,0.000000
2024-04-29,SONO,BBG001SRR9R9,0,false,17.120000,17.305000,1.606308,1.080607,false,0.000000
2024-04-29,SOPH,0001840706,0,false,4.860000,5.040000,9.053498,3.703704,false,0.000000
2024-04-29,SOUN,BBG017304PD5,56,true,4.440000,4.610000,5.990991,3.828829,false,0.000000
2024-04-29,SP,BBG001S7TNN4,0,false,51.210000,51.170000,0.107401,-0.078110,false,0.000000
2024-04-29,SPB,BBG001S63S71,0,false,82.740000,82.370000,0.241721,-0.447184,false,0.000000
2024-04-29,SPCE,BBG00HTN2DF3,30,true,0.888900,0.883800,3.509956,-0.573743,false,0.000000
2024-04-29,SPFI,BBG001SN2YN4,0,false,26.420000,26.520000,1.514005,0.378501,false,0.000000
2024-04-29,SPH,BBG001S6DDV6,0,false,19.690000,20.140000,2.793296,2.285424,false,0.000000
2024-04-29,SPHR,BBG00L9HLWW7,0,false,39.830000,40.060000,0.602561,0.577454,false,0.000000
2024-04-29,SPLP,BBG001V0XZR9,0,false,36.500000,35.510000,0.000000,-2.712329,false,0.000000
2024-04-29,SPNS,0000885740,0,false,31.460000,31.500000,0.540369,0.127146,false,0.000000
2024-04-29,SPNT,0001576018,0,false,12.110000,12.010000,0.743187,-0.825764,false,0.000000
2024-04-29,SPOK,BBG001SF3J26,0,false,15.900000,15.810000,0.566038,-0.566038,false,0.000000
2024-04-29,SPR,BBG001SKF1N8,1,false,32.390000,32.590000,1.204075,0.617475,false,0.000000
2024-04-29,SPRY,BBG00FZQGXH2,0,false,8.470000,8.590000,2.951594,1.416765,false,0.000000
2024-04-29,SPSC,BBG001T65R07,0,false,179.220000,182.470000,2.047763,1.813414,false,0.000000
2024-04-29,SPT,BBG001V0K3F7,0,false,51.670000,52.010000,1.586994,0.658022,false,0.000000
2024-04-29,SPTN,BBG001S7LC92,0,false,19.280000,19.380000,1.037344,0.518672,false,0.000000
2024-04-29,SPWR,BBG001SN52J6,15,true,1.990000,2.170000,9.547739,9.045226,false,0.000000
2024-04-29,SPXC,BBG001S5W9N5,0,false,121.970000,122.540000,1.164221,0.467328,false,0.000000
2024-04-29,SQSP,BBG00389GQ82,0,false,35.830000,35.590000,0.586101,-0.669830,false,0.000000
2024-04-29,SR,BBG001S5SSD9,0,false,61.630000,61.610000,0.616583,-0.032452,false,0.000000
2024-04-29,SRAD,0001836470,0,false,9.700000,9.620000,0.000000,-0.824742,false,0.000000
2024-04-29,SRCE,BBG001S5WB32,0,false,49.850000,50.160000,2.166499,0.621866,false,0.000000
2024-04-29,SRCL,BBG001S7P0T2,0,false,46.300000,45.410000,0.950324,-1.922246,false,0.000000
2024-04-29,SRDX,BBG001SBL623,0,false,26.521100,25.760000,0.311450,-2.869790,false,0.000000
2024-04-29,SRG,BBG008NVFMP6,0,false,9.320000,9.345000,0.751073,0.268240,false,0.000000
2024-04-29,SRI,BBG001S5RX58,0,false,15.900000,15.620000,1.194969,-1.761006,false,0.000000
2024-04-29,SRPT,BBG001S6KJC6,0,false,129.020000,128.740000,2.154705,-0.217021,false,0.000000
2024-04-29,SRRK,BBG00KT2RSD4,0,false,14.600000,14.920000,3.424658,2.191781,false,0.000000
2024-04-29,SSB,BBG001S9J7Z3,0,false,77.620000,77.110000,1.101520,-0.657047,false,0.000000
2024-04-29,SSD,BBG001SB9QN0,0,false,173.700000,175.620000,3.189407,1.105354,false,0.000000
2024-04-29,SSP,BBG001S6PY74,0,false,3.730000,3.850000,5.227882,3.217158,false,0.000000
2024-04-29,SSRM,BBG001S6JSX5,3,false,5.530000,5.630000,3.074141,1.808318,false,0.000000
2024-04-29,SSTK,BBG002ZCK3M7,0,false,42.490000,42.950000,1.317957,1.082608,false,0.000000
2024-04-29,SSYS,0001517396,0,false,10.100000,10.020000,1.584158,-0.792079,false,0.000000
2024-04-29,ST,0001477294,0,false,35.250000,35.710000,1.361702,1.304965,false,0.000000
2024-04-29,STAA,BBG001S6MC39,0,false,47.160000,47.400000,2.141645,0.508906,false,0.000000
2024-04-29,STAG,BBG001T9F312,1,false,34.670000,34.650000,0.447072,-0.057687,false,0.000000
2024-04-29,STBA,BBG001S68QG0,0,false,31.080000,30.590000,1.512227,-1.576577,false,0.000000
2024-04-29,STC,BBG001S7KRL6,0,false,62.880000,63.060000,1.685751,0.286260,false,0.000000
2024-04-29,STEL,BBG00HZ69LD0,0,false,22.350000,22.380000,0.581655,0.134228,false,0.000000
2024-04-29,STEP,BBG00WXXV0W0,0,false,36.600000,36.680000,0.995902,0.218579,false,0.000000
2024-04-29,STER,BBG012BTZSC5,0,false,15.390000,15.440000,0.649773,0.324886,false,0.000000
2024-04-29,STGW,BBG00ZV0HW08,0,false,6.140000,6.115000,1.302932,-0.407166,false,0.000000
2024-04-29,STKL,BBG001S6V9S9,0,false,6.730000,6.650000,1.114413,-1.188707,false,0.000000
2024-04-29,STN,BBG001S6JJQ3,0,false,81.930000,81.290000,0.024411,-0.781155,false,0.000000
2024-04-29,STNE,0001745431,2,false,16.520000,16.210000,0.423729,-1.876513,false,0.000000
2024-04-29,STNG,0001483934,1,false,72.660000,72.250000,0.825764,-0.564272,false,0.000000
2024-04-29,STOK,BBG00JPCBPH8,0,false,11.800000,11.860000,7.881356,0.508475,false,0.000000
2024-04-29,STR,BBG01C36Y873,0,false,23.860000,24.070000,1.068734,0.880134,false,0.000000
2024-04-29,STRA,BBG001S90RW2,0,false,120.990000,117.880000,0.074386,-2.570460,false,0.000000
2024-04-29,STRL,BBG001SC9C40,0,false,106.430000,105.730000,0.281875,-0.657709,false,0.000000
2024-04-29,STTK,BBG00V776CR6,2,false,10.770000,11.010000,7.520891,2.228412,false,0.000000
2024-04-29,STVN,0001849853,0,false,27.530000,27.395000,2.288413,-0.490374,false,0.000000
2024-04-29,STWD,BBG001T4JCN5,4,false,19.560000,19.570000,0.664622,0.051125,false,0.000000
2024-04-29,SUI,BBG001S7HRC0,0,false,120.360000,120.310000,0.693752,-0.041542,false,0.000000
2024-04-29,SUM,BBG006K8P6F9,0,false,40.070000,40.160000,1.272773,0.224607,false,0.000000
2024-04-29,SUN,BBG00358K8T9,1,false,56.490000,57.240000,1.504691,1.327669,false,0.000000
2024-04-29,SUPN,BBG001SFKFF1,0,false,30.350000,30.600000,3.031301,0.823723,false,0.000000
2024-04-29,SUPV,BBG00BTHJ014,0,false,6.080000,6.250000,3.425987,2.796053,false,0.000000
2024-04-29,SVC,BBG001S81XC2,0,false,6.250000,6.290000,1.440000,0.640000,false,0.000000
2024-04-29,SVM,BBG001S6YR97,0,false,3.340000,3.350000,0.898204,0.299401,false,0.000000
2024-04-29,SVRA,BBG001SFTVM9,0,false,4.440000,4.605000,4.954955,3.716216,false,0.000000
2024-04-29,SVV,BBG01F5T0LT8,0,false,17.230000,17.320000,1.567034,0.522345,false,0.000000
2024-04-29,SWAV,BBG005XVXMM4,0,false,329.500000,329.800000,0.318665,0.091047,false,0.000000
2024-04-29,SWBI,BBG001S6MNG1,0,false,17.320000,17.020000,0.057737,-1.732102,false,0.000000
2024-04-29,SWI,BBG00M1CKT98,0,false,11.140000,11.230000,1.570916,0.807899,false,0.000000
2024-04-29,SWIM,BBG00ZVXLJB8,0,false,3.080000,2.950000,0.649351,-4.220779,false,0.000000
2024-04-29,SWK,BBG001S5WHT1,0,false,90.470000,90.970000,1.398254,0.552669,false,0.000000
2024-04-29,SWN,BBG001S5WHW7,4,false,7.700000,7.750000,1.168831,0.649351,false,0.000000
2024-04-29,SWTX,BBG00Q011TX8,0,false,45.520000,46.490000,3.800527,2.130931,false,0.000000
2024-04-29,SWX,BBG00FWP4JX3,1,false,74.990000,74.650000,1.220163,-0.453394,false,0.000000
2024-04-29,SXC,BBG001T90D25,0,false,10.640000,10.580000,0.000000,-0.563910,false,0.000000
2024-04-29,SXI,BBG001S5WJ53,0,false,172.800000,176.240000,2.002315,1.990741,false,0.000000
2024-04-29,SXT,BBG001SF0100,0,false,71.290000,72.680000,2.987796,1.949783,false,0.000000
2024-04-29,SYBT,BBG001SBG219,0,false,46.210000,45.400000,0.324605,-1.752867,false,0.000000
2024-04-29,SYM,BBG00Z72HCX9,2,false,40.300000,40.260000,0.843672,-0.099256,false,0.000000
2024-04-29,SYNA,BBG001SCDXM9,0,false,89.100000,89.590000,1.425365,0.549944,false,0.000000
2024-04-29,TAC,BBG001S5WJZ0,0,false,6.670000,6.590000,0.299850,-1.199400,false,0.000000
2024-04-29,TALK,BBG00V317329,1,false,3.150000,3.090000,1.904762,-1.904762,false,0.000000
2024-04-29,TALO,BBG00JPH4JG0,0,false,13.870000,14.020000,1.441961,1.081471,false,0.000000
2024-04-29,TAP,BBG001S5VQ21,0,false,62.740000,63.570000,2.311125,1.322920,false,0.000000
2024-04-29,TARO,0000906338,0,false,42.210000,42.430000,0.781805,0.521204,false,0.000000
2024-04-29,TARS,BBG00RB9BNR6,0,false,32.310000,32.040000,2.732591,-0.835655,false,0.000000
2024-04-29,TASK,BBG009CL6VL2,0,false,11.670000,11.650000,3.598972,-0.171380,false,0.000000
2024-04-29,TAST,BBG001SM2GK8,0,false,9.510000,9.515000,0.105152,0.052576,false,0.000000
2024-04-29,TBBK,BBG001SM71W3,0,false,31.010000,31.150000,1.225411,0.451467,false,0.000000
2024-04-29,TBI,BBG001SC5XD8,0,false,10.570000,10.550000,1.892148,-0.189215,false,0.000000
2024-04-29,TBLA,0001840502,0,false,4.240000,4.245000,1.297170,0.117925,false,0.000000
2024-04-29,TBLD,BBG011K2MTF5,0,false,15.480000,15.430000,0.147933,-0.322997,false,0.000000
2024-04-29,TBPH,0001583107,0,false,9.140000,8.990000,0.875274,-1.641138,false,0.000000
2024-04-29,TCBI,BBG001SJ1VS5,0,false,57.990000,58.060000,1.155372,0.120710,false,0.000000
2024-04-29,TCBK,BBG001S78RY6,0,false,34.030000,34.760000,2.821040,2.145166,false,0.000000
2024-04-29,TCMD,BBG001THH5G1,0,false,14.350000,14.140000,1.393728,-1.463415,false,0.000000
2024-04-29,TCN,BBG001T7VFV8,0,false,11.240000,11.240000,0.000000,0.000000,false,0.000000
2024-04-29,TCPC,BBG001V17VG7,0,false,10.090000,10.155000,0.891972,0.644202,false,0.000000
2024-04-29,TCRT,BBG001SM7BJ6,0,false,1.320000,1.330000,6.060606,0.757576,false,0.000000
2024-04-29,TCRX,BBG00PH1N025,0,false,7.410000,7.670000,5.465587,3.508772,false,0.000000
2024-04-29,TDC,BBG001SPRJ28,0,false,37.780000,37.860000,0.767602,0.211752,false,0.000000
2024-04-29,TDOC,BBG001TG5PC6,16,true,13.160000,13.395000,2.241641,1.785714,false,0.000000
2024-04-29,TDS,BBG001S5WM29,0,false,15.810000,16.020000,2.087287,1.328273,false,0.000000
2024-04-29,TDW,BBG00HBQ36G8,0,false,95.240000,96.080000,2.015960,0.881982,false,0.000000
2024-04-29,TECH,BBG001S66C28,0,false,64.390000,64.510000,3.478801,0.186364,false,0.000000
2024-04-29,TENB,BBG00LBLCDR3,0,false,46.140000,45.650000,0.444300,-1.061985,false,0.000000
2024-04-29,TERN,BBG00KK1SJ17,1,false,4.930000,5.105000,6.085193,3.549696,false,0.000000
2024-04-29,TEX,BBG001S6PZQ0,1,false,60.700000,58.990000,0.000000,-2.817133,false,0.000000
2024-04-29,TFII,BBG001SCQG15,0,false,137.660000,135.790000,0.363214,-1.358419,false,0.000000
2024-04-29,TFIN,BBG001SNKPZ0,0,false,71.560000,70.900000,0.000000,-0.922303,false,0.000000
2024-04-29,TFPM,BBG00QRZMFT6,0,false,16.390000,16.570000,1.220256,1.098231,false,0.000000
2024-04-29,TFSL,BBG001SKZF64,0,false,12.270000,12.170000,0.325998,-0.814996,false,0.000000
2024-04-29,TFX,BBG001S5WNP2,0,false,207.590000,208.480000,1.225974,0.428730,false,0.000000
2024-04-29,TGAN,BBG001V0KV83,0,false,4.860000,4.830000,0.000000,-0.617284,false,0.000000
2024-04-29,TGB,BBG001S60ML1,7,false,2.620000,2.649000,3.435115,1.106870,false,0.000000
2024-04-29,TGI,BBG001S6MWK6,0,false,13.720000,14.000000,2.186589,2.040816,false,0.000000
2024-04-29,TGLS,0001534675,0,false,55.830000,56.660000,2.722551,1.486656,false,0.000000
2024-04-29,TGNA,BBG001S5RHD4,0,false,13.630000,13.735000,1.173881,0.770360,false,0.000000
2024-04-29,TGTX,BBG001S8NH06,6,false,13.660000,13.320000,1.390922,-2.489019,false,0.000000
2024-04-29,TH,BBG00K7K34Y4,0,false,11.060000,11.300000,2.802893,2.169982,false,0.000000
2024-04-29,THC,BBG001S70FY0,0,false,96.480000,99.240000,2.891791,2.860697,false,0.000000
2024-04-29,THFF,BBG001S6TD85,0,false,36.860000,36.650000,0.759631,-0.569723,false,0.000000
2024-04-29,THG,BBG001S8KZF3,0,false,129.740000,130.260000,1.017419,0.400802,false,0.000000
2024-04-29,THO,BBG001S5WPH6,0,false,101.470000,102.840000,1.842909,1.350153,false,0.000000
2024-04-29,THR,BBG001V0BDC8,0,false,32.100000,32.430000,2.118380,1.028037,false,0.000000
2024-04-29,THRD,BBG00Z14GXC9,0,false,10.960000,11.170000,4.927007,1.916058,false,0.000000
2024-04-29,THRM,BBG001SF8XY5,0,false,50.990000,50.330000,1.608158,-1.294371,false,0.000000
2024-04-29,THRY,BBG00FWL3JY2,0,false,23.090000,23.420000,1.775660,1.429190,false,0.000000
2024-04-29,THS,BBG001SP0625,0,false,36.000000,37.210000,3.527778,3.361111,false,0.000000
2024-04-29,TIGO,0000912958,0,false,20.240000,20.490000,1.828063,1.235178,false,0.000000
2024-04-29,TIGR,BBG00NG4GWB3,10,true,3.620000,3.588400,1.104972,-0.872928,false,0.000000
2024-04-29,TIL,BBG00ZGYN5X7,0,false,10.270000,10.475000,3.505355,1.996105,false,0.000000
2024-04-29,TILE,BBG001S5S5S3,0,false,15.650000,15.745000,0.766773,0.607029,false,0.000000
2024-04-29,TIPT,BBG001ST0XR1,0,false,15.980000,16.145000,2.503129,1.032541,false,0.000000
2024-04-29,TITN,BBG001STZCF2,0,false,22.690000,22.630000,1.526664,-0.264434,false,0.000000
2024-04-29,TIXT,BBG00YTSTFR8,0,false,8.370000,8.450000,1.433692,0.955795,false,0.000000
2024-04-29,TK,0000911971,2,false,7.470000,7.540000,1.740295,0.937082,false,0.000000
2024-04-29,TKO,BBG01G9JKWW4,0,false,96.760000,96.470000,0.485738,-0.299711,false,0.000000
2024-04-29,TKR,BBG001S5WQK0,0,false,85.360000,86.680000,1.757263,1.546392,false,0.000000
2024-04-29,TLRY,BBG00L7XTPY9,50,true,1.800000,1.770000,2.777778,-1.666667,false,0.000000
2024-04-29,TMC,BBG00SMMWMN6,1,false,1.620000,1.630000,0.617284,0.617284,false,0.000000
2024-04-29,TMCI,BBG00GQKR6N3,0,false,10.480000,10.645000,2.290076,1.574427,false,0.000000
2024-04-29,TMDX,BBG00NZ6J701,0,false,92.500000,97.250000,5.437838,5.135135,false,0.000000
2024-04-29,TMHC,BBG003PGJJF2,0,false,57.980000,57.750000,0.879614,-0.396689,false,0.000000
2024-04-29,TMP,BBG001S9JTL0,0,false,46.090000,44.800000,1.931005,-2.798872,false,0.000000
2024-04-29,TNC,BBG001SCHFK6,0,false,115.630000,116.390000,1.081034,0.657269,false,0.000000
2024-04-29,TNDM,BBG001TG5QC4,1,false,37.250000,37.070000,2.013423,-0.483221,false,0.000000
2024-04-29,TNET,BBG001SDZPT3,0,false,105.230000,103.300000,1.682030,-1.834078,false,0.000000
2024-04-29,TNGX,BBG00WFDDSK6,0,false,7.450000,7.870000,5.771812,5.637584,false,0.000000
2024-04-29,TNK,0001419945,0,false,58.560000,58.580000,1.109973,0.034153,false,0.000000
2024-04-29,TNL,BBG001SN4127,0,false,45.890000,45.390000,1.699717,-1.089562,false,0.000000
2024-04-29,TNP,0001166663,1,false,25.830000,25.720000,1.064266,-0.425861,false,0.000000
2024-04-29,TOL,BBG001S5WT15,0,false,121.300000,121.660000,1.162407,0.296785,false,0.000000
2024-04-29,TOST,BBG00BTJVKB1,9,false,24.050000,23.950000,2.203742,-0.415800,false,0.000000
2024-04-29,TOWN,BBG001S5WTN1,0,false,26.920000,26.230000,0.557207,-2.563150,false,0.000000
2024-04-29,TPB,BBG001T99T94,0,false,28.500000,28.450000,0.192982,-0.175439,false,0.000000
2024-04-29,TPC,BBG001S5V297,1,false,17.840000,17.710000,11.491031,-0.728700,false,0.000000
2024-04-29,TPG,BBG0145FSQD9,0,false,44.060000,43.820000,0.397186,-0.544712,false,0.000000
2024-04-29,TPH,BBG001TCN6V6,0,false,38.190000,37.770000,0.733176,-1.099764,false,0.000000
2024-04-29,TPR,BBG001SFH7D5,0,false,40.310000,40.980000,1.736542,1.662119,false,0.000000
2024-04-29,TPVG,BBG005GXFKK5,0,false,9.560000,9.490000,0.627615,-0.732218,false,0.000000
2024-04-29,TPX,BBG001SH81D4,0,false,50.160000,51.000000,1.814195,1.674641,false,0.000000
2024-04-29,TR,BBG001S5WV29,0,false,29.830000,29.760000,0.502849,-0.234663,false,0.000000
2024-04-29,TRC,BBG001S5WV65,0,false,17.170000,16.980000,0.400116,-1.106581,false,0.000000
2024-04-29,TRDA,BBG00MTSMC25,0,false,12.330000,12.300000,1.813463,-0.243309,false,0.000000
2024-04-29,TREE,BBG001SP2FG8,0,false,38.220000,37.260000,0.771847,-2.511774,false,0.000000
2024-04-29,TREX,BBG001SB6TV8,0,false,90.900000,90.270000,0.660066,-0.693069,false,0.000000
2024-04-29,TRIN,BBG00T6WFZK3,0,false,15.190000,15.260000,0.460829,0.460829,false,0.000000
2024-04-29,TRIP,BBG001V10VR2,0,false,27.310000,27.000000,1.171732,-1.135115,false,0.000000
2024-04-29,TRMB,BBG001S5SZP0,0,false,60.140000,60.665000,0.939475,0.872963,false,0.000000
2024-04-29,TRMD,0001655891,2,false,34.860000,34.860000,0.114745,0.000000,false,0.000000
2024-04-29,TRMK,BBG001S6JGT6,1,false,30.200000,29.900000,0.000000,-0.993377,false,0.000000
2024-04-29,TRML,BBG00NX995T1,0,false,15.920000,15.490000,3.015075,-2.701005,false,0.000000
2024-04-29,TRN,BBG001S5WVT0,0,false,27.220000,27.060000,0.606172,-0.587803,false,0.000000
2024-04-29,TRNO,BBG001T60PW1,0,false,54.600000,55.130000,1.501832,0.970696,false,0.000000
2024-04-29,TRNS,BBG001S5WVW6,0,false,110.475000,110.230000,0.574791,-0.221770,false,0.000000
2024-04-29,TROX,0001530804,0,false,17.650000,17.740000,0.509915,0.509915,false,0.000000
2024-04-29,TRS,BBG001SKRBD4,0,false,26.620000,26.730000,1.014275,0.413223,false,0.000000
2024-04-29,TRST,BBG001S5WWG2,0,false,27.060000,26.940000,1.108647,-0.443459,false,0.000000
2024-04-29,TRTX,BBG00GKJ8CY8,0,false,7.610000,7.630000,1.116951,0.262812,false,0.000000
2024-04-29,TRU,BBG002Q7J607,0,false,74.700000,75.900000,1.780455,1.606426,false,0.000000
2024-04-29,TRUP,BBG002BC7WF2,3,false,24.210000,24.020000,1.817431,-0.784800,false,0.000000
2024-04-29,TSEM,0000928876,0,false,32.450000,32.690000,0.955316,0.739599,false,0.000000
2024-04-29,TSHA,BBG00TJXFDQ0,0,false,2.410000,2.450000,7.676349,1.659751,false,0.000000
2024-04-29,TSLX,BBG001V064L4,0,false,21.720000,21.690000,1.012891,-0.138122,false,0.000000
2024-04-29,TTC,BBG001S5WX98,0,false,87.590000,87.915000,0.959014,0.371047,false,0.000000
2024-04-29,TTEC,BBG001S7YNS3,0,false,7.710000,7.850000,6.355383,1.815824,false,0.000000
2024-04-29,TTEK,BBG001S5YYH5,1,false,192.370000,193.260000,0.722566,0.462650,false,0.000000
2024-04-29,TTGT,BBG001S9R748,0,false,27.710000,27.410000,0.830025,-1.082642,false,0.000000
2024-04-29,TTI,BBG001S5WXH9,0,false,4.540000,4.510000,0.881057,-0.660793,false,0.000000
2024-04-29,TTMI,BBG001SFJKF2,0,false,15.140000,15.140000,1.387054,0.000000,false,0.000000
2024-04-29,TVTX,BBG001SL72C5,2,false,5.330000,5.470000,4.409006,2.626642,false,0.000000
2024-04-29,TWI,BBG001S634F5,0,false,11.630000,11.520000,0.773861,-0.945830,false,0.000000
2024-04-29,TWKS,BBG01282Z2S8,0,false,2.390000,2.355000,2.719665,-1.464435,false,0.000000
2024-04-29,TWLO,BBG0029ZX859,3,false,61.340000,61.260000,1.353114,-0.130421,false,0.000000
2024-04-29,TWO,BBG001T4RH00,1,false,12.540000,12.610000,1.116427,0.558214,false,0.000000
2024-04-29,TWST,BBG006KDCHK2,0,false,31.840000,32.070000,3.454774,0.722362,false,0.000000
2024-04-29,TXG,BBG007WX14Y9,0,false,28.080000,28.410000,3.311966,1.175214,false,0.000000
2024-04-29,TXRH,BBG001SLR3C1,0,false,159.110000,159.200000,0.886179,0.056565,false,0.000000
2024-04-29,TYRA,BBG00RCQD9F9,0,false,15.770000,16.490000,6.404566,4.565631,false,0.000000
2024-04-29,U,BBG0056JW5H5,17,true,24.420000,24.980000,2.620803,2.293202,false,0.000000
2024-04-29,UAA,BBG001SJLLQ7,1,false,6.830000,6.840000,0.805271,0.146413,false,0.000000
2024-04-29,UAN,BBG001TWQXN9,0,false,82.970000,81.350000,0.964204,-1.952513,false,0.000000
2024-04-29,UBSI,BBG001S5WZV8,0,false,33.490000,32.620000,0.298597,-2.597790,false,0.000000
2024-04-29,UCBI,BBG001S9SSJ5,0,false,26.020000,25.640000,0.653344,-1.460415,false,0.000000
2024-04-29,UCTT,BBG001SHTS06,0,false,41.820000,42.680000,2.725968,2.056432,false,0.000000
2024-04-29,UDMY,BBG0025DTRP3,0,false,10.150000,10.310000,2.068966,1.576355,false,0.000000
2024-04-29,UDR,BBG001S6KCT3,0,false,38.210000,38.280000,0.706621,0.183198,false,0.000000
2024-04-29,UE,BBG006BFYQP8,0,false,16.630000,16.670000,0.751654,0.240529,false,0.000000
2024-04-29,UEC,BBG001SK6158,12,true,6.970000,7.220000,4.447633,3.586801,false,0.000000
2024-04-29,UFCS,BBG001S5X0J8,0,false,22.170000,22.110000,0.857014,-0.270636,false,0.000000
2024-04-29,UFPI,BBG001S7GZG9,0,false,113.990000,115.770000,1.666813,1.561540,false,0.000000
2024-04-29,UFPT,BBG001S79DN8,0,false,215.160000,222.330000,4.015616,3.332404,false,0.000000
2024-04-29,UGI,BBG001S5X0W3,0,false,25.620000,25.720000,0.738095,0.390320,false,0.000000
2024-04-29,UHAL.B,BBG01B6SGC20,0,false,63.200000,63.190000,2.420886,-0.015823,false,0.000000
2024-04-29,UHG,BBG00YVW5GW4,0,false,6.730000,6.680000,1.783061,-0.742942,false,0.000000
2024-04-29,UHS,BBG001S6S976,0,false,166.800000,168.990000,1.600719,1.312950,false,0.000000
2024-04-29,UHT,BBG001S5X151,0,false,35.360000,35.850000,2.912896,1.385747,false,0.000000
2024-04-29,UI,BBG001T1WDF3,0,false,108.890000,108.960000,1.001010,0.064285,false,0.000000
2024-04-29,UIS,BBG001S5X1D2,1,false,5.550000,5.420000,1.261261,-2.342342,false,0.000000
2024-04-29,ULCC,BBG00GCTTKY4,0,false,6.140000,6.195000,1.802932,0.895765,false,0.000000
2024-04-29,ULH,BBG001SK03X9,3,false,44.500000,45.360000,2.651685,1.932584,false,0.000000
2024-04-29,UMBF,BBG001S7Y2T8,0,false,76.280000,77.690000,5.571578,1.848453,false,0.000000
2024-04-29,UMH,BBG001S7JRQ3,0,false,15.750000,15.925000,1.460317,1.111111,false,0.000000
2024-04-29,UNF,BBG001S5X2B2,0,false,163.770000,162.940000,0.311412,-0.506808,false,0.000000
2024-04-29,UNFI,BBG001S7B0Y1,0,false,9.230000,9.240000,1.841820,0.108342,false,0.000000
2024-04-29,UNIT,BBG002B67HC1,0,false,5.790000,5.690000,0.949914,-1.727116,false,0.000000
2024-04-29,UNM,BBG001S5X2J4,0,false,50.820000,51.010000,0.846124,0.373869,false,0.000000
2024-04-29,UP,BBG00XTV85M3,0,false,2.320000,2.330000,4.094828,0.431034,false,0.000000
2024-04-29,UPBD,BBG001S6BR38,0,false,32.320000,31.710000,0.510520,-1.887376,false,0.000000
2024-04-29,UPST,BBG00PKCBY62,19,true,23.490000,23.040000,1.702852,-1.915709,false,0.000000
2024-04-29,UPWK,BBG00FBJ63B7,2,false,11.560000,11.750000,1.898789,1.643599,false,0.000000
2024-04-29,URBN,BBG001S7H9K1,0,false,40.680000,40.120000,0.270403,-1.376598,false,0.000000
2024-04-29,URG,BBG001SKVFK2,2,false,1.700000,1.730000,2.647059,1.764706,false,0.000000
2024-04-29,URGN,0001668243,0,false,14.220000,14.080000,3.234880,-0.984529,false,0.000000
2024-04-29,USAC,BBG001V1S8F6,0,false,24.600000,24.730000,1.016260,0.528455,false,0.000000
2024-04-29,USFD,BBG00C6H6D59,0,false,51.240000,51.500000,1.151444,0.507416,false,0.000000
2024-04-29,USLM,BBG001S7MWH8,0,false,306.670000,309.830000,1.030424,1.030424,false,0.000000
2024-04-29,USM,BBG001S5X446,0,false,36.970000,36.620000,0.703273,-0.946714,false,0.000000
2024-04-29,USNA,BBG001S79BP0,1,false,43.720000,42.970000,0.960659,-1.715462,false,0.000000
2024-04-29,USPH,BBG001S71ZL9,0,false,100.780000,101.790000,1.915063,1.002183,false,0.000000
2024-04-29,UTHR,BBG001S8RV10,0,false,234.760000,238.460000,2.628216,1.576078,false,0.000000
2024-04-29,UTI,BBG001SC4X67,0,false,15.230000,15.520000,2.166776,1.904137,false,0.000000
2024-04-29,UTL,BBG001S5X5G0,0,false,50.060000,50.300000,1.458250,0.479425,false,0.000000
2024-04-29,UTZ,BBG00M8652J9,0,false,18.610000,18.140000,0.591080,-2.525524,false,0.000000
2024-04-29,UUUU,BBG001S9FH94,9,false,5.450000,5.510100,4.403670,1.102752,false,0.000000
2024-04-29,UVE,BBG001S5QC19,0,false,19.590000,19.570000,0.306279,-0.102093,false,0.000000
2024-04-29,UVSP,BBG001S6YQ99,0,false,21.250000,21.340000,1.788235,0.423529,false,0.000000
2024-04-29,UVV,BBG001S5X5V3,0,false,50.790000,51.550000,1.939358,1.496358,false,0.000000
2024-04-29,UWMC,BBG00R24YP79,0,false,6.450000,6.340000,1.085271,-1.705426,false,0.000000
2024-04-29,VAC,BBG001V0GHW2,0,false,101.270000,98.510000,0.261677,-2.725388,false,0.000000
2024-04-29,VAL,0000314808,0,false,69.780000,69.080000,1.347091,-1.003153,false,0.000000
2024-04-29,VALU,BBG001S5X687,0,false,36.400000,36.941400,1.648352,1.487363,false,0.000000
2024-04-29,VBTX,BBG001T6ZGF2,0,false,20.210000,19.900000,0.593765,-1.533894,false,0.000000
2024-04-29,VC,BBG001TCM086,0,false,111.990000,112.725000,2.276989,0.656309,false,0.000000
2024-04-29,VCEL,BBG001S6X9M3,0,false,46.440000,46.660000,1.528854,0.473730,false,0.000000
2024-04-29,VCTR,BBG0074JPDP5,1,false,51.670000,51.380000,0.469325,-0.561254,false,0.000000
2024-04-29,VCYT,BBG001TSQWW0,0,false,19.590000,20.360000,5.002552,3.930577,false,0.000000
2024-04-29,VECO,BBG001S5X6T4,0,false,35.070000,35.830000,2.281152,2.167094,false,0.000000
2024-04-29,VEL,BBG00QLF1HK4,0,false,16.800000,16.840000,3.559524,0.238095,false,0.000000
2024-04-29,VERA,BBG00Q72WYH2,0,false,40.210000,41.385000,4.650584,2.922159,false,0.000000
2024-04-29,VERV,BBG00P33TD13,0,false,6.250000,6.260000,4.800000,0.160000,false,0.000000
2024-04-29,VERX,BBG00VVT2FV3,0,false,29.550000,29.220000,0.439932,-1.116751,false,0.000000
2024-04-29,VET,BBG001S7X7L6,0,false,12.090000,12.145000,0.909843,0.454921,false,0.000000
2024-04-29,VFC,BBG001S5X749,0,false,12.780000,12.890000,2.895149,0.860720,false,0.000000
2024-04-29,VFS,0001913510,35,true,2.720000,2.749700,3.860294,1.091912,false,0.000000
2024-04-29,VGR,BBG001S75639,1,false,10.280000,10.430000,1.556420,1.459144,false,0.000000
2024-04-29,VHI,BBG001S5X7H5,0,false,15.000000,15.000000,0.998000,0.000000,false,0.000000
2024-04-29,VIAV,BBG001S92GV5,0,false,8.080000,8.015000,0.618812,-0.804455,false,0.000000
2024-04-29,VICR,BBG001S6JQ96,0,false,34.460000,34.300000,0.667441,-0.464306,false,0.000000
2024-04-29,VINP,0001826286,0,false,11.000000,10.800000,0.000000,-1.818182,false,0.000000
2024-04-29,VIR,BBG00H2QQ8V2,0,false,8.310000,8.370000,2.286402,0.722022,false,0.000000
2024-04-29,VIRT,BBG0064N2T87,0,false,22.140000,21.620000,0.000000,-2.348690,false,0.000000
2024-04-29,VITL,BBG006XWWBM5,0,false,27.150000,26.830000,0.957643,-1.178637,false,0.000000
2024-04-29,VKTX,BBG006LGV887,22,true,74.540000,75.460000,2.548967,1.234237,false,0.000000
2024-04-29,VLGEA,BBG001S5X8H3,0,false,27.410000,27.980000,2.152499,2.079533,false,0.000000
2024-04-29,VLY,BBG001S7H654,0,false,7.360000,7.115000,0.815217,-3.328804,false,0.000000
2024-04-29,VMD,BBG00JB5VKK3,0,false,8.390000,8.220000,0.117998,-2.026222,false,0.000000
2024-04-29,VMEO,BBG00ZNSSLJ8,0,false,3.670000,3.660000,2.316076,-0.272480,false,0.000000
2024-04-29,VMI,BBG001S5X650,0,false,210.750000,209.240000,0.502966,-0.716489,false,0.000000
2024-04-29,VNO,BBG001S5X909,0,false,26.690000,26.990000,2.435369,1.124016,false,0.000000
2024-04-29,VNOM,BBG006G57XH9,2,false,39.980000,39.600000,0.050025,-0.950475,false,0.000000
2024-04-29,VNT,BBG00RRGSKH2,0,false,41.240000,41.540000,0.969932,0.727449,false,0.000000
2024-04-29,VOYA,BBG001S6QQP0,0,false,68.540000,69.050000,1.269332,0.744091,false,0.000000
2024-04-29,VPG,BBG001T5X9F2,0,false,33.700000,33.810000,1.053412,0.326409,false,0.000000
2024-04-29,VRDN,BBG002H24301,0,false,13.040000,13.630000,4.524540,4.524540,false,0.000000
2024-04-29,VRE,BBG001S825N0,0,false,14.550000,14.510000,1.718213,-0.274914,false,0.000000
2024-04-29,VREX,BBG00CZNLR38,0,false,16.730000,16.910000,2.151823,1.075912,false,0.000000
2024-04-29,VRM,BBG009NGKQM5,0,false,11.450000,11.590000,5.938865,1.222707,false,0.000000
2024-04-29,VRNS,BBG001Y04TP4,0,false,45.300000,44.905000,0.618102,-0.871965,false,0.000000
2024-04-29,VRNT,BBG001S6V8N6,0,false,31.000000,30.810000,1.290323,-0.612903,false,0.000000
2024-04-29,VRRM,BBG00G4XQBP7,0,false,24.360000,24.330000,0.779967,-0.123153,false,0.000000
2024-04-29,VRTS,BBG001T1QKH2,0,false,225.820000,222.380000,0.518112,-1.523337,false,0.000000
2024-04-29,VSAT,BBG001S98NF2,0,false,16.110000,16.440000,2.979516,2.048417,false,0.000000
2024-04-29,VSCO,BBG01103B480,1,false,17.530000,17.770000,1.540217,1.369082,false,0.000000
2024-04-29,VSEC,BBG001S5X9Z1,0,false,75.940000,77.000000,2.396629,1.395839,false,0.000000
2024-04-29,VSH,BBG001S5XB04,0,false,22.720000,23.060000,1.584507,1.496479,false,0.000000
2024-04-29,VSTA,0001792829,0,false,3.752000,3.790000,1.545842,1.012793,false,0.000000
2024-04-29,VSTO,BBG006F8QZL3,0,false,35.000000,35.370000,1.171429,1.057143,false,0.000000
2024-04-29,VSTS,BBG001SGVMS8,0,false,18.980000,18.830000,0.052687,-0.790306,false,0.000000
2024-04-29,VTEX,0001793663,0,false,7.460000,7.420000,0.536193,-0.536193,false,0.000000
2024-04-29,VTLE,BBG001T24DQ0,0,false,54.910000,55.740000,1.742852,1.511564,false,0.000000
2024-04-29,VTOL,BBG001YH8QJ6,0,false,27.280000,26.991000,0.109971,-1.059384,false,0.000000
2024-04-29,VTRS,BBG00Y52JV51,1,false,11.510000,11.785000,2.432667,2.389227,false,0.000000
2024-04-29,VTRU,0001805012,0,false,12.320000,12.710100,5.560065,3.166396,false,0.000000
2024-04-29,VTS,BBG01B9G0J34,0,false,22.950000,23.110000,1.263617,0.697168,false,0.000000
2024-04-29,VTVT,BBG009DT9XK8,0,false,26.900000,28.000000,5.352788,4.089219,false,0.000000
2024-04-29,VVI,BBG001S77S57,0,false,35.150000,35.600000,1.792319,1.280228,false,0.000000
2024-04-29,VVV,BBG003DNHV65,0,false,43.360000,42.590000,0.046125,-1.775830,false,0.000000
2024-04-29,VVX,BBG005PG80L3,1,false,50.080000,49.570000,0.678914,-1.018371,false,0.000000
2024-04-29,VYGR,BBG005ZSY242,0,false,7.680000,7.790000,3.255208,1.432292,false,0.000000
2024-04-29,VYX,BBG001S9FBR7,0,false,12.200000,12.350000,2.090164,1.229508,false,0.000000
2024-04-29,VZIO,BBG00ZHDJWD0,0,false,10.750000,10.790000,1.023256,0.372093,false,0.000000
2024-04-29,W,BBG001THKQ26,2,false,51.910000,51.190000,1.303602,-1.387016,false,0.000000
2024-04-29,WABC,BBG001S7XYL7,0,false,47.780000,47.420000,0.020929,-0.753453,false,0.000000
2024-04-29,WAFD,BBG001S5XF96,0,false,28.050000,27.580000,0.392157,-1.675579,false,0.000000
2024-04-29,WAL,BBG001SLM522,1,false,58.920000,58.140000,0.458248,-1.323829,false,0.000000
2024-04-29,WALD,0001840199,0,false,5.120000,5.020000,4.203125,-1.953125,false,0.000000
2024-04-29,WASH,BBG001S5XC66,0,false,26.250000,25.640000,0.628571,-2.323810,false,0.000000
2024-04-29,WBS,BBG001S5XCP5,0,false,44.960000,44.910000,1.379004,-0.111210,false,0.000000
2024-04-29,WCC,BBG001SCRP78,0,false,157.570000,158.290000,0.894840,0.456940,false,0.000000
2024-04-29,WD,BBG001T0JGM5,0,false,93.670000,94.000000,0.987509,0.352301,false,0.000000
2024-04-29,WDFC,BBG001S5XD46,0,false,226.950000,224.300000,0.277594,-1.167658,false,0.000000
2024-04-29,WEAV,BBG00BCHPRQ9,0,false,11.280000,11.100000,1.228723,-1.595745,false,0.000000
2024-04-29,WEN,BBG001S7HBX2,0,false,20.180000,20.065000,1.585728,-0.569871,false,0.000000
2024-04-29,WERN,BBG001S5XDR1,0,false,34.740000,34.720000,1.381693,-0.057571,false,0.000000
2024-04-29,WES,BBG003M3V2V9,8,false,36.060000,36.000000,0.305047,-0.166389,false,0.000000
2024-04-29,WEST,BBG016LHSFJ0,0,false,10.100000,10.230000,1.485149,1.287129,false,0.000000
2024-04-29,WEX,BBG001SCJLG6,0,false,215.510000,218.800000,2.231915,1.526611,false,0.000000
2024-04-29,WFG,BBG001S60WD8,0,false,79.000000,76.750000,0.455570,-2.848101,false,0.000000
2024-04-29,WFRD,0001603923,1,false,128.610000,129.250000,0.699790,0.497628,false,0.000000
2024-04-29,WGO,BBG001S5XFG8,0,false,63.540000,63.280000,0.495751,-0.409191,false,0.000000
2024-04-29,WH,BBG00HCY3Q76,0,false,73.800000,74.310000,1.476965,0.691057,false,0.000000
2024-04-29,WHD,BBG00JRH1Q02,2,false,51.690000,52.480000,1.760495,1.528342,false,0.000000
2024-04-29,WHR,BBG001S5XFS5,2,false,95.640000,96.920000,1.693852,1.338352,false,0.000000
2024-04-29,WINA,BBG001S8RR00,0,false,364.010000,358.970000,1.778110,-1.384577,false,0.000000
2024-04-29,WING,BBG008N298X9,1,false,385.000000,384.830000,1.942857,-0.044156,false,0.000000
2024-04-29,WIRE,BBG001S70TC4,0,false,285.150000,283.090000,0.403297,-0.722427,false,0.000000
2024-04-29,WIX,0001576789,0,false,121.470000,121.070000,1.794599,-0.329299,false,0.000000
2024-04-29,WK,BBG007BVZ8J7,0,false,81.110000,81.120000,1.220565,0.012329,false,0.000000
2024-04-29,WKC,BBG001S5S9J5,0,false,23.250000,23.750000,3.053763,2.150538,false,0.000000
2024-04-29,WKME,0001847584,0,false,8.050000,7.960000,0.248447,-1.118012,false,0.000000
2024-04-29,WLDN,BBG001SNM0H3,0,false,28.500000,28.610000,1.122807,0.385965,false,0.000000
2024-04-29,WLFC,BBG001S934S5,0,false,48.800000,48.400000,0.000000,-0.819672,false,0.000000
2024-04-29,WLKP,BBG006F8Q8C3,0,false,21.900000,21.990000,0.456621,0.410959,false,0.000000
2024-04-29,WLY,BBG001S8K9L4,0,false,38.360000,38.540000,1.016684,0.469239,false,0.000000
2024-04-29,WMK,BBG001S5XH56,0,false,63.510000,63.580000,1.165171,0.110219,false,0.000000
2024-04-29,WMS,BBG001SH4LQ0,0,false,163.240000,162.920000,0.808625,-0.196030,false,0.000000
2024-04-29,WNC,BBG001S6W2K1,0,false,24.760000,24.060000,0.040388,-2.827141,false,0.000000
2024-04-29,WNS,BBG001SBK8N7,0,false,40.450000,43.030000,6.971570,6.378245,false,0.000000
2024-04-29,WOLF,BBG001S6YWT4,18,true,26.290000,27.870000,6.200076,6.009890,false,0.000000
2024-04-29,WOOF,BBG00YFGTWH3,2,false,1.530000,1.570000,4.575163,2.614379,false,0.000000
2024-04-29,WOR,BBG001S6XN51,0,false,58.620000,58.280000,0.511771,-0.580007,false,0.000000
2024-04-29,WPC,BBG001S67MM3,0,false,55.090000,55.680000,1.917771,1.070975,false,0.000000
2024-04-29,WRBY,BBG005DWN8L7,0,false,12.940000,12.470000,0.618238,-3.632148,false,0.000000
2024-04-29,WRK,BBG008NXC581,3,false,48.180000,48.540000,0.757576,0.747198,false,0.000000
2024-04-29,WRLD,BBG001S6H6C8,0,false,141.240000,142.040000,1.362928,0.566412,false,0.000000
2024-04-29,WS,BBG01JPM5041,0,false,31.400000,31.640000,0.891720,0.764331,false,0.000000
2024-04-29,WSBC,BBG001S5XJR8,0,false,27.630000,27.350000,0.253348,-1.013391,false,0.000000
2024-04-29,WSC,BBG00B0FS9V7,0,false,39.030000,39.160000,0.435562,0.333077,false,0.000000
2024-04-29,WSFS,BBG001S5XJX1,0,false,43.190000,43.100000,1.852281,-0.208382,false,0.000000
2024-04-29,WSR,BBG001SM3736,0,false,11.400000,11.480000,0.789474,0.701754,false,0.000000
2024-04-29,WT,BBG001SD2W32,0,false,8.650000,8.920000,3.641618,3.121387,false,0.000000
2024-04-29,WTFC,BBG001S945T0,0,false,99.030000,98.180000,0.343330,-0.858326,false,0.000000
2024-04-29,WTI,BBG001SLLWL3,0,false,2.350000,2.385000,2.127660,1.489362,false,0.000000
2024-04-29,WTRG,BBG001S5VFD3,1,false,36.340000,36.460000,0.798019,0.330215,false,0.000000
2024-04-29,WTS,BBG001S6N6Y7,0,false,201.550000,202.120000,0.486232,0.282808,false,0.000000
2024-04-29,WTTR,BBG00G4Y2F27,0,false,9.490000,9.515000,0.737619,0.263435,false,0.000000
2024-04-29,WU,BBG001SR0YK0,5,false,13.450000,13.505000,1.115242,0.408922,false,0.000000
2024-04-29,WULF,BBG0122MC919,31,true,2.370000,2.340000,5.485232,-1.265823,false,0.000000
2024-04-29,WVE,0001631574,0,false,4.730000,4.845000,4.228330,2.431290,false,0.000000
2024-04-29,WWD,BBG001S6YZC5,0,false,150.510000,151.040000,1.528138,0.352136,false,0.000000
2024-04-29,WWW,BBG001S5XKW9,0,false,10.970000,10.730000,1.185050,-2.187785,false,0.000000
2024-04-29,WYNN,BBG001SJZ2V8,1,false,97.210000,96.960000,1.481329,-0.257175,false,0.000000
2024-04-29,X,BBG001S5XL75,2,false,37.540000,36.970000,0.266383,-1.518380,false,0.000000
2024-04-29,XENE,BBG002VBMLS5,0,false,40.940000,42.700000,4.592086,4.298974,false,0.000000
2024-04-29,XHR,BBG006YP1L50,0,false,14.220000,14.105000,0.843882,-0.808720,false,0.000000
2024-04-29,XMTR,BBG00BDCCVB0,1,false,17.770000,17.660000,1.181767,-0.619021,false,0.000000
2024-04-29,XNCR,BBG0026ZG4X9,0,false,20.050000,21.085000,6.483791,5.162095,false,0.000000
2024-04-29,XOS,BBG00YCZNM82,0,false,7.480000,7.480000,2.779412,0.000000,false,0.000000
2024-04-29,XP,0001787425,0,false,21.290000,21.430000,0.798497,0.657586,false,0.000000
2024-04-29,XPEL,BBG001S6JQ87,0,false,55.520000,54.450000,0.000000,-1.927233,false,0.000000
2024-04-29,XPER,BBG019FGSTG6,8,false,11.240000,10.740000,0.000000,-4.448399,false,0.000000
2024-04-29,XPO,BBG001SJW3C0,2,false,110.790000,110.630000,1.814243,-0.144417,false,0.000000
2024-04-29,XPOF,BBG011M1TY49,0,false,12.890000,13.000000,4.266874,0.853375,false,0.000000
2024-04-29,XPRO,0001575828,0,false,20.100000,19.480000,0.547264,-3.084577,false,0.000000
2024-04-29,XRAY,BBG001S5XLV8,0,false,30.790000,30.695000,0.682040,-0.308542,false,0.000000
2024-04-29,XRX,BBG00NNG2ZK6,0,false,14.020000,13.860000,2.282454,-1.141227,false,0.000000
2024-04-29,YELP,BBG001T6C2W9,0,false,40.830000,40.930000,1.151114,0.244918,false,0.000000
2024-04-29,YETI,BBG00D8JC891,0,false,36.510000,37.000000,2.519858,1.342098,false,0.000000
2024-04-29,YEXT,BBG001V12329,0,false,5.570000,5.600000,0.718133,0.538600,false,0.000000
2024-04-29,YMAB,BBG00J2DBN04,0,false,14.810000,15.520000,5.122215,4.794058,false,0.000000
2024-04-29,YORW,BBG001S6YWZ7,0,false,35.390000,35.490000,0.762927,0.282566,false,0.000000
2024-04-29,YOU,BBG011C0FSZ6,0,false,17.670000,17.600000,1.522354,-0.396152,false,0.000000
2024-04-29,Z,BBG009NRSWK2,0,false,43.880000,43.640000,1.298997,-0.546946,false,0.000000
2024-04-29,ZD,BBG001SD21P6,0,false,51.180000,50.980000,1.201641,-0.390778,false,0.000000
2024-04-29,ZETA,BBG010FXVQB5,1,false,12.920000,12.640000,0.541796,-2.167183,false,0.000000
2024-04-29,ZEUS,BBG001S5XN26,0,false,66.680000,66.680000,1.694661,0.000000,false,0.000000
2024-04-29,ZGN,0001877787,0,false,12.040000,12.300000,2.242525,2.159468,false,0.000000
2024-04-29,ZI,BBG00S1HJ4F4,0,false,16.450000,16.440000,1.945289,-0.060790,false,0.000000
2024-04-29,ZIM,0001654126,14,true,13.000000,13.070000,2.153846,0.538462,false,0.000000
2024-04-29,ZIMV,BBG014630596,0,false,15.790000,15.660000,1.899937,-0.823306,false,0.000000
2024-04-29,ZION,BBG001S5XN80,0,false,42.030000,41.320000,0.440162,-1.689270,false,0.000000
2024-04-29,ZIP,BBG010JBYW41,0,false,10.390000,10.440000,1.828681,0.481232,false,0.000000
2024-04-29,ZNTL,BBG00R2K8TG4,0,false,11.030000,11.420000,3.535811,3.535811,false,0.000000
2024-04-29,ZUMZ,BBG001SGPKJ9,0,false,16.990000,16.940000,1.383167,-0.294291,false,0.000000
2024-04-29,ZUO,BBG001SS0FH3,7,false,9.920000,10.020000,2.570565,1.008065,false,0.000000
2024-04-29,ZWS,BBG001T36GB5,0,false,31.800000,31.990000,0.849057,0.597484,false,0.000000
2024-04-29,ZYME,BBG019XSYC98,0,false,8.270000,8.310000,3.748489,0.483676,false,0.000000
2024-04-29,ZYXI,BBG001S7T7V0,1,false,11.240000,11.470000,3.202847,2.046263,false,0.000000
