orb_version,trading_date,rank,ticker,stable_security_id,relative_volume_open,baseline_sessions_used,direction,selected,selection_status,outside_scout_band,scout_scorable,scout_selected,top_10_mover,opening_volume,opening_volume_baseline,average_daily_volume_14,atr_14_usd,first_candle_open,first_candle_high,first_candle_low,first_candle_close,signal_triggered,paper_long_only_status,paper_long_only_trade_executed,paper_long_only_entry_timestamp,paper_long_only_entry_price,paper_long_only_exit_timestamp,paper_long_only_exit_price,paper_long_only_exit_reason,paper_long_only_position_size_shares,paper_long_only_r_multiple,paper_long_only_mfe_pct,paper_long_only_mae_pct,paper_long_only_gross_realized_return_pct,paper_long_only_gross_realized_pnl_usd,paper_long_only_net_realized_return_pct,paper_long_only_net_realized_pnl_usd,paper_long_short_status,paper_long_short_trade_executed,paper_long_short_entry_timestamp,paper_long_short_entry_price,paper_long_short_exit_timestamp,paper_long_short_exit_price,paper_long_short_exit_reason,paper_long_short_position_size_shares,paper_long_short_r_multiple,paper_long_short_mfe_pct,paper_long_short_mae_pct,paper_long_short_gross_realized_return_pct,paper_long_short_gross_realized_pnl_usd,paper_long_short_net_realized_return_pct,paper_long_short_net_realized_pnl_usd,cash_long_only_status,cash_long_only_trade_executed,cash_long_only_entry_timestamp,cash_long_only_entry_price,cash_long_only_exit_timestamp,cash_long_only_exit_price,cash_long_only_exit_reason,cash_long_only_position_size_shares,cash_long_only_r_multiple,cash_long_only_mfe_pct,cash_long_only_mae_pct,cash_long_only_gross_realized_return_pct,cash_long_only_gross_realized_pnl_usd,cash_long_only_net_realized_return_pct,cash_long_only_net_realized_pnl_usd
orb_v1.0,2024-03-25,1,ATXS,BBG001T8KDC4,37.422989569859446,14,SHORT,True,SELECTED,False,True,False,False,617899.0,16511.214285714286,1431943.2142857143,1.283857142857143,16.75,16.9,15.92,16.21,True,SHORT_NOT_ALLOWED,False,,,,,,,,,,,,,,TRIGGERED,True,2024-03-25T09:37:00-04:00,15.92,2024-03-25T09:37:00-04:00,16.048385714285715,STOP,194,-1.0000000000000038,2.3888190954773876,-1.1306532663316677,-0.8064429289303692,-24.906828571428665,-1.168937239770283,-36.102392862857236,SHORT_NOT_ALLOWED,False,,,,,,,,,,,,,
orb_v1.0,2024-03-25,2,CGC,BBG001T6MH82,9.222692238998437,14,SHORT,True,SELECTED,False,True,False,False,3168338.0,343537.21428571426,10420422.357142856,0.5876142857142858,7.96,7.97,7.08,7.08,True,SHORT_NOT_ALLOWED,False,,,,,,,,,,,,,,TRIGGERED,True,2024-03-25T09:35:00-04:00,7.08,2024-03-25T09:35:00-04:00,7.138761428571429,STOP,425,-1.0000000000000009,3.107344632768358,-0.9887005649717555,-0.82996368038741,-24.97360714285717,-1.4347982041969338,-43.17307796428574,SHORT_NOT_ALLOWED,False,,,,,,,,,,,,,
orb_v1.0,2024-03-25,3,APH,BBG001S5NSK6,9.124562857822553,14,SHORT,True,SELECTED,True,False,False,False,621910.0,68157.78571428571,2400516.6428571427,1.734571428571429,118.0,119.59,117.45,117.92,True,SHORT_NOT_ALLOWED,False,,,,,,,,,,,,,,LEVERAGE_CAP_EXCEEDED,False,,,,,,,,,,,,,,SHORT_NOT_ALLOWED,False,,,,,,,,,,,,,
orb_v1.0,2024-03-25,4,GES,BBG001S5RJR5,5.6015625221305365,14,SHORT,True,SELECTED,False,False,False,False,141247.0,25215.64285714286,1574165.2142857143,1.0549999999999997,30.29,30.595,30.13,30.1875,True,SHORT_NOT_ALLOWED,False,,,,,,,,,,,,,,TRIGGERED,True,2024-03-25T09:41:00-04:00,30.13,2024-03-25T09:55:00-04:00,30.25,STOP,236,-1.1374407582938484,1.1616329239960101,-0.4646531695984088,-0.39827414537006633,-28.320000000000235,-0.5992233654165317,-42.60885600000023,SHORT_NOT_ALLOWED,False,,,,,,,,,,,,,
orb_v1.0,2024-03-25,5,EAT,BBG001S5RFV8,4.723380981515472,14,LONG,True,SELECTED,False,False,False,False,109185.0,23115.85714285714,1230767.0,1.5667428571428579,46.065,46.92,46.03,46.51,True,TRIGGERED,True,2024-03-25T09:35:00-04:00,46.92,2024-03-25T09:35:00-04:00,46.43,STOP,159,-3.127507476840043,0.7384910485933371,-1.1747655583972727,-1.0443307757885805,-77.91000000000031,-1.2436402387041814,-92.77904400000031,LEVERAGE_CAP_EXCEEDED,False,,,,,,,,,,,,,,CASH_EXHAUSTED,False,,,,,,,,,,,,,
orb_v1.0,2024-03-25,6,WES,BBG003M3V2V9,4.705272334320117,14,LONG,True,SELECTED,False,False,False,False,37011.0,7865.857142857143,1179694.142857143,0.7042857142857147,35.0,35.24,34.95,35.24,True,LEVERAGE_CAP_EXCEEDED,False,,,,,,,,,,,,,,LEVERAGE_CAP_EXCEEDED,False,,,,,,,,,,,,,,CASH_EXHAUSTED,False,,,,,,,,,,,,,
orb_v1.0,2024-03-25,7,DYN,BBG00NSGPJF8,4.5221658357263985,14,LONG,True,SELECTED,False,False,False,False,152188.0,33653.78571428572,1797172.2142857143,1.874278571428571,24.5001,27.2,24.5,26.775,False,NOT_TRIGGERED,False,,,,,NOT_TRIGGERED,,,,,0.0,,,,NOT_TRIGGERED,False,,,,,NOT_TRIGGERED,,,,,0.0,,,,NOT_TRIGGERED,False,,,,,NOT_TRIGGERED,,,,,0.0,,,
orb_v1.0,2024-03-25,8,MGA,BBG001S5SY91,4.347445334634728,14,LONG,True,SELECTED,True,False,False,False,91628.0,21076.285714285714,1070252.9285714286,1.0678571428571426,54.01,54.78,54.01,54.53,True,LEVERAGE_CAP_EXCEEDED,False,,,,,,,,,,,,,,LEVERAGE_CAP_EXCEEDED,False,,,,,,,,,,,,,,CASH_EXHAUSTED,False,,,,,,,,,,,,,
orb_v1.0,2024-03-25,9,TTWO,BBG001S9TN41,4.139840089897791,14,SHORT,True,SELECTED,True,False,False,False,214727.0,51868.42857142857,1921044.5714285714,2.9646428571428527,150.0,150.415,145.59,146.47,True,SHORT_NOT_ALLOWED,False,,,,,,,,,,,,,,LEVERAGE_CAP_EXCEEDED,False,,,,,,,,,,,,,,SHORT_NOT_ALLOWED,False,,,,,,,,,,,,,
orb_v1.0,2024-03-25,10,UAL,BBG001SQ87W0,3.9717791048521947,14,SHORT,True,SELECTED,True,False,False,False,854587.0,215164.7857142857,7089992.857142857,1.1413428571428572,45.05,45.11,44.39,44.492,True,SHORT_NOT_ALLOWED,False,,,,,,,,,,,,,,TRIGGERED,True,2024-03-25T09:36:00-04:00,44.39,2024-03-25T09:36:00-04:00,44.50413428571429,STOP,219,-1.000000000000002,0.1576931741383201,-0.3153863482766402,-0.2571171113185086,-24.995408571428626,-0.45774818652849797,-44.499577980000055,SHORT_NOT_ALLOWED,False,,,,,,,,,,,,,
orb_v1.0,2024-03-25,11,YOU,BBG011C0FSZ6,3.8350882571425204,14,LONG,True,SELECTED,False,False,False,False,162625.0,42404.5,1616626.9285714286,0.6894785714285716,20.83,21.28,20.83,21.27,True,LEVERAGE_CAP_EXCEEDED,False,,,,,,,,,,,,,,LEVERAGE_CAP_EXCEEDED,False,,,,,,,,,,,,,,CASH_EXHAUSTED,False,,,,,,,,,,,,,
orb_v1.0,2024-03-25,12,LPX,BBG001S5SW04,3.4919506868072263,14,LONG,True,SELECTED,False,False,False,False,51733.0,14814.92857142857,1238775.357142857,2.1449999999999982,82.23,84.22,81.45,84.06,True,LEVERAGE_CAP_EXCEEDED,False,,,,,,,,,,,,,,LEVERAGE_CAP_EXCEEDED,False,,,,,,,,,,,,,,CASH_EXHAUSTED,False,,,,,,,,,,,,,
orb_v1.0,2024-03-25,13,SHC,BBG008LZG101,3.480554590591243,14,LONG,True,SELECTED,False,False,False,False,105202.0,30225.64285714286,2376124.8571428573,0.7357142857142855,11.93,12.41,11.84,12.25,False,NOT_TRIGGERED,False,,,,,NOT_TRIGGERED,,,,,0.0,,,,NOT_TRIGGERED,False,,,,,NOT_TRIGGERED,,,,,0.0,,,,NOT_TRIGGERED,False,,,,,NOT_TRIGGERED,,,,,0.0,,,
orb_v1.0,2024-03-25,14,GO,BBG00P4R30Z8,3.371608807776235,14,SHORT,True,SELECTED,False,False,False,False,60701.0,18003.571428571428,1360824.5714285714,0.7591428571428575,28.31,28.48,28.06,28.25,True,SHORT_NOT_ALLOWED,False,,,,,,,,,,,,,,TRIGGERED,True,2024-03-25T10:23:00-04:00,28.06,2024-03-25T15:59:00-04:00,27.71,SESSION_END,329,4.6104629281143845,2.066999287241619,-0.035637918745550834,1.2473271560940766,115.1499999999993,1.0677334283677757,98.57037399999929,SHORT_NOT_ALLOWED,False,,,,,,,,,,,,,
orb_v1.0,2024-03-25,15,TPX,BBG001SH81D4,3.2406967849792214,14,SHORT,True,SELECTED,False,False,False,False,58708.0,18115.85714285714,1442270.2857142857,1.4042571428571426,56.2,56.35,55.97,55.99,True,SHORT_NOT_ALLOWED,False,,,,,,,,,,,,,,LEVERAGE_CAP_EXCEEDED,False,,,,,,,,,,,,,,SHORT_NOT_ALLOWED,False,,,,,,,,,,,,,
orb_v1.0,2024-03-25,16,GME,BBG001S5RLR0,3.1409896402449666,14,LONG,True,SELECTED,False,True,False,False,348432.0,110930.64285714286,3268660.0,0.6596214285714284,13.42,13.755,13.3121,13.62,True,LEVERAGE_CAP_EXCEEDED,False,,,,,,,,,,,,,,TRIGGERED,True,2024-03-25T09:35:00-04:00,13.755,2024-03-25T09:35:00-04:00,13.625,STOP,379,-1.9708274226558646,0.6179571065067169,-1.1268629589240353,-0.9451108687749966,-49.270000000000294,-1.3046165030897912,-68.0115500000003,CASH_EXHAUSTED,False,,,,,,,,,,,,,
orb_v1.0,2024-03-25,17,FL,BBG001S5XMR1,2.958315623656766,14,LONG,True,SELECTED,False,False,False,False,615979.0,208219.5,6471093.142857143,1.7202714285714291,25.72,26.53,25.51,26.1601,True,TRIGGERED,True,2024-03-25T09:37:00-04:00,26.53,2024-03-25T09:38:00-04:00,26.357972857142858,STOP,145,-1.0,0.33923859781379573,-0.7538635506973312,-0.6484249636530076,-24.943935714285725,-0.8484022454364334,-32.63676177857144,TRIGGERED,True,2024-03-25T09:37:00-04:00,26.53,2024-03-25T09:38:00-04:00,26.357972857142858,STOP,145,-1.0,0.33923859781379573,-0.7538635506973312,-0.6484249636530076,-24.943935714285725,-0.8484022454364334,-32.63676177857144,CASH_EXHAUSTED,False,,,,,,,,,,,,,
orb_v1.0,2024-03-25,18,KLG,BBG018CYVVX4,2.7427988820106854,14,LONG,True,SELECTED,False,False,False,False,83203.0,30335.071428571428,1221203.9285714286,0.5640499999999999,18.87,19.32,18.87,19.23,False,NOT_TRIGGERED,False,,,,,NOT_TRIGGERED,,,,,0.0,,,,NOT_TRIGGERED,False,,,,,NOT_TRIGGERED,,,,,0.0,,,,NOT_TRIGGERED,False,,,,,NOT_TRIGGERED,,,,,0.0,,,
orb_v1.0,2024-03-25,19,LULU,BBG001STBM75,2.399952786361944,14,SHORT,True,SELECTED,True,False,False,False,328228.0,136764.35714285713,2652606.714285714,15.250857142857143,405.085,405.085,394.78,399.34,True,SHORT_NOT_ALLOWED,False,,,,,,,,,,,,,,LEVERAGE_CAP_EXCEEDED,False,,,,,,,,,,,,,,SHORT_NOT_ALLOWED,False,,,,,,,,,,,,,
orb_v1.0,2024-03-25,20,FIVE,BBG001TCDMY9,2.3635343298631843,14,LONG,True,SELECTED,False,False,False,False,56256.0,23801.64285714286,1083733.0714285714,7.707135714285714,171.49,173.93,171.49,173.5,True,TRIGGERED,True,2024-03-25T09:48:00-04:00,173.93,2024-03-25T09:48:00-04:00,173.105,STOP,32,-1.070436580571459,0.09774047030413069,-0.4743287529465956,-0.4743287529465975,-26.400000000000546,-0.6739498648881832,-37.51043200000055,LEVERAGE_CAP_EXCEEDED,False,,,,,,,,,,,,,,CASH_EXHAUSTED,False,,,,,,,,,,,,,
orb_v1.0,2024-03-25,21,DIS,BBG001S5QHF3,2.3408252962908103,14,LONG,False,BEYOND_TOP_N,True,False,False,False,1037369.0,443163.78571428574,10738730.57142857,2.223707142857141,116.97,119.41,116.87,119.27,False,BEYOND_TOP_N,False,,,,,,,,,,,,,,BEYOND_TOP_N,False,,,,,,,,,,,,,,BEYOND_TOP_N,False,,,,,,,,,,,,,
orb_v1.0,2024-03-25,22,IR,BBG002R1CW36,2.1923088410991634,14,LONG,False,BEYOND_TOP_N,True,False,False,False,125826.0,57394.28571428572,2280294.785714286,1.4975000000000043,95.25,96.17,95.05,96.12,False,BEYOND_TOP_N,False,,,,,,,,,,,,,,BEYOND_TOP_N,False,,,,,,,,,,,,,,BEYOND_TOP_N,False,,,,,,,,,,,,,
orb_v1.0,2024-03-25,23,BA,BBG001S5P0V3,2.1455922912588985,14,SHORT,False,BEYOND_TOP_N,True,False,False,False,1229084.0,572841.3571428572,9558172.42857143,4.974407142857144,196.01,196.18,191.84,192.1927,True,BEYOND_TOP_N,False,,,,,,,,,,,,,,BEYOND_TOP_N,False,,,,,,,,,,,,,,BEYOND_TOP_N,False,,,,,,,,,,,,,
orb_v1.0,2024-03-25,24,BHVN,0001935979,2.096743367743658,14,SHORT,False,BEYOND_TOP_N,False,False,False,False,57205.0,27282.785714285714,1794888.7857142857,3.6375857142857138,55.62,56.035,55.57,55.57,True,BEYOND_TOP_N,False,,,,,,,,,,,,,,BEYOND_TOP_N,False,,,,,,,,,,,,,,BEYOND_TOP_N,False,,,,,,,,,,,,,
orb_v1.0,2024-03-25,25,SPGI,BBG001S5T5M8,2.0847890632647066,14,SHORT,False,BEYOND_TOP_N,True,False,False,False,91281.0,43784.28571428572,1324924.642857143,5.367064285714288,417.44,417.44,412.795,415.41,False,BEYOND_TOP_N,False,,,,,,,,,,,,,,BEYOND_TOP_N,False,,,,,,,,,,,,,,BEYOND_TOP_N,False,,,,,,,,,,,,,
orb_v1.0,2024-03-25,26,SYF,BBG00658F3Q2,2.0695182806218115,14,SHORT,False,BEYOND_TOP_N,True,False,False,False,241162.0,116530.5,4778058.285714285,1.0474999999999994,41.01,41.25,40.79,40.835,False,BEYOND_TOP_N,False,,,,,,,,,,,,,,BEYOND_TOP_N,False,,,,,,,,,,,,,,BEYOND_TOP_N,False,,,,,,,,,,,,,
orb_v1.0,2024-03-25,27,PSTG,BBG00212PW10,2.04027273782816,14,LONG,False,BEYOND_TOP_N,True,False,False,False,218394.0,107041.57142857143,4239980.0,2.2425999999999995,51.55,52.32,51.55,52.3,True,BEYOND_TOP_N,False,,,,,,,,,,,,,,BEYOND_TOP_N,False,,,,,,,,,,,,,,BEYOND_TOP_N,False,,,,,,,,,,,,,
orb_v1.0,2024-03-25,28,CP,BBG001S7F4Z8,2.021559474565312,14,SHORT,False,BEYOND_TOP_N,True,False,False,False,97812.0,48384.42857142857,1776860.0,1.6192857142857124,88.49,88.68,88.02,88.08,True,BEYOND_TOP_N,False,,,,,,,,,,,,,,BEYOND_TOP_N,False,,,,,,,,,,,,,,BEYOND_TOP_N,False,,,,,,,,,,,,,
orb_v1.0,2024-03-25,29,CENX,BBG001S766G4,2.009756883208916,14,LONG,False,BEYOND_TOP_N,False,False,False,False,89132.0,44349.642857142855,1306992.857142857,0.6215857142857144,13.47,13.62,13.43,13.51,True,BEYOND_TOP_N,False,,,,,,,,,,,,,,BEYOND_TOP_N,False,,,,,,,,,,,,,,BEYOND_TOP_N,False,,,,,,,,,,,,,
orb_v1.0,2024-03-25,30,CCL,BBG001S5PL01,1.9825819547643637,14,LONG,False,BELOW_MINIMUM_RELATIVE_VOLUME,True,False,False,False,2366048.0,1193417.5,26575467.42857143,0.5034785714285712,17.34,17.67,17.33,17.4601,False,BELOW_MINIMUM_RELATIVE_VOLUME,False,,,,,,,,,,,,,,BELOW_MINIMUM_RELATIVE_VOLUME,False,,,,,,,,,,,,,,BELOW_MINIMUM_RELATIVE_VOLUME,False,,,,,,,,,,,,,
orb_v1.0,2024-03-25,31,NCLH,0001513761,1.9269681480567193,14,SHORT,False,BELOW_MINIMUM_RELATIVE_VOLUME,False,False,False,False,606636.0,314813.71428571426,9869562.857142856,0.6110357142857149,20.93,21.06,20.86,20.9,True,BELOW_MINIMUM_RELATIVE_VOLUME,False,,,,,,,,,,,,,,BELOW_MINIMUM_RELATIVE_VOLUME,False,,,,,,,,,,,,,,BELOW_MINIMUM_RELATIVE_VOLUME,False,,,,,,,,,,,,,
orb_v1.0,2024-03-25,32,INTC,BBG001S5SF65,1.9020399852007053,14,SHORT,False,BELOW_MINIMUM_RELATIVE_VOLUME,True,False,False,False,4009897.0,2108208.5714285714,46872459.14285714,1.5230428571428578,40.89,41.25,40.75,40.87,True,BELOW_MINIMUM_RELATIVE_VOLUME,False,,,,,,,,,,,,,,BELOW_MINIMUM_RELATIVE_VOLUME,False,,,,,,,,,,,,,,BELOW_MINIMUM_RELATIVE_VOLUME,False,,,,,,,,,,,,,
orb_v1.0,2024-03-25,33,CINF,BBG001S5PTM0,1.8972666246337575,14,LONG,False,BELOW_MINIMUM_RELATIVE_VOLUME,True,False,False,False,47502.0,25037.071428571428,1628342.642857143,2.158700000000001,118.5,120.255,118.5,119.655,True,BELOW_MINIMUM_RELATIVE_VOLUME,False,,,,,,,,,,,,,,BELOW_MINIMUM_RELATIVE_VOLUME,False,,,,,,,,,,,,,,BELOW_MINIMUM_RELATIVE_VOLUME,False,,,,,,,,,,,,,
orb_v1.0,2024-03-25,34,STM,BBG001S5WDM7,1.895605670388554,14,LONG,False,BELOW_MINIMUM_RELATIVE_VOLUME,True,False,False,False,232271.0,122531.28571428571,3808131.9285714286,1.2891071428571428,43.0,43.28,42.92,43.27,True,BELOW_MINIMUM_RELATIVE_VOLUME,False,,,,,,,,,,,,,,BELOW_MINIMUM_RELATIVE_VOLUME,False,,,,,,,,,,,,,,BELOW_MINIMUM_RELATIVE_VOLUME,False,,,,,,,,,,,,,
orb_v1.0,2024-03-25,35,CRDF,BBG001SLWWP7,1.7999326594651635,14,LONG,False,BELOW_MINIMUM_RELATIVE_VOLUME,True,False,False,False,148154.0,82310.85714285714,2073414.7142857143,0.7862785714285714,6.05,6.2,6.01,6.1789,True,BELOW_MINIMUM_RELATIVE_VOLUME,False,,,,,,,,,,,,,,BELOW_MINIMUM_RELATIVE_VOLUME,False,,,,,,,,,,,,,,BELOW_MINIMUM_RELATIVE_VOLUME,False,,,,,,,,,,,,,
orb_v1.0,2024-03-25,36,PXD,BBG001S7V1J4,1.7445687858834722,14,LONG,False,BELOW_MINIMUM_RELATIVE_VOLUME,True,False,False,False,87490.0,50149.92857142857,1927324.357142857,3.516414285714293,255.53,259.84,255.53,259.285,True,BELOW_MINIMUM_RELATIVE_VOLUME,False,,,,,,,,,,,,,,BELOW_MINIMUM_RELATIVE_VOLUME,False,,,,,,,,,,,,,,BELOW_MINIMUM_RELATIVE_VOLUME,False,,,,,,,,,,,,,
orb_v1.0,2024-03-25,37,SPR,BBG001SKF1N8,1.7179684704198295,14,SHORT,False,BELOW_MINIMUM_RELATIVE_VOLUME,False,False,False,False,130303.0,75847.14285714286,3700892.285714286,1.3439785714285724,35.32,35.63,34.73,34.73,True,BELOW_MINIMUM_RELATIVE_VOLUME,False,,,,,,,,,,,,,,BELOW_MINIMUM_RELATIVE_VOLUME,False,,,,,,,,,,,,,,BELOW_MINIMUM_RELATIVE_VOLUME,False,,,,,,,,,,,,,
orb_v1.0,2024-03-25,38,ANNX,BBG007QVDFH1,1.7015079429409246,14,SHORT,False,BELOW_MINIMUM_RELATIVE_VOLUME,False,False,False,False,118454.0,69617.07142857143,2512765.285714286,0.798642857142857,6.97,7.19,6.84,6.855,True,BELOW_MINIMUM_RELATIVE_VOLUME,False,,,,,,,,,,,,,,BELOW_MINIMUM_RELATIVE_VOLUME,False,,,,,,,,,,,,,,BELOW_MINIMUM_RELATIVE_VOLUME,False,,,,,,,,,,,,,
orb_v1.0,2024-03-25,39,GPK,BBG001S90195,1.6501283050967606,14,LONG,False,BELOW_MINIMUM_RELATIVE_VOLUME,False,False,False,False,83137.0,50382.142857142855,2869263.6428571427,0.6446428571428567,28.39,28.61,28.34,28.57,True,BELOW_MINIMUM_RELATIVE_VOLUME,False,,,,,,,,,,,,,,BELOW_MINIMUM_RELATIVE_VOLUME,False,,,,,,,,,,,,,,BELOW_MINIMUM_RELATIVE_VOLUME,False,,,,,,,,,,,,,
orb_v1.0,2024-03-25,40,ON,BBG001SF7RS6,1.6500535365410784,14,LONG,False,BELOW_MINIMUM_RELATIVE_VOLUME,True,False,False,False,314485.0,190590.7857142857,6651796.571428572,3.2057142857142855,72.2,73.925,72.12,73.8051,True,BELOW_MINIMUM_RELATIVE_VOLUME,False,,,,,,,,,,,,,,BELOW_MINIMUM_RELATIVE_VOLUME,False,,,,,,,,,,,,,,BELOW_MINIMUM_RELATIVE_VOLUME,False,,,,,,,,,,,,,
orb_v1.0,2024-03-25,41,AL,BBG001T92VD1,1.6229262780604716,14,SHORT,False,BELOW_MINIMUM_RELATIVE_VOLUME,False,False,False,False,32213.0,19848.714285714286,3318183.5714285714,1.1428571428571428,48.25,48.295,48.07,48.24,False,BELOW_MINIMUM_RELATIVE_VOLUME,False,,,,,,,,,,,,,,BELOW_MINIMUM_RELATIVE_VOLUME,False,,,,,,,,,,,,,,BELOW_MINIMUM_RELATIVE_VOLUME,False,,,,,,,,,,,,,
orb_v1.0,2024-03-25,42,APO,BBG00ZNLTFL2,1.6050829419258388,14,LONG,False,BELOW_MINIMUM_RELATIVE_VOLUME,True,False,False,False,50308.0,31342.928571428572,2329094.4285714286,2.31385,112.23,112.83,111.384,112.39,True,BELOW_MINIMUM_RELATIVE_VOLUME,False,,,,,,,,,,,,,,BELOW_MINIMUM_RELATIVE_VOLUME,False,,,,,,,,,,,,,,BELOW_MINIMUM_RELATIVE_VOLUME,False,,,,,,,,,,,,,
orb_v1.0,2024-03-25,43,DHR,BBG001S5QGT0,1.5977458745570277,14,SHORT,False,BELOW_MINIMUM_RELATIVE_VOLUME,True,False,False,False,74263.0,46479.857142857145,2733579.1428571427,3.6803571428571393,254.28,254.78,252.63,253.0156,True,BELOW_MINIMUM_RELATIVE_VOLUME,False,,,,,,,,,,,,,,BELOW_MINIMUM_RELATIVE_VOLUME,False,,,,,,,,,,,,,,BELOW_MINIMUM_RELATIVE_VOLUME,False,,,,,,,,,,,,,
orb_v1.0,2024-03-25,44,MUR,BBG001S5TG80,1.5919565823590862,14,LONG,False,BELOW_MINIMUM_RELATIVE_VOLUME,False,False,False,False,54643.0,34324.42857142857,2189062.714285714,0.9496428571428558,44.58,45.05,44.58,45.01,True,BELOW_MINIMUM_RELATIVE_VOLUME,False,,,,,,,,,,,,,,BELOW_MINIMUM_RELATIVE_VOLUME,False,,,,,,,,,,,,,,BELOW_MINIMUM_RELATIVE_VOLUME,False,,,,,,,,,,,,,
orb_v1.0,2024-03-25,45,XOM,BBG001S69V32,1.5915959622408429,14,LONG,False,BELOW_MINIMUM_RELATIVE_VOLUME,True,False,False,False,1160111.0,728897.9285714285,18520959.85714286,1.577221428571431,113.83,115.55,113.83,115.215,True,BELOW_MINIMUM_RELATIVE_VOLUME,False,,,,,,,,,,,,,,BELOW_MINIMUM_RELATIVE_VOLUME,False,,,,,,,,,,,,,,BELOW_MINIMUM_RELATIVE_VOLUME,False,,,,,,,,,,,,,
orb_v1.0,2024-03-25,46,MKC,BBG001S79S19,1.5875624618396862,14,LONG,False,BELOW_MINIMUM_RELATIVE_VOLUME,True,False,False,False,65561.0,41296.642857142855,1860161.7857142857,1.3781071428571445,70.28,70.81,70.2,70.7525,True,BELOW_MINIMUM_RELATIVE_VOLUME,False,,,,,,,,,,,,,,BELOW_MINIMUM_RELATIVE_VOLUME,False,,,,,,,,,,,,,,BELOW_MINIMUM_RELATIVE_VOLUME,False,,,,,,,,,,,,,
orb_v1.0,2024-03-25,47,IRDM,BBG001T21JT7,1.5671610290151727,14,DOJI,False,BELOW_MINIMUM_RELATIVE_VOLUME,False,False,False,False,33414.0,21321.35714285714,1388035.0714285714,0.8023142857142851,25.84,25.89,25.56,25.84,False,BELOW_MINIMUM_RELATIVE_VOLUME,False,,,,,,,,,,,,,,BELOW_MINIMUM_RELATIVE_VOLUME,False,,,,,,,,,,,,,,BELOW_MINIMUM_RELATIVE_VOLUME,False,,,,,,,,,,,,,
orb_v1.0,2024-03-25,48,IFF,BBG001S5S5F7,1.5497556832347568,14,LONG,False,BELOW_MINIMUM_RELATIVE_VOLUME,True,False,False,False,78588.0,50709.92857142857,2034352.642857143,1.857142857142858,81.5,82.18,81.47,81.99,True,BELOW_MINIMUM_RELATIVE_VOLUME,False,,,,,,,,,,,,,,BELOW_MINIMUM_RELATIVE_VOLUME,False,,,,,,,,,,,,,,BELOW_MINIMUM_RELATIVE_VOLUME,False,,,,,,,,,,,,,
orb_v1.0,2024-03-25,49,ATMU,BBG01B079Z92,1.511312909591701,14,SHORT,False,BELOW_MINIMUM_RELATIVE_VOLUME,False,False,False,False,286421.0,189518.0,9379648.0,1.3386928571428574,30.16,30.39,29.55,29.82,True,BELOW_MINIMUM_RELATIVE_VOLUME,False,,,,,,,,,,,,,,BELOW_MINIMUM_RELATIVE_VOLUME,False,,,,,,,,,,,,,,BELOW_MINIMUM_RELATIVE_VOLUME,False,,,,,,,,,,,,,
orb_v1.0,2024-03-25,50,RPRX,0001802768,1.4930833951005942,14,SHORT,False,BELOW_MINIMUM_RELATIVE_VOLUME,False,False,False,False,40144.0,26886.64285714286,2451231.8571428573,0.5541214285714281,30.27,30.3,30.16,30.2,True,BELOW_MINIMUM_RELATIVE_VOLUME,False,,,,,,,,,,,,,,BELOW_MINIMUM_RELATIVE_VOLUME,False,,,,,,,,,,,,,,BELOW_MINIMUM_RELATIVE_VOLUME,False,,,,,,,,,,,,,
orb_v1.0,2024-03-25,51,CROX,BBG001SDGFR8,1.4743132433882906,14,LONG,False,BELOW_MINIMUM_RELATIVE_VOLUME,False,False,False,False,42188.0,28615.35714285714,1231046.2142857143,4.004407142857144,141.73,143.0,141.73,142.32,True,BELOW_MINIMUM_RELATIVE_VOLUME,False,,,,,,,,,,,,,,BELOW_MINIMUM_RELATIVE_VOLUME,False,,,,,,,,,,,,,,BELOW_MINIMUM_RELATIVE_VOLUME,False,,,,,,,,,,,,,
orb_v1.0,2024-03-25,52,OKE,BBG001S5TWK1,1.472273493988848,14,LONG,False,BELOW_MINIMUM_RELATIVE_VOLUME,True,False,False,False,146823.0,99725.35714285714,2907844.785714286,1.0352071428571432,79.3,80.22,79.11,79.99,False,BELOW_MINIMUM_RELATIVE_VOLUME,False,,,,,,,,,,,,,,BELOW_MINIMUM_RELATIVE_VOLUME,False,,,,,,,,,,,,,,BELOW_MINIMUM_RELATIVE_VOLUME,False,,,,,,,,,,,,,
orb_v1.0,2024-03-25,53,CLF,BBG001S5PW43,1.4652441443432371,14,LONG,False,BELOW_MINIMUM_RELATIVE_VOLUME,False,False,False,False,314464.0,214615.42857142858,8986801.07142857,0.6640500000000001,21.73,21.86,21.62,21.84,True,BELOW_MINIMUM_RELATIVE_VOLUME,False,,,,,,,,,,,,,,BELOW_MINIMUM_RELATIVE_VOLUME,False,,,,,,,,,,,,,,BELOW_MINIMUM_RELATIVE_VOLUME,False,,,,,,,,,,,,,
orb_v1.0,2024-03-25,54,BE,BBG001T53509,1.4627655553035457,14,LONG,False,BELOW_MINIMUM_RELATIVE_VOLUME,False,False,False,False,228030.0,155889.64285714287,5308478.428571428,0.6339142857142861,9.91,10.17,9.85,10.095,True,BELOW_MINIMUM_RELATIVE_VOLUME,False,,,,,,,,,,,,,,BELOW_MINIMUM_RELATIVE_VOLUME,False,,,,,,,,,,,,,,BELOW_MINIMUM_RELATIVE_VOLUME,False,,,,,,,,,,,,,
orb_v1.0,2024-03-25,55,CRH,0000849395,1.4534768584821067,14,SHORT,False,BELOW_MINIMUM_RELATIVE_VOLUME,True,False,False,False,171011.0,117656.5,3531457.0714285714,1.487785714285715,86.52,86.57,86.295,86.44,False,BELOW_MINIMUM_RELATIVE_VOLUME,False,,,,,,,,,,,,,,BELOW_MINIMUM_RELATIVE_VOLUME,False,,,,,,,,,,,,,,BELOW_MINIMUM_RELATIVE_VOLUME,False,,,,,,,,,,,,,
orb_v1.0,2024-03-25,56,EL,BBG001S8L5H6,1.41291781586901,14,SHORT,False,BELOW_MINIMUM_RELATIVE_VOLUME,True,False,False,False,94699.0,67023.71428571429,2215850.0714285714,4.137007142857137,143.82,143.82,141.36,141.995,True,BELOW_MINIMUM_RELATIVE_VOLUME,False,,,,,,,,,,,,,,BELOW_MINIMUM_RELATIVE_VOLUME,False,,,,,,,,,,,,,,BELOW_MINIMUM_RELATIVE_VOLUME,False,,,,,,,,,,,,,
orb_v1.0,2024-03-25,57,MU,BBG001S6P675,1.4077910609660753,14,LONG,False,BELOW_MINIMUM_RELATIVE_VOLUME,True,False,False,False,2527987.0,1795711.7857142857,27062729.92857143,4.581085714285714,110.24,114.515,110.16,114.23,True,BELOW_MINIMUM_RELATIVE_VOLUME,False,,,,,,,,,,,,,,BELOW_MINIMUM_RELATIVE_VOLUME,False,,,,,,,,,,,,,,BELOW_MINIMUM_RELATIVE_VOLUME,False,,,,,,,,,,,,,
orb_v1.0,2024-03-25,58,CNI,BBG001S8WVQ7,1.400932936264415,14,SHORT,False,BELOW_MINIMUM_RELATIVE_VOLUME,True,False,False,False,26579.0,18972.35714285714,1023532.0,2.0316714285714306,131.7,131.73,131.155,131.29,True,BELOW_MINIMUM_RELATIVE_VOLUME,False,,,,,,,,,,,,,,BELOW_MINIMUM_RELATIVE_VOLUME,False,,,,,,,,,,,,,,BELOW_MINIMUM_RELATIVE_VOLUME,False,,,,,,,,,,,,,
orb_v1.0,2024-03-25,59,DOCS,BBG0026ZJQY6,1.3993291863310053,14,SHORT,False,BELOW_MINIMUM_RELATIVE_VOLUME,False,False,False,False,23572.0,16845.214285714286,1121809.857142857,0.8703928571428572,27.89,27.89,27.65,27.705,True,BELOW_MINIMUM_RELATIVE_VOLUME,False,,,,,,,,,,,,,,BELOW_MINIMUM_RELATIVE_VOLUME,False,,,,,,,,,,,,,,BELOW_MINIMUM_RELATIVE_VOLUME,False,,,,,,,,,,,,,
orb_v1.0,2024-03-25,60,PSX,BBG00286S4P7,1.3964823402038689,14,LONG,False,BELOW_MINIMUM_RELATIVE_VOLUME,True,False,False,False,126958.0,90912.71428571429,3552640.785714286,3.2590214285714256,160.0,161.3,159.91,160.93,True,BELOW_MINIMUM_RELATIVE_VOLUME,False,,,,,,,,,,,,,,BELOW_MINIMUM_RELATIVE_VOLUME,False,,,,,,,,,,,,,,BELOW_MINIMUM_RELATIVE_VOLUME,False,,,,,,,,,,,,,
orb_v1.0,2024-03-25,61,ARQT,BBG00QN8K4P1,1.3961608758027144,14,LONG,False,BELOW_MINIMUM_RELATIVE_VOLUME,False,False,False,False,149176.0,106847.28571428571,4240587.142857143,0.9336714285714283,9.75,10.1,9.7,9.95,False,BELOW_MINIMUM_RELATIVE_VOLUME,False,,,,,,,,,,,,,,BELOW_MINIMUM_RELATIVE_VOLUME,False,,,,,,,,,,,,,,BELOW_MINIMUM_RELATIVE_VOLUME,False,,,,,,,,,,,,,
orb_v1.0,2024-03-25,62,PLNT,BBG009H04M26,1.3932394108498765,14,SHORT,False,BELOW_MINIMUM_RELATIVE_VOLUME,False,False,False,False,30459.0,21862.0,2077921.2857142857,2.1228571428571428,60.05,60.34,59.75,59.935,True,BELOW_MINIMUM_RELATIVE_VOLUME,False,,,,,,,,,,,,,,BELOW_MINIMUM_RELATIVE_VOLUME,False,,,,,,,,,,,,,,BELOW_MINIMUM_RELATIVE_VOLUME,False,,,,,,,,,,,,,
orb_v1.0,2024-03-25,63,FDX,BBG001S5R3M5,1.374386496032292,14,LONG,False,BELOW_MINIMUM_RELATIVE_VOLUME,True,False,False,False,179778.0,130806.0,2368172.1428571427,5.7497928571428485,280.78,282.34,280.0238,281.86,True,BELOW_MINIMUM_RELATIVE_VOLUME,False,,,,,,,,,,,,,,BELOW_MINIMUM_RELATIVE_VOLUME,False,,,,,,,,,,,,,,BELOW_MINIMUM_RELATIVE_VOLUME,False,,,,,,,,,,,,,
orb_v1.0,2024-03-25,64,FMC,BBG001S5R880,1.3625739446172882,14,SHORT,False,BELOW_MINIMUM_RELATIVE_VOLUME,False,False,False,False,76768.0,56340.42857142857,2319351.9285714286,2.563928571428572,62.98,63.33,62.64,62.87,True,BELOW_MINIMUM_RELATIVE_VOLUME,False,,,,,,,,,,,,,,BELOW_MINIMUM_RELATIVE_VOLUME,False,,,,,,,,,,,,,,BELOW_MINIMUM_RELATIVE_VOLUME,False,,,,,,,,,,,,,
orb_v1.0,2024-03-25,65,FATE,BBG001T888S2,1.3495921913214772,14,LONG,False,BELOW_MINIMUM_RELATIVE_VOLUME,False,False,False,False,69686.0,51634.857142857145,3012974.5,0.6891071428571428,6.58,6.73,6.54,6.65,True,BELOW_MINIMUM_RELATIVE_VOLUME,False,,,,,,,,,,,,,,BELOW_MINIMUM_RELATIVE_VOLUME,False,,,,,,,,,,,,,,BELOW_MINIMUM_RELATIVE_VOLUME,False,,,,,,,,,,,,,
orb_v1.0,2024-03-25,66,LW,BBG003CVMLR1,1.3465036404332502,14,LONG,False,BELOW_MINIMUM_RELATIVE_VOLUME,False,False,False,False,29907.0,22210.85714285714,1416321.0,2.229864285714283,103.1,103.37,102.805,103.15,True,BELOW_MINIMUM_RELATIVE_VOLUME,False,,,,,,,,,,,,,,BELOW_MINIMUM_RELATIVE_VOLUME,False,,,,,,,,,,,,,,BELOW_MINIMUM_RELATIVE_VOLUME,False,,,,,,,,,,,,,
orb_v1.0,2024-03-25,67,DNLI,BBG008P7F878,1.3452690303956896,14,LONG,False,BELOW_MINIMUM_RELATIVE_VOLUME,False,False,False,False,53360.0,39664.92857142857,1161456.0714285714,1.0242857142857145,19.37,19.86,19.35,19.86,True,BELOW_MINIMUM_RELATIVE_VOLUME,False,,,,,,,,,,,,,,BELOW_MINIMUM_RELATIVE_VOLUME,False,,,,,,,,,,,,,,BELOW_MINIMUM_RELATIVE_VOLUME,False,,,,,,,,,,,,,
orb_v1.0,2024-03-25,68,VRDN,BBG002H24301,1.3427672955974843,14,SHORT,False,BELOW_MINIMUM_RELATIVE_VOLUME,False,False,False,False,21106.0,15718.285714285714,1178793.5714285714,1.1156142857142854,17.99,17.99,17.5899,17.96,True,BELOW_MINIMUM_RELATIVE_VOLUME,False,,,,,,,,,,,,,,BELOW_MINIMUM_RELATIVE_VOLUME,False,,,,,,,,,,,,,,BELOW_MINIMUM_RELATIVE_VOLUME,False,,,,,,,,,,,,,
orb_v1.0,2024-03-25,69,ACN,0001467373,1.3417770394962472,14,SHORT,False,BELOW_MINIMUM_RELATIVE_VOLUME,True,False,False,False,164319.0,122463.71428571429,2856973.4285714286,10.41753571428572,336.01,336.01,332.48,334.035,True,BELOW_MINIMUM_RELATIVE_VOLUME,False,,,,,,,,,,,,,,BELOW_MINIMUM_RELATIVE_VOLUME,False,,,,,,,,,,,,,,BELOW_MINIMUM_RELATIVE_VOLUME,False,,,,,,,,,,,,,
orb_v1.0,2024-03-25,70,RCL,0000884887,1.3303959473887463,14,LONG,False,BELOW_MINIMUM_RELATIVE_VOLUME,True,False,False,False,104581.0,78608.92857142857,2409232.714285714,3.2075000000000022,136.82,138.31,136.61,137.48,False,BELOW_MINIMUM_RELATIVE_VOLUME,False,,,,,,,,,,,,,,BELOW_MINIMUM_RELATIVE_VOLUME,False,,,,,,,,,,,,,,BELOW_MINIMUM_RELATIVE_VOLUME,False,,,,,,,,,,,,,
orb_v1.0,2024-03-25,71,LUNR,BBG00ZMYYP19,1.3239909562213525,14,SHORT,False,BELOW_MINIMUM_RELATIVE_VOLUME,True,False,False,False,246827.0,186426.5,4975144.928571428,0.6326499999999999,6.41,6.55,6.29,6.318,True,BELOW_MINIMUM_RELATIVE_VOLUME,False,,,,,,,,,,,,,,BELOW_MINIMUM_RELATIVE_VOLUME,False,,,,,,,,,,,,,,BELOW_MINIMUM_RELATIVE_VOLUME,False,,,,,,,,,,,,,
orb_v1.0,2024-03-25,72,DKNG,BBG0134WCMB3,1.3083569870787808,14,SHORT,False,BELOW_MINIMUM_RELATIVE_VOLUME,True,False,False,False,415571.0,317628.14285714284,9757484.5,1.779014285714285,46.96,46.96,46.44,46.52,True,BELOW_MINIMUM_RELATIVE_VOLUME,False,,,,,,,,,,,,,,BELOW_MINIMUM_RELATIVE_VOLUME,False,,,,,,,,,,,,,,BELOW_MINIMUM_RELATIVE_VOLUME,False,,,,,,,,,,,,,
orb_v1.0,2024-03-25,73,BILL,BBG00QVJV7L3,1.2766888305375887,14,LONG,False,BELOW_MINIMUM_RELATIVE_VOLUME,False,False,False,False,69493.0,54432.21428571428,2204642.285714286,2.77112857142857,67.47,69.24,67.44,69.0,True,BELOW_MINIMUM_RELATIVE_VOLUME,False,,,,,,,,,,,,,,BELOW_MINIMUM_RELATIVE_VOLUME,False,,,,,,,,,,,,,,BELOW_MINIMUM_RELATIVE_VOLUME,False,,,,,,,,,,,,,
orb_v1.0,2024-03-25,74,MOS,BBG001S7LJN1,1.2572699021915754,14,LONG,False,BELOW_MINIMUM_RELATIVE_VOLUME,False,False,False,False,132529.0,105410.14285714286,4196956.214285715,0.7275714285714291,31.33,31.45,31.28,31.36,True,BELOW_MINIMUM_RELATIVE_VOLUME,False,,,,,,,,,,,,,,BELOW_MINIMUM_RELATIVE_VOLUME,False,,,,,,,,,,,,,,BELOW_MINIMUM_RELATIVE_VOLUME,False,,,,,,,,,,,,,
orb_v1.0,2024-03-25,75,CDNS,BBG001S65YK1,1.2504490430162325,14,SHORT,False,BELOW_MINIMUM_RELATIVE_VOLUME,True,False,False,False,85530.0,68399.42857142857,1503798.9285714286,8.25233571428572,318.61,318.645,314.17,314.97,True,BELOW_MINIMUM_RELATIVE_VOLUME,False,,,,,,,,,,,,,,BELOW_MINIMUM_RELATIVE_VOLUME,False,,,,,,,,,,,,,,BELOW_MINIMUM_RELATIVE_VOLUME,False,,,,,,,,,,,,,
orb_v1.0,2024-03-25,76,AMD,BBG001S5NN36,1.2475372849537747,14,LONG,False,BELOW_MINIMUM_RELATIVE_VOLUME,True,False,False,False,3677227.0,2947588.8571428573,77634975.07142857,9.850671428571431,172.9,176.43,172.0,175.6799,True,BELOW_MINIMUM_RELATIVE_VOLUME,False,,,,,,,,,,,,,,BELOW_MINIMUM_RELATIVE_VOLUME,False,,,,,,,,,,,,,,BELOW_MINIMUM_RELATIVE_VOLUME,False,,,,,,,,,,,,,
orb_v1.0,2024-03-25,77,NKE,BBG001S6NTK2,1.239976315524078,14,LONG,False,BELOW_MINIMUM_RELATIVE_VOLUME,True,False,False,False,750008.0,604856.7142857143,11608451.92857143,2.314549999999999,94.07,95.32,94.035,95.2811,True,BELOW_MINIMUM_RELATIVE_VOLUME,False,,,,,,,,,,,,,,BELOW_MINIMUM_RELATIVE_VOLUME,False,,,,,,,,,,,,,,BELOW_MINIMUM_RELATIVE_VOLUME,False,,,,,,,,,,,,,
orb_v1.0,2024-03-25,78,CCJ,BBG001S5Y5S6,1.2377469402407424,14,LONG,False,BELOW_MINIMUM_RELATIVE_VOLUME,True,False,False,False,197025.0,159180.35714285713,4560992.571428572,1.7381214285714275,43.42,43.96,43.35,43.91,True,BELOW_MINIMUM_RELATIVE_VOLUME,False,,,,,,,,,,,,,,BELOW_MINIMUM_RELATIVE_VOLUME,False,,,,,,,,,,,,,,BELOW_MINIMUM_RELATIVE_VOLUME,False,,,,,,,,,,,,,
orb_v1.0,2024-03-25,79,LAC,BBG01JLDH8P2,1.204238994778095,14,LONG,False,BELOW_MINIMUM_RELATIVE_VOLUME,False,True,False,False,498717.0,414134.5714285714,5843036.0,0.6257071428571429,7.07,7.41,7.06,7.4,False,BELOW_MINIMUM_RELATIVE_VOLUME,False,,,,,,,,,,,,,,BELOW_MINIMUM_RELATIVE_VOLUME,False,,,,,,,,,,,,,,BELOW_MINIMUM_RELATIVE_VOLUME,False,,,,,,,,,,,,,
orb_v1.0,2024-03-25,80,VST,BBG00DXDL6R0,1.197343517201127,14,SHORT,False,BELOW_MINIMUM_RELATIVE_VOLUME,True,False,False,False,183458.0,153220.85714285713,6896842.714285715,2.5578857142857134,69.5,69.87,68.61,68.69,True,BELOW_MINIMUM_RELATIVE_VOLUME,False,,,,,,,,,,,,,,BELOW_MINIMUM_RELATIVE_VOLUME,False,,,,,,,,,,,,,,BELOW_MINIMUM_RELATIVE_VOLUME,False,,,,,,,,,,,,,
orb_v1.0,2024-03-25,81,KNTK,BBG00GCLZ7C7,1.192091622955399,14,LONG,False,BELOW_MINIMUM_RELATIVE_VOLUME,False,False,False,False,38408.0,32219.0,1186873.357142857,1.0163714285714274,37.81,38.23,37.81,38.23,True,BELOW_MINIMUM_RELATIVE_VOLUME,False,,,,,,,,,,,,,,BELOW_MINIMUM_RELATIVE_VOLUME,False,,,,,,,,,,,,,,BELOW_MINIMUM_RELATIVE_VOLUME,False,,,,,,,,,,,,,
orb_v1.0,2024-03-25,82,AMN,BBG001S6Q193,1.1798045189134299,14,SHORT,False,BELOW_MINIMUM_RELATIVE_VOLUME,False,False,False,False,18589.0,15756.0,1118594.2142857143,2.4007142857142862,63.87,64.11,63.51,63.627,True,BELOW_MINIMUM_RELATIVE_VOLUME,False,,,,,,,,,,,,,,BELOW_MINIMUM_RELATIVE_VOLUME,False,,,,,,,,,,,,,,BELOW_MINIMUM_RELATIVE_VOLUME,False,,,,,,,,,,,,,
orb_v1.0,2024-03-25,83,BDX,BBG001S5P374,1.1635947911840376,14,SHORT,False,BELOW_MINIMUM_RELATIVE_VOLUME,True,False,False,False,44129.0,37924.71428571428,1411081.142857143,4.068357142857143,245.35,245.76,244.48,244.48,True,BELOW_MINIMUM_RELATIVE_VOLUME,False,,,,,,,,,,,,,,BELOW_MINIMUM_RELATIVE_VOLUME,False,,,,,,,,,,,,,,BELOW_MINIMUM_RELATIVE_VOLUME,False,,,,,,,,,,,,,
orb_v1.0,2024-03-25,84,CNQ,BBG001S5YC56,1.1475468126427577,14,LONG,False,BELOW_MINIMUM_RELATIVE_VOLUME,True,False,False,False,48410.0,42185.642857142855,2586637.6428571427,1.2603571428571425,74.25,74.6,74.25,74.5,True,BELOW_MINIMUM_RELATIVE_VOLUME,False,,,,,,,,,,,,,,BELOW_MINIMUM_RELATIVE_VOLUME,False,,,,,,,,,,,,,,BELOW_MINIMUM_RELATIVE_VOLUME,False,,,,,,,,,,,,,
orb_v1.0,2024-03-25,85,APA,BBG00YTS96H1,1.1330151249672729,14,LONG,False,BELOW_MINIMUM_RELATIVE_VOLUME,False,False,False,False,160736.0,141865.7142857143,6990620.357142857,0.8171714285714281,33.66,34.1099,33.62,34.08,True,BELOW_MINIMUM_RELATIVE_VOLUME,False,,,,,,,,,,,,,,BELOW_MINIMUM_RELATIVE_VOLUME,False,,,,,,,,,,,,,,BELOW_MINIMUM_RELATIVE_VOLUME,False,,,,,,,,,,,,,
orb_v1.0,2024-03-25,86,UNM,BBG001S5X2J4,1.12683128428167,14,LONG,False,BELOW_MINIMUM_RELATIVE_VOLUME,False,False,False,False,28629.0,25406.64285714286,1440915.857142857,0.8267785714285729,52.15,52.5,52.15,52.36,True,BELOW_MINIMUM_RELATIVE_VOLUME,False,,,,,,,,,,,,,,BELOW_MINIMUM_RELATIVE_VOLUME,False,,,,,,,,,,,,,,BELOW_MINIMUM_RELATIVE_VOLUME,False,,,,,,,,,,,,,
orb_v1.0,2024-03-25,87,DBI,BBG001SLWM79,1.118913425113185,14,SHORT,False,BELOW_MINIMUM_RELATIVE_VOLUME,False,False,False,False,40655.0,36334.357142857145,1722222.0714285714,0.6953571428571426,11.31,11.41,11.2,11.27,True,BELOW_MINIMUM_RELATIVE_VOLUME,False,,,,,,,,,,,,,,BELOW_MINIMUM_RELATIVE_VOLUME,False,,,,,,,,,,,,,,BELOW_MINIMUM_RELATIVE_VOLUME,False,,,,,,,,,,,,,
orb_v1.0,2024-03-25,88,STX,0001137789,1.108051810543269,14,LONG,False,BELOW_MINIMUM_RELATIVE_VOLUME,True,False,False,False,70863.0,63952.78571428572,3311649.4285714286,2.9496714285714307,88.67,88.88,88.57,88.78,True,BELOW_MINIMUM_RELATIVE_VOLUME,False,,,,,,,,,,,,,,BELOW_MINIMUM_RELATIVE_VOLUME,False,,,,,,,,,,,,,,BELOW_MINIMUM_RELATIVE_VOLUME,False,,,,,,,,,,,,,
orb_v1.0,2024-03-25,89,VFC,BBG001S5X749,1.1071435245179087,14,LONG,False,BELOW_MINIMUM_RELATIVE_VOLUME,False,False,False,False,194673.0,175833.57142857142,8566360.857142856,0.5225714285714281,14.2,14.32,14.14,14.31,True,BELOW_MINIMUM_RELATIVE_VOLUME,False,,,,,,,,,,,,,,BELOW_MINIMUM_RELATIVE_VOLUME,False,,,,,,,,,,,,,,BELOW_MINIMUM_RELATIVE_VOLUME,False,,,,,,,,,,,,,
orb_v1.0,2024-03-25,90,JRVR,0001620459,1.1020057167772879,14,LONG,False,BELOW_MINIMUM_RELATIVE_VOLUME,False,False,False,False,38994.0,35384.57142857143,2140022.9285714286,0.8001642857142859,8.7,8.88,8.7,8.88,True,BELOW_MINIMUM_RELATIVE_VOLUME,False,,,,,,,,,,,,,,BELOW_MINIMUM_RELATIVE_VOLUME,False,,,,,,,,,,,,,,BELOW_MINIMUM_RELATIVE_VOLUME,False,,,,,,,,,,,,,
orb_v1.0,2024-03-25,91,DE,BBG001S5QFF7,1.1001611412398877,14,LONG,False,BELOW_MINIMUM_RELATIVE_VOLUME,True,False,False,False,57642.0,52394.142857142855,1510485.2857142857,5.789628571428572,398.8,401.42,398.62,400.54,True,BELOW_MINIMUM_RELATIVE_VOLUME,False,,,,,,,,,,,,,,BELOW_MINIMUM_RELATIVE_VOLUME,False,,,,,,,,,,,,,,BELOW_MINIMUM_RELATIVE_VOLUME,False,,,,,,,,,,,,,
orb_v1.0,2024-03-25,92,NET,BBG001WMKHJ3,1.078540056299801,14,LONG,False,BELOW_MINIMUM_RELATIVE_VOLUME,True,False,False,False,100821.0,93479.14285714286,3148342.214285714,4.023942857142861,95.79,96.46,95.3564,96.46,True,BELOW_MINIMUM_RELATIVE_VOLUME,False,,,,,,,,,,,,,,BELOW_MINIMUM_RELATIVE_VOLUME,False,,,,,,,,,,,,,,BELOW_MINIMUM_RELATIVE_VOLUME,False,,,,,,,,,,,,,
orb_v1.0,2024-03-25,93,CLSK,BBG001S7F576,1.076891804115256,14,LONG,False,BELOW_MINIMUM_RELATIVE_VOLUME,False,True,False,True,1576082.0,1463547.2142857143,40638977.71428572,2.4354285714285715,20.15,20.6599,20.12,20.49,True,BELOW_MINIMUM_RELATIVE_VOLUME,False,,,,,,,,,,,,,,BELOW_MINIMUM_RELATIVE_VOLUME,False,,,,,,,,,,,,,,BELOW_MINIMUM_RELATIVE_VOLUME,False,,,,,,,,,,,,,
orb_v1.0,2024-03-25,94,ZI,BBG00S1HJ4F4,1.0750041296989377,14,SHORT,False,BELOW_MINIMUM_RELATIVE_VOLUME,False,False,False,False,78558.0,73076.92857142857,5755526.071428572,0.5407071428571427,15.57,15.57,15.4208,15.49,True,BELOW_MINIMUM_RELATIVE_VOLUME,False,,,,,,,,,,,,,,BELOW_MINIMUM_RELATIVE_VOLUME,False,,,,,,,,,,,,,,BELOW_MINIMUM_RELATIVE_VOLUME,False,,,,,,,,,,,,,
orb_v1.0,2024-03-25,95,NTR,BBG00JM9SM69,1.0739876351849955,14,LONG,False,BELOW_MINIMUM_RELATIVE_VOLUME,True,False,False,False,43454.0,40460.42857142857,2057236.7142857143,1.0915357142857143,52.47,52.79,52.24,52.73,True,BELOW_MINIMUM_RELATIVE_VOLUME,False,,,,,,,,,,,,,,BELOW_MINIMUM_RELATIVE_VOLUME,False,,,,,,,,,,,,,,BELOW_MINIMUM_RELATIVE_VOLUME,False,,,,,,,,,,,,,
orb_v1.0,2024-03-25,96,LBRDK,BBG006GNSZX4,1.0735937264364348,14,LONG,False,BELOW_MINIMUM_RELATIVE_VOLUME,False,False,False,False,9153.0,8525.57142857143,1430231.857142857,1.5938142857142867,56.09,56.21,55.77,56.21,True,BELOW_MINIMUM_RELATIVE_VOLUME,False,,,,,,,,,,,,,,BELOW_MINIMUM_RELATIVE_VOLUME,False,,,,,,,,,,,,,,BELOW_MINIMUM_RELATIVE_VOLUME,False,,,,,,,,,,,,,
orb_v1.0,2024-03-25,97,RBLX,BBG001V1Y6Z1,1.0645691907053696,14,SHORT,False,BELOW_MINIMUM_RELATIVE_VOLUME,True,False,False,False,302977.0,284600.5714285714,7830314.5,1.6560571428571431,37.12,37.17,36.77,36.93,True,BELOW_MINIMUM_RELATIVE_VOLUME,False,,,,,,,,,,,,,,BELOW_MINIMUM_RELATIVE_VOLUME,False,,,,,,,,,,,,,,BELOW_MINIMUM_RELATIVE_VOLUME,False,,,,,,,,,,,,,
orb_v1.0,2024-03-25,98,UBER,BBG002B04MW4,1.0640035968207762,14,SHORT,False,BELOW_MINIMUM_RELATIVE_VOLUME,True,False,False,False,628317.0,590521.5,14768052.857142856,2.361857142857144,79.99,80.14,79.63,79.86,False,BELOW_MINIMUM_RELATIVE_VOLUME,False,,,,,,,,,,,,,,BELOW_MINIMUM_RELATIVE_VOLUME,False,,,,,,,,,,,,,,BELOW_MINIMUM_RELATIVE_VOLUME,False,,,,,,,,,,,,,
orb_v1.0,2024-03-25,99,GE,BBG001S5PVD5,1.0585907101015832,14,SHORT,False,BELOW_MINIMUM_RELATIVE_VOLUME,True,False,False,False,364167.0,344011.14285714284,7801007.714285715,4.790178571428574,174.66,174.79,173.5,174.56,True,BELOW_MINIMUM_RELATIVE_VOLUME,False,,,,,,,,,,,,,,BELOW_MINIMUM_RELATIVE_VOLUME,False,,,,,,,,,,,,,,BELOW_MINIMUM_RELATIVE_VOLUME,False,,,,,,,,,,,,,
orb_v1.0,2024-03-25,100,GPN,BBG001SGS2Z8,1.0523841998508674,14,SHORT,False,BELOW_MINIMUM_RELATIVE_VOLUME,True,False,False,False,68450.0,65042.78571428572,2304076.1428571427,2.7303571428571436,131.95,132.15,131.17,131.35,False,BELOW_MINIMUM_RELATIVE_VOLUME,False,,,,,,,,,,,,,,BELOW_MINIMUM_RELATIVE_VOLUME,False,,,,,,,,,,,,,,BELOW_MINIMUM_RELATIVE_VOLUME,False,,,,,,,,,,,,,
orb_v1.0,2024-03-25,101,K,BBG001S5SJL0,1.0472324820425711,14,SHORT,False,BELOW_MINIMUM_RELATIVE_VOLUME,True,False,False,False,68169.0,65094.42857142857,4681228.642857143,1.095364285714286,55.75,55.765,55.6,55.705,True,BELOW_MINIMUM_RELATIVE_VOLUME,False,,,,,,,,,,,,,,BELOW_MINIMUM_RELATIVE_VOLUME,False,,,,,,,,,,,,,,BELOW_MINIMUM_RELATIVE_VOLUME,False,,,,,,,,,,,,,
orb_v1.0,2024-03-25,102,HUT,BBG00390LJJ8,1.0420242557254629,14,LONG,False,BELOW_MINIMUM_RELATIVE_VOLUME,False,False,False,False,208908.0,200482.85714285713,4039444.5,0.7103142857142856,8.81,9.14,8.81,9.14,True,BELOW_MINIMUM_RELATIVE_VOLUME,False,,,,,,,,,,,,,,BELOW_MINIMUM_RELATIVE_VOLUME,False,,,,,,,,,,,,,,BELOW_MINIMUM_RELATIVE_VOLUME,False,,,,,,,,,,,,,
orb_v1.0,2024-03-25,103,TER,BBG001S5WMZ3,1.028669256871047,14,LONG,False,BELOW_MINIMUM_RELATIVE_VOLUME,True,False,False,False,35837.0,34838.21428571428,1909916.5714285714,3.3368499999999983,108.79,109.82,108.62,109.76,True,BELOW_MINIMUM_RELATIVE_VOLUME,False,,,,,,,,,,,,,,BELOW_MINIMUM_RELATIVE_VOLUME,False,,,,,,,,,,,,,,BELOW_MINIMUM_RELATIVE_VOLUME,False,,,,,,,,,,,,,
orb_v1.0,2024-03-25,104,RIVN,BBG00741Y1P0,1.0282478720684585,14,LONG,False,BELOW_MINIMUM_RELATIVE_VOLUME,False,True,False,False,2395166.0,2329366.3571428573,51418549.21428572,0.7692000000000002,10.66,10.92,10.57,10.8507,True,BELOW_MINIMUM_RELATIVE_VOLUME,False,,,,,,,,,,,,,,BELOW_MINIMUM_RELATIVE_VOLUME,False,,,,,,,,,,,,,,BELOW_MINIMUM_RELATIVE_VOLUME,False,,,,,,,,,,,,,
orb_v1.0,2024-03-25,105,URBN,BBG001S7H9K1,1.0274822591050379,14,SHORT,False,BELOW_MINIMUM_RELATIVE_VOLUME,False,False,False,False,31285.0,30448.214285714286,1513083.0714285714,1.315857142857143,43.12,43.215,42.83,42.9,True,BELOW_MINIMUM_RELATIVE_VOLUME,False,,,,,,,,,,,,,,BELOW_MINIMUM_RELATIVE_VOLUME,False,,,,,,,,,,,,,,BELOW_MINIMUM_RELATIVE_VOLUME,False,,,,,,,,,,,,,
orb_v1.0,2024-03-25,106,AMTX,BBG001SCST33,1.027162153404832,14,LONG,False,BELOW_MINIMUM_RELATIVE_VOLUME,True,False,False,False,127934.0,124550.92857142857,3317867.714285714,0.5251214285714285,5.57,5.66,5.41,5.62,True,BELOW_MINIMUM_RELATIVE_VOLUME,False,,,,,,,,,,,,,,BELOW_MINIMUM_RELATIVE_VOLUME,False,,,,,,,,,,,,,,BELOW_MINIMUM_RELATIVE_VOLUME,False,,,,,,,,,,,,,
orb_v1.0,2024-03-25,107,SATS,BBG001T048Z5,1.0213351255414997,14,LONG,False,BELOW_MINIMUM_RELATIVE_VOLUME,False,False,False,False,48955.0,47932.357142857145,1975221.0714285714,0.9221428571428574,13.72,13.895,13.72,13.88,True,BELOW_MINIMUM_RELATIVE_VOLUME,False,,,,,,,,,,,,,,BELOW_MINIMUM_RELATIVE_VOLUME,False,,,,,,,,,,,,,,BELOW_MINIMUM_RELATIVE_VOLUME,False,,,,,,,,,,,,,
orb_v1.0,2024-03-25,108,BBY,BBG001S5P285,1.0163215569463795,14,LONG,False,BELOW_MINIMUM_RELATIVE_VOLUME,True,False,False,False,116349.0,114480.5,3973862.5714285714,2.2331428571428558,81.42,82.38,80.7922,82.08,False,BELOW_MINIMUM_RELATIVE_VOLUME,False,,,,,,,,,,,,,,BELOW_MINIMUM_RELATIVE_VOLUME,False,,,,,,,,,,,,,,BELOW_MINIMUM_RELATIVE_VOLUME,False,,,,,,,,,,,,,
orb_v1.0,2024-03-25,109,HOLX,BBG001S6HWB2,1.0157634381932674,14,LONG,False,BELOW_MINIMUM_RELATIVE_VOLUME,True,False,False,False,31593.0,31102.714285714286,1765788.0714285714,1.327442857142857,75.44,75.69,75.15,75.56,True,BELOW_MINIMUM_RELATIVE_VOLUME,False,,,,,,,,,,,,,,BELOW_MINIMUM_RELATIVE_VOLUME,False,,,,,,,,,,,,,,BELOW_MINIMUM_RELATIVE_VOLUME,False,,,,,,,,,,,,,
orb_v1.0,2024-03-25,110,LYV,BBG001SNP2B2,1.010415026332826,14,LONG,False,BELOW_MINIMUM_RELATIVE_VOLUME,True,False,False,False,32999.0,32658.85714285714,2224428.0,1.9940714285714276,106.41,106.68,105.94,106.44,False,BELOW_MINIMUM_RELATIVE_VOLUME,False,,,,,,,,,,,,,,BELOW_MINIMUM_RELATIVE_VOLUME,False,,,,,,,,,,,,,,BELOW_MINIMUM_RELATIVE_VOLUME,False,,,,,,,,,,,,,
orb_v1.0,2024-03-25,111,SYM,BBG00Z72HCX9,1.0038732815301854,14,LONG,False,BELOW_MINIMUM_RELATIVE_VOLUME,False,False,False,False,41987.0,41825.0,1370167.7142857143,2.5979857142857132,47.2,48.53,47.2,48.53,True,BELOW_MINIMUM_RELATIVE_VOLUME,False,,,,,,,,,,,,,,BELOW_MINIMUM_RELATIVE_VOLUME,False,,,,,,,,,,,,,,BELOW_MINIMUM_RELATIVE_VOLUME,False,,,,,,,,,,,,,
orb_v1.0,2024-03-25,112,VLTO,BBG019Q32XK7,0.9983967738762664,14,LONG,False,BELOW_MINIMUM_RELATIVE_VOLUME,True,False,False,False,14501.0,14524.285714285714,1701368.5,1.6192857142857153,89.3,89.62,88.9,89.62,True,BELOW_MINIMUM_RELATIVE_VOLUME,False,,,,,,,,,,,,,,BELOW_MINIMUM_RELATIVE_VOLUME,False,,,,,,,,,,,,,,BELOW_MINIMUM_RELATIVE_VOLUME,False,,,,,,,,,,,,,
orb_v1.0,2024-03-25,113,SU,BBG001S5YSF0,0.9981516357499503,14,LONG,False,BELOW_MINIMUM_RELATIVE_VOLUME,True,False,False,False,81620.0,81771.14285714286,4646578.928571428,0.5535000000000012,35.97,36.19,35.97,36.16,True,BELOW_MINIMUM_RELATIVE_VOLUME,False,,,,,,,,,,,,,,BELOW_MINIMUM_RELATIVE_VOLUME,False,,,,,,,,,,,,,,BELOW_MINIMUM_RELATIVE_VOLUME,False,,,,,,,,,,,,,
orb_v1.0,2024-03-25,114,EXAS,BBG001SGCLB9,0.989400353321556,14,LONG,False,BELOW_MINIMUM_RELATIVE_VOLUME,False,False,False,False,29683.0,30001.0,2005083.0,2.7310642857142855,62.05,63.15,62.0,62.995,True,BELOW_MINIMUM_RELATIVE_VOLUME,False,,,,,,,,,,,,,,BELOW_MINIMUM_RELATIVE_VOLUME,False,,,,,,,,,,,,,,BELOW_MINIMUM_RELATIVE_VOLUME,False,,,,,,,,,,,,,
orb_v1.0,2024-03-25,115,OMF,BBG005497H09,0.981624686604111,14,LONG,False,BELOW_MINIMUM_RELATIVE_VOLUME,False,False,False,False,13256.0,13504.142857142857,1142075.357142857,1.092807142857143,49.63,49.655,49.34,49.64,True,BELOW_MINIMUM_RELATIVE_VOLUME,False,,,,,,,,,,,,,,BELOW_MINIMUM_RELATIVE_VOLUME,False,,,,,,,,,,,,,,BELOW_MINIMUM_RELATIVE_VOLUME,False,,,,,,,,,,,,,
orb_v1.0,2024-03-25,116,PINS,BBG002583CW7,0.9815339683791544,14,LONG,False,BELOW_MINIMUM_RELATIVE_VOLUME,True,False,False,False,159301.0,162298.0,8610062.92857143,0.9765142857142861,33.6,33.74,33.52,33.725,True,BELOW_MINIMUM_RELATIVE_VOLUME,False,,,,,,,,,,,,,,BELOW_MINIMUM_RELATIVE_VOLUME,False,,,,,,,,,,,,,,BELOW_MINIMUM_RELATIVE_VOLUME,False,,,,,,,,,,,,,
orb_v1.0,2024-03-25,117,PG,BBG001S5V4L9,0.9800479904843558,14,LONG,False,BELOW_MINIMUM_RELATIVE_VOLUME,True,False,False,False,183387.0,187120.42857142858,5719803.642857143,1.4474785714285738,161.17,161.66,161.17,161.2199,False,BELOW_MINIMUM_RELATIVE_VOLUME,False,,,,,,,,,,,,,,BELOW_MINIMUM_RELATIVE_VOLUME,False,,,,,,,,,,,,,,BELOW_MINIMUM_RELATIVE_VOLUME,False,,,,,,,,,,,,,
orb_v1.0,2024-03-25,118,SBH,BBG001SDHTQ8,0.9783506157564812,14,SHORT,False,BELOW_MINIMUM_RELATIVE_VOLUME,False,False,False,False,28015.0,28634.928571428572,1571736.2142857143,0.5392857142857139,11.94,11.94,11.77,11.93,True,BELOW_MINIMUM_RELATIVE_VOLUME,False,,,,,,,,,,,,,,BELOW_MINIMUM_RELATIVE_VOLUME,False,,,,,,,,,,,,,,BELOW_MINIMUM_RELATIVE_VOLUME,False,,,,,,,,,,,,,
orb_v1.0,2024-03-25,119,NBIX,BBG001S8W4X9,0.973241853657538,14,LONG,False,BELOW_MINIMUM_RELATIVE_VOLUME,False,False,False,False,20376.0,20936.214285714286,1005259.1428571428,4.257949999999998,141.5,142.08,141.14,141.75,False,BELOW_MINIMUM_RELATIVE_VOLUME,False,,,,,,,,,,,,,,BELOW_MINIMUM_RELATIVE_VOLUME,False,,,,,,,,,,,,,,BELOW_MINIMUM_RELATIVE_VOLUME,False,,,,,,,,,,,,,
orb_v1.0,2024-03-25,120,SMAR,BBG00GQK3WC4,0.9677360785808958,14,LONG,False,BELOW_MINIMUM_RELATIVE_VOLUME,False,False,False,False,26650.0,27538.5,2530448.5714285714,1.6080785714285706,39.07,39.28,38.83,39.28,True,BELOW_MINIMUM_RELATIVE_VOLUME,False,,,,,,,,,,,,,,BELOW_MINIMUM_RELATIVE_VOLUME,False,,,,,,,,,,,,,,BELOW_MINIMUM_RELATIVE_VOLUME,False,,,,,,,,,,,,,
orb_v1.0,2024-03-25,121,TSLA,BBG001SQKGD7,0.966649417031061,14,LONG,False,BELOW_MINIMUM_RELATIVE_VOLUME,True,False,False,False,4492980.0,4647993.285714285,95437626.5,7.660028571428573,168.76,174.18,168.73,174.07,True,BELOW_MINIMUM_RELATIVE_VOLUME,False,,,,,,,,,,,,,,BELOW_MINIMUM_RELATIVE_VOLUME,False,,,,,,,,,,,,,,BELOW_MINIMUM_RELATIVE_VOLUME,False,,,,,,,,,,,,,
orb_v1.0,2024-03-25,122,SPOT,0001639920,0.9640957035900661,14,LONG,False,BELOW_MINIMUM_RELATIVE_VOLUME,True,False,False,False,37886.0,39296.92857142857,1364631.357142857,6.399535714285717,263.01,263.73,262.61,263.41,True,BELOW_MINIMUM_RELATIVE_VOLUME,False,,,,,,,,,,,,,,BELOW_MINIMUM_RELATIVE_VOLUME,False,,,,,,,,,,,,,,BELOW_MINIMUM_RELATIVE_VOLUME,False,,,,,,,,,,,,,
orb_v1.0,2024-03-25,123,JBL,BBG001S7RB70,0.9539733320878967,14,LONG,False,BELOW_MINIMUM_RELATIVE_VOLUME,True,False,False,False,26262.0,27529.071428571428,2030944.357142857,5.775242857142858,131.2,132.3699,130.84,131.99,False,BELOW_MINIMUM_RELATIVE_VOLUME,False,,,,,,,,,,,,,,BELOW_MINIMUM_RELATIVE_VOLUME,False,,,,,,,,,,,,,,BELOW_MINIMUM_RELATIVE_VOLUME,False,,,,,,,,,,,,,
orb_v1.0,2024-03-25,124,CRBG,BBG016HJ8836,0.9525174882056288,14,LONG,False,BELOW_MINIMUM_RELATIVE_VOLUME,True,False,False,False,46841.0,49176.0,5516525.571428572,0.6887857142857143,27.47,27.83,27.47,27.72,True,BELOW_MINIMUM_RELATIVE_VOLUME,False,,,,,,,,,,,,,,BELOW_MINIMUM_RELATIVE_VOLUME,False,,,,,,,,,,,,,,BELOW_MINIMUM_RELATIVE_VOLUME,False,,,,,,,,,,,,,
orb_v1.0,2024-03-25,125,NTNX,BBG001V13SG8,0.9418902903628438,14,SHORT,False,BELOW_MINIMUM_RELATIVE_VOLUME,True,False,False,False,59777.0,63464.92857142857,2969993.1428571427,2.248485714285714,64.01,64.27,63.7933,63.99,False,BELOW_MINIMUM_RELATIVE_VOLUME,False,,,,,,,,,,,,,,BELOW_MINIMUM_RELATIVE_VOLUME,False,,,,,,,,,,,,,,BELOW_MINIMUM_RELATIVE_VOLUME,False,,,,,,,,,,,,,
orb_v1.0,2024-03-25,126,FIS,BBG001S8SWQ0,0.9378444236483665,14,LONG,False,BELOW_MINIMUM_RELATIVE_VOLUME,True,False,False,False,81676.0,87089.07142857143,3835076.5714285714,1.3966071428571445,70.66,71.1,70.6,70.97,True,BELOW_MINIMUM_RELATIVE_VOLUME,False,,,,,,,,,,,,,,BELOW_MINIMUM_RELATIVE_VOLUME,False,,,,,,,,,,,,,,BELOW_MINIMUM_RELATIVE_VOLUME,False,,,,,,,,,,,,,
orb_v1.0,2024-03-25,127,CRM,BBG001SDLP09,0.9370078740157481,14,LONG,False,BELOW_MINIMUM_RELATIVE_VOLUME,True,False,False,False,263551.0,281268.71428571426,6021141.785714285,7.067500000000008,303.7,304.7,302.54,304.35,True,BELOW_MINIMUM_RELATIVE_VOLUME,False,,,,,,,,,,,,,,BELOW_MINIMUM_RELATIVE_VOLUME,False,,,,,,,,,,,,,,BELOW_MINIMUM_RELATIVE_VOLUME,False,,,,,,,,,,,,,
orb_v1.0,2024-03-25,128,APTV,0001521332,0.9360994293220961,14,LONG,False,BELOW_MINIMUM_RELATIVE_VOLUME,True,False,False,False,54869.0,58614.5,2207085.3571428573,2.072628571428573,79.19,79.88,78.77,79.54,False,BELOW_MINIMUM_RELATIVE_VOLUME,False,,,,,,,,,,,,,,BELOW_MINIMUM_RELATIVE_VOLUME,False,,,,,,,,,,,,,,BELOW_MINIMUM_RELATIVE_VOLUME,False,,,,,,,,,,,,,
orb_v1.0,2024-03-25,129,IRBT,BBG001SPB1K4,0.9360920154039613,14,LONG,False,BELOW_MINIMUM_RELATIVE_VOLUME,True,False,False,False,68114.0,72764.21428571429,2320997.5714285714,0.5766714285714288,8.17,8.2,8.065,8.18,True,BELOW_MINIMUM_RELATIVE_VOLUME,False,,,,,,,,,,,,,,BELOW_MINIMUM_RELATIVE_VOLUME,False,,,,,,,,,,,,,,BELOW_MINIMUM_RELATIVE_VOLUME,False,,,,,,,,,,,,,
orb_v1.0,2024-03-25,130,SONO,BBG001SRR9R9,0.9338449203173116,14,LONG,False,BELOW_MINIMUM_RELATIVE_VOLUME,False,False,False,False,37603.0,40266.857142857145,2302157.1428571427,0.5559000000000002,19.22,19.34,19.13,19.285,False,BELOW_MINIMUM_RELATIVE_VOLUME,False,,,,,,,,,,,,,,BELOW_MINIMUM_RELATIVE_VOLUME,False,,,,,,,,,,,,,,BELOW_MINIMUM_RELATIVE_VOLUME,False,,,,,,,,,,,,,
orb_v1.0,2024-03-25,131,NTRA,BBG001V0FSF8,0.9287170789972086,14,LONG,False,BELOW_MINIMUM_RELATIVE_VOLUME,False,False,False,False,20105.0,21648.14285714286,1648587.7142857143,3.244985714285712,92.0,92.78,92.0,92.77,True,BELOW_MINIMUM_RELATIVE_VOLUME,False,,,,,,,,,,,,,,BELOW_MINIMUM_RELATIVE_VOLUME,False,,,,,,,,,,,,,,BELOW_MINIMUM_RELATIVE_VOLUME,False,,,,,,,,,,,,,
orb_v1.0,2024-03-25,132,EA,BBG001S5T5C9,0.9231846717644058,14,SHORT,False,BELOW_MINIMUM_RELATIVE_VOLUME,True,False,False,False,70050.0,75878.64285714286,2603844.5714285714,2.4180999999999933,131.63,131.63,130.32,131.28,True,BELOW_MINIMUM_RELATIVE_VOLUME,False,,,,,,,,,,,,,,BELOW_MINIMUM_RELATIVE_VOLUME,False,,,,,,,,,,,,,,BELOW_MINIMUM_RELATIVE_VOLUME,False,,,,,,,,,,,,,
orb_v1.0,2024-03-25,133,OXY,BBG001S5TZG9,0.9226164932065065,14,LONG,False,BELOW_MINIMUM_RELATIVE_VOLUME,True,False,False,False,282560.0,306259.4285714286,6949567.571428572,0.8927000000000004,64.09,64.6299,64.07,64.53,True,BELOW_MINIMUM_RELATIVE_VOLUME,False,,,,,,,,,,,,,,BELOW_MINIMUM_RELATIVE_VOLUME,False,,,,,,,,,,,,,,BELOW_MINIMUM_RELATIVE_VOLUME,False,,,,,,,,,,,,,
orb_v1.0,2024-03-25,134,FERG,0001832433,0.9213147952573302,14,LONG,False,BELOW_MINIMUM_RELATIVE_VOLUME,True,False,False,False,42310.0,45923.5,1457837.142857143,4.908914285714287,220.92,221.95,220.92,221.15,False,BELOW_MINIMUM_RELATIVE_VOLUME,False,,,,,,,,,,,,,,BELOW_MINIMUM_RELATIVE_VOLUME,False,,,,,,,,,,,,,,BELOW_MINIMUM_RELATIVE_VOLUME,False,,,,,,,,,,,,,
orb_v1.0,2024-03-25,135,CMA,BBG001S6PXB1,0.9188771379792443,14,LONG,False,BELOW_MINIMUM_RELATIVE_VOLUME,False,False,False,False,48401.0,52674.07142857143,2775538.4285714286,1.823571428571427,51.79,52.175,51.75,52.175,True,BELOW_MINIMUM_RELATIVE_VOLUME,False,,,,,,,,,,,,,,BELOW_MINIMUM_RELATIVE_VOLUME,False,,,,,,,,,,,,,,BELOW_MINIMUM_RELATIVE_VOLUME,False,,,,,,,,,,,,,
orb_v1.0,2024-03-25,136,BCE,BBG001S5P2C0,0.9184793142005218,14,SHORT,False,BELOW_MINIMUM_RELATIVE_VOLUME,True,False,False,False,61607.0,67075.0,2891196.0,0.6164285714285717,33.71,33.775,33.6,33.69,True,BELOW_MINIMUM_RELATIVE_VOLUME,False,,,,,,,,,,,,,,BELOW_MINIMUM_RELATIVE_VOLUME,False,,,,,,,,,,,,,,BELOW_MINIMUM_RELATIVE_VOLUME,False,,,,,,,,,,,,,
orb_v1.0,2024-03-25,137,ADBE,BBG001S5NCQ5,0.917845870458332,14,LONG,False,BELOW_MINIMUM_RELATIVE_VOLUME,True,False,False,False,253412.0,276094.28571428574,5519036.428571428,20.270250000000015,496.79,507.0,496.69,506.99,True,BELOW_MINIMUM_RELATIVE_VOLUME,False,,,,,,,,,,,,,,BELOW_MINIMUM_RELATIVE_VOLUME,False,,,,,,,,,,,,,,BELOW_MINIMUM_RELATIVE_VOLUME,False,,,,,,,,,,,,,
orb_v1.0,2024-03-25,138,WBA,BBG001S5XBY7,0.9161980202973286,14,LONG,False,BELOW_MINIMUM_RELATIVE_VOLUME,True,False,False,False,324400.0,354071.9285714286,8898652.714285715,0.5313357142857136,20.665,20.925,20.665,20.91,True,BELOW_MINIMUM_RELATIVE_VOLUME,False,,,,,,,,,,,,,,BELOW_MINIMUM_RELATIVE_VOLUME,False,,,,,,,,,,,,,,BELOW_MINIMUM_RELATIVE_VOLUME,False,,,,,,,,,,,,,
orb_v1.0,2024-03-25,139,PENN,BBG001S80PY6,0.9156659370377065,14,LONG,False,BELOW_MINIMUM_RELATIVE_VOLUME,False,False,False,False,78167.0,85366.28571428571,4628185.214285715,0.6659214285714283,17.22,17.35,17.22,17.3,True,BELOW_MINIMUM_RELATIVE_VOLUME,False,,,,,,,,,,,,,,BELOW_MINIMUM_RELATIVE_VOLUME,False,,,,,,,,,,,,,,BELOW_MINIMUM_RELATIVE_VOLUME,False,,,,,,,,,,,,,
orb_v1.0,2024-03-25,140,WFC,BBG001S5XF23,0.9125306809691406,14,LONG,False,BELOW_MINIMUM_RELATIVE_VOLUME,True,False,False,False,561205.0,614998.5,20865606.64285714,1.0042857142857133,57.075,57.3,57.0,57.18,True,BELOW_MINIMUM_RELATIVE_VOLUME,False,,,,,,,,,,,,,,BELOW_MINIMUM_RELATIVE_VOLUME,False,,,,,,,,,,,,,,BELOW_MINIMUM_RELATIVE_VOLUME,False,,,,,,,,,,,,,
orb_v1.0,2024-03-25,141,ASAN,BBG00WYHL741,0.9124386560773946,14,LONG,False,BELOW_MINIMUM_RELATIVE_VOLUME,False,False,False,False,127838.0,140105.85714285713,3000965.6428571427,0.8237071428571426,15.25,15.435,15.2101,15.37,True,BELOW_MINIMUM_RELATIVE_VOLUME,False,,,,,,,,,,,,,,BELOW_MINIMUM_RELATIVE_VOLUME,False,,,,,,,,,,,,,,BELOW_MINIMUM_RELATIVE_VOLUME,False,,,,,,,,,,,,,
orb_v1.0,2024-03-25,142,HPQ,BBG001S6W7N7,0.9118348459376173,14,LONG,False,BELOW_MINIMUM_RELATIVE_VOLUME,True,False,False,False,192545.0,211162.14285714287,9677187.642857144,0.6443142857142858,29.89,30.06,29.83,29.98,False,BELOW_MINIMUM_RELATIVE_VOLUME,False,,,,,,,,,,,,,,BELOW_MINIMUM_RELATIVE_VOLUME,False,,,,,,,,,,,,,,BELOW_MINIMUM_RELATIVE_VOLUME,False,,,,,,,,,,,,,
orb_v1.0,2024-03-25,143,IBM,BBG001S5S399,0.9061022821987484,14,SHORT,False,BELOW_MINIMUM_RELATIVE_VOLUME,True,False,False,False,178831.0,197362.92857142858,5189410.357142857,3.8923571428571484,190.26,190.82,189.31,189.807,True,BELOW_MINIMUM_RELATIVE_VOLUME,False,,,,,,,,,,,,,,BELOW_MINIMUM_RELATIVE_VOLUME,False,,,,,,,,,,,,,,BELOW_MINIMUM_RELATIVE_VOLUME,False,,,,,,,,,,,,,
orb_v1.0,2024-03-25,144,IREN,0001878848,0.9047974167396792,14,LONG,False,BELOW_MINIMUM_RELATIVE_VOLUME,False,False,False,False,359821.0,397681.28571428574,9502526.214285715,0.5228285714285713,5.15,5.33,5.14,5.2815,True,BELOW_MINIMUM_RELATIVE_VOLUME,False,,,,,,,,,,,,,,BELOW_MINIMUM_RELATIVE_VOLUME,False,,,,,,,,,,,,,,BELOW_MINIMUM_RELATIVE_VOLUME,False,,,,,,,,,,,,,
orb_v1.0,2024-03-25,145,ALL,BBG001S9BM06,0.901230202608381,14,LONG,False,BELOW_MINIMUM_RELATIVE_VOLUME,True,False,False,False,31496.0,34947.78571428572,2135811.8571428573,2.718999999999998,166.52,166.94,166.22,166.695,True,BELOW_MINIMUM_RELATIVE_VOLUME,False,,,,,,,,,,,,,,BELOW_MINIMUM_RELATIVE_VOLUME,False,,,,,,,,,,,,,,BELOW_MINIMUM_RELATIVE_VOLUME,False,,,,,,,,,,,,,
orb_v1.0,2024-03-25,146,BFH,BBG001S78Z50,0.8985449693426948,14,SHORT,False,BELOW_MINIMUM_RELATIVE_VOLUME,False,False,False,False,16162.0,17986.85714285714,1051145.642857143,1.7838857142857145,35.6,35.6,35.01,35.41,False,BELOW_MINIMUM_RELATIVE_VOLUME,False,,,,,,,,,,,,,,BELOW_MINIMUM_RELATIVE_VOLUME,False,,,,,,,,,,,,,,BELOW_MINIMUM_RELATIVE_VOLUME,False,,,,,,,,,,,,,
orb_v1.0,2024-03-25,147,BMRN,BBG001S76R05,0.8977335774111337,14,LONG,False,BELOW_MINIMUM_RELATIVE_VOLUME,True,False,False,False,21613.0,24075.071428571428,1202878.5,1.5317642857142875,84.7,85.3,84.7,85.205,True,BELOW_MINIMUM_RELATIVE_VOLUME,False,,,,,,,,,,,,,,BELOW_MINIMUM_RELATIVE_VOLUME,False,,,,,,,,,,,,,,BELOW_MINIMUM_RELATIVE_VOLUME,False,,,,,,,,,,,,,
orb_v1.0,2024-03-25,148,FSLY,BBG004NLQHM9,0.8976411161064273,14,LONG,False,BELOW_MINIMUM_RELATIVE_VOLUME,False,False,False,False,113109.0,126006.92857142857,3950258.1428571427,0.5789285714285716,12.74,12.87,12.74,12.83,True,BELOW_MINIMUM_RELATIVE_VOLUME,False,,,,,,,,,,,,,,BELOW_MINIMUM_RELATIVE_VOLUME,False,,,,,,,,,,,,,,BELOW_MINIMUM_RELATIVE_VOLUME,False,,,,,,,,,,,,,
orb_v1.0,2024-03-25,149,CART,BBG00KG5VJG3,0.8974147938013199,14,SHORT,False,BELOW_MINIMUM_RELATIVE_VOLUME,False,False,False,False,89955.0,100237.92857142857,3572080.4285714286,1.3693642857142858,38.49,38.835,38.25,38.37,True,BELOW_MINIMUM_RELATIVE_VOLUME,False,,,,,,,,,,,,,,BELOW_MINIMUM_RELATIVE_VOLUME,False,,,,,,,,,,,,,,BELOW_MINIMUM_RELATIVE_VOLUME,False,,,,,,,,,,,,,
orb_v1.0,2024-03-25,150,LHX,BBG001S5S0N9,0.8942122877235827,14,SHORT,False,BELOW_MINIMUM_RELATIVE_VOLUME,True,False,False,False,22597.0,25270.285714285714,1150706.2142857143,2.9964642857142882,213.31,213.31,212.02,212.59,True,BELOW_MINIMUM_RELATIVE_VOLUME,False,,,,,,,,,,,,,,BELOW_MINIMUM_RELATIVE_VOLUME,False,,,,,,,,,,,,,,BELOW_MINIMUM_RELATIVE_VOLUME,False,,,,,,,,,,,,,
orb_v1.0,2024-03-25,151,M,BBG001S6KRW6,0.8898930674219556,14,SHORT,False,BELOW_MINIMUM_RELATIVE_VOLUME,False,False,False,False,274311.0,308251.64285714284,8586667.785714285,0.7114285714285715,20.56,20.71,20.385,20.39,True,BELOW_MINIMUM_RELATIVE_VOLUME,False,,,,,,,,,,,,,,BELOW_MINIMUM_RELATIVE_VOLUME,False,,,,,,,,,,,,,,BELOW_MINIMUM_RELATIVE_VOLUME,False,,,,,,,,,,,,,
orb_v1.0,2024-03-25,152,YETI,BBG00D8JC891,0.877132056818938,14,LONG,False,BELOW_MINIMUM_RELATIVE_VOLUME,False,False,False,False,19773.0,22542.785714285714,1589497.5,1.0928571428571427,37.46,37.895,37.46,37.7,False,BELOW_MINIMUM_RELATIVE_VOLUME,False,,,,,,,,,,,,,,BELOW_MINIMUM_RELATIVE_VOLUME,False,,,,,,,,,,,,,,BELOW_MINIMUM_RELATIVE_VOLUME,False,,,,,,,,,,,,,
orb_v1.0,2024-03-25,153,PHM,BBG001S5V5K7,0.8729230294714785,14,LONG,False,BELOW_MINIMUM_RELATIVE_VOLUME,True,False,False,False,39218.0,44927.21428571428,1970261.0714285714,3.0742857142857156,115.8,116.82,115.65,116.41,True,BELOW_MINIMUM_RELATIVE_VOLUME,False,,,,,,,,,,,,,,BELOW_MINIMUM_RELATIVE_VOLUME,False,,,,,,,,,,,,,,BELOW_MINIMUM_RELATIVE_VOLUME,False,,,,,,,,,,,,,
orb_v1.0,2024-03-25,154,RNG,BBG001SHXFM5,0.8708292066167949,14,LONG,False,BELOW_MINIMUM_RELATIVE_VOLUME,False,False,False,False,14759.0,16948.214285714286,1202133.7142857143,1.2728571428571434,35.36,35.55,35.36,35.545,True,BELOW_MINIMUM_RELATIVE_VOLUME,False,,,,,,,,,,,,,,BELOW_MINIMUM_RELATIVE_VOLUME,False,,,,,,,,,,,,,,BELOW_MINIMUM_RELATIVE_VOLUME,False,,,,,,,,,,,,,
orb_v1.0,2024-03-25,155,GM,BBG001SM1DK6,0.8696963629602856,14,LONG,False,BELOW_MINIMUM_RELATIVE_VOLUME,True,False,False,False,406130.0,466979.0714285714,20525571.785714287,0.9680999999999992,43.06,43.55,43.06,43.52,True,BELOW_MINIMUM_RELATIVE_VOLUME,False,,,,,,,,,,,,,,BELOW_MINIMUM_RELATIVE_VOLUME,False,,,,,,,,,,,,,,BELOW_MINIMUM_RELATIVE_VOLUME,False,,,,,,,,,,,,,
orb_v1.0,2024-03-25,156,RIOT,BBG001SDW128,0.8665801274323615,14,LONG,False,BELOW_MINIMUM_RELATIVE_VOLUME,False,True,False,False,985589.0,1137331.642857143,23207245.57142857,0.9647714285714285,11.6,11.94,11.59,11.8996,True,BELOW_MINIMUM_RELATIVE_VOLUME,False,,,,,,,,,,,,,,BELOW_MINIMUM_RELATIVE_VOLUME,False,,,,,,,,,,,,,,BELOW_MINIMUM_RELATIVE_VOLUME,False,,,,,,,,,,,,,
orb_v1.0,2024-03-25,157,AMCX,BBG001SLR8S3,0.8654787640835105,14,LONG,False,BELOW_MINIMUM_RELATIVE_VOLUME,False,False,False,False,10266.0,11861.642857142857,1230940.142857143,0.760892857142857,11.65,11.735,11.63,11.73,True,BELOW_MINIMUM_RELATIVE_VOLUME,False,,,,,,,,,,,,,,BELOW_MINIMUM_RELATIVE_VOLUME,False,,,,,,,,,,,,,,BELOW_MINIMUM_RELATIVE_VOLUME,False,,,,,,,,,,,,,
orb_v1.0,2024-03-25,158,DAL,BBG001SPT759,0.8618240772408945,14,SHORT,False,BELOW_MINIMUM_RELATIVE_VOLUME,True,False,False,False,253603.0,294263.0714285714,8884615.785714285,0.9917785714285701,45.48,45.585,45.26,45.31,True,BELOW_MINIMUM_RELATIVE_VOLUME,False,,,,,,,,,,,,,,BELOW_MINIMUM_RELATIVE_VOLUME,False,,,,,,,,,,,,,,BELOW_MINIMUM_RELATIVE_VOLUME,False,,,,,,,,,,,,,
orb_v1.0,2024-03-25,159,SNPS,BBG001S5VTR8,0.8611645959051866,14,SHORT,False,BELOW_MINIMUM_RELATIVE_VOLUME,True,False,False,False,46706.0,54235.857142857145,1023926.5,18.434628571428586,586.9,587.3,584.12,586.275,True,BELOW_MINIMUM_RELATIVE_VOLUME,False,,,,,,,,,,,,,,BELOW_MINIMUM_RELATIVE_VOLUME,False,,,,,,,,,,,,,,BELOW_MINIMUM_RELATIVE_VOLUME,False,,,,,,,,,,,,,
orb_v1.0,2024-03-25,160,MRVI,BBG00Y1DFW44,0.859426516135478,14,LONG,False,BELOW_MINIMUM_RELATIVE_VOLUME,False,False,False,False,30107.0,35031.5,2838325.5,0.5539285714285714,8.7,8.8,8.64,8.71,True,BELOW_MINIMUM_RELATIVE_VOLUME,False,,,,,,,,,,,,,,BELOW_MINIMUM_RELATIVE_VOLUME,False,,,,,,,,,,,,,,BELOW_MINIMUM_RELATIVE_VOLUME,False,,,,,,,,,,,,,
orb_v1.0,2024-03-25,161,MTCH,BBG00VT0KP47,0.8580464282020472,14,SHORT,False,BELOW_MINIMUM_RELATIVE_VOLUME,False,False,False,False,88295.0,102902.35714285714,7701328.5,1.0425214285714293,35.95,36.06,35.77,35.78,True,BELOW_MINIMUM_RELATIVE_VOLUME,False,,,,,,,,,,,,,,BELOW_MINIMUM_RELATIVE_VOLUME,False,,,,,,,,,,,,,,BELOW_MINIMUM_RELATIVE_VOLUME,False,,,,,,,,,,,,,
orb_v1.0,2024-03-25,162,PCOR,BBG0026ZJ313,0.855826019760446,14,LONG,False,BELOW_MINIMUM_RELATIVE_VOLUME,False,False,False,False,24365.0,28469.571428571428,1171303.5714285714,1.991414285714286,81.66,82.27,81.34,82.27,True,BELOW_MINIMUM_RELATIVE_VOLUME,False,,,,,,,,,,,,,,BELOW_MINIMUM_RELATIVE_VOLUME,False,,,,,,,,,,,,,,BELOW_MINIMUM_RELATIVE_VOLUME,False,,,,,,,,,,,,,
orb_v1.0,2024-03-25,163,KMB,BBG001S5SLZ0,0.8548624082040461,14,LONG,False,BELOW_MINIMUM_RELATIVE_VOLUME,True,False,False,False,42597.0,49829.07142857143,2285582.714285714,1.611928571428571,125.17,126.29,125.17,125.52,True,BELOW_MINIMUM_RELATIVE_VOLUME,False,,,,,,,,,,,,,,BELOW_MINIMUM_RELATIVE_VOLUME,False,,,,,,,,,,,,,,BELOW_MINIMUM_RELATIVE_VOLUME,False,,,,,,,,,,,,,
orb_v1.0,2024-03-25,164,OVV,BBG00R2NHQ74,0.8545343559530517,14,LONG,False,BELOW_MINIMUM_RELATIVE_VOLUME,False,False,False,False,59696.0,69857.92857142857,4340583.928571428,0.9365714285714272,51.01,51.62,51.01,51.62,True,BELOW_MINIMUM_RELATIVE_VOLUME,False,,,,,,,,,,,,,,BELOW_MINIMUM_RELATIVE_VOLUME,False,,,,,,,,,,,,,,BELOW_MINIMUM_RELATIVE_VOLUME,False,,,,,,,,,,,,,
orb_v1.0,2024-03-25,165,OGE,BBG001S5TVY8,0.8538105771164287,14,LONG,False,BELOW_MINIMUM_RELATIVE_VOLUME,False,False,False,False,21230.0,24865.0,1624760.2857142857,0.5175071428571424,33.87,33.92,33.8101,33.92,True,BELOW_MINIMUM_RELATIVE_VOLUME,False,,,,,,,,,,,,,,BELOW_MINIMUM_RELATIVE_VOLUME,False,,,,,,,,,,,,,,BELOW_MINIMUM_RELATIVE_VOLUME,False,,,,,,,,,,,,,
orb_v1.0,2024-03-25,166,ACVA,BBG00G5JGQ75,0.8517045869549339,14,LONG,False,BELOW_MINIMUM_RELATIVE_VOLUME,False,False,False,False,26653.0,31293.714285714286,1464169.5,0.6460000000000002,19.14,19.5,19.14,19.48,True,BELOW_MINIMUM_RELATIVE_VOLUME,False,,,,,,,,,,,,,,BELOW_MINIMUM_RELATIVE_VOLUME,False,,,,,,,,,,,,,,BELOW_MINIMUM_RELATIVE_VOLUME,False,,,,,,,,,,,,,
orb_v1.0,2024-03-25,167,G,0001398659,0.8480432315427919,14,LONG,False,BELOW_MINIMUM_RELATIVE_VOLUME,False,False,False,False,16119.0,19007.285714285714,1728149.0714285714,0.6517857142857151,31.92,32.045,31.9,32.0,True,BELOW_MINIMUM_RELATIVE_VOLUME,False,,,,,,,,,,,,,,BELOW_MINIMUM_RELATIVE_VOLUME,False,,,,,,,,,,,,,,BELOW_MINIMUM_RELATIVE_VOLUME,False,,,,,,,,,,,,,
orb_v1.0,2024-03-25,168,MRNA,BBG003PHHZV8,0.8476324517976831,14,LONG,False,BELOW_MINIMUM_RELATIVE_VOLUME,True,False,False,False,129183.0,152404.5,4128466.6428571427,4.518407142857144,106.0,108.3,105.9,107.4,True,BELOW_MINIMUM_RELATIVE_VOLUME,False,,,,,,,,,,,,,,BELOW_MINIMUM_RELATIVE_VOLUME,False,,,,,,,,,,,,,,BELOW_MINIMUM_RELATIVE_VOLUME,False,,,,,,,,,,,,,
orb_v1.0,2024-03-25,169,CVS,BBG001S5QBD8,0.8466036160824856,14,LONG,False,BELOW_MINIMUM_RELATIVE_VOLUME,True,False,False,False,197766.0,233599.2857142857,8451816.0,1.5308142857142866,78.83,79.45,78.55,79.36,True,BELOW_MINIMUM_RELATIVE_VOLUME,False,,,,,,,,,,,,,,BELOW_MINIMUM_RELATIVE_VOLUME,False,,,,,,,,,,,,,,BELOW_MINIMUM_RELATIVE_VOLUME,False,,,,,,,,,,,,,
orb_v1.0,2024-03-25,170,MA,BBG001SKNNS6,0.8406934903500164,14,SHORT,False,BELOW_MINIMUM_RELATIVE_VOLUME,True,False,False,False,75815.0,90181.5,2217721.285714286,5.645964285714293,481.6,482.32,477.0,477.28,True,BELOW_MINIMUM_RELATIVE_VOLUME,False,,,,,,,,,,,,,,BELOW_MINIMUM_RELATIVE_VOLUME,False,,,,,,,,,,,,,,BELOW_MINIMUM_RELATIVE_VOLUME,False,,,,,,,,,,,,,
orb_v1.0,2024-03-25,171,SLM,BBG001S5W4T0,0.8403339195361076,14,LONG,False,BELOW_MINIMUM_RELATIVE_VOLUME,False,False,False,False,27783.0,33061.857142857145,2986680.285714286,0.51,21.37,21.54,21.37,21.39,False,BELOW_MINIMUM_RELATIVE_VOLUME,False,,,,,,,,,,,,,,BELOW_MINIMUM_RELATIVE_VOLUME,False,,,,,,,,,,,,,,BELOW_MINIMUM_RELATIVE_VOLUME,False,,,,,,,,,,,,,
orb_v1.0,2024-03-25,172,LNC,BBG001S5STV7,0.8379921020583742,14,LONG,False,BELOW_MINIMUM_RELATIVE_VOLUME,False,False,False,False,25116.0,29971.64285714286,2031593.357142857,0.9039285714285702,29.48,29.7,29.47,29.685,True,BELOW_MINIMUM_RELATIVE_VOLUME,False,,,,,,,,,,,,,,BELOW_MINIMUM_RELATIVE_VOLUME,False,,,,,,,,,,,,,,BELOW_MINIMUM_RELATIVE_VOLUME,False,,,,,,,,,,,,,
orb_v1.0,2024-03-25,173,EOG,BBG001S5ZB93,0.8379887975813346,14,LONG,False,BELOW_MINIMUM_RELATIVE_VOLUME,True,False,False,False,91507.0,109198.35714285714,4261072.214285715,1.958292857142857,125.39,126.0,125.17,125.975,True,BELOW_MINIMUM_RELATIVE_VOLUME,False,,,,,,,,,,,,,,BELOW_MINIMUM_RELATIVE_VOLUME,False,,,,,,,,,,,,,,BELOW_MINIMUM_RELATIVE_VOLUME,False,,,,,,,,,,,,,
orb_v1.0,2024-03-25,174,CRBU,BBG008G28LH7,0.8323775241936244,14,LONG,False,BELOW_MINIMUM_RELATIVE_VOLUME,False,False,False,False,63096.0,75802.14285714286,2042342.9285714286,0.5334285714285715,5.25,5.4,5.2,5.4,True,BELOW_MINIMUM_RELATIVE_VOLUME,False,,,,,,,,,,,,,,BELOW_MINIMUM_RELATIVE_VOLUME,False,,,,,,,,,,,,,,BELOW_MINIMUM_RELATIVE_VOLUME,False,,,,,,,,,,,,,
orb_v1.0,2024-03-25,175,VSAT,BBG001S98NF2,0.8311899113497315,14,LONG,False,BELOW_MINIMUM_RELATIVE_VOLUME,False,False,False,False,14265.0,17162.14285714286,1207927.2857142857,1.0173571428571428,17.16,17.46,17.16,17.38,True,BELOW_MINIMUM_RELATIVE_VOLUME,False,,,,,,,,,,,,,,BELOW_MINIMUM_RELATIVE_VOLUME,False,,,,,,,,,,,,,,BELOW_MINIMUM_RELATIVE_VOLUME,False,,,,,,,,,,,,,
orb_v1.0,2024-03-25,176,TPR,BBG001SFH7D5,0.8294911380096355,14,LONG,False,BELOW_MINIMUM_RELATIVE_VOLUME,False,False,False,False,56301.0,67874.14285714286,3549425.5,1.0129571428571427,46.95,47.15,46.9,46.97,False,BELOW_MINIMUM_RELATIVE_VOLUME,False,,,,,,,,,,,,,,BELOW_MINIMUM_RELATIVE_VOLUME,False,,,,,,,,,,,,,,BELOW_MINIMUM_RELATIVE_VOLUME,False,,,,,,,,,,,,,
orb_v1.0,2024-03-25,177,TROX,0001530804,0.8286150059354032,14,LONG,False,BELOW_MINIMUM_RELATIVE_VOLUME,False,False,False,False,32558.0,39292.07142857143,1268167.142857143,0.5682142857142862,16.98,17.16,16.96,17.04,True,BELOW_MINIMUM_RELATIVE_VOLUME,False,,,,,,,,,,,,,,BELOW_MINIMUM_RELATIVE_VOLUME,False,,,,,,,,,,,,,,BELOW_MINIMUM_RELATIVE_VOLUME,False,,,,,,,,,,,,,
orb_v1.0,2024-03-25,178,CM,BBG001S5YBB1,0.8266347716523931,14,LONG,False,BELOW_MINIMUM_RELATIVE_VOLUME,True,False,False,False,19401.0,23469.85714285714,1931938.2142857143,0.6314285714285707,50.15,50.45,50.15,50.44,True,BELOW_MINIMUM_RELATIVE_VOLUME,False,,,,,,,,,,,,,,BELOW_MINIMUM_RELATIVE_VOLUME,False,,,,,,,,,,,,,,BELOW_MINIMUM_RELATIVE_VOLUME,False,,,,,,,,,,,,,
orb_v1.0,2024-03-25,179,CPNG,BBG00XMJRPR7,0.8248699472135141,14,LONG,False,BELOW_MINIMUM_RELATIVE_VOLUME,True,False,False,False,341797.0,414364.71428571426,17383912.57142857,0.6854642857142859,17.58,17.72,17.5,17.7184,True,BELOW_MINIMUM_RELATIVE_VOLUME,False,,,,,,,,,,,,,,BELOW_MINIMUM_RELATIVE_VOLUME,False,,,,,,,,,,,,,,BELOW_MINIMUM_RELATIVE_VOLUME,False,,,,,,,,,,,,,
orb_v1.0,2024-03-25,180,SIGA,BBG001S80PZ5,0.8236907964293839,14,LONG,False,BELOW_MINIMUM_RELATIVE_VOLUME,False,False,False,False,61547.0,74721.0,1474981.2857142857,0.5330357142857142,8.11,8.26,8.09,8.26,True,BELOW_MINIMUM_RELATIVE_VOLUME,False,,,,,,,,,,,,,,BELOW_MINIMUM_RELATIVE_VOLUME,False,,,,,,,,,,,,,,BELOW_MINIMUM_RELATIVE_VOLUME,False,,,,,,,,,,,,,
orb_v1.0,2024-03-25,181,FTI,0001681459,0.8202211263482627,14,LONG,False,BELOW_MINIMUM_RELATIVE_VOLUME,False,False,False,False,91063.0,111022.5,5167335.714285715,0.6277857142857144,25.44,25.62,25.437,25.61,True,BELOW_MINIMUM_RELATIVE_VOLUME,False,,,,,,,,,,,,,,BELOW_MINIMUM_RELATIVE_VOLUME,False,,,,,,,,,,,,,,BELOW_MINIMUM_RELATIVE_VOLUME,False,,,,,,,,,,,,,
orb_v1.0,2024-03-25,182,SEDG,BBG0084BC0P2,0.8192667616495526,14,LONG,False,BELOW_MINIMUM_RELATIVE_VOLUME,False,False,False,False,47563.0,58055.57142857143,2017675.357142857,3.671071428571428,64.32,64.98,63.85,64.85,True,BELOW_MINIMUM_RELATIVE_VOLUME,False,,,,,,,,,,,,,,BELOW_MINIMUM_RELATIVE_VOLUME,False,,,,,,,,,,,,,,BELOW_MINIMUM_RELATIVE_VOLUME,False,,,,,,,,,,,,,
orb_v1.0,2024-03-25,183,SFM,BBG001V0MZS0,0.8168158876878154,14,LONG,False,BELOW_MINIMUM_RELATIVE_VOLUME,False,False,False,False,42240.0,51713.0,1350629.4285714286,1.4968285714285703,64.03,64.9699,64.015,64.585,False,BELOW_MINIMUM_RELATIVE_VOLUME,False,,,,,,,,,,,,,,BELOW_MINIMUM_RELATIVE_VOLUME,False,,,,,,,,,,,,,,BELOW_MINIMUM_RELATIVE_VOLUME,False,,,,,,,,,,,,,
orb_v1.0,2024-03-25,184,VRT,BBG00L2B8LM7,0.8098471348010369,14,SHORT,False,BELOW_MINIMUM_RELATIVE_VOLUME,True,False,False,False,329212.0,406511.28571428574,8570573.357142856,3.8876428571428576,82.4,82.6,81.37,81.98,True,BELOW_MINIMUM_RELATIVE_VOLUME,False,,,,,,,,,,,,,,BELOW_MINIMUM_RELATIVE_VOLUME,False,,,,,,,,,,,,,,BELOW_MINIMUM_RELATIVE_VOLUME,False,,,,,,,,,,,,,
orb_v1.0,2024-03-25,185,KRC,BBG001S9BHB5,0.8098459856721779,14,LONG,False,BELOW_MINIMUM_RELATIVE_VOLUME,False,False,False,False,14817.0,18296.071428571428,1027180.0714285715,1.1617857142857153,35.76,36.07,35.76,36.005,True,BELOW_MINIMUM_RELATIVE_VOLUME,False,,,,,,,,,,,,,,BELOW_MINIMUM_RELATIVE_VOLUME,False,,,,,,,,,,,,,,BELOW_MINIMUM_RELATIVE_VOLUME,False,,,,,,,,,,,,,
orb_v1.0,2024-03-25,186,ALGM,BBG00H5S83B8,0.8065901978316754,14,LONG,False,BELOW_MINIMUM_RELATIVE_VOLUME,False,False,False,False,16495.0,20450.285714285714,1591525.0714285714,1.1803571428571424,26.455,26.6999,26.455,26.6999,True,BELOW_MINIMUM_RELATIVE_VOLUME,False,,,,,,,,,,,,,,BELOW_MINIMUM_RELATIVE_VOLUME,False,,,,,,,,,,,,,,BELOW_MINIMUM_RELATIVE_VOLUME,False,,,,,,,,,,,,,
orb_v1.0,2024-03-25,187,NTLA,BBG007KC7PC9,0.8013605623746785,14,LONG,False,BELOW_MINIMUM_RELATIVE_VOLUME,False,False,False,False,34313.0,42818.42857142857,1385499.0,1.5249000000000001,26.95,27.34,26.79,27.34,False,BELOW_MINIMUM_RELATIVE_VOLUME,False,,,,,,,,,,,,,,BELOW_MINIMUM_RELATIVE_VOLUME,False,,,,,,,,,,,,,,BELOW_MINIMUM_RELATIVE_VOLUME,False,,,,,,,,,,,,,
orb_v1.0,2024-03-25,188,DELL,BBG00DW3SZT0,0.8011511900022056,14,LONG,False,BELOW_MINIMUM_RELATIVE_VOLUME,True,False,False,False,319652.0,398990.85714285716,8893652.57142857,4.495771428571429,111.27,112.5,110.312,112.39,True,BELOW_MINIMUM_RELATIVE_VOLUME,False,,,,,,,,,,,,,,BELOW_MINIMUM_RELATIVE_VOLUME,False,,,,,,,,,,,,,,BELOW_MINIMUM_RELATIVE_VOLUME,False,,,,,,,,,,,,,
orb_v1.0,2024-03-25,189,MRVL,BBG00ZXBJ162,0.7978738323423379,14,SHORT,False,BELOW_MINIMUM_RELATIVE_VOLUME,True,False,False,False,756682.0,948373.0,19855792.14285714,3.449435714285714,65.56,65.56,64.44,65.21,False,BELOW_MINIMUM_RELATIVE_VOLUME,False,,,,,,,,,,,,,,BELOW_MINIMUM_RELATIVE_VOLUME,False,,,,,,,,,,,,,,BELOW_MINIMUM_RELATIVE_VOLUME,False,,,,,,,,,,,,,
orb_v1.0,2024-03-25,190,GCT,0001857816,0.7950437876112156,14,LONG,False,BELOW_MINIMUM_RELATIVE_VOLUME,False,False,False,False,182074.0,229011.2857142857,3837415.9285714286,5.368050000000001,27.1,27.4901,26.75,27.3787,True,BELOW_MINIMUM_RELATIVE_VOLUME,False,,,,,,,,,,,,,,BELOW_MINIMUM_RELATIVE_VOLUME,False,,,,,,,,,,,,,,BELOW_MINIMUM_RELATIVE_VOLUME,False,,,,,,,,,,,,,
orb_v1.0,2024-03-25,191,SNDR,BBG001SF1R75,0.7947500532809207,14,LONG,False,BELOW_MINIMUM_RELATIVE_VOLUME,False,False,False,False,9589.0,12065.42857142857,1146044.142857143,0.5292857142857138,21.91,22.07,21.91,22.06,True,BELOW_MINIMUM_RELATIVE_VOLUME,False,,,,,,,,,,,,,,BELOW_MINIMUM_RELATIVE_VOLUME,False,,,,,,,,,,,,,,BELOW_MINIMUM_RELATIVE_VOLUME,False,,,,,,,,,,,,,
orb_v1.0,2024-03-25,192,BRK.B,BBG001S90346,0.7936116318653307,14,SHORT,False,BELOW_MINIMUM_RELATIVE_VOLUME,True,False,False,False,154997.0,195305.85714285713,3716213.5714285714,4.581028571428574,410.67,411.065,409.28,410.26,True,BELOW_MINIMUM_RELATIVE_VOLUME,False,,,,,,,,,,,,,,BELOW_MINIMUM_RELATIVE_VOLUME,False,,,,,,,,,,,,,,BELOW_MINIMUM_RELATIVE_VOLUME,False,,,,,,,,,,,,,
orb_v1.0,2024-03-25,193,NOVA,BBG00PLQ1KH9,0.7910135242665673,14,LONG,False,BELOW_MINIMUM_RELATIVE_VOLUME,False,False,False,False,293963.0,371628.28571428574,14160466.0,0.6220785714285715,5.8,5.94,5.75,5.92,True,BELOW_MINIMUM_RELATIVE_VOLUME,False,,,,,,,,,,,,,,BELOW_MINIMUM_RELATIVE_VOLUME,False,,,,,,,,,,,,,,BELOW_MINIMUM_RELATIVE_VOLUME,False,,,,,,,,,,,,,
orb_v1.0,2024-03-25,194,TOST,BBG00BTJVKB1,0.7878738307393621,14,LONG,False,BELOW_MINIMUM_RELATIVE_VOLUME,False,False,False,False,138296.0,175530.64285714287,6836389.642857143,0.9606071428571428,23.92,24.305,23.86,24.2,True,BELOW_MINIMUM_RELATIVE_VOLUME,False,,,,,,,,,,,,,,BELOW_MINIMUM_RELATIVE_VOLUME,False,,,,,,,,,,,,,,BELOW_MINIMUM_RELATIVE_VOLUME,False,,,,,,,,,,,,,
orb_v1.0,2024-03-25,195,WMB,BBG001S5XH10,0.786801352676541,14,LONG,False,BELOW_MINIMUM_RELATIVE_VOLUME,True,False,False,False,190669.0,242334.35714285713,7283403.642857143,0.5667142857142871,38.34,38.6,38.34,38.54,True,BELOW_MINIMUM_RELATIVE_VOLUME,False,,,,,,,,,,,,,,BELOW_MINIMUM_RELATIVE_VOLUME,False,,,,,,,,,,,,,,BELOW_MINIMUM_RELATIVE_VOLUME,False,,,,,,,,,,,,,
orb_v1.0,2024-03-25,196,MO,BBG001S5T8T5,0.7857309249601138,14,LONG,False,BELOW_MINIMUM_RELATIVE_VOLUME,True,False,False,False,535820.0,681938.2857142857,19569301.85714286,0.8176357142857142,42.93,43.44,42.915,43.31,True,BELOW_MINIMUM_RELATIVE_VOLUME,False,,,,,,,,,,,,,,BELOW_MINIMUM_RELATIVE_VOLUME,False,,,,,,,,,,,,,,BELOW_MINIMUM_RELATIVE_VOLUME,False,,,,,,,,,,,,,
orb_v1.0,2024-03-25,197,ANET,BBG001T51KQ0,0.7833956202642552,14,LONG,False,BELOW_MINIMUM_RELATIVE_VOLUME,True,False,False,False,82770.0,105655.42857142857,3001996.6428571427,9.757685714285705,302.47,305.91,300.46,303.65,True,BELOW_MINIMUM_RELATIVE_VOLUME,False,,,,,,,,,,,,,,BELOW_MINIMUM_RELATIVE_VOLUME,False,,,,,,,,,,,,,,BELOW_MINIMUM_RELATIVE_VOLUME,False,,,,,,,,,,,,,
orb_v1.0,2024-03-25,198,SPIR,BBG00WCNHBY5,0.7832962674647086,14,SHORT,False,BELOW_MINIMUM_RELATIVE_VOLUME,True,False,False,False,40177.0,51292.21428571428,1382167.0714285714,2.0928571428571425,11.85,11.96,11.68,11.775,True,BELOW_MINIMUM_RELATIVE_VOLUME,False,,,,,,,,,,,,,,BELOW_MINIMUM_RELATIVE_VOLUME,False,,,,,,,,,,,,,,BELOW_MINIMUM_RELATIVE_VOLUME,False,,,,,,,,,,,,,
orb_v1.0,2024-03-25,199,AAP,BBG001SD2SB2,0.7788057633450552,14,LONG,False,BELOW_MINIMUM_RELATIVE_VOLUME,False,False,False,False,44404.0,57015.5,2702302.4285714286,2.9980571428571423,86.71,87.3588,86.5801,87.1188,False,BELOW_MINIMUM_RELATIVE_VOLUME,False,,,,,,,,,,,,,,BELOW_MINIMUM_RELATIVE_VOLUME,False,,,,,,,,,,,,,,BELOW_MINIMUM_RELATIVE_VOLUME,False,,,,,,,,,,,,,
orb_v1.0,2024-03-25,200,FOXA,BBG00JHNJX06,0.7786827117885752,14,LONG,False,BELOW_MINIMUM_RELATIVE_VOLUME,False,False,False,False,48235.0,61944.357142857145,3447701.285714286,0.6714285714285708,30.19,30.23,30.07,30.23,True,BELOW_MINIMUM_RELATIVE_VOLUME,False,,,,,,,,,,,,,,BELOW_MINIMUM_RELATIVE_VOLUME,False,,,,,,,,,,,,,,BELOW_MINIMUM_RELATIVE_VOLUME,False,,,,,,,,,,,,,
orb_v1.0,2024-03-25,201,SYK,BBG001S8FR03,0.7784260494062362,14,SHORT,False,BELOW_MINIMUM_RELATIVE_VOLUME,True,False,False,False,14009.0,17996.571428571428,1088186.0,5.120464285714279,353.25,353.565,352.11,352.885,True,BELOW_MINIMUM_RELATIVE_VOLUME,False,,,,,,,,,,,,,,BELOW_MINIMUM_RELATIVE_VOLUME,False,,,,,,,,,,,,,,BELOW_MINIMUM_RELATIVE_VOLUME,False,,,,,,,,,,,,,
orb_v1.0,2024-03-25,202,ST,0001477294,0.778185594510255,14,LONG,False,BELOW_MINIMUM_RELATIVE_VOLUME,False,False,False,False,10919.0,14031.357142857143,1833137.0,0.7085714285714302,35.62,35.87,35.55,35.87,True,BELOW_MINIMUM_RELATIVE_VOLUME,False,,,,,,,,,,,,,,BELOW_MINIMUM_RELATIVE_VOLUME,False,,,,,,,,,,,,,,BELOW_MINIMUM_RELATIVE_VOLUME,False,,,,,,,,,,,,,
orb_v1.0,2024-03-25,203,SRRK,BBG00KT2RSD4,0.7773817267758276,14,LONG,False,BELOW_MINIMUM_RELATIVE_VOLUME,False,False,False,False,18865.0,24267.35714285714,1418764.0714285714,1.3435607142857144,16.18,16.77,16.18,16.71,True,BELOW_MINIMUM_RELATIVE_VOLUME,False,,,,,,,,,,,,,,BELOW_MINIMUM_RELATIVE_VOLUME,False,,,,,,,,,,,,,,BELOW_MINIMUM_RELATIVE_VOLUME,False,,,,,,,,,,,,,
orb_v1.0,2024-03-25,204,DVN,BBG001S63VG4,0.7742505784036416,14,LONG,False,BELOW_MINIMUM_RELATIVE_VOLUME,True,False,False,False,231984.0,299623.9285714286,8125120.285714285,0.8009571428571434,48.68,49.07,48.56,48.98,True,BELOW_MINIMUM_RELATIVE_VOLUME,False,,,,,,,,,,,,,,BELOW_MINIMUM_RELATIVE_VOLUME,False,,,,,,,,,,,,,,BELOW_MINIMUM_RELATIVE_VOLUME,False,,,,,,,,,,,,,
orb_v1.0,2024-03-25,205,TXG,BBG007WX14Y9,0.767653274311938,14,LONG,False,BELOW_MINIMUM_RELATIVE_VOLUME,False,False,False,False,13155.0,17136.64285714286,1472898.5714285714,1.8010714285714293,36.32,36.58,36.2,36.51,False,BELOW_MINIMUM_RELATIVE_VOLUME,False,,,,,,,,,,,,,,BELOW_MINIMUM_RELATIVE_VOLUME,False,,,,,,,,,,,,,,BELOW_MINIMUM_RELATIVE_VOLUME,False,,,,,,,,,,,,,
orb_v1.0,2024-03-25,206,PARA,BBG001S6L063,0.7668716896169453,14,LONG,False,BELOW_MINIMUM_RELATIVE_VOLUME,False,False,False,False,448307.0,584591.9285714285,18203883.285714287,0.5454357142857144,11.35,11.45,11.3017,11.4,True,BELOW_MINIMUM_RELATIVE_VOLUME,False,,,,,,,,,,,,,,BELOW_MINIMUM_RELATIVE_VOLUME,False,,,,,,,,,,,,,,BELOW_MINIMUM_RELATIVE_VOLUME,False,,,,,,,,,,,,,
orb_v1.0,2024-03-25,207,MMM,BBG001S5T7X2,0.7650284674883322,14,SHORT,False,BELOW_MINIMUM_RELATIVE_VOLUME,True,False,False,False,230001.0,300643.71428571426,7584199.714285715,2.6429000000000005,105.9,106.3,105.1,105.52,True,BELOW_MINIMUM_RELATIVE_VOLUME,False,,,,,,,,,,,,,,BELOW_MINIMUM_RELATIVE_VOLUME,False,,,,,,,,,,,,,,BELOW_MINIMUM_RELATIVE_VOLUME,False,,,,,,,,,,,,,
orb_v1.0,2024-03-25,208,FLEX,0000866374,0.7647337824293934,14,SHORT,False,BELOW_MINIMUM_RELATIVE_VOLUME,False,False,False,False,64148.0,83882.78571428571,4860668.928571428,0.8163571428571428,28.82,28.83,28.69,28.79,True,BELOW_MINIMUM_RELATIVE_VOLUME,False,,,,,,,,,,,,,,BELOW_MINIMUM_RELATIVE_VOLUME,False,,,,,,,,,,,,,,BELOW_MINIMUM_RELATIVE_VOLUME,False,,,,,,,,,,,,,
orb_v1.0,2024-03-25,209,D,BBG001S5QCP3,0.7643093043624998,14,SHORT,False,BELOW_MINIMUM_RELATIVE_VOLUME,True,False,False,False,74734.0,97779.78571428571,6839653.928571428,1.0701714285714286,48.28,48.37,48.08,48.27,True,BELOW_MINIMUM_RELATIVE_VOLUME,False,,,,,,,,,,,,,,BELOW_MINIMUM_RELATIVE_VOLUME,False,,,,,,,,,,,,,,BELOW_MINIMUM_RELATIVE_VOLUME,False,,,,,,,,,,,,,
orb_v1.0,2024-03-25,210,JPM,BBG001S8CRC3,0.7619199131533103,14,SHORT,False,BELOW_MINIMUM_RELATIVE_VOLUME,True,False,False,False,310620.0,407680.64285714284,8638935.92857143,2.9665714285714273,196.6,196.94,195.74,196.06,True,BELOW_MINIMUM_RELATIVE_VOLUME,False,,,,,,,,,,,,,,BELOW_MINIMUM_RELATIVE_VOLUME,False,,,,,,,,,,,,,,BELOW_MINIMUM_RELATIVE_VOLUME,False,,,,,,,,,,,,,
orb_v1.0,2024-03-25,211,CME,BBG001S86547,0.7616205893463641,14,LONG,False,BELOW_MINIMUM_RELATIVE_VOLUME,True,False,False,False,31250.0,41030.92857142857,1534162.2857142857,3.1765999999999996,215.14,215.65,215.08,215.194,True,BELOW_MINIMUM_RELATIVE_VOLUME,False,,,,,,,,,,,,,,BELOW_MINIMUM_RELATIVE_VOLUME,False,,,,,,,,,,,,,,BELOW_MINIMUM_RELATIVE_VOLUME,False,,,,,,,,,,,,,
orb_v1.0,2024-03-25,212,AFRM,BBG00Y7BP8Z0,0.759311733077135,14,LONG,False,BELOW_MINIMUM_RELATIVE_VOLUME,False,False,False,False,205149.0,270177.5714285714,7382238.214285715,2.4362642857142864,36.36,36.939,36.2507,36.85,True,BELOW_MINIMUM_RELATIVE_VOLUME,False,,,,,,,,,,,,,,BELOW_MINIMUM_RELATIVE_VOLUME,False,,,,,,,,,,,,,,BELOW_MINIMUM_RELATIVE_VOLUME,False,,,,,,,,,,,,,
orb_v1.0,2024-03-25,213,NEP,BBG006JNW312,0.7575936546509602,14,LONG,False,BELOW_MINIMUM_RELATIVE_VOLUME,False,False,False,False,31977.0,42208.642857142855,1383201.2857142857,0.9100142857142851,28.45,28.62,28.4,28.62,True,BELOW_MINIMUM_RELATIVE_VOLUME,False,,,,,,,,,,,,,,BELOW_MINIMUM_RELATIVE_VOLUME,False,,,,,,,,,,,,,,BELOW_MINIMUM_RELATIVE_VOLUME,False,,,,,,,,,,,,,
orb_v1.0,2024-03-25,214,DTE,BBG001S5QN88,0.7505293147398411,14,SHORT,False,BELOW_MINIMUM_RELATIVE_VOLUME,True,False,False,False,8938.0,11908.92857142857,1284532.4285714286,1.7789214285714274,109.3,109.3,108.84,109.095,True,BELOW_MINIMUM_RELATIVE_VOLUME,False,,,,,,,,,,,,,,BELOW_MINIMUM_RELATIVE_VOLUME,False,,,,,,,,,,,,,,BELOW_MINIMUM_RELATIVE_VOLUME,False,,,,,,,,,,,,,
orb_v1.0,2024-03-25,215,EXPD,BBG001S5QZZ1,0.7489576193740004,14,LONG,False,BELOW_MINIMUM_RELATIVE_VOLUME,True,False,False,False,14986.0,20009.14285714286,1261565.5714285714,2.0999999999999983,121.41,121.98,121.41,121.74,True,BELOW_MINIMUM_RELATIVE_VOLUME,False,,,,,,,,,,,,,,BELOW_MINIMUM_RELATIVE_VOLUME,False,,,,,,,,,,,,,,BELOW_MINIMUM_RELATIVE_VOLUME,False,,,,,,,,,,,,,
orb_v1.0,2024-03-25,216,FOX,BBG00JHNKKR3,0.7475551770276093,14,SHORT,False,BELOW_MINIMUM_RELATIVE_VOLUME,False,False,False,False,21191.0,28347.071428571428,1555209.7142857143,0.592357142857143,27.48,27.5,27.31,27.435,False,BELOW_MINIMUM_RELATIVE_VOLUME,False,,,,,,,,,,,,,,BELOW_MINIMUM_RELATIVE_VOLUME,False,,,,,,,,,,,,,,BELOW_MINIMUM_RELATIVE_VOLUME,False,,,,,,,,,,,,,
orb_v1.0,2024-03-25,217,APP,BBG006HFPX86,0.7425254259286267,14,LONG,False,BELOW_MINIMUM_RELATIVE_VOLUME,True,False,False,False,79277.0,106766.71428571429,4574509.857142857,2.8119000000000005,70.61,72.16,70.39,71.79,True,BELOW_MINIMUM_RELATIVE_VOLUME,False,,,,,,,,,,,,,,BELOW_MINIMUM_RELATIVE_VOLUME,False,,,,,,,,,,,,,,BELOW_MINIMUM_RELATIVE_VOLUME,False,,,,,,,,,,,,,
orb_v1.0,2024-03-25,218,TGT,BBG001SC0K41,0.7421535678563511,14,LONG,False,BELOW_MINIMUM_RELATIVE_VOLUME,True,False,False,False,203729.0,274510.5714285714,5134930.785714285,4.5027071428571395,170.0,172.87,169.73,172.28,True,BELOW_MINIMUM_RELATIVE_VOLUME,False,,,,,,,,,,,,,,BELOW_MINIMUM_RELATIVE_VOLUME,False,,,,,,,,,,,,,,BELOW_MINIMUM_RELATIVE_VOLUME,False,,,,,,,,,,,,,
orb_v1.0,2024-03-25,219,HAS,BBG001S5RSQ6,0.7415792960318373,14,LONG,False,BELOW_MINIMUM_RELATIVE_VOLUME,False,False,False,False,21669.0,29220.071428571428,1595723.9285714286,1.184271428571428,54.53,54.86,54.53,54.7,True,BELOW_MINIMUM_RELATIVE_VOLUME,False,,,,,,,,,,,,,,BELOW_MINIMUM_RELATIVE_VOLUME,False,,,,,,,,,,,,,,BELOW_MINIMUM_RELATIVE_VOLUME,False,,,,,,,,,,,,,
orb_v1.0,2024-03-25,220,SG,BBG005NTTSQ8,0.7415408800900322,14,LONG,False,BELOW_MINIMUM_RELATIVE_VOLUME,False,False,False,False,48383.0,65246.57142857143,2949129.785714286,1.0999928571428572,25.2,25.36,25.1,25.2162,True,BELOW_MINIMUM_RELATIVE_VOLUME,False,,,,,,,,,,,,,,BELOW_MINIMUM_RELATIVE_VOLUME,False,,,,,,,,,,,,,,BELOW_MINIMUM_RELATIVE_VOLUME,False,,,,,,,,,,,,,
orb_v1.0,2024-03-25,221,MODG,BBG001S70DV8,0.7402685856952821,14,LONG,False,BELOW_MINIMUM_RELATIVE_VOLUME,False,False,False,False,51316.0,69320.78571428571,3202490.285714286,0.6089571428571426,15.89,16.0873,15.89,15.99,True,BELOW_MINIMUM_RELATIVE_VOLUME,False,,,,,,,,,,,,,,BELOW_MINIMUM_RELATIVE_VOLUME,False,,,,,,,,,,,,,,BELOW_MINIMUM_RELATIVE_VOLUME,False,,,,,,,,,,,,,
orb_v1.0,2024-03-25,222,YUM,BBG001S7JQ30,0.7395112626963009,14,LONG,False,BELOW_MINIMUM_RELATIVE_VOLUME,True,False,False,False,28187.0,38115.71428571428,2164900.0,1.6792142857142807,136.06,136.17,135.885,136.1,False,BELOW_MINIMUM_RELATIVE_VOLUME,False,,,,,,,,,,,,,,BELOW_MINIMUM_RELATIVE_VOLUME,False,,,,,,,,,,,,,,BELOW_MINIMUM_RELATIVE_VOLUME,False,,,,,,,,,,,,,
orb_v1.0,2024-03-25,223,STT,BBG001S5RLD5,0.7371859687329859,14,LONG,False,BELOW_MINIMUM_RELATIVE_VOLUME,True,False,False,False,31819.0,43162.78571428572,2387792.0714285714,1.3649999999999989,76.39,76.625,76.04,76.44,True,BELOW_MINIMUM_RELATIVE_VOLUME,False,,,,,,,,,,,,,,BELOW_MINIMUM_RELATIVE_VOLUME,False,,,,,,,,,,,,,,BELOW_MINIMUM_RELATIVE_VOLUME,False,,,,,,,,,,,,,
orb_v1.0,2024-03-25,224,NVEI,BBG00X2VHWW2,0.736190988660542,14,SHORT,False,BELOW_MINIMUM_RELATIVE_VOLUME,False,False,False,False,31956.0,43407.21428571428,1155612.7857142857,1.6045571428571423,29.08,29.16,28.62,28.97,True,BELOW_MINIMUM_RELATIVE_VOLUME,False,,,,,,,,,,,,,,BELOW_MINIMUM_RELATIVE_VOLUME,False,,,,,,,,,,,,,,BELOW_MINIMUM_RELATIVE_VOLUME,False,,,,,,,,,,,,,
orb_v1.0,2024-03-25,225,AXP,BBG001S5P034,0.7342037578374359,14,LONG,False,BELOW_MINIMUM_RELATIVE_VOLUME,True,False,False,False,71079.0,96811.0,2688657.4285714286,3.881285714285712,225.34,226.5,225.31,226.05,True,BELOW_MINIMUM_RELATIVE_VOLUME,False,,,,,,,,,,,,,,BELOW_MINIMUM_RELATIVE_VOLUME,False,,,,,,,,,,,,,,BELOW_MINIMUM_RELATIVE_VOLUME,False,,,,,,,,,,,,,
orb_v1.0,2024-03-25,226,HUM,BBG001S5S1X6,0.7327355464208485,14,SHORT,False,BELOW_MINIMUM_RELATIVE_VOLUME,True,False,False,False,18322.0,25004.928571428572,1451025.2857142857,7.037499999999999,349.0,349.335,347.63,348.93,True,BELOW_MINIMUM_RELATIVE_VOLUME,False,,,,,,,,,,,,,,BELOW_MINIMUM_RELATIVE_VOLUME,False,,,,,,,,,,,,,,BELOW_MINIMUM_RELATIVE_VOLUME,False,,,,,,,,,,,,,
orb_v1.0,2024-03-25,227,ANF,BBG001S97027,0.7326735208634751,14,SHORT,False,BELOW_MINIMUM_RELATIVE_VOLUME,False,False,False,False,57224.0,78103.0,2508916.5714285714,6.20369285714286,134.0,134.59,132.51,133.64,True,BELOW_MINIMUM_RELATIVE_VOLUME,False,,,,,,,,,,,,,,BELOW_MINIMUM_RELATIVE_VOLUME,False,,,,,,,,,,,,,,BELOW_MINIMUM_RELATIVE_VOLUME,False,,,,,,,,,,,,,
orb_v1.0,2024-03-25,228,AR,BBG001T61KH8,0.7323751067444271,14,LONG,False,BELOW_MINIMUM_RELATIVE_VOLUME,False,False,False,False,57461.0,78458.42857142857,3779390.1428571427,0.6400071428571429,27.13,27.4052,27.11,27.4,True,BELOW_MINIMUM_RELATIVE_VOLUME,False,,,,,,,,,,,,,,BELOW_MINIMUM_RELATIVE_VOLUME,False,,,,,,,,,,,,,,BELOW_MINIMUM_RELATIVE_VOLUME,False,,,,,,,,,,,,,
orb_v1.0,2024-03-25,229,ASO,BBG00X7L1CW0,0.7292206675835803,14,SHORT,False,BELOW_MINIMUM_RELATIVE_VOLUME,False,False,False,False,63018.0,86418.28571428571,2241306.214285714,2.9440785714285744,65.72,65.72,64.79,65.09,True,BELOW_MINIMUM_RELATIVE_VOLUME,False,,,,,,,,,,,,,,BELOW_MINIMUM_RELATIVE_VOLUME,False,,,,,,,,,,,,,,BELOW_MINIMUM_RELATIVE_VOLUME,False,,,,,,,,,,,,,
orb_v1.0,2024-03-25,230,ATEC,BBG001S64XQ8,0.7282528896552902,14,LONG,False,BELOW_MINIMUM_RELATIVE_VOLUME,False,False,False,False,36561.0,50203.71428571428,1892813.5,0.6317857142857142,13.36,13.625,13.31,13.625,True,BELOW_MINIMUM_RELATIVE_VOLUME,False,,,,,,,,,,,,,,BELOW_MINIMUM_RELATIVE_VOLUME,False,,,,,,,,,,,,,,BELOW_MINIMUM_RELATIVE_VOLUME,False,,,,,,,,,,,,,
orb_v1.0,2024-03-25,231,CRSP,0001674416,0.7246869463080567,14,SHORT,False,BELOW_MINIMUM_RELATIVE_VOLUME,False,False,False,False,41602.0,57406.857142857145,1380839.7142857143,3.1815857142857147,71.55,71.95,71.06,71.5219,True,BELOW_MINIMUM_RELATIVE_VOLUME,False,,,,,,,,,,,,,,BELOW_MINIMUM_RELATIVE_VOLUME,False,,,,,,,,,,,,,,BELOW_MINIMUM_RELATIVE_VOLUME,False,,,,,,,,,,,,,
orb_v1.0,2024-03-25,232,COF,BBG001S65PV8,0.7229882064064883,14,LONG,False,BELOW_MINIMUM_RELATIVE_VOLUME,True,False,False,False,48583.0,67197.5,2390808.1428571427,2.92183571428571,140.15,141.025,140.0,140.75,True,BELOW_MINIMUM_RELATIVE_VOLUME,False,,,,,,,,,,,,,,BELOW_MINIMUM_RELATIVE_VOLUME,False,,,,,,,,,,,,,,BELOW_MINIMUM_RELATIVE_VOLUME,False,,,,,,,,,,,,,
orb_v1.0,2024-03-25,233,EMN,BBG001S7JNP3,0.7223639695664622,14,LONG,False,BELOW_MINIMUM_RELATIVE_VOLUME,False,False,False,False,24692.0,34182.21428571428,1388286.7857142857,1.9465928571428566,95.73,96.115,95.685,96.115,True,BELOW_MINIMUM_RELATIVE_VOLUME,False,,,,,,,,,,,,,,BELOW_MINIMUM_RELATIVE_VOLUME,False,,,,,,,,,,,,,,BELOW_MINIMUM_RELATIVE_VOLUME,False,,,,,,,,,,,,,
orb_v1.0,2024-03-25,234,AMZN,BBG001S5PQL7,0.7223022324312516,14,SHORT,False,BELOW_MINIMUM_RELATIVE_VOLUME,True,False,False,False,1409456.0,1951338.2857142857,35849673.85714286,3.562642857142858,178.01,178.01,177.24,177.79,False,BELOW_MINIMUM_RELATIVE_VOLUME,False,,,,,,,,,,,,,,BELOW_MINIMUM_RELATIVE_VOLUME,False,,,,,,,,,,,,,,BELOW_MINIMUM_RELATIVE_VOLUME,False,,,,,,,,,,,,,
orb_v1.0,2024-03-25,235,MMC,BBG001S5T7M4,0.7213174897580662,14,SHORT,False,BELOW_MINIMUM_RELATIVE_VOLUME,True,False,False,False,35390.0,49063.0,1517874.857142857,2.317849999999997,203.65,203.9,203.22,203.385,True,BELOW_MINIMUM_RELATIVE_VOLUME,False,,,,,,,,,,,,,,BELOW_MINIMUM_RELATIVE_VOLUME,False,,,,,,,,,,,,,,BELOW_MINIMUM_RELATIVE_VOLUME,False,,,,,,,,,,,,,
orb_v1.0,2024-03-25,236,KD,BBG012W99DS1,0.7194223412250325,14,SHORT,False,BELOW_MINIMUM_RELATIVE_VOLUME,False,False,False,False,27214.0,37827.57142857143,1563592.7857142857,0.6935642857142865,21.55,21.69,21.5,21.5,True,BELOW_MINIMUM_RELATIVE_VOLUME,False,,,,,,,,,,,,,,BELOW_MINIMUM_RELATIVE_VOLUME,False,,,,,,,,,,,,,,BELOW_MINIMUM_RELATIVE_VOLUME,False,,,,,,,,,,,,,
orb_v1.0,2024-03-25,237,BBWI,BBG001S5SWL1,0.7168872627473721,14,LONG,False,BELOW_MINIMUM_RELATIVE_VOLUME,False,False,False,False,35674.0,49762.357142857145,2513771.3571428573,1.1588642857142868,46.9,47.37,46.9,47.345,False,BELOW_MINIMUM_RELATIVE_VOLUME,False,,,,,,,,,,,,,,BELOW_MINIMUM_RELATIVE_VOLUME,False,,,,,,,,,,,,,,BELOW_MINIMUM_RELATIVE_VOLUME,False,,,,,,,,,,,,,
orb_v1.0,2024-03-25,238,FIVN,BBG001V0P7K7,0.7153699839338147,14,SHORT,False,BELOW_MINIMUM_RELATIVE_VOLUME,False,False,False,False,11068.0,15471.714285714286,1490426.5,2.098392857142858,60.66,60.735,60.24,60.55,True,BELOW_MINIMUM_RELATIVE_VOLUME,False,,,,,,,,,,,,,,BELOW_MINIMUM_RELATIVE_VOLUME,False,,,,,,,,,,,,,,BELOW_MINIMUM_RELATIVE_VOLUME,False,,,,,,,,,,,,,
orb_v1.0,2024-03-25,239,TEAM,BBG01BGWHFS4,0.7136651063718648,14,SHORT,False,BELOW_MINIMUM_RELATIVE_VOLUME,True,False,False,False,35132.0,49227.57142857143,1928689.4285714286,7.2286285714285645,191.94,191.94,190.11,190.89,True,BELOW_MINIMUM_RELATIVE_VOLUME,False,,,,,,,,,,,,,,BELOW_MINIMUM_RELATIVE_VOLUME,False,,,,,,,,,,,,,,BELOW_MINIMUM_RELATIVE_VOLUME,False,,,,,,,,,,,,,
orb_v1.0,2024-03-25,240,SLB,BBG001S5W4C8,0.7118715426617055,14,LONG,False,BELOW_MINIMUM_RELATIVE_VOLUME,True,False,False,False,250244.0,351529.71428571426,8417230.857142856,0.9852071428571426,54.29,54.6854,54.23,54.64,True,BELOW_MINIMUM_RELATIVE_VOLUME,False,,,,,,,,,,,,,,BELOW_MINIMUM_RELATIVE_VOLUME,False,,,,,,,,,,,,,,BELOW_MINIMUM_RELATIVE_VOLUME,False,,,,,,,,,,,,,
orb_v1.0,2024-03-25,241,MSFT,BBG001S5TD05,0.7107750980229137,14,SHORT,False,BELOW_MINIMUM_RELATIVE_VOLUME,True,False,False,False,945286.0,1329936.857142857,22690253.64285714,7.890400000000008,425.24,427.41,424.32,424.7226,True,BELOW_MINIMUM_RELATIVE_VOLUME,False,,,,,,,,,,,,,,BELOW_MINIMUM_RELATIVE_VOLUME,False,,,,,,,,,,,,,,BELOW_MINIMUM_RELATIVE_VOLUME,False,,,,,,,,,,,,,
orb_v1.0,2024-03-25,242,WOLF,BBG001S6YWT4,0.7088103275501393,14,LONG,False,BELOW_MINIMUM_RELATIVE_VOLUME,False,False,False,False,87709.0,123741.14285714286,4485289.928571428,1.8028785714285713,27.02,27.5,26.95,27.365,True,BELOW_MINIMUM_RELATIVE_VOLUME,False,,,,,,,,,,,,,,BELOW_MINIMUM_RELATIVE_VOLUME,False,,,,,,,,,,,,,,BELOW_MINIMUM_RELATIVE_VOLUME,False,,,,,,,,,,,,,
orb_v1.0,2024-03-25,243,CELH,BBG001SQSKT3,0.7084319954444671,14,LONG,False,BELOW_MINIMUM_RELATIVE_VOLUME,False,False,False,False,112856.0,159303.92857142858,4167884.6428571427,4.664978571428572,92.82,94.66,92.76,93.95,True,BELOW_MINIMUM_RELATIVE_VOLUME,False,,,,,,,,,,,,,,BELOW_MINIMUM_RELATIVE_VOLUME,False,,,,,,,,,,,,,,BELOW_MINIMUM_RELATIVE_VOLUME,False,,,,,,,,,,,,,
orb_v1.0,2024-03-25,244,ZTS,BBG0039320P7,0.7083330413884431,14,SHORT,False,BELOW_MINIMUM_RELATIVE_VOLUME,True,False,False,False,72210.0,101943.57142857143,4226707.0,4.199771428571436,169.3,169.47,168.31,168.6,True,BELOW_MINIMUM_RELATIVE_VOLUME,False,,,,,,,,,,,,,,BELOW_MINIMUM_RELATIVE_VOLUME,False,,,,,,,,,,,,,,BELOW_MINIMUM_RELATIVE_VOLUME,False,,,,,,,,,,,,,
orb_v1.0,2024-03-25,245,SCCO,BBG001S6ZM88,0.7070247858740522,14,LONG,False,BELOW_MINIMUM_RELATIVE_VOLUME,True,False,False,False,38880.0,54991.0,1666949.4285714286,3.4618857142857147,105.1,106.29,105.08,106.02,True,BELOW_MINIMUM_RELATIVE_VOLUME,False,,,,,,,,,,,,,,BELOW_MINIMUM_RELATIVE_VOLUME,False,,,,,,,,,,,,,,BELOW_MINIMUM_RELATIVE_VOLUME,False,,,,,,,,,,,,,
orb_v1.0,2024-03-25,246,MARA,BBG001V0L7T2,0.7066342357402999,14,LONG,False,BELOW_MINIMUM_RELATIVE_VOLUME,False,True,False,False,1691628.0,2393923.0714285714,65324532.5,2.4641928571428573,21.225,21.708,21.21,21.5803,True,BELOW_MINIMUM_RELATIVE_VOLUME,False,,,,,,,,,,,,,,BELOW_MINIMUM_RELATIVE_VOLUME,False,,,,,,,,,,,,,,BELOW_MINIMUM_RELATIVE_VOLUME,False,,,,,,,,,,,,,
orb_v1.0,2024-03-25,247,MRK,BBG001S5TC52,0.7048413639002558,14,LONG,False,BELOW_MINIMUM_RELATIVE_VOLUME,True,False,False,False,243160.0,344985.4285714286,11821588.642857144,2.1387499999999995,124.08,124.9,123.77,124.7973,True,BELOW_MINIMUM_RELATIVE_VOLUME,False,,,,,,,,,,,,,,BELOW_MINIMUM_RELATIVE_VOLUME,False,,,,,,,,,,,,,,BELOW_MINIMUM_RELATIVE_VOLUME,False,,,,,,,,,,,,,
orb_v1.0,2024-03-25,248,BROS,BBG01282ZJ56,0.7024959877945205,14,SHORT,False,BELOW_MINIMUM_RELATIVE_VOLUME,False,False,False,False,55122.0,78465.92857142857,2578993.785714286,1.4014499999999994,33.655,33.8,33.4,33.44,True,BELOW_MINIMUM_RELATIVE_VOLUME,False,,,,,,,,,,,,,,BELOW_MINIMUM_RELATIVE_VOLUME,False,,,,,,,,,,,,,,BELOW_MINIMUM_RELATIVE_VOLUME,False,,,,,,,,,,,,,
orb_v1.0,2024-03-25,249,NNOX,0001795251,0.7019049955797959,14,LONG,False,BELOW_MINIMUM_RELATIVE_VOLUME,False,True,False,False,107073.0,152546.2857142857,3308496.0714285714,1.1137785714285715,9.65,9.9499,9.62,9.87,True,BELOW_MINIMUM_RELATIVE_VOLUME,False,,,,,,,,,,,,,,BELOW_MINIMUM_RELATIVE_VOLUME,False,,,,,,,,,,,,,,BELOW_MINIMUM_RELATIVE_VOLUME,False,,,,,,,,,,,,,
orb_v1.0,2024-03-25,250,PFE,BBG001S5V466,0.7007375672231068,14,SHORT,False,BELOW_MINIMUM_RELATIVE_VOLUME,True,False,False,False,1323632.0,1888912.5714285714,47276287.71428572,0.6226142857142862,27.24,27.28,27.15,27.215,True,BELOW_MINIMUM_RELATIVE_VOLUME,False,,,,,,,,,,,,,,BELOW_MINIMUM_RELATIVE_VOLUME,False,,,,,,,,,,,,,,BELOW_MINIMUM_RELATIVE_VOLUME,False,,,,,,,,,,,,,
orb_v1.0,2024-03-25,251,SHOP,BBG004DW5NC7,0.6995846536642669,14,SHORT,False,BELOW_MINIMUM_RELATIVE_VOLUME,True,False,False,False,199847.0,285665.21428571426,7233057.5,2.8006428571428565,78.1,78.44,77.735,78.075,False,BELOW_MINIMUM_RELATIVE_VOLUME,False,,,,,,,,,,,,,,BELOW_MINIMUM_RELATIVE_VOLUME,False,,,,,,,,,,,,,,BELOW_MINIMUM_RELATIVE_VOLUME,False,,,,,,,,,,,,,
orb_v1.0,2024-03-25,252,TD,BBG001S60L15,0.6990216407429485,14,LONG,False,BELOW_MINIMUM_RELATIVE_VOLUME,True,False,False,False,29401.0,42060.21428571428,2483795.0714285714,0.8128571428571415,59.79,60.03,59.77,59.98,True,BELOW_MINIMUM_RELATIVE_VOLUME,False,,,,,,,,,,,,,,BELOW_MINIMUM_RELATIVE_VOLUME,False,,,,,,,,,,,,,,BELOW_MINIMUM_RELATIVE_VOLUME,False,,,,,,,,,,,,,
orb_v1.0,2024-03-25,253,NSC,BBG001S5TQJ6,0.6982596579969045,14,LONG,False,BELOW_MINIMUM_RELATIVE_VOLUME,True,False,False,False,17433.0,24966.35714285714,1106972.7142857143,4.341578571428564,252.51,253.99,252.51,253.55,False,BELOW_MINIMUM_RELATIVE_VOLUME,False,,,,,,,,,,,,,,BELOW_MINIMUM_RELATIVE_VOLUME,False,,,,,,,,,,,,,,BELOW_MINIMUM_RELATIVE_VOLUME,False,,,,,,,,,,,,,
orb_v1.0,2024-03-25,254,NVDA,BBG001S5TZJ6,0.6981527218934063,14,LONG,False,BELOW_MINIMUM_RELATIVE_VOLUME,True,False,False,False,1948184.0,2790484.0,64052899.71428572,44.66712142857143,939.41,943.48,936.8,940.32,True,BELOW_MINIMUM_RELATIVE_VOLUME,False,,,,,,,,,,,,,,BELOW_MINIMUM_RELATIVE_VOLUME,False,,,,,,,,,,,,,,BELOW_MINIMUM_RELATIVE_VOLUME,False,,,,,,,,,,,,,
orb_v1.0,2024-03-25,255,SMTC,BBG001S7TWW4,0.6976050083715513,14,SHORT,False,BELOW_MINIMUM_RELATIVE_VOLUME,False,False,False,False,17797.0,25511.571428571428,1057078.5,1.0791000000000004,22.7,22.7,22.3204,22.5,True,BELOW_MINIMUM_RELATIVE_VOLUME,False,,,,,,,,,,,,,,BELOW_MINIMUM_RELATIVE_VOLUME,False,,,,,,,,,,,,,,BELOW_MINIMUM_RELATIVE_VOLUME,False,,,,,,,,,,,,,
orb_v1.0,2024-03-25,256,WPC,BBG001S67MM3,0.6940794350792868,14,LONG,False,BELOW_MINIMUM_RELATIVE_VOLUME,False,False,False,False,28757.0,41431.857142857145,1510166.2857142857,1.067928571428571,56.04,56.31,56.04,56.31,True,BELOW_MINIMUM_RELATIVE_VOLUME,False,,,,,,,,,,,,,,BELOW_MINIMUM_RELATIVE_VOLUME,False,,,,,,,,,,,,,,BELOW_MINIMUM_RELATIVE_VOLUME,False,,,,,,,,,,,,,
orb_v1.0,2024-03-25,257,IPG,BBG001S6RLK5,0.6929701986579035,14,LONG,False,BELOW_MINIMUM_RELATIVE_VOLUME,False,False,False,False,65213.0,94106.5,5589021.0,0.8960642857142843,32.73,32.8,32.54,32.775,True,BELOW_MINIMUM_RELATIVE_VOLUME,False,,,,,,,,,,,,,,BELOW_MINIMUM_RELATIVE_VOLUME,False,,,,,,,,,,,,,,BELOW_MINIMUM_RELATIVE_VOLUME,False,,,,,,,,,,,,,
orb_v1.0,2024-03-25,258,NVT,0001720635,0.6900937150717908,14,LONG,False,BELOW_MINIMUM_RELATIVE_VOLUME,False,False,False,False,14333.0,20769.64285714286,1223532.642857143,1.4515714285714287,73.5,73.85,73.46,73.77,True,BELOW_MINIMUM_RELATIVE_VOLUME,False,,,,,,,,,,,,,,BELOW_MINIMUM_RELATIVE_VOLUME,False,,,,,,,,,,,,,,BELOW_MINIMUM_RELATIVE_VOLUME,False,,,,,,,,,,,,,
orb_v1.0,2024-03-25,259,SNAP,BBG00441QMK5,0.6882309341504107,14,LONG,False,BELOW_MINIMUM_RELATIVE_VOLUME,True,False,False,False,540810.0,785797.2857142857,29248578.64285714,0.5535,11.38,11.48,11.37,11.45,True,BELOW_MINIMUM_RELATIVE_VOLUME,False,,,,,,,,,,,,,,BELOW_MINIMUM_RELATIVE_VOLUME,False,,,,,,,,,,,,,,BELOW_MINIMUM_RELATIVE_VOLUME,False,,,,,,,,,,,,,
orb_v1.0,2024-03-25,260,UNH,BBG001S6WCJ1,0.6875698455763269,14,SHORT,False,BELOW_MINIMUM_RELATIVE_VOLUME,True,False,False,False,122876.0,178710.57142857142,4110394.285714286,7.742500000000002,490.6,491.48,488.09,489.335,True,BELOW_MINIMUM_RELATIVE_VOLUME,False,,,,,,,,,,,,,,BELOW_MINIMUM_RELATIVE_VOLUME,False,,,,,,,,,,,,,,BELOW_MINIMUM_RELATIVE_VOLUME,False,,,,,,,,,,,,,
orb_v1.0,2024-03-25,261,DXCM,BBG001SKZG99,0.6829656220795975,14,LONG,False,BELOW_MINIMUM_RELATIVE_VOLUME,True,False,False,False,102627.0,150266.7142857143,3456676.214285714,4.799507142857142,133.39,136.5,133.39,135.76,True,BELOW_MINIMUM_RELATIVE_VOLUME,False,,,,,,,,,,,,,,BELOW_MINIMUM_RELATIVE_VOLUME,False,,,,,,,,,,,,,,BELOW_MINIMUM_RELATIVE_VOLUME,False,,,,,,,,,,,,,
orb_v1.0,2024-03-25,262,NRG,BBG001SDD8F0,0.681024321290874,14,SHORT,False,BELOW_MINIMUM_RELATIVE_VOLUME,True,False,False,False,72509.0,106470.5,5288660.214285715,1.828278571428571,67.75,68.25,67.47,67.58,False,BELOW_MINIMUM_RELATIVE_VOLUME,False,,,,,,,,,,,,,,BELOW_MINIMUM_RELATIVE_VOLUME,False,,,,,,,,,,,,,,BELOW_MINIMUM_RELATIVE_VOLUME,False,,,,,,,,,,,,,
orb_v1.0,2024-03-25,263,HLT,BBG0058KMH49,0.678127281539698,14,SHORT,False,BELOW_MINIMUM_RELATIVE_VOLUME,True,False,False,False,23685.0,34927.07142857143,1415504.7142857143,2.7782142857142866,210.75,211.22,209.82,209.86,True,BELOW_MINIMUM_RELATIVE_VOLUME,False,,,,,,,,,,,,,,BELOW_MINIMUM_RELATIVE_VOLUME,False,,,,,,,,,,,,,,BELOW_MINIMUM_RELATIVE_VOLUME,False,,,,,,,,,,,,,
orb_v1.0,2024-03-25,264,KKR,BBG001S6PW05,0.6753022077913793,14,LONG,False,BELOW_MINIMUM_RELATIVE_VOLUME,True,False,False,False,37808.0,55986.78571428572,3038958.5714285714,2.311064285714287,100.76,101.29,100.76,101.0251,True,BELOW_MINIMUM_RELATIVE_VOLUME,False,,,,,,,,,,,,,,BELOW_MINIMUM_RELATIVE_VOLUME,False,,,,,,,,,,,,,,BELOW_MINIMUM_RELATIVE_VOLUME,False,,,,,,,,,,,,,
orb_v1.0,2024-03-25,265,NOW,BBG001T4JFC0,0.6747116426524565,14,SHORT,False,BELOW_MINIMUM_RELATIVE_VOLUME,True,False,False,False,33535.0,49702.71428571428,1288000.7142857143,24.58024285714287,768.05,769.63,764.2,764.205,True,BELOW_MINIMUM_RELATIVE_VOLUME,False,,,,,,,,,,,,,,BELOW_MINIMUM_RELATIVE_VOLUME,False,,,,,,,,,,,,,,BELOW_MINIMUM_RELATIVE_VOLUME,False,,,,,,,,,,,,,
orb_v1.0,2024-03-25,266,ICE,BBG001SDJ4R0,0.6732880561544763,14,SHORT,False,BELOW_MINIMUM_RELATIVE_VOLUME,True,False,False,False,52372.0,77785.42857142857,2773276.5,2.131999999999999,136.08,136.27,135.93,136.07,True,BELOW_MINIMUM_RELATIVE_VOLUME,False,,,,,,,,,,,,,,BELOW_MINIMUM_RELATIVE_VOLUME,False,,,,,,,,,,,,,,BELOW_MINIMUM_RELATIVE_VOLUME,False,,,,,,,,,,,,,
orb_v1.0,2024-03-25,267,LSCC,BBG001S6C0G2,0.6727722119025142,14,LONG,False,BELOW_MINIMUM_RELATIVE_VOLUME,False,False,False,False,18937.0,28147.714285714286,1793808.0,3.0884999999999985,78.11,79.18,77.6,79.045,True,BELOW_MINIMUM_RELATIVE_VOLUME,False,,,,,,,,,,,,,,BELOW_MINIMUM_RELATIVE_VOLUME,False,,,,,,,,,,,,,,BELOW_MINIMUM_RELATIVE_VOLUME,False,,,,,,,,,,,,,
orb_v1.0,2024-03-25,268,MCD,BBG001S5T110,0.6721705009621327,14,SHORT,False,BELOW_MINIMUM_RELATIVE_VOLUME,True,False,False,False,95562.0,142169.2857142857,3342004.714285714,4.399000000000005,280.0,280.58,279.0501,279.1,True,BELOW_MINIMUM_RELATIVE_VOLUME,False,,,,,,,,,,,,,,BELOW_MINIMUM_RELATIVE_VOLUME,False,,,,,,,,,,,,,,BELOW_MINIMUM_RELATIVE_VOLUME,False,,,,,,,,,,,,,
orb_v1.0,2024-03-25,269,DG,BBG001T5BM30,0.6703756131283537,14,LONG,False,BELOW_MINIMUM_RELATIVE_VOLUME,True,False,False,False,61092.0,91131.0,3236268.714285714,5.245714285714279,151.52,151.92,151.36,151.7925,True,BELOW_MINIMUM_RELATIVE_VOLUME,False,,,,,,,,,,,,,,BELOW_MINIMUM_RELATIVE_VOLUME,False,,,,,,,,,,,,,,BELOW_MINIMUM_RELATIVE_VOLUME,False,,,,,,,,,,,,,
orb_v1.0,2024-03-25,270,TDOC,BBG001TG5PC6,0.6701202136292438,14,LONG,False,BELOW_MINIMUM_RELATIVE_VOLUME,False,False,False,False,106527.0,158967.0,4034255.5714285714,0.5035499999999997,15.06,15.175,15.0422,15.15,True,BELOW_MINIMUM_RELATIVE_VOLUME,False,,,,,,,,,,,,,,BELOW_MINIMUM_RELATIVE_VOLUME,False,,,,,,,,,,,,,,BELOW_MINIMUM_RELATIVE_VOLUME,False,,,,,,,,,,,,,
orb_v1.0,2024-03-25,271,RVMD,BBG00829F4Q7,0.6690071652242755,14,LONG,False,BELOW_MINIMUM_RELATIVE_VOLUME,False,False,False,False,20281.0,30315.071428571428,2000295.5714285714,1.4077857142857142,30.99,31.18,30.92,31.075,False,BELOW_MINIMUM_RELATIVE_VOLUME,False,,,,,,,,,,,,,,BELOW_MINIMUM_RELATIVE_VOLUME,False,,,,,,,,,,,,,,BELOW_MINIMUM_RELATIVE_VOLUME,False,,,,,,,,,,,,,
orb_v1.0,2024-03-25,272,TJX,BBG001S5WQ93,0.6681624028718135,14,SHORT,False,BELOW_MINIMUM_RELATIVE_VOLUME,True,False,False,False,117634.0,176056.0,5465766.785714285,1.2957142857142827,99.53,99.59,99.04,99.09,True,BELOW_MINIMUM_RELATIVE_VOLUME,False,,,,,,,,,,,,,,BELOW_MINIMUM_RELATIVE_VOLUME,False,,,,,,,,,,,,,,BELOW_MINIMUM_RELATIVE_VOLUME,False,,,,,,,,,,,,,
orb_v1.0,2024-03-25,273,C,BBG001S72ZG4,0.667270756602796,14,LONG,False,BELOW_MINIMUM_RELATIVE_VOLUME,True,False,False,False,420217.0,629754.8571428572,16084110.0,1.274292857142856,60.89,61.42,60.82,61.4172,True,BELOW_MINIMUM_RELATIVE_VOLUME,False,,,,,,,,,,,,,,BELOW_MINIMUM_RELATIVE_VOLUME,False,,,,,,,,,,,,,,BELOW_MINIMUM_RELATIVE_VOLUME,False,,,,,,,,,,,,,
orb_v1.0,2024-03-25,274,LYFT,BBG004M9ZHY4,0.6671127323902034,14,SHORT,False,BELOW_MINIMUM_RELATIVE_VOLUME,False,False,False,False,348890.0,522985.0714285714,15695333.785714285,0.9775928571428576,20.24,20.4,20.0242,20.05,True,BELOW_MINIMUM_RELATIVE_VOLUME,False,,,,,,,,,,,,,,BELOW_MINIMUM_RELATIVE_VOLUME,False,,,,,,,,,,,,,,BELOW_MINIMUM_RELATIVE_VOLUME,False,,,,,,,,,,,,,
orb_v1.0,2024-03-25,275,AAPL,BBG001S5N8V8,0.666521485288536,14,SHORT,False,BELOW_MINIMUM_RELATIVE_VOLUME,True,False,False,False,2591486.0,3888075.714285714,74318274.64285715,3.7955571428571386,170.565,170.69,170.01,170.3402,True,BELOW_MINIMUM_RELATIVE_VOLUME,False,,,,,,,,,,,,,,BELOW_MINIMUM_RELATIVE_VOLUME,False,,,,,,,,,,,,,,BELOW_MINIMUM_RELATIVE_VOLUME,False,,,,,,,,,,,,,
orb_v1.0,2024-03-25,276,CUZ,BBG001S73MB7,0.666259031105027,14,LONG,False,BELOW_MINIMUM_RELATIVE_VOLUME,False,False,False,False,15644.0,23480.35714285714,1660191.4285714286,0.6239285714285712,23.07,23.2,23.06,23.13,True,BELOW_MINIMUM_RELATIVE_VOLUME,False,,,,,,,,,,,,,,BELOW_MINIMUM_RELATIVE_VOLUME,False,,,,,,,,,,,,,,BELOW_MINIMUM_RELATIVE_VOLUME,False,,,,,,,,,,,,,
orb_v1.0,2024-03-25,277,KEYS,BBG0059FN820,0.6662245135578881,14,LONG,False,BELOW_MINIMUM_RELATIVE_VOLUME,True,False,False,False,16144.0,24232.071428571428,1317012.7142857143,2.5860714285714272,153.78,155.24,153.555,155.18,False,BELOW_MINIMUM_RELATIVE_VOLUME,False,,,,,,,,,,,,,,BELOW_MINIMUM_RELATIVE_VOLUME,False,,,,,,,,,,,,,,BELOW_MINIMUM_RELATIVE_VOLUME,False,,,,,,,,,,,,,
orb_v1.0,2024-03-25,278,GPS,BBG001S5RNN0,0.665292302620081,14,LONG,False,BELOW_MINIMUM_RELATIVE_VOLUME,False,False,False,False,249067.0,374372.28571428574,13894195.57142857,1.2267285714285723,28.15,28.37,27.995,28.2418,False,BELOW_MINIMUM_RELATIVE_VOLUME,False,,,,,,,,,,,,,,BELOW_MINIMUM_RELATIVE_VOLUME,False,,,,,,,,,,,,,,BELOW_MINIMUM_RELATIVE_VOLUME,False,,,,,,,,,,,,,
orb_v1.0,2024-03-25,279,PAYX,BBG001S5V135,0.663524953104974,14,SHORT,False,BELOW_MINIMUM_RELATIVE_VOLUME,True,False,False,False,42119.0,63477.642857142855,1878681.0714285714,1.838000000000001,120.57,120.76,120.05,120.135,True,BELOW_MINIMUM_RELATIVE_VOLUME,False,,,,,,,,,,,,,,BELOW_MINIMUM_RELATIVE_VOLUME,False,,,,,,,,,,,,,,BELOW_MINIMUM_RELATIVE_VOLUME,False,,,,,,,,,,,,,
orb_v1.0,2024-03-25,280,RKT,BBG00VY1MZN4,0.6627297215634074,14,LONG,False,BELOW_MINIMUM_RELATIVE_VOLUME,False,False,False,False,40577.0,61227.07142857143,2613161.9285714286,0.6055000000000003,14.15,14.28,14.15,14.26,True,BELOW_MINIMUM_RELATIVE_VOLUME,False,,,,,,,,,,,,,,BELOW_MINIMUM_RELATIVE_VOLUME,False,,,,,,,,,,,,,,BELOW_MINIMUM_RELATIVE_VOLUME,False,,,,,,,,,,,,,
orb_v1.0,2024-03-25,281,MSTR,BBG001SC7PX1,0.6613700832347991,14,LONG,False,BELOW_MINIMUM_RELATIVE_VOLUME,True,False,False,False,113546.0,171683.0,3841333.3571428573,206.78265714285718,1605.0,1639.99,1594.42,1628.37,True,BELOW_MINIMUM_RELATIVE_VOLUME,False,,,,,,,,,,,,,,BELOW_MINIMUM_RELATIVE_VOLUME,False,,,,,,,,,,,,,,BELOW_MINIMUM_RELATIVE_VOLUME,False,,,,,,,,,,,,,
orb_v1.0,2024-03-25,282,FRSH,BBG0029KYGM4,0.660621335889254,14,SHORT,False,BELOW_MINIMUM_RELATIVE_VOLUME,False,False,False,False,35890.0,54327.642857142855,2705244.0714285714,0.646607142857143,18.35,18.35,18.18,18.3,True,BELOW_MINIMUM_RELATIVE_VOLUME,False,,,,,,,,,,,,,,BELOW_MINIMUM_RELATIVE_VOLUME,False,,,,,,,,,,,,,,BELOW_MINIMUM_RELATIVE_VOLUME,False,,,,,,,,,,,,,
orb_v1.0,2024-03-25,283,RTX,BBG001S5X5Q9,0.6593902246226262,14,LONG,False,BELOW_MINIMUM_RELATIVE_VOLUME,True,False,False,False,168622.0,255724.14285714287,9593428.857142856,1.494085714285717,95.71,96.08,95.55,95.857,True,BELOW_MINIMUM_RELATIVE_VOLUME,False,,,,,,,,,,,,,,BELOW_MINIMUM_RELATIVE_VOLUME,False,,,,,,,,,,,,,,BELOW_MINIMUM_RELATIVE_VOLUME,False,,,,,,,,,,,,,
orb_v1.0,2024-03-25,284,ARMK,BBG001V0NR70,0.6585145093498185,14,LONG,False,BELOW_MINIMUM_RELATIVE_VOLUME,False,False,False,False,12836.0,19492.35714285714,2538886.9285714286,0.6751785714285717,30.96,31.08,30.7,31.025,False,BELOW_MINIMUM_RELATIVE_VOLUME,False,,,,,,,,,,,,,,BELOW_MINIMUM_RELATIVE_VOLUME,False,,,,,,,,,,,,,,BELOW_MINIMUM_RELATIVE_VOLUME,False,,,,,,,,,,,,,
orb_v1.0,2024-03-25,285,SGML,BBG0027F58B9,0.6559535028666473,14,SHORT,False,BELOW_MINIMUM_RELATIVE_VOLUME,False,False,False,False,24958.0,38048.42857142857,1178840.2142857143,1.0181785714285714,11.84,11.9,11.7,11.82,False,BELOW_MINIMUM_RELATIVE_VOLUME,False,,,,,,,,,,,,,,BELOW_MINIMUM_RELATIVE_VOLUME,False,,,,,,,,,,,,,,BELOW_MINIMUM_RELATIVE_VOLUME,False,,,,,,,,,,,,,
orb_v1.0,2024-03-25,286,V,BBG001SRCFY3,0.6558726306803204,14,SHORT,False,BELOW_MINIMUM_RELATIVE_VOLUME,True,False,False,False,163862.0,249838.14285714287,6048188.714285715,3.709321428571432,283.01,283.5,281.33,281.7,True,BELOW_MINIMUM_RELATIVE_VOLUME,False,,,,,,,,,,,,,,BELOW_MINIMUM_RELATIVE_VOLUME,False,,,,,,,,,,,,,,BELOW_MINIMUM_RELATIVE_VOLUME,False,,,,,,,,,,,,,
orb_v1.0,2024-03-25,287,TECK,BBG001S60LH8,0.654406125217226,14,LONG,False,BELOW_MINIMUM_RELATIVE_VOLUME,True,False,False,False,99280.0,151710.07142857142,3835997.5714285714,1.3864214285714276,43.55,44.29,43.55,44.21,False,BELOW_MINIMUM_RELATIVE_VOLUME,False,,,,,,,,,,,,,,BELOW_MINIMUM_RELATIVE_VOLUME,False,,,,,,,,,,,,,,BELOW_MINIMUM_RELATIVE_VOLUME,False,,,,,,,,,,,,,
orb_v1.0,2024-03-25,288,GIS,BBG001S5RKR2,0.6534619076752086,14,LONG,False,BELOW_MINIMUM_RELATIVE_VOLUME,True,False,False,False,111541.0,170692.42857142858,5287537.714285715,1.5032142857142834,69.4,69.61,69.21,69.47,True,BELOW_MINIMUM_RELATIVE_VOLUME,False,,,,,,,,,,,,,,BELOW_MINIMUM_RELATIVE_VOLUME,False,,,,,,,,,,,,,,BELOW_MINIMUM_RELATIVE_VOLUME,False,,,,,,,,,,,,,
orb_v1.0,2024-03-25,289,CNC,BBG001S6T7Q8,0.6522979577611291,14,SHORT,False,BELOW_MINIMUM_RELATIVE_VOLUME,True,False,False,False,34491.0,52876.142857142855,3205883.5,1.7092785714285716,77.41,77.49,76.885,76.985,True,BELOW_MINIMUM_RELATIVE_VOLUME,False,,,,,,,,,,,,,,BELOW_MINIMUM_RELATIVE_VOLUME,False,,,,,,,,,,,,,,BELOW_MINIMUM_RELATIVE_VOLUME,False,,,,,,,,,,,,,
orb_v1.0,2024-03-25,290,ETN,0001551182,0.651671295631776,14,LONG,False,BELOW_MINIMUM_RELATIVE_VOLUME,True,False,False,False,46374.0,71161.64285714286,1985981.857142857,5.954421428571424,315.0,315.78,314.51,315.355,False,BELOW_MINIMUM_RELATIVE_VOLUME,False,,,,,,,,,,,,,,BELOW_MINIMUM_RELATIVE_VOLUME,False,,,,,,,,,,,,,,BELOW_MINIMUM_RELATIVE_VOLUME,False,,,,,,,,,,,,,
orb_v1.0,2024-03-25,291,CC,BBG005H82GC1,0.6499965238349054,14,LONG,False,BELOW_MINIMUM_RELATIVE_VOLUME,False,False,False,False,28048.0,43151.0,2155768.5,1.1468714285714283,27.42,27.77,27.37,27.5,True,BELOW_MINIMUM_RELATIVE_VOLUME,False,,,,,,,,,,,,,,BELOW_MINIMUM_RELATIVE_VOLUME,False,,,,,,,,,,,,,,BELOW_MINIMUM_RELATIVE_VOLUME,False,,,,,,,,,,,,,
orb_v1.0,2024-03-25,292,OTLK,BBG00469JRM1,0.6474695524945316,14,SHORT,False,BELOW_MINIMUM_RELATIVE_VOLUME,False,False,False,False,78548.0,121315.35714285714,2798168.8571428573,1.4212500000000001,8.74,8.9,8.0901,8.13,True,BELOW_MINIMUM_RELATIVE_VOLUME,False,,,,,,,,,,,,,,BELOW_MINIMUM_RELATIVE_VOLUME,False,,,,,,,,,,,,,,BELOW_MINIMUM_RELATIVE_VOLUME,False,,,,,,,,,,,,,
orb_v1.0,2024-03-25,293,GLW,BBG001S5RLH1,0.645883630022007,14,LONG,False,BELOW_MINIMUM_RELATIVE_VOLUME,True,False,False,False,77775.0,120416.42857142857,4927106.928571428,0.5194214285714287,32.54,32.69,32.5,32.67,True,BELOW_MINIMUM_RELATIVE_VOLUME,False,,,,,,,,,,,,,,BELOW_MINIMUM_RELATIVE_VOLUME,False,,,,,,,,,,,,,,BELOW_MINIMUM_RELATIVE_VOLUME,False,,,,,,,,,,,,,
orb_v1.0,2024-03-25,294,BRO,BBG001S5XFN0,0.6412288676544547,14,LONG,False,BELOW_MINIMUM_RELATIVE_VOLUME,True,False,False,False,18943.0,29541.714285714286,1101930.2142857143,1.1456357142857152,85.92,86.19,85.831,86.11,False,BELOW_MINIMUM_RELATIVE_VOLUME,False,,,,,,,,,,,,,,BELOW_MINIMUM_RELATIVE_VOLUME,False,,,,,,,,,,,,,,BELOW_MINIMUM_RELATIVE_VOLUME,False,,,,,,,,,,,,,
orb_v1.0,2024-03-25,295,CZR,BBG0074Q3NL5,0.6407907056091149,14,LONG,False,BELOW_MINIMUM_RELATIVE_VOLUME,False,False,False,False,34074.0,53174.92857142857,2575873.5,1.279642857142857,41.33,42.13,41.33,42.13,True,BELOW_MINIMUM_RELATIVE_VOLUME,False,,,,,,,,,,,,,,BELOW_MINIMUM_RELATIVE_VOLUME,False,,,,,,,,,,,,,,BELOW_MINIMUM_RELATIVE_VOLUME,False,,,,,,,,,,,,,
orb_v1.0,2024-03-25,296,MDT,0001613103,0.6383663474879365,14,LONG,False,BELOW_MINIMUM_RELATIVE_VOLUME,True,False,False,False,129978.0,203610.35714285713,6434493.571428572,1.1731285714285715,82.81,83.17,82.8,82.98,True,BELOW_MINIMUM_RELATIVE_VOLUME,False,,,,,,,,,,,,,,BELOW_MINIMUM_RELATIVE_VOLUME,False,,,,,,,,,,,,,,BELOW_MINIMUM_RELATIVE_VOLUME,False,,,,,,,,,,,,,
orb_v1.0,2024-03-25,297,SEE,BBG001SBSZ95,0.6375920891935547,14,LONG,False,BELOW_MINIMUM_RELATIVE_VOLUME,False,False,False,False,9248.0,14504.57142857143,1349356.7142857143,0.9699285714285705,35.57,35.72,35.57,35.7,True,BELOW_MINIMUM_RELATIVE_VOLUME,False,,,,,,,,,,,,,,BELOW_MINIMUM_RELATIVE_VOLUME,False,,,,,,,,,,,,,,BELOW_MINIMUM_RELATIVE_VOLUME,False,,,,,,,,,,,,,
orb_v1.0,2024-03-25,298,YUMC,BBG00B8N0HH0,0.6357809143265012,14,LONG,False,BELOW_MINIMUM_RELATIVE_VOLUME,True,False,False,False,90855.0,142903.0,3652158.785714286,1.4505500000000013,38.51,38.82,38.23,38.695,False,BELOW_MINIMUM_RELATIVE_VOLUME,False,,,,,,,,,,,,,,BELOW_MINIMUM_RELATIVE_VOLUME,False,,,,,,,,,,,,,,BELOW_MINIMUM_RELATIVE_VOLUME,False,,,,,,,,,,,,,
orb_v1.0,2024-03-25,299,HAL,BBG001S5RS59,0.635144939521242,14,LONG,False,BELOW_MINIMUM_RELATIVE_VOLUME,True,False,False,False,144008.0,226732.5,7331656.142857143,0.842492857142857,38.7,38.87,38.495,38.8271,True,BELOW_MINIMUM_RELATIVE_VOLUME,False,,,,,,,,,,,,,,BELOW_MINIMUM_RELATIVE_VOLUME,False,,,,,,,,,,,,,,BELOW_MINIMUM_RELATIVE_VOLUME,False,,,,,,,,,,,,,
orb_v1.0,2024-03-25,300,DRVN,BBG00YN8ND71,0.6314966320890526,14,LONG,False,BELOW_MINIMUM_RELATIVE_VOLUME,False,False,False,False,7614.0,12057.07142857143,1103171.5714285714,0.5153785714285712,15.37,15.52,15.37,15.52,False,BELOW_MINIMUM_RELATIVE_VOLUME,False,,,,,,,,,,,,,,BELOW_MINIMUM_RELATIVE_VOLUME,False,,,,,,,,,,,,,,BELOW_MINIMUM_RELATIVE_VOLUME,False,,,,,,,,,,,,,
orb_v1.0,2024-03-25,301,CG,BBG001S7JM84,0.6311649759244542,14,LONG,False,BELOW_MINIMUM_RELATIVE_VOLUME,True,False,False,False,23145.0,36670.28571428572,2436814.6428571427,1.0759214285714296,46.41,46.72,46.24,46.72,True,BELOW_MINIMUM_RELATIVE_VOLUME,False,,,,,,,,,,,,,,BELOW_MINIMUM_RELATIVE_VOLUME,False,,,,,,,,,,,,,,BELOW_MINIMUM_RELATIVE_VOLUME,False,,,,,,,,,,,,,
orb_v1.0,2024-03-25,302,DOCN,BBG00ZGF6TM7,0.630418197396683,14,LONG,False,BELOW_MINIMUM_RELATIVE_VOLUME,False,False,False,False,15346.0,24342.571428571428,1002424.0,1.6861428571428587,39.22,39.58,39.22,39.53,False,BELOW_MINIMUM_RELATIVE_VOLUME,False,,,,,,,,,,,,,,BELOW_MINIMUM_RELATIVE_VOLUME,False,,,,,,,,,,,,,,BELOW_MINIMUM_RELATIVE_VOLUME,False,,,,,,,,,,,,,
orb_v1.0,2024-03-25,303,VZ,BBG001S67QY1,0.6295065775031012,14,LONG,False,BELOW_MINIMUM_RELATIVE_VOLUME,True,False,False,False,433203.0,688162.7857142857,19222089.35714286,0.6414285714285722,40.53,40.7,40.5,40.66,True,BELOW_MINIMUM_RELATIVE_VOLUME,False,,,,,,,,,,,,,,BELOW_MINIMUM_RELATIVE_VOLUME,False,,,,,,,,,,,,,,BELOW_MINIMUM_RELATIVE_VOLUME,False,,,,,,,,,,,,,
orb_v1.0,2024-03-25,304,IOT,BBG0099PW5Q0,0.629022187464524,14,LONG,False,BELOW_MINIMUM_RELATIVE_VOLUME,True,False,False,False,199473.0,317116.0,6188463.214285715,2.242857142857143,36.9,37.75,36.67,37.6898,True,BELOW_MINIMUM_RELATIVE_VOLUME,False,,,,,,,,,,,,,,BELOW_MINIMUM_RELATIVE_VOLUME,False,,,,,,,,,,,,,,BELOW_MINIMUM_RELATIVE_VOLUME,False,,,,,,,,,,,,,
orb_v1.0,2024-03-25,305,GLBE,0001835963,0.6263591518375992,14,LONG,False,BELOW_MINIMUM_RELATIVE_VOLUME,False,False,False,False,12126.0,19359.5,1265690.4285714286,1.4826642857142858,36.71,37.33,36.71,37.33,True,BELOW_MINIMUM_RELATIVE_VOLUME,False,,,,,,,,,,,,,,BELOW_MINIMUM_RELATIVE_VOLUME,False,,,,,,,,,,,,,,BELOW_MINIMUM_RELATIVE_VOLUME,False,,,,,,,,,,,,,
orb_v1.0,2024-03-25,306,EXLS,BBG001SKWX40,0.6257517321482894,14,SHORT,False,BELOW_MINIMUM_RELATIVE_VOLUME,False,False,False,False,21011.0,33577.21428571428,1076442.2142857143,0.9376142857142857,30.95,30.95,30.75,30.75,True,BELOW_MINIMUM_RELATIVE_VOLUME,False,,,,,,,,,,,,,,BELOW_MINIMUM_RELATIVE_VOLUME,False,,,,,,,,,,,,,,BELOW_MINIMUM_RELATIVE_VOLUME,False,,,,,,,,,,,,,
orb_v1.0,2024-03-25,307,HIG,BBG001S8PXF3,0.6253858203014663,14,LONG,False,BELOW_MINIMUM_RELATIVE_VOLUME,True,False,False,False,26094.0,41724.642857142855,2048348.142857143,1.3722857142857154,100.24,100.57,100.24,100.56,True,BELOW_MINIMUM_RELATIVE_VOLUME,False,,,,,,,,,,,,,,BELOW_MINIMUM_RELATIVE_VOLUME,False,,,,,,,,,,,,,,BELOW_MINIMUM_RELATIVE_VOLUME,False,,,,,,,,,,,,,
orb_v1.0,2024-03-25,308,ROK,BBG001S5VRF5,0.6241028762931307,14,LONG,False,BELOW_MINIMUM_RELATIVE_VOLUME,True,False,False,False,21895.0,35082.357142857145,1022005.2857142857,8.26736428571428,283.81,284.5035,283.05,284.0,True,BELOW_MINIMUM_RELATIVE_VOLUME,False,,,,,,,,,,,,,,BELOW_MINIMUM_RELATIVE_VOLUME,False,,,,,,,,,,,,,,BELOW_MINIMUM_RELATIVE_VOLUME,False,,,,,,,,,,,,,
orb_v1.0,2024-03-25,309,WYNN,BBG001SJZ2V8,0.6231382532737778,14,LONG,False,BELOW_MINIMUM_RELATIVE_VOLUME,False,False,False,False,20438.0,32798.5,1599569.0,2.004099999999998,99.83,100.42,99.83,100.42,True,BELOW_MINIMUM_RELATIVE_VOLUME,False,,,,,,,,,,,,,,BELOW_MINIMUM_RELATIVE_VOLUME,False,,,,,,,,,,,,,,BELOW_MINIMUM_RELATIVE_VOLUME,False,,,,,,,,,,,,,
orb_v1.0,2024-03-25,310,KVYO,BBG009WR3FM4,0.6229305457591671,14,LONG,False,BELOW_MINIMUM_RELATIVE_VOLUME,False,False,False,False,23530.0,37773.07142857143,1809434.357142857,1.310928571428571,26.0,26.25,25.92,26.13,False,BELOW_MINIMUM_RELATIVE_VOLUME,False,,,,,,,,,,,,,,BELOW_MINIMUM_RELATIVE_VOLUME,False,,,,,,,,,,,,,,BELOW_MINIMUM_RELATIVE_VOLUME,False,,,,,,,,,,,,,
orb_v1.0,2024-03-25,311,DRI,BBG001S5QM08,0.6219054536650324,14,SHORT,False,BELOW_MINIMUM_RELATIVE_VOLUME,True,False,False,False,20549.0,33042.0,1376510.357142857,3.3082142857142895,164.21,164.84,164.08,164.08,True,BELOW_MINIMUM_RELATIVE_VOLUME,False,,,,,,,,,,,,,,BELOW_MINIMUM_RELATIVE_VOLUME,False,,,,,,,,,,,,,,BELOW_MINIMUM_RELATIVE_VOLUME,False,,,,,,,,,,,,,
orb_v1.0,2024-03-25,312,BJ,BBG00FQ8T4M6,0.6218909535116915,14,SHORT,False,BELOW_MINIMUM_RELATIVE_VOLUME,False,False,False,False,27200.0,43737.57142857143,1919428.5714285714,2.537249999999998,77.0,77.4,76.735,76.735,True,BELOW_MINIMUM_RELATIVE_VOLUME,False,,,,,,,,,,,,,,BELOW_MINIMUM_RELATIVE_VOLUME,False,,,,,,,,,,,,,,BELOW_MINIMUM_RELATIVE_VOLUME,False,,,,,,,,,,,,,
orb_v1.0,2024-03-25,313,CHTR,BBG001T3TDG2,0.6215257976332298,14,LONG,False,BELOW_MINIMUM_RELATIVE_VOLUME,True,False,False,False,21875.0,35195.642857142855,1601320.357142857,8.42792857142857,290.37,290.735,288.71,290.465,True,BELOW_MINIMUM_RELATIVE_VOLUME,False,,,,,,,,,,,,,,BELOW_MINIMUM_RELATIVE_VOLUME,False,,,,,,,,,,,,,,BELOW_MINIMUM_RELATIVE_VOLUME,False,,,,,,,,,,,,,
orb_v1.0,2024-03-25,314,BYND,BBG003CVJP69,0.6173214621573152,14,LONG,False,BELOW_MINIMUM_RELATIVE_VOLUME,False,False,False,False,66582.0,107856.28571428571,2687432.4285714286,0.57515,7.82,7.95,7.8103,7.93,True,BELOW_MINIMUM_RELATIVE_VOLUME,False,,,,,,,,,,,,,,BELOW_MINIMUM_RELATIVE_VOLUME,False,,,,,,,,,,,,,,BELOW_MINIMUM_RELATIVE_VOLUME,False,,,,,,,,,,,,,
orb_v1.0,2024-03-25,315,BMY,BBG001S8N8J6,0.6163388119749098,14,LONG,False,BELOW_MINIMUM_RELATIVE_VOLUME,True,False,False,False,236820.0,384236.71428571426,23958778.35714286,1.121571428571428,52.08,52.1943,51.91,52.15,True,BELOW_MINIMUM_RELATIVE_VOLUME,False,,,,,,,,,,,,,,BELOW_MINIMUM_RELATIVE_VOLUME,False,,,,,,,,,,,,,,BELOW_MINIMUM_RELATIVE_VOLUME,False,,,,,,,,,,,,,
orb_v1.0,2024-03-25,316,ENPH,BBG001V28NC6,0.6141077246771022,14,LONG,False,BELOW_MINIMUM_RELATIVE_VOLUME,True,False,False,False,73198.0,119194.07142857143,3339158.0,6.021492857142854,114.01,115.38,113.215,115.15,True,BELOW_MINIMUM_RELATIVE_VOLUME,False,,,,,,,,,,,,,,BELOW_MINIMUM_RELATIVE_VOLUME,False,,,,,,,,,,,,,,BELOW_MINIMUM_RELATIVE_VOLUME,False,,,,,,,,,,,,,
orb_v1.0,2024-03-25,317,MBLY,BBG019X46ZY3,0.6115540024025335,14,SHORT,False,BELOW_MINIMUM_RELATIVE_VOLUME,True,False,False,False,71600.0,117078.78571428571,4665538.071428572,1.5044999999999997,31.34,31.47,31.24,31.29,True,BELOW_MINIMUM_RELATIVE_VOLUME,False,,,,,,,,,,,,,,BELOW_MINIMUM_RELATIVE_VOLUME,False,,,,,,,,,,,,,,BELOW_MINIMUM_RELATIVE_VOLUME,False,,,,,,,,,,,,,
orb_v1.0,2024-03-25,318,USB,BBG001S6T8C1,0.6111356247909392,14,LONG,False,BELOW_MINIMUM_RELATIVE_VOLUME,True,False,False,False,168478.0,275680.21428571426,9412240.92857143,1.0088499999999994,43.75,44.04,43.68,44.02,True,BELOW_MINIMUM_RELATIVE_VOLUME,False,,,,,,,,,,,,,,BELOW_MINIMUM_RELATIVE_VOLUME,False,,,,,,,,,,,,,,BELOW_MINIMUM_RELATIVE_VOLUME,False,,,,,,,,,,,,,
orb_v1.0,2024-03-25,319,SHW,BBG001S5W2F9,0.6101096112208052,14,SHORT,False,BELOW_MINIMUM_RELATIVE_VOLUME,True,False,False,False,25139.0,41204.07142857143,1272251.5714285714,6.09321428571429,341.28,341.48,340.86,340.86,True,BELOW_MINIMUM_RELATIVE_VOLUME,False,,,,,,,,,,,,,,BELOW_MINIMUM_RELATIVE_VOLUME,False,,,,,,,,,,,,,,BELOW_MINIMUM_RELATIVE_VOLUME,False,,,,,,,,,,,,,
orb_v1.0,2024-03-25,320,SWIN,0001959224,0.6087100892987735,14,SHORT,False,BELOW_MINIMUM_RELATIVE_VOLUME,True,False,False,False,10999.0,18069.35714285714,1101808.0,14.530371428571428,5.98,5.98,5.7612,5.89,True,BELOW_MINIMUM_RELATIVE_VOLUME,False,,,,,,,,,,,,,,BELOW_MINIMUM_RELATIVE_VOLUME,False,,,,,,,,,,,,,,BELOW_MINIMUM_RELATIVE_VOLUME,False,,,,,,,,,,,,,
orb_v1.0,2024-03-25,321,GRMN,0001121788,0.6077700758924902,14,SHORT,False,BELOW_MINIMUM_RELATIVE_VOLUME,True,False,False,False,12676.0,20856.571428571428,1235925.5,2.09338571428571,146.95,146.95,146.45,146.92,False,BELOW_MINIMUM_RELATIVE_VOLUME,False,,,,,,,,,,,,,,BELOW_MINIMUM_RELATIVE_VOLUME,False,,,,,,,,,,,,,,BELOW_MINIMUM_RELATIVE_VOLUME,False,,,,,,,,,,,,,
orb_v1.0,2024-03-25,322,ADC,BBG001S6RY81,0.6048669778580702,14,LONG,False,BELOW_MINIMUM_RELATIVE_VOLUME,False,False,False,False,12412.0,20520.214285714286,1126357.7142857143,1.0504500000000003,56.14,56.27,56.135,56.27,True,BELOW_MINIMUM_RELATIVE_VOLUME,False,,,,,,,,,,,,,,BELOW_MINIMUM_RELATIVE_VOLUME,False,,,,,,,,,,,,,,BELOW_MINIMUM_RELATIVE_VOLUME,False,,,,,,,,,,,,,
orb_v1.0,2024-03-25,323,NXPI,0001413447,0.6038030562121822,14,SHORT,False,BELOW_MINIMUM_RELATIVE_VOLUME,True,False,False,False,47492.0,78654.78571428571,2705497.3571428573,7.677735714285717,240.9,241.45,238.61,240.4901,False,BELOW_MINIMUM_RELATIVE_VOLUME,False,,,,,,,,,,,,,,BELOW_MINIMUM_RELATIVE_VOLUME,False,,,,,,,,,,,,,,BELOW_MINIMUM_RELATIVE_VOLUME,False,,,,,,,,,,,,,
orb_v1.0,2024-03-25,324,LNG,BBG001S7W158,0.6033338324100415,14,LONG,False,BELOW_MINIMUM_RELATIVE_VOLUME,True,False,False,False,17270.0,28624.285714285714,1950335.857142857,2.392071428571423,160.23,160.59,159.67,160.33,True,BELOW_MINIMUM_RELATIVE_VOLUME,False,,,,,,,,,,,,,,BELOW_MINIMUM_RELATIVE_VOLUME,False,,,,,,,,,,,,,,BELOW_MINIMUM_RELATIVE_VOLUME,False,,,,,,,,,,,,,
orb_v1.0,2024-03-25,325,O,BBG001S884K0,0.6029750072300798,14,LONG,False,BELOW_MINIMUM_RELATIVE_VOLUME,True,False,False,False,167243.0,277363.0714285714,6067270.285714285,0.7877857142857151,52.26,52.485,52.22,52.4776,True,BELOW_MINIMUM_RELATIVE_VOLUME,False,,,,,,,,,,,,,,BELOW_MINIMUM_RELATIVE_VOLUME,False,,,,,,,,,,,,,,BELOW_MINIMUM_RELATIVE_VOLUME,False,,,,,,,,,,,,,
orb_v1.0,2024-03-25,326,CFLT,BBG007HWGYS3,0.6025957677665422,14,LONG,False,BELOW_MINIMUM_RELATIVE_VOLUME,False,False,False,False,54982.0,91241.92857142857,4345453.5,1.3279285714285716,30.76,30.9999,30.75,30.87,True,BELOW_MINIMUM_RELATIVE_VOLUME,False,,,,,,,,,,,,,,BELOW_MINIMUM_RELATIVE_VOLUME,False,,,,,,,,,,,,,,BELOW_MINIMUM_RELATIVE_VOLUME,False,,,,,,,,,,,,,
orb_v1.0,2024-03-25,327,MTDR,BBG001T3L5S4,0.6014045181487435,14,LONG,False,BELOW_MINIMUM_RELATIVE_VOLUME,False,False,False,False,17770.0,29547.5,1214918.7857142857,1.4062642857142842,68.29,68.82,68.29,68.81,True,BELOW_MINIMUM_RELATIVE_VOLUME,False,,,,,,,,,,,,,,BELOW_MINIMUM_RELATIVE_VOLUME,False,,,,,,,,,,,,,,BELOW_MINIMUM_RELATIVE_VOLUME,False,,,,,,,,,,,,,
orb_v1.0,2024-03-25,328,VSH,BBG001S5XB04,0.6012545363533975,14,LONG,False,BELOW_MINIMUM_RELATIVE_VOLUME,False,False,False,False,16473.0,27397.714285714286,1310655.357142857,0.5214285714285712,21.91,22.07,21.87,22.07,True,BELOW_MINIMUM_RELATIVE_VOLUME,False,,,,,,,,,,,,,,BELOW_MINIMUM_RELATIVE_VOLUME,False,,,,,,,,,,,,,,BELOW_MINIMUM_RELATIVE_VOLUME,False,,,,,,,,,,,,,
orb_v1.0,2024-03-25,329,CABA,BBG00MJ3BKX1,0.6009674040298232,14,SHORT,False,BELOW_MINIMUM_RELATIVE_VOLUME,False,False,False,False,13933.0,23184.285714285714,1178831.5,1.4524714285714284,17.71,17.87,17.51,17.705,True,BELOW_MINIMUM_RELATIVE_VOLUME,False,,,,,,,,,,,,,,BELOW_MINIMUM_RELATIVE_VOLUME,False,,,,,,,,,,,,,,BELOW_MINIMUM_RELATIVE_VOLUME,False,,,,,,,,,,,,,
orb_v1.0,2024-03-25,330,CTSH,BBG001S5STN6,0.5994423581831902,14,SHORT,False,BELOW_MINIMUM_RELATIVE_VOLUME,True,False,False,False,75800.0,126450.85714285714,5743886.857142857,1.3463571428571441,72.0,72.1623,71.79,71.9905,False,BELOW_MINIMUM_RELATIVE_VOLUME,False,,,,,,,,,,,,,,BELOW_MINIMUM_RELATIVE_VOLUME,False,,,,,,,,,,,,,,BELOW_MINIMUM_RELATIVE_VOLUME,False,,,,,,,,,,,,,
orb_v1.0,2024-03-25,331,PACK,BBG00JRXX6Z8,0.5994181613807495,14,LONG,False,BELOW_MINIMUM_RELATIVE_VOLUME,False,False,False,False,18588.0,31010.071428571428,1596779.142857143,0.6000142857142856,7.56,7.76,7.56,7.72,True,BELOW_MINIMUM_RELATIVE_VOLUME,False,,,,,,,,,,,,,,BELOW_MINIMUM_RELATIVE_VOLUME,False,,,,,,,,,,,,,,BELOW_MINIMUM_RELATIVE_VOLUME,False,,,,,,,,,,,,,
orb_v1.0,2024-03-25,332,GILD,BBG001S6Y1X7,0.5990141448778397,14,LONG,False,BELOW_MINIMUM_RELATIVE_VOLUME,True,False,False,False,156520.0,261296.0,7940722.071428572,1.1975000000000011,72.5,72.78,72.2,72.68,True,BELOW_MINIMUM_RELATIVE_VOLUME,False,,,,,,,,,,,,,,BELOW_MINIMUM_RELATIVE_VOLUME,False,,,,,,,,,,,,,,BELOW_MINIMUM_RELATIVE_VOLUME,False,,,,,,,,,,,,,
orb_v1.0,2024-03-25,333,Z,BBG009NRSWK2,0.5965491400556233,14,SHORT,False,BELOW_MINIMUM_RELATIVE_VOLUME,False,False,False,False,64594.0,108279.42857142857,5851933.571428572,2.8287214285714275,50.94,51.46,50.85,50.92,True,BELOW_MINIMUM_RELATIVE_VOLUME,False,,,,,,,,,,,,,,BELOW_MINIMUM_RELATIVE_VOLUME,False,,,,,,,,,,,,,,BELOW_MINIMUM_RELATIVE_VOLUME,False,,,,,,,,,,,,,
orb_v1.0,2024-03-25,334,AESI,BBG01JFZ96Y3,0.5958963176269911,14,SHORT,False,BELOW_MINIMUM_RELATIVE_VOLUME,False,False,False,False,11204.0,18801.928571428572,1309875.357142857,0.6685285714285712,22.67,22.74,22.5844,22.64,True,BELOW_MINIMUM_RELATIVE_VOLUME,False,,,,,,,,,,,,,,BELOW_MINIMUM_RELATIVE_VOLUME,False,,,,,,,,,,,,,,BELOW_MINIMUM_RELATIVE_VOLUME,False,,,,,,,,,,,,,
orb_v1.0,2024-03-25,335,U,BBG0056JW5H5,0.5947129722640336,14,LONG,False,BELOW_MINIMUM_RELATIVE_VOLUME,False,False,False,False,190383.0,320125.85714285716,9091543.57142857,1.0171357142857147,26.94,27.45,26.8709,27.41,False,BELOW_MINIMUM_RELATIVE_VOLUME,False,,,,,,,,,,,,,,BELOW_MINIMUM_RELATIVE_VOLUME,False,,,,,,,,,,,,,,BELOW_MINIMUM_RELATIVE_VOLUME,False,,,,,,,,,,,,,
orb_v1.0,2024-03-25,336,ECL,BBG001S5QRB5,0.5944192633516137,14,SHORT,False,BELOW_MINIMUM_RELATIVE_VOLUME,True,False,False,False,23025.0,38735.28571428572,1313470.7857142857,2.749285714285719,229.33,229.33,228.34,228.685,True,BELOW_MINIMUM_RELATIVE_VOLUME,False,,,,,,,,,,,,,,BELOW_MINIMUM_RELATIVE_VOLUME,False,,,,,,,,,,,,,,BELOW_MINIMUM_RELATIVE_VOLUME,False,,,,,,,,,,,,,
orb_v1.0,2024-03-25,337,CL,BBG001S5PVM5,0.5942954255026609,14,SHORT,False,BELOW_MINIMUM_RELATIVE_VOLUME,True,False,False,False,83977.0,141305.14285714287,3773155.4285714286,0.9610714285714295,89.24,89.418,89.2,89.21,True,BELOW_MINIMUM_RELATIVE_VOLUME,False,,,,,,,,,,,,,,BELOW_MINIMUM_RELATIVE_VOLUME,False,,,,,,,,,,,,,,BELOW_MINIMUM_RELATIVE_VOLUME,False,,,,,,,,,,,,,
orb_v1.0,2024-03-25,338,LMT,BBG001S7PS57,0.5923302080526311,14,SHORT,False,BELOW_MINIMUM_RELATIVE_VOLUME,True,False,False,False,22766.0,38434.642857142855,1240048.2142857143,4.389849999999991,447.86,448.55,446.7676,446.785,True,BELOW_MINIMUM_RELATIVE_VOLUME,False,,,,,,,,,,,,,,BELOW_MINIMUM_RELATIVE_VOLUME,False,,,,,,,,,,,,,,BELOW_MINIMUM_RELATIVE_VOLUME,False,,,,,,,,,,,,,
orb_v1.0,2024-03-25,339,EQT,BBG001S5QXJ4,0.591532096855499,14,LONG,False,BELOW_MINIMUM_RELATIVE_VOLUME,False,False,False,False,136121.0,230116.0,9439074.857142856,0.9860714285714275,34.48,34.81,34.43,34.77,True,BELOW_MINIMUM_RELATIVE_VOLUME,False,,,,,,,,,,,,,,BELOW_MINIMUM_RELATIVE_VOLUME,False,,,,,,,,,,,,,,BELOW_MINIMUM_RELATIVE_VOLUME,False,,,,,,,,,,,,,
orb_v1.0,2024-03-25,340,CNK,BBG001SS31W4,0.5915077388187286,14,LONG,False,BELOW_MINIMUM_RELATIVE_VOLUME,False,False,False,False,23255.0,39314.78571428572,2911234.3571428573,0.5828571428571424,18.07,18.19,18.05,18.16,True,BELOW_MINIMUM_RELATIVE_VOLUME,False,,,,,,,,,,,,,,BELOW_MINIMUM_RELATIVE_VOLUME,False,,,,,,,,,,,,,,BELOW_MINIMUM_RELATIVE_VOLUME,False,,,,,,,,,,,,,
orb_v1.0,2024-03-25,341,MOD,BBG001S5T913,0.589975829479106,14,LONG,False,BELOW_MINIMUM_RELATIVE_VOLUME,False,False,False,False,20765.0,35196.357142857145,1229417.0,4.827578571428569,100.97,101.49,100.6618,101.1,False,BELOW_MINIMUM_RELATIVE_VOLUME,False,,,,,,,,,,,,,,BELOW_MINIMUM_RELATIVE_VOLUME,False,,,,,,,,,,,,,,BELOW_MINIMUM_RELATIVE_VOLUME,False,,,,,,,,,,,,,
orb_v1.0,2024-03-25,342,BLMN,BBG002VZ69Q9,0.5897926263449353,14,DOJI,False,BELOW_MINIMUM_RELATIVE_VOLUME,False,False,False,False,17733.0,30066.5,1521271.142857143,0.7835642857142852,27.27,27.32,27.225,27.27,False,BELOW_MINIMUM_RELATIVE_VOLUME,False,,,,,,,,,,,,,,BELOW_MINIMUM_RELATIVE_VOLUME,False,,,,,,,,,,,,,,BELOW_MINIMUM_RELATIVE_VOLUME,False,,,,,,,,,,,,,
orb_v1.0,2024-03-25,343,TEL,0001385157,0.5866484821038248,14,SHORT,False,BELOW_MINIMUM_RELATIVE_VOLUME,True,False,False,False,32015.0,54572.71428571428,2178343.714285714,2.2482142857142833,144.0,144.0,142.825,143.06,True,BELOW_MINIMUM_RELATIVE_VOLUME,False,,,,,,,,,,,,,,BELOW_MINIMUM_RELATIVE_VOLUME,False,,,,,,,,,,,,,,BELOW_MINIMUM_RELATIVE_VOLUME,False,,,,,,,,,,,,,
orb_v1.0,2024-03-25,344,REG,BBG001S7H752,0.5855245406932131,14,SHORT,False,BELOW_MINIMUM_RELATIVE_VOLUME,False,False,False,False,21856.0,37327.21428571428,1184060.642857143,1.0775000000000001,59.63,59.63,59.55,59.57,True,BELOW_MINIMUM_RELATIVE_VOLUME,False,,,,,,,,,,,,,,BELOW_MINIMUM_RELATIVE_VOLUME,False,,,,,,,,,,,,,,BELOW_MINIMUM_RELATIVE_VOLUME,False,,,,,,,,,,,,,
orb_v1.0,2024-03-25,345,FRO,0000913290,0.5816816588165725,14,LONG,False,BELOW_MINIMUM_RELATIVE_VOLUME,False,False,False,False,58388.0,100377.92857142857,2021214.0,0.6956571428571431,23.16,23.275,23.16,23.25,True,BELOW_MINIMUM_RELATIVE_VOLUME,False,,,,,,,,,,,,,,BELOW_MINIMUM_RELATIVE_VOLUME,False,,,,,,,,,,,,,,BELOW_MINIMUM_RELATIVE_VOLUME,False,,,,,,,,,,,,,
orb_v1.0,2024-03-25,346,CRC,BBG00Y04KQ51,0.5812117555804533,14,LONG,False,BELOW_MINIMUM_RELATIVE_VOLUME,False,False,False,False,14451.0,24863.571428571428,1925679.857142857,2.2283928571428575,53.32,53.895,53.32,53.695,True,BELOW_MINIMUM_RELATIVE_VOLUME,False,,,,,,,,,,,,,,BELOW_MINIMUM_RELATIVE_VOLUME,False,,,,,,,,,,,,,,BELOW_MINIMUM_RELATIVE_VOLUME,False,,,,,,,,,,,,,
orb_v1.0,2024-03-25,347,CHK,BBG00Z6DX607,0.5808342225549061,14,LONG,False,BELOW_MINIMUM_RELATIVE_VOLUME,False,False,False,False,18235.0,31394.5,2229534.3571428573,1.5353571428571453,86.55,87.2,86.375,87.09,True,BELOW_MINIMUM_RELATIVE_VOLUME,False,,,,,,,,,,,,,,BELOW_MINIMUM_RELATIVE_VOLUME,False,,,,,,,,,,,,,,BELOW_MINIMUM_RELATIVE_VOLUME,False,,,,,,,,,,,,,
orb_v1.0,2024-03-25,348,CSIQ,BBG001SPNJT3,0.5806816348499001,14,LONG,False,BELOW_MINIMUM_RELATIVE_VOLUME,False,False,False,False,30594.0,52686.357142857145,1458586.4285714286,0.9138571428571429,18.12,18.31,18.08,18.21,True,BELOW_MINIMUM_RELATIVE_VOLUME,False,,,,,,,,,,,,,,BELOW_MINIMUM_RELATIVE_VOLUME,False,,,,,,,,,,,,,,BELOW_MINIMUM_RELATIVE_VOLUME,False,,,,,,,,,,,,,
orb_v1.0,2024-03-25,349,APD,BBG001S5NSB6,0.5802295141848289,14,LONG,False,BELOW_MINIMUM_RELATIVE_VOLUME,True,False,False,False,27231.0,46931.42857142857,1806203.5714285714,4.235707142857144,235.97,236.8408,235.66,236.8408,True,BELOW_MINIMUM_RELATIVE_VOLUME,False,,,,,,,,,,,,,,BELOW_MINIMUM_RELATIVE_VOLUME,False,,,,,,,,,,,,,,BELOW_MINIMUM_RELATIVE_VOLUME,False,,,,,,,,,,,,,
orb_v1.0,2024-03-25,350,HUN,BBG001SKWX22,0.5787505819366854,14,LONG,False,BELOW_MINIMUM_RELATIVE_VOLUME,False,False,False,False,11366.0,19638.85714285714,2332180.3571428573,0.5742785714285719,25.49,25.65,25.49,25.605,False,BELOW_MINIMUM_RELATIVE_VOLUME,False,,,,,,,,,,,,,,BELOW_MINIMUM_RELATIVE_VOLUME,False,,,,,,,,,,,,,,BELOW_MINIMUM_RELATIVE_VOLUME,False,,,,,,,,,,,,,
orb_v1.0,2024-03-25,351,CEG,BBG014KFRPJ9,0.5784733718533411,14,LONG,False,BELOW_MINIMUM_RELATIVE_VOLUME,True,False,False,False,62723.0,108428.5,2548850.5,5.975000000000004,180.0,182.59,179.76,180.08,True,BELOW_MINIMUM_RELATIVE_VOLUME,False,,,,,,,,,,,,,,BELOW_MINIMUM_RELATIVE_VOLUME,False,,,,,,,,,,,,,,BELOW_MINIMUM_RELATIVE_VOLUME,False,,,,,,,,,,,,,
orb_v1.0,2024-03-25,352,KHC,BBG005CPNTR1,0.5767211819802643,14,SHORT,False,BELOW_MINIMUM_RELATIVE_VOLUME,True,False,False,False,188053.0,326072.64285714284,8495259.214285715,0.5124428571428551,35.88,35.97,35.81,35.8571,False,BELOW_MINIMUM_RELATIVE_VOLUME,False,,,,,,,,,,,,,,BELOW_MINIMUM_RELATIVE_VOLUME,False,,,,,,,,,,,,,,BELOW_MINIMUM_RELATIVE_VOLUME,False,,,,,,,,,,,,,
orb_v1.0,2024-03-25,353,CVX,BBG001S67ZC5,0.5719998480603893,14,LONG,False,BELOW_MINIMUM_RELATIVE_VOLUME,True,False,False,False,229106.0,400535.0714285714,9054127.92857143,2.2718214285714344,155.48,156.26,155.27,156.195,True,BELOW_MINIMUM_RELATIVE_VOLUME,False,,,,,,,,,,,,,,BELOW_MINIMUM_RELATIVE_VOLUME,False,,,,,,,,,,,,,,BELOW_MINIMUM_RELATIVE_VOLUME,False,,,,,,,,,,,,,
orb_v1.0,2024-03-25,354,PM,BBG001STP9N1,0.5700340489950493,14,LONG,False,BELOW_MINIMUM_RELATIVE_VOLUME,True,False,False,False,132115.0,231766.85714285713,6153043.928571428,1.5956000000000006,90.84,91.27,90.8,91.14,True,BELOW_MINIMUM_RELATIVE_VOLUME,False,,,,,,,,,,,,,,BELOW_MINIMUM_RELATIVE_VOLUME,False,,,,,,,,,,,,,,BELOW_MINIMUM_RELATIVE_VOLUME,False,,,,,,,,,,,,,
orb_v1.0,2024-03-25,355,SANA,BBG00N5BMH70,0.5697507848296742,14,LONG,False,BELOW_MINIMUM_RELATIVE_VOLUME,False,False,False,False,28040.0,49214.5,1685413.357142857,0.7116857142857144,9.19,9.4312,9.12,9.4,True,BELOW_MINIMUM_RELATIVE_VOLUME,False,,,,,,,,,,,,,,BELOW_MINIMUM_RELATIVE_VOLUME,False,,,,,,,,,,,,,,BELOW_MINIMUM_RELATIVE_VOLUME,False,,,,,,,,,,,,,
orb_v1.0,2024-03-25,356,RNA,BBG00FQ7LXX0,0.5696730753509665,14,LONG,False,BELOW_MINIMUM_RELATIVE_VOLUME,False,False,False,False,21901.0,38444.857142857145,1449403.2142857143,1.552607142857143,23.63,24.22,23.61,24.115,False,BELOW_MINIMUM_RELATIVE_VOLUME,False,,,,,,,,,,,,,,BELOW_MINIMUM_RELATIVE_VOLUME,False,,,,,,,,,,,,,,BELOW_MINIMUM_RELATIVE_VOLUME,False,,,,,,,,,,,,,
orb_v1.0,2024-03-25,357,INMD,0001742692,0.5693637855152478,14,LONG,False,BELOW_MINIMUM_RELATIVE_VOLUME,False,False,False,False,21863.0,38399.0,1248644.5714285714,0.7309714285714287,20.6,20.76,20.56,20.71,True,BELOW_MINIMUM_RELATIVE_VOLUME,False,,,,,,,,,,,,,,BELOW_MINIMUM_RELATIVE_VOLUME,False,,,,,,,,,,,,,,BELOW_MINIMUM_RELATIVE_VOLUME,False,,,,,,,,,,,,,
orb_v1.0,2024-03-25,358,FCX,BBG001S5R3F3,0.5692532540685646,14,LONG,False,BELOW_MINIMUM_RELATIVE_VOLUME,True,False,False,False,371217.0,652112.2142857143,15761737.0,1.4785714285714298,45.45,46.0151,45.21,46.01,True,BELOW_MINIMUM_RELATIVE_VOLUME,False,,,,,,,,,,,,,,BELOW_MINIMUM_RELATIVE_VOLUME,False,,,,,,,,,,,,,,BELOW_MINIMUM_RELATIVE_VOLUME,False,,,,,,,,,,,,,
orb_v1.0,2024-03-25,359,OLLI,BBG0098VVDS0,0.5690454976575747,14,LONG,False,BELOW_MINIMUM_RELATIVE_VOLUME,False,False,False,False,14142.0,24852.14285714286,1189580.0,2.3820214285714294,78.14,78.97,78.14,78.97,True,BELOW_MINIMUM_RELATIVE_VOLUME,False,,,,,,,,,,,,,,BELOW_MINIMUM_RELATIVE_VOLUME,False,,,,,,,,,,,,,,BELOW_MINIMUM_RELATIVE_VOLUME,False,,,,,,,,,,,,,
orb_v1.0,2024-03-25,360,HSIC,BBG001S6S7F1,0.5689541037161222,14,LONG,False,BELOW_MINIMUM_RELATIVE_VOLUME,False,False,False,False,10375.0,18235.214285714286,1120476.7857142857,1.2764285714285708,73.29,73.74,73.29,73.395,False,BELOW_MINIMUM_RELATIVE_VOLUME,False,,,,,,,,,,,,,,BELOW_MINIMUM_RELATIVE_VOLUME,False,,,,,,,,,,,,,,BELOW_MINIMUM_RELATIVE_VOLUME,False,,,,,,,,,,,,,
orb_v1.0,2024-03-25,361,TRGP,BBG001TC94B9,0.5689012109307009,14,LONG,False,BELOW_MINIMUM_RELATIVE_VOLUME,True,False,False,False,26148.0,45962.28571428572,1592688.2857142857,1.7953785714285715,111.25,112.25,111.01,112.0825,True,BELOW_MINIMUM_RELATIVE_VOLUME,False,,,,,,,,,,,,,,BELOW_MINIMUM_RELATIVE_VOLUME,False,,,,,,,,,,,,,,BELOW_MINIMUM_RELATIVE_VOLUME,False,,,,,,,,,,,,,
orb_v1.0,2024-03-25,362,AMT,BBG001S5NPQ6,0.5688535691523263,14,LONG,False,BELOW_MINIMUM_RELATIVE_VOLUME,True,False,False,False,57122.0,100416.0,2147811.785714286,3.7185500000000036,193.69,194.83,193.53,194.15,True,BELOW_MINIMUM_RELATIVE_VOLUME,False,,,,,,,,,,,,,,BELOW_MINIMUM_RELATIVE_VOLUME,False,,,,,,,,,,,,,,BELOW_MINIMUM_RELATIVE_VOLUME,False,,,,,,,,,,,,,
orb_v1.0,2024-03-25,363,ALT,BBG001SNS461,0.5687658010116683,14,LONG,False,BELOW_MINIMUM_RELATIVE_VOLUME,False,False,False,False,80540.0,141604.85714285713,4312368.0,0.8557142857142856,9.12,9.28,9.09,9.24,False,BELOW_MINIMUM_RELATIVE_VOLUME,False,,,,,,,,,,,,,,BELOW_MINIMUM_RELATIVE_VOLUME,False,,,,,,,,,,,,,,BELOW_MINIMUM_RELATIVE_VOLUME,False,,,,,,,,,,,,,
orb_v1.0,2024-03-25,364,AFL,BBG001S5NGJ4,0.5684253915910964,14,LONG,False,BELOW_MINIMUM_RELATIVE_VOLUME,True,False,False,False,37036.0,65155.42857142857,2367518.714285714,1.2093285714285744,84.23,84.55,83.61,84.54,True,BELOW_MINIMUM_RELATIVE_VOLUME,False,,,,,,,,,,,,,,BELOW_MINIMUM_RELATIVE_VOLUME,False,,,,,,,,,,,,,,BELOW_MINIMUM_RELATIVE_VOLUME,False,,,,,,,,,,,,,
orb_v1.0,2024-03-25,365,HRB,BBG001S5S031,0.5679142937971242,14,SHORT,False,BELOW_MINIMUM_RELATIVE_VOLUME,False,False,False,False,9894.0,17421.64285714286,1098444.5,0.9839214285714272,48.81,48.84,48.71,48.75,True,BELOW_MINIMUM_RELATIVE_VOLUME,False,,,,,,,,,,,,,,BELOW_MINIMUM_RELATIVE_VOLUME,False,,,,,,,,,,,,,,BELOW_MINIMUM_RELATIVE_VOLUME,False,,,,,,,,,,,,,
orb_v1.0,2024-03-25,366,SQ,BBG001TFLWL5,0.5637263750103941,14,LONG,False,BELOW_MINIMUM_RELATIVE_VOLUME,True,False,False,False,198540.0,352192.14285714284,8862891.92857143,3.5465500000000003,80.61,81.4196,80.61,80.96,True,BELOW_MINIMUM_RELATIVE_VOLUME,False,,,,,,,,,,,,,,BELOW_MINIMUM_RELATIVE_VOLUME,False,,,,,,,,,,,,,,BELOW_MINIMUM_RELATIVE_VOLUME,False,,,,,,,,,,,,,
orb_v1.0,2024-03-25,367,WPM,BBG001S6DSP0,0.5626527409183003,14,LONG,False,BELOW_MINIMUM_RELATIVE_VOLUME,True,False,False,False,35209.0,62576.78571428572,2058908.5,1.145357142857142,45.0,45.4592,45.0,45.4592,True,BELOW_MINIMUM_RELATIVE_VOLUME,False,,,,,,,,,,,,,,BELOW_MINIMUM_RELATIVE_VOLUME,False,,,,,,,,,,,,,,BELOW_MINIMUM_RELATIVE_VOLUME,False,,,,,,,,,,,,,
orb_v1.0,2024-03-25,368,RSG,BBG001S9DL33,0.562235299648277,14,SHORT,False,BELOW_MINIMUM_RELATIVE_VOLUME,True,False,False,False,18794.0,33427.28571428572,1117014.4285714286,1.919478571428574,190.45,190.515,190.12,190.18,True,BELOW_MINIMUM_RELATIVE_VOLUME,False,,,,,,,,,,,,,,BELOW_MINIMUM_RELATIVE_VOLUME,False,,,,,,,,,,,,,,BELOW_MINIMUM_RELATIVE_VOLUME,False,,,,,,,,,,,,,
orb_v1.0,2024-03-25,369,BALL,BBG001S5P7Q4,0.5617489967703668,14,LONG,False,BELOW_MINIMUM_RELATIVE_VOLUME,True,False,False,False,28277.0,50337.42857142857,1703778.7857142857,1.119107142857143,66.23,66.53,66.01,66.37,True,BELOW_MINIMUM_RELATIVE_VOLUME,False,,,,,,,,,,,,,,BELOW_MINIMUM_RELATIVE_VOLUME,False,,,,,,,,,,,,,,BELOW_MINIMUM_RELATIVE_VOLUME,False,,,,,,,,,,,,,
orb_v1.0,2024-03-25,370,WHR,BBG001S5XFS5,0.561303661685486,14,LONG,False,BELOW_MINIMUM_RELATIVE_VOLUME,False,False,False,False,12779.0,22766.64285714286,2114503.6428571427,2.839721428571429,111.13,112.265,111.13,112.225,True,BELOW_MINIMUM_RELATIVE_VOLUME,False,,,,,,,,,,,,,,BELOW_MINIMUM_RELATIVE_VOLUME,False,,,,,,,,,,,,,,BELOW_MINIMUM_RELATIVE_VOLUME,False,,,,,,,,,,,,,
orb_v1.0,2024-03-25,371,ITW,BBG001S5SDX0,0.5604133328006157,14,LONG,False,BELOW_MINIMUM_RELATIVE_VOLUME,True,False,False,False,19036.0,33967.78571428572,1962862.857142857,3.264592857142852,267.95,269.19,267.76,268.99,False,BELOW_MINIMUM_RELATIVE_VOLUME,False,,,,,,,,,,,,,,BELOW_MINIMUM_RELATIVE_VOLUME,False,,,,,,,,,,,,,,BELOW_MINIMUM_RELATIVE_VOLUME,False,,,,,,,,,,,,,
orb_v1.0,2024-03-25,372,WSM,BBG001SBW7S1,0.5598736278792372,14,LONG,False,BELOW_MINIMUM_RELATIVE_VOLUME,True,False,False,False,27291.0,48744.92857142857,1775047.5,11.795592857142854,314.0,317.65,313.36,316.82,False,BELOW_MINIMUM_RELATIVE_VOLUME,False,,,,,,,,,,,,,,BELOW_MINIMUM_RELATIVE_VOLUME,False,,,,,,,,,,,,,,BELOW_MINIMUM_RELATIVE_VOLUME,False,,,,,,,,,,,,,
orb_v1.0,2024-03-25,373,SBLK,0001386716,0.5588959247674077,14,SHORT,False,BELOW_MINIMUM_RELATIVE_VOLUME,False,False,False,False,39768.0,71154.57142857143,1724336.142857143,0.7021000000000003,24.55,24.59,24.48,24.49,True,BELOW_MINIMUM_RELATIVE_VOLUME,False,,,,,,,,,,,,,,BELOW_MINIMUM_RELATIVE_VOLUME,False,,,,,,,,,,,,,,BELOW_MINIMUM_RELATIVE_VOLUME,False,,,,,,,,,,,,,
orb_v1.0,2024-03-25,374,COIN,BBG00ZGF7799,0.5573505137288384,14,LONG,False,BELOW_MINIMUM_RELATIVE_VOLUME,True,False,False,False,441625.0,792364.9285714285,16082621.07142857,20.184978571428562,261.0,265.64,260.25,264.29,True,BELOW_MINIMUM_RELATIVE_VOLUME,False,,,,,,,,,,,,,,BELOW_MINIMUM_RELATIVE_VOLUME,False,,,,,,,,,,,,,,BELOW_MINIMUM_RELATIVE_VOLUME,False,,,,,,,,,,,,,
orb_v1.0,2024-03-25,375,BX,BBG001S7H949,0.5573271535289779,14,LONG,False,BELOW_MINIMUM_RELATIVE_VOLUME,True,False,False,False,55640.0,99833.64285714286,4803597.857142857,3.4017857142857144,128.0,128.6608,127.91,128.39,True,BELOW_MINIMUM_RELATIVE_VOLUME,False,,,,,,,,,,,,,,BELOW_MINIMUM_RELATIVE_VOLUME,False,,,,,,,,,,,,,,BELOW_MINIMUM_RELATIVE_VOLUME,False,,,,,,,,,,,,,
orb_v1.0,2024-03-25,376,ZG,BBG001T0LC50,0.5570401482237871,14,LONG,False,BELOW_MINIMUM_RELATIVE_VOLUME,False,False,False,False,12391.0,22244.35714285714,1036844.2142857143,2.7178571428571416,50.0,50.41,49.89,50.01,False,BELOW_MINIMUM_RELATIVE_VOLUME,False,,,,,,,,,,,,,,BELOW_MINIMUM_RELATIVE_VOLUME,False,,,,,,,,,,,,,,BELOW_MINIMUM_RELATIVE_VOLUME,False,,,,,,,,,,,,,
orb_v1.0,2024-03-25,377,SOUN,BBG017304PD5,0.5565368456149141,14,SHORT,False,BELOW_MINIMUM_RELATIVE_VOLUME,False,True,False,False,2459555.0,4419392.928571428,101949672.35714285,1.2252928571428572,6.07,6.08,5.91,5.97,True,BELOW_MINIMUM_RELATIVE_VOLUME,False,,,,,,,,,,,,,,BELOW_MINIMUM_RELATIVE_VOLUME,False,,,,,,,,,,,,,,BELOW_MINIMUM_RELATIVE_VOLUME,False,,,,,,,,,,,,,
orb_v1.0,2024-03-25,378,DXC,BBG00FN64XV6,0.5535373148351131,14,LONG,False,BELOW_MINIMUM_RELATIVE_VOLUME,False,False,False,False,15150.0,27369.428571428572,2903386.0714285714,0.5510357142857136,20.5,20.57,20.5,20.55,True,BELOW_MINIMUM_RELATIVE_VOLUME,False,,,,,,,,,,,,,,BELOW_MINIMUM_RELATIVE_VOLUME,False,,,,,,,,,,,,,,BELOW_MINIMUM_RELATIVE_VOLUME,False,,,,,,,,,,,,,
orb_v1.0,2024-03-25,379,SIG,0000832988,0.5529526226734348,14,LONG,False,BELOW_MINIMUM_RELATIVE_VOLUME,False,False,False,False,18674.0,33771.42857142857,1009511.7857142857,4.0057142857142845,92.15,92.68,91.86,92.53,True,BELOW_MINIMUM_RELATIVE_VOLUME,False,,,,,,,,,,,,,,BELOW_MINIMUM_RELATIVE_VOLUME,False,,,,,,,,,,,,,,BELOW_MINIMUM_RELATIVE_VOLUME,False,,,,,,,,,,,,,
orb_v1.0,2024-03-25,380,FYBR,BBG010MVVVX6,0.5526105465755435,14,LONG,False,BELOW_MINIMUM_RELATIVE_VOLUME,False,False,False,False,14520.0,26275.285714285714,1776218.2142857143,0.8419285714285721,23.46,23.66,23.46,23.5,True,BELOW_MINIMUM_RELATIVE_VOLUME,False,,,,,,,,,,,,,,BELOW_MINIMUM_RELATIVE_VOLUME,False,,,,,,,,,,,,,,BELOW_MINIMUM_RELATIVE_VOLUME,False,,,,,,,,,,,,,
orb_v1.0,2024-03-25,381,PGR,BBG001S5V509,0.5511590643520365,14,SHORT,False,BELOW_MINIMUM_RELATIVE_VOLUME,True,False,False,False,39385.0,71458.5,2767188.1428571427,3.4664999999999964,205.83,206.74,205.1,205.81,True,BELOW_MINIMUM_RELATIVE_VOLUME,False,,,,,,,,,,,,,,BELOW_MINIMUM_RELATIVE_VOLUME,False,,,,,,,,,,,,,,BELOW_MINIMUM_RELATIVE_VOLUME,False,,,,,,,,,,,,,
orb_v1.0,2024-03-25,382,HRL,BBG001S5S0D0,0.5488959606411433,14,LONG,False,BELOW_MINIMUM_RELATIVE_VOLUME,True,False,False,False,28115.0,51221.0,2805475.1428571427,0.5374999999999994,34.44,34.5,34.32,34.48,False,BELOW_MINIMUM_RELATIVE_VOLUME,False,,,,,,,,,,,,,,BELOW_MINIMUM_RELATIVE_VOLUME,False,,,,,,,,,,,,,,BELOW_MINIMUM_RELATIVE_VOLUME,False,,,,,,,,,,,,,
orb_v1.0,2024-03-25,383,FOUR,BBG00TX393M3,0.5485151607755254,14,LONG,False,BELOW_MINIMUM_RELATIVE_VOLUME,False,False,False,False,28847.0,52591.07142857143,1762440.0,3.619428571428569,67.69,67.7728,67.01,67.715,True,BELOW_MINIMUM_RELATIVE_VOLUME,False,,,,,,,,,,,,,,BELOW_MINIMUM_RELATIVE_VOLUME,False,,,,,,,,,,,,,,BELOW_MINIMUM_RELATIVE_VOLUME,False,,,,,,,,,,,,,
orb_v1.0,2024-03-25,384,INSM,BBG001S9SKW7,0.548459646065928,14,LONG,False,BELOW_MINIMUM_RELATIVE_VOLUME,False,False,False,False,20415.0,37222.42857142857,1508445.7142857143,0.8696428571428572,26.52,26.7,26.19,26.57,True,BELOW_MINIMUM_RELATIVE_VOLUME,False,,,,,,,,,,,,,,BELOW_MINIMUM_RELATIVE_VOLUME,False,,,,,,,,,,,,,,BELOW_MINIMUM_RELATIVE_VOLUME,False,,,,,,,,,,,,,
orb_v1.0,2024-03-25,385,TRV,BBG001S5R103,0.5478951952056929,14,LONG,False,BELOW_MINIMUM_RELATIVE_VOLUME,True,False,False,False,25749.0,46996.21428571428,1282492.857142857,2.7988571428571407,225.0,225.3,224.3,225.3,True,BELOW_MINIMUM_RELATIVE_VOLUME,False,,,,,,,,,,,,,,BELOW_MINIMUM_RELATIVE_VOLUME,False,,,,,,,,,,,,,,BELOW_MINIMUM_RELATIVE_VOLUME,False,,,,,,,,,,,,,
orb_v1.0,2024-03-25,386,CAT,BBG001S5PJ06,0.5473799420456279,14,LONG,False,BELOW_MINIMUM_RELATIVE_VOLUME,True,False,False,False,65373.0,119428.92857142857,2244988.0714285714,6.783564285714285,356.96,358.49,356.96,357.67,True,BELOW_MINIMUM_RELATIVE_VOLUME,False,,,,,,,,,,,,,,BELOW_MINIMUM_RELATIVE_VOLUME,False,,,,,,,,,,,,,,BELOW_MINIMUM_RELATIVE_VOLUME,False,,,,,,,,,,,,,
orb_v1.0,2024-03-25,387,EDIT,BBG005MX5H08,0.5461369596605475,14,LONG,False,BELOW_MINIMUM_RELATIVE_VOLUME,False,False,False,False,31773.0,58177.71428571428,2209482.285714286,0.5200785714285713,7.46,7.56,7.42,7.54,True,BELOW_MINIMUM_RELATIVE_VOLUME,False,,,,,,,,,,,,,,BELOW_MINIMUM_RELATIVE_VOLUME,False,,,,,,,,,,,,,,BELOW_MINIMUM_RELATIVE_VOLUME,False,,,,,,,,,,,,,
orb_v1.0,2024-03-25,388,MDLZ,BBG001SHHZJ3,0.5458192806910978,14,SHORT,False,BELOW_MINIMUM_RELATIVE_VOLUME,True,False,False,False,153399.0,281043.5714285714,7768256.357142857,1.0176785714285705,72.64,72.66,72.19,72.2,True,BELOW_MINIMUM_RELATIVE_VOLUME,False,,,,,,,,,,,,,,BELOW_MINIMUM_RELATIVE_VOLUME,False,,,,,,,,,,,,,,BELOW_MINIMUM_RELATIVE_VOLUME,False,,,,,,,,,,,,,
orb_v1.0,2024-03-25,389,GOOG,BBG009S3NB21,0.5454162033696612,14,SHORT,False,BELOW_MINIMUM_RELATIVE_VOLUME,True,False,False,False,926103.0,1697974.857142857,25916253.64285714,3.640342857142857,150.95,151.11,149.87,150.08,True,BELOW_MINIMUM_RELATIVE_VOLUME,False,,,,,,,,,,,,,,BELOW_MINIMUM_RELATIVE_VOLUME,False,,,,,,,,,,,,,,BELOW_MINIMUM_RELATIVE_VOLUME,False,,,,,,,,,,,,,
orb_v1.0,2024-03-25,390,DEI,BBG001SR5X72,0.5451356407857811,14,LONG,False,BELOW_MINIMUM_RELATIVE_VOLUME,False,False,False,False,23310.0,42760.0,1735764.4285714286,0.5301785714285716,13.47,13.62,13.47,13.605,True,BELOW_MINIMUM_RELATIVE_VOLUME,False,,,,,,,,,,,,,,BELOW_MINIMUM_RELATIVE_VOLUME,False,,,,,,,,,,,,,,BELOW_MINIMUM_RELATIVE_VOLUME,False,,,,,,,,,,,,,
orb_v1.0,2024-03-25,391,DFS,BBG001SS0KV6,0.542906908229139,14,LONG,False,BELOW_MINIMUM_RELATIVE_VOLUME,True,False,False,False,17967.0,33094.07142857143,1671330.642857143,2.6684142857142876,125.51,125.82,125.08,125.82,True,BELOW_MINIMUM_RELATIVE_VOLUME,False,,,,,,,,,,,,,,BELOW_MINIMUM_RELATIVE_VOLUME,False,,,,,,,,,,,,,,BELOW_MINIMUM_RELATIVE_VOLUME,False,,,,,,,,,,,,,
orb_v1.0,2024-03-25,392,AXTA,0001616862,0.5418066947563397,14,LONG,False,BELOW_MINIMUM_RELATIVE_VOLUME,False,False,False,False,8441.0,15579.357142857143,1729537.9285714286,0.5257071428571441,33.44,33.6,33.44,33.505,True,BELOW_MINIMUM_RELATIVE_VOLUME,False,,,,,,,,,,,,,,BELOW_MINIMUM_RELATIVE_VOLUME,False,,,,,,,,,,,,,,BELOW_MINIMUM_RELATIVE_VOLUME,False,,,,,,,,,,,,,
orb_v1.0,2024-03-25,393,RUN,BBG0025XVR94,0.5407724633523188,14,LONG,False,BELOW_MINIMUM_RELATIVE_VOLUME,False,False,False,False,236014.0,436438.64285714284,13789732.642857144,0.8441785714285716,11.33,11.44,11.2387,11.385,True,BELOW_MINIMUM_RELATIVE_VOLUME,False,,,,,,,,,,,,,,BELOW_MINIMUM_RELATIVE_VOLUME,False,,,,,,,,,,,,,,BELOW_MINIMUM_RELATIVE_VOLUME,False,,,,,,,,,,,,,
orb_v1.0,2024-03-25,394,UPST,BBG00PKCBY62,0.5399097239032309,14,LONG,False,BELOW_MINIMUM_RELATIVE_VOLUME,False,False,False,False,135419.0,250817.85714285713,5231964.642857143,1.5733499999999998,26.04,26.56,26.04,26.43,True,BELOW_MINIMUM_RELATIVE_VOLUME,False,,,,,,,,,,,,,,BELOW_MINIMUM_RELATIVE_VOLUME,False,,,,,,,,,,,,,,BELOW_MINIMUM_RELATIVE_VOLUME,False,,,,,,,,,,,,,
orb_v1.0,2024-03-25,395,BEN,BBG001S5P3W6,0.5385639589471298,14,LONG,False,BELOW_MINIMUM_RELATIVE_VOLUME,False,False,False,False,38022.0,70598.85714285714,3510866.1428571427,0.6097214285714286,27.43,27.57,27.42,27.57,True,BELOW_MINIMUM_RELATIVE_VOLUME,False,,,,,,,,,,,,,,BELOW_MINIMUM_RELATIVE_VOLUME,False,,,,,,,,,,,,,,BELOW_MINIMUM_RELATIVE_VOLUME,False,,,,,,,,,,,,,
orb_v1.0,2024-03-25,396,OZK,BBG001SMRQL8,0.5380278348391286,14,LONG,False,BELOW_MINIMUM_RELATIVE_VOLUME,False,False,False,False,12310.0,22879.85714285714,1252216.357142857,1.1913357142857148,43.69,44.03,43.69,43.965,True,BELOW_MINIMUM_RELATIVE_VOLUME,False,,,,,,,,,,,,,,BELOW_MINIMUM_RELATIVE_VOLUME,False,,,,,,,,,,,,,,BELOW_MINIMUM_RELATIVE_VOLUME,False,,,,,,,,,,,,,
orb_v1.0,2024-03-25,397,RLAY,BBG00DSS08L8,0.537399715831623,14,LONG,False,BELOW_MINIMUM_RELATIVE_VOLUME,False,False,False,False,13373.0,24884.64285714286,1292770.2857142857,0.5296571428571429,7.78,7.94,7.74,7.94,True,BELOW_MINIMUM_RELATIVE_VOLUME,False,,,,,,,,,,,,,,BELOW_MINIMUM_RELATIVE_VOLUME,False,,,,,,,,,,,,,,BELOW_MINIMUM_RELATIVE_VOLUME,False,,,,,,,,,,,,,
orb_v1.0,2024-03-25,398,CHWY,BBG00P19DLQ4,0.5362633922332537,14,SHORT,False,BELOW_MINIMUM_RELATIVE_VOLUME,False,False,False,False,244215.0,455401.21428571426,10112521.92857143,0.8666142857142848,16.5,16.56,16.31,16.49,True,BELOW_MINIMUM_RELATIVE_VOLUME,False,,,,,,,,,,,,,,BELOW_MINIMUM_RELATIVE_VOLUME,False,,,,,,,,,,,,,,BELOW_MINIMUM_RELATIVE_VOLUME,False,,,,,,,,,,,,,
orb_v1.0,2024-03-25,399,TRMB,BBG001S5SZP0,0.5354669022426566,14,LONG,False,BELOW_MINIMUM_RELATIVE_VOLUME,True,False,False,False,15240.0,28461.14285714286,1228516.5714285714,1.1527999999999992,64.18,64.33,64.03,64.28,True,BELOW_MINIMUM_RELATIVE_VOLUME,False,,,,,,,,,,,,,,BELOW_MINIMUM_RELATIVE_VOLUME,False,,,,,,,,,,,,,,BELOW_MINIMUM_RELATIVE_VOLUME,False,,,,,,,,,,,,,
orb_v1.0,2024-03-25,400,ACMR,BBG00HPSG942,0.535295181501098,14,LONG,False,BELOW_MINIMUM_RELATIVE_VOLUME,False,False,False,False,59196.0,110585.71428571429,1792136.857142857,2.1112000000000006,30.73,31.3299,30.35,31.27,True,BELOW_MINIMUM_RELATIVE_VOLUME,False,,,,,,,,,,,,,,BELOW_MINIMUM_RELATIVE_VOLUME,False,,,,,,,,,,,,,,BELOW_MINIMUM_RELATIVE_VOLUME,False,,,,,,,,,,,,,
orb_v1.0,2024-03-25,401,ROL,BBG001S5VRG4,0.5350526805811514,14,SHORT,False,BELOW_MINIMUM_RELATIVE_VOLUME,True,False,False,False,21920.0,40967.92857142857,1771818.9285714286,0.7600000000000006,46.5,46.5,46.4,46.41,True,BELOW_MINIMUM_RELATIVE_VOLUME,False,,,,,,,,,,,,,,BELOW_MINIMUM_RELATIVE_VOLUME,False,,,,,,,,,,,,,,BELOW_MINIMUM_RELATIVE_VOLUME,False,,,,,,,,,,,,,
orb_v1.0,2024-03-25,402,TFC,BBG001S5YYC0,0.5348995334463924,14,LONG,False,BELOW_MINIMUM_RELATIVE_VOLUME,True,False,False,False,149527.0,279542.21428571426,10303692.357142856,1.0407785714285716,37.61,37.78,37.58,37.76,True,BELOW_MINIMUM_RELATIVE_VOLUME,False,,,,,,,,,,,,,,BELOW_MINIMUM_RELATIVE_VOLUME,False,,,,,,,,,,,,,,BELOW_MINIMUM_RELATIVE_VOLUME,False,,,,,,,,,,,,,
orb_v1.0,2024-03-25,403,SJM,BBG001S5W3H5,0.5346996300872451,14,SHORT,False,BELOW_MINIMUM_RELATIVE_VOLUME,False,False,False,False,10108.0,18904.071428571428,1155412.357142857,2.4993500000000006,124.9,125.0,124.52,124.655,True,BELOW_MINIMUM_RELATIVE_VOLUME,False,,,,,,,,,,,,,,BELOW_MINIMUM_RELATIVE_VOLUME,False,,,,,,,,,,,,,,BELOW_MINIMUM_RELATIVE_VOLUME,False,,,,,,,,,,,,,
orb_v1.0,2024-03-25,404,CLX,BBG001S5PX50,0.5341946293928304,14,LONG,False,BELOW_MINIMUM_RELATIVE_VOLUME,True,False,False,False,12115.0,22679.0,1271801.642857143,3.122000000000002,150.89,151.3,150.89,150.95,True,BELOW_MINIMUM_RELATIVE_VOLUME,False,,,,,,,,,,,,,,BELOW_MINIMUM_RELATIVE_VOLUME,False,,,,,,,,,,,,,,BELOW_MINIMUM_RELATIVE_VOLUME,False,,,,,,,,,,,,,
orb_v1.0,2024-03-25,405,X,BBG001S5XL75,0.5335651865717101,14,LONG,False,BELOW_MINIMUM_RELATIVE_VOLUME,False,False,False,False,92907.0,174124.92857142858,7775528.857142857,1.5430428571428563,39.58,40.03,39.5406,39.9742,True,BELOW_MINIMUM_RELATIVE_VOLUME,False,,,,,,,,,,,,,,BELOW_MINIMUM_RELATIVE_VOLUME,False,,,,,,,,,,,,,,BELOW_MINIMUM_RELATIVE_VOLUME,False,,,,,,,,,,,,,
orb_v1.0,2024-03-25,406,CMC,BBG001S5PXG8,0.5317390704239149,14,LONG,False,BELOW_MINIMUM_RELATIVE_VOLUME,False,False,False,False,17061.0,32085.285714285714,1189866.857142857,1.5609142857142864,58.13,58.61,58.13,58.575,True,BELOW_MINIMUM_RELATIVE_VOLUME,False,,,,,,,,,,,,,,BELOW_MINIMUM_RELATIVE_VOLUME,False,,,,,,,,,,,,,,BELOW_MINIMUM_RELATIVE_VOLUME,False,,,,,,,,,,,,,
orb_v1.0,2024-03-25,407,DKS,BBG001SK2651,0.5315983044692215,14,LONG,False,BELOW_MINIMUM_RELATIVE_VOLUME,True,False,False,False,38582.0,72577.35714285714,2064926.0714285714,7.90302857142857,221.48,223.72,221.48,223.6123,True,BELOW_MINIMUM_RELATIVE_VOLUME,False,,,,,,,,,,,,,,BELOW_MINIMUM_RELATIVE_VOLUME,False,,,,,,,,,,,,,,BELOW_MINIMUM_RELATIVE_VOLUME,False,,,,,,,,,,,,,
orb_v1.0,2024-03-25,408,MNST,BBG008NVB1F7,0.530467194769051,14,LONG,False,BELOW_MINIMUM_RELATIVE_VOLUME,True,False,False,False,104724.0,197418.42857142858,4519497.857142857,0.9564285714285704,59.57,59.83,59.56,59.63,False,BELOW_MINIMUM_RELATIVE_VOLUME,False,,,,,,,,,,,,,,BELOW_MINIMUM_RELATIVE_VOLUME,False,,,,,,,,,,,,,,BELOW_MINIMUM_RELATIVE_VOLUME,False,,,,,,,,,,,,,
orb_v1.0,2024-03-25,409,MCHP,BBG001S787B5,0.5294063778804871,14,LONG,False,BELOW_MINIMUM_RELATIVE_VOLUME,True,False,False,False,92084.0,173938.2142857143,6400406.214285715,2.8993499999999983,86.67,87.23,86.38,86.98,True,BELOW_MINIMUM_RELATIVE_VOLUME,False,,,,,,,,,,,,,,BELOW_MINIMUM_RELATIVE_VOLUME,False,,,,,,,,,,,,,,BELOW_MINIMUM_RELATIVE_VOLUME,False,,,,,,,,,,,,,
orb_v1.0,2024-03-25,410,PPG,BBG001S5VC13,0.5288777803448782,14,LONG,False,BELOW_MINIMUM_RELATIVE_VOLUME,True,False,False,False,8993.0,17003.928571428572,1982390.0714285714,2.2000000000000006,142.16,142.79,142.16,142.71,False,BELOW_MINIMUM_RELATIVE_VOLUME,False,,,,,,,,,,,,,,BELOW_MINIMUM_RELATIVE_VOLUME,False,,,,,,,,,,,,,,BELOW_MINIMUM_RELATIVE_VOLUME,False,,,,,,,,,,,,,
orb_v1.0,2024-03-25,411,MPC,BBG001S169P1,0.5259753670865197,14,LONG,False,BELOW_MINIMUM_RELATIVE_VOLUME,True,False,False,False,53299.0,101333.64285714286,2984037.0714285714,4.386678571428571,201.0,203.015,201.0,202.1,False,BELOW_MINIMUM_RELATIVE_VOLUME,False,,,,,,,,,,,,,,BELOW_MINIMUM_RELATIVE_VOLUME,False,,,,,,,,,,,,,,BELOW_MINIMUM_RELATIVE_VOLUME,False,,,,,,,,,,,,,
orb_v1.0,2024-03-25,412,RRC,BBG001SBZNN8,0.5253663961556703,14,LONG,False,BELOW_MINIMUM_RELATIVE_VOLUME,False,False,False,False,22709.0,43225.07142857143,2480638.5714285714,0.7003499999999993,33.3,33.61,33.3,33.54,True,BELOW_MINIMUM_RELATIVE_VOLUME,False,,,,,,,,,,,,,,BELOW_MINIMUM_RELATIVE_VOLUME,False,,,,,,,,,,,,,,BELOW_MINIMUM_RELATIVE_VOLUME,False,,,,,,,,,,,,,
orb_v1.0,2024-03-25,413,DVA,BBG001SB5DZ0,0.5253485461820019,14,LONG,False,BELOW_MINIMUM_RELATIVE_VOLUME,False,False,False,False,12774.0,24315.285714285714,1078497.7857142857,4.0905642857142865,135.31,135.86,134.45,135.72,True,BELOW_MINIMUM_RELATIVE_VOLUME,False,,,,,,,,,,,,,,BELOW_MINIMUM_RELATIVE_VOLUME,False,,,,,,,,,,,,,,BELOW_MINIMUM_RELATIVE_VOLUME,False,,,,,,,,,,,,,
orb_v1.0,2024-03-25,414,BERY,BBG001T6B4W6,0.525340503653747,14,SHORT,False,BELOW_MINIMUM_RELATIVE_VOLUME,False,False,False,False,9392.0,17877.928571428572,1587786.9285714286,1.2288928571428575,59.07,59.215,59.04,59.04,False,BELOW_MINIMUM_RELATIVE_VOLUME,False,,,,,,,,,,,,,,BELOW_MINIMUM_RELATIVE_VOLUME,False,,,,,,,,,,,,,,BELOW_MINIMUM_RELATIVE_VOLUME,False,,,,,,,,,,,,,
orb_v1.0,2024-03-25,415,CIVI,BBG00GLNJ0R0,0.5248797384291574,14,LONG,False,BELOW_MINIMUM_RELATIVE_VOLUME,False,False,False,False,12166.0,23178.64285714286,1606022.7857142857,1.7126499999999976,74.49,75.245,74.49,74.935,False,BELOW_MINIMUM_RELATIVE_VOLUME,False,,,,,,,,,,,,,,BELOW_MINIMUM_RELATIVE_VOLUME,False,,,,,,,,,,,,,,BELOW_MINIMUM_RELATIVE_VOLUME,False,,,,,,,,,,,,,
orb_v1.0,2024-03-25,416,BAX,BBG001S5P1K3,0.5239687278786496,14,LONG,False,BELOW_MINIMUM_RELATIVE_VOLUME,True,False,False,False,45416.0,86676.92857142857,3555448.4285714286,0.8078571428571425,42.15,42.28,42.1,42.24,True,BELOW_MINIMUM_RELATIVE_VOLUME,False,,,,,,,,,,,,,,BELOW_MINIMUM_RELATIVE_VOLUME,False,,,,,,,,,,,,,,BELOW_MINIMUM_RELATIVE_VOLUME,False,,,,,,,,,,,,,
orb_v1.0,2024-03-25,417,HWM,BBG00DYNJH69,0.5205264878599895,14,SHORT,False,BELOW_MINIMUM_RELATIVE_VOLUME,True,False,False,False,35937.0,69039.71428571429,4309940.928571428,1.2471428571428587,68.29,68.38,68.13,68.245,True,BELOW_MINIMUM_RELATIVE_VOLUME,False,,,,,,,,,,,,,,BELOW_MINIMUM_RELATIVE_VOLUME,False,,,,,,,,,,,,,,BELOW_MINIMUM_RELATIVE_VOLUME,False,,,,,,,,,,,,,
orb_v1.0,2024-03-25,418,AES,BBG001S6B1L5,0.5194810543975407,14,LONG,False,BELOW_MINIMUM_RELATIVE_VOLUME,False,False,False,False,144140.0,277469.21428571426,13412233.42857143,0.5568571428571433,16.24,16.39,16.17,16.33,True,BELOW_MINIMUM_RELATIVE_VOLUME,False,,,,,,,,,,,,,,BELOW_MINIMUM_RELATIVE_VOLUME,False,,,,,,,,,,,,,,BELOW_MINIMUM_RELATIVE_VOLUME,False,,,,,,,,,,,,,
orb_v1.0,2024-03-25,419,JNJ,BBG001S5SHQ9,0.519160588933177,14,SHORT,False,BELOW_MINIMUM_RELATIVE_VOLUME,True,False,False,False,196573.0,378636.21428571426,6941960.714285715,1.9903571428571456,155.4,155.62,155.14,155.33,True,BELOW_MINIMUM_RELATIVE_VOLUME,False,,,,,,,,,,,,,,BELOW_MINIMUM_RELATIVE_VOLUME,False,,,,,,,,,,,,,,BELOW_MINIMUM_RELATIVE_VOLUME,False,,,,,,,,,,,,,
orb_v1.0,2024-03-25,420,BN,BBG001SF86D7,0.5150416024364238,14,SHORT,False,BELOW_MINIMUM_RELATIVE_VOLUME,True,False,False,False,23531.0,45687.57142857143,2148080.4285714286,0.8992214285714287,41.94,42.0,41.84,41.91,True,BELOW_MINIMUM_RELATIVE_VOLUME,False,,,,,,,,,,,,,,BELOW_MINIMUM_RELATIVE_VOLUME,False,,,,,,,,,,,,,,BELOW_MINIMUM_RELATIVE_VOLUME,False,,,,,,,,,,,,,
orb_v1.0,2024-03-25,421,EXPI,BBG001V05TN8,0.5147149383896262,14,LONG,False,BELOW_MINIMUM_RELATIVE_VOLUME,False,False,False,False,25075.0,48716.28571428572,1514709.2142857143,0.7128500000000001,9.79,9.94,9.7,9.88,True,BELOW_MINIMUM_RELATIVE_VOLUME,False,,,,,,,,,,,,,,BELOW_MINIMUM_RELATIVE_VOLUME,False,,,,,,,,,,,,,,BELOW_MINIMUM_RELATIVE_VOLUME,False,,,,,,,,,,,,,
orb_v1.0,2024-03-25,422,WDAY,BBG001T21KQ7,0.5139267502047973,14,SHORT,False,BELOW_MINIMUM_RELATIVE_VOLUME,True,False,False,False,34460.0,67052.35714285714,2227283.9285714286,5.79357142857143,277.7,278.14,275.79,276.28,True,BELOW_MINIMUM_RELATIVE_VOLUME,False,,,,,,,,,,,,,,BELOW_MINIMUM_RELATIVE_VOLUME,False,,,,,,,,,,,,,,BELOW_MINIMUM_RELATIVE_VOLUME,False,,,,,,,,,,,,,
orb_v1.0,2024-03-25,423,LSXMA,BBG01HLM8WX4,0.5128816635861968,14,LONG,False,BELOW_MINIMUM_RELATIVE_VOLUME,False,False,False,False,11060.0,21564.428571428572,2045096.2857142857,0.6017214285714291,28.78,28.86,28.76,28.82,True,BELOW_MINIMUM_RELATIVE_VOLUME,False,,,,,,,,,,,,,,BELOW_MINIMUM_RELATIVE_VOLUME,False,,,,,,,,,,,,,,BELOW_MINIMUM_RELATIVE_VOLUME,False,,,,,,,,,,,,,
orb_v1.0,2024-03-25,424,QSR,BBG0076WG2T4,0.5085782597925709,14,LONG,False,BELOW_MINIMUM_RELATIVE_VOLUME,True,False,False,False,13492.0,26528.85714285714,1665665.142857143,1.5942857142857128,79.3,79.59,79.155,79.44,False,BELOW_MINIMUM_RELATIVE_VOLUME,False,,,,,,,,,,,,,,BELOW_MINIMUM_RELATIVE_VOLUME,False,,,,,,,,,,,,,,BELOW_MINIMUM_RELATIVE_VOLUME,False,,,,,,,,,,,,,
orb_v1.0,2024-03-25,425,IGT,0001619762,0.5077243437274637,14,SHORT,False,BELOW_MINIMUM_RELATIVE_VOLUME,False,False,False,False,35755.0,70422.07142857143,2266010.285714286,1.0137071428571425,21.4,21.5043,21.385,21.385,True,BELOW_MINIMUM_RELATIVE_VOLUME,False,,,,,,,,,,,,,,BELOW_MINIMUM_RELATIVE_VOLUME,False,,,,,,,,,,,,,,BELOW_MINIMUM_RELATIVE_VOLUME,False,,,,,,,,,,,,,
orb_v1.0,2024-03-25,426,HOG,BBG001S5RTY5,0.5075810447820013,14,LONG,False,BELOW_MINIMUM_RELATIVE_VOLUME,False,False,False,False,28520.0,56188.07142857143,2072508.642857143,1.4063500000000002,43.47,43.77,43.47,43.61,True,BELOW_MINIMUM_RELATIVE_VOLUME,False,,,,,,,,,,,,,,BELOW_MINIMUM_RELATIVE_VOLUME,False,,,,,,,,,,,,,,BELOW_MINIMUM_RELATIVE_VOLUME,False,,,,,,,,,,,,,
orb_v1.0,2024-03-25,427,FSLR,BBG001S991Z7,0.5072528495936188,14,LONG,False,BELOW_MINIMUM_RELATIVE_VOLUME,True,False,False,False,32369.0,63812.357142857145,1760299.0714285714,5.583014285714286,153.13,154.9,152.95,154.52,True,BELOW_MINIMUM_RELATIVE_VOLUME,False,,,,,,,,,,,,,,BELOW_MINIMUM_RELATIVE_VOLUME,False,,,,,,,,,,,,,,BELOW_MINIMUM_RELATIVE_VOLUME,False,,,,,,,,,,,,,
orb_v1.0,2024-03-25,428,MEI,BBG001S5T3T6,0.5067541172358493,14,SHORT,False,BELOW_MINIMUM_RELATIVE_VOLUME,False,False,False,False,7042.0,13896.285714285714,1225273.0,1.2495857142857143,12.09,12.12,12.0332,12.0332,True,BELOW_MINIMUM_RELATIVE_VOLUME,False,,,,,,,,,,,,,,BELOW_MINIMUM_RELATIVE_VOLUME,False,,,,,,,,,,,,,,BELOW_MINIMUM_RELATIVE_VOLUME,False,,,,,,,,,,,,,
orb_v1.0,2024-03-25,429,ESTC,0001707753,0.5063436614589852,14,LONG,False,BELOW_MINIMUM_RELATIVE_VOLUME,False,False,False,False,19071.0,37664.142857142855,1498867.0,3.6778571428571447,100.98,101.405,100.98,101.405,True,BELOW_MINIMUM_RELATIVE_VOLUME,False,,,,,,,,,,,,,,BELOW_MINIMUM_RELATIVE_VOLUME,False,,,,,,,,,,,,,,BELOW_MINIMUM_RELATIVE_VOLUME,False,,,,,,,,,,,,,
orb_v1.0,2024-03-25,430,SWK,BBG001S5WHT1,0.5061117895271373,14,LONG,False,BELOW_MINIMUM_RELATIVE_VOLUME,False,False,False,False,14950.0,29538.928571428572,1361831.4285714286,2.2651357142857154,94.87,95.38,94.87,95.27,True,BELOW_MINIMUM_RELATIVE_VOLUME,False,,,,,,,,,,,,,,BELOW_MINIMUM_RELATIVE_VOLUME,False,,,,,,,,,,,,,,BELOW_MINIMUM_RELATIVE_VOLUME,False,,,,,,,,,,,,,
orb_v1.0,2024-03-25,431,COHR,BBG001S5S6N6,0.5045128354399203,14,SHORT,False,BELOW_MINIMUM_RELATIVE_VOLUME,False,False,False,False,32189.0,63802.142857142855,2129779.214285714,2.8203714285714283,63.0,63.29,62.25,62.26,True,BELOW_MINIMUM_RELATIVE_VOLUME,False,,,,,,,,,,,,,,BELOW_MINIMUM_RELATIVE_VOLUME,False,,,,,,,,,,,,,,BELOW_MINIMUM_RELATIVE_VOLUME,False,,,,,,,,,,,,,
orb_v1.0,2024-03-25,432,EWBC,BBG001SCC7R2,0.5024559600818913,14,LONG,False,BELOW_MINIMUM_RELATIVE_VOLUME,False,False,False,False,9221.0,18351.85714285714,1780298.857142857,1.9363500000000005,76.07,76.46,75.7101,76.46,True,BELOW_MINIMUM_RELATIVE_VOLUME,False,,,,,,,,,,,,,,BELOW_MINIMUM_RELATIVE_VOLUME,False,,,,,,,,,,,,,,BELOW_MINIMUM_RELATIVE_VOLUME,False,,,,,,,,,,,,,
orb_v1.0,2024-03-25,433,VVV,BBG003DNHV65,0.5023858653598143,14,SHORT,False,BELOW_MINIMUM_RELATIVE_VOLUME,False,False,False,False,7791.0,15508.0,1299244.4285714286,0.8492928571428564,44.68,44.805,44.61,44.61,True,BELOW_MINIMUM_RELATIVE_VOLUME,False,,,,,,,,,,,,,,BELOW_MINIMUM_RELATIVE_VOLUME,False,,,,,,,,,,,,,,BELOW_MINIMUM_RELATIVE_VOLUME,False,,,,,,,,,,,,,
orb_v1.0,2024-03-25,434,LKQ,BBG001SCCPJ1,0.5022846337748563,14,SHORT,False,BELOW_MINIMUM_RELATIVE_VOLUME,False,False,False,False,15217.0,30295.571428571428,1366428.2857142857,0.6866071428571442,52.96,53.005,52.94,52.95,True,BELOW_MINIMUM_RELATIVE_VOLUME,False,,,,,,,,,,,,,,BELOW_MINIMUM_RELATIVE_VOLUME,False,,,,,,,,,,,,,,BELOW_MINIMUM_RELATIVE_VOLUME,False,,,,,,,,,,,,,
orb_v1.0,2024-03-25,435,ENVX,BBG00YC538B7,0.5022012921148241,14,SHORT,False,BELOW_MINIMUM_RELATIVE_VOLUME,False,False,False,False,92869.0,184923.85714285713,5448211.428571428,0.6407142857142857,8.22,8.25,8.1,8.21,True,BELOW_MINIMUM_RELATIVE_VOLUME,False,,,,,,,,,,,,,,BELOW_MINIMUM_RELATIVE_VOLUME,False,,,,,,,,,,,,,,BELOW_MINIMUM_RELATIVE_VOLUME,False,,,,,,,,,,,,,
orb_v1.0,2024-03-25,436,WDC,BBG001S5XD28,0.5019087059513379,14,LONG,False,BELOW_MINIMUM_RELATIVE_VOLUME,True,False,False,False,107606.0,214393.57142857142,6064431.142857143,2.0353571428571406,63.18,63.68,63.07,63.61,True,BELOW_MINIMUM_RELATIVE_VOLUME,False,,,,,,,,,,,,,,BELOW_MINIMUM_RELATIVE_VOLUME,False,,,,,,,,,,,,,,BELOW_MINIMUM_RELATIVE_VOLUME,False,,,,,,,,,,,,,
orb_v1.0,2024-03-25,437,VLO,BBG001S5X8K9,0.5018915496912923,14,LONG,False,BELOW_MINIMUM_RELATIVE_VOLUME,True,False,False,False,65490.0,130486.35714285714,3860055.214285714,4.448614285714283,170.7,172.46,170.585,171.845,False,BELOW_MINIMUM_RELATIVE_VOLUME,False,,,,,,,,,,,,,,BELOW_MINIMUM_RELATIVE_VOLUME,False,,,,,,,,,,,,,,BELOW_MINIMUM_RELATIVE_VOLUME,False,,,,,,,,,,,,,
orb_v1.0,2024-03-25,438,DV,BBG00ZNRRKL0,0.5007265679017943,14,SHORT,False,BELOW_MINIMUM_RELATIVE_VOLUME,False,False,False,False,15777.0,31508.214285714286,2251934.285714286,1.0864071428571427,33.89,33.92,33.64,33.64,True,BELOW_MINIMUM_RELATIVE_VOLUME,False,,,,,,,,,,,,,,BELOW_MINIMUM_RELATIVE_VOLUME,False,,,,,,,,,,,,,,BELOW_MINIMUM_RELATIVE_VOLUME,False,,,,,,,,,,,,,
orb_v1.0,2024-03-25,439,CLS,BBG001S9CXM7,0.5006356475893632,14,LONG,False,BELOW_MINIMUM_RELATIVE_VOLUME,False,False,False,False,54485.0,108831.64285714286,2301995.0714285714,2.1412642857142856,46.68,47.18,46.55,46.82,True,BELOW_MINIMUM_RELATIVE_VOLUME,False,,,,,,,,,,,,,,BELOW_MINIMUM_RELATIVE_VOLUME,False,,,,,,,,,,,,,,BELOW_MINIMUM_RELATIVE_VOLUME,False,,,,,,,,,,,,,
orb_v1.0,2024-03-25,440,CRDO,0001807794,0.5005317979524293,14,LONG,False,BELOW_MINIMUM_RELATIVE_VOLUME,False,False,False,False,24068.0,48084.857142857145,2096816.642857143,1.1007071428571429,21.73,22.0,21.73,21.975,True,BELOW_MINIMUM_RELATIVE_VOLUME,False,,,,,,,,,,,,,,BELOW_MINIMUM_RELATIVE_VOLUME,False,,,,,,,,,,,,,,BELOW_MINIMUM_RELATIVE_VOLUME,False,,,,,,,,,,,,,
orb_v1.0,2024-03-25,441,OKTA,BBG001YV1SN3,0.5001704611689457,14,SHORT,False,BELOW_MINIMUM_RELATIVE_VOLUME,True,False,False,False,32486.0,64949.857142857145,1899805.357142857,3.123421428571427,105.62,105.62,105.0,105.5,True,BELOW_MINIMUM_RELATIVE_VOLUME,False,,,,,,,,,,,,,,BELOW_MINIMUM_RELATIVE_VOLUME,False,,,,,,,,,,,,,,BELOW_MINIMUM_RELATIVE_VOLUME,False,,,,,,,,,,,,,
orb_v1.0,2024-03-25,442,KMX,BBG001SD9561,0.49994137439731107,14,LONG,False,BELOW_MINIMUM_RELATIVE_VOLUME,False,False,False,False,20101.0,40206.71428571428,1514885.0,2.17712142857143,85.91,86.9,85.91,86.54,False,BELOW_MINIMUM_RELATIVE_VOLUME,False,,,,,,,,,,,,,,BELOW_MINIMUM_RELATIVE_VOLUME,False,,,,,,,,,,,,,,BELOW_MINIMUM_RELATIVE_VOLUME,False,,,,,,,,,,,,,
orb_v1.0,2024-03-25,443,A,BBG001SCTQY4,0.49904156761929885,14,LONG,False,BELOW_MINIMUM_RELATIVE_VOLUME,True,False,False,False,25402.0,50901.57142857143,1974401.0714285714,2.934142857142857,147.54,148.07,147.205,147.97,False,BELOW_MINIMUM_RELATIVE_VOLUME,False,,,,,,,,,,,,,,BELOW_MINIMUM_RELATIVE_VOLUME,False,,,,,,,,,,,,,,BELOW_MINIMUM_RELATIVE_VOLUME,False,,,,,,,,,,,,,
orb_v1.0,2024-03-25,444,FANG,BBG002PHSZN7,0.4984140519343678,14,LONG,False,BELOW_MINIMUM_RELATIVE_VOLUME,True,False,False,False,26219.0,52604.857142857145,1470220.7857142857,2.7793214285714276,195.73,196.95,195.73,196.49,True,BELOW_MINIMUM_RELATIVE_VOLUME,False,,,,,,,,,,,,,,BELOW_MINIMUM_RELATIVE_VOLUME,False,,,,,,,,,,,,,,BELOW_MINIMUM_RELATIVE_VOLUME,False,,,,,,,,,,,,,
orb_v1.0,2024-03-25,445,WM,BBG001S5XH47,0.49744374370265326,14,LONG,False,BELOW_MINIMUM_RELATIVE_VOLUME,True,False,False,False,26660.0,53594.0,1359005.4285714286,2.044735714285715,211.56,212.02,211.37,211.625,True,BELOW_MINIMUM_RELATIVE_VOLUME,False,,,,,,,,,,,,,,BELOW_MINIMUM_RELATIVE_VOLUME,False,,,,,,,,,,,,,,BELOW_MINIMUM_RELATIVE_VOLUME,False,,,,,,,,,,,,,
orb_v1.0,2024-03-25,446,GOOGL,BBG009S39JY5,0.495322032484229,14,SHORT,False,BELOW_MINIMUM_RELATIVE_VOLUME,True,False,False,False,1095790.0,2212277.9285714286,35487293.35714286,3.704371428571432,149.94,150.18,148.95,149.1375,True,BELOW_MINIMUM_RELATIVE_VOLUME,False,,,,,,,,,,,,,,BELOW_MINIMUM_RELATIVE_VOLUME,False,,,,,,,,,,,,,,BELOW_MINIMUM_RELATIVE_VOLUME,False,,,,,,,,,,,,,
orb_v1.0,2024-03-25,447,ZION,BBG001S5XN80,0.4943762796496892,14,LONG,False,BELOW_MINIMUM_RELATIVE_VOLUME,False,False,False,False,35374.0,71552.78571428571,5101073.642857143,1.5032142857142838,40.62,41.02,40.61,41.0,True,BELOW_MINIMUM_RELATIVE_VOLUME,False,,,,,,,,,,,,,,BELOW_MINIMUM_RELATIVE_VOLUME,False,,,,,,,,,,,,,,BELOW_MINIMUM_RELATIVE_VOLUME,False,,,,,,,,,,,,,
orb_v1.0,2024-03-25,448,BYON,BBG001S64TS5,0.4934493700713186,14,LONG,False,BELOW_MINIMUM_RELATIVE_VOLUME,False,False,False,False,15706.0,31829.0,1076065.7142857143,1.6369000000000002,34.78,35.24,34.77,35.03,True,BELOW_MINIMUM_RELATIVE_VOLUME,False,,,,,,,,,,,,,,BELOW_MINIMUM_RELATIVE_VOLUME,False,,,,,,,,,,,,,,BELOW_MINIMUM_RELATIVE_VOLUME,False,,,,,,,,,,,,,
orb_v1.0,2024-03-25,449,AI,BBG00Y6G6Y84,0.49296768384208833,14,LONG,False,BELOW_MINIMUM_RELATIVE_VOLUME,False,False,False,False,168386.0,341576.14285714284,5944339.428571428,1.5206428571428572,27.86,28.28,27.8,28.16,True,BELOW_MINIMUM_RELATIVE_VOLUME,False,,,,,,,,,,,,,,BELOW_MINIMUM_RELATIVE_VOLUME,False,,,,,,,,,,,,,,BELOW_MINIMUM_RELATIVE_VOLUME,False,,,,,,,,,,,,,
orb_v1.0,2024-03-25,450,APLT,BBG001SMJMY2,0.4915105500043034,14,LONG,False,BELOW_MINIMUM_RELATIVE_VOLUME,False,False,False,False,41607.0,84651.28571428571,1374519.0714285714,0.6346357142857142,6.52,6.7796,6.49,6.76,True,BELOW_MINIMUM_RELATIVE_VOLUME,False,,,,,,,,,,,,,,BELOW_MINIMUM_RELATIVE_VOLUME,False,,,,,,,,,,,,,,BELOW_MINIMUM_RELATIVE_VOLUME,False,,,,,,,,,,,,,
orb_v1.0,2024-03-25,451,INTU,BBG001S6TWR2,0.4911350348078063,14,SHORT,False,BELOW_MINIMUM_RELATIVE_VOLUME,True,False,False,False,25932.0,52800.142857142855,1342308.2857142857,15.7707142857143,637.58,637.6,635.01,636.12,True,BELOW_MINIMUM_RELATIVE_VOLUME,False,,,,,,,,,,,,,,BELOW_MINIMUM_RELATIVE_VOLUME,False,,,,,,,,,,,,,,BELOW_MINIMUM_RELATIVE_VOLUME,False,,,,,,,,,,,,,
orb_v1.0,2024-03-25,452,SM,BBG001S6W0J7,0.4904610834364068,14,LONG,False,BELOW_MINIMUM_RELATIVE_VOLUME,False,False,False,False,15493.0,31588.64285714286,2313136.1428571427,1.0609142857142853,48.95,49.395,48.95,49.395,True,BELOW_MINIMUM_RELATIVE_VOLUME,False,,,,,,,,,,,,,,BELOW_MINIMUM_RELATIVE_VOLUME,False,,,,,,,,,,,,,,BELOW_MINIMUM_RELATIVE_VOLUME,False,,,,,,,,,,,,,
orb_v1.0,2024-03-25,453,WMT,BBG001S5XH92,0.48986883814937354,14,LONG,False,BELOW_MINIMUM_RELATIVE_VOLUME,True,False,False,False,338246.0,690482.7857142857,17457567.14285714,0.688992857142857,60.87,60.985,60.78,60.92,False,BELOW_MINIMUM_RELATIVE_VOLUME,False,,,,,,,,,,,,,,BELOW_MINIMUM_RELATIVE_VOLUME,False,,,,,,,,,,,,,,BELOW_MINIMUM_RELATIVE_VOLUME,False,,,,,,,,,,,,,
orb_v1.0,2024-03-25,454,AMKR,BBG001S64YF8,0.48845551648486596,14,SHORT,False,BELOW_MINIMUM_RELATIVE_VOLUME,False,False,False,False,14774.0,30246.35714285714,1077295.0714285714,1.337621428571429,31.33,31.33,31.16,31.31,True,BELOW_MINIMUM_RELATIVE_VOLUME,False,,,,,,,,,,,,,,BELOW_MINIMUM_RELATIVE_VOLUME,False,,,,,,,,,,,,,,BELOW_MINIMUM_RELATIVE_VOLUME,False,,,,,,,,,,,,,
orb_v1.0,2024-03-25,455,ABNB,BBG001Y2XS16,0.48774601926857475,14,LONG,False,BELOW_MINIMUM_RELATIVE_VOLUME,True,False,False,False,101404.0,207903.2857142857,4709717.5,4.189800000000001,167.86,168.725,167.0651,168.17,True,BELOW_MINIMUM_RELATIVE_VOLUME,False,,,,,,,,,,,,,,BELOW_MINIMUM_RELATIVE_VOLUME,False,,,,,,,,,,,,,,BELOW_MINIMUM_RELATIVE_VOLUME,False,,,,,,,,,,,,,
orb_v1.0,2024-03-25,456,BOX,BBG001T5R852,0.4876496032095664,14,SHORT,False,BELOW_MINIMUM_RELATIVE_VOLUME,False,False,False,False,33999.0,69720.14285714286,5690915.928571428,0.7940642857142858,28.5,28.5,28.39,28.4496,True,BELOW_MINIMUM_RELATIVE_VOLUME,False,,,,,,,,,,,,,,BELOW_MINIMUM_RELATIVE_VOLUME,False,,,,,,,,,,,,,,BELOW_MINIMUM_RELATIVE_VOLUME,False,,,,,,,,,,,,,
orb_v1.0,2024-03-25,457,SCHW,BBG001S5VXD4,0.48745730929138037,14,LONG,False,BELOW_MINIMUM_RELATIVE_VOLUME,True,False,False,False,118761.0,243633.64285714287,8277735.571428572,1.3692857142857144,71.46,71.865,71.395,71.85,True,BELOW_MINIMUM_RELATIVE_VOLUME,False,,,,,,,,,,,,,,BELOW_MINIMUM_RELATIVE_VOLUME,False,,,,,,,,,,,,,,BELOW_MINIMUM_RELATIVE_VOLUME,False,,,,,,,,,,,,,
orb_v1.0,2024-03-25,458,NN,BBG017XG00Z2,0.48579923149902116,14,SHORT,False,BELOW_MINIMUM_RELATIVE_VOLUME,False,False,False,False,21872.0,45022.71428571428,1517898.7857142857,0.6180785714285714,6.48,6.49,6.19,6.33,False,BELOW_MINIMUM_RELATIVE_VOLUME,False,,,,,,,,,,,,,,BELOW_MINIMUM_RELATIVE_VOLUME,False,,,,,,,,,,,,,,BELOW_MINIMUM_RELATIVE_VOLUME,False,,,,,,,,,,,,,
orb_v1.0,2024-03-25,459,HD,BBG001S5RTW7,0.48552497140602346,14,SHORT,False,BELOW_MINIMUM_RELATIVE_VOLUME,True,False,False,False,69345.0,142824.7857142857,3529576.3571428573,6.394492857142857,389.1,389.86,388.21,389.01,True,BELOW_MINIMUM_RELATIVE_VOLUME,False,,,,,,,,,,,,,,BELOW_MINIMUM_RELATIVE_VOLUME,False,,,,,,,,,,,,,,BELOW_MINIMUM_RELATIVE_VOLUME,False,,,,,,,,,,,,,
orb_v1.0,2024-03-25,460,BG,0001996862,0.48510779605599263,14,LONG,False,BELOW_MINIMUM_RELATIVE_VOLUME,False,False,False,False,16278.0,33555.42857142857,1976131.7857142857,1.9910714285714275,99.5,100.0,99.39,100.0,True,BELOW_MINIMUM_RELATIVE_VOLUME,False,,,,,,,,,,,,,,BELOW_MINIMUM_RELATIVE_VOLUME,False,,,,,,,,,,,,,,BELOW_MINIMUM_RELATIVE_VOLUME,False,,,,,,,,,,,,,
orb_v1.0,2024-03-25,461,METC,BBG00BCQJ2W4,0.48280534999497043,14,LONG,False,BELOW_MINIMUM_RELATIVE_VOLUME,False,False,False,False,18170.0,37634.21428571428,1111543.642857143,1.0366571428571427,16.84,17.19,16.84,17.09,False,BELOW_MINIMUM_RELATIVE_VOLUME,False,,,,,,,,,,,,,,BELOW_MINIMUM_RELATIVE_VOLUME,False,,,,,,,,,,,,,,BELOW_MINIMUM_RELATIVE_VOLUME,False,,,,,,,,,,,,,
orb_v1.0,2024-03-25,462,STLD,BBG001S98JK5,0.4815189542282509,14,LONG,False,BELOW_MINIMUM_RELATIVE_VOLUME,True,False,False,False,17881.0,37134.57142857143,1181760.0,3.5490214285714217,145.52,147.68,145.52,147.68,True,BELOW_MINIMUM_RELATIVE_VOLUME,False,,,,,,,,,,,,,,BELOW_MINIMUM_RELATIVE_VOLUME,False,,,,,,,,,,,,,,BELOW_MINIMUM_RELATIVE_VOLUME,False,,,,,,,,,,,,,
orb_v1.0,2024-03-25,463,ROKU,BBG001ZZPQM2,0.480168331412745,14,LONG,False,BELOW_MINIMUM_RELATIVE_VOLUME,False,False,False,False,96790.0,201575.14285714287,4457822.571428572,2.128735714285713,63.97,64.3229,63.6501,64.21,True,BELOW_MINIMUM_RELATIVE_VOLUME,False,,,,,,,,,,,,,,BELOW_MINIMUM_RELATIVE_VOLUME,False,,,,,,,,,,,,,,BELOW_MINIMUM_RELATIVE_VOLUME,False,,,,,,,,,,,,,
orb_v1.0,2024-03-25,464,PANW,BBG001T9NWN5,0.4794793912010878,14,SHORT,False,BELOW_MINIMUM_RELATIVE_VOLUME,True,False,False,False,116893.0,243791.5,5636088.642857143,9.4432,285.6,286.3,283.825,284.62,True,BELOW_MINIMUM_RELATIVE_VOLUME,False,,,,,,,,,,,,,,BELOW_MINIMUM_RELATIVE_VOLUME,False,,,,,,,,,,,,,,BELOW_MINIMUM_RELATIVE_VOLUME,False,,,,,,,,,,,,,
orb_v1.0,2024-03-25,465,GTLB,BBG00DHTYPJ6,0.47920620817489884,14,LONG,False,BELOW_MINIMUM_RELATIVE_VOLUME,False,False,False,False,143427.0,299301.21428571426,4701051.214285715,3.419321428571429,58.68,58.925,58.27,58.925,True,BELOW_MINIMUM_RELATIVE_VOLUME,False,,,,,,,,,,,,,,BELOW_MINIMUM_RELATIVE_VOLUME,False,,,,,,,,,,,,,,BELOW_MINIMUM_RELATIVE_VOLUME,False,,,,,,,,,,,,,
orb_v1.0,2024-03-25,466,SKX,BBG001S5XTG8,0.4788416584556795,14,LONG,False,BELOW_MINIMUM_RELATIVE_VOLUME,False,False,False,False,11837.0,24720.071428571428,1448241.857142857,1.3466071428571438,60.86,61.155,60.86,60.96,False,BELOW_MINIMUM_RELATIVE_VOLUME,False,,,,,,,,,,,,,,BELOW_MINIMUM_RELATIVE_VOLUME,False,,,,,,,,,,,,,,BELOW_MINIMUM_RELATIVE_VOLUME,False,,,,,,,,,,,,,
orb_v1.0,2024-03-25,467,NNN,BBG001S6Z1P5,0.4769924768124264,14,SHORT,False,BELOW_MINIMUM_RELATIVE_VOLUME,False,False,False,False,14003.0,29356.85714285714,1439824.142857143,0.701428571428572,42.75,42.82,42.59,42.73,True,BELOW_MINIMUM_RELATIVE_VOLUME,False,,,,,,,,,,,,,,BELOW_MINIMUM_RELATIVE_VOLUME,False,,,,,,,,,,,,,,BELOW_MINIMUM_RELATIVE_VOLUME,False,,,,,,,,,,,,,
orb_v1.0,2024-03-25,468,CFG,BBG006Q0HZT0,0.47639289226293446,14,LONG,False,BELOW_MINIMUM_RELATIVE_VOLUME,True,False,False,False,58342.0,122466.14285714286,6897769.642857143,1.013214285714286,35.18,35.49,35.18,35.48,True,BELOW_MINIMUM_RELATIVE_VOLUME,False,,,,,,,,,,,,,,BELOW_MINIMUM_RELATIVE_VOLUME,False,,,,,,,,,,,,,,BELOW_MINIMUM_RELATIVE_VOLUME,False,,,,,,,,,,,,,
orb_v1.0,2024-03-25,469,ELF,BBG00DQ6VYQ2,0.47574721996202873,14,LONG,False,BELOW_MINIMUM_RELATIVE_VOLUME,False,False,False,False,21926.0,46087.5,1283936.0714285714,10.243864285714292,204.35,205.06,203.8201,204.8,True,BELOW_MINIMUM_RELATIVE_VOLUME,False,,,,,,,,,,,,,,BELOW_MINIMUM_RELATIVE_VOLUME,False,,,,,,,,,,,,,,BELOW_MINIMUM_RELATIVE_VOLUME,False,,,,,,,,,,,,,
orb_v1.0,2024-03-25,470,NFLX,BBG001SF6L46,0.47529794626389277,14,SHORT,False,BELOW_MINIMUM_RELATIVE_VOLUME,True,False,False,False,71732.0,150920.07142857142,2993976.714285714,14.57079285714283,627.9,628.0,624.69,625.98,True,BELOW_MINIMUM_RELATIVE_VOLUME,False,,,,,,,,,,,,,,BELOW_MINIMUM_RELATIVE_VOLUME,False,,,,,,,,,,,,,,BELOW_MINIMUM_RELATIVE_VOLUME,False,,,,,,,,,,,,,
orb_v1.0,2024-03-25,471,TSVT,BBG00YV1J631,0.4747778698688104,14,LONG,False,BELOW_MINIMUM_RELATIVE_VOLUME,True,False,False,False,31015.0,65325.28571428572,1777173.2142857143,0.5963999999999999,5.1,5.2,5.02,5.2,True,BELOW_MINIMUM_RELATIVE_VOLUME,False,,,,,,,,,,,,,,BELOW_MINIMUM_RELATIVE_VOLUME,False,,,,,,,,,,,,,,BELOW_MINIMUM_RELATIVE_VOLUME,False,,,,,,,,,,,,,
orb_v1.0,2024-03-25,472,TDC,BBG001SPRJ28,0.47441538565416036,14,LONG,False,BELOW_MINIMUM_RELATIVE_VOLUME,False,False,False,False,12045.0,25389.14285714286,1297345.7142857143,0.743785714285714,37.92,38.14,37.92,38.14,True,BELOW_MINIMUM_RELATIVE_VOLUME,False,,,,,,,,,,,,,,BELOW_MINIMUM_RELATIVE_VOLUME,False,,,,,,,,,,,,,,BELOW_MINIMUM_RELATIVE_VOLUME,False,,,,,,,,,,,,,
orb_v1.0,2024-03-25,473,BF.B,BBG001S5P4H1,0.47419354838709676,14,SHORT,False,BELOW_MINIMUM_RELATIVE_VOLUME,True,False,False,False,16674.0,35162.857142857145,2212395.8571428573,1.4569642857142868,51.14,51.27,51.065,51.09,True,BELOW_MINIMUM_RELATIVE_VOLUME,False,,,,,,,,,,,,,,BELOW_MINIMUM_RELATIVE_VOLUME,False,,,,,,,,,,,,,,BELOW_MINIMUM_RELATIVE_VOLUME,False,,,,,,,,,,,,,
orb_v1.0,2024-03-25,474,VKTX,BBG006LGV887,0.4736972345181367,14,LONG,False,BELOW_MINIMUM_RELATIVE_VOLUME,False,False,False,False,166268.0,351000.5714285714,7029465.142857143,7.797592857142859,70.9,71.74,70.31,71.2,True,BELOW_MINIMUM_RELATIVE_VOLUME,False,,,,,,,,,,,,,,BELOW_MINIMUM_RELATIVE_VOLUME,False,,,,,,,,,,,,,,BELOW_MINIMUM_RELATIVE_VOLUME,False,,,,,,,,,,,,,
orb_v1.0,2024-03-25,475,GH,BBG006D97VZ8,0.470332494422033,14,SHORT,False,BELOW_MINIMUM_RELATIVE_VOLUME,False,False,False,False,24001.0,51029.857142857145,1598809.7142857143,0.9450928571428572,17.26,17.35,17.17,17.17,True,BELOW_MINIMUM_RELATIVE_VOLUME,False,,,,,,,,,,,,,,BELOW_MINIMUM_RELATIVE_VOLUME,False,,,,,,,,,,,,,,BELOW_MINIMUM_RELATIVE_VOLUME,False,,,,,,,,,,,,,
orb_v1.0,2024-03-25,476,PYPL,BBG0077VNXW5,0.47020941745406747,14,LONG,False,BELOW_MINIMUM_RELATIVE_VOLUME,True,False,False,False,317490.0,675209.7857142857,15512812.57142857,1.8469285714285724,64.8,65.39,64.8,65.285,True,BELOW_MINIMUM_RELATIVE_VOLUME,False,,,,,,,,,,,,,,BELOW_MINIMUM_RELATIVE_VOLUME,False,,,,,,,,,,,,,,BELOW_MINIMUM_RELATIVE_VOLUME,False,,,,,,,,,,,,,
orb_v1.0,2024-03-25,477,LVS,BBG001SJCGP9,0.46911006449167414,14,LONG,False,BELOW_MINIMUM_RELATIVE_VOLUME,True,False,False,False,37835.0,80652.71428571429,3691083.714285714,1.0648428571428583,50.27,50.48,50.27,50.48,True,BELOW_MINIMUM_RELATIVE_VOLUME,False,,,,,,,,,,,,,,BELOW_MINIMUM_RELATIVE_VOLUME,False,,,,,,,,,,,,,,BELOW_MINIMUM_RELATIVE_VOLUME,False,,,,,,,,,,,,,
orb_v1.0,2024-03-25,478,SMCI,BBG001SQGH95,0.4680573898211156,14,LONG,False,BELOW_MINIMUM_RELATIVE_VOLUME,True,False,False,False,195102.0,416833.5,9429484.92857143,97.5448785714286,972.75,982.798,967.0001,982.0,True,BELOW_MINIMUM_RELATIVE_VOLUME,False,,,,,,,,,,,,,,BELOW_MINIMUM_RELATIVE_VOLUME,False,,,,,,,,,,,,,,BELOW_MINIMUM_RELATIVE_VOLUME,False,,,,,,,,,,,,,
orb_v1.0,2024-03-25,479,MET,BBG001S5T3R8,0.4680380381007252,14,LONG,False,BELOW_MINIMUM_RELATIVE_VOLUME,True,False,False,False,42707.0,91246.85714285714,3236772.9285714286,1.1933000000000007,72.51,73.08,72.51,72.9801,True,BELOW_MINIMUM_RELATIVE_VOLUME,False,,,,,,,,,,,,,,BELOW_MINIMUM_RELATIVE_VOLUME,False,,,,,,,,,,,,,,BELOW_MINIMUM_RELATIVE_VOLUME,False,,,,,,,,,,,,,
orb_v1.0,2024-03-25,480,MGM,BBG001S6BYT5,0.4666844156158482,14,LONG,False,BELOW_MINIMUM_RELATIVE_VOLUME,True,False,False,False,38564.0,82634.0,3051640.5,0.935492857142856,44.46,44.7551,44.35,44.74,True,BELOW_MINIMUM_RELATIVE_VOLUME,False,,,,,,,,,,,,,,BELOW_MINIMUM_RELATIVE_VOLUME,False,,,,,,,,,,,,,,BELOW_MINIMUM_RELATIVE_VOLUME,False,,,,,,,,,,,,,
orb_v1.0,2024-03-25,481,EBAY,BBG001S9B9J5,0.46667434548867764,14,LONG,False,BELOW_MINIMUM_RELATIVE_VOLUME,True,False,False,False,115471.0,247433.7857142857,8460611.642857144,1.032850000000001,51.33,51.58,51.28,51.485,True,BELOW_MINIMUM_RELATIVE_VOLUME,False,,,,,,,,,,,,,,BELOW_MINIMUM_RELATIVE_VOLUME,False,,,,,,,,,,,,,,BELOW_MINIMUM_RELATIVE_VOLUME,False,,,,,,,,,,,,,
orb_v1.0,2024-03-25,482,BAC,BBG001S5P0Y0,0.46640608898845615,14,LONG,False,BELOW_MINIMUM_RELATIVE_VOLUME,True,False,False,False,756349.0,1621653.357142857,42599211.71428572,0.6940500000000007,37.1,37.26,37.07,37.16,True,BELOW_MINIMUM_RELATIVE_VOLUME,False,,,,,,,,,,,,,,BELOW_MINIMUM_RELATIVE_VOLUME,False,,,,,,,,,,,,,,BELOW_MINIMUM_RELATIVE_VOLUME,False,,,,,,,,,,,,,
orb_v1.0,2024-03-25,483,FITB,BBG001S5R6S2,0.46604817643374075,14,LONG,False,BELOW_MINIMUM_RELATIVE_VOLUME,True,False,False,False,68395.0,146755.2142857143,6461896.142857143,0.8603571428571435,36.38,36.65,36.37,36.6318,True,BELOW_MINIMUM_RELATIVE_VOLUME,False,,,,,,,,,,,,,,BELOW_MINIMUM_RELATIVE_VOLUME,False,,,,,,,,,,,,,,BELOW_MINIMUM_RELATIVE_VOLUME,False,,,,,,,,,,,,,
orb_v1.0,2024-03-25,484,ETSY,BBG001T53625,0.4643185807303954,14,SHORT,False,BELOW_MINIMUM_RELATIVE_VOLUME,False,False,False,False,43932.0,94616.07142857143,3793361.8571428573,2.608478571428573,67.88,68.06,67.61,67.64,True,BELOW_MINIMUM_RELATIVE_VOLUME,False,,,,,,,,,,,,,,BELOW_MINIMUM_RELATIVE_VOLUME,False,,,,,,,,,,,,,,BELOW_MINIMUM_RELATIVE_VOLUME,False,,,,,,,,,,,,,
orb_v1.0,2024-03-25,485,AROC,BBG001SVDK72,0.4619030372943801,14,SHORT,False,BELOW_MINIMUM_RELATIVE_VOLUME,False,False,False,False,29516.0,63900.857142857145,1359089.7857142857,0.5425214285714282,19.37,19.41,19.2,19.25,True,BELOW_MINIMUM_RELATIVE_VOLUME,False,,,,,,,,,,,,,,BELOW_MINIMUM_RELATIVE_VOLUME,False,,,,,,,,,,,,,,BELOW_MINIMUM_RELATIVE_VOLUME,False,,,,,,,,,,,,,
orb_v1.0,2024-03-25,486,META,BBG001SQCQC5,0.4615862866418583,14,SHORT,False,BELOW_MINIMUM_RELATIVE_VOLUME,True,False,False,False,354880.0,768827.0,14729289.785714285,15.040571428571443,505.79,506.9,504.14,504.93,True,BELOW_MINIMUM_RELATIVE_VOLUME,False,,,,,,,,,,,,,,BELOW_MINIMUM_RELATIVE_VOLUME,False,,,,,,,,,,,,,,BELOW_MINIMUM_RELATIVE_VOLUME,False,,,,,,,,,,,,,
orb_v1.0,2024-03-25,487,EXR,BBG001SLSXK5,0.4587766840685982,14,LONG,False,BELOW_MINIMUM_RELATIVE_VOLUME,True,False,False,False,19735.0,43016.57142857143,1243055.357142857,3.9146428571428555,141.6,142.3,141.51,142.075,True,BELOW_MINIMUM_RELATIVE_VOLUME,False,,,,,,,,,,,,,,BELOW_MINIMUM_RELATIVE_VOLUME,False,,,,,,,,,,,,,,BELOW_MINIMUM_RELATIVE_VOLUME,False,,,,,,,,,,,,,
orb_v1.0,2024-03-25,488,XP,0001787425,0.45813707346360244,14,SHORT,False,BELOW_MINIMUM_RELATIVE_VOLUME,False,False,False,False,31722.0,69241.28571428571,6802948.071428572,0.7192857142857141,25.29,25.31,25.14,25.155,True,BELOW_MINIMUM_RELATIVE_VOLUME,False,,,,,,,,,,,,,,BELOW_MINIMUM_RELATIVE_VOLUME,False,,,,,,,,,,,,,,BELOW_MINIMUM_RELATIVE_VOLUME,False,,,,,,,,,,,,,
orb_v1.0,2024-03-25,489,CSCO,BBG001S6HC62,0.4580393658253423,14,SHORT,False,BELOW_MINIMUM_RELATIVE_VOLUME,True,False,False,False,422151.0,921647.8571428572,21606954.714285713,0.6575714285714273,49.56,49.56,49.39,49.5293,True,BELOW_MINIMUM_RELATIVE_VOLUME,False,,,,,,,,,,,,,,BELOW_MINIMUM_RELATIVE_VOLUME,False,,,,,,,,,,,,,,BELOW_MINIMUM_RELATIVE_VOLUME,False,,,,,,,,,,,,,
orb_v1.0,2024-03-25,490,USFD,BBG00C6H6D59,0.4573623781377651,14,LONG,False,BELOW_MINIMUM_RELATIVE_VOLUME,False,False,False,False,9805.0,21438.14285714286,1549576.857142857,0.9893642857142849,53.97,54.1,53.97,54.08,True,BELOW_MINIMUM_RELATIVE_VOLUME,False,,,,,,,,,,,,,,BELOW_MINIMUM_RELATIVE_VOLUME,False,,,,,,,,,,,,,,BELOW_MINIMUM_RELATIVE_VOLUME,False,,,,,,,,,,,,,
orb_v1.0,2024-03-25,491,AA,BBG00B3T3HF1,0.45734631623201055,14,LONG,False,BELOW_MINIMUM_RELATIVE_VOLUME,False,False,False,False,114769.0,250945.5,6671436.142857143,1.432135714285715,31.57,31.85,31.5,31.74,True,BELOW_MINIMUM_RELATIVE_VOLUME,False,,,,,,,,,,,,,,BELOW_MINIMUM_RELATIVE_VOLUME,False,,,,,,,,,,,,,,BELOW_MINIMUM_RELATIVE_VOLUME,False,,,,,,,,,,,,,
orb_v1.0,2024-03-25,492,COR,BBG001S8X7P0,0.4554928517682468,14,SHORT,False,BELOW_MINIMUM_RELATIVE_VOLUME,True,False,False,False,12107.0,26580.0,1144390.142857143,2.7689285714285705,242.5,243.005,242.275,242.275,True,BELOW_MINIMUM_RELATIVE_VOLUME,False,,,,,,,,,,,,,,BELOW_MINIMUM_RELATIVE_VOLUME,False,,,,,,,,,,,,,,BELOW_MINIMUM_RELATIVE_VOLUME,False,,,,,,,,,,,,,
orb_v1.0,2024-03-25,493,CPRX,BBG001SRHS16,0.4543870118306764,14,LONG,False,BELOW_MINIMUM_RELATIVE_VOLUME,False,False,False,False,20559.0,45245.57142857143,1314328.857142857,0.685357142857143,15.77,15.9109,15.77,15.9,True,BELOW_MINIMUM_RELATIVE_VOLUME,False,,,,,,,,,,,,,,BELOW_MINIMUM_RELATIVE_VOLUME,False,,,,,,,,,,,,,,BELOW_MINIMUM_RELATIVE_VOLUME,False,,,,,,,,,,,,,
orb_v1.0,2024-03-25,494,BWA,BBG001S7F4D2,0.4534843619475334,14,SHORT,False,BELOW_MINIMUM_RELATIVE_VOLUME,False,False,False,False,29586.0,65241.5,3615091.714285714,0.7971428571428579,33.31,33.41,33.22,33.27,True,BELOW_MINIMUM_RELATIVE_VOLUME,False,,,,,,,,,,,,,,BELOW_MINIMUM_RELATIVE_VOLUME,False,,,,,,,,,,,,,,BELOW_MINIMUM_RELATIVE_VOLUME,False,,,,,,,,,,,,,
orb_v1.0,2024-03-25,495,CNM,BBG01163K3R5,0.45293312837091854,14,SHORT,False,BELOW_MINIMUM_RELATIVE_VOLUME,False,False,False,False,30622.0,67608.21428571429,3217684.3571428573,1.5132142857142843,57.96,57.998,57.725,57.89,True,BELOW_MINIMUM_RELATIVE_VOLUME,False,,,,,,,,,,,,,,BELOW_MINIMUM_RELATIVE_VOLUME,False,,,,,,,,,,,,,,BELOW_MINIMUM_RELATIVE_VOLUME,False,,,,,,,,,,,,,
orb_v1.0,2024-03-25,496,CNX,BBG001SC7TN4,0.45248249081201025,14,LONG,False,BELOW_MINIMUM_RELATIVE_VOLUME,False,False,False,False,26101.0,57684.0,3146642.5,0.5125000000000011,22.82,22.91,22.8,22.9,True,BELOW_MINIMUM_RELATIVE_VOLUME,False,,,,,,,,,,,,,,BELOW_MINIMUM_RELATIVE_VOLUME,False,,,,,,,,,,,,,,BELOW_MINIMUM_RELATIVE_VOLUME,False,,,,,,,,,,,,,
orb_v1.0,2024-03-25,497,BNS,BBG001S5Y2B1,0.45241281452214654,14,LONG,False,BELOW_MINIMUM_RELATIVE_VOLUME,True,False,False,False,13209.0,29196.785714285714,1725262.357142857,0.6178928571428577,50.3,50.41,50.26,50.35,True,BELOW_MINIMUM_RELATIVE_VOLUME,False,,,,,,,,,,,,,,BELOW_MINIMUM_RELATIVE_VOLUME,False,,,,,,,,,,,,,,BELOW_MINIMUM_RELATIVE_VOLUME,False,,,,,,,,,,,,,
orb_v1.0,2024-03-25,498,QCOM,BBG001S6VS70,0.4521832294765301,14,SHORT,False,BELOW_MINIMUM_RELATIVE_VOLUME,True,False,False,False,177624.0,392814.21428571426,9288837.0,4.815528571428574,167.88,168.31,167.31,167.435,True,BELOW_MINIMUM_RELATIVE_VOLUME,False,,,,,,,,,,,,,,BELOW_MINIMUM_RELATIVE_VOLUME,False,,,,,,,,,,,,,,BELOW_MINIMUM_RELATIVE_VOLUME,False,,,,,,,,,,,,,
orb_v1.0,2024-03-25,499,TOL,BBG001S5WT15,0.4517999839645081,14,LONG,False,BELOW_MINIMUM_RELATIVE_VOLUME,False,False,False,False,14490.0,32071.714285714286,1550664.7857142857,3.4662714285714293,125.53,126.6,125.53,126.43,True,BELOW_MINIMUM_RELATIVE_VOLUME,False,,,,,,,,,,,,,,BELOW_MINIMUM_RELATIVE_VOLUME,False,,,,,,,,,,,,,,BELOW_MINIMUM_RELATIVE_VOLUME,False,,,,,,,,,,,,,
orb_v1.0,2024-03-25,500,RHI,BBG001S5VP41,0.4512236438279724,14,LONG,False,BELOW_MINIMUM_RELATIVE_VOLUME,False,False,False,False,6469.0,14336.57142857143,1153954.4285714286,1.6421428571428567,79.72,79.815,79.49,79.815,True,BELOW_MINIMUM_RELATIVE_VOLUME,False,,,,,,,,,,,,,,BELOW_MINIMUM_RELATIVE_VOLUME,False,,,,,,,,,,,,,,BELOW_MINIMUM_RELATIVE_VOLUME,False,,,,,,,,,,,,,
orb_v1.0,2024-03-25,501,GLNG,0001207179,0.4510972588367029,14,LONG,False,BELOW_MINIMUM_RELATIVE_VOLUME,False,False,False,False,21927.0,48608.142857142855,1785870.2142857143,0.6548499999999997,24.06,24.25,24.04,24.25,True,BELOW_MINIMUM_RELATIVE_VOLUME,False,,,,,,,,,,,,,,BELOW_MINIMUM_RELATIVE_VOLUME,False,,,,,,,,,,,,,,BELOW_MINIMUM_RELATIVE_VOLUME,False,,,,,,,,,,,,,
orb_v1.0,2024-03-25,502,RAPT,BBG00PGK50N1,0.449744599340215,14,LONG,False,BELOW_MINIMUM_RELATIVE_VOLUME,True,False,False,False,7245.0,16109.142857142857,1174766.0714285714,0.60545,8.4,8.5,8.4,8.41,True,BELOW_MINIMUM_RELATIVE_VOLUME,False,,,,,,,,,,,,,,BELOW_MINIMUM_RELATIVE_VOLUME,False,,,,,,,,,,,,,,BELOW_MINIMUM_RELATIVE_VOLUME,False,,,,,,,,,,,,,
orb_v1.0,2024-03-25,503,KO,BBG001S5SMQ8,0.4493228842988676,14,LONG,False,BELOW_MINIMUM_RELATIVE_VOLUME,True,False,False,False,286725.0,638126.8571428572,15277539.07142857,0.6306428571428562,60.48,60.66,60.47,60.6,True,BELOW_MINIMUM_RELATIVE_VOLUME,False,,,,,,,,,,,,,,BELOW_MINIMUM_RELATIVE_VOLUME,False,,,,,,,,,,,,,,BELOW_MINIMUM_RELATIVE_VOLUME,False,,,,,,,,,,,,,
orb_v1.0,2024-03-25,504,CSX,BBG001S5Q7Q3,0.4470721427770333,14,SHORT,False,BELOW_MINIMUM_RELATIVE_VOLUME,True,False,False,False,192764.0,431169.78571428574,11076557.857142856,0.570535714285714,37.34,37.4,37.26,37.305,True,BELOW_MINIMUM_RELATIVE_VOLUME,False,,,,,,,,,,,,,,BELOW_MINIMUM_RELATIVE_VOLUME,False,,,,,,,,,,,,,,BELOW_MINIMUM_RELATIVE_VOLUME,False,,,,,,,,,,,,,
orb_v1.0,2024-03-25,505,ARRY,BBG002MX7TQ9,0.4457154207863995,14,LONG,False,BELOW_MINIMUM_RELATIVE_VOLUME,False,False,False,False,55776.0,125138.14285714286,5690568.571428572,0.6894000000000001,13.62,13.78,13.49,13.76,True,BELOW_MINIMUM_RELATIVE_VOLUME,False,,,,,,,,,,,,,,BELOW_MINIMUM_RELATIVE_VOLUME,False,,,,,,,,,,,,,,BELOW_MINIMUM_RELATIVE_VOLUME,False,,,,,,,,,,,,,
orb_v1.0,2024-03-25,506,CRI,BBG001SCJ3Q5,0.44500271980302897,14,LONG,False,BELOW_MINIMUM_RELATIVE_VOLUME,False,False,False,False,4441.0,9979.714285714286,1032992.2142857143,2.0095714285714297,83.4,83.94,83.4,83.94,True,BELOW_MINIMUM_RELATIVE_VOLUME,False,,,,,,,,,,,,,,BELOW_MINIMUM_RELATIVE_VOLUME,False,,,,,,,,,,,,,,BELOW_MINIMUM_RELATIVE_VOLUME,False,,,,,,,,,,,,,
orb_v1.0,2024-03-25,507,APLS,BBG007KGRPZ3,0.4449024526024107,14,LONG,False,BELOW_MINIMUM_RELATIVE_VOLUME,False,False,False,False,10161.0,22838.714285714286,1215848.5,2.529142857142857,55.36,56.0,55.08,55.87,True,BELOW_MINIMUM_RELATIVE_VOLUME,False,,,,,,,,,,,,,,BELOW_MINIMUM_RELATIVE_VOLUME,False,,,,,,,,,,,,,,BELOW_MINIMUM_RELATIVE_VOLUME,False,,,,,,,,,,,,,
orb_v1.0,2024-03-25,508,CMS,BBG001S5PYJ3,0.44336720522804574,14,LONG,False,BELOW_MINIMUM_RELATIVE_VOLUME,True,False,False,False,30215.0,68148.92857142857,2790663.9285714286,0.966071428571429,59.08,59.255,59.06,59.11,False,BELOW_MINIMUM_RELATIVE_VOLUME,False,,,,,,,,,,,,,,BELOW_MINIMUM_RELATIVE_VOLUME,False,,,,,,,,,,,,,,BELOW_MINIMUM_RELATIVE_VOLUME,False,,,,,,,,,,,,,
orb_v1.0,2024-03-25,509,LEG,BBG001S5SRG8,0.4428788862572323,14,LONG,False,BELOW_MINIMUM_RELATIVE_VOLUME,False,False,False,False,24068.0,54344.42857142857,2034564.4285714286,0.5321428571428568,18.89,18.99,18.86,18.96,True,BELOW_MINIMUM_RELATIVE_VOLUME,False,,,,,,,,,,,,,,BELOW_MINIMUM_RELATIVE_VOLUME,False,,,,,,,,,,,,,,BELOW_MINIMUM_RELATIVE_VOLUME,False,,,,,,,,,,,,,
orb_v1.0,2024-03-25,510,WMG,BBG00RP2T9V3,0.4425802424311912,14,DOJI,False,BELOW_MINIMUM_RELATIVE_VOLUME,True,False,False,False,4963.0,11213.785714285714,1141543.0714285714,0.7847428571428574,32.5,32.5,32.23,32.5,False,BELOW_MINIMUM_RELATIVE_VOLUME,False,,,,,,,,,,,,,,BELOW_MINIMUM_RELATIVE_VOLUME,False,,,,,,,,,,,,,,BELOW_MINIMUM_RELATIVE_VOLUME,False,,,,,,,,,,,,,
orb_v1.0,2024-03-25,511,RL,BBG001S9TL45,0.4418052587730459,14,LONG,False,BELOW_MINIMUM_RELATIVE_VOLUME,False,False,False,False,9053.0,20490.928571428572,1107095.5714285714,3.9564428571428567,187.3,187.4,187.3,187.37,True,BELOW_MINIMUM_RELATIVE_VOLUME,False,,,,,,,,,,,,,,BELOW_MINIMUM_RELATIVE_VOLUME,False,,,,,,,,,,,,,,BELOW_MINIMUM_RELATIVE_VOLUME,False,,,,,,,,,,,,,
orb_v1.0,2024-03-25,512,OTIS,BBG00RP60LN7,0.44074564485909046,14,LONG,False,BELOW_MINIMUM_RELATIVE_VOLUME,True,False,False,False,22801.0,51732.78571428572,1993665.2857142857,1.3325571428571419,99.46,99.85,99.43,99.495,False,BELOW_MINIMUM_RELATIVE_VOLUME,False,,,,,,,,,,,,,,BELOW_MINIMUM_RELATIVE_VOLUME,False,,,,,,,,,,,,,,BELOW_MINIMUM_RELATIVE_VOLUME,False,,,,,,,,,,,,,
orb_v1.0,2024-03-25,513,NVST,BBG00LN4B6D9,0.4405640484976278,14,SHORT,False,BELOW_MINIMUM_RELATIVE_VOLUME,False,False,False,False,10029.0,22764.0,2231891.8571428573,0.5142857142857145,21.46,21.48,21.34,21.39,True,BELOW_MINIMUM_RELATIVE_VOLUME,False,,,,,,,,,,,,,,BELOW_MINIMUM_RELATIVE_VOLUME,False,,,,,,,,,,,,,,BELOW_MINIMUM_RELATIVE_VOLUME,False,,,,,,,,,,,,,
orb_v1.0,2024-03-25,514,FI,BBG001S5R6Q4,0.4402506481374576,14,SHORT,False,BELOW_MINIMUM_RELATIVE_VOLUME,True,False,False,False,26964.0,61246.92857142857,2503058.214285714,2.083214285714289,156.24,156.25,155.725,155.725,True,BELOW_MINIMUM_RELATIVE_VOLUME,False,,,,,,,,,,,,,,BELOW_MINIMUM_RELATIVE_VOLUME,False,,,,,,,,,,,,,,BELOW_MINIMUM_RELATIVE_VOLUME,False,,,,,,,,,,,,,
orb_v1.0,2024-03-25,515,ADM,BBG001S5ND74,0.4401366823471919,14,LONG,False,BELOW_MINIMUM_RELATIVE_VOLUME,True,False,False,False,108206.0,245846.35714285713,7621382.428571428,1.6635642857142865,62.1,62.89,62.03,62.85,True,BELOW_MINIMUM_RELATIVE_VOLUME,False,,,,,,,,,,,,,,BELOW_MINIMUM_RELATIVE_VOLUME,False,,,,,,,,,,,,,,BELOW_MINIMUM_RELATIVE_VOLUME,False,,,,,,,,,,,,,
orb_v1.0,2024-03-25,516,LSXMK,BBG01HLMB7B9,0.43982682870429846,14,DOJI,False,BELOW_MINIMUM_RELATIVE_VOLUME,False,False,False,False,9782.0,22240.571428571428,2866128.214285714,0.5981357142857144,28.77,28.84,28.76,28.77,False,BELOW_MINIMUM_RELATIVE_VOLUME,False,,,,,,,,,,,,,,BELOW_MINIMUM_RELATIVE_VOLUME,False,,,,,,,,,,,,,,BELOW_MINIMUM_RELATIVE_VOLUME,False,,,,,,,,,,,,,
orb_v1.0,2024-03-25,517,ARWR,BBG001SGT8G5,0.43976448251700834,14,LONG,False,BELOW_MINIMUM_RELATIVE_VOLUME,False,False,False,False,16677.0,37922.57142857143,1443079.642857143,1.7639285714285702,27.31,27.8,27.31,27.77,True,BELOW_MINIMUM_RELATIVE_VOLUME,False,,,,,,,,,,,,,,BELOW_MINIMUM_RELATIVE_VOLUME,False,,,,,,,,,,,,,,BELOW_MINIMUM_RELATIVE_VOLUME,False,,,,,,,,,,,,,
orb_v1.0,2024-03-25,518,BLDR,BBG001S9CFC7,0.4388689915174364,14,LONG,False,BELOW_MINIMUM_RELATIVE_VOLUME,True,False,False,False,13304.0,30314.285714285714,1238998.5714285714,6.455707142857138,209.45,210.58,209.45,210.135,True,BELOW_MINIMUM_RELATIVE_VOLUME,False,,,,,,,,,,,,,,BELOW_MINIMUM_RELATIVE_VOLUME,False,,,,,,,,,,,,,,BELOW_MINIMUM_RELATIVE_VOLUME,False,,,,,,,,,,,,,
orb_v1.0,2024-03-25,519,DHI,BBG001S8M692,0.43869400125218333,14,SHORT,False,BELOW_MINIMUM_RELATIVE_VOLUME,True,False,False,False,28578.0,65143.357142857145,2920513.714285714,3.8970571428571383,161.04,161.545,160.94,161.03,True,BELOW_MINIMUM_RELATIVE_VOLUME,False,,,,,,,,,,,,,,BELOW_MINIMUM_RELATIVE_VOLUME,False,,,,,,,,,,,,,,BELOW_MINIMUM_RELATIVE_VOLUME,False,,,,,,,,,,,,,
orb_v1.0,2024-03-25,520,MAS,BBG001S5SZ70,0.4386905294937891,14,SHORT,False,BELOW_MINIMUM_RELATIVE_VOLUME,True,False,False,False,17146.0,39084.5,2860903.9285714286,1.615871428571425,77.16,77.26,76.83,76.9499,True,BELOW_MINIMUM_RELATIVE_VOLUME,False,,,,,,,,,,,,,,BELOW_MINIMUM_RELATIVE_VOLUME,False,,,,,,,,,,,,,,BELOW_MINIMUM_RELATIVE_VOLUME,False,,,,,,,,,,,,,
orb_v1.0,2024-03-25,521,NTAP,BBG001S8LYX5,0.43774024461269656,14,LONG,False,BELOW_MINIMUM_RELATIVE_VOLUME,True,False,False,False,18790.0,42925.0,2266783.6428571427,1.916392857142856,104.54,104.98,104.4,104.73,True,BELOW_MINIMUM_RELATIVE_VOLUME,False,,,,,,,,,,,,,,BELOW_MINIMUM_RELATIVE_VOLUME,False,,,,,,,,,,,,,,BELOW_MINIMUM_RELATIVE_VOLUME,False,,,,,,,,,,,,,
orb_v1.0,2024-03-25,522,CPRT,BBG001S7MTB1,0.4368571342203846,14,SHORT,False,BELOW_MINIMUM_RELATIVE_VOLUME,True,False,False,False,84646.0,193761.2857142857,5789832.428571428,0.8485714285714293,57.41,57.55,57.23,57.2392,True,BELOW_MINIMUM_RELATIVE_VOLUME,False,,,,,,,,,,,,,,BELOW_MINIMUM_RELATIVE_VOLUME,False,,,,,,,,,,,,,,BELOW_MINIMUM_RELATIVE_VOLUME,False,,,,,,,,,,,,,
orb_v1.0,2024-03-25,523,WRK,BBG008NXC581,0.4368174949536531,14,LONG,False,BELOW_MINIMUM_RELATIVE_VOLUME,False,False,False,False,30621.0,70100.21428571429,2074419.357142857,0.9439642857142856,48.68,48.8801,48.66,48.8801,True,BELOW_MINIMUM_RELATIVE_VOLUME,False,,,,,,,,,,,,,,BELOW_MINIMUM_RELATIVE_VOLUME,False,,,,,,,,,,,,,,BELOW_MINIMUM_RELATIVE_VOLUME,False,,,,,,,,,,,,,
orb_v1.0,2024-03-25,524,FTNT,BBG001S77BL6,0.4341736032618321,14,LONG,False,BELOW_MINIMUM_RELATIVE_VOLUME,True,False,False,False,95784.0,220612.2142857143,5091218.285714285,1.8860714285714297,67.85,67.95,67.61,67.88,True,BELOW_MINIMUM_RELATIVE_VOLUME,False,,,,,,,,,,,,,,BELOW_MINIMUM_RELATIVE_VOLUME,False,,,,,,,,,,,,,,BELOW_MINIMUM_RELATIVE_VOLUME,False,,,,,,,,,,,,,
orb_v1.0,2024-03-25,525,BSY,BBG001SBWGV7,0.4332868065980178,14,LONG,False,BELOW_MINIMUM_RELATIVE_VOLUME,True,False,False,False,7051.0,16273.285714285714,1234860.5,1.2742857142857145,51.54,51.77,51.48,51.62,True,BELOW_MINIMUM_RELATIVE_VOLUME,False,,,,,,,,,,,,,,BELOW_MINIMUM_RELATIVE_VOLUME,False,,,,,,,,,,,,,,BELOW_MINIMUM_RELATIVE_VOLUME,False,,,,,,,,,,,,,
orb_v1.0,2024-03-25,526,DK,BBG00FZYFVD4,0.43305259487697406,14,LONG,False,BELOW_MINIMUM_RELATIVE_VOLUME,False,False,False,False,10291.0,23763.85714285714,1304985.0714285714,0.9563785714285716,31.0,31.265,30.87,31.265,True,BELOW_MINIMUM_RELATIVE_VOLUME,False,,,,,,,,,,,,,,BELOW_MINIMUM_RELATIVE_VOLUME,False,,,,,,,,,,,,,,BELOW_MINIMUM_RELATIVE_VOLUME,False,,,,,,,,,,,,,
orb_v1.0,2024-03-25,527,GS,BBG001SC07Z6,0.4317796107897701,14,LONG,False,BELOW_MINIMUM_RELATIVE_VOLUME,True,False,False,False,43451.0,100632.35714285714,2463713.714285714,8.549271428571432,406.87,408.4599,406.0,408.4599,True,BELOW_MINIMUM_RELATIVE_VOLUME,False,,,,,,,,,,,,,,BELOW_MINIMUM_RELATIVE_VOLUME,False,,,,,,,,,,,,,,BELOW_MINIMUM_RELATIVE_VOLUME,False,,,,,,,,,,,,,
orb_v1.0,2024-03-25,528,LUV,BBG001S5SXC9,0.4315931913955034,14,LONG,False,BELOW_MINIMUM_RELATIVE_VOLUME,True,False,False,False,160453.0,371769.0714285714,10197832.857142856,0.9443357142857141,28.42,28.56,28.351,28.49,True,BELOW_MINIMUM_RELATIVE_VOLUME,False,,,,,,,,,,,,,,BELOW_MINIMUM_RELATIVE_VOLUME,False,,,,,,,,,,,,,,BELOW_MINIMUM_RELATIVE_VOLUME,False,,,,,,,,,,,,,
orb_v1.0,2024-03-25,529,EVRG,BBG00H433CS1,0.43073194697947453,14,SHORT,False,BELOW_MINIMUM_RELATIVE_VOLUME,False,False,False,False,36258.0,84177.64285714286,2665070.5,0.9157071428571426,51.78,51.855,51.63,51.67,True,BELOW_MINIMUM_RELATIVE_VOLUME,False,,,,,,,,,,,,,,BELOW_MINIMUM_RELATIVE_VOLUME,False,,,,,,,,,,,,,,BELOW_MINIMUM_RELATIVE_VOLUME,False,,,,,,,,,,,,,
orb_v1.0,2024-03-25,530,AKAM,BBG001S7YHX0,0.43038596805691876,14,SHORT,False,BELOW_MINIMUM_RELATIVE_VOLUME,True,False,False,False,21267.0,49413.78571428572,1848556.4285714286,1.7943428571428583,108.61,108.61,108.35,108.52,False,BELOW_MINIMUM_RELATIVE_VOLUME,False,,,,,,,,,,,,,,BELOW_MINIMUM_RELATIVE_VOLUME,False,,,,,,,,,,,,,,BELOW_MINIMUM_RELATIVE_VOLUME,False,,,,,,,,,,,,,
orb_v1.0,2024-03-25,531,CMCSA,BBG001S5PXL2,0.4302759660094697,14,SHORT,False,BELOW_MINIMUM_RELATIVE_VOLUME,True,False,False,False,346975.0,806401.0714285715,22434904.214285713,0.7853571428571426,42.87,42.88,42.61,42.71,True,BELOW_MINIMUM_RELATIVE_VOLUME,False,,,,,,,,,,,,,,BELOW_MINIMUM_RELATIVE_VOLUME,False,,,,,,,,,,,,,,BELOW_MINIMUM_RELATIVE_VOLUME,False,,,,,,,,,,,,,
orb_v1.0,2024-03-25,532,ATI,BBG001S8WY72,0.4295592422929305,14,LONG,False,BELOW_MINIMUM_RELATIVE_VOLUME,False,False,False,False,9913.0,23077.14285714286,1330790.2142857143,1.491057142857144,50.16,50.63,50.16,50.63,True,BELOW_MINIMUM_RELATIVE_VOLUME,False,,,,,,,,,,,,,,BELOW_MINIMUM_RELATIVE_VOLUME,False,,,,,,,,,,,,,,BELOW_MINIMUM_RELATIVE_VOLUME,False,,,,,,,,,,,,,
orb_v1.0,2024-03-25,533,SGH,0001616533,0.4291548551386153,14,LONG,False,BELOW_MINIMUM_RELATIVE_VOLUME,False,False,False,False,17864.0,41626.0,1386812.0714285714,1.0438285714285715,25.94,26.08,25.88,26.0614,True,BELOW_MINIMUM_RELATIVE_VOLUME,False,,,,,,,,,,,,,,BELOW_MINIMUM_RELATIVE_VOLUME,False,,,,,,,,,,,,,,BELOW_MINIMUM_RELATIVE_VOLUME,False,,,,,,,,,,,,,
orb_v1.0,2024-03-25,534,TRIP,BBG001V10VR2,0.42864376707003443,14,LONG,False,BELOW_MINIMUM_RELATIVE_VOLUME,False,False,False,False,15358.0,35829.28571428572,2292266.3571428573,0.7781428571428572,28.5,28.58,28.5,28.54,False,BELOW_MINIMUM_RELATIVE_VOLUME,False,,,,,,,,,,,,,,BELOW_MINIMUM_RELATIVE_VOLUME,False,,,,,,,,,,,,,,BELOW_MINIMUM_RELATIVE_VOLUME,False,,,,,,,,,,,,,
orb_v1.0,2024-03-25,535,AZEK,BBG00RP7FY15,0.4272470477898897,14,LONG,False,BELOW_MINIMUM_RELATIVE_VOLUME,False,False,False,False,8200.0,19192.64285714286,1387902.5,1.050892857142856,49.52,49.73,49.46,49.72,True,BELOW_MINIMUM_RELATIVE_VOLUME,False,,,,,,,,,,,,,,BELOW_MINIMUM_RELATIVE_VOLUME,False,,,,,,,,,,,,,,BELOW_MINIMUM_RELATIVE_VOLUME,False,,,,,,,,,,,,,
orb_v1.0,2024-03-25,536,PRU,BBG001S97MM7,0.4269892003913568,14,LONG,False,BELOW_MINIMUM_RELATIVE_VOLUME,True,False,False,False,24533.0,57455.78571428572,1645613.7857142857,1.7392500000000004,114.6,115.22,114.6,115.215,True,BELOW_MINIMUM_RELATIVE_VOLUME,False,,,,,,,,,,,,,,BELOW_MINIMUM_RELATIVE_VOLUME,False,,,,,,,,,,,,,,BELOW_MINIMUM_RELATIVE_VOLUME,False,,,,,,,,,,,,,
orb_v1.0,2024-03-25,537,OLMA,BBG00T5JMRV1,0.4267260777874069,14,SHORT,False,BELOW_MINIMUM_RELATIVE_VOLUME,False,False,False,False,8195.0,19204.35714285714,1288732.7142857143,1.0595214285714287,11.19,11.19,10.92,11.1037,True,BELOW_MINIMUM_RELATIVE_VOLUME,False,,,,,,,,,,,,,,BELOW_MINIMUM_RELATIVE_VOLUME,False,,,,,,,,,,,,,,BELOW_MINIMUM_RELATIVE_VOLUME,False,,,,,,,,,,,,,
orb_v1.0,2024-03-25,538,BTU,BBG00GBV89J5,0.4267159346200072,14,LONG,False,BELOW_MINIMUM_RELATIVE_VOLUME,False,False,False,False,25208.0,59074.42857142857,3759681.4285714286,0.7770071428571429,24.21,24.33,24.2,24.28,True,BELOW_MINIMUM_RELATIVE_VOLUME,False,,,,,,,,,,,,,,BELOW_MINIMUM_RELATIVE_VOLUME,False,,,,,,,,,,,,,,BELOW_MINIMUM_RELATIVE_VOLUME,False,,,,,,,,,,,,,
orb_v1.0,2024-03-25,539,KR,BBG001S5SN40,0.4242922756165594,14,SHORT,False,BELOW_MINIMUM_RELATIVE_VOLUME,True,False,False,False,101360.0,238891.92857142858,6739083.785714285,1.1960928571428566,56.61,56.78,56.54,56.54,True,BELOW_MINIMUM_RELATIVE_VOLUME,False,,,,,,,,,,,,,,BELOW_MINIMUM_RELATIVE_VOLUME,False,,,,,,,,,,,,,,BELOW_MINIMUM_RELATIVE_VOLUME,False,,,,,,,,,,,,,
orb_v1.0,2024-03-25,540,DAR,BBG001SB7RP8,0.4218157414199429,14,LONG,False,BELOW_MINIMUM_RELATIVE_VOLUME,False,False,False,False,11583.0,27459.85714285714,1842198.2857142857,1.303200000000002,45.58,45.75,45.41,45.75,True,BELOW_MINIMUM_RELATIVE_VOLUME,False,,,,,,,,,,,,,,BELOW_MINIMUM_RELATIVE_VOLUME,False,,,,,,,,,,,,,,BELOW_MINIMUM_RELATIVE_VOLUME,False,,,,,,,,,,,,,
orb_v1.0,2024-03-25,541,NEM,BBG001S5TKX3,0.4214501806504751,14,LONG,False,BELOW_MINIMUM_RELATIVE_VOLUME,True,False,False,False,288887.0,685459.4285714285,17124314.64285714,1.0276928571428579,34.02,34.31,34.02,34.295,True,BELOW_MINIMUM_RELATIVE_VOLUME,False,,,,,,,,,,,,,,BELOW_MINIMUM_RELATIVE_VOLUME,False,,,,,,,,,,,,,,BELOW_MINIMUM_RELATIVE_VOLUME,False,,,,,,,,,,,,,
orb_v1.0,2024-03-25,542,CWH,BBG00D2Z7X92,0.42123484418944335,14,LONG,False,BELOW_MINIMUM_RELATIVE_VOLUME,False,False,False,False,8013.0,19022.64285714286,1024277.0714285715,1.0255285714285713,25.59,25.7996,25.3301,25.66,True,BELOW_MINIMUM_RELATIVE_VOLUME,False,,,,,,,,,,,,,,BELOW_MINIMUM_RELATIVE_VOLUME,False,,,,,,,,,,,,,,BELOW_MINIMUM_RELATIVE_VOLUME,False,,,,,,,,,,,,,
orb_v1.0,2024-03-25,543,EW,BBG001SF2288,0.42053334983047197,14,LONG,False,BELOW_MINIMUM_RELATIVE_VOLUME,True,False,False,False,45156.0,107377.92857142857,4142778.3571428573,2.318321428571429,93.93,94.5,93.93,93.96,False,BELOW_MINIMUM_RELATIVE_VOLUME,False,,,,,,,,,,,,,,BELOW_MINIMUM_RELATIVE_VOLUME,False,,,,,,,,,,,,,,BELOW_MINIMUM_RELATIVE_VOLUME,False,,,,,,,,,,,,,
orb_v1.0,2024-03-25,544,CCEP,0001650107,0.4187256532693274,14,SHORT,False,BELOW_MINIMUM_RELATIVE_VOLUME,True,False,False,False,30604.0,73088.42857142857,1419074.357142857,1.18277857142857,71.32,71.36,71.18,71.225,True,BELOW_MINIMUM_RELATIVE_VOLUME,False,,,,,,,,,,,,,,BELOW_MINIMUM_RELATIVE_VOLUME,False,,,,,,,,,,,,,,BELOW_MINIMUM_RELATIVE_VOLUME,False,,,,,,,,,,,,,
orb_v1.0,2024-03-25,545,CLDX,BBG001S7QN20,0.418576262273736,14,LONG,False,BELOW_MINIMUM_RELATIVE_VOLUME,False,False,False,False,9552.0,22820.214285714286,1171757.7857142857,2.126607142857143,41.94,42.68,41.94,42.63,True,BELOW_MINIMUM_RELATIVE_VOLUME,False,,,,,,,,,,,,,,BELOW_MINIMUM_RELATIVE_VOLUME,False,,,,,,,,,,,,,,BELOW_MINIMUM_RELATIVE_VOLUME,False,,,,,,,,,,,,,
orb_v1.0,2024-03-25,546,ISRG,BBG001S7XR78,0.41839482897926206,14,LONG,False,BELOW_MINIMUM_RELATIVE_VOLUME,True,False,False,False,31070.0,74260.0,1631808.142857143,9.645428571428571,393.59,395.67,393.0,394.195,True,BELOW_MINIMUM_RELATIVE_VOLUME,False,,,,,,,,,,,,,,BELOW_MINIMUM_RELATIVE_VOLUME,False,,,,,,,,,,,,,,BELOW_MINIMUM_RELATIVE_VOLUME,False,,,,,,,,,,,,,
orb_v1.0,2024-03-25,547,PEG,BBG001S5V3C1,0.418304379569344,14,SHORT,False,BELOW_MINIMUM_RELATIVE_VOLUME,True,False,False,False,53775.0,128554.71428571429,3144703.285714286,1.067857142857143,65.12,65.17,64.77,64.77,True,BELOW_MINIMUM_RELATIVE_VOLUME,False,,,,,,,,,,,,,,BELOW_MINIMUM_RELATIVE_VOLUME,False,,,,,,,,,,,,,,BELOW_MINIMUM_RELATIVE_VOLUME,False,,,,,,,,,,,,,
orb_v1.0,2024-03-25,548,ACAD,BBG001SB06N3,0.4180024418940975,14,LONG,False,BELOW_MINIMUM_RELATIVE_VOLUME,False,False,False,False,34994.0,83717.21428571429,2484933.8571428573,1.078428571428571,18.0,18.2,18.0,18.065,False,BELOW_MINIMUM_RELATIVE_VOLUME,False,,,,,,,,,,,,,,BELOW_MINIMUM_RELATIVE_VOLUME,False,,,,,,,,,,,,,,BELOW_MINIMUM_RELATIVE_VOLUME,False,,,,,,,,,,,,,
orb_v1.0,2024-03-25,549,IOVA,BBG001T2PM32,0.4175121601526926,14,LONG,False,BELOW_MINIMUM_RELATIVE_VOLUME,False,False,False,False,92936.0,222594.7142857143,7875756.928571428,1.0181214285714286,15.0,15.14,14.81,15.07,True,BELOW_MINIMUM_RELATIVE_VOLUME,False,,,,,,,,,,,,,,BELOW_MINIMUM_RELATIVE_VOLUME,False,,,,,,,,,,,,,,BELOW_MINIMUM_RELATIVE_VOLUME,False,,,,,,,,,,,,,
orb_v1.0,2024-03-25,550,IMVT,BBG00P5MC0R7,0.4160150710488586,14,SHORT,False,BELOW_MINIMUM_RELATIVE_VOLUME,False,False,False,False,11420.0,27450.928571428572,1415398.642857143,1.7457500000000006,32.42,32.42,32.36,32.385,True,BELOW_MINIMUM_RELATIVE_VOLUME,False,,,,,,,,,,,,,,BELOW_MINIMUM_RELATIVE_VOLUME,False,,,,,,,,,,,,,,BELOW_MINIMUM_RELATIVE_VOLUME,False,,,,,,,,,,,,,
orb_v1.0,2024-03-25,551,ABBV,BBG0025Y4RZ3,0.4158011172922095,14,SHORT,False,BELOW_MINIMUM_RELATIVE_VOLUME,True,False,False,False,80980.0,194756.57142857142,7249900.357142857,2.9578571428571405,179.0,179.0,178.125,178.17,False,BELOW_MINIMUM_RELATIVE_VOLUME,False,,,,,,,,,,,,,,BELOW_MINIMUM_RELATIVE_VOLUME,False,,,,,,,,,,,,,,BELOW_MINIMUM_RELATIVE_VOLUME,False,,,,,,,,,,,,,
orb_v1.0,2024-03-25,552,AMGN,BBG001S5NNL6,0.415361418138431,14,SHORT,False,BELOW_MINIMUM_RELATIVE_VOLUME,True,False,False,False,56570.0,136194.64285714287,3001606.6428571427,4.824371428571433,276.43,276.99,275.76,276.05,True,BELOW_MINIMUM_RELATIVE_VOLUME,False,,,,,,,,,,,,,,BELOW_MINIMUM_RELATIVE_VOLUME,False,,,,,,,,,,,,,,BELOW_MINIMUM_RELATIVE_VOLUME,False,,,,,,,,,,,,,
orb_v1.0,2024-03-25,553,LBRT,BBG00GK831C5,0.4141106991161846,14,DOJI,False,BELOW_MINIMUM_RELATIVE_VOLUME,False,False,False,False,24562.0,59312.642857142855,3071769.8571428573,0.7563357142857142,20.63,20.73,20.52,20.63,False,BELOW_MINIMUM_RELATIVE_VOLUME,False,,,,,,,,,,,,,,BELOW_MINIMUM_RELATIVE_VOLUME,False,,,,,,,,,,,,,,BELOW_MINIMUM_RELATIVE_VOLUME,False,,,,,,,,,,,,,
orb_v1.0,2024-03-25,554,ZM,BBG0042V6JN7,0.4136450661106319,14,SHORT,False,BELOW_MINIMUM_RELATIVE_VOLUME,True,False,False,False,51961.0,125617.35714285714,2867014.9285714286,1.654685714285714,65.85,66.0,65.745,65.8432,True,BELOW_MINIMUM_RELATIVE_VOLUME,False,,,,,,,,,,,,,,BELOW_MINIMUM_RELATIVE_VOLUME,False,,,,,,,,,,,,,,BELOW_MINIMUM_RELATIVE_VOLUME,False,,,,,,,,,,,,,
orb_v1.0,2024-03-25,555,GIL,BBG001S7JJL6,0.41305001141996206,14,LONG,False,BELOW_MINIMUM_RELATIVE_VOLUME,False,False,False,False,14726.0,35651.857142857145,1259726.4285714286,1.025592857142858,37.43,38.0,37.43,37.91,False,BELOW_MINIMUM_RELATIVE_VOLUME,False,,,,,,,,,,,,,,BELOW_MINIMUM_RELATIVE_VOLUME,False,,,,,,,,,,,,,,BELOW_MINIMUM_RELATIVE_VOLUME,False,,,,,,,,,,,,,
orb_v1.0,2024-03-25,556,TWLO,BBG0029ZX859,0.41147341921673575,14,LONG,False,BELOW_MINIMUM_RELATIVE_VOLUME,False,False,False,False,40010.0,97235.92857142857,3321492.5714285714,1.8510642857142858,61.35,61.71,61.35,61.7055,True,BELOW_MINIMUM_RELATIVE_VOLUME,False,,,,,,,,,,,,,,BELOW_MINIMUM_RELATIVE_VOLUME,False,,,,,,,,,,,,,,BELOW_MINIMUM_RELATIVE_VOLUME,False,,,,,,,,,,,,,
orb_v1.0,2024-03-25,557,FND,BBG007GJ2F90,0.40992686901445763,14,LONG,False,BELOW_MINIMUM_RELATIVE_VOLUME,False,False,False,False,7295.0,17795.85714285714,1407499.0714285714,4.633214285714287,130.53,131.8486,130.15,131.8486,False,BELOW_MINIMUM_RELATIVE_VOLUME,False,,,,,,,,,,,,,,BELOW_MINIMUM_RELATIVE_VOLUME,False,,,,,,,,,,,,,,BELOW_MINIMUM_RELATIVE_VOLUME,False,,,,,,,,,,,,,
orb_v1.0,2024-03-25,558,STAG,BBG001T9F312,0.4079398864446853,14,LONG,False,BELOW_MINIMUM_RELATIVE_VOLUME,False,False,False,False,10377.0,25437.571428571428,1191849.142857143,0.6451571428571425,38.28,38.35,38.25,38.29,False,BELOW_MINIMUM_RELATIVE_VOLUME,False,,,,,,,,,,,,,,BELOW_MINIMUM_RELATIVE_VOLUME,False,,,,,,,,,,,,,,BELOW_MINIMUM_RELATIVE_VOLUME,False,,,,,,,,,,,,,
orb_v1.0,2024-03-25,559,CHRW,BBG001SB6KF5,0.4066245625754344,14,SHORT,False,BELOW_MINIMUM_RELATIVE_VOLUME,False,False,False,False,15305.0,37639.142857142855,2250923.5714285714,1.8114285714285714,74.86,74.86,74.54,74.695,True,BELOW_MINIMUM_RELATIVE_VOLUME,False,,,,,,,,,,,,,,BELOW_MINIMUM_RELATIVE_VOLUME,False,,,,,,,,,,,,,,BELOW_MINIMUM_RELATIVE_VOLUME,False,,,,,,,,,,,,,
orb_v1.0,2024-03-25,560,CCK,BBG001S5PKZ5,0.4062902621551732,14,LONG,False,BELOW_MINIMUM_RELATIVE_VOLUME,False,False,False,False,6352.0,15634.142857142857,1241676.5,1.2789285714285725,77.87,78.26,77.87,78.07,True,BELOW_MINIMUM_RELATIVE_VOLUME,False,,,,,,,,,,,,,,BELOW_MINIMUM_RELATIVE_VOLUME,False,,,,,,,,,,,,,,BELOW_MINIMUM_RELATIVE_VOLUME,False,,,,,,,,,,,,,
orb_v1.0,2024-03-25,561,INCY,BBG001S8Q6N2,0.4058385977669712,14,LONG,False,BELOW_MINIMUM_RELATIVE_VOLUME,False,False,False,False,11481.0,28289.571428571428,1920771.5,1.3868285714285702,57.14,57.2122,57.05,57.15,True,BELOW_MINIMUM_RELATIVE_VOLUME,False,,,,,,,,,,,,,,BELOW_MINIMUM_RELATIVE_VOLUME,False,,,,,,,,,,,,,,BELOW_MINIMUM_RELATIVE_VOLUME,False,,,,,,,,,,,,,
orb_v1.0,2024-03-25,562,WRB,BBG001S5P463,0.4052596400553193,14,SHORT,False,BELOW_MINIMUM_RELATIVE_VOLUME,True,False,False,False,9398.0,23190.071428571428,1127941.2857142857,1.1355071428571424,86.36,86.45,86.25,86.32,True,BELOW_MINIMUM_RELATIVE_VOLUME,False,,,,,,,,,,,,,,BELOW_MINIMUM_RELATIVE_VOLUME,False,,,,,,,,,,,,,,BELOW_MINIMUM_RELATIVE_VOLUME,False,,,,,,,,,,,,,
orb_v1.0,2024-03-25,563,BXP,BBG001S9TWV1,0.40386451700911014,14,LONG,False,BELOW_MINIMUM_RELATIVE_VOLUME,False,False,False,False,15649.0,38748.142857142855,1362421.857142857,1.952857142857143,63.57,64.08,63.57,64.08,True,BELOW_MINIMUM_RELATIVE_VOLUME,False,,,,,,,,,,,,,,BELOW_MINIMUM_RELATIVE_VOLUME,False,,,,,,,,,,,,,,BELOW_MINIMUM_RELATIVE_VOLUME,False,,,,,,,,,,,,,
orb_v1.0,2024-03-25,564,FLS,BBG001SB3F87,0.40265175611879334,14,SHORT,False,BELOW_MINIMUM_RELATIVE_VOLUME,False,False,False,False,4295.0,10666.785714285714,1238830.142857143,0.7680071428571432,45.81,45.81,45.68,45.75,True,BELOW_MINIMUM_RELATIVE_VOLUME,False,,,,,,,,,,,,,,BELOW_MINIMUM_RELATIVE_VOLUME,False,,,,,,,,,,,,,,BELOW_MINIMUM_RELATIVE_VOLUME,False,,,,,,,,,,,,,
orb_v1.0,2024-03-25,565,COP,BBG001S5TZM2,0.40246488146518056,14,LONG,False,BELOW_MINIMUM_RELATIVE_VOLUME,True,False,False,False,90163.0,224027.0,6345224.642857143,1.920035714285714,123.72,124.6525,123.15,124.58,True,BELOW_MINIMUM_RELATIVE_VOLUME,False,,,,,,,,,,,,,,BELOW_MINIMUM_RELATIVE_VOLUME,False,,,,,,,,,,,,,,BELOW_MINIMUM_RELATIVE_VOLUME,False,,,,,,,,,,,,,
orb_v1.0,2024-03-25,566,CPB,BBG001S5Q2B0,0.40193891818962346,14,SHORT,False,BELOW_MINIMUM_RELATIVE_VOLUME,False,False,False,False,29259.0,72794.64285714286,3163423.9285714286,0.9724214285714291,43.66,43.86,43.485,43.615,True,BELOW_MINIMUM_RELATIVE_VOLUME,False,,,,,,,,,,,,,,BELOW_MINIMUM_RELATIVE_VOLUME,False,,,,,,,,,,,,,,BELOW_MINIMUM_RELATIVE_VOLUME,False,,,,,,,,,,,,,
orb_v1.0,2024-03-25,567,ARES,BBG0068KVVC7,0.40170810230727955,14,LONG,False,BELOW_MINIMUM_RELATIVE_VOLUME,True,False,False,False,6417.0,15974.285714285714,1130536.5714285714,2.890357142857145,133.54,134.07,133.54,134.07,True,BELOW_MINIMUM_RELATIVE_VOLUME,False,,,,,,,,,,,,,,BELOW_MINIMUM_RELATIVE_VOLUME,False,,,,,,,,,,,,,,BELOW_MINIMUM_RELATIVE_VOLUME,False,,,,,,,,,,,,,
orb_v1.0,2024-03-25,568,HLF,0001180262,0.4015538466148536,14,LONG,False,BELOW_MINIMUM_RELATIVE_VOLUME,False,False,False,False,21058.0,52441.28571428572,1902649.0714285714,0.5513285714285715,9.21,9.39,9.18,9.38,True,BELOW_MINIMUM_RELATIVE_VOLUME,False,,,,,,,,,,,,,,BELOW_MINIMUM_RELATIVE_VOLUME,False,,,,,,,,,,,,,,BELOW_MINIMUM_RELATIVE_VOLUME,False,,,,,,,,,,,,,
orb_v1.0,2024-03-25,569,NDAQ,BBG001SKTBJ6,0.40035451640543906,14,LONG,False,BELOW_MINIMUM_RELATIVE_VOLUME,True,False,False,False,75792.0,189312.2142857143,5472476.785714285,1.4699071428571433,61.51,61.82,61.51,61.71,False,BELOW_MINIMUM_RELATIVE_VOLUME,False,,,,,,,,,,,,,,BELOW_MINIMUM_RELATIVE_VOLUME,False,,,,,,,,,,,,,,BELOW_MINIMUM_RELATIVE_VOLUME,False,,,,,,,,,,,,,
orb_v1.0,2024-03-25,570,DASH,BBG005D7QCK1,0.3981870737033,14,LONG,False,BELOW_MINIMUM_RELATIVE_VOLUME,True,False,False,False,39585.0,99413.07142857143,3392409.785714286,3.8393928571428555,137.05,138.0,137.05,137.65,True,BELOW_MINIMUM_RELATIVE_VOLUME,False,,,,,,,,,,,,,,BELOW_MINIMUM_RELATIVE_VOLUME,False,,,,,,,,,,,,,,BELOW_MINIMUM_RELATIVE_VOLUME,False,,,,,,,,,,,,,
orb_v1.0,2024-03-25,571,PEP,BBG001S695T1,0.39732625284471823,14,LONG,False,BELOW_MINIMUM_RELATIVE_VOLUME,True,False,False,False,125667.0,316281.64285714284,7044379.214285715,2.374285714285711,172.2,172.84,172.108,172.69,True,BELOW_MINIMUM_RELATIVE_VOLUME,False,,,,,,,,,,,,,,BELOW_MINIMUM_RELATIVE_VOLUME,False,,,,,,,,,,,,,,BELOW_MINIMUM_RELATIVE_VOLUME,False,,,,,,,,,,,,,
orb_v1.0,2024-03-25,572,GRPN,BBG001T8J560,0.39730428318365263,14,SHORT,False,BELOW_MINIMUM_RELATIVE_VOLUME,False,False,False,False,17446.0,43910.92857142857,2038502.7142857143,1.5891571428571427,14.54,14.54,14.32,14.4,True,BELOW_MINIMUM_RELATIVE_VOLUME,False,,,,,,,,,,,,,,BELOW_MINIMUM_RELATIVE_VOLUME,False,,,,,,,,,,,,,,BELOW_MINIMUM_RELATIVE_VOLUME,False,,,,,,,,,,,,,
orb_v1.0,2024-03-25,573,XRX,BBG00NNG2ZK6,0.3972202920944667,14,LONG,False,BELOW_MINIMUM_RELATIVE_VOLUME,False,False,False,False,35035.0,88200.42857142857,3607642.0714285714,0.5952142857142846,17.05,17.09,16.99,17.09,True,BELOW_MINIMUM_RELATIVE_VOLUME,False,,,,,,,,,,,,,,BELOW_MINIMUM_RELATIVE_VOLUME,False,,,,,,,,,,,,,,BELOW_MINIMUM_RELATIVE_VOLUME,False,,,,,,,,,,,,,
orb_v1.0,2024-03-25,574,SNOW,BBG007DHGNK2,0.39718643695819156,14,LONG,False,BELOW_MINIMUM_RELATIVE_VOLUME,True,False,False,False,116343.0,292917.85714285716,8305392.214285715,6.057850000000002,157.79,158.697,157.5,158.28,True,BELOW_MINIMUM_RELATIVE_VOLUME,False,,,,,,,,,,,,,,BELOW_MINIMUM_RELATIVE_VOLUME,False,,,,,,,,,,,,,,BELOW_MINIMUM_RELATIVE_VOLUME,False,,,,,,,,,,,,,
orb_v1.0,2024-03-25,575,CDMO,BBG001SD4YL6,0.3967277951085225,14,LONG,False,BELOW_MINIMUM_RELATIVE_VOLUME,False,False,False,False,33002.0,83185.5,2690179.0714285714,0.6352785714285714,6.72,6.97,6.67,6.9,False,BELOW_MINIMUM_RELATIVE_VOLUME,False,,,,,,,,,,,,,,BELOW_MINIMUM_RELATIVE_VOLUME,False,,,,,,,,,,,,,,BELOW_MINIMUM_RELATIVE_VOLUME,False,,,,,,,,,,,,,
orb_v1.0,2024-03-25,576,CGNX,BBG001S5TC16,0.3963375807832776,14,LONG,False,BELOW_MINIMUM_RELATIVE_VOLUME,False,False,False,False,11604.0,29278.071428571428,1475441.5714285714,0.9328142857142859,41.69,41.885,41.66,41.885,True,BELOW_MINIMUM_RELATIVE_VOLUME,False,,,,,,,,,,,,,,BELOW_MINIMUM_RELATIVE_VOLUME,False,,,,,,,,,,,,,,BELOW_MINIMUM_RELATIVE_VOLUME,False,,,,,,,,,,,,,
orb_v1.0,2024-03-25,577,XPO,BBG001SJW3C0,0.39440631381761787,14,LONG,False,BELOW_MINIMUM_RELATIVE_VOLUME,False,False,False,False,7339.0,18607.714285714286,1219920.9285714286,3.6357428571428554,124.81,124.86,124.39,124.86,True,BELOW_MINIMUM_RELATIVE_VOLUME,False,,,,,,,,,,,,,,BELOW_MINIMUM_RELATIVE_VOLUME,False,,,,,,,,,,,,,,BELOW_MINIMUM_RELATIVE_VOLUME,False,,,,,,,,,,,,,
orb_v1.0,2024-03-25,578,GDDY,BBG006MDLXZ9,0.3936720703197264,14,SHORT,False,BELOW_MINIMUM_RELATIVE_VOLUME,True,False,False,False,15960.0,40541.357142857145,1480322.857142857,2.6436785714285733,121.46,121.54,121.03,121.16,True,BELOW_MINIMUM_RELATIVE_VOLUME,False,,,,,,,,,,,,,,BELOW_MINIMUM_RELATIVE_VOLUME,False,,,,,,,,,,,,,,BELOW_MINIMUM_RELATIVE_VOLUME,False,,,,,,,,,,,,,
orb_v1.0,2024-03-25,579,LIN,0001707925,0.39359176253541894,14,SHORT,False,BELOW_MINIMUM_RELATIVE_VOLUME,True,False,False,False,41632.0,105774.57142857143,5057364.428571428,6.495357142857143,467.21,467.9686,466.185,466.63,True,BELOW_MINIMUM_RELATIVE_VOLUME,False,,,,,,,,,,,,,,BELOW_MINIMUM_RELATIVE_VOLUME,False,,,,,,,,,,,,,,BELOW_MINIMUM_RELATIVE_VOLUME,False,,,,,,,,,,,,,
orb_v1.0,2024-03-25,580,LLY,BBG001S5STL8,0.39290688730432616,14,SHORT,False,BELOW_MINIMUM_RELATIVE_VOLUME,True,False,False,False,68850.0,175232.35714285713,2945417.9285714286,19.936314285714282,771.1,771.99,768.15,768.426,False,BELOW_MINIMUM_RELATIVE_VOLUME,False,,,,,,,,,,,,,,BELOW_MINIMUM_RELATIVE_VOLUME,False,,,,,,,,,,,,,,BELOW_MINIMUM_RELATIVE_VOLUME,False,,,,,,,,,,,,,
orb_v1.0,2024-03-25,581,TMO,BBG001S5WS08,0.39252070597139643,14,SHORT,False,BELOW_MINIMUM_RELATIVE_VOLUME,True,False,False,False,22078.0,56246.71428571428,1439178.2142857143,8.943214285714289,583.21,585.03,581.94,582.31,True,BELOW_MINIMUM_RELATIVE_VOLUME,False,,,,,,,,,,,,,,BELOW_MINIMUM_RELATIVE_VOLUME,False,,,,,,,,,,,,,,BELOW_MINIMUM_RELATIVE_VOLUME,False,,,,,,,,,,,,,
orb_v1.0,2024-03-25,582,AER,0001378789,0.3904286121652153,14,SHORT,False,BELOW_MINIMUM_RELATIVE_VOLUME,True,False,False,False,10171.0,26050.85714285714,1865157.5714285714,1.706464285714288,86.5,86.74,86.31,86.37,True,BELOW_MINIMUM_RELATIVE_VOLUME,False,,,,,,,,,,,,,,BELOW_MINIMUM_RELATIVE_VOLUME,False,,,,,,,,,,,,,,BELOW_MINIMUM_RELATIVE_VOLUME,False,,,,,,,,,,,,,
orb_v1.0,2024-03-25,583,HCA,BBG001T8NTY2,0.3904112781078877,14,LONG,False,BELOW_MINIMUM_RELATIVE_VOLUME,True,False,False,False,9574.0,24522.85714285714,1018162.3571428572,5.443928571428578,330.0,331.13,330.0,330.66,True,BELOW_MINIMUM_RELATIVE_VOLUME,False,,,,,,,,,,,,,,BELOW_MINIMUM_RELATIVE_VOLUME,False,,,,,,,,,,,,,,BELOW_MINIMUM_RELATIVE_VOLUME,False,,,,,,,,,,,,,
orb_v1.0,2024-03-25,584,ENTG,BBG001SF9YL6,0.3897468221451833,14,LONG,False,BELOW_MINIMUM_RELATIVE_VOLUME,True,False,False,False,8215.0,21077.785714285714,1542468.2857142857,4.73428571428572,138.55,139.98,138.11,139.98,True,BELOW_MINIMUM_RELATIVE_VOLUME,False,,,,,,,,,,,,,,BELOW_MINIMUM_RELATIVE_VOLUME,False,,,,,,,,,,,,,,BELOW_MINIMUM_RELATIVE_VOLUME,False,,,,,,,,,,,,,
orb_v1.0,2024-03-25,585,ELS,BBG001S5T5G5,0.3882957033904705,14,LONG,False,BELOW_MINIMUM_RELATIVE_VOLUME,False,False,False,False,7346.0,18918.571428571428,1013379.5714285715,1.0872428571428583,64.82,65.14,64.82,65.14,False,BELOW_MINIMUM_RELATIVE_VOLUME,False,,,,,,,,,,,,,,BELOW_MINIMUM_RELATIVE_VOLUME,False,,,,,,,,,,,,,,BELOW_MINIMUM_RELATIVE_VOLUME,False,,,,,,,,,,,,,
orb_v1.0,2024-03-25,586,TTD,BBG00629NGW8,0.3882881557289599,14,LONG,False,BELOW_MINIMUM_RELATIVE_VOLUME,True,False,False,False,58621.0,150972.92857142858,3741653.214285714,2.251421428571429,85.0,85.59,84.92,85.24,True,BELOW_MINIMUM_RELATIVE_VOLUME,False,,,,,,,,,,,,,,BELOW_MINIMUM_RELATIVE_VOLUME,False,,,,,,,,,,,,,,BELOW_MINIMUM_RELATIVE_VOLUME,False,,,,,,,,,,,,,
orb_v1.0,2024-03-25,587,TXN,BBG001S5WYZ7,0.38817979956723137,14,LONG,False,BELOW_MINIMUM_RELATIVE_VOLUME,True,False,False,False,82252.0,211891.5,6233258.0,3.965285714285715,170.83,171.4552,170.76,171.07,True,BELOW_MINIMUM_RELATIVE_VOLUME,False,,,,,,,,,,,,,,BELOW_MINIMUM_RELATIVE_VOLUME,False,,,,,,,,,,,,,,BELOW_MINIMUM_RELATIVE_VOLUME,False,,,,,,,,,,,,,
orb_v1.0,2024-03-25,588,VICI,BBG00HVVB4B6,0.3868555330784622,14,LONG,False,BELOW_MINIMUM_RELATIVE_VOLUME,True,False,False,False,87681.0,226650.5,6418385.642857143,0.5057142857142851,28.94,28.985,28.85,28.97,True,BELOW_MINIMUM_RELATIVE_VOLUME,False,,,,,,,,,,,,,,BELOW_MINIMUM_RELATIVE_VOLUME,False,,,,,,,,,,,,,,BELOW_MINIMUM_RELATIVE_VOLUME,False,,,,,,,,,,,,,
orb_v1.0,2024-03-25,589,UPS,BBG001SDGSH1,0.3864418187256955,14,LONG,False,BELOW_MINIMUM_RELATIVE_VOLUME,True,False,False,False,51675.0,133720.0,4185252.5,2.744435714285712,155.45,156.4332,155.45,156.24,True,BELOW_MINIMUM_RELATIVE_VOLUME,False,,,,,,,,,,,,,,BELOW_MINIMUM_RELATIVE_VOLUME,False,,,,,,,,,,,,,,BELOW_MINIMUM_RELATIVE_VOLUME,False,,,,,,,,,,,,,
orb_v1.0,2024-03-25,590,FAST,BBG001S5R1F7,0.38567509097088104,14,SHORT,False,BELOW_MINIMUM_RELATIVE_VOLUME,True,False,False,False,53176.0,137877.7142857143,3680222.6428571427,1.2800000000000022,77.87,77.96,77.69,77.69,True,BELOW_MINIMUM_RELATIVE_VOLUME,False,,,,,,,,,,,,,,BELOW_MINIMUM_RELATIVE_VOLUME,False,,,,,,,,,,,,,,BELOW_MINIMUM_RELATIVE_VOLUME,False,,,,,,,,,,,,,
orb_v1.0,2024-03-25,591,CB,0000896159,0.3848688900698648,14,LONG,False,BELOW_MINIMUM_RELATIVE_VOLUME,True,False,False,False,16967.0,44085.142857142855,1823833.5714285714,3.248857142857131,256.08,256.8819,256.03,256.8819,True,BELOW_MINIMUM_RELATIVE_VOLUME,False,,,,,,,,,,,,,,BELOW_MINIMUM_RELATIVE_VOLUME,False,,,,,,,,,,,,,,BELOW_MINIMUM_RELATIVE_VOLUME,False,,,,,,,,,,,,,
orb_v1.0,2024-03-25,592,BSX,BBG001S63L94,0.3847264752101002,14,LONG,False,BELOW_MINIMUM_RELATIVE_VOLUME,True,False,False,False,75581.0,196453.85714285713,6329768.071428572,1.0361857142857136,67.65,67.79,67.54,67.655,True,BELOW_MINIMUM_RELATIVE_VOLUME,False,,,,,,,,,,,,,,BELOW_MINIMUM_RELATIVE_VOLUME,False,,,,,,,,,,,,,,BELOW_MINIMUM_RELATIVE_VOLUME,False,,,,,,,,,,,,,
orb_v1.0,2024-03-25,593,OCUL,BBG001V0FT93,0.3837672857462519,14,LONG,False,BELOW_MINIMUM_RELATIVE_VOLUME,False,False,False,False,30626.0,79803.57142857143,2645552.5714285714,0.6870357142857145,9.55,9.72,9.41,9.67,True,BELOW_MINIMUM_RELATIVE_VOLUME,False,,,,,,,,,,,,,,BELOW_MINIMUM_RELATIVE_VOLUME,False,,,,,,,,,,,,,,BELOW_MINIMUM_RELATIVE_VOLUME,False,,,,,,,,,,,,,
orb_v1.0,2024-03-25,594,KNX,BBG001T9BTS0,0.38375188314908965,14,SHORT,False,BELOW_MINIMUM_RELATIVE_VOLUME,False,False,False,False,14756.0,38451.92857142857,1978550.0,1.3348214285714282,52.45,52.515,52.21,52.43,True,BELOW_MINIMUM_RELATIVE_VOLUME,False,,,,,,,,,,,,,,BELOW_MINIMUM_RELATIVE_VOLUME,False,,,,,,,,,,,,,,BELOW_MINIMUM_RELATIVE_VOLUME,False,,,,,,,,,,,,,
orb_v1.0,2024-03-25,595,STNE,0001745431,0.383410499877877,14,LONG,False,BELOW_MINIMUM_RELATIVE_VOLUME,False,False,False,False,97438.0,254134.92857142858,5911440.285714285,0.6958785714285712,16.16,16.4699,16.16,16.325,False,BELOW_MINIMUM_RELATIVE_VOLUME,False,,,,,,,,,,,,,,BELOW_MINIMUM_RELATIVE_VOLUME,False,,,,,,,,,,,,,,BELOW_MINIMUM_RELATIVE_VOLUME,False,,,,,,,,,,,,,
orb_v1.0,2024-03-25,596,TERN,BBG00KK1SJ17,0.3822881186135043,14,LONG,False,BELOW_MINIMUM_RELATIVE_VOLUME,False,False,False,False,11448.0,29946.0,1405443.857142857,0.7120785714285717,6.6,6.74,6.55,6.6601,True,BELOW_MINIMUM_RELATIVE_VOLUME,False,,,,,,,,,,,,,,BELOW_MINIMUM_RELATIVE_VOLUME,False,,,,,,,,,,,,,,BELOW_MINIMUM_RELATIVE_VOLUME,False,,,,,,,,,,,,,
orb_v1.0,2024-03-25,597,BTDR,0001899123,0.3819239567057313,14,LONG,False,BELOW_MINIMUM_RELATIVE_VOLUME,False,False,False,False,42147.0,110354.42857142857,2095148.4285714286,0.8889857142857143,7.25,7.38,7.25,7.3295,False,BELOW_MINIMUM_RELATIVE_VOLUME,False,,,,,,,,,,,,,,BELOW_MINIMUM_RELATIVE_VOLUME,False,,,,,,,,,,,,,,BELOW_MINIMUM_RELATIVE_VOLUME,False,,,,,,,,,,,,,
orb_v1.0,2024-03-25,598,PLTR,BBG001T53796,0.3814075478638318,14,LONG,False,BELOW_MINIMUM_RELATIVE_VOLUME,True,False,False,False,1453748.0,3811534.4285714286,68231572.64285715,1.1820857142857135,24.12,24.318,24.05,24.275,True,BELOW_MINIMUM_RELATIVE_VOLUME,False,,,,,,,,,,,,,,BELOW_MINIMUM_RELATIVE_VOLUME,False,,,,,,,,,,,,,,BELOW_MINIMUM_RELATIVE_VOLUME,False,,,,,,,,,,,,,
orb_v1.0,2024-03-25,599,DOW,BBG00BN96931,0.3802976606759778,14,SHORT,False,BELOW_MINIMUM_RELATIVE_VOLUME,True,False,False,False,76013.0,199877.64285714287,6792355.714285715,1.1132142857142864,57.77,57.85,57.61,57.74,True,BELOW_MINIMUM_RELATIVE_VOLUME,False,,,,,,,,,,,,,,BELOW_MINIMUM_RELATIVE_VOLUME,False,,,,,,,,,,,,,,BELOW_MINIMUM_RELATIVE_VOLUME,False,,,,,,,,,,,,,
orb_v1.0,2024-03-25,600,OMC,BBG001S5VR10,0.37891240332241277,14,LONG,False,BELOW_MINIMUM_RELATIVE_VOLUME,True,False,False,False,14862.0,39222.78571428572,2026237.5,1.7925000000000009,93.87,94.37,93.87,94.37,True,BELOW_MINIMUM_RELATIVE_VOLUME,False,,,,,,,,,,,,,,BELOW_MINIMUM_RELATIVE_VOLUME,False,,,,,,,,,,,,,,BELOW_MINIMUM_RELATIVE_VOLUME,False,,,,,,,,,,,,,
orb_v1.0,2024-03-25,601,CCCC,BBG00BV2Y9C6,0.37713298442293264,14,LONG,False,BELOW_MINIMUM_RELATIVE_VOLUME,False,False,False,False,23481.0,62261.857142857145,2962483.714285714,0.791264285714286,8.2,8.41,8.125,8.41,True,BELOW_MINIMUM_RELATIVE_VOLUME,False,,,,,,,,,,,,,,BELOW_MINIMUM_RELATIVE_VOLUME,False,,,,,,,,,,,,,,BELOW_MINIMUM_RELATIVE_VOLUME,False,,,,,,,,,,,,,
orb_v1.0,2024-03-25,602,CALX,BBG001T633M8,0.3764646125502553,14,LONG,False,BELOW_MINIMUM_RELATIVE_VOLUME,False,False,False,False,6247.0,16593.85714285714,1666395.5714285714,1.0253571428571422,33.38,33.53,33.38,33.515,False,BELOW_MINIMUM_RELATIVE_VOLUME,False,,,,,,,,,,,,,,BELOW_MINIMUM_RELATIVE_VOLUME,False,,,,,,,,,,,,,,BELOW_MINIMUM_RELATIVE_VOLUME,False,,,,,,,,,,,,,
orb_v1.0,2024-03-25,603,CAH,BBG001S7PC34,0.37625982474484615,14,LONG,False,BELOW_MINIMUM_RELATIVE_VOLUME,True,False,False,False,16013.0,42558.357142857145,2662785.0,2.5282142857142844,111.03,111.15,110.93,111.075,True,BELOW_MINIMUM_RELATIVE_VOLUME,False,,,,,,,,,,,,,,BELOW_MINIMUM_RELATIVE_VOLUME,False,,,,,,,,,,,,,,BELOW_MINIMUM_RELATIVE_VOLUME,False,,,,,,,,,,,,,
orb_v1.0,2024-03-25,604,ADVM,BBG006D9MR26,0.3762544741320756,14,LONG,False,BELOW_MINIMUM_RELATIVE_VOLUME,False,False,False,False,14086.0,37437.42857142857,1931982.7142857143,1.4725285714285714,15.75,16.435,15.75,16.24,False,BELOW_MINIMUM_RELATIVE_VOLUME,False,,,,,,,,,,,,,,BELOW_MINIMUM_RELATIVE_VOLUME,False,,,,,,,,,,,,,,BELOW_MINIMUM_RELATIVE_VOLUME,False,,,,,,,,,,,,,
orb_v1.0,2024-03-25,605,FNF,BBG006N7S6J1,0.37618690510527836,14,LONG,False,BELOW_MINIMUM_RELATIVE_VOLUME,False,False,False,False,9316.0,24764.285714285714,1976408.5,1.180964285714286,51.78,51.96,51.78,51.96,True,BELOW_MINIMUM_RELATIVE_VOLUME,False,,,,,,,,,,,,,,BELOW_MINIMUM_RELATIVE_VOLUME,False,,,,,,,,,,,,,,BELOW_MINIMUM_RELATIVE_VOLUME,False,,,,,,,,,,,,,
orb_v1.0,2024-03-25,606,PFG,BBG001SD3148,0.3759039457403419,14,LONG,False,BELOW_MINIMUM_RELATIVE_VOLUME,True,False,False,False,11718.0,31172.85714285714,1704478.642857143,1.367128571428573,83.43,83.96,83.43,83.96,True,BELOW_MINIMUM_RELATIVE_VOLUME,False,,,,,,,,,,,,,,BELOW_MINIMUM_RELATIVE_VOLUME,False,,,,,,,,,,,,,,BELOW_MINIMUM_RELATIVE_VOLUME,False,,,,,,,,,,,,,
orb_v1.0,2024-03-25,607,DINO,BBG0135B2269,0.37510524820743674,14,LONG,False,BELOW_MINIMUM_RELATIVE_VOLUME,False,False,False,False,21034.0,56074.92857142857,3550132.5,1.7121428571428565,61.97,62.2999,61.94,62.115,True,BELOW_MINIMUM_RELATIVE_VOLUME,False,,,,,,,,,,,,,,BELOW_MINIMUM_RELATIVE_VOLUME,False,,,,,,,,,,,,,,BELOW_MINIMUM_RELATIVE_VOLUME,False,,,,,,,,,,,,,
orb_v1.0,2024-03-25,608,OLN,BBG001S5TWW8,0.37447504493530165,14,LONG,False,BELOW_MINIMUM_RELATIVE_VOLUME,False,False,False,False,6280.0,16770.14285714286,1149471.642857143,1.2864285714285713,56.74,56.94,56.59,56.94,True,BELOW_MINIMUM_RELATIVE_VOLUME,False,,,,,,,,,,,,,,BELOW_MINIMUM_RELATIVE_VOLUME,False,,,,,,,,,,,,,,BELOW_MINIMUM_RELATIVE_VOLUME,False,,,,,,,,,,,,,
orb_v1.0,2024-03-25,609,KBH,BBG001S5SJV9,0.37346217317513825,14,SHORT,False,BELOW_MINIMUM_RELATIVE_VOLUME,False,False,False,False,13643.0,36531.142857142855,1357683.2857142857,2.158678571428571,68.08,68.21,67.83,67.84,True,BELOW_MINIMUM_RELATIVE_VOLUME,False,,,,,,,,,,,,,,BELOW_MINIMUM_RELATIVE_VOLUME,False,,,,,,,,,,,,,,BELOW_MINIMUM_RELATIVE_VOLUME,False,,,,,,,,,,,,,
orb_v1.0,2024-03-25,610,VRTX,BBG001S68LJ8,0.37184741310756425,14,SHORT,False,BELOW_MINIMUM_RELATIVE_VOLUME,True,False,False,False,16533.0,44461.78571428572,1017067.5714285715,6.9058142857142855,415.66,416.2,414.9698,415.625,False,BELOW_MINIMUM_RELATIVE_VOLUME,False,,,,,,,,,,,,,,BELOW_MINIMUM_RELATIVE_VOLUME,False,,,,,,,,,,,,,,BELOW_MINIMUM_RELATIVE_VOLUME,False,,,,,,,,,,,,,
orb_v1.0,2024-03-25,611,UNP,BBG001S5X2M0,0.3705262494187376,14,LONG,False,BELOW_MINIMUM_RELATIVE_VOLUME,True,False,False,False,26864.0,72502.28571428571,2296298.714285714,3.792914285714287,244.47,245.2,244.08,245.1,True,BELOW_MINIMUM_RELATIVE_VOLUME,False,,,,,,,,,,,,,,BELOW_MINIMUM_RELATIVE_VOLUME,False,,,,,,,,,,,,,,BELOW_MINIMUM_RELATIVE_VOLUME,False,,,,,,,,,,,,,
orb_v1.0,2024-03-25,612,SBUX,BBG001S72KH6,0.36911797857429895,14,SHORT,False,BELOW_MINIMUM_RELATIVE_VOLUME,True,False,False,False,121050.0,327943.9285714286,7942130.214285715,1.430178571428571,90.65,90.66,90.47,90.54,False,BELOW_MINIMUM_RELATIVE_VOLUME,False,,,,,,,,,,,,,,BELOW_MINIMUM_RELATIVE_VOLUME,False,,,,,,,,,,,,,,BELOW_MINIMUM_RELATIVE_VOLUME,False,,,,,,,,,,,,,
orb_v1.0,2024-03-25,613,WTRG,BBG001S5VFD3,0.36881104474816684,14,LONG,False,BELOW_MINIMUM_RELATIVE_VOLUME,False,False,False,False,12941.0,35088.42857142857,2037379.0,0.6428142857142863,36.69,36.77,36.69,36.77,True,BELOW_MINIMUM_RELATIVE_VOLUME,False,,,,,,,,,,,,,,BELOW_MINIMUM_RELATIVE_VOLUME,False,,,,,,,,,,,,,,BELOW_MINIMUM_RELATIVE_VOLUME,False,,,,,,,,,,,,,
orb_v1.0,2024-03-25,614,TXT,BBG001S5WZ39,0.3684768284238662,14,LONG,False,BELOW_MINIMUM_RELATIVE_VOLUME,True,False,False,False,10605.0,28780.64285714286,1090998.2857142857,1.3389285714285728,95.84,95.96,95.75,95.845,False,BELOW_MINIMUM_RELATIVE_VOLUME,False,,,,,,,,,,,,,,BELOW_MINIMUM_RELATIVE_VOLUME,False,,,,,,,,,,,,,,BELOW_MINIMUM_RELATIVE_VOLUME,False,,,,,,,,,,,,,
orb_v1.0,2024-03-25,615,FWRD,BBG001SC0FW1,0.36732573617739683,14,LONG,False,BELOW_MINIMUM_RELATIVE_VOLUME,False,False,False,False,5657.0,15400.5,1435816.5714285714,1.3529857142857147,29.16,29.2,28.9001,29.2,True,BELOW_MINIMUM_RELATIVE_VOLUME,False,,,,,,,,,,,,,,BELOW_MINIMUM_RELATIVE_VOLUME,False,,,,,,,,,,,,,,BELOW_MINIMUM_RELATIVE_VOLUME,False,,,,,,,,,,,,,
orb_v1.0,2024-03-25,616,ALLY,BBG001S5RLN4,0.3665320152549177,14,LONG,False,BELOW_MINIMUM_RELATIVE_VOLUME,False,False,False,False,29217.0,79712.0,4244061.285714285,1.0876214285714292,39.25,39.4194,39.2167,39.4194,True,BELOW_MINIMUM_RELATIVE_VOLUME,False,,,,,,,,,,,,,,BELOW_MINIMUM_RELATIVE_VOLUME,False,,,,,,,,,,,,,,BELOW_MINIMUM_RELATIVE_VOLUME,False,,,,,,,,,,,,,
orb_v1.0,2024-03-25,617,NUE,BBG001S5TRV0,0.36572874493927127,14,LONG,False,BELOW_MINIMUM_RELATIVE_VOLUME,True,False,False,False,18067.0,49400.0,1371543.4285714286,4.36455,195.74,196.815,195.56,196.53,True,BELOW_MINIMUM_RELATIVE_VOLUME,False,,,,,,,,,,,,,,BELOW_MINIMUM_RELATIVE_VOLUME,False,,,,,,,,,,,,,,BELOW_MINIMUM_RELATIVE_VOLUME,False,,,,,,,,,,,,,
orb_v1.0,2024-03-25,618,TBBK,BBG001SM71W3,0.36537525584868424,14,LONG,False,BELOW_MINIMUM_RELATIVE_VOLUME,False,False,False,False,7829.0,21427.285714285714,1263415.142857143,1.9222357142857138,31.17,31.5096,31.17,31.24,True,BELOW_MINIMUM_RELATIVE_VOLUME,False,,,,,,,,,,,,,,BELOW_MINIMUM_RELATIVE_VOLUME,False,,,,,,,,,,,,,,BELOW_MINIMUM_RELATIVE_VOLUME,False,,,,,,,,,,,,,
orb_v1.0,2024-03-25,619,ED,BBG001S5QRL4,0.3652214655042586,14,LONG,False,BELOW_MINIMUM_RELATIVE_VOLUME,True,False,False,False,28062.0,76835.57142857143,1623842.5,1.297857142857144,88.75,89.04,88.7,88.845,False,BELOW_MINIMUM_RELATIVE_VOLUME,False,,,,,,,,,,,,,,BELOW_MINIMUM_RELATIVE_VOLUME,False,,,,,,,,,,,,,,BELOW_MINIMUM_RELATIVE_VOLUME,False,,,,,,,,,,,,,
orb_v1.0,2024-03-25,620,FWONK,BBG01HLMBDC5,0.3638162655495444,14,LONG,False,BELOW_MINIMUM_RELATIVE_VOLUME,True,False,False,False,5279.0,14510.07142857143,1123480.7857142857,1.7576571428571433,67.4,67.55,67.17,67.525,True,BELOW_MINIMUM_RELATIVE_VOLUME,False,,,,,,,,,,,,,,BELOW_MINIMUM_RELATIVE_VOLUME,False,,,,,,,,,,,,,,BELOW_MINIMUM_RELATIVE_VOLUME,False,,,,,,,,,,,,,
orb_v1.0,2024-03-25,621,FTV,BBG00BLVZ237,0.3634926100207863,14,LONG,False,BELOW_MINIMUM_RELATIVE_VOLUME,True,False,False,False,14252.0,39208.5,1587071.642857143,1.2276499999999981,85.45,85.83,85.45,85.475,False,BELOW_MINIMUM_RELATIVE_VOLUME,False,,,,,,,,,,,,,,BELOW_MINIMUM_RELATIVE_VOLUME,False,,,,,,,,,,,,,,BELOW_MINIMUM_RELATIVE_VOLUME,False,,,,,,,,,,,,,
orb_v1.0,2024-03-25,622,ALK,BBG001S5NLG6,0.36339386106623583,14,LONG,False,BELOW_MINIMUM_RELATIVE_VOLUME,False,False,False,False,20084.0,55267.857142857145,2262963.3571428573,1.0455642857142848,39.4,39.475,39.4,39.46,True,BELOW_MINIMUM_RELATIVE_VOLUME,False,,,,,,,,,,,,,,BELOW_MINIMUM_RELATIVE_VOLUME,False,,,,,,,,,,,,,,BELOW_MINIMUM_RELATIVE_VOLUME,False,,,,,,,,,,,,,
orb_v1.0,2024-03-25,623,BKR,BBG00GBVBK60,0.3631187909096,14,LONG,False,BELOW_MINIMUM_RELATIVE_VOLUME,True,False,False,False,88472.0,243644.7857142857,7870981.071428572,0.6217214285714286,33.64,33.77,33.615,33.675,False,BELOW_MINIMUM_RELATIVE_VOLUME,False,,,,,,,,,,,,,,BELOW_MINIMUM_RELATIVE_VOLUME,False,,,,,,,,,,,,,,BELOW_MINIMUM_RELATIVE_VOLUME,False,,,,,,,,,,,,,
orb_v1.0,2024-03-25,624,INFA,BBG012THM4K0,0.36207537295887027,14,SHORT,False,BELOW_MINIMUM_RELATIVE_VOLUME,False,False,False,False,6820.0,18835.85714285714,1065495.5714285714,0.9307714285714285,36.4,36.47,36.38,36.38,True,BELOW_MINIMUM_RELATIVE_VOLUME,False,,,,,,,,,,,,,,BELOW_MINIMUM_RELATIVE_VOLUME,False,,,,,,,,,,,,,,BELOW_MINIMUM_RELATIVE_VOLUME,False,,,,,,,,,,,,,
orb_v1.0,2024-03-25,625,TMUS,BBG001SKR9Y6,0.36139947465151606,14,LONG,False,BELOW_MINIMUM_RELATIVE_VOLUME,True,False,False,False,67672.0,187249.85714285713,5033694.785714285,2.351778571428568,160.31,160.61,160.13,160.345,True,BELOW_MINIMUM_RELATIVE_VOLUME,False,,,,,,,,,,,,,,BELOW_MINIMUM_RELATIVE_VOLUME,False,,,,,,,,,,,,,,BELOW_MINIMUM_RELATIVE_VOLUME,False,,,,,,,,,,,,,
orb_v1.0,2024-03-25,626,CHD,BBG001S5PR99,0.3612236902697242,14,SHORT,False,BELOW_MINIMUM_RELATIVE_VOLUME,True,False,False,False,11262.0,31177.35714285714,1169969.7857142857,1.5928571428571416,104.7,104.8,104.51,104.51,True,BELOW_MINIMUM_RELATIVE_VOLUME,False,,,,,,,,,,,,,,BELOW_MINIMUM_RELATIVE_VOLUME,False,,,,,,,,,,,,,,BELOW_MINIMUM_RELATIVE_VOLUME,False,,,,,,,,,,,,,
orb_v1.0,2024-03-25,627,VSCO,BBG01103B480,0.3607052759056142,14,SHORT,False,BELOW_MINIMUM_RELATIVE_VOLUME,False,False,False,False,71654.0,198649.7142857143,5954308.0,1.5574785714285713,19.8,19.9,19.5,19.5,True,BELOW_MINIMUM_RELATIVE_VOLUME,False,,,,,,,,,,,,,,BELOW_MINIMUM_RELATIVE_VOLUME,False,,,,,,,,,,,,,,BELOW_MINIMUM_RELATIVE_VOLUME,False,,,,,,,,,,,,,
orb_v1.0,2024-03-25,628,BK,BBG001S5P6Q6,0.36055451927063414,14,LONG,False,BELOW_MINIMUM_RELATIVE_VOLUME,True,False,False,False,35221.0,97685.64285714286,3907355.0714285714,0.8739285714285704,56.56,56.9,56.54,56.875,True,BELOW_MINIMUM_RELATIVE_VOLUME,False,,,,,,,,,,,,,,BELOW_MINIMUM_RELATIVE_VOLUME,False,,,,,,,,,,,,,,BELOW_MINIMUM_RELATIVE_VOLUME,False,,,,,,,,,,,,,
orb_v1.0,2024-03-25,629,QRVO,BBG007TJF1P5,0.36049069665996125,14,LONG,False,BELOW_MINIMUM_RELATIVE_VOLUME,False,False,False,False,8205.0,22760.64285714286,1292506.857142857,3.7457142857142856,112.93,113.77,112.61,113.77,True,BELOW_MINIMUM_RELATIVE_VOLUME,False,,,,,,,,,,,,,,BELOW_MINIMUM_RELATIVE_VOLUME,False,,,,,,,,,,,,,,BELOW_MINIMUM_RELATIVE_VOLUME,False,,,,,,,,,,,,,
orb_v1.0,2024-03-25,630,RMD,BBG001SBGRC2,0.36046822509212223,14,LONG,False,BELOW_MINIMUM_RELATIVE_VOLUME,True,False,False,False,8860.0,24579.14285714286,1148048.642857143,4.614964285714284,192.5,193.09,192.01,192.958,True,BELOW_MINIMUM_RELATIVE_VOLUME,False,,,,,,,,,,,,,,BELOW_MINIMUM_RELATIVE_VOLUME,False,,,,,,,,,,,,,,BELOW_MINIMUM_RELATIVE_VOLUME,False,,,,,,,,,,,,,
orb_v1.0,2024-03-25,631,IONQ,BBG00XZP0LC3,0.3586321813334194,14,LONG,False,BELOW_MINIMUM_RELATIVE_VOLUME,False,True,False,False,165141.0,460474.5714285714,8676314.214285715,0.7251285714285715,9.35,9.53,9.33,9.495,True,BELOW_MINIMUM_RELATIVE_VOLUME,False,,,,,,,,,,,,,,BELOW_MINIMUM_RELATIVE_VOLUME,False,,,,,,,,,,,,,,BELOW_MINIMUM_RELATIVE_VOLUME,False,,,,,,,,,,,,,
orb_v1.0,2024-03-25,632,RILY,BBG001SV8TK4,0.35821186062223037,14,SHORT,False,BELOW_MINIMUM_RELATIVE_VOLUME,False,False,False,False,17876.0,49903.42857142857,1517674.142857143,2.4459714285714282,19.5,19.66,19.28,19.475,True,BELOW_MINIMUM_RELATIVE_VOLUME,False,,,,,,,,,,,,,,BELOW_MINIMUM_RELATIVE_VOLUME,False,,,,,,,,,,,,,,BELOW_MINIMUM_RELATIVE_VOLUME,False,,,,,,,,,,,,,
orb_v1.0,2024-03-25,633,HP,BBG001S5RZP1,0.35808711086443096,14,LONG,False,BELOW_MINIMUM_RELATIVE_VOLUME,False,False,False,False,8848.0,24709.071428571428,1233215.357142857,1.0190928571428566,41.4,41.69,41.21,41.65,True,BELOW_MINIMUM_RELATIVE_VOLUME,False,,,,,,,,,,,,,,BELOW_MINIMUM_RELATIVE_VOLUME,False,,,,,,,,,,,,,,BELOW_MINIMUM_RELATIVE_VOLUME,False,,,,,,,,,,,,,
orb_v1.0,2024-03-25,634,JWN,BBG001S7BDN5,0.3579618068605355,14,SHORT,False,BELOW_MINIMUM_RELATIVE_VOLUME,False,False,False,False,59800.0,167056.92857142858,6697525.071428572,1.1010142857142855,19.14,19.24,19.07,19.11,True,BELOW_MINIMUM_RELATIVE_VOLUME,False,,,,,,,,,,,,,,BELOW_MINIMUM_RELATIVE_VOLUME,False,,,,,,,,,,,,,,BELOW_MINIMUM_RELATIVE_VOLUME,False,,,,,,,,,,,,,
orb_v1.0,2024-03-25,635,CI,BBG00KXRCDQ9,0.35658121797909537,14,LONG,False,BELOW_MINIMUM_RELATIVE_VOLUME,True,False,False,False,14243.0,39943.21428571428,1651670.2857142857,4.969299999999996,353.08,354.58,352.89,354.13,True,BELOW_MINIMUM_RELATIVE_VOLUME,False,,,,,,,,,,,,,,BELOW_MINIMUM_RELATIVE_VOLUME,False,,,,,,,,,,,,,,BELOW_MINIMUM_RELATIVE_VOLUME,False,,,,,,,,,,,,,
orb_v1.0,2024-03-25,636,RUM,BBG00Z61CSD4,0.35567709989277496,14,LONG,False,BELOW_MINIMUM_RELATIVE_VOLUME,False,False,False,False,67361.0,189388.07142857142,4227702.071428572,0.6971071428571428,7.4,7.446,7.33,7.425,True,BELOW_MINIMUM_RELATIVE_VOLUME,False,,,,,,,,,,,,,,BELOW_MINIMUM_RELATIVE_VOLUME,False,,,,,,,,,,,,,,BELOW_MINIMUM_RELATIVE_VOLUME,False,,,,,,,,,,,,,
orb_v1.0,2024-03-25,637,STZ,BBG001SD31G5,0.3548796990486186,14,SHORT,False,BELOW_MINIMUM_RELATIVE_VOLUME,True,False,False,False,8598.0,24227.928571428572,1260650.642857143,4.155200000000002,268.86,269.3,268.67,268.84,True,BELOW_MINIMUM_RELATIVE_VOLUME,False,,,,,,,,,,,,,,BELOW_MINIMUM_RELATIVE_VOLUME,False,,,,,,,,,,,,,,BELOW_MINIMUM_RELATIVE_VOLUME,False,,,,,,,,,,,,,
orb_v1.0,2024-03-25,638,CARR,BBG00RP5HZM1,0.3542675340371832,14,LONG,False,BELOW_MINIMUM_RELATIVE_VOLUME,True,False,False,False,42711.0,120561.42857142857,5685085.714285715,1.6239214285714272,57.74,57.95,57.715,57.76,False,BELOW_MINIMUM_RELATIVE_VOLUME,False,,,,,,,,,,,,,,BELOW_MINIMUM_RELATIVE_VOLUME,False,,,,,,,,,,,,,,BELOW_MINIMUM_RELATIVE_VOLUME,False,,,,,,,,,,,,,
orb_v1.0,2024-03-25,639,EXPE,BBG001SP8VM0,0.3539081198124336,14,LONG,False,BELOW_MINIMUM_RELATIVE_VOLUME,True,False,False,False,19952.0,56376.21428571428,2022927.4285714286,2.6165,137.18,138.205,137.145,138.16,True,BELOW_MINIMUM_RELATIVE_VOLUME,False,,,,,,,,,,,,,,BELOW_MINIMUM_RELATIVE_VOLUME,False,,,,,,,,,,,,,,BELOW_MINIMUM_RELATIVE_VOLUME,False,,,,,,,,,,,,,
orb_v1.0,2024-03-25,640,AMH,BBG003NXJNJ4,0.3534818865675976,14,SHORT,False,BELOW_MINIMUM_RELATIVE_VOLUME,False,False,False,False,16695.0,47230.142857142855,2774207.785714286,0.5250000000000001,36.45,36.45,36.34,36.42,True,BELOW_MINIMUM_RELATIVE_VOLUME,False,,,,,,,,,,,,,,BELOW_MINIMUM_RELATIVE_VOLUME,False,,,,,,,,,,,,,,BELOW_MINIMUM_RELATIVE_VOLUME,False,,,,,,,,,,,,,
orb_v1.0,2024-03-25,641,PCT,BBG00YRJF230,0.35340607945818203,14,LONG,False,BELOW_MINIMUM_RELATIVE_VOLUME,False,False,False,False,27462.0,77706.64285714286,2675421.5,0.5582142857142857,6.08,6.29,6.05,6.2365,False,BELOW_MINIMUM_RELATIVE_VOLUME,False,,,,,,,,,,,,,,BELOW_MINIMUM_RELATIVE_VOLUME,False,,,,,,,,,,,,,,BELOW_MINIMUM_RELATIVE_VOLUME,False,,,,,,,,,,,,,
orb_v1.0,2024-03-25,642,MP,BBG00TJGL0T5,0.35326050671398096,14,LONG,False,BELOW_MINIMUM_RELATIVE_VOLUME,False,False,False,False,42707.0,120893.78571428571,6090488.285714285,0.7892642857142856,13.72,14.01,13.72,13.982,True,BELOW_MINIMUM_RELATIVE_VOLUME,False,,,,,,,,,,,,,,BELOW_MINIMUM_RELATIVE_VOLUME,False,,,,,,,,,,,,,,BELOW_MINIMUM_RELATIVE_VOLUME,False,,,,,,,,,,,,,
orb_v1.0,2024-03-25,643,MAC,BBG001S7HGB5,0.35194012517807827,14,LONG,False,BELOW_MINIMUM_RELATIVE_VOLUME,False,False,False,False,14893.0,42316.857142857145,1870395.0714285714,0.5206999999999998,17.04,17.05,17.04,17.045,True,BELOW_MINIMUM_RELATIVE_VOLUME,False,,,,,,,,,,,,,,BELOW_MINIMUM_RELATIVE_VOLUME,False,,,,,,,,,,,,,,BELOW_MINIMUM_RELATIVE_VOLUME,False,,,,,,,,,,,,,
orb_v1.0,2024-03-25,644,MTB,BBG001S7S2B4,0.3518023214596452,14,LONG,False,BELOW_MINIMUM_RELATIVE_VOLUME,True,False,False,False,7798.0,22165.85714285714,1340118.9285714286,3.655707142857143,142.54,143.01,142.54,142.75,True,BELOW_MINIMUM_RELATIVE_VOLUME,False,,,,,,,,,,,,,,BELOW_MINIMUM_RELATIVE_VOLUME,False,,,,,,,,,,,,,,BELOW_MINIMUM_RELATIVE_VOLUME,False,,,,,,,,,,,,,
orb_v1.0,2024-03-25,645,BL,BBG0029KJVD8,0.35162056416477305,14,LONG,False,BELOW_MINIMUM_RELATIVE_VOLUME,False,False,False,False,5880.0,16722.571428571428,2026970.5,2.1978571428571425,62.99,63.18,62.83,63.16,True,BELOW_MINIMUM_RELATIVE_VOLUME,False,,,,,,,,,,,,,,BELOW_MINIMUM_RELATIVE_VOLUME,False,,,,,,,,,,,,,,BELOW_MINIMUM_RELATIVE_VOLUME,False,,,,,,,,,,,,,
orb_v1.0,2024-03-25,646,MGNX,BBG001S9C8R7,0.3516036572199331,14,SHORT,False,BELOW_MINIMUM_RELATIVE_VOLUME,False,False,False,False,16981.0,48295.857142857145,2017333.857142857,1.4074999999999993,14.46,14.46,14.2,14.405,True,BELOW_MINIMUM_RELATIVE_VOLUME,False,,,,,,,,,,,,,,BELOW_MINIMUM_RELATIVE_VOLUME,False,,,,,,,,,,,,,,BELOW_MINIMUM_RELATIVE_VOLUME,False,,,,,,,,,,,,,
orb_v1.0,2024-03-25,647,GNTX,BBG001S5RMR8,0.3513082595450275,14,LONG,False,BELOW_MINIMUM_RELATIVE_VOLUME,False,False,False,False,12339.0,35123.0,1423054.2142857143,0.5660642857142862,36.15,36.325,36.15,36.325,False,BELOW_MINIMUM_RELATIVE_VOLUME,False,,,,,,,,,,,,,,BELOW_MINIMUM_RELATIVE_VOLUME,False,,,,,,,,,,,,,,BELOW_MINIMUM_RELATIVE_VOLUME,False,,,,,,,,,,,,,
orb_v1.0,2024-03-25,648,MAR,BBG001S78K44,0.35012743805231356,14,SHORT,False,BELOW_MINIMUM_RELATIVE_VOLUME,True,False,False,False,20331.0,58067.42857142857,1576421.0,4.008085714285711,255.31,255.67,254.19,254.19,True,BELOW_MINIMUM_RELATIVE_VOLUME,False,,,,,,,,,,,,,,BELOW_MINIMUM_RELATIVE_VOLUME,False,,,,,,,,,,,,,,BELOW_MINIMUM_RELATIVE_VOLUME,False,,,,,,,,,,,,,
orb_v1.0,2024-03-25,649,FLNC,BBG012QSDTD2,0.34978120414085273,14,LONG,False,BELOW_MINIMUM_RELATIVE_VOLUME,False,False,False,False,26338.0,75298.5,2205148.5714285714,0.8650000000000002,15.7,15.91,15.6054,15.775,True,BELOW_MINIMUM_RELATIVE_VOLUME,False,,,,,,,,,,,,,,BELOW_MINIMUM_RELATIVE_VOLUME,False,,,,,,,,,,,,,,BELOW_MINIMUM_RELATIVE_VOLUME,False,,,,,,,,,,,,,
orb_v1.0,2024-03-25,650,COST,BBG001S9KRQ7,0.3486970720511461,14,SHORT,False,BELOW_MINIMUM_RELATIVE_VOLUME,True,False,False,False,52274.0,149912.35714285713,2909042.5714285714,15.836707142857124,731.0,733.0656,730.4,730.94,True,BELOW_MINIMUM_RELATIVE_VOLUME,False,,,,,,,,,,,,,,BELOW_MINIMUM_RELATIVE_VOLUME,False,,,,,,,,,,,,,,BELOW_MINIMUM_RELATIVE_VOLUME,False,,,,,,,,,,,,,
orb_v1.0,2024-03-25,651,SYY,BBG001S5WJS8,0.34834893589853166,14,SHORT,False,BELOW_MINIMUM_RELATIVE_VOLUME,True,False,False,False,24163.0,69364.35714285714,2634236.8571428573,0.9353499999999997,81.75,81.97,81.53,81.62,True,BELOW_MINIMUM_RELATIVE_VOLUME,False,,,,,,,,,,,,,,BELOW_MINIMUM_RELATIVE_VOLUME,False,,,,,,,,,,,,,,BELOW_MINIMUM_RELATIVE_VOLUME,False,,,,,,,,,,,,,
orb_v1.0,2024-03-25,652,WEC,BBG001S5XDC7,0.3471302650699534,14,SHORT,False,BELOW_MINIMUM_RELATIVE_VOLUME,True,False,False,False,23376.0,67340.71428571429,1933198.4285714286,1.320357142857144,80.18,80.46,80.05,80.09,True,BELOW_MINIMUM_RELATIVE_VOLUME,False,,,,,,,,,,,,,,BELOW_MINIMUM_RELATIVE_VOLUME,False,,,,,,,,,,,,,,BELOW_MINIMUM_RELATIVE_VOLUME,False,,,,,,,,,,,,,
orb_v1.0,2024-03-25,653,HOOD,BBG008NMBXP6,0.3467196578998877,14,LONG,False,BELOW_MINIMUM_RELATIVE_VOLUME,True,False,False,False,292028.0,842259.7142857143,17240820.64285714,1.0314142857142858,18.4,18.58,18.37,18.58,True,BELOW_MINIMUM_RELATIVE_VOLUME,False,,,,,,,,,,,,,,BELOW_MINIMUM_RELATIVE_VOLUME,False,,,,,,,,,,,,,,BELOW_MINIMUM_RELATIVE_VOLUME,False,,,,,,,,,,,,,
orb_v1.0,2024-03-25,654,LYB,0001489393,0.3462341443942268,14,LONG,False,BELOW_MINIMUM_RELATIVE_VOLUME,True,False,False,False,20197.0,58333.357142857145,2621391.8571428573,1.8519928571428557,101.05,101.31,100.925,101.18,False,BELOW_MINIMUM_RELATIVE_VOLUME,False,,,,,,,,,,,,,,BELOW_MINIMUM_RELATIVE_VOLUME,False,,,,,,,,,,,,,,BELOW_MINIMUM_RELATIVE_VOLUME,False,,,,,,,,,,,,,
orb_v1.0,2024-03-25,655,AIG,BBG001S5NJG1,0.3447119485587863,14,LONG,False,BELOW_MINIMUM_RELATIVE_VOLUME,True,False,False,False,32820.0,95209.92857142857,4251538.142857143,1.1611642857142843,76.49,76.625,76.36,76.625,True,BELOW_MINIMUM_RELATIVE_VOLUME,False,,,,,,,,,,,,,,BELOW_MINIMUM_RELATIVE_VOLUME,False,,,,,,,,,,,,,,BELOW_MINIMUM_RELATIVE_VOLUME,False,,,,,,,,,,,,,
orb_v1.0,2024-03-25,656,TGTX,BBG001S8NH06,0.34399647315541726,14,LONG,False,BELOW_MINIMUM_RELATIVE_VOLUME,False,False,False,False,37677.0,109527.28571428571,3027582.8571428573,0.7966999999999999,15.46,15.76,15.4,15.7,True,BELOW_MINIMUM_RELATIVE_VOLUME,False,,,,,,,,,,,,,,BELOW_MINIMUM_RELATIVE_VOLUME,False,,,,,,,,,,,,,,BELOW_MINIMUM_RELATIVE_VOLUME,False,,,,,,,,,,,,,
orb_v1.0,2024-03-25,657,LRCX,BBG001S5SW40,0.34263418462361217,14,LONG,False,BELOW_MINIMUM_RELATIVE_VOLUME,True,False,False,False,15468.0,45144.357142857145,1159172.2857142857,28.199385714285704,962.28,967.39,962.28,965.69,True,BELOW_MINIMUM_RELATIVE_VOLUME,False,,,,,,,,,,,,,,BELOW_MINIMUM_RELATIVE_VOLUME,False,,,,,,,,,,,,,,BELOW_MINIMUM_RELATIVE_VOLUME,False,,,,,,,,,,,,,
orb_v1.0,2024-03-25,658,CMI,BBG001S5Q9M3,0.34243801005511804,14,LONG,False,BELOW_MINIMUM_RELATIVE_VOLUME,True,False,False,False,17174.0,50152.142857142855,9387335.5,7.802500000000005,290.68,291.24,290.49,291.24,True,BELOW_MINIMUM_RELATIVE_VOLUME,False,,,,,,,,,,,,,,BELOW_MINIMUM_RELATIVE_VOLUME,False,,,,,,,,,,,,,,BELOW_MINIMUM_RELATIVE_VOLUME,False,,,,,,,,,,,,,
orb_v1.0,2024-03-25,659,RGNX,BBG007Z9V5C7,0.3423621558743699,14,LONG,False,BELOW_MINIMUM_RELATIVE_VOLUME,False,False,False,False,15767.0,46053.57142857143,1079717.7857142857,1.858485714285715,21.81,22.25,21.81,22.25,False,BELOW_MINIMUM_RELATIVE_VOLUME,False,,,,,,,,,,,,,,BELOW_MINIMUM_RELATIVE_VOLUME,False,,,,,,,,,,,,,,BELOW_MINIMUM_RELATIVE_VOLUME,False,,,,,,,,,,,,,
orb_v1.0,2024-03-25,660,PHIN,BBG01F6N6NP4,0.342255515754263,14,LONG,False,BELOW_MINIMUM_RELATIVE_VOLUME,False,False,False,False,3815.0,11146.642857142857,1376855.7142857143,1.370828571428571,37.56,37.605,37.42,37.605,True,BELOW_MINIMUM_RELATIVE_VOLUME,False,,,,,,,,,,,,,,BELOW_MINIMUM_RELATIVE_VOLUME,False,,,,,,,,,,,,,,BELOW_MINIMUM_RELATIVE_VOLUME,False,,,,,,,,,,,,,
orb_v1.0,2024-03-25,661,EQR,BBG001S723L9,0.3406491949852603,14,LONG,False,BELOW_MINIMUM_RELATIVE_VOLUME,True,False,False,False,21031.0,61738.0,1832210.642857143,1.1171428571428577,62.26,62.38,62.26,62.36,True,BELOW_MINIMUM_RELATIVE_VOLUME,False,,,,,,,,,,,,,,BELOW_MINIMUM_RELATIVE_VOLUME,False,,,,,,,,,,,,,,BELOW_MINIMUM_RELATIVE_VOLUME,False,,,,,,,,,,,,,
orb_v1.0,2024-03-25,662,CARG,BBG00HQ77DT1,0.3384941210837654,14,LONG,False,BELOW_MINIMUM_RELATIVE_VOLUME,False,False,False,False,9270.0,27386.0,1733910.142857143,0.7035714285714284,23.18,23.32,23.18,23.32,True,BELOW_MINIMUM_RELATIVE_VOLUME,False,,,,,,,,,,,,,,BELOW_MINIMUM_RELATIVE_VOLUME,False,,,,,,,,,,,,,,BELOW_MINIMUM_RELATIVE_VOLUME,False,,,,,,,,,,,,,
orb_v1.0,2024-03-25,663,GTES,0001718512,0.33795120996963407,14,LONG,False,BELOW_MINIMUM_RELATIVE_VOLUME,False,False,False,False,21718.0,64263.71428571428,4918046.642857143,0.5128571428571433,17.62,17.68,17.62,17.645,True,BELOW_MINIMUM_RELATIVE_VOLUME,False,,,,,,,,,,,,,,BELOW_MINIMUM_RELATIVE_VOLUME,False,,,,,,,,,,,,,,BELOW_MINIMUM_RELATIVE_VOLUME,False,,,,,,,,,,,,,
orb_v1.0,2024-03-25,664,SHLS,BBG00YQ82328,0.33774424063162556,14,LONG,False,BELOW_MINIMUM_RELATIVE_VOLUME,False,False,False,False,26785.0,79305.57142857143,3241617.785714286,0.5799285714285716,12.1,12.18,12.03,12.15,True,BELOW_MINIMUM_RELATIVE_VOLUME,False,,,,,,,,,,,,,,BELOW_MINIMUM_RELATIVE_VOLUME,False,,,,,,,,,,,,,,BELOW_MINIMUM_RELATIVE_VOLUME,False,,,,,,,,,,,,,
orb_v1.0,2024-03-25,665,CF,BBG001SJ8KV8,0.337721737433915,14,SHORT,False,BELOW_MINIMUM_RELATIVE_VOLUME,True,False,False,False,23987.0,71025.92857142857,3679862.785714286,2.143571428571428,84.09,84.4,84.04,84.04,True,BELOW_MINIMUM_RELATIVE_VOLUME,False,,,,,,,,,,,,,,BELOW_MINIMUM_RELATIVE_VOLUME,False,,,,,,,,,,,,,,BELOW_MINIMUM_RELATIVE_VOLUME,False,,,,,,,,,,,,,
orb_v1.0,2024-03-25,666,JCI,0000833444,0.33556947496409417,14,LONG,False,BELOW_MINIMUM_RELATIVE_VOLUME,True,False,False,False,35898.0,106976.35714285714,5467946.142857143,0.8354785714285724,63.83,63.9752,63.78,63.95,True,BELOW_MINIMUM_RELATIVE_VOLUME,False,,,,,,,,,,,,,,BELOW_MINIMUM_RELATIVE_VOLUME,False,,,,,,,,,,,,,,BELOW_MINIMUM_RELATIVE_VOLUME,False,,,,,,,,,,,,,
orb_v1.0,2024-03-25,667,JHG,0001274173,0.3349420313973484,14,LONG,False,BELOW_MINIMUM_RELATIVE_VOLUME,False,False,False,False,6038.0,18027.0,1147558.142857143,0.5530500000000007,32.49,32.505,32.4,32.505,True,BELOW_MINIMUM_RELATIVE_VOLUME,False,,,,,,,,,,,,,,BELOW_MINIMUM_RELATIVE_VOLUME,False,,,,,,,,,,,,,,BELOW_MINIMUM_RELATIVE_VOLUME,False,,,,,,,,,,,,,
orb_v1.0,2024-03-25,668,SPG,BBG001S77WM9,0.3338441430163993,14,LONG,False,BELOW_MINIMUM_RELATIVE_VOLUME,True,False,False,False,21583.0,64649.92857142857,1639935.0,3.0653571428571462,152.64,152.77,152.48,152.65,True,BELOW_MINIMUM_RELATIVE_VOLUME,False,,,,,,,,,,,,,,BELOW_MINIMUM_RELATIVE_VOLUME,False,,,,,,,,,,,,,,BELOW_MINIMUM_RELATIVE_VOLUME,False,,,,,,,,,,,,,
orb_v1.0,2024-03-25,669,GXO,BBG00YDGX9Z1,0.33317784406280626,14,LONG,False,BELOW_MINIMUM_RELATIVE_VOLUME,False,False,False,False,5561.0,16690.785714285714,1152500.7142857143,1.1353214285714281,50.49,50.65,50.49,50.65,True,BELOW_MINIMUM_RELATIVE_VOLUME,False,,,,,,,,,,,,,,BELOW_MINIMUM_RELATIVE_VOLUME,False,,,,,,,,,,,,,,BELOW_MINIMUM_RELATIVE_VOLUME,False,,,,,,,,,,,,,
orb_v1.0,2024-03-25,670,GL,BBG001S5WRX4,0.33236892017873787,14,LONG,False,BELOW_MINIMUM_RELATIVE_VOLUME,False,False,False,False,5908.0,17775.428571428572,1087213.2857142857,2.884900000000002,115.47,115.98,115.47,115.8546,True,BELOW_MINIMUM_RELATIVE_VOLUME,False,,,,,,,,,,,,,,BELOW_MINIMUM_RELATIVE_VOLUME,False,,,,,,,,,,,,,,BELOW_MINIMUM_RELATIVE_VOLUME,False,,,,,,,,,,,,,
orb_v1.0,2024-03-25,671,IP,BBG001S5SBF4,0.33172310208775124,14,LONG,False,BELOW_MINIMUM_RELATIVE_VOLUME,False,False,False,False,52091.0,157031.57142857142,5331512.285714285,1.0570714285714284,39.63,39.915,39.63,39.915,True,BELOW_MINIMUM_RELATIVE_VOLUME,False,,,,,,,,,,,,,,BELOW_MINIMUM_RELATIVE_VOLUME,False,,,,,,,,,,,,,,BELOW_MINIMUM_RELATIVE_VOLUME,False,,,,,,,,,,,,,
orb_v1.0,2024-03-25,672,COLD,BBG001SMQ866,0.33164641710808734,14,SHORT,False,BELOW_MINIMUM_RELATIVE_VOLUME,False,False,False,False,10827.0,32646.214285714286,2531667.785714286,0.5634857142857143,24.88,24.94,24.85,24.87,True,BELOW_MINIMUM_RELATIVE_VOLUME,False,,,,,,,,,,,,,,BELOW_MINIMUM_RELATIVE_VOLUME,False,,,,,,,,,,,,,,BELOW_MINIMUM_RELATIVE_VOLUME,False,,,,,,,,,,,,,
orb_v1.0,2024-03-25,673,DOV,BBG001S5QL46,0.33158503239067005,14,LONG,False,BELOW_MINIMUM_RELATIVE_VOLUME,True,False,False,False,6453.0,19461.071428571428,1064665.642857143,2.9910785714285675,176.42,177.57,176.42,177.055,True,BELOW_MINIMUM_RELATIVE_VOLUME,False,,,,,,,,,,,,,,BELOW_MINIMUM_RELATIVE_VOLUME,False,,,,,,,,,,,,,,BELOW_MINIMUM_RELATIVE_VOLUME,False,,,,,,,,,,,,,
orb_v1.0,2024-03-25,674,HON,BBG001S5X1N1,0.3309085602103506,14,SHORT,False,BELOW_MINIMUM_RELATIVE_VOLUME,True,False,False,False,48749.0,147318.64285714287,3035328.5714285714,3.0628499999999974,200.38,200.71,199.735,200.112,True,BELOW_MINIMUM_RELATIVE_VOLUME,False,,,,,,,,,,,,,,BELOW_MINIMUM_RELATIVE_VOLUME,False,,,,,,,,,,,,,,BELOW_MINIMUM_RELATIVE_VOLUME,False,,,,,,,,,,,,,
orb_v1.0,2024-03-25,675,KBR,BBG001SP11V3,0.32856810244470314,14,SHORT,False,BELOW_MINIMUM_RELATIVE_VOLUME,False,False,False,False,6048.0,18407.14285714286,1262085.9285714286,0.9777000000000002,61.52,61.56,61.44,61.47,True,BELOW_MINIMUM_RELATIVE_VOLUME,False,,,,,,,,,,,,,,BELOW_MINIMUM_RELATIVE_VOLUME,False,,,,,,,,,,,,,,BELOW_MINIMUM_RELATIVE_VOLUME,False,,,,,,,,,,,,,
orb_v1.0,2024-03-25,676,TSN,BBG001S871D5,0.32822467591790444,14,LONG,False,BELOW_MINIMUM_RELATIVE_VOLUME,True,False,False,False,20838.0,63487.0,3799060.4285714286,0.943285714285714,58.225,58.26,58.06,58.25,True,BELOW_MINIMUM_RELATIVE_VOLUME,False,,,,,,,,,,,,,,BELOW_MINIMUM_RELATIVE_VOLUME,False,,,,,,,,,,,,,,BELOW_MINIMUM_RELATIVE_VOLUME,False,,,,,,,,,,,,,
orb_v1.0,2024-03-25,677,ZBH,BBG001S7DQJ9,0.3277709676143778,14,SHORT,False,BELOW_MINIMUM_RELATIVE_VOLUME,True,False,False,False,8289.0,25289.0,1181981.2142857143,1.7437285714285713,127.92,127.97,127.63,127.76,True,BELOW_MINIMUM_RELATIVE_VOLUME,False,,,,,,,,,,,,,,BELOW_MINIMUM_RELATIVE_VOLUME,False,,,,,,,,,,,,,,BELOW_MINIMUM_RELATIVE_VOLUME,False,,,,,,,,,,,,,
orb_v1.0,2024-03-25,678,LITE,BBG0073F9RS8,0.32682299597333603,14,SHORT,False,BELOW_MINIMUM_RELATIVE_VOLUME,False,False,False,False,6899.0,21109.285714285714,1320610.7857142857,1.7753499999999995,50.62,50.72,50.1,50.22,True,BELOW_MINIMUM_RELATIVE_VOLUME,False,,,,,,,,,,,,,,BELOW_MINIMUM_RELATIVE_VOLUME,False,,,,,,,,,,,,,,BELOW_MINIMUM_RELATIVE_VOLUME,False,,,,,,,,,,,,,
orb_v1.0,2024-03-25,679,CYTK,BBG001SGMVF2,0.3267965800043291,14,LONG,False,BELOW_MINIMUM_RELATIVE_VOLUME,False,False,False,False,15529.0,47518.857142857145,3405272.714285714,3.2549500000000005,67.75,68.5,67.375,68.5,True,BELOW_MINIMUM_RELATIVE_VOLUME,False,,,,,,,,,,,,,,BELOW_MINIMUM_RELATIVE_VOLUME,False,,,,,,,,,,,,,,BELOW_MINIMUM_RELATIVE_VOLUME,False,,,,,,,,,,,,,
orb_v1.0,2024-03-25,680,LMND,BBG00BM5YC14,0.32598442492627655,14,LONG,False,BELOW_MINIMUM_RELATIVE_VOLUME,False,False,False,False,22685.0,69589.21428571429,1733434.857142857,0.9263928571428577,16.12,16.42,16.12,16.4005,True,BELOW_MINIMUM_RELATIVE_VOLUME,False,,,,,,,,,,,,,,BELOW_MINIMUM_RELATIVE_VOLUME,False,,,,,,,,,,,,,,BELOW_MINIMUM_RELATIVE_VOLUME,False,,,,,,,,,,,,,
orb_v1.0,2024-03-25,681,ETNB,BBG00QKDZ985,0.32525136522370923,14,LONG,False,BELOW_MINIMUM_RELATIVE_VOLUME,False,False,False,False,11895.0,36571.71428571428,1538168.857142857,0.9164285714285716,11.48,11.76,11.48,11.71,False,BELOW_MINIMUM_RELATIVE_VOLUME,False,,,,,,,,,,,,,,BELOW_MINIMUM_RELATIVE_VOLUME,False,,,,,,,,,,,,,,BELOW_MINIMUM_RELATIVE_VOLUME,False,,,,,,,,,,,,,
orb_v1.0,2024-03-25,682,VNO,BBG001S5X909,0.3247628035646104,14,LONG,False,BELOW_MINIMUM_RELATIVE_VOLUME,False,False,False,False,16100.0,49574.642857142855,2068515.2857142857,1.1087785714285716,27.65,27.73,27.65,27.73,True,BELOW_MINIMUM_RELATIVE_VOLUME,False,,,,,,,,,,,,,,BELOW_MINIMUM_RELATIVE_VOLUME,False,,,,,,,,,,,,,,BELOW_MINIMUM_RELATIVE_VOLUME,False,,,,,,,,,,,,,
orb_v1.0,2024-03-25,683,AMAT,BBG001S5NMM7,0.3243275298517095,14,LONG,False,BELOW_MINIMUM_RELATIVE_VOLUME,True,False,False,False,92974.0,286667.0,5906088.428571428,5.595314285714283,207.63,208.81,207.35,208.446,True,BELOW_MINIMUM_RELATIVE_VOLUME,False,,,,,,,,,,,,,,BELOW_MINIMUM_RELATIVE_VOLUME,False,,,,,,,,,,,,,,BELOW_MINIMUM_RELATIVE_VOLUME,False,,,,,,,,,,,,,
orb_v1.0,2024-03-25,684,RXRX,BBG00PQ4XJ54,0.3240578063891052,14,LONG,False,BELOW_MINIMUM_RELATIVE_VOLUME,False,False,False,False,110853.0,342077.85714285716,6969811.357142857,0.9989071428571429,10.51,10.8119,10.49,10.745,True,BELOW_MINIMUM_RELATIVE_VOLUME,False,,,,,,,,,,,,,,BELOW_MINIMUM_RELATIVE_VOLUME,False,,,,,,,,,,,,,,BELOW_MINIMUM_RELATIVE_VOLUME,False,,,,,,,,,,,,,
orb_v1.0,2024-03-25,685,ADP,BBG001S82KF6,0.3234296620114253,14,SHORT,False,BELOW_MINIMUM_RELATIVE_VOLUME,True,False,False,False,25081.0,77547.0,2649633.3571428573,3.244642857142858,247.42,247.745,247.26,247.3,True,BELOW_MINIMUM_RELATIVE_VOLUME,False,,,,,,,,,,,,,,BELOW_MINIMUM_RELATIVE_VOLUME,False,,,,,,,,,,,,,,BELOW_MINIMUM_RELATIVE_VOLUME,False,,,,,,,,,,,,,
orb_v1.0,2024-03-25,686,NE,0001895262,0.32247519653285917,14,LONG,False,BELOW_MINIMUM_RELATIVE_VOLUME,False,False,False,False,11852.0,36753.21428571428,1161712.9285714286,1.1910714285714283,47.63,47.79,47.63,47.79,True,BELOW_MINIMUM_RELATIVE_VOLUME,False,,,,,,,,,,,,,,BELOW_MINIMUM_RELATIVE_VOLUME,False,,,,,,,,,,,,,,BELOW_MINIMUM_RELATIVE_VOLUME,False,,,,,,,,,,,,,
orb_v1.0,2024-03-25,687,NXT,BBG00835TQ17,0.32130032240688844,14,SHORT,False,BELOW_MINIMUM_RELATIVE_VOLUME,False,False,False,False,23519.0,73199.42857142857,3495953.6428571427,2.190835714285715,58.83,58.93,58.5,58.5,True,BELOW_MINIMUM_RELATIVE_VOLUME,False,,,,,,,,,,,,,,BELOW_MINIMUM_RELATIVE_VOLUME,False,,,,,,,,,,,,,,BELOW_MINIMUM_RELATIVE_VOLUME,False,,,,,,,,,,,,,
orb_v1.0,2024-03-25,688,THC,BBG001S70FY0,0.3208651330870257,14,LONG,False,BELOW_MINIMUM_RELATIVE_VOLUME,False,False,False,False,5949.0,18540.5,1426022.0,2.797464285714285,102.15,102.5,102.115,102.46,True,BELOW_MINIMUM_RELATIVE_VOLUME,False,,,,,,,,,,,,,,BELOW_MINIMUM_RELATIVE_VOLUME,False,,,,,,,,,,,,,,BELOW_MINIMUM_RELATIVE_VOLUME,False,,,,,,,,,,,,,
orb_v1.0,2024-03-25,689,TAP,BBG001S5VQ21,0.31891690473233136,14,LONG,False,BELOW_MINIMUM_RELATIVE_VOLUME,False,False,False,False,12838.0,40255.0,1833556.4285714286,1.2521428571428583,67.4,67.52,67.375,67.52,True,BELOW_MINIMUM_RELATIVE_VOLUME,False,,,,,,,,,,,,,,BELOW_MINIMUM_RELATIVE_VOLUME,False,,,,,,,,,,,,,,BELOW_MINIMUM_RELATIVE_VOLUME,False,,,,,,,,,,,,,
orb_v1.0,2024-03-25,690,PATH,BBG00GKS1G12,0.31671878980322926,14,LONG,False,BELOW_MINIMUM_RELATIVE_VOLUME,False,False,False,False,168467.0,531913.5,12233760.42857143,1.1104999999999998,22.9,23.0999,22.821,23.0999,True,BELOW_MINIMUM_RELATIVE_VOLUME,False,,,,,,,,,,,,,,BELOW_MINIMUM_RELATIVE_VOLUME,False,,,,,,,,,,,,,,BELOW_MINIMUM_RELATIVE_VOLUME,False,,,,,,,,,,,,,
orb_v1.0,2024-03-25,691,PNR,0000077360,0.3161371295379437,14,LONG,False,BELOW_MINIMUM_RELATIVE_VOLUME,False,False,False,False,11083.0,35057.57142857143,1810101.2857142857,1.6335499999999996,83.94,84.175,83.94,84.07,True,BELOW_MINIMUM_RELATIVE_VOLUME,False,,,,,,,,,,,,,,BELOW_MINIMUM_RELATIVE_VOLUME,False,,,,,,,,,,,,,,BELOW_MINIMUM_RELATIVE_VOLUME,False,,,,,,,,,,,,,
orb_v1.0,2024-03-25,692,UBS,0001610520,0.3159772922277445,14,SHORT,False,BELOW_MINIMUM_RELATIVE_VOLUME,True,False,False,False,75415.0,238672.2142857143,3471953.1428571427,0.5550000000000003,31.25,31.27,31.22,31.245,False,BELOW_MINIMUM_RELATIVE_VOLUME,False,,,,,,,,,,,,,,BELOW_MINIMUM_RELATIVE_VOLUME,False,,,,,,,,,,,,,,BELOW_MINIMUM_RELATIVE_VOLUME,False,,,,,,,,,,,,,
orb_v1.0,2024-03-25,693,CCI,BBG001S7W5T3,0.31564850295297614,14,LONG,False,BELOW_MINIMUM_RELATIVE_VOLUME,True,False,False,False,27307.0,86510.78571428571,2491429.5,2.2107071428571428,102.87,103.18,102.7,102.89,True,BELOW_MINIMUM_RELATIVE_VOLUME,False,,,,,,,,,,,,,,BELOW_MINIMUM_RELATIVE_VOLUME,False,,,,,,,,,,,,,,BELOW_MINIMUM_RELATIVE_VOLUME,False,,,,,,,,,,,,,
orb_v1.0,2024-03-25,694,KSS,BBG001S71NV5,0.3153878233704646,14,LONG,False,BELOW_MINIMUM_RELATIVE_VOLUME,False,False,False,False,56017.0,177613.07142857142,6874998.071428572,1.2748214285714285,26.62,26.94,26.58,26.845,True,BELOW_MINIMUM_RELATIVE_VOLUME,False,,,,,,,,,,,,,,BELOW_MINIMUM_RELATIVE_VOLUME,False,,,,,,,,,,,,,,BELOW_MINIMUM_RELATIVE_VOLUME,False,,,,,,,,,,,,,
orb_v1.0,2024-03-25,695,HSY,BBG001S5S148,0.3152452680924306,14,LONG,False,BELOW_MINIMUM_RELATIVE_VOLUME,True,False,False,False,21063.0,66814.64285714286,2923298.6428571427,4.693135714285717,197.9,198.33,197.7,197.92,False,BELOW_MINIMUM_RELATIVE_VOLUME,False,,,,,,,,,,,,,,BELOW_MINIMUM_RELATIVE_VOLUME,False,,,,,,,,,,,,,,BELOW_MINIMUM_RELATIVE_VOLUME,False,,,,,,,,,,,,,
orb_v1.0,2024-03-25,696,TROW,BBG001S5WW18,0.3143719727080172,14,LONG,False,BELOW_MINIMUM_RELATIVE_VOLUME,True,False,False,False,9870.0,31395.928571428572,1423471.2142857143,2.1660714285714278,118.49,118.77,118.36,118.77,True,BELOW_MINIMUM_RELATIVE_VOLUME,False,,,,,,,,,,,,,,BELOW_MINIMUM_RELATIVE_VOLUME,False,,,,,,,,,,,,,,BELOW_MINIMUM_RELATIVE_VOLUME,False,,,,,,,,,,,,,
orb_v1.0,2024-03-25,697,PBF,BBG002832HM6,0.3141351193512379,14,LONG,False,BELOW_MINIMUM_RELATIVE_VOLUME,False,False,False,False,21247.0,67636.5,2395713.5714285714,2.384642857142857,56.89,57.52,56.89,57.255,False,BELOW_MINIMUM_RELATIVE_VOLUME,False,,,,,,,,,,,,,,BELOW_MINIMUM_RELATIVE_VOLUME,False,,,,,,,,,,,,,,BELOW_MINIMUM_RELATIVE_VOLUME,False,,,,,,,,,,,,,
orb_v1.0,2024-03-25,698,VERV,BBG00P33TD13,0.3138496504240185,14,LONG,False,BELOW_MINIMUM_RELATIVE_VOLUME,False,False,False,False,7378.0,23508.071428571428,1176388.0,0.9088499999999999,13.04,13.2265,13.04,13.2265,True,BELOW_MINIMUM_RELATIVE_VOLUME,False,,,,,,,,,,,,,,BELOW_MINIMUM_RELATIVE_VOLUME,False,,,,,,,,,,,,,,BELOW_MINIMUM_RELATIVE_VOLUME,False,,,,,,,,,,,,,
orb_v1.0,2024-03-25,699,NYT,BBG001S90X31,0.31350409984761624,14,SHORT,False,BELOW_MINIMUM_RELATIVE_VOLUME,False,False,False,False,6172.0,19687.14285714286,1318044.2857142857,0.7207142857142864,43.78,43.855,43.7,43.7,True,BELOW_MINIMUM_RELATIVE_VOLUME,False,,,,,,,,,,,,,,BELOW_MINIMUM_RELATIVE_VOLUME,False,,,,,,,,,,,,,,BELOW_MINIMUM_RELATIVE_VOLUME,False,,,,,,,,,,,,,
orb_v1.0,2024-03-25,700,IRM,BBG001SCQ2X1,0.3112997450214634,14,SHORT,False,BELOW_MINIMUM_RELATIVE_VOLUME,True,False,False,False,19290.0,61966.0,1461733.7857142857,1.515178571428572,79.6,79.81,79.4475,79.52,True,BELOW_MINIMUM_RELATIVE_VOLUME,False,,,,,,,,,,,,,,BELOW_MINIMUM_RELATIVE_VOLUME,False,,,,,,,,,,,,,,BELOW_MINIMUM_RELATIVE_VOLUME,False,,,,,,,,,,,,,
orb_v1.0,2024-03-25,701,OI,BBG00R2JZG48,0.31041857266894707,14,LONG,False,BELOW_MINIMUM_RELATIVE_VOLUME,False,False,False,False,11415.0,36772.92857142857,1417519.5714285714,0.5849928571428571,15.45,15.51,15.45,15.478,True,BELOW_MINIMUM_RELATIVE_VOLUME,False,,,,,,,,,,,,,,BELOW_MINIMUM_RELATIVE_VOLUME,False,,,,,,,,,,,,,,BELOW_MINIMUM_RELATIVE_VOLUME,False,,,,,,,,,,,,,
orb_v1.0,2024-03-25,702,AAOI,BBG001SG47G4,0.3096025882489426,14,LONG,False,BELOW_MINIMUM_RELATIVE_VOLUME,False,False,False,False,37362.0,120677.28571428571,2011320.9285714286,0.9247000000000002,14.74,14.85,14.6801,14.83,True,BELOW_MINIMUM_RELATIVE_VOLUME,False,,,,,,,,,,,,,,BELOW_MINIMUM_RELATIVE_VOLUME,False,,,,,,,,,,,,,,BELOW_MINIMUM_RELATIVE_VOLUME,False,,,,,,,,,,,,,
orb_v1.0,2024-03-25,703,WAL,BBG001SLM522,0.3089370233820259,14,LONG,False,BELOW_MINIMUM_RELATIVE_VOLUME,False,False,False,False,10588.0,34272.357142857145,1438641.0714285714,2.7536571428571426,62.03,62.68,62.03,62.68,True,BELOW_MINIMUM_RELATIVE_VOLUME,False,,,,,,,,,,,,,,BELOW_MINIMUM_RELATIVE_VOLUME,False,,,,,,,,,,,,,,BELOW_MINIMUM_RELATIVE_VOLUME,False,,,,,,,,,,,,,
orb_v1.0,2024-03-25,704,DT,BBG00PNN7CW9,0.30759838276611784,14,SHORT,False,BELOW_MINIMUM_RELATIVE_VOLUME,False,False,False,False,24688.0,80260.5,4681153.857142857,1.1739071428571433,46.05,46.15,45.92,46.03,True,BELOW_MINIMUM_RELATIVE_VOLUME,False,,,,,,,,,,,,,,BELOW_MINIMUM_RELATIVE_VOLUME,False,,,,,,,,,,,,,,BELOW_MINIMUM_RELATIVE_VOLUME,False,,,,,,,,,,,,,
orb_v1.0,2024-03-25,705,VOYA,BBG001S6QQP0,0.30759792973240185,14,LONG,False,BELOW_MINIMUM_RELATIVE_VOLUME,False,False,False,False,3689.0,11992.92857142857,1255458.0714285714,1.3182142857142847,71.12,71.395,71.12,71.375,True,BELOW_MINIMUM_RELATIVE_VOLUME,False,,,,,,,,,,,,,,BELOW_MINIMUM_RELATIVE_VOLUME,False,,,,,,,,,,,,,,BELOW_MINIMUM_RELATIVE_VOLUME,False,,,,,,,,,,,,,
orb_v1.0,2024-03-25,706,BIIB,BBG001S67826,0.3075947091849142,14,SHORT,False,BELOW_MINIMUM_RELATIVE_VOLUME,True,False,False,False,10390.0,33778.21428571428,1344303.5714285714,4.927828571428573,217.77,218.04,217.26,217.615,True,BELOW_MINIMUM_RELATIVE_VOLUME,False,,,,,,,,,,,,,,BELOW_MINIMUM_RELATIVE_VOLUME,False,,,,,,,,,,,,,,BELOW_MINIMUM_RELATIVE_VOLUME,False,,,,,,,,,,,,,
orb_v1.0,2024-03-25,707,DLR,BBG001SM0K30,0.30611354933070095,14,LONG,False,BELOW_MINIMUM_RELATIVE_VOLUME,True,False,False,False,21109.0,68958.07142857143,2035123.142857143,3.6964285714285694,138.36,138.71,138.14,138.445,True,BELOW_MINIMUM_RELATIVE_VOLUME,False,,,,,,,,,,,,,,BELOW_MINIMUM_RELATIVE_VOLUME,False,,,,,,,,,,,,,,BELOW_MINIMUM_RELATIVE_VOLUME,False,,,,,,,,,,,,,
orb_v1.0,2024-03-25,708,CDLX,BBG00225ZDF8,0.305117411266802,14,LONG,False,BELOW_MINIMUM_RELATIVE_VOLUME,False,False,False,True,42474.0,139205.42857142858,2701368.3571428573,1.3784714285714286,16.0,16.4,16.0,16.3538,True,BELOW_MINIMUM_RELATIVE_VOLUME,False,,,,,,,,,,,,,,BELOW_MINIMUM_RELATIVE_VOLUME,False,,,,,,,,,,,,,,BELOW_MINIMUM_RELATIVE_VOLUME,False,,,,,,,,,,,,,
orb_v1.0,2024-03-25,709,HALO,BBG001SGX585,0.3043574451946056,14,LONG,False,BELOW_MINIMUM_RELATIVE_VOLUME,False,False,False,False,8942.0,29379.928571428572,1038966.2142857143,1.1075000000000006,40.0,40.44,40.0,40.32,True,BELOW_MINIMUM_RELATIVE_VOLUME,False,,,,,,,,,,,,,,BELOW_MINIMUM_RELATIVE_VOLUME,False,,,,,,,,,,,,,,BELOW_MINIMUM_RELATIVE_VOLUME,False,,,,,,,,,,,,,
orb_v1.0,2024-03-25,710,EMR,BBG001S5QVT7,0.3040640293922646,14,LONG,False,BELOW_MINIMUM_RELATIVE_VOLUME,True,False,False,False,26436.0,86942.21428571429,2592022.285714286,1.3697642857142844,112.33,112.67,112.3,112.575,True,BELOW_MINIMUM_RELATIVE_VOLUME,False,,,,,,,,,,,,,,BELOW_MINIMUM_RELATIVE_VOLUME,False,,,,,,,,,,,,,,BELOW_MINIMUM_RELATIVE_VOLUME,False,,,,,,,,,,,,,
orb_v1.0,2024-03-25,711,ZIM,0001654126,0.3033928507400832,14,LONG,False,BELOW_MINIMUM_RELATIVE_VOLUME,False,False,False,False,77967.0,256983.64285714287,5883380.714285715,0.5955285714285713,9.55,9.615,9.53,9.59,True,BELOW_MINIMUM_RELATIVE_VOLUME,False,,,,,,,,,,,,,,BELOW_MINIMUM_RELATIVE_VOLUME,False,,,,,,,,,,,,,,BELOW_MINIMUM_RELATIVE_VOLUME,False,,,,,,,,,,,,,
orb_v1.0,2024-03-25,712,ASLE,BBG00R28X851,0.30102757032960864,14,LONG,False,BELOW_MINIMUM_RELATIVE_VOLUME,False,False,False,False,10722.0,35618.0,1079624.0,0.5705285714285714,7.39,7.5117,7.38,7.5117,False,BELOW_MINIMUM_RELATIVE_VOLUME,False,,,,,,,,,,,,,,BELOW_MINIMUM_RELATIVE_VOLUME,False,,,,,,,,,,,,,,BELOW_MINIMUM_RELATIVE_VOLUME,False,,,,,,,,,,,,,
orb_v1.0,2024-03-25,713,CTVA,BBG00BN969D0,0.30099901161461995,14,SHORT,False,BELOW_MINIMUM_RELATIVE_VOLUME,True,False,False,False,29540.0,98139.85714285714,3748885.3571428573,0.8773928571428564,55.28,55.36,55.2,55.2,True,BELOW_MINIMUM_RELATIVE_VOLUME,False,,,,,,,,,,,,,,BELOW_MINIMUM_RELATIVE_VOLUME,False,,,,,,,,,,,,,,BELOW_MINIMUM_RELATIVE_VOLUME,False,,,,,,,,,,,,,
orb_v1.0,2024-03-25,714,EQH,BBG00J7CBWL8,0.29948572870501017,14,LONG,False,BELOW_MINIMUM_RELATIVE_VOLUME,False,False,False,False,12038.0,40195.57142857143,3135712.4285714286,0.6877142857142863,36.41,36.53,36.41,36.49,True,BELOW_MINIMUM_RELATIVE_VOLUME,False,,,,,,,,,,,,,,BELOW_MINIMUM_RELATIVE_VOLUME,False,,,,,,,,,,,,,,BELOW_MINIMUM_RELATIVE_VOLUME,False,,,,,,,,,,,,,
orb_v1.0,2024-03-25,715,NFE,BBG00MJH9M32,0.2983870606721252,14,LONG,False,BELOW_MINIMUM_RELATIVE_VOLUME,False,False,False,False,9522.0,31911.571428571428,1530915.0,1.1899857142857146,30.41,30.5499,30.35,30.5,True,BELOW_MINIMUM_RELATIVE_VOLUME,False,,,,,,,,,,,,,,BELOW_MINIMUM_RELATIVE_VOLUME,False,,,,,,,,,,,,,,BELOW_MINIMUM_RELATIVE_VOLUME,False,,,,,,,,,,,,,
orb_v1.0,2024-03-25,716,NOG,BBG001SK2P31,0.2982484572359474,14,LONG,False,BELOW_MINIMUM_RELATIVE_VOLUME,False,False,False,False,15117.0,50685.92857142857,1163173.642857143,0.7396357142857148,39.37,39.68,39.26,39.665,True,BELOW_MINIMUM_RELATIVE_VOLUME,False,,,,,,,,,,,,,,BELOW_MINIMUM_RELATIVE_VOLUME,False,,,,,,,,,,,,,,BELOW_MINIMUM_RELATIVE_VOLUME,False,,,,,,,,,,,,,
orb_v1.0,2024-03-25,717,UGI,BBG001S5X0W3,0.2977045271176046,14,LONG,False,BELOW_MINIMUM_RELATIVE_VOLUME,False,False,False,False,13626.0,45770.21428571428,2033694.4285714286,0.627892857142857,24.13,24.24,24.115,24.24,True,BELOW_MINIMUM_RELATIVE_VOLUME,False,,,,,,,,,,,,,,BELOW_MINIMUM_RELATIVE_VOLUME,False,,,,,,,,,,,,,,BELOW_MINIMUM_RELATIVE_VOLUME,False,,,,,,,,,,,,,
orb_v1.0,2024-03-25,718,SHOO,BBG001S7JHQ5,0.2974068850567344,14,LONG,False,BELOW_MINIMUM_RELATIVE_VOLUME,False,False,False,False,5302.0,17827.428571428572,1342299.642857143,0.961428571428573,41.47,41.59,41.26,41.59,True,BELOW_MINIMUM_RELATIVE_VOLUME,False,,,,,,,,,,,,,,BELOW_MINIMUM_RELATIVE_VOLUME,False,,,,,,,,,,,,,,BELOW_MINIMUM_RELATIVE_VOLUME,False,,,,,,,,,,,,,
orb_v1.0,2024-03-25,719,PCAR,BBG001S5V1S8,0.29592532226996593,14,SHORT,False,BELOW_MINIMUM_RELATIVE_VOLUME,True,False,False,False,34951.0,118107.5,2677336.1428571427,2.2859071428571434,123.88,124.225,123.77,123.82,True,BELOW_MINIMUM_RELATIVE_VOLUME,False,,,,,,,,,,,,,,BELOW_MINIMUM_RELATIVE_VOLUME,False,,,,,,,,,,,,,,BELOW_MINIMUM_RELATIVE_VOLUME,False,,,,,,,,,,,,,
orb_v1.0,2024-03-25,720,PD,BBG0043BYPD6,0.29493989578248503,14,LONG,False,BELOW_MINIMUM_RELATIVE_VOLUME,False,False,False,False,8761.0,29704.35714285714,1498387.4285714286,1.0499785714285716,22.3,22.54,22.3,22.47,True,BELOW_MINIMUM_RELATIVE_VOLUME,False,,,,,,,,,,,,,,BELOW_MINIMUM_RELATIVE_VOLUME,False,,,,,,,,,,,,,,BELOW_MINIMUM_RELATIVE_VOLUME,False,,,,,,,,,,,,,
orb_v1.0,2024-03-25,721,NEE,BBG001S5RB29,0.29418753457199937,14,SHORT,False,BELOW_MINIMUM_RELATIVE_VOLUME,True,False,False,False,217370.0,738882.4285714285,14821743.0,1.5453357142857134,62.0,62.16,61.87,61.935,True,BELOW_MINIMUM_RELATIVE_VOLUME,False,,,,,,,,,,,,,,BELOW_MINIMUM_RELATIVE_VOLUME,False,,,,,,,,,,,,,,BELOW_MINIMUM_RELATIVE_VOLUME,False,,,,,,,,,,,,,
orb_v1.0,2024-03-25,722,HES,BBG001S5NHS2,0.2936495897400538,14,LONG,False,BELOW_MINIMUM_RELATIVE_VOLUME,True,False,False,False,18252.0,62155.71428571428,3026698.8571428573,2.58545714285714,150.51,151.25,150.3,151.2001,True,BELOW_MINIMUM_RELATIVE_VOLUME,False,,,,,,,,,,,,,,BELOW_MINIMUM_RELATIVE_VOLUME,False,,,,,,,,,,,,,,BELOW_MINIMUM_RELATIVE_VOLUME,False,,,,,,,,,,,,,
orb_v1.0,2024-03-25,723,ADSK,BBG001S5SCD4,0.29215179084069776,14,SHORT,False,BELOW_MINIMUM_RELATIVE_VOLUME,True,False,False,False,14102.0,48269.42857142857,1358002.2857142857,6.225342857142853,260.59,260.59,259.89,260.06,True,BELOW_MINIMUM_RELATIVE_VOLUME,False,,,,,,,,,,,,,,BELOW_MINIMUM_RELATIVE_VOLUME,False,,,,,,,,,,,,,,BELOW_MINIMUM_RELATIVE_VOLUME,False,,,,,,,,,,,,,
orb_v1.0,2024-03-25,724,FUSN,BBG00V9VQ4K4,0.2902708335898096,14,LONG,False,BELOW_MINIMUM_RELATIVE_VOLUME,False,False,False,False,77472.0,266895.5714285714,5180757.571428572,1.305842857142857,21.24,21.32,21.22,21.2875,True,BELOW_MINIMUM_RELATIVE_VOLUME,False,,,,,,,,,,,,,,BELOW_MINIMUM_RELATIVE_VOLUME,False,,,,,,,,,,,,,,BELOW_MINIMUM_RELATIVE_VOLUME,False,,,,,,,,,,,,,
orb_v1.0,2024-03-25,725,ALB,BBG001S7SBP9,0.28984681510038146,14,LONG,False,BELOW_MINIMUM_RELATIVE_VOLUME,False,False,False,False,64680.0,223152.35714285713,5012874.142857143,7.501557142857143,120.58,121.9,120.24,120.99,True,BELOW_MINIMUM_RELATIVE_VOLUME,False,,,,,,,,,,,,,,BELOW_MINIMUM_RELATIVE_VOLUME,False,,,,,,,,,,,,,,BELOW_MINIMUM_RELATIVE_VOLUME,False,,,,,,,,,,,,,
orb_v1.0,2024-03-25,726,GLPI,BBG003MSMCT5,0.289105649735228,14,LONG,False,BELOW_MINIMUM_RELATIVE_VOLUME,False,False,False,False,12514.0,43285.21428571428,1474716.857142857,0.6784785714285714,45.35,45.45,45.27,45.45,True,BELOW_MINIMUM_RELATIVE_VOLUME,False,,,,,,,,,,,,,,BELOW_MINIMUM_RELATIVE_VOLUME,False,,,,,,,,,,,,,,BELOW_MINIMUM_RELATIVE_VOLUME,False,,,,,,,,,,,,,
orb_v1.0,2024-03-25,727,MS,BBG001S9V5Z3,0.2866519782620059,14,LONG,False,BELOW_MINIMUM_RELATIVE_VOLUME,True,False,False,False,90487.0,315668.5,10929495.142857144,2.135021428571428,91.77,92.2,91.72,92.09,True,BELOW_MINIMUM_RELATIVE_VOLUME,False,,,,,,,,,,,,,,BELOW_MINIMUM_RELATIVE_VOLUME,False,,,,,,,,,,,,,,BELOW_MINIMUM_RELATIVE_VOLUME,False,,,,,,,,,,,,,
orb_v1.0,2024-03-25,728,FLR,BBG001S5Q738,0.2825384018364894,14,LONG,False,BELOW_MINIMUM_RELATIVE_VOLUME,False,False,False,False,9855.0,34880.21428571428,1534711.642857143,1.1007142857142864,41.25,41.33,41.225,41.28,True,BELOW_MINIMUM_RELATIVE_VOLUME,False,,,,,,,,,,,,,,BELOW_MINIMUM_RELATIVE_VOLUME,False,,,,,,,,,,,,,,BELOW_MINIMUM_RELATIVE_VOLUME,False,,,,,,,,,,,,,
orb_v1.0,2024-03-25,729,VTYX,BBG00VC84K47,0.282157824712642,14,LONG,False,BELOW_MINIMUM_RELATIVE_VOLUME,False,False,False,False,34947.0,123856.21428571429,2647840.714285714,1.0066642857142858,6.7,6.845,6.5,6.845,True,BELOW_MINIMUM_RELATIVE_VOLUME,False,,,,,,,,,,,,,,BELOW_MINIMUM_RELATIVE_VOLUME,False,,,,,,,,,,,,,,BELOW_MINIMUM_RELATIVE_VOLUME,False,,,,,,,,,,,,,
orb_v1.0,2024-03-25,730,ZS,BBG003338H61,0.2810655114081136,14,SHORT,False,BELOW_MINIMUM_RELATIVE_VOLUME,True,False,False,False,31058.0,110500.92857142857,2501679.0,7.186199999999998,194.84,194.84,193.2,194.24,True,BELOW_MINIMUM_RELATIVE_VOLUME,False,,,,,,,,,,,,,,BELOW_MINIMUM_RELATIVE_VOLUME,False,,,,,,,,,,,,,,BELOW_MINIMUM_RELATIVE_VOLUME,False,,,,,,,,,,,,,
orb_v1.0,2024-03-25,731,WH,BBG00HCY3Q76,0.2804620165967127,14,LONG,False,BELOW_MINIMUM_RELATIVE_VOLUME,False,False,False,False,2501.0,8917.42857142857,1020718.5,1.7324999999999977,76.24,76.4,75.96,76.4,True,BELOW_MINIMUM_RELATIVE_VOLUME,False,,,,,,,,,,,,,,BELOW_MINIMUM_RELATIVE_VOLUME,False,,,,,,,,,,,,,,BELOW_MINIMUM_RELATIVE_VOLUME,False,,,,,,,,,,,,,
orb_v1.0,2024-03-25,732,COLB,BBG001S72GJ3,0.28014793908547964,14,LONG,False,BELOW_MINIMUM_RELATIVE_VOLUME,False,False,False,False,17952.0,64080.42857142857,4164981.4285714286,0.611071428571428,18.33,18.46,18.33,18.45,True,BELOW_MINIMUM_RELATIVE_VOLUME,False,,,,,,,,,,,,,,BELOW_MINIMUM_RELATIVE_VOLUME,False,,,,,,,,,,,,,,BELOW_MINIMUM_RELATIVE_VOLUME,False,,,,,,,,,,,,,
orb_v1.0,2024-03-25,733,HCP,BBG007PZ2T94,0.28006567431510104,14,LONG,False,BELOW_MINIMUM_RELATIVE_VOLUME,False,False,False,False,41280.0,147394.0,3724796.1428571427,1.3610714285714278,27.0,27.31,27.0,27.25,True,BELOW_MINIMUM_RELATIVE_VOLUME,False,,,,,,,,,,,,,,BELOW_MINIMUM_RELATIVE_VOLUME,False,,,,,,,,,,,,,,BELOW_MINIMUM_RELATIVE_VOLUME,False,,,,,,,,,,,,,
orb_v1.0,2024-03-25,734,UNFI,BBG001S7B0Y1,0.2795958832971391,14,LONG,False,BELOW_MINIMUM_RELATIVE_VOLUME,False,False,False,False,7403.0,26477.5,1088322.0714285714,0.7442714285714286,11.81,11.89,11.81,11.87,True,BELOW_MINIMUM_RELATIVE_VOLUME,False,,,,,,,,,,,,,,BELOW_MINIMUM_RELATIVE_VOLUME,False,,,,,,,,,,,,,,BELOW_MINIMUM_RELATIVE_VOLUME,False,,,,,,,,,,,,,
orb_v1.0,2024-03-25,735,SWKS,BBG001SCYWS2,0.2791307857911733,14,LONG,False,BELOW_MINIMUM_RELATIVE_VOLUME,True,False,False,False,16596.0,59456.0,3479059.5,3.1656571428571447,104.46,105.02,104.1345,105.02,True,BELOW_MINIMUM_RELATIVE_VOLUME,False,,,,,,,,,,,,,,BELOW_MINIMUM_RELATIVE_VOLUME,False,,,,,,,,,,,,,,BELOW_MINIMUM_RELATIVE_VOLUME,False,,,,,,,,,,,,,
orb_v1.0,2024-03-25,736,BMEA,BBG00YS4WDD8,0.2779763108803632,14,LONG,False,BELOW_MINIMUM_RELATIVE_VOLUME,False,False,False,False,12368.0,44493.0,1562963.2857142857,1.5478500000000002,15.77,16.07,15.77,15.9647,True,BELOW_MINIMUM_RELATIVE_VOLUME,False,,,,,,,,,,,,,,BELOW_MINIMUM_RELATIVE_VOLUME,False,,,,,,,,,,,,,,BELOW_MINIMUM_RELATIVE_VOLUME,False,,,,,,,,,,,,,
orb_v1.0,2024-03-25,737,HCC,BBG00GD1JNK4,0.2774229859554491,14,LONG,False,BELOW_MINIMUM_RELATIVE_VOLUME,False,False,False,False,6091.0,21955.64285714286,1040413.1428571428,2.1534142857142875,56.89,57.42,56.89,57.21,True,BELOW_MINIMUM_RELATIVE_VOLUME,False,,,,,,,,,,,,,,BELOW_MINIMUM_RELATIVE_VOLUME,False,,,,,,,,,,,,,,BELOW_MINIMUM_RELATIVE_VOLUME,False,,,,,,,,,,,,,
orb_v1.0,2024-03-25,738,DUK,BBG001S5QNR7,0.2766576288662995,14,LONG,False,BELOW_MINIMUM_RELATIVE_VOLUME,True,False,False,False,50902.0,183989.14285714287,3132431.714285714,1.326349999999999,94.88,95.11,94.8,94.98,True,BELOW_MINIMUM_RELATIVE_VOLUME,False,,,,,,,,,,,,,,BELOW_MINIMUM_RELATIVE_VOLUME,False,,,,,,,,,,,,,,BELOW_MINIMUM_RELATIVE_VOLUME,False,,,,,,,,,,,,,
orb_v1.0,2024-03-25,739,FTRE,BBG01GZF9W47,0.2760185480939741,14,SHORT,False,BELOW_MINIMUM_RELATIVE_VOLUME,False,False,False,False,3580.0,12970.142857142857,1056204.2857142857,1.6148642857142856,38.96,39.05,38.81,38.83,True,BELOW_MINIMUM_RELATIVE_VOLUME,False,,,,,,,,,,,,,,BELOW_MINIMUM_RELATIVE_VOLUME,False,,,,,,,,,,,,,,BELOW_MINIMUM_RELATIVE_VOLUME,False,,,,,,,,,,,,,
orb_v1.0,2024-03-25,740,PNC,BBG001S5V947,0.2755762221466755,14,LONG,False,BELOW_MINIMUM_RELATIVE_VOLUME,True,False,False,False,18702.0,67865.07142857143,2454672.9285714286,3.9764285714285728,156.16,156.465,155.47,156.44,True,BELOW_MINIMUM_RELATIVE_VOLUME,False,,,,,,,,,,,,,,BELOW_MINIMUM_RELATIVE_VOLUME,False,,,,,,,,,,,,,,BELOW_MINIMUM_RELATIVE_VOLUME,False,,,,,,,,,,,,,
orb_v1.0,2024-03-25,741,EIX,BBG001S7MY75,0.27537267942741733,14,SHORT,False,BELOW_MINIMUM_RELATIVE_VOLUME,True,False,False,False,22039.0,80033.35714285714,1587715.857142857,1.1493000000000018,69.82,69.82,69.56,69.67,True,BELOW_MINIMUM_RELATIVE_VOLUME,False,,,,,,,,,,,,,,BELOW_MINIMUM_RELATIVE_VOLUME,False,,,,,,,,,,,,,,BELOW_MINIMUM_RELATIVE_VOLUME,False,,,,,,,,,,,,,
orb_v1.0,2024-03-25,742,ORCL,BBG001S5SJG6,0.27468506829936407,14,SHORT,False,BELOW_MINIMUM_RELATIVE_VOLUME,True,False,False,False,226669.0,825195.9285714285,14279641.57142857,3.837507142857145,127.67,127.67,126.56,127.019,True,BELOW_MINIMUM_RELATIVE_VOLUME,False,,,,,,,,,,,,,,BELOW_MINIMUM_RELATIVE_VOLUME,False,,,,,,,,,,,,,,BELOW_MINIMUM_RELATIVE_VOLUME,False,,,,,,,,,,,,,
orb_v1.0,2024-03-25,743,ALKS,0001520262,0.27380605014690806,14,SHORT,False,BELOW_MINIMUM_RELATIVE_VOLUME,False,False,False,False,12534.0,45776.92857142857,2375133.5714285714,0.7605571428571422,27.37,27.385,27.22,27.22,False,BELOW_MINIMUM_RELATIVE_VOLUME,False,,,,,,,,,,,,,,BELOW_MINIMUM_RELATIVE_VOLUME,False,,,,,,,,,,,,,,BELOW_MINIMUM_RELATIVE_VOLUME,False,,,,,,,,,,,,,
orb_v1.0,2024-03-25,744,AWK,BBG001SPHYW3,0.27294393603277367,14,LONG,False,BELOW_MINIMUM_RELATIVE_VOLUME,True,False,False,False,19150.0,70160.92857142857,1680963.4285714286,2.281785714285713,117.89,118.38,117.89,118.33,True,BELOW_MINIMUM_RELATIVE_VOLUME,False,,,,,,,,,,,,,,BELOW_MINIMUM_RELATIVE_VOLUME,False,,,,,,,,,,,,,,BELOW_MINIMUM_RELATIVE_VOLUME,False,,,,,,,,,,,,,
orb_v1.0,2024-03-25,745,AEE,BBG001S5NF24,0.2721728823893269,14,SHORT,False,BELOW_MINIMUM_RELATIVE_VOLUME,True,False,False,False,15369.0,56467.78571428572,1688408.7857142857,1.2096428571428584,71.99,72.02,71.77,71.885,True,BELOW_MINIMUM_RELATIVE_VOLUME,False,,,,,,,,,,,,,,BELOW_MINIMUM_RELATIVE_VOLUME,False,,,,,,,,,,,,,,BELOW_MINIMUM_RELATIVE_VOLUME,False,,,,,,,,,,,,,
orb_v1.0,2024-03-25,746,AEO,BBG001S7Q949,0.2690143280392443,14,SHORT,False,BELOW_MINIMUM_RELATIVE_VOLUME,False,False,False,False,49453.0,183830.35714285713,6543675.0,1.0836785714285713,25.5,25.56,25.36,25.36,True,BELOW_MINIMUM_RELATIVE_VOLUME,False,,,,,,,,,,,,,,BELOW_MINIMUM_RELATIVE_VOLUME,False,,,,,,,,,,,,,,BELOW_MINIMUM_RELATIVE_VOLUME,False,,,,,,,,,,,,,
orb_v1.0,2024-03-25,747,BURL,BBG004S641P3,0.26878589975607836,14,LONG,False,BELOW_MINIMUM_RELATIVE_VOLUME,False,False,False,False,6832.0,25418.0,1070983.0,6.9138928571428595,226.29,227.25,226.29,226.7849,True,BELOW_MINIMUM_RELATIVE_VOLUME,False,,,,,,,,,,,,,,BELOW_MINIMUM_RELATIVE_VOLUME,False,,,,,,,,,,,,,,BELOW_MINIMUM_RELATIVE_VOLUME,False,,,,,,,,,,,,,
orb_v1.0,2024-03-25,748,PNW,BBG001S5VB15,0.2684100056356028,14,SHORT,False,BELOW_MINIMUM_RELATIVE_VOLUME,False,False,False,False,8641.0,32193.285714285714,1342905.5714285714,1.3834642857142836,73.39,73.485,73.29,73.315,True,BELOW_MINIMUM_RELATIVE_VOLUME,False,,,,,,,,,,,,,,BELOW_MINIMUM_RELATIVE_VOLUME,False,,,,,,,,,,,,,,BELOW_MINIMUM_RELATIVE_VOLUME,False,,,,,,,,,,,,,
orb_v1.0,2024-03-25,749,ALPN,BBG001V0G8Y0,0.26718474254582897,14,LONG,False,BELOW_MINIMUM_RELATIVE_VOLUME,False,False,False,False,7451.0,27887.071428571428,1480596.5714285714,2.402492857142858,39.3,39.55,39.05,39.55,True,BELOW_MINIMUM_RELATIVE_VOLUME,False,,,,,,,,,,,,,,BELOW_MINIMUM_RELATIVE_VOLUME,False,,,,,,,,,,,,,,BELOW_MINIMUM_RELATIVE_VOLUME,False,,,,,,,,,,,,,
orb_v1.0,2024-03-25,750,MNMD,BBG001TCSL84,0.2670343956523777,14,LONG,False,BELOW_MINIMUM_RELATIVE_VOLUME,False,False,False,False,61856.0,231640.57142857142,5644438.857142857,1.3389928571428569,9.87,9.98,9.8341,9.9704,True,BELOW_MINIMUM_RELATIVE_VOLUME,False,,,,,,,,,,,,,,BELOW_MINIMUM_RELATIVE_VOLUME,False,,,,,,,,,,,,,,BELOW_MINIMUM_RELATIVE_VOLUME,False,,,,,,,,,,,,,
orb_v1.0,2024-03-25,751,AEM,BBG001S77MK3,0.2661556046604233,14,LONG,False,BELOW_MINIMUM_RELATIVE_VOLUME,True,False,False,False,36857.0,138479.14285714287,3382855.0,1.3088071428571422,56.05,56.37,55.98,56.37,True,BELOW_MINIMUM_RELATIVE_VOLUME,False,,,,,,,,,,,,,,BELOW_MINIMUM_RELATIVE_VOLUME,False,,,,,,,,,,,,,,BELOW_MINIMUM_RELATIVE_VOLUME,False,,,,,,,,,,,,,
orb_v1.0,2024-03-25,752,ADI,BBG001S5ND38,0.26569002675386444,14,LONG,False,BELOW_MINIMUM_RELATIVE_VOLUME,True,False,False,False,28601.0,107648.0,3809042.1428571427,4.826428571428571,190.81,192.11,190.72,191.91,False,BELOW_MINIMUM_RELATIVE_VOLUME,False,,,,,,,,,,,,,,BELOW_MINIMUM_RELATIVE_VOLUME,False,,,,,,,,,,,,,,BELOW_MINIMUM_RELATIVE_VOLUME,False,,,,,,,,,,,,,
orb_v1.0,2024-03-25,753,TNDM,BBG001TG5QC4,0.2631175897703903,14,LONG,False,BELOW_MINIMUM_RELATIVE_VOLUME,False,False,False,False,16075.0,61094.357142857145,2637546.9285714286,2.0175071428571427,30.62,31.0861,30.54,31.075,True,BELOW_MINIMUM_RELATIVE_VOLUME,False,,,,,,,,,,,,,,BELOW_MINIMUM_RELATIVE_VOLUME,False,,,,,,,,,,,,,,BELOW_MINIMUM_RELATIVE_VOLUME,False,,,,,,,,,,,,,
orb_v1.0,2024-03-25,754,XRAY,BBG001S5XLV8,0.262660634933344,14,LONG,False,BELOW_MINIMUM_RELATIVE_VOLUME,False,False,False,False,6561.0,24979.0,2613130.285714286,0.613585714285713,32.86,32.94,32.86,32.89,True,BELOW_MINIMUM_RELATIVE_VOLUME,False,,,,,,,,,,,,,,BELOW_MINIMUM_RELATIVE_VOLUME,False,,,,,,,,,,,,,,BELOW_MINIMUM_RELATIVE_VOLUME,False,,,,,,,,,,,,,
orb_v1.0,2024-03-25,755,MLKN,BBG001S5T771,0.2620312697506353,14,LONG,False,BELOW_MINIMUM_RELATIVE_VOLUME,False,False,False,False,4294.0,16387.35714285714,1441114.0714285714,0.9550071428571426,29.58,30.0135,29.58,30.0135,True,BELOW_MINIMUM_RELATIVE_VOLUME,False,,,,,,,,,,,,,,BELOW_MINIMUM_RELATIVE_VOLUME,False,,,,,,,,,,,,,,BELOW_MINIMUM_RELATIVE_VOLUME,False,,,,,,,,,,,,,
orb_v1.0,2024-03-25,756,AIRC,BBG00XK3WWB0,0.2605175918972875,14,LONG,False,BELOW_MINIMUM_RELATIVE_VOLUME,False,False,False,False,6096.0,23399.571428571428,1258722.2142857143,0.6042571428571435,31.76,31.8354,31.76,31.8354,True,BELOW_MINIMUM_RELATIVE_VOLUME,False,,,,,,,,,,,,,,BELOW_MINIMUM_RELATIVE_VOLUME,False,,,,,,,,,,,,,,BELOW_MINIMUM_RELATIVE_VOLUME,False,,,,,,,,,,,,,
orb_v1.0,2024-03-25,757,CSGP,BBG001SD3DY9,0.25841351986226985,14,SHORT,False,BELOW_MINIMUM_RELATIVE_VOLUME,True,False,False,False,27007.0,104510.78571428571,2850905.4285714286,2.7764214285714295,96.22,96.46,95.78,96.06,True,BELOW_MINIMUM_RELATIVE_VOLUME,False,,,,,,,,,,,,,,BELOW_MINIMUM_RELATIVE_VOLUME,False,,,,,,,,,,,,,,BELOW_MINIMUM_RELATIVE_VOLUME,False,,,,,,,,,,,,,
orb_v1.0,2024-03-25,758,VNOM,BBG006G57XH9,0.25778953966153634,14,LONG,False,BELOW_MINIMUM_RELATIVE_VOLUME,False,False,False,False,10576.0,41025.71428571428,2040678.7857142857,1.0114285714285722,37.8,38.02,37.795,37.97,True,BELOW_MINIMUM_RELATIVE_VOLUME,False,,,,,,,,,,,,,,BELOW_MINIMUM_RELATIVE_VOLUME,False,,,,,,,,,,,,,,BELOW_MINIMUM_RELATIVE_VOLUME,False,,,,,,,,,,,,,
orb_v1.0,2024-03-25,759,APG,BBG00HVV7984,0.25749797602352076,14,SHORT,False,BELOW_MINIMUM_RELATIVE_VOLUME,False,False,False,False,9928.0,38555.642857142855,1281773.7857142857,0.7742642857142863,39.06,39.11,38.95,38.975,True,BELOW_MINIMUM_RELATIVE_VOLUME,False,,,,,,,,,,,,,,BELOW_MINIMUM_RELATIVE_VOLUME,False,,,,,,,,,,,,,,BELOW_MINIMUM_RELATIVE_VOLUME,False,,,,,,,,,,,,,
orb_v1.0,2024-03-25,760,CIEN,BBG001S61J73,0.25652765180672044,14,LONG,False,BELOW_MINIMUM_RELATIVE_VOLUME,False,False,False,False,32041.0,124902.71428571429,3296038.785714286,2.149235714285715,50.72,51.29,50.72,51.255,True,BELOW_MINIMUM_RELATIVE_VOLUME,False,,,,,,,,,,,,,,BELOW_MINIMUM_RELATIVE_VOLUME,False,,,,,,,,,,,,,,BELOW_MINIMUM_RELATIVE_VOLUME,False,,,,,,,,,,,,,
orb_v1.0,2024-03-25,761,UDR,BBG001S6KCT3,0.2563270866614228,14,SHORT,False,BELOW_MINIMUM_RELATIVE_VOLUME,False,False,False,False,15805.0,61659.5,2609161.4285714286,0.7264285714285715,37.28,37.29,37.21,37.27,True,BELOW_MINIMUM_RELATIVE_VOLUME,False,,,,,,,,,,,,,,BELOW_MINIMUM_RELATIVE_VOLUME,False,,,,,,,,,,,,,,BELOW_MINIMUM_RELATIVE_VOLUME,False,,,,,,,,,,,,,
orb_v1.0,2024-03-25,762,AKRO,BBG00L9211Z7,0.2556074079026543,14,LONG,False,BELOW_MINIMUM_RELATIVE_VOLUME,False,False,False,False,13654.0,53417.857142857145,2173711.6428571427,2.2715500000000004,25.06,25.775,24.945,25.725,True,BELOW_MINIMUM_RELATIVE_VOLUME,False,,,,,,,,,,,,,,BELOW_MINIMUM_RELATIVE_VOLUME,False,,,,,,,,,,,,,,BELOW_MINIMUM_RELATIVE_VOLUME,False,,,,,,,,,,,,,
orb_v1.0,2024-03-25,763,ROST,BBG001S5VRS1,0.25507668112557763,14,SHORT,False,BELOW_MINIMUM_RELATIVE_VOLUME,True,False,False,False,21363.0,83751.28571428571,2612079.6428571427,2.6222857142857157,145.35,145.71,145.11,145.17,True,BELOW_MINIMUM_RELATIVE_VOLUME,False,,,,,,,,,,,,,,BELOW_MINIMUM_RELATIVE_VOLUME,False,,,,,,,,,,,,,,BELOW_MINIMUM_RELATIVE_VOLUME,False,,,,,,,,,,,,,
orb_v1.0,2024-03-25,764,PLD,BBG001S5NMN6,0.251692062387528,14,SHORT,False,BELOW_MINIMUM_RELATIVE_VOLUME,True,False,False,False,39012.0,154998.92857142858,2819379.785714286,2.4271428571428615,128.9,128.935,128.22,128.57,True,BELOW_MINIMUM_RELATIVE_VOLUME,False,,,,,,,,,,,,,,BELOW_MINIMUM_RELATIVE_VOLUME,False,,,,,,,,,,,,,,BELOW_MINIMUM_RELATIVE_VOLUME,False,,,,,,,,,,,,,
orb_v1.0,2024-03-25,765,RDN,BBG001SBWXG7,0.2515186828990107,14,LONG,False,BELOW_MINIMUM_RELATIVE_VOLUME,False,False,False,False,10144.0,40331.0,2277020.5,0.8014999999999995,32.64,32.83,32.63,32.8,True,BELOW_MINIMUM_RELATIVE_VOLUME,False,,,,,,,,,,,,,,BELOW_MINIMUM_RELATIVE_VOLUME,False,,,,,,,,,,,,,,BELOW_MINIMUM_RELATIVE_VOLUME,False,,,,,,,,,,,,,
orb_v1.0,2024-03-25,766,AVGO,BBG00KHY5SY8,0.25134410074685815,14,LONG,False,BELOW_MINIMUM_RELATIVE_VOLUME,True,False,False,False,50800.0,202113.35714285713,4692447.357142857,56.50892857142859,1345.03,1350.0,1341.13,1348.84,True,BELOW_MINIMUM_RELATIVE_VOLUME,False,,,,,,,,,,,,,,BELOW_MINIMUM_RELATIVE_VOLUME,False,,,,,,,,,,,,,,BELOW_MINIMUM_RELATIVE_VOLUME,False,,,,,,,,,,,,,
orb_v1.0,2024-03-25,767,AU,0001973832,0.25124175046186203,14,LONG,False,BELOW_MINIMUM_RELATIVE_VOLUME,False,False,False,False,28821.0,114714.21428571429,2666203.6428571427,0.9091285714285718,21.29,21.53,21.27,21.53,True,BELOW_MINIMUM_RELATIVE_VOLUME,False,,,,,,,,,,,,,,BELOW_MINIMUM_RELATIVE_VOLUME,False,,,,,,,,,,,,,,BELOW_MINIMUM_RELATIVE_VOLUME,False,,,,,,,,,,,,,
orb_v1.0,2024-03-25,768,INTA,BBG002ZHMJ58,0.25103938067248205,14,LONG,False,BELOW_MINIMUM_RELATIVE_VOLUME,False,False,False,False,6504.0,25908.285714285714,1232453.857142857,1.2765785714285716,34.32,34.5,34.32,34.45,True,BELOW_MINIMUM_RELATIVE_VOLUME,False,,,,,,,,,,,,,,BELOW_MINIMUM_RELATIVE_VOLUME,False,,,,,,,,,,,,,,BELOW_MINIMUM_RELATIVE_VOLUME,False,,,,,,,,,,,,,
orb_v1.0,2024-03-25,769,HPE,BBG0078W3NP4,0.250904959231172,14,LONG,False,BELOW_MINIMUM_RELATIVE_VOLUME,True,False,False,False,170730.0,680456.8571428572,24885189.5,0.7614000000000001,17.25,17.28,17.23,17.26,True,BELOW_MINIMUM_RELATIVE_VOLUME,False,,,,,,,,,,,,,,BELOW_MINIMUM_RELATIVE_VOLUME,False,,,,,,,,,,,,,,BELOW_MINIMUM_RELATIVE_VOLUME,False,,,,,,,,,,,,,
orb_v1.0,2024-03-25,770,VRNS,BBG001Y04TP4,0.24948143777714268,14,SHORT,False,BELOW_MINIMUM_RELATIVE_VOLUME,False,False,False,False,5799.0,23244.214285714286,1007236.6428571428,1.4137714285714296,48.0,48.0,47.6601,47.995,True,BELOW_MINIMUM_RELATIVE_VOLUME,False,,,,,,,,,,,,,,BELOW_MINIMUM_RELATIVE_VOLUME,False,,,,,,,,,,,,,,BELOW_MINIMUM_RELATIVE_VOLUME,False,,,,,,,,,,,,,
orb_v1.0,2024-03-25,771,PARR,BBG003C5DLS7,0.249460124683351,14,LONG,False,BELOW_MINIMUM_RELATIVE_VOLUME,False,False,False,False,4959.0,19878.928571428572,1075996.9285714286,1.3698142857142852,39.39,39.69,39.38,39.52,False,BELOW_MINIMUM_RELATIVE_VOLUME,False,,,,,,,,,,,,,,BELOW_MINIMUM_RELATIVE_VOLUME,False,,,,,,,,,,,,,,BELOW_MINIMUM_RELATIVE_VOLUME,False,,,,,,,,,,,,,
orb_v1.0,2024-03-25,772,DLTR,BBG001S6ZGL6,0.24862019042833922,14,SHORT,False,BELOW_MINIMUM_RELATIVE_VOLUME,True,False,False,False,32800.0,131928.14285714287,4579454.928571428,4.32705,126.47,126.63,125.84,126.4,True,BELOW_MINIMUM_RELATIVE_VOLUME,False,,,,,,,,,,,,,,BELOW_MINIMUM_RELATIVE_VOLUME,False,,,,,,,,,,,,,,BELOW_MINIMUM_RELATIVE_VOLUME,False,,,,,,,,,,,,,
orb_v1.0,2024-03-25,773,LNT,BBG001S8ZQ30,0.24752876309357372,14,LONG,False,BELOW_MINIMUM_RELATIVE_VOLUME,False,False,False,False,17983.0,72650.14285714286,2018097.4285714286,0.7729928571428581,48.72,48.87,48.72,48.86,True,BELOW_MINIMUM_RELATIVE_VOLUME,False,,,,,,,,,,,,,,BELOW_MINIMUM_RELATIVE_VOLUME,False,,,,,,,,,,,,,,BELOW_MINIMUM_RELATIVE_VOLUME,False,,,,,,,,,,,,,
orb_v1.0,2024-03-25,774,BRBR,BBG013QNJHW0,0.2465246828121148,14,LONG,False,BELOW_MINIMUM_RELATIVE_VOLUME,False,False,False,False,7428.0,30130.85714285714,1131181.4285714286,1.9161714285714275,61.01,61.49,60.89,61.315,True,BELOW_MINIMUM_RELATIVE_VOLUME,False,,,,,,,,,,,,,,BELOW_MINIMUM_RELATIVE_VOLUME,False,,,,,,,,,,,,,,BELOW_MINIMUM_RELATIVE_VOLUME,False,,,,,,,,,,,,,
orb_v1.0,2024-03-25,775,S,BBG00B6F2F27,0.24504603942623446,14,LONG,False,BELOW_MINIMUM_RELATIVE_VOLUME,False,False,False,False,98826.0,403295.64285714284,9367833.357142856,1.5596357142857138,22.78,22.9,22.62,22.822,True,BELOW_MINIMUM_RELATIVE_VOLUME,False,,,,,,,,,,,,,,BELOW_MINIMUM_RELATIVE_VOLUME,False,,,,,,,,,,,,,,BELOW_MINIMUM_RELATIVE_VOLUME,False,,,,,,,,,,,,,
orb_v1.0,2024-03-25,776,WBS,BBG001S5XCP5,0.24476741295593524,14,DOJI,False,BELOW_MINIMUM_RELATIVE_VOLUME,False,False,False,False,5275.0,21551.071428571428,1081474.9285714286,1.3239285714285707,49.56,49.56,49.56,49.56,False,BELOW_MINIMUM_RELATIVE_VOLUME,False,,,,,,,,,,,,,,BELOW_MINIMUM_RELATIVE_VOLUME,False,,,,,,,,,,,,,,BELOW_MINIMUM_RELATIVE_VOLUME,False,,,,,,,,,,,,,
orb_v1.0,2024-03-25,777,LAZ,BBG001S711C4,0.24423515216516958,14,SHORT,False,BELOW_MINIMUM_RELATIVE_VOLUME,False,False,False,False,6246.0,25573.714285714286,1477273.142857143,1.4056571428571434,40.35,40.35,40.195,40.24,True,BELOW_MINIMUM_RELATIVE_VOLUME,False,,,,,,,,,,,,,,BELOW_MINIMUM_RELATIVE_VOLUME,False,,,,,,,,,,,,,,BELOW_MINIMUM_RELATIVE_VOLUME,False,,,,,,,,,,,,,
orb_v1.0,2024-03-25,778,POR,BBG001S5V4Y5,0.24403631492781663,14,SHORT,False,BELOW_MINIMUM_RELATIVE_VOLUME,False,False,False,False,5856.0,23996.428571428572,1024466.2142857143,0.7657999999999997,40.89,40.9917,40.86,40.86,True,BELOW_MINIMUM_RELATIVE_VOLUME,False,,,,,,,,,,,,,,BELOW_MINIMUM_RELATIVE_VOLUME,False,,,,,,,,,,,,,,BELOW_MINIMUM_RELATIVE_VOLUME,False,,,,,,,,,,,,,
orb_v1.0,2024-03-25,779,ES,BBG001S5TRL1,0.24260232568527315,14,LONG,False,BELOW_MINIMUM_RELATIVE_VOLUME,True,False,False,False,23277.0,95947.14285714286,2772257.4285714286,1.210207142857144,57.89,58.166,57.89,58.13,True,BELOW_MINIMUM_RELATIVE_VOLUME,False,,,,,,,,,,,,,,BELOW_MINIMUM_RELATIVE_VOLUME,False,,,,,,,,,,,,,,BELOW_MINIMUM_RELATIVE_VOLUME,False,,,,,,,,,,,,,
orb_v1.0,2024-03-25,780,RMBS,BBG001S7RF80,0.24232029063188612,14,LONG,False,BELOW_MINIMUM_RELATIVE_VOLUME,False,False,False,False,10172.0,41977.5,1539923.357142857,2.566071428571429,62.55,62.82,62.39,62.75,True,BELOW_MINIMUM_RELATIVE_VOLUME,False,,,,,,,,,,,,,,BELOW_MINIMUM_RELATIVE_VOLUME,False,,,,,,,,,,,,,,BELOW_MINIMUM_RELATIVE_VOLUME,False,,,,,,,,,,,,,
orb_v1.0,2024-03-25,781,JXN,BBG00922Y611,0.24188225997141544,14,LONG,False,BELOW_MINIMUM_RELATIVE_VOLUME,False,False,False,False,5597.0,23139.35714285714,1274261.0,1.869614285714287,64.32,64.69,64.32,64.69,True,BELOW_MINIMUM_RELATIVE_VOLUME,False,,,,,,,,,,,,,,BELOW_MINIMUM_RELATIVE_VOLUME,False,,,,,,,,,,,,,,BELOW_MINIMUM_RELATIVE_VOLUME,False,,,,,,,,,,,,,
orb_v1.0,2024-03-25,782,FIBK,BBG001S9F1B6,0.2410930132761879,14,LONG,False,BELOW_MINIMUM_RELATIVE_VOLUME,False,False,False,False,6461.0,26798.785714285714,1156312.7142857143,0.8624714285714283,26.36,26.51,26.26,26.435,True,BELOW_MINIMUM_RELATIVE_VOLUME,False,,,,,,,,,,,,,,BELOW_MINIMUM_RELATIVE_VOLUME,False,,,,,,,,,,,,,,BELOW_MINIMUM_RELATIVE_VOLUME,False,,,,,,,,,,,,,
orb_v1.0,2024-03-25,783,SMPL,BBG00GVP5JM3,0.24089295756812823,14,LONG,False,BELOW_MINIMUM_RELATIVE_VOLUME,False,False,False,False,4620.0,19178.64285714286,1116014.5714285714,0.9592857142857147,33.49,33.6447,33.485,33.64,False,BELOW_MINIMUM_RELATIVE_VOLUME,False,,,,,,,,,,,,,,BELOW_MINIMUM_RELATIVE_VOLUME,False,,,,,,,,,,,,,,BELOW_MINIMUM_RELATIVE_VOLUME,False,,,,,,,,,,,,,
orb_v1.0,2024-03-25,784,REXR,BBG004MB82S9,0.23915196563931082,14,LONG,False,BELOW_MINIMUM_RELATIVE_VOLUME,False,False,False,False,6968.0,29136.285714285714,1496409.357142857,0.9446428571428578,51.0,51.08,50.93,51.075,True,BELOW_MINIMUM_RELATIVE_VOLUME,False,,,,,,,,,,,,,,BELOW_MINIMUM_RELATIVE_VOLUME,False,,,,,,,,,,,,,,BELOW_MINIMUM_RELATIVE_VOLUME,False,,,,,,,,,,,,,
orb_v1.0,2024-03-25,785,TPH,BBG001TCN6V6,0.23912608492658893,14,LONG,False,BELOW_MINIMUM_RELATIVE_VOLUME,False,False,False,False,5890.0,24631.35714285714,2144086.785714286,1.0700000000000003,36.64,36.8221,36.64,36.755,True,BELOW_MINIMUM_RELATIVE_VOLUME,False,,,,,,,,,,,,,,BELOW_MINIMUM_RELATIVE_VOLUME,False,,,,,,,,,,,,,,BELOW_MINIMUM_RELATIVE_VOLUME,False,,,,,,,,,,,,,
orb_v1.0,2024-03-25,786,ONON,0001858985,0.23905142121968728,14,LONG,False,BELOW_MINIMUM_RELATIVE_VOLUME,False,False,False,False,87940.0,367870.64285714284,8328644.928571428,1.772128571428571,34.81,35.06,34.76,34.83,True,BELOW_MINIMUM_RELATIVE_VOLUME,False,,,,,,,,,,,,,,BELOW_MINIMUM_RELATIVE_VOLUME,False,,,,,,,,,,,,,,BELOW_MINIMUM_RELATIVE_VOLUME,False,,,,,,,,,,,,,
orb_v1.0,2024-03-25,787,CRWD,BBG00BLYKRZ7,0.2388660042014382,14,SHORT,False,BELOW_MINIMUM_RELATIVE_VOLUME,True,False,False,False,87806.0,367595.21428571426,5967466.571428572,16.81839285714285,326.0,326.7915,324.0,324.35,True,BELOW_MINIMUM_RELATIVE_VOLUME,False,,,,,,,,,,,,,,BELOW_MINIMUM_RELATIVE_VOLUME,False,,,,,,,,,,,,,,BELOW_MINIMUM_RELATIVE_VOLUME,False,,,,,,,,,,,,,
orb_v1.0,2024-03-25,788,SNV,BBG001S5S3G1,0.23774198334419208,14,LONG,False,BELOW_MINIMUM_RELATIVE_VOLUME,False,False,False,False,5265.0,22145.85714285714,1638683.5,1.0434785714285708,38.57,38.69,38.57,38.69,True,BELOW_MINIMUM_RELATIVE_VOLUME,False,,,,,,,,,,,,,,BELOW_MINIMUM_RELATIVE_VOLUME,False,,,,,,,,,,,,,,BELOW_MINIMUM_RELATIVE_VOLUME,False,,,,,,,,,,,,,
orb_v1.0,2024-03-25,789,DLO,0001846832,0.23657983348309147,14,LONG,False,BELOW_MINIMUM_RELATIVE_VOLUME,False,False,False,False,12732.0,53816.92857142857,2028130.5,0.863928571428571,15.35,15.43,15.3439,15.43,True,BELOW_MINIMUM_RELATIVE_VOLUME,False,,,,,,,,,,,,,,BELOW_MINIMUM_RELATIVE_VOLUME,False,,,,,,,,,,,,,,BELOW_MINIMUM_RELATIVE_VOLUME,False,,,,,,,,,,,,,
orb_v1.0,2024-03-25,790,CHX,BBG00JH9V005,0.2343892638395818,14,LONG,False,BELOW_MINIMUM_RELATIVE_VOLUME,False,False,False,False,8583.0,36618.57142857143,1220994.5,0.7278571428571432,34.64,34.78,34.64,34.775,True,BELOW_MINIMUM_RELATIVE_VOLUME,False,,,,,,,,,,,,,,BELOW_MINIMUM_RELATIVE_VOLUME,False,,,,,,,,,,,,,,BELOW_MINIMUM_RELATIVE_VOLUME,False,,,,,,,,,,,,,
orb_v1.0,2024-03-25,791,LEN,BBG001S5SRK3,0.23165014940797293,14,LONG,False,BELOW_MINIMUM_RELATIVE_VOLUME,True,False,False,False,15499.0,66906.92857142857,2576253.6428571427,4.432528571428575,166.2,166.9,166.2,166.67,True,BELOW_MINIMUM_RELATIVE_VOLUME,False,,,,,,,,,,,,,,BELOW_MINIMUM_RELATIVE_VOLUME,False,,,,,,,,,,,,,,BELOW_MINIMUM_RELATIVE_VOLUME,False,,,,,,,,,,,,,
orb_v1.0,2024-03-25,792,BANC,BBG001SKZX56,0.23015551197720394,14,LONG,False,BELOW_MINIMUM_RELATIVE_VOLUME,False,False,False,False,11879.0,51612.92857142857,2567280.0,0.5010714285714286,14.71,14.87,14.71,14.85,True,BELOW_MINIMUM_RELATIVE_VOLUME,False,,,,,,,,,,,,,,BELOW_MINIMUM_RELATIVE_VOLUME,False,,,,,,,,,,,,,,BELOW_MINIMUM_RELATIVE_VOLUME,False,,,,,,,,,,,,,
orb_v1.0,2024-03-25,793,TECH,BBG001S66C28,0.22989785410114394,14,SHORT,False,BELOW_MINIMUM_RELATIVE_VOLUME,False,False,False,False,4720.0,20530.85714285714,1169309.2857142857,2.3268928571428567,71.73,71.73,71.58,71.615,True,BELOW_MINIMUM_RELATIVE_VOLUME,False,,,,,,,,,,,,,,BELOW_MINIMUM_RELATIVE_VOLUME,False,,,,,,,,,,,,,,BELOW_MINIMUM_RELATIVE_VOLUME,False,,,,,,,,,,,,,
orb_v1.0,2024-03-25,794,COO,BBG001S5Q1H6,0.2295924070195219,14,LONG,False,BELOW_MINIMUM_RELATIVE_VOLUME,False,False,False,False,6749.0,29395.571428571428,1162233.2142857143,1.746064285714283,100.93,101.0,100.9178,101.0,True,BELOW_MINIMUM_RELATIVE_VOLUME,False,,,,,,,,,,,,,,BELOW_MINIMUM_RELATIVE_VOLUME,False,,,,,,,,,,,,,,BELOW_MINIMUM_RELATIVE_VOLUME,False,,,,,,,,,,,,,
orb_v1.0,2024-03-25,795,FE,BBG001S5R3N4,0.2271237771610338,14,DOJI,False,BELOW_MINIMUM_RELATIVE_VOLUME,True,False,False,False,27041.0,119058.42857142857,2718871.785714286,0.5357142857142853,38.44,38.445,38.24,38.44,False,BELOW_MINIMUM_RELATIVE_VOLUME,False,,,,,,,,,,,,,,BELOW_MINIMUM_RELATIVE_VOLUME,False,,,,,,,,,,,,,,BELOW_MINIMUM_RELATIVE_VOLUME,False,,,,,,,,,,,,,
orb_v1.0,2024-03-25,796,ASB,BBG001S5NVZ3,0.22651684162982633,14,LONG,False,BELOW_MINIMUM_RELATIVE_VOLUME,False,False,False,False,8275.0,36531.5,1397565.4285714286,0.5796428571428578,20.56,20.67,20.56,20.62,True,BELOW_MINIMUM_RELATIVE_VOLUME,False,,,,,,,,,,,,,,BELOW_MINIMUM_RELATIVE_VOLUME,False,,,,,,,,,,,,,,BELOW_MINIMUM_RELATIVE_VOLUME,False,,,,,,,,,,,,,
orb_v1.0,2024-03-25,797,ARHS,BBG012TKHZW7,0.22648673600274513,14,LONG,False,BELOW_MINIMUM_RELATIVE_VOLUME,False,False,False,False,15841.0,69942.28571428571,1906281.0,0.92035,15.07,15.315,15.06,15.315,False,BELOW_MINIMUM_RELATIVE_VOLUME,False,,,,,,,,,,,,,,BELOW_MINIMUM_RELATIVE_VOLUME,False,,,,,,,,,,,,,,BELOW_MINIMUM_RELATIVE_VOLUME,False,,,,,,,,,,,,,
orb_v1.0,2024-03-25,798,OSCR,BBG00YMWFVT4,0.22579555638521454,14,LONG,False,BELOW_MINIMUM_RELATIVE_VOLUME,False,False,False,False,20390.0,90302.92857142857,2925071.4285714286,0.7874999999999999,13.48,13.7799,13.36,13.69,False,BELOW_MINIMUM_RELATIVE_VOLUME,False,,,,,,,,,,,,,,BELOW_MINIMUM_RELATIVE_VOLUME,False,,,,,,,,,,,,,,BELOW_MINIMUM_RELATIVE_VOLUME,False,,,,,,,,,,,,,
orb_v1.0,2024-03-25,799,SUM,BBG006K8P6F9,0.22176076626632243,14,LONG,False,BELOW_MINIMUM_RELATIVE_VOLUME,False,False,False,False,5927.0,26727.0,1207084.857142857,0.9147857142857144,43.36,43.57,43.36,43.48,False,BELOW_MINIMUM_RELATIVE_VOLUME,False,,,,,,,,,,,,,,BELOW_MINIMUM_RELATIVE_VOLUME,False,,,,,,,,,,,,,,BELOW_MINIMUM_RELATIVE_VOLUME,False,,,,,,,,,,,,,
orb_v1.0,2024-03-25,800,TRU,BBG002Q7J607,0.21997525290211672,14,LONG,False,BELOW_MINIMUM_RELATIVE_VOLUME,True,False,False,False,3327.0,15124.42857142857,1399511.0,2.0696428571428567,79.96,80.19,79.755,80.19,False,BELOW_MINIMUM_RELATIVE_VOLUME,False,,,,,,,,,,,,,,BELOW_MINIMUM_RELATIVE_VOLUME,False,,,,,,,,,,,,,,BELOW_MINIMUM_RELATIVE_VOLUME,False,,,,,,,,,,,,,
orb_v1.0,2024-03-25,801,EXC,BBG001SBJMT2,0.21689716341740561,14,LONG,False,BELOW_MINIMUM_RELATIVE_VOLUME,True,False,False,False,65703.0,302922.35714285716,8060100.857142857,0.6110714285714275,36.75,36.84,36.71,36.79,True,BELOW_MINIMUM_RELATIVE_VOLUME,False,,,,,,,,,,,,,,BELOW_MINIMUM_RELATIVE_VOLUME,False,,,,,,,,,,,,,,BELOW_MINIMUM_RELATIVE_VOLUME,False,,,,,,,,,,,,,
orb_v1.0,2024-03-25,802,KURA,BBG008974351,0.2150029139955041,14,LONG,False,BELOW_MINIMUM_RELATIVE_VOLUME,False,False,False,False,6456.0,30027.5,1245862.7142857143,1.2460785714285716,21.45,21.86,21.45,21.76,True,BELOW_MINIMUM_RELATIVE_VOLUME,False,,,,,,,,,,,,,,BELOW_MINIMUM_RELATIVE_VOLUME,False,,,,,,,,,,,,,,BELOW_MINIMUM_RELATIVE_VOLUME,False,,,,,,,,,,,,,
orb_v1.0,2024-03-25,803,WSC,BBG00B0FS9V7,0.21470038619658652,14,DOJI,False,BELOW_MINIMUM_RELATIVE_VOLUME,False,False,False,False,3693.0,17200.714285714286,1615230.2857142857,1.2571428571428567,46.02,46.02,46.02,46.02,False,BELOW_MINIMUM_RELATIVE_VOLUME,False,,,,,,,,,,,,,,BELOW_MINIMUM_RELATIVE_VOLUME,False,,,,,,,,,,,,,,BELOW_MINIMUM_RELATIVE_VOLUME,False,,,,,,,,,,,,,
orb_v1.0,2024-03-25,804,NEOG,BBG001S67B47,0.21402257467831237,14,LONG,False,BELOW_MINIMUM_RELATIVE_VOLUME,False,False,False,False,9868.0,46107.28571428572,1419317.7857142857,0.5289285714285714,15.31,15.38,15.31,15.32,False,BELOW_MINIMUM_RELATIVE_VOLUME,False,,,,,,,,,,,,,,BELOW_MINIMUM_RELATIVE_VOLUME,False,,,,,,,,,,,,,,BELOW_MINIMUM_RELATIVE_VOLUME,False,,,,,,,,,,,,,
orb_v1.0,2024-03-25,805,XEL,BBG001S7F0X8,0.2124239337437442,14,SHORT,False,BELOW_MINIMUM_RELATIVE_VOLUME,True,False,False,False,59954.0,282237.5,8904578.357142856,1.5133142857142856,52.61,52.61,52.39,52.47,True,BELOW_MINIMUM_RELATIVE_VOLUME,False,,,,,,,,,,,,,,BELOW_MINIMUM_RELATIVE_VOLUME,False,,,,,,,,,,,,,,BELOW_MINIMUM_RELATIVE_VOLUME,False,,,,,,,,,,,,,
orb_v1.0,2024-03-25,806,FIHL,0001636639,0.21187068361525374,14,SHORT,False,BELOW_MINIMUM_RELATIVE_VOLUME,False,False,False,False,2268.0,10704.642857142857,1045851.0,0.5218571428571429,18.67,18.685,18.651,18.651,True,BELOW_MINIMUM_RELATIVE_VOLUME,False,,,,,,,,,,,,,,BELOW_MINIMUM_RELATIVE_VOLUME,False,,,,,,,,,,,,,,BELOW_MINIMUM_RELATIVE_VOLUME,False,,,,,,,,,,,,,
orb_v1.0,2024-03-25,807,ILMN,BBG001SF4NY1,0.21107307527481323,14,SHORT,False,BELOW_MINIMUM_RELATIVE_VOLUME,True,False,False,False,8760.0,41502.21428571428,1777679.642857143,5.14707142857143,137.24,137.53,137.18,137.18,True,BELOW_MINIMUM_RELATIVE_VOLUME,False,,,,,,,,,,,,,,BELOW_MINIMUM_RELATIVE_VOLUME,False,,,,,,,,,,,,,,BELOW_MINIMUM_RELATIVE_VOLUME,False,,,,,,,,,,,,,
orb_v1.0,2024-03-25,808,VTR,BBG001S9T7M6,0.20894589762727162,14,SHORT,False,BELOW_MINIMUM_RELATIVE_VOLUME,True,False,False,False,18057.0,86419.5,2646402.214285714,0.8764714285714287,43.68,43.68,43.37,43.42,True,BELOW_MINIMUM_RELATIVE_VOLUME,False,,,,,,,,,,,,,,BELOW_MINIMUM_RELATIVE_VOLUME,False,,,,,,,,,,,,,,BELOW_MINIMUM_RELATIVE_VOLUME,False,,,,,,,,,,,,,
orb_v1.0,2024-03-25,809,OPCH,BBG001S6X756,0.2089191896284537,14,SHORT,False,BELOW_MINIMUM_RELATIVE_VOLUME,False,False,False,False,6317.0,30236.571428571428,1056254.4285714286,0.8109785714285717,32.69,32.69,32.66,32.66,True,BELOW_MINIMUM_RELATIVE_VOLUME,False,,,,,,,,,,,,,,BELOW_MINIMUM_RELATIVE_VOLUME,False,,,,,,,,,,,,,,BELOW_MINIMUM_RELATIVE_VOLUME,False,,,,,,,,,,,,,
orb_v1.0,2024-03-25,810,PGY,0001883085,0.20382864913811727,14,LONG,False,BELOW_MINIMUM_RELATIVE_VOLUME,False,False,False,False,44344.0,217555.2857142857,4925931.571428572,2.5651785714285715,10.17,10.332,10.02,10.24,True,BELOW_MINIMUM_RELATIVE_VOLUME,False,,,,,,,,,,,,,,BELOW_MINIMUM_RELATIVE_VOLUME,False,,,,,,,,,,,,,,BELOW_MINIMUM_RELATIVE_VOLUME,False,,,,,,,,,,,,,
orb_v1.0,2024-03-25,811,GEHC,BBG01BFR8YW0,0.20181135369452433,14,LONG,False,BELOW_MINIMUM_RELATIVE_VOLUME,True,False,False,False,37916.0,187878.42857142858,4268482.714285715,1.9092857142857145,89.81,90.1,89.81,89.875,False,BELOW_MINIMUM_RELATIVE_VOLUME,False,,,,,,,,,,,,,,BELOW_MINIMUM_RELATIVE_VOLUME,False,,,,,,,,,,,,,,BELOW_MINIMUM_RELATIVE_VOLUME,False,,,,,,,,,,,,,
orb_v1.0,2024-03-25,812,CWAN,BBG012C765M3,0.20067992488082054,14,LONG,False,BELOW_MINIMUM_RELATIVE_VOLUME,False,False,False,False,7442.0,37083.92857142857,2057523.9285714286,0.5253500000000001,17.36,17.37,17.31,17.37,True,BELOW_MINIMUM_RELATIVE_VOLUME,False,,,,,,,,,,,,,,BELOW_MINIMUM_RELATIVE_VOLUME,False,,,,,,,,,,,,,,BELOW_MINIMUM_RELATIVE_VOLUME,False,,,,,,,,,,,,,
orb_v1.0,2024-03-25,813,NRIX,BBG00SDJ8M87,0.20051879639236972,14,LONG,False,BELOW_MINIMUM_RELATIVE_VOLUME,False,False,False,False,7178.0,35797.142857142855,1076272.857142857,1.2157214285714288,13.45,13.93,13.36,13.9,True,BELOW_MINIMUM_RELATIVE_VOLUME,False,,,,,,,,,,,,,,BELOW_MINIMUM_RELATIVE_VOLUME,False,,,,,,,,,,,,,,BELOW_MINIMUM_RELATIVE_VOLUME,False,,,,,,,,,,,,,
orb_v1.0,2024-03-25,814,SLG,BBG001S9Z1V2,0.19827735977655123,14,LONG,False,BELOW_MINIMUM_RELATIVE_VOLUME,False,False,False,False,8478.0,42758.28571428572,1299353.642857143,1.9667285714285714,52.94,53.275,52.94,53.275,True,BELOW_MINIMUM_RELATIVE_VOLUME,False,,,,,,,,,,,,,,BELOW_MINIMUM_RELATIVE_VOLUME,False,,,,,,,,,,,,,,BELOW_MINIMUM_RELATIVE_VOLUME,False,,,,,,,,,,,,,
orb_v1.0,2024-03-25,815,SRE,BBG001SBVZ73,0.1975938376510553,14,LONG,False,BELOW_MINIMUM_RELATIVE_VOLUME,True,False,False,False,28959.0,146558.2142857143,3325985.0,1.267785714285715,69.89,69.98,69.77,69.91,True,BELOW_MINIMUM_RELATIVE_VOLUME,False,,,,,,,,,,,,,,BELOW_MINIMUM_RELATIVE_VOLUME,False,,,,,,,,,,,,,,BELOW_MINIMUM_RELATIVE_VOLUME,False,,,,,,,,,,,,,
orb_v1.0,2024-03-25,816,WY,BBG001S5XL11,0.19606624675649317,14,LONG,False,BELOW_MINIMUM_RELATIVE_VOLUME,True,False,False,False,31822.0,162302.2857142857,3471175.4285714286,0.6435714285714289,35.67,35.85,35.61,35.8,True,BELOW_MINIMUM_RELATIVE_VOLUME,False,,,,,,,,,,,,,,BELOW_MINIMUM_RELATIVE_VOLUME,False,,,,,,,,,,,,,,BELOW_MINIMUM_RELATIVE_VOLUME,False,,,,,,,,,,,,,
orb_v1.0,2024-03-25,817,ETR,BBG001S67KF5,0.1914991482112436,14,LONG,False,BELOW_MINIMUM_RELATIVE_VOLUME,True,False,False,False,11241.0,58700.0,1335026.9285714286,1.3828571428571428,103.35,103.455,103.02,103.395,True,BELOW_MINIMUM_RELATIVE_VOLUME,False,,,,,,,,,,,,,,BELOW_MINIMUM_RELATIVE_VOLUME,False,,,,,,,,,,,,,,BELOW_MINIMUM_RELATIVE_VOLUME,False,,,,,,,,,,,,,
orb_v1.0,2024-03-25,818,CPT,BBG001S5Q6V9,0.19068291211457503,14,LONG,False,BELOW_MINIMUM_RELATIVE_VOLUME,False,False,False,False,4154.0,21784.85714285714,1235774.2857142857,1.9438857142857162,98.58,98.7,98.58,98.7,True,BELOW_MINIMUM_RELATIVE_VOLUME,False,,,,,,,,,,,,,,BELOW_MINIMUM_RELATIVE_VOLUME,False,,,,,,,,,,,,,,BELOW_MINIMUM_RELATIVE_VOLUME,False,,,,,,,,,,,,,
orb_v1.0,2024-03-25,819,HOMB,BBG001SN0R60,0.1897610115156033,14,LONG,False,BELOW_MINIMUM_RELATIVE_VOLUME,False,False,False,False,6655.0,35070.42857142857,1016792.2142857143,0.5335000000000001,23.38,23.52,23.38,23.5,True,BELOW_MINIMUM_RELATIVE_VOLUME,False,,,,,,,,,,,,,,BELOW_MINIMUM_RELATIVE_VOLUME,False,,,,,,,,,,,,,,BELOW_MINIMUM_RELATIVE_VOLUME,False,,,,,,,,,,,,,
orb_v1.0,2024-03-25,820,DOCU,BBG001T535D5,0.18810563356466112,14,LONG,False,BELOW_MINIMUM_RELATIVE_VOLUME,False,False,False,False,37744.0,200653.2142857143,4598139.142857143,2.136392857142858,57.91,58.233,57.74,58.02,True,BELOW_MINIMUM_RELATIVE_VOLUME,False,,,,,,,,,,,,,,BELOW_MINIMUM_RELATIVE_VOLUME,False,,,,,,,,,,,,,,BELOW_MINIMUM_RELATIVE_VOLUME,False,,,,,,,,,,,,,
orb_v1.0,2024-03-25,821,CUBE,BBG001SHP0D7,0.18677385753585643,14,LONG,False,BELOW_MINIMUM_RELATIVE_VOLUME,False,False,False,False,5994.0,32092.285714285714,1414810.5,0.8442428571428573,43.87,44.02,43.87,43.96,True,BELOW_MINIMUM_RELATIVE_VOLUME,False,,,,,,,,,,,,,,BELOW_MINIMUM_RELATIVE_VOLUME,False,,,,,,,,,,,,,,BELOW_MINIMUM_RELATIVE_VOLUME,False,,,,,,,,,,,,,
orb_v1.0,2024-03-25,822,LIVN,0001639691,0.18380297205129875,14,LONG,False,BELOW_MINIMUM_RELATIVE_VOLUME,False,False,False,False,4231.0,23019.214285714286,1107348.2142857143,2.0021428571428577,56.17,56.24,56.145,56.24,True,BELOW_MINIMUM_RELATIVE_VOLUME,False,,,,,,,,,,,,,,BELOW_MINIMUM_RELATIVE_VOLUME,False,,,,,,,,,,,,,,BELOW_MINIMUM_RELATIVE_VOLUME,False,,,,,,,,,,,,,
orb_v1.0,2024-03-25,823,SLRN,BBG00YJKJ8J2,0.18204541145337447,14,LONG,False,BELOW_MINIMUM_RELATIVE_VOLUME,False,False,False,False,6378.0,35035.21428571428,2009593.0,0.7188571428571426,6.94,7.0,6.91,7.0,True,BELOW_MINIMUM_RELATIVE_VOLUME,False,,,,,,,,,,,,,,BELOW_MINIMUM_RELATIVE_VOLUME,False,,,,,,,,,,,,,,BELOW_MINIMUM_RELATIVE_VOLUME,False,,,,,,,,,,,,,
orb_v1.0,2024-03-25,824,DDOG,BBG003NJHZW5,0.18146019878506206,14,SHORT,False,BELOW_MINIMUM_RELATIVE_VOLUME,True,False,False,False,20526.0,113115.71428571429,3331421.714285714,4.00503571428571,122.23,122.25,121.68,121.8,True,BELOW_MINIMUM_RELATIVE_VOLUME,False,,,,,,,,,,,,,,BELOW_MINIMUM_RELATIVE_VOLUME,False,,,,,,,,,,,,,,BELOW_MINIMUM_RELATIVE_VOLUME,False,,,,,,,,,,,,,
orb_v1.0,2024-03-25,825,APGE,BBG01H51WZL7,0.18138992165474457,14,LONG,False,BELOW_MINIMUM_RELATIVE_VOLUME,False,False,False,False,12514.0,68989.5,1583791.7857142857,6.054542857142858,68.84,70.22,67.97,69.385,True,BELOW_MINIMUM_RELATIVE_VOLUME,False,,,,,,,,,,,,,,BELOW_MINIMUM_RELATIVE_VOLUME,False,,,,,,,,,,,,,,BELOW_MINIMUM_RELATIVE_VOLUME,False,,,,,,,,,,,,,
orb_v1.0,2024-03-25,826,CADE,BBG001SHFG98,0.17994967553966362,14,LONG,False,BELOW_MINIMUM_RELATIVE_VOLUME,False,False,False,False,6794.0,37755.0,1299307.7142857143,0.8903571428571426,28.09,28.28,28.075,28.24,True,BELOW_MINIMUM_RELATIVE_VOLUME,False,,,,,,,,,,,,,,BELOW_MINIMUM_RELATIVE_VOLUME,False,,,,,,,,,,,,,,BELOW_MINIMUM_RELATIVE_VOLUME,False,,,,,,,,,,,,,
orb_v1.0,2024-03-25,827,FLYW,BBG002030ND3,0.17761245876314238,14,DOJI,False,BELOW_MINIMUM_RELATIVE_VOLUME,False,False,False,False,5880.0,33105.78571428572,1441006.642857143,0.8812642857142856,24.53,24.6331,24.53,24.53,False,BELOW_MINIMUM_RELATIVE_VOLUME,False,,,,,,,,,,,,,,BELOW_MINIMUM_RELATIVE_VOLUME,False,,,,,,,,,,,,,,BELOW_MINIMUM_RELATIVE_VOLUME,False,,,,,,,,,,,,,
orb_v1.0,2024-03-25,828,AEP,BBG001S5NFD2,0.17758801074508693,14,LONG,False,BELOW_MINIMUM_RELATIVE_VOLUME,True,False,False,False,29159.0,164194.64285714287,4076738.0714285714,1.3807500000000001,82.95,83.24,82.95,83.12,True,BELOW_MINIMUM_RELATIVE_VOLUME,False,,,,,,,,,,,,,,BELOW_MINIMUM_RELATIVE_VOLUME,False,,,,,,,,,,,,,,BELOW_MINIMUM_RELATIVE_VOLUME,False,,,,,,,,,,,,,
orb_v1.0,2024-03-25,829,NTCT,BBG001SD3PL6,0.1753265481282772,14,LONG,False,BELOW_MINIMUM_RELATIVE_VOLUME,False,False,False,False,3604.0,20555.928571428572,1212126.0,0.8298285714285709,21.38,21.475,21.37,21.475,True,BELOW_MINIMUM_RELATIVE_VOLUME,False,,,,,,,,,,,,,,BELOW_MINIMUM_RELATIVE_VOLUME,False,,,,,,,,,,,,,,BELOW_MINIMUM_RELATIVE_VOLUME,False,,,,,,,,,,,,,
orb_v1.0,2024-03-25,830,VRRM,BBG00G4XQBP7,0.17423664228453006,14,SHORT,False,BELOW_MINIMUM_RELATIVE_VOLUME,False,False,False,False,4468.0,25643.285714285714,1073877.9285714286,0.5604500000000007,24.82,25.0,24.76,24.76,True,BELOW_MINIMUM_RELATIVE_VOLUME,False,,,,,,,,,,,,,,BELOW_MINIMUM_RELATIVE_VOLUME,False,,,,,,,,,,,,,,BELOW_MINIMUM_RELATIVE_VOLUME,False,,,,,,,,,,,,,
orb_v1.0,2024-03-25,831,REZI,BBG00HY28L05,0.17288882343556325,14,LONG,False,BELOW_MINIMUM_RELATIVE_VOLUME,False,False,False,False,4025.0,23280.85714285714,1675340.357142857,0.6491714285714298,22.49,22.57,22.49,22.5301,True,BELOW_MINIMUM_RELATIVE_VOLUME,False,,,,,,,,,,,,,,BELOW_MINIMUM_RELATIVE_VOLUME,False,,,,,,,,,,,,,,BELOW_MINIMUM_RELATIVE_VOLUME,False,,,,,,,,,,,,,
orb_v1.0,2024-03-25,832,FNV,BBG001STGSR5,0.17008042728130826,14,LONG,False,BELOW_MINIMUM_RELATIVE_VOLUME,True,False,False,False,4672.0,27469.35714285714,1000887.9285714285,3.438392857142856,115.0,115.629,114.87,115.6,True,BELOW_MINIMUM_RELATIVE_VOLUME,False,,,,,,,,,,,,,,BELOW_MINIMUM_RELATIVE_VOLUME,False,,,,,,,,,,,,,,BELOW_MINIMUM_RELATIVE_VOLUME,False,,,,,,,,,,,,,
orb_v1.0,2024-03-25,833,EWTX,BBG00K4Y2H33,0.16949188166675425,14,SHORT,False,BELOW_MINIMUM_RELATIVE_VOLUME,False,False,False,False,3456.0,20390.35714285714,1015535.2142857143,0.9813285714285715,16.42,16.42,16.157,16.1685,True,BELOW_MINIMUM_RELATIVE_VOLUME,False,,,,,,,,,,,,,,BELOW_MINIMUM_RELATIVE_VOLUME,False,,,,,,,,,,,,,,BELOW_MINIMUM_RELATIVE_VOLUME,False,,,,,,,,,,,,,
orb_v1.0,2024-03-25,834,PRGO,0001585364,0.168911835878947,14,SHORT,False,BELOW_MINIMUM_RELATIVE_VOLUME,False,False,False,False,7389.0,43744.71428571428,2511238.5714285714,0.9921428571428572,31.43,31.445,31.33,31.33,True,BELOW_MINIMUM_RELATIVE_VOLUME,False,,,,,,,,,,,,,,BELOW_MINIMUM_RELATIVE_VOLUME,False,,,,,,,,,,,,,,BELOW_MINIMUM_RELATIVE_VOLUME,False,,,,,,,,,,,,,
orb_v1.0,2024-03-25,835,BEAM,BBG00KXC8655,0.16725487063220634,14,LONG,False,BELOW_MINIMUM_RELATIVE_VOLUME,False,False,False,False,5907.0,35317.357142857145,1241813.857142857,2.1463714285714275,33.67,34.35,33.55,34.05,False,BELOW_MINIMUM_RELATIVE_VOLUME,False,,,,,,,,,,,,,,BELOW_MINIMUM_RELATIVE_VOLUME,False,,,,,,,,,,,,,,BELOW_MINIMUM_RELATIVE_VOLUME,False,,,,,,,,,,,,,
orb_v1.0,2024-03-25,836,SO,BBG001S5W777,0.16694289105649265,14,LONG,False,BELOW_MINIMUM_RELATIVE_VOLUME,True,False,False,False,43148.0,258459.64285714287,4233132.714285715,1.0249928571428566,69.9,70.09,69.83,69.96,True,BELOW_MINIMUM_RELATIVE_VOLUME,False,,,,,,,,,,,,,,BELOW_MINIMUM_RELATIVE_VOLUME,False,,,,,,,,,,,,,,BELOW_MINIMUM_RELATIVE_VOLUME,False,,,,,,,,,,,,,
orb_v1.0,2024-03-25,837,SNDX,BBG001T92272,0.16651427021802542,14,SHORT,False,BELOW_MINIMUM_RELATIVE_VOLUME,False,False,False,False,3421.0,20544.785714285714,1346184.5,1.1328571428571437,22.58,22.665,22.46,22.5,True,BELOW_MINIMUM_RELATIVE_VOLUME,False,,,,,,,,,,,,,,BELOW_MINIMUM_RELATIVE_VOLUME,False,,,,,,,,,,,,,,BELOW_MINIMUM_RELATIVE_VOLUME,False,,,,,,,,,,,,,
orb_v1.0,2024-03-25,838,WELL,BBG001S5RTQ4,0.1662295258224331,14,SHORT,False,BELOW_MINIMUM_RELATIVE_VOLUME,True,False,False,False,16786.0,100980.85714285714,2642494.214285714,1.494564285714285,92.42,92.62,92.14,92.285,True,BELOW_MINIMUM_RELATIVE_VOLUME,False,,,,,,,,,,,,,,BELOW_MINIMUM_RELATIVE_VOLUME,False,,,,,,,,,,,,,,BELOW_MINIMUM_RELATIVE_VOLUME,False,,,,,,,,,,,,,
orb_v1.0,2024-03-25,839,PHUN,BBG00DL9GZK1,0.1595761286543514,14,LONG,False,BELOW_MINIMUM_RELATIVE_VOLUME,False,False,False,False,49290.0,308880.78571428574,3514691.785714286,1.8065499999999999,9.6,10.0548,9.6,10.0548,True,BELOW_MINIMUM_RELATIVE_VOLUME,False,,,,,,,,,,,,,,BELOW_MINIMUM_RELATIVE_VOLUME,False,,,,,,,,,,,,,,BELOW_MINIMUM_RELATIVE_VOLUME,False,,,,,,,,,,,,,
orb_v1.0,2024-03-25,840,INVH,BBG00FQH6CJ7,0.15880313186286246,14,SHORT,False,BELOW_MINIMUM_RELATIVE_VOLUME,True,False,False,False,18806.0,118423.35714285714,3195479.6428571427,0.5435857142857137,34.75,34.76,34.68,34.7144,True,BELOW_MINIMUM_RELATIVE_VOLUME,False,,,,,,,,,,,,,,BELOW_MINIMUM_RELATIVE_VOLUME,False,,,,,,,,,,,,,,BELOW_MINIMUM_RELATIVE_VOLUME,False,,,,,,,,,,,,,
orb_v1.0,2024-03-25,841,ADNT,0001670541,0.1558997627473379,14,LONG,False,BELOW_MINIMUM_RELATIVE_VOLUME,False,False,False,False,2788.0,17883.285714285714,1011771.6428571428,1.0110714285714277,33.18,33.265,33.18,33.265,True,BELOW_MINIMUM_RELATIVE_VOLUME,False,,,,,,,,,,,,,,BELOW_MINIMUM_RELATIVE_VOLUME,False,,,,,,,,,,,,,,BELOW_MINIMUM_RELATIVE_VOLUME,False,,,,,,,,,,,,,
orb_v1.0,2024-03-25,842,GFL,BBG003FD9W80,0.15342683249536915,14,SHORT,False,BELOW_MINIMUM_RELATIVE_VOLUME,False,False,False,False,2899.0,18895.0,1251835.642857143,0.7534285714285726,35.34,35.34,35.13,35.14,True,BELOW_MINIMUM_RELATIVE_VOLUME,False,,,,,,,,,,,,,,BELOW_MINIMUM_RELATIVE_VOLUME,False,,,,,,,,,,,,,,BELOW_MINIMUM_RELATIVE_VOLUME,False,,,,,,,,,,,,,
orb_v1.0,2024-03-25,843,EHAB,BBG014QJ5CJ8,0.15081949419298818,14,LONG,False,BELOW_MINIMUM_RELATIVE_VOLUME,False,False,False,False,3970.0,26322.85714285714,1095099.857142857,0.6762785714285713,11.11,11.1245,11.11,11.1245,True,BELOW_MINIMUM_RELATIVE_VOLUME,False,,,,,,,,,,,,,,BELOW_MINIMUM_RELATIVE_VOLUME,False,,,,,,,,,,,,,,BELOW_MINIMUM_RELATIVE_VOLUME,False,,,,,,,,,,,,,
orb_v1.0,2024-03-25,844,RELY,BBG012C7JTN6,0.14807196327449312,14,DOJI,False,BELOW_MINIMUM_RELATIVE_VOLUME,False,False,False,False,6057.0,40905.78571428572,1090690.9285714286,0.5821214285714288,20.82,20.865,20.715,20.82,False,BELOW_MINIMUM_RELATIVE_VOLUME,False,,,,,,,,,,,,,,BELOW_MINIMUM_RELATIVE_VOLUME,False,,,,,,,,,,,,,,BELOW_MINIMUM_RELATIVE_VOLUME,False,,,,,,,,,,,,,
orb_v1.0,2024-03-25,845,MDB,BBG0022FDRZ7,0.14738332081402972,14,LONG,False,BELOW_MINIMUM_RELATIVE_VOLUME,True,False,False,False,16972.0,115155.5,2052982.857142857,17.811428571428568,351.79,354.7,351.79,354.59,True,BELOW_MINIMUM_RELATIVE_VOLUME,False,,,,,,,,,,,,,,BELOW_MINIMUM_RELATIVE_VOLUME,False,,,,,,,,,,,,,,BELOW_MINIMUM_RELATIVE_VOLUME,False,,,,,,,,,,,,,
orb_v1.0,2024-03-25,846,CBRE,BBG001SC2D27,0.1432523100464952,14,LONG,False,BELOW_MINIMUM_RELATIVE_VOLUME,True,False,False,False,7302.0,50973.0,1580934.5714285714,1.947342857142857,96.69,96.97,96.43,96.97,False,BELOW_MINIMUM_RELATIVE_VOLUME,False,,,,,,,,,,,,,,BELOW_MINIMUM_RELATIVE_VOLUME,False,,,,,,,,,,,,,,BELOW_MINIMUM_RELATIVE_VOLUME,False,,,,,,,,,,,,,
orb_v1.0,2024-03-25,847,GMED,BBG002V87T57,0.14069002803867578,14,SHORT,False,BELOW_MINIMUM_RELATIVE_VOLUME,False,False,False,False,3197.0,22723.714285714286,1155801.142857143,1.5025428571428574,52.12,52.12,52.1,52.1,True,BELOW_MINIMUM_RELATIVE_VOLUME,False,,,,,,,,,,,,,,BELOW_MINIMUM_RELATIVE_VOLUME,False,,,,,,,,,,,,,,BELOW_MINIMUM_RELATIVE_VOLUME,False,,,,,,,,,,,,,
orb_v1.0,2024-03-25,848,BMR,0001899005,0.13975061767696684,14,LONG,False,BELOW_MINIMUM_RELATIVE_VOLUME,True,False,False,False,9846.0,70454.07142857143,3209736.4285714286,1.1893500000000001,6.26,6.35,6.25,6.33,True,BELOW_MINIMUM_RELATIVE_VOLUME,False,,,,,,,,,,,,,,BELOW_MINIMUM_RELATIVE_VOLUME,False,,,,,,,,,,,,,,BELOW_MINIMUM_RELATIVE_VOLUME,False,,,,,,,,,,,,,
orb_v1.0,2024-03-25,849,ATO,BBG001S5VG05,0.13879939692849957,14,LONG,False,BELOW_MINIMUM_RELATIVE_VOLUME,True,False,False,False,5333.0,38422.357142857145,1089531.7142857143,1.568885714285715,116.9,116.975,116.66,116.955,False,BELOW_MINIMUM_RELATIVE_VOLUME,False,,,,,,,,,,,,,,BELOW_MINIMUM_RELATIVE_VOLUME,False,,,,,,,,,,,,,,BELOW_MINIMUM_RELATIVE_VOLUME,False,,,,,,,,,,,,,
orb_v1.0,2024-03-25,850,GFS,0001709048,0.1384725889113216,14,LONG,False,BELOW_MINIMUM_RELATIVE_VOLUME,True,False,False,False,10190.0,73588.57142857143,1378558.9285714286,1.5852857142857135,51.5,52.0,51.5,52.0,True,BELOW_MINIMUM_RELATIVE_VOLUME,False,,,,,,,,,,,,,,BELOW_MINIMUM_RELATIVE_VOLUME,False,,,,,,,,,,,,,,BELOW_MINIMUM_RELATIVE_VOLUME,False,,,,,,,,,,,,,
orb_v1.0,2024-03-25,851,BBIO,BBG00P9KDZL5,0.13690374599064237,14,LONG,False,BELOW_MINIMUM_RELATIVE_VOLUME,False,False,False,False,11631.0,84957.5,2028287.5714285714,1.4338285714285717,29.43,29.74,29.42,29.69,False,BELOW_MINIMUM_RELATIVE_VOLUME,False,,,,,,,,,,,,,,BELOW_MINIMUM_RELATIVE_VOLUME,False,,,,,,,,,,,,,,BELOW_MINIMUM_RELATIVE_VOLUME,False,,,,,,,,,,,,,
orb_v1.0,2024-03-25,852,REVG,BBG00CSG01X8,0.1368364513908327,14,LONG,False,BELOW_MINIMUM_RELATIVE_VOLUME,False,False,False,False,5168.0,37767.71428571428,1213819.0,0.8501499999999995,18.56,18.63,18.56,18.57,True,BELOW_MINIMUM_RELATIVE_VOLUME,False,,,,,,,,,,,,,,BELOW_MINIMUM_RELATIVE_VOLUME,False,,,,,,,,,,,,,,BELOW_MINIMUM_RELATIVE_VOLUME,False,,,,,,,,,,,,,
orb_v1.0,2024-03-25,853,LFMD,BBG001S5Z6Z5,0.13601214745662626,14,LONG,False,BELOW_MINIMUM_RELATIVE_VOLUME,False,False,False,False,6910.0,50804.28571428572,1116571.2857142857,0.7474999999999999,11.26,11.315,11.26,11.2779,False,BELOW_MINIMUM_RELATIVE_VOLUME,False,,,,,,,,,,,,,,BELOW_MINIMUM_RELATIVE_VOLUME,False,,,,,,,,,,,,,,BELOW_MINIMUM_RELATIVE_VOLUME,False,,,,,,,,,,,,,
orb_v1.0,2024-03-25,854,MGEE,BBG001SD2RD2,0.12633219384677258,14,DOJI,False,BELOW_MINIMUM_RELATIVE_VOLUME,False,False,False,False,1077.0,8525.142857142857,1088098.2142857143,2.48732142857143,77.01,77.01,77.01,77.01,False,BELOW_MINIMUM_RELATIVE_VOLUME,False,,,,,,,,,,,,,,BELOW_MINIMUM_RELATIVE_VOLUME,False,,,,,,,,,,,,,,BELOW_MINIMUM_RELATIVE_VOLUME,False,,,,,,,,,,,,,
orb_v1.0,2024-03-25,855,AGR,BBG00B8NWRH3,0.12079682342888735,14,SHORT,False,BELOW_MINIMUM_RELATIVE_VOLUME,False,False,False,False,5665.0,46896.92857142857,1595180.142857143,0.7621428571428578,35.9,35.9,35.82,35.85,True,BELOW_MINIMUM_RELATIVE_VOLUME,False,,,,,,,,,,,,,,BELOW_MINIMUM_RELATIVE_VOLUME,False,,,,,,,,,,,,,,BELOW_MINIMUM_RELATIVE_VOLUME,False,,,,,,,,,,,,,
orb_v1.0,2024-03-25,856,ODD,0001907085,0.1173237049752481,14,LONG,False,BELOW_MINIMUM_RELATIVE_VOLUME,False,False,False,False,7650.0,65204.21428571428,1653403.5,2.8571428571428577,43.59,43.895,43.48,43.88,True,BELOW_MINIMUM_RELATIVE_VOLUME,False,,,,,,,,,,,,,,BELOW_MINIMUM_RELATIVE_VOLUME,False,,,,,,,,,,,,,,BELOW_MINIMUM_RELATIVE_VOLUME,False,,,,,,,,,,,,,
orb_v1.0,2024-03-25,857,NARI,BBG009J8K7N9,0.11539470859078656,14,LONG,False,BELOW_MINIMUM_RELATIVE_VOLUME,False,False,False,False,4837.0,41917.0,1221028.5,2.0963500000000006,44.32,45.04,44.32,44.68,False,BELOW_MINIMUM_RELATIVE_VOLUME,False,,,,,,,,,,,,,,BELOW_MINIMUM_RELATIVE_VOLUME,False,,,,,,,,,,,,,,BELOW_MINIMUM_RELATIVE_VOLUME,False,,,,,,,,,,,,,
orb_v1.0,2024-03-25,858,TKO,BBG01G9JKWW4,0.10768527002657093,14,LONG,False,BELOW_MINIMUM_RELATIVE_VOLUME,False,False,False,False,5532.0,51371.92857142857,1697326.857142857,2.2235571428571412,86.8,87.19,86.8,86.92,False,BELOW_MINIMUM_RELATIVE_VOLUME,False,,,,,,,,,,,,,,BELOW_MINIMUM_RELATIVE_VOLUME,False,,,,,,,,,,,,,,BELOW_MINIMUM_RELATIVE_VOLUME,False,,,,,,,,,,,,,
orb_v1.0,2024-03-25,859,NTRS,BBG001S5TRG7,0.10715977798067843,14,LONG,False,BELOW_MINIMUM_RELATIVE_VOLUME,True,False,False,False,4879.0,45530.142857142855,2345583.9285714286,2.0662571428571397,85.54,85.785,85.54,85.785,True,BELOW_MINIMUM_RELATIVE_VOLUME,False,,,,,,,,,,,,,,BELOW_MINIMUM_RELATIVE_VOLUME,False,,,,,,,,,,,,,,BELOW_MINIMUM_RELATIVE_VOLUME,False,,,,,,,,,,,,,
orb_v1.0,2024-03-25,860,FR,BBG001S81Z00,0.10530505283587563,14,LONG,False,BELOW_MINIMUM_RELATIVE_VOLUME,False,False,False,False,1682.0,15972.642857142857,1122741.5,0.8095642857142852,52.35,52.383,52.3015,52.383,True,BELOW_MINIMUM_RELATIVE_VOLUME,False,,,,,,,,,,,,,,BELOW_MINIMUM_RELATIVE_VOLUME,False,,,,,,,,,,,,,,BELOW_MINIMUM_RELATIVE_VOLUME,False,,,,,,,,,,,,,
orb_v1.0,2024-03-25,861,WVE,0001631574,0.09187479588153394,14,SHORT,False,BELOW_MINIMUM_RELATIVE_VOLUME,False,False,False,False,5345.0,58177.0,1710617.642857143,0.6356571428571428,5.94,5.94,5.78,5.9,True,BELOW_MINIMUM_RELATIVE_VOLUME,False,,,,,,,,,,,,,,BELOW_MINIMUM_RELATIVE_VOLUME,False,,,,,,,,,,,,,,BELOW_MINIMUM_RELATIVE_VOLUME,False,,,,,,,,,,,,,
orb_v1.0,2024-03-25,862,SN,0001957132,0.09057850414406017,14,LONG,False,BELOW_MINIMUM_RELATIVE_VOLUME,False,False,False,False,3110.0,34334.857142857145,1259526.0714285714,1.6658857142857149,60.44,60.58,60.44,60.58,True,BELOW_MINIMUM_RELATIVE_VOLUME,False,,,,,,,,,,,,,,BELOW_MINIMUM_RELATIVE_VOLUME,False,,,,,,,,,,,,,,BELOW_MINIMUM_RELATIVE_VOLUME,False,,,,,,,,,,,,,
orb_v1.0,2024-03-25,863,DTSS,BBG00B8TYJY7,0.08129002544082815,14,LONG,False,BELOW_MINIMUM_RELATIVE_VOLUME,True,False,False,False,1059.0,13027.42857142857,1298144.2142857143,1.3796285714285714,7.34,7.5,7.34,7.5,False,BELOW_MINIMUM_RELATIVE_VOLUME,False,,,,,,,,,,,,,,BELOW_MINIMUM_RELATIVE_VOLUME,False,,,,,,,,,,,,,,BELOW_MINIMUM_RELATIVE_VOLUME,False,,,,,,,,,,,,,
orb_v1.0,2024-03-25,864,SWTX,BBG00Q011TX8,0.06480377574154186,14,DOJI,False,BELOW_MINIMUM_RELATIVE_VOLUME,False,False,False,False,2446.0,37744.71428571428,1084190.0714285714,2.383928571428572,50.65,50.65,50.65,50.65,False,BELOW_MINIMUM_RELATIVE_VOLUME,False,,,,,,,,,,,,,,BELOW_MINIMUM_RELATIVE_VOLUME,False,,,,,,,,,,,,,,BELOW_MINIMUM_RELATIVE_VOLUME,False,,,,,,,,,,,,,
orb_v1.0,2024-03-25,865,AISP,BBG00ZZNS7D3,0.046971600221112776,14,SHORT,False,BELOW_MINIMUM_RELATIVE_VOLUME,False,False,False,False,69071.0,1470484.2857142857,24162632.714285713,2.5857,8.9,9.1337,8.86,8.8601,True,BELOW_MINIMUM_RELATIVE_VOLUME,False,,,,,,,,,,,,,,BELOW_MINIMUM_RELATIVE_VOLUME,False,,,,,,,,,,,,,,BELOW_MINIMUM_RELATIVE_VOLUME,False,,,,,,,,,,,,,
orb_v1.0,2024-03-25,866,GXAI,BBG01B210JY0,0.021946473637184855,14,LONG,False,BELOW_MINIMUM_RELATIVE_VOLUME,False,False,False,False,7639.0,348074.14285714284,3558041.1428571427,1.9730357142857142,6.35,6.6372,6.35,6.5048,False,BELOW_MINIMUM_RELATIVE_VOLUME,False,,,,,,,,,,,,,,BELOW_MINIMUM_RELATIVE_VOLUME,False,,,,,,,,,,,,,,BELOW_MINIMUM_RELATIVE_VOLUME,False,,,,,,,,,,,,,
orb_v1.0,2024-03-25,867,APM,0001734005,0.0052188052274542256,14,SHORT,False,BELOW_MINIMUM_RELATIVE_VOLUME,True,False,False,False,1293.0,247757.85714285713,10688148.357142856,3.131007142857143,7.74,7.74,7.53,7.53,True,BELOW_MINIMUM_RELATIVE_VOLUME,False,,,,,,,,,,,,,,BELOW_MINIMUM_RELATIVE_VOLUME,False,,,,,,,,,,,,,,BELOW_MINIMUM_RELATIVE_VOLUME,False,,,,,,,,,,,,,
