trading_date,ticker,stable_security_id,premarket_real_bars_60m,scorable,open_0930,close,day_mfe_pct,close_vs_open_pct,top_10_mover,realized_return_pct,cost_model_id,execution_policy_v1.0_net_realized_return_pct,execution_policy_v1.0_cost_bps,execution_policy_v1.0_net_capture_ratio,execution_policy_atr_v1.0_net_realized_return_pct,execution_policy_atr_v1.0_cost_bps,execution_policy_atr_v1.0_net_capture_ratio
2024-07-29,AA,BBG00B3T3HF1,12,true,33.200000,33.010000,0.783133,-0.572289,false,0.000000,execution_costs_v1.0,0.000000,0.000000,,,,
2024-07-29,AAL,BBG005P7Q907,34,true,10.560000,10.430000,1.515152,-1.231061,false,0.000000,execution_costs_v1.0,0.000000,0.000000,,,,
2024-07-29,AAN,BBG00WCNDDH4,0,false,9.960000,10.000000,0.401606,0.401606,false,0.000000,execution_costs_v1.0,0.000000,0.000000,,,,
2024-07-29,AAOI,BBG001SG47G4,4,false,8.680000,8.220000,2.880184,-5.299539,false,0.000000,execution_costs_v1.0,0.000000,0.000000,,,,
2024-07-29,AAON,BBG001S6CZK0,0,false,87.830000,87.470000,0.705795,-0.409883,false,0.000000,execution_costs_v1.0,0.000000,0.000000,,,,
2024-07-29,AAP,BBG001SD2SB2,1,false,61.000000,60.970000,1.180328,-0.049180,false,0.000000,execution_costs_v1.0,0.000000,0.000000,,,,
2024-07-29,AAT,BBG001TCBJS5,0,false,25.290000,24.890000,0.474496,-1.581653,false,0.000000,execution_costs_v1.0,0.000000,0.000000,,,,
2024-07-29,AB,BBG001S5N9S0,0,false,34.980000,34.660000,1.486564,-0.914808,false,0.000000,execution_costs_v1.0,0.000000,0.000000,,,,
2024-07-29,ABCB,BBG001S80PX7,0,false,64.880000,61.070000,0.000000,-5.872380,false,0.000000,execution_costs_v1.0,0.000000,0.000000,,,,
2024-07-29,ABCL,BBG00LLW2MH0,3,false,3.240000,3.240000,0.617284,0.000000,false,0.000000,execution_costs_v1.0,0.000000,0.000000,,,,
2024-07-29,ABG,BBG001S9B5H5,0,false,254.970000,255.830000,1.074636,0.337295,false,0.000000,execution_costs_v1.0,0.000000,0.000000,,,,
2024-07-29,ABL,BBG00VY1KBC1,0,false,9.860000,9.480000,2.129817,-3.853955,false,0.000000,execution_costs_v1.0,0.000000,0.000000,,,,
2024-07-29,ABM,BBG001S5N9B8,0,false,55.040000,55.160000,1.017442,0.218023,false,0.000000,execution_costs_v1.0,0.000000,0.000000,,,,
2024-07-29,ABR,BBG001SJP3G4,10,true,13.700000,13.530000,0.510219,-1.240876,false,0.000000,execution_costs_v1.0,0.000000,0.000000,,,,
2024-07-29,ABSI,BBG011N54DC3,0,false,4.550000,4.455000,3.296703,-2.087912,false,0.000000,execution_costs_v1.0,0.000000,0.000000,,,,
2024-07-29,ABUS,BBG001S6RSK0,0,false,3.910000,3.775000,0.000000,-3.452685,false,0.000000,execution_costs_v1.0,0.000000,0.000000,,,,
2024-07-29,AC,BBG008NZ8QB1,0,false,33.750000,33.640000,1.362963,-0.325926,false,0.000000,execution_costs_v1.0,0.000000,0.000000,,,,
2024-07-29,ACA,BBG00JGMWGB9,0,false,92.410000,91.670000,1.233633,-0.800779,false,0.000000,execution_costs_v1.0,0.000000,0.000000,,,,
2024-07-29,ACAD,BBG001SB06N3,0,false,19.120000,18.759000,0.146444,-1.888075,false,0.000000,execution_costs_v1.0,0.000000,0.000000,,,,
2024-07-29,ACB,BBG001SV77D1,2,false,5.900000,5.995000,5.932203,1.610169,false,0.000000,execution_costs_v1.0,0.000000,0.000000,,,,
2024-07-29,ACCD,BBG00S2L1ZR1,5,false,4.160000,4.000000,2.163462,-3.846154,false,0.000000,execution_costs_v1.0,0.000000,0.000000,,,,
2024-07-29,ACCO,BBG001SPBTK3,0,false,5.120000,5.140000,0.976562,0.390625,false,0.000000,execution_costs_v1.0,0.000000,0.000000,,,,
2024-07-29,ACDC,BBG013PRYQC7,0,false,8.310000,7.975000,0.677497,-4.031288,false,0.000000,execution_costs_v1.0,0.000000,0.000000,,,,
2024-07-29,ACEL,BBG00GX221Z0,0,false,10.900000,10.950000,1.284404,0.458716,false,0.000000,execution_costs_v1.0,0.000000,0.000000,,,,
2024-07-29,ACGLN,0000947484,0,false,19.470000,19.460000,0.153570,-0.051361,false,0.000000,execution_costs_v1.0,0.000000,0.000000,,,,
2024-07-29,ACHC,BBG001SNNWL7,0,false,66.270000,65.520000,0.135808,-1.131734,false,0.000000,execution_costs_v1.0,0.000000,0.000000,,,,
2024-07-29,ACHR,BBG00XRTC929,24,true,4.770000,4.455000,0.943396,-6.603774,false,0.000000,execution_costs_v1.0,0.000000,0.000000,,,,
2024-07-29,ACI,BBG009KG1741,2,false,20.440000,19.965000,0.000000,-2.323875,false,0.000000,execution_costs_v1.0,0.000000,0.000000,,,,
2024-07-29,ACIC,BBG001T09W05,1,false,11.950000,11.960000,1.087866,0.083682,false,0.000000,execution_costs_v1.0,0.000000,0.000000,,,,
2024-07-29,ACIU,0001651625,1,false,4.000000,4.040000,1.500000,1.000000,false,0.000000,execution_costs_v1.0,0.000000,0.000000,,,,
2024-07-29,ACIW,BBG001S9KLL5,0,false,43.050000,43.150000,1.765389,0.232288,false,0.000000,execution_costs_v1.0,0.000000,0.000000,,,,
2024-07-29,ACLS,BBG001SF8W86,0,false,125.000000,122.980000,2.960000,-1.616000,false,0.000000,execution_costs_v1.0,0.000000,0.000000,,,,
2024-07-29,ACLX,BBG00QHJM4W4,0,false,64.480000,61.980000,0.294665,-3.877171,false,0.000000,execution_costs_v1.0,0.000000,0.000000,,,,
2024-07-29,ACM,BBG001SKTTF1,0,false,90.230000,89.950000,0.476560,-0.310318,false,0.000000,execution_costs_v1.0,0.000000,0.000000,,,,
2024-07-29,ACMR,BBG00HPSG942,3,false,18.990000,18.360000,3.317536,-3.317536,false,0.000000,execution_costs_v1.0,0.000000,0.000000,,,,
2024-07-29,ACNB,BBG001S6CVZ3,0,false,39.035500,39.190000,0.575118,0.395794,false,0.000000,execution_costs_v1.0,0.000000,0.000000,,,,
2024-07-29,ACRE,BBG0022MMR46,1,false,7.760000,7.680000,0.966495,-1.030928,false,0.000000,execution_costs_v1.0,0.000000,0.000000,,,,
2024-07-29,ACT,BBG00WSNP4S2,0,false,34.620000,34.090000,0.346620,-1.530907,false,0.000000,execution_costs_v1.0,0.000000,0.000000,,,,
2024-07-29,ACTG,BBG001SJLJT9,0,false,5.440000,5.330000,1.102941,-2.022059,false,0.000000,execution_costs_v1.0,0.000000,0.000000,,,,
2024-07-29,ACVA,BBG00G5JGQ75,0,false,17.620000,17.030000,1.560726,-3.348468,false,0.000000,execution_costs_v1.0,0.000000,0.000000,,,,
2024-07-29,ADC,BBG001S6RY81,0,false,68.880000,69.060000,0.522648,0.261324,false,0.000000,execution_costs_v1.0,0.000000,0.000000,,,,
2024-07-29,ADEA,BBG00RBFBL78,0,false,11.570000,11.580000,2.420052,0.086430,false,0.000000,execution_costs_v1.0,0.000000,0.000000,,,,
2024-07-29,ADMA,BBG002NCK5N4,3,false,13.510000,12.350000,0.000000,-8.586232,false,0.000000,execution_costs_v1.0,0.000000,0.000000,,,,
2024-07-29,ADN,BBG00MDV8XV3,0,false,4.490000,4.600000,2.449889,2.449889,false,0.000000,execution_costs_v1.0,0.000000,0.000000,,,,
2024-07-29,ADNT,0001670541,0,false,25.070000,25.170000,1.096929,0.398883,false,0.000000,execution_costs_v1.0,0.000000,0.000000,,,,
2024-07-29,ADPT,BBG001V0GG18,0,false,4.500000,4.420000,1.777778,-1.777778,false,0.000000,execution_costs_v1.0,0.000000,0.000000,,,,
2024-07-29,ADSE,0001879248,0,false,12.300000,12.100000,1.056911,-1.626016,false,0.000000,execution_costs_v1.0,0.000000,0.000000,,,,
2024-07-29,ADT,BBG001S6VGG6,0,false,7.730000,7.740000,0.258732,0.129366,false,0.000000,execution_costs_v1.0,0.000000,0.000000,,,,
2024-07-29,ADTN,BBG0169CH7Y8,0,false,6.480000,6.445000,0.385802,-0.540123,false,0.000000,execution_costs_v1.0,0.000000,0.000000,,,,
2024-07-29,ADUS,BBG001T56D18,0,false,123.950000,122.440000,1.040742,-1.218233,false,0.000000,execution_costs_v1.0,0.000000,0.000000,,,,
2024-07-29,ADV,BBG00PPWZ8G3,4,false,3.920000,3.880000,2.678571,-1.020408,false,0.000000,execution_costs_v1.0,0.000000,0.000000,,,,
2024-07-29,ADVM,BBG006D9MR26,0,false,8.140000,7.540000,0.982801,-7.371007,false,0.000000,execution_costs_v1.0,0.000000,0.000000,,,,
2024-07-29,AEG,BBG001S6Y6M8,0,false,6.380000,6.405000,0.470219,0.391850,false,0.000000,execution_costs_v1.0,0.000000,0.000000,,,,
2024-07-29,AEHR,BBG001SB1CS4,14,true,18.470000,18.540000,5.197618,0.378993,false,0.000000,execution_costs_v1.0,0.000000,0.000000,,,,
2024-07-29,AEIS,BBG001S8L5Z6,0,false,111.020000,110.130000,1.391641,-0.801657,false,0.000000,execution_costs_v1.0,0.000000,0.000000,,,,
2024-07-29,AEO,BBG001S7Q949,1,false,21.800000,22.310000,3.073394,2.339450,false,0.000000,execution_costs_v1.0,0.000000,0.000000,,,,
2024-07-29,AES,BBG001S6B1L5,3,false,17.610000,17.600000,0.624645,-0.056786,false,0.000000,execution_costs_v1.0,0.000000,0.000000,,,,
2024-07-29,AESI,BBG01JFZ96Y3,0,false,20.790000,20.530000,0.529101,-1.250601,false,0.000000,execution_costs_v1.0,0.000000,0.000000,,,,
2024-07-29,AEVA,BBG00RK5L2P1,1,false,3.720000,3.540000,4.543011,-4.838710,false,0.000000,execution_costs_v1.0,0.000000,0.000000,,,,
2024-07-29,AEYE,BBG002ZQLQC5,5,false,27.500000,26.930500,6.545455,-2.070909,false,0.000000,execution_costs_v1.0,0.000000,0.000000,,,,
2024-07-29,AFG,BBG001S8JK86,0,false,128.220000,128.320000,0.214475,0.077991,false,0.000000,execution_costs_v1.0,0.000000,0.000000,,,,
2024-07-29,AFMD,0001608390,0,false,5.140000,5.230000,1.750973,1.750973,false,0.000000,execution_costs_v1.0,0.000000,0.000000,,,,
2024-07-29,AFRI,0001903870,0,false,11.710000,11.750000,0.341588,0.341588,false,0.000000,execution_costs_v1.0,0.000000,0.000000,,,,
2024-07-29,AFRM,BBG00Y7BP8Z0,19,true,27.340000,26.850000,1.682516,-1.792246,false,0.000000,execution_costs_v1.0,0.000000,0.000000,,,,
2024-07-29,AFYA,0001771007,0,false,18.020000,17.850000,0.416204,-0.943396,false,0.000000,execution_costs_v1.0,0.000000,0.000000,,,,
2024-07-29,AG,BBG001SGV444,10,true,5.890000,5.950000,1.358234,1.018676,false,0.000000,execution_costs_v1.0,0.000000,0.000000,,,,
2024-07-29,AGCO,BBG001S7WHW3,0,false,102.990000,102.060000,0.606855,-0.903000,false,0.000000,execution_costs_v1.0,0.000000,0.000000,,,,
2024-07-29,AGEN,BBG001SDV370,1,false,6.570000,6.490000,5.327245,-1.217656,false,0.000000,execution_costs_v1.0,0.000000,0.000000,,,,
2024-07-29,AGI,BBG009HT65S0,0,false,16.640000,16.880000,1.502404,1.442308,false,0.000000,execution_costs_v1.0,0.000000,0.000000,,,,
2024-07-29,AGIO,BBG001T8R687,0,false,48.200000,47.410000,1.659751,-1.639004,false,0.000000,execution_costs_v1.0,0.000000,0.000000,,,,
2024-07-29,AGL,BBG00HCYVQR3,0,false,6.920000,6.930000,1.445087,0.144509,false,0.000000,execution_costs_v1.0,0.000000,0.000000,,,,
2024-07-29,AGM,BBG001SCWNB2,1,false,210.150000,206.340000,0.925529,-1.812991,false,0.000000,execution_costs_v1.0,0.000000,0.000000,,,,
2024-07-29,AGNC,BBG001T074G2,32,true,10.110000,10.100000,0.890208,-0.098912,false,0.000000,execution_costs_v1.0,0.000000,0.000000,,,,
2024-07-29,AGO,0001273813,0,false,82.970000,80.440000,0.747258,-3.049295,false,0.000000,execution_costs_v1.0,0.000000,0.000000,,,,
2024-07-29,AGR,BBG00B8NWRH3,0,false,35.550000,35.540000,0.000000,-0.028129,false,0.000000,execution_costs_v1.0,0.000000,0.000000,,,,
2024-07-29,AGRO,0001499505,0,false,9.420000,9.480000,0.743100,0.636943,false,0.000000,execution_costs_v1.0,0.000000,0.000000,,,,
2024-07-29,AGS,BBG00JKZKM16,1,false,11.490000,11.430000,0.000000,-0.522193,false,0.000000,execution_costs_v1.0,0.000000,0.000000,,,,
2024-07-29,AGX,BBG001SJP7D8,0,false,78.000000,77.080000,1.038462,-1.179487,false,0.000000,execution_costs_v1.0,0.000000,0.000000,,,,
2024-07-29,AGYS,BBG001S5V6V3,0,false,110.700000,110.550000,1.996296,-0.135501,false,0.000000,execution_costs_v1.0,0.000000,0.000000,,,,
2024-07-29,AHCO,BBG00KJQVGW2,0,false,11.270000,11.365000,2.218279,0.842946,false,0.000000,execution_costs_v1.0,0.000000,0.000000,,,,
2024-07-29,AHH,BBG004CYX1N9,0,false,11.910000,12.005000,0.923594,0.797649,false,0.000000,execution_costs_v1.0,0.000000,0.000000,,,,
2024-07-29,AI,BBG00Y6G6Y84,13,true,27.930000,27.410000,0.429646,-1.861797,false,0.000000,execution_costs_v1.0,0.000000,0.000000,,,,
2024-07-29,AIN,BBG001S5VKN1,0,false,92.500000,92.140000,0.897297,-0.389189,false,0.000000,execution_costs_v1.0,0.000000,0.000000,,,,
2024-07-29,AIP,BBG001T7VHG1,0,false,8.970000,8.620000,1.003344,-3.901895,false,0.000000,execution_costs_v1.0,0.000000,0.000000,,,,
2024-07-29,AIR,BBG001S5NJX2,0,false,66.970000,65.730000,0.358369,-1.851575,false,0.000000,execution_costs_v1.0,0.000000,0.000000,,,,
2024-07-29,AIRJ,BBG014FPNHD1,0,false,10.160000,9.500000,0.688976,-6.496063,false,0.000000,execution_costs_v1.0,0.000000,0.000000,,,,
2024-07-29,AIT,BBG001S5NK14,0,false,215.670000,216.430000,0.625956,0.352390,false,0.000000,execution_costs_v1.0,0.000000,0.000000,,,,
2024-07-29,AIV,BBG001S876N3,0,false,9.120000,9.010000,0.000000,-1.206140,false,0.000000,execution_costs_v1.0,0.000000,0.000000,,,,
2024-07-29,AIZ,BBG001SD9DW5,0,false,174.170000,172.570000,0.476546,-0.918643,false,0.000000,execution_costs_v1.0,0.000000,0.000000,,,,
2024-07-29,AKAM,BBG001S7YHX0,4,false,98.950000,97.310000,0.030318,-1.657403,false,0.000000,execution_costs_v1.0,0.000000,0.000000,,,,
2024-07-29,AKR,BBG001S7KXT5,0,false,20.520000,20.550000,0.584795,0.146199,false,0.000000,execution_costs_v1.0,0.000000,0.000000,,,,
2024-07-29,AKRO,BBG00L9211Z7,0,false,28.270000,27.040000,0.141493,-4.350902,false,0.000000,execution_costs_v1.0,0.000000,0.000000,,,,
2024-07-29,AL,BBG001T92VD1,0,false,50.010000,49.030000,0.379924,-1.959608,false,0.000000,execution_costs_v1.0,0.000000,0.000000,,,,
2024-07-29,ALB,BBG001S7SBP9,3,false,91.410000,91.690000,1.137731,0.306312,false,0.000000,execution_costs_v1.0,0.000000,0.000000,,,,
2024-07-29,ALE,BBG001S77110,0,false,64.680000,64.599000,0.170068,-0.125232,false,0.000000,execution_costs_v1.0,0.000000,0.000000,,,,
2024-07-29,ALEC,BBG00N0PL214,1,false,6.510000,6.360000,1.459293,-2.304147,false,0.000000,execution_costs_v1.0,0.000000,0.000000,,,,
2024-07-29,ALEX,BBG00HS2GVM7,0,false,19.510000,19.390000,0.717581,-0.615069,false,0.000000,execution_costs_v1.0,0.000000,0.000000,,,,
2024-07-29,ALG,BBG001S7YVC2,0,false,194.410000,193.260000,0.817859,-0.591533,false,0.000000,execution_costs_v1.0,0.000000,0.000000,,,,
2024-07-29,ALGM,BBG00H5S83B8,1,false,24.420000,23.730000,0.737101,-2.825553,false,0.000000,execution_costs_v1.0,0.000000,0.000000,,,,
2024-07-29,ALGT,BBG001SQ25S5,0,false,52.910000,51.590000,0.000000,-2.494802,false,0.000000,execution_costs_v1.0,0.000000,0.000000,,,,
2024-07-29,ALHC,BBG00ZJ0DSS5,0,false,8.950000,8.555000,0.000000,-4.413408,false,0.000000,execution_costs_v1.0,0.000000,0.000000,,,,
2024-07-29,ALIT,BBG00H00J2Q8,0,false,7.670000,7.600000,1.173403,-0.912647,false,0.000000,execution_costs_v1.0,0.000000,0.000000,,,,
2024-07-29,ALK,BBG001S5NLG6,0,false,39.580000,38.770000,0.138959,-2.046488,false,0.000000,execution_costs_v1.0,0.000000,0.000000,,,,
2024-07-29,ALKS,0001520262,2,false,27.630000,27.920000,2.189649,1.049584,false,0.000000,execution_costs_v1.0,0.000000,0.000000,,,,
2024-07-29,ALKT,BBG005HTCT63,0,false,33.380000,32.800000,1.707609,-1.737567,false,0.000000,execution_costs_v1.0,0.000000,0.000000,,,,
2024-07-29,ALLE,0001579241,0,false,136.640000,137.660000,1.492974,0.746487,false,0.000000,execution_costs_v1.0,0.000000,0.000000,,,,
2024-07-29,ALLG,0001874474,0,false,1.690000,1.690000,0.295858,0.000000,false,0.000000,execution_costs_v1.0,0.000000,0.000000,,,,
2024-07-29,ALLO,BBG00KHRRDY2,3,false,2.990000,2.980000,4.347826,-0.334448,false,0.000000,execution_costs_v1.0,0.000000,0.000000,,,,
2024-07-29,ALLY,BBG001S5RLN4,0,false,44.220000,44.170000,0.203528,-0.113071,false,0.000000,execution_costs_v1.0,0.000000,0.000000,,,,
2024-07-29,ALNT,BBG001S5RST3,0,false,28.970000,28.265000,0.103555,-2.433552,false,0.000000,execution_costs_v1.0,0.000000,0.000000,,,,
2024-07-29,ALRM,BBG007GNPYZ6,0,false,69.620000,70.200000,1.098822,0.833094,false,0.000000,execution_costs_v1.0,0.000000,0.000000,,,,
2024-07-29,ALRS,BBG001SGGKT8,0,false,22.170000,22.200000,1.529093,0.135318,false,0.000000,execution_costs_v1.0,0.000000,0.000000,,,,
2024-07-29,ALSN,BBG001V0T5F3,0,false,87.770000,87.460000,0.831719,-0.353196,false,0.000000,execution_costs_v1.0,0.000000,0.000000,,,,
2024-07-29,ALT,BBG001SNS461,9,false,6.730000,6.570000,2.526003,-2.377415,false,0.000000,execution_costs_v1.0,0.000000,0.000000,,,,
2024-07-29,ALTG,BBG00NZ6JW42,0,false,10.910000,10.670000,0.549954,-2.199817,false,0.000000,execution_costs_v1.0,0.000000,0.000000,,,,
2024-07-29,ALTI,BBG00Z6F0ML0,0,false,5.050000,4.800000,0.495050,-4.950495,false,0.000000,execution_costs_v1.0,0.000000,0.000000,,,,
2024-07-29,ALTM,0001977303,7,false,3.400000,3.240000,0.000000,-4.705882,false,0.000000,execution_costs_v1.0,0.000000,0.000000,,,,
2024-07-29,ALTR,BBG001SR65P2,0,false,87.990000,87.330000,1.306967,-0.750085,false,0.000000,execution_costs_v1.0,0.000000,0.000000,,,,
2024-07-29,ALV,BBG001S9YRV6,2,false,97.570000,98.480000,1.117147,0.932664,false,0.000000,execution_costs_v1.0,0.000000,0.000000,,,,
2024-07-29,ALVO,0001898416,0,false,11.800000,11.880000,2.372881,0.677966,false,0.000000,execution_costs_v1.0,0.000000,0.000000,,,,
2024-07-29,ALX,BBG001S5NM92,0,false,240.090000,238.300000,1.343246,-0.745554,false,0.000000,execution_costs_v1.0,0.000000,0.000000,,,,
2024-07-29,ALXO,BBG00VR8SF73,0,false,6.030000,5.855000,0.762852,-2.902156,false,0.000000,execution_costs_v1.0,0.000000,0.000000,,,,
2024-07-29,AM,BBG00GBNZ4N9,0,false,14.500000,14.360000,0.137931,-0.965517,false,0.000000,execution_costs_v1.0,0.000000,0.000000,,,,
2024-07-29,AMAL,BBG00XRT7YY5,0,false,32.420000,32.150000,0.798581,-0.832819,false,0.000000,execution_costs_v1.0,0.000000,0.000000,,,,
2024-07-29,AMBA,0001280263,0,false,53.340000,52.790000,1.012373,-1.031121,false,0.000000,execution_costs_v1.0,0.000000,0.000000,,,,
2024-07-29,AMBC,BBG004HQHL91,0,false,12.860000,12.580000,0.466563,-2.177294,false,0.000000,execution_costs_v1.0,0.000000,0.000000,,,,
2024-07-29,AMBP,0001845097,0,false,3.630000,3.635000,0.826446,0.137741,false,0.000000,execution_costs_v1.0,0.000000,0.000000,,,,
2024-07-29,AMC,BBG001SZYYL4,57,true,5.250000,5.165000,0.952381,-1.619048,false,0.000000,execution_costs_v1.0,0.000000,0.000000,,,,
2024-07-29,AMCX,BBG001SLR8S3,0,false,10.950000,11.070000,1.369863,1.095890,false,0.000000,execution_costs_v1.0,0.000000,0.000000,,,,
2024-07-29,AMED,BBG001S5NN72,1,false,97.400000,98.040000,0.862423,0.657084,false,0.000000,execution_costs_v1.0,0.000000,0.000000,,,,
2024-07-29,AMG,BBG001S6DMD6,0,false,177.000000,183.810000,5.813559,3.847458,false,0.000000,execution_costs_v1.0,0.000000,0.000000,,,,
2024-07-29,AMH,BBG003NXJNJ4,0,false,35.470000,36.080000,2.058077,1.719763,false,0.000000,execution_costs_v1.0,0.000000,0.000000,,,,
2024-07-29,AMK,BBG00F5PBW20,0,false,34.620000,34.630000,0.086655,0.028885,false,0.000000,execution_costs_v1.0,0.000000,0.000000,,,,
2024-07-29,AMKR,BBG001S64YF8,3,false,38.560000,37.590000,2.385892,-2.515560,false,0.000000,execution_costs_v1.0,0.000000,0.000000,,,,
2024-07-29,AMN,BBG001S6Q193,0,false,63.450000,64.400000,2.111899,1.497242,false,0.000000,execution_costs_v1.0,0.000000,0.000000,,,,
2024-07-29,AMPH,BBG001SCM4W2,0,false,42.400000,42.090000,1.853302,-0.731132,false,0.000000,execution_costs_v1.0,0.000000,0.000000,,,,
2024-07-29,AMPL,BBG012CDTZZ5,0,false,8.790000,8.530000,0.000000,-2.957907,false,0.000000,execution_costs_v1.0,0.000000,0.000000,,,,
2024-07-29,AMPS,BBG00Y48ZM97,0,false,4.320000,4.150000,1.388889,-3.935185,false,0.000000,execution_costs_v1.0,0.000000,0.000000,,,,
2024-07-29,AMPY,BBG00F0YM1R5,0,false,7.820000,7.180000,0.000000,-8.184143,false,0.000000,execution_costs_v1.0,0.000000,0.000000,,,,
2024-07-29,AMR,BBG00DGWV044,0,false,301.000000,294.780000,0.800664,-2.066445,false,0.000000,execution_costs_v1.0,0.000000,0.000000,,,,
2024-07-29,AMRC,BBG001S6P9W1,0,false,30.850000,31.000000,3.419773,0.486224,false,0.000000,execution_costs_v1.0,0.000000,0.000000,,,,
2024-07-29,AMRK,BBG005ZVDK57,0,false,38.580000,37.755000,0.000000,-2.138414,false,0.000000,execution_costs_v1.0,0.000000,0.000000,,,,
2024-07-29,AMRX,BBG00462PGH9,0,false,7.440000,7.350000,0.940860,-1.209677,false,0.000000,execution_costs_v1.0,0.000000,0.000000,,,,
2024-07-29,AMSC,BBG001S70C31,8,false,26.340000,24.500000,1.404708,-6.985573,false,0.000000,execution_costs_v1.0,0.000000,0.000000,,,,
2024-07-29,AMSF,BBG001SDH7B2,0,false,50.870000,49.680000,0.000000,-2.339296,false,0.000000,execution_costs_v1.0,0.000000,0.000000,,,,
2024-07-29,AMSWA,BBG001S5NPN9,0,false,10.500000,10.570000,1.904762,0.666667,false,0.000000,execution_costs_v1.0,0.000000,0.000000,,,,
2024-07-29,AMTB,BBG001V0P1S2,0,false,22.300000,21.830000,1.165919,-2.107623,false,0.000000,execution_costs_v1.0,0.000000,0.000000,,,,
2024-07-29,AMWD,BBG001S5NQ57,0,false,100.860000,100.750000,1.249256,-0.109062,false,0.000000,execution_costs_v1.0,0.000000,0.000000,,,,
2024-07-29,AMWL,BBG002R1JYZ0,0,false,8.770000,8.440000,0.684151,-3.762828,false,0.000000,execution_costs_v1.0,0.000000,0.000000,,,,
2024-07-29,AN,BBG001S5NQB0,0,false,178.540000,178.050000,0.817744,-0.274448,false,0.000000,execution_costs_v1.0,0.000000,0.000000,,,,
2024-07-29,ANAB,BBG0026ZDHT8,0,false,37.320000,37.000000,0.455520,-0.857449,false,0.000000,execution_costs_v1.0,0.000000,0.000000,,,,
2024-07-29,ANDE,BBG001S60FJ9,0,false,54.800000,54.170000,0.375912,-1.149635,false,0.000000,execution_costs_v1.0,0.000000,0.000000,,,,
2024-07-29,ANF,BBG001S97027,4,false,153.400000,151.040000,1.127771,-1.538462,false,0.000000,execution_costs_v1.0,0.000000,0.000000,,,,
2024-07-29,ANGI,BBG00HVKH4F0,0,false,2.240000,2.230000,4.241071,-0.446429,false,0.000000,execution_costs_v1.0,0.000000,0.000000,,,,
2024-07-29,ANGO,BBG001S5RPY3,1,false,7.735000,7.665000,2.497738,-0.904977,false,0.000000,execution_costs_v1.0,0.000000,0.000000,,,,
2024-07-29,ANIK,BBG001S609X7,0,false,27.700000,27.510000,1.028881,-0.685921,false,0.000000,execution_costs_v1.0,0.000000,0.000000,,,,
2024-07-29,ANIP,BBG001S9DR85,0,false,63.450000,63.495000,0.898345,0.070922,false,0.000000,execution_costs_v1.0,0.000000,0.000000,,,,
2024-07-29,ANNX,BBG007QVDFH1,3,false,6.280000,6.460000,4.378981,2.866242,false,0.000000,execution_costs_v1.0,0.000000,0.000000,,,,
2024-07-29,AOMR,BBG0113S8ND8,0,false,12.210000,12.290000,1.638002,0.655201,false,0.000000,execution_costs_v1.0,0.000000,0.000000,,,,
2024-07-29,AORT,BBG001SB3CB0,0,false,27.550000,27.320000,0.526316,-0.834846,false,0.000000,execution_costs_v1.0,0.000000,0.000000,,,,
2024-07-29,AOS,BBG001S5NRY3,0,false,84.500000,84.500000,0.934911,0.000000,false,0.000000,execution_costs_v1.0,0.000000,0.000000,,,,
2024-07-29,AOSL,0001387467,3,false,44.050000,43.190000,3.859251,-1.952327,false,0.000000,execution_costs_v1.0,0.000000,0.000000,,,,
2024-07-29,APA,BBG00YTS96H1,4,false,31.150000,30.785000,0.642055,-1.171750,false,0.000000,execution_costs_v1.0,0.000000,0.000000,,,,
2024-07-29,APAM,BBG001V107T3,0,false,43.550000,42.880000,0.183697,-1.538462,false,0.000000,execution_costs_v1.0,0.000000,0.000000,,,,
2024-07-29,APEI,BBG001SRS4S8,0,false,20.320000,19.550000,2.854331,-3.789370,false,0.000000,execution_costs_v1.0,0.000000,0.000000,,,,
2024-07-29,APG,BBG00HVV7984,0,false,37.240000,36.950000,1.181525,-0.778733,false,0.000000,execution_costs_v1.0,0.000000,0.000000,,,,
2024-07-29,APGE,BBG01H51WZL7,0,false,50.060000,49.560000,1.338394,-0.998801,false,0.000000,execution_costs_v1.0,0.000000,0.000000,,,,
2024-07-29,APLD,BBG001SK4K76,16,true,4.500000,4.250000,3.777778,-5.555556,false,0.000000,execution_costs_v1.0,0.000000,0.000000,,,,
2024-07-29,APLE,BBG006473QY8,0,false,15.050000,15.000000,0.265781,-0.332226,false,0.000000,execution_costs_v1.0,0.000000,0.000000,,,,
2024-07-29,APLS,BBG007KGRPZ3,1,false,40.000000,39.290000,0.375000,-1.775000,false,0.000000,execution_costs_v1.0,0.000000,0.000000,,,,
2024-07-29,APLT,BBG001SMJMY2,0,false,5.260000,5.050000,0.760456,-3.992395,false,0.000000,execution_costs_v1.0,0.000000,0.000000,,,,
2024-07-29,APOG,BBG001S5NSY1,0,false,68.410000,67.650000,0.000000,-1.110949,false,0.000000,execution_costs_v1.0,0.000000,0.000000,,,,
2024-07-29,APPF,BBG008GC8CS3,0,false,231.340000,229.060000,1.015821,-0.985562,false,0.000000,execution_costs_v1.0,0.000000,0.000000,,,,
2024-07-29,APPN,BBG001TWHH63,0,false,38.330000,37.770000,0.169580,-1.460997,false,0.000000,execution_costs_v1.0,0.000000,0.000000,,,,
2024-07-29,AQN,BBG001S8LHC5,3,false,6.230000,6.185000,0.160514,-0.722311,false,0.000000,execution_costs_v1.0,0.000000,0.000000,,,,
2024-07-29,AR,BBG001T61KH8,0,false,29.650000,29.160000,0.084317,-1.652614,false,0.000000,execution_costs_v1.0,0.000000,0.000000,,,,
2024-07-29,ARCB,BBG001S686R2,0,false,121.310000,121.470000,2.868684,0.131893,false,0.000000,execution_costs_v1.0,0.000000,0.000000,,,,
2024-07-29,ARCC,BBG001SL96Z9,5,false,20.980000,20.900000,0.190658,-0.381316,false,0.000000,execution_costs_v1.0,0.000000,0.000000,,,,
2024-07-29,ARCH,BBG00DZB5DD0,0,false,142.090000,142.010000,1.006404,-0.056302,false,0.000000,execution_costs_v1.0,0.000000,0.000000,,,,
2024-07-29,ARCO,0001508478,0,false,9.710000,9.600000,0.000000,-1.132853,false,0.000000,execution_costs_v1.0,0.000000,0.000000,,,,
2024-07-29,ARCT,BBG00NNW8JL0,0,false,24.190000,23.940000,0.909467,-1.033485,false,0.000000,execution_costs_v1.0,0.000000,0.000000,,,,
2024-07-29,ARDX,BBG001WH4F33,10,true,5.680000,5.560000,1.584507,-2.112676,false,0.000000,execution_costs_v1.0,0.000000,0.000000,,,,
2024-07-29,ARHS,BBG012TKHZW7,0,false,16.270000,15.560000,1.167793,-4.363860,false,0.000000,execution_costs_v1.0,0.000000,0.000000,,,,
2024-07-29,ARI,BBG001T55FJ5,2,false,10.780000,10.760000,0.788497,-0.185529,false,0.000000,execution_costs_v1.0,0.000000,0.000000,,,,
2024-07-29,ARIS,BBG012PPXNM0,0,false,16.720000,16.630000,2.272727,-0.538278,false,0.000000,execution_costs_v1.0,0.000000,0.000000,,,,
2024-07-29,ARKO,BBG00YD8K420,0,false,6.460000,6.415000,0.154799,-0.696594,false,0.000000,execution_costs_v1.0,0.000000,0.000000,,,,
2024-07-29,ARL,BBG001SFRR04,0,false,19.660000,20.800000,5.976602,5.798576,false,0.000000,execution_costs_v1.0,0.000000,0.000000,,,,
2024-07-29,ARLO,BBG00K88DTJ1,0,false,15.630000,15.320000,0.639795,-1.983365,false,0.000000,execution_costs_v1.0,0.000000,0.000000,,,,
2024-07-29,ARLP,BBG001SD52Y1,19,true,25.000000,24.640000,0.000000,-1.440000,false,0.000000,execution_costs_v1.0,0.000000,0.000000,,,,
2024-07-29,ARMK,BBG001V0NR70,0,false,33.620000,33.890000,1.308745,0.803093,false,0.000000,execution_costs_v1.0,0.000000,0.000000,,,,
2024-07-29,ARMN,BBG001S75835,0,false,4.200000,4.140000,1.071429,-1.428571,false,0.000000,execution_costs_v1.0,0.000000,0.000000,,,,
2024-07-29,AROC,BBG001SVDK72,1,false,21.890000,21.630000,1.187757,-1.187757,false,0.000000,execution_costs_v1.0,0.000000,0.000000,,,,
2024-07-29,AROW,BBG001S5NV83,0,false,32.230000,31.450000,0.000000,-2.420105,false,0.000000,execution_costs_v1.0,0.000000,0.000000,,,,
2024-07-29,ARQT,BBG00QN8K4P1,10,true,10.060000,9.560000,0.994036,-4.970179,false,0.000000,execution_costs_v1.0,0.000000,0.000000,,,,
2024-07-29,ARR,BBG001SRBTG4,2,false,20.620000,20.550000,1.139670,-0.339476,false,0.000000,execution_costs_v1.0,0.000000,0.000000,,,,
2024-07-29,ARRY,BBG002MX7TQ9,0,false,11.150000,10.680000,0.717489,-4.215247,false,0.000000,execution_costs_v1.0,0.000000,0.000000,,,,
2024-07-29,ARTNA,BBG001S7MLX4,0,false,39.150000,39.487000,1.813538,0.860792,false,0.000000,execution_costs_v1.0,0.000000,0.000000,,,,
2024-07-29,ARVN,BBG00LW7YL08,0,false,29.720000,27.765000,0.336474,-6.578062,false,0.000000,execution_costs_v1.0,0.000000,0.000000,,,,
2024-07-29,ARW,BBG001S5NVP4,0,false,123.000000,124.070000,1.455285,0.869919,false,0.000000,execution_costs_v1.0,0.000000,0.000000,,,,
2024-07-29,ARWR,BBG001SGT8G5,0,false,28.190000,28.670000,2.305782,1.702731,false,0.000000,execution_costs_v1.0,0.000000,0.000000,,,,
2024-07-29,ASAN,BBG00WYHL741,0,false,15.400000,15.280000,0.649351,-0.779221,false,0.000000,execution_costs_v1.0,0.000000,0.000000,,,,
2024-07-29,ASB,BBG001S5NVZ3,0,false,24.160000,23.060000,0.000000,-4.552980,false,0.000000,execution_costs_v1.0,0.000000,0.000000,,,,
2024-07-29,ASC,0001577437,0,false,20.800000,20.900000,1.346154,0.480769,false,0.000000,execution_costs_v1.0,0.000000,0.000000,,,,
2024-07-29,ASGN,BBG001S71HP5,0,false,95.150000,95.770000,1.723594,0.651603,false,0.000000,execution_costs_v1.0,0.000000,0.000000,,,,
2024-07-29,ASH,BBG00D0Y81N0,0,false,96.010000,95.830000,0.447870,-0.187480,false,0.000000,execution_costs_v1.0,0.000000,0.000000,,,,
2024-07-29,ASIX,BBG00CWTTQ32,0,false,27.650000,27.360000,0.614828,-1.048825,false,0.000000,execution_costs_v1.0,0.000000,0.000000,,,,
2024-07-29,ASLE,BBG00R28X851,0,false,7.360000,6.810000,0.000000,-7.472826,false,0.000000,execution_costs_v1.0,0.000000,0.000000,,,,
2024-07-29,ASMB,BBG001T9BMW0,0,false,14.940000,14.850000,0.937082,-0.602410,false,0.000000,execution_costs_v1.0,0.000000,0.000000,,,,
2024-07-29,ASO,BBG00X7L1CW0,0,false,53.550000,54.220000,1.437908,1.251167,false,0.000000,execution_costs_v1.0,0.000000,0.000000,,,,
2024-07-29,ASPN,BBG001SJZK39,2,false,21.360000,21.350000,0.795880,-0.046816,false,0.000000,execution_costs_v1.0,0.000000,0.000000,,,,
2024-07-29,ASTE,BBG001S5NWY2,0,false,35.350000,34.705000,0.000000,-1.824611,false,0.000000,execution_costs_v1.0,0.000000,0.000000,,,,
2024-07-29,ASTH,BBG001S96MS2,0,false,52.370000,52.310000,3.016994,-0.114569,false,0.000000,execution_costs_v1.0,0.000000,0.000000,,,,
2024-07-29,ASTL,BBG012NKXV72,0,false,8.870000,8.525000,0.000000,-3.889515,false,0.000000,execution_costs_v1.0,0.000000,0.000000,,,,
2024-07-29,ASTS,BBG00Q402TS1,47,true,18.795000,18.889400,4.229848,0.502261,false,0.000000,execution_costs_v1.0,0.000000,0.000000,,,,
2024-07-29,ATEC,BBG001S64XQ8,0,false,10.940000,9.994300,0.730347,-8.644424,false,0.000000,execution_costs_v1.0,0.000000,0.000000,,,,
2024-07-29,ATEN,BBG0060K22D0,0,false,14.220000,14.070000,1.054852,-1.054852,false,0.000000,execution_costs_v1.0,0.000000,0.000000,,,,
2024-07-29,ATEX,BBG0081NLJH7,0,false,40.490000,40.020000,0.000000,-1.160780,false,0.000000,execution_costs_v1.0,0.000000,0.000000,,,,
2024-07-29,ATGE,BBG001S8M5S3,0,false,79.300000,78.740000,0.643127,-0.706179,false,0.000000,execution_costs_v1.0,0.000000,0.000000,,,,
2024-07-29,ATI,BBG001S8WY72,2,false,65.610000,64.870000,0.243865,-1.127877,false,0.000000,execution_costs_v1.0,0.000000,0.000000,,,,
2024-07-29,ATKR,BBG001T8LDZ8,0,false,139.560000,137.370000,0.214961,-1.569218,false,0.000000,execution_costs_v1.0,0.000000,0.000000,,,,
2024-07-29,ATLC,BBG001SC0HS2,0,false,36.030000,35.520000,0.832639,-1.415487,false,0.000000,execution_costs_v1.0,0.000000,0.000000,,,,
2024-07-29,ATMU,BBG01B079Z92,0,false,31.360000,30.829000,0.924745,-1.693240,false,0.000000,execution_costs_v1.0,0.000000,0.000000,,,,
2024-07-29,ATNI,BBG001S9SMF2,0,false,27.670000,27.070000,0.000000,-2.168413,false,0.000000,execution_costs_v1.0,0.000000,0.000000,,,,
2024-07-29,ATR,BBG001S78MT3,0,false,146.580000,147.710000,1.210943,0.770910,false,0.000000,execution_costs_v1.0,0.000000,0.000000,,,,
2024-07-29,ATRA,BBG005Q3MR36,0,false,9.850000,10.530000,10.229442,6.903553,true,0.000000,execution_costs_v1.0,0.000000,0.000000,,,,
2024-07-29,ATRC,BBG001SD43V3,0,false,21.920000,21.960000,3.968978,0.182482,false,0.000000,execution_costs_v1.0,0.000000,0.000000,,,,
2024-07-29,ATRI,BBG001S8VWL1,0,false,457.860000,457.861000,0.135413,0.000218,false,0.000000,execution_costs_v1.0,0.000000,0.000000,,,,
2024-07-29,ATRO,BBG001S5NYK3,0,false,22.590000,22.310000,0.221337,-1.239486,false,0.000000,execution_costs_v1.0,0.000000,0.000000,,,,
2024-07-29,ATS,BBG001S5XWC5,0,false,30.660000,30.480000,0.587084,-0.587084,false,0.000000,execution_costs_v1.0,0.000000,0.000000,,,,
2024-07-29,ATSG,BBG001S8KJF9,0,false,16.220000,15.710000,0.554871,-3.144266,false,0.000000,execution_costs_v1.0,0.000000,0.000000,,,,
2024-07-29,ATUS,BBG00GFMPS82,1,false,1.750000,1.890000,8.857143,8.000000,false,0.000000,execution_costs_v1.0,0.000000,0.000000,,,,
2024-07-29,ATXS,BBG001T8KDC4,1,false,12.650000,11.650000,0.395257,-7.905138,false,0.000000,execution_costs_v1.0,0.000000,0.000000,,,,
2024-07-29,AU,0001973832,8,false,27.270000,27.100000,0.696736,-0.623396,false,0.000000,execution_costs_v1.0,0.000000,0.000000,,,,
2024-07-29,AUB,BBG001S7GJV8,0,false,41.770000,41.010000,0.227436,-1.819488,false,0.000000,execution_costs_v1.0,0.000000,0.000000,,,,
2024-07-29,AUDC,0001086434,0,false,10.680000,10.580000,0.749064,-0.936330,false,0.000000,execution_costs_v1.0,0.000000,0.000000,,,,
2024-07-29,AUPH,BBG001S68013,0,false,5.700000,5.680000,0.175439,-0.350877,false,0.000000,execution_costs_v1.0,0.000000,0.000000,,,,
2024-07-29,AUR,BBG00Z92Y6Y0,2,false,4.290000,4.220000,2.331002,-1.631702,false,0.000000,execution_costs_v1.0,0.000000,0.000000,,,,
2024-07-29,AURA,BBG00226DGP2,0,false,10.350000,9.985000,1.352657,-3.526570,false,0.000000,execution_costs_v1.0,0.000000,0.000000,,,,
2024-07-29,AVA,BBG001S5NZ48,0,false,39.310000,38.950000,0.152633,-0.915798,false,0.000000,execution_costs_v1.0,0.000000,0.000000,,,,
2024-07-29,AVAH,BBG00G6D6HB3,0,false,4.480000,4.390000,4.910714,-2.008929,false,0.000000,execution_costs_v1.0,0.000000,0.000000,,,,
2024-07-29,AVAV,BBG001SPPWP6,0,false,174.210000,175.170000,0.596981,0.551059,false,0.000000,execution_costs_v1.0,0.000000,0.000000,,,,
2024-07-29,AVBP,BBG011N37VW3,0,false,22.460000,21.700000,0.000000,-3.383793,false,0.000000,execution_costs_v1.0,0.000000,0.000000,,,,
2024-07-29,AVDL,BBG001SD3F74,0,false,16.760000,16.320000,1.013723,-2.625298,false,0.000000,execution_costs_v1.0,0.000000,0.000000,,,,
2024-07-29,AVDX,BBG012MBDGV1,0,false,12.560000,12.535000,2.308917,-0.199045,false,0.000000,execution_costs_v1.0,0.000000,0.000000,,,,
2024-07-29,AVIR,BBG00TZNCJ84,0,false,3.920000,3.805000,0.510204,-2.933673,false,0.000000,execution_costs_v1.0,0.000000,0.000000,,,,
2024-07-29,AVNS,BBG005L86G14,1,false,23.210000,22.870000,0.366221,-1.464886,false,0.000000,execution_costs_v1.0,0.000000,0.000000,,,,
2024-07-29,AVNT,BBG001S6RCD3,0,false,45.580000,45.070000,0.219394,-1.118912,false,0.000000,execution_costs_v1.0,0.000000,0.000000,,,,
2024-07-29,AVNW,BBG001SSSZS7,0,false,30.120000,29.770000,0.000000,-1.162019,false,0.000000,execution_costs_v1.0,0.000000,0.000000,,,,
2024-07-29,AVO,BBG005C9W688,0,false,11.270000,11.130000,0.354925,-1.242236,false,0.000000,execution_costs_v1.0,0.000000,0.000000,,,,
2024-07-29,AVPT,BBG00Q73LFK9,0,false,10.900000,10.930000,1.192661,0.275229,false,0.000000,execution_costs_v1.0,0.000000,0.000000,,,,
2024-07-29,AVT,BBG001S5NZJ2,0,false,53.190000,53.180000,0.601617,-0.018801,false,0.000000,execution_costs_v1.0,0.000000,0.000000,,,,
2024-07-29,AVXL,BBG001SLQWW6,36,true,7.000000,7.030000,7.000000,0.428571,false,0.000000,execution_costs_v1.0,0.000000,0.000000,,,,
2024-07-29,AWI,BBG001SGL0H9,0,false,131.570000,130.800000,0.570039,-0.585240,false,0.000000,execution_costs_v1.0,0.000000,0.000000,,,,
2024-07-29,AWR,BBG001S9T5Z6,0,false,82.530000,81.340000,0.605840,-1.441900,false,0.000000,execution_costs_v1.0,0.000000,0.000000,,,,
2024-07-29,AX,BBG001SLZ724,1,false,76.910000,76.640000,0.481082,-0.351060,false,0.000000,execution_costs_v1.0,0.000000,0.000000,,,,
2024-07-29,AXGN,BBG001S5SRD1,0,false,9.190000,8.910000,0.217628,-3.046790,false,0.000000,execution_costs_v1.0,0.000000,0.000000,,,,
2024-07-29,AXL,BBG001S9DR67,0,false,7.210000,7.140000,0.416089,-0.970874,false,0.000000,execution_costs_v1.0,0.000000,0.000000,,,,
2024-07-29,AXNX,BBG0067QVJ69,1,false,68.420000,68.530000,0.350775,0.160772,false,0.000000,execution_costs_v1.0,0.000000,0.000000,,,,
2024-07-29,AXS,0001214816,2,false,73.900000,73.710000,0.581867,-0.257104,false,0.000000,execution_costs_v1.0,0.000000,0.000000,,,,
2024-07-29,AXSM,BBG00B6G7GM6,0,false,86.910000,84.080000,0.678863,-3.256242,false,0.000000,execution_costs_v1.0,0.000000,0.000000,,,,
2024-07-29,AXTA,0001616862,0,false,34.910000,35.170000,1.088513,0.744772,false,0.000000,execution_costs_v1.0,0.000000,0.000000,,,,
2024-07-29,AY,0001601072,0,false,22.060000,22.030000,0.045331,-0.135993,false,0.000000,execution_costs_v1.0,0.000000,0.000000,,,,
2024-07-29,AYI,BBG001SBG656,0,false,249.070000,248.950000,0.873248,-0.048179,false,0.000000,execution_costs_v1.0,0.000000,0.000000,,,,
2024-07-29,AZEK,BBG00RP7FY15,0,false,45.250000,45.520000,1.116022,0.596685,false,0.000000,execution_costs_v1.0,0.000000,0.000000,,,,
2024-07-29,AZPN,BBG017J18WC8,0,false,192.900000,188.920000,0.000000,-2.063245,false,0.000000,execution_costs_v1.0,0.000000,0.000000,,,,
2024-07-29,AZTA,BBG001S8F1B8,0,false,60.040000,60.680000,1.532312,1.065956,false,0.000000,execution_costs_v1.0,0.000000,0.000000,,,,
2024-07-29,AZZ,BBG001S9QNK6,0,false,82.420000,82.140000,1.231497,-0.339723,false,0.000000,execution_costs_v1.0,0.000000,0.000000,,,,
2024-07-29,B,BBG001S5P0S7,0,false,41.100000,40.130000,0.559611,-2.360097,false,0.000000,execution_costs_v1.0,0.000000,0.000000,,,,
2024-07-29,BALY,BBG005Q22HH7,1,false,17.050000,17.200000,1.466276,0.879765,false,0.000000,execution_costs_v1.0,0.000000,0.000000,,,,
2024-07-29,BANC,BBG001SKZX56,0,false,14.480000,13.970000,0.483425,-3.522099,false,0.000000,execution_costs_v1.0,0.000000,0.000000,,,,
2024-07-29,BAND,BBG001TFDMP2,0,false,22.490000,22.500000,2.223210,0.044464,false,0.000000,execution_costs_v1.0,0.000000,0.000000,,,,
2024-07-29,BANF,BBG001S75RW1,0,false,110.000000,107.700000,0.090909,-2.090909,false,0.000000,execution_costs_v1.0,0.000000,0.000000,,,,
2024-07-29,BANR,BBG001SD3DZ8,0,false,61.160000,59.560000,0.817528,-2.616089,false,0.000000,execution_costs_v1.0,0.000000,0.000000,,,,
2024-07-29,BAP,0001001290,0,false,170.770000,171.070000,0.720267,0.175675,false,0.000000,execution_costs_v1.0,0.000000,0.000000,,,,
2024-07-29,BASE,BBG001Z5ZB22,0,false,19.940000,19.790000,1.489468,-0.752257,false,0.000000,execution_costs_v1.0,0.000000,0.000000,,,,
2024-07-29,BATRK,BBG01HCX3Z22,1,false,42.990000,43.310000,1.070016,0.744359,false,0.000000,execution_costs_v1.0,0.000000,0.000000,,,,
2024-07-29,BB,BBG001S60618,11,true,2.480000,2.415000,1.209677,-2.620968,false,0.000000,execution_costs_v1.0,0.000000,0.000000,,,,
2024-07-29,BBCP,BBG00M8BB1P6,0,false,6.600000,6.510000,0.000000,-1.363636,false,0.000000,execution_costs_v1.0,0.000000,0.000000,,,,
2024-07-29,BBDC,BBG001S9DQ05,1,false,10.190000,10.090000,0.098135,-0.981354,false,0.000000,execution_costs_v1.0,0.000000,0.000000,,,,
2024-07-29,BBIO,BBG00P9KDZL5,0,false,27.080000,26.240000,0.147710,-3.101920,false,0.000000,execution_costs_v1.0,0.000000,0.000000,,,,
2024-07-29,BBU,0001654795,0,false,20.610000,20.200000,0.000000,-1.989326,false,0.000000,execution_costs_v1.0,0.000000,0.000000,,,,
2024-07-29,BBUC,BBG015P1Z2Y7,0,false,23.220000,22.420000,0.000000,-3.445306,false,0.000000,execution_costs_v1.0,0.000000,0.000000,,,,
2024-07-29,BBW,BBG001SMC9T4,0,false,26.650000,26.760000,1.313321,0.412758,false,0.000000,execution_costs_v1.0,0.000000,0.000000,,,,
2024-07-29,BBWI,BBG001S5SWL1,1,false,34.220000,35.130000,3.448276,2.659264,false,0.000000,execution_costs_v1.0,0.000000,0.000000,,,,
2024-07-29,BC,BBG001S5P294,0,false,81.150000,81.700000,3.154652,0.677757,false,0.000000,execution_costs_v1.0,0.000000,0.000000,,,,
2024-07-29,BCC,BBG001SZX397,0,false,141.310000,140.070000,0.474135,-0.877503,false,0.000000,execution_costs_v1.0,0.000000,0.000000,,,,
2024-07-29,BCO,BBG001S8PZK2,0,false,109.170000,110.850000,1.786205,1.538884,false,0.000000,execution_costs_v1.0,0.000000,0.000000,,,,
2024-07-29,BCPC,BBG001S5P2R4,0,false,,,,,false,0.000000,execution_costs_v1.0,,,,,,
2024-07-29,BCRX,BBG001S7K151,1,false,7.870000,7.510000,0.698856,-4.574333,false,0.000000,execution_costs_v1.0,0.000000,0.000000,,,,
2024-07-29,BCSF,BBG00JDV0M33,0,false,16.890000,16.770000,1.124334,-0.710480,false,0.000000,execution_costs_v1.0,0.000000,0.000000,,,,
2024-07-29,BDC,BBG001SM6Z59,0,false,92.250000,92.050000,1.571816,-0.216802,false,0.000000,execution_costs_v1.0,0.000000,0.000000,,,,
2024-07-29,BDN,BBG001S6YGF4,1,false,5.130000,5.025000,0.584795,-2.046784,false,0.000000,execution_costs_v1.0,0.000000,0.000000,,,,
2024-07-29,BDTX,BBG00MS4Y0X8,0,false,6.200000,6.020000,1.612903,-2.903226,false,0.000000,execution_costs_v1.0,0.000000,0.000000,,,,
2024-07-29,BE,BBG001T53509,5,false,14.620000,13.780000,0.068399,-5.745554,false,0.000000,execution_costs_v1.0,0.000000,0.000000,,,,
2024-07-29,BEAM,BBG00KXC8655,2,false,33.330000,32.020000,0.420042,-3.930393,false,0.000000,execution_costs_v1.0,0.000000,0.000000,,,,
2024-07-29,BECN,BBG001S903Y3,0,false,101.750000,100.400000,0.702703,-1.326781,false,0.000000,execution_costs_v1.0,0.000000,0.000000,,,,
2024-07-29,BELFB,BBG001S93K81,0,false,75.490000,74.440000,0.794807,-1.390913,false,0.000000,execution_costs_v1.0,0.000000,0.000000,,,,
2024-07-29,BEN,BBG001S5P3W6,0,false,22.990000,22.570000,0.391475,-1.826881,false,0.000000,execution_costs_v1.0,0.000000,0.000000,,,,
2024-07-29,BENF,BBG00KFV0B50,0,false,3.580000,3.300000,2.231844,-7.821229,false,0.000000,execution_costs_v1.0,0.000000,0.000000,,,,
2024-07-29,BEP,0001533232,0,false,24.380000,24.280000,0.164069,-0.410172,false,0.000000,execution_costs_v1.0,0.000000,0.000000,,,,
2024-07-29,BEPC,BBG00W5FR7D1,0,false,28.640000,28.320000,0.069832,-1.117318,false,0.000000,execution_costs_v1.0,0.000000,0.000000,,,,
2024-07-29,BERY,BBG001T6B4W6,0,false,65.070000,65.020000,0.583986,-0.076840,false,0.000000,execution_costs_v1.0,0.000000,0.000000,,,,
2024-07-29,BETR,BBG0103VG6P8,0,false,0.561700,0.542000,0.000000,-3.507210,false,0.000000,execution_costs_v1.0,0.000000,0.000000,,,,
2024-07-29,BFAM,BBG003LFWPT4,0,false,120.580000,121.180000,1.227401,0.497595,false,0.000000,execution_costs_v1.0,0.000000,0.000000,,,,
2024-07-29,BFC,BBG001S79DP6,0,false,95.860000,93.390000,0.000000,-2.576674,false,0.000000,execution_costs_v1.0,0.000000,0.000000,,,,
2024-07-29,BFH,BBG001S78Z50,0,false,55.220000,53.100000,0.416516,-3.839189,false,0.000000,execution_costs_v1.0,0.000000,0.000000,,,,
2024-07-29,BFS,BBG001S7F7J9,0,false,38.900000,38.630000,0.102828,-0.694087,false,0.000000,execution_costs_v1.0,0.000000,0.000000,,,,
2024-07-29,BFST,BBG001T056Q8,0,false,26.230000,25.470000,0.000000,-2.897446,false,0.000000,execution_costs_v1.0,0.000000,0.000000,,,,
2024-07-29,BGC,BBG01H9FTHS9,0,false,9.480000,9.280000,0.632911,-2.109705,false,0.000000,execution_costs_v1.0,0.000000,0.000000,,,,
2024-07-29,BGS,BBG001SQD861,2,false,8.520000,8.550000,1.056338,0.352113,false,0.000000,execution_costs_v1.0,0.000000,0.000000,,,,
2024-07-29,BH,BBG00JPRDQJ9,0,false,199.600000,197.230000,0.310621,-1.187375,false,0.000000,execution_costs_v1.0,0.000000,0.000000,,,,
2024-07-29,BHB,BBG001SB8Q79,0,false,32.980000,31.630000,0.000000,-4.093390,false,0.000000,execution_costs_v1.0,0.000000,0.000000,,,,
2024-07-29,BHC,BBG001S7WDP0,0,false,6.040000,5.945000,1.076159,-1.572848,false,0.000000,execution_costs_v1.0,0.000000,0.000000,,,,
2024-07-29,BHE,BBG001S6LXL4,0,false,42.710000,42.280000,0.374620,-1.006790,false,0.000000,execution_costs_v1.0,0.000000,0.000000,,,,
2024-07-29,BHF,BBG00DYPZ4V7,0,false,49.230000,49.040000,1.442210,-0.385944,false,0.000000,execution_costs_v1.0,0.000000,0.000000,,,,
2024-07-29,BHIL,BBG00YMWHGH8,1,false,6.770000,6.630000,0.784343,-2.067947,false,0.000000,execution_costs_v1.0,0.000000,0.000000,,,,
2024-07-29,BHLB,BBG001S5PSK4,0,false,28.120000,27.510000,0.035562,-2.169275,false,0.000000,execution_costs_v1.0,0.000000,0.000000,,,,
2024-07-29,BHRB,BBG019X33P61,0,false,69.200000,67.660000,0.115607,-2.225434,false,0.000000,execution_costs_v1.0,0.000000,0.000000,,,,
2024-07-29,BHVN,0001935979,0,false,41.310000,39.660000,1.549262,-3.994190,false,0.000000,execution_costs_v1.0,0.000000,0.000000,,,,
2024-07-29,BIGC,BBG00W1PSTC5,2,false,8.360000,8.110000,0.179426,-2.990431,false,0.000000,execution_costs_v1.0,0.000000,0.000000,,,,
2024-07-29,BILL,BBG00QVJV7L3,0,false,53.250000,52.940000,0.600939,-0.582160,false,0.000000,execution_costs_v1.0,0.000000,0.000000,,,,
2024-07-29,BIO,BBG001S625W4,0,false,319.800000,325.820000,2.267042,1.882427,false,0.000000,execution_costs_v1.0,0.000000,0.000000,,,,
2024-07-29,BIOX,0001769484,0,false,11.080000,11.000000,1.353791,-0.722022,false,0.000000,execution_costs_v1.0,0.000000,0.000000,,,,
2024-07-29,BIP,0001406234,0,false,30.640000,30.870000,2.937337,0.750653,false,0.000000,execution_costs_v1.0,0.000000,0.000000,,,,
2024-07-29,BIPC,BBG00QDWSVL5,0,false,38.640000,38.180000,0.375259,-1.190476,false,0.000000,execution_costs_v1.0,0.000000,0.000000,,,,
2024-07-29,BIRK,0001977102,1,false,57.340000,58.580000,2.459016,2.162539,false,0.000000,execution_costs_v1.0,0.000000,0.000000,,,,
2024-07-29,BITF,BBG00PGMZVM7,31,true,2.780000,2.555000,2.158273,-8.093525,false,0.000000,execution_costs_v1.0,0.000000,0.000000,,,,
2024-07-29,BJ,BBG00FQ8T4M6,0,false,88.050000,87.950000,0.965361,-0.113572,false,0.000000,execution_costs_v1.0,0.000000,0.000000,,,,
2024-07-29,BJRI,BBG001S970P2,0,false,31.560000,31.740000,0.950570,0.570342,false,0.000000,execution_costs_v1.0,0.000000,0.000000,,,,
2024-07-29,BKD,BBG001SDHC58,1,false,8.030000,7.890000,0.622665,-1.743462,false,0.000000,execution_costs_v1.0,0.000000,0.000000,,,,
2024-07-29,BKE,BBG001S5P6T3,0,false,41.660000,41.820000,0.504081,0.384061,false,0.000000,execution_costs_v1.0,0.000000,0.000000,,,,
2024-07-29,BKH,BBG001S5P6X8,0,false,58.900000,58.320000,0.254669,-0.984720,false,0.000000,execution_costs_v1.0,0.000000,0.000000,,,,
2024-07-29,BKKT,BBG00XRJ7Y59,0,false,19.380000,17.330000,0.000000,-10.577915,false,0.000000,execution_costs_v1.0,0.000000,0.000000,,,,
2024-07-29,BKU,BBG001T5W6B3,0,false,39.070000,38.120000,0.383926,-2.431533,false,0.000000,execution_costs_v1.0,0.000000,0.000000,,,,
2024-07-29,BL,BBG0029KJVD8,1,false,47.840000,47.470000,0.666806,-0.773411,false,0.000000,execution_costs_v1.0,0.000000,0.000000,,,,
2024-07-29,BLBD,BBG006427TN1,0,false,52.750000,51.650000,2.132701,-2.085308,false,0.000000,execution_costs_v1.0,0.000000,0.000000,,,,
2024-07-29,BLCO,BBG014KG1GY8,1,false,15.890000,16.670000,7.614852,4.908748,false,0.000000,execution_costs_v1.0,0.000000,0.000000,,,,
2024-07-29,BLD,BBG0077VS2G6,0,false,469.760000,473.790000,1.038828,0.857885,false,0.000000,execution_costs_v1.0,0.000000,0.000000,,,,
2024-07-29,BLDP,BBG001S5Y1D1,1,false,2.300000,2.250000,0.434783,-2.173913,false,0.000000,execution_costs_v1.0,0.000000,0.000000,,,,
2024-07-29,BLFS,BBG001SFGWZ7,0,false,24.150000,23.820000,0.000000,-1.366460,false,0.000000,execution_costs_v1.0,0.000000,0.000000,,,,
2024-07-29,BLKB,BBG001S9B5W8,0,false,79.980000,79.920000,0.618905,-0.075019,false,0.000000,execution_costs_v1.0,0.000000,0.000000,,,,
2024-07-29,BLMN,BBG002VZ69Q9,1,false,19.960000,20.150000,1.352705,0.951904,false,0.000000,execution_costs_v1.0,0.000000,0.000000,,,,
2024-07-29,BLND,BBG00D0YK7V4,0,false,3.080000,2.920000,0.649351,-5.194805,false,0.000000,execution_costs_v1.0,0.000000,0.000000,,,,
2024-07-29,BLX,0000890541,0,false,32.860000,32.740000,0.000000,-0.365186,false,0.000000,execution_costs_v1.0,0.000000,0.000000,,,,
2024-07-29,BMBL,BBG00Z6RF535,1,false,9.120000,9.150000,1.754386,0.328947,false,0.000000,execution_costs_v1.0,0.000000,0.000000,,,,
2024-07-29,BMI,BBG001S5P8Q2,0,false,207.800000,205.400000,1.200674,-1.154957,false,0.000000,execution_costs_v1.0,0.000000,0.000000,,,,
2024-07-29,BMRC,BBG001S7WFM8,0,false,20.020000,19.620000,4.795205,-1.998002,false,0.000000,execution_costs_v1.0,0.000000,0.000000,,,,
2024-07-29,BNED,BBG009CNQCX5,1,false,9.970000,9.830000,2.808425,-1.404213,false,0.000000,execution_costs_v1.0,0.000000,0.000000,,,,
2024-07-29,BNL,BBG001T61WG3,0,false,18.060000,18.020000,0.221484,-0.221484,false,0.000000,execution_costs_v1.0,0.000000,0.000000,,,,
2024-07-29,BNRE,0001837429,0,false,47.150000,47.480000,0.763521,0.699894,false,0.000000,execution_costs_v1.0,0.000000,0.000000,,,,
2024-07-29,BOC,BBG0021J74C3,0,false,14.730000,14.440000,0.475221,-1.968771,false,0.000000,execution_costs_v1.0,0.000000,0.000000,,,,
2024-07-29,BOH,BBG001S6R977,0,false,68.980000,66.820000,0.028994,-3.131342,false,0.000000,execution_costs_v1.0,0.000000,0.000000,,,,
2024-07-29,BOKF,BBG001S6VBZ6,0,false,106.230000,104.300000,0.249459,-1.816813,false,0.000000,execution_costs_v1.0,0.000000,0.000000,,,,
2024-07-29,BOOT,BBG007D38ZV3,0,false,130.130000,130.300000,1.045109,0.130639,false,0.000000,execution_costs_v1.0,0.000000,0.000000,,,,
2024-07-29,BORR,0001715497,7,false,6.750000,6.445000,0.000000,-4.518519,false,0.000000,execution_costs_v1.0,0.000000,0.000000,,,,
2024-07-29,BOWL,BBG00Z6BJ698,0,false,12.840000,12.790000,2.570093,-0.389408,false,0.000000,execution_costs_v1.0,0.000000,0.000000,,,,
2024-07-29,BOX,BBG001T5R852,0,false,28.030000,27.750000,1.230824,-0.998930,false,0.000000,execution_costs_v1.0,0.000000,0.000000,,,,
2024-07-29,BPMC,BBG001V11BV0,0,false,112.440000,110.160000,0.177873,-2.027748,false,0.000000,execution_costs_v1.0,0.000000,0.000000,,,,
2024-07-29,BPOP,BBG001S5PC01,0,false,103.430000,102.180000,0.000000,-1.208547,false,0.000000,execution_costs_v1.0,0.000000,0.000000,,,,
2024-07-29,BRBR,BBG013QNJHW0,0,false,50.100000,50.970000,4.131737,1.736527,false,0.000000,execution_costs_v1.0,0.000000,0.000000,,,,
2024-07-29,BRC,BBG001S5PCB9,0,false,71.820000,71.980000,0.348092,0.222779,false,0.000000,execution_costs_v1.0,0.000000,0.000000,,,,
2024-07-29,BRCC,BBG0157C6630,0,false,5.800000,5.530000,0.000000,-4.655172,false,0.000000,execution_costs_v1.0,0.000000,0.000000,,,,
2024-07-29,BRKL,BBG001S73383,0,false,10.530000,10.420000,0.759734,-1.044634,false,0.000000,execution_costs_v1.0,0.000000,0.000000,,,,
2024-07-29,BRKR,BBG001SF69P0,0,false,66.810000,66.940000,0.456518,0.194582,false,0.000000,execution_costs_v1.0,0.000000,0.000000,,,,
2024-07-29,BROS,BBG01282ZJ56,1,false,38.390000,38.350000,1.406616,-0.104194,false,0.000000,execution_costs_v1.0,0.000000,0.000000,,,,
2024-07-29,BRSP,BBG00JVRRR41,1,false,6.390000,6.230000,1.017214,-2.503912,false,0.000000,execution_costs_v1.0,0.000000,0.000000,,,,
2024-07-29,BRT,BBG001S5PCX5,0,false,19.580000,19.030000,0.204290,-2.808989,false,0.000000,execution_costs_v1.0,0.000000,0.000000,,,,
2024-07-29,BRX,BBG001V0T8T2,1,false,24.560000,24.720000,1.404723,0.651466,false,0.000000,execution_costs_v1.0,0.000000,0.000000,,,,
2024-07-29,BRY,BBG00H5HHVK0,0,false,6.880000,6.615000,0.000000,-3.851744,false,0.000000,execution_costs_v1.0,0.000000,0.000000,,,,
2024-07-29,BRZE,BBG00294NX54,1,false,42.790000,42.590000,0.806263,-0.467399,false,0.000000,execution_costs_v1.0,0.000000,0.000000,,,,
2024-07-29,BSIG,BBG00P2HLNZ2,0,false,26.020000,25.780000,0.845503,-0.922367,false,0.000000,execution_costs_v1.0,0.000000,0.000000,,,,
2024-07-29,BSM,BBG008B5CF38,1,false,15.420000,15.180000,0.064851,-1.556420,false,0.000000,execution_costs_v1.0,0.000000,0.000000,,,,
2024-07-29,BSRR,BBG001S6XR89,1,false,29.790000,28.620000,0.604230,-3.927492,false,0.000000,execution_costs_v1.0,0.000000,0.000000,,,,
2024-07-29,BSVN,BBG00LV101D9,0,false,42.190000,40.850000,0.000000,-3.176108,false,0.000000,execution_costs_v1.0,0.000000,0.000000,,,,
2024-07-29,BSY,BBG001SBWGV7,0,false,48.620000,48.600000,0.935829,-0.041135,false,0.000000,execution_costs_v1.0,0.000000,0.000000,,,,
2024-07-29,BTBT,0001710350,32,true,3.810000,3.545000,1.968504,-6.955381,false,0.000000,execution_costs_v1.0,0.000000,0.000000,,,,
2024-07-29,BTDR,0001899123,14,true,10.290000,9.610000,0.583090,-6.608358,false,0.000000,execution_costs_v1.0,0.000000,0.000000,,,,
2024-07-29,BTE,BBG001S998N5,4,false,3.460000,3.500000,3.901734,1.156069,false,0.000000,execution_costs_v1.0,0.000000,0.000000,,,,
2024-07-29,BTG,BBG001T0CNW6,6,false,2.940000,2.930000,0.000000,-0.340136,false,0.000000,execution_costs_v1.0,0.000000,0.000000,,,,
2024-07-29,BTSG,BBG0132WL2T0,0,false,12.350000,12.485000,2.267206,1.093117,false,0.000000,execution_costs_v1.0,0.000000,0.000000,,,,
2024-07-29,BTU,BBG00GBV89J5,1,false,22.140000,21.970000,0.677507,-0.767841,false,0.000000,execution_costs_v1.0,0.000000,0.000000,,,,
2024-07-29,BUR,0001714174,1,false,13.840000,13.480000,1.445087,-2.601156,false,0.000000,execution_costs_v1.0,0.000000,0.000000,,,,
2024-07-29,BUSE,BBG001SBH5P5,0,false,28.410000,27.500000,0.000000,-3.203098,false,0.000000,execution_costs_v1.0,0.000000,0.000000,,,,
2024-07-29,BV,BBG00L1LT744,0,false,13.550000,13.440000,0.516605,-0.811808,false,0.000000,execution_costs_v1.0,0.000000,0.000000,,,,
2024-07-29,BVS,BBG00D8550C2,0,false,7.500000,7.340000,0.666667,-2.133333,false,0.000000,execution_costs_v1.0,0.000000,0.000000,,,,
2024-07-29,BWA,BBG001S7F4D2,0,false,32.750000,32.730000,0.229008,-0.061069,false,0.000000,execution_costs_v1.0,0.000000,0.000000,,,,
2024-07-29,BWB,BBG001SQNYQ1,0,false,14.500000,13.940000,0.000000,-3.862069,false,0.000000,execution_costs_v1.0,0.000000,0.000000,,,,
2024-07-29,BWMN,BBG003BPV1R9,0,false,35.400000,34.080000,1.186441,-3.728814,false,0.000000,execution_costs_v1.0,0.000000,0.000000,,,,
2024-07-29,BWMX,0001788257,0,false,14.690000,14.980000,2.032675,1.974132,false,0.000000,execution_costs_v1.0,0.000000,0.000000,,,,
2024-07-29,BWXT,BBG001SGJPH7,0,false,99.720000,98.230000,0.180505,-1.494184,false,0.000000,execution_costs_v1.0,0.000000,0.000000,,,,
2024-07-29,BXC,BBG001SHHF25,0,false,125.280000,122.980000,0.175607,-1.835888,false,0.000000,execution_costs_v1.0,0.000000,0.000000,,,,
2024-07-29,BXMT,BBG001S5Q7V7,1,false,17.680000,18.015000,2.658371,1.894796,false,0.000000,execution_costs_v1.0,0.000000,0.000000,,,,
2024-07-29,BXP,BBG001S9TWV1,3,false,70.730000,71.360000,1.300721,0.890711,false,0.000000,execution_costs_v1.0,0.000000,0.000000,,,,
2024-07-29,BXSL,BBG00MS80PP0,1,false,30.630000,30.530000,0.555011,-0.326477,false,0.000000,execution_costs_v1.0,0.000000,0.000000,,,,
2024-07-29,BY,BBG001SMZRV6,0,false,29.380000,28.260000,0.000000,-3.812117,false,0.000000,execution_costs_v1.0,0.000000,0.000000,,,,
2024-07-29,BYD,BBG001S7DMW3,0,false,61.040000,61.490000,1.179554,0.737221,false,0.000000,execution_costs_v1.0,0.000000,0.000000,,,,
2024-07-29,BYND,BBG003CVJP69,7,false,6.260000,6.020000,4.472843,-3.833866,false,0.000000,execution_costs_v1.0,0.000000,0.000000,,,,
2024-07-29,BYON,BBG001S64TS5,15,true,14.000000,13.590000,0.107143,-2.928571,false,0.000000,execution_costs_v1.0,0.000000,0.000000,,,,
2024-07-29,BZFD,BBG00YPS9KZ4,1,false,2.820000,2.870000,7.801418,1.773050,false,0.000000,execution_costs_v1.0,0.000000,0.000000,,,,
2024-07-29,BZH,BBG001S76DH8,0,false,34.110000,33.650000,0.469071,-1.348578,false,0.000000,execution_costs_v1.0,0.000000,0.000000,,,,
2024-07-29,CAAP,0001717393,0,false,16.250000,16.310000,0.676923,0.369231,false,0.000000,execution_costs_v1.0,0.000000,0.000000,,,,
2024-07-29,CABA,BBG00MJ3BKX1,0,false,7.210000,7.090000,0.693481,-1.664355,false,0.000000,execution_costs_v1.0,0.000000,0.000000,,,,
2024-07-29,CABO,BBG001SFK9N6,0,false,391.500000,411.170000,5.739464,5.024266,false,0.000000,execution_costs_v1.0,0.000000,0.000000,,,,
2024-07-29,CAC,BBG001S5PGN7,0,false,40.720000,40.080000,0.884086,-1.571709,false,0.000000,execution_costs_v1.0,0.000000,0.000000,,,,
2024-07-29,CACI,BBG001SF9NK1,0,false,450.970000,452.070000,0.569883,0.243919,false,0.000000,execution_costs_v1.0,0.000000,0.000000,,,,
2024-07-29,CADE,BBG001SHFG98,0,false,33.650000,32.940000,0.118871,-2.109955,false,0.000000,execution_costs_v1.0,0.000000,0.000000,,,,
2024-07-29,CAE,BBG001S5Y4F3,0,false,17.740000,17.974700,1.550169,1.322999,false,0.000000,execution_costs_v1.0,0.000000,0.000000,,,,
2024-07-29,CAG,BBG001S5PGY5,0,false,29.960000,30.160000,1.368491,0.667557,false,0.000000,execution_costs_v1.0,0.000000,0.000000,,,,
2024-07-29,CAKE,BBG001S71Q75,0,false,37.390000,38.260000,2.460551,2.326825,false,0.000000,execution_costs_v1.0,0.000000,0.000000,,,,
2024-07-29,CAL,BBG001S76YV6,0,false,37.460000,37.060000,0.347037,-1.067806,false,0.000000,execution_costs_v1.0,0.000000,0.000000,,,,
2024-07-29,CALM,BBG001S80MM6,0,false,70.700000,70.620000,0.183876,-0.113154,false,0.000000,execution_costs_v1.0,0.000000,0.000000,,,,
2024-07-29,CALX,BBG001T633M8,0,false,37.060000,39.780000,7.393416,7.339450,false,0.000000,execution_costs_v1.0,0.000000,0.000000,,,,
2024-07-29,CAMT,0001109138,2,false,103.010000,102.510000,6.164450,-0.485390,false,0.000000,execution_costs_v1.0,0.000000,0.000000,,,,
2024-07-29,CAPL,BBG002Z9XF16,0,false,20.260000,20.160000,0.691017,-0.493583,false,0.000000,execution_costs_v1.0,0.000000,0.000000,,,,
2024-07-29,CAR,BBG001S8S6R6,0,false,103.630000,100.710000,0.829876,-2.817717,false,0.000000,execution_costs_v1.0,0.000000,0.000000,,,,
2024-07-29,CARE,BBG00Y9DFYK4,0,false,16.880000,16.090000,0.000000,-4.680095,false,0.000000,execution_costs_v1.0,0.000000,0.000000,,,,
2024-07-29,CARG,BBG00HQ77DT1,0,false,25.440000,25.120000,1.080975,-1.257862,false,0.000000,execution_costs_v1.0,0.000000,0.000000,,,,
2024-07-29,CARS,BBG001SP6HB5,0,false,20.000000,19.870000,2.875000,-0.650000,false,0.000000,execution_costs_v1.0,0.000000,0.000000,,,,
2024-07-29,CART,BBG00KG5VJG3,0,false,34.500000,34.550000,0.811594,0.144928,false,0.000000,execution_costs_v1.0,0.000000,0.000000,,,,
2024-07-29,CASH,BBG001S7G4Q7,0,false,68.700000,67.670000,0.363901,-1.499272,false,0.000000,execution_costs_v1.0,0.000000,0.000000,,,,
2024-07-29,CASS,BBG001S5VK42,0,false,42.150000,41.805000,0.142349,-0.818505,false,0.000000,execution_costs_v1.0,0.000000,0.000000,,,,
2024-07-29,CASY,BBG001S5PHZ2,0,false,392.470000,388.155000,0.651005,-1.099447,false,0.000000,execution_costs_v1.0,0.000000,0.000000,,,,
2024-07-29,CATX,BBG001S5Q300,0,false,13.600000,12.640000,1.029412,-7.058824,false,0.000000,execution_costs_v1.0,0.000000,0.000000,,,,
2024-07-29,CATY,BBG001S6PB10,0,false,45.210000,44.030000,0.000000,-2.610042,false,0.000000,execution_costs_v1.0,0.000000,0.000000,,,,
2024-07-29,CAVA,BBG00GBR8762,6,false,80.350000,82.470000,4.517735,2.638457,false,0.000000,execution_costs_v1.0,0.000000,0.000000,,,,
2024-07-29,CBL,BBG01396RPH6,0,false,26.240000,25.980000,0.133384,-0.990854,false,0.000000,execution_costs_v1.0,0.000000,0.000000,,,,
2024-07-29,CBNK,BBG001SMZRH2,0,false,25.980000,24.940000,0.000000,-4.003079,false,0.000000,execution_costs_v1.0,0.000000,0.000000,,,,
2024-07-29,CBRL,BBG001S5PK03,0,false,43.440000,45.270000,4.719153,4.212707,false,0.000000,execution_costs_v1.0,0.000000,0.000000,,,,
2024-07-29,CBSH,BBG001S5PK21,0,false,65.440000,64.970000,0.000000,-0.718215,false,0.000000,execution_costs_v1.0,0.000000,0.000000,,,,
2024-07-29,CBT,BBG001S5PK58,0,false,98.000000,98.630000,1.030612,0.642857,false,0.000000,execution_costs_v1.0,0.000000,0.000000,,,,
2024-07-29,CBU,BBG001S5PK76,0,false,62.810000,60.750000,0.393249,-3.279733,false,0.000000,execution_costs_v1.0,0.000000,0.000000,,,,
2024-07-29,CBZ,BBG001S8MB55,0,false,85.920000,84.670000,0.418994,-1.454842,false,0.000000,execution_costs_v1.0,0.000000,0.000000,,,,
2024-07-29,CC,BBG005H82GC1,0,false,24.430000,23.860000,0.245600,-2.333197,false,0.000000,execution_costs_v1.0,0.000000,0.000000,,,,
2024-07-29,CCAP,BBG009NX1JV5,0,false,18.740000,18.840000,1.173959,0.533618,false,0.000000,execution_costs_v1.0,0.000000,0.000000,,,,
2024-07-29,CCB,BBG001SN16N6,0,false,52.990000,52.665000,0.000000,-0.613323,false,0.000000,execution_costs_v1.0,0.000000,0.000000,,,,
2024-07-29,CCBG,BBG001S9K7B7,1,false,34.530000,35.070000,2.056183,1.563858,false,0.000000,execution_costs_v1.0,0.000000,0.000000,,,,
2024-07-29,CCCC,BBG00BV2Y9C6,1,false,6.510000,6.520000,1.689708,0.153610,false,0.000000,execution_costs_v1.0,0.000000,0.000000,,,,
2024-07-29,CCCS,BBG00WNSJM58,1,false,11.120000,11.030000,0.224820,-0.809353,false,0.000000,execution_costs_v1.0,0.000000,0.000000,,,,
2024-07-29,CCD,BBG0065XMFM6,0,false,22.500000,22.580000,0.866667,0.355556,false,0.000000,execution_costs_v1.0,0.000000,0.000000,,,,
2024-07-29,CCK,BBG001S5PKZ5,4,false,87.500000,86.780000,0.514286,-0.822857,false,0.000000,execution_costs_v1.0,0.000000,0.000000,,,,
2024-07-29,CCNE,BBG001S80QZ3,0,false,26.100000,25.630000,0.000000,-1.800766,false,0.000000,execution_costs_v1.0,0.000000,0.000000,,,,
2024-07-29,CCO,BBG001SY0WV7,0,false,1.660000,1.660000,2.409639,0.000000,false,0.000000,execution_costs_v1.0,0.000000,0.000000,,,,
2024-07-29,CCOI,BBG001SC5GP2,0,false,68.740000,67.010000,0.174571,-2.516730,false,0.000000,execution_costs_v1.0,0.000000,0.000000,,,,
2024-07-29,CCRN,BBG001SG7SC9,0,false,16.550000,16.590000,1.329305,0.241692,false,0.000000,execution_costs_v1.0,0.000000,0.000000,,,,
2024-07-29,CCS,BBG006G413H4,0,false,102.240000,102.880000,1.398670,0.625978,false,0.000000,execution_costs_v1.0,0.000000,0.000000,,,,
2024-07-29,CCSI,BBG0105XBRJ8,0,false,22.490000,21.760000,0.000000,-3.245887,false,0.000000,execution_costs_v1.0,0.000000,0.000000,,,,
2024-07-29,CDE,BBG001S5PM54,10,true,6.360000,6.210000,0.786164,-2.358491,false,0.000000,execution_costs_v1.0,0.000000,0.000000,,,,
2024-07-29,CDLX,BBG00225ZDF8,0,false,8.560000,8.340000,4.439252,-2.570093,false,0.000000,execution_costs_v1.0,0.000000,0.000000,,,,
2024-07-29,CDMO,BBG001SD4YL6,0,false,10.240000,9.940000,0.683594,-2.929688,false,0.000000,execution_costs_v1.0,0.000000,0.000000,,,,
2024-07-29,CDNA,BBG006JS5794,0,false,19.060000,18.710000,0.708290,-1.836306,false,0.000000,execution_costs_v1.0,0.000000,0.000000,,,,
2024-07-29,CDP,BBG001S5XVM6,0,false,28.340000,28.270000,0.264644,-0.247001,false,0.000000,execution_costs_v1.0,0.000000,0.000000,,,,
2024-07-29,CDRE,BBG011RK3P21,0,false,37.070000,36.530000,0.566496,-1.456704,false,0.000000,execution_costs_v1.0,0.000000,0.000000,,,,
2024-07-29,CDRO,0001866782,0,false,7.810000,7.700000,1.920615,-1.408451,false,0.000000,execution_costs_v1.0,0.000000,0.000000,,,,
2024-07-29,CDTX,BBG006R5MFV3,0,false,13.030000,13.050000,1.326938,0.153492,false,0.000000,execution_costs_v1.0,0.000000,0.000000,,,,
2024-07-29,CECO,BBG001S6PJV0,0,false,30.200000,30.020000,1.225166,-0.596026,false,0.000000,execution_costs_v1.0,0.000000,0.000000,,,,
2024-07-29,CEIX,BBG00HC115M9,0,false,98.900000,97.670000,2.310415,-1.243680,false,0.000000,execution_costs_v1.0,0.000000,0.000000,,,,
2024-07-29,CELC,BBG00HKBW054,0,false,18.720000,17.970000,0.801282,-4.006410,false,0.000000,execution_costs_v1.0,0.000000,0.000000,,,,
2024-07-29,CELH,BBG001SQSKT3,25,true,48.470000,46.880000,0.350732,-3.280380,false,0.000000,execution_costs_v1.0,0.000000,0.000000,,,,
2024-07-29,CELU,BBG00P2RTT43,0,false,3.040000,3.020000,3.618421,-0.657895,false,0.000000,execution_costs_v1.0,0.000000,0.000000,,,,
2024-07-29,CENTA,BBG001SLHT35,0,false,33.990000,33.915000,0.912033,-0.220653,false,0.000000,execution_costs_v1.0,0.000000,0.000000,,,,
2024-07-29,CENX,BBG001S766G4,1,false,15.210000,14.940000,1.380671,-1.775148,false,0.000000,execution_costs_v1.0,0.000000,0.000000,,,,
2024-07-29,CEPU,BBG00JNMX9L5,0,false,8.640000,8.280000,0.000000,-4.166667,false,0.000000,execution_costs_v1.0,0.000000,0.000000,,,,
2024-07-29,CERE,BBG00VCYVLJ2,6,false,44.610000,44.400000,0.044833,-0.470746,false,0.000000,execution_costs_v1.0,0.000000,0.000000,,,,
2024-07-29,CERS,BBG001S97DG4,0,false,2.370000,2.300000,2.320675,-2.953586,false,0.000000,execution_costs_v1.0,0.000000,0.000000,,,,
2024-07-29,CERT,BBG00Y7BR4L2,0,false,15.770000,15.525000,0.792644,-1.553583,false,0.000000,execution_costs_v1.0,0.000000,0.000000,,,,
2024-07-29,CEVA,BBG001S9R702,0,false,20.640000,20.070000,0.944767,-2.761628,false,0.000000,execution_costs_v1.0,0.000000,0.000000,,,,
2024-07-29,CF,BBG001SJ8KV8,0,false,75.010000,74.650000,0.279963,-0.479936,false,0.000000,execution_costs_v1.0,0.000000,0.000000,,,,
2024-07-29,CFB,BBG001T6G4Z8,0,false,18.730000,18.660000,0.000000,-0.373732,false,0.000000,execution_costs_v1.0,0.000000,0.000000,,,,
2024-07-29,CFFN,BBG001SBWDX2,0,false,6.480000,6.390000,0.308642,-1.388889,false,0.000000,execution_costs_v1.0,0.000000,0.000000,,,,
2024-07-29,CFLT,BBG007HWGYS3,0,false,25.340000,24.590000,0.000000,-2.959747,false,0.000000,execution_costs_v1.0,0.000000,0.000000,,,,
2024-07-29,CFR,BBG001S6D2D0,0,false,120.120000,117.940000,0.058275,-1.814852,false,0.000000,execution_costs_v1.0,0.000000,0.000000,,,,
2024-07-29,CGAU,BBG001SLVFY5,0,false,6.620000,6.630000,0.755287,0.151057,false,0.000000,execution_costs_v1.0,0.000000,0.000000,,,,
2024-07-29,CGBD,BBG00GQVWWQ3,3,false,18.000000,17.410000,1.611111,-3.277778,false,0.000000,execution_costs_v1.0,0.000000,0.000000,,,,
2024-07-29,CGC,BBG001T6MH82,11,true,7.380000,7.380000,4.065041,0.000000,false,0.000000,execution_costs_v1.0,0.000000,0.000000,,,,
2024-07-29,CGEM,BBG00HW2DGR3,0,false,20.180000,19.370000,0.916749,-4.013875,false,0.000000,execution_costs_v1.0,0.000000,0.000000,,,,
2024-07-29,CGNT,0001824814,0,false,7.610000,7.570000,0.671485,-0.525624,false,0.000000,execution_costs_v1.0,0.000000,0.000000,,,,
2024-07-29,CGNX,BBG001S5TC16,0,false,49.990000,49.470000,0.280056,-1.040208,false,0.000000,execution_costs_v1.0,0.000000,0.000000,,,,
2024-07-29,CHCO,BBG001S5PR71,0,false,123.680000,120.290000,0.000000,-2.740944,false,0.000000,execution_costs_v1.0,0.000000,0.000000,,,,
2024-07-29,CHCT,BBG008G2P3N1,0,false,27.160000,26.820000,0.165685,-1.251841,false,0.000000,execution_costs_v1.0,0.000000,0.000000,,,,
2024-07-29,CHDN,BBG001S67Z80,0,false,142.650000,144.980000,2.053978,1.633368,false,0.000000,execution_costs_v1.0,0.000000,0.000000,,,,
2024-07-29,CHEF,BBG001V11JN2,0,false,42.560000,41.020000,4.746241,-3.618421,false,0.000000,execution_costs_v1.0,0.000000,0.000000,,,,
2024-07-29,CHGG,BBG001TBCK85,2,false,3.550000,3.435000,1.690141,-3.239437,false,0.000000,execution_costs_v1.0,0.000000,0.000000,,,,
2024-07-29,CHH,BBG001S997X6,0,false,128.000000,129.800000,1.515625,1.406250,false,0.000000,execution_costs_v1.0,0.000000,0.000000,,,,
2024-07-29,CHI,BBG001SG6175,0,false,11.450000,11.350000,0.000000,-0.873362,false,0.000000,execution_costs_v1.0,0.000000,0.000000,,,,
2024-07-29,CHK,BBG00Z6DX607,1,false,77.830000,76.565000,0.000000,-1.625337,false,0.000000,execution_costs_v1.0,0.000000,0.000000,,,,
2024-07-29,CHPT,BBG00Q741ZS7,24,true,2.230000,2.085000,0.448430,-6.502242,false,0.000000,execution_costs_v1.0,0.000000,0.000000,,,,
2024-07-29,CHRD,BBG00Y7BLJF2,0,false,173.260000,169.270000,0.173150,-2.302897,false,0.000000,execution_costs_v1.0,0.000000,0.000000,,,,
2024-07-29,CHRW,BBG001SB6KF5,0,false,89.590000,89.250000,0.357183,-0.379507,false,0.000000,execution_costs_v1.0,0.000000,0.000000,,,,
2024-07-29,CHUY,BBG001YR4229,4,false,37.060000,37.080000,0.188883,0.053967,false,0.000000,execution_costs_v1.0,0.000000,0.000000,,,,
2024-07-29,CHW,BBG001SQN842,0,false,6.750000,6.770000,1.925926,0.296296,false,0.000000,execution_costs_v1.0,0.000000,0.000000,,,,
2024-07-29,CHWY,BBG00P19DLQ4,14,true,25.030000,24.390000,0.799041,-2.556932,false,0.000000,execution_costs_v1.0,0.000000,0.000000,,,,
2024-07-29,CHX,BBG00JH9V005,0,false,34.290000,33.900000,0.758239,-1.137358,false,0.000000,execution_costs_v1.0,0.000000,0.000000,,,,
2024-07-29,CHY,BBG001S8SMN5,0,false,11.160000,11.130000,0.536738,-0.268817,false,0.000000,execution_costs_v1.0,0.000000,0.000000,,,,
2024-07-29,CIEN,BBG001S61J73,0,false,50.250000,50.140000,1.194030,-0.218905,false,0.000000,execution_costs_v1.0,0.000000,0.000000,,,,
2024-07-29,CIFR,BBG00XYHY0L1,28,true,6.030000,5.580000,2.480929,-7.462687,false,0.000000,execution_costs_v1.0,0.000000,0.000000,,,,
2024-07-29,CIGI,BBG001S79G88,0,false,139.520000,137.100000,0.523222,-1.734518,false,0.000000,execution_costs_v1.0,0.000000,0.000000,,,,
2024-07-29,CIM,BBG001SR1G28,0,false,15.020000,14.890000,1.098535,-0.865513,false,0.000000,execution_costs_v1.0,0.000000,0.000000,,,,
2024-07-29,CINT,0001868995,0,false,6.170000,6.045000,1.296596,-2.025932,false,0.000000,execution_costs_v1.0,0.000000,0.000000,,,,
2024-07-29,CION,BBG009KJ66C3,1,false,12.290000,12.250000,0.325468,-0.325468,false,0.000000,execution_costs_v1.0,0.000000,0.000000,,,,
2024-07-29,CIVI,BBG00GLNJ0R0,0,false,70.840000,68.790000,0.691700,-2.893845,false,0.000000,execution_costs_v1.0,0.000000,0.000000,,,,
2024-07-29,CIX,BBG001S643N7,0,false,25.000000,25.210000,0.840000,0.840000,false,0.000000,execution_costs_v1.0,0.000000,0.000000,,,,
2024-07-29,CJET,0001957413,2,false,3.570000,3.270000,2.801120,-8.403361,false,0.000000,execution_costs_v1.0,0.000000,0.000000,,,,
2024-07-29,CLB,BBG01GG28WT1,0,false,24.160000,23.750000,2.607616,-1.697020,false,0.000000,execution_costs_v1.0,0.000000,0.000000,,,,
2024-07-29,CLBK,BBG003222R95,0,false,18.510000,17.420000,0.000000,-5.888709,false,0.000000,execution_costs_v1.0,0.000000,0.000000,,,,
2024-07-29,CLBT,0001854587,1,false,14.090000,13.645000,0.141945,-3.158268,false,0.000000,execution_costs_v1.0,0.000000,0.000000,,,,
2024-07-29,CLCO,0001944057,1,false,12.060000,12.300000,2.238806,1.990050,false,0.000000,execution_costs_v1.0,0.000000,0.000000,,,,
2024-07-29,CLDT,BBG001T5ZKL8,0,false,9.000000,8.860000,0.000000,-1.555556,false,0.000000,execution_costs_v1.0,0.000000,0.000000,,,,
2024-07-29,CLDX,BBG001S7QN20,1,false,44.430000,41.980000,0.427639,-5.514292,false,0.000000,execution_costs_v1.0,0.000000,0.000000,,,,
2024-07-29,CLF,BBG001S5PW43,5,false,15.410000,15.260000,0.324465,-0.973394,false,0.000000,execution_costs_v1.0,0.000000,0.000000,,,,
2024-07-29,CLFD,BBG001S5NS35,0,false,41.820000,42.310000,2.199665,1.171688,false,0.000000,execution_costs_v1.0,0.000000,0.000000,,,,
2024-07-29,CLH,BBG001S5PW98,0,false,223.950000,222.940000,0.580487,-0.450994,false,0.000000,execution_costs_v1.0,0.000000,0.000000,,,,
2024-07-29,CLMB,BBG001S5T4D1,0,false,67.810000,66.960000,0.000000,-1.253502,false,0.000000,execution_costs_v1.0,0.000000,0.000000,,,,
2024-07-29,CLMT,BBG01NQ82GC1,1,false,13.220000,12.650000,0.680787,-4.311649,false,0.000000,execution_costs_v1.0,0.000000,0.000000,,,,
2024-07-29,CLNE,BBG001SPD4H0,0,false,2.630000,2.530000,0.760456,-3.802281,false,0.000000,execution_costs_v1.0,0.000000,0.000000,,,,
2024-07-29,CLNN,BBG00X3GTK84,1,false,4.650000,4.460000,0.000000,-4.086022,false,0.000000,execution_costs_v1.0,0.000000,0.000000,,,,
2024-07-29,CLOV,BBG00SHY90K3,10,true,1.750000,1.760000,4.000000,0.571429,false,0.000000,execution_costs_v1.0,0.000000,0.000000,,,,
2024-07-29,CLS,BBG001S9CXM7,8,false,53.030000,50.010000,0.716576,-5.694890,false,0.000000,execution_costs_v1.0,0.000000,0.000000,,,,
2024-07-29,CLSK,BBG001S7F576,59,true,17.770000,16.285000,1.575689,-8.356781,false,0.000000,execution_costs_v1.0,0.000000,0.000000,,,,
2024-07-29,CLVT,0001764046,1,false,7.050000,6.830000,0.283688,-3.120567,false,0.000000,execution_costs_v1.0,0.000000,0.000000,,,,
2024-07-29,CLW,BBG001T3T1B3,0,false,56.010000,55.890000,0.714158,-0.214247,false,0.000000,execution_costs_v1.0,0.000000,0.000000,,,,
2024-07-29,CMA,BBG001S6PXB1,0,false,53.660000,53.200000,0.130451,-0.857249,false,0.000000,execution_costs_v1.0,0.000000,0.000000,,,,
2024-07-29,CMAX,BBG00VWC4RQ7,23,true,6.080000,6.310000,4.934211,3.782895,false,0.000000,execution_costs_v1.0,0.000000,0.000000,,,,
2024-07-29,CMC,BBG001S5PXG8,0,false,60.140000,60.020000,0.864649,-0.199534,false,0.000000,execution_costs_v1.0,0.000000,0.000000,,,,
2024-07-29,CMCO,BBG001S5VFS7,0,false,39.420000,39.300000,0.862506,-0.304414,false,0.000000,execution_costs_v1.0,0.000000,0.000000,,,,
2024-07-29,CMG,BBG001SP50B3,36,true,49.910000,50.960000,2.764977,2.103787,false,0.000000,execution_costs_v1.0,0.000000,0.000000,,,,
2024-07-29,CMP,BBG001SDY0X4,0,false,13.080000,12.870000,1.146789,-1.605505,false,0.000000,execution_costs_v1.0,0.000000,0.000000,,,,
2024-07-29,CMPR,0001262976,0,false,90.720000,89.840000,1.058201,-0.970018,false,0.000000,execution_costs_v1.0,0.000000,0.000000,,,,
2024-07-29,CMRE,0001503584,0,false,14.200000,14.170000,2.535211,-0.211268,false,0.000000,execution_costs_v1.0,0.000000,0.000000,,,,
2024-07-29,CMTG,BBG00PT33814,0,false,9.640000,9.400000,0.414938,-2.489627,false,0.000000,execution_costs_v1.0,0.000000,0.000000,,,,
2024-07-29,CNA,BBG001S5PYX7,2,false,50.000000,49.240000,1.580000,-1.520000,false,0.000000,execution_costs_v1.0,0.000000,0.000000,,,,
2024-07-29,CNDT,BBG00C1BZMV6,0,false,4.070000,4.070000,2.702703,0.000000,false,0.000000,execution_costs_v1.0,0.000000,0.000000,,,,
2024-07-29,CNK,BBG001SS31W4,0,false,22.060000,22.570000,2.719855,2.311877,false,0.000000,execution_costs_v1.0,0.000000,0.000000,,,,
2024-07-29,CNM,BBG01163K3R5,0,false,54.090000,53.500000,0.831947,-1.090775,false,0.000000,execution_costs_v1.0,0.000000,0.000000,,,,
2024-07-29,CNMD,BBG001S5PZH2,0,false,71.220000,70.090000,1.081157,-1.586633,false,0.000000,execution_costs_v1.0,0.000000,0.000000,,,,
2024-07-29,CNNE,BBG00GXRNJQ3,0,false,20.210000,19.980000,0.000000,-1.138050,false,0.000000,execution_costs_v1.0,0.000000,0.000000,,,,
2024-07-29,CNO,BBG001SBR6X3,0,false,31.200000,31.000000,0.320513,-0.641026,false,0.000000,execution_costs_v1.0,0.000000,0.000000,,,,
2024-07-29,CNOB,BBG001S6YLR0,0,false,25.270000,24.080000,0.000000,-4.709141,false,0.000000,execution_costs_v1.0,0.000000,0.000000,,,,
2024-07-29,CNS,BBG001S5PZN5,0,false,86.200000,84.090000,0.406032,-2.447796,false,0.000000,execution_costs_v1.0,0.000000,0.000000,,,,
2024-07-29,CNSL,BBG001S5PL29,0,false,4.570000,4.585000,0.437637,0.328228,false,0.000000,execution_costs_v1.0,0.000000,0.000000,,,,
2024-07-29,CNX,BBG001SC7TN4,0,false,25.310000,25.765000,1.935994,1.797708,false,0.000000,execution_costs_v1.0,0.000000,0.000000,,,,
2024-07-29,CNXC,BBG00RCNQMY2,0,false,67.230000,67.820000,1.160196,0.877584,false,0.000000,execution_costs_v1.0,0.000000,0.000000,,,,
2024-07-29,CNXN,BBG001S96MG5,0,false,68.890000,67.930000,0.522572,-1.393526,false,0.000000,execution_costs_v1.0,0.000000,0.000000,,,,
2024-07-29,COCO,BBG012QFVTF8,0,false,24.250000,23.680000,0.536082,-2.350515,false,0.000000,execution_costs_v1.0,0.000000,0.000000,,,,
2024-07-29,CODI,BBG001SPY7K6,0,false,23.990000,23.490000,0.000000,-2.084202,false,0.000000,execution_costs_v1.0,0.000000,0.000000,,,,
2024-07-29,COGT,BBG007DHY102,0,false,9.540000,9.380000,0.943396,-1.677149,false,0.000000,execution_costs_v1.0,0.000000,0.000000,,,,
2024-07-29,COHR,BBG001S5S6N6,1,false,71.290000,69.240000,0.813578,-2.875579,false,0.000000,execution_costs_v1.0,0.000000,0.000000,,,,
2024-07-29,COHU,BBG001S87LQ7,1,false,31.950000,31.880000,1.502347,-0.219092,false,0.000000,execution_costs_v1.0,0.000000,0.000000,,,,
2024-07-29,COLB,BBG001S72GJ3,0,false,27.070000,26.130000,0.036941,-3.472479,false,0.000000,execution_costs_v1.0,0.000000,0.000000,,,,
2024-07-29,COLD,BBG001SMQ866,1,false,29.520000,29.470000,0.914634,-0.169377,false,0.000000,execution_costs_v1.0,0.000000,0.000000,,,,
2024-07-29,COLL,BBG001T535S9,0,false,36.000000,34.960000,0.000000,-2.888889,false,0.000000,execution_costs_v1.0,0.000000,0.000000,,,,
2024-07-29,COLM,BBG001S90WD2,0,false,76.770000,78.975000,3.412791,2.872216,false,0.000000,execution_costs_v1.0,0.000000,0.000000,,,,
2024-07-29,COMM,BBG004LTL7M1,9,false,2.000000,2.310000,21.500000,15.500000,true,0.000000,execution_costs_v1.0,0.000000,0.000000,,,,
2024-07-29,COMP,BBG00J5SXTJ1,0,false,4.440000,4.465000,2.475225,0.563063,false,0.000000,execution_costs_v1.0,0.000000,0.000000,,,,
2024-07-29,COO,BBG001S5Q1H6,0,false,93.310000,92.580000,0.739471,-0.782338,false,0.000000,execution_costs_v1.0,0.000000,0.000000,,,,
2024-07-29,COOK,BBG011PTS834,0,false,2.500000,2.405000,0.000000,-3.800000,false,0.000000,execution_costs_v1.0,0.000000,0.000000,,,,
2024-07-29,COOP,BBG002V09956,0,false,95.000000,91.520000,0.224421,-3.663158,false,0.000000,execution_costs_v1.0,0.000000,0.000000,,,,
2024-07-29,CORT,BBG001S8QGV1,1,false,35.960000,36.530000,2.836485,1.585095,false,0.000000,execution_costs_v1.0,0.000000,0.000000,,,,
2024-07-29,CORZ,BBG01L5GH1G3,21,true,10.520000,9.560000,2.946768,-9.125475,false,0.000000,execution_costs_v1.0,0.000000,0.000000,,,,
2024-07-29,COTY,BBG001S8GLM1,2,false,9.870000,9.985000,2.532928,1.165147,false,0.000000,execution_costs_v1.0,0.000000,0.000000,,,,
2024-07-29,COUR,BBG002WLDMY3,12,true,10.610000,9.355000,0.000000,-11.828464,false,0.000000,execution_costs_v1.0,0.000000,0.000000,,,,
2024-07-29,CPA,0001345105,0,false,92.320000,91.090000,0.097487,-1.332322,false,0.000000,execution_costs_v1.0,0.000000,0.000000,,,,
2024-07-29,CPB,BBG001S5Q2B0,0,false,46.670000,47.010000,0.899936,0.728519,false,0.000000,execution_costs_v1.0,0.000000,0.000000,,,,
2024-07-29,CPF,BBG001S5Q2C9,0,false,25.880000,25.160000,0.463679,-2.782071,false,0.000000,execution_costs_v1.0,0.000000,0.000000,,,,
2024-07-29,CPK,BBG001SCP5R2,0,false,119.390000,117.620000,0.058631,-1.482536,false,0.000000,execution_costs_v1.0,0.000000,0.000000,,,,
2024-07-29,CPLP,0001392326,0,false,16.475000,16.480000,0.273748,0.030349,false,0.000000,execution_costs_v1.0,0.000000,0.000000,,,,
2024-07-29,CPRI,0001530721,0,false,33.750000,33.730000,0.014815,-0.059259,false,0.000000,execution_costs_v1.0,0.000000,0.000000,,,,
2024-07-29,CPRX,BBG001SRHS16,1,false,17.780000,17.480000,1.181102,-1.687289,false,0.000000,execution_costs_v1.0,0.000000,0.000000,,,,
2024-07-29,CPT,BBG001S5Q6V9,0,false,113.170000,113.450000,0.508085,0.247415,false,0.000000,execution_costs_v1.0,0.000000,0.000000,,,,
2024-07-29,CPZ,BBG00PWZGZZ8,0,false,15.570000,15.570000,0.965318,0.000000,false,0.000000,execution_costs_v1.0,0.000000,0.000000,,,,
2024-07-29,CR,BBG016G0L0V9,1,false,158.000000,159.670000,2.708797,1.056962,false,0.000000,execution_costs_v1.0,0.000000,0.000000,,,,
2024-07-29,CRAI,BBG001SBRK80,0,false,181.930000,178.330000,0.274831,-1.978783,false,0.000000,execution_costs_v1.0,0.000000,0.000000,,,,
2024-07-29,CRC,BBG00Y04KQ51,0,false,51.300000,50.950000,1.461988,-0.682261,false,0.000000,execution_costs_v1.0,0.000000,0.000000,,,,
2024-07-29,CRCT,BBG00XJFB224,0,false,6.430000,6.390000,1.632970,-0.622084,false,0.000000,execution_costs_v1.0,0.000000,0.000000,,,,
2024-07-29,CRD.A,BBG001S5TK72,0,false,9.970000,9.680000,0.300903,-2.908726,false,0.000000,execution_costs_v1.0,0.000000,0.000000,,,,
2024-07-29,CRDO,0001807794,0,false,28.960000,27.370000,1.174033,-5.490331,false,0.000000,execution_costs_v1.0,0.000000,0.000000,,,,
2024-07-29,CRGX,BBG01D59LZS4,0,false,18.100000,16.920000,0.000000,-6.519337,false,0.000000,execution_costs_v1.0,0.000000,0.000000,,,,
2024-07-29,CRGY,BBG013THLJ08,0,false,12.090000,11.780000,0.330852,-2.564103,false,0.000000,execution_costs_v1.0,0.000000,0.000000,,,,
2024-07-29,CRI,BBG001SCJ3Q5,0,false,58.020000,60.650000,4.584626,4.532920,false,0.000000,execution_costs_v1.0,0.000000,0.000000,,,,
2024-07-29,CRK,BBG001S8FX55,1,false,10.400000,10.110000,0.673077,-2.788462,false,0.000000,execution_costs_v1.0,0.000000,0.000000,,,,
2024-07-29,CRL,BBG001S7Q271,0,false,233.450000,237.950000,2.034697,1.927608,false,0.000000,execution_costs_v1.0,0.000000,0.000000,,,,
2024-07-29,CRMT,BBG001S6Z7P2,0,false,68.630000,68.060000,1.544514,-0.830541,false,0.000000,execution_costs_v1.0,0.000000,0.000000,,,,
2024-07-29,CRNX,BBG00BC592C3,0,false,54.440000,54.260000,0.716385,-0.330639,false,0.000000,execution_costs_v1.0,0.000000,0.000000,,,,
2024-07-29,CRON,BBG006G267X6,1,false,2.430000,2.390000,2.263374,-1.646091,false,0.000000,execution_costs_v1.0,0.000000,0.000000,,,,
2024-07-29,CROX,BBG001SDGFR8,4,false,130.910000,132.550000,2.390956,1.252769,false,0.000000,execution_costs_v1.0,0.000000,0.000000,,,,
2024-07-29,CRS,BBG001S5Q5M1,2,false,140.770000,140.820000,1.683597,0.035519,false,0.000000,execution_costs_v1.0,0.000000,0.000000,,,,
2024-07-29,CRSP,0001674416,3,false,57.950000,58.475000,1.932701,0.905953,false,0.000000,execution_costs_v1.0,0.000000,0.000000,,,,
2024-07-29,CRSR,BBG00HMSHL92,1,false,8.200000,8.330000,2.195122,1.585366,false,0.000000,execution_costs_v1.0,0.000000,0.000000,,,,
2024-07-29,CRUS,BBG001S67J86,0,false,130.580000,130.890000,1.600551,0.237402,false,0.000000,execution_costs_v1.0,0.000000,0.000000,,,,
2024-07-29,CRVL,BBG001S72ZL8,0,false,307.120000,308.000000,2.341104,0.286533,false,0.000000,execution_costs_v1.0,0.000000,0.000000,,,,
2024-07-29,CSGS,BBG001S8QQ76,0,false,46.020000,46.180000,0.803998,0.347675,false,0.000000,execution_costs_v1.0,0.000000,0.000000,,,,
2024-07-29,CSIQ,BBG001SPNJT3,0,false,17.205000,16.990000,0.668410,-1.249637,false,0.000000,execution_costs_v1.0,0.000000,0.000000,,,,
2024-07-29,CSQ,BBG001SC0HR3,0,false,16.770000,16.730000,0.477042,-0.238521,false,0.000000,execution_costs_v1.0,0.000000,0.000000,,,,
2024-07-29,CSR,BBG001SB9ZW0,0,false,70.600000,69.590000,0.000000,-1.430595,false,0.000000,execution_costs_v1.0,0.000000,0.000000,,,,
2024-07-29,CSTL,BBG006YWVSS2,0,false,21.100000,22.040000,7.345972,4.454976,false,0.000000,execution_costs_v1.0,0.000000,0.000000,,,,
2024-07-29,CSTM,0001563411,0,false,16.920000,17.219500,2.777778,1.770095,false,0.000000,execution_costs_v1.0,0.000000,0.000000,,,,
2024-07-29,CSV,BBG001S9M5G4,0,false,31.730000,31.770000,1.418216,0.126064,false,0.000000,execution_costs_v1.0,0.000000,0.000000,,,,
2024-07-29,CSWC,BBG001S5Q7P4,0,false,26.020000,25.840000,0.192160,-0.691776,false,0.000000,execution_costs_v1.0,0.000000,0.000000,,,,
2024-07-29,CSWI,BBG007NLG4M2,0,false,300.640000,299.310000,1.184141,-0.442390,false,0.000000,execution_costs_v1.0,0.000000,0.000000,,,,
2024-07-29,CTBI,BBG001S9F6J7,0,false,51.950000,50.460000,0.000000,-2.868142,false,0.000000,execution_costs_v1.0,0.000000,0.000000,,,,
2024-07-29,CTKB,BBG00D36Q103,0,false,6.720000,6.365000,0.297619,-5.282738,false,0.000000,execution_costs_v1.0,0.000000,0.000000,,,,
2024-07-29,CTLP,BBG001S96MW7,2,false,7.810000,7.740000,0.128041,-0.896287,false,0.000000,execution_costs_v1.0,0.000000,0.000000,,,,
2024-07-29,CTLT,BBG005XR47N7,0,false,58.750000,58.950000,0.340426,0.340426,false,0.000000,execution_costs_v1.0,0.000000,0.000000,,,,
2024-07-29,CTO,BBG00Y3M1H68,1,false,19.610000,19.620000,1.274860,0.050994,false,0.000000,execution_costs_v1.0,0.000000,0.000000,,,,
2024-07-29,CTOS,BBG00HLCWDG1,0,false,5.200000,5.030000,1.057692,-3.269231,false,0.000000,execution_costs_v1.0,0.000000,0.000000,,,,
2024-07-29,CTRE,BBG005KC4Z61,0,false,26.550000,26.910000,2.184557,1.355932,false,0.000000,execution_costs_v1.0,0.000000,0.000000,,,,
2024-07-29,CTRM,0001720161,0,false,4.900000,4.900000,1.836735,0.000000,false,0.000000,execution_costs_v1.0,0.000000,0.000000,,,,
2024-07-29,CTS,BBG001S5Q8Y2,0,false,52.550000,51.700000,0.000000,-1.617507,false,0.000000,execution_costs_v1.0,0.000000,0.000000,,,,
2024-07-29,CUBE,BBG001SHP0D7,0,false,47.440000,48.220000,1.897133,1.644182,false,0.000000,execution_costs_v1.0,0.000000,0.000000,,,,
2024-07-29,CUBI,BBG0023XX770,0,false,66.850000,63.510000,0.269260,-4.996260,false,0.000000,execution_costs_v1.0,0.000000,0.000000,,,,
2024-07-29,CURV,BBG011C0PDC3,0,false,8.060000,8.150000,2.853598,1.116625,false,0.000000,execution_costs_v1.0,0.000000,0.000000,,,,
2024-07-29,CUZ,BBG001S73MB7,0,false,27.250000,27.420000,1.504587,0.623853,false,0.000000,execution_costs_v1.0,0.000000,0.000000,,,,
2024-07-29,CVAC,0001809122,2,false,3.650000,3.680000,2.191781,0.821918,false,0.000000,execution_costs_v1.0,0.000000,0.000000,,,,
2024-07-29,CVBF,BBG001SJ1SH4,0,false,20.030000,19.055000,0.349476,-4.867698,false,0.000000,execution_costs_v1.0,0.000000,0.000000,,,,
2024-07-29,CVCO,BBG001SJQBM8,0,false,419.360000,417.730000,0.534147,-0.388688,false,0.000000,execution_costs_v1.0,0.000000,0.000000,,,,
2024-07-29,CVEO,BBG009KJ2H33,0,false,24.760000,25.140000,3.029079,1.534733,false,0.000000,execution_costs_v1.0,0.000000,0.000000,,,,
2024-07-29,CVGW,BBG001S9FP96,0,false,23.730000,23.430000,0.000000,-1.264223,false,0.000000,execution_costs_v1.0,0.000000,0.000000,,,,
2024-07-29,CVI,BBG001SM6PD2,2,false,27.500000,26.920000,0.327273,-2.109091,false,0.000000,execution_costs_v1.0,0.000000,0.000000,,,,
2024-07-29,CVII,BBG00ZKGBLC2,0,false,10.800000,10.800000,0.000000,0.000000,false,0.000000,execution_costs_v1.0,0.000000,0.000000,,,,
2024-07-29,CVLG,BBG001S89TF0,0,false,55.670000,54.530000,2.218430,-2.047782,false,0.000000,execution_costs_v1.0,0.000000,0.000000,,,,
2024-07-29,CVLT,BBG001S7R751,1,false,125.310000,123.310000,0.263267,-1.596042,false,0.000000,execution_costs_v1.0,0.000000,0.000000,,,,
2024-07-29,CW,BBG001S5QBK0,0,false,281.470000,280.910000,0.692791,-0.198955,false,0.000000,execution_costs_v1.0,0.000000,0.000000,,,,
2024-07-29,CWAN,BBG012C765M3,0,false,20.610000,20.020000,1.892285,-2.862688,false,0.000000,execution_costs_v1.0,0.000000,0.000000,,,,
2024-07-29,CWCO,0000928340,0,false,29.510000,28.360000,1.253812,-3.896984,false,0.000000,execution_costs_v1.0,0.000000,0.000000,,,,
2024-07-29,CWEN,BBG008LJ4TG2,0,false,26.530000,26.310000,0.000000,-0.829250,false,0.000000,execution_costs_v1.0,0.000000,0.000000,,,,
2024-07-29,CWH,BBG00D2Z7X92,1,false,22.490000,22.770000,2.378835,1.244998,false,0.000000,execution_costs_v1.0,0.000000,0.000000,,,,
2024-07-29,CWK,0001628369,1,false,13.610000,13.310000,1.285819,-2.204262,false,0.000000,execution_costs_v1.0,0.000000,0.000000,,,,
2024-07-29,CWST,BBG001SB5S05,0,false,102.580000,102.410000,0.692143,-0.165724,false,0.000000,execution_costs_v1.0,0.000000,0.000000,,,,
2024-07-29,CWT,BBG001S7QBD4,0,false,53.010000,52.530000,0.848896,-0.905490,false,0.000000,execution_costs_v1.0,0.000000,0.000000,,,,
2024-07-29,CXM,BBG0043NCD14,1,false,9.900000,9.670000,0.101010,-2.323232,false,0.000000,execution_costs_v1.0,0.000000,0.000000,,,,
2024-07-29,CXT,BBG017BXPZ94,0,false,64.000000,63.680000,0.437500,-0.500000,false,0.000000,execution_costs_v1.0,0.000000,0.000000,,,,
2024-07-29,CXW,BBG001S8PTV4,7,false,14.730000,14.230000,0.339443,-3.394433,false,0.000000,execution_costs_v1.0,0.000000,0.000000,,,,
2024-07-29,CYBR,0001598110,0,false,259.450000,258.470000,0.793987,-0.377722,false,0.000000,execution_costs_v1.0,0.000000,0.000000,,,,
2024-07-29,CYD,0000932695,0,false,9.630000,9.660000,0.830737,0.311526,false,0.000000,execution_costs_v1.0,0.000000,0.000000,,,,
2024-07-29,CYH,BBG001S89L85,1,false,5.130000,5.180000,2.923977,0.974659,false,0.000000,execution_costs_v1.0,0.000000,0.000000,,,,
2024-07-29,CYN,BBG012DSHYV1,1,false,6.320000,6.080000,2.531646,-3.797468,false,0.000000,execution_costs_v1.0,0.000000,0.000000,,,,
2024-07-29,CYRX,BBG001SLKBJ3,0,false,8.850000,9.080000,4.632768,2.598870,false,0.000000,execution_costs_v1.0,0.000000,0.000000,,,,
2024-07-29,CYTK,BBG001SGMVF2,1,false,59.610000,59.130000,0.989767,-0.805234,false,0.000000,execution_costs_v1.0,0.000000,0.000000,,,,
2024-07-29,CZNC,BBG001S6YSF8,3,false,21.450000,20.190000,0.000000,-5.874126,false,0.000000,execution_costs_v1.0,0.000000,0.000000,,,,
2024-07-29,CZR,BBG0074Q3NL5,17,true,35.040000,36.510000,4.394977,4.195205,false,0.000000,execution_costs_v1.0,0.000000,0.000000,,,,
2024-07-29,DAC,0001369241,1,false,84.480000,84.970000,2.420928,0.580019,false,0.000000,execution_costs_v1.0,0.000000,0.000000,,,,
2024-07-29,DAKT,BBG001S7N3Z1,4,false,15.440000,14.700000,1.295337,-4.792746,false,0.000000,execution_costs_v1.0,0.000000,0.000000,,,,
2024-07-29,DAN,BBG001SRW699,0,false,11.950000,11.860000,0.418410,-0.753138,false,0.000000,execution_costs_v1.0,0.000000,0.000000,,,,
2024-07-29,DAR,BBG001SB7RP8,0,false,38.850000,38.370000,0.115830,-1.235521,false,0.000000,execution_costs_v1.0,0.000000,0.000000,,,,
2024-07-29,DARE,BBG001V0GDP9,0,false,3.550000,3.625000,9.859155,2.112676,false,0.000000,execution_costs_v1.0,0.000000,0.000000,,,,
2024-07-29,DAVE,BBG00Z483WM2,3,false,36.440000,36.350000,4.006586,-0.246981,false,0.000000,execution_costs_v1.0,0.000000,0.000000,,,,
2024-07-29,DAWN,BBG00V1KSN13,0,false,16.030000,15.300000,1.653150,-4.553961,false,0.000000,execution_costs_v1.0,0.000000,0.000000,,,,
2024-07-29,DAY,BBG005D7PF43,0,false,52.140000,53.530000,3.164557,2.665900,false,0.000000,execution_costs_v1.0,0.000000,0.000000,,,,
2024-07-29,DBD,BBG01HVHYCP8,0,false,43.890000,43.265000,1.651857,-1.424015,false,0.000000,execution_costs_v1.0,0.000000,0.000000,,,,
2024-07-29,DBI,BBG001SLWM79,1,false,7.860000,7.790000,1.781170,-0.890585,false,0.000000,execution_costs_v1.0,0.000000,0.000000,,,,
2024-07-29,DBRG,BBG00D30HGN8,0,false,14.340000,14.160000,0.278940,-1.255230,false,0.000000,execution_costs_v1.0,0.000000,0.000000,,,,
2024-07-29,DBX,BBG001TFLWN3,2,false,24.150000,24.040000,0.476190,-0.455487,false,0.000000,execution_costs_v1.0,0.000000,0.000000,,,,
2024-07-29,DCBO,BBG00Q2B1CB5,0,false,38.240000,38.340000,0.679916,0.261506,false,0.000000,execution_costs_v1.0,0.000000,0.000000,,,,
2024-07-29,DCGO,BBG00YB8JBL7,0,false,3.730000,3.655000,1.608579,-2.010724,false,0.000000,execution_costs_v1.0,0.000000,0.000000,,,,
2024-07-29,DCI,BBG001S5QDV4,0,false,74.280000,74.640000,0.780829,0.484653,false,0.000000,execution_costs_v1.0,0.000000,0.000000,,,,
2024-07-29,DCO,BBG001S5QDZ0,0,false,64.490000,63.360000,0.000000,-1.752210,false,0.000000,execution_costs_v1.0,0.000000,0.000000,,,,
2024-07-29,DCOM,BBG001S7NTQ4,0,false,25.540000,24.760000,0.000000,-3.054033,false,0.000000,execution_costs_v1.0,0.000000,0.000000,,,,
2024-07-29,DDD,BBG001S7FHX1,6,false,3.770000,3.640000,0.265252,-3.448276,false,0.000000,execution_costs_v1.0,0.000000,0.000000,,,,
2024-07-29,DDS,BBG001S5VNW5,0,false,407.120000,388.700000,0.000000,-4.524465,false,0.000000,execution_costs_v1.0,0.000000,0.000000,,,,
2024-07-29,DEA,BBG007SV91T2,0,false,14.000000,14.005000,0.142857,0.035714,false,0.000000,execution_costs_v1.0,0.000000,0.000000,,,,
2024-07-29,DEC,0001922446,4,false,16.320000,15.880000,0.674020,-2.696078,false,0.000000,execution_costs_v1.0,0.000000,0.000000,,,,
2024-07-29,DEI,BBG001SR5X72,0,false,15.820000,15.620000,1.169406,-1.264223,false,0.000000,execution_costs_v1.0,0.000000,0.000000,,,,
2024-07-29,DENN,BBG001S5YGR3,0,false,7.490000,7.475000,0.801068,-0.200267,false,0.000000,execution_costs_v1.0,0.000000,0.000000,,,,
2024-07-29,DESP,0001703141,0,false,11.740000,11.930000,2.546848,1.618399,false,0.000000,execution_costs_v1.0,0.000000,0.000000,,,,
2024-07-29,DFH,BBG00YN8LKQ6,1,false,32.940000,32.020000,0.789314,-2.792957,false,0.000000,execution_costs_v1.0,0.000000,0.000000,,,,
2024-07-29,DFIN,BBG009R0CT67,0,false,69.320000,69.100000,0.577034,-0.317369,false,0.000000,execution_costs_v1.0,0.000000,0.000000,,,,
2024-07-29,DGICA,BBG001SHRMC8,0,false,14.890000,14.800000,0.067159,-0.604433,false,0.000000,execution_costs_v1.0,0.000000,0.000000,,,,
2024-07-29,DGICB,BBG001SD41P4,0,false,12.685000,12.690000,0.039417,0.039417,false,0.000000,execution_costs_v1.0,0.000000,0.000000,,,,
2024-07-29,DGII,BBG001S5Z4V4,0,false,26.480000,26.170000,1.359517,-1.170695,false,0.000000,execution_costs_v1.0,0.000000,0.000000,,,,
2024-07-29,DH,BBG01282ZKG1,0,false,6.030000,5.970000,0.331675,-0.995025,false,0.000000,execution_costs_v1.0,0.000000,0.000000,,,,
2024-07-29,DHIL,BBG001SCH7V2,0,false,160.820000,156.450000,0.006218,-2.717324,false,0.000000,execution_costs_v1.0,0.000000,0.000000,,,,
2024-07-29,DHT,0001331284,4,false,11.690000,11.705000,0.769889,0.128315,false,0.000000,execution_costs_v1.0,0.000000,0.000000,,,,
2024-07-29,DIN,BBG001SD46L7,0,false,34.400000,34.805000,1.366279,1.177326,false,0.000000,execution_costs_v1.0,0.000000,0.000000,,,,
2024-07-29,DINO,BBG0135B2269,1,false,50.600000,49.720000,0.573123,-1.739130,false,0.000000,execution_costs_v1.0,0.000000,0.000000,,,,
2024-07-29,DIOD,BBG001SCJ937,0,false,81.050000,79.800000,1.024059,-1.542258,false,0.000000,execution_costs_v1.0,0.000000,0.000000,,,,
2024-07-29,DJCO,BBG001S5QHM5,0,false,462.000000,455.500000,0.000000,-1.406926,false,0.000000,execution_costs_v1.0,0.000000,0.000000,,,,
2024-07-29,DJT,BBG011744HJ8,35,true,30.990000,30.210000,0.145208,-2.516941,false,0.000000,execution_costs_v1.0,0.000000,0.000000,,,,
2024-07-29,DK,BBG00FZYFVD4,0,false,23.900000,23.110000,0.460251,-3.305439,false,0.000000,execution_costs_v1.0,0.000000,0.000000,,,,
2024-07-29,DKL,BBG0036D6305,0,false,41.170000,40.910000,1.165655,-0.631528,false,0.000000,execution_costs_v1.0,0.000000,0.000000,,,,
2024-07-29,DLB,BBG001SDXGH8,0,false,78.170000,78.640000,1.413586,0.601254,false,0.000000,execution_costs_v1.0,0.000000,0.000000,,,,
2024-07-29,DLO,0001846832,1,false,7.840000,7.800000,0.127551,-0.510204,false,0.000000,execution_costs_v1.0,0.000000,0.000000,,,,
2024-07-29,DLX,BBG001S5QJ69,0,false,24.510000,24.170000,0.000000,-1.387189,false,0.000000,execution_costs_v1.0,0.000000,0.000000,,,,
2024-07-29,DM,BBG00P17H1G9,0,false,4.860000,4.890000,2.263374,0.617284,false,0.000000,execution_costs_v1.0,0.000000,0.000000,,,,
2024-07-29,DMLP,BBG001SLKJK4,0,false,30.190000,30.030000,1.523683,-0.529977,false,0.000000,execution_costs_v1.0,0.000000,0.000000,,,,
2024-07-29,DMRC,BBG001T2W3C6,0,false,34.410000,33.540000,0.247021,-2.528335,false,0.000000,execution_costs_v1.0,0.000000,0.000000,,,,
2024-07-29,DNA,BBG00YPS1LT7,25,true,0.380000,0.366699,2.315789,-3.500263,false,0.000000,execution_costs_v1.0,0.000000,0.000000,,,,
2024-07-29,DNB,BBG00VCZXBX3,1,false,10.770000,10.800000,0.649954,0.278552,false,0.000000,execution_costs_v1.0,0.000000,0.000000,,,,
2024-07-29,DNLI,BBG008P7F878,0,false,24.120000,24.390000,4.063018,1.119403,false,0.000000,execution_costs_v1.0,0.000000,0.000000,,,,
2024-07-29,DNN,BBG001S9ZPX7,3,false,1.920000,1.840000,1.041667,-4.166667,false,0.000000,execution_costs_v1.0,0.000000,0.000000,,,,
2024-07-29,DNOW,BBG005BLN1Z3,0,false,15.220000,15.120000,0.459921,-0.657030,false,0.000000,execution_costs_v1.0,0.000000,0.000000,,,,
2024-07-29,DNTH,BBG00FB2NQ15,0,false,29.140000,28.860000,1.235072,-0.960879,false,0.000000,execution_costs_v1.0,0.000000,0.000000,,,,
2024-07-29,DNUT,BBG0118Y87P2,0,false,10.750000,10.590000,0.279070,-1.488372,false,0.000000,execution_costs_v1.0,0.000000,0.000000,,,,
2024-07-29,DO,BBG010JCFCF2,0,false,16.460000,16.190000,0.607533,-1.640340,false,0.000000,execution_costs_v1.0,0.000000,0.000000,,,,
2024-07-29,DOC,BBG001S5RTS2,1,false,21.880000,21.845000,0.548446,-0.159963,false,0.000000,execution_costs_v1.0,0.000000,0.000000,,,,
2024-07-29,DOCN,BBG00ZGF6TM7,1,false,32.570000,32.480000,0.736874,-0.276328,false,0.000000,execution_costs_v1.0,0.000000,0.000000,,,,
2024-07-29,DOCS,BBG0026ZJQY6,0,false,28.220000,28.245000,1.541460,0.088590,false,0.000000,execution_costs_v1.0,0.000000,0.000000,,,,
2024-07-29,DOCU,BBG001T535D5,1,false,55.940000,55.780000,0.938506,-0.286021,false,0.000000,execution_costs_v1.0,0.000000,0.000000,,,,
2024-07-29,DOLE,0001857475,0,false,14.590000,14.640000,0.753941,0.342700,false,0.000000,execution_costs_v1.0,0.000000,0.000000,,,,
2024-07-29,DOMO,BBG00L2NS125,0,false,8.610000,8.365000,0.000000,-2.845528,false,0.000000,execution_costs_v1.0,0.000000,0.000000,,,,
2024-07-29,DOOO,BBG004G49425,0,false,72.440000,70.750000,0.027609,-2.332965,false,0.000000,execution_costs_v1.0,0.000000,0.000000,,,,
2024-07-29,DORM,BBG001S5S932,0,false,100.570000,99.160000,0.174008,-1.402009,false,0.000000,execution_costs_v1.0,0.000000,0.000000,,,,
2024-07-29,DOX,0001062579,0,false,87.000000,86.900000,0.494253,-0.114943,false,0.000000,execution_costs_v1.0,0.000000,0.000000,,,,
2024-07-29,DPZ,BBG001SL3ZH1,0,false,422.650000,428.060000,1.883355,1.280019,false,0.000000,execution_costs_v1.0,0.000000,0.000000,,,,
2024-07-29,DRH,BBG001SJ63M8,0,false,8.340000,8.385000,1.077938,0.539568,false,0.000000,execution_costs_v1.0,0.000000,0.000000,,,,
2024-07-29,DRQ,BBG001SB9LK4,0,false,17.010000,16.870000,0.587889,-0.823045,false,0.000000,execution_costs_v1.0,0.000000,0.000000,,,,
2024-07-29,DRS,BBG00ZSB4TT8,0,false,28.690000,28.190000,1.254793,-1.742768,false,0.000000,execution_costs_v1.0,0.000000,0.000000,,,,
2024-07-29,DRVN,BBG00YN8ND71,0,false,13.080000,12.810000,1.261468,-2.064220,false,0.000000,execution_costs_v1.0,0.000000,0.000000,,,,
2024-07-29,DSGR,BBG001S5SQ43,0,false,34.440000,33.380000,0.696864,-3.077816,false,0.000000,execution_costs_v1.0,0.000000,0.000000,,,,
2024-07-29,DSGX,BBG001SBJY34,0,false,100.900000,100.765000,0.416155,-0.133796,false,0.000000,execution_costs_v1.0,0.000000,0.000000,,,,
2024-07-29,DSX,0001318885,1,false,2.710000,2.690000,0.738007,-0.738007,false,0.000000,execution_costs_v1.0,0.000000,0.000000,,,,
2024-07-29,DT,BBG00PNN7CW9,0,false,44.340000,44.430000,1.511051,0.202977,false,0.000000,execution_costs_v1.0,0.000000,0.000000,,,,
2024-07-29,DTIL,BBG008NSBPW2,0,false,10.030000,9.706000,2.031904,-3.230309,false,0.000000,execution_costs_v1.0,0.000000,0.000000,,,,
2024-07-29,DTM,BBG0112Z58K1,0,false,73.720000,74.220000,0.732501,0.678242,false,0.000000,execution_costs_v1.0,0.000000,0.000000,,,,
2024-07-29,DUOL,BBG003D4V960,0,false,174.960000,169.970000,0.177183,-2.852080,false,0.000000,execution_costs_v1.0,0.000000,0.000000,,,,
2024-07-29,DV,BBG00ZNRRKL0,0,false,20.720000,20.340000,0.723938,-1.833977,false,0.000000,execution_costs_v1.0,0.000000,0.000000,,,,
2024-07-29,DVA,BBG001SB5DZ0,0,false,137.610000,139.080000,1.758593,1.068236,false,0.000000,execution_costs_v1.0,0.000000,0.000000,,,,
2024-07-29,DVAX,BBG001S7HTB7,0,false,11.570000,11.560000,0.950735,-0.086430,false,0.000000,execution_costs_v1.0,0.000000,0.000000,,,,
2024-07-29,DX,BBG001S5R078,1,false,12.250000,12.140000,0.857143,-0.897959,false,0.000000,execution_costs_v1.0,0.000000,0.000000,,,,
2024-07-29,DXC,BBG00FN64XV6,1,false,20.120000,20.140000,0.198807,0.099404,false,0.000000,execution_costs_v1.0,0.000000,0.000000,,,,
2024-07-29,DXPE,BBG001S9F0F4,0,false,53.420000,52.640000,0.804942,-1.460127,false,0.000000,execution_costs_v1.0,0.000000,0.000000,,,,
2024-07-29,DY,BBG001S6MGW8,0,false,178.080000,178.280000,1.718329,0.112309,false,0.000000,execution_costs_v1.0,0.000000,0.000000,,,,
2024-07-29,DYN,BBG00NSGPJF8,0,false,44.700000,42.840000,0.335570,-4.161074,false,0.000000,execution_costs_v1.0,0.000000,0.000000,,,,
2024-07-29,EAT,BBG001S5RFV8,0,false,64.410000,65.620000,1.894116,1.878590,false,0.000000,execution_costs_v1.0,0.000000,0.000000,,,,
2024-07-29,EB,BBG001V1CQC6,0,false,5.160000,5.300000,3.488372,2.713178,false,0.000000,execution_costs_v1.0,0.000000,0.000000,,,,
2024-07-29,EBC,BBG00W9KWY41,0,false,16.970000,16.569000,0.117855,-2.362994,false,0.000000,execution_costs_v1.0,0.000000,0.000000,,,,
2024-07-29,EBF,BBG001S5QQS9,0,false,23.820000,23.490000,0.083543,-1.385390,false,0.000000,execution_costs_v1.0,0.000000,0.000000,,,,
2024-07-29,EBS,BBG001SP1G40,4,false,14.170000,14.780000,6.520819,4.304869,false,0.000000,execution_costs_v1.0,0.000000,0.000000,,,,
2024-07-29,EBTC,BBG001SB6470,0,false,29.330000,28.770000,0.000000,-1.909308,false,0.000000,execution_costs_v1.0,0.000000,0.000000,,,,
2024-07-29,ECO,0001964954,0,false,31.250000,31.720000,1.984000,1.504000,false,0.000000,execution_costs_v1.0,0.000000,0.000000,,,,
2024-07-29,ECPG,BBG001SKFPK8,0,false,50.030000,50.270000,0.599640,0.479712,false,0.000000,execution_costs_v1.0,0.000000,0.000000,,,,
2024-07-29,ECVT,BBG00GX8YLD2,0,false,9.620000,9.255000,0.415800,-3.794179,false,0.000000,execution_costs_v1.0,0.000000,0.000000,,,,
2024-07-29,ECX,0001861974,0,false,1.610000,1.700000,5.590062,5.590062,false,0.000000,execution_costs_v1.0,0.000000,0.000000,,,,
2024-07-29,EDIT,BBG005MX5H08,1,false,5.680000,5.410000,0.704225,-4.753521,false,0.000000,execution_costs_v1.0,0.000000,0.000000,,,,
2024-07-29,EDR,BBG00P8TCHD7,0,false,27.240000,27.290000,0.275330,0.183554,false,0.000000,execution_costs_v1.0,0.000000,0.000000,,,,
2024-07-29,EE,BBG014GJSS81,0,false,19.220000,18.665000,0.468262,-2.887617,false,0.000000,execution_costs_v1.0,0.000000,0.000000,,,,
2024-07-29,EEFT,BBG001S9DW39,0,false,99.670000,100.330000,1.399619,0.662185,false,0.000000,execution_costs_v1.0,0.000000,0.000000,,,,
2024-07-29,EEX,BBG00GCTWW65,0,false,5.780000,5.560000,1.384083,-3.806228,false,0.000000,execution_costs_v1.0,0.000000,0.000000,,,,
2024-07-29,EFC,BBG001SQ6V04,1,false,12.970000,12.820000,0.539707,-1.156515,false,0.000000,execution_costs_v1.0,0.000000,0.000000,,,,
2024-07-29,EFSC,BBG001SKJVR4,0,false,53.940000,52.830000,0.111235,-2.057842,false,0.000000,execution_costs_v1.0,0.000000,0.000000,,,,
2024-07-29,EFXT,BBG001SXXC92,0,false,5.610000,5.500000,0.000000,-1.960784,false,0.000000,execution_costs_v1.0,0.000000,0.000000,,,,
2024-07-29,EGBN,BBG001SBX1Z5,1,false,22.620000,21.470000,0.000000,-5.083996,false,0.000000,execution_costs_v1.0,0.000000,0.000000,,,,
2024-07-29,EGHT,BBG001S6JC97,0,false,3.310000,3.275000,0.302115,-1.057402,false,0.000000,execution_costs_v1.0,0.000000,0.000000,,,,
2024-07-29,EGIO,BBG001SQXJL8,0,false,10.460000,9.990000,0.000000,-4.493308,false,0.000000,execution_costs_v1.0,0.000000,0.000000,,,,
2024-07-29,EGO,BBG001S5YPQ4,0,false,16.100000,16.570000,2.980745,2.919255,false,0.000000,execution_costs_v1.0,0.000000,0.000000,,,,
2024-07-29,EGP,BBG001S5QT03,0,false,187.680000,187.070000,0.000000,-0.325021,false,0.000000,execution_costs_v1.0,0.000000,0.000000,,,,
2024-07-29,EGY,BBG001S76ZS7,2,false,7.360000,6.930000,0.951087,-5.842391,false,0.000000,execution_costs_v1.0,0.000000,0.000000,,,,
2024-07-29,EHAB,BBG014QJ5CJ8,0,false,10.370000,10.240000,1.446480,-1.253616,false,0.000000,execution_costs_v1.0,0.000000,0.000000,,,,
2024-07-29,EHC,BBG001S5Q5B3,0,false,91.850000,91.460000,0.653239,-0.424605,false,0.000000,execution_costs_v1.0,0.000000,0.000000,,,,
2024-07-29,EIG,BBG001SMM101,0,false,47.410000,46.910000,0.179287,-1.054630,false,0.000000,execution_costs_v1.0,0.000000,0.000000,,,,
2024-07-29,ELAN,BBG00LJYS1R6,0,false,13.000000,12.930000,0.538462,-0.538462,false,0.000000,execution_costs_v1.0,0.000000,0.000000,,,,
2024-07-29,ELF,BBG00DQ6VYQ2,3,false,183.780000,172.560000,0.614866,-6.105126,false,0.000000,execution_costs_v1.0,0.000000,0.000000,,,,
2024-07-29,ELME,BBG001S5XJD3,0,false,16.960000,16.760000,0.000000,-1.179245,false,0.000000,execution_costs_v1.0,0.000000,0.000000,,,,
2024-07-29,ELS,BBG001S5T5G5,0,false,66.990000,67.010000,0.462756,0.029855,false,0.000000,execution_costs_v1.0,0.000000,0.000000,,,,
2024-07-29,ELVN,BBG00CP3BDF2,0,false,27.450000,26.560000,0.812750,-3.242259,false,0.000000,execution_costs_v1.0,0.000000,0.000000,,,,
2024-07-29,EMBC,BBG014L7D4H0,1,false,15.580000,15.680000,1.604621,0.641849,false,0.000000,execution_costs_v1.0,0.000000,0.000000,,,,
2024-07-29,EMN,BBG001S7JNP3,0,false,101.020000,101.260000,0.613740,0.237577,false,0.000000,execution_costs_v1.0,0.000000,0.000000,,,,
2024-07-29,ENFN,BBG012MBFR72,0,false,9.690000,9.390000,0.928793,-3.095975,false,0.000000,execution_costs_v1.0,0.000000,0.000000,,,,
2024-07-29,ENLC,BBG001SGNNQ7,0,false,13.810000,13.680000,0.144823,-0.941347,false,0.000000,execution_costs_v1.0,0.000000,0.000000,,,,
2024-07-29,ENLT,0001922641,0,false,15.630000,15.450000,0.383877,-1.151631,false,0.000000,execution_costs_v1.0,0.000000,0.000000,,,,
2024-07-29,ENOV,BBG001SC04J1,0,false,48.020000,47.860000,1.665973,-0.333195,false,0.000000,execution_costs_v1.0,0.000000,0.000000,,,,
2024-07-29,ENR,BBG006FCB028,0,false,31.140000,31.400000,1.637765,0.834939,false,0.000000,execution_costs_v1.0,0.000000,0.000000,,,,
2024-07-29,ENS,BBG001SLVXW8,0,false,109.910000,108.970000,0.238013,-0.855245,false,0.000000,execution_costs_v1.0,0.000000,0.000000,,,,
2024-07-29,ENSG,BBG001SPNL09,0,false,144.070000,145.970000,1.741792,1.318803,false,0.000000,execution_costs_v1.0,0.000000,0.000000,,,,
2024-07-29,ENTA,BBG001V9NSC3,0,false,15.590000,15.370000,0.256575,-1.411161,false,0.000000,execution_costs_v1.0,0.000000,0.000000,,,,
2024-07-29,ENV,BBG001T7SQ20,1,false,62.030000,62.080000,0.177334,0.080606,false,0.000000,execution_costs_v1.0,0.000000,0.000000,,,,
2024-07-29,ENVA,BBG0022PSJT4,1,false,82.000000,82.290000,1.073171,0.353659,false,0.000000,execution_costs_v1.0,0.000000,0.000000,,,,
2024-07-29,ENVX,BBG00YC538B7,13,true,14.890000,14.340000,1.813298,-3.693754,false,0.000000,execution_costs_v1.0,0.000000,0.000000,,,,
2024-07-29,EOLS,BBG005CX4HL7,0,false,12.300000,12.370000,1.869919,0.569106,false,0.000000,execution_costs_v1.0,0.000000,0.000000,,,,
2024-07-29,EOSE,BBG00V1KJ6G4,7,false,1.800000,1.775000,1.666667,-1.388889,false,0.000000,execution_costs_v1.0,0.000000,0.000000,,,,
2024-07-29,EPAC,BBG001S5NYQ7,0,false,40.880000,40.100000,0.195695,-1.908023,false,0.000000,execution_costs_v1.0,0.000000,0.000000,,,,
2024-07-29,EPAM,BBG001SKDJH8,0,false,210.330000,209.980000,0.698902,-0.166405,false,0.000000,execution_costs_v1.0,0.000000,0.000000,,,,
2024-07-29,EPC,BBG001SF1XY2,0,false,40.230000,40.120000,0.174000,-0.273428,false,0.000000,execution_costs_v1.0,0.000000,0.000000,,,,
2024-07-29,EPR,BBG001SB5QR0,1,false,45.560000,45.670000,0.395083,0.241440,false,0.000000,execution_costs_v1.0,0.000000,0.000000,,,,
2024-07-29,EPRT,BBG00L17LH87,0,false,30.490000,30.150000,0.262381,-1.115120,false,0.000000,execution_costs_v1.0,0.000000,0.000000,,,,
2024-07-29,EQBK,BBG001SN1XQ4,0,false,41.650000,41.160000,0.192077,-1.176471,false,0.000000,execution_costs_v1.0,0.000000,0.000000,,,,
2024-07-29,EQC,BBG001S5S0L1,0,false,19.800000,19.930000,0.808081,0.656566,false,0.000000,execution_costs_v1.0,0.000000,0.000000,,,,
2024-07-29,EQH,BBG00J7CBWL8,0,false,43.240000,42.900000,0.254394,-0.786309,false,0.000000,execution_costs_v1.0,0.000000,0.000000,,,,
2024-07-29,EQT,BBG001S5QXJ4,4,false,34.490000,34.060000,0.318933,-1.246738,false,0.000000,execution_costs_v1.0,0.000000,0.000000,,,,
2024-07-29,EQX,BBG001SSK0K0,0,false,5.440000,5.495000,1.102941,1.011029,false,0.000000,execution_costs_v1.0,0.000000,0.000000,,,,
2024-07-29,ERAS,BBG00MTSR892,0,false,3.290000,3.240000,0.303951,-1.519757,false,0.000000,execution_costs_v1.0,0.000000,0.000000,,,,
2024-07-29,ERII,BBG001T28M86,0,false,14.860000,14.440000,2.759085,-2.826380,false,0.000000,execution_costs_v1.0,0.000000,0.000000,,,,
2024-07-29,ERO,BBG00HNV5D86,0,false,19.230000,19.100000,0.832033,-0.676027,false,0.000000,execution_costs_v1.0,0.000000,0.000000,,,,
2024-07-29,ESAB,BBG0028ZMP54,0,false,99.960000,98.990000,0.750300,-0.970388,false,0.000000,execution_costs_v1.0,0.000000,0.000000,,,,
2024-07-29,ESE,BBG001S6MFD1,0,false,123.980000,121.240000,0.677529,-2.210034,false,0.000000,execution_costs_v1.0,0.000000,0.000000,,,,
2024-07-29,ESGR,0001363829,22,true,327.500000,327.000000,0.378626,-0.152672,false,0.000000,execution_costs_v1.0,0.000000,0.000000,,,,
2024-07-29,ESI,BBG004KDL523,0,false,27.050000,26.900000,0.406654,-0.554529,false,0.000000,execution_costs_v1.0,0.000000,0.000000,,,,
2024-07-29,ESLT,0001027664,1,false,182.110000,181.790000,0.098841,-0.175718,false,0.000000,execution_costs_v1.0,0.000000,0.000000,,,,
2024-07-29,ESNT,0001448893,0,false,62.980000,61.950000,0.269927,-1.635440,false,0.000000,execution_costs_v1.0,0.000000,0.000000,,,,
2024-07-29,ESQ,BBG003BCFHY3,0,false,59.510000,57.370000,0.000000,-3.596034,false,0.000000,execution_costs_v1.0,0.000000,0.000000,,,,
2024-07-29,ESRT,BBG002N8HMX9,0,false,10.780000,10.700000,1.762523,-0.742115,false,0.000000,execution_costs_v1.0,0.000000,0.000000,,,,
2024-07-29,ESTA,0001688757,0,false,48.200000,47.070000,1.431535,-2.344398,false,0.000000,execution_costs_v1.0,0.000000,0.000000,,,,
2024-07-29,ESTC,0001707753,0,false,113.480000,112.240000,0.960522,-1.092704,false,0.000000,execution_costs_v1.0,0.000000,0.000000,,,,
2024-07-29,ETD,BBG001S67JZ6,0,false,30.800000,30.800000,0.649351,0.000000,false,0.000000,execution_costs_v1.0,0.000000,0.000000,,,,
2024-07-29,ETNB,BBG00QKDZ985,0,false,9.240000,9.210000,3.679654,-0.324675,false,0.000000,execution_costs_v1.0,0.000000,0.000000,,,,
2024-07-29,ETSY,BBG001T53625,0,false,63.150000,63.855000,1.998258,1.116390,false,0.000000,execution_costs_v1.0,0.000000,0.000000,,,,
2024-07-29,ETWO,BBG00S91HBN8,0,false,4.740000,4.620000,0.000000,-2.531646,false,0.000000,execution_costs_v1.0,0.000000,0.000000,,,,
2024-07-29,EU,BBG001T8HNC6,0,false,3.860000,3.660000,0.777202,-5.181347,false,0.000000,execution_costs_v1.0,0.000000,0.000000,,,,
2024-07-29,EVCM,BBG0118LMXS4,0,false,12.140000,12.080000,1.733937,-0.494234,false,0.000000,execution_costs_v1.0,0.000000,0.000000,,,,
2024-07-29,EVER,BBG00F17NDJ5,1,false,26.620000,25.770000,1.051841,-3.193088,false,0.000000,execution_costs_v1.0,0.000000,0.000000,,,,
2024-07-29,EVEX,BBG00XZQN3Y2,0,false,3.420000,3.380000,3.216374,-1.169591,false,0.000000,execution_costs_v1.0,0.000000,0.000000,,,,
2024-07-29,EVGO,BBG00XP21PS8,10,true,3.930000,3.785000,1.781170,-3.689567,false,0.000000,execution_costs_v1.0,0.000000,0.000000,,,,
2024-07-29,EVH,BBG005CHLMB3,0,false,23.660000,23.330000,1.952663,-1.394759,false,0.000000,execution_costs_v1.0,0.000000,0.000000,,,,
2024-07-29,EVLV,BBG00W1PPKY3,0,false,3.600000,3.480000,0.277778,-3.333333,false,0.000000,execution_costs_v1.0,0.000000,0.000000,,,,
2024-07-29,EVR,BBG001SC3S41,0,false,250.000000,245.140000,0.022000,-1.944000,false,0.000000,execution_costs_v1.0,0.000000,0.000000,,,,
2024-07-29,EVRG,BBG00H433CS1,0,false,57.010000,57.210000,0.570075,0.350816,false,0.000000,execution_costs_v1.0,0.000000,0.000000,,,,
2024-07-29,EVRI,BBG001SLY556,2,false,12.840000,12.820000,0.467290,-0.155763,false,0.000000,execution_costs_v1.0,0.000000,0.000000,,,,
2024-07-29,EVTC,BBG001SX2XR0,0,false,34.480000,34.350000,1.653132,-0.377030,false,0.000000,execution_costs_v1.0,0.000000,0.000000,,,,
2024-07-29,EWBC,BBG001SCC7R2,0,false,88.000000,86.910000,0.312500,-1.238636,false,0.000000,execution_costs_v1.0,0.000000,0.000000,,,,
2024-07-29,EWCZ,BBG011RWTZQ9,0,false,8.830000,8.780000,0.906002,-0.566251,false,0.000000,execution_costs_v1.0,0.000000,0.000000,,,,
2024-07-29,EWTX,BBG00K4Y2H33,0,false,19.100000,18.030000,1.518325,-5.602094,false,0.000000,execution_costs_v1.0,0.000000,0.000000,,,,
2024-07-29,EXAS,BBG001SGCLB9,12,true,44.000000,45.570000,4.272727,3.568182,false,0.000000,execution_costs_v1.0,0.000000,0.000000,,,,
2024-07-29,EXEL,BBG001SD42W4,0,false,23.340000,23.100000,0.471294,-1.028278,false,0.000000,execution_costs_v1.0,0.000000,0.000000,,,,
2024-07-29,EXK,BBG001S5ZH63,0,false,4.350000,4.340000,1.954023,-0.229885,false,0.000000,execution_costs_v1.0,0.000000,0.000000,,,,
2024-07-29,EXLS,BBG001SKWX40,0,false,34.630000,34.500000,0.433150,-0.375397,false,0.000000,execution_costs_v1.0,0.000000,0.000000,,,,
2024-07-29,EXP,BBG001S7VG92,0,false,246.640000,248.750000,1.933993,0.855498,false,0.000000,execution_costs_v1.0,0.000000,0.000000,,,,
2024-07-29,EXPI,BBG001V05TN8,6,false,14.710000,14.310000,1.019714,-2.719239,false,0.000000,execution_costs_v1.0,0.000000,0.000000,,,,
2024-07-29,EXPO,BBG001S9CG99,0,false,105.950000,105.240000,0.840019,-0.670127,false,0.000000,execution_costs_v1.0,0.000000,0.000000,,,,
2024-07-29,EXTR,BBG001S6ZV24,0,false,14.000000,13.970000,0.678571,-0.214286,false,0.000000,execution_costs_v1.0,0.000000,0.000000,,,,
2024-07-29,EYE,BBG00HVQF9L1,0,false,14.440000,13.990000,0.415512,-3.116343,false,0.000000,execution_costs_v1.0,0.000000,0.000000,,,,
2024-07-29,EYPT,BBG001SNLCD2,0,false,9.720000,9.490000,0.360082,-2.366255,false,0.000000,execution_costs_v1.0,0.000000,0.000000,,,,
2024-07-29,EZPW,BBG001S6RN67,0,false,10.310000,10.100000,0.339476,-2.036857,false,0.000000,execution_costs_v1.0,0.000000,0.000000,,,,
2024-07-29,FA,BBG011J0CVZ5,0,false,17.280000,17.120000,0.347222,-0.925926,false,0.000000,execution_costs_v1.0,0.000000,0.000000,,,,
2024-07-29,FAF,BBG001T1LV65,0,false,59.500000,59.850000,1.546218,0.588235,false,0.000000,execution_costs_v1.0,0.000000,0.000000,,,,
2024-07-29,FARO,BBG001S8HPX9,0,false,17.220000,17.090000,1.161440,-0.754936,false,0.000000,execution_costs_v1.0,0.000000,0.000000,,,,
2024-07-29,FATE,BBG001T888S2,0,false,5.430000,5.410000,4.511971,-0.368324,false,0.000000,execution_costs_v1.0,0.000000,0.000000,,,,
2024-07-29,FBIN,BBG001THLZ70,0,false,78.630000,79.640000,1.551571,1.284497,false,0.000000,execution_costs_v1.0,0.000000,0.000000,,,,
2024-07-29,FBIZ,BBG001SN11Y5,0,false,46.770000,45.460000,0.000000,-2.800941,false,0.000000,execution_costs_v1.0,0.000000,0.000000,,,,
2024-07-29,FBK,BBG00DM434H8,0,false,47.480000,46.580000,0.252738,-1.895535,false,0.000000,execution_costs_v1.0,0.000000,0.000000,,,,
2024-07-29,FBMS,BBG001SB73Y1,0,false,31.020000,30.660000,0.354610,-1.160542,false,0.000000,execution_costs_v1.0,0.000000,0.000000,,,,
2024-07-29,FBNC,BBG001S5R1Z5,1,false,43.100000,41.830000,0.858469,-2.946636,false,0.000000,execution_costs_v1.0,0.000000,0.000000,,,,
2024-07-29,FBP,BBG001S76PN4,0,false,21.870000,21.550000,0.160037,-1.463192,false,0.000000,execution_costs_v1.0,0.000000,0.000000,,,,
2024-07-29,FBRT,BBG013173BC4,0,false,13.890000,13.690000,0.575954,-1.439885,false,0.000000,execution_costs_v1.0,0.000000,0.000000,,,,
2024-07-29,FC,BBG001SB0L96,0,false,43.140000,42.610000,0.625869,-1.228558,false,0.000000,execution_costs_v1.0,0.000000,0.000000,,,,
2024-07-29,FCBC,BBG001S9V627,0,false,44.730000,44.550000,0.067069,-0.402414,false,0.000000,execution_costs_v1.0,0.000000,0.000000,,,,
2024-07-29,FCF,BBG001S70475,0,false,18.260000,17.940000,0.985761,-1.752464,false,0.000000,execution_costs_v1.0,0.000000,0.000000,,,,
2024-07-29,FCFS,BBG0145KL756,0,false,112.180000,109.240000,0.490283,-2.620788,false,0.000000,execution_costs_v1.0,0.000000,0.000000,,,,
2024-07-29,FCN,BBG001SCJVR2,0,false,225.650000,226.170000,2.209173,0.230445,false,0.000000,execution_costs_v1.0,0.000000,0.000000,,,,
2024-07-29,FCPT,BBG009H33QN9,0,false,27.640000,27.305000,0.000000,-1.212012,false,0.000000,execution_costs_v1.0,0.000000,0.000000,,,,
2024-07-29,FDBC,BBG001SFN3T0,0,false,55.500000,53.500000,0.000000,-3.603604,false,0.000000,execution_costs_v1.0,0.000000,0.000000,,,,
2024-07-29,FDMT,BBG00QG40S04,0,false,18.380000,17.160000,0.000000,-6.637650,false,0.000000,execution_costs_v1.0,0.000000,0.000000,,,,
2024-07-29,FDP,0001047340,0,false,24.440000,24.410000,0.000000,-0.122750,false,0.000000,execution_costs_v1.0,0.000000,0.000000,,,,
2024-07-29,FDUS,BBG001V0MG11,1,false,19.600000,19.480000,0.306122,-0.612245,false,0.000000,execution_costs_v1.0,0.000000,0.000000,,,,
2024-07-29,FELE,BBG001S5R3W4,0,false,106.230000,104.570000,0.522451,-1.562647,false,0.000000,execution_costs_v1.0,0.000000,0.000000,,,,
2024-07-29,FFBC,BBG001S5R4C4,0,false,28.230000,27.310000,0.070847,-3.258944,false,0.000000,execution_costs_v1.0,0.000000,0.000000,,,,
2024-07-29,FFIC,BBG001S7KQM7,0,false,16.700000,16.260000,0.239521,-2.634731,false,0.000000,execution_costs_v1.0,0.000000,0.000000,,,,
2024-07-29,FFIN,BBG001S7HCY9,0,false,39.500000,38.180000,0.063291,-3.341772,false,0.000000,execution_costs_v1.0,0.000000,0.000000,,,,
2024-07-29,FFIV,BBG001SCP8D1,1,false,177.480000,177.740000,1.121253,0.146495,false,0.000000,execution_costs_v1.0,0.000000,0.000000,,,,
2024-07-29,FFWM,BBG001V9VY13,0,false,7.120000,6.910000,0.842697,-2.949438,false,0.000000,execution_costs_v1.0,0.000000,0.000000,,,,
2024-07-29,FG,BBG01BGVGH85,0,false,43.670000,43.020000,0.835814,-1.488436,false,0.000000,execution_costs_v1.0,0.000000,0.000000,,,,
2024-07-29,FHB,BBG0046LJYX7,1,false,25.520000,25.200000,1.057994,-1.253918,false,0.000000,execution_costs_v1.0,0.000000,0.000000,,,,
2024-07-29,FHI,BBG001S6TGK4,0,false,34.980000,34.490000,0.514580,-1.400800,false,0.000000,execution_costs_v1.0,0.000000,0.000000,,,,
2024-07-29,FHN,BBG001SCW8R8,0,false,17.200000,16.830000,0.058140,-2.151163,false,0.000000,execution_costs_v1.0,0.000000,0.000000,,,,
2024-07-29,FIBK,BBG001S9F1B6,0,false,32.620000,31.290000,0.030656,-4.077253,false,0.000000,execution_costs_v1.0,0.000000,0.000000,,,,
2024-07-29,FIGS,BBG004SK5VM8,0,false,6.660000,6.650000,2.327327,-0.150150,false,0.000000,execution_costs_v1.0,0.000000,0.000000,,,,
2024-07-29,FIHL,0001636639,0,false,17.540000,17.720000,1.368301,1.026226,false,0.000000,execution_costs_v1.0,0.000000,0.000000,,,,
2024-07-29,FIP,BBG0174VKJB4,0,false,10.000000,9.780000,3.900000,-2.200000,false,0.000000,execution_costs_v1.0,0.000000,0.000000,,,,
2024-07-29,FISI,BBG001SCY2P1,0,false,25.480000,24.865000,0.000000,-2.413658,false,0.000000,execution_costs_v1.0,0.000000,0.000000,,,,
2024-07-29,FIVE,BBG001TCDMY9,0,false,72.060000,71.850000,2.067721,-0.291424,false,0.000000,execution_costs_v1.0,0.000000,0.000000,,,,
2024-07-29,FIVN,BBG001V0P7K7,1,false,46.920000,45.900000,0.447570,-2.173913,false,0.000000,execution_costs_v1.0,0.000000,0.000000,,,,
2024-07-29,FIX,BBG001SB1GG8,0,false,313.920000,313.930000,2.906792,0.003186,false,0.000000,execution_costs_v1.0,0.000000,0.000000,,,,
2024-07-29,FIZZ,BBG001S5PM18,0,false,49.850000,48.660000,0.641926,-2.387161,false,0.000000,execution_costs_v1.0,0.000000,0.000000,,,,
2024-07-29,FL,BBG001S5XMR1,0,false,26.670000,28.050000,5.849269,5.174353,false,0.000000,execution_costs_v1.0,0.000000,0.000000,,,,
2024-07-29,FLEX,0000866374,0,false,32.150000,31.830000,1.213064,-0.995334,false,0.000000,execution_costs_v1.0,0.000000,0.000000,,,,
2024-07-29,FLGT,BBG00DW0QQM5,0,false,23.640000,22.990000,0.930626,-2.749577,false,0.000000,execution_costs_v1.0,0.000000,0.000000,,,,
2024-07-29,FLIC,BBG001S5R7J0,0,false,13.370000,13.200000,1.495886,-1.271503,false,0.000000,execution_costs_v1.0,0.000000,0.000000,,,,
2024-07-29,FLNC,BBG012QSDTD2,13,true,16.390000,16.090000,0.488103,-1.830384,false,0.000000,execution_costs_v1.0,0.000000,0.000000,,,,
2024-07-29,FLNG,0001772253,0,false,26.840000,26.630000,0.670641,-0.782414,false,0.000000,execution_costs_v1.0,0.000000,0.000000,,,,
2024-07-29,FLO,BBG001S5R7L7,0,false,22.300000,22.280000,0.291480,-0.089686,false,0.000000,execution_costs_v1.0,0.000000,0.000000,,,,
2024-07-29,FLR,BBG001S5Q738,1,false,48.310000,47.660000,0.248396,-1.345477,false,0.000000,execution_costs_v1.0,0.000000,0.000000,,,,
2024-07-29,FLS,BBG001SB3F87,1,false,50.740000,50.890000,0.985416,0.295625,false,0.000000,execution_costs_v1.0,0.000000,0.000000,,,,
2024-07-29,FLWS,BBG001S60YV4,0,false,9.630000,9.920000,3.634476,3.011423,false,0.000000,execution_costs_v1.0,0.000000,0.000000,,,,
2024-07-29,FLYW,BBG002030ND3,0,false,18.660000,18.930000,1.661308,1.446945,false,0.000000,execution_costs_v1.0,0.000000,0.000000,,,,
2024-07-29,FMAO,BBG001S8HL40,0,false,27.990000,26.330000,0.803859,-5.930690,false,0.000000,execution_costs_v1.0,0.000000,0.000000,,,,
2024-07-29,FMBH,BBG001S704Q4,0,false,39.400000,38.250000,0.964467,-2.918782,false,0.000000,execution_costs_v1.0,0.000000,0.000000,,,,
2024-07-29,FMC,BBG001S5R880,0,false,59.500000,59.300000,0.840336,-0.336134,false,0.000000,execution_costs_v1.0,0.000000,0.000000,,,,
2024-07-29,FMNB,BBG001S7S1W3,0,false,16.170000,15.540000,0.000000,-3.896104,false,0.000000,execution_costs_v1.0,0.000000,0.000000,,,,
2024-07-29,FN,0001408710,0,false,222.250000,219.370000,1.736783,-1.295838,false,0.000000,execution_costs_v1.0,0.000000,0.000000,,,,
2024-07-29,FNA,BBG005914H40,0,false,8.650000,8.670000,0.578035,0.231214,false,0.000000,execution_costs_v1.0,0.000000,0.000000,,,,
2024-07-29,FNB,BBG001S5R1Q5,0,false,15.650000,15.315000,0.000000,-2.140575,false,0.000000,execution_costs_v1.0,0.000000,0.000000,,,,
2024-07-29,FND,BBG007GJ2F90,0,false,96.640000,97.330000,1.045116,0.713990,false,0.000000,execution_costs_v1.0,0.000000,0.000000,,,,
2024-07-29,FNF,BBG006N7S6J1,0,false,54.500000,54.530000,1.174312,0.055046,false,0.000000,execution_costs_v1.0,0.000000,0.000000,,,,
2024-07-29,FNKO,BBG00HXSHDR8,0,false,9.350000,9.500000,1.871658,1.604278,false,0.000000,execution_costs_v1.0,0.000000,0.000000,,,,
2024-07-29,FNLC,BBG001SD0659,0,false,29.440000,28.170000,0.000000,-4.313859,false,0.000000,execution_costs_v1.0,0.000000,0.000000,,,,
2024-07-29,FOA,BBG00ZVN6MD8,0,false,7.720000,7.520000,0.000000,-2.590674,false,0.000000,execution_costs_v1.0,0.000000,0.000000,,,,
2024-07-29,FOLD,BBG001SN96V9,0,false,10.190000,10.100000,0.736016,-0.883219,false,0.000000,execution_costs_v1.0,0.000000,0.000000,,,,
2024-07-29,FOR,BBG001S5R9G9,0,false,32.040000,31.765000,1.061174,-0.858302,false,0.000000,execution_costs_v1.0,0.000000,0.000000,,,,
2024-07-29,FORM,BBG001SFT2R8,1,false,52.470000,52.050000,3.278064,-0.800457,false,0.000000,execution_costs_v1.0,0.000000,0.000000,,,,
2024-07-29,FORR,BBG001S98HN6,0,false,19.230000,18.960000,1.092044,-1.404056,false,0.000000,execution_costs_v1.0,0.000000,0.000000,,,,
2024-07-29,FOUR,BBG00TX393M3,0,false,70.000000,69.370000,0.021429,-0.900000,false,0.000000,execution_costs_v1.0,0.000000,0.000000,,,,
2024-07-29,FOXF,BBG004T7VS71,0,false,52.010000,52.640000,2.941742,1.211306,false,0.000000,execution_costs_v1.0,0.000000,0.000000,,,,
2024-07-29,FPI,BBG005TNS0R6,0,false,10.480000,10.270000,0.190840,-2.003817,false,0.000000,execution_costs_v1.0,0.000000,0.000000,,,,
2024-07-29,FR,BBG001S81Z00,0,false,53.730000,54.250000,1.433091,0.967802,false,0.000000,execution_costs_v1.0,0.000000,0.000000,,,,
2024-07-29,FRBA,BBG001SRY1B5,0,false,15.400000,15.060000,0.000000,-2.207792,false,0.000000,execution_costs_v1.0,0.000000,0.000000,,,,
2024-07-29,FRHC,BBG001SGRW38,0,false,83.000000,83.530000,0.795181,0.638554,false,0.000000,execution_costs_v1.0,0.000000,0.000000,,,,
2024-07-29,FRME,BBG001S5NNS9,0,false,41.660000,40.320000,0.000000,-3.216515,false,0.000000,execution_costs_v1.0,0.000000,0.000000,,,,
2024-07-29,FRO,0000913290,13,true,24.300000,24.000000,0.411523,-1.234568,false,0.000000,execution_costs_v1.0,0.000000,0.000000,,,,
2024-07-29,FROG,0001800667,0,false,39.750000,37.990000,0.830189,-4.427673,false,0.000000,execution_costs_v1.0,0.000000,0.000000,,,,
2024-07-29,FRPT,BBG001V04FM0,0,false,119.240000,120.530000,1.744381,1.081852,false,0.000000,execution_costs_v1.0,0.000000,0.000000,,,,
2024-07-29,FRSH,BBG0029KYGM4,2,false,13.530000,13.320000,0.369549,-1.552106,false,0.000000,execution_costs_v1.0,0.000000,0.000000,,,,
2024-07-29,FRST,BBG001SPKP12,0,false,13.350000,13.050000,0.000000,-2.247191,false,0.000000,execution_costs_v1.0,0.000000,0.000000,,,,
2024-07-29,FRT,BBG001S5RC36,0,false,109.610000,110.860000,1.259009,1.140407,false,0.000000,execution_costs_v1.0,0.000000,0.000000,,,,
2024-07-29,FSBC,BBG001SN0V52,0,false,29.750000,29.420000,0.067227,-1.109244,false,0.000000,execution_costs_v1.0,0.000000,0.000000,,,,
2024-07-29,FSBW,BBG002Q8NYF3,0,false,43.990000,42.935000,0.340987,-2.398272,false,0.000000,execution_costs_v1.0,0.000000,0.000000,,,,
2024-07-29,FSCO,BBG01BG24837,4,false,6.320000,6.430000,1.819620,1.740506,false,0.000000,execution_costs_v1.0,0.000000,0.000000,,,,
2024-07-29,FSK,BBG001YCZQ07,2,false,20.340000,20.235000,0.098328,-0.516224,false,0.000000,execution_costs_v1.0,0.000000,0.000000,,,,
2024-07-29,FSLY,BBG004NLQHM9,8,false,8.300000,8.070000,2.048193,-2.771084,false,0.000000,execution_costs_v1.0,0.000000,0.000000,,,,
2024-07-29,FSM,BBG001S982M0,2,false,4.680000,4.650000,0.854701,-0.641026,false,0.000000,execution_costs_v1.0,0.000000,0.000000,,,,
2024-07-29,FSS,BBG001S5RD98,0,false,99.810000,97.310000,0.000000,-2.504759,false,0.000000,execution_costs_v1.0,0.000000,0.000000,,,,
2024-07-29,FSV,BBG0093LLBP5,0,false,175.520000,174.630000,0.341841,-0.507065,false,0.000000,execution_costs_v1.0,0.000000,0.000000,,,,
2024-07-29,FTAI,0001590364,2,false,113.565000,112.620000,3.420948,-0.832123,false,0.000000,execution_costs_v1.0,0.000000,0.000000,,,,
2024-07-29,FTDR,BBG00H9MNF05,0,false,38.230000,39.560000,3.531258,3.478943,false,0.000000,execution_costs_v1.0,0.000000,0.000000,,,,
2024-07-29,FTI,0001681459,1,false,28.930000,29.340000,1.659177,1.417214,false,0.000000,execution_costs_v1.0,0.000000,0.000000,,,,
2024-07-29,FTRE,BBG01GZF9W47,0,false,27.000000,27.285000,1.666667,1.055556,false,0.000000,execution_costs_v1.0,0.000000,0.000000,,,,
2024-07-29,FUBO,BBG002CV4QZ3,9,false,1.490000,1.440000,1.335570,-3.355705,false,0.000000,execution_costs_v1.0,0.000000,0.000000,,,,
2024-07-29,FUFU,0001921158,5,false,4.890000,4.410000,1.533742,-9.815951,false,0.000000,execution_costs_v1.0,0.000000,0.000000,,,,
2024-07-29,FUL,BBG001S5RDZ9,0,false,85.180000,85.480000,0.422634,0.352195,false,0.000000,execution_costs_v1.0,0.000000,0.000000,,,,
2024-07-29,FULC,BBG00DDY1RM7,1,false,8.880000,8.440000,1.238739,-4.954955,false,0.000000,execution_costs_v1.0,0.000000,0.000000,,,,
2024-07-29,FULT,BBG001S5RF02,0,false,20.130000,19.650000,0.273224,-2.384501,false,0.000000,execution_costs_v1.0,0.000000,0.000000,,,,
2024-07-29,FUN,BBG01K8GRMY5,0,false,47.220000,46.930000,0.349428,-0.614147,false,0.000000,execution_costs_v1.0,0.000000,0.000000,,,,
2024-07-29,FVRR,0001762301,1,false,22.860000,22.290000,0.524934,-2.493438,false,0.000000,execution_costs_v1.0,0.000000,0.000000,,,,
2024-07-29,FWRD,BBG001SC0FW1,1,false,26.000000,24.090000,0.000000,-7.346154,false,0.000000,execution_costs_v1.0,0.000000,0.000000,,,,
2024-07-29,FWRG,BBG012F6M198,0,false,15.330000,15.565000,2.804958,1.532942,false,0.000000,execution_costs_v1.0,0.000000,0.000000,,,,
2024-07-29,FYBR,BBG010MVVVX6,0,false,27.900000,28.860000,4.659498,3.440860,false,0.000000,execution_costs_v1.0,0.000000,0.000000,,,,
2024-07-29,G,0001398659,0,false,34.300000,34.690000,1.632653,1.137026,false,0.000000,execution_costs_v1.0,0.000000,0.000000,,,,
2024-07-29,GABC,BBG001S7BHR2,0,false,41.530000,40.660000,0.409343,-2.094871,false,0.000000,execution_costs_v1.0,0.000000,0.000000,,,,
2024-07-29,GAIN,BBG001SL3TS3,2,false,14.170000,14.015000,0.139026,-1.093860,false,0.000000,execution_costs_v1.0,0.000000,0.000000,,,,
2024-07-29,GAMB,0001839799,0,false,9.580000,9.520000,0.559499,-0.626305,false,0.000000,execution_costs_v1.0,0.000000,0.000000,,,,
2024-07-29,GATO,BBG001W4GFS2,1,false,12.300000,12.110000,0.894309,-1.544715,false,0.000000,execution_costs_v1.0,0.000000,0.000000,,,,
2024-07-29,GATX,BBG001S5RM34,0,false,140.470000,136.940000,0.918346,-2.512992,false,0.000000,execution_costs_v1.0,0.000000,0.000000,,,,
2024-07-29,GAU,BBG001SF5M09,5,false,1.770000,1.760000,1.977401,-0.564972,false,0.000000,execution_costs_v1.0,0.000000,0.000000,,,,
2024-07-29,GB,0001799983,0,false,4.900000,4.900000,0.204082,0.000000,false,0.000000,execution_costs_v1.0,0.000000,0.000000,,,,
2024-07-29,GBCI,BBG001S6HGM5,0,false,46.360000,44.710000,0.431406,-3.559103,false,0.000000,execution_costs_v1.0,0.000000,0.000000,,,,
2024-07-29,GBDC,BBG001T63BY7,0,false,15.450000,15.440000,0.194175,-0.064725,false,0.000000,execution_costs_v1.0,0.000000,0.000000,,,,
2024-07-29,GBLI,BBG004M233J2,0,false,31.450000,31.240000,0.000000,-0.667727,false,0.000000,execution_costs_v1.0,0.000000,0.000000,,,,
2024-07-29,GBTG,BBG00Y52B9C0,0,false,6.740000,6.705000,0.000000,-0.519288,false,0.000000,execution_costs_v1.0,0.000000,0.000000,,,,
2024-07-29,GBX,BBG001S80QK9,0,false,50.520000,50.410000,0.712589,-0.217736,false,0.000000,execution_costs_v1.0,0.000000,0.000000,,,,
2024-07-29,GCBC,BBG001S9KJZ5,0,false,36.850000,35.130000,0.135414,-4.667571,false,0.000000,execution_costs_v1.0,0.000000,0.000000,,,,
2024-07-29,GCI,BBG005C9FQR2,0,false,4.870000,4.745000,0.821355,-2.566735,false,0.000000,execution_costs_v1.0,0.000000,0.000000,,,,
2024-07-29,GCMG,BBG00Y73FGG2,0,false,11.470000,11.045000,0.000000,-3.705318,false,0.000000,execution_costs_v1.0,0.000000,0.000000,,,,
2024-07-29,GCO,BBG001S5RHF2,0,false,30.180000,30.000000,2.319417,-0.596421,false,0.000000,execution_costs_v1.0,0.000000,0.000000,,,,
2024-07-29,GCT,0001857816,6,false,29.430000,28.830000,1.630989,-2.038736,false,0.000000,execution_costs_v1.0,0.000000,0.000000,,,,
2024-07-29,GDEN,BBG001S69CW2,0,false,32.760000,32.550000,0.549451,-0.641026,false,0.000000,execution_costs_v1.0,0.000000,0.000000,,,,
2024-07-29,GDEV,0001848739,0,false,2.520000,2.520000,0.000000,0.000000,false,0.000000,execution_costs_v1.0,0.000000,0.000000,,,,
2024-07-29,GDOT,BBG001T6W7V7,0,false,9.650000,9.490000,0.000000,-1.658031,false,0.000000,execution_costs_v1.0,0.000000,0.000000,,,,
2024-07-29,GDRX,BBG00X0VP956,0,false,8.940000,8.805000,0.000000,-1.510067,false,0.000000,execution_costs_v1.0,0.000000,0.000000,,,,
2024-07-29,GDYN,BBG00MDLZP15,1,false,12.750000,12.740000,0.784314,-0.078431,false,0.000000,execution_costs_v1.0,0.000000,0.000000,,,,
2024-07-29,GEF,BBG001S8S678,0,false,65.530000,65.600000,0.915611,0.106821,false,0.000000,execution_costs_v1.0,0.000000,0.000000,,,,
2024-07-29,GEL,BBG001S9CQC3,2,false,14.100000,14.250000,2.198582,1.063830,false,0.000000,execution_costs_v1.0,0.000000,0.000000,,,,
2024-07-29,GENC,BBG001SBCW71,0,false,23.080000,23.190000,2.049393,0.476603,false,0.000000,execution_costs_v1.0,0.000000,0.000000,,,,
2024-07-29,GENI,0001834489,3,false,6.760000,6.810000,1.627219,0.739645,false,0.000000,execution_costs_v1.0,0.000000,0.000000,,,,
2024-07-29,GEO,BBG001S6VYZ6,0,false,15.800000,15.050000,0.253165,-4.746835,false,0.000000,execution_costs_v1.0,0.000000,0.000000,,,,
2024-07-29,GERN,BBG001S6TSX4,2,false,4.700000,4.690000,3.297872,-0.212766,false,0.000000,execution_costs_v1.0,0.000000,0.000000,,,,
2024-07-29,GES,BBG001S5RJR5,0,false,23.690000,23.410000,0.000000,-1.181933,false,0.000000,execution_costs_v1.0,0.000000,0.000000,,,,
2024-07-29,GETY,BBG017RQJJH6,0,false,3.750000,3.710000,0.536000,-1.066667,false,0.000000,execution_costs_v1.0,0.000000,0.000000,,,,
2024-07-29,GFF,BBG001S7M3Z2,0,false,74.880000,72.800000,0.894631,-2.777778,false,0.000000,execution_costs_v1.0,0.000000,0.000000,,,,
2024-07-29,GFL,BBG003FD9W80,0,false,38.110000,38.220000,0.865914,0.288638,false,0.000000,execution_costs_v1.0,0.000000,0.000000,,,,
2024-07-29,GFR,BBG01HRTJS60,0,false,7.010000,6.910000,0.285307,-1.426534,false,0.000000,execution_costs_v1.0,0.000000,0.000000,,,,
2024-07-29,GGG,BBG001S5RK56,0,false,84.280000,83.420000,0.533935,-1.020408,false,0.000000,execution_costs_v1.0,0.000000,0.000000,,,,
2024-07-29,GGR,0001886190,0,false,1.500000,1.590000,6.666667,6.000000,false,0.000000,execution_costs_v1.0,0.000000,0.000000,,,,
2024-07-29,GH,BBG006D97VZ8,40,true,34.200000,35.360000,5.145906,3.391813,false,0.000000,execution_costs_v1.0,0.000000,0.000000,,,,
2024-07-29,GHLD,BBG00XR2PX58,0,false,14.322200,14.190000,0.962143,-0.923043,false,0.000000,execution_costs_v1.0,0.000000,0.000000,,,,
2024-07-29,GHM,BBG001S5RK92,0,false,32.880000,32.400000,1.885645,-1.459854,false,0.000000,execution_costs_v1.0,0.000000,0.000000,,,,
2024-07-29,GHRS,0001855129,0,false,12.600000,12.250000,2.936508,-2.777778,false,0.000000,execution_costs_v1.0,0.000000,0.000000,,,,
2024-07-29,GIC,BBG001S9NZ95,0,false,35.890000,35.210000,0.348286,-1.894678,false,0.000000,execution_costs_v1.0,0.000000,0.000000,,,,
2024-07-29,GIII,BBG001S6F0Z8,0,false,26.700000,27.000000,1.797753,1.123596,false,0.000000,execution_costs_v1.0,0.000000,0.000000,,,,
2024-07-29,GIL,BBG001S7JJL6,0,false,40.000000,39.990000,0.200000,-0.025000,false,0.000000,execution_costs_v1.0,0.000000,0.000000,,,,
2024-07-29,GKOS,BBG001T91NX8,0,false,120.130000,119.690000,1.889620,-0.366270,false,0.000000,execution_costs_v1.0,0.000000,0.000000,,,,
2024-07-29,GL,BBG001S5WRX4,1,false,91.350000,92.060000,2.495895,0.777230,false,0.000000,execution_costs_v1.0,0.000000,0.000000,,,,
2024-07-29,GLAD,BBG001SJH738,0,false,23.970000,23.770000,0.498123,-0.834376,false,0.000000,execution_costs_v1.0,0.000000,0.000000,,,,
2024-07-29,GLBE,0001835963,0,false,35.120000,33.960000,0.000000,-3.302961,false,0.000000,execution_costs_v1.0,0.000000,0.000000,,,,
2024-07-29,GLDD,BBG001SNNJN4,1,false,9.520000,9.200000,0.840336,-3.361345,false,0.000000,execution_costs_v1.0,0.000000,0.000000,,,,
2024-07-29,GLNG,0001207179,2,false,35.420000,34.570000,0.000000,-2.399774,false,0.000000,execution_costs_v1.0,0.000000,0.000000,,,,
2024-07-29,GLOB,0001557860,0,false,193.330000,193.620000,0.985362,0.150003,false,0.000000,execution_costs_v1.0,0.000000,0.000000,,,,
2024-07-29,GLP,BBG001SH3WJ5,0,false,40.520000,39.300000,0.913129,-3.010859,false,0.000000,execution_costs_v1.0,0.000000,0.000000,,,,
2024-07-29,GLPI,BBG003MSMCT5,0,false,49.620000,49.890000,0.785973,0.544135,false,0.000000,execution_costs_v1.0,0.000000,0.000000,,,,
2024-07-29,GLRE,0001385613,0,false,13.570000,13.360000,0.515844,-1.547531,false,0.000000,execution_costs_v1.0,0.000000,0.000000,,,,
2024-07-29,GME,BBG001S5RLR0,43,true,24.230000,23.550000,0.619067,-2.806438,false,0.000000,execution_costs_v1.0,0.000000,0.000000,,,,
2024-07-29,GMED,BBG002V87T57,0,false,71.890000,71.560000,1.098901,-0.459035,false,0.000000,execution_costs_v1.0,0.000000,0.000000,,,,
2024-07-29,GMRE,BBG0027F2C05,0,false,9.840000,9.580000,0.304878,-2.642276,false,0.000000,execution_costs_v1.0,0.000000,0.000000,,,,
2024-07-29,GMS,BBG009Q036F8,0,false,94.200000,94.280000,0.350318,0.084926,false,0.000000,execution_costs_v1.0,0.000000,0.000000,,,,
2024-07-29,GNE,BBG0021PGB79,0,false,16.940000,16.780000,0.000000,-0.944510,false,0.000000,execution_costs_v1.0,0.000000,0.000000,,,,
2024-07-29,GNK,0001326200,0,false,19.740000,19.520000,1.317123,-1.114488,false,0.000000,execution_costs_v1.0,0.000000,0.000000,,,,
2024-07-29,GNL,BBG004HXD0H7,0,false,8.980000,8.850000,0.000000,-1.447661,false,0.000000,execution_costs_v1.0,0.000000,0.000000,,,,
2024-07-29,GNRC,BBG001T5VGH6,2,false,159.520000,155.420000,0.525953,-2.570211,false,0.000000,execution_costs_v1.0,0.000000,0.000000,,,,
2024-07-29,GNTX,BBG001S5RMR8,0,false,31.250000,31.350000,0.528000,0.320000,false,0.000000,execution_costs_v1.0,0.000000,0.000000,,,,
2024-07-29,GNTY,BBG001S7MPM7,0,false,35.700000,33.520000,0.000000,-6.106443,false,0.000000,execution_costs_v1.0,0.000000,0.000000,,,,
2024-07-29,GNW,BBG001SJ0DH8,0,false,6.830000,6.740000,0.439239,-1.317716,false,0.000000,execution_costs_v1.0,0.000000,0.000000,,,,
2024-07-29,GO,BBG00P4R30Z8,0,false,20.930000,20.850000,1.911132,-0.382226,false,0.000000,execution_costs_v1.0,0.000000,0.000000,,,,
2024-07-29,GOEV,BBG00NBK0H68,7,false,2.050000,1.950000,2.439024,-4.878049,false,0.000000,execution_costs_v1.0,0.000000,0.000000,,,,
2024-07-29,GOGL,0001029145,5,false,12.660000,12.530000,0.513428,-1.026856,false,0.000000,execution_costs_v1.0,0.000000,0.000000,,,,
2024-07-29,GOGO,BBG002CN8YD4,0,false,9.430000,9.160000,0.053022,-2.863203,false,0.000000,execution_costs_v1.0,0.000000,0.000000,,,,
2024-07-29,GOLF,BBG00D5L3ST3,0,false,72.230000,72.160000,1.633670,-0.096913,false,0.000000,execution_costs_v1.0,0.000000,0.000000,,,,
2024-07-29,GOOD,BBG001SK8138,1,false,15.100000,14.930000,0.165563,-1.125828,false,0.000000,execution_costs_v1.0,0.000000,0.000000,,,,
2024-07-29,GOOS,BBG00G2HL1Z0,4,false,11.430000,11.420000,0.962380,-0.087489,false,0.000000,execution_costs_v1.0,0.000000,0.000000,,,,
2024-07-29,GPI,BBG001S5RNK3,0,false,334.950000,338.650000,2.567547,1.104642,false,0.000000,execution_costs_v1.0,0.000000,0.000000,,,,
2024-07-29,GPK,BBG001S90195,0,false,27.980000,28.010000,1.393853,0.107219,false,0.000000,execution_costs_v1.0,0.000000,0.000000,,,,
2024-07-29,GPOR,BBG0112Z8766,0,false,150.000000,149.460000,0.266667,-0.360000,false,0.000000,execution_costs_v1.0,0.000000,0.000000,,,,
2024-07-29,GPRE,BBG001SPVM17,0,false,17.550000,17.550000,1.196581,0.000000,false,0.000000,execution_costs_v1.0,0.000000,0.000000,,,,
2024-07-29,GPRK,0001464591,2,false,10.130000,9.815000,0.671273,-3.109576,false,0.000000,execution_costs_v1.0,0.000000,0.000000,,,,
2024-07-29,GPS,BBG001S5RNN0,14,true,21.510000,22.250000,4.556020,3.440260,false,0.000000,execution_costs_v1.0,0.000000,0.000000,,,,
2024-07-29,GRAB,0001855612,6,false,3.320000,3.315000,0.150602,-0.150602,false,0.000000,execution_costs_v1.0,0.000000,0.000000,,,,
2024-07-29,GRBK,BBG001SS5LM9,3,false,74.980000,73.360000,0.592291,-2.160576,false,0.000000,execution_costs_v1.0,0.000000,0.000000,,,,
2024-07-29,GRC,BBG001S5RP00,0,false,41.580000,40.780000,0.024050,-1.924002,false,0.000000,execution_costs_v1.0,0.000000,0.000000,,,,
2024-07-29,GRND,BBG00YV3H7V6,0,false,11.490000,11.520000,0.348129,0.261097,false,0.000000,execution_costs_v1.0,0.000000,0.000000,,,,
2024-07-29,GRNT,BBG017RM8TP6,0,false,6.780000,6.720000,0.000000,-0.884956,false,0.000000,execution_costs_v1.0,0.000000,0.000000,,,,
2024-07-29,GRPN,BBG001T8J560,10,true,18.150000,17.150000,1.763085,-5.509642,false,0.000000,execution_costs_v1.0,0.000000,0.000000,,,,
2024-07-29,GSAT,BBG001SPN4X1,5,false,1.220000,1.200000,1.639344,-1.639344,false,0.000000,execution_costs_v1.0,0.000000,0.000000,,,,
2024-07-29,GSBC,BBG001S6DWN3,0,false,64.890000,63.300000,0.000000,-2.450301,false,0.000000,execution_costs_v1.0,0.000000,0.000000,,,,
2024-07-29,GSBD,BBG004DDDL70,3,false,15.140000,15.070000,0.198151,-0.462351,false,0.000000,execution_costs_v1.0,0.000000,0.000000,,,,
2024-07-29,GSHD,BBG00KHHBMD4,0,false,88.560000,88.520000,0.242773,-0.045167,false,0.000000,execution_costs_v1.0,0.000000,0.000000,,,,
2024-07-29,GSL,0001430725,1,false,25.880000,25.890000,1.236476,0.038640,false,0.000000,execution_costs_v1.0,0.000000,0.000000,,,,
2024-07-29,GSM,0001639877,2,false,5.490000,5.310000,2.367942,-3.278689,false,0.000000,execution_costs_v1.0,0.000000,0.000000,,,,
2024-07-29,GT,BBG001S5RQ62,1,false,12.050000,11.830000,0.580913,-1.825726,false,0.000000,execution_costs_v1.0,0.000000,0.000000,,,,
2024-07-29,GTE,BBG001S5RKW6,0,false,9.290000,9.190000,2.152853,-1.076426,false,0.000000,execution_costs_v1.0,0.000000,0.000000,,,,
2024-07-29,GTES,0001718512,0,false,17.810000,17.750000,0.645705,-0.336889,false,0.000000,execution_costs_v1.0,0.000000,0.000000,,,,
2024-07-29,GTI,0001879373,0,false,3.170000,3.089900,3.271293,-2.526814,false,0.000000,execution_costs_v1.0,0.000000,0.000000,,,,
2024-07-29,GTLB,BBG00DHTYPJ6,4,false,53.610000,52.870000,0.000000,-1.380339,false,0.000000,execution_costs_v1.0,0.000000,0.000000,,,,
2024-07-29,GTLS,BBG001SQV7W4,0,false,161.500000,158.170000,1.176471,-2.061920,false,0.000000,execution_costs_v1.0,0.000000,0.000000,,,,
2024-07-29,GTN,BBG001S8SQK9,1,false,6.490000,6.500000,1.463790,0.154083,false,0.000000,execution_costs_v1.0,0.000000,0.000000,,,,
2024-07-29,GTX,BBG00HY28Q04,1,false,8.760000,8.755000,2.853881,-0.057078,false,0.000000,execution_costs_v1.0,0.000000,0.000000,,,,
2024-07-29,GTY,BBG001S5RQR9,0,false,31.760000,31.520000,0.000000,-0.755668,false,0.000000,execution_costs_v1.0,0.000000,0.000000,,,,
2024-07-29,GVA,BBG001S8WD96,0,false,69.000000,67.830000,0.434783,-1.695652,false,0.000000,execution_costs_v1.0,0.000000,0.000000,,,,
2024-07-29,GWRE,BBG001TWHGX5,0,false,149.090000,148.590000,0.750956,-0.335368,false,0.000000,execution_costs_v1.0,0.000000,0.000000,,,,
2024-07-29,GWRS,BBG001T2PQ42,0,false,13.290000,13.000000,0.000000,-2.182092,false,0.000000,execution_costs_v1.0,0.000000,0.000000,,,,
2024-07-29,GXO,BBG00YDGX9Z1,2,false,55.710000,55.500000,0.466703,-0.376952,false,0.000000,execution_costs_v1.0,0.000000,0.000000,,,,
2024-07-29,GYRE,BBG001SDL5X7,0,false,15.100000,14.920000,5.960265,-1.192053,false,0.000000,execution_costs_v1.0,0.000000,0.000000,,,,
2024-07-29,HA,BBG001S5RRT5,1,false,12.310000,11.835000,0.649878,-3.858652,false,0.000000,execution_costs_v1.0,0.000000,0.000000,,,,
2024-07-29,HAE,BBG001S6QB64,0,false,91.300000,89.740000,0.635268,-1.708653,false,0.000000,execution_costs_v1.0,0.000000,0.000000,,,,
2024-07-29,HAFC,BBG001SFGJ31,0,false,20.580000,19.890000,0.097182,-3.352770,false,0.000000,execution_costs_v1.0,0.000000,0.000000,,,,
2024-07-29,HAIN,BBG001SBCKV0,0,false,7.710000,7.415000,2.204929,-3.826200,false,0.000000,execution_costs_v1.0,0.000000,0.000000,,,,
2024-07-29,HALO,BBG001SGX585,1,false,56.430000,55.470000,0.178451,-1.701223,false,0.000000,execution_costs_v1.0,0.000000,0.000000,,,,
2024-07-29,HAS,BBG001S5RSQ6,2,false,64.220000,64.700000,1.098567,0.747431,false,0.000000,execution_costs_v1.0,0.000000,0.000000,,,,
2024-07-29,HASI,BBG0044K5DN3,0,false,32.830000,32.590000,1.553457,-0.731039,false,0.000000,execution_costs_v1.0,0.000000,0.000000,,,,
2024-07-29,HAYN,BBG001SL1ZT0,0,false,59.660000,59.800000,0.301710,0.234663,false,0.000000,execution_costs_v1.0,0.000000,0.000000,,,,
2024-07-29,HAYW,BBG00Z9CCSB9,0,false,13.500000,13.490000,1.851852,-0.074074,false,0.000000,execution_costs_v1.0,0.000000,0.000000,,,,
2024-07-29,HBANL,0000049196,0,false,25.000000,24.920000,0.000000,-0.320000,false,0.000000,execution_costs_v1.0,0.000000,0.000000,,,,
2024-07-29,HBCP,BBG001ST9B63,0,false,44.370000,43.025000,0.518368,-3.031327,false,0.000000,execution_costs_v1.0,0.000000,0.000000,,,,
2024-07-29,HBI,BBG001SMCKB8,6,false,6.130000,6.020000,0.163132,-1.794454,false,0.000000,execution_costs_v1.0,0.000000,0.000000,,,,
2024-07-29,HBM,BBG001SL27N7,0,false,7.980000,8.010000,0.626566,0.375940,false,0.000000,execution_costs_v1.0,0.000000,0.000000,,,,
2024-07-29,HBNC,BBG001S7SGW0,0,false,16.500000,15.890000,0.060606,-3.696970,false,0.000000,execution_costs_v1.0,0.000000,0.000000,,,,
2024-07-29,HBT,BBG00Q8J7380,0,false,24.200000,23.390000,1.219008,-3.347107,false,0.000000,execution_costs_v1.0,0.000000,0.000000,,,,
2024-07-29,HCAT,BBG00LDPZMT5,0,false,7.730000,7.685000,2.457956,-0.582147,false,0.000000,execution_costs_v1.0,0.000000,0.000000,,,,
2024-07-29,HCC,BBG00GD1JNK4,0,false,69.230000,68.120000,1.458905,-1.603351,false,0.000000,execution_costs_v1.0,0.000000,0.000000,,,,
2024-07-29,HCI,BBG001T2C2P6,1,false,91.620000,92.800000,1.353416,1.287928,false,0.000000,execution_costs_v1.0,0.000000,0.000000,,,,
2024-07-29,HCKT,BBG001S5VLP7,0,false,25.900000,26.031300,1.158301,0.506950,false,0.000000,execution_costs_v1.0,0.000000,0.000000,,,,
2024-07-29,HCP,BBG007PZ2T94,0,false,33.570000,33.560000,0.297885,-0.029789,false,0.000000,execution_costs_v1.0,0.000000,0.000000,,,,
2024-07-29,HCSG,BBG001S5RTV8,0,false,11.340000,11.570000,3.130511,2.028219,false,0.000000,execution_costs_v1.0,0.000000,0.000000,,,,
2024-07-29,HCVI,BBG00ZLKX2G6,0,false,10.590000,10.590000,0.000000,0.000000,false,0.000000,execution_costs_v1.0,0.000000,0.000000,,,,
2024-07-29,HDSN,BBG001S77CN2,1,false,8.980000,8.840000,0.890869,-1.559020,false,0.000000,execution_costs_v1.0,0.000000,0.000000,,,,
2024-07-29,HE,BBG001S5RV43,10,true,16.500000,16.355000,1.515152,-0.878788,false,0.000000,execution_costs_v1.0,0.000000,0.000000,,,,
2024-07-29,HEES,BBG001SKSFQ0,0,false,53.470000,52.990000,0.514307,-0.897700,false,0.000000,execution_costs_v1.0,0.000000,0.000000,,,,
2024-07-29,HELE,0000916789,0,false,58.810000,60.580000,3.570821,3.009692,false,0.000000,execution_costs_v1.0,0.000000,0.000000,,,,
2024-07-29,HESM,BBG00R02H8F3,0,false,37.370000,37.220000,0.160557,-0.401391,false,0.000000,execution_costs_v1.0,0.000000,0.000000,,,,
2024-07-29,HFWA,BBG001SBJ270,0,false,23.290000,22.590000,0.085874,-3.005582,false,0.000000,execution_costs_v1.0,0.000000,0.000000,,,,
2024-07-29,HG,0001593275,0,false,17.110000,16.890000,0.759790,-1.285798,false,0.000000,execution_costs_v1.0,0.000000,0.000000,,,,
2024-07-29,HGTY,BBG00Z9FKN97,0,false,11.100000,10.990000,0.720721,-0.990991,false,0.000000,execution_costs_v1.0,0.000000,0.000000,,,,
2024-07-29,HGV,BBG00CBYY6L2,0,false,42.430000,42.690000,1.213764,0.612774,false,0.000000,execution_costs_v1.0,0.000000,0.000000,,,,
2024-07-29,HHH,BBG01HTMDZ63,0,false,74.400000,73.020000,0.080645,-1.854839,false,0.000000,execution_costs_v1.0,0.000000,0.000000,,,,
2024-07-29,HI,BBG001STH2P3,0,false,44.270000,42.920000,0.327536,-3.049469,false,0.000000,execution_costs_v1.0,0.000000,0.000000,,,,
2024-07-29,HIFS,BBG001S614T2,0,false,238.610000,239.030000,0.176019,0.176019,false,0.000000,execution_costs_v1.0,0.000000,0.000000,,,,
2024-07-29,HII,BBG001V0PDL3,0,false,277.000000,277.540000,0.618412,0.194946,false,0.000000,execution_costs_v1.0,0.000000,0.000000,,,,
2024-07-29,HIMS,BBG00Q5LQWK9,19,true,21.870000,21.710000,2.286237,-0.731596,false,0.000000,execution_costs_v1.0,0.000000,0.000000,,,,
2024-07-29,HIPO,BBG00YRW9292,0,false,19.110000,18.910000,0.627943,-1.046572,false,0.000000,execution_costs_v1.0,0.000000,0.000000,,,,
2024-07-29,HIVE,BBG001SFKS45,18,true,3.940000,3.680000,4.822335,-6.598985,false,0.000000,execution_costs_v1.0,0.000000,0.000000,,,,
2024-07-29,HIW,BBG001S7X2X4,0,false,30.500000,30.515000,0.918033,0.049180,false,0.000000,execution_costs_v1.0,0.000000,0.000000,,,,
2024-07-29,HL,BBG001S5RXF7,5,false,5.660000,5.595000,0.706714,-1.148410,false,0.000000,execution_costs_v1.0,0.000000,0.000000,,,,
2024-07-29,HLF,0001180262,0,false,12.470000,12.370000,0.280674,-0.801925,false,0.000000,execution_costs_v1.0,0.000000,0.000000,,,,
2024-07-29,HLI,BBG001SFVN99,0,false,150.000000,147.770000,0.401333,-1.486667,false,0.000000,execution_costs_v1.0,0.000000,0.000000,,,,
2024-07-29,HLIO,BBG001S99DF3,0,false,46.600000,45.740000,1.115880,-1.845494,false,0.000000,execution_costs_v1.0,0.000000,0.000000,,,,
2024-07-29,HLIT,BBG001S73CC8,0,false,12.110000,11.745000,0.000000,-3.014038,false,0.000000,execution_costs_v1.0,0.000000,0.000000,,,,
2024-07-29,HLLY,BBG00Y3N2SD3,1,false,3.860000,3.845000,1.036269,-0.388601,false,0.000000,execution_costs_v1.0,0.000000,0.000000,,,,
2024-07-29,HLMN,BBG00YC6W7C4,1,false,10.090000,9.930000,0.991080,-1.585728,false,0.000000,execution_costs_v1.0,0.000000,0.000000,,,,
2024-07-29,HLNE,BBG00FX58Q75,0,false,144.160000,142.660000,0.645117,-1.040511,false,0.000000,execution_costs_v1.0,0.000000,0.000000,,,,
2024-07-29,HLX,BBG001S978V8,1,false,12.540000,11.420000,0.318979,-8.931419,false,0.000000,execution_costs_v1.0,0.000000,0.000000,,,,
2024-07-29,HMN,BBG001S5RY01,0,false,34.310000,33.710000,0.495482,-1.748761,false,0.000000,execution_costs_v1.0,0.000000,0.000000,,,,
2024-07-29,HNI,BBG001S6Q6F5,0,false,54.500000,54.360000,0.366972,-0.256881,false,0.000000,execution_costs_v1.0,0.000000,0.000000,,,,
2024-07-29,HNST,BBG002TWLBM1,1,false,3.860000,3.715000,2.849741,-3.756477,false,0.000000,execution_costs_v1.0,0.000000,0.000000,,,,
2024-07-29,HOG,BBG001S5RTY5,1,false,36.620000,37.800000,3.495358,3.222283,false,0.000000,execution_costs_v1.0,0.000000,0.000000,,,,
2024-07-29,HOMB,BBG001SN0R60,0,false,28.590000,28.120000,0.314795,-1.643931,false,0.000000,execution_costs_v1.0,0.000000,0.000000,,,,
2024-07-29,HONE,BBG00NKZNGC5,0,false,13.570000,13.380000,0.000000,-1.400147,false,0.000000,execution_costs_v1.0,0.000000,0.000000,,,,
2024-07-29,HOOK,BBG00NGMNKS3,1,false,6.130000,5.747000,4.078303,-6.247961,false,0.000000,execution_costs_v1.0,0.000000,0.000000,,,,
2024-07-29,HOPE,BBG001S8F2H0,0,false,13.460000,12.990000,0.965825,-3.491828,false,0.000000,execution_costs_v1.0,0.000000,0.000000,,,,
2024-07-29,HOUS,BBG001SSDCC1,0,false,4.700000,4.705000,3.510638,0.106383,false,0.000000,execution_costs_v1.0,0.000000,0.000000,,,,
2024-07-29,HOV,BBG001S5RZM4,0,false,216.580000,207.085000,0.161603,-4.384061,false,0.000000,execution_costs_v1.0,0.000000,0.000000,,,,
2024-07-29,HP,BBG001S5RZP1,0,false,40.410000,39.160000,0.371195,-3.093294,false,0.000000,execution_costs_v1.0,0.000000,0.000000,,,,
2024-07-29,HPK,BBG00RD1PYR2,0,false,16.760000,16.250000,0.984487,-3.042959,false,0.000000,execution_costs_v1.0,0.000000,0.000000,,,,
2024-07-29,HPP,BBG001T6TCN9,2,false,5.790000,5.655000,0.000000,-2.331606,false,0.000000,execution_costs_v1.0,0.000000,0.000000,,,,
2024-07-29,HQY,BBG001T8JKN8,0,false,80.980000,79.600000,0.000000,-1.704124,false,0.000000,execution_costs_v1.0,0.000000,0.000000,,,,
2024-07-29,HR,BBG001T5WP21,0,false,17.960000,17.910000,0.250557,-0.278396,false,0.000000,execution_costs_v1.0,0.000000,0.000000,,,,
2024-07-29,HRB,BBG001S5S031,0,false,57.040000,57.480000,1.016830,0.771388,false,0.000000,execution_costs_v1.0,0.000000,0.000000,,,,
2024-07-29,HRI,BBG001SNNBX0,0,false,154.000000,153.240000,1.376623,-0.493506,false,0.000000,execution_costs_v1.0,0.000000,0.000000,,,,
2024-07-29,HRMY,BBG00WBPG548,1,false,34.030000,33.880000,2.233324,-0.440788,false,0.000000,execution_costs_v1.0,0.000000,0.000000,,,,
2024-07-29,HROW,BBG001SSTRN9,0,false,24.650000,24.180000,1.825558,-1.906694,false,0.000000,execution_costs_v1.0,0.000000,0.000000,,,,
2024-07-29,HRTX,BBG001SB92D4,0,false,3.100000,2.915000,0.645161,-5.967742,false,0.000000,execution_costs_v1.0,0.000000,0.000000,,,,
2024-07-29,HRZN,BBG001T7JC58,2,false,12.240000,12.180000,0.326797,-0.490196,false,0.000000,execution_costs_v1.0,0.000000,0.000000,,,,
2024-07-29,HSAI,BBG01CCYDDZ3,1,false,4.530000,4.600000,1.986755,1.545254,false,0.000000,execution_costs_v1.0,0.000000,0.000000,,,,
2024-07-29,HSHP,0001959455,2,false,8.050000,7.960000,1.490683,-1.118012,false,0.000000,execution_costs_v1.0,0.000000,0.000000,,,,
2024-07-29,HSIC,BBG001S6S7F1,0,false,72.160000,71.450000,0.041574,-0.983925,false,0.000000,execution_costs_v1.0,0.000000,0.000000,,,,
2024-07-29,HSII,BBG001SCQ2H9,0,false,35.940000,35.860000,1.085142,-0.222593,false,0.000000,execution_costs_v1.0,0.000000,0.000000,,,,
2024-07-29,HST,BBG001S5RY83,0,false,17.500000,17.700000,2.228571,1.142857,false,0.000000,execution_costs_v1.0,0.000000,0.000000,,,,
2024-07-29,HSTM,BBG001SCR2T5,0,false,29.340000,29.380000,1.942740,0.136333,false,0.000000,execution_costs_v1.0,0.000000,0.000000,,,,
2024-07-29,HTBI,BBG002CV5WZ9,0,false,35.120000,34.040000,0.000000,-3.075171,false,0.000000,execution_costs_v1.0,0.000000,0.000000,,,,
2024-07-29,HTBK,BBG001SBY8P0,1,false,10.700000,10.530000,0.934579,-1.588785,false,0.000000,execution_costs_v1.0,0.000000,0.000000,,,,
2024-07-29,HTGC,BBG001SDPHZ5,1,false,21.460000,21.310100,0.326188,-0.698509,false,0.000000,execution_costs_v1.0,0.000000,0.000000,,,,
2024-07-29,HTH,BBG001SH9HH4,0,false,34.330000,32.640000,0.000000,-4.922808,false,0.000000,execution_costs_v1.0,0.000000,0.000000,,,,
2024-07-29,HTLD,BBG001S5S1D8,0,false,13.140000,12.933000,1.445967,-1.575342,false,0.000000,execution_costs_v1.0,0.000000,0.000000,,,,
2024-07-29,HTLF,BBG001S8WBN4,0,false,53.860000,52.770000,0.000000,-2.023765,false,0.000000,execution_costs_v1.0,0.000000,0.000000,,,,
2024-07-29,HTZ,BBG011N571V5,3,false,4.070000,3.810000,0.737101,-6.388206,false,0.000000,execution_costs_v1.0,0.000000,0.000000,,,,
2024-07-29,HUBG,BBG001S8SNQ0,0,false,46.120000,45.880000,1.062446,-0.520382,false,0.000000,execution_costs_v1.0,0.000000,0.000000,,,,
2024-07-29,HUMA,BBG00XPPT7T6,16,true,8.000000,7.840000,1.125000,-2.000000,false,0.000000,execution_costs_v1.0,0.000000,0.000000,,,,
2024-07-29,HUN,BBG001SKWX22,0,false,23.600000,23.740000,0.635593,0.593220,false,0.000000,execution_costs_v1.0,0.000000,0.000000,,,,
2024-07-29,HURN,BBG001SLSXM3,0,false,111.270000,113.770000,2.390581,2.246787,false,0.000000,execution_costs_v1.0,0.000000,0.000000,,,,
2024-07-29,HUT,BBG00390LJJ8,26,true,15.800000,14.830000,4.303797,-6.139241,false,0.000000,execution_costs_v1.0,0.000000,0.000000,,,,
2024-07-29,HVT,BBG001SBYDJ6,0,false,27.850000,28.280000,1.831239,1.543986,false,0.000000,execution_costs_v1.0,0.000000,0.000000,,,,
2024-07-29,HWC,BBG001S6S985,0,false,57.170000,55.550000,0.376071,-2.833654,false,0.000000,execution_costs_v1.0,0.000000,0.000000,,,,
2024-07-29,HWKN,BBG001S5S282,0,false,107.430000,106.310000,1.749977,-1.042539,false,0.000000,execution_costs_v1.0,0.000000,0.000000,,,,
2024-07-29,HXL,BBG001S5S2J0,0,false,63.740000,65.250000,2.368999,2.368999,false,0.000000,execution_costs_v1.0,0.000000,0.000000,,,,
2024-07-29,HY,BBG001S5YDZ1,0,false,78.880000,80.130000,2.814402,1.584686,false,0.000000,execution_costs_v1.0,0.000000,0.000000,,,,
2024-07-29,HYLN,BBG00N9MJV02,3,false,2.390000,2.265000,1.464435,-5.230126,false,0.000000,execution_costs_v1.0,0.000000,0.000000,,,,
2024-07-29,HZO,BBG001SBS2N2,0,false,37.930000,37.720000,0.711838,-0.553651,false,0.000000,execution_costs_v1.0,0.000000,0.000000,,,,
2024-07-29,IAC,BBG00S1LR2D2,1,false,51.600000,51.730000,1.259690,0.251938,false,0.000000,execution_costs_v1.0,0.000000,0.000000,,,,
2024-07-29,IAG,BBG001S8SMV6,2,false,3.960000,3.950000,0.252525,-0.252525,false,0.000000,execution_costs_v1.0,0.000000,0.000000,,,,
2024-07-29,IART,BBG001S7JWM6,24,true,24.750000,25.380000,9.898990,2.545455,true,0.000000,execution_costs_v1.0,0.000000,0.000000,,,,
2024-07-29,IAS,BBG011BPJYL0,0,false,10.670000,10.640000,1.030928,-0.281162,false,0.000000,execution_costs_v1.0,0.000000,0.000000,,,,
2024-07-29,IAUX,BBG00Z3VDWG8,0,false,1.060000,1.060000,0.943396,0.000000,false,0.000000,execution_costs_v1.0,0.000000,0.000000,,,,
2024-07-29,IBCP,BBG001S5S335,0,false,34.810000,34.270000,0.000000,-1.551278,false,0.000000,execution_costs_v1.0,0.000000,0.000000,,,,
2024-07-29,IBEX,0001720420,0,false,17.650000,17.280000,0.000000,-2.096317,false,0.000000,execution_costs_v1.0,0.000000,0.000000,,,,
2024-07-29,IBKR,BBG001SQ4YC7,0,false,118.850000,119.640000,0.790913,0.664703,false,0.000000,execution_costs_v1.0,0.000000,0.000000,,,,
2024-07-29,IBOC,BBG001S6YYJ1,0,false,69.550000,67.370000,0.460101,-3.134436,false,0.000000,execution_costs_v1.0,0.000000,0.000000,,,,
2024-07-29,IBP,BBG005TJKF09,0,false,266.810000,266.130000,2.098122,-0.254863,false,0.000000,execution_costs_v1.0,0.000000,0.000000,,,,
2024-07-29,IBRX,BBG007T9DYX8,8,false,5.610000,5.420000,0.267380,-3.386809,false,0.000000,execution_costs_v1.0,0.000000,0.000000,,,,
2024-07-29,IBTX,BBG003981NT3,0,false,60.190000,58.940000,0.000000,-2.076757,false,0.000000,execution_costs_v1.0,0.000000,0.000000,,,,
2024-07-29,ICFI,BBG001S6L7P7,0,false,143.930000,145.250000,1.521573,0.917112,false,0.000000,execution_costs_v1.0,0.000000,0.000000,,,,
2024-07-29,ICHR,0001652535,0,false,34.260000,33.680000,3.823701,-1.692936,false,0.000000,execution_costs_v1.0,0.000000,0.000000,,,,
2024-07-29,ICL,0000941221,12,true,4.380000,4.315000,0.388128,-1.484018,false,0.000000,execution_costs_v1.0,0.000000,0.000000,,,,
2024-07-29,ICU,BBG00YVJVRL2,1,false,8.830000,8.760000,8.266138,-0.792752,false,0.000000,execution_costs_v1.0,0.000000,0.000000,,,,
2024-07-29,ICUI,BBG001S712B3,0,false,128.230000,126.500000,1.044997,-1.349138,false,0.000000,execution_costs_v1.0,0.000000,0.000000,,,,
2024-07-29,IDA,BBG001S5S4M2,0,false,97.750000,97.630000,0.132992,-0.122762,false,0.000000,execution_costs_v1.0,0.000000,0.000000,,,,
2024-07-29,IDCC,BBG001S8DV79,0,false,121.070000,121.060000,0.553399,-0.008260,false,0.000000,execution_costs_v1.0,0.000000,0.000000,,,,
2024-07-29,IDT,BBG001SHWDJ5,0,false,38.030000,38.140000,0.754930,0.289245,false,0.000000,execution_costs_v1.0,0.000000,0.000000,,,,
2024-07-29,IDYA,BBG00CTZ4D92,0,false,42.720000,42.250000,1.603464,-1.100187,false,0.000000,execution_costs_v1.0,0.000000,0.000000,,,,
2024-07-29,IE,BBG012WFRMH9,0,false,10.160000,9.390000,0.000000,-7.578740,false,0.000000,execution_costs_v1.0,0.000000,0.000000,,,,
2024-07-29,IEP,BBG001S5NBT4,4,false,17.290000,17.310000,0.809717,0.115674,false,0.000000,execution_costs_v1.0,0.000000,0.000000,,,,
2024-07-29,IESC,BBG001SR2L71,0,false,144.100000,140.310000,1.505899,-2.630118,false,0.000000,execution_costs_v1.0,0.000000,0.000000,,,,
2024-07-29,IFS,0001615903,0,false,22.670000,22.210000,0.000000,-2.029113,false,0.000000,execution_costs_v1.0,0.000000,0.000000,,,,
2024-07-29,IGIC,0001794338,0,false,17.150000,17.370000,3.440233,1.282799,false,0.000000,execution_costs_v1.0,0.000000,0.000000,,,,
2024-07-29,IGMS,BBG00PNR1BV9,0,false,11.230000,11.390000,3.832591,1.424755,false,0.000000,execution_costs_v1.0,0.000000,0.000000,,,,
2024-07-29,IGT,0001619762,6,false,23.810000,23.450000,0.041999,-1.511970,false,0.000000,execution_costs_v1.0,0.000000,0.000000,,,,
2024-07-29,IHS,0001876183,0,false,3.030000,2.920000,0.000000,-3.630363,false,0.000000,execution_costs_v1.0,0.000000,0.000000,,,,
2024-07-29,IIIN,BBG001SK9GV3,0,false,34.710000,34.140000,0.720254,-1.642178,false,0.000000,execution_costs_v1.0,0.000000,0.000000,,,,
2024-07-29,IIIV,BBG00L32N3P6,0,false,25.470000,24.850000,0.157048,-2.434236,false,0.000000,execution_costs_v1.0,0.000000,0.000000,,,,
2024-07-29,IIPR,BBG00F0SW7P6,0,false,123.480000,123.650000,0.664075,0.137674,false,0.000000,execution_costs_v1.0,0.000000,0.000000,,,,
2024-07-29,IMAX,BBG001S5Z701,2,false,20.200000,19.905000,2.821782,-1.460396,false,0.000000,execution_costs_v1.0,0.000000,0.000000,,,,
2024-07-29,IMKTA,BBG001S5S7D5,0,false,79.650000,79.650000,0.295041,0.000000,false,0.000000,execution_costs_v1.0,0.000000,0.000000,,,,
2024-07-29,IMMR,BBG001SD4N12,7,false,13.690000,12.780000,1.826150,-6.647188,false,0.000000,execution_costs_v1.0,0.000000,0.000000,,,,
2024-07-29,IMNM,BBG00BR94298,1,false,16.500000,15.750000,1.878788,-4.545455,false,0.000000,execution_costs_v1.0,0.000000,0.000000,,,,
2024-07-29,IMTX,0001809196,0,false,12.340000,12.070000,0.000000,-2.188006,false,0.000000,execution_costs_v1.0,0.000000,0.000000,,,,
2024-07-29,IMVT,BBG00P5MC0R7,1,false,29.010000,29.070000,0.482592,0.206825,false,0.000000,execution_costs_v1.0,0.000000,0.000000,,,,
2024-07-29,IMXI,BBG00G6D5NH5,0,false,21.500000,21.490000,0.279070,-0.046512,false,0.000000,execution_costs_v1.0,0.000000,0.000000,,,,
2024-07-29,INBK,BBG001SJZH45,0,false,39.320000,37.470000,0.356053,-4.704985,false,0.000000,execution_costs_v1.0,0.000000,0.000000,,,,
2024-07-29,INBX,BBG01MS5QB96,0,false,13.830000,14.310000,4.049168,3.470716,false,0.000000,execution_costs_v1.0,0.000000,0.000000,,,,
2024-07-29,INDB,BBG001S5S8F1,0,false,64.480000,62.300000,0.263648,-3.380893,false,0.000000,execution_costs_v1.0,0.000000,0.000000,,,,
2024-07-29,INDI,BBG00Z3XTNY7,3,false,6.330000,6.140000,3.001580,-3.001580,false,0.000000,execution_costs_v1.0,0.000000,0.000000,,,,
2024-07-29,INDV,0001625297,2,false,12.540000,13.070000,5.183413,4.226475,false,0.000000,execution_costs_v1.0,0.000000,0.000000,,,,
2024-07-29,INFA,BBG012THM4K0,0,false,24.390000,24.390000,0.492005,0.000000,false,0.000000,execution_costs_v1.0,0.000000,0.000000,,,,
2024-07-29,INFN,BBG001SSYWD3,1,false,6.040000,5.985000,0.165563,-0.910596,false,0.000000,execution_costs_v1.0,0.000000,0.000000,,,,
2024-07-29,INGR,BBG001SBH4X9,0,false,120.900000,121.350000,0.864351,0.372208,false,0.000000,execution_costs_v1.0,0.000000,0.000000,,,,
2024-07-29,INMD,0001742692,4,false,17.950000,18.015000,0.612813,0.362117,false,0.000000,execution_costs_v1.0,0.000000,0.000000,,,,
2024-07-29,INN,BBG001TB84G7,0,false,6.140000,6.155000,0.651466,0.244300,false,0.000000,execution_costs_v1.0,0.000000,0.000000,,,,
2024-07-29,INNV,BBG00Z6F87V4,0,false,6.370000,6.300000,3.729984,-1.098901,false,0.000000,execution_costs_v1.0,0.000000,0.000000,,,,
2024-07-29,INO,BBG001S5RHZ0,0,false,11.370000,10.860000,0.615655,-4.485488,false,0.000000,execution_costs_v1.0,0.000000,0.000000,,,,
2024-07-29,INOD,BBG001S7DVN3,12,true,20.310000,18.750000,3.988183,-7.680945,false,0.000000,execution_costs_v1.0,0.000000,0.000000,,,,
2024-07-29,INSG,BBG00DWX7QM4,0,false,9.700000,9.260000,2.783505,-4.536082,false,0.000000,execution_costs_v1.0,0.000000,0.000000,,,,
2024-07-29,INSM,BBG001S9SKW7,0,false,75.000000,74.550000,0.906667,-0.600000,false,0.000000,execution_costs_v1.0,0.000000,0.000000,,,,
2024-07-29,INSP,BBG00209SZK5,4,false,138.000000,133.750000,0.000000,-3.079710,false,0.000000,execution_costs_v1.0,0.000000,0.000000,,,,
2024-07-29,INST,BBG011MGVC50,0,false,23.300000,23.290000,0.515021,-0.042918,false,0.000000,execution_costs_v1.0,0.000000,0.000000,,,,
2024-07-29,INSW,0001679049,1,false,55.750000,55.260000,0.845919,-0.878924,false,0.000000,execution_costs_v1.0,0.000000,0.000000,,,,
2024-07-29,INTA,BBG002ZHMJ58,0,false,37.230000,36.680000,1.584743,-1.477303,false,0.000000,execution_costs_v1.0,0.000000,0.000000,,,,
2024-07-29,INTR,0001864163,0,false,6.570000,6.600000,1.750381,0.456621,false,0.000000,execution_costs_v1.0,0.000000,0.000000,,,,
2024-07-29,INVA,BBG001SF23V0,1,false,18.570000,18.875000,2.746365,1.642434,false,0.000000,execution_costs_v1.0,0.000000,0.000000,,,,
2024-07-29,INZY,BBG00J7QJMD0,0,false,5.830000,5.750000,1.200686,-1.372213,false,0.000000,execution_costs_v1.0,0.000000,0.000000,,,,
2024-07-29,IONQ,BBG00XZP0LC3,38,true,8.340000,7.890000,1.199041,-5.395683,false,0.000000,execution_costs_v1.0,0.000000,0.000000,,,,
2024-07-29,IONS,BBG001SB7RD1,0,false,51.540000,50.210000,0.000000,-2.580520,false,0.000000,execution_costs_v1.0,0.000000,0.000000,,,,
2024-07-29,IOSP,BBG001S8RTD2,0,false,130.670000,129.270000,0.107140,-1.071401,false,0.000000,execution_costs_v1.0,0.000000,0.000000,,,,
2024-07-29,IOVA,BBG001T2PM32,47,true,8.430000,9.040000,8.600237,7.236062,false,0.000000,execution_costs_v1.0,0.000000,0.000000,,,,
2024-07-29,IPAR,BBG001SD06N9,0,false,137.720000,136.440000,0.000000,-0.929422,false,0.000000,execution_costs_v1.0,0.000000,0.000000,,,,
2024-07-29,IPG,BBG001S6RLK5,0,false,31.060000,31.190000,0.998068,0.418545,false,0.000000,execution_costs_v1.0,0.000000,0.000000,,,,
2024-07-29,IPGP,BBG001SG95B8,0,false,87.110000,87.610000,1.917116,0.573987,false,0.000000,execution_costs_v1.0,0.000000,0.000000,,,,
2024-07-29,IPI,BBG001T0ZCR1,0,false,27.210000,26.230000,0.000000,-3.601617,false,0.000000,execution_costs_v1.0,0.000000,0.000000,,,,
2024-07-29,IRBT,BBG001SPB1K4,0,false,12.680000,11.619000,0.630915,-8.367508,false,0.000000,execution_costs_v1.0,0.000000,0.000000,,,,
2024-07-29,IRDM,BBG001T21JT7,0,false,29.070000,28.770000,2.339181,-1.031992,false,0.000000,execution_costs_v1.0,0.000000,0.000000,,,,
2024-07-29,IREN,0001878848,45,true,9.840000,9.730000,5.081301,-1.117886,false,0.000000,execution_costs_v1.0,0.000000,0.000000,,,,
2024-07-29,IRMD,BBG006NM92Y1,0,false,47.430000,46.775000,0.084335,-1.380983,false,0.000000,execution_costs_v1.0,0.000000,0.000000,,,,
2024-07-29,IRON,BBG00W9MJL04,0,false,45.640000,43.820000,2.081507,-3.987730,false,0.000000,execution_costs_v1.0,0.000000,0.000000,,,,
2024-07-29,IRT,BBG004Q00LJ5,0,false,18.920000,18.770000,0.369979,-0.792812,false,0.000000,execution_costs_v1.0,0.000000,0.000000,,,,
2024-07-29,IRTC,BBG001TSQV70,0,false,89.140000,88.560000,2.411936,-0.650662,false,0.000000,execution_costs_v1.0,0.000000,0.000000,,,,
2024-07-29,IRWD,BBG001SNZLM7,0,false,7.020000,6.930000,0.284900,-1.282051,false,0.000000,execution_costs_v1.0,0.000000,0.000000,,,,
2024-07-29,ISPR,BBG01DR6S4R9,0,false,7.480000,7.130000,1.871658,-4.679144,false,0.000000,execution_costs_v1.0,0.000000,0.000000,,,,
2024-07-29,ITCI,BBG0026ZFZD3,0,false,80.440000,78.190000,0.000000,-2.797116,false,0.000000,execution_costs_v1.0,0.000000,0.000000,,,,
2024-07-29,ITGR,BBG001SFBS27,0,false,117.160000,119.640000,2.227723,2.116763,false,0.000000,execution_costs_v1.0,0.000000,0.000000,,,,
2024-07-29,ITIC,BBG001S5SDL3,0,false,206.730000,205.310000,0.406327,-0.686886,false,0.000000,execution_costs_v1.0,0.000000,0.000000,,,,
2024-07-29,ITOS,BBG00VPNFT94,0,false,17.210000,17.335000,1.801278,0.726322,false,0.000000,execution_costs_v1.0,0.000000,0.000000,,,,
2024-07-29,ITRI,BBG001S6DJQ9,0,false,104.450000,103.880000,1.014840,-0.545716,false,0.000000,execution_costs_v1.0,0.000000,0.000000,,,,
2024-07-29,ITRN,0001337117,0,false,26.310000,26.470000,1.862410,0.608134,false,0.000000,execution_costs_v1.0,0.000000,0.000000,,,,
2024-07-29,ITT,BBG00CVQZQB3,0,false,140.800000,140.960000,0.717330,0.113636,false,0.000000,execution_costs_v1.0,0.000000,0.000000,,,,
2024-07-29,IVR,BBG001T2XPD5,3,false,9.200000,9.135000,0.652174,-0.706522,false,0.000000,execution_costs_v1.0,0.000000,0.000000,,,,
2024-07-29,IVT,BBG001SCGX73,0,false,26.650000,26.420000,0.037523,-0.863039,false,0.000000,execution_costs_v1.0,0.000000,0.000000,,,,
2024-07-29,IVZ,0000914208,0,false,17.350000,16.995000,0.403458,-2.046110,false,0.000000,execution_costs_v1.0,0.000000,0.000000,,,,
2024-07-29,JACK,BBG001SDBB01,0,false,57.200000,58.290000,2.097902,1.905594,false,0.000000,execution_costs_v1.0,0.000000,0.000000,,,,
2024-07-29,JAMF,BBG00VSYYVC7,0,false,18.780000,18.470000,0.718850,-1.650692,false,0.000000,execution_costs_v1.0,0.000000,0.000000,,,,
2024-07-29,JANX,BBG00ZHSKH39,0,false,44.080000,41.630000,2.041742,-5.558076,false,0.000000,execution_costs_v1.0,0.000000,0.000000,,,,
2024-07-29,JAZZ,0001232524,0,false,111.410000,111.270000,1.427161,-0.125662,false,0.000000,execution_costs_v1.0,0.000000,0.000000,,,,
2024-07-29,JBGS,BBG00F5FNKK5,0,false,16.950000,16.850000,0.029499,-0.589971,false,0.000000,execution_costs_v1.0,0.000000,0.000000,,,,
2024-07-29,JBI,BBG0100SH2D9,0,false,14.590000,15.030000,3.769705,3.015764,false,0.000000,execution_costs_v1.0,0.000000,0.000000,,,,
2024-07-29,JBL,BBG001S7RB70,0,false,110.970000,109.940000,0.856087,-0.928179,false,0.000000,execution_costs_v1.0,0.000000,0.000000,,,,
2024-07-29,JBLU,BBG001S9YPC1,4,false,6.210000,5.920000,0.724638,-4.669887,false,0.000000,execution_costs_v1.0,0.000000,0.000000,,,,
2024-07-29,JBSS,BBG001S6WMC6,0,false,103.300000,102.140000,0.290416,-1.122943,false,0.000000,execution_costs_v1.0,0.000000,0.000000,,,,
2024-07-29,JBT,BBG001SQLKR2,0,false,100.820000,97.320000,0.146895,-3.471533,false,0.000000,execution_costs_v1.0,0.000000,0.000000,,,,
2024-07-29,JEF,BBG001S5SX02,0,false,57.220000,57.150000,0.996155,-0.122335,false,0.000000,execution_costs_v1.0,0.000000,0.000000,,,,
2024-07-29,JELD,BBG001TG2G57,0,false,16.980000,16.750000,0.265018,-1.354535,false,0.000000,execution_costs_v1.0,0.000000,0.000000,,,,
2024-07-29,JHG,0001274173,0,false,36.690000,36.310000,0.000000,-1.035705,false,0.000000,execution_costs_v1.0,0.000000,0.000000,,,,
2024-07-29,JILL,BBG00FZBYDT6,0,false,38.930000,38.320000,0.000000,-1.566915,false,0.000000,execution_costs_v1.0,0.000000,0.000000,,,,
2024-07-29,JJSF,BBG001S5SH98,0,false,167.280000,167.210000,0.197274,-0.041846,false,0.000000,execution_costs_v1.0,0.000000,0.000000,,,,
2024-07-29,JKHY,BBG001S5SHB5,0,false,170.610000,170.190000,0.779556,-0.246175,false,0.000000,execution_costs_v1.0,0.000000,0.000000,,,,
2024-07-29,JLL,BBG001SCLGS1,0,false,251.510000,252.840000,1.224603,0.528806,false,0.000000,execution_costs_v1.0,0.000000,0.000000,,,,
2024-07-29,JNPR,BBG001SCTT05,0,false,37.440000,37.635000,0.747863,0.520833,false,0.000000,execution_costs_v1.0,0.000000,0.000000,,,,
2024-07-29,JOBY,0001819848,20,true,6.400000,6.214000,2.031250,-2.906250,false,0.000000,execution_costs_v1.0,0.000000,0.000000,,,,
2024-07-29,JOE,BBG001S7K9Y2,0,false,63.710000,62.590000,0.000000,-1.757966,false,0.000000,execution_costs_v1.0,0.000000,0.000000,,,,
2024-07-29,JOUT,BBG001SD39D1,0,false,41.620000,42.000000,1.345507,0.913023,false,0.000000,execution_costs_v1.0,0.000000,0.000000,,,,
2024-07-29,JRVR,0001620459,0,false,8.450000,8.570000,1.751479,1.420118,false,0.000000,execution_costs_v1.0,0.000000,0.000000,,,,
2024-07-29,JSPR,BBG00QPZNPB4,0,false,20.510000,20.260000,0.560702,-1.218918,false,0.000000,execution_costs_v1.0,0.000000,0.000000,,,,
2024-07-29,JWN,BBG001S7BDN5,0,false,22.210000,22.100000,0.720396,-0.495272,false,0.000000,execution_costs_v1.0,0.000000,0.000000,,,,
2024-07-29,JXN,BBG00922Y611,0,false,88.290000,87.180000,0.464379,-1.257221,false,0.000000,execution_costs_v1.0,0.000000,0.000000,,,,
2024-07-29,KAI,BBG001S8PRM8,0,false,354.160000,353.510000,1.521911,-0.183533,false,0.000000,execution_costs_v1.0,0.000000,0.000000,,,,
2024-07-29,KALU,BBG001SR3GT7,0,false,77.420000,76.730000,0.180832,-0.891243,false,0.000000,execution_costs_v1.0,0.000000,0.000000,,,,
2024-07-29,KALV,BBG0026ZG5C9,0,false,14.830000,14.480000,0.944032,-2.360081,false,0.000000,execution_costs_v1.0,0.000000,0.000000,,,,
2024-07-29,KAR,BBG001T5L4B0,0,false,17.910000,17.890000,0.335008,-0.111669,false,0.000000,execution_costs_v1.0,0.000000,0.000000,,,,
2024-07-29,KARO,0001828102,0,false,34.480000,34.905000,2.102668,1.232599,false,0.000000,execution_costs_v1.0,0.000000,0.000000,,,,
2024-07-29,KBH,BBG001S5SJV9,0,false,84.160000,85.030000,1.461502,1.033745,false,0.000000,execution_costs_v1.0,0.000000,0.000000,,,,
2024-07-29,KBR,BBG001SP11V3,0,false,65.940000,66.570000,0.985745,0.955414,false,0.000000,execution_costs_v1.0,0.000000,0.000000,,,,
2024-07-29,KD,BBG012W99DS1,0,false,27.140000,27.370000,1.510685,0.847458,false,0.000000,execution_costs_v1.0,0.000000,0.000000,,,,
2024-07-29,KE,BBG001TCYZ77,0,false,23.850000,23.450300,0.167715,-1.675891,false,0.000000,execution_costs_v1.0,0.000000,0.000000,,,,
2024-07-29,KELYA,BBG001S5SKH2,0,false,23.250000,23.325000,0.473118,0.322581,false,0.000000,execution_costs_v1.0,0.000000,0.000000,,,,
2024-07-29,KEN,0001611005,0,false,25.260000,24.537000,0.000000,-2.862233,false,0.000000,execution_costs_v1.0,0.000000,0.000000,,,,
2024-07-29,KEX,BBG001S5SKT9,0,false,120.160000,120.620000,1.356525,0.382823,false,0.000000,execution_costs_v1.0,0.000000,0.000000,,,,
2024-07-29,KFRC,BBG001SCQRF6,0,false,68.550000,67.600000,0.452225,-1.385850,false,0.000000,execution_costs_v1.0,0.000000,0.000000,,,,
2024-07-29,KFY,BBG001SC0054,0,false,71.500000,71.310000,0.289790,-0.265734,false,0.000000,execution_costs_v1.0,0.000000,0.000000,,,,
2024-07-29,KGC,BBG001S5R0C2,9,false,8.690000,8.760000,0.805524,0.805524,false,0.000000,execution_costs_v1.0,0.000000,0.000000,,,,
2024-07-29,KGS,BBG01G4G6YQ4,0,false,27.960000,27.660000,0.590129,-1.072961,false,0.000000,execution_costs_v1.0,0.000000,0.000000,,,,
2024-07-29,KIDS,BBG00HFFRW48,0,false,32.680000,31.770000,1.468788,-2.784578,false,0.000000,execution_costs_v1.0,0.000000,0.000000,,,,
2024-07-29,KIM,BBG001S70279,0,false,21.240000,21.395000,1.200565,0.729755,false,0.000000,execution_costs_v1.0,0.000000,0.000000,,,,
2024-07-29,KIND,BBG00Z8MSWS4,1,false,2.920000,2.870000,1.332192,-1.712329,false,0.000000,execution_costs_v1.0,0.000000,0.000000,,,,
2024-07-29,KLG,BBG018CYVVX4,1,false,17.080000,17.320000,1.639344,1.405152,false,0.000000,execution_costs_v1.0,0.000000,0.000000,,,,
2024-07-29,KLIC,BBG001S5SLP1,0,false,47.250000,46.200000,1.079365,-2.222222,false,0.000000,execution_costs_v1.0,0.000000,0.000000,,,,
2024-07-29,KMDA,0001567529,5,false,5.800000,5.900000,2.068966,1.724138,false,0.000000,execution_costs_v1.0,0.000000,0.000000,,,,
2024-07-29,KMPR,BBG001SD3BG3,0,false,65.290000,64.490000,0.237862,-1.225302,false,0.000000,execution_costs_v1.0,0.000000,0.000000,,,,
2024-07-29,KMT,BBG001S5SM97,0,false,25.520000,25.540000,0.783699,0.078370,false,0.000000,execution_costs_v1.0,0.000000,0.000000,,,,
2024-07-29,KMX,BBG001SD9561,0,false,83.080000,83.270000,0.806452,0.228695,false,0.000000,execution_costs_v1.0,0.000000,0.000000,,,,
2024-07-29,KN,BBG004M8M6K9,0,false,18.610000,18.415000,0.698549,-1.047824,false,0.000000,execution_costs_v1.0,0.000000,0.000000,,,,
2024-07-29,KNF,BBG002N3N2W8,0,false,80.270000,80.700000,0.872057,0.535692,false,0.000000,execution_costs_v1.0,0.000000,0.000000,,,,
2024-07-29,KNSA,0001730430,1,false,26.090000,26.129000,1.379839,0.149483,false,0.000000,execution_costs_v1.0,0.000000,0.000000,,,,
2024-07-29,KNSL,BBG00D8JDB02,0,false,440.000000,440.410000,0.936341,0.093182,false,0.000000,execution_costs_v1.0,0.000000,0.000000,,,,
2024-07-29,KNTK,BBG00GCLZ7C7,0,false,41.230000,41.320000,1.261218,0.218288,false,0.000000,execution_costs_v1.0,0.000000,0.000000,,,,
2024-07-29,KNX,BBG001T9BTS0,1,false,51.400000,52.230000,2.821012,1.614786,false,0.000000,execution_costs_v1.0,0.000000,0.000000,,,,
2024-07-29,KODK,BBG0057GTGB6,1,false,5.840000,5.610000,2.226027,-3.938356,false,0.000000,execution_costs_v1.0,0.000000,0.000000,,,,
2024-07-29,KOP,BBG001SMPFZ9,0,false,39.800000,39.820000,0.075377,0.050251,false,0.000000,execution_costs_v1.0,0.000000,0.000000,,,,
2024-07-29,KOS,BBG001SJV7R6,0,false,5.480000,5.305000,0.547445,-3.193431,false,0.000000,execution_costs_v1.0,0.000000,0.000000,,,,
2024-07-29,KRC,BBG001S9BHB5,0,false,36.090000,36.570000,1.662510,1.330008,false,0.000000,execution_costs_v1.0,0.000000,0.000000,,,,
2024-07-29,KREF,BBG00GD4KVR1,1,false,11.400000,11.340000,0.833333,-0.526316,false,0.000000,execution_costs_v1.0,0.000000,0.000000,,,,
2024-07-29,KRG,BBG001S64LR3,0,false,24.100000,24.160000,0.726141,0.248963,false,0.000000,execution_costs_v1.0,0.000000,0.000000,,,,
2024-07-29,KRNT,0001625791,0,false,16.180000,15.730000,0.988257,-2.781211,false,0.000000,execution_costs_v1.0,0.000000,0.000000,,,,
2024-07-29,KRNY,BBG008N1HXQ5,0,false,7.220000,6.980000,0.415512,-3.324100,false,0.000000,execution_costs_v1.0,0.000000,0.000000,,,,
2024-07-29,KRO,BBG001SDWTD5,0,false,12.140000,12.050000,1.976936,-0.741351,false,0.000000,execution_costs_v1.0,0.000000,0.000000,,,,
2024-07-29,KROS,BBG00H1HP9H8,0,false,52.260000,52.300000,0.516648,0.076540,false,0.000000,execution_costs_v1.0,0.000000,0.000000,,,,
2024-07-29,KRP,BBG00FQH6N85,0,false,16.820000,16.540000,0.297265,-1.664685,false,0.000000,execution_costs_v1.0,0.000000,0.000000,,,,
2024-07-29,KRRO,BBG00GFMTC47,0,false,52.210000,48.510000,0.000000,-7.086765,false,0.000000,execution_costs_v1.0,0.000000,0.000000,,,,
2024-07-29,KRT,BBG00Q9MSFD6,0,false,29.690000,29.395000,0.000000,-0.993601,false,0.000000,execution_costs_v1.0,0.000000,0.000000,,,,
2024-07-29,KRUS,BBG00PNFJ530,0,false,55.110000,55.990000,4.028307,1.596806,false,0.000000,execution_costs_v1.0,0.000000,0.000000,,,,
2024-07-29,KRYS,BBG00HDGRHJ5,0,false,213.520000,205.190000,0.000000,-3.901274,false,0.000000,execution_costs_v1.0,0.000000,0.000000,,,,
2024-07-29,KSS,BBG001S71NV5,0,false,20.550000,21.090000,3.065693,2.627737,false,0.000000,execution_costs_v1.0,0.000000,0.000000,,,,
2024-07-29,KTB,BBG00LPTHYM5,0,false,69.430000,69.780000,0.590523,0.504105,false,0.000000,execution_costs_v1.0,0.000000,0.000000,,,,
2024-07-29,KTOS,BBG001SD5VL1,1,false,22.700000,22.570000,0.614537,-0.572687,false,0.000000,execution_costs_v1.0,0.000000,0.000000,,,,
2024-07-29,KURA,BBG008974351,0,false,21.080000,20.890000,1.565465,-0.901328,false,0.000000,execution_costs_v1.0,0.000000,0.000000,,,,
2024-07-29,KVYO,BBG009WR3FM4,1,false,26.910000,25.820000,0.334448,-4.050539,false,0.000000,execution_costs_v1.0,0.000000,0.000000,,,,
2024-07-29,KW,BBG001SM6C41,0,false,10.730000,10.480000,0.559180,-2.329916,false,0.000000,execution_costs_v1.0,0.000000,0.000000,,,,
2024-07-29,KWR,BBG001S969X5,0,false,182.270000,180.180000,0.669337,-1.146651,false,0.000000,execution_costs_v1.0,0.000000,0.000000,,,,
2024-07-29,KYMR,BBG00SDHC8F9,0,false,44.680000,43.630000,0.962399,-2.350045,false,0.000000,execution_costs_v1.0,0.000000,0.000000,,,,
2024-07-29,LAAC,BBG01JLDJ7S9,5,false,3.110000,3.030000,0.643087,-2.572347,false,0.000000,execution_costs_v1.0,0.000000,0.000000,,,,
2024-07-29,LAC,BBG01JLDH8P2,9,false,2.840000,2.705000,0.352113,-4.753521,false,0.000000,execution_costs_v1.0,0.000000,0.000000,,,,
2024-07-29,LAD,BBG001SC88P7,0,false,261.590000,264.110000,1.815819,0.963340,false,0.000000,execution_costs_v1.0,0.000000,0.000000,,,,
2024-07-29,LADR,BBG005RVGZ50,0,false,12.280000,12.130000,0.618893,-1.221498,false,0.000000,execution_costs_v1.0,0.000000,0.000000,,,,
2024-07-29,LAMR,BBG001S8KJC2,1,false,120.410000,119.780000,0.174404,-0.523212,false,0.000000,execution_costs_v1.0,0.000000,0.000000,,,,
2024-07-29,LANC,BBG001S5SPQ1,0,false,188.120000,186.235000,0.000000,-1.002020,false,0.000000,execution_costs_v1.0,0.000000,0.000000,,,,
2024-07-29,LAND,BBG001TB7TR1,0,false,15.030000,14.840000,0.240852,-1.264138,false,0.000000,execution_costs_v1.0,0.000000,0.000000,,,,
2024-07-29,LASR,BBG0020BCPY4,0,false,12.360000,12.210000,2.305825,-1.213592,false,0.000000,execution_costs_v1.0,0.000000,0.000000,,,,
2024-07-29,LAUR,BBG00B4Z2YY9,0,false,14.600000,14.990000,2.705479,2.671233,false,0.000000,execution_costs_v1.0,0.000000,0.000000,,,,
2024-07-29,LAW,BBG0066FZJP9,0,false,6.150000,5.970000,0.000000,-2.926829,false,0.000000,execution_costs_v1.0,0.000000,0.000000,,,,
2024-07-29,LAZ,BBG001S711C4,0,false,47.760000,47.710000,1.120184,-0.104690,false,0.000000,execution_costs_v1.0,0.000000,0.000000,,,,
2024-07-29,LAZR,BBG00MS90LM0,14,true,1.700000,1.610000,2.352941,-5.294118,false,0.000000,execution_costs_v1.0,0.000000,0.000000,,,,
2024-07-29,LBPH,BBG00Y0BJ9Q2,0,false,37.470000,34.900000,2.428610,-6.858820,false,0.000000,execution_costs_v1.0,0.000000,0.000000,,,,
2024-07-29,LBRDK,BBG006GNSZX4,0,false,64.600000,66.530000,3.304954,2.987616,false,0.000000,execution_costs_v1.0,0.000000,0.000000,,,,
2024-07-29,LBRT,BBG00GK831C5,0,false,22.910000,22.630000,0.872981,-1.222174,false,0.000000,execution_costs_v1.0,0.000000,0.000000,,,,
2024-07-29,LBTYA,0001570585,0,false,19.370000,19.690000,2.245741,1.652039,false,0.000000,execution_costs_v1.0,0.000000,0.000000,,,,
2024-07-29,LC,BBG001YKDNH2,0,false,10.870000,11.120000,2.529899,2.299908,false,0.000000,execution_costs_v1.0,0.000000,0.000000,,,,
2024-07-29,LCID,BBG00W7F99W4,46,true,3.410000,3.455000,2.346041,1.319648,false,0.000000,execution_costs_v1.0,0.000000,0.000000,,,,
2024-07-29,LCII,BBG001S8G4D9,0,false,116.210000,116.440000,1.230531,0.197918,false,0.000000,execution_costs_v1.0,0.000000,0.000000,,,,
2024-07-29,LDI,BBG00B5Z6KL8,1,false,1.940000,2.010000,5.670103,3.608247,false,0.000000,execution_costs_v1.0,0.000000,0.000000,,,,
2024-07-29,LE,BBG005P337F9,0,false,17.840000,17.720000,2.410314,-0.672646,false,0.000000,execution_costs_v1.0,0.000000,0.000000,,,,
2024-07-29,LEA,BBG001T60092,0,false,120.900000,121.860000,1.265509,0.794045,false,0.000000,execution_costs_v1.0,0.000000,0.000000,,,,
2024-07-29,LECO,BBG001S5TV87,0,false,208.810000,208.170000,1.125425,-0.306499,false,0.000000,execution_costs_v1.0,0.000000,0.000000,,,,
2024-07-29,LEG,BBG001S5SRG8,1,false,13.180000,13.245000,1.365706,0.493171,false,0.000000,execution_costs_v1.0,0.000000,0.000000,,,,
2024-07-29,LEGH,BBG00MJDR6K7,0,false,27.630000,27.490000,1.158161,-0.506696,false,0.000000,execution_costs_v1.0,0.000000,0.000000,,,,
2024-07-29,LESL,BBG00XS6TVN8,0,false,3.040000,2.919900,0.328947,-3.950658,false,0.000000,execution_costs_v1.0,0.000000,0.000000,,,,
2024-07-29,LEU,BBG001S9F7B3,2,false,42.790000,41.590000,1.185324,-2.804394,false,0.000000,execution_costs_v1.0,0.000000,0.000000,,,,
2024-07-29,LEVI,BBG001S9NVN8,1,false,17.860000,18.300000,2.799552,2.463606,false,0.000000,execution_costs_v1.0,0.000000,0.000000,,,,
2024-07-29,LFST,BBG01138DHT2,0,false,5.560000,5.515000,1.438849,-0.809353,false,0.000000,execution_costs_v1.0,0.000000,0.000000,,,,
2024-07-29,LFUS,BBG001S744B6,0,false,260.280000,260.420000,0.370755,0.053788,false,0.000000,execution_costs_v1.0,0.000000,0.000000,,,,
2024-07-29,LGF.A,BBG001SC6N58,1,false,8.530000,8.550000,1.699883,0.234467,false,0.000000,execution_costs_v1.0,0.000000,0.000000,,,,
2024-07-29,LGIH,BBG0056655T0,0,false,106.580000,104.850000,1.046163,-1.623194,false,0.000000,execution_costs_v1.0,0.000000,0.000000,,,,
2024-07-29,LGND,BBG001S8CH99,0,false,107.290000,108.800000,1.528567,1.407401,false,0.000000,execution_costs_v1.0,0.000000,0.000000,,,,
2024-07-29,LICY,BBG0122LQVS8,2,false,3.690000,3.530000,0.271003,-4.336043,false,0.000000,execution_costs_v1.0,0.000000,0.000000,,,,
2024-07-29,LILAK,0001712184,0,false,10.340000,10.270000,0.773694,-0.676983,false,0.000000,execution_costs_v1.0,0.000000,0.000000,,,,
2024-07-29,LILM,0001855756,29,true,0.898700,0.898500,1.257372,-0.022254,false,0.000000,execution_costs_v1.0,0.000000,0.000000,,,,
2024-07-29,LINC,BBG001SH9DM7,0,false,14.270000,14.130000,1.751927,-0.981079,false,0.000000,execution_costs_v1.0,0.000000,0.000000,,,,
2024-07-29,LIND,BBG004MDWKT7,0,false,9.100000,8.840000,1.208791,-2.857143,false,0.000000,execution_costs_v1.0,0.000000,0.000000,,,,
2024-07-29,LITE,BBG0073F9RS8,0,false,51.990000,51.780000,1.788806,-0.403924,false,0.000000,execution_costs_v1.0,0.000000,0.000000,,,,
2024-07-29,LIVN,0001639691,0,false,53.680000,52.260000,1.476341,-2.645306,false,0.000000,execution_costs_v1.0,0.000000,0.000000,,,,
2024-07-29,LKFN,BBG001S7RTC5,0,false,71.440000,68.535000,0.000000,-4.066349,false,0.000000,execution_costs_v1.0,0.000000,0.000000,,,,
2024-07-29,LKQ,BBG001SCCPJ1,0,false,40.200000,40.160000,0.572139,-0.099502,false,0.000000,execution_costs_v1.0,0.000000,0.000000,,,,
2024-07-29,LLYVK,BBG01HMFLVL8,0,false,38.160000,38.855000,2.148847,1.821279,false,0.000000,execution_costs_v1.0,0.000000,0.000000,,,,
2024-07-29,LMAT,BBG001SK6CX3,0,false,86.280000,87.380000,2.677330,1.274919,false,0.000000,execution_costs_v1.0,0.000000,0.000000,,,,
2024-07-29,LMB,BBG006G0NGD3,0,false,64.510000,60.020000,1.286622,-6.960161,false,0.000000,execution_costs_v1.0,0.000000,0.000000,,,,
2024-07-29,LMND,BBG00BM5YC14,9,false,23.400000,22.940000,0.940171,-1.965812,false,0.000000,execution_costs_v1.0,0.000000,0.000000,,,,
2024-07-29,LMNR,BBG001S775Q4,0,false,22.030000,21.915000,0.453926,-0.522015,false,0.000000,execution_costs_v1.0,0.000000,0.000000,,,,
2024-07-29,LNC,BBG001S5STV7,0,false,33.060000,33.080000,1.300665,0.060496,false,0.000000,execution_costs_v1.0,0.000000,0.000000,,,,
2024-07-29,LNN,BBG001SB90F6,0,false,125.220000,125.260000,1.701006,0.031944,false,0.000000,execution_costs_v1.0,0.000000,0.000000,,,,
2024-07-29,LNT,BBG001S8ZQ30,0,false,56.130000,55.890000,0.080171,-0.427579,false,0.000000,execution_costs_v1.0,0.000000,0.000000,,,,
2024-07-29,LNTH,BBG006Q52RF8,0,false,114.060000,111.700000,1.069525,-2.069086,false,0.000000,execution_costs_v1.0,0.000000,0.000000,,,,
2024-07-29,LNW,BBG00JR5MM40,0,false,104.310000,104.520000,0.929920,0.201323,false,0.000000,execution_costs_v1.0,0.000000,0.000000,,,,
2024-07-29,LNZA,BBG00ZCX6BL2,0,false,2.070000,2.060000,0.724638,-0.483092,false,0.000000,execution_costs_v1.0,0.000000,0.000000,,,,
2024-07-29,LOB,BBG001T4RVG2,0,false,45.990000,44.090000,0.347902,-4.131333,false,0.000000,execution_costs_v1.0,0.000000,0.000000,,,,
2024-07-29,LOCO,BBG001SQ0C48,0,false,11.640000,11.770000,2.405498,1.116838,false,0.000000,execution_costs_v1.0,0.000000,0.000000,,,,
2024-07-29,LOGI,0001032975,1,false,88.750000,88.220000,0.270423,-0.597183,false,0.000000,execution_costs_v1.0,0.000000,0.000000,,,,
2024-07-29,LOPE,BBG001T01JZ4,0,false,154.490000,152.900000,0.362483,-1.029193,false,0.000000,execution_costs_v1.0,0.000000,0.000000,,,,
2024-07-29,LOVE,BBG001T8S8C7,0,false,27.970000,27.685000,1.394351,-1.018949,false,0.000000,execution_costs_v1.0,0.000000,0.000000,,,,
2024-07-29,LPG,0001596993,4,false,41.520000,40.280000,1.902697,-2.986513,false,0.000000,execution_costs_v1.0,0.000000,0.000000,,,,
2024-07-29,LPRO,BBG00VDHLTH4,0,false,6.390000,6.060000,0.000000,-5.164319,false,0.000000,execution_costs_v1.0,0.000000,0.000000,,,,
2024-07-29,LPX,BBG001S5SW04,0,false,97.970000,97.080000,0.244973,-0.908441,false,0.000000,execution_costs_v1.0,0.000000,0.000000,,,,
2024-07-29,LQDA,BBG001V0GFD7,0,false,11.560000,11.610000,3.373702,0.432526,false,0.000000,execution_costs_v1.0,0.000000,0.000000,,,,
2024-07-29,LQDT,BBG001SLKD81,0,false,22.320000,22.130000,0.963262,-0.851254,false,0.000000,execution_costs_v1.0,0.000000,0.000000,,,,
2024-07-29,LRMR,BBG001V0GD97,0,false,9.460000,9.000000,0.211416,-4.862579,false,0.000000,execution_costs_v1.0,0.000000,0.000000,,,,
2024-07-29,LRN,BBG001SNN4P5,0,false,73.750000,74.330000,2.305085,0.786441,false,0.000000,execution_costs_v1.0,0.000000,0.000000,,,,
2024-07-29,LSAK,BBG001SB4HP3,0,false,4.825700,4.785000,0.918002,-0.843401,false,0.000000,execution_costs_v1.0,0.000000,0.000000,,,,
2024-07-29,LSCC,BBG001S6C0G2,3,false,56.420000,54.920000,0.939383,-2.658632,false,0.000000,execution_costs_v1.0,0.000000,0.000000,,,,
2024-07-29,LSEA,BBG00L99PSG8,0,false,12.250000,12.210000,0.734694,-0.326531,false,0.000000,execution_costs_v1.0,0.000000,0.000000,,,,
2024-07-29,LSPD,BBG00B0JR9Q6,0,false,13.390000,13.470000,1.045556,0.597461,false,0.000000,execution_costs_v1.0,0.000000,0.000000,,,,
2024-07-29,LSTR,BBG001S5RWM1,0,false,192.660000,191.345000,0.550192,-0.682550,false,0.000000,execution_costs_v1.0,0.000000,0.000000,,,,
2024-07-29,LSXMK,BBG01HLMB7B9,2,false,22.700000,22.980000,1.541850,1.233480,false,0.000000,execution_costs_v1.0,0.000000,0.000000,,,,
2024-07-29,LTC,BBG001S73DC6,1,false,38.100000,37.810000,0.131234,-0.761155,false,0.000000,execution_costs_v1.0,0.000000,0.000000,,,,
2024-07-29,LTH,BBG012J3H0X2,0,false,20.820000,20.490500,1.056676,-1.582613,false,0.000000,execution_costs_v1.0,0.000000,0.000000,,,,
2024-07-29,LUMN,BBG001S5Q8G2,22,true,1.800000,1.935000,10.555556,7.500000,true,0.000000,execution_costs_v1.0,0.000000,0.000000,,,,
2024-07-29,LVRO,0001945711,0,false,5.210000,5.210000,0.000000,0.000000,false,0.000000,execution_costs_v1.0,0.000000,0.000000,,,,
2024-07-29,LVWR,BBG019STC653,0,false,7.800000,7.320000,0.000000,-6.153846,false,0.000000,execution_costs_v1.0,0.000000,0.000000,,,,
2024-07-29,LW,BBG003CVMLR1,8,false,56.790000,56.240000,0.105652,-0.968480,false,0.000000,execution_costs_v1.0,0.000000,0.000000,,,,
2024-07-29,LWLG,BBG001SBG0P7,11,true,3.800000,3.405000,0.000000,-10.394737,false,0.000000,execution_costs_v1.0,0.000000,0.000000,,,,
2024-07-29,LXEO,BBG00YB1C8N4,0,false,11.530000,12.530000,9.887251,8.673027,false,0.000000,execution_costs_v1.0,0.000000,0.000000,,,,
2024-07-29,LXFR,0001096056,0,false,13.250000,13.090000,2.037736,-1.207547,false,0.000000,execution_costs_v1.0,0.000000,0.000000,,,,
2024-07-29,LXP,BBG001S7H5W6,0,false,10.370000,10.330000,0.578592,-0.385728,false,0.000000,execution_costs_v1.0,0.000000,0.000000,,,,
2024-07-29,LXRX,BBG001SDWCZ8,4,false,2.410000,2.305000,0.414938,-4.356846,false,0.000000,execution_costs_v1.0,0.000000,0.000000,,,,
2024-07-29,LXU,BBG001S67BF5,0,false,8.670000,8.655000,1.038062,-0.173010,false,0.000000,execution_costs_v1.0,0.000000,0.000000,,,,
2024-07-29,LYEL,BBG00RNXFN23,0,false,1.610000,1.570000,4.968944,-2.484472,false,0.000000,execution_costs_v1.0,0.000000,0.000000,,,,
2024-07-29,LYFT,BBG004M9ZHY4,18,true,12.290000,12.105000,1.220504,-1.505289,false,0.000000,execution_costs_v1.0,0.000000,0.000000,,,,
2024-07-29,LYTS,BBG001S5SXV8,0,false,16.160000,16.080000,1.175743,-0.495050,false,0.000000,execution_costs_v1.0,0.000000,0.000000,,,,
2024-07-29,LZ,BBG001TVNN74,1,false,6.730000,6.675000,1.484398,-0.817236,false,0.000000,execution_costs_v1.0,0.000000,0.000000,,,,
2024-07-29,LZB,BBG001S5SXX6,0,false,43.570000,43.810000,1.308240,0.550838,false,0.000000,execution_costs_v1.0,0.000000,0.000000,,,,
2024-07-29,LZM,0001958217,0,false,7.310000,7.290000,1.915185,-0.273598,false,0.000000,execution_costs_v1.0,0.000000,0.000000,,,,
2024-07-29,M,BBG001S6KRW6,3,false,16.700000,17.095000,2.514970,2.365269,false,0.000000,execution_costs_v1.0,0.000000,0.000000,,,,
2024-07-29,MAC,BBG001S7HGB5,0,false,16.280000,16.260000,0.491400,-0.122850,false,0.000000,execution_costs_v1.0,0.000000,0.000000,,,,
2024-07-29,MAG,BBG001S631Z9,0,false,13.190000,13.270000,0.606520,0.606520,false,0.000000,execution_costs_v1.0,0.000000,0.000000,,,,
2024-07-29,MAIN,BBG001SJMVT1,0,false,51.020000,51.020000,0.548804,0.000000,false,0.000000,execution_costs_v1.0,0.000000,0.000000,,,,
2024-07-29,MAN,BBG001S5SYW5,0,false,74.820000,75.380000,1.323176,0.748463,false,0.000000,execution_costs_v1.0,0.000000,0.000000,,,,
2024-07-29,MANU,0001549107,0,false,17.010000,17.060000,1.352146,0.293945,false,0.000000,execution_costs_v1.0,0.000000,0.000000,,,,
2024-07-29,MARA,BBG001V0L7T2,60,true,22.530000,20.440000,1.642255,-9.276520,false,0.000000,execution_costs_v1.0,0.000000,0.000000,,,,
2024-07-29,MASI,BBG001S71GQ6,0,false,109.090000,107.970000,1.159593,-1.026675,false,0.000000,execution_costs_v1.0,0.000000,0.000000,,,,
2024-07-29,MAT,BBG001S5SZF1,3,false,19.130000,19.290000,1.097752,0.836383,false,0.000000,execution_costs_v1.0,0.000000,0.000000,,,,
2024-07-29,MATV,BBG001S7VRC4,0,false,18.830000,18.640000,0.212427,-1.009028,false,0.000000,execution_costs_v1.0,0.000000,0.000000,,,,
2024-07-29,MATW,BBG001S81V81,0,false,28.150000,28.010000,0.000000,-0.497336,false,0.000000,execution_costs_v1.0,0.000000,0.000000,,,,
2024-07-29,MATX,BBG001S5NL21,0,false,131.170000,132.090000,1.143554,0.701380,false,0.000000,execution_costs_v1.0,0.000000,0.000000,,,,
2024-07-29,MAX,BBG00XRTJ8D2,0,false,14.810000,14.600000,2.295746,-1.417961,false,0.000000,execution_costs_v1.0,0.000000,0.000000,,,,
2024-07-29,MBC,BBG01B9G4424,0,false,18.250000,17.960000,0.547945,-1.589041,false,0.000000,execution_costs_v1.0,0.000000,0.000000,,,,
2024-07-29,MBIN,BBG001STXPM7,0,false,52.610000,52.130000,1.254514,-0.912374,false,0.000000,execution_costs_v1.0,0.000000,0.000000,,,,
2024-07-29,MBUU,BBG005PXTR61,0,false,39.140000,38.600000,1.098620,-1.379663,false,0.000000,execution_costs_v1.0,0.000000,0.000000,,,,
2024-07-29,MBWM,BBG001S971V3,0,false,50.400000,48.770000,0.515873,-3.234127,false,0.000000,execution_costs_v1.0,0.000000,0.000000,,,,
2024-07-29,MC,BBG001STYX58,0,false,68.320000,67.400000,0.760978,-1.346604,false,0.000000,execution_costs_v1.0,0.000000,0.000000,,,,
2024-07-29,MCB,BBG001V0P380,0,false,55.080000,53.050000,0.417574,-3.685548,false,0.000000,execution_costs_v1.0,0.000000,0.000000,,,,
2024-07-29,MCBC,BBG001S7SKV2,0,false,14.960000,14.760000,0.066845,-1.336898,false,0.000000,execution_costs_v1.0,0.000000,0.000000,,,,
2024-07-29,MCBS,BBG0088BL023,0,false,32.110000,31.300000,0.435378,-2.522579,false,0.000000,execution_costs_v1.0,0.000000,0.000000,,,,
2024-07-29,MCFT,BBG002ZYLPP6,0,false,21.100000,21.190000,0.758294,0.426540,false,0.000000,execution_costs_v1.0,0.000000,0.000000,,,,
2024-07-29,MCRI,BBG001S7DVP1,0,false,76.640000,78.140000,2.283403,1.957203,false,0.000000,execution_costs_v1.0,0.000000,0.000000,,,,
2024-07-29,MCS,BBG001S7JNZ2,2,false,12.500000,12.495000,1.200000,-0.040000,false,0.000000,execution_costs_v1.0,0.000000,0.000000,,,,
2024-07-29,MCW,BBG011FS2K56,0,false,7.550000,7.530000,1.324503,-0.264901,false,0.000000,execution_costs_v1.0,0.000000,0.000000,,,,
2024-07-29,MCY,BBG001S98VJ0,0,false,58.160000,58.510000,2.063274,0.601788,false,0.000000,execution_costs_v1.0,0.000000,0.000000,,,,
2024-07-29,MD,BBG001S96T25,0,false,8.270000,8.200000,0.967352,-0.846433,false,0.000000,execution_costs_v1.0,0.000000,0.000000,,,,
2024-07-29,MDGL,BBG001SNKQ42,0,false,284.290000,274.550000,0.580393,-3.426079,false,0.000000,execution_costs_v1.0,0.000000,0.000000,,,,
2024-07-29,MDU,BBG001S5T2W4,0,false,27.230000,27.005000,0.000000,-0.826295,false,0.000000,execution_costs_v1.0,0.000000,0.000000,,,,
2024-07-29,MDXG,BBG001STPW96,0,false,7.730000,7.620000,0.000000,-1.423027,false,0.000000,execution_costs_v1.0,0.000000,0.000000,,,,
2024-07-29,MEC,BBG001TFSDY6,0,false,19.400000,19.360000,0.309278,-0.206186,false,0.000000,execution_costs_v1.0,0.000000,0.000000,,,,
2024-07-29,MEDP,BBG0065B7K40,0,false,381.830000,385.230000,1.359244,0.890449,false,0.000000,execution_costs_v1.0,0.000000,0.000000,,,,
2024-07-29,MEG,BBG005Q29V07,0,false,31.780000,30.840000,0.786658,-2.957835,false,0.000000,execution_costs_v1.0,0.000000,0.000000,,,,
2024-07-29,MEI,BBG001S5T3T6,0,false,12.910000,12.350000,0.000000,-4.337723,false,0.000000,execution_costs_v1.0,0.000000,0.000000,,,,
2024-07-29,MEOH,BBG001S66Y93,0,false,47.510000,47.580000,1.283940,0.147337,false,0.000000,execution_costs_v1.0,0.000000,0.000000,,,,
2024-07-29,MERC,BBG001S6TK43,0,false,7.870000,7.860000,0.381194,-0.127065,false,0.000000,execution_costs_v1.0,0.000000,0.000000,,,,
2024-07-29,METC,BBG00BCQJ2W4,0,false,13.620000,13.450000,0.881057,-1.248164,false,0.000000,execution_costs_v1.0,0.000000,0.000000,,,,
2024-07-29,MFA,BBG001S86YS8,0,false,11.220000,11.075000,0.757576,-1.292335,false,0.000000,execution_costs_v1.0,0.000000,0.000000,,,,
2024-07-29,MFIC,BBG001SF7M43,0,false,14.360000,14.520000,2.298050,1.114206,false,0.000000,execution_costs_v1.0,0.000000,0.000000,,,,
2024-07-29,MG,BBG001T1V7Z5,0,false,9.990000,10.030000,0.600601,0.400400,false,0.000000,execution_costs_v1.0,0.000000,0.000000,,,,
2024-07-29,MGA,BBG001S5SY91,0,false,43.530000,43.760000,1.079715,0.528371,false,0.000000,execution_costs_v1.0,0.000000,0.000000,,,,
2024-07-29,MGEE,BBG001SD2RD2,0,false,86.570000,85.740000,0.254130,-0.958762,false,0.000000,execution_costs_v1.0,0.000000,0.000000,,,,
2024-07-29,MGIC,BBG001SCPDF8,1,false,11.320000,11.135000,0.000000,-1.634276,false,0.000000,execution_costs_v1.0,0.000000,0.000000,,,,
2024-07-29,MGM,BBG001S6BYT5,1,false,41.260000,42.785000,4.580708,3.696074,false,0.000000,execution_costs_v1.0,0.000000,0.000000,,,,
2024-07-29,MGNI,BBG001T5LB97,2,false,14.500000,14.455000,3.034483,-0.310345,false,0.000000,execution_costs_v1.0,0.000000,0.000000,,,,
2024-07-29,MGNX,BBG001S9C8R7,0,false,5.550000,5.465000,0.990991,-1.531532,false,0.000000,execution_costs_v1.0,0.000000,0.000000,,,,
2024-07-29,MGPI,BBG001S5XTL2,0,false,82.400000,79.425400,0.000000,-3.609951,false,0.000000,execution_costs_v1.0,0.000000,0.000000,,,,
2024-07-29,MGRC,BBG001S5T593,0,false,111.090000,109.510000,0.654244,-1.422270,false,0.000000,execution_costs_v1.0,0.000000,0.000000,,,,
2024-07-29,MGTX,0001735438,0,false,5.050000,4.940000,1.584158,-2.178218,false,0.000000,execution_costs_v1.0,0.000000,0.000000,,,,
2024-07-29,MGY,BBG00GNC8DM1,0,false,26.700000,26.355000,0.262172,-1.292135,false,0.000000,execution_costs_v1.0,0.000000,0.000000,,,,
2024-07-29,MHK,BBG001SBGSZ5,1,false,161.020000,162.740000,1.596075,1.068190,false,0.000000,execution_costs_v1.0,0.000000,0.000000,,,,
2024-07-29,MHO,BBG001S7HGC4,0,false,166.450000,166.430000,0.684890,-0.012016,false,0.000000,execution_costs_v1.0,0.000000,0.000000,,,,
2024-07-29,MIDD,BBG001S8N9X8,0,false,132.590000,132.470000,0.791915,-0.090505,false,0.000000,execution_costs_v1.0,0.000000,0.000000,,,,
2024-07-29,MIR,BBG00VHJ1KB3,0,false,10.830000,10.700000,0.554017,-1.200369,false,0.000000,execution_costs_v1.0,0.000000,0.000000,,,,
2024-07-29,MIRM,BBG00MH7T2N6,4,false,43.080000,42.040000,0.069638,-2.414113,false,0.000000,execution_costs_v1.0,0.000000,0.000000,,,,
2024-07-29,MITK,BBG001S5T6P3,2,false,13.340000,13.310000,1.349325,-0.224888,false,0.000000,execution_costs_v1.0,0.000000,0.000000,,,,
2024-07-29,MKSI,BBG001SBB6Q8,0,false,126.320000,123.450000,1.484326,-2.272008,false,0.000000,execution_costs_v1.0,0.000000,0.000000,,,,
2024-07-29,MKTX,BBG001S8R6K4,0,false,226.310000,223.160000,0.251867,-1.391896,false,0.000000,execution_costs_v1.0,0.000000,0.000000,,,,
2024-07-29,ML,BBG00VHZZP74,1,false,71.360000,66.890000,1.667601,-6.264013,false,0.000000,execution_costs_v1.0,0.000000,0.000000,,,,
2024-07-29,MLAB,BBG001S5T762,0,false,109.440000,108.370000,0.438596,-0.977705,false,0.000000,execution_costs_v1.0,0.000000,0.000000,,,,
2024-07-29,MLI,BBG001S6PVC4,0,false,70.010000,68.960000,1.278389,-1.499786,false,0.000000,execution_costs_v1.0,0.000000,0.000000,,,,
2024-07-29,MLKN,BBG001S5T771,1,false,29.930000,30.070000,0.668226,0.467758,false,0.000000,execution_costs_v1.0,0.000000,0.000000,,,,
2024-07-29,MLNK,BBG002ZYMKR4,0,false,23.710000,23.710000,0.843526,0.000000,false,0.000000,execution_costs_v1.0,0.000000,0.000000,,,,
2024-07-29,MLP,BBG001S5T7D4,0,false,24.500000,23.800000,0.000000,-2.857143,false,0.000000,execution_costs_v1.0,0.000000,0.000000,,,,
2024-07-29,MLR,BBG001S7BMD6,0,false,66.610000,67.110000,1.125957,0.750638,false,0.000000,execution_costs_v1.0,0.000000,0.000000,,,,
2024-07-29,MLTX,BBG00XQZQVP7,0,false,45.110000,43.210000,0.310352,-4.211926,false,0.000000,execution_costs_v1.0,0.000000,0.000000,,,,
2024-07-29,MLYS,BBG00ZXN1GR9,0,false,13.470000,12.820000,0.000000,-4.825538,false,0.000000,execution_costs_v1.0,0.000000,0.000000,,,,
2024-07-29,MMAT,BBG001T3WTK8,0,false,2.530000,2.380000,2.486166,-5.928854,false,0.000000,execution_costs_v1.0,0.000000,0.000000,,,,
2024-07-29,MMI,BBG005GBRSS5,0,false,39.700000,39.515000,0.654912,-0.465995,false,0.000000,execution_costs_v1.0,0.000000,0.000000,,,,
2024-07-29,MMS,BBG001S6G4K5,0,false,92.710000,93.140000,1.194585,0.463812,false,0.000000,execution_costs_v1.0,0.000000,0.000000,,,,
2024-07-29,MMSI,BBG001S6KLT3,0,false,85.790000,85.690000,0.104907,-0.116564,false,0.000000,execution_costs_v1.0,0.000000,0.000000,,,,
2024-07-29,MMYT,0001495153,1,false,92.840000,92.430000,2.380439,-0.441620,false,0.000000,execution_costs_v1.0,0.000000,0.000000,,,,
2024-07-29,MNDY,0001845338,0,false,239.980000,233.630000,0.320860,-2.646054,false,0.000000,execution_costs_v1.0,0.000000,0.000000,,,,
2024-07-29,MNKD,BBG001SLLLY3,2,false,5.850000,5.820000,1.282051,-0.512821,false,0.000000,execution_costs_v1.0,0.000000,0.000000,,,,
2024-07-29,MNMD,BBG001TCSL84,4,false,9.500000,9.100000,3.157895,-4.210526,false,0.000000,execution_costs_v1.0,0.000000,0.000000,,,,
2024-07-29,MNRO,BBG001S62LS4,0,false,26.320000,25.510000,0.000000,-3.077508,false,0.000000,execution_costs_v1.0,0.000000,0.000000,,,,
2024-07-29,MNTK,BBG00YHYK376,0,false,5.710000,5.660000,1.225919,-0.875657,false,0.000000,execution_costs_v1.0,0.000000,0.000000,,,,
2024-07-29,MOD,BBG001S5T913,2,false,106.500000,102.320000,1.098592,-3.924883,false,0.000000,execution_costs_v1.0,0.000000,0.000000,,,,
2024-07-29,MODG,BBG001S70DV8,2,false,15.940000,16.290000,3.136763,2.195734,false,0.000000,execution_costs_v1.0,0.000000,0.000000,,,,
2024-07-29,MODV,BBG001SL2C10,0,false,23.980000,22.940000,0.250209,-4.336947,false,0.000000,execution_costs_v1.0,0.000000,0.000000,,,,
2024-07-29,MOFG,BBG001SCDXR4,0,false,29.310000,28.410000,0.000000,-3.070624,false,0.000000,execution_costs_v1.0,0.000000,0.000000,,,,
2024-07-29,MOG.A,BBG001S5T922,0,false,198.520000,195.050000,0.720330,-1.747935,false,0.000000,execution_costs_v1.0,0.000000,0.000000,,,,
2024-07-29,MORF,BBG00PBD6WR7,0,false,56.600000,56.580000,0.035336,-0.035336,false,0.000000,execution_costs_v1.0,0.000000,0.000000,,,,
2024-07-29,MORN,BBG001SC6FV6,0,false,325.000000,323.200000,0.734092,-0.553846,false,0.000000,execution_costs_v1.0,0.000000,0.000000,,,,
2024-07-29,MOS,BBG001S7LJN1,1,false,29.470000,29.209000,0.339328,-0.885646,false,0.000000,execution_costs_v1.0,0.000000,0.000000,,,,
2024-07-29,MOV,BBG001S8FWS2,0,false,25.590000,25.660000,0.468542,0.273544,false,0.000000,execution_costs_v1.0,0.000000,0.000000,,,,
2024-07-29,MP,BBG00TJGL0T5,2,false,13.780000,13.440000,0.616836,-2.467344,false,0.000000,execution_costs_v1.0,0.000000,0.000000,,,,
2024-07-29,MPB,BBG001S5T0G6,0,false,28.470000,28.250000,1.194240,-0.772743,false,0.000000,execution_costs_v1.0,0.000000,0.000000,,,,
2024-07-29,MPLN,BBG00RLZ9M83,0,false,0.471000,0.485000,8.025478,2.972399,false,0.000000,execution_costs_v1.0,0.000000,0.000000,,,,
2024-07-29,MPW,BBG001S7WM61,37,true,5.170000,5.020000,0.773694,-2.901354,false,0.000000,execution_costs_v1.0,0.000000,0.000000,,,,
2024-07-29,MPX,BBG001S6HCC5,0,false,10.590000,10.350000,1.983003,-2.266289,false,0.000000,execution_costs_v1.0,0.000000,0.000000,,,,
2024-07-29,MQ,BBG0112Z8873,1,false,5.390000,5.325000,0.092764,-1.205937,false,0.000000,execution_costs_v1.0,0.000000,0.000000,,,,
2024-07-29,MRC,BBG001SN9P56,0,false,14.850000,14.645000,0.101010,-1.380471,false,0.000000,execution_costs_v1.0,0.000000,0.000000,,,,
2024-07-29,MRCY,BBG001SBFLT8,0,false,35.170000,35.060000,0.653966,-0.312767,false,0.000000,execution_costs_v1.0,0.000000,0.000000,,,,
2024-07-29,MRTN,BBG001S5TCK5,0,false,18.670000,18.430000,0.642742,-1.285485,false,0.000000,execution_costs_v1.0,0.000000,0.000000,,,,
2024-07-29,MRUS,0001651311,0,false,54.850000,55.180000,0.847767,0.601641,false,0.000000,execution_costs_v1.0,0.000000,0.000000,,,,
2024-07-29,MRVI,BBG00Y1DFW44,0,false,9.190000,9.115000,1.305767,-0.816104,false,0.000000,execution_costs_v1.0,0.000000,0.000000,,,,
2024-07-29,MSA,BBG001S5TCN2,0,false,190.350000,188.630000,0.872078,-0.903599,false,0.000000,execution_costs_v1.0,0.000000,0.000000,,,,
2024-07-29,MSBI,BBG001SMZRY3,0,false,23.710000,23.270000,0.801350,-1.855757,false,0.000000,execution_costs_v1.0,0.000000,0.000000,,,,
2024-07-29,MSEX,BBG001S5TCZ9,0,false,66.490000,65.680000,1.436306,-1.218228,false,0.000000,execution_costs_v1.0,0.000000,0.000000,,,,
2024-07-29,MSGE,BBG019980TF2,0,false,39.030000,38.900000,0.922624,-0.333077,false,0.000000,execution_costs_v1.0,0.000000,0.000000,,,,
2024-07-29,MSGS,BBG007FG0C32,0,false,199.050000,199.460000,1.102738,0.205978,false,0.000000,execution_costs_v1.0,0.000000,0.000000,,,,
2024-07-29,MSM,BBG001S5TD87,0,false,87.320000,88.150000,1.122309,0.950527,false,0.000000,execution_costs_v1.0,0.000000,0.000000,,,,
2024-07-29,MTAL,0001950246,0,false,13.200000,12.720000,0.000000,-3.636364,false,0.000000,execution_costs_v1.0,0.000000,0.000000,,,,
2024-07-29,MTCH,BBG00VT0KP47,2,false,33.540000,33.190000,1.520572,-1.043530,false,0.000000,execution_costs_v1.0,0.000000,0.000000,,,,
2024-07-29,MTDR,BBG001T3L5S4,0,false,61.890000,60.140000,0.743254,-2.827597,false,0.000000,execution_costs_v1.0,0.000000,0.000000,,,,
2024-07-29,MTG,BBG001S6SFR0,0,false,24.930000,24.530000,0.140393,-1.604493,false,0.000000,execution_costs_v1.0,0.000000,0.000000,,,,
2024-07-29,MTH,BBG001S9F527,0,false,200.280000,202.165000,1.423008,0.941182,false,0.000000,execution_costs_v1.0,0.000000,0.000000,,,,
2024-07-29,MTN,BBG001S5TFD6,1,false,183.930000,182.770000,0.820964,-0.630675,false,0.000000,execution_costs_v1.0,0.000000,0.000000,,,,
2024-07-29,MTRN,BBG001S5PFQ6,0,false,119.770000,120.270000,0.834934,0.417467,false,0.000000,execution_costs_v1.0,0.000000,0.000000,,,,
2024-07-29,MTSI,BBG001T4BB37,0,false,101.250000,99.540000,2.380247,-1.688889,false,0.000000,execution_costs_v1.0,0.000000,0.000000,,,,
2024-07-29,MTTR,BBG00XS0FV65,2,false,4.550000,4.450000,0.219780,-2.197802,false,0.000000,execution_costs_v1.0,0.000000,0.000000,,,,
2024-07-29,MTUS,BBG0057SF208,0,false,22.310000,21.970000,0.224115,-1.523980,false,0.000000,execution_costs_v1.0,0.000000,0.000000,,,,
2024-07-29,MTW,BBG001S7C7S2,0,false,13.030000,12.750000,0.000000,-2.148887,false,0.000000,execution_costs_v1.0,0.000000,0.000000,,,,
2024-07-29,MTX,BBG001S5TFZ2,0,false,80.490000,78.710000,0.236054,-2.211455,false,0.000000,execution_costs_v1.0,0.000000,0.000000,,,,
2024-07-29,MTZ,BBG001S95HF8,1,false,109.830000,107.240000,0.391514,-2.358190,false,0.000000,execution_costs_v1.0,0.000000,0.000000,,,,
2024-07-29,MUR,BBG001S5TG80,0,false,40.410000,40.070000,0.197971,-0.841376,false,0.000000,execution_costs_v1.0,0.000000,0.000000,,,,
2024-07-29,MUX,BBG001S5X3Z4,0,false,9.160000,9.040000,0.000000,-1.310044,false,0.000000,execution_costs_v1.0,0.000000,0.000000,,,,
2024-07-29,MVBF,BBG001SDT8M5,0,false,24.730000,23.950000,0.000000,-3.154064,false,0.000000,execution_costs_v1.0,0.000000,0.000000,,,,
2024-07-29,MWA,BBG001SNQZ91,0,false,20.710000,20.655000,1.521004,-0.265572,false,0.000000,execution_costs_v1.0,0.000000,0.000000,,,,
2024-07-29,MXCT,BBG00CFTQNG7,0,false,4.780000,4.640000,0.523013,-2.928870,false,0.000000,execution_costs_v1.0,0.000000,0.000000,,,,
2024-07-29,MXL,BBG001S6MZV7,5,false,12.850000,13.770000,9.260700,7.159533,false,0.000000,execution_costs_v1.0,0.000000,0.000000,,,,
2024-07-29,MYE,BBG001S5TH97,0,false,14.770000,14.470000,0.000000,-2.031144,false,0.000000,execution_costs_v1.0,0.000000,0.000000,,,,
2024-07-29,MYGN,BBG001S86FS9,0,false,27.620000,27.335000,1.194786,-1.031861,false,0.000000,execution_costs_v1.0,0.000000,0.000000,,,,
2024-07-29,MYRG,BBG001S8GYM3,2,false,149.260000,143.490000,0.569476,-3.865738,false,0.000000,execution_costs_v1.0,0.000000,0.000000,,,,
2024-07-29,NABL,BBG00YJKWXF6,0,false,14.130000,13.825000,0.141543,-2.158528,false,0.000000,execution_costs_v1.0,0.000000,0.000000,,,,
2024-07-29,NAMS,0001936258,55,true,18.110000,17.300000,9.994478,-4.472667,true,0.000000,execution_costs_v1.0,0.000000,0.000000,,,,
2024-07-29,NAPA,BBG00ZF3LGX4,0,false,7.380000,7.210000,0.677507,-2.303523,false,0.000000,execution_costs_v1.0,0.000000,0.000000,,,,
2024-07-29,NARI,BBG009J8K7N9,0,false,54.000000,53.250000,0.018519,-1.388889,false,0.000000,execution_costs_v1.0,0.000000,0.000000,,,,
2024-07-29,NAT,0001000177,0,false,3.680000,3.630000,0.000000,-1.358696,false,0.000000,execution_costs_v1.0,0.000000,0.000000,,,,
2024-07-29,NATH,BBG001S5Q337,0,false,73.800000,72.410000,0.000000,-1.883469,false,0.000000,execution_costs_v1.0,0.000000,0.000000,,,,
2024-07-29,NATL,BBG019Y0WP28,0,false,32.850000,32.050000,1.217656,-2.435312,false,0.000000,execution_costs_v1.0,0.000000,0.000000,,,,
2024-07-29,NATR,BBG001S61DP6,0,false,16.920000,16.900000,0.827423,-0.118203,false,0.000000,execution_costs_v1.0,0.000000,0.000000,,,,
2024-07-29,NAUT,BBG00W7G4MV9,0,false,2.910000,2.770000,0.340206,-4.810997,false,0.000000,execution_costs_v1.0,0.000000,0.000000,,,,
2024-07-29,NAVI,BBG004MN1R50,0,false,15.980000,16.110000,0.969962,0.813517,false,0.000000,execution_costs_v1.0,0.000000,0.000000,,,,
2024-07-29,NBBK,BBG01KS1NKX5,0,false,18.500000,18.480000,1.081081,-0.108108,false,0.000000,execution_costs_v1.0,0.000000,0.000000,,,,
2024-07-29,NBHC,BBG003D8Y8V2,0,false,43.430000,42.570000,0.115128,-1.980198,false,0.000000,execution_costs_v1.0,0.000000,0.000000,,,,
2024-07-29,NBIX,BBG001S8W4X9,0,false,146.700000,145.155000,0.613497,-1.053170,false,0.000000,execution_costs_v1.0,0.000000,0.000000,,,,
2024-07-29,NBR,0001163739,0,false,100.710000,96.030000,2.273856,-4.647006,false,0.000000,execution_costs_v1.0,0.000000,0.000000,,,,
2024-07-29,NBTB,BBG001S6XCS0,0,false,49.520000,48.510000,0.323102,-2.039580,false,0.000000,execution_costs_v1.0,0.000000,0.000000,,,,
2024-07-29,NCLH,0001513761,10,true,18.720000,18.550000,0.961538,-0.908120,false,0.000000,execution_costs_v1.0,0.000000,0.000000,,,,
2024-07-29,NCMI,BBG001SRSPD7,0,false,5.720000,5.765000,2.097902,0.786713,false,0.000000,execution_costs_v1.0,0.000000,0.000000,,,,
2024-07-29,NCNO,BBG014GJ8XJ0,0,false,33.630000,33.070000,0.297354,-1.665180,false,0.000000,execution_costs_v1.0,0.000000,0.000000,,,,
2024-07-29,NDSN,BBG001S5TKK7,0,false,246.210000,245.200000,0.276187,-0.410219,false,0.000000,execution_costs_v1.0,0.000000,0.000000,,,,
2024-07-29,NE,0001895262,0,false,47.610000,46.380000,0.231044,-2.583491,false,0.000000,execution_costs_v1.0,0.000000,0.000000,,,,
2024-07-29,NECB,BBG011RJRYB9,0,false,23.160000,22.560000,0.000000,-2.590674,false,0.000000,execution_costs_v1.0,0.000000,0.000000,,,,
2024-07-29,NEGG,0001474627,0,false,0.880000,0.866500,1.408977,-1.534091,false,0.000000,execution_costs_v1.0,0.000000,0.000000,,,,
2024-07-29,NEO,BBG001S9DSY4,0,false,14.930000,14.620000,1.406564,-2.076356,false,0.000000,execution_costs_v1.0,0.000000,0.000000,,,,
2024-07-29,NEOG,BBG001S67B47,0,false,17.310000,17.300000,1.906412,-0.057770,false,0.000000,execution_costs_v1.0,0.000000,0.000000,,,,
2024-07-29,NEP,BBG006JNW312,6,false,26.490000,26.720000,1.472254,0.868252,false,0.000000,execution_costs_v1.0,0.000000,0.000000,,,,
2024-07-29,NETD,0001975218,0,false,10.590000,10.600000,0.188857,0.094429,false,0.000000,execution_costs_v1.0,0.000000,0.000000,,,,
2024-07-29,NEWT,BBG001S9PYW0,0,false,13.960000,13.870000,0.429799,-0.644699,false,0.000000,execution_costs_v1.0,0.000000,0.000000,,,,
2024-07-29,NEXA,0001713930,0,false,7.330000,7.250000,2.319236,-1.091405,false,0.000000,execution_costs_v1.0,0.000000,0.000000,,,,
2024-07-29,NEXT,BBG008GC7WN5,0,false,7.840000,7.735000,1.275510,-1.339286,false,0.000000,execution_costs_v1.0,0.000000,0.000000,,,,
2024-07-29,NFBK,BBG001T0M0Z2,0,false,12.720000,12.470000,0.393082,-1.965409,false,0.000000,execution_costs_v1.0,0.000000,0.000000,,,,
2024-07-29,NFE,BBG00MJH9M32,2,false,20.010000,19.535000,0.649675,-2.373813,false,0.000000,execution_costs_v1.0,0.000000,0.000000,,,,
2024-07-29,NFG,BBG001S5TLR8,0,false,58.050000,58.070000,0.542636,0.034453,false,0.000000,execution_costs_v1.0,0.000000,0.000000,,,,
2024-07-29,NFGC,BBG00JFFSNN2,0,false,2.650000,2.630000,1.132075,-0.754717,false,0.000000,execution_costs_v1.0,0.000000,0.000000,,,,
2024-07-29,NG,BBG001S5ZT85,0,false,4.750000,4.750000,0.315789,0.000000,false,0.000000,execution_costs_v1.0,0.000000,0.000000,,,,
2024-07-29,NGD,BBG001S5YM54,5,false,2.030000,2.080000,2.955665,2.463054,false,0.000000,execution_costs_v1.0,0.000000,0.000000,,,,
2024-07-29,NGL,BBG001V0FSC1,0,false,4.670000,4.670000,1.498929,0.000000,false,0.000000,execution_costs_v1.0,0.000000,0.000000,,,,
2024-07-29,NGNE,BBG005Y0QF99,0,false,44.960000,41.030000,4.537144,-8.741103,false,0.000000,execution_costs_v1.0,0.000000,0.000000,,,,
2024-07-29,NGVC,BBG0034VYM77,0,false,26.160000,25.130000,0.000000,-3.937309,false,0.000000,execution_costs_v1.0,0.000000,0.000000,,,,
2024-07-29,NGVT,BBG009LM2988,0,false,46.200000,45.670000,0.129870,-1.147186,false,0.000000,execution_costs_v1.0,0.000000,0.000000,,,,
2024-07-29,NHC,BBG001SBJ378,0,false,136.190000,135.750000,1.042661,-0.323078,false,0.000000,execution_costs_v1.0,0.000000,0.000000,,,,
2024-07-29,NHI,BBG001S6W8Y3,0,false,75.100000,75.280000,0.692410,0.239680,false,0.000000,execution_costs_v1.0,0.000000,0.000000,,,,
2024-07-29,NI,BBG001S5TMF9,1,false,31.440000,31.320000,0.063613,-0.381679,false,0.000000,execution_costs_v1.0,0.000000,0.000000,,,,
2024-07-29,NIC,BBG001SN0Y92,0,false,104.180000,101.190000,0.384623,-2.870033,false,0.000000,execution_costs_v1.0,0.000000,0.000000,,,,
2024-07-29,NJR,BBG001S5TMT4,0,false,47.050000,46.610000,0.000000,-0.935175,false,0.000000,execution_costs_v1.0,0.000000,0.000000,,,,
2024-07-29,NKLA,BBG00L4CWQW4,10,true,9.470000,9.260000,0.630412,-2.217529,false,0.000000,execution_costs_v1.0,0.000000,0.000000,,,,
2024-07-29,NKTX,BBG00JXHS9H6,0,false,7.010000,6.690000,1.168331,-4.564907,false,0.000000,execution_costs_v1.0,0.000000,0.000000,,,,
2024-07-29,NL,BBG001S5TMX9,0,false,6.450000,6.170000,0.000000,-4.341085,false,0.000000,execution_costs_v1.0,0.000000,0.000000,,,,
2024-07-29,NLOP,BBG01JKVZRT7,0,false,28.890000,29.860000,3.894081,3.357563,false,0.000000,execution_costs_v1.0,0.000000,0.000000,,,,
2024-07-29,NLY,BBG001S8J4S0,6,false,19.950000,19.980000,0.977444,0.150376,false,0.000000,execution_costs_v1.0,0.000000,0.000000,,,,
2024-07-29,NMFC,BBG001T9D5H2,0,false,12.450000,12.420000,0.160643,-0.240964,false,0.000000,execution_costs_v1.0,0.000000,0.000000,,,,
2024-07-29,NMIH,BBG005DLMPF1,1,false,39.360000,39.390000,1.143293,0.076220,false,0.000000,execution_costs_v1.0,0.000000,0.000000,,,,
2024-07-29,NMM,0001415921,2,false,46.870000,46.670000,2.304246,-0.426712,false,0.000000,execution_costs_v1.0,0.000000,0.000000,,,,
2024-07-29,NMRA,BBG012W9C504,0,false,12.890000,12.460000,0.775795,-3.335919,false,0.000000,execution_costs_v1.0,0.000000,0.000000,,,,
2024-07-29,NMRK,BBG00J24S7X5,0,false,12.850000,12.710000,1.050584,-1.089494,false,0.000000,execution_costs_v1.0,0.000000,0.000000,,,,
2024-07-29,NN,BBG017XG00Z2,0,false,8.400000,8.030000,3.133333,-4.404762,false,0.000000,execution_costs_v1.0,0.000000,0.000000,,,,
2024-07-29,NNI,BBG001SGRMS3,0,false,113.000000,112.195000,0.000000,-0.712389,false,0.000000,execution_costs_v1.0,0.000000,0.000000,,,,
2024-07-29,NNN,BBG001S6Z1P5,1,false,45.650000,45.670000,0.087623,0.043812,false,0.000000,execution_costs_v1.0,0.000000,0.000000,,,,
2024-07-29,NNOX,0001795251,21,true,8.750000,8.700000,3.085714,-0.571429,false,0.000000,execution_costs_v1.0,0.000000,0.000000,,,,
2024-07-29,NOA,BBG001SBRPM3,0,false,19.920000,19.230000,0.000000,-3.463855,false,0.000000,execution_costs_v1.0,0.000000,0.000000,,,,
2024-07-29,NODK,BBG00DZS4J96,0,false,16.090000,15.910000,0.000000,-1.118707,false,0.000000,execution_costs_v1.0,0.000000,0.000000,,,,
2024-07-29,NOG,BBG001SK2P31,0,false,41.230000,40.220000,0.873151,-2.449673,false,0.000000,execution_costs_v1.0,0.000000,0.000000,,,,
2024-07-29,NOMD,0001651717,0,false,18.020000,18.060000,0.998890,0.221976,false,0.000000,execution_costs_v1.0,0.000000,0.000000,,,,
2024-07-29,NOV,BBG001S6HFR2,1,false,19.680000,19.820000,1.676829,0.711382,false,0.000000,execution_costs_v1.0,0.000000,0.000000,,,,
2024-07-29,NOVA,BBG00PLQ1KH9,20,true,7.860000,7.236000,2.035623,-7.938931,false,0.000000,execution_costs_v1.0,0.000000,0.000000,,,,
2024-07-29,NOVT,BBG001S6MRJ9,0,false,185.750000,181.020000,0.390310,-2.546433,false,0.000000,execution_costs_v1.0,0.000000,0.000000,,,,
2024-07-29,NPK,BBG001S5TPT7,0,false,78.000000,77.370000,0.000000,-0.807692,false,0.000000,execution_costs_v1.0,0.000000,0.000000,,,,
2024-07-29,NPO,BBG001SCK8H2,0,false,171.800000,170.720000,0.890570,-0.628638,false,0.000000,execution_costs_v1.0,0.000000,0.000000,,,,
2024-07-29,NPWR,BBG00ZMY0HK3,0,false,9.650000,9.230000,0.207254,-4.352332,false,0.000000,execution_costs_v1.0,0.000000,0.000000,,,,
2024-07-29,NR,BBG001S6CQY5,0,false,8.300000,8.090000,0.180723,-2.530120,false,0.000000,execution_costs_v1.0,0.000000,0.000000,,,,
2024-07-29,NRC,BBG004K1F9R1,0,false,24.630000,23.920000,1.542834,-2.882663,false,0.000000,execution_costs_v1.0,0.000000,0.000000,,,,
2024-07-29,NRDS,BBG0087DN242,0,false,16.090000,15.970000,0.372902,-0.745805,false,0.000000,execution_costs_v1.0,0.000000,0.000000,,,,
2024-07-29,NRIM,BBG001S6NXD1,0,false,71.000000,69.070000,0.563380,-2.718310,false,0.000000,execution_costs_v1.0,0.000000,0.000000,,,,
2024-07-29,NRIX,BBG00SDJ8M87,0,false,22.010000,21.250000,1.453885,-3.452976,false,0.000000,execution_costs_v1.0,0.000000,0.000000,,,,
2024-07-29,NRP,BBG001SH9LZ5,0,false,89.990000,89.000000,1.564174,-1.100122,false,0.000000,execution_costs_v1.0,0.000000,0.000000,,,,
2024-07-29,NSA,BBG008417VP2,0,false,43.420000,43.580000,0.702441,0.368494,false,0.000000,execution_costs_v1.0,0.000000,0.000000,,,,
2024-07-29,NSIT,BBG001S7LHJ0,0,false,225.720000,222.860000,0.502835,-1.267057,false,0.000000,execution_costs_v1.0,0.000000,0.000000,,,,
2024-07-29,NSP,BBG001S894P4,0,false,102.000000,100.410000,0.000000,-1.558824,false,0.000000,execution_costs_v1.0,0.000000,0.000000,,,,
2024-07-29,NSSC,BBG001S5TR13,0,false,56.100000,54.490000,0.089127,-2.869875,false,0.000000,execution_costs_v1.0,0.000000,0.000000,,,,
2024-07-29,NTB,0001653242,0,false,39.110000,38.660000,0.434671,-1.150601,false,0.000000,execution_costs_v1.0,0.000000,0.000000,,,,
2024-07-29,NTCT,BBG001SD3PL6,0,false,20.040000,20.210000,1.696607,0.848303,false,0.000000,execution_costs_v1.0,0.000000,0.000000,,,,
2024-07-29,NTGR,BBG001SG03X8,0,false,15.910000,15.940000,0.565682,0.188561,false,0.000000,execution_costs_v1.0,0.000000,0.000000,,,,
2024-07-29,NTLA,BBG007KC7PC9,2,false,26.500000,26.920000,2.113208,1.584906,false,0.000000,execution_costs_v1.0,0.000000,0.000000,,,,
2024-07-29,NTNX,BBG001V13SG8,3,false,49.880000,50.025000,1.142743,0.290698,false,0.000000,execution_costs_v1.0,0.000000,0.000000,,,,
2024-07-29,NTRA,BBG001V0FSF8,0,false,103.320000,103.680000,1.495257,0.348432,false,0.000000,execution_costs_v1.0,0.000000,0.000000,,,,
2024-07-29,NTST,BBG00W5FQQM0,0,false,16.940000,16.790000,0.000000,-0.885478,false,0.000000,execution_costs_v1.0,0.000000,0.000000,,,,
2024-07-29,NUS,BBG001S988X5,2,false,10.760000,10.750000,0.557621,-0.092937,false,0.000000,execution_costs_v1.0,0.000000,0.000000,,,,
2024-07-29,NUTX,BBG001T5W5K5,0,false,8.080000,8.407900,6.683168,4.058168,false,0.000000,execution_costs_v1.0,0.000000,0.000000,,,,
2024-07-29,NUVB,BBG00VHJ0CD0,0,false,3.780000,3.575000,0.457672,-5.423280,false,0.000000,execution_costs_v1.0,0.000000,0.000000,,,,
2024-07-29,NUVL,BBG00Z1SLMN2,0,false,81.680000,79.130000,0.122429,-3.121939,false,0.000000,execution_costs_v1.0,0.000000,0.000000,,,,
2024-07-29,NVAX,BBG001SGL8G3,29,true,17.000000,16.420000,1.293529,-3.411765,false,0.000000,execution_costs_v1.0,0.000000,0.000000,,,,
2024-07-29,NVCR,0001645113,2,false,19.050000,20.800000,9.238845,9.186352,false,0.000000,execution_costs_v1.0,0.000000,0.000000,,,,
2024-07-29,NVEC,BBG001SGKV64,0,false,84.110000,84.100000,1.331590,-0.011889,false,0.000000,execution_costs_v1.0,0.000000,0.000000,,,,
2024-07-29,NVEE,BBG005BT61P6,2,false,103.180000,101.750000,0.920721,-1.385928,false,0.000000,execution_costs_v1.0,0.000000,0.000000,,,,
2024-07-29,NVEI,BBG00X2VHWW2,0,false,32.960000,32.910000,0.030340,-0.151699,false,0.000000,execution_costs_v1.0,0.000000,0.000000,,,,
2024-07-29,NVGS,0001581804,0,false,16.300000,16.160000,1.349693,-0.858896,false,0.000000,execution_costs_v1.0,0.000000,0.000000,,,,
2024-07-29,NVMI,0001109345,0,false,199.870000,201.400000,3.449742,0.765498,false,0.000000,execution_costs_v1.0,0.000000,0.000000,,,,
2024-07-29,NVRI,BBG001S5S0V0,0,false,11.400000,10.955000,0.469298,-3.903509,false,0.000000,execution_costs_v1.0,0.000000,0.000000,,,,
2024-07-29,NVRO,BBG001V0KW81,0,false,9.780000,9.210000,0.204499,-5.828221,false,0.000000,execution_costs_v1.0,0.000000,0.000000,,,,
2024-07-29,NVST,BBG00LN4B6D9,0,false,16.190000,16.410000,2.285361,1.358863,false,0.000000,execution_costs_v1.0,0.000000,0.000000,,,,
2024-07-29,NVT,0001720635,0,false,70.880000,70.400000,1.128668,-0.677201,false,0.000000,execution_costs_v1.0,0.000000,0.000000,,,,
2024-07-29,NVTS,BBG00YQ6KTM3,10,true,3.900000,3.880000,2.051282,-0.512821,false,0.000000,execution_costs_v1.0,0.000000,0.000000,,,,
2024-07-29,NWBI,BBG001S64KK2,0,false,14.290000,14.045000,0.209937,-1.714486,false,0.000000,execution_costs_v1.0,0.000000,0.000000,,,,
2024-07-29,NWE,BBG001SM2G73,0,false,53.160000,52.870000,0.498495,-0.545523,false,0.000000,execution_costs_v1.0,0.000000,0.000000,,,,
2024-07-29,NWL,BBG001S5TSW7,7,false,8.970000,8.790000,0.780379,-2.006689,false,0.000000,execution_costs_v1.0,0.000000,0.000000,,,,
2024-07-29,NWN,BBG00KXKRLP1,0,false,40.810000,40.600000,0.514580,-0.514580,false,0.000000,execution_costs_v1.0,0.000000,0.000000,,,,
2024-07-29,NWPX,BBG001S8LFT1,0,false,37.730000,36.690000,1.113173,-2.756427,false,0.000000,execution_costs_v1.0,0.000000,0.000000,,,,
2024-07-29,NWTN,0001932737,0,false,1.090000,1.040000,0.000000,-4.587156,false,0.000000,execution_costs_v1.0,0.000000,0.000000,,,,
2024-07-29,NX,BBG001T0QV71,0,false,34.140000,34.270000,2.255419,0.380785,false,0.000000,execution_costs_v1.0,0.000000,0.000000,,,,
2024-07-29,NXE,BBG00334PFM6,1,false,6.550000,6.365000,0.305344,-2.824427,false,0.000000,execution_costs_v1.0,0.000000,0.000000,,,,
2024-07-29,NXRT,BBG0077Q6QH7,0,false,43.450000,43.525000,0.598389,0.172612,false,0.000000,execution_costs_v1.0,0.000000,0.000000,,,,
2024-07-29,NXST,BBG001SKJJT9,0,false,184.170000,182.300000,0.130314,-1.015366,false,0.000000,execution_costs_v1.0,0.000000,0.000000,,,,
2024-07-29,NXT,BBG00835TQ17,3,false,47.220000,46.890000,0.529437,-0.698856,false,0.000000,execution_costs_v1.0,0.000000,0.000000,,,,
2024-07-29,NYAX,0001901279,1,false,21.950000,21.800000,2.505695,-0.683371,false,0.000000,execution_costs_v1.0,0.000000,0.000000,,,,
2024-07-29,NYCB,BBG001SD32Z2,10,true,11.270000,10.480000,0.177462,-7.009760,false,0.000000,execution_costs_v1.0,0.000000,0.000000,,,,
2024-07-29,NYMT,BBG001SHHBR7,0,false,6.730000,6.545000,0.594354,-2.748886,false,0.000000,execution_costs_v1.0,0.000000,0.000000,,,,
2024-07-29,NYT,BBG001S90X31,0,false,54.080000,53.540000,0.073964,-0.998521,false,0.000000,execution_costs_v1.0,0.000000,0.000000,,,,
2024-07-29,OABI,BBG011J3QM48,0,false,4.820000,4.710000,0.622407,-2.282158,false,0.000000,execution_costs_v1.0,0.000000,0.000000,,,,
2024-07-29,OBDC,BBG00DB0XYD3,0,false,15.500000,15.460000,0.193548,-0.258065,false,0.000000,execution_costs_v1.0,0.000000,0.000000,,,,
2024-07-29,OBE,BBG001S603F0,0,false,7.250000,7.190000,1.931034,-0.827586,false,0.000000,execution_costs_v1.0,0.000000,0.000000,,,,
2024-07-29,OBK,BBG001S78WZ4,0,false,34.960000,34.520000,0.915332,-1.258581,false,0.000000,execution_costs_v1.0,0.000000,0.000000,,,,
2024-07-29,OBT,BBG001S730D3,0,false,61.400000,59.100000,0.000000,-3.745928,false,0.000000,execution_costs_v1.0,0.000000,0.000000,,,,
2024-07-29,OCFC,BBG001S92JX7,0,false,18.580000,17.930000,0.753498,-3.498385,false,0.000000,execution_costs_v1.0,0.000000,0.000000,,,,
2024-07-29,OCGN,BBG001TG1LS2,5,false,1.620000,1.480000,2.425926,-8.641975,false,0.000000,execution_costs_v1.0,0.000000,0.000000,,,,
2024-07-29,OCS,0001953530,0,false,11.610000,11.600000,0.000000,-0.086133,false,0.000000,execution_costs_v1.0,0.000000,0.000000,,,,
2024-07-29,OCSL,BBG001SR03L7,0,false,18.460000,18.370000,0.000000,-0.487541,false,0.000000,execution_costs_v1.0,0.000000,0.000000,,,,
2024-07-29,OCUL,BBG001V0FT93,6,false,8.430000,8.169000,0.474496,-3.096085,false,0.000000,execution_costs_v1.0,0.000000,0.000000,,,,
2024-07-29,ODC,BBG001S7J3C1,0,false,66.000000,64.710000,0.000000,-1.954545,false,0.000000,execution_costs_v1.0,0.000000,0.000000,,,,
2024-07-29,ODD,0001907085,1,false,41.660000,40.140000,0.624100,-3.648584,false,0.000000,execution_costs_v1.0,0.000000,0.000000,,,,
2024-07-29,ODP,BBG00R24W7Y1,0,false,42.520000,42.111500,0.564440,-0.960724,false,0.000000,execution_costs_v1.0,0.000000,0.000000,,,,
2024-07-29,OEC,0001609804,1,false,24.170000,23.900000,0.000000,-1.117087,false,0.000000,execution_costs_v1.0,0.000000,0.000000,,,,
2024-07-29,OFG,BBG001S9J8R0,0,false,46.550000,45.520000,0.000000,-2.212675,false,0.000000,execution_costs_v1.0,0.000000,0.000000,,,,
2024-07-29,OFIX,BBG001SCG164,0,false,16.530000,15.970000,0.181488,-3.387780,false,0.000000,execution_costs_v1.0,0.000000,0.000000,,,,
2024-07-29,OFLX,BBG001SNLHY8,0,false,52.830000,53.080000,1.173576,0.473216,false,0.000000,execution_costs_v1.0,0.000000,0.000000,,,,
2024-07-29,OGE,BBG001S5TVY8,0,false,38.420000,38.330000,0.000000,-0.234253,false,0.000000,execution_costs_v1.0,0.000000,0.000000,,,,
2024-07-29,OGN,BBG00ZQRGW42,1,false,22.380000,22.480000,0.804290,0.446828,false,0.000000,execution_costs_v1.0,0.000000,0.000000,,,,
2024-07-29,OGS,BBG004WQKD16,0,false,70.590000,70.090000,0.127497,-0.708316,false,0.000000,execution_costs_v1.0,0.000000,0.000000,,,,
2024-07-29,OHI,BBG001S736L1,0,false,36.390000,36.590000,0.577082,0.549602,false,0.000000,execution_costs_v1.0,0.000000,0.000000,,,,
2024-07-29,OI,BBG00R2JZG48,0,false,11.590000,11.440000,1.294219,-1.294219,false,0.000000,execution_costs_v1.0,0.000000,0.000000,,,,
2024-07-29,OII,BBG001S61HT3,0,false,29.690000,29.060000,0.976760,-2.121927,false,0.000000,execution_costs_v1.0,0.000000,0.000000,,,,
2024-07-29,OIS,BBG001S7WK56,9,false,5.260000,5.380000,9.315589,2.281369,false,0.000000,execution_costs_v1.0,0.000000,0.000000,,,,
2024-07-29,OLED,BBG001S5V9H3,3,false,230.940000,228.185000,0.385381,-1.192951,false,0.000000,execution_costs_v1.0,0.000000,0.000000,,,,
2024-07-29,OLLI,BBG0098VVDS0,0,false,96.660000,98.920000,2.472584,2.338092,false,0.000000,execution_costs_v1.0,0.000000,0.000000,,,,
2024-07-29,OLMA,BBG00T5JMRV1,0,false,15.500000,15.190000,2.580645,-2.000000,false,0.000000,execution_costs_v1.0,0.000000,0.000000,,,,
2024-07-29,OLN,BBG001S5TWW8,3,false,45.410000,44.600000,0.176173,-1.783748,false,0.000000,execution_costs_v1.0,0.000000,0.000000,,,,
2024-07-29,OLO,BBG00ZCX7044,2,false,4.820000,4.670000,0.829876,-3.112033,false,0.000000,execution_costs_v1.0,0.000000,0.000000,,,,
2024-07-29,OLP,BBG001S5TWY6,0,false,26.800000,26.280000,0.037313,-1.940299,false,0.000000,execution_costs_v1.0,0.000000,0.000000,,,,
2024-07-29,OLPX,BBG012BV9TG3,2,false,2.090000,1.985000,0.956938,-5.023923,false,0.000000,execution_costs_v1.0,0.000000,0.000000,,,,
2024-07-29,OMCL,BBG001SF6Z45,0,false,29.180000,28.350000,1.062371,-2.844414,false,0.000000,execution_costs_v1.0,0.000000,0.000000,,,,
2024-07-29,OMER,BBG001SPJH21,0,false,5.220000,5.370000,5.745211,2.873563,false,0.000000,execution_costs_v1.0,0.000000,0.000000,,,,
2024-07-29,OMF,BBG005497H09,1,false,53.240000,52.280000,0.103306,-1.803156,false,0.000000,execution_costs_v1.0,0.000000,0.000000,,,,
2024-07-29,OMI,BBG001S72KY7,0,false,15.490000,15.430000,1.807618,-0.387347,false,0.000000,execution_costs_v1.0,0.000000,0.000000,,,,
2024-07-29,OMIC,BBG010WX4HG1,0,false,7.210000,7.780000,12.898752,7.905687,true,0.000000,execution_costs_v1.0,0.000000,0.000000,,,,
2024-07-29,ONB,BBG001SD2ZG1,0,false,20.260000,19.955000,0.197433,-1.505429,false,0.000000,execution_costs_v1.0,0.000000,0.000000,,,,
2024-07-29,ONCT,BBG001SCTS61,0,false,6.860000,6.810000,4.548105,-0.728863,false,0.000000,execution_costs_v1.0,0.000000,0.000000,,,,
2024-07-29,ONEW,BBG00PPXGH27,0,false,30.740000,30.320000,0.000000,-1.366298,false,0.000000,execution_costs_v1.0,0.000000,0.000000,,,,
2024-07-29,ONON,0001858985,10,true,40.410000,39.830000,0.000000,-1.435288,false,0.000000,execution_costs_v1.0,0.000000,0.000000,,,,
2024-07-29,ONTO,BBG001S5THX0,0,false,191.260000,189.260000,4.083447,-1.045697,false,0.000000,execution_costs_v1.0,0.000000,0.000000,,,,
2024-07-29,OPCH,BBG001S6X756,0,false,31.070000,30.860000,1.319601,-0.675893,false,0.000000,execution_costs_v1.0,0.000000,0.000000,,,,
2024-07-29,OPEN,BBG00SHY8ZR0,30,true,2.520000,2.495000,4.365079,-0.992063,false,0.000000,execution_costs_v1.0,0.000000,0.000000,,,,
2024-07-29,OPK,BBG001SD4254,7,false,1.470000,1.440000,0.000000,-2.040816,false,0.000000,execution_costs_v1.0,0.000000,0.000000,,,,
2024-07-29,OPY,BBG001S77PP1,0,false,53.510000,52.420000,0.037376,-2.037002,false,0.000000,execution_costs_v1.0,0.000000,0.000000,,,,
2024-07-29,OR,BBG006L2SZD6,0,false,17.400000,17.640000,1.379310,1.379310,false,0.000000,execution_costs_v1.0,0.000000,0.000000,,,,
2024-07-29,ORA,BBG001S9LPW3,21,true,77.350000,76.320000,0.568843,-1.331610,false,0.000000,execution_costs_v1.0,0.000000,0.000000,,,,
2024-07-29,ORC,BBG001V18CW0,14,true,8.300000,8.155000,0.481928,-1.746988,false,0.000000,execution_costs_v1.0,0.000000,0.000000,,,,
2024-07-29,ORGO,BBG00FGGD311,0,false,3.240000,3.065000,0.000000,-5.401235,false,0.000000,execution_costs_v1.0,0.000000,0.000000,,,,
2024-07-29,ORI,BBG001S6M9Y2,0,false,33.760000,33.925000,1.095972,0.488744,false,0.000000,execution_costs_v1.0,0.000000,0.000000,,,,
2024-07-29,ORIC,BBG00BL5SMR2,0,false,11.860000,11.120000,0.674536,-6.239460,false,0.000000,execution_costs_v1.0,0.000000,0.000000,,,,
2024-07-29,ORLA,BBG00FGY26J8,0,false,3.730000,3.715000,1.206434,-0.402145,false,0.000000,execution_costs_v1.0,0.000000,0.000000,,,,
2024-07-29,ORRF,BBG001S9SXH6,0,false,34.700000,34.290000,0.104899,-1.181556,false,0.000000,execution_costs_v1.0,0.000000,0.000000,,,,
2024-07-29,OSBC,BBG001S7HMZ6,0,false,17.150000,16.950000,0.000000,-1.166181,false,0.000000,execution_costs_v1.0,0.000000,0.000000,,,,
2024-07-29,OSCR,BBG00YMWFVT4,5,false,16.000000,16.900000,8.437500,5.625000,false,0.000000,execution_costs_v1.0,0.000000,0.000000,,,,
2024-07-29,OSIS,BBG001SB1J54,0,false,151.080000,149.020000,0.029786,-1.363516,false,0.000000,execution_costs_v1.0,0.000000,0.000000,,,,
2024-07-29,OSK,BBG001S6SX46,1,false,115.950000,115.890000,0.474342,-0.051746,false,0.000000,execution_costs_v1.0,0.000000,0.000000,,,,
2024-07-29,OSPN,BBG001S7T321,0,false,14.420000,14.470000,1.108877,0.346741,false,0.000000,execution_costs_v1.0,0.000000,0.000000,,,,
2024-07-29,OSUR,BBG001SD3BW5,0,false,4.330000,4.335000,0.692841,0.115473,false,0.000000,execution_costs_v1.0,0.000000,0.000000,,,,
2024-07-29,OSW,0001758488,0,false,16.580000,16.580000,1.809409,0.000000,false,0.000000,execution_costs_v1.0,0.000000,0.000000,,,,
2024-07-29,OTEX,BBG001SBS5H2,0,false,31.510000,31.130000,0.126944,-1.205966,false,0.000000,execution_costs_v1.0,0.000000,0.000000,,,,
2024-07-29,OTLK,BBG00469JRM1,0,false,8.430000,7.980000,1.067616,-5.338078,false,0.000000,execution_costs_v1.0,0.000000,0.000000,,,,
2024-07-29,OTTR,BBG001S5TYX3,0,false,100.380000,96.700000,0.139470,-3.666069,false,0.000000,execution_costs_v1.0,0.000000,0.000000,,,,
2024-07-29,OUST,BBG00XRTSTS0,1,false,14.080000,13.460000,5.816051,-4.403409,false,0.000000,execution_costs_v1.0,0.000000,0.000000,,,,
2024-07-29,OUT,BBG004S69ZY3,0,false,15.830000,15.750000,0.315856,-0.505370,false,0.000000,execution_costs_v1.0,0.000000,0.000000,,,,
2024-07-29,OVV,BBG00R2NHQ74,0,false,46.210000,45.410000,0.367886,-1.731227,false,0.000000,execution_costs_v1.0,0.000000,0.000000,,,,
2024-07-29,OWL,BBG00XV417S7,0,false,19.770000,19.360000,0.404654,-2.073849,false,0.000000,execution_costs_v1.0,0.000000,0.000000,,,,
2024-07-29,OXLC,BBG001T93HP8,3,false,5.610000,5.565000,0.000000,-0.802139,false,0.000000,execution_costs_v1.0,0.000000,0.000000,,,,
2024-07-29,OXM,BBG001S5TZF0,0,false,102.610000,103.080000,1.042783,0.458045,false,0.000000,execution_costs_v1.0,0.000000,0.000000,,,,
2024-07-29,OZK,BBG001SMRQL8,0,false,47.060000,46.120000,0.212495,-1.997450,false,0.000000,execution_costs_v1.0,0.000000,0.000000,,,,
2024-07-29,PAA,BBG001S985K5,2,false,18.460000,18.370000,0.406284,-0.487541,false,0.000000,execution_costs_v1.0,0.000000,0.000000,,,,
2024-07-29,PAAS,BBG001S5ZXR5,3,false,21.690000,21.715000,0.461042,0.115260,false,0.000000,execution_costs_v1.0,0.000000,0.000000,,,,
2024-07-29,PACB,BBG001SS9G64,17,true,2.140000,2.040000,2.803738,-4.672897,false,0.000000,execution_costs_v1.0,0.000000,0.000000,,,,
2024-07-29,PACK,BBG00JRXX6Z8,5,false,7.430000,6.880000,0.269179,-7.402423,false,0.000000,execution_costs_v1.0,0.000000,0.000000,,,,
2024-07-29,PAG,BBG001S96493,0,false,160.560000,163.000000,1.781266,1.519681,false,0.000000,execution_costs_v1.0,0.000000,0.000000,,,,
2024-07-29,PAGP,BBG001SZV282,0,false,19.510000,19.260000,0.000000,-1.281394,false,0.000000,execution_costs_v1.0,0.000000,0.000000,,,,
2024-07-29,PAGS,0001712807,1,false,13.440000,13.075000,0.654762,-2.715774,false,0.000000,execution_costs_v1.0,0.000000,0.000000,,,,
2024-07-29,PAHC,BBG0069NW5X3,0,false,18.880000,18.400000,0.344280,-2.542373,false,0.000000,execution_costs_v1.0,0.000000,0.000000,,,,
2024-07-29,PANL,0001606909,0,false,7.320000,7.060000,0.000000,-3.551913,false,0.000000,execution_costs_v1.0,0.000000,0.000000,,,,
2024-07-29,PAR,BBG001S5VG69,0,false,53.530000,53.030000,0.747245,-0.934056,false,0.000000,execution_costs_v1.0,0.000000,0.000000,,,,
2024-07-29,PARA,BBG001S6L063,7,false,11.200000,11.060000,0.714286,-1.250000,false,0.000000,execution_costs_v1.0,0.000000,0.000000,,,,
2024-07-29,PARR,BBG003C5DLS7,0,false,25.420000,24.950000,0.275374,-1.848938,false,0.000000,execution_costs_v1.0,0.000000,0.000000,,,,
2024-07-29,PATH,BBG00GKS1G12,12,true,12.440000,12.320000,0.482315,-0.964630,false,0.000000,execution_costs_v1.0,0.000000,0.000000,,,,
2024-07-29,PATK,BBG001S5V0V6,0,false,126.360000,126.340000,0.617284,-0.015828,false,0.000000,execution_costs_v1.0,0.000000,0.000000,,,,
2024-07-29,PAX,0001825570,2,false,13.100000,13.015000,0.354962,-0.648855,false,0.000000,execution_costs_v1.0,0.000000,0.000000,,,,
2024-07-29,PAY,BBG010MW0P43,0,false,21.450000,21.350000,0.466200,-0.466200,false,0.000000,execution_costs_v1.0,0.000000,0.000000,,,,
2024-07-29,PAYC,BBG0064N1009,0,false,164.790000,164.230000,1.869045,-0.339826,false,0.000000,execution_costs_v1.0,0.000000,0.000000,,,,
2024-07-29,PAYO,BBG00Z5JLLD1,0,false,5.500000,5.460000,0.727273,-0.727273,false,0.000000,execution_costs_v1.0,0.000000,0.000000,,,,
2024-07-29,PB,BBG001S7SL77,0,false,72.900000,71.810000,0.102881,-1.495199,false,0.000000,execution_costs_v1.0,0.000000,0.000000,,,,
2024-07-29,PBF,BBG002832HM6,0,false,40.440000,39.020000,0.383284,-3.511375,false,0.000000,execution_costs_v1.0,0.000000,0.000000,,,,
2024-07-29,PBH,BBG001SH44F0,0,false,70.880000,70.440000,0.169300,-0.620767,false,0.000000,execution_costs_v1.0,0.000000,0.000000,,,,
2024-07-29,PBI,BBG001S5V171,10,true,7.000000,6.665000,3.000000,-4.785714,false,0.000000,execution_costs_v1.0,0.000000,0.000000,,,,
2024-07-29,PBT,BBG001S5V1N3,0,false,11.510000,11.180000,0.781929,-2.867072,false,0.000000,execution_costs_v1.0,0.000000,0.000000,,,,
2024-07-29,PCH,BBG001S5V215,0,false,43.220000,43.340000,0.856085,0.277649,false,0.000000,execution_costs_v1.0,0.000000,0.000000,,,,
2024-07-29,PCOR,BBG0026ZJ313,0,false,70.600000,69.990000,0.849858,-0.864023,false,0.000000,execution_costs_v1.0,0.000000,0.000000,,,,
2024-07-29,PCRX,BBG001S77N12,0,false,19.960000,20.360000,2.404810,2.004008,false,0.000000,execution_costs_v1.0,0.000000,0.000000,,,,
2024-07-29,PCT,BBG00YRJF230,5,false,7.780000,7.620000,2.827763,-2.056555,false,0.000000,execution_costs_v1.0,0.000000,0.000000,,,,
2024-07-29,PCTY,BBG006598YZ0,1,false,150.280000,148.020000,0.399255,-1.503859,false,0.000000,execution_costs_v1.0,0.000000,0.000000,,,,
2024-07-29,PCVX,BBG009PHHPP4,0,false,84.030000,82.850000,1.713674,-1.404260,false,0.000000,execution_costs_v1.0,0.000000,0.000000,,,,
2024-07-29,PD,BBG0043BYPD6,0,false,21.160000,21.480000,1.559546,1.512287,false,0.000000,execution_costs_v1.0,0.000000,0.000000,,,,
2024-07-29,PDCO,BBG001S5V2S6,0,false,25.920000,25.850000,1.388889,-0.270062,false,0.000000,execution_costs_v1.0,0.000000,0.000000,,,,
2024-07-29,PDFS,BBG001SFSR85,0,false,36.020000,35.290000,0.638534,-2.026652,false,0.000000,execution_costs_v1.0,0.000000,0.000000,,,,
2024-07-29,PDM,BBG001T6RFS9,0,false,8.770000,8.580000,0.057013,-2.166477,false,0.000000,execution_costs_v1.0,0.000000,0.000000,,,,
2024-07-29,PDS,BBG001S5V359,0,false,73.530000,71.170000,0.000000,-3.209574,false,0.000000,execution_costs_v1.0,0.000000,0.000000,,,,
2024-07-29,PEB,BBG001T5S1M7,0,false,13.720000,13.745000,0.619534,0.182216,false,0.000000,execution_costs_v1.0,0.000000,0.000000,,,,
2024-07-29,PEBO,BBG001S77C89,0,false,33.940000,33.550000,0.000000,-1.149087,false,0.000000,execution_costs_v1.0,0.000000,0.000000,,,,
2024-07-29,PECO,BBG011RJST56,0,false,33.860000,34.370000,2.096869,1.506202,false,0.000000,execution_costs_v1.0,0.000000,0.000000,,,,
2024-07-29,PEGA,BBG001S93CK5,0,false,67.000000,65.980000,0.106418,-1.522388,false,0.000000,execution_costs_v1.0,0.000000,0.000000,,,,
2024-07-29,PEN,BBG001TRHPB0,0,false,180.940000,178.250000,0.447662,-1.486681,false,0.000000,execution_costs_v1.0,0.000000,0.000000,,,,
2024-07-29,PENN,BBG001S80PY6,3,false,19.460000,19.624800,3.340185,0.846865,false,0.000000,execution_costs_v1.0,0.000000,0.000000,,,,
2024-07-29,PEPG,BBG012232627,0,false,18.650000,17.640000,3.474531,-5.415550,false,0.000000,execution_costs_v1.0,0.000000,0.000000,,,,
2024-07-29,PERI,0001338940,5,false,8.340000,8.440000,2.398082,1.199041,false,0.000000,execution_costs_v1.0,0.000000,0.000000,,,,
2024-07-29,PETQ,BBG00H1CY3S0,0,false,21.910000,21.600000,1.004108,-1.414879,false,0.000000,execution_costs_v1.0,0.000000,0.000000,,,,
2024-07-29,PFBC,BBG001S9SFK1,0,false,91.670000,85.270000,0.000000,-6.981564,false,0.000000,execution_costs_v1.0,0.000000,0.000000,,,,
2024-07-29,PFC,BBG001S7DV08,0,false,26.190000,25.250000,0.801833,-3.589156,false,0.000000,execution_costs_v1.0,0.000000,0.000000,,,,
2024-07-29,PFGC,BBG009XW2WC7,0,false,66.060000,66.310000,0.983954,0.378444,false,0.000000,execution_costs_v1.0,0.000000,0.000000,,,,
2024-07-29,PFIS,BBG001S9KST2,0,false,50.760000,48.320000,0.000000,-4.806935,false,0.000000,execution_costs_v1.0,0.000000,0.000000,,,,
2024-07-29,PFLT,BBG001V0Y5S3,0,false,11.410000,11.210000,0.174408,-1.752848,false,0.000000,execution_costs_v1.0,0.000000,0.000000,,,,
2024-07-29,PFS,BBG001SKM445,0,false,19.100000,18.650000,0.000000,-2.356021,false,0.000000,execution_costs_v1.0,0.000000,0.000000,,,,
2024-07-29,PFSI,BBG00LMYX132,0,false,100.320000,99.060000,0.109649,-1.255981,false,0.000000,execution_costs_v1.0,0.000000,0.000000,,,,
2024-07-29,PGC,BBG001SG3CC8,0,false,29.020000,28.120000,0.000000,-3.101309,false,0.000000,execution_costs_v1.0,0.000000,0.000000,,,,
2024-07-29,PGEN,BBG001SSB3T5,0,false,1.670000,1.610000,1.796407,-3.592814,false,0.000000,execution_costs_v1.0,0.000000,0.000000,,,,
2024-07-29,PGNY,BBG002H1K1K7,0,false,29.180000,29.020000,0.942426,-0.548321,false,0.000000,execution_costs_v1.0,0.000000,0.000000,,,,
2024-07-29,PGRE,BBG001SL9C95,0,false,5.360000,5.260000,0.000000,-1.865672,false,0.000000,execution_costs_v1.0,0.000000,0.000000,,,,
2024-07-29,PGRU,0001873331,0,false,6.260000,6.350000,1.437700,1.437700,false,0.000000,execution_costs_v1.0,0.000000,0.000000,,,,
2024-07-29,PGY,0001883085,0,false,15.000000,14.190000,0.733333,-5.400000,false,0.000000,execution_costs_v1.0,0.000000,0.000000,,,,
2024-07-29,PHAR,BBG00YN70W58,0,false,8.320000,6.820000,0.000000,-18.028846,false,0.000000,execution_costs_v1.0,0.000000,0.000000,,,,
2024-07-29,PHAT,BBG00P5B2S73,1,false,11.810000,11.470000,0.465707,-2.878916,false,0.000000,execution_costs_v1.0,0.000000,0.000000,,,,
2024-07-29,PHIN,BBG01F6N6NP4,0,false,44.650000,42.770000,0.470325,-4.210526,false,0.000000,execution_costs_v1.0,0.000000,0.000000,,,,
2024-07-29,PHR,BBG001TG2W25,0,false,24.750000,24.630000,3.676768,-0.484848,false,0.000000,execution_costs_v1.0,0.000000,0.000000,,,,
2024-07-29,PHUN,BBG00DL9GZK1,4,false,4.890000,4.750000,0.204499,-2.862986,false,0.000000,execution_costs_v1.0,0.000000,0.000000,,,,
2024-07-29,PHVS,0001830487,0,false,17.400000,17.340000,0.057471,-0.344828,false,0.000000,execution_costs_v1.0,0.000000,0.000000,,,,
2024-07-29,PI,BBG001T313Q3,0,false,160.820000,163.310000,2.568089,1.548315,false,0.000000,execution_costs_v1.0,0.000000,0.000000,,,,
2024-07-29,PII,BBG001S7HWZ4,0,false,82.520000,82.730000,1.896510,0.254484,false,0.000000,execution_costs_v1.0,0.000000,0.000000,,,,
2024-07-29,PINC,BBG001SJLD58,0,false,20.700000,20.860000,1.589372,0.772947,false,0.000000,execution_costs_v1.0,0.000000,0.000000,,,,
2024-07-29,PIPR,BBG001SGY6K8,0,false,278.410000,273.650000,0.000000,-1.709709,false,0.000000,execution_costs_v1.0,0.000000,0.000000,,,,
2024-07-29,PIRS,BBG0055C3N66,1,false,16.820000,16.040000,1.367420,-4.637337,false,0.000000,execution_costs_v1.0,0.000000,0.000000,,,,
2024-07-29,PJT,BBG0079T1MP4,0,false,126.300000,125.730000,0.704671,-0.451306,false,0.000000,execution_costs_v1.0,0.000000,0.000000,,,,
2024-07-29,PK,BBG00FGXCKN3,0,false,15.020000,15.175000,1.797603,1.031957,false,0.000000,execution_costs_v1.0,0.000000,0.000000,,,,
2024-07-29,PKOH,BBG001S5V778,0,false,30.740000,29.940000,0.000000,-2.602472,false,0.000000,execution_costs_v1.0,0.000000,0.000000,,,,
2024-07-29,PKST,BBG00XTV8H01,0,false,14.340000,13.710000,0.000000,-4.393305,false,0.000000,execution_costs_v1.0,0.000000,0.000000,,,,
2024-07-29,PL,BBG00ZCV3Q27,6,false,2.490000,2.440000,0.401606,-2.008032,false,0.000000,execution_costs_v1.0,0.000000,0.000000,,,,
2024-07-29,PLAB,BBG001S5V7C2,2,false,25.840000,25.220000,2.244582,-2.399381,false,0.000000,execution_costs_v1.0,0.000000,0.000000,,,,
2024-07-29,PLAY,BBG001WWJTL4,0,false,36.000000,36.590000,2.097222,1.638889,false,0.000000,execution_costs_v1.0,0.000000,0.000000,,,,
2024-07-29,PLMR,BBG00NLMRYV9,0,false,91.390000,88.770000,0.295437,-2.866834,false,0.000000,execution_costs_v1.0,0.000000,0.000000,,,,
2024-07-29,PLNT,BBG009H04M26,0,false,74.580000,74.240000,0.871547,-0.455886,false,0.000000,execution_costs_v1.0,0.000000,0.000000,,,,
2024-07-29,PLOW,BBG001T6QFV6,0,false,26.140000,26.410000,3.098699,1.032900,false,0.000000,execution_costs_v1.0,0.000000,0.000000,,,,
2024-07-29,PLPC,BBG001SFKCZ6,0,false,130.000000,131.370000,1.523077,1.053846,false,0.000000,execution_costs_v1.0,0.000000,0.000000,,,,
2024-07-29,PLRX,BBG00C8083P2,0,false,13.280000,13.880000,6.551205,4.518072,false,0.000000,execution_costs_v1.0,0.000000,0.000000,,,,
2024-07-29,PLSE,BBG00BRBHVG7,0,false,16.840000,15.100000,0.029691,-10.332542,false,0.000000,execution_costs_v1.0,0.000000,0.000000,,,,
2024-07-29,PLTK,BBG00QQ8C798,0,false,7.640000,7.570000,0.261780,-0.916230,false,0.000000,execution_costs_v1.0,0.000000,0.000000,,,,
2024-07-29,PLUG,BBG001S6GJB2,50,true,2.510000,2.395000,0.000000,-4.581673,false,0.000000,execution_costs_v1.0,0.000000,0.000000,,,,
2024-07-29,PLUS,BBG001S99YL0,0,false,91.310000,90.550000,0.000000,-0.832329,false,0.000000,execution_costs_v1.0,0.000000,0.000000,,,,
2024-07-29,PLXS,BBG001S5V812,0,false,129.000000,126.200000,0.372093,-2.170543,false,0.000000,execution_costs_v1.0,0.000000,0.000000,,,,
2024-07-29,PLYA,0001692412,0,false,8.370000,8.501000,2.270012,1.565114,false,0.000000,execution_costs_v1.0,0.000000,0.000000,,,,
2024-07-29,PLYM,BBG0021H6YT4,0,false,24.220000,24.120000,0.289017,-0.412882,false,0.000000,execution_costs_v1.0,0.000000,0.000000,,,,
2024-07-29,PMT,BBG001T1MJR8,1,false,13.800000,13.640000,0.471014,-1.159420,false,0.000000,execution_costs_v1.0,0.000000,0.000000,,,,
2024-07-29,PMTS,BBG009Q3VCS4,0,false,30.928000,29.820000,0.200466,-3.582514,false,0.000000,execution_costs_v1.0,0.000000,0.000000,,,,
2024-07-29,PNFP,BBG001SF5953,0,false,97.860000,95.870000,0.091968,-2.033517,false,0.000000,execution_costs_v1.0,0.000000,0.000000,,,,
2024-07-29,PNM,BBG001S5V9J1,0,false,40.890000,41.040000,1.271705,0.366838,false,0.000000,execution_costs_v1.0,0.000000,0.000000,,,,
2024-07-29,PNNT,BBG001SSQMH0,1,false,7.240000,7.265000,0.552486,0.345304,false,0.000000,execution_costs_v1.0,0.000000,0.000000,,,,
2024-07-29,PNR,0000077360,1,false,88.500000,87.910000,0.197740,-0.666667,false,0.000000,execution_costs_v1.0,0.000000,0.000000,,,,
2024-07-29,PNTG,BBG00P33SZ15,0,false,29.580000,30.890000,5.578093,4.428668,false,0.000000,execution_costs_v1.0,0.000000,0.000000,,,,
2024-07-29,PNW,BBG001S5VB15,0,false,84.710000,85.220000,0.767324,0.602054,false,0.000000,execution_costs_v1.0,0.000000,0.000000,,,,
2024-07-29,PODD,BBG001SRF439,0,false,193.740000,191.980000,0.521317,-0.908434,false,0.000000,execution_costs_v1.0,0.000000,0.000000,,,,
2024-07-29,POOL,BBG001S5VBK4,0,false,371.140000,368.940000,0.805626,-0.592768,false,0.000000,execution_costs_v1.0,0.000000,0.000000,,,,
2024-07-29,POR,BBG001S5V4Y5,0,false,47.590000,46.785000,0.000000,-1.691532,false,0.000000,execution_costs_v1.0,0.000000,0.000000,,,,
2024-07-29,POST,BBG001WTBC45,0,false,108.290000,109.010000,1.020408,0.664881,false,0.000000,execution_costs_v1.0,0.000000,0.000000,,,,
2024-07-29,POWI,BBG001S73RW3,0,false,73.810000,73.200000,1.517410,-0.826446,false,0.000000,execution_costs_v1.0,0.000000,0.000000,,,,
2024-07-29,POWL,BBG001S5VBT5,4,false,142.200000,137.640000,1.701828,-3.206751,false,0.000000,execution_costs_v1.0,0.000000,0.000000,,,,
2024-07-29,PPBI,BBG001S9JFG6,0,false,27.360000,26.290000,0.438596,-3.910819,false,0.000000,execution_costs_v1.0,0.000000,0.000000,,,,
2024-07-29,PPC,BBG001S5PSN1,2,false,41.710000,41.250000,0.143850,-1.102853,false,0.000000,execution_costs_v1.0,0.000000,0.000000,,,,
2024-07-29,PPTA,BBG001V1HWW6,1,false,6.710000,6.420000,0.745156,-4.321908,false,0.000000,execution_costs_v1.0,0.000000,0.000000,,,,
2024-07-29,PR,BBG00D61Y2G3,11,true,15.350000,15.340000,0.390879,-0.065147,false,0.000000,execution_costs_v1.0,0.000000,0.000000,,,,
2024-07-29,PRA,BBG001S9Z6F9,0,false,11.800000,11.700000,1.101695,-0.847458,false,0.000000,execution_costs_v1.0,0.000000,0.000000,,,,
2024-07-29,PRAA,BBG001SB1G41,0,false,25.570000,25.160000,0.000000,-1.603442,false,0.000000,execution_costs_v1.0,0.000000,0.000000,,,,
2024-07-29,PRAX,BBG00W9LF2H4,0,false,57.520000,56.970000,0.834492,-0.956189,false,0.000000,execution_costs_v1.0,0.000000,0.000000,,,,
2024-07-29,PRCT,BBG009KD84J2,0,false,62.190000,62.450000,0.562791,0.418074,false,0.000000,execution_costs_v1.0,0.000000,0.000000,,,,
2024-07-29,PRDO,BBG001S6M491,0,false,24.900000,24.810000,0.602008,-0.361446,false,0.000000,execution_costs_v1.0,0.000000,0.000000,,,,
2024-07-29,PRFT,BBG001SCS189,1,false,75.230000,75.220000,0.212681,-0.013293,false,0.000000,execution_costs_v1.0,0.000000,0.000000,,,,
2024-07-29,PRG,BBG00VSH86H3,0,false,44.260000,44.970000,2.010845,1.604157,false,0.000000,execution_costs_v1.0,0.000000,0.000000,,,,
2024-07-29,PRGO,0001585364,0,false,28.060000,27.960000,0.427655,-0.356379,false,0.000000,execution_costs_v1.0,0.000000,0.000000,,,,
2024-07-29,PRGS,BBG001S6MCY5,0,false,57.990000,58.440000,0.860493,0.775996,false,0.000000,execution_costs_v1.0,0.000000,0.000000,,,,
2024-07-29,PRI,BBG001T5ZSQ6,0,false,250.540000,249.520000,0.642612,-0.407121,false,0.000000,execution_costs_v1.0,0.000000,0.000000,,,,
2024-07-29,PRIM,BBG001S64801,1,false,56.190000,54.220000,1.316960,-3.505962,false,0.000000,execution_costs_v1.0,0.000000,0.000000,,,,
2024-07-29,PRK,BBG001S7X549,0,false,184.880000,178.315000,0.000000,-3.550952,false,0.000000,execution_costs_v1.0,0.000000,0.000000,,,,
2024-07-29,PRKS,BBG003RY97L1,0,false,53.110000,52.730000,0.997929,-0.715496,false,0.000000,execution_costs_v1.0,0.000000,0.000000,,,,
2024-07-29,PRLB,BBG001SRZTG8,0,false,34.900000,33.980000,0.558739,-2.636103,false,0.000000,execution_costs_v1.0,0.000000,0.000000,,,,
2024-07-29,PRLD,BBG00K7JY2R5,0,false,5.820000,5.435000,1.890034,-6.615120,false,0.000000,execution_costs_v1.0,0.000000,0.000000,,,,
2024-07-29,PRM,0001880319,0,false,8.990000,9.200000,3.114572,2.335929,false,0.000000,execution_costs_v1.0,0.000000,0.000000,,,,
2024-07-29,PRME,BBG011RT3R64,1,false,5.620000,5.570000,0.355872,-0.889680,false,0.000000,execution_costs_v1.0,0.000000,0.000000,,,,
2024-07-29,PRMW,BBG001S77SH4,0,false,21.480000,21.400000,0.884544,-0.372439,false,0.000000,execution_costs_v1.0,0.000000,0.000000,,,,
2024-07-29,PRO,BBG001ST38G5,0,false,25.540000,25.310000,1.409554,-0.900548,false,0.000000,execution_costs_v1.0,0.000000,0.000000,,,,
2024-07-29,PRTA,0001559053,0,false,24.110000,24.000000,2.094567,-0.456242,false,0.000000,execution_costs_v1.0,0.000000,0.000000,,,,
2024-07-29,PRTH,BBG00DSNH2C4,0,false,6.270000,5.270000,0.159490,-15.948963,false,0.000000,execution_costs_v1.0,0.000000,0.000000,,,,
2024-07-29,PRVA,BBG00ZXYXWJ4,0,false,20.420000,20.360000,0.440744,-0.293830,false,0.000000,execution_costs_v1.0,0.000000,0.000000,,,,
2024-07-29,PSEC,BBG001SM4WF7,2,false,5.510000,5.500000,0.362976,-0.181488,false,0.000000,execution_costs_v1.0,0.000000,0.000000,,,,
2024-07-29,PSFE,0001833835,0,false,21.780000,21.540000,0.505051,-1.101928,false,0.000000,execution_costs_v1.0,0.000000,0.000000,,,,
2024-07-29,PSMT,BBG001SB78V3,0,false,88.630000,88.640000,0.406183,0.011283,false,0.000000,execution_costs_v1.0,0.000000,0.000000,,,,
2024-07-29,PSN,BBG001SDWJQ3,0,false,76.970000,77.690000,0.961414,0.935429,false,0.000000,execution_costs_v1.0,0.000000,0.000000,,,,
2024-07-29,PSNY,BBG0147QHH45,18,true,0.764200,0.754700,0.601937,-1.243130,false,0.000000,execution_costs_v1.0,0.000000,0.000000,,,,
2024-07-29,PSTL,BBG00NSBGG83,0,false,14.810000,14.870000,0.540176,0.405132,false,0.000000,execution_costs_v1.0,0.000000,0.000000,,,,
2024-07-29,PSTX,BBG00BNTZ9J8,0,false,3.970000,3.970000,1.889169,0.000000,false,0.000000,execution_costs_v1.0,0.000000,0.000000,,,,
2024-07-29,PTCT,BBG001SNNC86,0,false,34.080000,32.510000,0.000000,-4.606808,false,0.000000,execution_costs_v1.0,0.000000,0.000000,,,,
2024-07-29,PTEN,BBG001S7GWF7,0,false,10.360000,10.175000,1.013514,-1.785714,false,0.000000,execution_costs_v1.0,0.000000,0.000000,,,,
2024-07-29,PTGX,BBG002B63KP4,0,false,39.970000,38.800000,1.100826,-2.927195,false,0.000000,execution_costs_v1.0,0.000000,0.000000,,,,
2024-07-29,PTLO,BBG012YL5W59,1,false,9.760000,9.945000,3.073770,1.895492,false,0.000000,execution_costs_v1.0,0.000000,0.000000,,,,
2024-07-29,PTON,BBG00JG0FG08,3,false,3.630000,3.635000,1.101928,0.137741,false,0.000000,execution_costs_v1.0,0.000000,0.000000,,,,
2024-07-29,PTSI,BBG001S5VGQ7,0,false,22.500000,21.010000,0.000000,-6.622222,false,0.000000,execution_costs_v1.0,0.000000,0.000000,,,,
2024-07-29,PTVE,BBG00WXWG3G1,0,false,13.060000,12.980000,0.689127,-0.612557,false,0.000000,execution_costs_v1.0,0.000000,0.000000,,,,
2024-07-29,PUBM,BBG001V1C792,0,false,22.370000,21.980000,2.771569,-1.743406,false,0.000000,execution_costs_v1.0,0.000000,0.000000,,,,
2024-07-29,PUMP,BBG00FYCQ3Y0,0,false,8.790000,8.640000,0.568828,-1.706485,false,0.000000,execution_costs_v1.0,0.000000,0.000000,,,,
2024-07-29,PVH,BBG001S5VGY8,0,false,100.330000,100.160000,0.598027,-0.169441,false,0.000000,execution_costs_v1.0,0.000000,0.000000,,,,
2024-07-29,PWP,BBG00XWZGGJ1,0,false,19.060000,18.815000,2.229801,-1.285414,false,0.000000,execution_costs_v1.0,0.000000,0.000000,,,,
2024-07-29,PWSC,BBG00ZXQB5X8,0,false,22.570000,22.570000,0.110767,0.000000,false,0.000000,execution_costs_v1.0,0.000000,0.000000,,,,
2024-07-29,PX,BBG012QFRKK6,0,false,10.170000,9.965000,0.393314,-2.015733,false,0.000000,execution_costs_v1.0,0.000000,0.000000,,,,
2024-07-29,PYCR,BBG010FNXN77,0,false,12.850000,12.680000,0.856031,-1.322957,false,0.000000,execution_costs_v1.0,0.000000,0.000000,,,,
2024-07-29,PZZA,BBG001S6XNB4,0,false,40.930000,41.980000,2.907403,2.565355,false,0.000000,execution_costs_v1.0,0.000000,0.000000,,,,
2024-07-29,QCRH,BBG001SJTPZ0,0,false,76.500000,75.530000,0.326797,-1.267974,false,0.000000,execution_costs_v1.0,0.000000,0.000000,,,,
2024-07-29,QDEL,BBG017TGV7N1,0,false,38.360000,38.910000,1.981230,1.433785,false,0.000000,execution_costs_v1.0,0.000000,0.000000,,,,
2024-07-29,QGEN,0001015820,1,false,44.080000,44.270000,1.225045,0.431034,false,0.000000,execution_costs_v1.0,0.000000,0.000000,,,,
2024-07-29,QLYS,BBG001SYH860,0,false,148.150000,145.560000,0.560243,-1.748228,false,0.000000,execution_costs_v1.0,0.000000,0.000000,,,,
2024-07-29,QNST,BBG001T2V5P8,0,false,18.950000,18.730000,1.530343,-1.160950,false,0.000000,execution_costs_v1.0,0.000000,0.000000,,,,
2024-07-29,QRTEB,BBG001SR0LS0,0,false,4.050000,4.050000,0.000000,0.000000,false,0.000000,execution_costs_v1.0,0.000000,0.000000,,,,
2024-07-29,QRVO,BBG007TJF1P5,1,false,122.620000,122.580000,1.834937,-0.032621,false,0.000000,execution_costs_v1.0,0.000000,0.000000,,,,
2024-07-29,QS,BBG00VJ17DT1,17,true,7.000000,6.540000,1.000000,-6.571429,false,0.000000,execution_costs_v1.0,0.000000,0.000000,,,,
2024-07-29,QTRX,BBG0027NWC78,0,false,16.010000,14.580000,0.000000,-8.931918,false,0.000000,execution_costs_v1.0,0.000000,0.000000,,,,
2024-07-29,QTTB,BBG00CTTJWS7,0,false,36.210000,35.280000,0.000000,-2.568351,false,0.000000,execution_costs_v1.0,0.000000,0.000000,,,,
2024-07-29,QTWO,BBG005ZVK9Q1,2,false,69.990000,67.850000,0.528647,-3.057580,false,0.000000,execution_costs_v1.0,0.000000,0.000000,,,,
2024-07-29,QUAD,BBG001SG6LT7,0,false,5.860000,5.655000,0.341297,-3.498294,false,0.000000,execution_costs_v1.0,0.000000,0.000000,,,,
2024-07-29,QURE,0001590560,1,false,8.300000,7.805000,1.201205,-5.963855,false,0.000000,execution_costs_v1.0,0.000000,0.000000,,,,
2024-07-29,R,BBG001S5VK15,0,false,132.620000,135.740000,3.378073,2.352586,false,0.000000,execution_costs_v1.0,0.000000,0.000000,,,,
2024-07-29,RAMP,BBG001S5NCJ3,0,false,30.340000,30.510000,1.549110,0.560316,false,0.000000,execution_costs_v1.0,0.000000,0.000000,,,,
2024-07-29,RARE,BBG001V2MJJ2,0,false,45.100000,45.220000,1.419069,0.266075,false,0.000000,execution_costs_v1.0,0.000000,0.000000,,,,
2024-07-29,RBA,BBG001SBQWW8,0,false,79.530000,79.780000,0.402364,0.314347,false,0.000000,execution_costs_v1.0,0.000000,0.000000,,,,
2024-07-29,RBB,BBG002537TD8,0,false,23.520000,22.770000,0.000000,-3.188776,false,0.000000,execution_costs_v1.0,0.000000,0.000000,,,,
2024-07-29,RBBN,BBG00HW4CSH5,0,false,3.250000,3.280000,1.692308,0.923077,false,0.000000,execution_costs_v1.0,0.000000,0.000000,,,,
2024-07-29,RBC,BBG001SNYTV1,0,false,292.170000,290.050000,0.395318,-0.725605,false,0.000000,execution_costs_v1.0,0.000000,0.000000,,,,
2024-07-29,RBCAA,BBG001S7X4Z8,0,false,67.240000,64.670000,0.000000,-3.822130,false,0.000000,execution_costs_v1.0,0.000000,0.000000,,,,
2024-07-29,RBOT,BBG00VSHDVQ2,0,false,8.070000,7.660000,1.733581,-5.080545,false,0.000000,execution_costs_v1.0,0.000000,0.000000,,,,
2024-07-29,RC,BBG003TCRSD0,0,false,9.310000,9.300000,0.912997,-0.107411,false,0.000000,execution_costs_v1.0,0.000000,0.000000,,,,
2024-07-29,RCKT,BBG001T92156,0,false,25.380000,24.680000,0.078802,-2.758077,false,0.000000,execution_costs_v1.0,0.000000,0.000000,,,,
2024-07-29,RCM,BBG018CZLZ45,3,false,13.040000,12.690000,0.306748,-2.684049,false,0.000000,execution_costs_v1.0,0.000000,0.000000,,,,
2024-07-29,RCUS,BBG00DQD2751,0,false,15.850000,15.880000,1.419558,0.189274,false,0.000000,execution_costs_v1.0,0.000000,0.000000,,,,
2024-07-29,RDFN,BBG001V1F423,3,false,8.110000,8.150000,2.712700,0.493218,false,0.000000,execution_costs_v1.0,0.000000,0.000000,,,,
2024-07-29,RDIB,BBG001SFJ743,0,false,14.600000,15.850000,15.753425,8.561644,true,0.000000,execution_costs_v1.0,0.000000,0.000000,,,,
2024-07-29,RDN,BBG001SBWXG7,0,false,37.060000,36.600000,0.431732,-1.241230,false,0.000000,execution_costs_v1.0,0.000000,0.000000,,,,
2024-07-29,RDNT,BBG001S75DK5,0,false,62.200000,60.930000,1.221865,-2.041801,false,0.000000,execution_costs_v1.0,0.000000,0.000000,,,,
2024-07-29,RDUS,BBG001S7H0J2,0,false,18.210000,17.960000,0.000000,-1.372872,false,0.000000,execution_costs_v1.0,0.000000,0.000000,,,,
2024-07-29,RDVT,BBG00HNGGZZ8,0,false,25.720000,25.680000,0.855365,-0.155521,false,0.000000,execution_costs_v1.0,0.000000,0.000000,,,,
2024-07-29,RDW,BBG00YGLXFH3,1,false,7.290000,6.970000,0.684499,-4.389575,false,0.000000,execution_costs_v1.0,0.000000,0.000000,,,,
2024-07-29,RDWR,0001094366,0,false,18.510000,18.510000,1.431659,0.000000,false,0.000000,execution_costs_v1.0,0.000000,0.000000,,,,
2024-07-29,REAL,BBG004FPDP45,2,false,3.450000,3.535000,6.086957,2.463768,false,0.000000,execution_costs_v1.0,0.000000,0.000000,,,,
2024-07-29,REAX,BBG00KRN3NQ3,0,false,5.820000,5.760000,2.920962,-1.030928,false,0.000000,execution_costs_v1.0,0.000000,0.000000,,,,
2024-07-29,REG,BBG001S7H752,0,false,65.380000,66.260000,1.651881,1.345977,false,0.000000,execution_costs_v1.0,0.000000,0.000000,,,,
2024-07-29,REI,BBG001SNHQJ0,0,false,1.910000,1.890000,1.047120,-1.047120,false,0.000000,execution_costs_v1.0,0.000000,0.000000,,,,
2024-07-29,RELY,BBG012C7JTN6,0,false,14.080000,13.600000,0.142045,-3.409091,false,0.000000,execution_costs_v1.0,0.000000,0.000000,,,,
2024-07-29,RENE,0001889112,0,false,,,,,false,0.000000,execution_costs_v1.0,,,,,,
2024-07-29,RENT,BBG001V0FB29,0,false,15.080000,14.510000,0.000000,-3.779841,false,0.000000,execution_costs_v1.0,0.000000,0.000000,,,,
2024-07-29,REPL,BBG00L8Z22S0,0,false,10.280000,10.060000,2.140078,-2.140078,false,0.000000,execution_costs_v1.0,0.000000,0.000000,,,,
2024-07-29,REPX,BBG001SDLX20,0,false,29.050000,28.158000,0.000000,-3.070568,false,0.000000,execution_costs_v1.0,0.000000,0.000000,,,,
2024-07-29,RES,BBG001S5VN37,0,false,6.950000,7.110000,2.733813,2.302158,false,0.000000,execution_costs_v1.0,0.000000,0.000000,,,,
2024-07-29,REVG,BBG00CSG01X8,0,false,28.470000,28.280000,2.212856,-0.667369,false,0.000000,execution_costs_v1.0,0.000000,0.000000,,,,
2024-07-29,REX,BBG001S7D5J5,0,false,48.790000,48.380000,0.000000,-0.840336,false,0.000000,execution_costs_v1.0,0.000000,0.000000,,,,
2024-07-29,REXR,BBG004MB82S9,0,false,49.040000,49.310000,1.060359,0.550571,false,0.000000,execution_costs_v1.0,0.000000,0.000000,,,,
2024-07-29,REYN,BBG00QVJVZ22,0,false,27.730000,27.900000,1.153985,0.613054,false,0.000000,execution_costs_v1.0,0.000000,0.000000,,,,
2024-07-29,REZI,BBG00HY28L05,0,false,22.740000,22.400000,0.175901,-1.495163,false,0.000000,execution_costs_v1.0,0.000000,0.000000,,,,
2024-07-29,RGA,BBG001S6P9Q8,0,false,222.210000,221.010000,0.391522,-0.540030,false,0.000000,execution_costs_v1.0,0.000000,0.000000,,,,
2024-07-29,RGEN,BBG001S5VNT9,0,false,140.410000,138.060000,0.434442,-1.673670,false,0.000000,execution_costs_v1.0,0.000000,0.000000,,,,
2024-07-29,RGLD,BBG001S5VNX4,0,false,135.060000,135.660000,0.829261,0.444247,false,0.000000,execution_costs_v1.0,0.000000,0.000000,,,,
2024-07-29,RGNX,BBG007Z9V5C7,18,true,15.230000,14.350000,0.853578,-5.778070,false,0.000000,execution_costs_v1.0,0.000000,0.000000,,,,
2024-07-29,RGP,BBG001S7QYK6,0,false,11.700000,11.720000,1.025641,0.170940,false,0.000000,execution_costs_v1.0,0.000000,0.000000,,,,
2024-07-29,RGR,BBG001S6LMJ1,0,false,45.230000,45.470000,0.751713,0.530621,false,0.000000,execution_costs_v1.0,0.000000,0.000000,,,,
2024-07-29,RH,BBG002293Q93,0,false,281.360000,289.750000,3.575490,2.981945,false,0.000000,execution_costs_v1.0,0.000000,0.000000,,,,
2024-07-29,RHI,BBG001S5VP41,0,false,62.400000,63.410000,1.682692,1.618590,false,0.000000,execution_costs_v1.0,0.000000,0.000000,,,,
2024-07-29,RHP,BBG001S6SHG8,0,false,102.000000,102.350000,0.656863,0.343137,false,0.000000,execution_costs_v1.0,0.000000,0.000000,,,,
2024-07-29,RICK,BBG001S8LFR3,0,false,48.110000,48.490000,0.914571,0.789857,false,0.000000,execution_costs_v1.0,0.000000,0.000000,,,,
2024-07-29,RIG,0001451505,2,false,5.820000,5.675000,0.515464,-2.491409,false,0.000000,execution_costs_v1.0,0.000000,0.000000,,,,
2024-07-29,RIGL,BBG001SD33Z0,0,false,10.700000,10.620000,1.214953,-0.747664,false,0.000000,execution_costs_v1.0,0.000000,0.000000,,,,
2024-07-29,RILY,BBG001SV8TK4,4,false,18.460000,18.000000,3.575298,-2.491874,false,0.000000,execution_costs_v1.0,0.000000,0.000000,,,,
2024-07-29,RIOT,BBG001SDW128,54,true,11.620000,10.630000,2.667814,-8.519793,false,0.000000,execution_costs_v1.0,0.000000,0.000000,,,,
2024-07-29,RITM,BBG003T1GM12,3,false,11.470000,11.420000,0.610288,-0.435920,false,0.000000,execution_costs_v1.0,0.000000,0.000000,,,,
2024-07-29,RKLB,BBG00Y61T0H6,26,true,5.420000,5.320000,1.476015,-1.845018,false,0.000000,execution_costs_v1.0,0.000000,0.000000,,,,
2024-07-29,RKT,BBG00VY1MZN4,13,true,16.050000,16.040000,2.741433,-0.062305,false,0.000000,execution_costs_v1.0,0.000000,0.000000,,,,
2024-07-29,RL,BBG001S9TL45,1,false,168.340000,173.370000,3.189973,2.988000,false,0.000000,execution_costs_v1.0,0.000000,0.000000,,,,
2024-07-29,RLAY,BBG00DSS08L8,2,false,8.850000,8.210000,0.847458,-7.231638,false,0.000000,execution_costs_v1.0,0.000000,0.000000,,,,
2024-07-29,RLI,BBG001S5VQ58,0,false,147.200000,147.230000,0.842391,0.020380,false,0.000000,execution_costs_v1.0,0.000000,0.000000,,,,
2024-07-29,RLJ,BBG001V0BJV4,0,false,9.540000,9.550000,0.576520,0.104822,false,0.000000,execution_costs_v1.0,0.000000,0.000000,,,,
2024-07-29,RM,BBG001V1C4G1,0,false,32.150000,31.580000,0.043546,-1.772939,false,0.000000,execution_costs_v1.0,0.000000,0.000000,,,,
2024-07-29,RMBS,BBG001S7RF80,1,false,59.650000,55.800000,1.039396,-6.454317,false,0.000000,execution_costs_v1.0,0.000000,0.000000,,,,
2024-07-29,RMR,BBG00B6V7CK4,0,false,25.630000,25.540000,0.000000,-0.351151,false,0.000000,execution_costs_v1.0,0.000000,0.000000,,,,
2024-07-29,RNA,BBG00FQ7LXX0,1,false,48.490000,46.430000,0.641782,-4.248299,false,0.000000,execution_costs_v1.0,0.000000,0.000000,,,,
2024-07-29,RNAC,BBG001V0FQQ0,0,false,17.510000,17.110000,1.085094,-2.284409,false,0.000000,execution_costs_v1.0,0.000000,0.000000,,,,
2024-07-29,RNG,BBG001SHXFM5,0,false,35.000000,34.690000,0.971429,-0.885714,false,0.000000,execution_costs_v1.0,0.000000,0.000000,,,,
2024-07-29,RNR,0000913144,0,false,224.130000,227.110000,2.154999,1.329586,false,0.000000,execution_costs_v1.0,0.000000,0.000000,,,,
2024-07-29,RNST,BBG001S5V5B7,0,false,37.130000,35.970000,0.000000,-3.124158,false,0.000000,execution_costs_v1.0,0.000000,0.000000,,,,
2024-07-29,RNW,0001848763,0,false,5.720000,5.660000,0.349650,-1.048951,false,0.000000,execution_costs_v1.0,0.000000,0.000000,,,,
2024-07-29,ROAD,BBG00KK0CFZ7,0,false,62.750000,61.600000,1.765418,-1.832669,false,0.000000,execution_costs_v1.0,0.000000,0.000000,,,,
2024-07-29,ROCK,BBG001S7GCL4,0,false,81.260000,80.545000,0.172286,-0.879892,false,0.000000,execution_costs_v1.0,0.000000,0.000000,,,,
2024-07-29,ROG,BBG001S5TTY3,0,false,123.540000,123.240000,1.287033,-0.242836,false,0.000000,execution_costs_v1.0,0.000000,0.000000,,,,
2024-07-29,ROIC,BBG001T0CM94,0,false,12.880000,13.030000,1.397516,1.164596,false,0.000000,execution_costs_v1.0,0.000000,0.000000,,,,
2024-07-29,ROIV,0001635088,1,false,10.800000,10.690000,0.092593,-1.018519,false,0.000000,execution_costs_v1.0,0.000000,0.000000,,,,
2024-07-29,ROKU,BBG001ZZPQM2,9,false,59.180000,58.900000,0.912301,-0.473133,false,0.000000,execution_costs_v1.0,0.000000,0.000000,,,,
2024-07-29,ROOT,BBG002GMC9G9,0,false,68.520000,67.080000,4.144775,-2.101576,false,0.000000,execution_costs_v1.0,0.000000,0.000000,,,,
2024-07-29,RPAY,BBG00LFVTCC7,1,false,9.960000,9.845000,0.602410,-1.154618,false,0.000000,execution_costs_v1.0,0.000000,0.000000,,,,
2024-07-29,RPD,BBG009DFHWH5,0,false,39.690000,38.620000,0.755858,-2.695893,false,0.000000,execution_costs_v1.0,0.000000,0.000000,,,,
2024-07-29,RPRX,0001802768,0,false,28.790000,28.690000,0.312609,-0.347343,false,0.000000,execution_costs_v1.0,0.000000,0.000000,,,,
2024-07-29,RRBI,BBG001SN25H4,0,false,55.810000,54.820000,0.000000,-1.773876,false,0.000000,execution_costs_v1.0,0.000000,0.000000,,,,
2024-07-29,RRC,BBG001SBZNN8,0,false,31.550000,31.390000,0.697306,-0.507132,false,0.000000,execution_costs_v1.0,0.000000,0.000000,,,,
2024-07-29,RRR,BBG00B6G8068,0,false,58.050000,58.010000,1.343669,-0.068906,false,0.000000,execution_costs_v1.0,0.000000,0.000000,,,,
2024-07-29,RRX,BBG001S5VL68,0,false,156.210000,155.760000,0.787402,-0.288074,false,0.000000,execution_costs_v1.0,0.000000,0.000000,,,,
2024-07-29,RSI,BBG00RMKRQN9,2,false,10.440000,10.200000,1.005747,-2.298851,false,0.000000,execution_costs_v1.0,0.000000,0.000000,,,,
2024-07-29,RSKD,0001851112,0,false,6.250000,6.245000,1.440000,-0.080000,false,0.000000,execution_costs_v1.0,0.000000,0.000000,,,,
2024-07-29,RSVR,BBG00YCLJQQ9,0,false,8.630000,8.410000,0.347625,-2.549247,false,0.000000,execution_costs_v1.0,0.000000,0.000000,,,,
2024-07-29,RTC,0001381074,0,false,8.110000,8.470400,9.124538,4.443896,false,0.000000,execution_costs_v1.0,0.000000,0.000000,,,,
2024-07-29,RUM,BBG00Z61CSD4,4,false,6.730000,6.380000,0.594354,-5.200594,false,0.000000,execution_costs_v1.0,0.000000,0.000000,,,,
2024-07-29,RUN,BBG0025XVR94,14,true,17.750000,16.325000,0.563380,-8.028169,false,0.000000,execution_costs_v1.0,0.000000,0.000000,,,,
2024-07-29,RUSHA,BBG001SKX0D1,0,false,49.790000,50.290000,1.667001,1.004218,false,0.000000,execution_costs_v1.0,0.000000,0.000000,,,,
2024-07-29,RVLV,BBG00M4RHC48,0,false,18.590000,19.100000,3.335126,2.743410,false,0.000000,execution_costs_v1.0,0.000000,0.000000,,,,
2024-07-29,RVMD,BBG00829F4Q7,0,false,46.410000,45.910000,0.948072,-1.077354,false,0.000000,execution_costs_v1.0,0.000000,0.000000,,,,
2024-07-29,RVNC,BBG001V0GBC7,4,false,3.940000,3.780000,1.522843,-4.060914,false,0.000000,execution_costs_v1.0,0.000000,0.000000,,,,
2024-07-29,RVTY,BBG001SBKS35,14,true,121.440000,125.660000,3.820817,3.474967,false,0.000000,execution_costs_v1.0,0.000000,0.000000,,,,
2024-07-29,RWAY,BBG012QFW480,0,false,12.010000,11.830000,0.666112,-1.498751,false,0.000000,execution_costs_v1.0,0.000000,0.000000,,,,
2024-07-29,RWT,BBG001SBHVP8,0,false,7.440000,7.290000,0.067204,-2.016129,false,0.000000,execution_costs_v1.0,0.000000,0.000000,,,,
2024-07-29,RXO,BBG0160DYDC7,0,false,31.300000,31.200000,2.680511,-0.319489,false,0.000000,execution_costs_v1.0,0.000000,0.000000,,,,
2024-07-29,RXRX,BBG00PQ4XJ54,10,true,8.360000,8.180000,1.435407,-2.153110,false,0.000000,execution_costs_v1.0,0.000000,0.000000,,,,
2024-07-29,RXST,BBG00THX1YQ1,0,false,45.030000,44.690000,2.487231,-0.755052,false,0.000000,execution_costs_v1.0,0.000000,0.000000,,,,
2024-07-29,RXT,BBG00W0JYQR3,3,false,2.270000,2.270000,2.167401,0.000000,false,0.000000,execution_costs_v1.0,0.000000,0.000000,,,,
2024-07-29,RYAM,BBG005XVML75,5,false,6.390000,6.270000,2.502347,-1.877934,false,0.000000,execution_costs_v1.0,0.000000,0.000000,,,,
2024-07-29,RYAN,BBG011K4W1Y0,0,false,60.520000,60.100000,0.644415,-0.693985,false,0.000000,execution_costs_v1.0,0.000000,0.000000,,,,
2024-07-29,RYI,BBG001T6NHM5,0,false,25.580000,25.280000,0.351837,-1.172791,false,0.000000,execution_costs_v1.0,0.000000,0.000000,,,,
2024-07-29,RYN,BBG001S7NCZ1,0,false,29.870000,29.800000,0.970874,-0.234349,false,0.000000,execution_costs_v1.0,0.000000,0.000000,,,,
2024-07-29,RYTM,BBG007DLZ629,0,false,49.060000,48.680000,1.691806,-0.774562,false,0.000000,execution_costs_v1.0,0.000000,0.000000,,,,
2024-07-29,S,BBG00B6F2F27,13,true,23.260000,22.600000,0.601892,-2.837489,false,0.000000,execution_costs_v1.0,0.000000,0.000000,,,,
2024-07-29,SA,BBG001S607C4,1,false,16.440000,16.750000,1.885645,1.885645,false,0.000000,execution_costs_v1.0,0.000000,0.000000,,,,
2024-07-29,SABR,BBG005WQVVG5,1,false,3.480000,3.530000,3.735632,1.436782,false,0.000000,execution_costs_v1.0,0.000000,0.000000,,,,
2024-07-29,SAFE,BBG001SDG572,0,false,22.830000,22.600000,0.525624,-1.007446,false,0.000000,execution_costs_v1.0,0.000000,0.000000,,,,
2024-07-29,SAFT,BBG001S78T90,0,false,87.160000,85.970000,0.040156,-1.365305,false,0.000000,execution_costs_v1.0,0.000000,0.000000,,,,
2024-07-29,SAGE,BBG0025X16Z4,0,false,10.960000,10.810000,2.645985,-1.368613,false,0.000000,execution_costs_v1.0,0.000000,0.000000,,,,
2024-07-29,SAH,BBG001S5VVK0,0,false,58.220000,56.760000,1.408451,-2.507729,false,0.000000,execution_costs_v1.0,0.000000,0.000000,,,,
2024-07-29,SAIA,BBG001SL4QM4,1,false,397.330000,386.210000,2.468980,-2.798681,false,0.000000,execution_costs_v1.0,0.000000,0.000000,,,,
2024-07-29,SAIC,BBG003BW05L5,0,false,122.620000,123.400000,1.255913,0.636112,false,0.000000,execution_costs_v1.0,0.000000,0.000000,,,,
2024-07-29,SAM,BBG001S5VVQ4,0,false,288.950000,284.440000,0.034608,-1.560824,false,0.000000,execution_costs_v1.0,0.000000,0.000000,,,,
2024-07-29,SANA,BBG00N5BMH70,0,false,6.400000,6.140000,1.562500,-4.062500,false,0.000000,execution_costs_v1.0,0.000000,0.000000,,,,
2024-07-29,SAND,BBG001SSPFD0,1,false,5.630000,5.630000,0.266430,0.000000,false,0.000000,execution_costs_v1.0,0.000000,0.000000,,,,
2024-07-29,SANM,BBG001S5SYJ0,0,false,74.750000,75.070000,2.421405,0.428094,false,0.000000,execution_costs_v1.0,0.000000,0.000000,,,,
2024-07-29,SAR,BBG001SRV422,0,false,23.360000,23.300000,0.171233,-0.256849,false,0.000000,execution_costs_v1.0,0.000000,0.000000,,,,
2024-07-29,SASR,BBG001S6Y0J5,0,false,31.320000,30.850000,1.021711,-1.500639,false,0.000000,execution_costs_v1.0,0.000000,0.000000,,,,
2024-07-29,SATS,BBG001T048Z5,0,false,20.340000,19.660000,1.007866,-3.343166,false,0.000000,execution_costs_v1.0,0.000000,0.000000,,,,
2024-07-29,SAVA,BBG001SCKXX9,29,true,15.070000,18.080000,20.437956,19.973457,true,0.000000,execution_costs_v1.0,0.000000,0.000000,,,,
2024-07-29,SAVE,BBG001S70KL3,14,true,2.980000,2.880000,0.000000,-3.355705,false,0.000000,execution_costs_v1.0,0.000000,0.000000,,,,
2024-07-29,SB,0001434754,1,false,5.490000,5.455000,0.091075,-0.637523,false,0.000000,execution_costs_v1.0,0.000000,0.000000,,,,
2024-07-29,SBCF,BBG001SD9X60,0,false,28.190000,27.880000,2.305782,-1.099681,false,0.000000,execution_costs_v1.0,0.000000,0.000000,,,,
2024-07-29,SBGI,BBG01GJ3NYB4,0,false,15.410000,15.600000,1.752109,1.232966,false,0.000000,execution_costs_v1.0,0.000000,0.000000,,,,
2024-07-29,SBH,BBG001SDHTQ8,0,false,11.340000,11.130000,0.617284,-1.851852,false,0.000000,execution_costs_v1.0,0.000000,0.000000,,,,
2024-07-29,SBLK,0001386716,7,false,23.150000,23.015000,1.814255,-0.583153,false,0.000000,execution_costs_v1.0,0.000000,0.000000,,,,
2024-07-29,SBOW,BBG00CTNNZ35,0,false,38.000000,36.830000,0.000000,-3.078947,false,0.000000,execution_costs_v1.0,0.000000,0.000000,,,,
2024-07-29,SBR,BBG001S5VWY3,0,false,64.320000,63.650000,0.108675,-1.041667,false,0.000000,execution_costs_v1.0,0.000000,0.000000,,,,
2024-07-29,SBRA,BBG001SGNMK5,0,false,16.590000,16.460000,0.271248,-0.783605,false,0.000000,execution_costs_v1.0,0.000000,0.000000,,,,
2024-07-29,SBSI,BBG001S66SR6,0,false,34.000000,34.670000,2.117647,1.970588,false,0.000000,execution_costs_v1.0,0.000000,0.000000,,,,
2024-07-29,SBT,BBG00328QCH0,0,false,5.900000,5.700000,1.186441,-3.389831,false,0.000000,execution_costs_v1.0,0.000000,0.000000,,,,
2024-07-29,SCHL,BBG001S5VTF1,0,false,31.190000,31.300000,1.025970,0.352677,false,0.000000,execution_costs_v1.0,0.000000,0.000000,,,,
2024-07-29,SCI,BBG001S5WBJ5,0,false,77.400000,78.210000,1.072351,1.046512,false,0.000000,execution_costs_v1.0,0.000000,0.000000,,,,
2024-07-29,SCL,BBG001S5VXQ0,0,false,90.850000,89.500000,0.000000,-1.485966,false,0.000000,execution_costs_v1.0,0.000000,0.000000,,,,
2024-07-29,SCM,BBG003LB3VC0,0,false,14.400000,14.270000,0.166667,-0.902778,false,0.000000,execution_costs_v1.0,0.000000,0.000000,,,,
2024-07-29,SCS,BBG001S89FD2,2,false,14.030000,14.210000,1.674982,1.282965,false,0.000000,execution_costs_v1.0,0.000000,0.000000,,,,
2024-07-29,SCSC,BBG001S7S0W5,0,false,50.640000,50.270000,0.434439,-0.730648,false,0.000000,execution_costs_v1.0,0.000000,0.000000,,,,
2024-07-29,SCVL,BBG001S6V927,0,false,42.300000,41.610000,0.070922,-1.631206,false,0.000000,execution_costs_v1.0,0.000000,0.000000,,,,
2024-07-29,SCWX,BBG001SF9RV0,0,false,7.100000,7.190000,1.690141,1.267606,false,0.000000,execution_costs_v1.0,0.000000,0.000000,,,,
2024-07-29,SD,BBG001SL3ZY2,1,false,13.240000,13.155000,0.876133,-0.641994,false,0.000000,execution_costs_v1.0,0.000000,0.000000,,,,
2024-07-29,SDA,0001936804,0,false,10.390000,9.160000,0.000000,-11.838306,false,0.000000,execution_costs_v1.0,0.000000,0.000000,,,,
2024-07-29,SDGR,BBG001SZK2K0,1,false,22.480000,22.240000,1.334520,-1.067616,false,0.000000,execution_costs_v1.0,0.000000,0.000000,,,,
2024-07-29,SDHY,BBG00XTHQGX8,0,false,15.580000,15.575000,0.000000,-0.032092,false,0.000000,execution_costs_v1.0,0.000000,0.000000,,,,
2024-07-29,SDRL,0001737706,0,false,55.610000,53.550000,0.179824,-3.704370,false,0.000000,execution_costs_v1.0,0.000000,0.000000,,,,
2024-07-29,SEAT,BBG012C73S82,0,false,5.130000,4.975000,0.000000,-3.021442,false,0.000000,execution_costs_v1.0,0.000000,0.000000,,,,
2024-07-29,SEDG,BBG0084BC0P2,11,true,27.290000,26.770000,2.491755,-1.905460,false,0.000000,execution_costs_v1.0,0.000000,0.000000,,,,
2024-07-29,SEE,BBG001SBSZ95,0,false,37.720000,37.810000,0.291622,0.238600,false,0.000000,execution_costs_v1.0,0.000000,0.000000,,,,
2024-07-29,SEIC,BBG001S5VZJ3,0,false,66.950000,67.060000,0.418223,0.164302,false,0.000000,execution_costs_v1.0,0.000000,0.000000,,,,
2024-07-29,SEM,BBG001SMLRT4,0,false,39.430000,39.390000,1.344154,-0.101446,false,0.000000,execution_costs_v1.0,0.000000,0.000000,,,,
2024-07-29,SEMR,BBG00Z6S6285,0,false,15.140000,14.845000,0.198151,-1.948481,false,0.000000,execution_costs_v1.0,0.000000,0.000000,,,,
2024-07-29,SENEA,BBG001S8L1W8,0,false,61.600000,59.783000,0.649351,-2.949675,false,0.000000,execution_costs_v1.0,0.000000,0.000000,,,,
2024-07-29,SES,BBG00YMWPMV0,2,false,1.250000,1.350000,8.000000,8.000000,false,0.000000,execution_costs_v1.0,0.000000,0.000000,,,,
2024-07-29,SEZL,BBG00MKN0926,0,false,84.770000,81.916700,5.579804,-3.365931,false,0.000000,execution_costs_v1.0,0.000000,0.000000,,,,
2024-07-29,SF,BBG001S5W081,0,false,88.070000,87.000000,0.658567,-1.214943,false,0.000000,execution_costs_v1.0,0.000000,0.000000,,,,
2024-07-29,SFBS,BBG001T2HRB1,0,false,80.470000,78.330000,0.037281,-2.659376,false,0.000000,execution_costs_v1.0,0.000000,0.000000,,,,
2024-07-29,SFIX,BBG0046L1KM8,1,false,4.920000,4.840000,0.406504,-1.626016,false,0.000000,execution_costs_v1.0,0.000000,0.000000,,,,
2024-07-29,SFL,0001289877,5,false,11.940000,11.780000,0.586265,-1.340034,false,0.000000,execution_costs_v1.0,0.000000,0.000000,,,,
2024-07-29,SFM,BBG001V0MZS0,1,false,87.300000,84.635000,1.214204,-3.052692,false,0.000000,execution_costs_v1.0,0.000000,0.000000,,,,
2024-07-29,SFNC,BBG001S5W0T8,0,false,21.740000,21.290000,0.735971,-2.069917,false,0.000000,execution_costs_v1.0,0.000000,0.000000,,,,
2024-07-29,SG,BBG005NTTSQ8,2,false,25.930000,26.405000,3.470883,1.831855,false,0.000000,execution_costs_v1.0,0.000000,0.000000,,,,
2024-07-29,SGC,BBG001S5W161,0,false,20.440000,19.910000,0.195695,-2.592955,false,0.000000,execution_costs_v1.0,0.000000,0.000000,,,,
2024-07-29,SGH,0001616533,0,false,23.050000,23.010000,2.906725,-0.173536,false,0.000000,execution_costs_v1.0,0.000000,0.000000,,,,
2024-07-29,SGHC,0001878057,0,false,3.760000,3.860000,2.792553,2.659574,false,0.000000,execution_costs_v1.0,0.000000,0.000000,,,,
2024-07-29,SGHT,BBG006BZHZD6,4,false,7.740000,7.750000,5.167959,0.129199,false,0.000000,execution_costs_v1.0,0.000000,0.000000,,,,
2024-07-29,SGML,BBG0027F58B9,2,false,11.520000,11.090000,1.041667,-3.732639,false,0.000000,execution_costs_v1.0,0.000000,0.000000,,,,
2024-07-29,SGRY,BBG009T0TKW7,0,false,31.800000,31.120000,2.264151,-2.138365,false,0.000000,execution_costs_v1.0,0.000000,0.000000,,,,
2024-07-29,SGU,BBG001S7M0P9,0,false,11.070000,10.960000,0.632340,-0.993677,false,0.000000,execution_costs_v1.0,0.000000,0.000000,,,,
2024-07-29,SHAK,BBG0063GCHJ6,3,false,80.680000,83.600000,5.007437,3.619236,false,0.000000,execution_costs_v1.0,0.000000,0.000000,,,,
2024-07-29,SHBI,BBG001S9TSK2,0,false,14.660000,14.540000,0.204638,-0.818554,false,0.000000,execution_costs_v1.0,0.000000,0.000000,,,,
2024-07-29,SHC,BBG008LZG101,0,false,13.720000,13.640000,1.020408,-0.583090,false,0.000000,execution_costs_v1.0,0.000000,0.000000,,,,
2024-07-29,SHCO,BBG011K3T3Q1,0,false,5.180000,5.180000,2.702703,0.000000,false,0.000000,execution_costs_v1.0,0.000000,0.000000,,,,
2024-07-29,SHCR,BBG00XPPTB53,0,false,1.370000,1.370000,0.729927,0.000000,false,0.000000,execution_costs_v1.0,0.000000,0.000000,,,,
2024-07-29,SHEN,BBG001SG37M8,0,false,20.810000,20.570000,0.816915,-1.153292,false,0.000000,execution_costs_v1.0,0.000000,0.000000,,,,
2024-07-29,SHLS,BBG00YQ82328,2,false,6.770000,6.580000,0.147710,-2.806499,false,0.000000,execution_costs_v1.0,0.000000,0.000000,,,,
2024-07-29,SHO,BBG001SM4XW6,0,false,10.380000,10.530000,1.830443,1.445087,false,0.000000,execution_costs_v1.0,0.000000,0.000000,,,,
2024-07-29,SHOO,BBG001S7JHQ5,0,false,43.990000,44.189000,0.909298,0.452376,false,0.000000,execution_costs_v1.0,0.000000,0.000000,,,,
2024-07-29,SHYF,BBG001S5W8H4,0,false,14.750000,16.310000,10.576271,10.576271,true,0.000000,execution_costs_v1.0,0.000000,0.000000,,,,
2024-07-29,SIBN,BBG001V0GNP7,0,false,16.180000,15.145000,0.185414,-6.396786,false,0.000000,execution_costs_v1.0,0.000000,0.000000,,,,
2024-07-29,SIG,0000832988,0,false,83.800000,84.750000,1.813842,1.133652,false,0.000000,execution_costs_v1.0,0.000000,0.000000,,,,
2024-07-29,SIGA,BBG001S80PZ5,1,false,10.550000,10.120000,1.421801,-4.075829,false,0.000000,execution_costs_v1.0,0.000000,0.000000,,,,
2024-07-29,SIGI,BBG001S5W2R6,0,false,91.150000,89.020000,0.526604,-2.336807,false,0.000000,execution_costs_v1.0,0.000000,0.000000,,,,
2024-07-29,SII,BBG001T2FK64,0,false,44.560000,43.730000,0.157092,-1.862657,false,0.000000,execution_costs_v1.0,0.000000,0.000000,,,,
2024-07-29,SILK,BBG0026ZJRZ3,0,false,27.040000,27.040000,0.073964,0.000000,false,0.000000,execution_costs_v1.0,0.000000,0.000000,,,,
2024-07-29,SILV,BBG009XQLJF5,0,false,9.160000,9.135000,1.419214,-0.272926,false,0.000000,execution_costs_v1.0,0.000000,0.000000,,,,
2024-07-29,SIRI,BBG001S70ZY6,21,true,3.640000,3.525000,1.373626,-3.159341,false,0.000000,execution_costs_v1.0,0.000000,0.000000,,,,
2024-07-29,SITC,BBG001S76RV1,1,false,15.700000,15.590000,0.191083,-0.700637,false,0.000000,execution_costs_v1.0,0.000000,0.000000,,,,
2024-07-29,SITE,BBG009T22D67,0,false,145.530000,142.150000,0.322957,-2.322545,false,0.000000,execution_costs_v1.0,0.000000,0.000000,,,,
2024-07-29,SITM,BBG00QNSY276,0,false,148.930000,144.020000,1.211979,-3.296851,false,0.000000,execution_costs_v1.0,0.000000,0.000000,,,,
2024-07-29,SJM,BBG001S5W3H5,0,false,117.710000,118.070000,1.019455,0.305836,false,0.000000,execution_costs_v1.0,0.000000,0.000000,,,,
2024-07-29,SJW,BBG001S5W3N8,0,false,61.000000,60.330000,0.032787,-1.098361,false,0.000000,execution_costs_v1.0,0.000000,0.000000,,,,
2024-07-29,SKE,BBG001S6LB05,2,false,6.330000,6.445000,1.974724,1.816746,false,0.000000,execution_costs_v1.0,0.000000,0.000000,,,,
2024-07-29,SKT,BBG001S7BZV7,0,false,28.440000,28.650000,1.441632,0.738397,false,0.000000,execution_costs_v1.0,0.000000,0.000000,,,,
2024-07-29,SKWD,BBG002QHKLR1,0,false,38.800000,38.690000,0.283505,-0.283505,false,0.000000,execution_costs_v1.0,0.000000,0.000000,,,,
2024-07-29,SKX,BBG001S5XTG8,8,false,65.090000,64.910000,0.245813,-0.276540,false,0.000000,execution_costs_v1.0,0.000000,0.000000,,,,
2024-07-29,SKY,BBG001S5W456,0,false,82.390000,82.120000,0.254885,-0.327710,false,0.000000,execution_costs_v1.0,0.000000,0.000000,,,,
2024-07-29,SKYT,BBG00ZS44MH2,1,false,7.540000,7.410000,1.989390,-1.724138,false,0.000000,execution_costs_v1.0,0.000000,0.000000,,,,
2024-07-29,SKYW,BBG001S5W465,2,false,76.820000,78.560000,3.775059,2.265035,false,0.000000,execution_costs_v1.0,0.000000,0.000000,,,,
2024-07-29,SLAB,BBG001S5W492,0,false,121.160000,119.730000,1.824034,-1.180258,false,0.000000,execution_costs_v1.0,0.000000,0.000000,,,,
2024-07-29,SLCA,BBG001XJRN72,0,false,15.490000,15.500000,0.129116,0.064558,false,0.000000,execution_costs_v1.0,0.000000,0.000000,,,,
2024-07-29,SLDP,BBG0112HCTV5,3,false,1.990000,1.900000,1.005025,-4.522613,false,0.000000,execution_costs_v1.0,0.000000,0.000000,,,,
2024-07-29,SLG,BBG001S9Z1V2,1,false,65.000000,65.580000,1.723077,0.892308,false,0.000000,execution_costs_v1.0,0.000000,0.000000,,,,
2024-07-29,SLGN,BBG001S6VPD9,0,false,48.040000,47.820000,0.437136,-0.457952,false,0.000000,execution_costs_v1.0,0.000000,0.000000,,,,
2024-07-29,SLM,BBG001S5W4T0,0,false,22.700000,22.565000,0.286344,-0.594714,false,0.000000,execution_costs_v1.0,0.000000,0.000000,,,,
2024-07-29,SLNO,BBG0024L5B95,0,false,48.510000,46.810000,4.411462,-3.504432,false,0.000000,execution_costs_v1.0,0.000000,0.000000,,,,
2024-07-29,SLP,BBG001S9TQV4,0,false,40.900000,40.290000,1.344499,-1.491443,false,0.000000,execution_costs_v1.0,0.000000,0.000000,,,,
2024-07-29,SLQT,BBG001SQZ7Z7,0,false,4.170000,4.080000,0.959233,-2.158273,false,0.000000,execution_costs_v1.0,0.000000,0.000000,,,,
2024-07-29,SLRC,BBG001T1Q8N2,0,false,15.750000,15.740000,0.627302,-0.063492,false,0.000000,execution_costs_v1.0,0.000000,0.000000,,,,
2024-07-29,SLRN,BBG00YJKJ8J2,0,false,7.000000,6.840000,1.142857,-2.285714,false,0.000000,execution_costs_v1.0,0.000000,0.000000,,,,
2024-07-29,SLVM,BBG0122M8040,0,false,75.860000,76.060000,0.804113,0.263644,false,0.000000,execution_costs_v1.0,0.000000,0.000000,,,,
2024-07-29,SM,BBG001S6W0J7,0,false,46.240000,45.430000,0.735294,-1.751730,false,0.000000,execution_costs_v1.0,0.000000,0.000000,,,,
2024-07-29,SMAR,BBG00GQK3WC4,0,false,48.590000,48.220000,0.740893,-0.761474,false,0.000000,execution_costs_v1.0,0.000000,0.000000,,,,
2024-07-29,SMBC,BBG001S7WWN0,0,false,52.300000,50.690000,0.000000,-3.078394,false,0.000000,execution_costs_v1.0,0.000000,0.000000,,,,
2024-07-29,SMBK,BBG001SDRQW6,0,false,28.230000,27.900000,0.000000,-1.168969,false,0.000000,execution_costs_v1.0,0.000000,0.000000,,,,
2024-07-29,SMG,BBG001S5W5H0,1,false,70.650000,70.410000,0.920028,-0.339703,false,0.000000,execution_costs_v1.0,0.000000,0.000000,,,,
2024-07-29,SMHI,BBG00BKY9L84,0,false,14.290000,13.710000,0.909727,-4.058782,false,0.000000,execution_costs_v1.0,0.000000,0.000000,,,,
2024-07-29,SMLP,BBG003B91YL2,0,false,36.970000,36.790000,0.000000,-0.486881,false,0.000000,execution_costs_v1.0,0.000000,0.000000,,,,
2024-07-29,SMMT,BBG00X3GQL94,2,false,11.550000,10.760000,3.030303,-6.839827,false,0.000000,execution_costs_v1.0,0.000000,0.000000,,,,
2024-07-29,SMP,BBG001S5W5Z0,0,false,32.550000,31.940000,0.000000,-1.874040,false,0.000000,execution_costs_v1.0,0.000000,0.000000,,,,
2024-07-29,SMPL,BBG00GVP5JM3,3,false,34.030000,34.490000,1.689686,1.351748,false,0.000000,execution_costs_v1.0,0.000000,0.000000,,,,
2024-07-29,SMR,BBG00YG48PG8,33,true,11.170000,9.490000,0.000000,-15.040286,false,0.000000,execution_costs_v1.0,0.000000,0.000000,,,,
2024-07-29,SMRT,BBG00Z0H9PZ1,0,false,2.470000,2.395000,0.607287,-3.036437,false,0.000000,execution_costs_v1.0,0.000000,0.000000,,,,
2024-07-29,SMTC,BBG001S7TWW4,0,false,31.620000,31.650000,1.518027,0.094877,false,0.000000,execution_costs_v1.0,0.000000,0.000000,,,,
2024-07-29,SMWB,0001842731,0,false,6.670000,6.390000,0.000000,-4.197901,false,0.000000,execution_costs_v1.0,0.000000,0.000000,,,,
2024-07-29,SN,0001957132,2,false,74.540000,76.650000,3.568554,2.830695,false,0.000000,execution_costs_v1.0,0.000000,0.000000,,,,
2024-07-29,SNA,BBG001S5W688,0,false,280.830000,280.310000,0.204928,-0.185165,false,0.000000,execution_costs_v1.0,0.000000,0.000000,,,,
2024-07-29,SNCY,BBG00Z6F8D50,0,false,12.830000,12.440000,0.857366,-3.039751,false,0.000000,execution_costs_v1.0,0.000000,0.000000,,,,
2024-07-29,SNDL,BBG00PNJJW51,11,true,2.250000,2.245000,1.777778,-0.222222,false,0.000000,execution_costs_v1.0,0.000000,0.000000,,,,
2024-07-29,SNDR,BBG001SF1R75,0,false,26.750000,26.280000,0.682243,-1.757009,false,0.000000,execution_costs_v1.0,0.000000,0.000000,,,,
2024-07-29,SNDX,BBG001T92272,7,false,20.970000,21.980000,5.150215,4.816404,false,0.000000,execution_costs_v1.0,0.000000,0.000000,,,,
2024-07-29,SNEX,BBG001S5RD07,0,false,83.070000,81.570000,0.036114,-1.805706,false,0.000000,execution_costs_v1.0,0.000000,0.000000,,,,
2024-07-29,SNV,BBG001S5S3G1,0,false,47.720000,46.830000,0.230511,-1.865046,false,0.000000,execution_costs_v1.0,0.000000,0.000000,,,,
2024-07-29,SNX,BBG001SFQWB2,0,false,118.480000,118.180000,0.379811,-0.253207,false,0.000000,execution_costs_v1.0,0.000000,0.000000,,,,
2024-07-29,SOFI,BBG00YB1ZF08,56,true,7.460000,7.320000,0.804290,-1.876676,false,0.000000,execution_costs_v1.0,0.000000,0.000000,,,,
2024-07-29,SOHU,BBG00L2DB5V4,0,false,14.820000,15.070000,2.361673,1.686910,false,0.000000,execution_costs_v1.0,0.000000,0.000000,,,,
2024-07-29,SOI,BBG00G7D6CQ7,2,false,13.200000,12.940000,1.363636,-1.969697,false,0.000000,execution_costs_v1.0,0.000000,0.000000,,,,
2024-07-29,SON,BBG001S7M9F1,0,false,52.360000,52.480000,0.926280,0.229183,false,0.000000,execution_costs_v1.0,0.000000,0.000000,,,,
2024-07-29,SONO,BBG001SRR9R9,0,false,13.560000,13.790000,1.917404,1.696165,false,0.000000,execution_costs_v1.0,0.000000,0.000000,,,,
2024-07-29,SOPH,0001840706,0,false,4.590000,4.620000,0.653595,0.653595,false,0.000000,execution_costs_v1.0,0.000000,0.000000,,,,
2024-07-29,SOUN,BBG017304PD5,50,true,5.200000,4.780000,0.961538,-8.076923,false,0.000000,execution_costs_v1.0,0.000000,0.000000,,,,
2024-07-29,SPB,BBG001S63S71,0,false,86.270000,86.150000,0.614350,-0.139098,false,0.000000,execution_costs_v1.0,0.000000,0.000000,,,,
2024-07-29,SPCE,BBG00HTN2DF3,11,true,7.460000,7.100000,1.608579,-4.825737,false,0.000000,execution_costs_v1.0,0.000000,0.000000,,,,
2024-07-29,SPFI,BBG001SN2YN4,0,false,32.640000,32.590000,0.306373,-0.153186,false,0.000000,execution_costs_v1.0,0.000000,0.000000,,,,
2024-07-29,SPH,BBG001S6DDV6,0,false,18.680000,18.540000,1.445396,-0.749465,false,0.000000,execution_costs_v1.0,0.000000,0.000000,,,,
2024-07-29,SPHR,BBG00L9HLWW7,0,false,43.500000,44.030000,2.413793,1.218391,false,0.000000,execution_costs_v1.0,0.000000,0.000000,,,,
2024-07-29,SPNS,0000885740,0,false,39.560000,39.600000,0.543478,0.101112,false,0.000000,execution_costs_v1.0,0.000000,0.000000,,,,
2024-07-29,SPNT,0001576018,0,false,14.340000,14.240000,0.488145,-0.697350,false,0.000000,execution_costs_v1.0,0.000000,0.000000,,,,
2024-07-29,SPOK,BBG001SF3J26,0,false,15.480000,15.140000,0.710594,-2.196382,false,0.000000,execution_costs_v1.0,0.000000,0.000000,,,,
2024-07-29,SPR,BBG001SKF1N8,0,false,35.600000,35.470000,0.308989,-0.365169,false,0.000000,execution_costs_v1.0,0.000000,0.000000,,,,
2024-07-29,SPRY,BBG00FZQGXH2,1,false,11.040000,10.960000,2.173913,-0.724638,false,0.000000,execution_costs_v1.0,0.000000,0.000000,,,,
2024-07-29,SPSC,BBG001T65R07,0,false,208.390000,205.600000,0.472671,-1.338836,false,0.000000,execution_costs_v1.0,0.000000,0.000000,,,,
2024-07-29,SPT,BBG001V0K3F7,0,false,39.070000,38.410000,1.126184,-1.689276,false,0.000000,execution_costs_v1.0,0.000000,0.000000,,,,
2024-07-29,SPTN,BBG001S7LC92,0,false,20.800000,20.820000,0.240385,0.096154,false,0.000000,execution_costs_v1.0,0.000000,0.000000,,,,
2024-07-29,SPXC,BBG001S5W9N5,0,false,149.700000,148.640000,0.961857,-0.708083,false,0.000000,execution_costs_v1.0,0.000000,0.000000,,,,
2024-07-29,SQSP,BBG00389GQ82,0,false,43.910000,43.990000,0.227739,0.182191,false,0.000000,execution_costs_v1.0,0.000000,0.000000,,,,
2024-07-29,SR,BBG001S5SSD9,0,false,67.840000,67.270000,0.212412,-0.840212,false,0.000000,execution_costs_v1.0,0.000000,0.000000,,,,
2024-07-29,SRAD,0001836470,0,false,11.080000,11.030000,0.361011,-0.451264,false,0.000000,execution_costs_v1.0,0.000000,0.000000,,,,
2024-07-29,SRCE,BBG001S5WB32,0,false,64.060000,63.530000,0.062441,-0.827349,false,0.000000,execution_costs_v1.0,0.000000,0.000000,,,,
2024-07-29,SRCL,BBG001S7P0T2,0,false,58.510000,58.560000,0.307640,0.085455,false,0.000000,execution_costs_v1.0,0.000000,0.000000,,,,
2024-07-29,SRDX,BBG001SBL623,0,false,41.420000,41.400000,0.482859,-0.048286,false,0.000000,execution_costs_v1.0,0.000000,0.000000,,,,
2024-07-29,SRI,BBG001S5RX58,0,false,16.490000,16.400000,1.030928,-0.545785,false,0.000000,execution_costs_v1.0,0.000000,0.000000,,,,
2024-07-29,SRPT,BBG001S6KJC6,4,false,147.720000,146.130000,1.868400,-1.076361,false,0.000000,execution_costs_v1.0,0.000000,0.000000,,,,
2024-07-29,SRRK,BBG00KT2RSD4,0,false,9.240000,9.140000,2.164502,-1.082251,false,0.000000,execution_costs_v1.0,0.000000,0.000000,,,,
2024-07-29,SSB,BBG001S9J7Z3,0,false,101.190000,98.870000,0.000000,-2.292717,false,0.000000,execution_costs_v1.0,0.000000,0.000000,,,,
2024-07-29,SSD,BBG001SB9QN0,0,false,192.120000,191.170000,0.780762,-0.494483,false,0.000000,execution_costs_v1.0,0.000000,0.000000,,,,
2024-07-29,SSP,BBG001S6PY74,0,false,3.890000,3.775000,1.413882,-2.956298,false,0.000000,execution_costs_v1.0,0.000000,0.000000,,,,
2024-07-29,SSRM,BBG001S6JSX5,0,false,5.480000,5.440000,1.094891,-0.729927,false,0.000000,execution_costs_v1.0,0.000000,0.000000,,,,
2024-07-29,SSTK,BBG002ZCK3M7,0,false,42.830000,42.840000,0.817184,0.023348,false,0.000000,execution_costs_v1.0,0.000000,0.000000,,,,
2024-07-29,SSYS,0001517396,2,false,8.870000,8.570000,0.112740,-3.382187,false,0.000000,execution_costs_v1.0,0.000000,0.000000,,,,
2024-07-29,ST,0001477294,0,false,37.690000,37.910000,2.308305,0.583709,false,0.000000,execution_costs_v1.0,0.000000,0.000000,,,,
2024-07-29,STAA,BBG001S6MC39,0,false,40.230000,41.520000,3.206562,3.206562,false,0.000000,execution_costs_v1.0,0.000000,0.000000,,,,
2024-07-29,STAG,BBG001T9F312,0,false,40.440000,40.410000,0.346192,-0.074184,false,0.000000,execution_costs_v1.0,0.000000,0.000000,,,,
2024-07-29,STBA,BBG001S68QG0,0,false,45.790000,44.380000,0.000000,-3.079275,false,0.000000,execution_costs_v1.0,0.000000,0.000000,,,,
2024-07-29,STC,BBG001S7KRL6,0,false,73.330000,70.690000,1.050048,-3.600164,false,0.000000,execution_costs_v1.0,0.000000,0.000000,,,,
2024-07-29,STEL,BBG00HZ69LD0,0,false,28.210000,27.480000,0.000000,-2.587735,false,0.000000,execution_costs_v1.0,0.000000,0.000000,,,,
2024-07-29,STEP,BBG00WXXV0W0,0,false,49.450000,50.080000,1.294237,1.274014,false,0.000000,execution_costs_v1.0,0.000000,0.000000,,,,
2024-07-29,STER,BBG012BTZSC5,0,false,15.770000,15.650000,0.000000,-0.760938,false,0.000000,execution_costs_v1.0,0.000000,0.000000,,,,
2024-07-29,STGW,BBG00ZV0HW08,0,false,6.960000,6.690000,0.143678,-3.879310,false,0.000000,execution_costs_v1.0,0.000000,0.000000,,,,
2024-07-29,STKL,BBG001S6V9S9,0,false,5.180000,5.195000,1.930502,0.289575,false,0.000000,execution_costs_v1.0,0.000000,0.000000,,,,
2024-07-29,STN,BBG001S6JJQ3,0,false,86.130000,85.610000,0.000000,-0.603739,false,0.000000,execution_costs_v1.0,0.000000,0.000000,,,,
2024-07-29,STNE,0001745431,9,false,13.570000,13.400000,1.621223,-1.252763,false,0.000000,execution_costs_v1.0,0.000000,0.000000,,,,
2024-07-29,STNG,0001483934,3,false,75.000000,74.490000,0.986667,-0.680000,false,0.000000,execution_costs_v1.0,0.000000,0.000000,,,,
2024-07-29,STOK,BBG00JPCBPH8,0,false,15.800000,14.800000,0.379747,-6.329114,false,0.000000,execution_costs_v1.0,0.000000,0.000000,,,,
2024-07-29,STR,BBG01C36Y873,0,false,24.220000,23.640000,0.206441,-2.394715,false,0.000000,execution_costs_v1.0,0.000000,0.000000,,,,
2024-07-29,STRA,BBG001S90RW2,0,false,121.040000,118.900000,0.462657,-1.768011,false,0.000000,execution_costs_v1.0,0.000000,0.000000,,,,
2024-07-29,STRL,BBG001SC9C40,3,false,116.680000,113.510000,1.885499,-2.716832,false,0.000000,execution_costs_v1.0,0.000000,0.000000,,,,
2024-07-29,STVN,0001849853,0,false,19.600000,19.570000,2.321429,-0.153061,false,0.000000,execution_costs_v1.0,0.000000,0.000000,,,,
2024-07-29,STWD,BBG001T4JCN5,1,false,19.920000,19.940000,0.584839,0.100402,false,0.000000,execution_costs_v1.0,0.000000,0.000000,,,,
2024-07-29,SUM,BBG006K8P6F9,3,false,40.220000,40.150000,1.168573,-0.174043,false,0.000000,execution_costs_v1.0,0.000000,0.000000,,,,
2024-07-29,SUN,BBG00358K8T9,0,false,55.070000,54.640000,0.127111,-0.780824,false,0.000000,execution_costs_v1.0,0.000000,0.000000,,,,
2024-07-29,SUPN,BBG001SFKFF1,0,false,30.840000,30.590000,0.616083,-0.810636,false,0.000000,execution_costs_v1.0,0.000000,0.000000,,,,
2024-07-29,SUPV,BBG00BTHJ014,0,false,6.200000,6.000000,0.000000,-3.225806,false,0.000000,execution_costs_v1.0,0.000000,0.000000,,,,
2024-07-29,SVC,BBG001S81XC2,0,false,5.800000,5.770000,0.000000,-0.517241,false,0.000000,execution_costs_v1.0,0.000000,0.000000,,,,
2024-07-29,SVM,BBG001S6YR97,2,false,3.700000,3.705000,1.043243,0.135135,false,0.000000,execution_costs_v1.0,0.000000,0.000000,,,,
2024-07-29,SVRA,BBG001SFTVM9,1,false,4.440000,4.400000,2.252252,-0.900901,false,0.000000,execution_costs_v1.0,0.000000,0.000000,,,,
2024-07-29,SVV,BBG01F5T0LT8,0,false,9.710000,9.940000,3.347065,2.368692,false,0.000000,execution_costs_v1.0,0.000000,0.000000,,,,
2024-07-29,SWBI,BBG001S6MNG1,0,false,16.070000,16.200000,0.995644,0.808961,false,0.000000,execution_costs_v1.0,0.000000,0.000000,,,,
2024-07-29,SWI,BBG00M1CKT98,0,false,12.060000,11.900000,0.248756,-1.326700,false,0.000000,execution_costs_v1.0,0.000000,0.000000,,,,
2024-07-29,SWIM,BBG00ZVXLJB8,0,false,3.560000,3.475000,0.561798,-2.387640,false,0.000000,execution_costs_v1.0,0.000000,0.000000,,,,
2024-07-29,SWK,BBG001S5WHT1,2,false,95.550000,96.480000,1.329147,0.973312,false,0.000000,execution_costs_v1.0,0.000000,0.000000,,,,
2024-07-29,SWN,BBG001S5WHW7,2,false,6.500000,6.455000,0.461538,-0.692308,false,0.000000,execution_costs_v1.0,0.000000,0.000000,,,,
2024-07-29,SWTX,BBG00Q011TX8,0,false,37.960000,36.799500,2.081138,-3.057165,false,0.000000,execution_costs_v1.0,0.000000,0.000000,,,,
2024-07-29,SWX,BBG00FWP4JX3,1,false,75.890000,72.450000,0.000000,-4.532877,false,0.000000,execution_costs_v1.0,0.000000,0.000000,,,,
2024-07-29,SXC,BBG001T90D25,0,false,11.160000,10.940000,0.313620,-1.971326,false,0.000000,execution_costs_v1.0,0.000000,0.000000,,,,
2024-07-29,SXI,BBG001S5WJ53,0,false,186.660000,184.230000,0.916104,-1.301832,false,0.000000,execution_costs_v1.0,0.000000,0.000000,,,,
2024-07-29,SXT,BBG001SF0100,0,false,77.300000,78.280000,1.914618,1.267788,false,0.000000,execution_costs_v1.0,0.000000,0.000000,,,,
2024-07-29,SYBT,BBG001SBG219,0,false,63.450000,61.360000,0.267928,-3.293932,false,0.000000,execution_costs_v1.0,0.000000,0.000000,,,,
2024-07-29,SYM,BBG00Z72HCX9,3,false,39.000000,35.610000,1.025641,-8.692308,false,0.000000,execution_costs_v1.0,0.000000,0.000000,,,,
2024-07-29,SYNA,BBG001SCDXM9,0,false,88.900000,87.820000,1.889764,-1.214848,false,0.000000,execution_costs_v1.0,0.000000,0.000000,,,,
2024-07-29,SYRE,BBG0067L94C1,0,false,31.050000,29.980000,1.594203,-3.446055,false,0.000000,execution_costs_v1.0,0.000000,0.000000,,,,
2024-07-29,TAC,BBG001S5WJZ0,0,false,7.350000,7.380000,0.522449,0.408163,false,0.000000,execution_costs_v1.0,0.000000,0.000000,,,,
2024-07-29,TALK,BBG00V317329,0,false,2.100000,1.980000,0.000000,-5.714286,false,0.000000,execution_costs_v1.0,0.000000,0.000000,,,,
2024-07-29,TALO,BBG00JPH4JG0,0,false,11.650000,11.360000,0.515021,-2.489270,false,0.000000,execution_costs_v1.0,0.000000,0.000000,,,,
2024-07-29,TAP,BBG001S5VQ21,1,false,53.930000,53.120000,0.111255,-1.501947,false,0.000000,execution_costs_v1.0,0.000000,0.000000,,,,
2024-07-29,TARS,BBG00RB9BNR6,3,false,25.010000,24.320000,0.879648,-2.758896,false,0.000000,execution_costs_v1.0,0.000000,0.000000,,,,
2024-07-29,TASK,BBG009CL6VL2,0,false,16.940000,16.750000,0.000000,-1.121606,false,0.000000,execution_costs_v1.0,0.000000,0.000000,,,,
2024-07-29,TBBK,BBG001SM71W3,0,false,52.340000,50.480000,0.171953,-3.553687,false,0.000000,execution_costs_v1.0,0.000000,0.000000,,,,
2024-07-29,TBI,BBG001SC5XD8,0,false,11.940000,11.800000,1.088777,-1.172529,false,0.000000,execution_costs_v1.0,0.000000,0.000000,,,,
2024-07-29,TBLA,0001840502,0,false,3.500000,3.440000,1.142857,-1.714286,false,0.000000,execution_costs_v1.0,0.000000,0.000000,,,,
2024-07-29,TBLD,BBG011K2MTF5,0,false,16.270000,16.260000,0.860479,-0.061463,false,0.000000,execution_costs_v1.0,0.000000,0.000000,,,,
2024-07-29,TBPH,0001583107,0,false,10.230000,10.110000,0.244379,-1.173021,false,0.000000,execution_costs_v1.0,0.000000,0.000000,,,,
2024-07-29,TCBI,BBG001SJ1VS5,0,false,67.330000,65.860000,0.215357,-2.183276,false,0.000000,execution_costs_v1.0,0.000000,0.000000,,,,
2024-07-29,TCBK,BBG001S78RY6,0,false,48.010000,46.820000,0.000000,-2.478650,false,0.000000,execution_costs_v1.0,0.000000,0.000000,,,,
2024-07-29,TCBX,BBG009W8YNX3,0,false,24.730000,23.925000,0.000000,-3.255156,false,0.000000,execution_costs_v1.0,0.000000,0.000000,,,,
2024-07-29,TCPC,BBG001V17VG7,0,false,10.800000,10.785000,0.648148,-0.138889,false,0.000000,execution_costs_v1.0,0.000000,0.000000,,,,
2024-07-29,TCRT,BBG001SM7BJ6,0,false,3.730000,3.800000,3.753351,1.876676,false,0.000000,execution_costs_v1.0,0.000000,0.000000,,,,
2024-07-29,TCRX,BBG00PH1N025,0,false,7.290000,7.060000,0.000000,-3.155007,false,0.000000,execution_costs_v1.0,0.000000,0.000000,,,,
2024-07-29,TDC,BBG001SPRJ28,0,false,32.210000,32.220000,0.574356,0.031046,false,0.000000,execution_costs_v1.0,0.000000,0.000000,,,,
2024-07-29,TDOC,BBG001TG5PC6,14,true,9.440000,9.570000,2.595339,1.377119,false,0.000000,execution_costs_v1.0,0.000000,0.000000,,,,
2024-07-29,TDS,BBG001S5WM29,0,false,21.080000,20.890000,1.351992,-0.901328,false,0.000000,execution_costs_v1.0,0.000000,0.000000,,,,
2024-07-29,TDW,BBG00HBQ36G8,0,false,98.760000,95.870000,0.789793,-2.926286,false,0.000000,execution_costs_v1.0,0.000000,0.000000,,,,
2024-07-29,TECH,BBG001S66C28,0,false,80.890000,79.680000,0.135987,-1.495859,false,0.000000,execution_costs_v1.0,0.000000,0.000000,,,,
2024-07-29,TELL,BBG001S5TB09,16,true,0.905200,0.906600,2.065842,0.154662,false,0.000000,execution_costs_v1.0,0.000000,0.000000,,,,
2024-07-29,TENB,BBG00LBLCDR3,0,false,43.420000,43.140000,2.187932,-0.644864,false,0.000000,execution_costs_v1.0,0.000000,0.000000,,,,
2024-07-29,TERN,BBG00KK1SJ17,2,false,9.040000,8.330000,1.327434,-7.853982,false,0.000000,execution_costs_v1.0,0.000000,0.000000,,,,
2024-07-29,TEX,BBG001S6PZQ0,0,false,66.950000,66.270000,0.298730,-1.015683,false,0.000000,execution_costs_v1.0,0.000000,0.000000,,,,
2024-07-29,TFII,BBG001SCQG15,0,false,153.200000,150.790000,1.445822,-1.573107,false,0.000000,execution_costs_v1.0,0.000000,0.000000,,,,
2024-07-29,TFIN,BBG001SNKPZ0,0,false,94.630000,90.640000,0.000000,-4.216422,false,0.000000,execution_costs_v1.0,0.000000,0.000000,,,,
2024-07-29,TFPM,BBG00QRZMFT6,0,false,15.290000,15.450000,1.308044,1.046436,false,0.000000,execution_costs_v1.0,0.000000,0.000000,,,,
2024-07-29,TFSL,BBG001SKZF64,0,false,14.060000,13.740000,0.000000,-2.275960,false,0.000000,execution_costs_v1.0,0.000000,0.000000,,,,
2024-07-29,TFX,BBG001S5WNP2,0,false,220.510000,222.680000,1.473856,0.984082,false,0.000000,execution_costs_v1.0,0.000000,0.000000,,,,
2024-07-29,TGB,BBG001S60ML1,4,false,2.150000,2.150000,1.860465,0.000000,false,0.000000,execution_costs_v1.0,0.000000,0.000000,,,,
2024-07-29,TGI,BBG001S6MWK6,0,false,16.760000,16.175000,0.298329,-3.490453,false,0.000000,execution_costs_v1.0,0.000000,0.000000,,,,
2024-07-29,TGLS,0001534675,0,false,54.200000,53.680000,0.774908,-0.959410,false,0.000000,execution_costs_v1.0,0.000000,0.000000,,,,
2024-07-29,TGNA,BBG001S5RHD4,0,false,16.320000,15.895000,0.459559,-2.604167,false,0.000000,execution_costs_v1.0,0.000000,0.000000,,,,
2024-07-29,TGTX,BBG001S8NH06,2,false,20.650000,19.810000,1.985472,-4.067797,false,0.000000,execution_costs_v1.0,0.000000,0.000000,,,,
2024-07-29,TH,BBG00K7K34Y4,0,false,9.220000,9.180000,0.650759,-0.433839,false,0.000000,execution_costs_v1.0,0.000000,0.000000,,,,
2024-07-29,THFF,BBG001S6TD85,0,false,46.230000,44.920000,0.000000,-2.833658,false,0.000000,execution_costs_v1.0,0.000000,0.000000,,,,
2024-07-29,THG,BBG001S8KZF3,0,false,134.760000,134.750000,0.853369,-0.007421,false,0.000000,execution_costs_v1.0,0.000000,0.000000,,,,
2024-07-29,THO,BBG001S5WPH6,1,false,103.460000,105.740000,2.890006,2.203750,false,0.000000,execution_costs_v1.0,0.000000,0.000000,,,,
2024-07-29,THR,BBG001V0BDC8,0,false,33.430000,32.340000,0.897398,-3.260544,false,0.000000,execution_costs_v1.0,0.000000,0.000000,,,,
2024-07-29,THRD,BBG00Z14GXC9,0,false,12.450000,12.460000,1.044177,0.080321,false,0.000000,execution_costs_v1.0,0.000000,0.000000,,,,
2024-07-29,THRM,BBG001SF8XY5,0,false,51.250000,50.400000,0.448780,-1.658537,false,0.000000,execution_costs_v1.0,0.000000,0.000000,,,,
2024-07-29,THRY,BBG00FWL3JY2,0,false,19.510000,19.510000,1.332650,0.000000,false,0.000000,execution_costs_v1.0,0.000000,0.000000,,,,
2024-07-29,THS,BBG001SP0625,0,false,38.700000,38.360000,0.129199,-0.878553,false,0.000000,execution_costs_v1.0,0.000000,0.000000,,,,
2024-07-29,TIGO,0000912958,0,false,24.500000,24.210000,0.081633,-1.183673,false,0.000000,execution_costs_v1.0,0.000000,0.000000,,,,
2024-07-29,TIGR,BBG00NG4GWB3,0,false,4.130000,4.045000,1.181598,-2.058111,false,0.000000,execution_costs_v1.0,0.000000,0.000000,,,,
2024-07-29,TILE,BBG001S5S5S3,0,false,17.380000,17.090000,0.517837,-1.668585,false,0.000000,execution_costs_v1.0,0.000000,0.000000,,,,
2024-07-29,TIPT,BBG001ST0XR1,0,false,19.370000,19.080000,0.546722,-1.497161,false,0.000000,execution_costs_v1.0,0.000000,0.000000,,,,
2024-07-29,TITN,BBG001STZCF2,1,false,17.890000,17.640000,1.006149,-1.397429,false,0.000000,execution_costs_v1.0,0.000000,0.000000,,,,
2024-07-29,TIXT,BBG00YTSTFR8,0,false,6.420000,6.540000,2.102804,1.869159,false,0.000000,execution_costs_v1.0,0.000000,0.000000,,,,
2024-07-29,TK,0000911971,3,false,8.520000,8.420000,1.291080,-1.173709,false,0.000000,execution_costs_v1.0,0.000000,0.000000,,,,
2024-07-29,TKO,BBG01G9JKWW4,0,false,108.110000,108.260000,0.527241,0.138748,false,0.000000,execution_costs_v1.0,0.000000,0.000000,,,,
2024-07-29,TKR,BBG001S5WQK0,0,false,85.240000,85.000000,0.187705,-0.281558,false,0.000000,execution_costs_v1.0,0.000000,0.000000,,,,
2024-07-29,TLRY,BBG00L7XTPY9,37,true,1.850000,1.825000,2.162162,-1.351351,false,0.000000,execution_costs_v1.0,0.000000,0.000000,,,,
2024-07-29,TMC,BBG00SMMWMN6,13,true,1.180000,1.130000,0.000000,-4.237288,false,0.000000,execution_costs_v1.0,0.000000,0.000000,,,,
2024-07-29,TMCI,BBG00GQKR6N3,0,false,7.670000,7.280000,1.551499,-5.084746,false,0.000000,execution_costs_v1.0,0.000000,0.000000,,,,
2024-07-29,TMDX,BBG00NZ6J701,5,false,142.220000,139.160000,0.133596,-2.151596,false,0.000000,execution_costs_v1.0,0.000000,0.000000,,,,
2024-07-29,TMHC,BBG003PGJJF2,0,false,67.750000,67.780000,0.634686,0.044280,false,0.000000,execution_costs_v1.0,0.000000,0.000000,,,,
2024-07-29,TMP,BBG001S9JTL0,0,false,64.660000,63.240000,0.092793,-2.196103,false,0.000000,execution_costs_v1.0,0.000000,0.000000,,,,
2024-07-29,TNC,BBG001SCHFK6,0,false,108.880000,106.970000,0.505143,-1.754225,false,0.000000,execution_costs_v1.0,0.000000,0.000000,,,,
2024-07-29,TNDM,BBG001TG5QC4,0,false,39.560000,37.230000,0.429727,-5.889788,false,0.000000,execution_costs_v1.0,0.000000,0.000000,,,,
2024-07-29,TNET,BBG001SDZPT3,0,false,110.940000,103.860000,0.000000,-6.381828,false,0.000000,execution_costs_v1.0,0.000000,0.000000,,,,
2024-07-29,TNGX,BBG00WFDDSK6,0,false,9.710000,9.760000,1.544799,0.514933,false,0.000000,execution_costs_v1.0,0.000000,0.000000,,,,
2024-07-29,TNK,0001419945,2,false,63.570000,63.110000,2.060720,-0.723612,false,0.000000,execution_costs_v1.0,0.000000,0.000000,,,,
2024-07-29,TNL,BBG001SN4127,0,false,45.860000,46.260000,1.286524,0.872220,false,0.000000,execution_costs_v1.0,0.000000,0.000000,,,,
2024-07-29,TOL,BBG001S5WT15,6,false,140.520000,142.190000,1.658127,1.188443,false,0.000000,execution_costs_v1.0,0.000000,0.000000,,,,
2024-07-29,TOST,BBG00BTJVKB1,3,false,26.000000,26.010000,0.730769,0.038462,false,0.000000,execution_costs_v1.0,0.000000,0.000000,,,,
2024-07-29,TOWN,BBG001S5WTN1,0,false,33.580000,33.420000,0.699821,-0.476474,false,0.000000,execution_costs_v1.0,0.000000,0.000000,,,,
2024-07-29,TPB,BBG001T99T94,0,false,38.760000,37.700000,0.386739,-2.734778,false,0.000000,execution_costs_v1.0,0.000000,0.000000,,,,
2024-07-29,TPC,BBG001S5V297,0,false,26.250000,24.990000,1.676190,-4.800000,false,0.000000,execution_costs_v1.0,0.000000,0.000000,,,,
2024-07-29,TPG,BBG0145FSQD9,0,false,49.920000,49.480000,1.221955,-0.881410,false,0.000000,execution_costs_v1.0,0.000000,0.000000,,,,
2024-07-29,TPH,BBG001TCN6V6,0,false,46.400000,46.030000,0.872845,-0.797414,false,0.000000,execution_costs_v1.0,0.000000,0.000000,,,,
2024-07-29,TPR,BBG001SFH7D5,0,false,40.720000,40.350000,0.221022,-0.908644,false,0.000000,execution_costs_v1.0,0.000000,0.000000,,,,
2024-07-29,TPVG,BBG005GXFKK5,0,false,8.970000,8.870000,0.222965,-1.114827,false,0.000000,execution_costs_v1.0,0.000000,0.000000,,,,
2024-07-29,TPX,BBG001SH81D4,0,false,52.460000,52.070000,0.247808,-0.743424,false,0.000000,execution_costs_v1.0,0.000000,0.000000,,,,
2024-07-29,TR,BBG001S5WV29,0,false,30.450000,30.540000,0.919540,0.295567,false,0.000000,execution_costs_v1.0,0.000000,0.000000,,,,
2024-07-29,TRAK,BBG001SK6032,0,false,18.920000,18.760000,3.699789,-0.845666,false,0.000000,execution_costs_v1.0,0.000000,0.000000,,,,
2024-07-29,TRC,BBG001S5WV65,0,false,19.350000,19.040000,0.180879,-1.602067,false,0.000000,execution_costs_v1.0,0.000000,0.000000,,,,
2024-07-29,TRDA,BBG00MTSMC25,0,false,17.420000,16.650000,0.975890,-4.420207,false,0.000000,execution_costs_v1.0,0.000000,0.000000,,,,
2024-07-29,TREE,BBG001SP2FG8,1,false,55.990000,52.500000,0.160743,-6.233256,false,0.000000,execution_costs_v1.0,0.000000,0.000000,,,,
2024-07-29,TREX,BBG001SB6TV8,0,false,82.830000,83.580000,1.714355,0.905469,false,0.000000,execution_costs_v1.0,0.000000,0.000000,,,,
2024-07-29,TRIN,BBG00T6WFZK3,0,false,14.680000,14.600000,0.204360,-0.544959,false,0.000000,execution_costs_v1.0,0.000000,0.000000,,,,
2024-07-29,TRIP,BBG001V10VR2,0,false,17.940000,17.960000,1.616499,0.111483,false,0.000000,execution_costs_v1.0,0.000000,0.000000,,,,
2024-07-29,TRMB,BBG001S5SZP0,0,false,55.540000,54.980000,0.000000,-1.008282,false,0.000000,execution_costs_v1.0,0.000000,0.000000,,,,
2024-07-29,TRMD,0001655891,5,false,38.760000,37.920000,0.490196,-2.167183,false,0.000000,execution_costs_v1.0,0.000000,0.000000,,,,
2024-07-29,TRMK,BBG001S6JGT6,0,false,35.540000,34.480000,0.140687,-2.982555,false,0.000000,execution_costs_v1.0,0.000000,0.000000,,,,
2024-07-29,TRML,BBG00NX995T1,0,false,18.010000,16.295000,1.554692,-9.522488,false,0.000000,execution_costs_v1.0,0.000000,0.000000,,,,
2024-07-29,TRN,BBG001S5WVT0,0,false,33.350000,32.730000,0.000000,-1.859070,false,0.000000,execution_costs_v1.0,0.000000,0.000000,,,,
2024-07-29,TRNO,BBG001T60PW1,0,false,69.050000,68.410000,0.043447,-0.926865,false,0.000000,execution_costs_v1.0,0.000000,0.000000,,,,
2024-07-29,TRNS,BBG001S5WVW6,0,false,140.730000,134.040000,0.383713,-4.753784,false,0.000000,execution_costs_v1.0,0.000000,0.000000,,,,
2024-07-29,TROO,0001412095,0,false,3.610000,3.780000,6.047091,4.709141,false,0.000000,execution_costs_v1.0,0.000000,0.000000,,,,
2024-07-29,TROX,0001530804,1,false,16.310000,16.150000,1.226242,-0.980993,false,0.000000,execution_costs_v1.0,0.000000,0.000000,,,,
2024-07-29,TRS,BBG001SKRBD4,0,false,27.440000,27.340000,1.603499,-0.364431,false,0.000000,execution_costs_v1.0,0.000000,0.000000,,,,
2024-07-29,TRST,BBG001S5WWG2,0,false,35.070000,34.280000,0.399202,-2.252638,false,0.000000,execution_costs_v1.0,0.000000,0.000000,,,,
2024-07-29,TRTX,BBG00GKJ8CY8,0,false,9.010000,8.850000,0.443951,-1.775805,false,0.000000,execution_costs_v1.0,0.000000,0.000000,,,,
2024-07-29,TRUE,BBG001V18W74,0,false,3.730000,3.660000,1.608579,-1.876676,false,0.000000,execution_costs_v1.0,0.000000,0.000000,,,,
2024-07-29,TRUP,BBG002BC7WF2,0,false,36.390000,35.920000,0.384721,-1.291564,false,0.000000,execution_costs_v1.0,0.000000,0.000000,,,,
2024-07-29,TSEM,0000928876,3,false,42.550000,41.870000,0.681551,-1.598120,false,0.000000,execution_costs_v1.0,0.000000,0.000000,,,,
2024-07-29,TSHA,BBG00TJXFDQ0,0,false,2.290000,2.285000,0.873362,-0.218341,false,0.000000,execution_costs_v1.0,0.000000,0.000000,,,,
2024-07-29,TSLX,BBG001V064L4,0,false,21.180000,20.930000,0.000000,-1.180359,false,0.000000,execution_costs_v1.0,0.000000,0.000000,,,,
2024-07-29,TTC,BBG001S5WX98,0,false,96.580000,96.830000,1.371920,0.258853,false,0.000000,execution_costs_v1.0,0.000000,0.000000,,,,
2024-07-29,TTEC,BBG001S7YNS3,0,false,8.070000,7.910000,0.000000,-1.982652,false,0.000000,execution_costs_v1.0,0.000000,0.000000,,,,
2024-07-29,TTEK,BBG001S5YYH5,0,false,212.000000,212.430000,0.896226,0.202830,false,0.000000,execution_costs_v1.0,0.000000,0.000000,,,,
2024-07-29,TTGT,BBG001S9R748,0,false,32.540000,31.880000,0.107560,-2.028273,false,0.000000,execution_costs_v1.0,0.000000,0.000000,,,,
2024-07-29,TTI,BBG001S5WXH9,0,false,3.790000,3.635000,0.211082,-4.089710,false,0.000000,execution_costs_v1.0,0.000000,0.000000,,,,
2024-07-29,TTMI,BBG001SFJKF2,0,false,21.640000,21.500000,1.455638,-0.646950,false,0.000000,execution_costs_v1.0,0.000000,0.000000,,,,
2024-07-29,TTSH,BBG001TG2NG0,0,false,6.980000,7.230000,4.153295,3.581662,false,0.000000,execution_costs_v1.0,0.000000,0.000000,,,,
2024-07-29,TVTX,BBG001SL72C5,6,false,9.910000,10.190000,8.173562,2.825429,false,0.000000,execution_costs_v1.0,0.000000,0.000000,,,,
2024-07-29,TWI,BBG001S634F5,0,false,8.700000,8.370000,0.000000,-3.793103,false,0.000000,execution_costs_v1.0,0.000000,0.000000,,,,
2024-07-29,TWKS,BBG01282Z2S8,0,false,3.260000,3.280000,2.453988,0.613497,false,0.000000,execution_costs_v1.0,0.000000,0.000000,,,,
2024-07-29,TWLO,BBG0029ZX859,1,false,59.500000,58.600000,0.218487,-1.512605,false,0.000000,execution_costs_v1.0,0.000000,0.000000,,,,
2024-07-29,TWO,BBG001T4RH00,0,false,13.800000,13.675000,0.579710,-0.905797,false,0.000000,execution_costs_v1.0,0.000000,0.000000,,,,
2024-07-29,TWST,BBG006KDCHK2,0,false,58.340000,57.460000,0.599931,-1.508399,false,0.000000,execution_costs_v1.0,0.000000,0.000000,,,,
2024-07-29,TXG,BBG007WX14Y9,2,false,20.390000,20.330000,2.648357,-0.294262,false,0.000000,execution_costs_v1.0,0.000000,0.000000,,,,
2024-07-29,TXRH,BBG001SLR3C1,1,false,170.000000,172.240000,2.364706,1.317647,false,0.000000,execution_costs_v1.0,0.000000,0.000000,,,,
2024-07-29,TYRA,BBG00RCQD9F9,0,false,20.090000,20.290000,2.190144,0.995520,false,0.000000,execution_costs_v1.0,0.000000,0.000000,,,,
2024-07-29,U,BBG0056JW5H5,16,true,16.730000,16.355000,1.173341,-2.241482,false,0.000000,execution_costs_v1.0,0.000000,0.000000,,,,
2024-07-29,UAA,BBG001SJLLQ7,5,false,6.860000,6.930000,1.166181,1.020408,false,0.000000,execution_costs_v1.0,0.000000,0.000000,,,,
2024-07-29,UAN,BBG001TWQXN9,0,false,79.080000,77.880000,0.000000,-1.517451,false,0.000000,execution_costs_v1.0,0.000000,0.000000,,,,
2024-07-29,UBSI,BBG001S5WZV8,0,false,39.080000,38.550000,0.447799,-1.356192,false,0.000000,execution_costs_v1.0,0.000000,0.000000,,,,
2024-07-29,UCAR,0001939780,1,false,7.450000,6.730000,1.476510,-9.664430,false,0.000000,execution_costs_v1.0,0.000000,0.000000,,,,
2024-07-29,UCBI,BBG001S9SSJ5,0,false,31.590000,30.805000,0.348211,-2.484964,false,0.000000,execution_costs_v1.0,0.000000,0.000000,,,,
2024-07-29,UCTT,BBG001SHTS06,1,false,46.780000,44.550000,1.603249,-4.766994,false,0.000000,execution_costs_v1.0,0.000000,0.000000,,,,
2024-07-29,UDMY,BBG0025DTRP3,7,false,9.050000,8.940000,0.883978,-1.215470,false,0.000000,execution_costs_v1.0,0.000000,0.000000,,,,
2024-07-29,UDR,BBG001S6KCT3,0,false,41.330000,41.160000,0.399226,-0.411323,false,0.000000,execution_costs_v1.0,0.000000,0.000000,,,,
2024-07-29,UE,BBG006BFYQP8,0,false,19.760000,19.770000,0.556680,0.050607,false,0.000000,execution_costs_v1.0,0.000000,0.000000,,,,
2024-07-29,UEC,BBG001SK6158,16,true,5.740000,5.560000,1.393728,-3.135889,false,0.000000,execution_costs_v1.0,0.000000,0.000000,,,,
2024-07-29,UFCS,BBG001S5X0J8,0,false,21.950000,21.830000,1.321185,-0.546697,false,0.000000,execution_costs_v1.0,0.000000,0.000000,,,,
2024-07-29,UFPI,BBG001S7GZG9,0,false,129.040000,127.000000,0.627712,-1.580905,false,0.000000,execution_costs_v1.0,0.000000,0.000000,,,,
2024-07-29,UFPT,BBG001S79DN8,0,false,324.220000,321.400000,0.937635,-0.869780,false,0.000000,execution_costs_v1.0,0.000000,0.000000,,,,
2024-07-29,UGI,BBG001S5X0W3,0,false,24.660000,24.720000,0.405515,0.243309,false,0.000000,execution_costs_v1.0,0.000000,0.000000,,,,
2024-07-29,UHAL.B,BBG01B6SGC20,0,false,62.360000,62.580000,1.555484,0.352790,false,0.000000,execution_costs_v1.0,0.000000,0.000000,,,,
2024-07-29,UHS,BBG001S6S976,0,false,215.650000,217.430000,1.836309,0.825412,false,0.000000,execution_costs_v1.0,0.000000,0.000000,,,,
2024-07-29,UHT,BBG001S5X151,0,false,43.750000,42.845000,0.000000,-2.068571,false,0.000000,execution_costs_v1.0,0.000000,0.000000,,,,
2024-07-29,UI,BBG001T1WDF3,0,false,176.410000,176.950000,0.816280,0.306105,false,0.000000,execution_costs_v1.0,0.000000,0.000000,,,,
2024-07-29,UIS,BBG001S5X1D2,0,false,4.900000,4.730000,0.204082,-3.469388,false,0.000000,execution_costs_v1.0,0.000000,0.000000,,,,
2024-07-29,ULCC,BBG00GCTTKY4,0,false,4.060000,3.865000,0.369458,-4.802956,false,0.000000,execution_costs_v1.0,0.000000,0.000000,,,,
2024-07-29,ULH,BBG001SK03X9,0,false,42.900000,41.770000,0.000000,-2.634033,false,0.000000,execution_costs_v1.0,0.000000,0.000000,,,,
2024-07-29,UMBF,BBG001S7Y2T8,0,false,99.400000,98.030000,0.211268,-1.378270,false,0.000000,execution_costs_v1.0,0.000000,0.000000,,,,
2024-07-29,UMH,BBG001S7JRQ3,0,false,17.690000,17.595000,0.339175,-0.537027,false,0.000000,execution_costs_v1.0,0.000000,0.000000,,,,
2024-07-29,UNF,BBG001S5X2B2,0,false,191.840000,192.740000,0.500417,0.469141,false,0.000000,execution_costs_v1.0,0.000000,0.000000,,,,
2024-07-29,UNFI,BBG001S7B0Y1,1,false,15.530000,15.230000,2.189311,-1.931745,false,0.000000,execution_costs_v1.0,0.000000,0.000000,,,,
2024-07-29,UNIT,BBG002B67HC1,1,false,3.670000,3.525000,0.817439,-3.950954,false,0.000000,execution_costs_v1.0,0.000000,0.000000,,,,
2024-07-29,UNM,BBG001S5X2J4,0,false,53.470000,53.520000,0.486254,0.093510,false,0.000000,execution_costs_v1.0,0.000000,0.000000,,,,
2024-07-29,UNTY,BBG001S5Q024,0,false,35.350000,34.040000,0.000000,-3.705799,false,0.000000,execution_costs_v1.0,0.000000,0.000000,,,,
2024-07-29,UP,BBG00XTV85M3,5,false,2.880000,2.600000,0.347222,-9.722222,false,0.000000,execution_costs_v1.0,0.000000,0.000000,,,,
2024-07-29,UPBD,BBG001S6BR38,0,false,37.050000,36.910000,1.133603,-0.377868,false,0.000000,execution_costs_v1.0,0.000000,0.000000,,,,
2024-07-29,UPST,BBG00PKCBY62,24,true,26.310000,26.050000,5.397187,-0.988217,false,0.000000,execution_costs_v1.0,0.000000,0.000000,,,,
2024-07-29,UPWK,BBG00FBJ63B7,0,false,11.360000,11.470000,1.716549,0.968310,false,0.000000,execution_costs_v1.0,0.000000,0.000000,,,,
2024-07-29,URBN,BBG001S7H9K1,0,false,46.860000,46.340000,0.704012,-1.109688,false,0.000000,execution_costs_v1.0,0.000000,0.000000,,,,
2024-07-29,URG,BBG001SKVFK2,6,false,1.190000,1.180000,2.521008,-0.840336,false,0.000000,execution_costs_v1.0,0.000000,0.000000,,,,
2024-07-29,URGN,0001668243,0,false,16.380000,16.140000,1.037851,-1.465201,false,0.000000,execution_costs_v1.0,0.000000,0.000000,,,,
2024-07-29,USAC,BBG001V1S8F6,0,false,23.130000,22.680000,0.129702,-1.945525,false,0.000000,execution_costs_v1.0,0.000000,0.000000,,,,
2024-07-29,USAP,BBG001S89L94,0,false,33.590000,32.660000,0.327478,-2.768681,false,0.000000,execution_costs_v1.0,0.000000,0.000000,,,,
2024-07-29,USCB,BBG0149QCXJ7,0,false,15.580000,16.230000,5.070603,4.172015,false,0.000000,execution_costs_v1.0,0.000000,0.000000,,,,
2024-07-29,USFD,BBG00C6H6D59,0,false,52.550000,53.000000,1.883920,0.856327,false,0.000000,execution_costs_v1.0,0.000000,0.000000,,,,
2024-07-29,USLM,BBG001S7MWH8,0,false,83.480000,82.510000,1.084092,-1.161955,false,0.000000,execution_costs_v1.0,0.000000,0.000000,,,,
2024-07-29,USM,BBG001S5X446,0,false,52.280000,52.440000,1.931905,0.306044,false,0.000000,execution_costs_v1.0,0.000000,0.000000,,,,
2024-07-29,USNA,BBG001S79BP0,0,false,42.610000,43.390000,2.159118,1.830556,false,0.000000,execution_costs_v1.0,0.000000,0.000000,,,,
2024-07-29,USPH,BBG001S71ZL9,0,false,98.210000,97.220000,0.855310,-1.008044,false,0.000000,execution_costs_v1.0,0.000000,0.000000,,,,
2024-07-29,UTI,BBG001SC4X67,0,false,19.500000,19.120000,1.487179,-1.948718,false,0.000000,execution_costs_v1.0,0.000000,0.000000,,,,
2024-07-29,UTL,BBG001S5X5G0,0,false,60.650000,59.490000,0.000000,-1.912613,false,0.000000,execution_costs_v1.0,0.000000,0.000000,,,,
2024-07-29,UTZ,BBG00M8652J9,0,false,14.320000,14.520000,1.536313,1.396648,false,0.000000,execution_costs_v1.0,0.000000,0.000000,,,,
2024-07-29,UUUU,BBG001S9FH94,1,false,5.720000,5.500000,0.000000,-3.846154,false,0.000000,execution_costs_v1.0,0.000000,0.000000,,,,
2024-07-29,UVE,BBG001S5QC19,0,false,18.980000,19.640000,3.951528,3.477345,false,0.000000,execution_costs_v1.0,0.000000,0.000000,,,,
2024-07-29,UVSP,BBG001S6YQ99,0,false,29.220000,28.360000,0.000000,-2.943190,false,0.000000,execution_costs_v1.0,0.000000,0.000000,,,,
2024-07-29,UVV,BBG001S5X5V3,0,false,53.980000,53.340000,0.000000,-1.185624,false,0.000000,execution_costs_v1.0,0.000000,0.000000,,,,
2024-07-29,UWMC,BBG00R24YP79,1,false,8.120000,8.230000,1.801724,1.354680,false,0.000000,execution_costs_v1.0,0.000000,0.000000,,,,
2024-07-29,VAC,BBG001V0GHW2,0,false,85.020000,85.500000,1.152670,0.564573,false,0.000000,execution_costs_v1.0,0.000000,0.000000,,,,
2024-07-29,VAL,0000314808,0,false,80.110000,77.930000,0.362002,-2.721258,false,0.000000,execution_costs_v1.0,0.000000,0.000000,,,,
2024-07-29,VALU,BBG001S5X687,0,false,46.205000,49.990000,8.191754,8.191754,false,0.000000,execution_costs_v1.0,0.000000,0.000000,,,,
2024-07-29,VBNK,BBG00FWZQ4P9,0,false,11.380000,11.835000,5.096661,3.998243,false,0.000000,execution_costs_v1.0,0.000000,0.000000,,,,
2024-07-29,VBTX,BBG001T6ZGF2,0,false,25.430000,24.710000,0.629178,-2.831302,false,0.000000,execution_costs_v1.0,0.000000,0.000000,,,,
2024-07-29,VC,BBG001TCM086,0,false,111.350000,111.035000,1.499775,-0.282892,false,0.000000,execution_costs_v1.0,0.000000,0.000000,,,,
2024-07-29,VCEL,BBG001S6X9M3,1,false,52.560000,51.600000,0.000000,-1.826484,false,0.000000,execution_costs_v1.0,0.000000,0.000000,,,,
2024-07-29,VCTR,BBG0074JPDP5,0,false,53.500000,52.380000,0.504673,-2.093458,false,0.000000,execution_costs_v1.0,0.000000,0.000000,,,,
2024-07-29,VCYT,BBG001TSQWW0,0,false,23.760000,23.020000,0.841751,-3.114478,false,0.000000,execution_costs_v1.0,0.000000,0.000000,,,,
2024-07-29,VECO,BBG001S5X6T4,4,false,40.450000,39.680000,2.299135,-1.903585,false,0.000000,execution_costs_v1.0,0.000000,0.000000,,,,
2024-07-29,VEL,BBG00QLF1HK4,0,false,19.300000,19.020000,1.450777,-1.450777,false,0.000000,execution_costs_v1.0,0.000000,0.000000,,,,
2024-07-29,VERA,BBG00Q72WYH2,0,false,37.220000,35.830000,0.214938,-3.734551,false,0.000000,execution_costs_v1.0,0.000000,0.000000,,,,
2024-07-29,VERV,BBG00P33TD13,0,false,7.420000,7.110000,2.021563,-4.177898,false,0.000000,execution_costs_v1.0,0.000000,0.000000,,,,
2024-07-29,VERX,BBG00VVT2FV3,0,false,39.180000,39.350000,2.092905,0.433895,false,0.000000,execution_costs_v1.0,0.000000,0.000000,,,,
2024-07-29,VET,BBG001S7X7L6,1,false,10.360000,10.200000,0.530888,-1.544402,false,0.000000,execution_costs_v1.0,0.000000,0.000000,,,,
2024-07-29,VFC,BBG001S5X749,2,false,16.390000,16.350000,0.640635,-0.244051,false,0.000000,execution_costs_v1.0,0.000000,0.000000,,,,
2024-07-29,VFS,0001913510,2,false,4.140000,4.010000,0.669082,-3.140097,false,0.000000,execution_costs_v1.0,0.000000,0.000000,,,,
2024-07-29,VGR,BBG001S75639,0,false,12.780000,12.670000,0.234742,-0.860720,false,0.000000,execution_costs_v1.0,0.000000,0.000000,,,,
2024-07-29,VHI,BBG001S5X7H5,0,false,20.260000,20.190000,2.171767,-0.345508,false,0.000000,execution_costs_v1.0,0.000000,0.000000,,,,
2024-07-29,VIAV,BBG001S92GV5,1,false,7.850000,7.890000,1.273885,0.509554,false,0.000000,execution_costs_v1.0,0.000000,0.000000,,,,
2024-07-29,VICR,BBG001S6JQ96,0,false,40.390000,40.260000,1.658826,-0.321862,false,0.000000,execution_costs_v1.0,0.000000,0.000000,,,,
2024-07-29,VINP,0001826286,0,false,11.590000,11.540000,0.085418,-0.431406,false,0.000000,execution_costs_v1.0,0.000000,0.000000,,,,
2024-07-29,VIR,BBG00H2QQ8V2,0,false,10.730000,10.480000,1.071761,-2.329916,false,0.000000,execution_costs_v1.0,0.000000,0.000000,,,,
2024-07-29,VIRT,BBG0064N2T87,0,false,28.450000,27.890000,0.000000,-1.968366,false,0.000000,execution_costs_v1.0,0.000000,0.000000,,,,
2024-07-29,VITL,BBG006XWWBM5,0,false,36.640000,36.820000,1.282751,0.491266,false,0.000000,execution_costs_v1.0,0.000000,0.000000,,,,
2024-07-29,VKTX,BBG006LGV887,36,true,66.010000,61.221700,3.726708,-7.253901,false,0.000000,execution_costs_v1.0,0.000000,0.000000,,,,
2024-07-29,VLD,BBG00YZ5PM72,1,false,3.010000,2.890000,1.162791,-3.986711,false,0.000000,execution_costs_v1.0,0.000000,0.000000,,,,
2024-07-29,VLGEA,BBG001S5X8H3,0,false,30.560000,29.890000,0.000000,-2.192408,false,0.000000,execution_costs_v1.0,0.000000,0.000000,,,,
2024-07-29,VLY,BBG001S7H654,0,false,8.230000,8.030000,0.668287,-2.430134,false,0.000000,execution_costs_v1.0,0.000000,0.000000,,,,
2024-07-29,VMEO,BBG00ZNSSLJ8,1,false,3.890000,3.785000,0.257069,-2.699229,false,0.000000,execution_costs_v1.0,0.000000,0.000000,,,,
2024-07-29,VMI,BBG001S5X650,0,false,302.000000,298.770000,0.089404,-1.069536,false,0.000000,execution_costs_v1.0,0.000000,0.000000,,,,
2024-07-29,VNDA,BBG001SP95N5,0,false,6.200000,6.005000,0.161290,-3.145161,false,0.000000,execution_costs_v1.0,0.000000,0.000000,,,,
2024-07-29,VNO,BBG001S5X909,1,false,29.410000,29.640000,1.530092,0.782047,false,0.000000,execution_costs_v1.0,0.000000,0.000000,,,,
2024-07-29,VNOM,BBG006G57XH9,0,false,42.650000,41.545000,0.333646,-2.590856,false,0.000000,execution_costs_v1.0,0.000000,0.000000,,,,
2024-07-29,VNT,BBG00RRGSKH2,0,false,39.270000,39.370000,1.247263,0.254647,false,0.000000,execution_costs_v1.0,0.000000,0.000000,,,,
2024-07-29,VOYA,BBG001S6QQP0,0,false,73.600000,73.630000,0.360054,0.040761,false,0.000000,execution_costs_v1.0,0.000000,0.000000,,,,
2024-07-29,VPG,BBG001T5X9F2,0,false,34.340000,33.790000,0.116482,-1.601631,false,0.000000,execution_costs_v1.0,0.000000,0.000000,,,,
2024-07-29,VRCA,BBG00L03BZ24,3,false,7.270000,7.050000,0.825309,-3.026135,false,0.000000,execution_costs_v1.0,0.000000,0.000000,,,,
2024-07-29,VRDN,BBG002H24301,9,false,17.910000,17.320000,0.044668,-3.294249,false,0.000000,execution_costs_v1.0,0.000000,0.000000,,,,
2024-07-29,VRE,BBG001S825N0,0,false,16.090000,16.010000,0.310752,-0.497203,false,0.000000,execution_costs_v1.0,0.000000,0.000000,,,,
2024-07-29,VREX,BBG00CZNLR38,0,false,14.570000,14.620000,1.098147,0.343171,false,0.000000,execution_costs_v1.0,0.000000,0.000000,,,,
2024-07-29,VRM,BBG009NGKQM5,0,false,9.210000,8.890000,0.108578,-3.474484,false,0.000000,execution_costs_v1.0,0.000000,0.000000,,,,
2024-07-29,VRNS,BBG001Y04TP4,0,false,48.850000,48.440000,2.292733,-0.839304,false,0.000000,execution_costs_v1.0,0.000000,0.000000,,,,
2024-07-29,VRNT,BBG001S6V8N6,1,false,35.300000,35.170000,0.623229,-0.368272,false,0.000000,execution_costs_v1.0,0.000000,0.000000,,,,
2024-07-29,VRRM,BBG00G4XQBP7,0,false,30.500000,30.095000,0.655738,-1.327869,false,0.000000,execution_costs_v1.0,0.000000,0.000000,,,,
2024-07-29,VRTS,BBG001T1QKH2,0,false,232.240000,226.290000,0.000000,-2.562005,false,0.000000,execution_costs_v1.0,0.000000,0.000000,,,,
2024-07-29,VSAT,BBG001S98NF2,1,false,20.360000,19.540000,1.481827,-4.027505,false,0.000000,execution_costs_v1.0,0.000000,0.000000,,,,
2024-07-29,VSCO,BBG01103B480,0,false,18.630000,18.080000,0.000000,-2.952228,false,0.000000,execution_costs_v1.0,0.000000,0.000000,,,,
2024-07-29,VSEC,BBG001S5X9Z1,0,false,91.840000,89.900000,0.451873,-2.112369,false,0.000000,execution_costs_v1.0,0.000000,0.000000,,,,
2024-07-29,VSH,BBG001S5XB04,0,false,24.200000,24.070000,1.446281,-0.537190,false,0.000000,execution_costs_v1.0,0.000000,0.000000,,,,
2024-07-29,VSTO,BBG006F8QZL3,0,false,38.750000,38.850000,0.541935,0.258065,false,0.000000,execution_costs_v1.0,0.000000,0.000000,,,,
2024-07-29,VSTS,BBG001SGVMS8,0,false,12.470000,12.690000,2.165196,1.764234,false,0.000000,execution_costs_v1.0,0.000000,0.000000,,,,
2024-07-29,VTEX,0001793663,0,false,6.650000,6.330000,0.075188,-4.812030,false,0.000000,execution_costs_v1.0,0.000000,0.000000,,,,
2024-07-29,VTLE,BBG001T24DQ0,0,false,43.610000,43.040000,0.687916,-1.307040,false,0.000000,execution_costs_v1.0,0.000000,0.000000,,,,
2024-07-29,VTOL,BBG001YH8QJ6,0,false,37.420000,36.830000,0.213522,-1.576697,false,0.000000,execution_costs_v1.0,0.000000,0.000000,,,,
2024-07-29,VTRS,BBG00Y52JV51,0,false,12.050000,11.890000,0.207469,-1.327801,false,0.000000,execution_costs_v1.0,0.000000,0.000000,,,,
2024-07-29,VTS,BBG01B9G0J34,0,false,26.050000,25.130000,0.556622,-3.531670,false,0.000000,execution_costs_v1.0,0.000000,0.000000,,,,
2024-07-29,VVI,BBG001S77S57,0,false,34.720000,34.140000,1.008065,-1.670507,false,0.000000,execution_costs_v1.0,0.000000,0.000000,,,,
2024-07-29,VVV,BBG003DNHV65,0,false,45.610000,45.900000,1.622451,0.635825,false,0.000000,execution_costs_v1.0,0.000000,0.000000,,,,
2024-07-29,VVX,BBG005PG80L3,0,false,52.170000,51.480000,0.000000,-1.322599,false,0.000000,execution_costs_v1.0,0.000000,0.000000,,,,
2024-07-29,VYGR,BBG005ZSY242,0,false,9.260000,9.110000,0.647948,-1.619870,false,0.000000,execution_costs_v1.0,0.000000,0.000000,,,,
2024-07-29,VYX,BBG001S9FBR7,0,false,14.760000,14.905000,1.626016,0.982385,false,0.000000,execution_costs_v1.0,0.000000,0.000000,,,,
2024-07-29,VZIO,BBG00ZHDJWD0,0,false,10.990000,11.010000,0.272066,0.181984,false,0.000000,execution_costs_v1.0,0.000000,0.000000,,,,
2024-07-29,VZLA,BBG00L1MK0Z2,0,false,1.980000,1.955000,2.020202,-1.262626,false,0.000000,execution_costs_v1.0,0.000000,0.000000,,,,
2024-07-29,W,BBG001THKQ26,19,true,53.825000,54.020000,1.978634,0.362285,false,0.000000,execution_costs_v1.0,0.000000,0.000000,,,,
2024-07-29,WABC,BBG001S7XYL7,0,false,55.990000,54.280000,0.000000,-3.054117,false,0.000000,execution_costs_v1.0,0.000000,0.000000,,,,
2024-07-29,WAFD,BBG001S5XF96,0,false,35.990000,35.380000,0.000000,-1.694915,false,0.000000,execution_costs_v1.0,0.000000,0.000000,,,,
2024-07-29,WAL,BBG001SLM522,2,false,81.990000,80.090000,0.445176,-2.317356,false,0.000000,execution_costs_v1.0,0.000000,0.000000,,,,
2024-07-29,WALD,0001840199,0,false,3.350000,3.320000,0.000000,-0.895522,false,0.000000,execution_costs_v1.0,0.000000,0.000000,,,,
2024-07-29,WASH,BBG001S5XC66,0,false,32.570000,31.710000,0.000000,-2.640467,false,0.000000,execution_costs_v1.0,0.000000,0.000000,,,,
2024-07-29,WBA,BBG001S5XBY7,9,false,11.850000,11.930000,1.772152,0.675105,false,0.000000,execution_costs_v1.0,0.000000,0.000000,,,,
2024-07-29,WBS,BBG001S5XCP5,0,false,48.920000,48.290000,0.081766,-1.287817,false,0.000000,execution_costs_v1.0,0.000000,0.000000,,,,
2024-07-29,WCC,BBG001SCRP78,2,false,170.500000,172.010000,1.847507,0.885630,false,0.000000,execution_costs_v1.0,0.000000,0.000000,,,,
2024-07-29,WD,BBG001T0JGM5,0,false,108.700000,107.480000,0.000000,-1.122355,false,0.000000,execution_costs_v1.0,0.000000,0.000000,,,,
2024-07-29,WDFC,BBG001S5XD46,0,false,267.600000,270.640000,1.378924,1.136024,false,0.000000,execution_costs_v1.0,0.000000,0.000000,,,,
2024-07-29,WEAV,BBG00BCHPRQ9,0,false,10.400000,10.230000,0.961538,-1.634615,false,0.000000,execution_costs_v1.0,0.000000,0.000000,,,,
2024-07-29,WEN,BBG001S7HBX2,4,false,16.810000,17.090000,2.439024,1.665675,false,0.000000,execution_costs_v1.0,0.000000,0.000000,,,,
2024-07-29,WERN,BBG001S5XDR1,0,false,39.060000,39.310000,1.817716,0.640041,false,0.000000,execution_costs_v1.0,0.000000,0.000000,,,,
2024-07-29,WEST,BBG016LHSFJ0,0,false,10.070000,10.120000,0.496524,0.496524,false,0.000000,execution_costs_v1.0,0.000000,0.000000,,,,
2024-07-29,WEX,BBG001SCJLG6,0,false,183.200000,186.560000,3.116812,1.834061,false,0.000000,execution_costs_v1.0,0.000000,0.000000,,,,
2024-07-29,WEYS,BBG001S5XF05,0,false,33.440000,33.630000,0.657895,0.568182,false,0.000000,execution_costs_v1.0,0.000000,0.000000,,,,
2024-07-29,WFG,BBG001S60WD8,0,false,87.420000,86.690000,0.000000,-0.835049,false,0.000000,execution_costs_v1.0,0.000000,0.000000,,,,
2024-07-29,WFRD,0001603923,1,false,117.790000,115.120000,3.310977,-2.266746,false,0.000000,execution_costs_v1.0,0.000000,0.000000,,,,
2024-07-29,WGO,BBG001S5XFG8,0,false,60.660000,61.740000,2.027695,1.780415,false,0.000000,execution_costs_v1.0,0.000000,0.000000,,,,
2024-07-29,WGS,BBG00XDHY5R7,0,false,33.540000,33.640000,2.713178,0.298151,false,0.000000,execution_costs_v1.0,0.000000,0.000000,,,,
2024-07-29,WH,BBG00HCY3Q76,0,false,76.500000,77.090000,1.098039,0.771242,false,0.000000,execution_costs_v1.0,0.000000,0.000000,,,,
2024-07-29,WHD,BBG00JRH1Q02,0,false,60.960000,61.310000,0.803806,0.574147,false,0.000000,execution_costs_v1.0,0.000000,0.000000,,,,
2024-07-29,WHLR,BBG0025F8C10,1,false,8.960000,8.590000,0.000000,-4.129464,false,0.000000,execution_costs_v1.0,0.000000,0.000000,,,,
2024-07-29,WHR,BBG001S5XFS5,0,false,99.520000,99.370000,0.482315,-0.150723,false,0.000000,execution_costs_v1.0,0.000000,0.000000,,,,
2024-07-29,WINA,BBG001S8RR00,0,false,406.990000,394.890000,0.002457,-2.973046,false,0.000000,execution_costs_v1.0,0.000000,0.000000,,,,
2024-07-29,WING,BBG008N298X9,0,false,371.240000,367.110000,1.099020,-1.112488,false,0.000000,execution_costs_v1.0,0.000000,0.000000,,,,
2024-07-29,WIX,0001576789,0,false,156.810000,155.940000,0.867292,-0.554812,false,0.000000,execution_costs_v1.0,0.000000,0.000000,,,,
2024-07-29,WK,BBG007BVZ8J7,0,false,74.690000,73.190000,0.294417,-2.008301,false,0.000000,execution_costs_v1.0,0.000000,0.000000,,,,
2024-07-29,WKC,BBG001S5S9J5,0,false,27.120000,27.800000,2.802360,2.507375,false,0.000000,execution_costs_v1.0,0.000000,0.000000,,,,
2024-07-29,WKHS,BBG001SD7PS5,6,false,1.510000,1.480000,0.662252,-1.986755,false,0.000000,execution_costs_v1.0,0.000000,0.000000,,,,
2024-07-29,WKME,0001847584,0,false,13.860000,13.850000,0.216450,-0.072150,false,0.000000,execution_costs_v1.0,0.000000,0.000000,,,,
2024-07-29,WLDN,BBG001SNM0H3,0,false,33.670000,33.465000,0.891001,-0.608851,false,0.000000,execution_costs_v1.0,0.000000,0.000000,,,,
2024-07-29,WLFC,BBG001S934S5,0,false,86.350000,85.990000,0.000000,-0.416908,false,0.000000,execution_costs_v1.0,0.000000,0.000000,,,,
2024-07-29,WLKP,BBG006F8Q8C3,0,false,23.100000,22.900000,0.086580,-0.865801,false,0.000000,execution_costs_v1.0,0.000000,0.000000,,,,
2024-07-29,WLY,BBG001S8K9L4,0,false,47.400000,47.400000,0.443038,0.000000,false,0.000000,execution_costs_v1.0,0.000000,0.000000,,,,
2024-07-29,WMK,BBG001S5XH56,0,false,74.960000,74.680000,0.000000,-0.373533,false,0.000000,execution_costs_v1.0,0.000000,0.000000,,,,
2024-07-29,WMS,BBG001SH4LQ0,0,false,175.000000,174.040000,0.880000,-0.548571,false,0.000000,execution_costs_v1.0,0.000000,0.000000,,,,
2024-07-29,WNC,BBG001S6W2K1,0,false,21.150000,20.760000,0.945626,-1.843972,false,0.000000,execution_costs_v1.0,0.000000,0.000000,,,,
2024-07-29,WNS,BBG001SBK8N7,0,false,58.030000,57.190000,1.120110,-1.447527,false,0.000000,execution_costs_v1.0,0.000000,0.000000,,,,
2024-07-29,WOLF,BBG001S6YWT4,14,true,19.590000,18.990000,3.266973,-3.062787,false,0.000000,execution_costs_v1.0,0.000000,0.000000,,,,
2024-07-29,WOOF,BBG00YFGTWH3,7,false,3.590000,3.355000,0.000000,-6.545961,false,0.000000,execution_costs_v1.0,0.000000,0.000000,,,,
2024-07-29,WOR,BBG001S6XN51,0,false,50.910000,50.610000,0.608918,-0.589275,false,0.000000,execution_costs_v1.0,0.000000,0.000000,,,,
2024-07-29,WOW,BBG00GBB6WG3,0,false,5.240000,5.310000,3.244275,1.335878,false,0.000000,execution_costs_v1.0,0.000000,0.000000,,,,
2024-07-29,WPC,BBG001S67MM3,0,false,60.730000,60.880000,0.543389,0.246995,false,0.000000,execution_costs_v1.0,0.000000,0.000000,,,,
2024-07-29,WRB,BBG001S5P463,0,false,54.180000,53.950000,0.535253,-0.424511,false,0.000000,execution_costs_v1.0,0.000000,0.000000,,,,
2024-07-29,WRBY,BBG005DWN8L7,0,false,16.600000,16.020000,0.391566,-3.493976,false,0.000000,execution_costs_v1.0,0.000000,0.000000,,,,
2024-07-29,WRLD,BBG001S6H6C8,0,false,119.750000,122.265000,2.997912,2.100209,false,0.000000,execution_costs_v1.0,0.000000,0.000000,,,,
2024-07-29,WS,BBG01JPM5041,0,false,39.630000,39.230000,1.514005,-1.009336,false,0.000000,execution_costs_v1.0,0.000000,0.000000,,,,
2024-07-29,WSBC,BBG001S5XJR8,0,false,33.000000,32.120000,1.151515,-2.666667,false,0.000000,execution_costs_v1.0,0.000000,0.000000,,,,
2024-07-29,WSBF,BBG001SNPYP7,0,false,15.420000,14.830000,0.000000,-3.826200,false,0.000000,execution_costs_v1.0,0.000000,0.000000,,,,
2024-07-29,WSC,BBG00B0FS9V7,1,false,41.070000,41.380000,0.949598,0.754809,false,0.000000,execution_costs_v1.0,0.000000,0.000000,,,,
2024-07-29,WSFS,BBG001S5XJX1,0,false,57.420000,56.520000,0.339603,-1.567398,false,0.000000,execution_costs_v1.0,0.000000,0.000000,,,,
2024-07-29,WSM,BBG001SBW7S1,0,false,156.720000,153.640000,0.000000,-1.965288,false,0.000000,execution_costs_v1.0,0.000000,0.000000,,,,
2024-07-29,WSR,BBG001SM3736,0,false,13.920000,13.700000,0.287356,-1.580460,false,0.000000,execution_costs_v1.0,0.000000,0.000000,,,,
2024-07-29,WT,BBG001SD2W32,1,false,11.750000,11.630000,1.021277,-1.021277,false,0.000000,execution_costs_v1.0,0.000000,0.000000,,,,
2024-07-29,WTBA,BBG001S5R194,0,false,20.670000,19.940000,0.000000,-3.531688,false,0.000000,execution_costs_v1.0,0.000000,0.000000,,,,
2024-07-29,WTFC,BBG001S945T0,0,false,110.150000,108.270000,0.000000,-1.706764,false,0.000000,execution_costs_v1.0,0.000000,0.000000,,,,
2024-07-29,WTI,BBG001SLLWL3,0,false,2.380000,2.355000,1.260504,-1.050420,false,0.000000,execution_costs_v1.0,0.000000,0.000000,,,,
2024-07-29,WTRG,BBG001S5VFD3,0,false,40.710000,40.440000,0.122820,-0.663228,false,0.000000,execution_costs_v1.0,0.000000,0.000000,,,,
2024-07-29,WTS,BBG001S6N6Y7,0,false,205.630000,204.300000,1.145261,-0.646793,false,0.000000,execution_costs_v1.0,0.000000,0.000000,,,,
2024-07-29,WTTR,BBG00G4Y2F27,0,false,11.550000,11.510000,1.298701,-0.346320,false,0.000000,execution_costs_v1.0,0.000000,0.000000,,,,
2024-07-29,WU,BBG001SR0YK0,2,false,12.780000,12.870000,1.330203,0.704225,false,0.000000,execution_costs_v1.0,0.000000,0.000000,,,,
2024-07-29,WULF,BBG0122MC919,40,true,4.530000,4.130000,1.103753,-8.830022,false,0.000000,execution_costs_v1.0,0.000000,0.000000,,,,
2024-07-29,WVE,0001631574,0,false,6.550000,6.520000,0.305344,-0.458015,false,0.000000,execution_costs_v1.0,0.000000,0.000000,,,,
2024-07-29,WWD,BBG001S6YZC5,0,false,182.830000,183.330000,1.115791,0.273478,false,0.000000,execution_costs_v1.0,0.000000,0.000000,,,,
2024-07-29,WWW,BBG001S5XKW9,0,false,14.570000,14.555000,1.029513,-0.102951,false,0.000000,execution_costs_v1.0,0.000000,0.000000,,,,
2024-07-29,WYNN,BBG001SJZ2V8,3,false,81.700000,82.500000,1.309670,0.979192,false,0.000000,execution_costs_v1.0,0.000000,0.000000,,,,
2024-07-29,X,BBG001S5XL75,1,false,40.650000,40.930000,1.107011,0.688807,false,0.000000,execution_costs_v1.0,0.000000,0.000000,,,,
2024-07-29,XENE,BBG002VBMLS5,0,false,43.960000,43.860000,0.545951,-0.227480,false,0.000000,execution_costs_v1.0,0.000000,0.000000,,,,
2024-07-29,XERS,BBG012V1MG61,0,false,2.630000,2.530000,1.520913,-3.802281,false,0.000000,execution_costs_v1.0,0.000000,0.000000,,,,
2024-07-29,XHR,BBG006YP1L50,0,false,14.290000,14.240000,0.629811,-0.349895,false,0.000000,execution_costs_v1.0,0.000000,0.000000,,,,
2024-07-29,XMTR,BBG00BDCCVB0,0,false,15.340000,15.060000,0.847458,-1.825293,false,0.000000,execution_costs_v1.0,0.000000,0.000000,,,,
2024-07-29,XNCR,BBG0026ZG4X9,0,false,21.390000,21.020000,2.103787,-1.729780,false,0.000000,execution_costs_v1.0,0.000000,0.000000,,,,
2024-07-29,XOMA,BBG001S5XLP5,0,false,29.270000,27.260000,1.059105,-6.867099,false,0.000000,execution_costs_v1.0,0.000000,0.000000,,,,
2024-07-29,XP,0001787425,1,false,17.810000,17.620000,0.533408,-1.066816,false,0.000000,execution_costs_v1.0,0.000000,0.000000,,,,
2024-07-29,XPEL,BBG001S6JQ87,0,false,39.770000,39.640000,1.181795,-0.326880,false,0.000000,execution_costs_v1.0,0.000000,0.000000,,,,
2024-07-29,XPER,BBG019FGSTG6,1,false,8.070000,7.960000,0.743494,-1.363073,false,0.000000,execution_costs_v1.0,0.000000,0.000000,,,,
2024-07-29,XPO,BBG001SJW3C0,0,false,110.140000,110.390000,3.186853,0.226984,false,0.000000,execution_costs_v1.0,0.000000,0.000000,,,,
2024-07-29,XPOF,BBG011M1TY49,0,false,17.900000,17.900000,0.279330,0.000000,false,0.000000,execution_costs_v1.0,0.000000,0.000000,,,,
2024-07-29,XPRO,0001575828,0,false,22.680000,22.120000,0.661376,-2.469136,false,0.000000,execution_costs_v1.0,0.000000,0.000000,,,,
2024-07-29,XRAY,BBG001S5XLV8,0,false,26.190000,26.445000,1.164567,0.973654,false,0.000000,execution_costs_v1.0,0.000000,0.000000,,,,
2024-07-29,XRX,BBG00NNG2ZK6,2,false,11.100000,11.310000,3.108108,1.891892,false,0.000000,execution_costs_v1.0,0.000000,0.000000,,,,
2024-07-29,YELP,BBG001T6C2W9,0,false,36.560000,36.530000,0.902626,-0.082057,false,0.000000,execution_costs_v1.0,0.000000,0.000000,,,,
2024-07-29,YETI,BBG00D8JC891,0,false,39.120000,39.860000,2.479550,1.891616,false,0.000000,execution_costs_v1.0,0.000000,0.000000,,,,
2024-07-29,YEXT,BBG001V12329,0,false,5.870000,5.750000,0.000000,-2.044293,false,0.000000,execution_costs_v1.0,0.000000,0.000000,,,,
2024-07-29,YMAB,BBG00J2DBN04,0,false,12.500000,12.190000,2.080000,-2.480000,false,0.000000,execution_costs_v1.0,0.000000,0.000000,,,,
2024-07-29,YORW,BBG001S6YWZ7,0,false,41.420000,40.710000,0.845002,-1.714148,false,0.000000,execution_costs_v1.0,0.000000,0.000000,,,,
2024-07-29,YOU,BBG011C0FSZ6,1,false,21.290000,20.740000,0.516674,-2.583372,false,0.000000,execution_costs_v1.0,0.000000,0.000000,,,,
2024-07-29,YUMC,BBG00B8N0HH0,0,false,29.880000,30.110000,1.238286,0.769746,false,0.000000,execution_costs_v1.0,0.000000,0.000000,,,,
2024-07-29,Z,BBG009NRSWK2,0,false,49.500000,49.140000,1.555556,-0.727273,false,0.000000,execution_costs_v1.0,0.000000,0.000000,,,,
2024-07-29,ZAPP,0001955104,2,false,9.880000,9.500000,12.348178,-3.846154,true,0.000000,execution_costs_v1.0,0.000000,0.000000,,,,
2024-07-29,ZD,BBG001SD21P6,0,false,48.790000,48.990000,1.824144,0.409920,false,0.000000,execution_costs_v1.0,0.000000,0.000000,,,,
2024-07-29,ZETA,BBG010FXVQB5,11,true,21.520000,20.920000,0.557621,-2.788104,false,0.000000,execution_costs_v1.0,0.000000,0.000000,,,,
2024-07-29,ZEUS,BBG001S5XN26,0,false,50.400000,49.160000,0.793651,-2.460317,false,0.000000,execution_costs_v1.0,0.000000,0.000000,,,,
2024-07-29,ZGN,0001877787,0,false,11.140000,11.150000,0.359066,0.089767,false,0.000000,execution_costs_v1.0,0.000000,0.000000,,,,
2024-07-29,ZI,BBG00S1HJ4F4,2,false,11.670000,11.305000,0.000000,-3.127678,false,0.000000,execution_costs_v1.0,0.000000,0.000000,,,,
2024-07-29,ZIM,0001654126,33,true,18.350000,18.790000,3.215259,2.397820,false,0.000000,execution_costs_v1.0,0.000000,0.000000,,,,
2024-07-29,ZIMV,BBG014630596,0,false,21.550000,21.210000,0.556845,-1.577726,false,0.000000,execution_costs_v1.0,0.000000,0.000000,,,,
2024-07-29,ZION,BBG001S5XN80,1,false,52.540000,51.810000,0.228207,-1.389418,false,0.000000,execution_costs_v1.0,0.000000,0.000000,,,,
2024-07-29,ZIP,BBG010JBYW41,0,false,9.180000,8.860000,0.435730,-3.485839,false,0.000000,execution_costs_v1.0,0.000000,0.000000,,,,
2024-07-29,ZNTL,BBG00R2K8TG4,0,false,4.470000,4.160000,0.000000,-6.935123,false,0.000000,execution_costs_v1.0,0.000000,0.000000,,,,
2024-07-29,ZUMZ,BBG001SGPKJ9,0,false,24.560000,24.860000,1.710098,1.221498,false,0.000000,execution_costs_v1.0,0.000000,0.000000,,,,
2024-07-29,ZUO,BBG001SS0FH3,0,false,9.540000,9.120000,0.194969,-4.402516,false,0.000000,execution_costs_v1.0,0.000000,0.000000,,,,
2024-07-29,ZWS,BBG001T36GB5,0,false,32.430000,32.240000,1.017576,-0.585877,false,0.000000,execution_costs_v1.0,0.000000,0.000000,,,,
2024-07-29,ZYME,BBG019XSYC98,0,false,10.740000,10.600000,0.186220,-1.303538,false,0.000000,execution_costs_v1.0,0.000000,0.000000,,,,
2024-07-29,ZYXI,BBG001S7T7V0,0,false,8.900000,8.330000,0.000000,-6.404494,false,0.000000,execution_costs_v1.0,0.000000,0.000000,,,,
