orb_version,trading_date,rank,ticker,stable_security_id,relative_volume_open,baseline_sessions_used,direction,selected,selection_status,outside_scout_band,scout_scorable,scout_selected,top_10_mover,opening_volume,opening_volume_baseline,average_daily_volume_14,atr_14_usd,first_candle_open,first_candle_high,first_candle_low,first_candle_close,signal_triggered,paper_long_only_status,paper_long_only_trade_executed,paper_long_only_entry_timestamp,paper_long_only_entry_price,paper_long_only_exit_timestamp,paper_long_only_exit_price,paper_long_only_exit_reason,paper_long_only_position_size_shares,paper_long_only_r_multiple,paper_long_only_mfe_pct,paper_long_only_mae_pct,paper_long_only_gross_realized_return_pct,paper_long_only_gross_realized_pnl_usd,paper_long_only_net_realized_return_pct,paper_long_only_net_realized_pnl_usd,paper_long_short_status,paper_long_short_trade_executed,paper_long_short_entry_timestamp,paper_long_short_entry_price,paper_long_short_exit_timestamp,paper_long_short_exit_price,paper_long_short_exit_reason,paper_long_short_position_size_shares,paper_long_short_r_multiple,paper_long_short_mfe_pct,paper_long_short_mae_pct,paper_long_short_gross_realized_return_pct,paper_long_short_gross_realized_pnl_usd,paper_long_short_net_realized_return_pct,paper_long_short_net_realized_pnl_usd,cash_long_only_status,cash_long_only_trade_executed,cash_long_only_entry_timestamp,cash_long_only_entry_price,cash_long_only_exit_timestamp,cash_long_only_exit_price,cash_long_only_exit_reason,cash_long_only_position_size_shares,cash_long_only_r_multiple,cash_long_only_mfe_pct,cash_long_only_mae_pct,cash_long_only_gross_realized_return_pct,cash_long_only_gross_realized_pnl_usd,cash_long_only_net_realized_return_pct,cash_long_only_net_realized_pnl_usd
orb_v1.0,2024-09-13,1,GEHC,BBG01BFR8YW0,37.61939082635861,14,LONG,True,SELECTED,True,False,False,False,1058830.0,28145.85714285714,1761630.7142857143,1.776928571428568,86.61,87.15,86.4,86.955,False,NOT_TRIGGERED,False,,,,,NOT_TRIGGERED,,,,,0.0,,,,NOT_TRIGGERED,False,,,,,NOT_TRIGGERED,,,,,0.0,,,,NOT_TRIGGERED,False,,,,,NOT_TRIGGERED,,,,,0.0,,,
orb_v1.0,2024-09-13,2,ADBE,BBG001S5NCQ5,15.56830744987889,14,LONG,True,SELECTED,True,False,False,False,1064185.0,68355.85714285714,2171514.6428571427,13.64890000000001,532.565,537.3242,528.0961,533.295,True,TRIGGERED,True,2024-09-13T15:25:00-04:00,537.3242,2024-09-13T15:59:00-04:00,536.8,SESSION_END,18,-0.3840602539399248,0.5482351250883477,-0.1459454087495149,-0.09755748950076404,-9.435600000001159,-0.2775103373345299,-26.84034360000116,TRIGGERED,True,2024-09-13T15:25:00-04:00,537.3242,2024-09-13T15:59:00-04:00,536.8,SESSION_END,18,-0.3840602539399248,0.5482351250883477,-0.1459454087495149,-0.09755748950076404,-9.435600000001159,-0.2775103373345299,-26.84034360000116,CASH_EXHAUSTED,False,,,,,,,,,,,,,
orb_v1.0,2024-09-13,3,ORCL,BBG001S5SJG6,9.403299379684325,14,SHORT,True,SELECTED,True,False,False,False,2096475.0,222951.0,10449324.714285715,4.3811285714285715,173.7,173.935,171.36,171.9,True,SHORT_NOT_ALLOWED,False,,,,,,,,,,,,,,TRIGGERED,True,2024-09-13T09:35:00-04:00,171.36,2024-09-13T09:35:00-04:00,171.86,STOP,57,-1.1412584493884483,0.3326330532213011,-0.42600373482725823,-0.2917833800186741,-28.5,-0.49217203548085897,-48.073002,SHORT_NOT_ALLOWED,False,,,,,,,,,,,,,
orb_v1.0,2024-09-13,4,VSAT,BBG001S98NF2,7.683067528090481,14,SHORT,True,SELECTED,False,False,False,False,207771.0,27042.714285714286,1432346.357142857,0.9645142857142855,14.13,14.15,13.001,13.05,True,SHORT_NOT_ALLOWED,False,,,,,,,,,,,,,,LEVERAGE_CAP_EXCEEDED,False,,,,,,,,,,,,,,SHORT_NOT_ALLOWED,False,,,,,,,,,,,,,
orb_v1.0,2024-09-13,5,PCT,BBG00YRJF230,7.660589973290992,14,LONG,True,SELECTED,False,False,False,False,497627.0,64959.357142857145,2376073.785714286,0.5700357142857142,8.18,8.45,8.0388,8.365,True,TRIGGERED,True,2024-09-13T09:35:00-04:00,8.45,2024-09-13T09:35:00-04:00,8.37,STOP,438,-1.4034208382933413,0.7100591715976323,-1.0650887573964485,-0.9467455621301784,-35.040000000000035,-1.545869822485208,-57.214188000000036,LEVERAGE_CAP_EXCEEDED,False,,,,,,,,,,,,,,CASH_EXHAUSTED,False,,,,,,,,,,,,,
orb_v1.0,2024-09-13,6,ENVX,BBG00YC538B7,6.9475357744409365,14,SHORT,True,SELECTED,False,True,False,False,934849.0,134558.35714285713,4851896.142857143,0.6423142857142856,10.09,10.19,9.552,9.87,True,SHORT_NOT_ALLOWED,False,,,,,,,,,,,,,,TRIGGERED,True,2024-09-13T11:38:00-04:00,9.552,2024-09-13T11:41:00-04:00,9.616231428571428,STOP,389,-0.9999999999999989,0.12562814070352235,-0.711892797319929,-0.6724395788466133,-24.986025714285685,-1.2761947535295517,-47.41992579142854,SHORT_NOT_ALLOWED,False,,,,,,,,,,,,,
orb_v1.0,2024-09-13,7,PLCE,BBG001SB8708,5.95273793419138,14,LONG,True,SELECTED,True,False,False,False,665079.0,111726.57142857143,6591198.428571428,0.9497285714285713,11.63,13.47,11.51,13.17,True,TRIGGERED,True,2024-09-13T11:00:00-04:00,13.47,2024-09-13T11:00:00-04:00,13.375027142857144,STOP,263,-0.9999999999999936,0.9651076466221209,-0.965107646622132,-0.7050694665393952,-24.977861428571266,-1.0650327097253107,-37.729955277999835,TRIGGERED,True,2024-09-13T11:00:00-04:00,13.47,2024-09-13T11:00:00-04:00,13.375027142857144,STOP,263,-0.9999999999999936,0.9651076466221209,-0.965107646622132,-0.7050694665393952,-24.977861428571266,-1.0650327097253107,-37.729955277999835,CASH_EXHAUSTED,False,,,,,,,,,,,,,
orb_v1.0,2024-09-13,8,UBER,BBG002B04MW4,5.82873434921206,14,SHORT,True,SELECTED,True,False,False,False,2138414.0,366874.5,11738707.785714285,2.0618142857142865,72.4,72.59,71.05,71.935,True,SHORT_NOT_ALLOWED,False,,,,,,,,,,,,,,TRIGGERED,True,2024-09-13T11:30:00-04:00,71.05,2024-09-13T11:31:00-04:00,71.25618142857142,STOP,121,-0.9999999999999886,0.15482054890921806,-0.2955665024630654,-0.29019201769377384,-24.94795285714258,-0.49071584799436696,-42.18708680999973,SHORT_NOT_ALLOWED,False,,,,,,,,,,,,,
orb_v1.0,2024-09-13,9,CNP,BBG001SB10S0,5.753962160122781,14,SHORT,True,SELECTED,True,False,False,False,465154.0,80840.64285714286,6199017.142857143,0.5066071428571427,27.71,27.72,26.32,27.46,False,SHORT_NOT_ALLOWED,False,,,,,,,,,,,,,,NOT_TRIGGERED,False,,,,,NOT_TRIGGERED,,,,,0.0,,,,SHORT_NOT_ALLOWED,False,,,,,,,,,,,,,
orb_v1.0,2024-09-13,10,OBLG,BBG001SB02Q9,5.617851176756676,14,SHORT,True,SELECTED,True,False,False,False,189767.0,33779.28571428572,3300958.0,1.0105,6.01,6.26,5.3,5.3,True,SHORT_NOT_ALLOWED,False,,,,,,,,,,,,,,TRIGGERED,True,2024-09-13T09:39:00-04:00,5.25,2024-09-13T09:39:00-04:00,5.35105,STOP,247,-0.9999999999999987,0.9409523809523873,-4.761904761904762,-1.924761904761902,-24.959349999999965,-2.5336980952380923,-32.85573004999996,SHORT_NOT_ALLOWED,False,,,,,,,,,,,,,
orb_v1.0,2024-09-13,11,U,BBG0056JW5H5,5.500748956028051,14,LONG,True,SELECTED,False,True,False,False,2284419.0,415292.35714285716,13817757.07142857,1.2739214285714282,19.59,20.19,19.39,20.18,True,TRIGGERED,True,2024-09-13T09:35:00-04:00,20.19,2024-09-13T09:53:00-04:00,20.062607857142858,STOP,196,-1.0000000000000047,2.5750371471025213,-1.1391778107974315,-0.6309665322295364,-24.968860000000106,-0.9906529816740988,-39.20251605200011,LEVERAGE_CAP_EXCEEDED,False,,,,,,,,,,,,,,CASH_EXHAUSTED,False,,,,,,,,,,,,,
orb_v1.0,2024-09-13,12,W,BBG001THKQ26,4.869671060026978,14,LONG,True,SELECTED,False,False,False,False,396074.0,81334.85714285714,3756604.0714285714,2.367521428571428,47.32,48.06,46.76,47.83,True,TRIGGERED,True,2024-09-13T09:36:00-04:00,48.06,2024-09-13T09:36:00-04:00,47.795,STOP,105,-1.119314050559207,0.0472326258843081,-0.769870994590105,-0.5513940907199345,-27.82500000000006,-0.7511880982105713,-37.90720500000006,TRIGGERED,True,2024-09-13T09:36:00-04:00,48.06,2024-09-13T09:36:00-04:00,47.795,STOP,105,-1.119314050559207,0.0472326258843081,-0.769870994590105,-0.5513940907199345,-27.82500000000006,-0.7511880982105713,-37.90720500000006,CASH_EXHAUSTED,False,,,,,,,,,,,,,
orb_v1.0,2024-09-13,13,SDRL,0001737706,4.698181194234729,14,LONG,True,SELECTED,False,False,False,False,136905.0,29140.0,1360671.857142857,1.4985714285714289,39.01,39.83,38.88,39.35,True,TRIGGERED,True,2024-09-13T10:15:00-04:00,39.83,2024-09-13T10:38:00-04:00,39.680142857142854,STOP,166,-1.0000000000000062,0.6025608837559648,-0.5508410745669101,-0.37624188515476725,-24.87628571428587,-0.5762824145475437,-38.10252542857158,TRIGGERED,True,2024-09-13T10:15:00-04:00,39.83,2024-09-13T10:38:00-04:00,39.680142857142854,STOP,166,-1.0000000000000062,0.6025608837559648,-0.5508410745669101,-0.37624188515476725,-24.87628571428587,-0.5762824145475437,-38.10252542857158,CASH_EXHAUSTED,False,,,,,,,,,,,,,
orb_v1.0,2024-09-13,14,FLNC,BBG012QSDTD2,4.481469060199148,14,LONG,True,SELECTED,False,False,False,False,268206.0,59847.78571428572,1747275.5714285714,1.216707142857143,22.0,22.3,21.78,22.15,True,TRIGGERED,True,2024-09-13T09:38:00-04:00,22.3,2024-09-13T09:41:00-04:00,22.178329285714288,STOP,205,-0.9999999999999909,0.8520179372197179,-0.672645739910327,-0.5456085842408663,-24.942496428571204,-0.9053708834080668,-41.389029934999776,TRIGGERED,True,2024-09-13T09:38:00-04:00,22.3,2024-09-13T09:41:00-04:00,22.178329285714288,STOP,205,-0.9999999999999909,0.8520179372197179,-0.672645739910327,-0.5456085842408663,-24.942496428571204,-0.9053708834080668,-41.389029934999776,CASH_EXHAUSTED,False,,,,,,,,,,,,,
orb_v1.0,2024-09-13,15,VLTO,BBG019Q32XK7,4.193398756872093,14,SHORT,True,SELECTED,True,False,False,False,74260.0,17708.785714285714,1388765.857142857,1.5517857142857139,110.0,110.04,109.3,109.93,False,SHORT_NOT_ALLOWED,False,,,,,,,,,,,,,,NOT_TRIGGERED,False,,,,,NOT_TRIGGERED,,,,,0.0,,,,SHORT_NOT_ALLOWED,False,,,,,,,,,,,,,
orb_v1.0,2024-09-13,16,KKR,BBG001S6PW05,4.147318540663095,14,LONG,True,SELECTED,True,False,False,False,188671.0,45492.28571428572,2634583.4285714286,3.3769285714285715,120.96,122.43,120.96,122.43,True,LEVERAGE_CAP_EXCEEDED,False,,,,,,,,,,,,,,LEVERAGE_CAP_EXCEEDED,False,,,,,,,,,,,,,,CASH_EXHAUSTED,False,,,,,,,,,,,,,
orb_v1.0,2024-09-13,17,LYFT,BBG004M9ZHY4,4.146638265379376,14,LONG,True,SELECTED,False,False,False,False,1283147.0,309442.71428571426,10435922.142857144,0.5328499999999999,11.43,11.52,11.27,11.485,False,NOT_TRIGGERED,False,,,,,NOT_TRIGGERED,,,,,0.0,,,,NOT_TRIGGERED,False,,,,,NOT_TRIGGERED,,,,,0.0,,,,NOT_TRIGGERED,False,,,,,NOT_TRIGGERED,,,,,0.0,,,
orb_v1.0,2024-09-13,18,CORZ,BBG01L5GH1G3,4.1062566683532715,14,LONG,True,SELECTED,False,False,False,False,1045731.0,254667.7142857143,9217044.0,0.7757142857142856,10.5,10.86,10.46,10.855,True,LEVERAGE_CAP_EXCEEDED,False,,,,,,,,,,,,,,LEVERAGE_CAP_EXCEEDED,False,,,,,,,,,,,,,,CASH_EXHAUSTED,False,,,,,,,,,,,,,
orb_v1.0,2024-09-13,19,YUMC,BBG00B8N0HH0,4.005885541830153,14,SHORT,True,SELECTED,False,False,False,False,346247.0,86434.57142857143,2556159.4285714286,0.8427857142857148,34.55,34.5656,34.36,34.37,False,SHORT_NOT_ALLOWED,False,,,,,,,,,,,,,,NOT_TRIGGERED,False,,,,,NOT_TRIGGERED,,,,,0.0,,,,SHORT_NOT_ALLOWED,False,,,,,,,,,,,,,
orb_v1.0,2024-09-13,20,DASH,BBG005D7QCK1,3.910473521236388,14,LONG,True,SELECTED,True,False,False,False,181582.0,46434.78571428572,2397477.9285714286,3.360614285714285,131.09,132.24,130.8584,131.65,True,LEVERAGE_CAP_EXCEEDED,False,,,,,,,,,,,,,,LEVERAGE_CAP_EXCEEDED,False,,,,,,,,,,,,,,CASH_EXHAUSTED,False,,,,,,,,,,,,,
orb_v1.0,2024-09-13,21,ETR,BBG001S67KF5,3.706800905777276,14,LONG,False,BEYOND_TOP_N,True,False,False,False,125812.0,33940.857142857145,1755398.2857142857,1.6703500000000002,124.85,125.98,124.85,125.195,True,BEYOND_TOP_N,False,,,,,,,,,,,,,,BEYOND_TOP_N,False,,,,,,,,,,,,,,BEYOND_TOP_N,False,,,,,,,,,,,,,
orb_v1.0,2024-09-13,22,TNON,BBG013GDWXJ8,3.690222923657101,14,LONG,False,BEYOND_TOP_N,True,False,False,False,295449.0,80062.64285714286,2908877.5714285714,0.9777465,12.8,13.64,12.25,13.64,True,BEYOND_TOP_N,False,,,,,,,,,,,,,,BEYOND_TOP_N,False,,,,,,,,,,,,,,BEYOND_TOP_N,False,,,,,,,,,,,,,
orb_v1.0,2024-09-13,23,NRG,BBG001SDD8F0,3.515681075440376,14,LONG,False,BEYOND_TOP_N,True,False,False,False,120563.0,34292.92857142857,2359367.785714286,2.485357142857141,78.75,79.29,77.49,78.93,True,BEYOND_TOP_N,False,,,,,,,,,,,,,,BEYOND_TOP_N,False,,,,,,,,,,,,,,BEYOND_TOP_N,False,,,,,,,,,,,,,
orb_v1.0,2024-09-13,24,ETSY,BBG001T53625,3.51329271774864,14,LONG,False,BEYOND_TOP_N,False,False,False,False,198623.0,56534.71428571428,3595248.4285714286,1.815885714285715,54.28,55.0,53.78,54.36,True,BEYOND_TOP_N,False,,,,,,,,,,,,,,BEYOND_TOP_N,False,,,,,,,,,,,,,,BEYOND_TOP_N,False,,,,,,,,,,,,,
orb_v1.0,2024-09-13,25,CARR,BBG00RP5HZM1,3.3775428215275327,14,LONG,False,BEYOND_TOP_N,True,False,False,False,224892.0,66584.5,3218173.714285714,1.8914214285714266,75.89,76.55,75.64,76.345,True,BEYOND_TOP_N,False,,,,,,,,,,,,,,BEYOND_TOP_N,False,,,,,,,,,,,,,,BEYOND_TOP_N,False,,,,,,,,,,,,,
orb_v1.0,2024-09-13,26,HWM,BBG00DYNJH69,3.373044424810727,14,LONG,False,BEYOND_TOP_N,True,False,False,False,148074.0,43899.21428571428,2260581.5714285714,2.362664285714285,93.5,93.89,92.77,93.515,True,BEYOND_TOP_N,False,,,,,,,,,,,,,,BEYOND_TOP_N,False,,,,,,,,,,,,,,BEYOND_TOP_N,False,,,,,,,,,,,,,
orb_v1.0,2024-09-13,27,SLB,BBG001S5W4C8,3.3683013645364275,14,SHORT,False,BEYOND_TOP_N,True,False,False,False,1044440.0,310079.14285714284,10126172.642857144,1.1234285714285714,40.11,40.155,39.695,39.795,True,BEYOND_TOP_N,False,,,,,,,,,,,,,,BEYOND_TOP_N,False,,,,,,,,,,,,,,BEYOND_TOP_N,False,,,,,,,,,,,,,
orb_v1.0,2024-09-13,28,ANET,BBG001T51KQ0,3.337499153903682,14,LONG,False,BEYOND_TOP_N,True,False,False,False,144400.0,43265.92857142857,1589481.2857142857,13.349192857142851,359.95,362.66,357.05,362.66,True,BEYOND_TOP_N,False,,,,,,,,,,,,,,BEYOND_TOP_N,False,,,,,,,,,,,,,,BEYOND_TOP_N,False,,,,,,,,,,,,,
orb_v1.0,2024-09-13,29,CG,BBG001S7JM84,3.292824460548521,14,LONG,False,BEYOND_TOP_N,False,False,False,False,130310.0,39573.92857142857,2086056.142857143,1.0446428571428577,39.15,39.88,39.15,39.88,True,BEYOND_TOP_N,False,,,,,,,,,,,,,,BEYOND_TOP_N,False,,,,,,,,,,,,,,BEYOND_TOP_N,False,,,,,,,,,,,,,
orb_v1.0,2024-09-13,30,HAL,BBG001S5RS59,3.261787128363553,14,SHORT,False,BEYOND_TOP_N,True,False,False,False,558010.0,171074.92857142858,8360677.0,0.8073857142857148,28.02,28.16,27.995,28.0075,True,BEYOND_TOP_N,False,,,,,,,,,,,,,,BEYOND_TOP_N,False,,,,,,,,,,,,,,BEYOND_TOP_N,False,,,,,,,,,,,,,
orb_v1.0,2024-09-13,31,FIVE,BBG001TCDMY9,3.2581143002988817,14,LONG,False,BEYOND_TOP_N,False,False,False,False,195128.0,59889.857142857145,2305090.6428571427,4.227135714285714,94.94,98.43,94.575,96.6801,True,BEYOND_TOP_N,False,,,,,,,,,,,,,,BEYOND_TOP_N,False,,,,,,,,,,,,,,BEYOND_TOP_N,False,,,,,,,,,,,,,
orb_v1.0,2024-09-13,32,CC,BBG005H82GC1,3.2123547015032825,14,LONG,False,BEYOND_TOP_N,False,False,False,False,58963.0,18355.071428571428,1292814.0714285714,0.715714285714286,17.45,17.75,17.34,17.66,True,BEYOND_TOP_N,False,,,,,,,,,,,,,,BEYOND_TOP_N,False,,,,,,,,,,,,,,BEYOND_TOP_N,False,,,,,,,,,,,,,
orb_v1.0,2024-09-13,33,AEM,BBG001S77MK3,3.2067299233109745,14,LONG,False,BEYOND_TOP_N,True,False,False,False,213494.0,66576.85714285714,1884492.0714285714,1.8921428571428567,83.11,83.95,83.11,83.78,False,BEYOND_TOP_N,False,,,,,,,,,,,,,,BEYOND_TOP_N,False,,,,,,,,,,,,,,BEYOND_TOP_N,False,,,,,,,,,,,,,
orb_v1.0,2024-09-13,34,ELF,BBG00DQ6VYQ2,3.1025370208114653,14,LONG,False,BEYOND_TOP_N,False,False,False,False,204365.0,65870.28571428571,2493192.0714285714,8.331842857142854,114.36,118.9585,114.36,118.42,True,BEYOND_TOP_N,False,,,,,,,,,,,,,,BEYOND_TOP_N,False,,,,,,,,,,,,,,BEYOND_TOP_N,False,,,,,,,,,,,,,
orb_v1.0,2024-09-13,35,PAAS,BBG001S5ZXR5,3.0564991641583648,14,LONG,False,BEYOND_TOP_N,False,False,False,False,374560.0,122545.42857142857,2829805.285714286,0.7161785714285716,20.77,21.18,20.77,21.0469,True,BEYOND_TOP_N,False,,,,,,,,,,,,,,BEYOND_TOP_N,False,,,,,,,,,,,,,,BEYOND_TOP_N,False,,,,,,,,,,,,,
orb_v1.0,2024-09-13,36,SMR,BBG00YG48PG8,3.0549349597473405,14,LONG,False,BEYOND_TOP_N,False,False,False,False,321140.0,105121.71428571429,2774771.4285714286,0.6751785714285715,8.95,9.4,8.93,9.39,True,BEYOND_TOP_N,False,,,,,,,,,,,,,,BEYOND_TOP_N,False,,,,,,,,,,,,,,BEYOND_TOP_N,False,,,,,,,,,,,,,
orb_v1.0,2024-09-13,37,PEG,BBG001S5V3C1,3.007034315725854,14,LONG,False,BEYOND_TOP_N,True,False,False,False,97374.0,32382.071428571428,2691036.8571428573,1.157428571428573,83.02,83.28,82.67,83.22,True,BEYOND_TOP_N,False,,,,,,,,,,,,,,BEYOND_TOP_N,False,,,,,,,,,,,,,,BEYOND_TOP_N,False,,,,,,,,,,,,,
orb_v1.0,2024-09-13,38,RKT,BBG00VY1MZN4,3.00536324997783,14,LONG,False,BEYOND_TOP_N,False,False,False,False,167028.0,55576.642857142855,3317136.8571428573,0.7946428571428574,18.85,19.6,18.84,19.585,True,BEYOND_TOP_N,False,,,,,,,,,,,,,,BEYOND_TOP_N,False,,,,,,,,,,,,,,BEYOND_TOP_N,False,,,,,,,,,,,,,
orb_v1.0,2024-09-13,39,WOLF,BBG001S6YWT4,2.976646620497259,14,LONG,False,BEYOND_TOP_N,False,False,False,False,834087.0,280210.28571428574,10160333.0,1.0141071428571427,8.54,8.91,8.28,8.83,True,BEYOND_TOP_N,False,,,,,,,,,,,,,,BEYOND_TOP_N,False,,,,,,,,,,,,,,BEYOND_TOP_N,False,,,,,,,,,,,,,
orb_v1.0,2024-09-13,40,CSGP,BBG001SD3DY9,2.9618268017326645,14,LONG,False,BEYOND_TOP_N,True,False,False,False,62027.0,20942.14285714286,1775977.0,2.035728571428571,77.68,78.4799,77.605,78.28,True,BEYOND_TOP_N,False,,,,,,,,,,,,,,BEYOND_TOP_N,False,,,,,,,,,,,,,,BEYOND_TOP_N,False,,,,,,,,,,,,,
orb_v1.0,2024-09-13,41,APLS,BBG007KGRPZ3,2.94706716670284,14,LONG,False,BEYOND_TOP_N,False,False,False,False,41705.0,14151.357142857143,1113601.2857142857,1.730285714285714,36.29,37.07,36.29,36.99,True,BEYOND_TOP_N,False,,,,,,,,,,,,,,BEYOND_TOP_N,False,,,,,,,,,,,,,,BEYOND_TOP_N,False,,,,,,,,,,,,,
orb_v1.0,2024-09-13,42,CADE,BBG001SHFG98,2.9421047287409734,14,LONG,False,BEYOND_TOP_N,False,False,False,False,35184.0,11958.785714285714,1016452.3571428572,0.8792857142857134,30.89,31.13,30.83,31.0,True,BEYOND_TOP_N,False,,,,,,,,,,,,,,BEYOND_TOP_N,False,,,,,,,,,,,,,,BEYOND_TOP_N,False,,,,,,,,,,,,,
orb_v1.0,2024-09-13,43,AU,0001973832,2.8984475546492248,14,LONG,False,BEYOND_TOP_N,False,True,False,False,172286.0,59440.78571428572,1633608.857142857,0.9850928571428567,28.56,28.66,28.371,28.575,False,BEYOND_TOP_N,False,,,,,,,,,,,,,,BEYOND_TOP_N,False,,,,,,,,,,,,,,BEYOND_TOP_N,False,,,,,,,,,,,,,
orb_v1.0,2024-09-13,44,Z,BBG009NRSWK2,2.8451520944325748,14,LONG,False,BEYOND_TOP_N,False,False,False,False,133738.0,47005.57142857143,2953070.3571428573,1.988428571428571,57.07,58.12,56.82,58.0131,True,BEYOND_TOP_N,False,,,,,,,,,,,,,,BEYOND_TOP_N,False,,,,,,,,,,,,,,BEYOND_TOP_N,False,,,,,,,,,,,,,
orb_v1.0,2024-09-13,45,WFC,BBG001S5XF23,2.8112850332695665,14,LONG,False,BEYOND_TOP_N,True,False,False,False,873551.0,310730.14285714284,17467437.35714286,1.6939285714285728,51.86,52.75,51.75,52.695,True,BEYOND_TOP_N,False,,,,,,,,,,,,,,BEYOND_TOP_N,False,,,,,,,,,,,,,,BEYOND_TOP_N,False,,,,,,,,,,,,,
orb_v1.0,2024-09-13,46,TTD,BBG00629NGW8,2.783804678639327,14,LONG,False,BEYOND_TOP_N,True,False,False,False,194957.0,70032.57142857143,2566943.714285714,3.0357071428571425,105.0,106.75,104.855,106.52,True,BEYOND_TOP_N,False,,,,,,,,,,,,,,BEYOND_TOP_N,False,,,,,,,,,,,,,,BEYOND_TOP_N,False,,,,,,,,,,,,,
orb_v1.0,2024-09-13,47,MRNA,BBG003PHHZV8,2.7426366834405345,14,LONG,False,BEYOND_TOP_N,True,False,False,False,650717.0,237259.64285714287,5130102.714285715,3.9787357142857096,66.17,68.22,66.11,67.8,True,BEYOND_TOP_N,False,,,,,,,,,,,,,,BEYOND_TOP_N,False,,,,,,,,,,,,,,BEYOND_TOP_N,False,,,,,,,,,,,,,
orb_v1.0,2024-09-13,48,GCT,0001857816,2.6842733348020857,14,LONG,False,BEYOND_TOP_N,False,False,False,False,146207.0,54468.0,1446490.5714285714,1.4022642857142862,17.26,17.28,16.81,17.2605,True,BEYOND_TOP_N,False,,,,,,,,,,,,,,BEYOND_TOP_N,False,,,,,,,,,,,,,,BEYOND_TOP_N,False,,,,,,,,,,,,,
orb_v1.0,2024-09-13,49,CPNG,BBG00XMJRPR7,2.679230145289544,14,LONG,False,BEYOND_TOP_N,True,False,False,False,563888.0,210466.42857142858,5860407.5,0.836057142857143,23.8,24.05,23.78,24.0288,True,BEYOND_TOP_N,False,,,,,,,,,,,,,,BEYOND_TOP_N,False,,,,,,,,,,,,,,BEYOND_TOP_N,False,,,,,,,,,,,,,
orb_v1.0,2024-09-13,50,EQT,BBG001S5QXJ4,2.676566847703844,14,SHORT,False,BEYOND_TOP_N,False,False,False,False,226944.0,84789.21428571429,5698832.642857143,0.9732142857142855,33.6,33.725,33.42,33.59,True,BEYOND_TOP_N,False,,,,,,,,,,,,,,BEYOND_TOP_N,False,,,,,,,,,,,,,,BEYOND_TOP_N,False,,,,,,,,,,,,,
orb_v1.0,2024-09-13,51,NNE,BBG01F7QNWH6,2.6184891166331044,14,LONG,False,BEYOND_TOP_N,False,True,False,True,165418.0,63173.07142857143,1673723.5714285714,1.630635714285714,12.4,13.12,12.335,13.1,True,BEYOND_TOP_N,False,,,,,,,,,,,,,,BEYOND_TOP_N,False,,,,,,,,,,,,,,BEYOND_TOP_N,False,,,,,,,,,,,,,
orb_v1.0,2024-09-13,52,EPRT,BBG00L17LH87,2.605238153246437,14,SHORT,False,BEYOND_TOP_N,False,False,False,False,30552.0,11727.142857142857,1163593.0714285714,0.516071428571429,32.78,32.96,32.72,32.75,True,BEYOND_TOP_N,False,,,,,,,,,,,,,,BEYOND_TOP_N,False,,,,,,,,,,,,,,BEYOND_TOP_N,False,,,,,,,,,,,,,
orb_v1.0,2024-09-13,53,EBAY,BBG001S9B9J5,2.567708977578052,14,SHORT,False,BEYOND_TOP_N,True,False,False,False,287652.0,112026.71428571429,4482064.928571428,1.1989285714285718,63.38,63.55,62.63,62.715,True,BEYOND_TOP_N,False,,,,,,,,,,,,,,BEYOND_TOP_N,False,,,,,,,,,,,,,,BEYOND_TOP_N,False,,,,,,,,,,,,,
orb_v1.0,2024-09-13,54,WRBY,BBG005DWN8L7,2.5485590792284896,14,LONG,False,BEYOND_TOP_N,False,False,False,False,73957.0,29019.14285714286,2185521.5714285714,0.728214285714286,14.51,14.62,14.32,14.62,True,BEYOND_TOP_N,False,,,,,,,,,,,,,,BEYOND_TOP_N,False,,,,,,,,,,,,,,BEYOND_TOP_N,False,,,,,,,,,,,,,
orb_v1.0,2024-09-13,55,BXP,BBG001S9TWV1,2.534878615702479,14,LONG,False,BEYOND_TOP_N,False,False,False,False,28043.0,11062.857142857143,1085913.142857143,1.7403571428571414,79.54,80.18,79.18,80.18,True,BEYOND_TOP_N,False,,,,,,,,,,,,,,BEYOND_TOP_N,False,,,,,,,,,,,,,,BEYOND_TOP_N,False,,,,,,,,,,,,,
orb_v1.0,2024-09-13,56,NVST,BBG00LN4B6D9,2.526575418606267,14,SHORT,False,BEYOND_TOP_N,False,False,False,False,46755.0,18505.285714285714,2494551.1428571427,0.7463857142857143,18.79,18.79,18.585,18.68,False,BEYOND_TOP_N,False,,,,,,,,,,,,,,BEYOND_TOP_N,False,,,,,,,,,,,,,,BEYOND_TOP_N,False,,,,,,,,,,,,,
orb_v1.0,2024-09-13,57,FR,BBG001S81Z00,2.5115464492731165,14,SHORT,False,BEYOND_TOP_N,False,False,False,False,11575.0,4608.714285714285,1035681.2857142857,1.0080714285714285,56.06,56.42,55.89,56.04,False,BEYOND_TOP_N,False,,,,,,,,,,,,,,BEYOND_TOP_N,False,,,,,,,,,,,,,,BEYOND_TOP_N,False,,,,,,,,,,,,,
orb_v1.0,2024-09-13,58,CMA,BBG001S6PXB1,2.504313437064813,14,LONG,False,BEYOND_TOP_N,False,False,False,False,59344.0,23696.714285714286,1913835.4285714286,1.5271357142857143,56.58,57.39,56.58,57.31,True,BEYOND_TOP_N,False,,,,,,,,,,,,,,BEYOND_TOP_N,False,,,,,,,,,,,,,,BEYOND_TOP_N,False,,,,,,,,,,,,,
orb_v1.0,2024-09-13,59,DOCN,BBG00ZGF6TM7,2.4878583259013887,14,LONG,False,BEYOND_TOP_N,False,False,False,False,48818.0,19622.5,1194781.5,1.7002642857142851,40.0,40.75,40.0,40.75,True,BEYOND_TOP_N,False,,,,,,,,,,,,,,BEYOND_TOP_N,False,,,,,,,,,,,,,,BEYOND_TOP_N,False,,,,,,,,,,,,,
orb_v1.0,2024-09-13,60,CART,BBG00KG5VJG3,2.482218699037398,14,SHORT,False,BEYOND_TOP_N,False,False,False,False,140684.0,56676.71428571428,2991210.214285714,1.233428571428572,36.45,36.468,35.96,36.19,False,BEYOND_TOP_N,False,,,,,,,,,,,,,,BEYOND_TOP_N,False,,,,,,,,,,,,,,BEYOND_TOP_N,False,,,,,,,,,,,,,
orb_v1.0,2024-09-13,61,SEDG,BBG0084BC0P2,2.4800299197391857,14,LONG,False,BEYOND_TOP_N,False,False,False,False,381765.0,153935.64285714287,3616197.9285714286,1.9896785714285712,18.58,19.57,18.48,19.35,True,BEYOND_TOP_N,False,,,,,,,,,,,,,,BEYOND_TOP_N,False,,,,,,,,,,,,,,BEYOND_TOP_N,False,,,,,,,,,,,,,
orb_v1.0,2024-09-13,62,ANF,BBG001S97027,2.47946837302166,14,LONG,False,BEYOND_TOP_N,False,False,False,False,137226.0,55344.92857142857,2503512.214285714,8.761421428571428,139.48,144.82,139.33,143.3,True,BEYOND_TOP_N,False,,,,,,,,,,,,,,BEYOND_TOP_N,False,,,,,,,,,,,,,,BEYOND_TOP_N,False,,,,,,,,,,,,,
orb_v1.0,2024-09-13,63,NEM,BBG001S5TKX3,2.4477266418259087,14,LONG,False,BEYOND_TOP_N,True,False,False,False,619749.0,253193.7142857143,6397644.142857143,1.3400000000000014,53.41,54.1,53.36,54.02,True,BEYOND_TOP_N,False,,,,,,,,,,,,,,BEYOND_TOP_N,False,,,,,,,,,,,,,,BEYOND_TOP_N,False,,,,,,,,,,,,,
orb_v1.0,2024-09-13,64,SCHW,BBG001S5VXD4,2.4223791362212066,14,LONG,False,BEYOND_TOP_N,True,False,False,False,359035.0,148215.85714285713,7773191.285714285,1.3795928571428564,62.0,62.3002,61.81,62.295,True,BEYOND_TOP_N,False,,,,,,,,,,,,,,BEYOND_TOP_N,False,,,,,,,,,,,,,,BEYOND_TOP_N,False,,,,,,,,,,,,,
orb_v1.0,2024-09-13,65,BYON,BBG001S64TS5,2.3927663420087257,14,LONG,False,BEYOND_TOP_N,False,False,False,False,105340.0,44024.357142857145,1710510.7142857143,0.7782071428571428,11.34,11.5,11.13,11.495,True,BEYOND_TOP_N,False,,,,,,,,,,,,,,BEYOND_TOP_N,False,,,,,,,,,,,,,,BEYOND_TOP_N,False,,,,,,,,,,,,,
orb_v1.0,2024-09-13,66,WBS,BBG001S5XCP5,2.330172069613252,14,LONG,False,BEYOND_TOP_N,False,False,False,False,25430.0,10913.357142857143,1015716.4285714285,1.4307142857142858,44.06,44.44,44.06,44.37,True,BEYOND_TOP_N,False,,,,,,,,,,,,,,BEYOND_TOP_N,False,,,,,,,,,,,,,,BEYOND_TOP_N,False,,,,,,,,,,,,,
orb_v1.0,2024-09-13,67,PENN,BBG001S80PY6,2.2929538388060275,14,LONG,False,BEYOND_TOP_N,False,False,False,False,136483.0,59522.78571428572,3070021.9285714286,0.7863571428571434,18.76,19.15,18.72,19.09,True,BEYOND_TOP_N,False,,,,,,,,,,,,,,BEYOND_TOP_N,False,,,,,,,,,,,,,,BEYOND_TOP_N,False,,,,,,,,,,,,,
orb_v1.0,2024-09-13,68,BA,BBG001S5P0V3,2.288821275176465,14,LONG,False,BEYOND_TOP_N,True,False,False,False,600460.0,262344.64285714284,6337115.142857143,5.483657142857142,159.78,161.25,159.52,160.5301,True,BEYOND_TOP_N,False,,,,,,,,,,,,,,BEYOND_TOP_N,False,,,,,,,,,,,,,,BEYOND_TOP_N,False,,,,,,,,,,,,,
orb_v1.0,2024-09-13,69,OUT,BBG004S69ZY3,2.2708173613633003,14,LONG,False,BEYOND_TOP_N,False,False,False,False,24119.0,10621.285714285714,1110863.9285714286,0.5433571428571436,17.02,17.19,17.02,17.19,True,BEYOND_TOP_N,False,,,,,,,,,,,,,,BEYOND_TOP_N,False,,,,,,,,,,,,,,BEYOND_TOP_N,False,,,,,,,,,,,,,
orb_v1.0,2024-09-13,70,NYCB,BBG001SD32Z2,2.2701835573165763,14,LONG,False,BEYOND_TOP_N,False,False,False,False,249068.0,109712.71428571429,5656334.285714285,0.5564785714285714,10.4,10.56,10.39,10.49,True,BEYOND_TOP_N,False,,,,,,,,,,,,,,BEYOND_TOP_N,False,,,,,,,,,,,,,,BEYOND_TOP_N,False,,,,,,,,,,,,,
orb_v1.0,2024-09-13,71,WPM,BBG001S6DSP0,2.2605969564365487,14,LONG,False,BEYOND_TOP_N,True,False,False,False,86530.0,38277.5,1094087.7857142857,1.4021357142857138,62.21,62.4,61.91,62.28,True,BEYOND_TOP_N,False,,,,,,,,,,,,,,BEYOND_TOP_N,False,,,,,,,,,,,,,,BEYOND_TOP_N,False,,,,,,,,,,,,,
orb_v1.0,2024-09-13,72,BTU,BBG00GBV89J5,2.2466065563303843,14,LONG,False,BEYOND_TOP_N,False,False,False,False,113103.0,50343.92857142857,2482520.8571428573,0.6568428571428571,21.62,22.065,21.53,21.99,True,BEYOND_TOP_N,False,,,,,,,,,,,,,,BEYOND_TOP_N,False,,,,,,,,,,,,,,BEYOND_TOP_N,False,,,,,,,,,,,,,
orb_v1.0,2024-09-13,73,AGI,BBG009HT65S0,2.2461479565420674,14,LONG,False,BEYOND_TOP_N,False,False,False,False,153388.0,68289.35714285714,2182275.5714285714,0.5186571428571423,20.46,20.79,20.45,20.79,True,BEYOND_TOP_N,False,,,,,,,,,,,,,,BEYOND_TOP_N,False,,,,,,,,,,,,,,BEYOND_TOP_N,False,,,,,,,,,,,,,
orb_v1.0,2024-09-13,74,ALK,BBG001S5NLG6,2.2386374490375576,14,SHORT,False,BEYOND_TOP_N,False,False,False,False,95424.0,42625.92857142857,2391764.0,1.1939785714285713,40.99,41.21,40.62,40.84,False,BEYOND_TOP_N,False,,,,,,,,,,,,,,BEYOND_TOP_N,False,,,,,,,,,,,,,,BEYOND_TOP_N,False,,,,,,,,,,,,,
orb_v1.0,2024-09-13,75,HIMS,BBG00Q5LQWK9,2.2356136612665476,14,LONG,False,BEYOND_TOP_N,False,True,False,False,626372.0,280179.0,6982823.285714285,0.7695928571428574,16.25,16.62,16.1,16.5895,True,BEYOND_TOP_N,False,,,,,,,,,,,,,,BEYOND_TOP_N,False,,,,,,,,,,,,,,BEYOND_TOP_N,False,,,,,,,,,,,,,
orb_v1.0,2024-09-13,76,SIG,0000832988,2.2229420171771275,14,LONG,False,BEYOND_TOP_N,False,False,False,False,47550.0,21390.571428571428,1024376.8571428572,3.655707142857143,87.82,88.22,87.205,88.05,True,BEYOND_TOP_N,False,,,,,,,,,,,,,,BEYOND_TOP_N,False,,,,,,,,,,,,,,BEYOND_TOP_N,False,,,,,,,,,,,,,
orb_v1.0,2024-09-13,77,TOL,BBG001S5WT15,2.198495976555641,14,LONG,False,BEYOND_TOP_N,True,False,False,False,51871.0,23593.85714285714,1369478.357142857,4.426107142857147,147.0,149.62,146.775,149.235,True,BEYOND_TOP_N,False,,,,,,,,,,,,,,BEYOND_TOP_N,False,,,,,,,,,,,,,,BEYOND_TOP_N,False,,,,,,,,,,,,,
orb_v1.0,2024-09-13,78,WSM,BBG001SBW7S1,2.1783975210270032,14,LONG,False,BEYOND_TOP_N,False,False,False,False,63973.0,29367.0,1879684.642857143,4.794785714285718,139.57,142.05,139.04,142.01,True,BEYOND_TOP_N,False,,,,,,,,,,,,,,BEYOND_TOP_N,False,,,,,,,,,,,,,,BEYOND_TOP_N,False,,,,,,,,,,,,,
orb_v1.0,2024-09-13,79,WY,BBG001S5XL11,2.1557855148027536,14,LONG,False,BEYOND_TOP_N,True,False,False,False,110219.0,51127.07142857143,3797482.714285714,0.5611071428571426,31.7,31.9,31.67,31.79,True,BEYOND_TOP_N,False,,,,,,,,,,,,,,BEYOND_TOP_N,False,,,,,,,,,,,,,,BEYOND_TOP_N,False,,,,,,,,,,,,,
orb_v1.0,2024-09-13,80,SBUX,BBG001S72KH6,2.13721494430072,14,SHORT,False,BEYOND_TOP_N,True,False,False,False,599294.0,280408.85714285716,11501457.57142857,2.4024999999999985,99.13,99.51,98.7311,98.9593,True,BEYOND_TOP_N,False,,,,,,,,,,,,,,BEYOND_TOP_N,False,,,,,,,,,,,,,,BEYOND_TOP_N,False,,,,,,,,,,,,,
orb_v1.0,2024-09-13,81,DOW,BBG00BN96931,2.131469702638659,14,LONG,False,BEYOND_TOP_N,True,False,False,False,239266.0,112254.0,3953621.5,1.0922642857142846,50.4,50.9299,50.33,50.81,True,BEYOND_TOP_N,False,,,,,,,,,,,,,,BEYOND_TOP_N,False,,,,,,,,,,,,,,BEYOND_TOP_N,False,,,,,,,,,,,,,
orb_v1.0,2024-09-13,82,PLD,BBG001S5NMN6,2.1241952999318245,14,LONG,False,BEYOND_TOP_N,True,False,False,False,112613.0,53014.42857142857,3098664.4285714286,2.786685714285713,131.19,132.39,130.97,131.765,False,BEYOND_TOP_N,False,,,,,,,,,,,,,,BEYOND_TOP_N,False,,,,,,,,,,,,,,BEYOND_TOP_N,False,,,,,,,,,,,,,
orb_v1.0,2024-09-13,83,VST,BBG00DXDL6R0,2.10843130288741,14,SHORT,False,BEYOND_TOP_N,True,False,False,False,261125.0,123848.0,4714066.928571428,3.4629928571428557,82.52,82.52,81.12,81.66,False,BEYOND_TOP_N,False,,,,,,,,,,,,,,BEYOND_TOP_N,False,,,,,,,,,,,,,,BEYOND_TOP_N,False,,,,,,,,,,,,,
orb_v1.0,2024-09-13,84,AKAM,BBG001S7YHX0,2.1039415341655885,14,LONG,False,BEYOND_TOP_N,False,False,False,False,29385.0,13966.642857142857,1199570.9285714286,1.9296428571428572,97.3,97.635,97.195,97.43,True,BEYOND_TOP_N,False,,,,,,,,,,,,,,BEYOND_TOP_N,False,,,,,,,,,,,,,,BEYOND_TOP_N,False,,,,,,,,,,,,,
orb_v1.0,2024-09-13,85,PGR,BBG001S5V509,2.063340651969597,14,SHORT,False,BEYOND_TOP_N,True,False,False,False,113376.0,54947.78571428572,2265652.0714285714,4.183785714285717,256.31,256.745,251.69,252.0,True,BEYOND_TOP_N,False,,,,,,,,,,,,,,BEYOND_TOP_N,False,,,,,,,,,,,,,,BEYOND_TOP_N,False,,,,,,,,,,,,,
orb_v1.0,2024-09-13,86,NTLA,BBG007KC7PC9,2.059678437060639,14,LONG,False,BEYOND_TOP_N,False,False,False,False,56192.0,27281.928571428572,1128727.857142857,1.1007785714285714,21.14,21.33,21.0,21.28,True,BEYOND_TOP_N,False,,,,,,,,,,,,,,BEYOND_TOP_N,False,,,,,,,,,,,,,,BEYOND_TOP_N,False,,,,,,,,,,,,,
orb_v1.0,2024-09-13,87,EXAS,BBG001SGCLB9,2.0542776152709505,14,LONG,False,BEYOND_TOP_N,False,False,False,False,97317.0,47372.857142857145,2529735.5714285714,3.142321428571428,66.43,67.81,66.14,67.075,True,BEYOND_TOP_N,False,,,,,,,,,,,,,,BEYOND_TOP_N,False,,,,,,,,,,,,,,BEYOND_TOP_N,False,,,,,,,,,,,,,
orb_v1.0,2024-09-13,88,LOW,BBG001S5SVL3,2.0540936685159656,14,LONG,False,BEYOND_TOP_N,True,False,False,False,65666.0,31968.35714285714,2096423.2142857143,4.923350000000001,252.99,255.21,252.61,253.88,True,BEYOND_TOP_N,False,,,,,,,,,,,,,,BEYOND_TOP_N,False,,,,,,,,,,,,,,BEYOND_TOP_N,False,,,,,,,,,,,,,
orb_v1.0,2024-09-13,89,ST,0001477294,2.053192876849762,14,LONG,False,BEYOND_TOP_N,False,False,False,False,14618.0,7119.642857142857,1062998.0,0.9664285714285705,34.54,34.62,34.23,34.57,True,BEYOND_TOP_N,False,,,,,,,,,,,,,,BEYOND_TOP_N,False,,,,,,,,,,,,,,BEYOND_TOP_N,False,,,,,,,,,,,,,
orb_v1.0,2024-09-13,90,DV,BBG00ZNRRKL0,2.0422125273060723,14,SHORT,False,BEYOND_TOP_N,False,False,False,False,23305.0,11411.642857142857,1665780.357142857,0.5328928571428574,17.6,17.63,17.48,17.48,True,BEYOND_TOP_N,False,,,,,,,,,,,,,,BEYOND_TOP_N,False,,,,,,,,,,,,,,BEYOND_TOP_N,False,,,,,,,,,,,,,
orb_v1.0,2024-09-13,91,GNTX,BBG001S5RMR8,2.0408820481886685,14,LONG,False,BEYOND_TOP_N,False,False,False,False,29967.0,14683.357142857143,1207147.2857142857,0.6425000000000006,29.0,29.08,28.82,29.045,True,BEYOND_TOP_N,False,,,,,,,,,,,,,,BEYOND_TOP_N,False,,,,,,,,,,,,,,BEYOND_TOP_N,False,,,,,,,,,,,,,
orb_v1.0,2024-09-13,92,HALO,BBG001SGX585,2.0345357819339673,14,LONG,False,BEYOND_TOP_N,False,False,False,False,48105.0,23644.214285714286,1162546.7857142857,1.776200000000001,61.02,62.34,61.0,61.985,True,BEYOND_TOP_N,False,,,,,,,,,,,,,,BEYOND_TOP_N,False,,,,,,,,,,,,,,BEYOND_TOP_N,False,,,,,,,,,,,,,
orb_v1.0,2024-09-13,93,UPS,BBG001SDGSH1,2.0283265169135665,14,SHORT,False,BEYOND_TOP_N,True,False,False,False,148499.0,73212.57142857143,4187606.0714285714,2.053699999999999,128.67,128.79,127.47,127.71,True,BEYOND_TOP_N,False,,,,,,,,,,,,,,BEYOND_TOP_N,False,,,,,,,,,,,,,,BEYOND_TOP_N,False,,,,,,,,,,,,,
orb_v1.0,2024-09-13,94,FLYW,BBG002030ND3,2.0056371758854143,14,LONG,False,BEYOND_TOP_N,False,False,False,False,15553.0,7754.642857142857,1012475.0,0.727997785714286,17.84,18.2,17.84,18.2,True,BEYOND_TOP_N,False,,,,,,,,,,,,,,BEYOND_TOP_N,False,,,,,,,,,,,,,,BEYOND_TOP_N,False,,,,,,,,,,,,,
orb_v1.0,2024-09-13,95,SMMT,BBG00X3GQL94,2.00214678173168,14,LONG,False,BEYOND_TOP_N,True,False,False,False,735976.0,367593.4285714286,8498231.214285715,2.3037428571428573,27.5,28.12,27.41,27.7973,True,BEYOND_TOP_N,False,,,,,,,,,,,,,,BEYOND_TOP_N,False,,,,,,,,,,,,,,BEYOND_TOP_N,False,,,,,,,,,,,,,
orb_v1.0,2024-09-13,96,RVLV,BBG00M4RHC48,1.9777443478355319,14,LONG,False,BELOW_MINIMUM_RELATIVE_VOLUME,False,False,False,False,26012.0,13152.357142857143,1059559.9285714286,0.9823928571428571,24.22,24.45,24.22,24.37,True,BELOW_MINIMUM_RELATIVE_VOLUME,False,,,,,,,,,,,,,,BELOW_MINIMUM_RELATIVE_VOLUME,False,,,,,,,,,,,,,,BELOW_MINIMUM_RELATIVE_VOLUME,False,,,,,,,,,,,,,
orb_v1.0,2024-09-13,97,HP,BBG001S5RZP1,1.9641986255819108,14,SHORT,False,BELOW_MINIMUM_RELATIVE_VOLUME,False,False,False,False,35442.0,18044.0,1656469.357142857,1.1613214285714293,30.58,30.8531,30.45,30.505,True,BELOW_MINIMUM_RELATIVE_VOLUME,False,,,,,,,,,,,,,,BELOW_MINIMUM_RELATIVE_VOLUME,False,,,,,,,,,,,,,,BELOW_MINIMUM_RELATIVE_VOLUME,False,,,,,,,,,,,,,
orb_v1.0,2024-09-13,98,ENPH,BBG001V28NC6,1.9531433917846257,14,LONG,False,BELOW_MINIMUM_RELATIVE_VOLUME,False,False,False,False,129427.0,66266.0,2254878.5714285714,5.496007142857144,107.4,109.98,107.4,109.74,True,BELOW_MINIMUM_RELATIVE_VOLUME,False,,,,,,,,,,,,,,BELOW_MINIMUM_RELATIVE_VOLUME,False,,,,,,,,,,,,,,BELOW_MINIMUM_RELATIVE_VOLUME,False,,,,,,,,,,,,,
orb_v1.0,2024-09-13,99,DOCS,BBG0026ZJQY6,1.927483836413023,14,LONG,False,BELOW_MINIMUM_RELATIVE_VOLUME,False,False,False,False,43185.0,22404.85714285714,1332748.5,0.9933785714285713,38.35,38.68,38.3,38.675,True,BELOW_MINIMUM_RELATIVE_VOLUME,False,,,,,,,,,,,,,,BELOW_MINIMUM_RELATIVE_VOLUME,False,,,,,,,,,,,,,,BELOW_MINIMUM_RELATIVE_VOLUME,False,,,,,,,,,,,,,
orb_v1.0,2024-09-13,100,GFS,0001709048,1.9025223765120873,14,SHORT,False,BELOW_MINIMUM_RELATIVE_VOLUME,True,False,False,False,37061.0,19479.928571428572,1183158.9285714286,1.5314285714285718,40.42,40.42,39.98,40.2,True,BELOW_MINIMUM_RELATIVE_VOLUME,False,,,,,,,,,,,,,,BELOW_MINIMUM_RELATIVE_VOLUME,False,,,,,,,,,,,,,,BELOW_MINIMUM_RELATIVE_VOLUME,False,,,,,,,,,,,,,
orb_v1.0,2024-09-13,101,PNR,0000077360,1.8983365649556077,14,SHORT,False,BELOW_MINIMUM_RELATIVE_VOLUME,True,False,False,False,26574.0,13998.57142857143,1109585.9285714286,2.0449999999999995,91.43,92.0,90.89,91.25,True,BELOW_MINIMUM_RELATIVE_VOLUME,False,,,,,,,,,,,,,,BELOW_MINIMUM_RELATIVE_VOLUME,False,,,,,,,,,,,,,,BELOW_MINIMUM_RELATIVE_VOLUME,False,,,,,,,,,,,,,
orb_v1.0,2024-09-13,102,BX,BBG001S7H949,1.8916586968814904,14,LONG,False,BELOW_MINIMUM_RELATIVE_VOLUME,True,False,False,False,103701.0,54820.142857142855,2973859.285714286,3.7252428571428573,148.0,149.01,147.75,149.0,True,BELOW_MINIMUM_RELATIVE_VOLUME,False,,,,,,,,,,,,,,BELOW_MINIMUM_RELATIVE_VOLUME,False,,,,,,,,,,,,,,BELOW_MINIMUM_RELATIVE_VOLUME,False,,,,,,,,,,,,,
orb_v1.0,2024-09-13,103,UAL,BBG001SQ87W0,1.8829233174966673,14,LONG,False,BELOW_MINIMUM_RELATIVE_VOLUME,True,False,False,False,377751.0,200619.42857142858,6649083.428571428,1.620035714285713,50.1,50.67,50.1,50.5,True,BELOW_MINIMUM_RELATIVE_VOLUME,False,,,,,,,,,,,,,,BELOW_MINIMUM_RELATIVE_VOLUME,False,,,,,,,,,,,,,,BELOW_MINIMUM_RELATIVE_VOLUME,False,,,,,,,,,,,,,
orb_v1.0,2024-09-13,104,SRE,BBG001SBVZ73,1.8749528958794135,14,SHORT,False,BELOW_MINIMUM_RELATIVE_VOLUME,True,False,False,False,65393.0,34877.142857142855,2272134.285714286,1.3200000000000003,81.93,81.93,81.37,81.45,True,BELOW_MINIMUM_RELATIVE_VOLUME,False,,,,,,,,,,,,,,BELOW_MINIMUM_RELATIVE_VOLUME,False,,,,,,,,,,,,,,BELOW_MINIMUM_RELATIVE_VOLUME,False,,,,,,,,,,,,,
orb_v1.0,2024-09-13,105,CPB,BBG001S5Q2B0,1.8668519396539411,14,LONG,False,BELOW_MINIMUM_RELATIVE_VOLUME,False,False,False,False,93373.0,50016.28571428572,2913762.4285714286,1.2178571428571432,49.84,49.905,49.785,49.88,True,BELOW_MINIMUM_RELATIVE_VOLUME,False,,,,,,,,,,,,,,BELOW_MINIMUM_RELATIVE_VOLUME,False,,,,,,,,,,,,,,BELOW_MINIMUM_RELATIVE_VOLUME,False,,,,,,,,,,,,,
orb_v1.0,2024-09-13,106,CME,BBG001S86547,1.8611839980801368,14,SHORT,False,BELOW_MINIMUM_RELATIVE_VOLUME,True,False,False,False,75339.0,40479.07142857143,2190091.9285714286,3.5553857142857117,218.27,218.27,215.53,215.88,False,BELOW_MINIMUM_RELATIVE_VOLUME,False,,,,,,,,,,,,,,BELOW_MINIMUM_RELATIVE_VOLUME,False,,,,,,,,,,,,,,BELOW_MINIMUM_RELATIVE_VOLUME,False,,,,,,,,,,,,,
orb_v1.0,2024-09-13,107,FSLR,BBG001S991Z7,1.8457759909283027,14,SHORT,False,BELOW_MINIMUM_RELATIVE_VOLUME,True,False,False,False,153471.0,83147.14285714286,1811642.0714285714,11.459057142857144,242.68,243.81,239.03,241.0,True,BELOW_MINIMUM_RELATIVE_VOLUME,False,,,,,,,,,,,,,,BELOW_MINIMUM_RELATIVE_VOLUME,False,,,,,,,,,,,,,,BELOW_MINIMUM_RELATIVE_VOLUME,False,,,,,,,,,,,,,
orb_v1.0,2024-09-13,108,NWSA,BBG0035LY922,1.8231528773378602,14,LONG,False,BELOW_MINIMUM_RELATIVE_VOLUME,False,False,False,False,70269.0,38542.57142857143,2342343.9285714286,0.5925000000000001,26.1,26.17,26.1,26.15,True,BELOW_MINIMUM_RELATIVE_VOLUME,False,,,,,,,,,,,,,,BELOW_MINIMUM_RELATIVE_VOLUME,False,,,,,,,,,,,,,,BELOW_MINIMUM_RELATIVE_VOLUME,False,,,,,,,,,,,,,
orb_v1.0,2024-09-13,109,TEL,0001385157,1.806991939286436,14,SHORT,False,BELOW_MINIMUM_RELATIVE_VOLUME,True,False,False,False,40239.0,22268.5,1693484.642857143,2.7635714285714266,144.85,146.18,144.45,144.76,False,BELOW_MINIMUM_RELATIVE_VOLUME,False,,,,,,,,,,,,,,BELOW_MINIMUM_RELATIVE_VOLUME,False,,,,,,,,,,,,,,BELOW_MINIMUM_RELATIVE_VOLUME,False,,,,,,,,,,,,,
orb_v1.0,2024-09-13,110,COLD,BBG001SMQ866,1.795259980174822,14,SHORT,False,BELOW_MINIMUM_RELATIVE_VOLUME,False,False,False,False,17076.0,9511.714285714286,1443052.2142857143,0.5821428571428571,29.28,29.28,28.97,29.09,True,BELOW_MINIMUM_RELATIVE_VOLUME,False,,,,,,,,,,,,,,BELOW_MINIMUM_RELATIVE_VOLUME,False,,,,,,,,,,,,,,BELOW_MINIMUM_RELATIVE_VOLUME,False,,,,,,,,,,,,,
orb_v1.0,2024-09-13,111,TOST,BBG00BTJVKB1,1.7952513317093388,14,SHORT,False,BELOW_MINIMUM_RELATIVE_VOLUME,False,False,False,False,126864.0,70666.42857142857,4857222.571428572,1.0215642857142864,26.25,26.29,26.04,26.14,True,BELOW_MINIMUM_RELATIVE_VOLUME,False,,,,,,,,,,,,,,BELOW_MINIMUM_RELATIVE_VOLUME,False,,,,,,,,,,,,,,BELOW_MINIMUM_RELATIVE_VOLUME,False,,,,,,,,,,,,,
orb_v1.0,2024-09-13,112,CTSH,BBG001S5STN6,1.779953903571888,14,LONG,False,BELOW_MINIMUM_RELATIVE_VOLUME,True,False,False,False,65202.0,36631.28571428572,2743426.714285714,1.1079571428571435,76.55,77.04,76.53,76.91,True,BELOW_MINIMUM_RELATIVE_VOLUME,False,,,,,,,,,,,,,,BELOW_MINIMUM_RELATIVE_VOLUME,False,,,,,,,,,,,,,,BELOW_MINIMUM_RELATIVE_VOLUME,False,,,,,,,,,,,,,
orb_v1.0,2024-09-13,113,RDFN,BBG001V1F423,1.7719667866809627,14,LONG,False,BELOW_MINIMUM_RELATIVE_VOLUME,False,False,False,True,585734.0,330555.85714285716,8347764.928571428,1.0909,11.7,12.32,11.68,12.3196,True,BELOW_MINIMUM_RELATIVE_VOLUME,False,,,,,,,,,,,,,,BELOW_MINIMUM_RELATIVE_VOLUME,False,,,,,,,,,,,,,,BELOW_MINIMUM_RELATIVE_VOLUME,False,,,,,,,,,,,,,
orb_v1.0,2024-09-13,114,VRT,BBG00L2B8LM7,1.7534472520947417,14,LONG,False,BELOW_MINIMUM_RELATIVE_VOLUME,True,False,False,False,425232.0,242512.0,6731883.285714285,4.279478571428572,88.52,89.22,87.88,88.8775,False,BELOW_MINIMUM_RELATIVE_VOLUME,False,,,,,,,,,,,,,,BELOW_MINIMUM_RELATIVE_VOLUME,False,,,,,,,,,,,,,,BELOW_MINIMUM_RELATIVE_VOLUME,False,,,,,,,,,,,,,
orb_v1.0,2024-09-13,115,RBRK,BBG008D32614,1.752677966327477,14,SHORT,False,BELOW_MINIMUM_RELATIVE_VOLUME,False,False,False,False,150367.0,85792.71428571429,1793706.0714285714,1.8987785714285714,30.93,30.93,30.14,30.6396,True,BELOW_MINIMUM_RELATIVE_VOLUME,False,,,,,,,,,,,,,,BELOW_MINIMUM_RELATIVE_VOLUME,False,,,,,,,,,,,,,,BELOW_MINIMUM_RELATIVE_VOLUME,False,,,,,,,,,,,,,
orb_v1.0,2024-09-13,116,APP,BBG006HFPX86,1.7511771782548857,14,LONG,False,BELOW_MINIMUM_RELATIVE_VOLUME,True,False,False,False,283017.0,161615.2857142857,3890904.6428571427,4.784428571428573,106.85,109.0,105.94,108.87,True,BELOW_MINIMUM_RELATIVE_VOLUME,False,,,,,,,,,,,,,,BELOW_MINIMUM_RELATIVE_VOLUME,False,,,,,,,,,,,,,,BELOW_MINIMUM_RELATIVE_VOLUME,False,,,,,,,,,,,,,
orb_v1.0,2024-09-13,117,ZION,BBG001S5XN80,1.7276272372762724,14,LONG,False,BELOW_MINIMUM_RELATIVE_VOLUME,False,False,False,False,34556.0,20002.0,1483721.0,1.43777857142857,45.9,46.19,45.57,46.1522,True,BELOW_MINIMUM_RELATIVE_VOLUME,False,,,,,,,,,,,,,,BELOW_MINIMUM_RELATIVE_VOLUME,False,,,,,,,,,,,,,,BELOW_MINIMUM_RELATIVE_VOLUME,False,,,,,,,,,,,,,
orb_v1.0,2024-09-13,118,TFC,BBG001S5YYC0,1.7157447897204914,14,LONG,False,BELOW_MINIMUM_RELATIVE_VOLUME,True,False,False,False,254837.0,148528.5,7461434.785714285,0.9746428571428568,41.86,42.2,41.845,42.15,True,BELOW_MINIMUM_RELATIVE_VOLUME,False,,,,,,,,,,,,,,BELOW_MINIMUM_RELATIVE_VOLUME,False,,,,,,,,,,,,,,BELOW_MINIMUM_RELATIVE_VOLUME,False,,,,,,,,,,,,,
orb_v1.0,2024-09-13,119,FOUR,BBG00TX393M3,1.7030971233837828,14,LONG,False,BELOW_MINIMUM_RELATIVE_VOLUME,False,False,False,False,36411.0,21379.285714285714,1023806.2857142857,2.934278571428572,80.88,81.83,80.8,81.41,True,BELOW_MINIMUM_RELATIVE_VOLUME,False,,,,,,,,,,,,,,BELOW_MINIMUM_RELATIVE_VOLUME,False,,,,,,,,,,,,,,BELOW_MINIMUM_RELATIVE_VOLUME,False,,,,,,,,,,,,,
orb_v1.0,2024-09-13,120,META,BBG001SQCQC5,1.6951590815740822,14,SHORT,False,BELOW_MINIMUM_RELATIVE_VOLUME,True,False,False,False,697182.0,411278.21428571426,10119582.357142856,13.491078571428574,520.34,523.6,517.11,519.7707,False,BELOW_MINIMUM_RELATIVE_VOLUME,False,,,,,,,,,,,,,,BELOW_MINIMUM_RELATIVE_VOLUME,False,,,,,,,,,,,,,,BELOW_MINIMUM_RELATIVE_VOLUME,False,,,,,,,,,,,,,
orb_v1.0,2024-09-13,121,VAL,0000314808,1.684441164260344,14,SHORT,False,BELOW_MINIMUM_RELATIVE_VOLUME,False,False,False,False,36517.0,21679.0,1248128.142857143,2.290714285714286,55.22,55.3,54.67,54.9699,True,BELOW_MINIMUM_RELATIVE_VOLUME,False,,,,,,,,,,,,,,BELOW_MINIMUM_RELATIVE_VOLUME,False,,,,,,,,,,,,,,BELOW_MINIMUM_RELATIVE_VOLUME,False,,,,,,,,,,,,,
orb_v1.0,2024-09-13,122,NE,0001895262,1.6804581208345644,14,SHORT,False,BELOW_MINIMUM_RELATIVE_VOLUME,False,False,False,False,110925.0,66008.78571428571,2996686.3571428573,1.3082142857142856,34.53,34.81,34.45,34.47,True,BELOW_MINIMUM_RELATIVE_VOLUME,False,,,,,,,,,,,,,,BELOW_MINIMUM_RELATIVE_VOLUME,False,,,,,,,,,,,,,,BELOW_MINIMUM_RELATIVE_VOLUME,False,,,,,,,,,,,,,
orb_v1.0,2024-09-13,123,FULT,BBG001S5RF02,1.668242484583995,14,LONG,False,BELOW_MINIMUM_RELATIVE_VOLUME,False,False,False,False,32793.0,19657.214285714286,1166970.857142857,0.5421428571428569,17.62,17.73,17.48,17.66,True,BELOW_MINIMUM_RELATIVE_VOLUME,False,,,,,,,,,,,,,,BELOW_MINIMUM_RELATIVE_VOLUME,False,,,,,,,,,,,,,,BELOW_MINIMUM_RELATIVE_VOLUME,False,,,,,,,,,,,,,
orb_v1.0,2024-09-13,124,BFH,BBG001S78Z50,1.6538425535898156,14,LONG,False,BELOW_MINIMUM_RELATIVE_VOLUME,False,False,False,False,20192.0,12209.142857142857,1180838.2142857143,2.2971428571428576,47.8,49.16,47.69,49.0,True,BELOW_MINIMUM_RELATIVE_VOLUME,False,,,,,,,,,,,,,,BELOW_MINIMUM_RELATIVE_VOLUME,False,,,,,,,,,,,,,,BELOW_MINIMUM_RELATIVE_VOLUME,False,,,,,,,,,,,,,
orb_v1.0,2024-09-13,125,C,BBG001S72ZG4,1.6516688613616959,14,LONG,False,BELOW_MINIMUM_RELATIVE_VOLUME,True,False,False,False,453515.0,274579.85714285716,12534585.57142857,1.592121428571429,57.71,58.14,57.61,58.03,True,BELOW_MINIMUM_RELATIVE_VOLUME,False,,,,,,,,,,,,,,BELOW_MINIMUM_RELATIVE_VOLUME,False,,,,,,,,,,,,,,BELOW_MINIMUM_RELATIVE_VOLUME,False,,,,,,,,,,,,,
orb_v1.0,2024-09-13,126,ULS,BBG007N72MB0,1.6283840079334437,14,LONG,False,BELOW_MINIMUM_RELATIVE_VOLUME,False,False,False,False,57237.0,35149.57142857143,1352384.9285714286,1.686942857142858,48.9,49.125,48.75,49.02,True,BELOW_MINIMUM_RELATIVE_VOLUME,False,,,,,,,,,,,,,,BELOW_MINIMUM_RELATIVE_VOLUME,False,,,,,,,,,,,,,,BELOW_MINIMUM_RELATIVE_VOLUME,False,,,,,,,,,,,,,
orb_v1.0,2024-09-13,127,NOVA,BBG00PLQ1KH9,1.6193500779299597,14,LONG,False,BELOW_MINIMUM_RELATIVE_VOLUME,False,False,False,False,234809.0,145002.0,4272660.071428572,0.820857142857143,11.11,11.47,11.09,11.31,True,BELOW_MINIMUM_RELATIVE_VOLUME,False,,,,,,,,,,,,,,BELOW_MINIMUM_RELATIVE_VOLUME,False,,,,,,,,,,,,,,BELOW_MINIMUM_RELATIVE_VOLUME,False,,,,,,,,,,,,,
orb_v1.0,2024-09-13,128,FRO,0000913290,1.5978562773192557,14,SHORT,False,BELOW_MINIMUM_RELATIVE_VOLUME,False,False,False,False,106715.0,66786.35714285714,1916002.0,0.7310142857142866,22.56,22.56,22.39,22.449,True,BELOW_MINIMUM_RELATIVE_VOLUME,False,,,,,,,,,,,,,,BELOW_MINIMUM_RELATIVE_VOLUME,False,,,,,,,,,,,,,,BELOW_MINIMUM_RELATIVE_VOLUME,False,,,,,,,,,,,,,
orb_v1.0,2024-09-13,129,RUN,BBG0025XVR94,1.59738632021781,14,LONG,False,BELOW_MINIMUM_RELATIVE_VOLUME,False,False,False,False,455998.0,285465.0714285714,6915925.071428572,1.1567571428571433,19.28,19.58,19.19,19.56,True,BELOW_MINIMUM_RELATIVE_VOLUME,False,,,,,,,,,,,,,,BELOW_MINIMUM_RELATIVE_VOLUME,False,,,,,,,,,,,,,,BELOW_MINIMUM_RELATIVE_VOLUME,False,,,,,,,,,,,,,
orb_v1.0,2024-09-13,130,PRMW,BBG001S77SH4,1.5869756168973763,14,LONG,False,BELOW_MINIMUM_RELATIVE_VOLUME,False,False,False,False,27875.0,17564.85714285714,1201249.7142857143,0.5982500000000002,23.64,23.93,23.64,23.775,True,BELOW_MINIMUM_RELATIVE_VOLUME,False,,,,,,,,,,,,,,BELOW_MINIMUM_RELATIVE_VOLUME,False,,,,,,,,,,,,,,BELOW_MINIMUM_RELATIVE_VOLUME,False,,,,,,,,,,,,,
orb_v1.0,2024-09-13,131,FTNT,BBG001S77BL6,1.586078645119675,14,LONG,False,BELOW_MINIMUM_RELATIVE_VOLUME,True,False,False,False,145601.0,91799.35714285714,4154755.785714286,1.5508142857142866,74.67,75.0997,74.13,74.765,True,BELOW_MINIMUM_RELATIVE_VOLUME,False,,,,,,,,,,,,,,BELOW_MINIMUM_RELATIVE_VOLUME,False,,,,,,,,,,,,,,BELOW_MINIMUM_RELATIVE_VOLUME,False,,,,,,,,,,,,,
orb_v1.0,2024-09-13,132,NCLH,0001513761,1.582579129905997,14,LONG,False,BELOW_MINIMUM_RELATIVE_VOLUME,False,False,False,False,535740.0,338523.35714285716,11811717.42857143,0.7525357142857144,19.26,19.47,19.25,19.4,True,BELOW_MINIMUM_RELATIVE_VOLUME,False,,,,,,,,,,,,,,BELOW_MINIMUM_RELATIVE_VOLUME,False,,,,,,,,,,,,,,BELOW_MINIMUM_RELATIVE_VOLUME,False,,,,,,,,,,,,,
orb_v1.0,2024-09-13,133,JBL,BBG001S7RB70,1.5736042868332978,14,LONG,False,BELOW_MINIMUM_RELATIVE_VOLUME,False,False,False,False,25255.0,16049.142857142857,1428567.0714285714,2.7303857142857137,104.73,105.58,104.455,105.54,True,BELOW_MINIMUM_RELATIVE_VOLUME,False,,,,,,,,,,,,,,BELOW_MINIMUM_RELATIVE_VOLUME,False,,,,,,,,,,,,,,BELOW_MINIMUM_RELATIVE_VOLUME,False,,,,,,,,,,,,,
orb_v1.0,2024-09-13,134,SEE,BBG001SBSZ95,1.5700020477240149,14,LONG,False,BELOW_MINIMUM_RELATIVE_VOLUME,False,False,False,False,18620.0,11859.857142857143,1354650.857142857,0.7164285714285705,33.0,33.28,33.0,33.12,True,BELOW_MINIMUM_RELATIVE_VOLUME,False,,,,,,,,,,,,,,BELOW_MINIMUM_RELATIVE_VOLUME,False,,,,,,,,,,,,,,BELOW_MINIMUM_RELATIVE_VOLUME,False,,,,,,,,,,,,,
orb_v1.0,2024-09-13,135,FITB,BBG001S5R6S2,1.5629107053022457,14,LONG,False,BELOW_MINIMUM_RELATIVE_VOLUME,True,False,False,False,114061.0,72979.85714285714,3508454.4285714286,1.0307142857142852,41.6,42.14,41.52,42.07,True,BELOW_MINIMUM_RELATIVE_VOLUME,False,,,,,,,,,,,,,,BELOW_MINIMUM_RELATIVE_VOLUME,False,,,,,,,,,,,,,,BELOW_MINIMUM_RELATIVE_VOLUME,False,,,,,,,,,,,,,
orb_v1.0,2024-09-13,136,DAY,BBG005D7PF43,1.536822603056971,14,LONG,False,BELOW_MINIMUM_RELATIVE_VOLUME,False,False,False,False,18723.0,12182.92857142857,1259585.7857142857,2.0974285714285714,59.07,59.67,58.995,59.5525,True,BELOW_MINIMUM_RELATIVE_VOLUME,False,,,,,,,,,,,,,,BELOW_MINIMUM_RELATIVE_VOLUME,False,,,,,,,,,,,,,,BELOW_MINIMUM_RELATIVE_VOLUME,False,,,,,,,,,,,,,
orb_v1.0,2024-09-13,137,GTES,0001718512,1.5296913490798436,14,LONG,False,BELOW_MINIMUM_RELATIVE_VOLUME,False,False,False,False,26391.0,17252.5,1966809.357142857,0.5042857142857143,17.02,17.1,16.965,17.1,True,BELOW_MINIMUM_RELATIVE_VOLUME,False,,,,,,,,,,,,,,BELOW_MINIMUM_RELATIVE_VOLUME,False,,,,,,,,,,,,,,BELOW_MINIMUM_RELATIVE_VOLUME,False,,,,,,,,,,,,,
orb_v1.0,2024-09-13,138,COLB,BBG001S72GJ3,1.5210178960616385,14,LONG,False,BELOW_MINIMUM_RELATIVE_VOLUME,False,False,False,False,35393.0,23269.285714285714,1655344.4285714286,0.7414285714285705,23.84,24.11,23.74,24.05,True,BELOW_MINIMUM_RELATIVE_VOLUME,False,,,,,,,,,,,,,,BELOW_MINIMUM_RELATIVE_VOLUME,False,,,,,,,,,,,,,,BELOW_MINIMUM_RELATIVE_VOLUME,False,,,,,,,,,,,,,
orb_v1.0,2024-09-13,139,IRDM,BBG001T21JT7,1.5135693723396402,14,SHORT,False,BELOW_MINIMUM_RELATIVE_VOLUME,False,False,False,False,21970.0,14515.357142857143,1005204.5714285715,0.9967857142857142,26.22,26.475,26.2,26.2,True,BELOW_MINIMUM_RELATIVE_VOLUME,False,,,,,,,,,,,,,,BELOW_MINIMUM_RELATIVE_VOLUME,False,,,,,,,,,,,,,,BELOW_MINIMUM_RELATIVE_VOLUME,False,,,,,,,,,,,,,
orb_v1.0,2024-09-13,140,LTH,BBG012J3H0X2,1.505827505827506,14,LONG,False,BELOW_MINIMUM_RELATIVE_VOLUME,False,False,False,False,41021.0,27241.5,1710573.0714285714,0.7190000000000006,24.94,25.18,24.94,25.18,True,BELOW_MINIMUM_RELATIVE_VOLUME,False,,,,,,,,,,,,,,BELOW_MINIMUM_RELATIVE_VOLUME,False,,,,,,,,,,,,,,BELOW_MINIMUM_RELATIVE_VOLUME,False,,,,,,,,,,,,,
orb_v1.0,2024-09-13,141,SFM,BBG001V0MZS0,1.5053690548754437,14,LONG,False,BELOW_MINIMUM_RELATIVE_VOLUME,False,False,False,False,37751.0,25077.571428571428,1218864.7142857143,2.8249500000000003,102.29,103.9999,102.29,103.435,False,BELOW_MINIMUM_RELATIVE_VOLUME,False,,,,,,,,,,,,,,BELOW_MINIMUM_RELATIVE_VOLUME,False,,,,,,,,,,,,,,BELOW_MINIMUM_RELATIVE_VOLUME,False,,,,,,,,,,,,,
orb_v1.0,2024-09-13,142,MMC,BBG001S5T7M4,1.50044596667737,14,SHORT,False,BELOW_MINIMUM_RELATIVE_VOLUME,True,False,False,False,42056.0,28029.0,1414693.2142857143,3.593764285714286,229.63,230.0,228.99,228.99,True,BELOW_MINIMUM_RELATIVE_VOLUME,False,,,,,,,,,,,,,,BELOW_MINIMUM_RELATIVE_VOLUME,False,,,,,,,,,,,,,,BELOW_MINIMUM_RELATIVE_VOLUME,False,,,,,,,,,,,,,
orb_v1.0,2024-09-13,143,ED,BBG001S5QRL4,1.4671713388590453,14,SHORT,False,BELOW_MINIMUM_RELATIVE_VOLUME,True,False,False,False,34277.0,23362.64285714286,1599093.357142857,1.4603571428571425,103.59,103.75,103.325,103.325,True,BELOW_MINIMUM_RELATIVE_VOLUME,False,,,,,,,,,,,,,,BELOW_MINIMUM_RELATIVE_VOLUME,False,,,,,,,,,,,,,,BELOW_MINIMUM_RELATIVE_VOLUME,False,,,,,,,,,,,,,
orb_v1.0,2024-09-13,144,ASB,BBG001S5NVZ3,1.4577534610652865,14,LONG,False,BELOW_MINIMUM_RELATIVE_VOLUME,False,False,False,False,20059.0,13760.214285714286,1258819.7142857143,0.6117857142857142,20.75,20.92,20.71,20.86,True,BELOW_MINIMUM_RELATIVE_VOLUME,False,,,,,,,,,,,,,,BELOW_MINIMUM_RELATIVE_VOLUME,False,,,,,,,,,,,,,,BELOW_MINIMUM_RELATIVE_VOLUME,False,,,,,,,,,,,,,
orb_v1.0,2024-09-13,145,NVAX,BBG001SGL8G3,1.4481004524007386,14,LONG,False,BELOW_MINIMUM_RELATIVE_VOLUME,False,False,False,False,260761.0,180071.07142857142,5165911.642857143,0.9071428571428568,11.87,12.31,11.82,12.1676,True,BELOW_MINIMUM_RELATIVE_VOLUME,False,,,,,,,,,,,,,,BELOW_MINIMUM_RELATIVE_VOLUME,False,,,,,,,,,,,,,,BELOW_MINIMUM_RELATIVE_VOLUME,False,,,,,,,,,,,,,
orb_v1.0,2024-09-13,146,PNC,BBG001S5V947,1.4473453899240396,14,LONG,False,BELOW_MINIMUM_RELATIVE_VOLUME,True,False,False,False,30949.0,21383.285714285714,1724810.9285714286,4.451785714285721,178.1,179.86,178.1,179.76,True,BELOW_MINIMUM_RELATIVE_VOLUME,False,,,,,,,,,,,,,,BELOW_MINIMUM_RELATIVE_VOLUME,False,,,,,,,,,,,,,,BELOW_MINIMUM_RELATIVE_VOLUME,False,,,,,,,,,,,,,
orb_v1.0,2024-09-13,147,XEL,BBG001S7F0X8,1.4436396638538131,14,SHORT,False,BELOW_MINIMUM_RELATIVE_VOLUME,True,False,False,False,94532.0,65481.71428571428,3410392.0,0.9402642857142851,63.81,63.92,63.31,63.32,True,BELOW_MINIMUM_RELATIVE_VOLUME,False,,,,,,,,,,,,,,BELOW_MINIMUM_RELATIVE_VOLUME,False,,,,,,,,,,,,,,BELOW_MINIMUM_RELATIVE_VOLUME,False,,,,,,,,,,,,,
orb_v1.0,2024-09-13,148,MS,BBG001S9V5Z3,1.4433196804523616,14,LONG,False,BELOW_MINIMUM_RELATIVE_VOLUME,True,False,False,False,135064.0,93578.71428571429,4949857.785714285,2.4064285714285703,96.87,97.99,96.85,97.97,True,BELOW_MINIMUM_RELATIVE_VOLUME,False,,,,,,,,,,,,,,BELOW_MINIMUM_RELATIVE_VOLUME,False,,,,,,,,,,,,,,BELOW_MINIMUM_RELATIVE_VOLUME,False,,,,,,,,,,,,,
orb_v1.0,2024-09-13,149,CUBE,BBG001SHP0D7,1.43901137030908,14,SHORT,False,BELOW_MINIMUM_RELATIVE_VOLUME,False,False,False,False,19255.0,13380.714285714286,1124938.2857142857,1.0419214285714287,54.14,54.36,54.07,54.125,True,BELOW_MINIMUM_RELATIVE_VOLUME,False,,,,,,,,,,,,,,BELOW_MINIMUM_RELATIVE_VOLUME,False,,,,,,,,,,,,,,BELOW_MINIMUM_RELATIVE_VOLUME,False,,,,,,,,,,,,,
orb_v1.0,2024-09-13,150,DHR,BBG001S5QGT0,1.4216638767190215,14,LONG,False,BELOW_MINIMUM_RELATIVE_VOLUME,True,False,False,False,50714.0,35672.28571428572,2303416.6428571427,4.62297857142858,272.9,274.91,272.56,273.11,False,BELOW_MINIMUM_RELATIVE_VOLUME,False,,,,,,,,,,,,,,BELOW_MINIMUM_RELATIVE_VOLUME,False,,,,,,,,,,,,,,BELOW_MINIMUM_RELATIVE_VOLUME,False,,,,,,,,,,,,,
orb_v1.0,2024-09-13,151,JPM,BBG001S8CRC3,1.4157808694120095,14,LONG,False,BELOW_MINIMUM_RELATIVE_VOLUME,True,False,False,False,399483.0,282164.4285714286,9374859.785714285,5.178499999999998,206.86,207.61,206.345,207.61,True,BELOW_MINIMUM_RELATIVE_VOLUME,False,,,,,,,,,,,,,,BELOW_MINIMUM_RELATIVE_VOLUME,False,,,,,,,,,,,,,,BELOW_MINIMUM_RELATIVE_VOLUME,False,,,,,,,,,,,,,
orb_v1.0,2024-09-13,152,ATI,BBG001S8WY72,1.413922957008433,14,SHORT,False,BELOW_MINIMUM_RELATIVE_VOLUME,False,False,False,False,21509.0,15212.285714285714,1725831.2857142857,2.108042857142857,62.12,62.16,61.65,61.88,True,BELOW_MINIMUM_RELATIVE_VOLUME,False,,,,,,,,,,,,,,BELOW_MINIMUM_RELATIVE_VOLUME,False,,,,,,,,,,,,,,BELOW_MINIMUM_RELATIVE_VOLUME,False,,,,,,,,,,,,,
orb_v1.0,2024-09-13,153,O,BBG001S884K0,1.4104006645290184,14,SHORT,False,BELOW_MINIMUM_RELATIVE_VOLUME,True,False,False,False,184710.0,130962.78571428571,3915027.4285714286,0.8777071428571419,62.82,62.895,62.61,62.75,True,BELOW_MINIMUM_RELATIVE_VOLUME,False,,,,,,,,,,,,,,BELOW_MINIMUM_RELATIVE_VOLUME,False,,,,,,,,,,,,,,BELOW_MINIMUM_RELATIVE_VOLUME,False,,,,,,,,,,,,,
orb_v1.0,2024-09-13,154,BLMN,BBG002VZ69Q9,1.404069534261017,14,LONG,False,BELOW_MINIMUM_RELATIVE_VOLUME,False,False,False,False,26256.0,18699.928571428572,1238494.5714285714,0.6482928571428571,16.13,16.14,16.07,16.14,True,BELOW_MINIMUM_RELATIVE_VOLUME,False,,,,,,,,,,,,,,BELOW_MINIMUM_RELATIVE_VOLUME,False,,,,,,,,,,,,,,BELOW_MINIMUM_RELATIVE_VOLUME,False,,,,,,,,,,,,,
orb_v1.0,2024-09-13,155,ASO,BBG00X7L1CW0,1.3975568514699965,14,LONG,False,BELOW_MINIMUM_RELATIVE_VOLUME,False,False,False,False,47879.0,34259.07142857143,1682611.642857143,1.8295999999999988,56.775,57.4,56.77,56.96,True,BELOW_MINIMUM_RELATIVE_VOLUME,False,,,,,,,,,,,,,,BELOW_MINIMUM_RELATIVE_VOLUME,False,,,,,,,,,,,,,,BELOW_MINIMUM_RELATIVE_VOLUME,False,,,,,,,,,,,,,
orb_v1.0,2024-09-13,156,CF,BBG001SJ8KV8,1.392850705917693,14,LONG,False,BELOW_MINIMUM_RELATIVE_VOLUME,False,False,False,False,33120.0,23778.571428571428,1519756.4285714286,1.812428571428575,78.51,79.08,78.335,78.86,True,BELOW_MINIMUM_RELATIVE_VOLUME,False,,,,,,,,,,,,,,BELOW_MINIMUM_RELATIVE_VOLUME,False,,,,,,,,,,,,,,BELOW_MINIMUM_RELATIVE_VOLUME,False,,,,,,,,,,,,,
orb_v1.0,2024-09-13,157,ONON,0001858985,1.3918149165142688,14,LONG,False,BELOW_MINIMUM_RELATIVE_VOLUME,True,False,False,False,273820.0,196735.92857142858,5450401.714285715,2.146114285714286,48.59,49.35,48.55,49.05,False,BELOW_MINIMUM_RELATIVE_VOLUME,False,,,,,,,,,,,,,,BELOW_MINIMUM_RELATIVE_VOLUME,False,,,,,,,,,,,,,,BELOW_MINIMUM_RELATIVE_VOLUME,False,,,,,,,,,,,,,
orb_v1.0,2024-09-13,158,TT,0001466258,1.388736750996779,14,LONG,False,BELOW_MINIMUM_RELATIVE_VOLUME,True,False,False,False,20973.0,15102.214285714286,1018894.1428571428,8.156621428571425,360.51,363.0,360.0,361.88,True,BELOW_MINIMUM_RELATIVE_VOLUME,False,,,,,,,,,,,,,,BELOW_MINIMUM_RELATIVE_VOLUME,False,,,,,,,,,,,,,,BELOW_MINIMUM_RELATIVE_VOLUME,False,,,,,,,,,,,,,
orb_v1.0,2024-09-13,159,EXPE,BBG001SP8VM0,1.3837379675689645,14,LONG,False,BELOW_MINIMUM_RELATIVE_VOLUME,True,False,False,False,38248.0,27641.071428571428,1364111.7857142857,3.8049999999999975,133.51,133.99,132.98,133.52,True,BELOW_MINIMUM_RELATIVE_VOLUME,False,,,,,,,,,,,,,,BELOW_MINIMUM_RELATIVE_VOLUME,False,,,,,,,,,,,,,,BELOW_MINIMUM_RELATIVE_VOLUME,False,,,,,,,,,,,,,
orb_v1.0,2024-09-13,160,LNC,BBG001S5STV7,1.3775586132095696,14,LONG,False,BELOW_MINIMUM_RELATIVE_VOLUME,False,False,False,False,23406.0,16990.928571428572,1329241.9285714286,0.8259571428571417,29.54,29.75,29.54,29.735,True,BELOW_MINIMUM_RELATIVE_VOLUME,False,,,,,,,,,,,,,,BELOW_MINIMUM_RELATIVE_VOLUME,False,,,,,,,,,,,,,,BELOW_MINIMUM_RELATIVE_VOLUME,False,,,,,,,,,,,,,
orb_v1.0,2024-09-13,161,USB,BBG001S6T8C1,1.3730582924927284,14,LONG,False,BELOW_MINIMUM_RELATIVE_VOLUME,True,False,False,False,241223.0,175683.0,7776623.142857143,1.1454500000000003,44.16,44.42,44.11,44.39,True,BELOW_MINIMUM_RELATIVE_VOLUME,False,,,,,,,,,,,,,,BELOW_MINIMUM_RELATIVE_VOLUME,False,,,,,,,,,,,,,,BELOW_MINIMUM_RELATIVE_VOLUME,False,,,,,,,,,,,,,
orb_v1.0,2024-09-13,162,VTR,BBG001S9T7M6,1.3706049400793168,14,LONG,False,BELOW_MINIMUM_RELATIVE_VOLUME,True,False,False,False,47471.0,34635.07142857143,2786320.3571428573,1.0224071428571453,65.34,65.645,65.185,65.63,False,BELOW_MINIMUM_RELATIVE_VOLUME,False,,,,,,,,,,,,,,BELOW_MINIMUM_RELATIVE_VOLUME,False,,,,,,,,,,,,,,BELOW_MINIMUM_RELATIVE_VOLUME,False,,,,,,,,,,,,,
orb_v1.0,2024-09-13,163,HUN,BBG001SKWX22,1.3672160616034883,14,LONG,False,BELOW_MINIMUM_RELATIVE_VOLUME,False,False,False,False,16081.0,11761.857142857143,2031828.2142857143,0.5453571428571428,21.63,21.795,21.585,21.79,True,BELOW_MINIMUM_RELATIVE_VOLUME,False,,,,,,,,,,,,,,BELOW_MINIMUM_RELATIVE_VOLUME,False,,,,,,,,,,,,,,BELOW_MINIMUM_RELATIVE_VOLUME,False,,,,,,,,,,,,,
orb_v1.0,2024-09-13,164,EW,BBG001SF2288,1.3635834623627248,14,LONG,False,BELOW_MINIMUM_RELATIVE_VOLUME,True,False,False,False,151978.0,111454.85714285714,5722621.928571428,2.0396357142857133,68.04,69.14,67.72,69.1,True,BELOW_MINIMUM_RELATIVE_VOLUME,False,,,,,,,,,,,,,,BELOW_MINIMUM_RELATIVE_VOLUME,False,,,,,,,,,,,,,,BELOW_MINIMUM_RELATIVE_VOLUME,False,,,,,,,,,,,,,
orb_v1.0,2024-09-13,165,JEF,BBG001S5SX02,1.3584667732011437,14,LONG,False,BELOW_MINIMUM_RELATIVE_VOLUME,False,False,False,False,17852.0,13141.285714285714,1149090.857142857,1.417321428571429,58.0,58.43,57.99,58.4,True,BELOW_MINIMUM_RELATIVE_VOLUME,False,,,,,,,,,,,,,,BELOW_MINIMUM_RELATIVE_VOLUME,False,,,,,,,,,,,,,,BELOW_MINIMUM_RELATIVE_VOLUME,False,,,,,,,,,,,,,
orb_v1.0,2024-09-13,166,PLNT,BBG009H04M26,1.3551109771382337,14,LONG,False,BELOW_MINIMUM_RELATIVE_VOLUME,False,False,False,False,24404.0,18008.85714285714,1082029.0,1.782592857142857,82.59,83.17,82.31,83.17,True,BELOW_MINIMUM_RELATIVE_VOLUME,False,,,,,,,,,,,,,,BELOW_MINIMUM_RELATIVE_VOLUME,False,,,,,,,,,,,,,,BELOW_MINIMUM_RELATIVE_VOLUME,False,,,,,,,,,,,,,
orb_v1.0,2024-09-13,167,DAL,BBG001SPT759,1.3407164323831702,14,LONG,False,BELOW_MINIMUM_RELATIVE_VOLUME,True,False,False,False,325120.0,242497.2142857143,8913270.42857143,1.390421428571429,44.92,45.2,44.85,45.13,True,BELOW_MINIMUM_RELATIVE_VOLUME,False,,,,,,,,,,,,,,BELOW_MINIMUM_RELATIVE_VOLUME,False,,,,,,,,,,,,,,BELOW_MINIMUM_RELATIVE_VOLUME,False,,,,,,,,,,,,,
orb_v1.0,2024-09-13,168,FAST,BBG001S5R1F7,1.3404941078288897,14,LONG,False,BELOW_MINIMUM_RELATIVE_VOLUME,True,False,False,False,53236.0,39713.71428571428,2218790.214285714,1.3885000000000016,69.56,69.86,69.44,69.68,True,BELOW_MINIMUM_RELATIVE_VOLUME,False,,,,,,,,,,,,,,BELOW_MINIMUM_RELATIVE_VOLUME,False,,,,,,,,,,,,,,BELOW_MINIMUM_RELATIVE_VOLUME,False,,,,,,,,,,,,,
orb_v1.0,2024-09-13,169,GILD,BBG001S6Y1X7,1.3314566158478618,14,LONG,False,BELOW_MINIMUM_RELATIVE_VOLUME,True,False,False,False,306622.0,230290.64285714287,6322712.5,1.7257071428571433,81.95,82.88,81.57,82.53,True,BELOW_MINIMUM_RELATIVE_VOLUME,False,,,,,,,,,,,,,,BELOW_MINIMUM_RELATIVE_VOLUME,False,,,,,,,,,,,,,,BELOW_MINIMUM_RELATIVE_VOLUME,False,,,,,,,,,,,,,
orb_v1.0,2024-09-13,170,COO,BBG001S5Q1H6,1.328809813239032,14,LONG,False,BELOW_MINIMUM_RELATIVE_VOLUME,True,False,False,False,30061.0,22622.5,1389317.9285714286,2.713214285714286,108.89,110.47,108.43,109.865,True,BELOW_MINIMUM_RELATIVE_VOLUME,False,,,,,,,,,,,,,,BELOW_MINIMUM_RELATIVE_VOLUME,False,,,,,,,,,,,,,,BELOW_MINIMUM_RELATIVE_VOLUME,False,,,,,,,,,,,,,
orb_v1.0,2024-09-13,171,DLTR,BBG001S6ZGL6,1.3237375824127058,14,LONG,False,BELOW_MINIMUM_RELATIVE_VOLUME,False,False,False,False,281248.0,212465.07142857142,7869066.285714285,4.719600000000002,69.33,70.43,68.74,70.4,True,BELOW_MINIMUM_RELATIVE_VOLUME,False,,,,,,,,,,,,,,BELOW_MINIMUM_RELATIVE_VOLUME,False,,,,,,,,,,,,,,BELOW_MINIMUM_RELATIVE_VOLUME,False,,,,,,,,,,,,,
orb_v1.0,2024-09-13,172,CL,BBG001S5PVM5,1.3152437212983283,14,SHORT,False,BELOW_MINIMUM_RELATIVE_VOLUME,True,False,False,False,160018.0,121664.14285714286,3816826.214285714,1.2942857142857156,105.66,105.83,105.11,105.18,False,BELOW_MINIMUM_RELATIVE_VOLUME,False,,,,,,,,,,,,,,BELOW_MINIMUM_RELATIVE_VOLUME,False,,,,,,,,,,,,,,BELOW_MINIMUM_RELATIVE_VOLUME,False,,,,,,,,,,,,,
orb_v1.0,2024-09-13,173,ACN,0001467373,1.3118828649668277,14,SHORT,False,BELOW_MINIMUM_RELATIVE_VOLUME,True,False,False,False,62245.0,47447.07142857143,1741108.142857143,5.91308571428572,351.1,351.32,349.99,350.5,True,BELOW_MINIMUM_RELATIVE_VOLUME,False,,,,,,,,,,,,,,BELOW_MINIMUM_RELATIVE_VOLUME,False,,,,,,,,,,,,,,BELOW_MINIMUM_RELATIVE_VOLUME,False,,,,,,,,,,,,,
orb_v1.0,2024-09-13,174,FOXA,BBG00JHNJX06,1.3108564363498028,14,LONG,False,BELOW_MINIMUM_RELATIVE_VOLUME,True,False,False,False,55132.0,42058.0,2447047.6428571427,0.5667857142857134,39.08,39.24,39.08,39.21,True,BELOW_MINIMUM_RELATIVE_VOLUME,False,,,,,,,,,,,,,,BELOW_MINIMUM_RELATIVE_VOLUME,False,,,,,,,,,,,,,,BELOW_MINIMUM_RELATIVE_VOLUME,False,,,,,,,,,,,,,
orb_v1.0,2024-09-13,175,TROW,BBG001S5WW18,1.3013879604489882,14,LONG,False,BELOW_MINIMUM_RELATIVE_VOLUME,True,False,False,False,29341.0,22545.928571428572,1197824.4285714286,2.3041000000000005,104.39,104.7,104.25,104.7,True,BELOW_MINIMUM_RELATIVE_VOLUME,False,,,,,,,,,,,,,,BELOW_MINIMUM_RELATIVE_VOLUME,False,,,,,,,,,,,,,,BELOW_MINIMUM_RELATIVE_VOLUME,False,,,,,,,,,,,,,
orb_v1.0,2024-09-13,176,ICE,BBG001SDJ4R0,1.300826275526731,14,SHORT,False,BELOW_MINIMUM_RELATIVE_VOLUME,True,False,False,False,53066.0,40794.07142857143,2516558.5,2.0792857142857133,161.32,161.32,160.89,161.02,True,BELOW_MINIMUM_RELATIVE_VOLUME,False,,,,,,,,,,,,,,BELOW_MINIMUM_RELATIVE_VOLUME,False,,,,,,,,,,,,,,BELOW_MINIMUM_RELATIVE_VOLUME,False,,,,,,,,,,,,,
orb_v1.0,2024-09-13,177,IBM,BBG001S5S399,1.2938641988738377,14,LONG,False,BELOW_MINIMUM_RELATIVE_VOLUME,True,False,False,False,164820.0,127385.85714285714,3456404.0,3.823214285714286,212.48,213.65,212.13,212.97,True,BELOW_MINIMUM_RELATIVE_VOLUME,False,,,,,,,,,,,,,,BELOW_MINIMUM_RELATIVE_VOLUME,False,,,,,,,,,,,,,,BELOW_MINIMUM_RELATIVE_VOLUME,False,,,,,,,,,,,,,
orb_v1.0,2024-09-13,178,SPG,BBG001S77WM9,1.2905172558710305,14,LONG,False,BELOW_MINIMUM_RELATIVE_VOLUME,True,False,False,False,32901.0,25494.428571428572,1351749.0,3.3389571428571503,164.75,165.85,164.11,165.2,False,BELOW_MINIMUM_RELATIVE_VOLUME,False,,,,,,,,,,,,,,BELOW_MINIMUM_RELATIVE_VOLUME,False,,,,,,,,,,,,,,BELOW_MINIMUM_RELATIVE_VOLUME,False,,,,,,,,,,,,,
orb_v1.0,2024-09-13,179,AA,BBG00B3T3HF1,1.2854050380668887,14,LONG,False,BELOW_MINIMUM_RELATIVE_VOLUME,False,False,False,False,259403.0,201806.42857142858,4866414.5,1.4196428571428565,32.03,32.4,31.925,32.25,True,BELOW_MINIMUM_RELATIVE_VOLUME,False,,,,,,,,,,,,,,BELOW_MINIMUM_RELATIVE_VOLUME,False,,,,,,,,,,,,,,BELOW_MINIMUM_RELATIVE_VOLUME,False,,,,,,,,,,,,,
orb_v1.0,2024-09-13,180,VNO,BBG001S5X909,1.2839117611695392,14,LONG,False,BELOW_MINIMUM_RELATIVE_VOLUME,False,False,False,False,25933.0,20198.428571428572,2276965.714285714,0.97095,36.49,36.55,36.25,36.55,True,BELOW_MINIMUM_RELATIVE_VOLUME,False,,,,,,,,,,,,,,BELOW_MINIMUM_RELATIVE_VOLUME,False,,,,,,,,,,,,,,BELOW_MINIMUM_RELATIVE_VOLUME,False,,,,,,,,,,,,,
orb_v1.0,2024-09-13,181,GOLD,BBG001S5N9P3,1.2776064905438733,14,LONG,False,BELOW_MINIMUM_RELATIVE_VOLUME,True,False,False,False,789277.0,617777.8571428572,16423139.642857144,0.527507142857143,20.84,20.965,20.815,20.9599,True,BELOW_MINIMUM_RELATIVE_VOLUME,False,,,,,,,,,,,,,,BELOW_MINIMUM_RELATIVE_VOLUME,False,,,,,,,,,,,,,,BELOW_MINIMUM_RELATIVE_VOLUME,False,,,,,,,,,,,,,
orb_v1.0,2024-09-13,182,TGT,BBG001SC0K41,1.2761078318223926,14,LONG,False,BELOW_MINIMUM_RELATIVE_VOLUME,True,False,False,False,129683.0,101623.85714285714,3662383.714285714,3.154971428571435,149.72,150.99,149.5,150.89,True,BELOW_MINIMUM_RELATIVE_VOLUME,False,,,,,,,,,,,,,,BELOW_MINIMUM_RELATIVE_VOLUME,False,,,,,,,,,,,,,,BELOW_MINIMUM_RELATIVE_VOLUME,False,,,,,,,,,,,,,
orb_v1.0,2024-09-13,183,LIN,0001707925,1.274778303624767,14,LONG,False,BELOW_MINIMUM_RELATIVE_VOLUME,True,False,False,False,50909.0,39935.57142857143,1543588.5714285714,6.886892857142852,465.51,467.74,465.0,466.585,True,BELOW_MINIMUM_RELATIVE_VOLUME,False,,,,,,,,,,,,,,BELOW_MINIMUM_RELATIVE_VOLUME,False,,,,,,,,,,,,,,BELOW_MINIMUM_RELATIVE_VOLUME,False,,,,,,,,,,,,,
orb_v1.0,2024-09-13,184,DHI,BBG001S8M692,1.2730041829505097,14,LONG,False,BELOW_MINIMUM_RELATIVE_VOLUME,True,False,False,False,55584.0,43663.642857142855,1828060.857142857,4.50868571428572,191.6,193.5894,191.0,193.265,True,BELOW_MINIMUM_RELATIVE_VOLUME,False,,,,,,,,,,,,,,BELOW_MINIMUM_RELATIVE_VOLUME,False,,,,,,,,,,,,,,BELOW_MINIMUM_RELATIVE_VOLUME,False,,,,,,,,,,,,,
orb_v1.0,2024-09-13,185,DUK,BBG001S5QNR7,1.2700392835741394,14,SHORT,False,BELOW_MINIMUM_RELATIVE_VOLUME,True,False,False,False,68124.0,53639.28571428572,2822859.0714285714,1.5096357142857144,116.24,116.29,115.97,116.01,True,BELOW_MINIMUM_RELATIVE_VOLUME,False,,,,,,,,,,,,,,BELOW_MINIMUM_RELATIVE_VOLUME,False,,,,,,,,,,,,,,BELOW_MINIMUM_RELATIVE_VOLUME,False,,,,,,,,,,,,,
orb_v1.0,2024-09-13,186,MDT,0001613103,1.2680624720647742,14,LONG,False,BELOW_MINIMUM_RELATIVE_VOLUME,True,False,False,False,183193.0,144466.85714285713,6137026.928571428,1.495357142857145,90.06,90.519,90.0,90.15,False,BELOW_MINIMUM_RELATIVE_VOLUME,False,,,,,,,,,,,,,,BELOW_MINIMUM_RELATIVE_VOLUME,False,,,,,,,,,,,,,,BELOW_MINIMUM_RELATIVE_VOLUME,False,,,,,,,,,,,,,
orb_v1.0,2024-09-13,187,HE,BBG001S5RV43,1.2677876618565604,14,LONG,False,BELOW_MINIMUM_RELATIVE_VOLUME,False,False,False,False,73824.0,58230.57142857143,2277939.4285714286,0.6603714285714285,11.22,11.43,11.22,11.39,True,BELOW_MINIMUM_RELATIVE_VOLUME,False,,,,,,,,,,,,,,BELOW_MINIMUM_RELATIVE_VOLUME,False,,,,,,,,,,,,,,BELOW_MINIMUM_RELATIVE_VOLUME,False,,,,,,,,,,,,,
orb_v1.0,2024-09-13,188,KMB,BBG001S5SLZ0,1.2647593797206893,14,SHORT,False,BELOW_MINIMUM_RELATIVE_VOLUME,True,False,False,False,41025.0,32437.0,1771653.4285714286,1.980714285714285,141.77,142.0,141.5,141.69,False,BELOW_MINIMUM_RELATIVE_VOLUME,False,,,,,,,,,,,,,,BELOW_MINIMUM_RELATIVE_VOLUME,False,,,,,,,,,,,,,,BELOW_MINIMUM_RELATIVE_VOLUME,False,,,,,,,,,,,,,
orb_v1.0,2024-09-13,189,BBWI,BBG001S5SWL1,1.2588263253214453,14,SHORT,False,BELOW_MINIMUM_RELATIVE_VOLUME,False,False,False,False,109722.0,87162.14285714286,6764451.428571428,1.2699999999999996,27.71,27.94,27.665,27.665,True,BELOW_MINIMUM_RELATIVE_VOLUME,False,,,,,,,,,,,,,,BELOW_MINIMUM_RELATIVE_VOLUME,False,,,,,,,,,,,,,,BELOW_MINIMUM_RELATIVE_VOLUME,False,,,,,,,,,,,,,
orb_v1.0,2024-09-13,190,GE,BBG001S5PVD5,1.2568322538842691,14,LONG,False,BELOW_MINIMUM_RELATIVE_VOLUME,True,False,False,False,133565.0,106271.14285714286,4215473.714285715,4.185292857142859,169.41,171.6399,169.21,170.98,True,BELOW_MINIMUM_RELATIVE_VOLUME,False,,,,,,,,,,,,,,BELOW_MINIMUM_RELATIVE_VOLUME,False,,,,,,,,,,,,,,BELOW_MINIMUM_RELATIVE_VOLUME,False,,,,,,,,,,,,,
orb_v1.0,2024-09-13,191,CVI,BBG001SM6PD2,1.2493950412385502,14,LONG,False,BELOW_MINIMUM_RELATIVE_VOLUME,False,False,False,False,28176.0,22551.714285714286,1267840.0714285714,0.8275000000000003,21.5,21.6799,21.5,21.565,True,BELOW_MINIMUM_RELATIVE_VOLUME,False,,,,,,,,,,,,,,BELOW_MINIMUM_RELATIVE_VOLUME,False,,,,,,,,,,,,,,BELOW_MINIMUM_RELATIVE_VOLUME,False,,,,,,,,,,,,,
orb_v1.0,2024-09-13,192,TDS,BBG001S5WM29,1.2488335638543109,14,SHORT,False,BELOW_MINIMUM_RELATIVE_VOLUME,False,False,False,False,14511.0,11619.642857142857,1184031.357142857,0.9521285714285713,23.39,23.39,23.27,23.37,True,BELOW_MINIMUM_RELATIVE_VOLUME,False,,,,,,,,,,,,,,BELOW_MINIMUM_RELATIVE_VOLUME,False,,,,,,,,,,,,,,BELOW_MINIMUM_RELATIVE_VOLUME,False,,,,,,,,,,,,,
orb_v1.0,2024-09-13,193,PCOR,BBG0026ZJ313,1.2335503716995642,14,LONG,False,BELOW_MINIMUM_RELATIVE_VOLUME,False,False,False,False,25779.0,20898.214285714286,1676608.0,1.997214285714286,57.75,58.51,57.615,58.28,True,BELOW_MINIMUM_RELATIVE_VOLUME,False,,,,,,,,,,,,,,BELOW_MINIMUM_RELATIVE_VOLUME,False,,,,,,,,,,,,,,BELOW_MINIMUM_RELATIVE_VOLUME,False,,,,,,,,,,,,,
orb_v1.0,2024-09-13,194,LEN,BBG001S5SRK3,1.2277635630339563,14,LONG,False,BELOW_MINIMUM_RELATIVE_VOLUME,True,False,False,False,28311.0,23059.0,1509663.2857142857,4.367742857142852,183.45,185.26,183.25,185.1337,True,BELOW_MINIMUM_RELATIVE_VOLUME,False,,,,,,,,,,,,,,BELOW_MINIMUM_RELATIVE_VOLUME,False,,,,,,,,,,,,,,BELOW_MINIMUM_RELATIVE_VOLUME,False,,,,,,,,,,,,,
orb_v1.0,2024-09-13,195,TRU,BBG002Q7J607,1.2263645737322462,14,LONG,False,BELOW_MINIMUM_RELATIVE_VOLUME,True,False,False,False,32028.0,26116.214285714286,1419919.5714285714,2.3518928571428552,98.78,99.99,98.78,99.84,True,BELOW_MINIMUM_RELATIVE_VOLUME,False,,,,,,,,,,,,,,BELOW_MINIMUM_RELATIVE_VOLUME,False,,,,,,,,,,,,,,BELOW_MINIMUM_RELATIVE_VOLUME,False,,,,,,,,,,,,,
orb_v1.0,2024-09-13,196,GEV,BBG013G17W77,1.2167582077417818,14,LONG,False,BELOW_MINIMUM_RELATIVE_VOLUME,False,False,False,False,186008.0,152871.7857142857,3114465.3571428573,9.06852857142857,220.65,223.53,219.01,221.55,True,BELOW_MINIMUM_RELATIVE_VOLUME,False,,,,,,,,,,,,,,BELOW_MINIMUM_RELATIVE_VOLUME,False,,,,,,,,,,,,,,BELOW_MINIMUM_RELATIVE_VOLUME,False,,,,,,,,,,,,,
orb_v1.0,2024-09-13,197,VSCO,BBG01103B480,1.2147738075267012,14,LONG,False,BELOW_MINIMUM_RELATIVE_VOLUME,False,False,False,False,62068.0,51094.28571428572,3046132.4285714286,1.3671428571428568,22.59,23.18,22.59,22.905,True,BELOW_MINIMUM_RELATIVE_VOLUME,False,,,,,,,,,,,,,,BELOW_MINIMUM_RELATIVE_VOLUME,False,,,,,,,,,,,,,,BELOW_MINIMUM_RELATIVE_VOLUME,False,,,,,,,,,,,,,
orb_v1.0,2024-09-13,198,SYK,BBG001S8FR03,1.2139866843876157,14,LONG,False,BELOW_MINIMUM_RELATIVE_VOLUME,True,False,False,False,27859.0,22948.35714285714,1126877.642857143,5.079714285714281,366.93,370.4899,366.93,370.48,True,BELOW_MINIMUM_RELATIVE_VOLUME,False,,,,,,,,,,,,,,BELOW_MINIMUM_RELATIVE_VOLUME,False,,,,,,,,,,,,,,BELOW_MINIMUM_RELATIVE_VOLUME,False,,,,,,,,,,,,,
orb_v1.0,2024-09-13,199,APTV,0001521332,1.2131295037584144,14,SHORT,False,BELOW_MINIMUM_RELATIVE_VOLUME,True,False,False,False,52970.0,43663.92857142857,3271475.0,2.1085714285714277,68.63,69.2,68.41,68.53,False,BELOW_MINIMUM_RELATIVE_VOLUME,False,,,,,,,,,,,,,,BELOW_MINIMUM_RELATIVE_VOLUME,False,,,,,,,,,,,,,,BELOW_MINIMUM_RELATIVE_VOLUME,False,,,,,,,,,,,,,
orb_v1.0,2024-09-13,200,HON,BBG001S5X1N1,1.2107265537625818,14,LONG,False,BELOW_MINIMUM_RELATIVE_VOLUME,True,False,False,False,51963.0,42918.857142857145,2143272.0714285714,3.551778571428575,204.47,205.22,203.81,204.575,True,BELOW_MINIMUM_RELATIVE_VOLUME,False,,,,,,,,,,,,,,BELOW_MINIMUM_RELATIVE_VOLUME,False,,,,,,,,,,,,,,BELOW_MINIMUM_RELATIVE_VOLUME,False,,,,,,,,,,,,,
orb_v1.0,2024-09-13,201,PRU,BBG001S97MM7,1.210040431778012,14,LONG,False,BELOW_MINIMUM_RELATIVE_VOLUME,True,False,False,False,34182.0,28248.64285714286,1524556.9285714286,2.601064285714286,116.46,117.1,116.4,116.92,False,BELOW_MINIMUM_RELATIVE_VOLUME,False,,,,,,,,,,,,,,BELOW_MINIMUM_RELATIVE_VOLUME,False,,,,,,,,,,,,,,BELOW_MINIMUM_RELATIVE_VOLUME,False,,,,,,,,,,,,,
orb_v1.0,2024-09-13,202,STT,BBG001S5RLD5,1.209317307301672,14,LONG,False,BELOW_MINIMUM_RELATIVE_VOLUME,True,False,False,False,29767.0,24614.714285714286,2066166.357142857,1.8953571428571416,82.85,83.59,82.85,83.545,True,BELOW_MINIMUM_RELATIVE_VOLUME,False,,,,,,,,,,,,,,BELOW_MINIMUM_RELATIVE_VOLUME,False,,,,,,,,,,,,,,BELOW_MINIMUM_RELATIVE_VOLUME,False,,,,,,,,,,,,,
orb_v1.0,2024-09-13,203,SNV,BBG001S5S3G1,1.2092130518234165,14,LONG,False,BELOW_MINIMUM_RELATIVE_VOLUME,False,False,False,False,17505.0,14476.357142857143,1198525.2857142857,1.398221428571428,44.11,44.64,44.11,44.44,False,BELOW_MINIMUM_RELATIVE_VOLUME,False,,,,,,,,,,,,,,BELOW_MINIMUM_RELATIVE_VOLUME,False,,,,,,,,,,,,,,BELOW_MINIMUM_RELATIVE_VOLUME,False,,,,,,,,,,,,,
orb_v1.0,2024-09-13,204,CEG,BBG014KFRPJ9,1.2086952422154924,14,SHORT,False,BELOW_MINIMUM_RELATIVE_VOLUME,True,False,False,False,62263.0,51512.57142857143,2601624.3571428573,6.744285714285714,191.45,191.7,189.18,191.09,False,BELOW_MINIMUM_RELATIVE_VOLUME,False,,,,,,,,,,,,,,BELOW_MINIMUM_RELATIVE_VOLUME,False,,,,,,,,,,,,,,BELOW_MINIMUM_RELATIVE_VOLUME,False,,,,,,,,,,,,,
orb_v1.0,2024-09-13,205,TTC,BBG001S5WX98,1.2077745750775062,14,LONG,False,BELOW_MINIMUM_RELATIVE_VOLUME,False,False,False,False,11882.0,9837.92857142857,1073344.2857142857,2.440814285714286,83.25,83.63,83.06,83.335,True,BELOW_MINIMUM_RELATIVE_VOLUME,False,,,,,,,,,,,,,,BELOW_MINIMUM_RELATIVE_VOLUME,False,,,,,,,,,,,,,,BELOW_MINIMUM_RELATIVE_VOLUME,False,,,,,,,,,,,,,
orb_v1.0,2024-09-13,206,DBX,BBG001TFLWN3,1.1993870167301808,14,LONG,False,BELOW_MINIMUM_RELATIVE_VOLUME,False,False,False,False,84415.0,70381.78571428571,3048483.6428571427,0.5725000000000003,24.35,24.65,24.3,24.65,True,BELOW_MINIMUM_RELATIVE_VOLUME,False,,,,,,,,,,,,,,BELOW_MINIMUM_RELATIVE_VOLUME,False,,,,,,,,,,,,,,BELOW_MINIMUM_RELATIVE_VOLUME,False,,,,,,,,,,,,,
orb_v1.0,2024-09-13,207,BAX,BBG001S5P1K3,1.1950083641725546,14,LONG,False,BELOW_MINIMUM_RELATIVE_VOLUME,True,False,False,False,53373.0,44663.28571428572,3541807.9285714286,0.8917857142857127,39.5,39.78,39.5,39.635,True,BELOW_MINIMUM_RELATIVE_VOLUME,False,,,,,,,,,,,,,,BELOW_MINIMUM_RELATIVE_VOLUME,False,,,,,,,,,,,,,,BELOW_MINIMUM_RELATIVE_VOLUME,False,,,,,,,,,,,,,
orb_v1.0,2024-09-13,208,DNA,BBG00YPS1LT7,1.1904053595062134,14,LONG,False,BELOW_MINIMUM_RELATIVE_VOLUME,False,False,False,False,50819.0,42690.5,1608342.357142857,0.5354500000000001,6.3,6.48,6.3,6.39,True,BELOW_MINIMUM_RELATIVE_VOLUME,False,,,,,,,,,,,,,,BELOW_MINIMUM_RELATIVE_VOLUME,False,,,,,,,,,,,,,,BELOW_MINIMUM_RELATIVE_VOLUME,False,,,,,,,,,,,,,
orb_v1.0,2024-09-13,209,BKR,BBG00GBVBK60,1.1836318922557865,14,LONG,False,BELOW_MINIMUM_RELATIVE_VOLUME,True,False,False,False,129228.0,109179.21428571429,6151140.714285715,0.7974142857142864,33.33,33.5,33.33,33.43,True,BELOW_MINIMUM_RELATIVE_VOLUME,False,,,,,,,,,,,,,,BELOW_MINIMUM_RELATIVE_VOLUME,False,,,,,,,,,,,,,,BELOW_MINIMUM_RELATIVE_VOLUME,False,,,,,,,,,,,,,
orb_v1.0,2024-09-13,210,EGO,BBG001S5YPQ4,1.1753642458453346,14,DOJI,False,BELOW_MINIMUM_RELATIVE_VOLUME,False,False,False,False,47861.0,40720.142857142855,1025696.7857142857,0.5151285714285709,18.0,18.08,17.87,18.0,False,BELOW_MINIMUM_RELATIVE_VOLUME,False,,,,,,,,,,,,,,BELOW_MINIMUM_RELATIVE_VOLUME,False,,,,,,,,,,,,,,BELOW_MINIMUM_RELATIVE_VOLUME,False,,,,,,,,,,,,,
orb_v1.0,2024-09-13,211,MNST,BBG008NVB1F7,1.1664162229754251,14,SHORT,False,BELOW_MINIMUM_RELATIVE_VOLUME,True,False,False,False,86550.0,74201.64285714286,5329668.571428572,0.9821428571428577,49.97,49.97,49.73,49.835,False,BELOW_MINIMUM_RELATIVE_VOLUME,False,,,,,,,,,,,,,,BELOW_MINIMUM_RELATIVE_VOLUME,False,,,,,,,,,,,,,,BELOW_MINIMUM_RELATIVE_VOLUME,False,,,,,,,,,,,,,
orb_v1.0,2024-09-13,212,KR,BBG001S5SN40,1.1662293796369767,14,SHORT,False,BELOW_MINIMUM_RELATIVE_VOLUME,True,False,False,False,134904.0,115675.35714285714,4950539.714285715,1.249999999999999,55.26,55.26,54.74,54.9,True,BELOW_MINIMUM_RELATIVE_VOLUME,False,,,,,,,,,,,,,,BELOW_MINIMUM_RELATIVE_VOLUME,False,,,,,,,,,,,,,,BELOW_MINIMUM_RELATIVE_VOLUME,False,,,,,,,,,,,,,
orb_v1.0,2024-09-13,213,CVE,BBG001T2PJV8,1.1629918228742604,14,DOJI,False,BELOW_MINIMUM_RELATIVE_VOLUME,True,False,False,False,217523.0,187037.42857142858,7203580.214285715,0.5309285714285715,16.23,16.27,16.205,16.23,False,BELOW_MINIMUM_RELATIVE_VOLUME,False,,,,,,,,,,,,,,BELOW_MINIMUM_RELATIVE_VOLUME,False,,,,,,,,,,,,,,BELOW_MINIMUM_RELATIVE_VOLUME,False,,,,,,,,,,,,,
orb_v1.0,2024-09-13,214,ODFL,BBG001S6WQT9,1.1628432629377234,14,SHORT,False,BELOW_MINIMUM_RELATIVE_VOLUME,True,False,False,False,34469.0,29642.0,1202747.5,6.028207142857137,190.98,191.75,190.29,190.57,True,BELOW_MINIMUM_RELATIVE_VOLUME,False,,,,,,,,,,,,,,BELOW_MINIMUM_RELATIVE_VOLUME,False,,,,,,,,,,,,,,BELOW_MINIMUM_RELATIVE_VOLUME,False,,,,,,,,,,,,,
orb_v1.0,2024-09-13,215,OTIS,BBG00RP60LN7,1.1618848969862081,14,LONG,False,BELOW_MINIMUM_RELATIVE_VOLUME,True,False,False,False,27295.0,23492.0,1493454.857142857,1.5328571428571414,93.07,93.4,92.73,93.075,True,BELOW_MINIMUM_RELATIVE_VOLUME,False,,,,,,,,,,,,,,BELOW_MINIMUM_RELATIVE_VOLUME,False,,,,,,,,,,,,,,BELOW_MINIMUM_RELATIVE_VOLUME,False,,,,,,,,,,,,,
orb_v1.0,2024-09-13,216,DVN,BBG001S63VG4,1.1611674462815533,14,SHORT,False,BELOW_MINIMUM_RELATIVE_VOLUME,True,False,False,False,212383.0,182904.7142857143,6102685.928571428,1.0603785714285705,39.78,39.9,39.7,39.76,True,BELOW_MINIMUM_RELATIVE_VOLUME,False,,,,,,,,,,,,,,BELOW_MINIMUM_RELATIVE_VOLUME,False,,,,,,,,,,,,,,BELOW_MINIMUM_RELATIVE_VOLUME,False,,,,,,,,,,,,,
orb_v1.0,2024-09-13,217,CZR,BBG0074Q3NL5,1.1609637458126705,14,LONG,False,BELOW_MINIMUM_RELATIVE_VOLUME,False,False,False,False,72557.0,62497.21428571428,4950829.142857143,1.5971428571428576,36.93,37.69,36.91,37.61,True,BELOW_MINIMUM_RELATIVE_VOLUME,False,,,,,,,,,,,,,,BELOW_MINIMUM_RELATIVE_VOLUME,False,,,,,,,,,,,,,,BELOW_MINIMUM_RELATIVE_VOLUME,False,,,,,,,,,,,,,
orb_v1.0,2024-09-13,218,CYTK,BBG001SGMVF2,1.1584586901180283,14,LONG,False,BELOW_MINIMUM_RELATIVE_VOLUME,False,False,False,False,14302.0,12345.714285714286,1113355.2857142857,2.1063571428571413,54.34,54.69,54.09,54.69,True,BELOW_MINIMUM_RELATIVE_VOLUME,False,,,,,,,,,,,,,,BELOW_MINIMUM_RELATIVE_VOLUME,False,,,,,,,,,,,,,,BELOW_MINIMUM_RELATIVE_VOLUME,False,,,,,,,,,,,,,
orb_v1.0,2024-09-13,219,JCI,0000833444,1.1569640548228601,14,LONG,False,BELOW_MINIMUM_RELATIVE_VOLUME,True,False,False,False,63914.0,55242.857142857145,4131733.0714285714,1.620357142857142,71.5,72.2,71.34,72.04,True,BELOW_MINIMUM_RELATIVE_VOLUME,False,,,,,,,,,,,,,,BELOW_MINIMUM_RELATIVE_VOLUME,False,,,,,,,,,,,,,,BELOW_MINIMUM_RELATIVE_VOLUME,False,,,,,,,,,,,,,
orb_v1.0,2024-09-13,220,MGNI,BBG001T5LB97,1.1550211265368364,14,LONG,False,BELOW_MINIMUM_RELATIVE_VOLUME,False,False,False,False,25969.0,22483.571428571428,1104926.357142857,0.514492857142857,13.67,13.81,13.67,13.76,True,BELOW_MINIMUM_RELATIVE_VOLUME,False,,,,,,,,,,,,,,BELOW_MINIMUM_RELATIVE_VOLUME,False,,,,,,,,,,,,,,BELOW_MINIMUM_RELATIVE_VOLUME,False,,,,,,,,,,,,,
orb_v1.0,2024-09-13,221,BLDR,BBG001S9CFC7,1.1502676501437537,14,LONG,False,BELOW_MINIMUM_RELATIVE_VOLUME,True,False,False,False,24205.0,21042.928571428572,1396342.0,6.498564285714285,178.0,179.78,178.0,179.5274,True,BELOW_MINIMUM_RELATIVE_VOLUME,False,,,,,,,,,,,,,,BELOW_MINIMUM_RELATIVE_VOLUME,False,,,,,,,,,,,,,,BELOW_MINIMUM_RELATIVE_VOLUME,False,,,,,,,,,,,,,
orb_v1.0,2024-09-13,222,HOOD,BBG008NMBXP6,1.1428061288229134,14,LONG,False,BELOW_MINIMUM_RELATIVE_VOLUME,True,False,False,False,443007.0,387648.4285714286,10989619.92857143,0.9545071428571426,21.695,22.03,21.681,22.0201,True,BELOW_MINIMUM_RELATIVE_VOLUME,False,,,,,,,,,,,,,,BELOW_MINIMUM_RELATIVE_VOLUME,False,,,,,,,,,,,,,,BELOW_MINIMUM_RELATIVE_VOLUME,False,,,,,,,,,,,,,
orb_v1.0,2024-09-13,223,CPT,BBG001S5Q6V9,1.1420250171136972,14,LONG,False,BELOW_MINIMUM_RELATIVE_VOLUME,False,False,False,False,13108.0,11477.857142857143,1219288.357142857,2.209121428571428,123.63,124.19,123.63,123.81,True,BELOW_MINIMUM_RELATIVE_VOLUME,False,,,,,,,,,,,,,,BELOW_MINIMUM_RELATIVE_VOLUME,False,,,,,,,,,,,,,,BELOW_MINIMUM_RELATIVE_VOLUME,False,,,,,,,,,,,,,
orb_v1.0,2024-09-13,224,SERV,BBG0123N71Z2,1.1367506375775396,14,SHORT,False,BELOW_MINIMUM_RELATIVE_VOLUME,True,False,False,False,174981.0,153930.85714285713,4243993.857142857,0.9690471428571429,7.34,7.52,7.19,7.19,True,BELOW_MINIMUM_RELATIVE_VOLUME,False,,,,,,,,,,,,,,BELOW_MINIMUM_RELATIVE_VOLUME,False,,,,,,,,,,,,,,BELOW_MINIMUM_RELATIVE_VOLUME,False,,,,,,,,,,,,,
orb_v1.0,2024-09-13,225,IP,BBG001S5SBF4,1.134909707924398,14,LONG,False,BELOW_MINIMUM_RELATIVE_VOLUME,True,False,False,False,115521.0,101788.71428571429,3407251.1428571427,0.8467857142857126,48.31,48.8,48.25,48.79,True,BELOW_MINIMUM_RELATIVE_VOLUME,False,,,,,,,,,,,,,,BELOW_MINIMUM_RELATIVE_VOLUME,False,,,,,,,,,,,,,,BELOW_MINIMUM_RELATIVE_VOLUME,False,,,,,,,,,,,,,
orb_v1.0,2024-09-13,226,VRTX,BBG001S68LJ8,1.1334586781152702,14,SHORT,False,BELOW_MINIMUM_RELATIVE_VOLUME,True,False,False,False,24157.0,21312.64285714286,1011329.6428571428,10.070714285714283,480.0,481.0,479.33,479.34,True,BELOW_MINIMUM_RELATIVE_VOLUME,False,,,,,,,,,,,,,,BELOW_MINIMUM_RELATIVE_VOLUME,False,,,,,,,,,,,,,,BELOW_MINIMUM_RELATIVE_VOLUME,False,,,,,,,,,,,,,
orb_v1.0,2024-09-13,227,SG,BBG005NTTSQ8,1.123689123054857,14,LONG,False,BELOW_MINIMUM_RELATIVE_VOLUME,False,False,False,False,144768.0,128832.78571428571,3782664.5,2.408571428571429,34.77,35.19,34.77,35.095,True,BELOW_MINIMUM_RELATIVE_VOLUME,False,,,,,,,,,,,,,,BELOW_MINIMUM_RELATIVE_VOLUME,False,,,,,,,,,,,,,,BELOW_MINIMUM_RELATIVE_VOLUME,False,,,,,,,,,,,,,
orb_v1.0,2024-09-13,228,FL,BBG001S5XMR1,1.1196635734523064,14,SHORT,False,BELOW_MINIMUM_RELATIVE_VOLUME,False,False,False,False,139248.0,124365.92857142857,4455044.571428572,1.6669071428571431,25.97,26.26,25.85,25.85,True,BELOW_MINIMUM_RELATIVE_VOLUME,False,,,,,,,,,,,,,,BELOW_MINIMUM_RELATIVE_VOLUME,False,,,,,,,,,,,,,,BELOW_MINIMUM_RELATIVE_VOLUME,False,,,,,,,,,,,,,
orb_v1.0,2024-09-13,229,EXC,BBG001SBJMT2,1.115654043004512,14,LONG,False,BELOW_MINIMUM_RELATIVE_VOLUME,True,False,False,False,155156.0,139071.7857142857,6910091.214285715,0.5974999999999996,39.93,39.97,39.89,39.94,True,BELOW_MINIMUM_RELATIVE_VOLUME,False,,,,,,,,,,,,,,BELOW_MINIMUM_RELATIVE_VOLUME,False,,,,,,,,,,,,,,BELOW_MINIMUM_RELATIVE_VOLUME,False,,,,,,,,,,,,,
orb_v1.0,2024-09-13,230,IRM,BBG001SCQ2X1,1.1089000607207915,14,LONG,False,BELOW_MINIMUM_RELATIVE_VOLUME,True,False,False,False,35481.0,31996.571428571428,1425462.9285714286,2.562214285714288,117.02,117.83,116.73,117.345,False,BELOW_MINIMUM_RELATIVE_VOLUME,False,,,,,,,,,,,,,,BELOW_MINIMUM_RELATIVE_VOLUME,False,,,,,,,,,,,,,,BELOW_MINIMUM_RELATIVE_VOLUME,False,,,,,,,,,,,,,
orb_v1.0,2024-09-13,231,SHOP,BBG004DW5NC7,1.1062092845892206,14,LONG,False,BELOW_MINIMUM_RELATIVE_VOLUME,True,False,False,False,204825.0,185159.35714285713,4941164.357142857,2.4338428571428574,71.83,72.3,71.76,72.21,True,BELOW_MINIMUM_RELATIVE_VOLUME,False,,,,,,,,,,,,,,BELOW_MINIMUM_RELATIVE_VOLUME,False,,,,,,,,,,,,,,BELOW_MINIMUM_RELATIVE_VOLUME,False,,,,,,,,,,,,,
orb_v1.0,2024-09-13,232,STLD,BBG001S98JK5,1.1047312973688281,14,LONG,False,BELOW_MINIMUM_RELATIVE_VOLUME,True,False,False,False,27549.0,24937.285714285714,1316317.0,3.2403499999999994,111.63,112.46,111.3,112.15,True,BELOW_MINIMUM_RELATIVE_VOLUME,False,,,,,,,,,,,,,,BELOW_MINIMUM_RELATIVE_VOLUME,False,,,,,,,,,,,,,,BELOW_MINIMUM_RELATIVE_VOLUME,False,,,,,,,,,,,,,
orb_v1.0,2024-09-13,233,FANG,BBG002PHSZN7,1.1046495814150512,14,LONG,False,BELOW_MINIMUM_RELATIVE_VOLUME,True,False,False,False,35391.0,32038.214285714286,1534932.7857142857,5.309335714285717,171.23,172.0,171.23,171.73,True,BELOW_MINIMUM_RELATIVE_VOLUME,False,,,,,,,,,,,,,,BELOW_MINIMUM_RELATIVE_VOLUME,False,,,,,,,,,,,,,,BELOW_MINIMUM_RELATIVE_VOLUME,False,,,,,,,,,,,,,
orb_v1.0,2024-09-13,234,LKQ,BBG001SCCPJ1,1.1001999963303426,14,LONG,False,BELOW_MINIMUM_RELATIVE_VOLUME,False,False,False,False,25698.0,23357.571428571428,1806775.7857142857,0.8783642857142863,40.07,40.28,39.91,40.28,True,BELOW_MINIMUM_RELATIVE_VOLUME,False,,,,,,,,,,,,,,BELOW_MINIMUM_RELATIVE_VOLUME,False,,,,,,,,,,,,,,BELOW_MINIMUM_RELATIVE_VOLUME,False,,,,,,,,,,,,,
orb_v1.0,2024-09-13,235,GO,BBG00P4R30Z8,1.0996689432250664,14,LONG,False,BELOW_MINIMUM_RELATIVE_VOLUME,False,False,False,False,24106.0,21921.14285714286,1591482.357142857,0.7178571428571432,16.42,16.55,16.385,16.53,True,BELOW_MINIMUM_RELATIVE_VOLUME,False,,,,,,,,,,,,,,BELOW_MINIMUM_RELATIVE_VOLUME,False,,,,,,,,,,,,,,BELOW_MINIMUM_RELATIVE_VOLUME,False,,,,,,,,,,,,,
orb_v1.0,2024-09-13,236,CNI,BBG001S8WVQ7,1.0984852832354228,14,LONG,False,BELOW_MINIMUM_RELATIVE_VOLUME,True,False,False,False,25978.0,23648.928571428572,1333026.2857142857,2.217714285714286,119.51,120.605,119.49,120.31,True,BELOW_MINIMUM_RELATIVE_VOLUME,False,,,,,,,,,,,,,,BELOW_MINIMUM_RELATIVE_VOLUME,False,,,,,,,,,,,,,,BELOW_MINIMUM_RELATIVE_VOLUME,False,,,,,,,,,,,,,
orb_v1.0,2024-09-13,237,LMND,BBG00BM5YC14,1.0956250909780032,14,LONG,False,BELOW_MINIMUM_RELATIVE_VOLUME,False,False,False,False,28494.0,26007.071428571428,1065744.142857143,0.9403428571428574,18.18,18.476,18.18,18.455,True,BELOW_MINIMUM_RELATIVE_VOLUME,False,,,,,,,,,,,,,,BELOW_MINIMUM_RELATIVE_VOLUME,False,,,,,,,,,,,,,,BELOW_MINIMUM_RELATIVE_VOLUME,False,,,,,,,,,,,,,
orb_v1.0,2024-09-13,238,AAOI,BBG001SG47G4,1.0901722864343444,14,LONG,False,BELOW_MINIMUM_RELATIVE_VOLUME,False,False,False,False,143367.0,131508.57142857142,2955875.0714285714,1.1448428571428573,14.54,14.71,14.44,14.63,True,BELOW_MINIMUM_RELATIVE_VOLUME,False,,,,,,,,,,,,,,BELOW_MINIMUM_RELATIVE_VOLUME,False,,,,,,,,,,,,,,BELOW_MINIMUM_RELATIVE_VOLUME,False,,,,,,,,,,,,,
orb_v1.0,2024-09-13,239,STNE,0001745431,1.0899988073309392,14,LONG,False,BELOW_MINIMUM_RELATIVE_VOLUME,False,False,False,False,205631.0,188652.5,7764377.5,0.5875,12.1,12.29,12.065,12.23,True,BELOW_MINIMUM_RELATIVE_VOLUME,False,,,,,,,,,,,,,,BELOW_MINIMUM_RELATIVE_VOLUME,False,,,,,,,,,,,,,,BELOW_MINIMUM_RELATIVE_VOLUME,False,,,,,,,,,,,,,
orb_v1.0,2024-09-13,240,BJ,BBG00FQ8T4M6,1.0899889732868981,14,LONG,False,BELOW_MINIMUM_RELATIVE_VOLUME,False,False,False,False,24077.0,22089.214285714286,1771858.4285714286,1.8398785714285728,81.01,81.3,81.01,81.08,True,BELOW_MINIMUM_RELATIVE_VOLUME,False,,,,,,,,,,,,,,BELOW_MINIMUM_RELATIVE_VOLUME,False,,,,,,,,,,,,,,BELOW_MINIMUM_RELATIVE_VOLUME,False,,,,,,,,,,,,,
orb_v1.0,2024-09-13,241,TD,BBG001S60L15,1.0848037124108638,14,LONG,False,BELOW_MINIMUM_RELATIVE_VOLUME,True,False,False,False,55570.0,51225.857142857145,1529578.142857143,1.0200214285714284,62.0,62.21,61.93,62.18,True,BELOW_MINIMUM_RELATIVE_VOLUME,False,,,,,,,,,,,,,,BELOW_MINIMUM_RELATIVE_VOLUME,False,,,,,,,,,,,,,,BELOW_MINIMUM_RELATIVE_VOLUME,False,,,,,,,,,,,,,
orb_v1.0,2024-09-13,242,GES,BBG001S5RJR5,1.081181534461422,14,LONG,False,BELOW_MINIMUM_RELATIVE_VOLUME,False,False,False,False,18534.0,17142.35714285714,1120956.7857142857,0.6899999999999993,18.91,19.27,18.83,19.25,True,BELOW_MINIMUM_RELATIVE_VOLUME,False,,,,,,,,,,,,,,BELOW_MINIMUM_RELATIVE_VOLUME,False,,,,,,,,,,,,,,BELOW_MINIMUM_RELATIVE_VOLUME,False,,,,,,,,,,,,,
orb_v1.0,2024-09-13,243,NFE,BBG00MJH9M32,1.0751709392191362,14,SHORT,False,BELOW_MINIMUM_RELATIVE_VOLUME,False,False,False,False,68963.0,64141.42857142857,3398555.285714286,0.7746357142857141,11.06,11.23,10.94,10.94,False,BELOW_MINIMUM_RELATIVE_VOLUME,False,,,,,,,,,,,,,,BELOW_MINIMUM_RELATIVE_VOLUME,False,,,,,,,,,,,,,,BELOW_MINIMUM_RELATIVE_VOLUME,False,,,,,,,,,,,,,
orb_v1.0,2024-09-13,244,WSC,BBG00B0FS9V7,1.0737320779589885,14,SHORT,False,BELOW_MINIMUM_RELATIVE_VOLUME,False,False,False,False,12683.0,11812.07142857143,1344466.5,1.1482142857142865,39.95,39.95,39.5965,39.83,True,BELOW_MINIMUM_RELATIVE_VOLUME,False,,,,,,,,,,,,,,BELOW_MINIMUM_RELATIVE_VOLUME,False,,,,,,,,,,,,,,BELOW_MINIMUM_RELATIVE_VOLUME,False,,,,,,,,,,,,,
orb_v1.0,2024-09-13,245,BALL,BBG001S5P7Q4,1.0661044533214972,14,LONG,False,BELOW_MINIMUM_RELATIVE_VOLUME,True,False,False,False,20588.0,19311.428571428572,1402001.0,1.2039285714285708,66.11,66.32,66.11,66.275,True,BELOW_MINIMUM_RELATIVE_VOLUME,False,,,,,,,,,,,,,,BELOW_MINIMUM_RELATIVE_VOLUME,False,,,,,,,,,,,,,,BELOW_MINIMUM_RELATIVE_VOLUME,False,,,,,,,,,,,,,
orb_v1.0,2024-09-13,246,MTCH,BBG00VT0KP47,1.0629382841766346,14,LONG,False,BELOW_MINIMUM_RELATIVE_VOLUME,False,False,False,False,61735.0,58079.57142857143,3875378.8571428573,0.8932071428571428,35.16,35.63,35.085,35.57,True,BELOW_MINIMUM_RELATIVE_VOLUME,False,,,,,,,,,,,,,,BELOW_MINIMUM_RELATIVE_VOLUME,False,,,,,,,,,,,,,,BELOW_MINIMUM_RELATIVE_VOLUME,False,,,,,,,,,,,,,
orb_v1.0,2024-09-13,247,TXN,BBG001S5WYZ7,1.0593539986333138,14,LONG,False,BELOW_MINIMUM_RELATIVE_VOLUME,True,False,False,False,98441.0,92925.5,5639746.071428572,5.801785714285716,197.11,198.87,196.83,198.86,True,BELOW_MINIMUM_RELATIVE_VOLUME,False,,,,,,,,,,,,,,BELOW_MINIMUM_RELATIVE_VOLUME,False,,,,,,,,,,,,,,BELOW_MINIMUM_RELATIVE_VOLUME,False,,,,,,,,,,,,,
orb_v1.0,2024-09-13,248,RIVN,BBG00741Y1P0,1.0585735720648068,14,LONG,False,BELOW_MINIMUM_RELATIVE_VOLUME,False,True,False,False,799137.0,754918.7142857143,24331630.35714286,0.8210714285714289,13.83,14.07,13.82,14.05,True,BELOW_MINIMUM_RELATIVE_VOLUME,False,,,,,,,,,,,,,,BELOW_MINIMUM_RELATIVE_VOLUME,False,,,,,,,,,,,,,,BELOW_MINIMUM_RELATIVE_VOLUME,False,,,,,,,,,,,,,
orb_v1.0,2024-09-13,249,BDX,BBG001S5P374,1.0568496446404203,14,LONG,False,BELOW_MINIMUM_RELATIVE_VOLUME,True,False,False,False,19140.0,18110.428571428572,1319760.2857142857,4.020407142857144,235.66,236.97,235.01,236.585,True,BELOW_MINIMUM_RELATIVE_VOLUME,False,,,,,,,,,,,,,,BELOW_MINIMUM_RELATIVE_VOLUME,False,,,,,,,,,,,,,,BELOW_MINIMUM_RELATIVE_VOLUME,False,,,,,,,,,,,,,
orb_v1.0,2024-09-13,250,GOOGL,BBG009S39JY5,1.0563607087719122,14,SHORT,False,BELOW_MINIMUM_RELATIVE_VOLUME,True,False,False,False,1024099.0,969459.5714285715,24484358.214285713,4.047114285714282,155.43,155.91,155.37,155.42,True,BELOW_MINIMUM_RELATIVE_VOLUME,False,,,,,,,,,,,,,,BELOW_MINIMUM_RELATIVE_VOLUME,False,,,,,,,,,,,,,,BELOW_MINIMUM_RELATIVE_VOLUME,False,,,,,,,,,,,,,
orb_v1.0,2024-09-13,251,X,BBG001S5XL75,1.0536950099753133,14,LONG,False,BELOW_MINIMUM_RELATIVE_VOLUME,False,False,False,False,355974.0,337834.0,12596756.5,2.415,35.5,35.73,35.11,35.69,True,BELOW_MINIMUM_RELATIVE_VOLUME,False,,,,,,,,,,,,,,BELOW_MINIMUM_RELATIVE_VOLUME,False,,,,,,,,,,,,,,BELOW_MINIMUM_RELATIVE_VOLUME,False,,,,,,,,,,,,,
orb_v1.0,2024-09-13,252,HOG,BBG001S5RTY5,1.0534886673861976,14,LONG,False,BELOW_MINIMUM_RELATIVE_VOLUME,False,False,False,False,18964.0,18001.14285714286,1386748.0,1.0275714285714284,36.02,36.68,36.02,36.59,True,BELOW_MINIMUM_RELATIVE_VOLUME,False,,,,,,,,,,,,,,BELOW_MINIMUM_RELATIVE_VOLUME,False,,,,,,,,,,,,,,BELOW_MINIMUM_RELATIVE_VOLUME,False,,,,,,,,,,,,,
orb_v1.0,2024-09-13,253,FERG,BBG01NMRD786,1.0524809044555596,14,LONG,False,BELOW_MINIMUM_RELATIVE_VOLUME,True,False,False,False,37184.0,35329.857142857145,1552427.642857143,5.699678571428568,191.52,192.03,190.65,191.8,True,BELOW_MINIMUM_RELATIVE_VOLUME,False,,,,,,,,,,,,,,BELOW_MINIMUM_RELATIVE_VOLUME,False,,,,,,,,,,,,,,BELOW_MINIMUM_RELATIVE_VOLUME,False,,,,,,,,,,,,,
orb_v1.0,2024-09-13,254,TSLA,BBG001SQKGD7,1.050096467230479,14,LONG,False,BELOW_MINIMUM_RELATIVE_VOLUME,True,False,False,False,3684206.0,3508445.285714286,77446063.92857143,11.048864285714286,228.0,231.6,226.32,231.55,True,BELOW_MINIMUM_RELATIVE_VOLUME,False,,,,,,,,,,,,,,BELOW_MINIMUM_RELATIVE_VOLUME,False,,,,,,,,,,,,,,BELOW_MINIMUM_RELATIVE_VOLUME,False,,,,,,,,,,,,,
orb_v1.0,2024-09-13,255,ISRG,BBG001S7XR78,1.0478819562182886,14,LONG,False,BELOW_MINIMUM_RELATIVE_VOLUME,True,False,False,False,35980.0,34335.92857142857,1166569.5,10.01871428571429,490.28,492.0,489.58,491.53,True,BELOW_MINIMUM_RELATIVE_VOLUME,False,,,,,,,,,,,,,,BELOW_MINIMUM_RELATIVE_VOLUME,False,,,,,,,,,,,,,,BELOW_MINIMUM_RELATIVE_VOLUME,False,,,,,,,,,,,,,
orb_v1.0,2024-09-13,256,COST,BBG001S9KRQ7,1.03600659227638,14,SHORT,False,BELOW_MINIMUM_RELATIVE_VOLUME,True,False,False,False,47775.0,46114.57142857143,1765411.7857142857,19.832163714285723,913.63,914.76,911.0,913.0,True,BELOW_MINIMUM_RELATIVE_VOLUME,False,,,,,,,,,,,,,,BELOW_MINIMUM_RELATIVE_VOLUME,False,,,,,,,,,,,,,,BELOW_MINIMUM_RELATIVE_VOLUME,False,,,,,,,,,,,,,
orb_v1.0,2024-09-13,257,BRO,BBG001S5XFN0,1.0352277124671407,14,SHORT,False,BELOW_MINIMUM_RELATIVE_VOLUME,True,False,False,False,22166.0,21411.714285714286,1086322.4285714286,1.6945714285714277,102.03,102.19,101.685,101.84,True,BELOW_MINIMUM_RELATIVE_VOLUME,False,,,,,,,,,,,,,,BELOW_MINIMUM_RELATIVE_VOLUME,False,,,,,,,,,,,,,,BELOW_MINIMUM_RELATIVE_VOLUME,False,,,,,,,,,,,,,
orb_v1.0,2024-09-13,258,MKC,BBG001S79S19,1.034021193530396,14,SHORT,False,BELOW_MINIMUM_RELATIVE_VOLUME,True,False,False,False,17613.0,17033.5,1756082.642857143,1.3175857142857137,83.21,83.55,83.05,83.05,True,BELOW_MINIMUM_RELATIVE_VOLUME,False,,,,,,,,,,,,,,BELOW_MINIMUM_RELATIVE_VOLUME,False,,,,,,,,,,,,,,BELOW_MINIMUM_RELATIVE_VOLUME,False,,,,,,,,,,,,,
orb_v1.0,2024-09-13,259,PBA,BBG001SB0CJ5,1.0311035031883673,14,LONG,False,BELOW_MINIMUM_RELATIVE_VOLUME,True,False,False,False,32097.0,31128.785714285714,1643913.0,0.6392857142857135,40.85,40.98,40.84,40.94,True,BELOW_MINIMUM_RELATIVE_VOLUME,False,,,,,,,,,,,,,,BELOW_MINIMUM_RELATIVE_VOLUME,False,,,,,,,,,,,,,,BELOW_MINIMUM_RELATIVE_VOLUME,False,,,,,,,,,,,,,
orb_v1.0,2024-09-13,260,BE,BBG001T53509,1.0307816874968903,14,LONG,False,BELOW_MINIMUM_RELATIVE_VOLUME,False,False,False,False,146493.0,142118.35714285713,4081608.785714286,0.6594571428571429,10.59,10.63,10.49,10.605,True,BELOW_MINIMUM_RELATIVE_VOLUME,False,,,,,,,,,,,,,,BELOW_MINIMUM_RELATIVE_VOLUME,False,,,,,,,,,,,,,,BELOW_MINIMUM_RELATIVE_VOLUME,False,,,,,,,,,,,,,
orb_v1.0,2024-09-13,261,TEM,BBG01MZQYK84,1.0270369750156267,14,LONG,False,BELOW_MINIMUM_RELATIVE_VOLUME,False,False,False,False,44246.0,43081.21428571428,1139620.0714285714,7.155435714285716,46.07,46.775,45.75,46.455,True,BELOW_MINIMUM_RELATIVE_VOLUME,False,,,,,,,,,,,,,,BELOW_MINIMUM_RELATIVE_VOLUME,False,,,,,,,,,,,,,,BELOW_MINIMUM_RELATIVE_VOLUME,False,,,,,,,,,,,,,
orb_v1.0,2024-09-13,262,CSX,BBG001S5Q7Q3,1.0269252703430092,14,LONG,False,BELOW_MINIMUM_RELATIVE_VOLUME,True,False,False,False,229076.0,223069.7857142857,9766696.07142857,0.6460714285714287,33.56,33.82,33.45,33.71,True,BELOW_MINIMUM_RELATIVE_VOLUME,False,,,,,,,,,,,,,,BELOW_MINIMUM_RELATIVE_VOLUME,False,,,,,,,,,,,,,,BELOW_MINIMUM_RELATIVE_VOLUME,False,,,,,,,,,,,,,
orb_v1.0,2024-09-13,263,DBRG,BBG00D30HGN8,1.0251665710325135,14,SHORT,False,BELOW_MINIMUM_RELATIVE_VOLUME,False,False,False,False,37136.0,36224.357142857145,2652157.8571428573,0.5742642857142858,14.09,14.15,13.82,13.84,False,BELOW_MINIMUM_RELATIVE_VOLUME,False,,,,,,,,,,,,,,BELOW_MINIMUM_RELATIVE_VOLUME,False,,,,,,,,,,,,,,BELOW_MINIMUM_RELATIVE_VOLUME,False,,,,,,,,,,,,,
orb_v1.0,2024-09-13,264,AMD,BBG001S5NN36,1.0136609074391563,14,SHORT,False,BELOW_MINIMUM_RELATIVE_VOLUME,True,False,False,False,1517523.0,1497071.642857143,37106499.71428572,6.088200000000002,152.32,152.95,151.7,152.22,True,BELOW_MINIMUM_RELATIVE_VOLUME,False,,,,,,,,,,,,,,BELOW_MINIMUM_RELATIVE_VOLUME,False,,,,,,,,,,,,,,BELOW_MINIMUM_RELATIVE_VOLUME,False,,,,,,,,,,,,,
orb_v1.0,2024-09-13,265,SPGI,BBG001S5T5M8,1.0057655782970458,14,LONG,False,BELOW_MINIMUM_RELATIVE_VOLUME,True,False,False,False,23338.0,23204.214285714286,1027853.9285714285,8.07802142857145,522.0,524.14,521.45,523.33,False,BELOW_MINIMUM_RELATIVE_VOLUME,False,,,,,,,,,,,,,,BELOW_MINIMUM_RELATIVE_VOLUME,False,,,,,,,,,,,,,,BELOW_MINIMUM_RELATIVE_VOLUME,False,,,,,,,,,,,,,
orb_v1.0,2024-09-13,266,ABT,BBG001S5N9M6,1.0016638441160421,14,LONG,False,BELOW_MINIMUM_RELATIVE_VOLUME,True,False,False,False,101225.0,101056.85714285714,4124181.9285714286,1.5992857142857153,116.02,116.62,116.02,116.405,True,BELOW_MINIMUM_RELATIVE_VOLUME,False,,,,,,,,,,,,,,BELOW_MINIMUM_RELATIVE_VOLUME,False,,,,,,,,,,,,,,BELOW_MINIMUM_RELATIVE_VOLUME,False,,,,,,,,,,,,,
orb_v1.0,2024-09-13,267,FCX,BBG001S5R3F3,1.0016374207327523,14,LONG,False,BELOW_MINIMUM_RELATIVE_VOLUME,True,False,False,False,298474.0,297986.0714285714,10515714.214285715,1.3007857142857147,42.14,42.67,42.06,42.64,True,BELOW_MINIMUM_RELATIVE_VOLUME,False,,,,,,,,,,,,,,BELOW_MINIMUM_RELATIVE_VOLUME,False,,,,,,,,,,,,,,BELOW_MINIMUM_RELATIVE_VOLUME,False,,,,,,,,,,,,,
orb_v1.0,2024-09-13,268,LUMN,BBG001S5Q8G2,0.9996347013779493,14,SHORT,False,BELOW_MINIMUM_RELATIVE_VOLUME,False,True,False,False,932360.0,932700.7142857143,23029199.64285714,0.5568428571428572,6.13,6.15,5.98,6.03,True,BELOW_MINIMUM_RELATIVE_VOLUME,False,,,,,,,,,,,,,,BELOW_MINIMUM_RELATIVE_VOLUME,False,,,,,,,,,,,,,,BELOW_MINIMUM_RELATIVE_VOLUME,False,,,,,,,,,,,,,
orb_v1.0,2024-09-13,269,PHM,BBG001S5V5K7,0.994783572874579,14,LONG,False,BELOW_MINIMUM_RELATIVE_VOLUME,True,False,False,False,50754.0,51020.142857142855,1814901.9285714286,3.74261428571428,137.0,138.79,137.0,138.64,True,BELOW_MINIMUM_RELATIVE_VOLUME,False,,,,,,,,,,,,,,BELOW_MINIMUM_RELATIVE_VOLUME,False,,,,,,,,,,,,,,BELOW_MINIMUM_RELATIVE_VOLUME,False,,,,,,,,,,,,,
orb_v1.0,2024-09-13,270,HD,BBG001S5RTW7,0.9926635612045207,14,LONG,False,BELOW_MINIMUM_RELATIVE_VOLUME,True,False,False,False,74022.0,74569.07142857143,2747910.6428571427,6.537035714285715,375.56,378.18,375.51,377.47,True,BELOW_MINIMUM_RELATIVE_VOLUME,False,,,,,,,,,,,,,,BELOW_MINIMUM_RELATIVE_VOLUME,False,,,,,,,,,,,,,,BELOW_MINIMUM_RELATIVE_VOLUME,False,,,,,,,,,,,,,
orb_v1.0,2024-09-13,271,AHR,BBG01L820DT9,0.9898125024775043,14,LONG,False,BELOW_MINIMUM_RELATIVE_VOLUME,False,False,False,False,37455.0,37840.5,1918412.142857143,0.6940714285714285,23.86,24.12,23.86,24.05,True,BELOW_MINIMUM_RELATIVE_VOLUME,False,,,,,,,,,,,,,,BELOW_MINIMUM_RELATIVE_VOLUME,False,,,,,,,,,,,,,,BELOW_MINIMUM_RELATIVE_VOLUME,False,,,,,,,,,,,,,
orb_v1.0,2024-09-13,272,ALKS,0001520262,0.9864302826200093,14,SHORT,False,BELOW_MINIMUM_RELATIVE_VOLUME,False,False,False,False,16382.0,16607.35714285714,1369299.2857142857,0.7182142857142855,26.83,26.89,26.755,26.7632,False,BELOW_MINIMUM_RELATIVE_VOLUME,False,,,,,,,,,,,,,,BELOW_MINIMUM_RELATIVE_VOLUME,False,,,,,,,,,,,,,,BELOW_MINIMUM_RELATIVE_VOLUME,False,,,,,,,,,,,,,
orb_v1.0,2024-09-13,273,PYPL,BBG0077VNXW5,0.9864077877274208,14,LONG,False,BELOW_MINIMUM_RELATIVE_VOLUME,True,False,False,False,382649.0,387921.71428571426,10315336.357142856,2.070592857142855,70.04,70.6202,69.87,70.51,False,BELOW_MINIMUM_RELATIVE_VOLUME,False,,,,,,,,,,,,,,BELOW_MINIMUM_RELATIVE_VOLUME,False,,,,,,,,,,,,,,BELOW_MINIMUM_RELATIVE_VOLUME,False,,,,,,,,,,,,,
orb_v1.0,2024-09-13,274,CELH,BBG001SQSKT3,0.9852917276472096,14,LONG,False,BELOW_MINIMUM_RELATIVE_VOLUME,False,False,False,False,164989.0,167451.92857142858,5738378.357142857,1.8071285714285719,33.19,34.19,33.1,34.0848,True,BELOW_MINIMUM_RELATIVE_VOLUME,False,,,,,,,,,,,,,,BELOW_MINIMUM_RELATIVE_VOLUME,False,,,,,,,,,,,,,,BELOW_MINIMUM_RELATIVE_VOLUME,False,,,,,,,,,,,,,
orb_v1.0,2024-09-13,275,ADP,BBG001S82KF6,0.984373888314059,14,LONG,False,BELOW_MINIMUM_RELATIVE_VOLUME,True,False,False,False,34589.0,35138.07142857143,1489761.5714285714,4.730714285714283,276.78,277.995,276.31,277.205,True,BELOW_MINIMUM_RELATIVE_VOLUME,False,,,,,,,,,,,,,,BELOW_MINIMUM_RELATIVE_VOLUME,False,,,,,,,,,,,,,,BELOW_MINIMUM_RELATIVE_VOLUME,False,,,,,,,,,,,,,
orb_v1.0,2024-09-13,276,BRZE,BBG00294NX54,0.9838334759914741,14,LONG,False,BELOW_MINIMUM_RELATIVE_VOLUME,False,False,False,False,33497.0,34047.42857142857,1450135.4285714286,2.2089285714285727,34.36,34.92,34.36,34.9,True,BELOW_MINIMUM_RELATIVE_VOLUME,False,,,,,,,,,,,,,,BELOW_MINIMUM_RELATIVE_VOLUME,False,,,,,,,,,,,,,,BELOW_MINIMUM_RELATIVE_VOLUME,False,,,,,,,,,,,,,
orb_v1.0,2024-09-13,277,WELL,BBG001S5RTQ4,0.9786742337288551,14,LONG,False,BELOW_MINIMUM_RELATIVE_VOLUME,True,False,False,False,36238.0,37027.642857142855,3102391.214285714,2.021550000000004,129.05,129.535,128.98,129.2001,True,BELOW_MINIMUM_RELATIVE_VOLUME,False,,,,,,,,,,,,,,BELOW_MINIMUM_RELATIVE_VOLUME,False,,,,,,,,,,,,,,BELOW_MINIMUM_RELATIVE_VOLUME,False,,,,,,,,,,,,,
orb_v1.0,2024-09-13,278,ALB,BBG001S7SBP9,0.9716391491251333,14,LONG,False,BELOW_MINIMUM_RELATIVE_VOLUME,False,False,False,False,112529.0,115813.57142857143,2464852.1428571427,4.666378571428571,88.9,89.805,88.15,89.6,False,BELOW_MINIMUM_RELATIVE_VOLUME,False,,,,,,,,,,,,,,BELOW_MINIMUM_RELATIVE_VOLUME,False,,,,,,,,,,,,,,BELOW_MINIMUM_RELATIVE_VOLUME,False,,,,,,,,,,,,,
orb_v1.0,2024-09-13,279,FE,BBG001S5R3N4,0.9674151761899491,14,DOJI,False,BELOW_MINIMUM_RELATIVE_VOLUME,True,False,False,False,34327.0,35483.21428571428,2254638.714285714,0.5126857142857146,44.06,44.11,43.98,44.06,False,BELOW_MINIMUM_RELATIVE_VOLUME,False,,,,,,,,,,,,,,BELOW_MINIMUM_RELATIVE_VOLUME,False,,,,,,,,,,,,,,BELOW_MINIMUM_RELATIVE_VOLUME,False,,,,,,,,,,,,,
orb_v1.0,2024-09-13,280,OHI,BBG001S736L1,0.9667062525703882,14,LONG,False,BELOW_MINIMUM_RELATIVE_VOLUME,False,False,False,False,29886.0,30915.285714285714,1537525.7142857143,0.5966428571428578,40.75,40.99,40.71,40.94,False,BELOW_MINIMUM_RELATIVE_VOLUME,False,,,,,,,,,,,,,,BELOW_MINIMUM_RELATIVE_VOLUME,False,,,,,,,,,,,,,,BELOW_MINIMUM_RELATIVE_VOLUME,False,,,,,,,,,,,,,
orb_v1.0,2024-09-13,281,RF,BBG001SM4KY2,0.9651250141999128,14,LONG,False,BELOW_MINIMUM_RELATIVE_VOLUME,True,False,False,False,131686.0,136444.5,7553987.285714285,0.5785714285714286,22.0,22.23,21.89,22.23,True,BELOW_MINIMUM_RELATIVE_VOLUME,False,,,,,,,,,,,,,,BELOW_MINIMUM_RELATIVE_VOLUME,False,,,,,,,,,,,,,,BELOW_MINIMUM_RELATIVE_VOLUME,False,,,,,,,,,,,,,
orb_v1.0,2024-09-13,282,SYY,BBG001S5WJS8,0.9650571726107623,14,SHORT,False,BELOW_MINIMUM_RELATIVE_VOLUME,True,False,False,False,46799.0,48493.5,2806016.3571428573,1.1464285714285711,76.8,77.075,76.7375,76.765,True,BELOW_MINIMUM_RELATIVE_VOLUME,False,,,,,,,,,,,,,,BELOW_MINIMUM_RELATIVE_VOLUME,False,,,,,,,,,,,,,,BELOW_MINIMUM_RELATIVE_VOLUME,False,,,,,,,,,,,,,
orb_v1.0,2024-09-13,283,WMT,BBG001S5XH92,0.9641300459325792,14,LONG,False,BELOW_MINIMUM_RELATIVE_VOLUME,True,False,False,False,441602.0,458031.5714285714,15811187.07142857,0.9914428571428583,79.82,79.97,79.69,79.865,True,BELOW_MINIMUM_RELATIVE_VOLUME,False,,,,,,,,,,,,,,BELOW_MINIMUM_RELATIVE_VOLUME,False,,,,,,,,,,,,,,BELOW_MINIMUM_RELATIVE_VOLUME,False,,,,,,,,,,,,,
orb_v1.0,2024-09-13,284,BMO,BBG001S5Y203,0.9607362314074402,14,LONG,False,BELOW_MINIMUM_RELATIVE_VOLUME,True,False,False,False,38395.0,39964.142857142855,1191847.2857142857,1.7415272142857157,85.58,86.14,85.57,86.08,True,BELOW_MINIMUM_RELATIVE_VOLUME,False,,,,,,,,,,,,,,BELOW_MINIMUM_RELATIVE_VOLUME,False,,,,,,,,,,,,,,BELOW_MINIMUM_RELATIVE_VOLUME,False,,,,,,,,,,,,,
orb_v1.0,2024-09-13,285,GAP,BBG001S5RNN0,0.9590828200056913,14,LONG,False,BELOW_MINIMUM_RELATIVE_VOLUME,False,False,False,False,241942.0,252263.92857142858,7410603.785714285,1.1282142857142856,20.85,21.23,20.84,21.05,True,BELOW_MINIMUM_RELATIVE_VOLUME,False,,,,,,,,,,,,,,BELOW_MINIMUM_RELATIVE_VOLUME,False,,,,,,,,,,,,,,BELOW_MINIMUM_RELATIVE_VOLUME,False,,,,,,,,,,,,,
orb_v1.0,2024-09-13,286,ON,BBG001SF7RS6,0.9553688137197464,14,LONG,False,BELOW_MINIMUM_RELATIVE_VOLUME,True,False,False,False,107858.0,112896.71428571429,5835224.071428572,3.282821428571431,70.04,71.1,70.02,71.01,True,BELOW_MINIMUM_RELATIVE_VOLUME,False,,,,,,,,,,,,,,BELOW_MINIMUM_RELATIVE_VOLUME,False,,,,,,,,,,,,,,BELOW_MINIMUM_RELATIVE_VOLUME,False,,,,,,,,,,,,,
orb_v1.0,2024-09-13,287,RMBS,BBG001S7RF80,0.9544934700163032,14,LONG,False,BELOW_MINIMUM_RELATIVE_VOLUME,False,False,False,False,19613.0,20548.071428571428,1803519.642857143,1.9723571428571443,40.24,40.6,39.965,40.56,True,BELOW_MINIMUM_RELATIVE_VOLUME,False,,,,,,,,,,,,,,BELOW_MINIMUM_RELATIVE_VOLUME,False,,,,,,,,,,,,,,BELOW_MINIMUM_RELATIVE_VOLUME,False,,,,,,,,,,,,,
orb_v1.0,2024-09-13,288,FI,BBG001S5R6Q4,0.9539523951787098,14,LONG,False,BELOW_MINIMUM_RELATIVE_VOLUME,True,False,False,False,51546.0,54034.142857142855,2069521.0714285714,2.513214285714284,174.0,174.535,173.845,174.345,True,BELOW_MINIMUM_RELATIVE_VOLUME,False,,,,,,,,,,,,,,BELOW_MINIMUM_RELATIVE_VOLUME,False,,,,,,,,,,,,,,BELOW_MINIMUM_RELATIVE_VOLUME,False,,,,,,,,,,,,,
orb_v1.0,2024-09-13,289,LYV,BBG001SNP2B2,0.9536265630433797,14,LONG,False,BELOW_MINIMUM_RELATIVE_VOLUME,True,False,False,False,13515.0,14172.214285714286,1453807.5,2.196785714285714,97.52,98.0,97.405,97.83,True,BELOW_MINIMUM_RELATIVE_VOLUME,False,,,,,,,,,,,,,,BELOW_MINIMUM_RELATIVE_VOLUME,False,,,,,,,,,,,,,,BELOW_MINIMUM_RELATIVE_VOLUME,False,,,,,,,,,,,,,
orb_v1.0,2024-09-13,290,DRI,BBG001S5QM08,0.9521377156795746,14,LONG,False,BELOW_MINIMUM_RELATIVE_VOLUME,True,False,False,False,13634.0,14319.357142857143,1051742.5714285714,2.5337285714285724,159.0,160.0,158.91,159.515,True,BELOW_MINIMUM_RELATIVE_VOLUME,False,,,,,,,,,,,,,,BELOW_MINIMUM_RELATIVE_VOLUME,False,,,,,,,,,,,,,,BELOW_MINIMUM_RELATIVE_VOLUME,False,,,,,,,,,,,,,
orb_v1.0,2024-09-13,291,CFG,BBG006Q0HZT0,0.950989857663152,14,LONG,False,BELOW_MINIMUM_RELATIVE_VOLUME,True,False,False,False,106590.0,112083.21428571429,5573338.928571428,1.05365,39.99,40.52,39.99,40.52,True,BELOW_MINIMUM_RELATIVE_VOLUME,False,,,,,,,,,,,,,,BELOW_MINIMUM_RELATIVE_VOLUME,False,,,,,,,,,,,,,,BELOW_MINIMUM_RELATIVE_VOLUME,False,,,,,,,,,,,,,
orb_v1.0,2024-09-13,292,XYL,BBG001V05C73,0.9471125166744105,14,SHORT,False,BELOW_MINIMUM_RELATIVE_VOLUME,True,False,False,False,22568.0,23828.214285714286,1179394.7857142857,2.7824999999999998,131.69,132.27,131.15,131.18,True,BELOW_MINIMUM_RELATIVE_VOLUME,False,,,,,,,,,,,,,,BELOW_MINIMUM_RELATIVE_VOLUME,False,,,,,,,,,,,,,,BELOW_MINIMUM_RELATIVE_VOLUME,False,,,,,,,,,,,,,
orb_v1.0,2024-09-13,293,VSH,BBG001S5XB04,0.9424383065429024,14,LONG,False,BELOW_MINIMUM_RELATIVE_VOLUME,False,False,False,False,16651.0,17668.0,1539342.0,0.61,18.26,18.33,18.15,18.27,True,BELOW_MINIMUM_RELATIVE_VOLUME,False,,,,,,,,,,,,,,BELOW_MINIMUM_RELATIVE_VOLUME,False,,,,,,,,,,,,,,BELOW_MINIMUM_RELATIVE_VOLUME,False,,,,,,,,,,,,,
orb_v1.0,2024-09-13,294,TSN,BBG001S871D5,0.9406528918791577,14,LONG,False,BELOW_MINIMUM_RELATIVE_VOLUME,True,False,False,False,30089.0,31987.35714285714,2261063.285714286,1.249285714285712,61.64,61.849,61.64,61.77,True,BELOW_MINIMUM_RELATIVE_VOLUME,False,,,,,,,,,,,,,,BELOW_MINIMUM_RELATIVE_VOLUME,False,,,,,,,,,,,,,,BELOW_MINIMUM_RELATIVE_VOLUME,False,,,,,,,,,,,,,
orb_v1.0,2024-09-13,295,EXTR,BBG001S6ZV24,0.9405295028869174,14,SHORT,False,BELOW_MINIMUM_RELATIVE_VOLUME,False,False,False,False,19082.0,20288.571428571428,1248095.4285714286,0.603857142857143,14.92,15.02,14.68,14.88,True,BELOW_MINIMUM_RELATIVE_VOLUME,False,,,,,,,,,,,,,,BELOW_MINIMUM_RELATIVE_VOLUME,False,,,,,,,,,,,,,,BELOW_MINIMUM_RELATIVE_VOLUME,False,,,,,,,,,,,,,
orb_v1.0,2024-09-13,296,HUM,BBG001S5S1X6,0.9393432167395899,14,SHORT,False,BELOW_MINIMUM_RELATIVE_VOLUME,True,False,False,False,24091.0,25646.64285714286,1224058.7857142857,11.026007142857148,325.08,325.75,322.52,322.825,True,BELOW_MINIMUM_RELATIVE_VOLUME,False,,,,,,,,,,,,,,BELOW_MINIMUM_RELATIVE_VOLUME,False,,,,,,,,,,,,,,BELOW_MINIMUM_RELATIVE_VOLUME,False,,,,,,,,,,,,,
orb_v1.0,2024-09-13,297,NTR,BBG00JM9SM69,0.9391953966938119,14,LONG,False,BELOW_MINIMUM_RELATIVE_VOLUME,True,False,False,False,34393.0,36619.642857142855,1755044.0,1.0328571428571434,46.42,46.6,46.39,46.5,True,BELOW_MINIMUM_RELATIVE_VOLUME,False,,,,,,,,,,,,,,BELOW_MINIMUM_RELATIVE_VOLUME,False,,,,,,,,,,,,,,BELOW_MINIMUM_RELATIVE_VOLUME,False,,,,,,,,,,,,,
orb_v1.0,2024-09-13,298,DLR,BBG001SM0K30,0.9391660264562902,14,SHORT,False,BELOW_MINIMUM_RELATIVE_VOLUME,True,False,False,False,20782.0,22128.14285714286,1526606.5714285714,3.0630357142857156,160.45,160.83,159.665,160.15,True,BELOW_MINIMUM_RELATIVE_VOLUME,False,,,,,,,,,,,,,,BELOW_MINIMUM_RELATIVE_VOLUME,False,,,,,,,,,,,,,,BELOW_MINIMUM_RELATIVE_VOLUME,False,,,,,,,,,,,,,
orb_v1.0,2024-09-13,299,UPST,BBG00PKCBY62,0.9387789851906302,14,LONG,False,BELOW_MINIMUM_RELATIVE_VOLUME,False,False,False,False,208719.0,222330.2857142857,5950169.642857143,2.904721428571427,36.47,37.278,36.43,37.2365,True,BELOW_MINIMUM_RELATIVE_VOLUME,False,,,,,,,,,,,,,,BELOW_MINIMUM_RELATIVE_VOLUME,False,,,,,,,,,,,,,,BELOW_MINIMUM_RELATIVE_VOLUME,False,,,,,,,,,,,,,
orb_v1.0,2024-09-13,300,OGN,BBG00ZQRGW42,0.9372580587026781,14,LONG,False,BELOW_MINIMUM_RELATIVE_VOLUME,False,False,False,False,27861.0,29726.071428571428,1453029.7857142857,0.6564714285714288,20.54,20.65,20.46,20.61,True,BELOW_MINIMUM_RELATIVE_VOLUME,False,,,,,,,,,,,,,,BELOW_MINIMUM_RELATIVE_VOLUME,False,,,,,,,,,,,,,,BELOW_MINIMUM_RELATIVE_VOLUME,False,,,,,,,,,,,,,
orb_v1.0,2024-09-13,301,INTC,BBG001S5SF65,0.936145465733023,14,LONG,False,BELOW_MINIMUM_RELATIVE_VOLUME,True,False,False,False,2562916.0,2737732.6428571427,76455663.71428572,0.9167857142857143,19.49,19.79,19.49,19.7857,True,BELOW_MINIMUM_RELATIVE_VOLUME,False,,,,,,,,,,,,,,BELOW_MINIMUM_RELATIVE_VOLUME,False,,,,,,,,,,,,,,BELOW_MINIMUM_RELATIVE_VOLUME,False,,,,,,,,,,,,,
orb_v1.0,2024-09-13,302,LQDA,BBG001V0GFD7,0.9320762491987424,14,LONG,False,BELOW_MINIMUM_RELATIVE_VOLUME,False,False,False,False,17449.0,18720.571428571428,1037430.2857142857,0.5038785714285714,9.8,9.99,9.8,9.96,True,BELOW_MINIMUM_RELATIVE_VOLUME,False,,,,,,,,,,,,,,BELOW_MINIMUM_RELATIVE_VOLUME,False,,,,,,,,,,,,,,BELOW_MINIMUM_RELATIVE_VOLUME,False,,,,,,,,,,,,,
orb_v1.0,2024-09-13,303,HLT,BBG0058KMH49,0.9261783815273413,14,SHORT,False,BELOW_MINIMUM_RELATIVE_VOLUME,True,False,False,False,17829.0,19250.071428571428,1485273.5,4.232064285714285,216.7,217.085,216.15,216.15,True,BELOW_MINIMUM_RELATIVE_VOLUME,False,,,,,,,,,,,,,,BELOW_MINIMUM_RELATIVE_VOLUME,False,,,,,,,,,,,,,,BELOW_MINIMUM_RELATIVE_VOLUME,False,,,,,,,,,,,,,
orb_v1.0,2024-09-13,304,ADMA,BBG002NCK5N4,0.9238956473558992,14,LONG,False,BELOW_MINIMUM_RELATIVE_VOLUME,False,False,False,False,141020.0,152636.2857142857,4135995.1428571427,0.9794642857142856,17.85,18.38,17.85,18.3778,True,BELOW_MINIMUM_RELATIVE_VOLUME,False,,,,,,,,,,,,,,BELOW_MINIMUM_RELATIVE_VOLUME,False,,,,,,,,,,,,,,BELOW_MINIMUM_RELATIVE_VOLUME,False,,,,,,,,,,,,,
orb_v1.0,2024-09-13,305,LNG,BBG001S7W158,0.9234178189374311,14,SHORT,False,BELOW_MINIMUM_RELATIVE_VOLUME,True,False,False,False,20569.0,22274.85714285714,1225743.5,3.129635714285712,178.05,178.48,177.55,177.7401,False,BELOW_MINIMUM_RELATIVE_VOLUME,False,,,,,,,,,,,,,,BELOW_MINIMUM_RELATIVE_VOLUME,False,,,,,,,,,,,,,,BELOW_MINIMUM_RELATIVE_VOLUME,False,,,,,,,,,,,,,
orb_v1.0,2024-09-13,306,MAR,BBG001S78K44,0.920938716105215,14,SHORT,False,BELOW_MINIMUM_RELATIVE_VOLUME,True,False,False,False,21062.0,22870.14285714286,1619038.2142857143,4.461028571428571,231.55,231.55,229.93,229.985,True,BELOW_MINIMUM_RELATIVE_VOLUME,False,,,,,,,,,,,,,,BELOW_MINIMUM_RELATIVE_VOLUME,False,,,,,,,,,,,,,,BELOW_MINIMUM_RELATIVE_VOLUME,False,,,,,,,,,,,,,
orb_v1.0,2024-09-13,307,GPN,BBG001SGS2Z8,0.9203924328216543,14,LONG,False,BELOW_MINIMUM_RELATIVE_VOLUME,True,False,False,False,16069.0,17458.85714285714,1454835.7142857143,2.371857142857144,109.54,110.0985,109.54,110.0985,True,BELOW_MINIMUM_RELATIVE_VOLUME,False,,,,,,,,,,,,,,BELOW_MINIMUM_RELATIVE_VOLUME,False,,,,,,,,,,,,,,BELOW_MINIMUM_RELATIVE_VOLUME,False,,,,,,,,,,,,,
orb_v1.0,2024-09-13,308,PEP,BBG001S695T1,0.911845565444215,14,SHORT,False,BELOW_MINIMUM_RELATIVE_VOLUME,True,False,False,False,128642.0,141078.7142857143,5200008.214285715,2.759514285714289,177.445,177.57,176.365,176.61,False,BELOW_MINIMUM_RELATIVE_VOLUME,False,,,,,,,,,,,,,,BELOW_MINIMUM_RELATIVE_VOLUME,False,,,,,,,,,,,,,,BELOW_MINIMUM_RELATIVE_VOLUME,False,,,,,,,,,,,,,
orb_v1.0,2024-09-13,309,SNPS,BBG001S5VTR8,0.9042893292188475,14,LONG,False,BELOW_MINIMUM_RELATIVE_VOLUME,True,False,False,False,29074.0,32151.214285714286,1383211.857142857,17.204285714285696,488.95,493.88,488.95,492.64,True,BELOW_MINIMUM_RELATIVE_VOLUME,False,,,,,,,,,,,,,,BELOW_MINIMUM_RELATIVE_VOLUME,False,,,,,,,,,,,,,,BELOW_MINIMUM_RELATIVE_VOLUME,False,,,,,,,,,,,,,
orb_v1.0,2024-09-13,310,DK,BBG00FZYFVD4,0.9042853235786812,14,SHORT,False,BELOW_MINIMUM_RELATIVE_VOLUME,False,False,False,False,15115.0,16714.85714285714,1155387.0714285714,0.8043714285714282,19.3,19.3233,19.1,19.22,True,BELOW_MINIMUM_RELATIVE_VOLUME,False,,,,,,,,,,,,,,BELOW_MINIMUM_RELATIVE_VOLUME,False,,,,,,,,,,,,,,BELOW_MINIMUM_RELATIVE_VOLUME,False,,,,,,,,,,,,,
orb_v1.0,2024-09-13,311,STM,BBG001S5WDM7,0.9023795112594314,14,LONG,False,BELOW_MINIMUM_RELATIVE_VOLUME,True,False,False,False,102018.0,113054.42857142857,4797194.142857143,0.9624999999999994,28.06,28.31,28.06,28.31,True,BELOW_MINIMUM_RELATIVE_VOLUME,False,,,,,,,,,,,,,,BELOW_MINIMUM_RELATIVE_VOLUME,False,,,,,,,,,,,,,,BELOW_MINIMUM_RELATIVE_VOLUME,False,,,,,,,,,,,,,
orb_v1.0,2024-09-13,312,TMO,BBG001S5WS08,0.9003427141963728,14,DOJI,False,BELOW_MINIMUM_RELATIVE_VOLUME,True,False,False,False,25708.0,28553.571428571428,1121335.9285714286,10.435707142857146,614.84,617.04,613.875,614.84,False,BELOW_MINIMUM_RELATIVE_VOLUME,False,,,,,,,,,,,,,,BELOW_MINIMUM_RELATIVE_VOLUME,False,,,,,,,,,,,,,,BELOW_MINIMUM_RELATIVE_VOLUME,False,,,,,,,,,,,,,
orb_v1.0,2024-09-13,313,QXO,BBG001SCBW07,0.900072529078294,14,SHORT,False,BELOW_MINIMUM_RELATIVE_VOLUME,False,False,False,False,48221.0,53574.57142857143,2777192.214285714,1.1135785714285718,15.14,15.14,14.74,14.8,True,BELOW_MINIMUM_RELATIVE_VOLUME,False,,,,,,,,,,,,,,BELOW_MINIMUM_RELATIVE_VOLUME,False,,,,,,,,,,,,,,BELOW_MINIMUM_RELATIVE_VOLUME,False,,,,,,,,,,,,,
orb_v1.0,2024-09-13,314,FIS,BBG001S8SWQ0,0.8996075688697206,14,LONG,False,BELOW_MINIMUM_RELATIVE_VOLUME,True,False,False,False,41345.0,45958.92857142857,2655322.6428571427,1.5043642857142865,84.41,84.73,84.27,84.56,True,BELOW_MINIMUM_RELATIVE_VOLUME,False,,,,,,,,,,,,,,BELOW_MINIMUM_RELATIVE_VOLUME,False,,,,,,,,,,,,,,BELOW_MINIMUM_RELATIVE_VOLUME,False,,,,,,,,,,,,,
orb_v1.0,2024-09-13,315,BAM,BBG019Z17GF9,0.899045619764029,14,LONG,False,BELOW_MINIMUM_RELATIVE_VOLUME,True,False,False,False,16519.0,18373.928571428572,1391033.142857143,1.1391428571428577,45.0,45.1,44.85,45.07,True,BELOW_MINIMUM_RELATIVE_VOLUME,False,,,,,,,,,,,,,,BELOW_MINIMUM_RELATIVE_VOLUME,False,,,,,,,,,,,,,,BELOW_MINIMUM_RELATIVE_VOLUME,False,,,,,,,,,,,,,
orb_v1.0,2024-09-13,316,ROL,BBG001S5VRG4,0.8981597393541757,14,LONG,False,BELOW_MINIMUM_RELATIVE_VOLUME,True,False,False,False,15733.0,17516.928571428572,1456293.7857142857,1.0146214285714292,50.11,50.4,50.11,50.365,True,BELOW_MINIMUM_RELATIVE_VOLUME,False,,,,,,,,,,,,,,BELOW_MINIMUM_RELATIVE_VOLUME,False,,,,,,,,,,,,,,BELOW_MINIMUM_RELATIVE_VOLUME,False,,,,,,,,,,,,,
orb_v1.0,2024-09-13,317,D,BBG001S5QCP3,0.8965673090387596,14,SHORT,False,BELOW_MINIMUM_RELATIVE_VOLUME,True,False,False,False,66313.0,73963.21428571429,3383285.9285714286,0.8517857142857146,57.47,57.47,57.08,57.09,True,BELOW_MINIMUM_RELATIVE_VOLUME,False,,,,,,,,,,,,,,BELOW_MINIMUM_RELATIVE_VOLUME,False,,,,,,,,,,,,,,BELOW_MINIMUM_RELATIVE_VOLUME,False,,,,,,,,,,,,,
orb_v1.0,2024-09-13,318,BMY,BBG001S8N8J6,0.8958863779019668,14,LONG,False,BELOW_MINIMUM_RELATIVE_VOLUME,True,False,False,False,177187.0,197778.42857142858,8347098.142857143,1.0982642857142868,48.25,48.5,48.2,48.39,True,BELOW_MINIMUM_RELATIVE_VOLUME,False,,,,,,,,,,,,,,BELOW_MINIMUM_RELATIVE_VOLUME,False,,,,,,,,,,,,,,BELOW_MINIMUM_RELATIVE_VOLUME,False,,,,,,,,,,,,,
orb_v1.0,2024-09-13,319,NET,BBG001WMKHJ3,0.8958397830751658,14,LONG,False,BELOW_MINIMUM_RELATIVE_VOLUME,True,False,False,False,35964.0,40145.57142857143,1616701.5714285714,2.704807142857145,79.05,79.53,78.93,79.39,True,BELOW_MINIMUM_RELATIVE_VOLUME,False,,,,,,,,,,,,,,BELOW_MINIMUM_RELATIVE_VOLUME,False,,,,,,,,,,,,,,BELOW_MINIMUM_RELATIVE_VOLUME,False,,,,,,,,,,,,,
orb_v1.0,2024-09-13,320,LYB,0001489393,0.8956050206666414,14,LONG,False,BELOW_MINIMUM_RELATIVE_VOLUME,True,False,False,False,30366.0,33905.57142857143,1754180.142857143,1.7976714285714297,94.44,94.74,94.31,94.45,True,BELOW_MINIMUM_RELATIVE_VOLUME,False,,,,,,,,,,,,,,BELOW_MINIMUM_RELATIVE_VOLUME,False,,,,,,,,,,,,,,BELOW_MINIMUM_RELATIVE_VOLUME,False,,,,,,,,,,,,,
orb_v1.0,2024-09-13,321,AROC,BBG001SVDK72,0.8855541013759682,14,DOJI,False,BELOW_MINIMUM_RELATIVE_VOLUME,False,False,False,False,14306.0,16154.857142857143,1235305.7142857143,0.660285714285714,19.36,19.44,19.36,19.36,False,BELOW_MINIMUM_RELATIVE_VOLUME,False,,,,,,,,,,,,,,BELOW_MINIMUM_RELATIVE_VOLUME,False,,,,,,,,,,,,,,BELOW_MINIMUM_RELATIVE_VOLUME,False,,,,,,,,,,,,,
orb_v1.0,2024-09-13,322,MU,BBG001S6P675,0.8839247183891676,14,LONG,False,BELOW_MINIMUM_RELATIVE_VOLUME,True,False,False,False,889109.0,1005865.0714285715,21782783.285714287,4.143921428571425,88.09,89.31,87.87,89.31,True,BELOW_MINIMUM_RELATIVE_VOLUME,False,,,,,,,,,,,,,,BELOW_MINIMUM_RELATIVE_VOLUME,False,,,,,,,,,,,,,,BELOW_MINIMUM_RELATIVE_VOLUME,False,,,,,,,,,,,,,
orb_v1.0,2024-09-13,323,KBH,BBG001S5SJV9,0.8831147054650518,14,LONG,False,BELOW_MINIMUM_RELATIVE_VOLUME,False,False,False,False,19562.0,22151.14285714286,1219838.357142857,2.499628571428574,83.58,84.78,83.495,84.59,True,BELOW_MINIMUM_RELATIVE_VOLUME,False,,,,,,,,,,,,,,BELOW_MINIMUM_RELATIVE_VOLUME,False,,,,,,,,,,,,,,BELOW_MINIMUM_RELATIVE_VOLUME,False,,,,,,,,,,,,,
orb_v1.0,2024-09-13,324,GIS,BBG001S5RKR2,0.8829491144747101,14,SHORT,False,BELOW_MINIMUM_RELATIVE_VOLUME,True,False,False,False,67617.0,76580.85714285714,3250371.285714286,1.1444928571428596,73.05,73.18,72.71,72.77,False,BELOW_MINIMUM_RELATIVE_VOLUME,False,,,,,,,,,,,,,,BELOW_MINIMUM_RELATIVE_VOLUME,False,,,,,,,,,,,,,,BELOW_MINIMUM_RELATIVE_VOLUME,False,,,,,,,,,,,,,
orb_v1.0,2024-09-13,325,CRH,0000849395,0.8822990999452307,14,LONG,False,BELOW_MINIMUM_RELATIVE_VOLUME,True,False,False,False,118634.0,134460.07142857142,4532850.857142857,2.2510714285714255,87.35,87.635,87.05,87.5,True,BELOW_MINIMUM_RELATIVE_VOLUME,False,,,,,,,,,,,,,,BELOW_MINIMUM_RELATIVE_VOLUME,False,,,,,,,,,,,,,,BELOW_MINIMUM_RELATIVE_VOLUME,False,,,,,,,,,,,,,
orb_v1.0,2024-09-13,326,HSY,BBG001S5S148,0.8793476604176192,14,LONG,False,BELOW_MINIMUM_RELATIVE_VOLUME,True,False,False,False,24726.0,28118.571428571428,1109758.7857142857,3.5849928571428586,198.25,199.025,198.2215,198.36,True,BELOW_MINIMUM_RELATIVE_VOLUME,False,,,,,,,,,,,,,,BELOW_MINIMUM_RELATIVE_VOLUME,False,,,,,,,,,,,,,,BELOW_MINIMUM_RELATIVE_VOLUME,False,,,,,,,,,,,,,
orb_v1.0,2024-09-13,327,LUV,BBG001S5SXC9,0.8768229423853798,14,LONG,False,BELOW_MINIMUM_RELATIVE_VOLUME,True,False,False,False,133175.0,151883.57142857142,8603411.642857144,0.9582142857142851,28.99,29.28,28.99,29.22,True,BELOW_MINIMUM_RELATIVE_VOLUME,False,,,,,,,,,,,,,,BELOW_MINIMUM_RELATIVE_VOLUME,False,,,,,,,,,,,,,,BELOW_MINIMUM_RELATIVE_VOLUME,False,,,,,,,,,,,,,
orb_v1.0,2024-09-13,328,INCY,BBG001S8Q6N2,0.8753977405941825,14,LONG,False,BELOW_MINIMUM_RELATIVE_VOLUME,False,False,False,False,13068.0,14928.07142857143,1788394.642857143,1.8260642857142864,63.37,63.88,63.105,63.715,True,BELOW_MINIMUM_RELATIVE_VOLUME,False,,,,,,,,,,,,,,BELOW_MINIMUM_RELATIVE_VOLUME,False,,,,,,,,,,,,,,BELOW_MINIMUM_RELATIVE_VOLUME,False,,,,,,,,,,,,,
orb_v1.0,2024-09-13,329,BWA,BBG001S7F4D2,0.8740420825323256,14,LONG,False,BELOW_MINIMUM_RELATIVE_VOLUME,False,False,False,False,33190.0,37973.0,2160922.714285714,0.7614285714285719,32.47,32.71,32.47,32.68,True,BELOW_MINIMUM_RELATIVE_VOLUME,False,,,,,,,,,,,,,,BELOW_MINIMUM_RELATIVE_VOLUME,False,,,,,,,,,,,,,,BELOW_MINIMUM_RELATIVE_VOLUME,False,,,,,,,,,,,,,
orb_v1.0,2024-09-13,330,ABNB,BBG001Y2XS16,0.872936567825338,14,SHORT,False,BELOW_MINIMUM_RELATIVE_VOLUME,True,False,False,False,91141.0,104407.35714285714,3863180.6428571427,2.8386642857142865,117.75,117.89,117.15,117.255,False,BELOW_MINIMUM_RELATIVE_VOLUME,False,,,,,,,,,,,,,,BELOW_MINIMUM_RELATIVE_VOLUME,False,,,,,,,,,,,,,,BELOW_MINIMUM_RELATIVE_VOLUME,False,,,,,,,,,,,,,
orb_v1.0,2024-09-13,331,RCL,0000884887,0.8729254417098472,14,SHORT,False,BELOW_MINIMUM_RELATIVE_VOLUME,True,False,False,False,30480.0,34917.07142857143,1720708.9285714286,5.187971428571428,166.46,166.46,165.7,165.92,False,BELOW_MINIMUM_RELATIVE_VOLUME,False,,,,,,,,,,,,,,BELOW_MINIMUM_RELATIVE_VOLUME,False,,,,,,,,,,,,,,BELOW_MINIMUM_RELATIVE_VOLUME,False,,,,,,,,,,,,,
orb_v1.0,2024-09-13,332,SM,BBG001S6W0J7,0.8709753061923917,14,SHORT,False,BELOW_MINIMUM_RELATIVE_VOLUME,False,False,False,False,20694.0,23759.571428571428,1423240.7142857143,1.5167857142857153,39.44,39.52,39.25,39.36,True,BELOW_MINIMUM_RELATIVE_VOLUME,False,,,,,,,,,,,,,,BELOW_MINIMUM_RELATIVE_VOLUME,False,,,,,,,,,,,,,,BELOW_MINIMUM_RELATIVE_VOLUME,False,,,,,,,,,,,,,
orb_v1.0,2024-09-13,333,UNP,BBG001S5X2M0,0.8708978665249658,14,LONG,False,BELOW_MINIMUM_RELATIVE_VOLUME,True,False,False,False,38281.0,43955.78571428572,2154447.5,4.2045642857142855,249.94,251.21,249.63,250.51,True,BELOW_MINIMUM_RELATIVE_VOLUME,False,,,,,,,,,,,,,,BELOW_MINIMUM_RELATIVE_VOLUME,False,,,,,,,,,,,,,,BELOW_MINIMUM_RELATIVE_VOLUME,False,,,,,,,,,,,,,
orb_v1.0,2024-09-13,334,BN,BBG001SF86D7,0.8682391978648201,14,LONG,False,BELOW_MINIMUM_RELATIVE_VOLUME,True,False,False,False,30091.0,34657.5,2842356.8571428573,1.3289285714285712,49.38,49.66,49.2,49.58,True,BELOW_MINIMUM_RELATIVE_VOLUME,False,,,,,,,,,,,,,,BELOW_MINIMUM_RELATIVE_VOLUME,False,,,,,,,,,,,,,,BELOW_MINIMUM_RELATIVE_VOLUME,False,,,,,,,,,,,,,
orb_v1.0,2024-09-13,335,MRO,BBG001S69V69,0.8670894508094595,14,SHORT,False,BELOW_MINIMUM_RELATIVE_VOLUME,False,False,False,False,108317.0,124920.21428571429,5647643.428571428,0.6204428571428571,26.13,26.13,26.07,26.085,True,BELOW_MINIMUM_RELATIVE_VOLUME,False,,,,,,,,,,,,,,BELOW_MINIMUM_RELATIVE_VOLUME,False,,,,,,,,,,,,,,BELOW_MINIMUM_RELATIVE_VOLUME,False,,,,,,,,,,,,,
orb_v1.0,2024-09-13,336,HPE,BBG0078W3NP4,0.8659156297391858,14,LONG,False,BELOW_MINIMUM_RELATIVE_VOLUME,True,False,False,False,527342.0,608999.2857142857,24222746.07142857,0.6917785714285716,16.92,17.07,16.92,16.985,True,BELOW_MINIMUM_RELATIVE_VOLUME,False,,,,,,,,,,,,,,BELOW_MINIMUM_RELATIVE_VOLUME,False,,,,,,,,,,,,,,BELOW_MINIMUM_RELATIVE_VOLUME,False,,,,,,,,,,,,,
orb_v1.0,2024-09-13,337,STX,0001137789,0.8615541060046132,14,SHORT,False,BELOW_MINIMUM_RELATIVE_VOLUME,True,False,False,False,34737.0,40319.0,2097457.5,3.0846357142857133,100.84,100.93,100.0,100.36,False,BELOW_MINIMUM_RELATIVE_VOLUME,False,,,,,,,,,,,,,,BELOW_MINIMUM_RELATIVE_VOLUME,False,,,,,,,,,,,,,,BELOW_MINIMUM_RELATIVE_VOLUME,False,,,,,,,,,,,,,
orb_v1.0,2024-09-13,338,WMG,BBG00RP2T9V3,0.8611321878612103,14,LONG,False,BELOW_MINIMUM_RELATIVE_VOLUME,False,False,False,False,8674.0,10072.785714285714,1368021.7142857143,0.5796357142857145,28.66,28.81,28.66,28.665,True,BELOW_MINIMUM_RELATIVE_VOLUME,False,,,,,,,,,,,,,,BELOW_MINIMUM_RELATIVE_VOLUME,False,,,,,,,,,,,,,,BELOW_MINIMUM_RELATIVE_VOLUME,False,,,,,,,,,,,,,
orb_v1.0,2024-09-13,339,SOLV,BBG018YZH6V0,0.8610216882037331,14,LONG,False,BELOW_MINIMUM_RELATIVE_VOLUME,False,False,False,False,16277.0,18904.285714285714,1282537.5,2.0321285714285735,68.65,68.8,68.54,68.66,True,BELOW_MINIMUM_RELATIVE_VOLUME,False,,,,,,,,,,,,,,BELOW_MINIMUM_RELATIVE_VOLUME,False,,,,,,,,,,,,,,BELOW_MINIMUM_RELATIVE_VOLUME,False,,,,,,,,,,,,,
orb_v1.0,2024-09-13,340,TRMB,BBG001S5SZP0,0.8583328059739272,14,LONG,False,BELOW_MINIMUM_RELATIVE_VOLUME,False,False,False,False,15501.0,18059.428571428572,1136127.857142857,1.1907142857142863,55.96,56.385,55.93,56.38,True,BELOW_MINIMUM_RELATIVE_VOLUME,False,,,,,,,,,,,,,,BELOW_MINIMUM_RELATIVE_VOLUME,False,,,,,,,,,,,,,,BELOW_MINIMUM_RELATIVE_VOLUME,False,,,,,,,,,,,,,
orb_v1.0,2024-09-13,341,DDOG,BBG003NJHZW5,0.8575835205527529,14,LONG,False,BELOW_MINIMUM_RELATIVE_VOLUME,True,False,False,False,51314.0,59835.57142857143,2573379.285714286,2.9877428571428584,109.56,110.25,109.5,110.25,True,BELOW_MINIMUM_RELATIVE_VOLUME,False,,,,,,,,,,,,,,BELOW_MINIMUM_RELATIVE_VOLUME,False,,,,,,,,,,,,,,BELOW_MINIMUM_RELATIVE_VOLUME,False,,,,,,,,,,,,,
orb_v1.0,2024-09-13,342,BROS,BBG01282ZJ56,0.8570685614436081,14,SHORT,False,BELOW_MINIMUM_RELATIVE_VOLUME,False,False,False,False,36962.0,43126.07142857143,2654169.785714286,0.926664285714286,34.2,34.2919,34.01,34.11,True,BELOW_MINIMUM_RELATIVE_VOLUME,False,,,,,,,,,,,,,,BELOW_MINIMUM_RELATIVE_VOLUME,False,,,,,,,,,,,,,,BELOW_MINIMUM_RELATIVE_VOLUME,False,,,,,,,,,,,,,
orb_v1.0,2024-09-13,343,CCK,BBG001S5PKZ5,0.8540391425908667,14,SHORT,False,BELOW_MINIMUM_RELATIVE_VOLUME,False,False,False,False,8182.0,9580.357142857143,1191018.0,1.5267857142857122,90.63,90.63,90.37,90.37,True,BELOW_MINIMUM_RELATIVE_VOLUME,False,,,,,,,,,,,,,,BELOW_MINIMUM_RELATIVE_VOLUME,False,,,,,,,,,,,,,,BELOW_MINIMUM_RELATIVE_VOLUME,False,,,,,,,,,,,,,
orb_v1.0,2024-09-13,344,AZEK,BBG00RP7FY15,0.8518622234668161,14,LONG,False,BELOW_MINIMUM_RELATIVE_VOLUME,False,False,False,False,10647.0,12498.5,1624647.857142857,1.1656642857142867,43.08,43.45,42.935,43.45,True,BELOW_MINIMUM_RELATIVE_VOLUME,False,,,,,,,,,,,,,,BELOW_MINIMUM_RELATIVE_VOLUME,False,,,,,,,,,,,,,,BELOW_MINIMUM_RELATIVE_VOLUME,False,,,,,,,,,,,,,
orb_v1.0,2024-09-13,345,CHTR,BBG001T3TDG2,0.8517030004627295,14,LONG,False,BELOW_MINIMUM_RELATIVE_VOLUME,True,False,False,False,11701.0,13738.357142857143,1037992.7857142857,10.775221428571424,340.54,343.12,339.47,342.95,True,BELOW_MINIMUM_RELATIVE_VOLUME,False,,,,,,,,,,,,,,BELOW_MINIMUM_RELATIVE_VOLUME,False,,,,,,,,,,,,,,BELOW_MINIMUM_RELATIVE_VOLUME,False,,,,,,,,,,,,,
orb_v1.0,2024-09-13,346,AMZN,BBG001S5PQL7,0.8510446127891741,14,LONG,False,BELOW_MINIMUM_RELATIVE_VOLUME,True,False,False,False,1251316.0,1470329.5,33675902.78571428,4.899507142857142,187.0,187.095,185.91,187.07,True,BELOW_MINIMUM_RELATIVE_VOLUME,False,,,,,,,,,,,,,,BELOW_MINIMUM_RELATIVE_VOLUME,False,,,,,,,,,,,,,,BELOW_MINIMUM_RELATIVE_VOLUME,False,,,,,,,,,,,,,
orb_v1.0,2024-09-13,347,KDP,BBG001ST5W34,0.850577995626643,14,LONG,False,BELOW_MINIMUM_RELATIVE_VOLUME,True,False,False,False,79130.0,93030.85714285714,5608936.285714285,0.5648571428571435,37.15,37.24,37.12,37.21,True,BELOW_MINIMUM_RELATIVE_VOLUME,False,,,,,,,,,,,,,,BELOW_MINIMUM_RELATIVE_VOLUME,False,,,,,,,,,,,,,,BELOW_MINIMUM_RELATIVE_VOLUME,False,,,,,,,,,,,,,
orb_v1.0,2024-09-13,348,VTLE,BBG001T24DQ0,0.8491197086794459,14,LONG,False,BELOW_MINIMUM_RELATIVE_VOLUME,False,False,False,False,15523.0,18281.285714285714,1227905.5714285714,1.4888357142857136,26.81,26.95,26.805,26.9487,True,BELOW_MINIMUM_RELATIVE_VOLUME,False,,,,,,,,,,,,,,BELOW_MINIMUM_RELATIVE_VOLUME,False,,,,,,,,,,,,,,BELOW_MINIMUM_RELATIVE_VOLUME,False,,,,,,,,,,,,,
orb_v1.0,2024-09-13,349,CLF,BBG001S5PW43,0.8482301127537873,14,LONG,False,BELOW_MINIMUM_RELATIVE_VOLUME,False,False,False,False,394536.0,465128.5,16650989.142857144,0.6003571428571429,11.52,11.62,11.5,11.605,True,BELOW_MINIMUM_RELATIVE_VOLUME,False,,,,,,,,,,,,,,BELOW_MINIMUM_RELATIVE_VOLUME,False,,,,,,,,,,,,,,BELOW_MINIMUM_RELATIVE_VOLUME,False,,,,,,,,,,,,,
orb_v1.0,2024-09-13,350,AAPL,BBG001S5N8V8,0.8460447027891989,14,SHORT,False,BELOW_MINIMUM_RELATIVE_VOLUME,True,False,False,False,1584495.0,1872826.5714285714,44863480.35714286,4.730678571428576,223.58,223.85,222.2412,222.92,True,BELOW_MINIMUM_RELATIVE_VOLUME,False,,,,,,,,,,,,,,BELOW_MINIMUM_RELATIVE_VOLUME,False,,,,,,,,,,,,,,BELOW_MINIMUM_RELATIVE_VOLUME,False,,,,,,,,,,,,,
orb_v1.0,2024-09-13,351,GD,BBG001S5RHP1,0.8454746324226299,14,LONG,False,BELOW_MINIMUM_RELATIVE_VOLUME,True,False,False,False,21346.0,25247.35714285714,1185079.642857143,5.573564285714282,301.08,303.01,301.08,301.775,True,BELOW_MINIMUM_RELATIVE_VOLUME,False,,,,,,,,,,,,,,BELOW_MINIMUM_RELATIVE_VOLUME,False,,,,,,,,,,,,,,BELOW_MINIMUM_RELATIVE_VOLUME,False,,,,,,,,,,,,,
orb_v1.0,2024-09-13,352,AME,BBG001S5NN54,0.8442311632982754,14,LONG,False,BELOW_MINIMUM_RELATIVE_VOLUME,True,False,False,False,12654.0,14988.785714285714,1008681.3571428572,2.931964285714289,167.64,168.95,167.1,168.36,True,BELOW_MINIMUM_RELATIVE_VOLUME,False,,,,,,,,,,,,,,BELOW_MINIMUM_RELATIVE_VOLUME,False,,,,,,,,,,,,,,BELOW_MINIMUM_RELATIVE_VOLUME,False,,,,,,,,,,,,,
orb_v1.0,2024-09-13,353,GFL,BBG003FD9W80,0.8440453786921337,14,SHORT,False,BELOW_MINIMUM_RELATIVE_VOLUME,False,False,False,False,28288.0,33514.78571428572,1364596.642857143,1.164285714285715,40.33,40.4,39.885,39.885,True,BELOW_MINIMUM_RELATIVE_VOLUME,False,,,,,,,,,,,,,,BELOW_MINIMUM_RELATIVE_VOLUME,False,,,,,,,,,,,,,,BELOW_MINIMUM_RELATIVE_VOLUME,False,,,,,,,,,,,,,
orb_v1.0,2024-09-13,354,PAYX,BBG001S5V135,0.8438216432488113,14,LONG,False,BELOW_MINIMUM_RELATIVE_VOLUME,True,False,False,False,19192.0,22744.14285714286,1554738.2142857143,2.4586203571428618,134.09,134.68,134.0,134.33,True,BELOW_MINIMUM_RELATIVE_VOLUME,False,,,,,,,,,,,,,,BELOW_MINIMUM_RELATIVE_VOLUME,False,,,,,,,,,,,,,,BELOW_MINIMUM_RELATIVE_VOLUME,False,,,,,,,,,,,,,
orb_v1.0,2024-09-13,355,DAR,BBG001SB7RP8,0.8425705269963696,14,SHORT,False,BELOW_MINIMUM_RELATIVE_VOLUME,False,False,False,False,21037.0,24967.64285714286,1979794.7142857143,1.4978571428571439,34.48,34.55,34.315,34.455,False,BELOW_MINIMUM_RELATIVE_VOLUME,False,,,,,,,,,,,,,,BELOW_MINIMUM_RELATIVE_VOLUME,False,,,,,,,,,,,,,,BELOW_MINIMUM_RELATIVE_VOLUME,False,,,,,,,,,,,,,
orb_v1.0,2024-09-13,356,IMVT,BBG00P5MC0R7,0.8412005780209888,14,LONG,False,BELOW_MINIMUM_RELATIVE_VOLUME,False,False,False,False,12682.0,15076.07142857143,1088868.857142857,1.4649999999999996,29.15,29.39,29.03,29.22,True,BELOW_MINIMUM_RELATIVE_VOLUME,False,,,,,,,,,,,,,,BELOW_MINIMUM_RELATIVE_VOLUME,False,,,,,,,,,,,,,,BELOW_MINIMUM_RELATIVE_VOLUME,False,,,,,,,,,,,,,
orb_v1.0,2024-09-13,357,EA,BBG001S5T5C9,0.8388450812928215,14,LONG,False,BELOW_MINIMUM_RELATIVE_VOLUME,True,False,False,False,32917.0,39240.857142857145,1596111.2857142857,2.488214285714282,145.22,145.82,144.52,145.49,True,BELOW_MINIMUM_RELATIVE_VOLUME,False,,,,,,,,,,,,,,BELOW_MINIMUM_RELATIVE_VOLUME,False,,,,,,,,,,,,,,BELOW_MINIMUM_RELATIVE_VOLUME,False,,,,,,,,,,,,,
orb_v1.0,2024-09-13,358,DT,BBG00PNN7CW9,0.8369032532501485,14,LONG,False,BELOW_MINIMUM_RELATIVE_VOLUME,False,False,False,False,40473.0,48360.42857142857,2200209.214285714,0.9455785714285726,50.71,51.19,50.6475,51.04,True,BELOW_MINIMUM_RELATIVE_VOLUME,False,,,,,,,,,,,,,,BELOW_MINIMUM_RELATIVE_VOLUME,False,,,,,,,,,,,,,,BELOW_MINIMUM_RELATIVE_VOLUME,False,,,,,,,,,,,,,
orb_v1.0,2024-09-13,359,SQ,BBG001TFLWL5,0.8352859032452331,14,LONG,False,BELOW_MINIMUM_RELATIVE_VOLUME,True,False,False,False,120570.0,144345.7857142857,5215640.714285715,2.352778571428569,63.73,64.49,63.73,64.39,True,BELOW_MINIMUM_RELATIVE_VOLUME,False,,,,,,,,,,,,,,BELOW_MINIMUM_RELATIVE_VOLUME,False,,,,,,,,,,,,,,BELOW_MINIMUM_RELATIVE_VOLUME,False,,,,,,,,,,,,,
orb_v1.0,2024-09-13,360,BEN,BBG001S5P3W6,0.83435684365967,14,LONG,False,BELOW_MINIMUM_RELATIVE_VOLUME,False,False,False,False,119542.0,143274.42857142858,5268043.071428572,0.563857142857143,19.82,19.99,19.81,19.99,True,BELOW_MINIMUM_RELATIVE_VOLUME,False,,,,,,,,,,,,,,BELOW_MINIMUM_RELATIVE_VOLUME,False,,,,,,,,,,,,,,BELOW_MINIMUM_RELATIVE_VOLUME,False,,,,,,,,,,,,,
orb_v1.0,2024-09-13,361,RPRX,0001802768,0.8340616704104554,14,LONG,False,BELOW_MINIMUM_RELATIVE_VOLUME,False,False,False,False,20422.0,24485.0,2195713.5,0.5117285714285712,27.58,27.8102,27.58,27.67,False,BELOW_MINIMUM_RELATIVE_VOLUME,False,,,,,,,,,,,,,,BELOW_MINIMUM_RELATIVE_VOLUME,False,,,,,,,,,,,,,,BELOW_MINIMUM_RELATIVE_VOLUME,False,,,,,,,,,,,,,
orb_v1.0,2024-09-13,362,MO,BBG001S5T8T5,0.8327678257225691,14,SHORT,False,BELOW_MINIMUM_RELATIVE_VOLUME,True,False,False,False,209092.0,251080.7857142857,7583844.642857143,0.6942857142857137,52.8,52.8,52.58,52.705,False,BELOW_MINIMUM_RELATIVE_VOLUME,False,,,,,,,,,,,,,,BELOW_MINIMUM_RELATIVE_VOLUME,False,,,,,,,,,,,,,,BELOW_MINIMUM_RELATIVE_VOLUME,False,,,,,,,,,,,,,
orb_v1.0,2024-09-13,363,AAP,BBG001SD2SB2,0.831989414051193,14,LONG,False,BELOW_MINIMUM_RELATIVE_VOLUME,False,False,False,False,60360.0,72549.0,3295800.3571428573,1.7188428571428567,40.0,40.155,39.865,40.03,True,BELOW_MINIMUM_RELATIVE_VOLUME,False,,,,,,,,,,,,,,BELOW_MINIMUM_RELATIVE_VOLUME,False,,,,,,,,,,,,,,BELOW_MINIMUM_RELATIVE_VOLUME,False,,,,,,,,,,,,,
orb_v1.0,2024-09-13,364,GPK,BBG001S90195,0.830664573964472,14,LONG,False,BELOW_MINIMUM_RELATIVE_VOLUME,False,False,False,False,28050.0,33768.142857142855,1843516.5,0.609292857142857,29.72,29.885,29.615,29.885,True,BELOW_MINIMUM_RELATIVE_VOLUME,False,,,,,,,,,,,,,,BELOW_MINIMUM_RELATIVE_VOLUME,False,,,,,,,,,,,,,,BELOW_MINIMUM_RELATIVE_VOLUME,False,,,,,,,,,,,,,
orb_v1.0,2024-09-13,365,SYM,BBG00Z72HCX9,0.8274008548259314,14,LONG,False,BELOW_MINIMUM_RELATIVE_VOLUME,False,True,False,False,58559.0,70774.64285714286,2292546.714285714,1.3592857142857135,19.56,20.69,19.56,20.67,True,BELOW_MINIMUM_RELATIVE_VOLUME,False,,,,,,,,,,,,,,BELOW_MINIMUM_RELATIVE_VOLUME,False,,,,,,,,,,,,,,BELOW_MINIMUM_RELATIVE_VOLUME,False,,,,,,,,,,,,,
orb_v1.0,2024-09-13,366,KO,BBG001S5SMQ8,0.8265978385329567,14,SHORT,False,BELOW_MINIMUM_RELATIVE_VOLUME,True,False,False,False,421022.0,509343.21428571426,15147011.285714285,1.0114214285714271,70.84,70.93,70.52,70.525,True,BELOW_MINIMUM_RELATIVE_VOLUME,False,,,,,,,,,,,,,,BELOW_MINIMUM_RELATIVE_VOLUME,False,,,,,,,,,,,,,,BELOW_MINIMUM_RELATIVE_VOLUME,False,,,,,,,,,,,,,
orb_v1.0,2024-09-13,367,FTRE,BBG01GZF9W47,0.8262182367171726,14,LONG,False,BELOW_MINIMUM_RELATIVE_VOLUME,False,False,False,False,6489.0,7853.857142857143,1107389.142857143,0.9957142857142853,20.87,21.02,20.87,21.02,True,BELOW_MINIMUM_RELATIVE_VOLUME,False,,,,,,,,,,,,,,BELOW_MINIMUM_RELATIVE_VOLUME,False,,,,,,,,,,,,,,BELOW_MINIMUM_RELATIVE_VOLUME,False,,,,,,,,,,,,,
orb_v1.0,2024-09-13,368,BAC,BBG001S5P0Y0,0.8245373500322776,14,LONG,False,BELOW_MINIMUM_RELATIVE_VOLUME,True,False,False,False,1065237.0,1291920.857142857,42091689.35714286,0.9171428571428584,38.88,39.08,38.79,39.0,True,BELOW_MINIMUM_RELATIVE_VOLUME,False,,,,,,,,,,,,,,BELOW_MINIMUM_RELATIVE_VOLUME,False,,,,,,,,,,,,,,BELOW_MINIMUM_RELATIVE_VOLUME,False,,,,,,,,,,,,,
orb_v1.0,2024-09-13,369,KSS,BBG001S71NV5,0.8220386169261096,14,LONG,False,BELOW_MINIMUM_RELATIVE_VOLUME,False,False,False,False,200259.0,243612.64285714287,8880048.42857143,0.922071428571428,19.75,19.94,19.73,19.9,True,BELOW_MINIMUM_RELATIVE_VOLUME,False,,,,,,,,,,,,,,BELOW_MINIMUM_RELATIVE_VOLUME,False,,,,,,,,,,,,,,BELOW_MINIMUM_RELATIVE_VOLUME,False,,,,,,,,,,,,,
orb_v1.0,2024-09-13,370,HAS,BBG001S5RSQ6,0.8215230405123207,14,LONG,False,BELOW_MINIMUM_RELATIVE_VOLUME,False,False,False,False,12645.0,15392.142857142857,1079505.7142857143,1.3110642857142847,67.77,68.07,67.715,67.82,True,BELOW_MINIMUM_RELATIVE_VOLUME,False,,,,,,,,,,,,,,BELOW_MINIMUM_RELATIVE_VOLUME,False,,,,,,,,,,,,,,BELOW_MINIMUM_RELATIVE_VOLUME,False,,,,,,,,,,,,,
orb_v1.0,2024-09-13,371,IFF,BBG001S5S5F7,0.8198238693697826,14,LONG,False,BELOW_MINIMUM_RELATIVE_VOLUME,True,False,False,False,12767.0,15572.857142857143,1121092.0,1.8873857142857173,103.76,104.2,103.76,103.96,True,BELOW_MINIMUM_RELATIVE_VOLUME,False,,,,,,,,,,,,,,BELOW_MINIMUM_RELATIVE_VOLUME,False,,,,,,,,,,,,,,BELOW_MINIMUM_RELATIVE_VOLUME,False,,,,,,,,,,,,,
orb_v1.0,2024-09-13,372,TAP,BBG001S5VQ21,0.8188123485036359,14,SHORT,False,BELOW_MINIMUM_RELATIVE_VOLUME,False,False,False,False,21933.0,26786.35714285714,2084598.4285714286,1.3267857142857145,54.57,54.61,54.41,54.5295,False,BELOW_MINIMUM_RELATIVE_VOLUME,False,,,,,,,,,,,,,,BELOW_MINIMUM_RELATIVE_VOLUME,False,,,,,,,,,,,,,,BELOW_MINIMUM_RELATIVE_VOLUME,False,,,,,,,,,,,,,
orb_v1.0,2024-09-13,373,NKE,BBG001S6NTK2,0.8166454987150962,14,LONG,False,BELOW_MINIMUM_RELATIVE_VOLUME,True,False,False,False,232119.0,284234.71428571426,9759360.57142857,1.7773785714285708,78.3,78.7,78.11,78.63,True,BELOW_MINIMUM_RELATIVE_VOLUME,False,,,,,,,,,,,,,,BELOW_MINIMUM_RELATIVE_VOLUME,False,,,,,,,,,,,,,,BELOW_MINIMUM_RELATIVE_VOLUME,False,,,,,,,,,,,,,
orb_v1.0,2024-09-13,374,GS,BBG001SC07Z6,0.8105385023051767,14,LONG,False,BELOW_MINIMUM_RELATIVE_VOLUME,True,False,False,False,47958.0,59168.07142857143,1835734.2142857143,13.344121428571428,475.99,480.775,475.5,479.9675,True,BELOW_MINIMUM_RELATIVE_VOLUME,False,,,,,,,,,,,,,,BELOW_MINIMUM_RELATIVE_VOLUME,False,,,,,,,,,,,,,,BELOW_MINIMUM_RELATIVE_VOLUME,False,,,,,,,,,,,,,
orb_v1.0,2024-09-13,375,EVRG,BBG00H433CS1,0.8092282647402961,14,SHORT,False,BELOW_MINIMUM_RELATIVE_VOLUME,False,False,False,False,15907.0,19657.0,1538341.5714285714,0.7927571428571427,60.67,60.72,60.58,60.59,True,BELOW_MINIMUM_RELATIVE_VOLUME,False,,,,,,,,,,,,,,BELOW_MINIMUM_RELATIVE_VOLUME,False,,,,,,,,,,,,,,BELOW_MINIMUM_RELATIVE_VOLUME,False,,,,,,,,,,,,,
orb_v1.0,2024-09-13,376,RNG,BBG001SHXFM5,0.8091252930807278,14,LONG,False,BELOW_MINIMUM_RELATIVE_VOLUME,False,False,False,False,20262.0,25041.85714285714,1289616.0,1.2200357142857154,28.5,28.72,28.5,28.72,True,BELOW_MINIMUM_RELATIVE_VOLUME,False,,,,,,,,,,,,,,BELOW_MINIMUM_RELATIVE_VOLUME,False,,,,,,,,,,,,,,BELOW_MINIMUM_RELATIVE_VOLUME,False,,,,,,,,,,,,,
orb_v1.0,2024-09-13,377,GM,BBG001SM1DK6,0.8091062024575776,14,LONG,False,BELOW_MINIMUM_RELATIVE_VOLUME,True,False,False,False,300257.0,371097.14285714284,12750575.642857144,1.3232142857142866,46.31,46.86,46.17,46.7705,True,BELOW_MINIMUM_RELATIVE_VOLUME,False,,,,,,,,,,,,,,BELOW_MINIMUM_RELATIVE_VOLUME,False,,,,,,,,,,,,,,BELOW_MINIMUM_RELATIVE_VOLUME,False,,,,,,,,,,,,,
orb_v1.0,2024-09-13,378,FUN,BBG01K8GRMY5,0.8072125583368689,14,LONG,False,BELOW_MINIMUM_RELATIVE_VOLUME,False,False,False,False,9513.0,11785.0,1983866.0,1.491428571428571,40.25,40.79,40.17,40.335,True,BELOW_MINIMUM_RELATIVE_VOLUME,False,,,,,,,,,,,,,,BELOW_MINIMUM_RELATIVE_VOLUME,False,,,,,,,,,,,,,,BELOW_MINIMUM_RELATIVE_VOLUME,False,,,,,,,,,,,,,
orb_v1.0,2024-09-13,379,DE,BBG001S5QFF7,0.8040605745675896,14,SHORT,False,BELOW_MINIMUM_RELATIVE_VOLUME,True,False,False,False,21663.0,26942.0,1346534.142857143,8.176557142857146,389.99,389.99,386.81,388.065,True,BELOW_MINIMUM_RELATIVE_VOLUME,False,,,,,,,,,,,,,,BELOW_MINIMUM_RELATIVE_VOLUME,False,,,,,,,,,,,,,,BELOW_MINIMUM_RELATIVE_VOLUME,False,,,,,,,,,,,,,
orb_v1.0,2024-09-13,380,GOOG,BBG009S3NB21,0.8019460401600645,14,SHORT,False,BELOW_MINIMUM_RELATIVE_VOLUME,True,False,False,False,587489.0,732579.2142857143,18742058.85714286,4.0484285714285715,156.362,156.67,156.27,156.33,True,BELOW_MINIMUM_RELATIVE_VOLUME,False,,,,,,,,,,,,,,BELOW_MINIMUM_RELATIVE_VOLUME,False,,,,,,,,,,,,,,BELOW_MINIMUM_RELATIVE_VOLUME,False,,,,,,,,,,,,,
orb_v1.0,2024-09-13,381,EOG,BBG001S5ZB93,0.8017467844152512,14,SHORT,False,BELOW_MINIMUM_RELATIVE_VOLUME,True,False,False,False,57137.0,71265.64285714286,3143182.0,2.7070857142857108,118.61,119.09,118.525,118.56,True,BELOW_MINIMUM_RELATIVE_VOLUME,False,,,,,,,,,,,,,,BELOW_MINIMUM_RELATIVE_VOLUME,False,,,,,,,,,,,,,,BELOW_MINIMUM_RELATIVE_VOLUME,False,,,,,,,,,,,,,
orb_v1.0,2024-09-13,382,PM,BBG001STP9N1,0.8002605392806206,14,SHORT,False,BELOW_MINIMUM_RELATIVE_VOLUME,True,False,False,False,83283.0,104069.85714285714,4917755.571428572,1.8117857142857139,124.92,125.01,124.65,124.69,True,BELOW_MINIMUM_RELATIVE_VOLUME,False,,,,,,,,,,,,,,BELOW_MINIMUM_RELATIVE_VOLUME,False,,,,,,,,,,,,,,BELOW_MINIMUM_RELATIVE_VOLUME,False,,,,,,,,,,,,,
orb_v1.0,2024-09-13,383,KD,BBG012W99DS1,0.7995192615857958,14,LONG,False,BELOW_MINIMUM_RELATIVE_VOLUME,False,False,False,False,17819.0,22287.14285714286,1278465.9285714286,0.6049928571428573,23.01,23.19,22.985,23.19,True,BELOW_MINIMUM_RELATIVE_VOLUME,False,,,,,,,,,,,,,,BELOW_MINIMUM_RELATIVE_VOLUME,False,,,,,,,,,,,,,,BELOW_MINIMUM_RELATIVE_VOLUME,False,,,,,,,,,,,,,
orb_v1.0,2024-09-13,384,BF.B,BBG001S5P4H1,0.7976591495885105,14,SHORT,False,BELOW_MINIMUM_RELATIVE_VOLUME,True,False,False,False,22597.0,28329.14285714286,1827246.142857143,1.076071428571429,46.4,46.54,46.24,46.365,True,BELOW_MINIMUM_RELATIVE_VOLUME,False,,,,,,,,,,,,,,BELOW_MINIMUM_RELATIVE_VOLUME,False,,,,,,,,,,,,,,BELOW_MINIMUM_RELATIVE_VOLUME,False,,,,,,,,,,,,,
orb_v1.0,2024-09-13,385,IOVA,BBG001T2PM32,0.797531212074024,14,LONG,False,BELOW_MINIMUM_RELATIVE_VOLUME,False,False,False,False,115235.0,144489.64285714287,6099582.142857143,0.6436857142857141,9.49,9.75,9.46,9.73,True,BELOW_MINIMUM_RELATIVE_VOLUME,False,,,,,,,,,,,,,,BELOW_MINIMUM_RELATIVE_VOLUME,False,,,,,,,,,,,,,,BELOW_MINIMUM_RELATIVE_VOLUME,False,,,,,,,,,,,,,
orb_v1.0,2024-09-13,386,ENTG,BBG001SF9YL6,0.7970104258259013,14,LONG,False,BELOW_MINIMUM_RELATIVE_VOLUME,True,False,False,False,12690.0,15922.0,1969986.7142857143,4.951892857142859,109.63,111.38,108.7,111.38,True,BELOW_MINIMUM_RELATIVE_VOLUME,False,,,,,,,,,,,,,,BELOW_MINIMUM_RELATIVE_VOLUME,False,,,,,,,,,,,,,,BELOW_MINIMUM_RELATIVE_VOLUME,False,,,,,,,,,,,,,
orb_v1.0,2024-09-13,387,TERN,BBG00KK1SJ17,0.7968041600478966,14,SHORT,False,BELOW_MINIMUM_RELATIVE_VOLUME,False,False,False,False,141453.0,177525.42857142858,3797981.0,0.9263071428571429,9.35,9.41,9.06,9.33,True,BELOW_MINIMUM_RELATIVE_VOLUME,False,,,,,,,,,,,,,,BELOW_MINIMUM_RELATIVE_VOLUME,False,,,,,,,,,,,,,,BELOW_MINIMUM_RELATIVE_VOLUME,False,,,,,,,,,,,,,
orb_v1.0,2024-09-13,388,UNM,BBG001S5X2J4,0.7961906572859225,14,LONG,False,BELOW_MINIMUM_RELATIVE_VOLUME,False,False,False,False,10767.0,13523.142857142857,1136173.2142857143,0.9403,54.8,54.97,54.725,54.91,True,BELOW_MINIMUM_RELATIVE_VOLUME,False,,,,,,,,,,,,,,BELOW_MINIMUM_RELATIVE_VOLUME,False,,,,,,,,,,,,,,BELOW_MINIMUM_RELATIVE_VOLUME,False,,,,,,,,,,,,,
orb_v1.0,2024-09-13,389,IQV,BBG00333FZ54,0.7954807850898895,14,LONG,False,BELOW_MINIMUM_RELATIVE_VOLUME,True,False,False,False,9646.0,12126.0,1119483.7857142857,5.867121428571427,238.97,240.62,238.4,240.035,False,BELOW_MINIMUM_RELATIVE_VOLUME,False,,,,,,,,,,,,,,BELOW_MINIMUM_RELATIVE_VOLUME,False,,,,,,,,,,,,,,BELOW_MINIMUM_RELATIVE_VOLUME,False,,,,,,,,,,,,,
orb_v1.0,2024-09-13,390,AXP,BBG001S5P034,0.795067500208713,14,LONG,False,BELOW_MINIMUM_RELATIVE_VOLUME,True,False,False,False,57821.0,72724.64285714286,2805609.1428571427,6.491299999999997,256.23,258.66,255.75,258.36,True,BELOW_MINIMUM_RELATIVE_VOLUME,False,,,,,,,,,,,,,,BELOW_MINIMUM_RELATIVE_VOLUME,False,,,,,,,,,,,,,,BELOW_MINIMUM_RELATIVE_VOLUME,False,,,,,,,,,,,,,
orb_v1.0,2024-09-13,391,SW,0002005951,0.7916618691929314,14,LONG,False,BELOW_MINIMUM_RELATIVE_VOLUME,False,False,False,False,77597.0,98017.85714285714,4490609.5,1.217214285714286,44.67,44.84,44.59,44.83,True,BELOW_MINIMUM_RELATIVE_VOLUME,False,,,,,,,,,,,,,,BELOW_MINIMUM_RELATIVE_VOLUME,False,,,,,,,,,,,,,,BELOW_MINIMUM_RELATIVE_VOLUME,False,,,,,,,,,,,,,
orb_v1.0,2024-09-13,392,BIRK,0001977102,0.7905184790007638,14,LONG,False,BELOW_MINIMUM_RELATIVE_VOLUME,False,False,False,False,44877.0,56769.07142857143,2159747.714285714,2.4877500000000023,46.0,46.55,45.98,46.4932,False,BELOW_MINIMUM_RELATIVE_VOLUME,False,,,,,,,,,,,,,,BELOW_MINIMUM_RELATIVE_VOLUME,False,,,,,,,,,,,,,,BELOW_MINIMUM_RELATIVE_VOLUME,False,,,,,,,,,,,,,
orb_v1.0,2024-09-13,393,CNQ,BBG001S5YC56,0.7887415319649317,14,SHORT,False,BELOW_MINIMUM_RELATIVE_VOLUME,True,False,False,False,58356.0,73986.21428571429,5211685.714285715,0.9217857142857131,32.43,32.46,32.3,32.34,True,BELOW_MINIMUM_RELATIVE_VOLUME,False,,,,,,,,,,,,,,BELOW_MINIMUM_RELATIVE_VOLUME,False,,,,,,,,,,,,,,BELOW_MINIMUM_RELATIVE_VOLUME,False,,,,,,,,,,,,,
orb_v1.0,2024-09-13,394,AMT,BBG001S5NPQ6,0.7873090367211761,14,SHORT,False,BELOW_MINIMUM_RELATIVE_VOLUME,True,False,False,False,34606.0,43954.78571428572,1904106.2142857143,5.037142857142858,237.77,238.24,236.23,236.29,True,BELOW_MINIMUM_RELATIVE_VOLUME,False,,,,,,,,,,,,,,BELOW_MINIMUM_RELATIVE_VOLUME,False,,,,,,,,,,,,,,BELOW_MINIMUM_RELATIVE_VOLUME,False,,,,,,,,,,,,,
orb_v1.0,2024-09-13,395,NVT,0001720635,0.7856651352234262,14,LONG,False,BELOW_MINIMUM_RELATIVE_VOLUME,False,False,False,False,16148.0,20553.285714285714,1700631.0,2.1217428571428547,65.28,65.41,64.85,65.285,True,BELOW_MINIMUM_RELATIVE_VOLUME,False,,,,,,,,,,,,,,BELOW_MINIMUM_RELATIVE_VOLUME,False,,,,,,,,,,,,,,BELOW_MINIMUM_RELATIVE_VOLUME,False,,,,,,,,,,,,,
orb_v1.0,2024-09-13,396,ETN,0001551182,0.7855014163709312,14,LONG,False,BELOW_MINIMUM_RELATIVE_VOLUME,True,False,False,False,37296.0,47480.5,2130155.9285714286,8.760357142857142,305.82,306.8,305.4852,306.025,True,BELOW_MINIMUM_RELATIVE_VOLUME,False,,,,,,,,,,,,,,BELOW_MINIMUM_RELATIVE_VOLUME,False,,,,,,,,,,,,,,BELOW_MINIMUM_RELATIVE_VOLUME,False,,,,,,,,,,,,,
orb_v1.0,2024-09-13,397,TGTX,BBG001S8NH06,0.7853071529641615,14,LONG,False,BELOW_MINIMUM_RELATIVE_VOLUME,False,False,False,False,102555.0,130592.21428571429,2955197.785714286,1.3296071428571434,23.31,23.8,23.26,23.79,True,BELOW_MINIMUM_RELATIVE_VOLUME,False,,,,,,,,,,,,,,BELOW_MINIMUM_RELATIVE_VOLUME,False,,,,,,,,,,,,,,BELOW_MINIMUM_RELATIVE_VOLUME,False,,,,,,,,,,,,,
orb_v1.0,2024-09-13,398,VIK,0001745201,0.7851318895966031,14,SHORT,False,BELOW_MINIMUM_RELATIVE_VOLUME,False,False,False,False,82544.0,105133.92857142857,2072661.857142857,1.2573785714285706,32.53,32.62,32.25,32.49,False,BELOW_MINIMUM_RELATIVE_VOLUME,False,,,,,,,,,,,,,,BELOW_MINIMUM_RELATIVE_VOLUME,False,,,,,,,,,,,,,,BELOW_MINIMUM_RELATIVE_VOLUME,False,,,,,,,,,,,,,
orb_v1.0,2024-09-13,399,LLY,BBG001S5STL8,0.7817954439857259,14,SHORT,False,BELOW_MINIMUM_RELATIVE_VOLUME,True,False,False,False,75598.0,96697.92857142857,2413810.1428571427,21.723821428571416,937.01,939.55,933.0,934.21,True,BELOW_MINIMUM_RELATIVE_VOLUME,False,,,,,,,,,,,,,,BELOW_MINIMUM_RELATIVE_VOLUME,False,,,,,,,,,,,,,,BELOW_MINIMUM_RELATIVE_VOLUME,False,,,,,,,,,,,,,
orb_v1.0,2024-09-13,400,TMUS,BBG001SKR9Y6,0.7788669979089532,14,SHORT,False,BELOW_MINIMUM_RELATIVE_VOLUME,True,False,False,False,55100.0,70743.78571428571,3601263.6428571427,3.4537142857142817,202.0,202.0,201.12,201.22,True,BELOW_MINIMUM_RELATIVE_VOLUME,False,,,,,,,,,,,,,,BELOW_MINIMUM_RELATIVE_VOLUME,False,,,,,,,,,,,,,,BELOW_MINIMUM_RELATIVE_VOLUME,False,,,,,,,,,,,,,
orb_v1.0,2024-09-13,401,CTVA,BBG00BN969D0,0.7761271954206044,14,LONG,False,BELOW_MINIMUM_RELATIVE_VOLUME,True,False,False,False,29519.0,38033.71428571428,3338833.3571428573,1.077857142857141,55.93,56.27,55.93,56.14,True,BELOW_MINIMUM_RELATIVE_VOLUME,False,,,,,,,,,,,,,,BELOW_MINIMUM_RELATIVE_VOLUME,False,,,,,,,,,,,,,,BELOW_MINIMUM_RELATIVE_VOLUME,False,,,,,,,,,,,,,
orb_v1.0,2024-09-13,402,NFLX,BBG001SF6L46,0.7718235574258651,14,LONG,False,BELOW_MINIMUM_RELATIVE_VOLUME,True,False,False,False,65058.0,84291.28571428571,2446289.5714285714,17.561235714285715,680.01,683.744,680.0,682.16,True,BELOW_MINIMUM_RELATIVE_VOLUME,False,,,,,,,,,,,,,,BELOW_MINIMUM_RELATIVE_VOLUME,False,,,,,,,,,,,,,,BELOW_MINIMUM_RELATIVE_VOLUME,False,,,,,,,,,,,,,
orb_v1.0,2024-09-13,403,TPR,BBG001SFH7D5,0.7666114526831113,14,LONG,False,BELOW_MINIMUM_RELATIVE_VOLUME,False,False,False,False,34182.0,44588.42857142857,2734376.0,1.1156928571428568,42.31,42.8399,42.31,42.8399,True,BELOW_MINIMUM_RELATIVE_VOLUME,False,,,,,,,,,,,,,,BELOW_MINIMUM_RELATIVE_VOLUME,False,,,,,,,,,,,,,,BELOW_MINIMUM_RELATIVE_VOLUME,False,,,,,,,,,,,,,
orb_v1.0,2024-09-13,404,V,BBG001SRCFY3,0.7643613862013457,14,SHORT,False,BELOW_MINIMUM_RELATIVE_VOLUME,True,False,False,False,133565.0,174740.64285714287,6138030.357142857,4.392364285714275,286.49,287.155,285.55,286.48,False,BELOW_MINIMUM_RELATIVE_VOLUME,False,,,,,,,,,,,,,,BELOW_MINIMUM_RELATIVE_VOLUME,False,,,,,,,,,,,,,,BELOW_MINIMUM_RELATIVE_VOLUME,False,,,,,,,,,,,,,
orb_v1.0,2024-09-13,405,SU,BBG001S5YSF0,0.7643431671796478,14,SHORT,False,BELOW_MINIMUM_RELATIVE_VOLUME,True,False,False,False,68345.0,89416.64285714286,4699233.5,1.0032928571428563,36.58,36.58,36.47,36.49,False,BELOW_MINIMUM_RELATIVE_VOLUME,False,,,,,,,,,,,,,,BELOW_MINIMUM_RELATIVE_VOLUME,False,,,,,,,,,,,,,,BELOW_MINIMUM_RELATIVE_VOLUME,False,,,,,,,,,,,,,
orb_v1.0,2024-09-13,406,AVGO,BBG00KHY5SY8,0.7633063891195155,14,SHORT,False,BELOW_MINIMUM_RELATIVE_VOLUME,True,False,False,False,874905.0,1146204.2142857143,31810488.285714287,8.683214285714286,166.735,166.735,165.3,166.1109,True,BELOW_MINIMUM_RELATIVE_VOLUME,False,,,,,,,,,,,,,,BELOW_MINIMUM_RELATIVE_VOLUME,False,,,,,,,,,,,,,,BELOW_MINIMUM_RELATIVE_VOLUME,False,,,,,,,,,,,,,
orb_v1.0,2024-09-13,407,SHW,BBG001S5W2F9,0.7614142772240571,14,LONG,False,BELOW_MINIMUM_RELATIVE_VOLUME,True,False,False,False,27911.0,36656.78571428572,1268831.7857142857,5.990178571428564,375.0,377.22,374.595,377.13,True,BELOW_MINIMUM_RELATIVE_VOLUME,False,,,,,,,,,,,,,,BELOW_MINIMUM_RELATIVE_VOLUME,False,,,,,,,,,,,,,,BELOW_MINIMUM_RELATIVE_VOLUME,False,,,,,,,,,,,,,
orb_v1.0,2024-09-13,408,AES,BBG001S6B1L5,0.7600179263731619,14,SHORT,False,BELOW_MINIMUM_RELATIVE_VOLUME,False,False,False,False,93636.0,123202.35714285714,7359250.714285715,0.5365785714285712,18.34,18.36,18.21,18.325,False,BELOW_MINIMUM_RELATIVE_VOLUME,False,,,,,,,,,,,,,,BELOW_MINIMUM_RELATIVE_VOLUME,False,,,,,,,,,,,,,,BELOW_MINIMUM_RELATIVE_VOLUME,False,,,,,,,,,,,,,
orb_v1.0,2024-09-13,409,FLEX,0000866374,0.7575595468392302,14,LONG,False,BELOW_MINIMUM_RELATIVE_VOLUME,False,False,False,False,38741.0,51139.21428571428,3385486.3571428573,1.1057142857142863,29.895,30.24,29.895,30.24,False,BELOW_MINIMUM_RELATIVE_VOLUME,False,,,,,,,,,,,,,,BELOW_MINIMUM_RELATIVE_VOLUME,False,,,,,,,,,,,,,,BELOW_MINIMUM_RELATIVE_VOLUME,False,,,,,,,,,,,,,
orb_v1.0,2024-09-13,410,CAT,BBG001S5PJ06,0.7559431943268569,14,LONG,False,BELOW_MINIMUM_RELATIVE_VOLUME,True,False,False,False,37820.0,50030.21428571428,2161815.0714285714,7.986700000000005,342.42,344.41,340.3541,343.805,True,BELOW_MINIMUM_RELATIVE_VOLUME,False,,,,,,,,,,,,,,BELOW_MINIMUM_RELATIVE_VOLUME,False,,,,,,,,,,,,,,BELOW_MINIMUM_RELATIVE_VOLUME,False,,,,,,,,,,,,,
orb_v1.0,2024-09-13,411,QSR,BBG0076WG2T4,0.7557604870405097,14,SHORT,False,BELOW_MINIMUM_RELATIVE_VOLUME,True,False,False,False,25218.0,33367.71428571428,1644803.642857143,1.3758857142857142,69.37,69.5,69.24,69.305,True,BELOW_MINIMUM_RELATIVE_VOLUME,False,,,,,,,,,,,,,,BELOW_MINIMUM_RELATIVE_VOLUME,False,,,,,,,,,,,,,,BELOW_MINIMUM_RELATIVE_VOLUME,False,,,,,,,,,,,,,
orb_v1.0,2024-09-13,412,CRBG,BBG016HJ8836,0.755107650507197,14,LONG,False,BELOW_MINIMUM_RELATIVE_VOLUME,True,False,False,False,20407.0,27025.285714285714,3412235.4285714286,0.8085714285714286,27.79,27.93,27.69,27.86,True,BELOW_MINIMUM_RELATIVE_VOLUME,False,,,,,,,,,,,,,,BELOW_MINIMUM_RELATIVE_VOLUME,False,,,,,,,,,,,,,,BELOW_MINIMUM_RELATIVE_VOLUME,False,,,,,,,,,,,,,
orb_v1.0,2024-09-13,413,SWK,BBG001S5WHT1,0.7544883323951656,14,LONG,False,BELOW_MINIMUM_RELATIVE_VOLUME,True,False,False,False,11776.0,15607.92857142857,1056524.7857142857,2.4088785714285694,98.26,99.78,98.26,99.78,True,BELOW_MINIMUM_RELATIVE_VOLUME,False,,,,,,,,,,,,,,BELOW_MINIMUM_RELATIVE_VOLUME,False,,,,,,,,,,,,,,BELOW_MINIMUM_RELATIVE_VOLUME,False,,,,,,,,,,,,,
orb_v1.0,2024-09-13,414,CSIQ,BBG001SPNJT3,0.7532445129600374,14,LONG,False,BELOW_MINIMUM_RELATIVE_VOLUME,False,False,False,False,49280.0,65423.642857142855,1872829.2142857143,0.7526214285714286,14.09,14.26,13.98,14.26,True,BELOW_MINIMUM_RELATIVE_VOLUME,False,,,,,,,,,,,,,,BELOW_MINIMUM_RELATIVE_VOLUME,False,,,,,,,,,,,,,,BELOW_MINIMUM_RELATIVE_VOLUME,False,,,,,,,,,,,,,
orb_v1.0,2024-09-13,415,COP,BBG001S5TZM2,0.7529652663566162,14,SHORT,False,BELOW_MINIMUM_RELATIVE_VOLUME,True,False,False,False,103698.0,137719.5,5588404.214285715,2.4146357142857164,103.32,103.395,103.1075,103.22,True,BELOW_MINIMUM_RELATIVE_VOLUME,False,,,,,,,,,,,,,,BELOW_MINIMUM_RELATIVE_VOLUME,False,,,,,,,,,,,,,,BELOW_MINIMUM_RELATIVE_VOLUME,False,,,,,,,,,,,,,
orb_v1.0,2024-09-13,416,A,BBG001SCTQY4,0.7528279181708785,14,LONG,False,BELOW_MINIMUM_RELATIVE_VOLUME,True,False,False,False,14076.0,18697.5,1398382.5,2.7639214285714298,136.81,137.5799,136.4,137.23,True,BELOW_MINIMUM_RELATIVE_VOLUME,False,,,,,,,,,,,,,,BELOW_MINIMUM_RELATIVE_VOLUME,False,,,,,,,,,,,,,,BELOW_MINIMUM_RELATIVE_VOLUME,False,,,,,,,,,,,,,
orb_v1.0,2024-09-13,417,CGNX,BBG001S5TC16,0.7487458074949747,14,SHORT,False,BELOW_MINIMUM_RELATIVE_VOLUME,False,False,False,False,9392.0,12543.642857142857,1048467.7857142857,1.0584928571428571,38.51,38.535,38.23,38.23,True,BELOW_MINIMUM_RELATIVE_VOLUME,False,,,,,,,,,,,,,,BELOW_MINIMUM_RELATIVE_VOLUME,False,,,,,,,,,,,,,,BELOW_MINIMUM_RELATIVE_VOLUME,False,,,,,,,,,,,,,
orb_v1.0,2024-09-13,418,LRCX,BBG001S5SW40,0.7475934937606226,14,LONG,False,BELOW_MINIMUM_RELATIVE_VOLUME,True,False,False,False,27554.0,36856.92857142857,1282090.2142857143,30.161064285714303,755.79,763.0,753.995,763.0,True,BELOW_MINIMUM_RELATIVE_VOLUME,False,,,,,,,,,,,,,,BELOW_MINIMUM_RELATIVE_VOLUME,False,,,,,,,,,,,,,,BELOW_MINIMUM_RELATIVE_VOLUME,False,,,,,,,,,,,,,
orb_v1.0,2024-09-13,419,SYF,BBG00658F3Q2,0.745819681715736,14,LONG,False,BELOW_MINIMUM_RELATIVE_VOLUME,True,False,False,False,46470.0,62307.28571428572,3356216.1428571427,1.403499999999999,46.73,47.28,46.715,47.14,True,BELOW_MINIMUM_RELATIVE_VOLUME,False,,,,,,,,,,,,,,BELOW_MINIMUM_RELATIVE_VOLUME,False,,,,,,,,,,,,,,BELOW_MINIMUM_RELATIVE_VOLUME,False,,,,,,,,,,,,,
orb_v1.0,2024-09-13,420,CM,BBG001S5YBB1,0.7436723648112101,14,LONG,False,BELOW_MINIMUM_RELATIVE_VOLUME,True,False,False,False,37059.0,49832.42857142857,1747605.7142857143,1.2352142857142856,61.07,61.26,60.94,61.21,True,BELOW_MINIMUM_RELATIVE_VOLUME,False,,,,,,,,,,,,,,BELOW_MINIMUM_RELATIVE_VOLUME,False,,,,,,,,,,,,,,BELOW_MINIMUM_RELATIVE_VOLUME,False,,,,,,,,,,,,,
orb_v1.0,2024-09-13,421,ALL,BBG001S9BM06,0.7429746480164049,14,SHORT,False,BELOW_MINIMUM_RELATIVE_VOLUME,True,False,False,False,18530.0,24940.285714285714,1518505.7857142857,3.4380785714285684,187.5,188.0,186.95,187.43,True,BELOW_MINIMUM_RELATIVE_VOLUME,False,,,,,,,,,,,,,,BELOW_MINIMUM_RELATIVE_VOLUME,False,,,,,,,,,,,,,,BELOW_MINIMUM_RELATIVE_VOLUME,False,,,,,,,,,,,,,
orb_v1.0,2024-09-13,422,ACVA,BBG00G5JGQ75,0.7396218547878703,14,LONG,False,BELOW_MINIMUM_RELATIVE_VOLUME,False,False,False,False,21286.0,28779.571428571428,1742516.5714285714,0.655328571428571,20.0,20.19,19.975,20.1,True,BELOW_MINIMUM_RELATIVE_VOLUME,False,,,,,,,,,,,,,,BELOW_MINIMUM_RELATIVE_VOLUME,False,,,,,,,,,,,,,,BELOW_MINIMUM_RELATIVE_VOLUME,False,,,,,,,,,,,,,
orb_v1.0,2024-09-13,423,CHWY,BBG00P19DLQ4,0.7393900126356655,14,LONG,False,BELOW_MINIMUM_RELATIVE_VOLUME,False,False,False,False,279916.0,378576.9285714286,10050835.714285715,1.888921428571429,31.01,31.675,31.0,31.6,True,BELOW_MINIMUM_RELATIVE_VOLUME,False,,,,,,,,,,,,,,BELOW_MINIMUM_RELATIVE_VOLUME,False,,,,,,,,,,,,,,BELOW_MINIMUM_RELATIVE_VOLUME,False,,,,,,,,,,,,,
orb_v1.0,2024-09-13,424,BK,BBG001S5P6Q6,0.7389052114160853,14,LONG,False,BELOW_MINIMUM_RELATIVE_VOLUME,True,False,False,False,59227.0,80155.07142857143,3558665.214285714,1.2888357142857143,69.36,69.53,69.16,69.51,True,BELOW_MINIMUM_RELATIVE_VOLUME,False,,,,,,,,,,,,,,BELOW_MINIMUM_RELATIVE_VOLUME,False,,,,,,,,,,,,,,BELOW_MINIMUM_RELATIVE_VOLUME,False,,,,,,,,,,,,,
orb_v1.0,2024-09-13,425,CCL,BBG001S5PL01,0.7381338225824461,14,LONG,False,BELOW_MINIMUM_RELATIVE_VOLUME,True,False,False,False,551526.0,747189.7142857143,24542443.57142857,0.6455571428571434,17.01,17.12,17.0,17.0953,True,BELOW_MINIMUM_RELATIVE_VOLUME,False,,,,,,,,,,,,,,BELOW_MINIMUM_RELATIVE_VOLUME,False,,,,,,,,,,,,,,BELOW_MINIMUM_RELATIVE_VOLUME,False,,,,,,,,,,,,,
orb_v1.0,2024-09-13,426,MMM,BBG001S5T7X2,0.7374342745271013,14,LONG,False,BELOW_MINIMUM_RELATIVE_VOLUME,True,False,False,False,73801.0,100078.07142857143,3499831.0714285714,2.4942857142857133,131.88,132.44,131.67,132.04,True,BELOW_MINIMUM_RELATIVE_VOLUME,False,,,,,,,,,,,,,,BELOW_MINIMUM_RELATIVE_VOLUME,False,,,,,,,,,,,,,,BELOW_MINIMUM_RELATIVE_VOLUME,False,,,,,,,,,,,,,
orb_v1.0,2024-09-13,427,WM,BBG001S5XH47,0.7341088375012174,14,SHORT,False,BELOW_MINIMUM_RELATIVE_VOLUME,True,False,False,False,24229.0,33004.642857142855,1464441.142857143,3.248250000000001,207.36,207.85,206.675,206.84,True,BELOW_MINIMUM_RELATIVE_VOLUME,False,,,,,,,,,,,,,,BELOW_MINIMUM_RELATIVE_VOLUME,False,,,,,,,,,,,,,,BELOW_MINIMUM_RELATIVE_VOLUME,False,,,,,,,,,,,,,
orb_v1.0,2024-09-13,428,MGM,BBG001S6BYT5,0.7302250938522227,14,LONG,False,BELOW_MINIMUM_RELATIVE_VOLUME,False,False,False,False,58535.0,80160.21428571429,4287845.357142857,1.0478571428571435,36.15,36.39,36.11,36.38,True,BELOW_MINIMUM_RELATIVE_VOLUME,False,,,,,,,,,,,,,,BELOW_MINIMUM_RELATIVE_VOLUME,False,,,,,,,,,,,,,,BELOW_MINIMUM_RELATIVE_VOLUME,False,,,,,,,,,,,,,
orb_v1.0,2024-09-13,429,GPRE,BBG001SPVM17,0.7298588779333989,14,LONG,False,BELOW_MINIMUM_RELATIVE_VOLUME,False,False,False,False,9808.0,13438.214285714286,1030684.2142857143,0.8117857142857143,12.36,12.46,12.35,12.395,True,BELOW_MINIMUM_RELATIVE_VOLUME,False,,,,,,,,,,,,,,BELOW_MINIMUM_RELATIVE_VOLUME,False,,,,,,,,,,,,,,BELOW_MINIMUM_RELATIVE_VOLUME,False,,,,,,,,,,,,,
orb_v1.0,2024-09-13,430,EMR,BBG001S5QVT7,0.7295460711270887,14,LONG,False,BELOW_MINIMUM_RELATIVE_VOLUME,True,False,False,False,48212.0,66084.92857142857,2859121.0,2.1836000000000007,102.0,102.22,101.53,102.155,True,BELOW_MINIMUM_RELATIVE_VOLUME,False,,,,,,,,,,,,,,BELOW_MINIMUM_RELATIVE_VOLUME,False,,,,,,,,,,,,,,BELOW_MINIMUM_RELATIVE_VOLUME,False,,,,,,,,,,,,,
orb_v1.0,2024-09-13,431,RRC,BBG001SBZNN8,0.7265382373295062,14,SHORT,False,BELOW_MINIMUM_RELATIVE_VOLUME,False,False,False,False,15223.0,20952.785714285714,1752334.7857142857,0.759428571428571,29.29,29.3,29.21,29.24,True,BELOW_MINIMUM_RELATIVE_VOLUME,False,,,,,,,,,,,,,,BELOW_MINIMUM_RELATIVE_VOLUME,False,,,,,,,,,,,,,,BELOW_MINIMUM_RELATIVE_VOLUME,False,,,,,,,,,,,,,
orb_v1.0,2024-09-13,432,ARMK,BBG001V0NR70,0.7264183014377987,14,SHORT,False,BELOW_MINIMUM_RELATIVE_VOLUME,False,False,False,False,18163.0,25003.5,1904426.2857142857,0.7417142857142852,38.22,38.54,38.12,38.21,True,BELOW_MINIMUM_RELATIVE_VOLUME,False,,,,,,,,,,,,,,BELOW_MINIMUM_RELATIVE_VOLUME,False,,,,,,,,,,,,,,BELOW_MINIMUM_RELATIVE_VOLUME,False,,,,,,,,,,,,,
orb_v1.0,2024-09-13,433,ZETA,BBG010FXVQB5,0.7260304430549513,14,LONG,False,BELOW_MINIMUM_RELATIVE_VOLUME,False,False,False,False,124317.0,171228.35714285713,3521117.0,1.280335714285714,26.99,27.36,26.9,27.36,True,BELOW_MINIMUM_RELATIVE_VOLUME,False,,,,,,,,,,,,,,BELOW_MINIMUM_RELATIVE_VOLUME,False,,,,,,,,,,,,,,BELOW_MINIMUM_RELATIVE_VOLUME,False,,,,,,,,,,,,,
orb_v1.0,2024-09-13,434,MA,BBG001SKNNS6,0.725534425319267,14,SHORT,False,BELOW_MINIMUM_RELATIVE_VOLUME,True,False,False,False,41814.0,57632.0,2097480.714285714,8.01606428571429,493.1,493.41,491.45,492.65,False,BELOW_MINIMUM_RELATIVE_VOLUME,False,,,,,,,,,,,,,,BELOW_MINIMUM_RELATIVE_VOLUME,False,,,,,,,,,,,,,,BELOW_MINIMUM_RELATIVE_VOLUME,False,,,,,,,,,,,,,
orb_v1.0,2024-09-13,435,CLSK,BBG001S7F576,0.7235889013166544,14,SHORT,False,BELOW_MINIMUM_RELATIVE_VOLUME,False,True,False,False,681262.0,941504.2142857143,19630526.92857143,0.7588428571428576,9.31,9.33,9.13,9.2,True,BELOW_MINIMUM_RELATIVE_VOLUME,False,,,,,,,,,,,,,,BELOW_MINIMUM_RELATIVE_VOLUME,False,,,,,,,,,,,,,,BELOW_MINIMUM_RELATIVE_VOLUME,False,,,,,,,,,,,,,
orb_v1.0,2024-09-13,436,OMC,BBG001S5VR10,0.7235557018468707,14,LONG,False,BELOW_MINIMUM_RELATIVE_VOLUME,True,False,False,False,10049.0,13888.357142857143,1114355.5,1.8431357142857152,98.82,99.005,98.82,99.005,True,BELOW_MINIMUM_RELATIVE_VOLUME,False,,,,,,,,,,,,,,BELOW_MINIMUM_RELATIVE_VOLUME,False,,,,,,,,,,,,,,BELOW_MINIMUM_RELATIVE_VOLUME,False,,,,,,,,,,,,,
orb_v1.0,2024-09-13,437,VECO,BBG001S5X6T4,0.7224236275225498,14,LONG,False,BELOW_MINIMUM_RELATIVE_VOLUME,False,False,False,False,8341.0,11545.857142857143,1020935.8571428572,1.3665857142857136,30.33,30.815,30.33,30.7,True,BELOW_MINIMUM_RELATIVE_VOLUME,False,,,,,,,,,,,,,,BELOW_MINIMUM_RELATIVE_VOLUME,False,,,,,,,,,,,,,,BELOW_MINIMUM_RELATIVE_VOLUME,False,,,,,,,,,,,,,
orb_v1.0,2024-09-13,438,TXG,BBG007WX14Y9,0.7224060031699474,14,LONG,False,BELOW_MINIMUM_RELATIVE_VOLUME,False,False,False,False,15692.0,21721.85714285714,1266154.7857142857,1.1726999999999996,22.93,23.0,22.74,22.94,True,BELOW_MINIMUM_RELATIVE_VOLUME,False,,,,,,,,,,,,,,BELOW_MINIMUM_RELATIVE_VOLUME,False,,,,,,,,,,,,,,BELOW_MINIMUM_RELATIVE_VOLUME,False,,,,,,,,,,,,,
orb_v1.0,2024-09-13,439,SWKS,BBG001SCYWS2,0.7220802637404845,14,LONG,False,BELOW_MINIMUM_RELATIVE_VOLUME,True,False,False,False,19337.0,26779.571428571428,1927154.5,3.4492857142857116,101.55,102.18,101.06,102.02,True,BELOW_MINIMUM_RELATIVE_VOLUME,False,,,,,,,,,,,,,,BELOW_MINIMUM_RELATIVE_VOLUME,False,,,,,,,,,,,,,,BELOW_MINIMUM_RELATIVE_VOLUME,False,,,,,,,,,,,,,
orb_v1.0,2024-09-13,440,CMCSA,BBG001S5PXL2,0.7204740234735416,14,LONG,False,BELOW_MINIMUM_RELATIVE_VOLUME,True,False,False,False,292544.0,406043.78571428574,16953425.07142857,0.8189214285714286,39.31,39.55,39.23,39.505,True,BELOW_MINIMUM_RELATIVE_VOLUME,False,,,,,,,,,,,,,,BELOW_MINIMUM_RELATIVE_VOLUME,False,,,,,,,,,,,,,,BELOW_MINIMUM_RELATIVE_VOLUME,False,,,,,,,,,,,,,
orb_v1.0,2024-09-13,441,NXPI,0001413447,0.718451850591168,14,LONG,False,BELOW_MINIMUM_RELATIVE_VOLUME,True,False,False,False,35882.0,49943.5,2493260.0,8.962142857142863,228.11,230.0,227.82,229.61,True,BELOW_MINIMUM_RELATIVE_VOLUME,False,,,,,,,,,,,,,,BELOW_MINIMUM_RELATIVE_VOLUME,False,,,,,,,,,,,,,,BELOW_MINIMUM_RELATIVE_VOLUME,False,,,,,,,,,,,,,
orb_v1.0,2024-09-13,442,DKNG,BBG0134WCMB3,0.7174916936861668,14,LONG,False,BELOW_MINIMUM_RELATIVE_VOLUME,True,False,False,False,198132.0,276145.35714285716,8309254.5,1.5646357142857137,38.95,39.18,38.8,39.1726,True,BELOW_MINIMUM_RELATIVE_VOLUME,False,,,,,,,,,,,,,,BELOW_MINIMUM_RELATIVE_VOLUME,False,,,,,,,,,,,,,,BELOW_MINIMUM_RELATIVE_VOLUME,False,,,,,,,,,,,,,
orb_v1.0,2024-09-13,443,MGA,BBG001S5SY91,0.7173408648781403,14,LONG,False,BELOW_MINIMUM_RELATIVE_VOLUME,False,False,False,False,15856.0,22103.85714285714,1371108.5714285714,1.120714285714287,39.81,40.12,39.81,40.1,True,BELOW_MINIMUM_RELATIVE_VOLUME,False,,,,,,,,,,,,,,BELOW_MINIMUM_RELATIVE_VOLUME,False,,,,,,,,,,,,,,BELOW_MINIMUM_RELATIVE_VOLUME,False,,,,,,,,,,,,,
orb_v1.0,2024-09-13,444,CIVI,BBG00GLNJ0R0,0.7168424614421841,14,LONG,False,BELOW_MINIMUM_RELATIVE_VOLUME,False,False,False,False,14073.0,19631.928571428572,1020446.0,1.8761000000000005,53.1,53.31,53.1,53.275,True,BELOW_MINIMUM_RELATIVE_VOLUME,False,,,,,,,,,,,,,,BELOW_MINIMUM_RELATIVE_VOLUME,False,,,,,,,,,,,,,,BELOW_MINIMUM_RELATIVE_VOLUME,False,,,,,,,,,,,,,
orb_v1.0,2024-09-13,445,VVV,BBG003DNHV65,0.7166561355826574,14,LONG,False,BELOW_MINIMUM_RELATIVE_VOLUME,False,False,False,False,5914.0,8252.214285714286,1154485.357142857,0.849614285714286,40.55,40.805,40.55,40.68,True,BELOW_MINIMUM_RELATIVE_VOLUME,False,,,,,,,,,,,,,,BELOW_MINIMUM_RELATIVE_VOLUME,False,,,,,,,,,,,,,,BELOW_MINIMUM_RELATIVE_VOLUME,False,,,,,,,,,,,,,
orb_v1.0,2024-09-13,446,KMX,BBG001SD9561,0.7151283709994922,14,LONG,False,BELOW_MINIMUM_RELATIVE_VOLUME,False,False,False,False,14687.0,20537.571428571428,1454837.7142857143,2.4774285714285704,77.16,78.92,77.16,78.4,True,BELOW_MINIMUM_RELATIVE_VOLUME,False,,,,,,,,,,,,,,BELOW_MINIMUM_RELATIVE_VOLUME,False,,,,,,,,,,,,,,BELOW_MINIMUM_RELATIVE_VOLUME,False,,,,,,,,,,,,,
orb_v1.0,2024-09-13,447,INFA,BBG012THM4K0,0.7149300372982659,14,LONG,False,BELOW_MINIMUM_RELATIVE_VOLUME,False,False,False,False,15704.0,21965.785714285714,1909585.5714285714,0.8274999999999998,25.6,25.78,25.6,25.73,False,BELOW_MINIMUM_RELATIVE_VOLUME,False,,,,,,,,,,,,,,BELOW_MINIMUM_RELATIVE_VOLUME,False,,,,,,,,,,,,,,BELOW_MINIMUM_RELATIVE_VOLUME,False,,,,,,,,,,,,,
orb_v1.0,2024-09-13,448,RTX,BBG001S5X5Q9,0.7146468453303981,14,SHORT,False,BELOW_MINIMUM_RELATIVE_VOLUME,True,False,False,False,67384.0,94289.92857142857,4654162.857142857,2.0360285714285706,119.9,120.045,119.64,119.755,True,BELOW_MINIMUM_RELATIVE_VOLUME,False,,,,,,,,,,,,,,BELOW_MINIMUM_RELATIVE_VOLUME,False,,,,,,,,,,,,,,BELOW_MINIMUM_RELATIVE_VOLUME,False,,,,,,,,,,,,,
orb_v1.0,2024-09-13,449,CNX,BBG001SC7TN4,0.7141008537886873,14,LONG,False,BELOW_MINIMUM_RELATIVE_VOLUME,False,False,False,False,22941.0,32125.714285714286,1911533.357142857,0.5385714285714283,27.27,27.35,27.2,27.29,True,BELOW_MINIMUM_RELATIVE_VOLUME,False,,,,,,,,,,,,,,BELOW_MINIMUM_RELATIVE_VOLUME,False,,,,,,,,,,,,,,BELOW_MINIMUM_RELATIVE_VOLUME,False,,,,,,,,,,,,,
orb_v1.0,2024-09-13,450,COF,BBG001S65PV8,0.7138541533166115,14,LONG,False,BELOW_MINIMUM_RELATIVE_VOLUME,True,False,False,False,25065.0,35112.21428571428,2343305.5,4.15749285714286,138.5,139.92,137.64,139.585,True,BELOW_MINIMUM_RELATIVE_VOLUME,False,,,,,,,,,,,,,,BELOW_MINIMUM_RELATIVE_VOLUME,False,,,,,,,,,,,,,,BELOW_MINIMUM_RELATIVE_VOLUME,False,,,,,,,,,,,,,
orb_v1.0,2024-09-13,451,OMF,BBG005497H09,0.7137300677436165,14,LONG,False,BELOW_MINIMUM_RELATIVE_VOLUME,False,False,False,False,12229.0,17133.928571428572,1129240.5,1.4817214285714282,45.0,45.47,44.94,45.45,True,BELOW_MINIMUM_RELATIVE_VOLUME,False,,,,,,,,,,,,,,BELOW_MINIMUM_RELATIVE_VOLUME,False,,,,,,,,,,,,,,BELOW_MINIMUM_RELATIVE_VOLUME,False,,,,,,,,,,,,,
orb_v1.0,2024-09-13,452,NXT,BBG00835TQ17,0.7133814630028645,14,LONG,False,BELOW_MINIMUM_RELATIVE_VOLUME,False,False,False,False,42497.0,59571.21428571428,3050140.714285714,1.8020500000000008,36.28,36.93,36.23,36.85,True,BELOW_MINIMUM_RELATIVE_VOLUME,False,,,,,,,,,,,,,,BELOW_MINIMUM_RELATIVE_VOLUME,False,,,,,,,,,,,,,,BELOW_MINIMUM_RELATIVE_VOLUME,False,,,,,,,,,,,,,
orb_v1.0,2024-09-13,453,CCCC,BBG00BV2Y9C6,0.7133322227775001,14,LONG,False,BELOW_MINIMUM_RELATIVE_VOLUME,False,False,False,False,18352.0,25727.14285714286,1176896.857142857,0.6114714285714287,6.53,6.62,6.5077,6.576,True,BELOW_MINIMUM_RELATIVE_VOLUME,False,,,,,,,,,,,,,,BELOW_MINIMUM_RELATIVE_VOLUME,False,,,,,,,,,,,,,,BELOW_MINIMUM_RELATIVE_VOLUME,False,,,,,,,,,,,,,
orb_v1.0,2024-09-13,454,MTG,BBG001S6SFR0,0.7114596042047563,14,LONG,False,BELOW_MINIMUM_RELATIVE_VOLUME,False,False,False,False,14537.0,20432.64285714286,1245518.7142857143,0.5185714285714279,24.85,24.99,24.77,24.96,True,BELOW_MINIMUM_RELATIVE_VOLUME,False,,,,,,,,,,,,,,BELOW_MINIMUM_RELATIVE_VOLUME,False,,,,,,,,,,,,,,BELOW_MINIMUM_RELATIVE_VOLUME,False,,,,,,,,,,,,,
orb_v1.0,2024-09-13,455,MPLX,BBG0035TJHL3,0.7098812884792,14,LONG,False,BELOW_MINIMUM_RELATIVE_VOLUME,True,False,False,False,14907.0,20999.285714285714,1188356.5,0.5900000000000009,43.35,43.42,43.35,43.4,True,BELOW_MINIMUM_RELATIVE_VOLUME,False,,,,,,,,,,,,,,BELOW_MINIMUM_RELATIVE_VOLUME,False,,,,,,,,,,,,,,BELOW_MINIMUM_RELATIVE_VOLUME,False,,,,,,,,,,,,,
orb_v1.0,2024-09-13,456,URBN,BBG001S7H9K1,0.7091916581940477,14,LONG,False,BELOW_MINIMUM_RELATIVE_VOLUME,False,False,False,False,23467.0,33089.78571428572,2277060.5,1.3103571428571428,35.75,36.13,35.675,35.99,True,BELOW_MINIMUM_RELATIVE_VOLUME,False,,,,,,,,,,,,,,BELOW_MINIMUM_RELATIVE_VOLUME,False,,,,,,,,,,,,,,BELOW_MINIMUM_RELATIVE_VOLUME,False,,,,,,,,,,,,,
orb_v1.0,2024-09-13,457,HCA,BBG001T8NTY2,0.7080979496297629,14,LONG,False,BELOW_MINIMUM_RELATIVE_VOLUME,True,False,False,False,17978.0,25389.14285714286,1095040.2142857143,6.966064285714282,390.93,392.79,390.93,392.79,True,BELOW_MINIMUM_RELATIVE_VOLUME,False,,,,,,,,,,,,,,BELOW_MINIMUM_RELATIVE_VOLUME,False,,,,,,,,,,,,,,BELOW_MINIMUM_RELATIVE_VOLUME,False,,,,,,,,,,,,,
orb_v1.0,2024-09-13,458,PFE,BBG001S5V466,0.7067975084727501,14,SHORT,False,BELOW_MINIMUM_RELATIVE_VOLUME,True,False,False,False,615238.0,870458.6428571428,27813250.14285714,0.5460714285714278,29.16,29.175,29.07,29.125,True,BELOW_MINIMUM_RELATIVE_VOLUME,False,,,,,,,,,,,,,,BELOW_MINIMUM_RELATIVE_VOLUME,False,,,,,,,,,,,,,,BELOW_MINIMUM_RELATIVE_VOLUME,False,,,,,,,,,,,,,
orb_v1.0,2024-09-13,459,HUT,BBG00390LJJ8,0.7064357414660627,14,SHORT,False,BELOW_MINIMUM_RELATIVE_VOLUME,False,False,False,False,76036.0,107633.28571428571,4125037.714285714,0.8539071428571426,11.04,11.08,10.9,10.909,True,BELOW_MINIMUM_RELATIVE_VOLUME,False,,,,,,,,,,,,,,BELOW_MINIMUM_RELATIVE_VOLUME,False,,,,,,,,,,,,,,BELOW_MINIMUM_RELATIVE_VOLUME,False,,,,,,,,,,,,,
orb_v1.0,2024-09-13,460,MCHP,BBG001S787B5,0.7038152302873697,14,LONG,False,BELOW_MINIMUM_RELATIVE_VOLUME,True,False,False,False,60720.0,86272.64285714286,5466564.857142857,2.685714285714284,76.89,77.64,76.75,77.64,True,BELOW_MINIMUM_RELATIVE_VOLUME,False,,,,,,,,,,,,,,BELOW_MINIMUM_RELATIVE_VOLUME,False,,,,,,,,,,,,,,BELOW_MINIMUM_RELATIVE_VOLUME,False,,,,,,,,,,,,,
orb_v1.0,2024-09-13,461,LBRT,BBG00GK831C5,0.7035551885618624,14,LONG,False,BELOW_MINIMUM_RELATIVE_VOLUME,False,False,False,False,17771.0,25258.85714285714,1821923.0,0.692142857142858,19.29,19.37,19.16,19.32,True,BELOW_MINIMUM_RELATIVE_VOLUME,False,,,,,,,,,,,,,,BELOW_MINIMUM_RELATIVE_VOLUME,False,,,,,,,,,,,,,,BELOW_MINIMUM_RELATIVE_VOLUME,False,,,,,,,,,,,,,
orb_v1.0,2024-09-13,462,CHX,BBG00JH9V005,0.7018950491377711,14,SHORT,False,BELOW_MINIMUM_RELATIVE_VOLUME,False,False,False,False,13519.0,19260.714285714286,1300580.5714285714,0.802857142857143,28.72,28.73,28.5,28.52,True,BELOW_MINIMUM_RELATIVE_VOLUME,False,,,,,,,,,,,,,,BELOW_MINIMUM_RELATIVE_VOLUME,False,,,,,,,,,,,,,,BELOW_MINIMUM_RELATIVE_VOLUME,False,,,,,,,,,,,,,
orb_v1.0,2024-09-13,463,YUM,BBG001S7JQ30,0.7006796667516992,14,SHORT,False,BELOW_MINIMUM_RELATIVE_VOLUME,True,False,False,False,25309.0,36120.642857142855,1898484.642857143,1.9269357142857169,133.48,133.66,132.99,133.125,True,BELOW_MINIMUM_RELATIVE_VOLUME,False,,,,,,,,,,,,,,BELOW_MINIMUM_RELATIVE_VOLUME,False,,,,,,,,,,,,,,BELOW_MINIMUM_RELATIVE_VOLUME,False,,,,,,,,,,,,,
orb_v1.0,2024-09-13,464,WYNN,BBG001SJZ2V8,0.7000712806761482,14,LONG,False,BELOW_MINIMUM_RELATIVE_VOLUME,False,False,False,False,29464.0,42087.142857142855,1899474.142857143,1.6167642857142863,76.79,77.02,76.55,77.0,True,BELOW_MINIMUM_RELATIVE_VOLUME,False,,,,,,,,,,,,,,BELOW_MINIMUM_RELATIVE_VOLUME,False,,,,,,,,,,,,,,BELOW_MINIMUM_RELATIVE_VOLUME,False,,,,,,,,,,,,,
orb_v1.0,2024-09-13,465,XRAY,BBG001S5XLV8,0.6967387391586968,14,LONG,False,BELOW_MINIMUM_RELATIVE_VOLUME,False,False,False,False,19217.0,27581.35714285714,2541050.8571428573,0.8142857142857144,25.56,25.615,25.44,25.6,True,BELOW_MINIMUM_RELATIVE_VOLUME,False,,,,,,,,,,,,,,BELOW_MINIMUM_RELATIVE_VOLUME,False,,,,,,,,,,,,,,BELOW_MINIMUM_RELATIVE_VOLUME,False,,,,,,,,,,,,,
orb_v1.0,2024-09-13,466,ASPN,BBG001SJZK39,0.695515124134957,14,LONG,False,BELOW_MINIMUM_RELATIVE_VOLUME,False,False,False,False,29031.0,41740.28571428572,1566388.142857143,1.8902928571428572,24.5,24.77,24.48,24.54,True,BELOW_MINIMUM_RELATIVE_VOLUME,False,,,,,,,,,,,,,,BELOW_MINIMUM_RELATIVE_VOLUME,False,,,,,,,,,,,,,,BELOW_MINIMUM_RELATIVE_VOLUME,False,,,,,,,,,,,,,
orb_v1.0,2024-09-13,467,MAS,BBG001S5SZ70,0.6950234879624193,14,LONG,False,BELOW_MINIMUM_RELATIVE_VOLUME,True,False,False,False,9469.0,13624.0,1358626.7142857143,1.7482142857142853,79.58,80.03,79.58,79.78,True,BELOW_MINIMUM_RELATIVE_VOLUME,False,,,,,,,,,,,,,,BELOW_MINIMUM_RELATIVE_VOLUME,False,,,,,,,,,,,,,,BELOW_MINIMUM_RELATIVE_VOLUME,False,,,,,,,,,,,,,
orb_v1.0,2024-09-13,468,CBRE,BBG001SC2D27,0.6948197314260417,14,LONG,False,BELOW_MINIMUM_RELATIVE_VOLUME,True,False,False,False,15807.0,22749.785714285714,1469571.357142857,2.26015,118.0,118.575,117.1,118.515,True,BELOW_MINIMUM_RELATIVE_VOLUME,False,,,,,,,,,,,,,,BELOW_MINIMUM_RELATIVE_VOLUME,False,,,,,,,,,,,,,,BELOW_MINIMUM_RELATIVE_VOLUME,False,,,,,,,,,,,,,
orb_v1.0,2024-09-13,469,PANW,BBG001T9NWN5,0.6903220948726952,14,LONG,False,BELOW_MINIMUM_RELATIVE_VOLUME,True,False,False,False,74001.0,107197.78571428571,2566221.3571428573,10.263921428571418,345.16,349.4782,344.47,348.85,True,BELOW_MINIMUM_RELATIVE_VOLUME,False,,,,,,,,,,,,,,BELOW_MINIMUM_RELATIVE_VOLUME,False,,,,,,,,,,,,,,BELOW_MINIMUM_RELATIVE_VOLUME,False,,,,,,,,,,,,,
orb_v1.0,2024-09-13,470,MODG,BBG001S70DV8,0.6893833299008503,14,LONG,False,BELOW_MINIMUM_RELATIVE_VOLUME,False,False,False,False,66947.0,97111.42857142857,4257992.785714285,0.5371071428571431,9.6,9.8,9.6,9.76,True,BELOW_MINIMUM_RELATIVE_VOLUME,False,,,,,,,,,,,,,,BELOW_MINIMUM_RELATIVE_VOLUME,False,,,,,,,,,,,,,,BELOW_MINIMUM_RELATIVE_VOLUME,False,,,,,,,,,,,,,
orb_v1.0,2024-09-13,471,XPO,BBG001SJW3C0,0.687997784188179,14,SHORT,False,BELOW_MINIMUM_RELATIVE_VOLUME,False,False,False,False,16678.0,24241.35714285714,1513728.5714285714,4.765714285714286,108.31,109.04,108.1,108.1,True,BELOW_MINIMUM_RELATIVE_VOLUME,False,,,,,,,,,,,,,,BELOW_MINIMUM_RELATIVE_VOLUME,False,,,,,,,,,,,,,,BELOW_MINIMUM_RELATIVE_VOLUME,False,,,,,,,,,,,,,
orb_v1.0,2024-09-13,472,GRAL,BBG01N6CGX05,0.6869803895355152,14,LONG,False,BELOW_MINIMUM_RELATIVE_VOLUME,False,False,False,False,23491.0,34194.57142857143,1036223.0714285715,0.9785571428571428,13.56,13.92,13.56,13.92,True,BELOW_MINIMUM_RELATIVE_VOLUME,False,,,,,,,,,,,,,,BELOW_MINIMUM_RELATIVE_VOLUME,False,,,,,,,,,,,,,,BELOW_MINIMUM_RELATIVE_VOLUME,False,,,,,,,,,,,,,
orb_v1.0,2024-09-13,473,MCK,BBG001S8F8P8,0.6867494185670294,14,LONG,False,BELOW_MINIMUM_RELATIVE_VOLUME,True,False,False,False,12887.0,18765.214285714286,1113792.5714285714,13.785164285714282,509.13,512.39,507.06,509.795,True,BELOW_MINIMUM_RELATIVE_VOLUME,False,,,,,,,,,,,,,,BELOW_MINIMUM_RELATIVE_VOLUME,False,,,,,,,,,,,,,,BELOW_MINIMUM_RELATIVE_VOLUME,False,,,,,,,,,,,,,
orb_v1.0,2024-09-13,474,CVNA,BBG00GCTWF71,0.6850887315597417,14,LONG,False,BELOW_MINIMUM_RELATIVE_VOLUME,True,False,False,False,42363.0,61835.78571428572,2614048.8571428573,7.100685714285716,141.79,143.41,141.76,143.27,True,BELOW_MINIMUM_RELATIVE_VOLUME,False,,,,,,,,,,,,,,BELOW_MINIMUM_RELATIVE_VOLUME,False,,,,,,,,,,,,,,BELOW_MINIMUM_RELATIVE_VOLUME,False,,,,,,,,,,,,,
orb_v1.0,2024-09-13,475,NSC,BBG001S5TQJ6,0.6844557890616202,14,LONG,False,BELOW_MINIMUM_RELATIVE_VOLUME,True,False,False,False,9117.0,13320.07142857143,1191033.357142857,5.389235714285718,255.57,256.59,255.57,256.09,True,BELOW_MINIMUM_RELATIVE_VOLUME,False,,,,,,,,,,,,,,BELOW_MINIMUM_RELATIVE_VOLUME,False,,,,,,,,,,,,,,BELOW_MINIMUM_RELATIVE_VOLUME,False,,,,,,,,,,,,,
orb_v1.0,2024-09-13,476,SKX,BBG001S5XTG8,0.6827990385394442,14,LONG,False,BELOW_MINIMUM_RELATIVE_VOLUME,False,False,False,False,12641.0,18513.5,1426590.857142857,1.7315571428571432,66.84,67.16,66.5,67.16,True,BELOW_MINIMUM_RELATIVE_VOLUME,False,,,,,,,,,,,,,,BELOW_MINIMUM_RELATIVE_VOLUME,False,,,,,,,,,,,,,,BELOW_MINIMUM_RELATIVE_VOLUME,False,,,,,,,,,,,,,
orb_v1.0,2024-09-13,477,CHK,BBG00Z6DX607,0.6816826375393688,14,LONG,False,BELOW_MINIMUM_RELATIVE_VOLUME,False,False,False,False,17439.0,25582.285714285714,2127852.9285714286,1.991428571428571,72.74,73.11,72.74,73.025,True,BELOW_MINIMUM_RELATIVE_VOLUME,False,,,,,,,,,,,,,,BELOW_MINIMUM_RELATIVE_VOLUME,False,,,,,,,,,,,,,,BELOW_MINIMUM_RELATIVE_VOLUME,False,,,,,,,,,,,,,
orb_v1.0,2024-09-13,478,REXR,BBG004MB82S9,0.6812231126107128,14,SHORT,False,BELOW_MINIMUM_RELATIVE_VOLUME,False,False,False,False,11537.0,16935.714285714286,1568876.5,1.0749999999999993,50.01,50.1,49.94,49.995,True,BELOW_MINIMUM_RELATIVE_VOLUME,False,,,,,,,,,,,,,,BELOW_MINIMUM_RELATIVE_VOLUME,False,,,,,,,,,,,,,,BELOW_MINIMUM_RELATIVE_VOLUME,False,,,,,,,,,,,,,
orb_v1.0,2024-09-13,479,BRK.B,BBG001S90346,0.67913009828735,14,LONG,False,BELOW_MINIMUM_RELATIVE_VOLUME,True,False,False,False,133129.0,196028.7142857143,4864062.714285715,8.574278571428579,451.58,452.4285,449.6,451.615,False,BELOW_MINIMUM_RELATIVE_VOLUME,False,,,,,,,,,,,,,,BELOW_MINIMUM_RELATIVE_VOLUME,False,,,,,,,,,,,,,,BELOW_MINIMUM_RELATIVE_VOLUME,False,,,,,,,,,,,,,
orb_v1.0,2024-09-13,480,CVS,BBG001S5QBD8,0.6780990591814382,14,SHORT,False,BELOW_MINIMUM_RELATIVE_VOLUME,True,False,False,False,143322.0,211358.5,8450048.357142856,1.571671428571429,57.56,57.57,57.11,57.11,True,BELOW_MINIMUM_RELATIVE_VOLUME,False,,,,,,,,,,,,,,BELOW_MINIMUM_RELATIVE_VOLUME,False,,,,,,,,,,,,,,BELOW_MINIMUM_RELATIVE_VOLUME,False,,,,,,,,,,,,,
orb_v1.0,2024-09-13,481,AFRM,BBG00Y7BP8Z0,0.6745076462685903,14,LONG,False,BELOW_MINIMUM_RELATIVE_VOLUME,False,True,False,False,528200.0,783089.7142857143,15335117.142857144,3.3010499999999996,42.39,43.55,42.39,43.51,True,BELOW_MINIMUM_RELATIVE_VOLUME,False,,,,,,,,,,,,,,BELOW_MINIMUM_RELATIVE_VOLUME,False,,,,,,,,,,,,,,BELOW_MINIMUM_RELATIVE_VOLUME,False,,,,,,,,,,,,,
orb_v1.0,2024-09-13,482,NUE,BBG001S5TRV0,0.6706291804634815,14,LONG,False,BELOW_MINIMUM_RELATIVE_VOLUME,True,False,False,False,20962.0,31257.214285714286,1348871.5714285714,3.9794857142857176,141.35,142.57,141.35,142.57,True,BELOW_MINIMUM_RELATIVE_VOLUME,False,,,,,,,,,,,,,,BELOW_MINIMUM_RELATIVE_VOLUME,False,,,,,,,,,,,,,,BELOW_MINIMUM_RELATIVE_VOLUME,False,,,,,,,,,,,,,
orb_v1.0,2024-09-13,483,APA,BBG00YTS96H1,0.6665433221487033,14,SHORT,False,BELOW_MINIMUM_RELATIVE_VOLUME,False,False,False,False,106277.0,159445.0,6871812.928571428,0.9855714285714282,23.98,23.98,23.85,23.87,True,BELOW_MINIMUM_RELATIVE_VOLUME,False,,,,,,,,,,,,,,BELOW_MINIMUM_RELATIVE_VOLUME,False,,,,,,,,,,,,,,BELOW_MINIMUM_RELATIVE_VOLUME,False,,,,,,,,,,,,,
orb_v1.0,2024-09-13,484,AMAT,BBG001S5NMM7,0.6656218991162,14,LONG,False,BELOW_MINIMUM_RELATIVE_VOLUME,True,False,False,False,147959.0,222286.85714285713,7336028.785714285,6.859735714285713,185.3,187.44,184.95,187.41,True,BELOW_MINIMUM_RELATIVE_VOLUME,False,,,,,,,,,,,,,,BELOW_MINIMUM_RELATIVE_VOLUME,False,,,,,,,,,,,,,,BELOW_MINIMUM_RELATIVE_VOLUME,False,,,,,,,,,,,,,
orb_v1.0,2024-09-13,485,DIS,BBG001S5QHF3,0.6638503741830399,14,LONG,False,BELOW_MINIMUM_RELATIVE_VOLUME,True,False,False,False,176070.0,265225.4285714286,7727356.928571428,1.3258285714285734,89.45,89.71,89.39,89.5447,True,BELOW_MINIMUM_RELATIVE_VOLUME,False,,,,,,,,,,,,,,BELOW_MINIMUM_RELATIVE_VOLUME,False,,,,,,,,,,,,,,BELOW_MINIMUM_RELATIVE_VOLUME,False,,,,,,,,,,,,,
orb_v1.0,2024-09-13,486,CNK,BBG001SS31W4,0.6634837532597595,14,LONG,False,BELOW_MINIMUM_RELATIVE_VOLUME,False,False,False,False,19118.0,28814.571428571428,2381753.3571428573,0.7749999999999998,28.75,28.9,28.6,28.885,True,BELOW_MINIMUM_RELATIVE_VOLUME,False,,,,,,,,,,,,,,BELOW_MINIMUM_RELATIVE_VOLUME,False,,,,,,,,,,,,,,BELOW_MINIMUM_RELATIVE_VOLUME,False,,,,,,,,,,,,,
orb_v1.0,2024-09-13,487,PLTR,BBG001T53796,0.6619511054215838,14,LONG,False,BELOW_MINIMUM_RELATIVE_VOLUME,True,False,False,False,2076380.0,3136757.3571428573,50495443.071428575,1.3729571428571437,34.97,35.46,34.89,35.455,True,BELOW_MINIMUM_RELATIVE_VOLUME,False,,,,,,,,,,,,,,BELOW_MINIMUM_RELATIVE_VOLUME,False,,,,,,,,,,,,,,BELOW_MINIMUM_RELATIVE_VOLUME,False,,,,,,,,,,,,,
orb_v1.0,2024-09-13,488,NOG,BBG001SK2P31,0.6588416412472867,14,LONG,False,BELOW_MINIMUM_RELATIVE_VOLUME,False,False,False,False,9843.0,14939.857142857143,1324426.857142857,1.1741428571428578,34.47,34.59,34.445,34.5168,True,BELOW_MINIMUM_RELATIVE_VOLUME,False,,,,,,,,,,,,,,BELOW_MINIMUM_RELATIVE_VOLUME,False,,,,,,,,,,,,,,BELOW_MINIMUM_RELATIVE_VOLUME,False,,,,,,,,,,,,,
orb_v1.0,2024-09-13,489,WAL,BBG001SLM522,0.6578178727855135,14,LONG,False,BELOW_MINIMUM_RELATIVE_VOLUME,False,False,False,False,17969.0,27316.071428571428,1160631.7142857143,2.7109428571428578,79.41,81.13,79.41,81.13,True,BELOW_MINIMUM_RELATIVE_VOLUME,False,,,,,,,,,,,,,,BELOW_MINIMUM_RELATIVE_VOLUME,False,,,,,,,,,,,,,,BELOW_MINIMUM_RELATIVE_VOLUME,False,,,,,,,,,,,,,
orb_v1.0,2024-09-13,490,MDLZ,BBG001SHHZJ3,0.65628472339136,14,SHORT,False,BELOW_MINIMUM_RELATIVE_VOLUME,True,False,False,False,116946.0,178194.0,5976133.785714285,1.165228571428573,74.42,74.5,74.27,74.29,True,BELOW_MINIMUM_RELATIVE_VOLUME,False,,,,,,,,,,,,,,BELOW_MINIMUM_RELATIVE_VOLUME,False,,,,,,,,,,,,,,BELOW_MINIMUM_RELATIVE_VOLUME,False,,,,,,,,,,,,,
orb_v1.0,2024-09-13,491,DJT,BBG011744HJ8,0.6550712227684139,14,LONG,False,BELOW_MINIMUM_RELATIVE_VOLUME,False,True,False,True,265131.0,404736.14285714284,7629983.357142857,1.5407214285714286,16.12,16.5393,16.06,16.495,True,BELOW_MINIMUM_RELATIVE_VOLUME,False,,,,,,,,,,,,,,BELOW_MINIMUM_RELATIVE_VOLUME,False,,,,,,,,,,,,,,BELOW_MINIMUM_RELATIVE_VOLUME,False,,,,,,,,,,,,,
orb_v1.0,2024-09-13,492,IRBT,BBG001SPB1K4,0.6544929083146392,14,SHORT,False,BELOW_MINIMUM_RELATIVE_VOLUME,True,False,False,False,20673.0,31586.285714285714,1000332.7857142857,0.5724071428571429,7.3,7.358,7.1609,7.25,True,BELOW_MINIMUM_RELATIVE_VOLUME,False,,,,,,,,,,,,,,BELOW_MINIMUM_RELATIVE_VOLUME,False,,,,,,,,,,,,,,BELOW_MINIMUM_RELATIVE_VOLUME,False,,,,,,,,,,,,,
orb_v1.0,2024-09-13,493,VEEV,BBG001TX0CB4,0.6535583922501936,14,SHORT,False,BELOW_MINIMUM_RELATIVE_VOLUME,True,False,False,False,26755.0,40937.42857142857,1125371.357142857,6.2900000000000045,220.31,221.12,219.62,219.96,True,BELOW_MINIMUM_RELATIVE_VOLUME,False,,,,,,,,,,,,,,BELOW_MINIMUM_RELATIVE_VOLUME,False,,,,,,,,,,,,,,BELOW_MINIMUM_RELATIVE_VOLUME,False,,,,,,,,,,,,,
orb_v1.0,2024-09-13,494,HSIC,BBG001S6S7F1,0.6506673622885961,14,LONG,False,BELOW_MINIMUM_RELATIVE_VOLUME,False,False,False,False,12828.0,19715.14285714286,1991333.2857142857,1.7518571428571426,68.57,68.91,68.455,68.81,True,BELOW_MINIMUM_RELATIVE_VOLUME,False,,,,,,,,,,,,,,BELOW_MINIMUM_RELATIVE_VOLUME,False,,,,,,,,,,,,,,BELOW_MINIMUM_RELATIVE_VOLUME,False,,,,,,,,,,,,,
orb_v1.0,2024-09-13,495,ADI,BBG001S5ND38,0.6498958884320303,14,LONG,False,BELOW_MINIMUM_RELATIVE_VOLUME,True,False,False,False,29049.0,44697.92857142857,3000317.5714285714,7.342428571428572,223.84,225.75,223.005,225.72,True,BELOW_MINIMUM_RELATIVE_VOLUME,False,,,,,,,,,,,,,,BELOW_MINIMUM_RELATIVE_VOLUME,False,,,,,,,,,,,,,,BELOW_MINIMUM_RELATIVE_VOLUME,False,,,,,,,,,,,,,
orb_v1.0,2024-09-13,496,SN,0001957132,0.6490066225165563,14,LONG,False,BELOW_MINIMUM_RELATIVE_VOLUME,False,False,False,False,18529.0,28549.785714285714,1543068.0714285714,3.294300000000003,101.76,101.94,101.58,101.81,True,BELOW_MINIMUM_RELATIVE_VOLUME,False,,,,,,,,,,,,,,BELOW_MINIMUM_RELATIVE_VOLUME,False,,,,,,,,,,,,,,BELOW_MINIMUM_RELATIVE_VOLUME,False,,,,,,,,,,,,,
orb_v1.0,2024-09-13,497,GH,BBG006D97VZ8,0.6479154417294518,14,LONG,False,BELOW_MINIMUM_RELATIVE_VOLUME,False,False,False,False,23692.0,36566.5,2482505.0714285714,1.3132142857142857,25.85,26.2405,25.85,26.19,True,BELOW_MINIMUM_RELATIVE_VOLUME,False,,,,,,,,,,,,,,BELOW_MINIMUM_RELATIVE_VOLUME,False,,,,,,,,,,,,,,BELOW_MINIMUM_RELATIVE_VOLUME,False,,,,,,,,,,,,,
orb_v1.0,2024-09-13,498,PBF,BBG002832HM6,0.6472754650688585,14,SHORT,False,BELOW_MINIMUM_RELATIVE_VOLUME,False,False,False,False,29476.0,45538.57142857143,2446621.9285714286,1.1188142857142866,31.87,31.87,31.56,31.67,False,BELOW_MINIMUM_RELATIVE_VOLUME,False,,,,,,,,,,,,,,BELOW_MINIMUM_RELATIVE_VOLUME,False,,,,,,,,,,,,,,BELOW_MINIMUM_RELATIVE_VOLUME,False,,,,,,,,,,,,,
orb_v1.0,2024-09-13,499,PCAR,BBG001S5V1S8,0.6466356001638672,14,SHORT,False,BELOW_MINIMUM_RELATIVE_VOLUME,True,False,False,False,25255.0,39056.0,2635298.285714286,2.035342857142859,95.41,95.44,94.94,95.04,True,BELOW_MINIMUM_RELATIVE_VOLUME,False,,,,,,,,,,,,,,BELOW_MINIMUM_RELATIVE_VOLUME,False,,,,,,,,,,,,,,BELOW_MINIMUM_RELATIVE_VOLUME,False,,,,,,,,,,,,,
orb_v1.0,2024-09-13,500,ZTS,BBG0039320P7,0.644229780088867,14,LONG,False,BELOW_MINIMUM_RELATIVE_VOLUME,True,False,False,False,27734.0,43049.857142857145,1740425.5714285714,3.3398571428571495,190.57,191.0899,190.135,190.72,True,BELOW_MINIMUM_RELATIVE_VOLUME,False,,,,,,,,,,,,,,BELOW_MINIMUM_RELATIVE_VOLUME,False,,,,,,,,,,,,,,BELOW_MINIMUM_RELATIVE_VOLUME,False,,,,,,,,,,,,,
orb_v1.0,2024-09-13,501,FWONK,BBG01HLMBDC5,0.640604923321532,14,SHORT,False,BELOW_MINIMUM_RELATIVE_VOLUME,True,False,False,False,4950.0,7727.071428571428,1061074.4285714286,1.2768000000000015,75.76,75.76,75.62,75.62,True,BELOW_MINIMUM_RELATIVE_VOLUME,False,,,,,,,,,,,,,,BELOW_MINIMUM_RELATIVE_VOLUME,False,,,,,,,,,,,,,,BELOW_MINIMUM_RELATIVE_VOLUME,False,,,,,,,,,,,,,
orb_v1.0,2024-09-13,502,AR,BBG001T61KH8,0.6398688003288104,14,LONG,False,BELOW_MINIMUM_RELATIVE_VOLUME,False,False,False,False,33805.0,52831.142857142855,3472232.5714285714,0.8433928571428569,26.91,26.98,26.85,26.945,True,BELOW_MINIMUM_RELATIVE_VOLUME,False,,,,,,,,,,,,,,BELOW_MINIMUM_RELATIVE_VOLUME,False,,,,,,,,,,,,,,BELOW_MINIMUM_RELATIVE_VOLUME,False,,,,,,,,,,,,,
orb_v1.0,2024-09-13,503,HPQ,BBG001S6W7N7,0.6395516967333167,14,LONG,False,BELOW_MINIMUM_RELATIVE_VOLUME,True,False,False,False,126976.0,198539.07142857142,8784160.214285715,0.9728499999999985,33.2,33.42,33.2,33.36,True,BELOW_MINIMUM_RELATIVE_VOLUME,False,,,,,,,,,,,,,,BELOW_MINIMUM_RELATIVE_VOLUME,False,,,,,,,,,,,,,,BELOW_MINIMUM_RELATIVE_VOLUME,False,,,,,,,,,,,,,
orb_v1.0,2024-09-13,504,ENB,BBG001S6Q6D7,0.6366565332771482,14,LONG,False,BELOW_MINIMUM_RELATIVE_VOLUME,True,False,False,False,72521.0,113909.14285714286,3319708.6428571427,0.5100428571428576,40.49,40.56,40.49,40.525,True,BELOW_MINIMUM_RELATIVE_VOLUME,False,,,,,,,,,,,,,,BELOW_MINIMUM_RELATIVE_VOLUME,False,,,,,,,,,,,,,,BELOW_MINIMUM_RELATIVE_VOLUME,False,,,,,,,,,,,,,
orb_v1.0,2024-09-13,505,NTAP,BBG001S8LYX5,0.6356693865545303,14,LONG,False,BELOW_MINIMUM_RELATIVE_VOLUME,True,False,False,False,29175.0,45896.5,2024153.4285714286,3.436392857142857,116.42,116.8,116.29,116.46,True,BELOW_MINIMUM_RELATIVE_VOLUME,False,,,,,,,,,,,,,,BELOW_MINIMUM_RELATIVE_VOLUME,False,,,,,,,,,,,,,,BELOW_MINIMUM_RELATIVE_VOLUME,False,,,,,,,,,,,,,
orb_v1.0,2024-09-13,506,VFC,BBG001S5X749,0.6352282390925208,14,LONG,False,BELOW_MINIMUM_RELATIVE_VOLUME,False,False,False,False,88143.0,138758.0,5979254.142857143,0.6644714285714285,17.47,17.76,17.47,17.66,True,BELOW_MINIMUM_RELATIVE_VOLUME,False,,,,,,,,,,,,,,BELOW_MINIMUM_RELATIVE_VOLUME,False,,,,,,,,,,,,,,BELOW_MINIMUM_RELATIVE_VOLUME,False,,,,,,,,,,,,,
orb_v1.0,2024-09-13,507,PSX,BBG00286S4P7,0.634982810481689,14,SHORT,False,BELOW_MINIMUM_RELATIVE_VOLUME,True,False,False,False,24895.0,39205.78571428572,2968848.4285714286,3.311707142857146,126.7,126.7,126.26,126.26,True,BELOW_MINIMUM_RELATIVE_VOLUME,False,,,,,,,,,,,,,,BELOW_MINIMUM_RELATIVE_VOLUME,False,,,,,,,,,,,,,,BELOW_MINIMUM_RELATIVE_VOLUME,False,,,,,,,,,,,,,
orb_v1.0,2024-09-13,508,AMH,BBG003NXJNJ4,0.6345488729273187,14,LONG,False,BELOW_MINIMUM_RELATIVE_VOLUME,False,False,False,False,25096.0,39549.357142857145,1991047.9285714286,0.6932285714285717,40.71,40.9,40.59,40.865,True,BELOW_MINIMUM_RELATIVE_VOLUME,False,,,,,,,,,,,,,,BELOW_MINIMUM_RELATIVE_VOLUME,False,,,,,,,,,,,,,,BELOW_MINIMUM_RELATIVE_VOLUME,False,,,,,,,,,,,,,
orb_v1.0,2024-09-13,509,OXY,BBG001S5TZG9,0.6335110973114422,14,SHORT,False,BELOW_MINIMUM_RELATIVE_VOLUME,True,False,False,False,355894.0,561780.2142857143,12069204.785714285,1.2475142857142865,51.2,51.21,51.09,51.11,True,BELOW_MINIMUM_RELATIVE_VOLUME,False,,,,,,,,,,,,,,BELOW_MINIMUM_RELATIVE_VOLUME,False,,,,,,,,,,,,,,BELOW_MINIMUM_RELATIVE_VOLUME,False,,,,,,,,,,,,,
orb_v1.0,2024-09-13,510,CCJ,BBG001S5Y5S6,0.6323800053698425,14,SHORT,False,BELOW_MINIMUM_RELATIVE_VOLUME,True,False,False,False,124831.0,197398.7142857143,4246746.571428572,1.7481714285714287,40.92,41.08,40.46,40.6,True,BELOW_MINIMUM_RELATIVE_VOLUME,False,,,,,,,,,,,,,,BELOW_MINIMUM_RELATIVE_VOLUME,False,,,,,,,,,,,,,,BELOW_MINIMUM_RELATIVE_VOLUME,False,,,,,,,,,,,,,
orb_v1.0,2024-09-13,511,GLPI,BBG003MSMCT5,0.6307466842976012,14,LONG,False,BELOW_MINIMUM_RELATIVE_VOLUME,False,False,False,False,14787.0,23443.64285714286,1250096.4285714286,0.812142857142856,51.76,51.885,51.68,51.81,True,BELOW_MINIMUM_RELATIVE_VOLUME,False,,,,,,,,,,,,,,BELOW_MINIMUM_RELATIVE_VOLUME,False,,,,,,,,,,,,,,BELOW_MINIMUM_RELATIVE_VOLUME,False,,,,,,,,,,,,,
orb_v1.0,2024-09-13,512,CP,BBG001S7F4Z8,0.6298513969202364,14,SHORT,False,BELOW_MINIMUM_RELATIVE_VOLUME,True,False,False,False,24562.0,38996.5,1761684.5,1.8225000000000011,87.13,87.19,86.73,86.84,True,BELOW_MINIMUM_RELATIVE_VOLUME,False,,,,,,,,,,,,,,BELOW_MINIMUM_RELATIVE_VOLUME,False,,,,,,,,,,,,,,BELOW_MINIMUM_RELATIVE_VOLUME,False,,,,,,,,,,,,,
orb_v1.0,2024-09-13,513,KHC,BBG005CPNTR1,0.6296796429991751,14,SHORT,False,BELOW_MINIMUM_RELATIVE_VOLUME,True,False,False,False,130965.0,207986.7142857143,6450807.857142857,0.5640000000000011,35.3,35.345,35.22,35.245,False,BELOW_MINIMUM_RELATIVE_VOLUME,False,,,,,,,,,,,,,,BELOW_MINIMUM_RELATIVE_VOLUME,False,,,,,,,,,,,,,,BELOW_MINIMUM_RELATIVE_VOLUME,False,,,,,,,,,,,,,
orb_v1.0,2024-09-13,514,TECK,BBG001S60LH8,0.6287974569992675,14,LONG,False,BELOW_MINIMUM_RELATIVE_VOLUME,True,False,False,False,42558.0,67681.57142857143,2506822.9285714286,1.475714285714286,46.6,46.65,46.27,46.62,True,BELOW_MINIMUM_RELATIVE_VOLUME,False,,,,,,,,,,,,,,BELOW_MINIMUM_RELATIVE_VOLUME,False,,,,,,,,,,,,,,BELOW_MINIMUM_RELATIVE_VOLUME,False,,,,,,,,,,,,,
orb_v1.0,2024-09-13,515,NEOG,BBG001S67B47,0.6282640408460978,14,SHORT,False,BELOW_MINIMUM_RELATIVE_VOLUME,False,False,False,False,14766.0,23502.85714285714,1427041.2142857143,0.6420714285714285,15.81,15.87,15.7,15.79,True,BELOW_MINIMUM_RELATIVE_VOLUME,False,,,,,,,,,,,,,,BELOW_MINIMUM_RELATIVE_VOLUME,False,,,,,,,,,,,,,,BELOW_MINIMUM_RELATIVE_VOLUME,False,,,,,,,,,,,,,
orb_v1.0,2024-09-13,516,AMGN,BBG001S5NNL6,0.6274738941184038,14,LONG,False,BELOW_MINIMUM_RELATIVE_VOLUME,True,False,False,False,25083.0,39974.57142857143,1734133.5714285714,6.305271428571424,327.96,329.82,327.15,329.82,True,BELOW_MINIMUM_RELATIVE_VOLUME,False,,,,,,,,,,,,,,BELOW_MINIMUM_RELATIVE_VOLUME,False,,,,,,,,,,,,,,BELOW_MINIMUM_RELATIVE_VOLUME,False,,,,,,,,,,,,,
orb_v1.0,2024-09-13,517,RBLX,BBG001V1Y6Z1,0.6272808505150567,14,LONG,False,BELOW_MINIMUM_RELATIVE_VOLUME,True,False,False,False,87901.0,140130.2142857143,5038505.0,1.297499999999999,45.44,45.77,45.28,45.74,True,BELOW_MINIMUM_RELATIVE_VOLUME,False,,,,,,,,,,,,,,BELOW_MINIMUM_RELATIVE_VOLUME,False,,,,,,,,,,,,,,BELOW_MINIMUM_RELATIVE_VOLUME,False,,,,,,,,,,,,,
orb_v1.0,2024-09-13,518,CI,BBG00KXRCDQ9,0.6263119130915117,14,LONG,False,BELOW_MINIMUM_RELATIVE_VOLUME,True,False,False,False,13606.0,21724.0,1323870.2142857143,6.898942857142856,362.17,364.15,360.765,362.63,True,BELOW_MINIMUM_RELATIVE_VOLUME,False,,,,,,,,,,,,,,BELOW_MINIMUM_RELATIVE_VOLUME,False,,,,,,,,,,,,,,BELOW_MINIMUM_RELATIVE_VOLUME,False,,,,,,,,,,,,,
orb_v1.0,2024-09-13,519,COR,BBG001S8X7P0,0.623535030967146,14,DOJI,False,BELOW_MINIMUM_RELATIVE_VOLUME,True,False,False,False,11283.0,18095.214285714286,1368698.2142857143,4.524642857142863,237.65,237.65,236.88,237.65,False,BELOW_MINIMUM_RELATIVE_VOLUME,False,,,,,,,,,,,,,,BELOW_MINIMUM_RELATIVE_VOLUME,False,,,,,,,,,,,,,,BELOW_MINIMUM_RELATIVE_VOLUME,False,,,,,,,,,,,,,
orb_v1.0,2024-09-13,520,VSTS,BBG001SGVMS8,0.6233164622115467,14,LONG,False,BELOW_MINIMUM_RELATIVE_VOLUME,False,False,False,False,10899.0,17485.5,2642618.714285714,0.617357142857143,14.92,14.97,14.83,14.93,True,BELOW_MINIMUM_RELATIVE_VOLUME,False,,,,,,,,,,,,,,BELOW_MINIMUM_RELATIVE_VOLUME,False,,,,,,,,,,,,,,BELOW_MINIMUM_RELATIVE_VOLUME,False,,,,,,,,,,,,,
orb_v1.0,2024-09-13,521,CPRT,BBG001S7MTB1,0.6229343989569173,14,LONG,False,BELOW_MINIMUM_RELATIVE_VOLUME,True,False,False,False,84223.0,135203.64285714287,5168455.928571428,1.2050714285714288,49.64,49.75,49.5,49.74,True,BELOW_MINIMUM_RELATIVE_VOLUME,False,,,,,,,,,,,,,,BELOW_MINIMUM_RELATIVE_VOLUME,False,,,,,,,,,,,,,,BELOW_MINIMUM_RELATIVE_VOLUME,False,,,,,,,,,,,,,
orb_v1.0,2024-09-13,522,AIG,BBG001S5NJG1,0.6213959111447309,14,LONG,False,BELOW_MINIMUM_RELATIVE_VOLUME,True,False,False,False,26287.0,42303.142857142855,3723360.5714285714,1.6439285714285694,73.49,73.82,73.49,73.71,False,BELOW_MINIMUM_RELATIVE_VOLUME,False,,,,,,,,,,,,,,BELOW_MINIMUM_RELATIVE_VOLUME,False,,,,,,,,,,,,,,BELOW_MINIMUM_RELATIVE_VOLUME,False,,,,,,,,,,,,,
orb_v1.0,2024-09-13,523,UNH,BBG001S6WCJ1,0.6209414797728198,14,SHORT,False,BELOW_MINIMUM_RELATIVE_VOLUME,True,False,False,False,54915.0,88438.28571428571,2623564.1428571427,11.22779285714287,591.08,592.185,588.69,590.37,True,BELOW_MINIMUM_RELATIVE_VOLUME,False,,,,,,,,,,,,,,BELOW_MINIMUM_RELATIVE_VOLUME,False,,,,,,,,,,,,,,BELOW_MINIMUM_RELATIVE_VOLUME,False,,,,,,,,,,,,,
orb_v1.0,2024-09-13,524,QCOM,BBG001S6VS70,0.6201948530434811,14,LONG,False,BELOW_MINIMUM_RELATIVE_VOLUME,True,False,False,False,122582.0,197650.7857142857,8236699.357142857,6.1110071428571455,165.81,166.77,165.44,166.75,True,BELOW_MINIMUM_RELATIVE_VOLUME,False,,,,,,,,,,,,,,BELOW_MINIMUM_RELATIVE_VOLUME,False,,,,,,,,,,,,,,BELOW_MINIMUM_RELATIVE_VOLUME,False,,,,,,,,,,,,,
orb_v1.0,2024-09-13,525,MSFT,BBG001S5TD05,0.6192384102377585,14,LONG,False,BELOW_MINIMUM_RELATIVE_VOLUME,True,False,False,False,425156.0,686578.8571428572,17300378.85714286,8.417792857142858,425.825,427.19,425.46,426.6,True,BELOW_MINIMUM_RELATIVE_VOLUME,False,,,,,,,,,,,,,,BELOW_MINIMUM_RELATIVE_VOLUME,False,,,,,,,,,,,,,,BELOW_MINIMUM_RELATIVE_VOLUME,False,,,,,,,,,,,,,
orb_v1.0,2024-09-13,526,FYBR,BBG010MVVVX6,0.6178201119415306,14,LONG,False,BELOW_MINIMUM_RELATIVE_VOLUME,False,False,False,False,105581.0,170892.7857142857,6338982.214285715,1.7263571428571427,35.62,35.75,35.62,35.69,True,BELOW_MINIMUM_RELATIVE_VOLUME,False,,,,,,,,,,,,,,BELOW_MINIMUM_RELATIVE_VOLUME,False,,,,,,,,,,,,,,BELOW_MINIMUM_RELATIVE_VOLUME,False,,,,,,,,,,,,,
orb_v1.0,2024-09-13,527,EAT,BBG001S5RFV8,0.6176141468819422,14,LONG,False,BELOW_MINIMUM_RELATIVE_VOLUME,False,False,False,False,8003.0,12957.92857142857,1277835.857142857,2.6299214285714307,70.2,70.49,69.875,70.49,True,BELOW_MINIMUM_RELATIVE_VOLUME,False,,,,,,,,,,,,,,BELOW_MINIMUM_RELATIVE_VOLUME,False,,,,,,,,,,,,,,BELOW_MINIMUM_RELATIVE_VOLUME,False,,,,,,,,,,,,,
orb_v1.0,2024-09-13,528,SBLK,0001386716,0.616859619012691,14,LONG,False,BELOW_MINIMUM_RELATIVE_VOLUME,False,False,False,False,64156.0,104004.21428571429,2213786.785714286,0.6213285714285713,20.77,20.89,20.76,20.87,True,BELOW_MINIMUM_RELATIVE_VOLUME,False,,,,,,,,,,,,,,BELOW_MINIMUM_RELATIVE_VOLUME,False,,,,,,,,,,,,,,BELOW_MINIMUM_RELATIVE_VOLUME,False,,,,,,,,,,,,,
orb_v1.0,2024-09-13,529,GEN,BBG001S5QG38,0.6161302681289995,14,LONG,False,BELOW_MINIMUM_RELATIVE_VOLUME,True,False,False,False,24008.0,38965.78571428572,3056881.285714286,0.5432142857142855,26.42,26.48,26.39,26.45,False,BELOW_MINIMUM_RELATIVE_VOLUME,False,,,,,,,,,,,,,,BELOW_MINIMUM_RELATIVE_VOLUME,False,,,,,,,,,,,,,,BELOW_MINIMUM_RELATIVE_VOLUME,False,,,,,,,,,,,,,
orb_v1.0,2024-09-13,530,DG,BBG001T5BM30,0.6159358212371598,14,LONG,False,BELOW_MINIMUM_RELATIVE_VOLUME,True,False,False,False,168757.0,273984.71428571426,9394785.714285715,5.564092857142859,84.67,85.3799,84.0,85.159,True,BELOW_MINIMUM_RELATIVE_VOLUME,False,,,,,,,,,,,,,,BELOW_MINIMUM_RELATIVE_VOLUME,False,,,,,,,,,,,,,,BELOW_MINIMUM_RELATIVE_VOLUME,False,,,,,,,,,,,,,
orb_v1.0,2024-09-13,531,AXTA,0001616862,0.6153377225067056,14,LONG,False,BELOW_MINIMUM_RELATIVE_VOLUME,False,False,False,False,5768.0,9373.714285714286,1642479.357142857,0.683214285714285,34.61,34.84,34.61,34.79,True,BELOW_MINIMUM_RELATIVE_VOLUME,False,,,,,,,,,,,,,,BELOW_MINIMUM_RELATIVE_VOLUME,False,,,,,,,,,,,,,,BELOW_MINIMUM_RELATIVE_VOLUME,False,,,,,,,,,,,,,
orb_v1.0,2024-09-13,532,PPC,BBG001S5PSN1,0.6142471511879495,14,LONG,False,BELOW_MINIMUM_RELATIVE_VOLUME,False,False,False,False,10646.0,17331.785714285714,1014354.0714285715,1.1958571428571427,41.36,41.6,41.285,41.48,False,BELOW_MINIMUM_RELATIVE_VOLUME,False,,,,,,,,,,,,,,BELOW_MINIMUM_RELATIVE_VOLUME,False,,,,,,,,,,,,,,BELOW_MINIMUM_RELATIVE_VOLUME,False,,,,,,,,,,,,,
orb_v1.0,2024-09-13,533,CRI,BBG001SCJ3Q5,0.6140658080182549,14,LONG,False,BELOW_MINIMUM_RELATIVE_VOLUME,False,False,False,False,7189.0,11707.214285714286,1202520.5714285714,1.9307071428571436,70.43,70.73,70.43,70.73,True,BELOW_MINIMUM_RELATIVE_VOLUME,False,,,,,,,,,,,,,,BELOW_MINIMUM_RELATIVE_VOLUME,False,,,,,,,,,,,,,,BELOW_MINIMUM_RELATIVE_VOLUME,False,,,,,,,,,,,,,
orb_v1.0,2024-09-13,534,CERT,BBG00Y7BR4L2,0.6135340192680331,14,LONG,False,BELOW_MINIMUM_RELATIVE_VOLUME,False,False,False,False,6423.0,10468.857142857143,1540734.7142857143,0.5316071428571425,10.87,10.98,10.76,10.93,True,BELOW_MINIMUM_RELATIVE_VOLUME,False,,,,,,,,,,,,,,BELOW_MINIMUM_RELATIVE_VOLUME,False,,,,,,,,,,,,,,BELOW_MINIMUM_RELATIVE_VOLUME,False,,,,,,,,,,,,,
orb_v1.0,2024-09-13,535,TJX,BBG001S5WQ93,0.6121431807884006,14,SHORT,False,BELOW_MINIMUM_RELATIVE_VOLUME,True,False,False,False,64269.0,104990.14285714286,4832081.142857143,1.719614285714288,118.81,119.109,118.635,118.655,True,BELOW_MINIMUM_RELATIVE_VOLUME,False,,,,,,,,,,,,,,BELOW_MINIMUM_RELATIVE_VOLUME,False,,,,,,,,,,,,,,BELOW_MINIMUM_RELATIVE_VOLUME,False,,,,,,,,,,,,,
orb_v1.0,2024-09-13,536,KNX,BBG001T9BTS0,0.6079512075282255,14,SHORT,False,BELOW_MINIMUM_RELATIVE_VOLUME,False,False,False,False,8131.0,13374.42857142857,1670260.142857143,1.4975000000000007,52.43,52.57,52.17,52.18,False,BELOW_MINIMUM_RELATIVE_VOLUME,False,,,,,,,,,,,,,,BELOW_MINIMUM_RELATIVE_VOLUME,False,,,,,,,,,,,,,,BELOW_MINIMUM_RELATIVE_VOLUME,False,,,,,,,,,,,,,
orb_v1.0,2024-09-13,537,MARA,BBG001V0L7T2,0.6045089260010765,14,LONG,False,BELOW_MINIMUM_RELATIVE_VOLUME,False,True,False,False,782201.0,1293944.5,32147907.214285713,1.2632928571428574,15.85,16.02,15.74,15.88,True,BELOW_MINIMUM_RELATIVE_VOLUME,False,,,,,,,,,,,,,,BELOW_MINIMUM_RELATIVE_VOLUME,False,,,,,,,,,,,,,,BELOW_MINIMUM_RELATIVE_VOLUME,False,,,,,,,,,,,,,
orb_v1.0,2024-09-13,538,BKSY,BBG00QRY6P42,0.6036701855721884,14,LONG,False,BELOW_MINIMUM_RELATIVE_VOLUME,False,False,False,False,28845.0,47782.71428571428,1154633.142857143,0.7275785714285715,6.17,6.2,6.14,6.19,True,BELOW_MINIMUM_RELATIVE_VOLUME,False,,,,,,,,,,,,,,BELOW_MINIMUM_RELATIVE_VOLUME,False,,,,,,,,,,,,,,BELOW_MINIMUM_RELATIVE_VOLUME,False,,,,,,,,,,,,,
orb_v1.0,2024-09-13,539,VRNT,BBG001S6V8N6,0.6018417963017317,14,LONG,False,BELOW_MINIMUM_RELATIVE_VOLUME,False,False,False,False,11717.0,19468.571428571428,1042701.2142857143,1.1372285714285717,25.27,25.485,25.27,25.335,True,BELOW_MINIMUM_RELATIVE_VOLUME,False,,,,,,,,,,,,,,BELOW_MINIMUM_RELATIVE_VOLUME,False,,,,,,,,,,,,,,BELOW_MINIMUM_RELATIVE_VOLUME,False,,,,,,,,,,,,,
orb_v1.0,2024-09-13,540,NVDA,BBG001S5TZJ6,0.6017467802369554,14,SHORT,False,BELOW_MINIMUM_RELATIVE_VOLUME,True,False,False,False,9020792.0,14991010.0,365288455.85714287,6.704285714285715,119.08,119.46,118.35,119.075,True,BELOW_MINIMUM_RELATIVE_VOLUME,False,,,,,,,,,,,,,,BELOW_MINIMUM_RELATIVE_VOLUME,False,,,,,,,,,,,,,,BELOW_MINIMUM_RELATIVE_VOLUME,False,,,,,,,,,,,,,
orb_v1.0,2024-09-13,541,AMKR,BBG001S64YF8,0.6016991504247876,14,LONG,False,BELOW_MINIMUM_RELATIVE_VOLUME,False,False,False,False,11696.0,19438.285714285714,1223709.142857143,1.237728571428571,30.25,30.34,30.17,30.34,True,BELOW_MINIMUM_RELATIVE_VOLUME,False,,,,,,,,,,,,,,BELOW_MINIMUM_RELATIVE_VOLUME,False,,,,,,,,,,,,,,BELOW_MINIMUM_RELATIVE_VOLUME,False,,,,,,,,,,,,,
orb_v1.0,2024-09-13,542,BOX,BBG001T5R852,0.6008467306787681,14,LONG,False,BELOW_MINIMUM_RELATIVE_VOLUME,False,False,False,False,94611.0,157462.7857142857,3365342.714285714,0.916071428571429,32.99,33.25,32.945,33.25,True,BELOW_MINIMUM_RELATIVE_VOLUME,False,,,,,,,,,,,,,,BELOW_MINIMUM_RELATIVE_VOLUME,False,,,,,,,,,,,,,,BELOW_MINIMUM_RELATIVE_VOLUME,False,,,,,,,,,,,,,
orb_v1.0,2024-09-13,543,FLUT,0001635327,0.6001303710747071,14,SHORT,False,BELOW_MINIMUM_RELATIVE_VOLUME,True,False,False,False,23082.0,38461.642857142855,2279322.214285714,4.8539285714285745,219.0,219.075,218.39,218.89,False,BELOW_MINIMUM_RELATIVE_VOLUME,False,,,,,,,,,,,,,,BELOW_MINIMUM_RELATIVE_VOLUME,False,,,,,,,,,,,,,,BELOW_MINIMUM_RELATIVE_VOLUME,False,,,,,,,,,,,,,
orb_v1.0,2024-09-13,544,PD,BBG0043BYPD6,0.5995332956694751,14,LONG,False,BELOW_MINIMUM_RELATIVE_VOLUME,False,False,False,False,17434.0,29079.285714285714,1238863.357142857,0.8071428571428572,17.53,17.62,17.4395,17.6,True,BELOW_MINIMUM_RELATIVE_VOLUME,False,,,,,,,,,,,,,,BELOW_MINIMUM_RELATIVE_VOLUME,False,,,,,,,,,,,,,,BELOW_MINIMUM_RELATIVE_VOLUME,False,,,,,,,,,,,,,
orb_v1.0,2024-09-13,545,UDR,BBG001S6KCT3,0.5994405979182906,14,LONG,False,BELOW_MINIMUM_RELATIVE_VOLUME,True,False,False,False,14007.0,23366.785714285714,2422115.5,0.8071428571428575,46.81,46.9725,46.71,46.91,True,BELOW_MINIMUM_RELATIVE_VOLUME,False,,,,,,,,,,,,,,BELOW_MINIMUM_RELATIVE_VOLUME,False,,,,,,,,,,,,,,BELOW_MINIMUM_RELATIVE_VOLUME,False,,,,,,,,,,,,,
orb_v1.0,2024-09-13,546,EL,BBG001S8L5H6,0.5991240489579888,14,DOJI,False,BELOW_MINIMUM_RELATIVE_VOLUME,True,False,False,False,48513.0,80973.21428571429,3465830.6428571427,2.6091214285714273,84.29,84.54,84.015,84.29,False,BELOW_MINIMUM_RELATIVE_VOLUME,False,,,,,,,,,,,,,,BELOW_MINIMUM_RELATIVE_VOLUME,False,,,,,,,,,,,,,,BELOW_MINIMUM_RELATIVE_VOLUME,False,,,,,,,,,,,,,
orb_v1.0,2024-09-13,547,CB,0000896159,0.5968253436278556,14,LONG,False,BELOW_MINIMUM_RELATIVE_VOLUME,True,False,False,False,20352.0,34100.42857142857,1535735.2142857143,4.942128571428567,288.15,288.56,287.905,288.28,True,BELOW_MINIMUM_RELATIVE_VOLUME,False,,,,,,,,,,,,,,BELOW_MINIMUM_RELATIVE_VOLUME,False,,,,,,,,,,,,,,BELOW_MINIMUM_RELATIVE_VOLUME,False,,,,,,,,,,,,,
orb_v1.0,2024-09-13,548,EQH,BBG00J7CBWL8,0.5954796962840195,14,LONG,False,BELOW_MINIMUM_RELATIVE_VOLUME,False,False,False,False,11523.0,19350.785714285714,1972344.642857143,0.958557142857142,39.53,39.95,39.505,39.88,True,BELOW_MINIMUM_RELATIVE_VOLUME,False,,,,,,,,,,,,,,BELOW_MINIMUM_RELATIVE_VOLUME,False,,,,,,,,,,,,,,BELOW_MINIMUM_RELATIVE_VOLUME,False,,,,,,,,,,,,,
orb_v1.0,2024-09-13,549,HIG,BBG001S8PXF3,0.5943516206959202,14,SHORT,False,BELOW_MINIMUM_RELATIVE_VOLUME,True,False,False,False,12618.0,21229.85714285714,1470780.2142857143,1.9806071428571437,115.6,115.6,115.0,115.12,True,BELOW_MINIMUM_RELATIVE_VOLUME,False,,,,,,,,,,,,,,BELOW_MINIMUM_RELATIVE_VOLUME,False,,,,,,,,,,,,,,BELOW_MINIMUM_RELATIVE_VOLUME,False,,,,,,,,,,,,,
orb_v1.0,2024-09-13,550,NDAQ,BBG001SKTBJ6,0.5923901607944206,14,LONG,False,BELOW_MINIMUM_RELATIVE_VOLUME,True,False,False,False,33181.0,56012.07142857143,2341995.285714286,1.2466428571428574,72.42,72.515,72.23,72.44,True,BELOW_MINIMUM_RELATIVE_VOLUME,False,,,,,,,,,,,,,,BELOW_MINIMUM_RELATIVE_VOLUME,False,,,,,,,,,,,,,,BELOW_MINIMUM_RELATIVE_VOLUME,False,,,,,,,,,,,,,
orb_v1.0,2024-09-13,551,ES,BBG001S5TRL1,0.5865375143654572,14,SHORT,False,BELOW_MINIMUM_RELATIVE_VOLUME,True,False,False,False,17863.0,30455.0,1710235.357142857,1.0003499999999994,67.58,67.62,67.37,67.51,False,BELOW_MINIMUM_RELATIVE_VOLUME,False,,,,,,,,,,,,,,BELOW_MINIMUM_RELATIVE_VOLUME,False,,,,,,,,,,,,,,BELOW_MINIMUM_RELATIVE_VOLUME,False,,,,,,,,,,,,,
orb_v1.0,2024-09-13,552,CRK,BBG001S8FX55,0.5860103967466487,14,LONG,False,BELOW_MINIMUM_RELATIVE_VOLUME,False,False,False,False,26113.0,44560.642857142855,2873121.714285714,0.5559071428571425,9.91,9.94,9.88,9.94,True,BELOW_MINIMUM_RELATIVE_VOLUME,False,,,,,,,,,,,,,,BELOW_MINIMUM_RELATIVE_VOLUME,False,,,,,,,,,,,,,,BELOW_MINIMUM_RELATIVE_VOLUME,False,,,,,,,,,,,,,
orb_v1.0,2024-09-13,553,COIN,BBG00ZGF7799,0.5857630481706417,14,LONG,False,BELOW_MINIMUM_RELATIVE_VOLUME,True,False,False,False,156041.0,266389.28571428574,7029097.714285715,10.67213571428572,162.24,164.0,162.1815,163.2,True,BELOW_MINIMUM_RELATIVE_VOLUME,False,,,,,,,,,,,,,,BELOW_MINIMUM_RELATIVE_VOLUME,False,,,,,,,,,,,,,,BELOW_MINIMUM_RELATIVE_VOLUME,False,,,,,,,,,,,,,
orb_v1.0,2024-09-13,554,BSX,BBG001S63L94,0.5836156988789281,14,SHORT,False,BELOW_MINIMUM_RELATIVE_VOLUME,True,False,False,False,79661.0,136495.64285714287,4690224.071428572,1.2273571428571393,83.8,83.94,83.54,83.75,True,BELOW_MINIMUM_RELATIVE_VOLUME,False,,,,,,,,,,,,,,BELOW_MINIMUM_RELATIVE_VOLUME,False,,,,,,,,,,,,,,BELOW_MINIMUM_RELATIVE_VOLUME,False,,,,,,,,,,,,,
orb_v1.0,2024-09-13,555,OVV,BBG00R2NHQ74,0.5836006763131064,14,LONG,False,BELOW_MINIMUM_RELATIVE_VOLUME,False,False,False,False,29561.0,50652.78571428572,2876266.285714286,1.2025000000000006,38.86,39.0,38.8,38.98,True,BELOW_MINIMUM_RELATIVE_VOLUME,False,,,,,,,,,,,,,,BELOW_MINIMUM_RELATIVE_VOLUME,False,,,,,,,,,,,,,,BELOW_MINIMUM_RELATIVE_VOLUME,False,,,,,,,,,,,,,
orb_v1.0,2024-09-13,556,PGNY,BBG002H1K1K7,0.5835401174092066,14,LONG,False,BELOW_MINIMUM_RELATIVE_VOLUME,False,False,False,False,10700.0,18336.35714285714,1500438.9285714286,0.8669214285714286,23.57,23.85,23.37,23.5814,True,BELOW_MINIMUM_RELATIVE_VOLUME,False,,,,,,,,,,,,,,BELOW_MINIMUM_RELATIVE_VOLUME,False,,,,,,,,,,,,,,BELOW_MINIMUM_RELATIVE_VOLUME,False,,,,,,,,,,,,,
orb_v1.0,2024-09-13,557,SMAR,BBG00GQK3WC4,0.5825010918619887,14,SHORT,False,BELOW_MINIMUM_RELATIVE_VOLUME,False,False,False,False,24293.0,41704.642857142855,1771013.357142857,1.8628357142857144,50.59,50.59,49.98,50.29,False,BELOW_MINIMUM_RELATIVE_VOLUME,False,,,,,,,,,,,,,,BELOW_MINIMUM_RELATIVE_VOLUME,False,,,,,,,,,,,,,,BELOW_MINIMUM_RELATIVE_VOLUME,False,,,,,,,,,,,,,
orb_v1.0,2024-09-13,558,FIVN,BBG001V0P7K7,0.5816142902002464,14,LONG,False,BELOW_MINIMUM_RELATIVE_VOLUME,False,False,False,False,13759.0,23656.571428571428,1905132.5714285714,1.2260714285714283,27.98,28.07,27.8602,28.07,True,BELOW_MINIMUM_RELATIVE_VOLUME,False,,,,,,,,,,,,,,BELOW_MINIMUM_RELATIVE_VOLUME,False,,,,,,,,,,,,,,BELOW_MINIMUM_RELATIVE_VOLUME,False,,,,,,,,,,,,,
orb_v1.0,2024-09-13,559,TER,BBG001S5WMZ3,0.578394455981804,14,LONG,False,BELOW_MINIMUM_RELATIVE_VOLUME,True,False,False,False,10862.0,18779.571428571428,1714059.2142857143,5.561428571428573,129.17,130.925,128.835,130.925,True,BELOW_MINIMUM_RELATIVE_VOLUME,False,,,,,,,,,,,,,,BELOW_MINIMUM_RELATIVE_VOLUME,False,,,,,,,,,,,,,,BELOW_MINIMUM_RELATIVE_VOLUME,False,,,,,,,,,,,,,
orb_v1.0,2024-09-13,560,MET,BBG001S5T3R8,0.578250825391184,14,LONG,False,BELOW_MINIMUM_RELATIVE_VOLUME,True,False,False,False,30913.0,53459.5,2971328.285714286,1.5189285714285725,75.75,76.2,75.71,76.14,True,BELOW_MINIMUM_RELATIVE_VOLUME,False,,,,,,,,,,,,,,BELOW_MINIMUM_RELATIVE_VOLUME,False,,,,,,,,,,,,,,BELOW_MINIMUM_RELATIVE_VOLUME,False,,,,,,,,,,,,,
orb_v1.0,2024-09-13,561,CENX,BBG001S766G4,0.5752723717292113,14,LONG,False,BELOW_MINIMUM_RELATIVE_VOLUME,False,False,False,False,17651.0,30682.85714285714,1028771.2857142857,0.7849142857142857,13.39,13.47,13.25,13.4201,True,BELOW_MINIMUM_RELATIVE_VOLUME,False,,,,,,,,,,,,,,BELOW_MINIMUM_RELATIVE_VOLUME,False,,,,,,,,,,,,,,BELOW_MINIMUM_RELATIVE_VOLUME,False,,,,,,,,,,,,,
orb_v1.0,2024-09-13,562,CVX,BBG001S67ZC5,0.5732211848081569,14,LONG,False,BELOW_MINIMUM_RELATIVE_VOLUME,True,False,False,False,144829.0,252658.14285714287,7242524.428571428,2.9616928571428622,139.87,140.154,139.76,140.025,True,BELOW_MINIMUM_RELATIVE_VOLUME,False,,,,,,,,,,,,,,BELOW_MINIMUM_RELATIVE_VOLUME,False,,,,,,,,,,,,,,BELOW_MINIMUM_RELATIVE_VOLUME,False,,,,,,,,,,,,,
orb_v1.0,2024-09-13,563,IPG,BBG001S6RLK5,0.5687887742957272,14,LONG,False,BELOW_MINIMUM_RELATIVE_VOLUME,False,False,False,False,43045.0,75678.35714285714,3397155.285714286,0.7517071428571425,30.65,30.8781,30.54,30.81,True,BELOW_MINIMUM_RELATIVE_VOLUME,False,,,,,,,,,,,,,,BELOW_MINIMUM_RELATIVE_VOLUME,False,,,,,,,,,,,,,,BELOW_MINIMUM_RELATIVE_VOLUME,False,,,,,,,,,,,,,
orb_v1.0,2024-09-13,564,NU,0001691493,0.5683976144882118,14,SHORT,False,BELOW_MINIMUM_RELATIVE_VOLUME,True,False,False,False,682455.0,1200664.7857142857,75060565.42857143,0.5276642857142855,14.56,14.62,14.49,14.535,True,BELOW_MINIMUM_RELATIVE_VOLUME,False,,,,,,,,,,,,,,BELOW_MINIMUM_RELATIVE_VOLUME,False,,,,,,,,,,,,,,BELOW_MINIMUM_RELATIVE_VOLUME,False,,,,,,,,,,,,,
orb_v1.0,2024-09-13,565,CAH,BBG001S7PC34,0.5681003809547758,14,DOJI,False,BELOW_MINIMUM_RELATIVE_VOLUME,True,False,False,False,12910.0,22724.85714285714,1910101.142857143,1.9211714285714276,112.5,112.54,112.04,112.5,False,BELOW_MINIMUM_RELATIVE_VOLUME,False,,,,,,,,,,,,,,BELOW_MINIMUM_RELATIVE_VOLUME,False,,,,,,,,,,,,,,BELOW_MINIMUM_RELATIVE_VOLUME,False,,,,,,,,,,,,,
orb_v1.0,2024-09-13,566,MSTR,BBG001SC7PX1,0.5673759274181343,14,LONG,False,BELOW_MINIMUM_RELATIVE_VOLUME,False,True,False,False,196802.0,346863.5,9132324.857142856,9.273314285714283,131.1,132.0,130.8801,131.25,True,BELOW_MINIMUM_RELATIVE_VOLUME,False,,,,,,,,,,,,,,BELOW_MINIMUM_RELATIVE_VOLUME,False,,,,,,,,,,,,,,BELOW_MINIMUM_RELATIVE_VOLUME,False,,,,,,,,,,,,,
orb_v1.0,2024-09-13,567,ALLY,BBG001S5RLN4,0.5668966087344465,14,LONG,False,BELOW_MINIMUM_RELATIVE_VOLUME,False,False,False,False,95029.0,167630.2142857143,5626334.571428572,1.6142785714285708,33.0,33.39,33.0,33.39,True,BELOW_MINIMUM_RELATIVE_VOLUME,False,,,,,,,,,,,,,,BELOW_MINIMUM_RELATIVE_VOLUME,False,,,,,,,,,,,,,,BELOW_MINIMUM_RELATIVE_VOLUME,False,,,,,,,,,,,,,
orb_v1.0,2024-09-13,568,STZ,BBG001SD31G5,0.5661711196590082,14,LONG,False,BELOW_MINIMUM_RELATIVE_VOLUME,True,False,False,False,11281.0,19925.071428571428,1170324.2857142857,4.537085714285709,252.34,252.775,251.995,252.385,True,BELOW_MINIMUM_RELATIVE_VOLUME,False,,,,,,,,,,,,,,BELOW_MINIMUM_RELATIVE_VOLUME,False,,,,,,,,,,,,,,BELOW_MINIMUM_RELATIVE_VOLUME,False,,,,,,,,,,,,,
orb_v1.0,2024-09-13,569,TEAM,BBG01BGWHFS4,0.5655151778318634,14,LONG,False,BELOW_MINIMUM_RELATIVE_VOLUME,True,False,False,False,22140.0,39150.142857142855,1499407.2142857143,4.705707142857142,165.78,166.35,165.66,166.23,True,BELOW_MINIMUM_RELATIVE_VOLUME,False,,,,,,,,,,,,,,BELOW_MINIMUM_RELATIVE_VOLUME,False,,,,,,,,,,,,,,BELOW_MINIMUM_RELATIVE_VOLUME,False,,,,,,,,,,,,,
orb_v1.0,2024-09-13,570,UBS,0001610520,0.5636140269939367,14,LONG,False,BELOW_MINIMUM_RELATIVE_VOLUME,True,False,False,False,38570.0,68433.35714285714,1752460.9285714286,0.5142785714285711,29.38,29.44,29.38,29.44,True,BELOW_MINIMUM_RELATIVE_VOLUME,False,,,,,,,,,,,,,,BELOW_MINIMUM_RELATIVE_VOLUME,False,,,,,,,,,,,,,,BELOW_MINIMUM_RELATIVE_VOLUME,False,,,,,,,,,,,,,
orb_v1.0,2024-09-13,571,ACAD,BBG001SB06N3,0.5635649001391657,14,LONG,False,BELOW_MINIMUM_RELATIVE_VOLUME,False,False,False,False,8562.0,15192.57142857143,1240147.857142857,0.5677857142857142,16.06,16.19,16.0,16.1,True,BELOW_MINIMUM_RELATIVE_VOLUME,False,,,,,,,,,,,,,,BELOW_MINIMUM_RELATIVE_VOLUME,False,,,,,,,,,,,,,,BELOW_MINIMUM_RELATIVE_VOLUME,False,,,,,,,,,,,,,
orb_v1.0,2024-09-13,572,EQR,BBG001S723L9,0.561525199470751,14,LONG,False,BELOW_MINIMUM_RELATIVE_VOLUME,True,False,False,False,14005.0,24941.0,1543952.0714285714,1.371785714285713,77.53,77.82,77.25,77.64,True,BELOW_MINIMUM_RELATIVE_VOLUME,False,,,,,,,,,,,,,,BELOW_MINIMUM_RELATIVE_VOLUME,False,,,,,,,,,,,,,,BELOW_MINIMUM_RELATIVE_VOLUME,False,,,,,,,,,,,,,
orb_v1.0,2024-09-13,573,PHAT,BBG00P5B2S73,0.5590319372415965,14,SHORT,False,BELOW_MINIMUM_RELATIVE_VOLUME,False,False,False,False,16100.0,28799.785714285714,1044116.6428571428,1.1374071428571428,19.67,19.67,19.33,19.48,True,BELOW_MINIMUM_RELATIVE_VOLUME,False,,,,,,,,,,,,,,BELOW_MINIMUM_RELATIVE_VOLUME,False,,,,,,,,,,,,,,BELOW_MINIMUM_RELATIVE_VOLUME,False,,,,,,,,,,,,,
orb_v1.0,2024-09-13,574,AI,BBG00Y6G6Y84,0.5582815083855717,14,LONG,False,BELOW_MINIMUM_RELATIVE_VOLUME,False,False,False,False,173648.0,311040.21428571426,6661125.428571428,1.1693928571428567,23.1,23.2,22.9284,23.19,True,BELOW_MINIMUM_RELATIVE_VOLUME,False,,,,,,,,,,,,,,BELOW_MINIMUM_RELATIVE_VOLUME,False,,,,,,,,,,,,,,BELOW_MINIMUM_RELATIVE_VOLUME,False,,,,,,,,,,,,,
orb_v1.0,2024-09-13,575,MGY,BBG00GNC8DM1,0.5582583250624594,14,SHORT,False,BELOW_MINIMUM_RELATIVE_VOLUME,False,False,False,False,9321.0,16696.571428571428,1683695.4285714286,0.6274999999999997,23.75,23.83,23.62,23.72,False,BELOW_MINIMUM_RELATIVE_VOLUME,False,,,,,,,,,,,,,,BELOW_MINIMUM_RELATIVE_VOLUME,False,,,,,,,,,,,,,,BELOW_MINIMUM_RELATIVE_VOLUME,False,,,,,,,,,,,,,
orb_v1.0,2024-09-13,576,XOM,BBG001S69V32,0.5522689789031737,14,SHORT,False,BELOW_MINIMUM_RELATIVE_VOLUME,True,False,False,False,232891.0,421698.5,14706697.285714285,2.6130714285714305,111.47,111.61,111.29,111.32,True,BELOW_MINIMUM_RELATIVE_VOLUME,False,,,,,,,,,,,,,,BELOW_MINIMUM_RELATIVE_VOLUME,False,,,,,,,,,,,,,,BELOW_MINIMUM_RELATIVE_VOLUME,False,,,,,,,,,,,,,
orb_v1.0,2024-09-13,577,MRK,BBG001S5TC52,0.5480100670583353,14,SHORT,False,BELOW_MINIMUM_RELATIVE_VOLUME,True,False,False,False,171971.0,313809.9285714286,8683915.57142857,2.2757000000000005,116.09,116.09,115.64,115.66,True,BELOW_MINIMUM_RELATIVE_VOLUME,False,,,,,,,,,,,,,,BELOW_MINIMUM_RELATIVE_VOLUME,False,,,,,,,,,,,,,,BELOW_MINIMUM_RELATIVE_VOLUME,False,,,,,,,,,,,,,
orb_v1.0,2024-09-13,578,SATS,BBG001T048Z5,0.5465004573514067,14,SHORT,False,BELOW_MINIMUM_RELATIVE_VOLUME,False,False,False,False,16985.0,31079.571428571428,1459765.7857142857,1.1122357142857136,22.77,22.8,22.51,22.52,True,BELOW_MINIMUM_RELATIVE_VOLUME,False,,,,,,,,,,,,,,BELOW_MINIMUM_RELATIVE_VOLUME,False,,,,,,,,,,,,,,BELOW_MINIMUM_RELATIVE_VOLUME,False,,,,,,,,,,,,,
orb_v1.0,2024-09-13,579,APLD,BBG001SK4K76,0.5458948451593402,14,LONG,False,BELOW_MINIMUM_RELATIVE_VOLUME,False,True,False,False,547858.0,1003596.2142857143,23453255.5,0.8877428571428572,6.14,6.31,6.1,6.29,True,BELOW_MINIMUM_RELATIVE_VOLUME,False,,,,,,,,,,,,,,BELOW_MINIMUM_RELATIVE_VOLUME,False,,,,,,,,,,,,,,BELOW_MINIMUM_RELATIVE_VOLUME,False,,,,,,,,,,,,,
orb_v1.0,2024-09-13,580,BMRN,BBG001S76R05,0.5388853002817918,14,LONG,False,BELOW_MINIMUM_RELATIVE_VOLUME,True,False,False,False,13646.0,25322.64285714286,1684846.2857142857,2.177500000000001,84.43,85.0,84.43,84.58,False,BELOW_MINIMUM_RELATIVE_VOLUME,False,,,,,,,,,,,,,,BELOW_MINIMUM_RELATIVE_VOLUME,False,,,,,,,,,,,,,,BELOW_MINIMUM_RELATIVE_VOLUME,False,,,,,,,,,,,,,
orb_v1.0,2024-09-13,581,JNJ,BBG001S5SHQ9,0.5383357138747804,14,SHORT,False,BELOW_MINIMUM_RELATIVE_VOLUME,True,False,False,False,108278.0,201134.7142857143,6283796.928571428,2.4092714285714254,164.74,164.79,163.97,164.115,True,BELOW_MINIMUM_RELATIVE_VOLUME,False,,,,,,,,,,,,,,BELOW_MINIMUM_RELATIVE_VOLUME,False,,,,,,,,,,,,,,BELOW_MINIMUM_RELATIVE_VOLUME,False,,,,,,,,,,,,,
orb_v1.0,2024-09-13,582,MTDR,BBG001T3L5S4,0.5372528410118491,14,SHORT,False,BELOW_MINIMUM_RELATIVE_VOLUME,False,False,False,False,18036.0,33570.78571428572,1391610.0714285714,1.7517500000000013,50.29,50.44,50.205,50.205,True,BELOW_MINIMUM_RELATIVE_VOLUME,False,,,,,,,,,,,,,,BELOW_MINIMUM_RELATIVE_VOLUME,False,,,,,,,,,,,,,,BELOW_MINIMUM_RELATIVE_VOLUME,False,,,,,,,,,,,,,
orb_v1.0,2024-09-13,583,IR,BBG002R1CW36,0.5352028727645047,14,SHORT,False,BELOW_MINIMUM_RELATIVE_VOLUME,True,False,False,False,12956.0,24207.64285714286,2140477.285714286,2.1717857142857144,90.28,90.43,90.04,90.06,True,BELOW_MINIMUM_RELATIVE_VOLUME,False,,,,,,,,,,,,,,BELOW_MINIMUM_RELATIVE_VOLUME,False,,,,,,,,,,,,,,BELOW_MINIMUM_RELATIVE_VOLUME,False,,,,,,,,,,,,,
orb_v1.0,2024-09-13,584,ADSK,BBG001S5SCD4,0.5351203869291807,14,LONG,False,BELOW_MINIMUM_RELATIVE_VOLUME,True,False,False,False,27486.0,51364.142857142855,1792298.2857142857,6.594992857142862,260.59,262.39,260.0,261.85,True,BELOW_MINIMUM_RELATIVE_VOLUME,False,,,,,,,,,,,,,,BELOW_MINIMUM_RELATIVE_VOLUME,False,,,,,,,,,,,,,,BELOW_MINIMUM_RELATIVE_VOLUME,False,,,,,,,,,,,,,
orb_v1.0,2024-09-13,585,OSCR,BBG00YMWFVT4,0.5329672912572981,14,SHORT,False,BELOW_MINIMUM_RELATIVE_VOLUME,False,False,False,False,56688.0,106363.0,2923951.785714286,1.1116714285714286,21.2,21.27,20.93,20.95,True,BELOW_MINIMUM_RELATIVE_VOLUME,False,,,,,,,,,,,,,,BELOW_MINIMUM_RELATIVE_VOLUME,False,,,,,,,,,,,,,,BELOW_MINIMUM_RELATIVE_VOLUME,False,,,,,,,,,,,,,
orb_v1.0,2024-09-13,586,VKTX,BBG006LGV887,0.5323111325643021,14,LONG,False,BELOW_MINIMUM_RELATIVE_VOLUME,False,False,False,False,61756.0,116014.85714285714,2921789.285714286,3.868757142857142,63.08,63.2469,62.6282,63.15,True,BELOW_MINIMUM_RELATIVE_VOLUME,False,,,,,,,,,,,,,,BELOW_MINIMUM_RELATIVE_VOLUME,False,,,,,,,,,,,,,,BELOW_MINIMUM_RELATIVE_VOLUME,False,,,,,,,,,,,,,
orb_v1.0,2024-09-13,587,PFG,BBG001SD3148,0.5303600350620258,14,LONG,False,BELOW_MINIMUM_RELATIVE_VOLUME,True,False,False,False,10502.0,19801.64285714286,1093366.857142857,1.5367857142857153,80.72,81.15,80.62,80.97,True,BELOW_MINIMUM_RELATIVE_VOLUME,False,,,,,,,,,,,,,,BELOW_MINIMUM_RELATIVE_VOLUME,False,,,,,,,,,,,,,,BELOW_MINIMUM_RELATIVE_VOLUME,False,,,,,,,,,,,,,
orb_v1.0,2024-09-13,588,MPC,BBG001S169P1,0.5301235665558005,14,SHORT,False,BELOW_MINIMUM_RELATIVE_VOLUME,True,False,False,False,32538.0,61378.142857142855,2629272.6428571427,4.7790714285714255,162.73,162.73,161.97,162.135,False,BELOW_MINIMUM_RELATIVE_VOLUME,False,,,,,,,,,,,,,,BELOW_MINIMUM_RELATIVE_VOLUME,False,,,,,,,,,,,,,,BELOW_MINIMUM_RELATIVE_VOLUME,False,,,,,,,,,,,,,
orb_v1.0,2024-09-13,589,WTRG,BBG001S5VFD3,0.52963905511376,14,DOJI,False,BELOW_MINIMUM_RELATIVE_VOLUME,False,False,False,False,10956.0,20685.785714285714,1324928.4285714286,0.6399999999999996,38.67,38.715,38.52,38.67,False,BELOW_MINIMUM_RELATIVE_VOLUME,False,,,,,,,,,,,,,,BELOW_MINIMUM_RELATIVE_VOLUME,False,,,,,,,,,,,,,,BELOW_MINIMUM_RELATIVE_VOLUME,False,,,,,,,,,,,,,
orb_v1.0,2024-09-13,590,WMB,BBG001S5XH10,0.5261498913134484,14,SHORT,False,BELOW_MINIMUM_RELATIVE_VOLUME,True,False,False,False,48479.0,92139.14285714286,4694450.0,0.7905071428571421,44.79,44.815,44.64,44.76,False,BELOW_MINIMUM_RELATIVE_VOLUME,False,,,,,,,,,,,,,,BELOW_MINIMUM_RELATIVE_VOLUME,False,,,,,,,,,,,,,,BELOW_MINIMUM_RELATIVE_VOLUME,False,,,,,,,,,,,,,
orb_v1.0,2024-09-13,591,DXCM,BBG001SKZG99,0.523685203747269,14,SHORT,False,BELOW_MINIMUM_RELATIVE_VOLUME,True,False,False,False,45491.0,86867.07142857143,3833857.9285714286,2.3543499999999997,68.97,69.3,68.74,68.74,True,BELOW_MINIMUM_RELATIVE_VOLUME,False,,,,,,,,,,,,,,BELOW_MINIMUM_RELATIVE_VOLUME,False,,,,,,,,,,,,,,BELOW_MINIMUM_RELATIVE_VOLUME,False,,,,,,,,,,,,,
orb_v1.0,2024-09-13,592,PG,BBG001S5V4L9,0.5224114947128865,14,SHORT,False,BELOW_MINIMUM_RELATIVE_VOLUME,True,False,False,False,166524.0,318760.21428571426,6217219.571428572,2.3690071428571406,173.37,173.455,172.8,172.935,False,BELOW_MINIMUM_RELATIVE_VOLUME,False,,,,,,,,,,,,,,BELOW_MINIMUM_RELATIVE_VOLUME,False,,,,,,,,,,,,,,BELOW_MINIMUM_RELATIVE_VOLUME,False,,,,,,,,,,,,,
orb_v1.0,2024-09-13,593,BBIO,BBG00P9KDZL5,0.521250797249113,14,DOJI,False,BELOW_MINIMUM_RELATIVE_VOLUME,False,False,False,False,41914.0,80410.42857142857,2776610.785714286,1.672842857142857,27.11,27.315,27.05,27.11,False,BELOW_MINIMUM_RELATIVE_VOLUME,False,,,,,,,,,,,,,,BELOW_MINIMUM_RELATIVE_VOLUME,False,,,,,,,,,,,,,,BELOW_MINIMUM_RELATIVE_VOLUME,False,,,,,,,,,,,,,
orb_v1.0,2024-09-13,594,INMD,0001742692,0.5204876961358256,14,LONG,False,BELOW_MINIMUM_RELATIVE_VOLUME,False,False,False,False,18512.0,35566.642857142855,1123302.642857143,0.6735642857142858,17.0,17.136,17.0,17.03,False,BELOW_MINIMUM_RELATIVE_VOLUME,False,,,,,,,,,,,,,,BELOW_MINIMUM_RELATIVE_VOLUME,False,,,,,,,,,,,,,,BELOW_MINIMUM_RELATIVE_VOLUME,False,,,,,,,,,,,,,
orb_v1.0,2024-09-13,595,INTU,BBG001S6TWR2,0.5200852070704011,14,LONG,False,BELOW_MINIMUM_RELATIVE_VOLUME,True,False,False,False,23299.0,44798.42857142857,1439251.857142857,17.90099285714286,642.9,647.625,641.37,647.25,True,BELOW_MINIMUM_RELATIVE_VOLUME,False,,,,,,,,,,,,,,BELOW_MINIMUM_RELATIVE_VOLUME,False,,,,,,,,,,,,,,BELOW_MINIMUM_RELATIVE_VOLUME,False,,,,,,,,,,,,,
orb_v1.0,2024-09-13,596,DINO,BBG0135B2269,0.51869277804243,14,LONG,False,BELOW_MINIMUM_RELATIVE_VOLUME,False,False,False,False,11355.0,21891.571428571428,2415459.785714286,1.4704214285714283,44.59,44.71,44.5,44.625,True,BELOW_MINIMUM_RELATIVE_VOLUME,False,,,,,,,,,,,,,,BELOW_MINIMUM_RELATIVE_VOLUME,False,,,,,,,,,,,,,,BELOW_MINIMUM_RELATIVE_VOLUME,False,,,,,,,,,,,,,
orb_v1.0,2024-09-13,597,WRB,BBG001S5P463,0.5177537022225454,14,LONG,False,BELOW_MINIMUM_RELATIVE_VOLUME,False,False,False,False,10681.0,20629.5,1348973.357142857,1.0811714285714298,57.85,58.13,57.85,57.91,True,BELOW_MINIMUM_RELATIVE_VOLUME,False,,,,,,,,,,,,,,BELOW_MINIMUM_RELATIVE_VOLUME,False,,,,,,,,,,,,,,BELOW_MINIMUM_RELATIVE_VOLUME,False,,,,,,,,,,,,,
orb_v1.0,2024-09-13,598,CSCO,BBG001S6HC62,0.5175136859347386,14,SHORT,False,BELOW_MINIMUM_RELATIVE_VOLUME,True,False,False,False,240116.0,463980.0,15193189.857142856,0.7600500000000012,49.74,49.81,49.67,49.705,False,BELOW_MINIMUM_RELATIVE_VOLUME,False,,,,,,,,,,,,,,BELOW_MINIMUM_RELATIVE_VOLUME,False,,,,,,,,,,,,,,BELOW_MINIMUM_RELATIVE_VOLUME,False,,,,,,,,,,,,,
orb_v1.0,2024-09-13,599,AVTR,BBG00G2HHYF5,0.5152614573744156,14,LONG,False,BELOW_MINIMUM_RELATIVE_VOLUME,True,False,False,False,28546.0,55401.0,4213132.714285715,0.7496500000000006,26.67,26.935,26.66,26.9,True,BELOW_MINIMUM_RELATIVE_VOLUME,False,,,,,,,,,,,,,,BELOW_MINIMUM_RELATIVE_VOLUME,False,,,,,,,,,,,,,,BELOW_MINIMUM_RELATIVE_VOLUME,False,,,,,,,,,,,,,
orb_v1.0,2024-09-13,600,LASE,BBG013KLFYR3,0.5150893494353563,14,LONG,False,BELOW_MINIMUM_RELATIVE_VOLUME,True,False,False,False,39438.0,76565.35714285714,1625836.142857143,1.3906642857142857,5.75,6.0,5.65,5.97,True,BELOW_MINIMUM_RELATIVE_VOLUME,False,,,,,,,,,,,,,,BELOW_MINIMUM_RELATIVE_VOLUME,False,,,,,,,,,,,,,,BELOW_MINIMUM_RELATIVE_VOLUME,False,,,,,,,,,,,,,
orb_v1.0,2024-09-13,601,CCI,BBG001S7W5T3,0.5150549253944967,14,SHORT,False,BELOW_MINIMUM_RELATIVE_VOLUME,True,False,False,False,25704.0,49905.357142857145,2312030.1428571427,2.3079785714285705,117.88,118.0,117.52,117.63,True,BELOW_MINIMUM_RELATIVE_VOLUME,False,,,,,,,,,,,,,,BELOW_MINIMUM_RELATIVE_VOLUME,False,,,,,,,,,,,,,,BELOW_MINIMUM_RELATIVE_VOLUME,False,,,,,,,,,,,,,
orb_v1.0,2024-09-13,602,VZ,BBG001S67QY1,0.5149182467455193,14,SHORT,False,BELOW_MINIMUM_RELATIVE_VOLUME,True,False,False,False,340901.0,662048.7857142857,20603174.42857143,0.8506285714285718,43.925,43.95,43.68,43.72,True,BELOW_MINIMUM_RELATIVE_VOLUME,False,,,,,,,,,,,,,,BELOW_MINIMUM_RELATIVE_VOLUME,False,,,,,,,,,,,,,,BELOW_MINIMUM_RELATIVE_VOLUME,False,,,,,,,,,,,,,
orb_v1.0,2024-09-13,603,MBLY,BBG019X46ZY3,0.5144099284685185,14,LONG,False,BELOW_MINIMUM_RELATIVE_VOLUME,False,False,False,False,101758.0,197815.0,5160302.571428572,0.7838214285714287,10.54,10.786,10.54,10.7495,True,BELOW_MINIMUM_RELATIVE_VOLUME,False,,,,,,,,,,,,,,BELOW_MINIMUM_RELATIVE_VOLUME,False,,,,,,,,,,,,,,BELOW_MINIMUM_RELATIVE_VOLUME,False,,,,,,,,,,,,,
orb_v1.0,2024-09-13,604,LITE,BBG0073F9RS8,0.5131760310883053,14,LONG,False,BELOW_MINIMUM_RELATIVE_VOLUME,False,False,False,False,17073.0,33269.28571428572,1323685.142857143,2.5971428571428574,54.72,55.78,54.68,55.68,True,BELOW_MINIMUM_RELATIVE_VOLUME,False,,,,,,,,,,,,,,BELOW_MINIMUM_RELATIVE_VOLUME,False,,,,,,,,,,,,,,BELOW_MINIMUM_RELATIVE_VOLUME,False,,,,,,,,,,,,,
orb_v1.0,2024-09-13,605,AEO,BBG001S7Q949,0.5114181559835123,14,LONG,False,BELOW_MINIMUM_RELATIVE_VOLUME,False,False,False,False,50595.0,98930.78571428571,5434118.714285715,0.8510714285714277,19.59,19.8,19.555,19.79,True,BELOW_MINIMUM_RELATIVE_VOLUME,False,,,,,,,,,,,,,,BELOW_MINIMUM_RELATIVE_VOLUME,False,,,,,,,,,,,,,,BELOW_MINIMUM_RELATIVE_VOLUME,False,,,,,,,,,,,,,
orb_v1.0,2024-09-13,606,BNS,BBG001S5Y2B1,0.5106928547643061,14,LONG,False,BELOW_MINIMUM_RELATIVE_VOLUME,True,False,False,False,38012.0,74432.21428571429,1556930.5,0.8642714285714292,51.76,51.88,51.66,51.8,True,BELOW_MINIMUM_RELATIVE_VOLUME,False,,,,,,,,,,,,,,BELOW_MINIMUM_RELATIVE_VOLUME,False,,,,,,,,,,,,,,BELOW_MINIMUM_RELATIVE_VOLUME,False,,,,,,,,,,,,,
orb_v1.0,2024-09-13,607,OPCH,BBG001S6X756,0.5106490872210954,14,SHORT,False,BELOW_MINIMUM_RELATIVE_VOLUME,False,False,False,False,9063.0,17748.0,1101887.5,0.6883928571428576,32.03,32.03,31.945,31.945,True,BELOW_MINIMUM_RELATIVE_VOLUME,False,,,,,,,,,,,,,,BELOW_MINIMUM_RELATIVE_VOLUME,False,,,,,,,,,,,,,,BELOW_MINIMUM_RELATIVE_VOLUME,False,,,,,,,,,,,,,
orb_v1.0,2024-09-13,608,NEE,BBG001S5RB29,0.5106269230088287,14,SHORT,False,BELOW_MINIMUM_RELATIVE_VOLUME,True,False,False,False,125667.0,246103.35714285713,7258930.857142857,1.458199999999999,83.9,84.0,83.5,83.779,False,BELOW_MINIMUM_RELATIVE_VOLUME,False,,,,,,,,,,,,,,BELOW_MINIMUM_RELATIVE_VOLUME,False,,,,,,,,,,,,,,BELOW_MINIMUM_RELATIVE_VOLUME,False,,,,,,,,,,,,,
orb_v1.0,2024-09-13,609,LVS,BBG001SJCGP9,0.5100288636707798,14,LONG,False,BELOW_MINIMUM_RELATIVE_VOLUME,True,False,False,False,55573.0,108960.5,6513207.928571428,0.9121357142857148,39.39,39.53,39.26,39.505,True,BELOW_MINIMUM_RELATIVE_VOLUME,False,,,,,,,,,,,,,,BELOW_MINIMUM_RELATIVE_VOLUME,False,,,,,,,,,,,,,,BELOW_MINIMUM_RELATIVE_VOLUME,False,,,,,,,,,,,,,
orb_v1.0,2024-09-13,610,CMG,BBG001SP50B3,0.5066204200396631,14,SHORT,False,BELOW_MINIMUM_RELATIVE_VOLUME,False,False,False,False,178093.0,351531.4285714286,11588020.357142856,1.420035714285714,56.45,56.46,56.13,56.26,True,BELOW_MINIMUM_RELATIVE_VOLUME,False,,,,,,,,,,,,,,BELOW_MINIMUM_RELATIVE_VOLUME,False,,,,,,,,,,,,,,BELOW_MINIMUM_RELATIVE_VOLUME,False,,,,,,,,,,,,,
orb_v1.0,2024-09-13,611,ALGM,BBG00H5S83B8,0.5055219271155034,14,LONG,False,BELOW_MINIMUM_RELATIVE_VOLUME,False,False,False,False,11692.0,23128.571428571428,1965265.5,1.0978500000000004,21.31,21.65,21.31,21.56,True,BELOW_MINIMUM_RELATIVE_VOLUME,False,,,,,,,,,,,,,,BELOW_MINIMUM_RELATIVE_VOLUME,False,,,,,,,,,,,,,,BELOW_MINIMUM_RELATIVE_VOLUME,False,,,,,,,,,,,,,
orb_v1.0,2024-09-13,612,VRDN,BBG002H24301,0.5044002989911776,14,LONG,False,BELOW_MINIMUM_RELATIVE_VOLUME,False,False,False,False,46224.0,91641.5,2799997.285714286,1.462521428571429,21.61,21.85,21.315,21.7077,True,BELOW_MINIMUM_RELATIVE_VOLUME,False,,,,,,,,,,,,,,BELOW_MINIMUM_RELATIVE_VOLUME,False,,,,,,,,,,,,,,BELOW_MINIMUM_RELATIVE_VOLUME,False,,,,,,,,,,,,,
orb_v1.0,2024-09-13,613,ZBH,BBG001S7DQJ9,0.5042003460583618,14,LONG,False,BELOW_MINIMUM_RELATIVE_VOLUME,True,False,False,False,17234.0,34180.857142857145,1569124.7142857143,2.232035714285717,105.2,105.92,105.2,105.76,True,BELOW_MINIMUM_RELATIVE_VOLUME,False,,,,,,,,,,,,,,BELOW_MINIMUM_RELATIVE_VOLUME,False,,,,,,,,,,,,,,BELOW_MINIMUM_RELATIVE_VOLUME,False,,,,,,,,,,,,,
orb_v1.0,2024-09-13,614,SCCO,BBG001S6ZM88,0.5008600929314869,14,LONG,False,BELOW_MINIMUM_RELATIVE_VOLUME,True,False,False,False,17262.0,34464.71428571428,1058396.4285714286,2.859492857142857,99.31,99.555,98.77,99.335,True,BELOW_MINIMUM_RELATIVE_VOLUME,False,,,,,,,,,,,,,,BELOW_MINIMUM_RELATIVE_VOLUME,False,,,,,,,,,,,,,,BELOW_MINIMUM_RELATIVE_VOLUME,False,,,,,,,,,,,,,
orb_v1.0,2024-09-13,615,ROKU,BBG001ZZPQM2,0.5002179123185945,14,SHORT,False,BELOW_MINIMUM_RELATIVE_VOLUME,False,False,False,False,96575.0,193065.85714285713,4255622.357142857,3.7695785714285726,74.69,75.17,74.23,74.68,True,BELOW_MINIMUM_RELATIVE_VOLUME,False,,,,,,,,,,,,,,BELOW_MINIMUM_RELATIVE_VOLUME,False,,,,,,,,,,,,,,BELOW_MINIMUM_RELATIVE_VOLUME,False,,,,,,,,,,,,,
orb_v1.0,2024-09-13,616,TTWO,BBG001S9TN41,0.49752030675239545,14,LONG,False,BELOW_MINIMUM_RELATIVE_VOLUME,True,False,False,False,12762.0,25651.214285714286,1190886.0714285714,3.398071428571431,153.82,154.9,153.82,154.675,False,BELOW_MINIMUM_RELATIVE_VOLUME,False,,,,,,,,,,,,,,BELOW_MINIMUM_RELATIVE_VOLUME,False,,,,,,,,,,,,,,BELOW_MINIMUM_RELATIVE_VOLUME,False,,,,,,,,,,,,,
orb_v1.0,2024-09-13,617,ILMN,BBG001SF4NY1,0.4899126008910479,14,LONG,False,BELOW_MINIMUM_RELATIVE_VOLUME,True,False,False,False,15387.0,31407.64285714286,1316151.4285714286,3.844207142857146,126.31,128.2,126.31,128.185,True,BELOW_MINIMUM_RELATIVE_VOLUME,False,,,,,,,,,,,,,,BELOW_MINIMUM_RELATIVE_VOLUME,False,,,,,,,,,,,,,,BELOW_MINIMUM_RELATIVE_VOLUME,False,,,,,,,,,,,,,
orb_v1.0,2024-09-13,618,DELL,BBG00DW3SZT0,0.489714525125759,14,LONG,False,BELOW_MINIMUM_RELATIVE_VOLUME,True,False,False,False,334459.0,682967.2857142857,12695167.285714285,4.636392857142859,112.18,112.58,111.395,112.53,True,BELOW_MINIMUM_RELATIVE_VOLUME,False,,,,,,,,,,,,,,BELOW_MINIMUM_RELATIVE_VOLUME,False,,,,,,,,,,,,,,BELOW_MINIMUM_RELATIVE_VOLUME,False,,,,,,,,,,,,,
orb_v1.0,2024-09-13,619,FLR,BBG001S5Q738,0.4850189081741491,14,LONG,False,BELOW_MINIMUM_RELATIVE_VOLUME,False,False,False,False,7503.0,15469.5,1180238.0714285714,1.3566999999999996,45.53,45.5723,45.485,45.57,True,BELOW_MINIMUM_RELATIVE_VOLUME,False,,,,,,,,,,,,,,BELOW_MINIMUM_RELATIVE_VOLUME,False,,,,,,,,,,,,,,BELOW_MINIMUM_RELATIVE_VOLUME,False,,,,,,,,,,,,,
orb_v1.0,2024-09-13,620,CLBT,0001854587,0.48429124387950717,14,LONG,False,BELOW_MINIMUM_RELATIVE_VOLUME,False,False,False,False,14165.0,29248.928571428572,1169449.9285714286,0.5160714285714286,16.96,17.1,16.96,17.05,True,BELOW_MINIMUM_RELATIVE_VOLUME,False,,,,,,,,,,,,,,BELOW_MINIMUM_RELATIVE_VOLUME,False,,,,,,,,,,,,,,BELOW_MINIMUM_RELATIVE_VOLUME,False,,,,,,,,,,,,,
orb_v1.0,2024-09-13,621,MCD,BBG001S5T110,0.48386360802316614,14,SHORT,False,BELOW_MINIMUM_RELATIVE_VOLUME,True,False,False,False,37417.0,77329.64285714286,2604075.5714285714,4.167200000000004,294.49,294.49,292.62,292.845,False,BELOW_MINIMUM_RELATIVE_VOLUME,False,,,,,,,,,,,,,,BELOW_MINIMUM_RELATIVE_VOLUME,False,,,,,,,,,,,,,,BELOW_MINIMUM_RELATIVE_VOLUME,False,,,,,,,,,,,,,
orb_v1.0,2024-09-13,622,INVH,BBG00FQH6CJ7,0.4833008584423104,14,LONG,False,BELOW_MINIMUM_RELATIVE_VOLUME,True,False,False,False,28737.0,59459.857142857145,2976610.785714286,0.702735714285715,36.55,36.7,36.425,36.64,True,BELOW_MINIMUM_RELATIVE_VOLUME,False,,,,,,,,,,,,,,BELOW_MINIMUM_RELATIVE_VOLUME,False,,,,,,,,,,,,,,BELOW_MINIMUM_RELATIVE_VOLUME,False,,,,,,,,,,,,,
orb_v1.0,2024-09-13,623,CAG,BBG001S5PGY5,0.4815637228286308,14,SHORT,False,BELOW_MINIMUM_RELATIVE_VOLUME,True,False,False,False,27558.0,57226.07142857143,4703003.642857143,0.6164285714285717,31.72,31.83,31.66,31.71,True,BELOW_MINIMUM_RELATIVE_VOLUME,False,,,,,,,,,,,,,,BELOW_MINIMUM_RELATIVE_VOLUME,False,,,,,,,,,,,,,,BELOW_MINIMUM_RELATIVE_VOLUME,False,,,,,,,,,,,,,
orb_v1.0,2024-09-13,624,CWAN,BBG012C765M3,0.4815588355405169,14,SHORT,False,BELOW_MINIMUM_RELATIVE_VOLUME,False,False,False,False,8844.0,18365.35714285714,1213653.2857142857,0.548907142857143,23.55,23.55,23.4,23.46,True,BELOW_MINIMUM_RELATIVE_VOLUME,False,,,,,,,,,,,,,,BELOW_MINIMUM_RELATIVE_VOLUME,False,,,,,,,,,,,,,,BELOW_MINIMUM_RELATIVE_VOLUME,False,,,,,,,,,,,,,
orb_v1.0,2024-09-13,625,CTO,BBG00Y3M1H68,0.47883095868059156,14,SHORT,False,BELOW_MINIMUM_RELATIVE_VOLUME,False,False,False,False,7588.0,15846.92857142857,1048198.8571428572,0.6788785714285714,19.05,19.05,18.99,19.04,False,BELOW_MINIMUM_RELATIVE_VOLUME,False,,,,,,,,,,,,,,BELOW_MINIMUM_RELATIVE_VOLUME,False,,,,,,,,,,,,,,BELOW_MINIMUM_RELATIVE_VOLUME,False,,,,,,,,,,,,,
orb_v1.0,2024-09-13,626,CIEN,BBG001S61J73,0.47681828519445074,14,LONG,False,BELOW_MINIMUM_RELATIVE_VOLUME,False,False,False,False,29951.0,62814.28571428572,2281578.285714286,2.0915642857142864,54.88,55.5,54.88,55.43,True,BELOW_MINIMUM_RELATIVE_VOLUME,False,,,,,,,,,,,,,,BELOW_MINIMUM_RELATIVE_VOLUME,False,,,,,,,,,,,,,,BELOW_MINIMUM_RELATIVE_VOLUME,False,,,,,,,,,,,,,
orb_v1.0,2024-09-13,627,LUNR,BBG00ZMYYP19,0.4766294007640257,14,LONG,False,BELOW_MINIMUM_RELATIVE_VOLUME,True,False,False,False,366880.0,769738.5,12306755.857142856,0.576692857142857,5.66,5.81,5.65,5.73,True,BELOW_MINIMUM_RELATIVE_VOLUME,False,,,,,,,,,,,,,,BELOW_MINIMUM_RELATIVE_VOLUME,False,,,,,,,,,,,,,,BELOW_MINIMUM_RELATIVE_VOLUME,False,,,,,,,,,,,,,
orb_v1.0,2024-09-13,628,ADM,BBG001S5ND74,0.4748693929021798,14,SHORT,False,BELOW_MINIMUM_RELATIVE_VOLUME,True,False,False,False,25042.0,52734.5,2295153.6428571427,1.1310543571428577,59.89,59.94,59.65,59.69,False,BELOW_MINIMUM_RELATIVE_VOLUME,False,,,,,,,,,,,,,,BELOW_MINIMUM_RELATIVE_VOLUME,False,,,,,,,,,,,,,,BELOW_MINIMUM_RELATIVE_VOLUME,False,,,,,,,,,,,,,
orb_v1.0,2024-09-13,629,MUR,BBG001S5TG80,0.4747965439919715,14,LONG,False,BELOW_MINIMUM_RELATIVE_VOLUME,False,False,False,False,10814.0,22776.071428571428,1954996.5,0.9925714285714281,34.24,34.32,34.1,34.3,True,BELOW_MINIMUM_RELATIVE_VOLUME,False,,,,,,,,,,,,,,BELOW_MINIMUM_RELATIVE_VOLUME,False,,,,,,,,,,,,,,BELOW_MINIMUM_RELATIVE_VOLUME,False,,,,,,,,,,,,,
orb_v1.0,2024-09-13,630,G,0001398659,0.4712022305234334,14,LONG,False,BELOW_MINIMUM_RELATIVE_VOLUME,False,False,False,False,8100.0,17190.071428571428,1234922.642857143,0.7607142857142867,38.65,38.905,38.62,38.88,True,BELOW_MINIMUM_RELATIVE_VOLUME,False,,,,,,,,,,,,,,BELOW_MINIMUM_RELATIVE_VOLUME,False,,,,,,,,,,,,,,BELOW_MINIMUM_RELATIVE_VOLUME,False,,,,,,,,,,,,,
orb_v1.0,2024-09-13,631,MRVL,BBG00ZXBJ162,0.4708520631102756,14,LONG,False,BELOW_MINIMUM_RELATIVE_VOLUME,True,False,False,False,303818.0,645251.5,14022913.714285715,3.9414999999999987,75.01,75.71,75.0,75.61,True,BELOW_MINIMUM_RELATIVE_VOLUME,False,,,,,,,,,,,,,,BELOW_MINIMUM_RELATIVE_VOLUME,False,,,,,,,,,,,,,,BELOW_MINIMUM_RELATIVE_VOLUME,False,,,,,,,,,,,,,
orb_v1.0,2024-09-13,632,BILL,BBG00QVJV7L3,0.4685144951167911,14,LONG,False,BELOW_MINIMUM_RELATIVE_VOLUME,False,False,False,False,52848.0,112799.07142857143,2732618.214285714,2.93492857142857,52.02,52.19,51.985,52.185,True,BELOW_MINIMUM_RELATIVE_VOLUME,False,,,,,,,,,,,,,,BELOW_MINIMUM_RELATIVE_VOLUME,False,,,,,,,,,,,,,,BELOW_MINIMUM_RELATIVE_VOLUME,False,,,,,,,,,,,,,
orb_v1.0,2024-09-13,633,VRNS,BBG001Y04TP4,0.4644848428056037,14,LONG,False,BELOW_MINIMUM_RELATIVE_VOLUME,False,False,False,False,19827.0,42686.0,1662132.642857143,1.7875999999999996,52.9,53.3,52.89,53.3,True,BELOW_MINIMUM_RELATIVE_VOLUME,False,,,,,,,,,,,,,,BELOW_MINIMUM_RELATIVE_VOLUME,False,,,,,,,,,,,,,,BELOW_MINIMUM_RELATIVE_VOLUME,False,,,,,,,,,,,,,
orb_v1.0,2024-09-13,634,SNOW,BBG007DHGNK2,0.4640903573913243,14,LONG,False,BELOW_MINIMUM_RELATIVE_VOLUME,True,False,False,False,99442.0,214272.92857142858,6506657.785714285,4.126157142857144,113.25,114.04,113.243,113.815,True,BELOW_MINIMUM_RELATIVE_VOLUME,False,,,,,,,,,,,,,,BELOW_MINIMUM_RELATIVE_VOLUME,False,,,,,,,,,,,,,,BELOW_MINIMUM_RELATIVE_VOLUME,False,,,,,,,,,,,,,
orb_v1.0,2024-09-13,635,CDNS,BBG001S65YK1,0.4615706806282723,14,SHORT,False,BELOW_MINIMUM_RELATIVE_VOLUME,True,False,False,False,25346.0,54912.5,1896831.4285714286,8.125328571428568,269.41,270.87,269.34,269.38,True,BELOW_MINIMUM_RELATIVE_VOLUME,False,,,,,,,,,,,,,,BELOW_MINIMUM_RELATIVE_VOLUME,False,,,,,,,,,,,,,,BELOW_MINIMUM_RELATIVE_VOLUME,False,,,,,,,,,,,,,
orb_v1.0,2024-09-13,636,TRV,BBG001S5R103,0.46115753463069936,14,LONG,False,BELOW_MINIMUM_RELATIVE_VOLUME,True,False,False,False,11747.0,25472.85714285714,1299603.4285714286,4.588614285714281,235.54,236.06,235.21,235.58,True,BELOW_MINIMUM_RELATIVE_VOLUME,False,,,,,,,,,,,,,,BELOW_MINIMUM_RELATIVE_VOLUME,False,,,,,,,,,,,,,,BELOW_MINIMUM_RELATIVE_VOLUME,False,,,,,,,,,,,,,
orb_v1.0,2024-09-13,637,HOLX,BBG001S6HWB2,0.4608078659457208,14,LONG,False,BELOW_MINIMUM_RELATIVE_VOLUME,True,False,False,False,8851.0,19207.571428571428,1159164.5,1.2319428571428566,80.32,80.515,80.12,80.45,True,BELOW_MINIMUM_RELATIVE_VOLUME,False,,,,,,,,,,,,,,BELOW_MINIMUM_RELATIVE_VOLUME,False,,,,,,,,,,,,,,BELOW_MINIMUM_RELATIVE_VOLUME,False,,,,,,,,,,,,,
orb_v1.0,2024-09-13,638,BSY,BBG001SBWGV7,0.4584047211117457,14,LONG,False,BELOW_MINIMUM_RELATIVE_VOLUME,False,False,False,False,6708.0,14633.357142857143,1160128.5714285714,1.3695928571428568,49.0,49.13,48.715,49.13,True,BELOW_MINIMUM_RELATIVE_VOLUME,False,,,,,,,,,,,,,,BELOW_MINIMUM_RELATIVE_VOLUME,False,,,,,,,,,,,,,,BELOW_MINIMUM_RELATIVE_VOLUME,False,,,,,,,,,,,,,
orb_v1.0,2024-09-13,639,NBIX,BBG001S8W4X9,0.45788559898643894,14,LONG,False,BELOW_MINIMUM_RELATIVE_VOLUME,False,False,False,False,14637.0,31966.5,1321732.142857143,5.654985714285716,120.19,121.47,119.82,121.44,True,BELOW_MINIMUM_RELATIVE_VOLUME,False,,,,,,,,,,,,,,BELOW_MINIMUM_RELATIVE_VOLUME,False,,,,,,,,,,,,,,BELOW_MINIMUM_RELATIVE_VOLUME,False,,,,,,,,,,,,,
orb_v1.0,2024-09-13,640,HRB,BBG001S5S031,0.45627392244965886,14,LONG,False,BELOW_MINIMUM_RELATIVE_VOLUME,False,False,False,False,10967.0,24036.0,1247919.142857143,1.2328571428571433,62.96,63.56,62.775,63.4,True,BELOW_MINIMUM_RELATIVE_VOLUME,False,,,,,,,,,,,,,,BELOW_MINIMUM_RELATIVE_VOLUME,False,,,,,,,,,,,,,,BELOW_MINIMUM_RELATIVE_VOLUME,False,,,,,,,,,,,,,
orb_v1.0,2024-09-13,641,XP,0001787425,0.4557675366334237,14,LONG,False,BELOW_MINIMUM_RELATIVE_VOLUME,False,False,False,False,43569.0,95594.78571428571,10767435.07142857,0.559628571428571,18.7,18.8,18.7,18.8,True,BELOW_MINIMUM_RELATIVE_VOLUME,False,,,,,,,,,,,,,,BELOW_MINIMUM_RELATIVE_VOLUME,False,,,,,,,,,,,,,,BELOW_MINIMUM_RELATIVE_VOLUME,False,,,,,,,,,,,,,
orb_v1.0,2024-09-13,642,HRL,BBG001S5S0D0,0.45450947650088214,14,LONG,False,BELOW_MINIMUM_RELATIVE_VOLUME,True,False,False,False,25430.0,55950.42857142857,2736921.785714286,0.8741928571428562,31.67,31.78,31.62,31.69,True,BELOW_MINIMUM_RELATIVE_VOLUME,False,,,,,,,,,,,,,,BELOW_MINIMUM_RELATIVE_VOLUME,False,,,,,,,,,,,,,,BELOW_MINIMUM_RELATIVE_VOLUME,False,,,,,,,,,,,,,
orb_v1.0,2024-09-13,643,USFD,BBG00C6H6D59,0.45229872524335357,14,LONG,False,BELOW_MINIMUM_RELATIVE_VOLUME,False,False,False,False,8148.0,18014.64285714286,1752551.7142857143,0.9966571428571426,59.36,59.64,59.36,59.59,True,BELOW_MINIMUM_RELATIVE_VOLUME,False,,,,,,,,,,,,,,BELOW_MINIMUM_RELATIVE_VOLUME,False,,,,,,,,,,,,,,BELOW_MINIMUM_RELATIVE_VOLUME,False,,,,,,,,,,,,,
orb_v1.0,2024-09-13,644,BBY,BBG001S5P285,0.4470299153633137,14,LONG,False,BELOW_MINIMUM_RELATIVE_VOLUME,True,False,False,False,57307.0,128195.0,3833611.3571428573,3.270407142857142,98.51,98.9,98.01,98.72,True,BELOW_MINIMUM_RELATIVE_VOLUME,False,,,,,,,,,,,,,,BELOW_MINIMUM_RELATIVE_VOLUME,False,,,,,,,,,,,,,,BELOW_MINIMUM_RELATIVE_VOLUME,False,,,,,,,,,,,,,
orb_v1.0,2024-09-13,645,VMC,BBG001S5X8R2,0.4451071572988273,14,LONG,False,BELOW_MINIMUM_RELATIVE_VOLUME,True,False,False,False,5032.0,11305.142857142857,1082338.142857143,6.594564285714289,236.0,236.625,236.0,236.59,True,BELOW_MINIMUM_RELATIVE_VOLUME,False,,,,,,,,,,,,,,BELOW_MINIMUM_RELATIVE_VOLUME,False,,,,,,,,,,,,,,BELOW_MINIMUM_RELATIVE_VOLUME,False,,,,,,,,,,,,,
orb_v1.0,2024-09-13,646,SPR,BBG001SKF1N8,0.4445337372113869,14,LONG,False,BELOW_MINIMUM_RELATIVE_VOLUME,False,False,False,False,7191.0,16176.5,1480889.2142857143,0.7203571428571414,33.61,33.69,33.47,33.69,True,BELOW_MINIMUM_RELATIVE_VOLUME,False,,,,,,,,,,,,,,BELOW_MINIMUM_RELATIVE_VOLUME,False,,,,,,,,,,,,,,BELOW_MINIMUM_RELATIVE_VOLUME,False,,,,,,,,,,,,,
orb_v1.0,2024-09-13,647,AFL,BBG001S5NGJ4,0.4443079668202302,14,LONG,False,BELOW_MINIMUM_RELATIVE_VOLUME,True,False,False,False,20205.0,45475.21428571428,2217107.4285714286,1.7350000000000014,108.25,108.8,108.2,108.59,False,BELOW_MINIMUM_RELATIVE_VOLUME,False,,,,,,,,,,,,,,BELOW_MINIMUM_RELATIVE_VOLUME,False,,,,,,,,,,,,,,BELOW_MINIMUM_RELATIVE_VOLUME,False,,,,,,,,,,,,,
orb_v1.0,2024-09-13,648,PATH,BBG00GKS1G12,0.4440017047759401,14,LONG,False,BELOW_MINIMUM_RELATIVE_VOLUME,False,False,False,False,259404.0,584241.0,13931773.07142857,0.54775,12.1,12.14,12.0,12.125,True,BELOW_MINIMUM_RELATIVE_VOLUME,False,,,,,,,,,,,,,,BELOW_MINIMUM_RELATIVE_VOLUME,False,,,,,,,,,,,,,,BELOW_MINIMUM_RELATIVE_VOLUME,False,,,,,,,,,,,,,
orb_v1.0,2024-09-13,649,LW,BBG003CVMLR1,0.4430064777523545,14,SHORT,False,BELOW_MINIMUM_RELATIVE_VOLUME,False,False,False,False,9169.0,20697.214285714286,1877293.642857143,1.2970571428571442,64.11,64.11,63.74,63.76,True,BELOW_MINIMUM_RELATIVE_VOLUME,False,,,,,,,,,,,,,,BELOW_MINIMUM_RELATIVE_VOLUME,False,,,,,,,,,,,,,,BELOW_MINIMUM_RELATIVE_VOLUME,False,,,,,,,,,,,,,
orb_v1.0,2024-09-13,650,NTRS,BBG001S5TRG7,0.440060642256627,14,LONG,False,BELOW_MINIMUM_RELATIVE_VOLUME,True,False,False,False,6842.0,15547.857142857143,1169425.4285714286,1.9756714285714279,87.95,88.39,87.95,88.23,True,BELOW_MINIMUM_RELATIVE_VOLUME,False,,,,,,,,,,,,,,BELOW_MINIMUM_RELATIVE_VOLUME,False,,,,,,,,,,,,,,BELOW_MINIMUM_RELATIVE_VOLUME,False,,,,,,,,,,,,,
orb_v1.0,2024-09-13,651,YETI,BBG00D8JC891,0.4396918810660915,14,LONG,False,BELOW_MINIMUM_RELATIVE_VOLUME,False,False,False,False,10193.0,23182.14285714286,1954394.4285714286,1.1675857142857156,38.33,38.76,38.325,38.7329,True,BELOW_MINIMUM_RELATIVE_VOLUME,False,,,,,,,,,,,,,,BELOW_MINIMUM_RELATIVE_VOLUME,False,,,,,,,,,,,,,,BELOW_MINIMUM_RELATIVE_VOLUME,False,,,,,,,,,,,,,
orb_v1.0,2024-09-13,652,LSCC,BBG001S6C0G2,0.43902847813208884,14,LONG,False,BELOW_MINIMUM_RELATIVE_VOLUME,False,False,False,False,10852.0,24718.214285714286,2950191.9285714286,2.0503500000000003,44.07,44.73,43.95,44.73,True,BELOW_MINIMUM_RELATIVE_VOLUME,False,,,,,,,,,,,,,,BELOW_MINIMUM_RELATIVE_VOLUME,False,,,,,,,,,,,,,,BELOW_MINIMUM_RELATIVE_VOLUME,False,,,,,,,,,,,,,
orb_v1.0,2024-09-13,653,APH,BBG001S5NSK6,0.43649451653777255,14,LONG,False,BELOW_MINIMUM_RELATIVE_VOLUME,True,False,False,False,85629.0,196174.2857142857,6272085.5,1.9122357142857151,63.73,64.14,63.5,63.99,True,BELOW_MINIMUM_RELATIVE_VOLUME,False,,,,,,,,,,,,,,BELOW_MINIMUM_RELATIVE_VOLUME,False,,,,,,,,,,,,,,BELOW_MINIMUM_RELATIVE_VOLUME,False,,,,,,,,,,,,,
orb_v1.0,2024-09-13,654,SGML,BBG0027F58B9,0.4349630758772698,14,SHORT,False,BELOW_MINIMUM_RELATIVE_VOLUME,False,False,False,False,12066.0,27740.285714285714,1066981.2857142857,0.7739214285714285,10.47,10.47,10.36,10.405,True,BELOW_MINIMUM_RELATIVE_VOLUME,False,,,,,,,,,,,,,,BELOW_MINIMUM_RELATIVE_VOLUME,False,,,,,,,,,,,,,,BELOW_MINIMUM_RELATIVE_VOLUME,False,,,,,,,,,,,,,
orb_v1.0,2024-09-13,655,APO,BBG00ZNLTFL2,0.434846813587556,14,LONG,False,BELOW_MINIMUM_RELATIVE_VOLUME,True,False,False,False,20697.0,47596.07142857143,2763743.5714285714,3.342478571428572,113.0,113.765,112.73,113.46,True,BELOW_MINIMUM_RELATIVE_VOLUME,False,,,,,,,,,,,,,,BELOW_MINIMUM_RELATIVE_VOLUME,False,,,,,,,,,,,,,,BELOW_MINIMUM_RELATIVE_VOLUME,False,,,,,,,,,,,,,
orb_v1.0,2024-09-13,656,GME,BBG001S5RLR0,0.4323347359114949,14,SHORT,False,BELOW_MINIMUM_RELATIVE_VOLUME,False,True,False,False,175559.0,406071.9285714286,11646451.07142857,1.6825142857142859,20.49,20.5,20.34,20.48,False,BELOW_MINIMUM_RELATIVE_VOLUME,False,,,,,,,,,,,,,,BELOW_MINIMUM_RELATIVE_VOLUME,False,,,,,,,,,,,,,,BELOW_MINIMUM_RELATIVE_VOLUME,False,,,,,,,,,,,,,
orb_v1.0,2024-09-13,657,PLAY,BBG001WWJTL4,0.4256393526857295,14,SHORT,False,BELOW_MINIMUM_RELATIVE_VOLUME,False,False,False,False,32898.0,77290.78571428571,1972031.857142857,1.3421428571428564,32.0,32.0,31.43,31.57,True,BELOW_MINIMUM_RELATIVE_VOLUME,False,,,,,,,,,,,,,,BELOW_MINIMUM_RELATIVE_VOLUME,False,,,,,,,,,,,,,,BELOW_MINIMUM_RELATIVE_VOLUME,False,,,,,,,,,,,,,
orb_v1.0,2024-09-13,658,LC,BBG001YKDNH2,0.4242877741591424,14,LONG,False,BELOW_MINIMUM_RELATIVE_VOLUME,False,False,False,False,12758.0,30069.214285714286,1166778.5,0.5039428571428574,10.91,11.0124,10.91,10.98,True,BELOW_MINIMUM_RELATIVE_VOLUME,False,,,,,,,,,,,,,,BELOW_MINIMUM_RELATIVE_VOLUME,False,,,,,,,,,,,,,,BELOW_MINIMUM_RELATIVE_VOLUME,False,,,,,,,,,,,,,
orb_v1.0,2024-09-13,659,QGEN,0001015820,0.4182337237612984,14,LONG,False,BELOW_MINIMUM_RELATIVE_VOLUME,False,False,False,False,13227.0,31625.85714285714,1702419.9285714286,0.8812500000000009,45.86,45.96,45.86,45.94,True,BELOW_MINIMUM_RELATIVE_VOLUME,False,,,,,,,,,,,,,,BELOW_MINIMUM_RELATIVE_VOLUME,False,,,,,,,,,,,,,,BELOW_MINIMUM_RELATIVE_VOLUME,False,,,,,,,,,,,,,
orb_v1.0,2024-09-13,660,FTI,0001681459,0.4175951267234107,14,DOJI,False,BELOW_MINIMUM_RELATIVE_VOLUME,False,False,False,False,22593.0,54102.642857142855,3771211.714285714,0.7539285714285716,24.14,24.24,24.14,24.14,False,BELOW_MINIMUM_RELATIVE_VOLUME,False,,,,,,,,,,,,,,BELOW_MINIMUM_RELATIVE_VOLUME,False,,,,,,,,,,,,,,BELOW_MINIMUM_RELATIVE_VOLUME,False,,,,,,,,,,,,,
orb_v1.0,2024-09-13,661,TNGX,BBG00WFDDSK6,0.4158091540074949,14,LONG,False,BELOW_MINIMUM_RELATIVE_VOLUME,False,False,False,False,7236.0,17402.214285714286,1011341.9285714285,0.9245071428571429,10.15,10.3,10.15,10.3,True,BELOW_MINIMUM_RELATIVE_VOLUME,False,,,,,,,,,,,,,,BELOW_MINIMUM_RELATIVE_VOLUME,False,,,,,,,,,,,,,,BELOW_MINIMUM_RELATIVE_VOLUME,False,,,,,,,,,,,,,
orb_v1.0,2024-09-13,662,OKE,BBG001S5TWK1,0.41541293268749047,14,SHORT,False,BELOW_MINIMUM_RELATIVE_VOLUME,True,False,False,False,21618.0,52039.78571428572,2856856.785714286,1.706071428571428,90.75,90.98,90.52,90.55,True,BELOW_MINIMUM_RELATIVE_VOLUME,False,,,,,,,,,,,,,,BELOW_MINIMUM_RELATIVE_VOLUME,False,,,,,,,,,,,,,,BELOW_MINIMUM_RELATIVE_VOLUME,False,,,,,,,,,,,,,
orb_v1.0,2024-09-13,663,ASTS,BBG00Q402TS1,0.41366198837055135,14,SHORT,False,BELOW_MINIMUM_RELATIVE_VOLUME,False,True,False,False,390002.0,942803.5714285715,20955480.214285713,3.903814285714286,26.79,27.0,26.5,26.78,False,BELOW_MINIMUM_RELATIVE_VOLUME,False,,,,,,,,,,,,,,BELOW_MINIMUM_RELATIVE_VOLUME,False,,,,,,,,,,,,,,BELOW_MINIMUM_RELATIVE_VOLUME,False,,,,,,,,,,,,,
orb_v1.0,2024-09-13,664,CFLT,BBG007HWGYS3,0.4130836104442224,14,LONG,False,BELOW_MINIMUM_RELATIVE_VOLUME,False,False,False,False,19787.0,47900.71428571428,3498472.0714285714,0.7385714285714285,19.6,19.8,19.5899,19.76,True,BELOW_MINIMUM_RELATIVE_VOLUME,False,,,,,,,,,,,,,,BELOW_MINIMUM_RELATIVE_VOLUME,False,,,,,,,,,,,,,,BELOW_MINIMUM_RELATIVE_VOLUME,False,,,,,,,,,,,,,
orb_v1.0,2024-09-13,665,AER,0001378789,0.4085035637855715,14,SHORT,False,BELOW_MINIMUM_RELATIVE_VOLUME,True,False,False,False,8249.0,20193.214285714286,1281072.5714285714,2.2912142857142865,92.94,93.3059,92.665,92.85,False,BELOW_MINIMUM_RELATIVE_VOLUME,False,,,,,,,,,,,,,,BELOW_MINIMUM_RELATIVE_VOLUME,False,,,,,,,,,,,,,,BELOW_MINIMUM_RELATIVE_VOLUME,False,,,,,,,,,,,,,
orb_v1.0,2024-09-13,666,SPOT,0001639920,0.40843224576244874,14,LONG,False,BELOW_MINIMUM_RELATIVE_VOLUME,True,False,False,False,14091.0,34500.21428571428,1166511.7142857143,8.580264285714284,337.79,339.5,337.79,338.65,True,BELOW_MINIMUM_RELATIVE_VOLUME,False,,,,,,,,,,,,,,BELOW_MINIMUM_RELATIVE_VOLUME,False,,,,,,,,,,,,,,BELOW_MINIMUM_RELATIVE_VOLUME,False,,,,,,,,,,,,,
orb_v1.0,2024-09-13,667,GEO,BBG001S6VYZ6,0.4034053157375249,14,SHORT,False,BELOW_MINIMUM_RELATIVE_VOLUME,False,False,False,False,19472.0,48269.07142857143,1916741.7857142857,0.5428499999999999,12.65,12.7,12.55,12.57,True,BELOW_MINIMUM_RELATIVE_VOLUME,False,,,,,,,,,,,,,,BELOW_MINIMUM_RELATIVE_VOLUME,False,,,,,,,,,,,,,,BELOW_MINIMUM_RELATIVE_VOLUME,False,,,,,,,,,,,,,
orb_v1.0,2024-09-13,668,ESI,BBG004KDL523,0.4032749399568764,14,LONG,False,BELOW_MINIMUM_RELATIVE_VOLUME,False,False,False,False,3754.0,9308.785714285714,1033799.0714285715,0.5946428571428571,25.54,25.585,25.54,25.585,True,BELOW_MINIMUM_RELATIVE_VOLUME,False,,,,,,,,,,,,,,BELOW_MINIMUM_RELATIVE_VOLUME,False,,,,,,,,,,,,,,BELOW_MINIMUM_RELATIVE_VOLUME,False,,,,,,,,,,,,,
orb_v1.0,2024-09-13,669,VLO,BBG001S5X8K9,0.40306953424711295,14,SHORT,False,BELOW_MINIMUM_RELATIVE_VOLUME,True,False,False,False,23475.0,58240.57142857143,2861801.0714285714,4.127142857142859,135.0,135.0,134.48,134.55,True,BELOW_MINIMUM_RELATIVE_VOLUME,False,,,,,,,,,,,,,,BELOW_MINIMUM_RELATIVE_VOLUME,False,,,,,,,,,,,,,,BELOW_MINIMUM_RELATIVE_VOLUME,False,,,,,,,,,,,,,
orb_v1.0,2024-09-13,670,ZWS,BBG001T36GB5,0.40280780420103024,14,LONG,False,BELOW_MINIMUM_RELATIVE_VOLUME,False,False,False,False,8624.0,21409.714285714286,1294630.4285714286,0.9859857142857145,32.94,33.02,32.83,32.97,True,BELOW_MINIMUM_RELATIVE_VOLUME,False,,,,,,,,,,,,,,BELOW_MINIMUM_RELATIVE_VOLUME,False,,,,,,,,,,,,,,BELOW_MINIMUM_RELATIVE_VOLUME,False,,,,,,,,,,,,,
orb_v1.0,2024-09-13,671,WDC,BBG001S5XD28,0.4007723221512409,14,LONG,False,BELOW_MINIMUM_RELATIVE_VOLUME,True,False,False,False,48808.0,121784.85714285714,4132052.0714285714,2.068385714285714,63.59,64.13,63.59,64.08,True,BELOW_MINIMUM_RELATIVE_VOLUME,False,,,,,,,,,,,,,,BELOW_MINIMUM_RELATIVE_VOLUME,False,,,,,,,,,,,,,,BELOW_MINIMUM_RELATIVE_VOLUME,False,,,,,,,,,,,,,
orb_v1.0,2024-09-13,672,CLX,BBG001S5PX50,0.3994057689232297,14,LONG,False,BELOW_MINIMUM_RELATIVE_VOLUME,True,False,False,False,13558.0,33945.42857142857,1266138.0,2.990221428571431,164.92,165.42,164.685,165.23,True,BELOW_MINIMUM_RELATIVE_VOLUME,False,,,,,,,,,,,,,,BELOW_MINIMUM_RELATIVE_VOLUME,False,,,,,,,,,,,,,,BELOW_MINIMUM_RELATIVE_VOLUME,False,,,,,,,,,,,,,
orb_v1.0,2024-09-13,673,CAVA,BBG00GBR8762,0.39719692931837064,14,LONG,False,BELOW_MINIMUM_RELATIVE_VOLUME,False,False,False,False,99486.0,250470.2142857143,5586458.857142857,6.753564285714288,126.52,127.0,125.9,126.84,False,BELOW_MINIMUM_RELATIVE_VOLUME,False,,,,,,,,,,,,,,BELOW_MINIMUM_RELATIVE_VOLUME,False,,,,,,,,,,,,,,BELOW_MINIMUM_RELATIVE_VOLUME,False,,,,,,,,,,,,,
orb_v1.0,2024-09-13,674,TVTX,BBG001SL72C5,0.3963433167749808,14,LONG,False,BELOW_MINIMUM_RELATIVE_VOLUME,False,False,False,False,31761.0,80135.07142857143,1808570.4285714286,0.8351285714285713,12.89,13.06,12.77,13.05,True,BELOW_MINIMUM_RELATIVE_VOLUME,False,,,,,,,,,,,,,,BELOW_MINIMUM_RELATIVE_VOLUME,False,,,,,,,,,,,,,,BELOW_MINIMUM_RELATIVE_VOLUME,False,,,,,,,,,,,,,
orb_v1.0,2024-09-13,675,IREN,0001878848,0.39325135713757625,14,SHORT,False,BELOW_MINIMUM_RELATIVE_VOLUME,False,False,False,False,249995.0,635713.0,13922491.0,0.7058999999999999,7.4,7.44,7.31,7.33,True,BELOW_MINIMUM_RELATIVE_VOLUME,False,,,,,,,,,,,,,,BELOW_MINIMUM_RELATIVE_VOLUME,False,,,,,,,,,,,,,,BELOW_MINIMUM_RELATIVE_VOLUME,False,,,,,,,,,,,,,
orb_v1.0,2024-09-13,676,MXL,BBG001S6MZV7,0.3891522628897853,14,LONG,False,BELOW_MINIMUM_RELATIVE_VOLUME,False,False,False,False,12272.0,31535.214285714286,1317084.5,0.9867428571428569,14.23,14.45,14.23,14.45,True,BELOW_MINIMUM_RELATIVE_VOLUME,False,,,,,,,,,,,,,,BELOW_MINIMUM_RELATIVE_VOLUME,False,,,,,,,,,,,,,,BELOW_MINIMUM_RELATIVE_VOLUME,False,,,,,,,,,,,,,
orb_v1.0,2024-09-13,677,COHR,BBG001S5S6N6,0.3888584532064426,14,LONG,False,BELOW_MINIMUM_RELATIVE_VOLUME,False,False,False,False,28392.0,73013.71428571429,1906726.5714285714,3.3824285714285685,76.08,77.59,76.08,77.3304,True,BELOW_MINIMUM_RELATIVE_VOLUME,False,,,,,,,,,,,,,,BELOW_MINIMUM_RELATIVE_VOLUME,False,,,,,,,,,,,,,,BELOW_MINIMUM_RELATIVE_VOLUME,False,,,,,,,,,,,,,
orb_v1.0,2024-09-13,678,VNOM,BBG006G57XH9,0.38782885481148005,14,SHORT,False,BELOW_MINIMUM_RELATIVE_VOLUME,False,False,False,False,31505.0,81234.28571428571,1615264.357142857,1.561778571428572,43.57,43.57,43.155,43.155,True,BELOW_MINIMUM_RELATIVE_VOLUME,False,,,,,,,,,,,,,,BELOW_MINIMUM_RELATIVE_VOLUME,False,,,,,,,,,,,,,,BELOW_MINIMUM_RELATIVE_VOLUME,False,,,,,,,,,,,,,
orb_v1.0,2024-09-13,679,ALAB,BBG00TDKHWK6,0.38290133975393187,14,LONG,False,BELOW_MINIMUM_RELATIVE_VOLUME,False,False,False,False,34396.0,89829.92857142857,3765313.1428571427,3.461671428571428,41.84,42.22,41.4695,42.21,True,BELOW_MINIMUM_RELATIVE_VOLUME,False,,,,,,,,,,,,,,BELOW_MINIMUM_RELATIVE_VOLUME,False,,,,,,,,,,,,,,BELOW_MINIMUM_RELATIVE_VOLUME,False,,,,,,,,,,,,,
orb_v1.0,2024-09-13,680,AEE,BBG001S5NF24,0.3761049261789861,14,LONG,False,BELOW_MINIMUM_RELATIVE_VOLUME,True,False,False,False,4498.0,11959.42857142857,1347728.0714285714,1.2239285714285697,83.54,83.84,83.54,83.81,True,BELOW_MINIMUM_RELATIVE_VOLUME,False,,,,,,,,,,,,,,BELOW_MINIMUM_RELATIVE_VOLUME,False,,,,,,,,,,,,,,BELOW_MINIMUM_RELATIVE_VOLUME,False,,,,,,,,,,,,,
orb_v1.0,2024-09-13,681,CRM,BBG001SDLP09,0.37592507400839137,14,LONG,False,BELOW_MINIMUM_RELATIVE_VOLUME,True,False,False,False,108683.0,289108.14285714284,6358175.642857143,6.713907142857146,252.54,254.385,252.445,253.78,True,BELOW_MINIMUM_RELATIVE_VOLUME,False,,,,,,,,,,,,,,BELOW_MINIMUM_RELATIVE_VOLUME,False,,,,,,,,,,,,,,BELOW_MINIMUM_RELATIVE_VOLUME,False,,,,,,,,,,,,,
orb_v1.0,2024-09-13,682,QRVO,BBG007TJF1P5,0.37436526688161653,14,LONG,False,BELOW_MINIMUM_RELATIVE_VOLUME,False,False,False,False,4097.0,10943.857142857143,1228890.9285714286,4.111464285714285,106.59,106.98,106.15,106.98,True,BELOW_MINIMUM_RELATIVE_VOLUME,False,,,,,,,,,,,,,,BELOW_MINIMUM_RELATIVE_VOLUME,False,,,,,,,,,,,,,,BELOW_MINIMUM_RELATIVE_VOLUME,False,,,,,,,,,,,,,
orb_v1.0,2024-09-13,683,NVCR,0001645113,0.37396861829478223,14,LONG,False,BELOW_MINIMUM_RELATIVE_VOLUME,False,False,False,False,6750.0,18049.64285714286,1138298.0714285714,1.2815714285714286,17.69,17.79,17.53,17.79,True,BELOW_MINIMUM_RELATIVE_VOLUME,False,,,,,,,,,,,,,,BELOW_MINIMUM_RELATIVE_VOLUME,False,,,,,,,,,,,,,,BELOW_MINIMUM_RELATIVE_VOLUME,False,,,,,,,,,,,,,
orb_v1.0,2024-09-13,684,CRDO,0001807794,0.3716658306625942,14,SHORT,False,BELOW_MINIMUM_RELATIVE_VOLUME,False,False,False,False,50438.0,135707.92857142858,3697085.0714285714,2.362485714285715,27.99,28.22,27.82,27.925,True,BELOW_MINIMUM_RELATIVE_VOLUME,False,,,,,,,,,,,,,,BELOW_MINIMUM_RELATIVE_VOLUME,False,,,,,,,,,,,,,,BELOW_MINIMUM_RELATIVE_VOLUME,False,,,,,,,,,,,,,
orb_v1.0,2024-09-13,685,ULTA,BBG00FWQ4W44,0.37117236798405845,14,LONG,False,BELOW_MINIMUM_RELATIVE_VOLUME,True,False,False,False,25146.0,67747.5,1561993.4285714286,11.998871428571428,375.99,379.91,375.0,378.84,True,BELOW_MINIMUM_RELATIVE_VOLUME,False,,,,,,,,,,,,,,BELOW_MINIMUM_RELATIVE_VOLUME,False,,,,,,,,,,,,,,BELOW_MINIMUM_RELATIVE_VOLUME,False,,,,,,,,,,,,,
orb_v1.0,2024-09-13,686,AVDL,BBG001SD3F74,0.36927607418420666,14,SHORT,False,BELOW_MINIMUM_RELATIVE_VOLUME,False,False,False,False,9172.0,24837.785714285714,1108494.857142857,0.6646428571428572,14.04,14.065,14.0,14.02,True,BELOW_MINIMUM_RELATIVE_VOLUME,False,,,,,,,,,,,,,,BELOW_MINIMUM_RELATIVE_VOLUME,False,,,,,,,,,,,,,,BELOW_MINIMUM_RELATIVE_VOLUME,False,,,,,,,,,,,,,
orb_v1.0,2024-09-13,687,EVH,BBG005CHLMB3,0.3678329980542822,14,SHORT,False,BELOW_MINIMUM_RELATIVE_VOLUME,False,False,False,False,15934.0,43318.57142857143,1725962.357142857,1.0686428571428572,30.62,30.84,30.5,30.5,True,BELOW_MINIMUM_RELATIVE_VOLUME,False,,,,,,,,,,,,,,BELOW_MINIMUM_RELATIVE_VOLUME,False,,,,,,,,,,,,,,BELOW_MINIMUM_RELATIVE_VOLUME,False,,,,,,,,,,,,,
orb_v1.0,2024-09-13,688,DFS,BBG001SS0KV6,0.36698715100677104,14,LONG,False,BELOW_MINIMUM_RELATIVE_VOLUME,True,False,False,False,5900.0,16076.857142857143,1262848.5714285714,4.416142857142856,129.85,131.3,129.85,131.1894,True,BELOW_MINIMUM_RELATIVE_VOLUME,False,,,,,,,,,,,,,,BELOW_MINIMUM_RELATIVE_VOLUME,False,,,,,,,,,,,,,,BELOW_MINIMUM_RELATIVE_VOLUME,False,,,,,,,,,,,,,
orb_v1.0,2024-09-13,689,FTV,BBG00BLVZ237,0.3665033129600059,14,LONG,False,BELOW_MINIMUM_RELATIVE_VOLUME,True,False,False,False,14263.0,38916.42857142857,2988127.3571428573,1.557857142857141,73.66,74.0,73.505,73.87,True,BELOW_MINIMUM_RELATIVE_VOLUME,False,,,,,,,,,,,,,,BELOW_MINIMUM_RELATIVE_VOLUME,False,,,,,,,,,,,,,,BELOW_MINIMUM_RELATIVE_VOLUME,False,,,,,,,,,,,,,
orb_v1.0,2024-09-13,690,ZS,BBG003338H61,0.36060435278456743,14,LONG,False,BELOW_MINIMUM_RELATIVE_VOLUME,True,False,False,False,32952.0,91379.92857142857,2909644.285714286,8.3096,167.22,168.63,166.98,168.45,True,BELOW_MINIMUM_RELATIVE_VOLUME,False,,,,,,,,,,,,,,BELOW_MINIMUM_RELATIVE_VOLUME,False,,,,,,,,,,,,,,BELOW_MINIMUM_RELATIVE_VOLUME,False,,,,,,,,,,,,,
orb_v1.0,2024-09-13,691,PGY,0001883085,0.35749644660099006,14,LONG,False,BELOW_MINIMUM_RELATIVE_VOLUME,False,False,False,False,10941.0,30604.5,1100955.5,0.9067857142857141,12.39,12.49,12.325,12.49,True,BELOW_MINIMUM_RELATIVE_VOLUME,False,,,,,,,,,,,,,,BELOW_MINIMUM_RELATIVE_VOLUME,False,,,,,,,,,,,,,,BELOW_MINIMUM_RELATIVE_VOLUME,False,,,,,,,,,,,,,
orb_v1.0,2024-09-13,692,JWN,BBG001S7BDN5,0.3570432272431984,14,LONG,False,BELOW_MINIMUM_RELATIVE_VOLUME,False,False,False,False,50446.0,141288.2142857143,3689848.9285714286,0.8064285714285714,22.8,23.03,22.8,23.03,True,BELOW_MINIMUM_RELATIVE_VOLUME,False,,,,,,,,,,,,,,BELOW_MINIMUM_RELATIVE_VOLUME,False,,,,,,,,,,,,,,BELOW_MINIMUM_RELATIVE_VOLUME,False,,,,,,,,,,,,,
orb_v1.0,2024-09-13,693,WEC,BBG001S5XDC7,0.3564746284563917,14,SHORT,False,BELOW_MINIMUM_RELATIVE_VOLUME,True,False,False,False,12041.0,33778.0,1771429.642857143,1.1452571428571423,95.24,95.24,94.8975,94.8975,True,BELOW_MINIMUM_RELATIVE_VOLUME,False,,,,,,,,,,,,,,BELOW_MINIMUM_RELATIVE_VOLUME,False,,,,,,,,,,,,,,BELOW_MINIMUM_RELATIVE_VOLUME,False,,,,,,,,,,,,,
orb_v1.0,2024-09-13,694,SGRY,BBG009T0TKW7,0.35119407349644216,14,LONG,False,BELOW_MINIMUM_RELATIVE_VOLUME,False,False,False,False,5147.0,14655.714285714286,1090050.357142857,1.3671428571428572,30.46,30.49,30.17,30.48,True,BELOW_MINIMUM_RELATIVE_VOLUME,False,,,,,,,,,,,,,,BELOW_MINIMUM_RELATIVE_VOLUME,False,,,,,,,,,,,,,,BELOW_MINIMUM_RELATIVE_VOLUME,False,,,,,,,,,,,,,
orb_v1.0,2024-09-13,695,FROG,0001800667,0.3495512482087638,14,LONG,False,BELOW_MINIMUM_RELATIVE_VOLUME,False,False,False,False,13242.0,37882.857142857145,2031419.7142857143,1.3149999999999995,27.95,28.0613,27.835,28.05,True,BELOW_MINIMUM_RELATIVE_VOLUME,False,,,,,,,,,,,,,,BELOW_MINIMUM_RELATIVE_VOLUME,False,,,,,,,,,,,,,,BELOW_MINIMUM_RELATIVE_VOLUME,False,,,,,,,,,,,,,
orb_v1.0,2024-09-13,696,ROST,BBG001S5VRS1,0.3421950310399342,14,LONG,False,BELOW_MINIMUM_RELATIVE_VOLUME,True,False,False,False,19017.0,55573.57142857143,2614734.285714286,3.2774999999999994,153.46,154.24,153.195,153.76,True,BELOW_MINIMUM_RELATIVE_VOLUME,False,,,,,,,,,,,,,,BELOW_MINIMUM_RELATIVE_VOLUME,False,,,,,,,,,,,,,,BELOW_MINIMUM_RELATIVE_VOLUME,False,,,,,,,,,,,,,
orb_v1.0,2024-09-13,697,PDCO,BBG001S5V2S6,0.34133984545852164,14,LONG,False,BELOW_MINIMUM_RELATIVE_VOLUME,False,False,False,False,9365.0,27436.0,1286841.357142857,0.9324285714285716,21.28,21.35,21.145,21.29,True,BELOW_MINIMUM_RELATIVE_VOLUME,False,,,,,,,,,,,,,,BELOW_MINIMUM_RELATIVE_VOLUME,False,,,,,,,,,,,,,,BELOW_MINIMUM_RELATIVE_VOLUME,False,,,,,,,,,,,,,
orb_v1.0,2024-09-13,698,ARQT,BBG00QN8K4P1,0.33953016731451746,14,LONG,False,BELOW_MINIMUM_RELATIVE_VOLUME,False,False,False,False,16933.0,49871.857142857145,1982758.7857142857,0.7725357142857143,10.6,10.67,10.54,10.66,True,BELOW_MINIMUM_RELATIVE_VOLUME,False,,,,,,,,,,,,,,BELOW_MINIMUM_RELATIVE_VOLUME,False,,,,,,,,,,,,,,BELOW_MINIMUM_RELATIVE_VOLUME,False,,,,,,,,,,,,,
orb_v1.0,2024-09-13,699,CLS,BBG001S9CXM7,0.3379178986189659,14,LONG,False,BELOW_MINIMUM_RELATIVE_VOLUME,False,False,False,False,23862.0,70614.78571428571,2225406.785714286,2.415542857142856,45.81,46.25,45.7337,46.22,False,BELOW_MINIMUM_RELATIVE_VOLUME,False,,,,,,,,,,,,,,BELOW_MINIMUM_RELATIVE_VOLUME,False,,,,,,,,,,,,,,BELOW_MINIMUM_RELATIVE_VOLUME,False,,,,,,,,,,,,,
orb_v1.0,2024-09-13,700,AEP,BBG001S5NFD2,0.33663067534035274,14,SHORT,False,BELOW_MINIMUM_RELATIVE_VOLUME,True,False,False,False,20078.0,59644.0,2833982.9285714286,1.5461071428571418,103.21,103.322,102.99,103.035,True,BELOW_MINIMUM_RELATIVE_VOLUME,False,,,,,,,,,,,,,,BELOW_MINIMUM_RELATIVE_VOLUME,False,,,,,,,,,,,,,,BELOW_MINIMUM_RELATIVE_VOLUME,False,,,,,,,,,,,,,
orb_v1.0,2024-09-13,701,SLM,BBG001S5W4T0,0.33391946289218605,14,LONG,False,BELOW_MINIMUM_RELATIVE_VOLUME,False,False,False,False,11489.0,34406.5,1392971.2142857143,0.5960714285714283,21.09,21.29,21.045,21.29,False,BELOW_MINIMUM_RELATIVE_VOLUME,False,,,,,,,,,,,,,,BELOW_MINIMUM_RELATIVE_VOLUME,False,,,,,,,,,,,,,,BELOW_MINIMUM_RELATIVE_VOLUME,False,,,,,,,,,,,,,
orb_v1.0,2024-09-13,702,SAVA,BBG001SCKXX9,0.3330964775620322,14,LONG,False,BELOW_MINIMUM_RELATIVE_VOLUME,False,False,False,False,12523.0,37595.71428571428,1133811.2142857143,2.008792857142857,28.43,28.78,28.4,28.72,True,BELOW_MINIMUM_RELATIVE_VOLUME,False,,,,,,,,,,,,,,BELOW_MINIMUM_RELATIVE_VOLUME,False,,,,,,,,,,,,,,BELOW_MINIMUM_RELATIVE_VOLUME,False,,,,,,,,,,,,,
orb_v1.0,2024-09-13,703,NTNX,BBG001V13SG8,0.33169935704630177,14,LONG,False,BELOW_MINIMUM_RELATIVE_VOLUME,False,False,False,False,25467.0,76777.35714285714,2608002.9285714286,2.429007142857144,60.58,61.13,60.58,61.04,True,BELOW_MINIMUM_RELATIVE_VOLUME,False,,,,,,,,,,,,,,BELOW_MINIMUM_RELATIVE_VOLUME,False,,,,,,,,,,,,,,BELOW_MINIMUM_RELATIVE_VOLUME,False,,,,,,,,,,,,,
orb_v1.0,2024-09-13,704,MP,BBG00TJGL0T5,0.3289431578241312,14,LONG,False,BELOW_MINIMUM_RELATIVE_VOLUME,False,False,False,False,33628.0,102230.42857142857,2754328.5714285714,0.6440000000000001,13.88,14.03,13.88,14.025,True,BELOW_MINIMUM_RELATIVE_VOLUME,False,,,,,,,,,,,,,,BELOW_MINIMUM_RELATIVE_VOLUME,False,,,,,,,,,,,,,,BELOW_MINIMUM_RELATIVE_VOLUME,False,,,,,,,,,,,,,
orb_v1.0,2024-09-13,705,EIX,BBG001S7MY75,0.32069580817717663,14,SHORT,False,BELOW_MINIMUM_RELATIVE_VOLUME,True,False,False,False,11849.0,36947.78571428572,2061454.642857143,1.495357142857141,84.93,84.93,84.72,84.85,True,BELOW_MINIMUM_RELATIVE_VOLUME,False,,,,,,,,,,,,,,BELOW_MINIMUM_RELATIVE_VOLUME,False,,,,,,,,,,,,,,BELOW_MINIMUM_RELATIVE_VOLUME,False,,,,,,,,,,,,,
orb_v1.0,2024-09-13,706,RILY,BBG001SV8TK4,0.3203080018309085,14,SHORT,False,BELOW_MINIMUM_RELATIVE_VOLUME,True,False,False,False,34889.0,108923.28571428571,2428665.4285714286,0.7044499999999999,6.37,6.38,6.2673,6.3101,True,BELOW_MINIMUM_RELATIVE_VOLUME,False,,,,,,,,,,,,,,BELOW_MINIMUM_RELATIVE_VOLUME,False,,,,,,,,,,,,,,BELOW_MINIMUM_RELATIVE_VOLUME,False,,,,,,,,,,,,,
orb_v1.0,2024-09-13,707,GDDY,BBG006MDLXZ9,0.31299341410900494,14,LONG,False,BELOW_MINIMUM_RELATIVE_VOLUME,True,False,False,False,8473.0,27070.85714285714,1320072.5714285714,3.721028571428572,152.49,153.62,152.49,153.3475,False,BELOW_MINIMUM_RELATIVE_VOLUME,False,,,,,,,,,,,,,,BELOW_MINIMUM_RELATIVE_VOLUME,False,,,,,,,,,,,,,,BELOW_MINIMUM_RELATIVE_VOLUME,False,,,,,,,,,,,,,
orb_v1.0,2024-09-13,708,ZM,BBG0042V6JN7,0.3112735183828754,14,LONG,False,BELOW_MINIMUM_RELATIVE_VOLUME,True,False,False,False,73215.0,235211.14285714287,4130489.9285714286,1.6671428571428575,66.51,66.89,66.445,66.74,True,BELOW_MINIMUM_RELATIVE_VOLUME,False,,,,,,,,,,,,,,BELOW_MINIMUM_RELATIVE_VOLUME,False,,,,,,,,,,,,,,BELOW_MINIMUM_RELATIVE_VOLUME,False,,,,,,,,,,,,,
orb_v1.0,2024-09-13,709,TRP,BBG001S5WW27,0.30221970754936045,14,SHORT,False,BELOW_MINIMUM_RELATIVE_VOLUME,True,False,False,False,13201.0,43680.142857142855,2502758.0714285714,0.7438500000000013,46.36,46.36,46.19,46.23,True,BELOW_MINIMUM_RELATIVE_VOLUME,False,,,,,,,,,,,,,,BELOW_MINIMUM_RELATIVE_VOLUME,False,,,,,,,,,,,,,,BELOW_MINIMUM_RELATIVE_VOLUME,False,,,,,,,,,,,,,
orb_v1.0,2024-09-13,710,SIRI,BBG01KJQM3Z7,0.3012870587968738,14,LONG,False,BELOW_MINIMUM_RELATIVE_VOLUME,True,False,False,False,170969.0,567462.1428571428,17943208.785714287,2.3278642857142855,25.59,25.82,25.5685,25.65,False,BELOW_MINIMUM_RELATIVE_VOLUME,False,,,,,,,,,,,,,,BELOW_MINIMUM_RELATIVE_VOLUME,False,,,,,,,,,,,,,,BELOW_MINIMUM_RELATIVE_VOLUME,False,,,,,,,,,,,,,
orb_v1.0,2024-09-13,711,ZIM,0001654126,0.29925643823152437,14,SHORT,False,BELOW_MINIMUM_RELATIVE_VOLUME,False,False,False,False,78466.0,262203.21428571426,5452714.785714285,0.9318357142857142,18.69,18.7,18.45,18.68,True,BELOW_MINIMUM_RELATIVE_VOLUME,False,,,,,,,,,,,,,,BELOW_MINIMUM_RELATIVE_VOLUME,False,,,,,,,,,,,,,,BELOW_MINIMUM_RELATIVE_VOLUME,False,,,,,,,,,,,,,
orb_v1.0,2024-09-13,712,CCEP,0001650107,0.2954688385152831,14,SHORT,False,BELOW_MINIMUM_RELATIVE_VOLUME,True,False,False,False,12853.0,43500.357142857145,1572948.2142857143,1.1310714285714272,80.82,80.82,80.52,80.65,True,BELOW_MINIMUM_RELATIVE_VOLUME,False,,,,,,,,,,,,,,BELOW_MINIMUM_RELATIVE_VOLUME,False,,,,,,,,,,,,,,BELOW_MINIMUM_RELATIVE_VOLUME,False,,,,,,,,,,,,,
orb_v1.0,2024-09-13,713,EBS,BBG001SP1G40,0.29455808533591393,14,LONG,False,BELOW_MINIMUM_RELATIVE_VOLUME,False,False,False,False,28221.0,95807.92857142857,2330430.8571428573,0.787042857142857,7.56,7.85,7.56,7.818,True,BELOW_MINIMUM_RELATIVE_VOLUME,False,,,,,,,,,,,,,,BELOW_MINIMUM_RELATIVE_VOLUME,False,,,,,,,,,,,,,,BELOW_MINIMUM_RELATIVE_VOLUME,False,,,,,,,,,,,,,
orb_v1.0,2024-09-13,714,S,BBG00B6F2F27,0.28228194626033315,14,LONG,False,BELOW_MINIMUM_RELATIVE_VOLUME,False,False,False,False,67393.0,238743.57142857142,5799563.5,1.0775357142857147,22.26,22.49,22.23,22.435,True,BELOW_MINIMUM_RELATIVE_VOLUME,False,,,,,,,,,,,,,,BELOW_MINIMUM_RELATIVE_VOLUME,False,,,,,,,,,,,,,,BELOW_MINIMUM_RELATIVE_VOLUME,False,,,,,,,,,,,,,
orb_v1.0,2024-09-13,715,SO,BBG001S5W777,0.282150907170591,14,SHORT,False,BELOW_MINIMUM_RELATIVE_VOLUME,True,False,False,False,30588.0,108410.07142857143,4257799.071428572,1.265271428571427,88.56,88.69,88.405,88.405,True,BELOW_MINIMUM_RELATIVE_VOLUME,False,,,,,,,,,,,,,,BELOW_MINIMUM_RELATIVE_VOLUME,False,,,,,,,,,,,,,,BELOW_MINIMUM_RELATIVE_VOLUME,False,,,,,,,,,,,,,
orb_v1.0,2024-09-13,716,CHD,BBG001S5PR99,0.2819682175864201,14,SHORT,False,BELOW_MINIMUM_RELATIVE_VOLUME,True,False,False,False,7100.0,25180.14285714286,1316151.142857143,1.784790000000002,103.32,103.32,103.15,103.15,True,BELOW_MINIMUM_RELATIVE_VOLUME,False,,,,,,,,,,,,,,BELOW_MINIMUM_RELATIVE_VOLUME,False,,,,,,,,,,,,,,BELOW_MINIMUM_RELATIVE_VOLUME,False,,,,,,,,,,,,,
orb_v1.0,2024-09-13,717,CNC,BBG001S6T7Q8,0.2816546862477793,14,SHORT,False,BELOW_MINIMUM_RELATIVE_VOLUME,True,False,False,False,31153.0,110607.07142857143,4087903.285714286,2.0728571428571447,74.9,75.15,74.89,74.89,True,BELOW_MINIMUM_RELATIVE_VOLUME,False,,,,,,,,,,,,,,BELOW_MINIMUM_RELATIVE_VOLUME,False,,,,,,,,,,,,,,BELOW_MINIMUM_RELATIVE_VOLUME,False,,,,,,,,,,,,,
orb_v1.0,2024-09-13,718,RLAY,BBG00DSS08L8,0.2716155184604933,14,SHORT,False,BELOW_MINIMUM_RELATIVE_VOLUME,False,False,False,False,44779.0,164861.7142857143,3764541.8571428573,0.9632785714285717,7.67,7.8,7.6,7.61,True,BELOW_MINIMUM_RELATIVE_VOLUME,False,,,,,,,,,,,,,,BELOW_MINIMUM_RELATIVE_VOLUME,False,,,,,,,,,,,,,,BELOW_MINIMUM_RELATIVE_VOLUME,False,,,,,,,,,,,,,
orb_v1.0,2024-09-13,719,TWLO,BBG0029ZX859,0.2693034437405229,14,LONG,False,BELOW_MINIMUM_RELATIVE_VOLUME,False,False,False,False,10618.0,39427.642857142855,1810747.7142857143,1.8925285714285702,59.33,59.6,59.33,59.6,True,BELOW_MINIMUM_RELATIVE_VOLUME,False,,,,,,,,,,,,,,BELOW_MINIMUM_RELATIVE_VOLUME,False,,,,,,,,,,,,,,BELOW_MINIMUM_RELATIVE_VOLUME,False,,,,,,,,,,,,,
orb_v1.0,2024-09-13,720,LULU,BBG001STBM75,0.26861708224520836,14,LONG,False,BELOW_MINIMUM_RELATIVE_VOLUME,True,False,False,False,30968.0,115286.78571428571,2731998.9285714286,9.222350000000002,261.01,262.85,260.91,262.85,True,BELOW_MINIMUM_RELATIVE_VOLUME,False,,,,,,,,,,,,,,BELOW_MINIMUM_RELATIVE_VOLUME,False,,,,,,,,,,,,,,BELOW_MINIMUM_RELATIVE_VOLUME,False,,,,,,,,,,,,,
orb_v1.0,2024-09-13,721,CNM,BBG01163K3R5,0.2614306502028206,14,LONG,False,BELOW_MINIMUM_RELATIVE_VOLUME,False,False,False,False,30940.0,118348.78571428571,4599042.357142857,2.1320142857142867,39.97,40.56,39.86,40.52,True,BELOW_MINIMUM_RELATIVE_VOLUME,False,,,,,,,,,,,,,,BELOW_MINIMUM_RELATIVE_VOLUME,False,,,,,,,,,,,,,,BELOW_MINIMUM_RELATIVE_VOLUME,False,,,,,,,,,,,,,
orb_v1.0,2024-09-13,722,ALNY,BBG001S7FTC8,0.2572378665118366,14,LONG,False,BELOW_MINIMUM_RELATIVE_VOLUME,True,False,False,False,9747.0,37891.0,1047213.2857142857,10.322271428571423,261.0,263.16,260.64,261.63,True,BELOW_MINIMUM_RELATIVE_VOLUME,False,,,,,,,,,,,,,,BELOW_MINIMUM_RELATIVE_VOLUME,False,,,,,,,,,,,,,,BELOW_MINIMUM_RELATIVE_VOLUME,False,,,,,,,,,,,,,
orb_v1.0,2024-09-13,723,ESTC,0001707753,0.2567291881474383,14,SHORT,False,BELOW_MINIMUM_RELATIVE_VOLUME,False,False,False,False,22427.0,87356.64285714286,2607687.6428571427,5.140714285714284,74.0,74.02,73.85,73.9,False,BELOW_MINIMUM_RELATIVE_VOLUME,False,,,,,,,,,,,,,,BELOW_MINIMUM_RELATIVE_VOLUME,False,,,,,,,,,,,,,,BELOW_MINIMUM_RELATIVE_VOLUME,False,,,,,,,,,,,,,
orb_v1.0,2024-09-13,724,ASAN,BBG00WYHL741,0.25534113571868916,14,LONG,False,BELOW_MINIMUM_RELATIVE_VOLUME,False,False,False,False,22662.0,88751.85714285714,2574556.5714285714,0.7341571428571426,11.8,11.84,11.77,11.81,True,BELOW_MINIMUM_RELATIVE_VOLUME,False,,,,,,,,,,,,,,BELOW_MINIMUM_RELATIVE_VOLUME,False,,,,,,,,,,,,,,BELOW_MINIMUM_RELATIVE_VOLUME,False,,,,,,,,,,,,,
orb_v1.0,2024-09-13,725,YOU,BBG011C0FSZ6,0.25531051777548314,14,LONG,False,BELOW_MINIMUM_RELATIVE_VOLUME,False,False,False,False,13846.0,54232.0,1859596.4285714286,1.1963499999999994,29.49,29.77,29.45,29.665,True,BELOW_MINIMUM_RELATIVE_VOLUME,False,,,,,,,,,,,,,,BELOW_MINIMUM_RELATIVE_VOLUME,False,,,,,,,,,,,,,,BELOW_MINIMUM_RELATIVE_VOLUME,False,,,,,,,,,,,,,
orb_v1.0,2024-09-13,726,PSTG,BBG00212PW10,0.2532272310709887,14,LONG,False,BELOW_MINIMUM_RELATIVE_VOLUME,True,False,False,False,30533.0,120575.5,4277606.714285715,2.397507142857143,48.27,48.5,48.27,48.31,True,BELOW_MINIMUM_RELATIVE_VOLUME,False,,,,,,,,,,,,,,BELOW_MINIMUM_RELATIVE_VOLUME,False,,,,,,,,,,,,,,BELOW_MINIMUM_RELATIVE_VOLUME,False,,,,,,,,,,,,,
orb_v1.0,2024-09-13,727,DKS,BBG001SK2651,0.2518738133836452,14,LONG,False,BELOW_MINIMUM_RELATIVE_VOLUME,True,False,False,False,9078.0,36041.857142857145,1209479.642857143,7.270414285714286,212.09,213.71,212.09,213.6503,True,BELOW_MINIMUM_RELATIVE_VOLUME,False,,,,,,,,,,,,,,BELOW_MINIMUM_RELATIVE_VOLUME,False,,,,,,,,,,,,,,BELOW_MINIMUM_RELATIVE_VOLUME,False,,,,,,,,,,,,,
orb_v1.0,2024-09-13,728,CMS,BBG001S5PYJ3,0.24938594470419895,14,LONG,False,BELOW_MINIMUM_RELATIVE_VOLUME,True,False,False,False,10980.0,44028.142857142855,2090460.857142857,0.8982142857142829,69.41,69.57,69.32,69.415,True,BELOW_MINIMUM_RELATIVE_VOLUME,False,,,,,,,,,,,,,,BELOW_MINIMUM_RELATIVE_VOLUME,False,,,,,,,,,,,,,,BELOW_MINIMUM_RELATIVE_VOLUME,False,,,,,,,,,,,,,
orb_v1.0,2024-09-13,729,TRGP,BBG001TC94B9,0.24759262914504848,14,SHORT,False,BELOW_MINIMUM_RELATIVE_VOLUME,True,False,False,False,10035.0,40530.28571428572,1794994.0,3.4311285714285753,147.21,147.28,146.975,147.0,True,BELOW_MINIMUM_RELATIVE_VOLUME,False,,,,,,,,,,,,,,BELOW_MINIMUM_RELATIVE_VOLUME,False,,,,,,,,,,,,,,BELOW_MINIMUM_RELATIVE_VOLUME,False,,,,,,,,,,,,,
orb_v1.0,2024-09-13,730,DOCU,BBG001T535D5,0.246450117517086,14,LONG,False,BELOW_MINIMUM_RELATIVE_VOLUME,False,False,False,False,22754.0,92327.0,2899094.0714285714,1.850785714285715,56.48,56.88,56.3,56.68,True,BELOW_MINIMUM_RELATIVE_VOLUME,False,,,,,,,,,,,,,,BELOW_MINIMUM_RELATIVE_VOLUME,False,,,,,,,,,,,,,,BELOW_MINIMUM_RELATIVE_VOLUME,False,,,,,,,,,,,,,
orb_v1.0,2024-09-13,731,CRWD,BBG00BLYKRZ7,0.24622081633017287,14,LONG,False,BELOW_MINIMUM_RELATIVE_VOLUME,True,False,False,False,65039.0,264149.0714285714,4722930.285714285,9.994899999999998,257.0,258.39,256.0,257.975,True,BELOW_MINIMUM_RELATIVE_VOLUME,False,,,,,,,,,,,,,,BELOW_MINIMUM_RELATIVE_VOLUME,False,,,,,,,,,,,,,,BELOW_MINIMUM_RELATIVE_VOLUME,False,,,,,,,,,,,,,
orb_v1.0,2024-09-13,732,INSM,BBG001S9SKW7,0.23832332531133904,14,LONG,False,BELOW_MINIMUM_RELATIVE_VOLUME,False,False,False,False,10200.0,42799.0,1921107.5,2.8679785714285706,74.14,74.6,74.14,74.395,True,BELOW_MINIMUM_RELATIVE_VOLUME,False,,,,,,,,,,,,,,BELOW_MINIMUM_RELATIVE_VOLUME,False,,,,,,,,,,,,,,BELOW_MINIMUM_RELATIVE_VOLUME,False,,,,,,,,,,,,,
orb_v1.0,2024-09-13,733,NCNO,BBG014GJ8XJ0,0.23595349685564515,14,SHORT,False,BELOW_MINIMUM_RELATIVE_VOLUME,False,False,False,False,8501.0,36028.28571428572,1660438.2857142857,1.0492785714285706,29.34,29.47,29.28,29.32,True,BELOW_MINIMUM_RELATIVE_VOLUME,False,,,,,,,,,,,,,,BELOW_MINIMUM_RELATIVE_VOLUME,False,,,,,,,,,,,,,,BELOW_MINIMUM_RELATIVE_VOLUME,False,,,,,,,,,,,,,
orb_v1.0,2024-09-13,734,IEP,BBG001S5NBT4,0.23238855716810009,14,LONG,False,BELOW_MINIMUM_RELATIVE_VOLUME,False,False,False,False,15857.0,68234.85714285714,2105944.0,0.7520499999999999,10.24,10.3168,10.24,10.27,True,BELOW_MINIMUM_RELATIVE_VOLUME,False,,,,,,,,,,,,,,BELOW_MINIMUM_RELATIVE_VOLUME,False,,,,,,,,,,,,,,BELOW_MINIMUM_RELATIVE_VOLUME,False,,,,,,,,,,,,,
orb_v1.0,2024-09-13,735,IONS,BBG001SB7RD1,0.2318481661293286,14,LONG,False,BELOW_MINIMUM_RELATIVE_VOLUME,False,False,False,False,19740.0,85141.92857142857,2303852.5714285714,1.9887499999999996,41.02,41.56,41.02,41.55,True,BELOW_MINIMUM_RELATIVE_VOLUME,False,,,,,,,,,,,,,,BELOW_MINIMUM_RELATIVE_VOLUME,False,,,,,,,,,,,,,,BELOW_MINIMUM_RELATIVE_VOLUME,False,,,,,,,,,,,,,
orb_v1.0,2024-09-13,736,GWRE,BBG001TWHGX5,0.2266086071110631,14,SHORT,False,BELOW_MINIMUM_RELATIVE_VOLUME,False,False,False,False,5691.0,25113.785714285714,1095210.2142857143,5.111142857142856,169.88,170.0,169.36,169.7,True,BELOW_MINIMUM_RELATIVE_VOLUME,False,,,,,,,,,,,,,,BELOW_MINIMUM_RELATIVE_VOLUME,False,,,,,,,,,,,,,,BELOW_MINIMUM_RELATIVE_VOLUME,False,,,,,,,,,,,,,
orb_v1.0,2024-09-13,737,SJM,BBG001S5W3H5,0.2177990338047415,14,SHORT,False,BELOW_MINIMUM_RELATIVE_VOLUME,False,False,False,False,5146.0,23627.285714285714,1267524.5,2.5723133571428574,117.92,117.92,117.56,117.56,True,BELOW_MINIMUM_RELATIVE_VOLUME,False,,,,,,,,,,,,,,BELOW_MINIMUM_RELATIVE_VOLUME,False,,,,,,,,,,,,,,BELOW_MINIMUM_RELATIVE_VOLUME,False,,,,,,,,,,,,,
orb_v1.0,2024-09-13,738,SMTC,BBG001S7TWW4,0.2151350042378012,14,LONG,False,BELOW_MINIMUM_RELATIVE_VOLUME,False,False,False,False,13326.0,61942.5,1961427.9285714286,2.2277785714285714,41.17,41.56,41.08,41.38,True,BELOW_MINIMUM_RELATIVE_VOLUME,False,,,,,,,,,,,,,,BELOW_MINIMUM_RELATIVE_VOLUME,False,,,,,,,,,,,,,,BELOW_MINIMUM_RELATIVE_VOLUME,False,,,,,,,,,,,,,
orb_v1.0,2024-09-13,739,DYN,BBG00NSGPJF8,0.21294015622368664,14,LONG,False,BELOW_MINIMUM_RELATIVE_VOLUME,False,False,False,False,19328.0,90767.28571428571,2063754.7142857143,3.3938928571428564,33.35,33.81,33.35,33.79,True,BELOW_MINIMUM_RELATIVE_VOLUME,False,,,,,,,,,,,,,,BELOW_MINIMUM_RELATIVE_VOLUME,False,,,,,,,,,,,,,,BELOW_MINIMUM_RELATIVE_VOLUME,False,,,,,,,,,,,,,
orb_v1.0,2024-09-13,740,CMP,BBG001SDY0X4,0.2072444530721245,14,DOJI,False,BELOW_MINIMUM_RELATIVE_VOLUME,False,False,False,False,5643.0,27228.714285714286,1129939.142857143,0.5185714285714285,8.59,8.59,8.59,8.59,False,BELOW_MINIMUM_RELATIVE_VOLUME,False,,,,,,,,,,,,,,BELOW_MINIMUM_RELATIVE_VOLUME,False,,,,,,,,,,,,,,BELOW_MINIMUM_RELATIVE_VOLUME,False,,,,,,,,,,,,,
orb_v1.0,2024-09-13,741,HES,BBG001S5NHS2,0.20183691555738573,14,LONG,False,BELOW_MINIMUM_RELATIVE_VOLUME,True,False,False,False,6442.0,31916.85714285714,1448786.2857142857,3.034871428571427,128.2,128.47,128.16,128.47,True,BELOW_MINIMUM_RELATIVE_VOLUME,False,,,,,,,,,,,,,,BELOW_MINIMUM_RELATIVE_VOLUME,False,,,,,,,,,,,,,,BELOW_MINIMUM_RELATIVE_VOLUME,False,,,,,,,,,,,,,
orb_v1.0,2024-09-13,742,PCVX,BBG009PHHPP4,0.1957917336716466,14,SHORT,False,BELOW_MINIMUM_RELATIVE_VOLUME,False,False,False,False,13184.0,67336.85714285714,1825547.642857143,6.307142857142856,114.8,114.8,114.425,114.48,True,BELOW_MINIMUM_RELATIVE_VOLUME,False,,,,,,,,,,,,,,BELOW_MINIMUM_RELATIVE_VOLUME,False,,,,,,,,,,,,,,BELOW_MINIMUM_RELATIVE_VOLUME,False,,,,,,,,,,,,,
orb_v1.0,2024-09-13,743,SMCI,BBG001SQGH95,0.19445926144306044,14,SHORT,False,BELOW_MINIMUM_RELATIVE_VOLUME,True,False,False,False,111190.0,571790.7142857143,10314312.0,41.911764285714284,442.93,443.24,438.9642,442.495,False,BELOW_MINIMUM_RELATIVE_VOLUME,False,,,,,,,,,,,,,,BELOW_MINIMUM_RELATIVE_VOLUME,False,,,,,,,,,,,,,,BELOW_MINIMUM_RELATIVE_VOLUME,False,,,,,,,,,,,,,
orb_v1.0,2024-09-13,744,HAIN,BBG001SBCKV0,0.18600018845003896,14,SHORT,False,BELOW_MINIMUM_RELATIVE_VOLUME,False,False,False,False,13113.0,70499.92857142857,2310506.4285714286,0.5970142857142859,8.19,8.2,8.13,8.1574,True,BELOW_MINIMUM_RELATIVE_VOLUME,False,,,,,,,,,,,,,,BELOW_MINIMUM_RELATIVE_VOLUME,False,,,,,,,,,,,,,,BELOW_MINIMUM_RELATIVE_VOLUME,False,,,,,,,,,,,,,
orb_v1.0,2024-09-13,745,AMBA,0001280263,0.18233415132363628,14,LONG,False,BELOW_MINIMUM_RELATIVE_VOLUME,False,False,False,False,7600.0,41681.71428571428,1168305.857142857,3.022171428571429,53.33,54.3,53.33,54.0637,True,BELOW_MINIMUM_RELATIVE_VOLUME,False,,,,,,,,,,,,,,BELOW_MINIMUM_RELATIVE_VOLUME,False,,,,,,,,,,,,,,BELOW_MINIMUM_RELATIVE_VOLUME,False,,,,,,,,,,,,,
orb_v1.0,2024-09-13,746,INDV,0001625297,0.18113233311144109,14,SHORT,False,BELOW_MINIMUM_RELATIVE_VOLUME,False,False,False,False,3790.0,20923.928571428572,1169620.642857143,0.5003571428571426,9.72,9.72,9.7,9.7,False,BELOW_MINIMUM_RELATIVE_VOLUME,False,,,,,,,,,,,,,,BELOW_MINIMUM_RELATIVE_VOLUME,False,,,,,,,,,,,,,,BELOW_MINIMUM_RELATIVE_VOLUME,False,,,,,,,,,,,,,
orb_v1.0,2024-09-13,747,CING,BBG012G40NT6,0.17241753060594073,14,DOJI,False,BELOW_MINIMUM_RELATIVE_VOLUME,True,False,False,False,4545.0,26360.428571428572,1004101.4285714285,1.4809928571428572,5.89,5.89,5.85,5.89,False,BELOW_MINIMUM_RELATIVE_VOLUME,False,,,,,,,,,,,,,,BELOW_MINIMUM_RELATIVE_VOLUME,False,,,,,,,,,,,,,,BELOW_MINIMUM_RELATIVE_VOLUME,False,,,,,,,,,,,,,
orb_v1.0,2024-09-13,748,NSSC,BBG001S5TR13,0.17142058706563915,14,LONG,False,BELOW_MINIMUM_RELATIVE_VOLUME,False,False,False,False,5696.0,33228.21428571428,1374056.642857143,3.36217142857143,38.09,38.25,37.92,38.15,True,BELOW_MINIMUM_RELATIVE_VOLUME,False,,,,,,,,,,,,,,BELOW_MINIMUM_RELATIVE_VOLUME,False,,,,,,,,,,,,,,BELOW_MINIMUM_RELATIVE_VOLUME,False,,,,,,,,,,,,,
orb_v1.0,2024-09-13,749,PACS,BBG01LYPSFF9,0.16768523390252907,14,LONG,False,BELOW_MINIMUM_RELATIVE_VOLUME,False,False,False,False,9766.0,58240.07142857143,1349040.7857142857,1.5939285714285714,40.15,40.5999,40.11,40.36,False,BELOW_MINIMUM_RELATIVE_VOLUME,False,,,,,,,,,,,,,,BELOW_MINIMUM_RELATIVE_VOLUME,False,,,,,,,,,,,,,,BELOW_MINIMUM_RELATIVE_VOLUME,False,,,,,,,,,,,,,
orb_v1.0,2024-09-13,750,MDB,BBG0022FDRZ7,0.159438877395788,14,LONG,False,BELOW_MINIMUM_RELATIVE_VOLUME,True,False,False,False,12689.0,79585.35714285714,1761999.642857143,12.782849999999993,295.62,297.4,295.46,297.28,True,BELOW_MINIMUM_RELATIVE_VOLUME,False,,,,,,,,,,,,,,BELOW_MINIMUM_RELATIVE_VOLUME,False,,,,,,,,,,,,,,BELOW_MINIMUM_RELATIVE_VOLUME,False,,,,,,,,,,,,,
orb_v1.0,2024-09-13,751,OLLI,BBG0098VVDS0,0.1583969937811905,14,SHORT,False,BELOW_MINIMUM_RELATIVE_VOLUME,False,False,False,False,7774.0,49079.21428571428,1514389.5,3.275742857142858,99.06,99.29,98.8,98.975,True,BELOW_MINIMUM_RELATIVE_VOLUME,False,,,,,,,,,,,,,,BELOW_MINIMUM_RELATIVE_VOLUME,False,,,,,,,,,,,,,,BELOW_MINIMUM_RELATIVE_VOLUME,False,,,,,,,,,,,,,
orb_v1.0,2024-09-13,752,SHC,BBG008LZG101,0.15799323869333232,14,LONG,False,BELOW_MINIMUM_RELATIVE_VOLUME,False,False,False,False,9871.0,62477.357142857145,2202036.8571428573,0.6228571428571426,16.47,16.7,16.47,16.66,True,BELOW_MINIMUM_RELATIVE_VOLUME,False,,,,,,,,,,,,,,BELOW_MINIMUM_RELATIVE_VOLUME,False,,,,,,,,,,,,,,BELOW_MINIMUM_RELATIVE_VOLUME,False,,,,,,,,,,,,,
orb_v1.0,2024-09-13,753,GTLB,BBG00DHTYPJ6,0.1574195519280641,14,LONG,False,BELOW_MINIMUM_RELATIVE_VOLUME,False,False,False,False,23704.0,150578.5,2969264.285714286,2.7383928571428577,54.31,54.88,54.31,54.88,True,BELOW_MINIMUM_RELATIVE_VOLUME,False,,,,,,,,,,,,,,BELOW_MINIMUM_RELATIVE_VOLUME,False,,,,,,,,,,,,,,BELOW_MINIMUM_RELATIVE_VOLUME,False,,,,,,,,,,,,,
orb_v1.0,2024-09-13,754,WDAY,BBG001T21KQ7,0.13228057901878573,14,LONG,False,BELOW_MINIMUM_RELATIVE_VOLUME,True,False,False,False,16099.0,121703.42857142857,2520135.1428571427,8.023457142857138,251.13,252.78,251.13,251.66,True,BELOW_MINIMUM_RELATIVE_VOLUME,False,,,,,,,,,,,,,,BELOW_MINIMUM_RELATIVE_VOLUME,False,,,,,,,,,,,,,,BELOW_MINIMUM_RELATIVE_VOLUME,False,,,,,,,,,,,,,
orb_v1.0,2024-09-13,755,SOC,BBG00Z6F4C29,0.1217106475901479,14,LONG,False,BELOW_MINIMUM_RELATIVE_VOLUME,False,False,False,False,6131.0,50373.57142857143,1223667.2857142857,1.5724928571428567,21.17,21.4,21.17,21.4,True,BELOW_MINIMUM_RELATIVE_VOLUME,False,,,,,,,,,,,,,,BELOW_MINIMUM_RELATIVE_VOLUME,False,,,,,,,,,,,,,,BELOW_MINIMUM_RELATIVE_VOLUME,False,,,,,,,,,,,,,
orb_v1.0,2024-09-13,756,OKTA,BBG001YV1SN3,0.11146687816052778,14,LONG,False,BELOW_MINIMUM_RELATIVE_VOLUME,False,False,False,False,17006.0,152565.5,3479580.8571428573,3.5993642857142865,73.75,74.12,73.75,74.0279,True,BELOW_MINIMUM_RELATIVE_VOLUME,False,,,,,,,,,,,,,,BELOW_MINIMUM_RELATIVE_VOLUME,False,,,,,,,,,,,,,,BELOW_MINIMUM_RELATIVE_VOLUME,False,,,,,,,,,,,,,
orb_v1.0,2024-09-13,757,GDC,BBG009ZH0566,0.02371737240047753,14,SHORT,False,BELOW_MINIMUM_RELATIVE_VOLUME,True,False,False,False,4023.0,169622.5,3091909.0714285714,1.331392857142857,5.48,5.53,5.45,5.45,True,BELOW_MINIMUM_RELATIVE_VOLUME,False,,,,,,,,,,,,,,BELOW_MINIMUM_RELATIVE_VOLUME,False,,,,,,,,,,,,,,BELOW_MINIMUM_RELATIVE_VOLUME,False,,,,,,,,,,,,,
orb_v1.0,2024-09-13,758,VOXX,BBG001SDQ697,0.01836477081630146,14,SHORT,False,BELOW_MINIMUM_RELATIVE_VOLUME,True,False,False,False,8671.0,472154.0,12341142.42857143,0.6579928571428572,5.87,5.87,5.816,5.816,True,BELOW_MINIMUM_RELATIVE_VOLUME,False,,,,,,,,,,,,,,BELOW_MINIMUM_RELATIVE_VOLUME,False,,,,,,,,,,,,,,BELOW_MINIMUM_RELATIVE_VOLUME,False,,,,,,,,,,,,,
