trading_date,ticker,stable_security_id,premarket_real_bars_60m,scorable,open_0930,close,day_mfe_pct,close_vs_open_pct,top_10_mover,realized_return_pct,cost_model_id,execution_policy_v1.0_net_realized_return_pct,execution_policy_v1.0_cost_bps,execution_policy_v1.0_net_capture_ratio,execution_policy_atr_v1.0_net_realized_return_pct,execution_policy_atr_v1.0_cost_bps,execution_policy_atr_v1.0_net_capture_ratio
2024-09-04,AA,BBG00B3T3HF1,10,true,30.840000,30.480000,1.232166,-1.167315,false,0.000000,execution_costs_v1.0,0.000000,0.000000,,,,
2024-09-04,AAL,BBG005P7Q907,18,true,10.530000,10.630000,2.374169,0.949668,false,0.000000,execution_costs_v1.0,0.000000,0.000000,,,,
2024-09-04,AAN,BBG00WCNDDH4,0,false,9.950000,9.980000,0.351759,0.301508,false,0.000000,execution_costs_v1.0,0.000000,0.000000,,,,
2024-09-04,AAOI,BBG001SG47G4,1,false,12.000000,13.005000,13.750000,8.375000,false,0.000000,execution_costs_v1.0,0.000000,0.000000,,,,
2024-09-04,AAON,BBG001S6CZK0,0,false,88.950000,88.910000,1.315346,-0.044969,false,0.000000,execution_costs_v1.0,0.000000,0.000000,,,,
2024-09-04,AAP,BBG001SD2SB2,4,false,43.560000,42.420000,0.390266,-2.617080,false,0.000000,execution_costs_v1.0,0.000000,0.000000,,,,
2024-09-04,AAT,BBG001TCBJS5,0,false,26.960000,26.709800,1.205490,-0.928042,false,0.000000,execution_costs_v1.0,0.000000,0.000000,,,,
2024-09-04,AB,BBG001S5N9S0,0,false,33.490000,33.680000,1.403404,0.567334,false,0.000000,execution_costs_v1.0,0.000000,0.000000,,,,
2024-09-04,ABCB,BBG001S80PX7,0,false,61.050000,60.820000,1.204423,-0.376740,false,0.000000,execution_costs_v1.0,0.000000,0.000000,,,,
2024-09-04,ABCL,BBG00LLW2MH0,3,false,2.470000,2.515000,3.238866,1.821862,false,0.000000,execution_costs_v1.0,0.000000,0.000000,,,,
2024-09-04,ABG,BBG001S9B5H5,0,false,236.230000,234.030000,0.552428,-0.931296,false,0.000000,execution_costs_v1.0,0.000000,0.000000,,,,
2024-09-04,ABL,BBG00VY1KBC1,0,false,10.140000,10.140000,3.145957,0.000000,false,0.000000,execution_costs_v1.0,0.000000,0.000000,,,,
2024-09-04,ABM,BBG001S5N9B8,0,false,56.680000,56.000000,0.741002,-1.199718,false,0.000000,execution_costs_v1.0,0.000000,0.000000,,,,
2024-09-04,ABR,BBG001SJP3G4,1,false,13.160000,13.035000,1.177812,-0.949848,false,0.000000,execution_costs_v1.0,0.000000,0.000000,,,,
2024-09-04,ABSI,BBG011N54DC3,11,true,3.910000,4.060000,5.882353,3.836317,false,0.000000,execution_costs_v1.0,0.000000,0.000000,,,,
2024-09-04,ABUS,BBG001S6RSK0,0,false,3.960000,4.095000,5.808081,3.409091,false,0.000000,execution_costs_v1.0,0.000000,0.000000,,,,
2024-09-04,AC,BBG008NZ8QB1,0,false,32.920000,32.825000,0.273390,-0.288578,false,0.000000,execution_costs_v1.0,0.000000,0.000000,,,,
2024-09-04,ACA,BBG00JGMWGB9,0,false,86.130000,84.000000,0.278649,-2.473006,false,0.000000,execution_costs_v1.0,0.000000,0.000000,,,,
2024-09-04,ACAD,BBG001SB06N3,0,false,16.420000,16.685000,2.618758,1.613886,false,0.000000,execution_costs_v1.0,0.000000,0.000000,,,,
2024-09-04,ACB,BBG001SV77D1,9,false,5.760000,5.675000,2.777778,-1.475694,false,0.000000,execution_costs_v1.0,0.000000,0.000000,,,,
2024-09-04,ACCD,BBG00S2L1ZR1,1,false,4.240000,4.155000,3.773585,-2.004717,false,0.000000,execution_costs_v1.0,0.000000,0.000000,,,,
2024-09-04,ACCO,BBG001SPBTK3,0,false,5.350000,5.290000,1.306542,-1.121495,false,0.000000,execution_costs_v1.0,0.000000,0.000000,,,,
2024-09-04,ACDC,BBG013PRYQC7,0,false,6.530000,6.160000,1.837672,-5.666156,false,0.000000,execution_costs_v1.0,0.000000,0.000000,,,,
2024-09-04,ACEL,BBG00GX221Z0,0,false,11.320000,11.490000,2.738516,1.501767,false,0.000000,execution_costs_v1.0,0.000000,0.000000,,,,
2024-09-04,ACGLN,0000947484,0,false,20.280000,20.330000,0.493097,0.246548,false,0.000000,execution_costs_v1.0,0.000000,0.000000,,,,
2024-09-04,ACHC,BBG001SNNWL7,0,false,78.340000,79.170000,1.493490,1.059484,false,0.000000,execution_costs_v1.0,0.000000,0.000000,,,,
2024-09-04,ACHR,BBG00XRTC929,20,true,3.360000,3.360000,5.654762,0.000000,false,0.000000,execution_costs_v1.0,0.000000,0.000000,,,,
2024-09-04,ACI,BBG009KG1741,0,false,19.330000,19.240000,1.914123,-0.465598,false,0.000000,execution_costs_v1.0,0.000000,0.000000,,,,
2024-09-04,ACIC,BBG001T09W05,0,false,10.970000,10.890000,1.504102,-0.729262,false,0.000000,execution_costs_v1.0,0.000000,0.000000,,,,
2024-09-04,ACIU,0001651625,1,false,3.070000,3.130000,4.560261,1.954397,false,0.000000,execution_costs_v1.0,0.000000,0.000000,,,,
2024-09-04,ACIW,BBG001S9KLL5,0,false,48.850000,48.579000,1.842375,-0.554759,false,0.000000,execution_costs_v1.0,0.000000,0.000000,,,,
2024-09-04,ACLS,BBG001SF8W86,1,false,99.930000,99.990000,1.741219,0.060042,false,0.000000,execution_costs_v1.0,0.000000,0.000000,,,,
2024-09-04,ACLX,BBG00QHJM4W4,0,false,65.520000,65.370000,1.419414,-0.228938,false,0.000000,execution_costs_v1.0,0.000000,0.000000,,,,
2024-09-04,ACM,BBG001SKTTF1,0,false,97.240000,96.410000,0.997532,-0.853558,false,0.000000,execution_costs_v1.0,0.000000,0.000000,,,,
2024-09-04,ACMR,BBG00HPSG942,3,false,16.530000,16.470000,1.935874,-0.362976,false,0.000000,execution_costs_v1.0,0.000000,0.000000,,,,
2024-09-04,ACNB,BBG001S6CVZ3,0,false,40.660000,40.700000,0.811608,0.098377,false,0.000000,execution_costs_v1.0,0.000000,0.000000,,,,
2024-09-04,ACRE,BBG0022MMR46,0,false,7.030000,6.950000,0.071124,-1.137980,false,0.000000,execution_costs_v1.0,0.000000,0.000000,,,,
2024-09-04,ACT,BBG00WSNP4S2,0,false,35.280000,35.540000,1.388889,0.736961,false,0.000000,execution_costs_v1.0,0.000000,0.000000,,,,
2024-09-04,ACTG,BBG001SJLJT9,0,false,4.690000,4.705000,1.705757,0.319829,false,0.000000,execution_costs_v1.0,0.000000,0.000000,,,,
2024-09-04,ACVA,BBG00G5JGQ75,1,false,18.140000,17.990000,0.716648,-0.826902,false,0.000000,execution_costs_v1.0,0.000000,0.000000,,,,
2024-09-04,ADC,BBG001S6RY81,1,false,73.430000,74.580000,1.920196,1.566117,false,0.000000,execution_costs_v1.0,0.000000,0.000000,,,,
2024-09-04,ADEA,BBG00RBFBL78,0,false,12.060000,11.910000,0.414594,-1.243781,false,0.000000,execution_costs_v1.0,0.000000,0.000000,,,,
2024-09-04,ADMA,BBG002NCK5N4,3,false,16.310000,16.870000,3.801349,3.433476,false,0.000000,execution_costs_v1.0,0.000000,0.000000,,,,
2024-09-04,ADNT,0001670541,0,false,22.110000,22.200000,0.678426,0.407056,false,0.000000,execution_costs_v1.0,0.000000,0.000000,,,,
2024-09-04,ADPT,BBG001V0GG18,0,false,4.470000,4.360000,2.013423,-2.460850,false,0.000000,execution_costs_v1.0,0.000000,0.000000,,,,
2024-09-04,ADSE,0001879248,0,false,12.110000,12.400000,3.633361,2.394715,false,0.000000,execution_costs_v1.0,0.000000,0.000000,,,,
2024-09-04,ADT,BBG001S6VGG6,2,false,7.100000,7.160000,1.690141,0.845070,false,0.000000,execution_costs_v1.0,0.000000,0.000000,,,,
2024-09-04,ADTN,BBG0169CH7Y8,1,false,5.380000,5.220000,0.371747,-2.973978,false,0.000000,execution_costs_v1.0,0.000000,0.000000,,,,
2024-09-04,ADUS,BBG001T56D18,0,false,129.110000,130.780000,1.556812,1.293471,false,0.000000,execution_costs_v1.0,0.000000,0.000000,,,,
2024-09-04,ADV,BBG00PPWZ8G3,0,false,3.720000,3.840000,3.494624,3.225806,false,0.000000,execution_costs_v1.0,0.000000,0.000000,,,,
2024-09-04,AEG,BBG001S6Y6M8,3,false,6.030000,6.035000,0.993367,0.082919,false,0.000000,execution_costs_v1.0,0.000000,0.000000,,,,
2024-09-04,AEHR,BBG001SB1CS4,2,false,13.340000,13.110000,3.598201,-1.724138,false,0.000000,execution_costs_v1.0,0.000000,0.000000,,,,
2024-09-04,AEIS,BBG001S8L5Z6,0,false,97.770000,97.760000,2.014933,-0.010228,false,0.000000,execution_costs_v1.0,0.000000,0.000000,,,,
2024-09-04,AEO,BBG001S7Q949,0,false,19.360000,20.160000,4.338843,4.132231,false,0.000000,execution_costs_v1.0,0.000000,0.000000,,,,
2024-09-04,AES,BBG001S6B1L5,1,false,16.760000,16.940000,1.998807,1.073986,false,0.000000,execution_costs_v1.0,0.000000,0.000000,,,,
2024-09-04,AESI,BBG01JFZ96Y3,0,false,20.370000,20.040000,0.957290,-1.620029,false,0.000000,execution_costs_v1.0,0.000000,0.000000,,,,
2024-09-04,AFG,BBG001S8JK86,0,false,133.530000,133.600000,0.808807,0.052423,false,0.000000,execution_costs_v1.0,0.000000,0.000000,,,,
2024-09-04,AFRM,BBG00Y7BP8Z0,26,true,41.000000,40.240000,3.609756,-1.853659,false,0.000000,execution_costs_v1.0,0.000000,0.000000,,,,
2024-09-04,AFYA,0001771007,0,false,16.450000,16.780000,3.039514,2.006079,false,0.000000,execution_costs_v1.0,0.000000,0.000000,,,,
2024-09-04,AG,BBG001SGV444,26,true,5.250000,5.285000,3.428571,0.666667,false,0.000000,execution_costs_v1.0,0.000000,0.000000,,,,
2024-09-04,AGCO,BBG001S7WHW3,0,false,88.010000,89.580000,3.192705,1.783888,false,0.000000,execution_costs_v1.0,0.000000,0.000000,,,,
2024-09-04,AGEN,BBG001SDV370,0,false,4.910000,4.840000,2.240326,-1.425662,false,0.000000,execution_costs_v1.0,0.000000,0.000000,,,,
2024-09-04,AGI,BBG009HT65S0,1,false,18.240000,18.275000,2.028509,0.191886,false,0.000000,execution_costs_v1.0,0.000000,0.000000,,,,
2024-09-04,AGIO,BBG001T8R687,0,false,44.320000,44.770000,1.376354,1.015343,false,0.000000,execution_costs_v1.0,0.000000,0.000000,,,,
2024-09-04,AGL,BBG00HCYVQR3,0,false,3.830000,4.175000,9.921671,9.007833,false,0.000000,execution_costs_v1.0,0.000000,0.000000,,,,
2024-09-04,AGM,BBG001SCWNB2,0,false,191.160000,188.840000,0.585897,-1.213643,false,0.000000,execution_costs_v1.0,0.000000,0.000000,,,,
2024-09-04,AGNC,BBG001T074G2,14,true,10.210000,10.165000,0.391773,-0.440744,false,0.000000,execution_costs_v1.0,0.000000,0.000000,,,,
2024-09-04,AGO,0001273813,0,false,80.310000,79.720000,2.098120,-0.734653,false,0.000000,execution_costs_v1.0,0.000000,0.000000,,,,
2024-09-04,AGR,BBG00B8NWRH3,0,false,35.670000,35.650000,0.336417,-0.056070,false,0.000000,execution_costs_v1.0,0.000000,0.000000,,,,
2024-09-04,AGRO,0001499505,0,false,11.020000,11.180000,2.132486,1.451906,false,0.000000,execution_costs_v1.0,0.000000,0.000000,,,,
2024-09-04,AGS,BBG00JKZKM16,1,false,11.300000,11.300000,0.176991,0.000000,false,0.000000,execution_costs_v1.0,0.000000,0.000000,,,,
2024-09-04,AGX,BBG001SJP7D8,0,false,72.000000,71.460000,1.541667,-0.750000,false,0.000000,execution_costs_v1.0,0.000000,0.000000,,,,
2024-09-04,AGYS,BBG001S5V6V3,0,false,106.310000,107.020000,1.796632,0.667858,false,0.000000,execution_costs_v1.0,0.000000,0.000000,,,,
2024-09-04,AHCO,BBG00KJQVGW2,0,false,10.810000,11.240000,4.347826,3.977798,false,0.000000,execution_costs_v1.0,0.000000,0.000000,,,,
2024-09-04,AHH,BBG004CYX1N9,0,false,12.090000,12.070000,0.578991,-0.165426,false,0.000000,execution_costs_v1.0,0.000000,0.000000,,,,
2024-09-04,AHR,BBG01L820DT9,1,false,21.130000,21.810000,3.265499,3.218173,false,0.000000,execution_costs_v1.0,0.000000,0.000000,,,,
2024-09-04,AI,BBG00Y6G6Y84,24,true,23.280000,23.010000,2.792096,-1.159794,false,0.000000,execution_costs_v1.0,0.000000,0.000000,,,,
2024-09-04,AIN,BBG001S5VKN1,0,false,88.850000,89.340000,1.665729,0.551491,false,0.000000,execution_costs_v1.0,0.000000,0.000000,,,,
2024-09-04,AIR,BBG001S5NJX2,0,false,64.520000,66.110000,2.805332,2.464352,false,0.000000,execution_costs_v1.0,0.000000,0.000000,,,,
2024-09-04,AIRJ,BBG014FPNHD1,1,false,6.150000,6.346700,9.918699,3.198374,false,0.000000,execution_costs_v1.0,0.000000,0.000000,,,,
2024-09-04,AIT,BBG001S5NK14,0,false,199.720000,198.560000,0.137693,-0.580813,false,0.000000,execution_costs_v1.0,0.000000,0.000000,,,,
2024-09-04,AIV,BBG001S876N3,0,false,9.030000,9.040000,1.162791,0.110742,false,0.000000,execution_costs_v1.0,0.000000,0.000000,,,,
2024-09-04,AIZ,BBG001SD9DW5,0,false,197.530000,197.170000,0.997317,-0.182251,false,0.000000,execution_costs_v1.0,0.000000,0.000000,,,,
2024-09-04,AKR,BBG001S7KXT5,0,false,22.550000,22.740000,1.662971,0.842572,false,0.000000,execution_costs_v1.0,0.000000,0.000000,,,,
2024-09-04,AKRO,BBG00L9211Z7,0,false,25.710000,26.290000,2.722676,2.255932,false,0.000000,execution_costs_v1.0,0.000000,0.000000,,,,
2024-09-04,AL,BBG001T92VD1,0,false,43.630000,43.980000,2.498281,0.802200,false,0.000000,execution_costs_v1.0,0.000000,0.000000,,,,
2024-09-04,ALAB,BBG00TDKHWK6,21,true,39.960000,41.660000,8.058058,4.254254,false,0.000000,execution_costs_v1.0,0.000000,0.000000,,,,
2024-09-04,ALB,BBG001S7SBP9,4,false,83.130000,84.750000,4.883917,1.948755,false,0.000000,execution_costs_v1.0,0.000000,0.000000,,,,
2024-09-04,ALDX,BBG0029H8ZG5,2,false,5.780000,6.320000,12.456747,9.342561,false,0.000000,execution_costs_v1.0,0.000000,0.000000,,,,
2024-09-04,ALE,BBG001S77110,2,false,63.370000,63.640000,0.552312,0.426069,false,0.000000,execution_costs_v1.0,0.000000,0.000000,,,,
2024-09-04,ALEC,BBG00N0PL214,0,false,4.610000,4.610000,2.819957,0.000000,false,0.000000,execution_costs_v1.0,0.000000,0.000000,,,,
2024-09-04,ALEX,BBG00HS2GVM7,0,false,19.510000,19.420000,0.717581,-0.461302,false,0.000000,execution_costs_v1.0,0.000000,0.000000,,,,
2024-09-04,ALG,BBG001S7YVC2,0,false,177.800000,176.070000,0.618673,-0.973003,false,0.000000,execution_costs_v1.0,0.000000,0.000000,,,,
2024-09-04,ALGM,BBG00H5S83B8,0,false,22.900000,22.670000,1.440611,-1.004367,false,0.000000,execution_costs_v1.0,0.000000,0.000000,,,,
2024-09-04,ALGS,BBG00QX7QH77,0,false,11.040100,11.740000,13.767085,6.339616,false,0.000000,execution_costs_v1.0,0.000000,0.000000,,,,
2024-09-04,ALGT,BBG001SQ25S5,0,false,40.810000,40.725000,3.308013,-0.208282,false,0.000000,execution_costs_v1.0,0.000000,0.000000,,,,
2024-09-04,ALHC,BBG00ZJ0DSS5,0,false,9.810000,9.850000,2.548420,0.407747,false,0.000000,execution_costs_v1.0,0.000000,0.000000,,,,
2024-09-04,ALIT,BBG00H00J2Q8,1,false,7.300000,7.285000,1.643836,-0.205479,false,0.000000,execution_costs_v1.0,0.000000,0.000000,,,,
2024-09-04,ALK,BBG001S5NLG6,0,false,35.780000,36.120000,2.263835,0.950252,false,0.000000,execution_costs_v1.0,0.000000,0.000000,,,,
2024-09-04,ALKS,0001520262,0,false,28.150000,28.260000,1.065719,0.390764,false,0.000000,execution_costs_v1.0,0.000000,0.000000,,,,
2024-09-04,ALKT,BBG005HTCT63,1,false,31.590000,31.470000,0.918012,-0.379867,false,0.000000,execution_costs_v1.0,0.000000,0.000000,,,,
2024-09-04,ALLE,0001579241,0,false,137.100000,137.240000,0.547046,0.102115,false,0.000000,execution_costs_v1.0,0.000000,0.000000,,,,
2024-09-04,ALLO,BBG00KHRRDY2,0,false,2.490000,2.580000,4.016064,3.614458,false,0.000000,execution_costs_v1.0,0.000000,0.000000,,,,
2024-09-04,ALLY,BBG001S5RLN4,1,false,41.860000,41.570000,1.313903,-0.692785,false,0.000000,execution_costs_v1.0,0.000000,0.000000,,,,
2024-09-04,ALNT,BBG001S5RST3,0,false,20.630000,20.730000,1.590887,0.484731,false,0.000000,execution_costs_v1.0,0.000000,0.000000,,,,
2024-09-04,ALRM,BBG007GNPYZ6,0,false,57.930000,58.220000,1.501813,0.500604,false,0.000000,execution_costs_v1.0,0.000000,0.000000,,,,
2024-09-04,ALRS,BBG001SGGKT8,0,false,22.250000,21.530000,0.404494,-3.235955,false,0.000000,execution_costs_v1.0,0.000000,0.000000,,,,
2024-09-04,ALSN,BBG001V0T5F3,0,false,88.540000,88.700000,0.779309,0.180709,false,0.000000,execution_costs_v1.0,0.000000,0.000000,,,,
2024-09-04,ALT,BBG001SNS461,1,false,6.380000,6.490000,5.642633,1.724138,false,0.000000,execution_costs_v1.0,0.000000,0.000000,,,,
2024-09-04,ALTM,0001977303,3,false,2.440000,2.445000,2.459016,0.204918,false,0.000000,execution_costs_v1.0,0.000000,0.000000,,,,
2024-09-04,ALTR,BBG001SR65P2,0,false,86.240000,86.660000,1.258117,0.487013,false,0.000000,execution_costs_v1.0,0.000000,0.000000,,,,
2024-09-04,ALV,BBG001S9YRV6,3,false,98.970000,100.040000,1.252905,1.081136,false,0.000000,execution_costs_v1.0,0.000000,0.000000,,,,
2024-09-04,ALVO,0001898416,0,false,11.420000,11.320000,0.963222,-0.875657,false,0.000000,execution_costs_v1.0,0.000000,0.000000,,,,
2024-09-04,ALX,BBG001S5NM92,0,false,234.570000,228.940000,0.000000,-2.400136,false,0.000000,execution_costs_v1.0,0.000000,0.000000,,,,
2024-09-04,AM,BBG00GBNZ4N9,1,false,14.590000,14.410000,0.376971,-1.233722,false,0.000000,execution_costs_v1.0,0.000000,0.000000,,,,
2024-09-04,AMAL,BBG00XRT7YY5,0,false,32.140000,31.980000,1.244555,-0.497822,false,0.000000,execution_costs_v1.0,0.000000,0.000000,,,,
2024-09-04,AMBA,0001280263,0,false,54.980000,55.030000,3.493088,0.090942,false,0.000000,execution_costs_v1.0,0.000000,0.000000,,,,
2024-09-04,AMBC,BBG004HQHL91,0,false,11.530000,11.400000,1.561145,-1.127493,false,0.000000,execution_costs_v1.0,0.000000,0.000000,,,,
2024-09-04,AMBP,0001845097,0,false,3.530000,3.550000,2.407932,0.566572,false,0.000000,execution_costs_v1.0,0.000000,0.000000,,,,
2024-09-04,AMC,BBG001SZYYL4,39,true,4.630000,4.710000,3.239741,1.727862,false,0.000000,execution_costs_v1.0,0.000000,0.000000,,,,
2024-09-04,AMCX,BBG001SLR8S3,0,false,9.950000,9.800000,3.417085,-1.507538,false,0.000000,execution_costs_v1.0,0.000000,0.000000,,,,
2024-09-04,AMED,BBG001S5NN72,0,false,97.410000,97.700000,0.400370,0.297711,false,0.000000,execution_costs_v1.0,0.000000,0.000000,,,,
2024-09-04,AMG,BBG001S6DMD6,0,false,170.040000,169.440000,1.152670,-0.352858,false,0.000000,execution_costs_v1.0,0.000000,0.000000,,,,
2024-09-04,AMH,BBG003NXJNJ4,0,false,39.650000,39.590000,0.781841,-0.151324,false,0.000000,execution_costs_v1.0,0.000000,0.000000,,,,
2024-09-04,AMK,BBG00F5PBW20,0,false,35.260000,35.250000,0.028361,-0.028361,false,0.000000,execution_costs_v1.0,0.000000,0.000000,,,,
2024-09-04,AMKR,BBG001S64YF8,1,false,29.370000,29.710000,3.813415,1.157644,false,0.000000,execution_costs_v1.0,0.000000,0.000000,,,,
2024-09-04,AMN,BBG001S6Q193,0,false,52.810000,53.220000,1.723158,0.776368,false,0.000000,execution_costs_v1.0,0.000000,0.000000,,,,
2024-09-04,AMPH,BBG001SCM4W2,0,false,46.730000,46.890000,0.770383,0.342392,false,0.000000,execution_costs_v1.0,0.000000,0.000000,,,,
2024-09-04,AMPL,BBG012CDTZZ5,0,false,8.560000,8.700000,3.037383,1.635514,false,0.000000,execution_costs_v1.0,0.000000,0.000000,,,,
2024-09-04,AMPS,BBG00Y48ZM97,0,false,2.970000,3.125000,6.060606,5.218855,false,0.000000,execution_costs_v1.0,0.000000,0.000000,,,,
2024-09-04,AMR,BBG00DGWV044,0,false,216.000000,214.570000,0.314815,-0.662037,false,0.000000,execution_costs_v1.0,0.000000,0.000000,,,,
2024-09-04,AMRC,BBG001S6P9W1,0,false,28.260000,29.280000,4.476292,3.609342,false,0.000000,execution_costs_v1.0,0.000000,0.000000,,,,
2024-09-04,AMRK,BBG005ZVDK57,0,false,39.870000,40.300000,1.642839,1.078505,false,0.000000,execution_costs_v1.0,0.000000,0.000000,,,,
2024-09-04,AMRX,BBG00462PGH9,0,false,8.450000,8.490000,1.656805,0.473373,false,0.000000,execution_costs_v1.0,0.000000,0.000000,,,,
2024-09-04,AMSC,BBG001S70C31,4,false,18.680000,18.710000,3.667024,0.160600,false,0.000000,execution_costs_v1.0,0.000000,0.000000,,,,
2024-09-04,AMSF,BBG001SDH7B2,0,false,49.810000,49.190000,0.260992,-1.244730,false,0.000000,execution_costs_v1.0,0.000000,0.000000,,,,
2024-09-04,AMSWA,BBG001S5NPN9,0,false,11.160000,11.120000,0.044803,-0.358423,false,0.000000,execution_costs_v1.0,0.000000,0.000000,,,,
2024-09-04,AMTB,BBG001V0P1S2,0,false,21.330000,21.200000,1.125176,-0.609470,false,0.000000,execution_costs_v1.0,0.000000,0.000000,,,,
2024-09-04,AMWD,BBG001S5NQ57,0,false,83.250000,85.130000,3.087087,2.258258,false,0.000000,execution_costs_v1.0,0.000000,0.000000,,,,
2024-09-04,AMWL,BBG002R1JYZ0,1,false,7.800000,7.810000,1.538462,0.128205,false,0.000000,execution_costs_v1.0,0.000000,0.000000,,,,
2024-09-04,AN,BBG001S5NQB0,0,false,170.890000,168.800000,0.000000,-1.223009,false,0.000000,execution_costs_v1.0,0.000000,0.000000,,,,
2024-09-04,ANAB,BBG0026ZDHT8,0,false,35.760000,37.180000,4.166667,3.970917,false,0.000000,execution_costs_v1.0,0.000000,0.000000,,,,
2024-09-04,ANDE,BBG001S60FJ9,0,false,49.180000,48.580000,0.345669,-1.220008,false,0.000000,execution_costs_v1.0,0.000000,0.000000,,,,
2024-09-04,ANF,BBG001S97027,2,false,142.000000,139.580000,0.595070,-1.704225,false,0.000000,execution_costs_v1.0,0.000000,0.000000,,,,
2024-09-04,ANGI,BBG00HVKH4F0,0,false,2.600000,2.581000,2.307692,-0.730769,false,0.000000,execution_costs_v1.0,0.000000,0.000000,,,,
2024-09-04,ANIK,BBG001S609X7,0,false,25.060000,25.170000,1.256983,0.438947,false,0.000000,execution_costs_v1.0,0.000000,0.000000,,,,
2024-09-04,ANIP,BBG001S9DR85,0,false,62.960000,62.930000,0.722681,-0.047649,false,0.000000,execution_costs_v1.0,0.000000,0.000000,,,,
2024-09-04,ANNX,BBG007QVDFH1,2,false,5.410000,5.585000,4.066543,3.234750,false,0.000000,execution_costs_v1.0,0.000000,0.000000,,,,
2024-09-04,ANRO,BBG00WYFS6S4,0,false,13.000000,13.400000,5.923077,3.076923,false,0.000000,execution_costs_v1.0,0.000000,0.000000,,,,
2024-09-04,AORT,BBG001SB3CB0,0,false,26.120000,25.800000,0.746554,-1.225115,false,0.000000,execution_costs_v1.0,0.000000,0.000000,,,,
2024-09-04,AOS,BBG001S5NRY3,0,false,81.090000,80.320000,0.209644,-0.949562,false,0.000000,execution_costs_v1.0,0.000000,0.000000,,,,
2024-09-04,AOSL,0001387467,0,false,35.800000,35.890000,4.696648,0.251397,false,0.000000,execution_costs_v1.0,0.000000,0.000000,,,,
2024-09-04,APA,BBG00YTS96H1,5,false,26.630000,25.900000,1.239204,-2.741269,false,0.000000,execution_costs_v1.0,0.000000,0.000000,,,,
2024-09-04,APAM,BBG001V107T3,0,false,40.370000,40.080000,0.644043,-0.718355,false,0.000000,execution_costs_v1.0,0.000000,0.000000,,,,
2024-09-04,APG,BBG00HVV7984,0,false,33.700000,33.430000,0.890208,-0.801187,false,0.000000,execution_costs_v1.0,0.000000,0.000000,,,,
2024-09-04,APGE,BBG01H51WZL7,0,false,47.770000,46.960000,1.758426,-1.695625,false,0.000000,execution_costs_v1.0,0.000000,0.000000,,,,
2024-09-04,APLD,BBG001SK4K76,22,true,3.110000,3.237800,7.073955,4.109325,false,0.000000,execution_costs_v1.0,0.000000,0.000000,,,,
2024-09-04,APLE,BBG006473QY8,0,false,14.260000,14.080000,1.262272,-1.262272,false,0.000000,execution_costs_v1.0,0.000000,0.000000,,,,
2024-09-04,APLS,BBG007KGRPZ3,0,false,38.600000,37.760000,1.398964,-2.176166,false,0.000000,execution_costs_v1.0,0.000000,0.000000,,,,
2024-09-04,APLT,BBG001SMJMY2,0,false,5.850000,5.690000,5.811966,-2.735043,false,0.000000,execution_costs_v1.0,0.000000,0.000000,,,,
2024-09-04,APOG,BBG001S5NSY1,0,false,63.800000,63.470000,0.642633,-0.517241,false,0.000000,execution_costs_v1.0,0.000000,0.000000,,,,
2024-09-04,APPF,BBG008GC8CS3,0,false,229.030000,226.630000,0.000000,-1.047898,false,0.000000,execution_costs_v1.0,0.000000,0.000000,,,,
2024-09-04,APPN,BBG001TWHH63,2,false,31.320000,31.280000,1.819923,-0.127714,false,0.000000,execution_costs_v1.0,0.000000,0.000000,,,,
2024-09-04,APPS,BBG001SPBG12,1,false,2.970000,2.805000,1.683502,-5.555556,false,0.000000,execution_costs_v1.0,0.000000,0.000000,,,,
2024-09-04,AQN,BBG001S8LHC5,0,false,5.320000,5.325000,2.067669,0.093985,false,0.000000,execution_costs_v1.0,0.000000,0.000000,,,,
2024-09-04,AQST,BBG00L9HP1R7,5,false,4.150000,4.235000,7.349398,2.048193,false,0.000000,execution_costs_v1.0,0.000000,0.000000,,,,
2024-09-04,AR,BBG001T61KH8,2,false,25.640000,24.940000,1.716069,-2.730109,false,0.000000,execution_costs_v1.0,0.000000,0.000000,,,,
2024-09-04,ARCB,BBG001S686R2,1,false,99.690000,102.050000,5.642492,2.367339,false,0.000000,execution_costs_v1.0,0.000000,0.000000,,,,
2024-09-04,ARCC,BBG001SL96Z9,3,false,21.010000,20.930000,0.571157,-0.380771,false,0.000000,execution_costs_v1.0,0.000000,0.000000,,,,
2024-09-04,ARCH,BBG00DZB5DD0,0,false,129.010000,128.350000,1.134873,-0.511588,false,0.000000,execution_costs_v1.0,0.000000,0.000000,,,,
2024-09-04,ARCO,0001508478,0,false,8.550000,8.725000,3.637427,2.046784,false,0.000000,execution_costs_v1.0,0.000000,0.000000,,,,
2024-09-04,ARCT,BBG00NNW8JL0,0,false,19.470000,19.050000,2.619414,-2.157165,false,0.000000,execution_costs_v1.0,0.000000,0.000000,,,,
2024-09-04,ARDX,BBG001WH4F33,1,false,5.600000,5.680000,2.410714,1.428571,false,0.000000,execution_costs_v1.0,0.000000,0.000000,,,,
2024-09-04,ARHS,BBG012TKHZW7,0,false,11.660000,11.270000,2.572899,-3.344768,false,0.000000,execution_costs_v1.0,0.000000,0.000000,,,,
2024-09-04,ARI,BBG001T55FJ5,0,false,10.400000,10.340000,0.480769,-0.576923,false,0.000000,execution_costs_v1.0,0.000000,0.000000,,,,
2024-09-04,ARIS,BBG012PPXNM0,0,false,16.020000,16.160000,1.622971,0.873908,false,0.000000,execution_costs_v1.0,0.000000,0.000000,,,,
2024-09-04,ARKO,BBG00YD8K420,0,false,6.100000,6.150000,2.377049,0.819672,false,0.000000,execution_costs_v1.0,0.000000,0.000000,,,,
2024-09-04,ARLO,BBG00K88DTJ1,0,false,11.430000,11.340000,3.062117,-0.787402,false,0.000000,execution_costs_v1.0,0.000000,0.000000,,,,
2024-09-04,ARLP,BBG001SD52Y1,1,false,23.130000,22.990000,0.717250,-0.605275,false,0.000000,execution_costs_v1.0,0.000000,0.000000,,,,
2024-09-04,ARMK,BBG001V0NR70,0,false,36.100000,36.100000,2.160665,0.000000,false,0.000000,execution_costs_v1.0,0.000000,0.000000,,,,
2024-09-04,ARMN,BBG001S75835,0,false,4.270000,4.540000,6.791569,6.323185,false,0.000000,execution_costs_v1.0,0.000000,0.000000,,,,
2024-09-04,AROC,BBG001SVDK72,0,false,19.060000,18.980000,1.101784,-0.419727,false,0.000000,execution_costs_v1.0,0.000000,0.000000,,,,
2024-09-04,AROW,BBG001S5NV83,0,false,29.200000,29.050000,0.787671,-0.513699,false,0.000000,execution_costs_v1.0,0.000000,0.000000,,,,
2024-09-04,ARQT,BBG00QN8K4P1,2,false,10.340000,10.445000,8.220503,1.015474,false,0.000000,execution_costs_v1.0,0.000000,0.000000,,,,
2024-09-04,ARR,BBG001SRBTG4,3,false,20.220000,20.230000,0.939664,0.049456,false,0.000000,execution_costs_v1.0,0.000000,0.000000,,,,
2024-09-04,ARRY,BBG002MX7TQ9,11,true,6.450000,6.900000,7.131783,6.976744,false,0.000000,execution_costs_v1.0,0.000000,0.000000,,,,
2024-09-04,ARTNA,BBG001S7MLX4,0,false,36.070000,35.910000,0.776268,-0.443582,false,0.000000,execution_costs_v1.0,0.000000,0.000000,,,,
2024-09-04,ARVN,BBG00LW7YL08,0,false,25.340000,25.130000,1.894238,-0.828729,false,0.000000,execution_costs_v1.0,0.000000,0.000000,,,,
2024-09-04,ARW,BBG001S5NVP4,0,false,128.450000,128.990000,0.871935,0.420397,false,0.000000,execution_costs_v1.0,0.000000,0.000000,,,,
2024-09-04,ARWR,BBG001SGT8G5,1,false,22.700000,23.990000,6.123348,5.682819,false,0.000000,execution_costs_v1.0,0.000000,0.000000,,,,
2024-09-04,AS,0001988894,0,false,13.350000,13.820000,4.269663,3.520599,false,0.000000,execution_costs_v1.0,0.000000,0.000000,,,,
2024-09-04,ASAN,BBG00WYHL741,31,true,11.550000,12.610000,9.177489,9.177489,false,0.000000,execution_costs_v1.0,0.000000,0.000000,,,,
2024-09-04,ASB,BBG001S5NVZ3,0,false,22.360000,22.190000,1.118068,-0.760286,false,0.000000,execution_costs_v1.0,0.000000,0.000000,,,,
2024-09-04,ASC,0001577437,0,false,17.610000,17.630000,1.078932,0.113572,false,0.000000,execution_costs_v1.0,0.000000,0.000000,,,,
2024-09-04,ASGN,BBG001S71HP5,0,false,92.250000,93.120000,1.506775,0.943089,false,0.000000,execution_costs_v1.0,0.000000,0.000000,,,,
2024-09-04,ASH,BBG00D0Y81N0,0,false,87.880000,87.950000,1.285844,0.079654,false,0.000000,execution_costs_v1.0,0.000000,0.000000,,,,
2024-09-04,ASIX,BBG00CWTTQ32,0,false,27.800000,27.630000,0.359712,-0.611511,false,0.000000,execution_costs_v1.0,0.000000,0.000000,,,,
2024-09-04,ASO,BBG00X7L1CW0,0,false,53.920000,53.840000,0.853116,-0.148368,false,0.000000,execution_costs_v1.0,0.000000,0.000000,,,,
2024-09-04,ASPN,BBG001SJZK39,4,false,26.110000,26.796500,4.059747,2.629261,false,0.000000,execution_costs_v1.0,0.000000,0.000000,,,,
2024-09-04,ASTE,BBG001S5NWY2,0,false,31.620000,31.330000,1.549652,-0.917141,false,0.000000,execution_costs_v1.0,0.000000,0.000000,,,,
2024-09-04,ASTH,BBG001S96MS2,0,false,47.360000,47.140000,0.992399,-0.464527,false,0.000000,execution_costs_v1.0,0.000000,0.000000,,,,
2024-09-04,ASTL,BBG012NKXV72,0,false,10.030000,10.220000,3.489531,1.894317,false,0.000000,execution_costs_v1.0,0.000000,0.000000,,,,
2024-09-04,ASTS,BBG00Q402TS1,60,true,31.990000,33.080000,14.223195,3.407315,false,0.000000,execution_costs_v1.0,0.000000,0.000000,,,,
2024-09-04,ATEC,BBG001S64XQ8,0,false,6.800000,6.750000,1.460294,-0.735294,false,0.000000,execution_costs_v1.0,0.000000,0.000000,,,,
2024-09-04,ATEN,BBG0060K22D0,0,false,13.380000,13.500000,1.606876,0.896861,false,0.000000,execution_costs_v1.0,0.000000,0.000000,,,,
2024-09-04,ATEX,BBG0081NLJH7,0,false,35.840000,36.230000,2.176339,1.088170,false,0.000000,execution_costs_v1.0,0.000000,0.000000,,,,
2024-09-04,ATGE,BBG001S8M5S3,0,false,73.270000,73.650000,1.706019,0.518630,false,0.000000,execution_costs_v1.0,0.000000,0.000000,,,,
2024-09-04,ATI,BBG001S8WY72,0,false,59.820000,59.780000,2.131394,-0.066867,false,0.000000,execution_costs_v1.0,0.000000,0.000000,,,,
2024-09-04,ATKR,BBG001T8LDZ8,0,false,87.930000,87.060000,0.602752,-0.989423,false,0.000000,execution_costs_v1.0,0.000000,0.000000,,,,
2024-09-04,ATLC,BBG001SC0HS2,0,false,32.520000,33.115000,2.183272,1.829643,false,0.000000,execution_costs_v1.0,0.000000,0.000000,,,,
2024-09-04,ATMU,BBG01B079Z92,0,false,33.430000,33.210000,0.777745,-0.658092,false,0.000000,execution_costs_v1.0,0.000000,0.000000,,,,
2024-09-04,ATNI,BBG001S9SMF2,0,false,27.060000,27.690000,2.716186,2.328160,false,0.000000,execution_costs_v1.0,0.000000,0.000000,,,,
2024-09-04,ATR,BBG001S78MT3,0,false,149.600000,150.800000,0.868984,0.802139,false,0.000000,execution_costs_v1.0,0.000000,0.000000,,,,
2024-09-04,ATRA,BBG005Q3MR36,22,true,8.180000,9.058000,14.425428,10.733496,true,0.000000,execution_costs_v1.0,0.000000,0.000000,,,,
2024-09-04,ATRC,BBG001SD43V3,0,false,25.740000,26.210000,5.011655,1.825952,false,0.000000,execution_costs_v1.0,0.000000,0.000000,,,,
2024-09-04,ATRO,BBG001S5NYK3,0,false,20.770000,20.820000,1.877708,0.240732,false,0.000000,execution_costs_v1.0,0.000000,0.000000,,,,
2024-09-04,ATS,BBG001S5XWC5,0,false,25.900000,25.120000,0.347490,-3.011583,false,0.000000,execution_costs_v1.0,0.000000,0.000000,,,,
2024-09-04,ATSG,BBG001S8KJF9,0,false,15.690000,15.700000,2.230720,0.063735,false,0.000000,execution_costs_v1.0,0.000000,0.000000,,,,
2024-09-04,ATUS,BBG00GFMPS82,2,false,1.750000,2.035000,28.571429,16.285714,true,0.000000,execution_costs_v1.0,0.000000,0.000000,,,,
2024-09-04,ATXS,BBG001T8KDC4,0,false,11.380000,11.520000,2.284710,1.230228,false,0.000000,execution_costs_v1.0,0.000000,0.000000,,,,
2024-09-04,AU,0001973832,13,true,28.530000,28.530000,1.296880,0.000000,false,0.000000,execution_costs_v1.0,0.000000,0.000000,,,,
2024-09-04,AUB,BBG001S7GJV8,0,false,38.830000,38.590000,1.287664,-0.618079,false,0.000000,execution_costs_v1.0,0.000000,0.000000,,,,
2024-09-04,AUDC,0001086434,0,false,10.220000,10.142000,0.684932,-0.763209,false,0.000000,execution_costs_v1.0,0.000000,0.000000,,,,
2024-09-04,AUNA,0001799207,0,false,7.050000,6.900000,0.000000,-2.127660,false,0.000000,execution_costs_v1.0,0.000000,0.000000,,,,
2024-09-04,AUPH,BBG001S68013,0,false,6.670000,6.980000,5.097451,4.647676,false,0.000000,execution_costs_v1.0,0.000000,0.000000,,,,
2024-09-04,AUR,BBG00Z92Y6Y0,3,false,4.200000,4.180000,3.571429,-0.476190,false,0.000000,execution_costs_v1.0,0.000000,0.000000,,,,
2024-09-04,AURA,BBG00226DGP2,0,false,7.450000,7.690000,6.174497,3.221477,false,0.000000,execution_costs_v1.0,0.000000,0.000000,,,,
2024-09-04,AVA,BBG001S5NZ48,0,false,39.120000,39.130000,0.741309,0.025562,false,0.000000,execution_costs_v1.0,0.000000,0.000000,,,,
2024-09-04,AVAH,BBG00G6D6HB3,0,false,5.290000,5.410000,3.591682,2.268431,false,0.000000,execution_costs_v1.0,0.000000,0.000000,,,,
2024-09-04,AVAV,BBG001SPPWP6,0,false,191.720000,194.040000,2.975694,1.210098,false,0.000000,execution_costs_v1.0,0.000000,0.000000,,,,
2024-09-04,AVBP,BBG011N37VW3,0,false,25.600000,26.100000,5.312500,1.953125,false,0.000000,execution_costs_v1.0,0.000000,0.000000,,,,
2024-09-04,AVDL,BBG001SD3F74,0,false,14.890000,14.740000,1.141706,-1.007388,false,0.000000,execution_costs_v1.0,0.000000,0.000000,,,,
2024-09-04,AVDX,BBG012MBDGV1,0,false,7.900000,8.035000,2.341772,1.708861,false,0.000000,execution_costs_v1.0,0.000000,0.000000,,,,
2024-09-04,AVIR,BBG00TZNCJ84,0,false,3.630000,3.640000,0.550964,0.275482,false,0.000000,execution_costs_v1.0,0.000000,0.000000,,,,
2024-09-04,AVNS,BBG005L86G14,0,false,24.180000,23.900000,1.488834,-1.157982,false,0.000000,execution_costs_v1.0,0.000000,0.000000,,,,
2024-09-04,AVNT,BBG001S6RCD3,0,false,47.070000,46.870000,1.232207,-0.424899,false,0.000000,execution_costs_v1.0,0.000000,0.000000,,,,
2024-09-04,AVNW,BBG001SSSZS7,0,false,26.490000,26.440000,1.849755,-0.188750,false,0.000000,execution_costs_v1.0,0.000000,0.000000,,,,
2024-09-04,AVO,BBG005C9W688,0,false,10.610000,10.710000,1.790763,0.942507,false,0.000000,execution_costs_v1.0,0.000000,0.000000,,,,
2024-09-04,AVPT,BBG00Q73LFK9,2,false,11.520000,11.600000,2.387153,0.694444,false,0.000000,execution_costs_v1.0,0.000000,0.000000,,,,
2024-09-04,AVT,BBG001S5NZJ2,0,false,51.980000,52.120000,0.923432,0.269334,false,0.000000,execution_costs_v1.0,0.000000,0.000000,,,,
2024-09-04,AVXL,BBG001SLQWW6,0,false,5.510000,5.615000,5.081670,1.905626,false,0.000000,execution_costs_v1.0,0.000000,0.000000,,,,
2024-09-04,AWI,BBG001SGL0H9,0,false,123.740000,123.920000,0.800065,0.145466,false,0.000000,execution_costs_v1.0,0.000000,0.000000,,,,
2024-09-04,AWR,BBG001S9T5Z6,0,false,81.460000,81.310000,0.392831,-0.184139,false,0.000000,execution_costs_v1.0,0.000000,0.000000,,,,
2024-09-04,AX,BBG001SLZ724,0,false,68.000000,67.150000,1.161765,-1.250000,false,0.000000,execution_costs_v1.0,0.000000,0.000000,,,,
2024-09-04,AXGN,BBG001S5SRD1,0,false,12.980000,13.050000,2.195686,0.539291,false,0.000000,execution_costs_v1.0,0.000000,0.000000,,,,
2024-09-04,AXL,BBG001S9DR67,0,false,6.210000,6.145000,2.495974,-1.046699,false,0.000000,execution_costs_v1.0,0.000000,0.000000,,,,
2024-09-04,AXNX,BBG0067QVJ69,0,false,69.130000,69.120000,0.173586,-0.014465,false,0.000000,execution_costs_v1.0,0.000000,0.000000,,,,
2024-09-04,AXS,0001214816,0,false,79.580000,78.470000,0.578035,-1.394823,false,0.000000,execution_costs_v1.0,0.000000,0.000000,,,,
2024-09-04,AXSM,BBG00B6G7GM6,0,false,89.650000,95.520000,8.031233,6.547685,false,0.000000,execution_costs_v1.0,0.000000,0.000000,,,,
2024-09-04,AXTA,0001616862,0,false,35.610000,35.390000,1.544510,-0.617804,false,0.000000,execution_costs_v1.0,0.000000,0.000000,,,,
2024-09-04,AY,0001601072,0,false,21.820000,21.830000,0.320807,0.045830,false,0.000000,execution_costs_v1.0,0.000000,0.000000,,,,
2024-09-04,AYI,BBG001SBG656,0,false,245.650000,246.860000,0.879300,0.492571,false,0.000000,execution_costs_v1.0,0.000000,0.000000,,,,
2024-09-04,AZEK,BBG00RP7FY15,0,false,41.210000,41.460000,1.140500,0.606649,false,0.000000,execution_costs_v1.0,0.000000,0.000000,,,,
2024-09-04,AZPN,BBG017J18WC8,0,false,223.720000,228.580000,2.366798,2.172358,false,0.000000,execution_costs_v1.0,0.000000,0.000000,,,,
2024-09-04,AZTA,BBG001S8F1B8,0,false,47.260000,47.270000,2.158273,0.021160,false,0.000000,execution_costs_v1.0,0.000000,0.000000,,,,
2024-09-04,AZZ,BBG001S9QNK6,0,false,77.780000,76.480000,0.533556,-1.671381,false,0.000000,execution_costs_v1.0,0.000000,0.000000,,,,
2024-09-04,B,BBG001S5P0S7,0,false,38.150000,38.450000,2.136304,0.786370,false,0.000000,execution_costs_v1.0,0.000000,0.000000,,,,
2024-09-04,BALY,BBG005Q22HH7,0,false,17.150000,17.190000,0.291545,0.233236,false,0.000000,execution_costs_v1.0,0.000000,0.000000,,,,
2024-09-04,BANC,BBG001SKZX56,0,false,13.980000,14.100000,1.251788,0.858369,false,0.000000,execution_costs_v1.0,0.000000,0.000000,,,,
2024-09-04,BAND,BBG001TFDMP2,0,false,16.770000,16.870000,2.087060,0.596303,false,0.000000,execution_costs_v1.0,0.000000,0.000000,,,,
2024-09-04,BANF,BBG001S75RW1,0,false,103.770000,103.160000,0.558928,-0.587838,false,0.000000,execution_costs_v1.0,0.000000,0.000000,,,,
2024-09-04,BANR,BBG001SD3DZ8,0,false,58.570000,58.570000,0.904900,0.000000,false,0.000000,execution_costs_v1.0,0.000000,0.000000,,,,
2024-09-04,BAP,0001001290,0,false,172.190000,171.200000,0.174226,-0.574946,false,0.000000,execution_costs_v1.0,0.000000,0.000000,,,,
2024-09-04,BASE,BBG001Z5ZB22,1,false,18.890000,18.980000,2.964531,0.476443,false,0.000000,execution_costs_v1.0,0.000000,0.000000,,,,
2024-09-04,BATRK,BBG01HCX3Z22,0,false,41.700000,41.850000,1.199041,0.359712,false,0.000000,execution_costs_v1.0,0.000000,0.000000,,,,
2024-09-04,BB,BBG001S60618,7,false,2.250000,2.280000,2.222222,1.333333,false,0.000000,execution_costs_v1.0,0.000000,0.000000,,,,
2024-09-04,BBAI,BBG00Z4HKRY1,21,true,1.420000,1.380000,0.000000,-2.816901,false,0.000000,execution_costs_v1.0,0.000000,0.000000,,,,
2024-09-04,BBCP,BBG00M8BB1P6,0,false,6.180000,5.740000,0.000000,-7.119741,false,0.000000,execution_costs_v1.0,0.000000,0.000000,,,,
2024-09-04,BBDC,BBG001S9DQ05,1,false,9.780000,9.790000,0.510225,0.102249,false,0.000000,execution_costs_v1.0,0.000000,0.000000,,,,
2024-09-04,BBIO,BBG00P9KDZL5,2,false,28.970000,30.700000,6.213324,5.971695,false,0.000000,execution_costs_v1.0,0.000000,0.000000,,,,
2024-09-04,BBU,0001654795,0,false,20.080000,20.020000,1.070717,-0.298805,false,0.000000,execution_costs_v1.0,0.000000,0.000000,,,,
2024-09-04,BBUC,BBG015P1Z2Y7,0,false,22.480000,22.300000,0.133452,-0.800712,false,0.000000,execution_costs_v1.0,0.000000,0.000000,,,,
2024-09-04,BBW,BBG001SMC9T4,0,false,33.170000,33.630000,3.542358,1.386795,false,0.000000,execution_costs_v1.0,0.000000,0.000000,,,,
2024-09-04,BBWI,BBG001S5SWL1,1,false,30.230000,29.500000,1.422428,-2.414820,false,0.000000,execution_costs_v1.0,0.000000,0.000000,,,,
2024-09-04,BC,BBG001S5P294,0,false,76.470000,78.040000,2.144632,2.053093,false,0.000000,execution_costs_v1.0,0.000000,0.000000,,,,
2024-09-04,BCC,BBG001SZX397,0,false,124.180000,125.760000,1.755516,1.272347,false,0.000000,execution_costs_v1.0,0.000000,0.000000,,,,
2024-09-04,BCO,BBG001S8PZK2,0,false,106.360000,106.420000,1.405604,0.056412,false,0.000000,execution_costs_v1.0,0.000000,0.000000,,,,
2024-09-04,BCPC,BBG001S5P2R4,0,false,,,,,false,0.000000,execution_costs_v1.0,,,,,,
2024-09-04,BCRX,BBG001S7K151,0,false,8.210000,8.285000,1.529842,0.913520,false,0.000000,execution_costs_v1.0,0.000000,0.000000,,,,
2024-09-04,BCSF,BBG00JDV0M33,0,false,17.170000,17.070000,0.232964,-0.582411,false,0.000000,execution_costs_v1.0,0.000000,0.000000,,,,
2024-09-04,BDC,BBG001SM6Z59,0,false,100.570000,102.530000,2.013523,1.948891,false,0.000000,execution_costs_v1.0,0.000000,0.000000,,,,
2024-09-04,BDN,BBG001S6YGF4,0,false,5.100000,5.125000,2.254902,0.490196,false,0.000000,execution_costs_v1.0,0.000000,0.000000,,,,
2024-09-04,BE,BBG001T53509,14,true,10.980000,11.170000,5.100182,1.730419,false,0.000000,execution_costs_v1.0,0.000000,0.000000,,,,
2024-09-04,BEAM,BBG00KXC8655,0,false,24.320000,24.070000,2.138158,-1.027961,false,0.000000,execution_costs_v1.0,0.000000,0.000000,,,,
2024-09-04,BECN,BBG001S903Y3,0,false,85.210000,84.650000,0.234714,-0.657200,false,0.000000,execution_costs_v1.0,0.000000,0.000000,,,,
2024-09-04,BELFB,BBG001S93K81,0,false,64.230000,64.980000,1.292231,1.167679,false,0.000000,execution_costs_v1.0,0.000000,0.000000,,,,
2024-09-04,BEN,BBG001S5P3W6,0,false,20.100000,19.840000,0.447761,-1.293532,false,0.000000,execution_costs_v1.0,0.000000,0.000000,,,,
2024-09-04,BENF,BBG00KFV0B50,2,false,1.490000,1.480000,6.040268,-0.671141,false,0.000000,execution_costs_v1.0,0.000000,0.000000,,,,
2024-09-04,BEP,0001533232,0,false,23.950000,24.970000,4.467641,4.258873,false,0.000000,execution_costs_v1.0,0.000000,0.000000,,,,
2024-09-04,BEPC,BBG00W5FR7D1,0,false,27.580000,28.530000,4.350979,3.444525,false,0.000000,execution_costs_v1.0,0.000000,0.000000,,,,
2024-09-04,BERY,BBG001T6B4W6,0,false,67.970000,67.980000,1.162277,0.014712,false,0.000000,execution_costs_v1.0,0.000000,0.000000,,,,
2024-09-04,BETR,BBG0103VG6P8,0,false,15.020000,16.020000,9.853529,6.657790,false,0.000000,execution_costs_v1.0,0.000000,0.000000,,,,
2024-09-04,BFAM,BBG003LFWPT4,0,false,137.530000,140.650000,3.170217,2.268596,false,0.000000,execution_costs_v1.0,0.000000,0.000000,,,,
2024-09-04,BFC,BBG001S79DP6,0,false,90.980000,89.860000,0.000000,-1.231040,false,0.000000,execution_costs_v1.0,0.000000,0.000000,,,,
2024-09-04,BFH,BBG001S78Z50,0,false,57.840000,56.760000,1.677040,-1.867220,false,0.000000,execution_costs_v1.0,0.000000,0.000000,,,,
2024-09-04,BFS,BBG001S7F7J9,0,false,40.405200,40.450000,1.199846,0.110877,false,0.000000,execution_costs_v1.0,0.000000,0.000000,,,,
2024-09-04,BFST,BBG001T056Q8,0,false,24.220000,23.940000,0.949628,-1.156069,false,0.000000,execution_costs_v1.0,0.000000,0.000000,,,,
2024-09-04,BG,0001996862,0,false,99.870000,100.200000,1.261640,0.330430,false,0.000000,execution_costs_v1.0,0.000000,0.000000,,,,
2024-09-04,BGC,BBG01H9FTHS9,0,false,9.640000,9.745000,1.867220,1.089212,false,0.000000,execution_costs_v1.0,0.000000,0.000000,,,,
2024-09-04,BGS,BBG001SQD861,0,false,8.170000,8.330000,2.518972,1.958384,false,0.000000,execution_costs_v1.0,0.000000,0.000000,,,,
2024-09-04,BH,BBG00JPRDQJ9,0,false,173.230000,171.340000,0.000000,-1.091035,false,0.000000,execution_costs_v1.0,0.000000,0.000000,,,,
2024-09-04,BHB,BBG001SB8Q79,0,false,31.280000,31.215000,0.127877,-0.207801,false,0.000000,execution_costs_v1.0,0.000000,0.000000,,,,
2024-09-04,BHC,BBG001S7WDP0,0,false,6.030000,6.230000,4.560531,3.316750,false,0.000000,execution_costs_v1.0,0.000000,0.000000,,,,
2024-09-04,BHE,BBG001S6LXL4,0,false,40.350000,41.070000,2.074845,1.784387,false,0.000000,execution_costs_v1.0,0.000000,0.000000,,,,
2024-09-04,BHF,BBG00DYPZ4V7,0,false,45.140000,45.530000,2.071334,0.863979,false,0.000000,execution_costs_v1.0,0.000000,0.000000,,,,
2024-09-04,BHIL,BBG00YMWHGH8,0,false,5.840000,5.810000,1.369863,-0.513699,false,0.000000,execution_costs_v1.0,0.000000,0.000000,,,,
2024-09-04,BHLB,BBG001S5PSK4,0,false,27.110000,26.730000,1.327923,-1.401697,false,0.000000,execution_costs_v1.0,0.000000,0.000000,,,,
2024-09-04,BHRB,BBG019X33P61,0,false,64.860000,64.650000,1.603454,-0.323774,false,0.000000,execution_costs_v1.0,0.000000,0.000000,,,,
2024-09-04,BHVN,0001935979,13,true,38.630000,37.850000,1.216671,-2.019156,false,0.000000,execution_costs_v1.0,0.000000,0.000000,,,,
2024-09-04,BIGC,BBG00W1PSTC5,0,false,5.760000,5.845000,2.864583,1.475694,false,0.000000,execution_costs_v1.0,0.000000,0.000000,,,,
2024-09-04,BILL,BBG00QVJV7L3,0,false,52.400000,54.680000,5.486641,4.351145,false,0.000000,execution_costs_v1.0,0.000000,0.000000,,,,
2024-09-04,BIO,BBG001S625W4,0,false,331.110000,330.640000,0.987587,-0.141947,false,0.000000,execution_costs_v1.0,0.000000,0.000000,,,,
2024-09-04,BIOX,0001769484,1,false,10.750000,10.640000,0.930233,-1.023256,false,0.000000,execution_costs_v1.0,0.000000,0.000000,,,,
2024-09-04,BIP,0001406234,0,false,31.000000,31.450000,2.645161,1.451613,false,0.000000,execution_costs_v1.0,0.000000,0.000000,,,,
2024-09-04,BIPC,BBG00QDWSVL5,0,false,39.000000,40.310000,3.769231,3.358974,false,0.000000,execution_costs_v1.0,0.000000,0.000000,,,,
2024-09-04,BIRK,0001977102,0,false,49.300000,48.210000,1.034483,-2.210953,false,0.000000,execution_costs_v1.0,0.000000,0.000000,,,,
2024-09-04,BITF,BBG00PGMZVM7,26,true,1.900000,1.935000,5.263158,1.842105,false,0.000000,execution_costs_v1.0,0.000000,0.000000,,,,
2024-09-04,BJ,BBG00FQ8T4M6,0,false,78.720000,78.580000,0.473831,-0.177846,false,0.000000,execution_costs_v1.0,0.000000,0.000000,,,,
2024-09-04,BJRI,BBG001S970P2,0,false,29.860000,30.110000,2.746149,0.837240,false,0.000000,execution_costs_v1.0,0.000000,0.000000,,,,
2024-09-04,BKD,BBG001SDHC58,0,false,7.040000,6.980000,0.497159,-0.852273,false,0.000000,execution_costs_v1.0,0.000000,0.000000,,,,
2024-09-04,BKE,BBG001S5P6T3,0,false,41.380000,41.320000,0.386660,-0.144998,false,0.000000,execution_costs_v1.0,0.000000,0.000000,,,,
2024-09-04,BKH,BBG001S5P6X8,0,false,59.350000,59.750000,0.690817,0.673968,false,0.000000,execution_costs_v1.0,0.000000,0.000000,,,,
2024-09-04,BKKT,BBG00XRJ7Y59,0,false,12.860000,12.440000,1.996890,-3.265941,false,0.000000,execution_costs_v1.0,0.000000,0.000000,,,,
2024-09-04,BKU,BBG001T5W6B3,0,false,37.650000,37.350000,1.420983,-0.796813,false,0.000000,execution_costs_v1.0,0.000000,0.000000,,,,
2024-09-04,BL,BBG0029KJVD8,0,false,48.130000,48.955000,2.223146,1.714108,false,0.000000,execution_costs_v1.0,0.000000,0.000000,,,,
2024-09-04,BLBD,BBG006427TN1,2,false,48.030000,48.730000,1.998751,1.457422,false,0.000000,execution_costs_v1.0,0.000000,0.000000,,,,
2024-09-04,BLCO,BBG014KG1GY8,0,false,16.250000,16.315000,2.769231,0.400000,false,0.000000,execution_costs_v1.0,0.000000,0.000000,,,,
2024-09-04,BLD,BBG0077VS2G6,0,false,368.020000,369.230000,1.342318,0.328786,false,0.000000,execution_costs_v1.0,0.000000,0.000000,,,,
2024-09-04,BLDP,BBG001S5Y1D1,4,false,1.750000,1.710000,2.857143,-2.285714,false,0.000000,execution_costs_v1.0,0.000000,0.000000,,,,
2024-09-04,BLFS,BBG001SFGWZ7,0,false,24.360000,24.665000,3.448276,1.252053,false,0.000000,execution_costs_v1.0,0.000000,0.000000,,,,
2024-09-04,BLKB,BBG001S9B5W8,0,false,81.520000,82.110000,1.054956,0.723749,false,0.000000,execution_costs_v1.0,0.000000,0.000000,,,,
2024-09-04,BLMN,BBG002VZ69Q9,0,false,17.200000,17.320000,2.500000,0.697674,false,0.000000,execution_costs_v1.0,0.000000,0.000000,,,,
2024-09-04,BLND,BBG00D0YK7V4,0,false,3.460000,3.395000,4.624277,-1.878613,false,0.000000,execution_costs_v1.0,0.000000,0.000000,,,,
2024-09-04,BLX,0000890541,0,false,30.980000,30.820000,0.387347,-0.516462,false,0.000000,execution_costs_v1.0,0.000000,0.000000,,,,
2024-09-04,BMBL,BBG00Z6RF535,0,false,6.690000,6.775000,4.409567,1.270553,false,0.000000,execution_costs_v1.0,0.000000,0.000000,,,,
2024-09-04,BMI,BBG001S5P8Q2,0,false,196.140000,195.260000,0.774957,-0.448659,false,0.000000,execution_costs_v1.0,0.000000,0.000000,,,,
2024-09-04,BMRC,BBG001S7WFM8,0,false,21.305000,21.170000,0.680591,-0.633654,false,0.000000,execution_costs_v1.0,0.000000,0.000000,,,,
2024-09-04,BNED,BBG009CNQCX5,1,false,12.250000,12.390000,4.285714,1.142857,false,0.000000,execution_costs_v1.0,0.000000,0.000000,,,,
2024-09-04,BNL,BBG001T61WG3,0,false,18.360000,18.430000,1.933551,0.381264,false,0.000000,execution_costs_v1.0,0.000000,0.000000,,,,
2024-09-04,BNRE,0001837429,0,false,48.075000,47.500000,1.029641,-1.196048,false,0.000000,execution_costs_v1.0,0.000000,0.000000,,,,
2024-09-04,BOC,BBG0021J74C3,0,false,13.990000,14.210000,1.608292,1.572552,false,0.000000,execution_costs_v1.0,0.000000,0.000000,,,,
2024-09-04,BOH,BBG001S6R977,0,false,65.340000,65.400000,1.163147,0.091827,false,0.000000,execution_costs_v1.0,0.000000,0.000000,,,,
2024-09-04,BOKF,BBG001S6VBZ6,0,false,103.250000,103.470000,1.588378,0.213075,false,0.000000,execution_costs_v1.0,0.000000,0.000000,,,,
2024-09-04,BOOT,BBG007D38ZV3,0,false,134.260000,135.340000,1.012960,0.804409,false,0.000000,execution_costs_v1.0,0.000000,0.000000,,,,
2024-09-04,BORR,0001715497,2,false,5.590000,5.605000,3.398927,0.268336,false,0.000000,execution_costs_v1.0,0.000000,0.000000,,,,
2024-09-04,BOWL,BBG00Z6BJ698,0,false,10.880000,11.230000,4.181985,3.216912,false,0.000000,execution_costs_v1.0,0.000000,0.000000,,,,
2024-09-04,BOX,BBG001T5R852,1,false,32.000000,32.860000,2.781250,2.687500,false,0.000000,execution_costs_v1.0,0.000000,0.000000,,,,
2024-09-04,BPMC,BBG001V11BV0,0,false,91.950000,92.610000,0.924415,0.717781,false,0.000000,execution_costs_v1.0,0.000000,0.000000,,,,
2024-09-04,BPOP,BBG001S5PC01,0,false,100.150000,99.080000,1.258113,-1.068397,false,0.000000,execution_costs_v1.0,0.000000,0.000000,,,,
2024-09-04,BRBR,BBG013QNJHW0,0,false,55.370000,56.250000,1.860213,1.589308,false,0.000000,execution_costs_v1.0,0.000000,0.000000,,,,
2024-09-04,BRC,BBG001S5PCB9,0,false,73.530000,73.080000,0.788794,-0.611995,false,0.000000,execution_costs_v1.0,0.000000,0.000000,,,,
2024-09-04,BRDG,BBG011KG5XK8,0,false,8.120000,7.950000,1.293103,-2.093596,false,0.000000,execution_costs_v1.0,0.000000,0.000000,,,,
2024-09-04,BRKL,BBG001S73383,0,false,10.060000,10.029000,1.391650,-0.308151,false,0.000000,execution_costs_v1.0,0.000000,0.000000,,,,
2024-09-04,BRKR,BBG001SF69P0,0,false,65.350000,64.400000,0.290742,-1.453711,false,0.000000,execution_costs_v1.0,0.000000,0.000000,,,,
2024-09-04,BROS,BBG01282ZJ56,1,false,30.620000,31.370000,3.461790,2.449379,false,0.000000,execution_costs_v1.0,0.000000,0.000000,,,,
2024-09-04,BRSP,BBG00JVRRR41,1,false,5.880000,5.690000,0.000000,-3.231293,false,0.000000,execution_costs_v1.0,0.000000,0.000000,,,,
2024-09-04,BRT,BBG001S5PCX5,0,false,18.640000,18.660000,0.696888,0.107296,false,0.000000,execution_costs_v1.0,0.000000,0.000000,,,,
2024-09-04,BRX,BBG001V0T8T2,0,false,27.320000,27.350000,1.134700,0.109810,false,0.000000,execution_costs_v1.0,0.000000,0.000000,,,,
2024-09-04,BRY,BBG00H5HHVK0,0,false,5.950000,5.730000,0.840336,-3.697479,false,0.000000,execution_costs_v1.0,0.000000,0.000000,,,,
2024-09-04,BRZE,BBG00294NX54,0,false,42.540000,43.180000,2.844382,1.504466,false,0.000000,execution_costs_v1.0,0.000000,0.000000,,,,
2024-09-04,BSIG,BBG00P2HLNZ2,0,false,23.440000,23.640000,1.151877,0.853242,false,0.000000,execution_costs_v1.0,0.000000,0.000000,,,,
2024-09-04,BSM,BBG008B5CF38,0,false,14.630000,14.370000,0.476418,-1.777170,false,0.000000,execution_costs_v1.0,0.000000,0.000000,,,,
2024-09-04,BSRR,BBG001S6XR89,0,false,30.020000,30.050000,1.632245,0.099933,false,0.000000,execution_costs_v1.0,0.000000,0.000000,,,,
2024-09-04,BSVN,BBG00LV101D9,0,false,39.887500,39.670000,0.000000,-0.545284,false,0.000000,execution_costs_v1.0,0.000000,0.000000,,,,
2024-09-04,BSY,BBG001SBWGV7,0,false,48.500000,48.500000,0.917526,0.000000,false,0.000000,execution_costs_v1.0,0.000000,0.000000,,,,
2024-09-04,BTBT,0001710350,18,true,2.800000,2.785000,6.428571,-0.535714,false,0.000000,execution_costs_v1.0,0.000000,0.000000,,,,
2024-09-04,BTDR,0001899123,6,false,5.860000,5.860000,3.583618,0.000000,false,0.000000,execution_costs_v1.0,0.000000,0.000000,,,,
2024-09-04,BTE,BBG001S998N5,0,false,3.280000,3.230000,1.981707,-1.524390,false,0.000000,execution_costs_v1.0,0.000000,0.000000,,,,
2024-09-04,BTG,BBG001T0CNW6,10,true,2.670000,2.650000,1.123596,-0.749064,false,0.000000,execution_costs_v1.0,0.000000,0.000000,,,,
2024-09-04,BTSG,BBG0132WL2T0,0,false,12.580000,12.970000,3.934817,3.100159,false,0.000000,execution_costs_v1.0,0.000000,0.000000,,,,
2024-09-04,BTU,BBG00GBV89J5,0,false,22.080000,22.030000,1.313406,-0.226449,false,0.000000,execution_costs_v1.0,0.000000,0.000000,,,,
2024-09-04,BUR,0001714174,9,false,13.070000,13.030000,0.382555,-0.306044,false,0.000000,execution_costs_v1.0,0.000000,0.000000,,,,
2024-09-04,BUSE,BBG001SBH5P5,0,false,27.380000,26.800000,0.511322,-2.118335,false,0.000000,execution_costs_v1.0,0.000000,0.000000,,,,
2024-09-04,BV,BBG00L1LT744,0,false,15.400000,15.420000,1.590909,0.129870,false,0.000000,execution_costs_v1.0,0.000000,0.000000,,,,
2024-09-04,BVS,BBG00D8550C2,1,false,9.900000,9.680000,0.707071,-2.222222,false,0.000000,execution_costs_v1.0,0.000000,0.000000,,,,
2024-09-04,BWA,BBG001S7F4D2,1,false,33.070000,33.070000,0.755972,0.000000,false,0.000000,execution_costs_v1.0,0.000000,0.000000,,,,
2024-09-04,BWB,BBG001SQNYQ1,0,false,13.650000,13.970000,4.688645,2.344322,false,0.000000,execution_costs_v1.0,0.000000,0.000000,,,,
2024-09-04,BWLP,0001649313,1,false,15.110000,15.030000,1.257445,-0.529451,false,0.000000,execution_costs_v1.0,0.000000,0.000000,,,,
2024-09-04,BWMN,BBG003BPV1R9,0,false,22.910000,22.670000,1.484068,-1.047577,false,0.000000,execution_costs_v1.0,0.000000,0.000000,,,,
2024-09-04,BWMX,0001788257,0,false,12.950000,12.400000,0.617761,-4.247104,false,0.000000,execution_costs_v1.0,0.000000,0.000000,,,,
2024-09-04,BWXT,BBG001SGJPH7,0,false,98.610000,98.690000,0.669303,0.081128,false,0.000000,execution_costs_v1.0,0.000000,0.000000,,,,
2024-09-04,BXC,BBG001SHHF25,0,false,94.960000,95.830000,2.143008,0.916175,false,0.000000,execution_costs_v1.0,0.000000,0.000000,,,,
2024-09-04,BXMT,BBG001S5Q7V7,0,false,18.330000,18.015000,0.000000,-1.718494,false,0.000000,execution_costs_v1.0,0.000000,0.000000,,,,
2024-09-04,BXP,BBG001S9TWV1,1,false,74.430000,74.420000,1.397286,-0.013435,false,0.000000,execution_costs_v1.0,0.000000,0.000000,,,,
2024-09-04,BXSL,BBG00MS80PP0,3,false,29.690000,29.990000,1.313574,1.010441,false,0.000000,execution_costs_v1.0,0.000000,0.000000,,,,
2024-09-04,BY,BBG001SMZRV6,0,false,27.220000,26.970000,1.285819,-0.918442,false,0.000000,execution_costs_v1.0,0.000000,0.000000,,,,
2024-09-04,BYD,BBG001S7DMW3,0,false,60.360000,61.580000,3.412856,2.021206,false,0.000000,execution_costs_v1.0,0.000000,0.000000,,,,
2024-09-04,BYND,BBG003CVJP69,4,false,5.880000,5.950000,5.017007,1.190476,false,0.000000,execution_costs_v1.0,0.000000,0.000000,,,,
2024-09-04,BYON,BBG001S64TS5,1,false,9.400000,9.870000,8.510638,5.000000,false,0.000000,execution_costs_v1.0,0.000000,0.000000,,,,
2024-09-04,BZFD,BBG00YPS9KZ4,0,false,2.470000,2.355000,1.210526,-4.655870,false,0.000000,execution_costs_v1.0,0.000000,0.000000,,,,
2024-09-04,BZH,BBG001S76DH8,0,false,29.690000,29.830000,1.347255,0.471539,false,0.000000,execution_costs_v1.0,0.000000,0.000000,,,,
2024-09-04,CAAP,0001717393,0,false,14.220000,14.550000,2.813643,2.320675,false,0.000000,execution_costs_v1.0,0.000000,0.000000,,,,
2024-09-04,CABO,BBG001SFK9N6,0,false,354.640000,348.940000,1.820156,-1.607264,false,0.000000,execution_costs_v1.0,0.000000,0.000000,,,,
2024-09-04,CAC,BBG001S5PGN7,0,false,39.510000,38.810000,1.240192,-1.771703,false,0.000000,execution_costs_v1.0,0.000000,0.000000,,,,
2024-09-04,CACC,BBG001S71KS5,0,false,458.000000,452.390000,1.039301,-1.224891,false,0.000000,execution_costs_v1.0,0.000000,0.000000,,,,
2024-09-04,CACI,BBG001SF9NK1,0,false,478.350000,477.770000,0.363750,-0.121250,false,0.000000,execution_costs_v1.0,0.000000,0.000000,,,,
2024-09-04,CADE,BBG001SHFG98,0,false,31.670000,31.520000,1.452479,-0.473634,false,0.000000,execution_costs_v1.0,0.000000,0.000000,,,,
2024-09-04,CAE,BBG001S5Y4F3,0,false,17.630000,18.035000,2.665910,2.297221,false,0.000000,execution_costs_v1.0,0.000000,0.000000,,,,
2024-09-04,CAKE,BBG001S71Q75,0,false,38.940000,38.820000,0.770416,-0.308166,false,0.000000,execution_costs_v1.0,0.000000,0.000000,,,,
2024-09-04,CAL,BBG001S76YV6,0,false,39.430000,39.765000,2.054273,0.849607,false,0.000000,execution_costs_v1.0,0.000000,0.000000,,,,
2024-09-04,CALM,BBG001S80MM6,1,false,71.170000,68.930000,0.702543,-3.147394,false,0.000000,execution_costs_v1.0,0.000000,0.000000,,,,
2024-09-04,CALX,BBG001T633M8,0,false,37.090000,36.950000,0.781882,-0.377460,false,0.000000,execution_costs_v1.0,0.000000,0.000000,,,,
2024-09-04,CAMT,0001109138,1,false,81.010000,83.520000,6.085668,3.098383,false,0.000000,execution_costs_v1.0,0.000000,0.000000,,,,
2024-09-04,CAPL,BBG002Z9XF16,0,false,19.250000,19.430000,1.298701,0.935065,false,0.000000,execution_costs_v1.0,0.000000,0.000000,,,,
2024-09-04,CAR,BBG001S8S6R6,3,false,75.000000,74.520000,4.733333,-0.640000,false,0.000000,execution_costs_v1.0,0.000000,0.000000,,,,
2024-09-04,CARE,BBG00Y9DFYK4,0,false,17.250000,16.920000,0.000000,-1.913043,false,0.000000,execution_costs_v1.0,0.000000,0.000000,,,,
2024-09-04,CARG,BBG00HQ77DT1,1,false,27.830000,28.070000,1.473230,0.862379,false,0.000000,execution_costs_v1.0,0.000000,0.000000,,,,
2024-09-04,CARS,BBG001SP6HB5,0,false,17.260000,17.370000,1.709154,0.637312,false,0.000000,execution_costs_v1.0,0.000000,0.000000,,,,
2024-09-04,CART,BBG00KG5VJG3,0,false,34.730000,33.610000,0.000000,-3.224878,false,0.000000,execution_costs_v1.0,0.000000,0.000000,,,,
2024-09-04,CASH,BBG001S7G4Q7,0,false,67.930000,67.020000,0.809657,-1.339614,false,0.000000,execution_costs_v1.0,0.000000,0.000000,,,,
2024-09-04,CASS,BBG001S5VK42,0,false,41.710000,41.870000,1.054903,0.383601,false,0.000000,execution_costs_v1.0,0.000000,0.000000,,,,
2024-09-04,CASY,BBG001S5PHZ2,0,false,352.930000,354.610000,0.589352,0.476015,false,0.000000,execution_costs_v1.0,0.000000,0.000000,,,,
2024-09-04,CATX,BBG001S5Q300,1,false,14.120000,14.960000,6.427054,5.949008,false,0.000000,execution_costs_v1.0,0.000000,0.000000,,,,
2024-09-04,CATY,BBG001S6PB10,0,false,43.460000,43.100000,1.311551,-0.828348,false,0.000000,execution_costs_v1.0,0.000000,0.000000,,,,
2024-09-04,CAVA,BBG00GBR8762,9,false,110.310000,113.960000,3.961563,3.308857,false,0.000000,execution_costs_v1.0,0.000000,0.000000,,,,
2024-09-04,CBL,BBG01396RPH6,0,false,26.170000,25.900000,0.458540,-1.031716,false,0.000000,execution_costs_v1.0,0.000000,0.000000,,,,
2024-09-04,CBNK,BBG001SMZRH2,0,false,25.430000,25.100000,0.688164,-1.297680,false,0.000000,execution_costs_v1.0,0.000000,0.000000,,,,
2024-09-04,CBRL,BBG001S5PK03,0,false,38.750000,38.700000,2.812903,-0.129032,false,0.000000,execution_costs_v1.0,0.000000,0.000000,,,,
2024-09-04,CBSH,BBG001S5PK21,0,false,63.540000,63.300000,1.030847,-0.377715,false,0.000000,execution_costs_v1.0,0.000000,0.000000,,,,
2024-09-04,CBT,BBG001S5PK58,0,false,100.860000,101.250000,1.160024,0.386675,false,0.000000,execution_costs_v1.0,0.000000,0.000000,,,,
2024-09-04,CBU,BBG001S5PK76,0,false,60.550000,60.080000,1.519405,-0.776218,false,0.000000,execution_costs_v1.0,0.000000,0.000000,,,,
2024-09-04,CBZ,BBG001S8MB55,0,false,73.040000,72.730000,1.218510,-0.424425,false,0.000000,execution_costs_v1.0,0.000000,0.000000,,,,
2024-09-04,CC,BBG005H82GC1,0,false,18.630000,18.530000,1.610306,-0.536769,false,0.000000,execution_costs_v1.0,0.000000,0.000000,,,,
2024-09-04,CCAP,BBG009NX1JV5,0,false,18.390000,18.250000,0.108755,-0.761283,false,0.000000,execution_costs_v1.0,0.000000,0.000000,,,,
2024-09-04,CCB,BBG001SN16N6,0,false,52.590000,51.490000,0.979274,-2.091652,false,0.000000,execution_costs_v1.0,0.000000,0.000000,,,,
2024-09-04,CCBG,BBG001S9K7B7,0,false,34.910000,34.140000,0.000000,-2.205672,false,0.000000,execution_costs_v1.0,0.000000,0.000000,,,,
2024-09-04,CCCC,BBG00BV2Y9C6,0,false,5.960000,5.870000,5.369128,-1.510067,false,0.000000,execution_costs_v1.0,0.000000,0.000000,,,,
2024-09-04,CCCS,BBG00WNSJM58,0,false,10.660000,10.530000,0.000000,-1.219512,false,0.000000,execution_costs_v1.0,0.000000,0.000000,,,,
2024-09-04,CCD,BBG0065XMFM6,0,false,23.550000,23.750000,1.282378,0.849257,false,0.000000,execution_costs_v1.0,0.000000,0.000000,,,,
2024-09-04,CCK,BBG001S5PKZ5,0,false,90.130000,90.340000,1.353600,0.232997,false,0.000000,execution_costs_v1.0,0.000000,0.000000,,,,
2024-09-04,CCNE,BBG001S80QZ3,0,false,23.915000,23.360000,0.000000,-2.320719,false,0.000000,execution_costs_v1.0,0.000000,0.000000,,,,
2024-09-04,CCO,BBG001SY0WV7,0,false,1.500000,1.440000,1.333333,-4.000000,false,0.000000,execution_costs_v1.0,0.000000,0.000000,,,,
2024-09-04,CCOI,BBG001SC5GP2,0,false,69.010000,69.740000,2.390958,1.057818,false,0.000000,execution_costs_v1.0,0.000000,0.000000,,,,
2024-09-04,CCRN,BBG001SG7SC9,0,false,14.560000,15.030000,3.708791,3.228022,false,0.000000,execution_costs_v1.0,0.000000,0.000000,,,,
2024-09-04,CCS,BBG006G413H4,0,false,95.370000,95.800000,1.074761,0.450876,false,0.000000,execution_costs_v1.0,0.000000,0.000000,,,,
2024-09-04,CCSI,BBG0105XBRJ8,0,false,23.300000,23.360000,1.980687,0.257511,false,0.000000,execution_costs_v1.0,0.000000,0.000000,,,,
2024-09-04,CDE,BBG001S5PM54,5,false,5.400000,5.380000,2.037037,-0.370370,false,0.000000,execution_costs_v1.0,0.000000,0.000000,,,,
2024-09-04,CDMO,BBG001SD4YL6,0,false,9.700000,9.250000,0.103093,-4.639175,false,0.000000,execution_costs_v1.0,0.000000,0.000000,,,,
2024-09-04,CDNA,BBG006JS5794,0,false,29.260000,27.690000,0.717703,-5.365687,false,0.000000,execution_costs_v1.0,0.000000,0.000000,,,,
2024-09-04,CDP,BBG001S5XVM6,0,false,29.170000,29.580000,2.468289,1.405554,false,0.000000,execution_costs_v1.0,0.000000,0.000000,,,,
2024-09-04,CDRE,BBG011RK3P21,0,false,34.690000,35.210000,1.527818,1.498991,false,0.000000,execution_costs_v1.0,0.000000,0.000000,,,,
2024-09-04,CDRO,0001866782,0,false,7.530000,7.800000,3.718459,3.585657,false,0.000000,execution_costs_v1.0,0.000000,0.000000,,,,
2024-09-04,CDTX,BBG006R5MFV3,0,false,11.320000,11.470000,1.943463,1.325088,false,0.000000,execution_costs_v1.0,0.000000,0.000000,,,,
2024-09-04,CE,BBG001SJDDG5,0,false,125.250000,124.300000,0.762475,-0.758483,false,0.000000,execution_costs_v1.0,0.000000,0.000000,,,,
2024-09-04,CECO,BBG001S6PJV0,0,false,27.270000,26.210000,0.000000,-3.887055,false,0.000000,execution_costs_v1.0,0.000000,0.000000,,,,
2024-09-04,CEIX,BBG00HC115M9,0,false,96.090000,94.600000,0.468311,-1.550630,false,0.000000,execution_costs_v1.0,0.000000,0.000000,,,,
2024-09-04,CELC,BBG00HKBW054,0,false,15.550000,15.590000,2.186495,0.257235,false,0.000000,execution_costs_v1.0,0.000000,0.000000,,,,
2024-09-04,CELH,BBG001SQSKT3,17,true,36.500000,32.380000,3.013425,-11.287671,false,0.000000,execution_costs_v1.0,0.000000,0.000000,,,,
2024-09-04,CENTA,BBG001SLHT35,0,false,33.840000,33.700000,0.871749,-0.413712,false,0.000000,execution_costs_v1.0,0.000000,0.000000,,,,
2024-09-04,CENX,BBG001S766G4,0,false,13.070000,12.990000,4.609793,-0.612089,false,0.000000,execution_costs_v1.0,0.000000,0.000000,,,,
2024-09-04,CEPU,BBG00JNMX9L5,0,false,8.920000,9.450000,6.258969,5.941704,false,0.000000,execution_costs_v1.0,0.000000,0.000000,,,,
2024-09-04,CERS,BBG001S97DG4,0,false,2.190000,2.110000,0.684932,-3.652968,false,0.000000,execution_costs_v1.0,0.000000,0.000000,,,,
2024-09-04,CERT,BBG00Y7BR4L2,0,false,11.700000,11.510000,2.115385,-1.623932,false,0.000000,execution_costs_v1.0,0.000000,0.000000,,,,
2024-09-04,CEVA,BBG001S9R702,0,false,22.560000,22.480000,1.839539,-0.354610,false,0.000000,execution_costs_v1.0,0.000000,0.000000,,,,
2024-09-04,CF,BBG001SJ8KV8,0,false,79.820000,80.130000,1.315460,0.388374,false,0.000000,execution_costs_v1.0,0.000000,0.000000,,,,
2024-09-04,CFB,BBG001T6G4Z8,0,false,17.660000,17.230000,1.019253,-2.434881,false,0.000000,execution_costs_v1.0,0.000000,0.000000,,,,
2024-09-04,CFFN,BBG001SBWDX2,0,false,5.880000,5.870000,0.850340,-0.170068,false,0.000000,execution_costs_v1.0,0.000000,0.000000,,,,
2024-09-04,CFLT,BBG007HWGYS3,0,false,20.000000,19.780000,2.150000,-1.100000,false,0.000000,execution_costs_v1.0,0.000000,0.000000,,,,
2024-09-04,CFR,BBG001S6D2D0,0,false,111.760000,111.710000,1.530064,-0.044739,false,0.000000,execution_costs_v1.0,0.000000,0.000000,,,,
2024-09-04,CG,BBG001S7JM84,1,false,38.310000,38.120000,0.835291,-0.495954,false,0.000000,execution_costs_v1.0,0.000000,0.000000,,,,
2024-09-04,CGAU,BBG001SLVFY5,0,false,6.600000,6.605000,1.515152,0.075758,false,0.000000,execution_costs_v1.0,0.000000,0.000000,,,,
2024-09-04,CGBD,BBG00GQVWWQ3,0,false,17.080000,17.010000,0.819672,-0.409836,false,0.000000,execution_costs_v1.0,0.000000,0.000000,,,,
2024-09-04,CGC,BBG001T6MH82,12,true,4.950000,4.870000,3.636364,-1.616162,false,0.000000,execution_costs_v1.0,0.000000,0.000000,,,,
2024-09-04,CGEM,BBG00HW2DGR3,0,false,18.450000,18.670000,2.601626,1.192412,false,0.000000,execution_costs_v1.0,0.000000,0.000000,,,,
2024-09-04,CGNT,0001824814,0,false,7.420000,7.430000,2.964960,0.134771,false,0.000000,execution_costs_v1.0,0.000000,0.000000,,,,
2024-09-04,CGNX,BBG001S5TC16,0,false,38.030000,38.640000,2.498028,1.603997,false,0.000000,execution_costs_v1.0,0.000000,0.000000,,,,
2024-09-04,CGON,BBG00YHKK4R2,0,false,35.310000,36.460000,4.729538,3.256868,false,0.000000,execution_costs_v1.0,0.000000,0.000000,,,,
2024-09-04,CHCO,BBG001S5PR71,0,false,118.650000,118.620000,1.053519,-0.025284,false,0.000000,execution_costs_v1.0,0.000000,0.000000,,,,
2024-09-04,CHCT,BBG008G2P3N1,0,false,18.220000,17.900000,1.206915,-1.756312,false,0.000000,execution_costs_v1.0,0.000000,0.000000,,,,
2024-09-04,CHDN,BBG001S67Z80,0,false,135.610000,138.225000,2.920139,1.928324,false,0.000000,execution_costs_v1.0,0.000000,0.000000,,,,
2024-09-04,CHEF,BBG001V11JN2,0,false,42.460000,42.270000,1.978333,-0.447480,false,0.000000,execution_costs_v1.0,0.000000,0.000000,,,,
2024-09-04,CHH,BBG001S997X6,0,false,125.420000,125.860000,1.287673,0.350821,false,0.000000,execution_costs_v1.0,0.000000,0.000000,,,,
2024-09-04,CHI,BBG001SG6175,0,false,11.220000,11.300000,1.595365,0.713012,false,0.000000,execution_costs_v1.0,0.000000,0.000000,,,,
2024-09-04,CHK,BBG00Z6DX607,0,false,72.240000,70.450000,0.913621,-2.477852,false,0.000000,execution_costs_v1.0,0.000000,0.000000,,,,
2024-09-04,CHPT,BBG00Q741ZS7,22,true,1.690000,1.685000,4.106509,-0.295858,false,0.000000,execution_costs_v1.0,0.000000,0.000000,,,,
2024-09-04,CHRD,BBG00Y7BLJF2,0,false,141.340000,138.720000,1.075421,-1.853686,false,0.000000,execution_costs_v1.0,0.000000,0.000000,,,,
2024-09-04,CHRW,BBG001SB6KF5,0,false,103.630000,104.100000,0.738203,0.453537,false,0.000000,execution_costs_v1.0,0.000000,0.000000,,,,
2024-09-04,CHUY,BBG001YR4229,0,false,37.220000,37.230000,0.147770,0.026867,false,0.000000,execution_costs_v1.0,0.000000,0.000000,,,,
2024-09-04,CHW,BBG001SQN842,0,false,6.970000,6.950000,0.430416,-0.286944,false,0.000000,execution_costs_v1.0,0.000000,0.000000,,,,
2024-09-04,CHWY,BBG00P19DLQ4,7,false,27.940000,27.150000,5.440229,-2.827487,false,0.000000,execution_costs_v1.0,0.000000,0.000000,,,,
2024-09-04,CHX,BBG00JH9V005,0,false,29.840000,29.460000,1.172922,-1.273458,false,0.000000,execution_costs_v1.0,0.000000,0.000000,,,,
2024-09-04,CHY,BBG001S8SMN5,0,false,11.500000,11.520000,0.433913,0.173913,false,0.000000,execution_costs_v1.0,0.000000,0.000000,,,,
2024-09-04,CIEN,BBG001S61J73,34,true,58.200000,54.930000,1.786942,-5.618557,false,0.000000,execution_costs_v1.0,0.000000,0.000000,,,,
2024-09-04,CIFR,BBG00XYHY0L1,29,true,3.080000,2.975000,2.435065,-3.409091,false,0.000000,execution_costs_v1.0,0.000000,0.000000,,,,
2024-09-04,CIGI,BBG001S79G88,0,false,140.600000,140.400000,1.322902,-0.142248,false,0.000000,execution_costs_v1.0,0.000000,0.000000,,,,
2024-09-04,CIM,BBG001SR1G28,0,false,15.290000,15.290000,0.915631,0.000000,false,0.000000,execution_costs_v1.0,0.000000,0.000000,,,,
2024-09-04,CINT,0001868995,0,false,6.590000,6.800000,6.373293,3.186646,false,0.000000,execution_costs_v1.0,0.000000,0.000000,,,,
2024-09-04,CION,BBG009KJ66C3,0,false,11.800000,11.790000,1.108475,-0.084746,false,0.000000,execution_costs_v1.0,0.000000,0.000000,,,,
2024-09-04,CIVI,BBG00GLNJ0R0,0,false,58.320000,56.570000,1.123114,-3.000686,false,0.000000,execution_costs_v1.0,0.000000,0.000000,,,,
2024-09-04,CIX,BBG001S643N7,0,false,28.550000,29.250400,2.872154,2.453240,false,0.000000,execution_costs_v1.0,0.000000,0.000000,,,,
2024-09-04,CJET,0001957413,0,false,3.240000,3.140000,5.555556,-3.086420,false,0.000000,execution_costs_v1.0,0.000000,0.000000,,,,
2024-09-04,CLB,BBG01GG28WT1,0,false,18.940000,18.530000,0.369588,-2.164731,false,0.000000,execution_costs_v1.0,0.000000,0.000000,,,,
2024-09-04,CLBK,BBG003222R95,0,false,17.500000,17.410000,0.542857,-0.514286,false,0.000000,execution_costs_v1.0,0.000000,0.000000,,,,
2024-09-04,CLBT,0001854587,1,false,16.760000,16.835000,1.241050,0.447494,false,0.000000,execution_costs_v1.0,0.000000,0.000000,,,,
2024-09-04,CLCO,0001944057,0,false,11.670000,11.760000,2.227935,0.771208,false,0.000000,execution_costs_v1.0,0.000000,0.000000,,,,
2024-09-04,CLDT,BBG001T5ZKL8,0,false,8.450000,8.230000,0.473373,-2.603550,false,0.000000,execution_costs_v1.0,0.000000,0.000000,,,,
2024-09-04,CLDX,BBG001S7QN20,7,false,41.210000,44.540000,9.390925,8.080563,false,0.000000,execution_costs_v1.0,0.000000,0.000000,,,,
2024-09-04,CLF,BBG001S5PW43,22,true,12.070000,11.995000,2.154101,-0.621375,false,0.000000,execution_costs_v1.0,0.000000,0.000000,,,,
2024-09-04,CLFD,BBG001S5NS35,0,false,36.010000,36.670000,1.916134,1.832824,false,0.000000,execution_costs_v1.0,0.000000,0.000000,,,,
2024-09-04,CLH,BBG001S5PW98,0,false,236.350000,237.080000,0.922361,0.308864,false,0.000000,execution_costs_v1.0,0.000000,0.000000,,,,
2024-09-04,CLMB,BBG001S5T4D1,0,false,91.160000,92.240000,2.720382,1.184730,false,0.000000,execution_costs_v1.0,0.000000,0.000000,,,,
2024-09-04,CLMT,BBG01NQ82GC1,0,false,17.260000,17.970000,7.068366,4.113557,false,0.000000,execution_costs_v1.0,0.000000,0.000000,,,,
2024-09-04,CLNE,BBG001SPD4H0,0,false,2.880000,2.900000,5.208333,0.694444,false,0.000000,execution_costs_v1.0,0.000000,0.000000,,,,
2024-09-04,CLNN,BBG00X3GTK84,1,false,6.000000,6.670000,11.666667,11.166667,false,0.000000,execution_costs_v1.0,0.000000,0.000000,,,,
2024-09-04,CLOV,BBG00SHY90K3,60,true,2.720000,2.865000,9.742647,5.330882,false,0.000000,execution_costs_v1.0,0.000000,0.000000,,,,
2024-09-04,CLPT,BBG001T6D542,0,false,12.520000,12.470000,2.937700,-0.399361,false,0.000000,execution_costs_v1.0,0.000000,0.000000,,,,
2024-09-04,CLS,BBG001S9CXM7,5,false,45.620000,46.630000,2.498904,2.213941,false,0.000000,execution_costs_v1.0,0.000000,0.000000,,,,
2024-09-04,CLSK,BBG001S7F576,52,true,8.860000,8.670000,3.386005,-2.144470,false,0.000000,execution_costs_v1.0,0.000000,0.000000,,,,
2024-09-04,CLVT,0001764046,0,false,6.620000,6.750000,3.927492,1.963746,false,0.000000,execution_costs_v1.0,0.000000,0.000000,,,,
2024-09-04,CLW,BBG001T3T1B3,0,false,32.560000,31.080000,0.614251,-4.545455,false,0.000000,execution_costs_v1.0,0.000000,0.000000,,,,
2024-09-04,CMA,BBG001S6PXB1,0,false,55.520000,54.795000,1.098703,-1.305836,false,0.000000,execution_costs_v1.0,0.000000,0.000000,,,,
2024-09-04,CMC,BBG001S5PXG8,0,false,50.940000,50.720000,1.305457,-0.431881,false,0.000000,execution_costs_v1.0,0.000000,0.000000,,,,
2024-09-04,CMCO,BBG001S5VFS7,0,false,32.530000,32.200000,0.491854,-1.014448,false,0.000000,execution_costs_v1.0,0.000000,0.000000,,,,
2024-09-04,CMG,BBG001SP50B3,22,true,52.650000,53.320000,1.557455,1.272555,false,0.000000,execution_costs_v1.0,0.000000,0.000000,,,,
2024-09-04,CMP,BBG001SDY0X4,1,false,8.160000,7.945000,0.490196,-2.634804,false,0.000000,execution_costs_v1.0,0.000000,0.000000,,,,
2024-09-04,CMPR,0001262976,0,false,94.850000,96.580000,2.356352,1.823933,false,0.000000,execution_costs_v1.0,0.000000,0.000000,,,,
2024-09-04,CMRE,0001503584,0,false,13.350000,13.500000,2.921348,1.123596,false,0.000000,execution_costs_v1.0,0.000000,0.000000,,,,
2024-09-04,CMTG,BBG00PT33814,0,false,7.830000,7.510000,0.957854,-4.086845,false,0.000000,execution_costs_v1.0,0.000000,0.000000,,,,
2024-09-04,CNA,BBG001S5PYX7,0,false,51.850000,51.960000,0.559306,0.212150,false,0.000000,execution_costs_v1.0,0.000000,0.000000,,,,
2024-09-04,CNDT,BBG00C1BZMV6,2,false,3.850000,3.795000,3.506494,-1.428571,false,0.000000,execution_costs_v1.0,0.000000,0.000000,,,,
2024-09-04,CNK,BBG001SS31W4,0,false,27.230000,27.710000,2.130004,1.762762,false,0.000000,execution_costs_v1.0,0.000000,0.000000,,,,
2024-09-04,CNM,BBG01163K3R5,26,true,40.970000,39.390000,1.437637,-3.856480,false,0.000000,execution_costs_v1.0,0.000000,0.000000,,,,
2024-09-04,CNMD,BBG001S5PZH2,0,false,71.540000,71.280000,2.599944,-0.363433,false,0.000000,execution_costs_v1.0,0.000000,0.000000,,,,
2024-09-04,CNNE,BBG00GXRNJQ3,0,false,19.230000,19.280000,1.560062,0.260010,false,0.000000,execution_costs_v1.0,0.000000,0.000000,,,,
2024-09-04,CNO,BBG001SBR6X3,0,false,34.640000,34.470000,1.125866,-0.490762,false,0.000000,execution_costs_v1.0,0.000000,0.000000,,,,
2024-09-04,CNOB,BBG001S6YLR0,0,false,24.280000,23.990000,0.700165,-1.194399,false,0.000000,execution_costs_v1.0,0.000000,0.000000,,,,
2024-09-04,CNS,BBG001S5PZN5,0,false,87.220000,87.240000,1.444623,0.022931,false,0.000000,execution_costs_v1.0,0.000000,0.000000,,,,
2024-09-04,CNSL,BBG001S5PL29,0,false,4.560000,4.600000,1.425439,0.877193,false,0.000000,execution_costs_v1.0,0.000000,0.000000,,,,
2024-09-04,CNX,BBG001SC7TN4,0,false,27.210000,27.130000,0.973907,-0.294010,false,0.000000,execution_costs_v1.0,0.000000,0.000000,,,,
2024-09-04,CNXC,BBG00RCNQMY2,0,false,74.090000,75.380000,1.889594,1.741126,false,0.000000,execution_costs_v1.0,0.000000,0.000000,,,,
2024-09-04,CNXN,BBG001S96MG5,0,false,68.890000,69.820000,2.569313,1.349978,false,0.000000,execution_costs_v1.0,0.000000,0.000000,,,,
2024-09-04,COCO,BBG012QFVTF8,1,false,24.710000,24.410000,2.063942,-1.214083,false,0.000000,execution_costs_v1.0,0.000000,0.000000,,,,
2024-09-04,CODI,BBG001SPY7K6,0,false,21.210000,21.140000,0.942951,-0.330033,false,0.000000,execution_costs_v1.0,0.000000,0.000000,,,,
2024-09-04,COGT,BBG007DHY102,0,false,10.910000,11.480000,11.274060,5.224565,false,0.000000,execution_costs_v1.0,0.000000,0.000000,,,,
2024-09-04,COHR,BBG001S5S6N6,4,false,71.380000,73.900000,4.258896,3.530401,false,0.000000,execution_costs_v1.0,0.000000,0.000000,,,,
2024-09-04,COHU,BBG001S87LQ7,1,false,24.960000,25.130000,2.784455,0.681090,false,0.000000,execution_costs_v1.0,0.000000,0.000000,,,,
2024-09-04,COLB,BBG001S72GJ3,0,false,24.590000,24.251000,0.610004,-1.378609,false,0.000000,execution_costs_v1.0,0.000000,0.000000,,,,
2024-09-04,COLD,BBG001SMQ866,0,false,29.060000,29.080000,1.686167,0.068823,false,0.000000,execution_costs_v1.0,0.000000,0.000000,,,,
2024-09-04,COLL,BBG001T535S9,0,false,37.290000,38.220000,3.700724,2.493966,false,0.000000,execution_costs_v1.0,0.000000,0.000000,,,,
2024-09-04,COLM,BBG001S90WD2,0,false,80.870000,81.550000,0.877952,0.840856,false,0.000000,execution_costs_v1.0,0.000000,0.000000,,,,
2024-09-04,COMM,BBG004LTL7M1,2,false,3.830000,3.860000,3.916449,0.783290,false,0.000000,execution_costs_v1.0,0.000000,0.000000,,,,
2024-09-04,COMP,BBG00J5SXTJ1,1,false,5.120000,5.130000,4.980469,0.195312,false,0.000000,execution_costs_v1.0,0.000000,0.000000,,,,
2024-09-04,COOK,BBG011PTS834,0,false,3.580000,3.390000,0.837989,-5.307263,false,0.000000,execution_costs_v1.0,0.000000,0.000000,,,,
2024-09-04,COOP,BBG002V09956,0,false,91.760000,91.715000,1.351242,-0.049041,false,0.000000,execution_costs_v1.0,0.000000,0.000000,,,,
2024-09-04,CORT,BBG001S8QGV1,0,false,34.130000,34.620000,1.538236,1.435687,false,0.000000,execution_costs_v1.0,0.000000,0.000000,,,,
2024-09-04,CORZ,BBG01L5GH1G3,27,true,9.410000,9.890000,6.695005,5.100956,false,0.000000,execution_costs_v1.0,0.000000,0.000000,,,,
2024-09-04,COTY,BBG001S8GLM1,0,false,9.390000,9.360000,1.064963,-0.319489,false,0.000000,execution_costs_v1.0,0.000000,0.000000,,,,
2024-09-04,COUR,BBG002WLDMY3,2,false,7.830000,7.860000,2.937420,0.383142,false,0.000000,execution_costs_v1.0,0.000000,0.000000,,,,
2024-09-04,CPA,0001345105,0,false,88.810000,88.150000,1.446909,-0.743160,false,0.000000,execution_costs_v1.0,0.000000,0.000000,,,,
2024-09-04,CPF,BBG001S5Q2C9,0,false,27.850000,27.540000,1.292280,-1.113106,false,0.000000,execution_costs_v1.0,0.000000,0.000000,,,,
2024-09-04,CPK,BBG001SCP5R2,0,false,118.030000,119.700000,1.508091,1.414895,false,0.000000,execution_costs_v1.0,0.000000,0.000000,,,,
2024-09-04,CPRI,0001530721,0,false,35.840000,36.040000,2.148437,0.558036,false,0.000000,execution_costs_v1.0,0.000000,0.000000,,,,
2024-09-04,CPRX,BBG001SRHS16,0,false,19.640000,19.910000,2.494399,1.374745,false,0.000000,execution_costs_v1.0,0.000000,0.000000,,,,
2024-09-04,CPT,BBG001S5Q6V9,0,false,126.650000,125.370000,0.390841,-1.010659,false,0.000000,execution_costs_v1.0,0.000000,0.000000,,,,
2024-09-04,CPZ,BBG00PWZGZZ8,0,false,15.490000,15.505000,0.645578,0.096837,false,0.000000,execution_costs_v1.0,0.000000,0.000000,,,,
2024-09-04,CR,BBG016G0L0V9,0,false,150.140000,150.740000,1.225523,0.399627,false,0.000000,execution_costs_v1.0,0.000000,0.000000,,,,
2024-09-04,CRAI,BBG001SBRK80,0,false,162.565000,163.570000,1.344078,0.618214,false,0.000000,execution_costs_v1.0,0.000000,0.000000,,,,
2024-09-04,CRBP,BBG0078PJKP8,0,false,55.000000,55.340000,7.090909,0.618182,false,0.000000,execution_costs_v1.0,0.000000,0.000000,,,,
2024-09-04,CRC,BBG00Y04KQ51,0,false,50.000000,48.940000,1.340000,-2.120000,false,0.000000,execution_costs_v1.0,0.000000,0.000000,,,,
2024-09-04,CRCT,BBG00XJFB224,0,false,5.840000,5.895000,2.996575,0.941781,false,0.000000,execution_costs_v1.0,0.000000,0.000000,,,,
2024-09-04,CRD.A,BBG001S5TK72,0,false,10.240000,10.180000,0.341797,-0.585938,false,0.000000,execution_costs_v1.0,0.000000,0.000000,,,,
2024-09-04,CRDO,0001807794,0,false,31.480000,31.290000,1.842440,-0.603558,false,0.000000,execution_costs_v1.0,0.000000,0.000000,,,,
2024-09-04,CRGX,BBG01D59LZS4,0,false,17.570000,18.040000,4.553216,2.675014,false,0.000000,execution_costs_v1.0,0.000000,0.000000,,,,
2024-09-04,CRGY,BBG013THLJ08,0,false,11.650000,11.155000,1.201717,-4.248927,false,0.000000,execution_costs_v1.0,0.000000,0.000000,,,,
2024-09-04,CRI,BBG001SCJ3Q5,0,false,66.290000,67.080000,1.357520,1.191733,false,0.000000,execution_costs_v1.0,0.000000,0.000000,,,,
2024-09-04,CRK,BBG001S8FX55,3,false,10.250000,9.650000,2.359024,-5.853659,false,0.000000,execution_costs_v1.0,0.000000,0.000000,,,,
2024-09-04,CRL,BBG001S7Q271,0,false,192.010000,191.770000,0.218739,-0.124993,false,0.000000,execution_costs_v1.0,0.000000,0.000000,,,,
2024-09-04,CRMD,BBG001T6FWS5,2,false,5.790000,5.740000,1.727116,-0.863558,false,0.000000,execution_costs_v1.0,0.000000,0.000000,,,,
2024-09-04,CRML,0001951089,1,false,8.310000,7.910000,0.000000,-4.813478,false,0.000000,execution_costs_v1.0,0.000000,0.000000,,,,
2024-09-04,CRMT,BBG001S6Z7P2,6,false,53.440000,50.440000,6.193862,-5.613772,false,0.000000,execution_costs_v1.0,0.000000,0.000000,,,,
2024-09-04,CRNX,BBG00BC592C3,0,false,51.860000,52.820000,2.757424,1.851138,false,0.000000,execution_costs_v1.0,0.000000,0.000000,,,,
2024-09-04,CRON,BBG006G267X6,0,false,2.210000,2.195000,1.809955,-0.678733,false,0.000000,execution_costs_v1.0,0.000000,0.000000,,,,
2024-09-04,CROX,BBG001SDGFR8,0,false,138.390000,138.947500,1.676422,0.402847,false,0.000000,execution_costs_v1.0,0.000000,0.000000,,,,
2024-09-04,CRS,BBG001S5Q5M1,0,false,133.370000,135.810000,2.571793,1.829497,false,0.000000,execution_costs_v1.0,0.000000,0.000000,,,,
2024-09-04,CRSP,0001674416,2,false,45.390000,45.040000,1.652346,-0.771095,false,0.000000,execution_costs_v1.0,0.000000,0.000000,,,,
2024-09-04,CRSR,BBG00HMSHL92,3,false,6.350000,6.180000,0.629921,-2.677165,false,0.000000,execution_costs_v1.0,0.000000,0.000000,,,,
2024-09-04,CRUS,BBG001S67J86,0,false,136.320000,138.460000,3.550469,1.569836,false,0.000000,execution_costs_v1.0,0.000000,0.000000,,,,
2024-09-04,CRVL,BBG001S72ZL8,0,false,310.140000,310.720000,0.944735,0.187012,false,0.000000,execution_costs_v1.0,0.000000,0.000000,,,,
2024-09-04,CSGS,BBG001S8QQ76,1,false,47.660000,47.170000,0.713386,-1.028116,false,0.000000,execution_costs_v1.0,0.000000,0.000000,,,,
2024-09-04,CSIQ,BBG001SPNJT3,1,false,12.220000,12.470000,3.355155,2.045827,false,0.000000,execution_costs_v1.0,0.000000,0.000000,,,,
2024-09-04,CSQ,BBG001SC0HR3,2,false,16.600000,16.650000,1.204819,0.301205,false,0.000000,execution_costs_v1.0,0.000000,0.000000,,,,
2024-09-04,CSR,BBG001SB9ZW0,0,false,74.430000,74.920000,1.074835,0.658337,false,0.000000,execution_costs_v1.0,0.000000,0.000000,,,,
2024-09-04,CSTL,BBG006YWVSS2,0,false,29.040000,28.920000,3.521006,-0.413223,false,0.000000,execution_costs_v1.0,0.000000,0.000000,,,,
2024-09-04,CSTM,0001563411,0,false,16.040000,15.940000,1.932668,-0.623441,false,0.000000,execution_costs_v1.0,0.000000,0.000000,,,,
2024-09-04,CSV,BBG001S9M5G4,0,false,32.870000,33.010000,0.669303,0.425920,false,0.000000,execution_costs_v1.0,0.000000,0.000000,,,,
2024-09-04,CSWC,BBG001S5Q7P4,0,false,25.000000,25.160000,1.120000,0.640000,false,0.000000,execution_costs_v1.0,0.000000,0.000000,,,,
2024-09-04,CSWI,BBG007NLG4M2,0,false,312.690000,316.300000,2.043558,1.154498,false,0.000000,execution_costs_v1.0,0.000000,0.000000,,,,
2024-09-04,CTBI,BBG001S9F6J7,0,false,49.610000,48.990000,0.362830,-1.249748,false,0.000000,execution_costs_v1.0,0.000000,0.000000,,,,
2024-09-04,CTKB,BBG00D36Q103,0,false,5.380000,5.235000,0.743494,-2.695167,false,0.000000,execution_costs_v1.0,0.000000,0.000000,,,,
2024-09-04,CTLP,BBG001S96MW7,0,false,6.460000,6.540000,2.012384,1.238390,false,0.000000,execution_costs_v1.0,0.000000,0.000000,,,,
2024-09-04,CTLT,BBG005XR47N7,0,false,60.820000,60.700000,0.000000,-0.197304,false,0.000000,execution_costs_v1.0,0.000000,0.000000,,,,
2024-09-04,CTNM,BBG01M27SWR2,0,false,17.000000,17.820000,4.823529,4.823529,false,0.000000,execution_costs_v1.0,0.000000,0.000000,,,,
2024-09-04,CTO,BBG00Y3M1H68,1,false,18.950000,19.010000,1.451715,0.316623,false,0.000000,execution_costs_v1.0,0.000000,0.000000,,,,
2024-09-04,CTOS,BBG00HLCWDG1,1,false,3.880000,3.800000,0.000000,-2.061856,false,0.000000,execution_costs_v1.0,0.000000,0.000000,,,,
2024-09-04,CTRE,BBG005KC4Z61,0,false,29.520000,29.825000,1.710705,1.033198,false,0.000000,execution_costs_v1.0,0.000000,0.000000,,,,
2024-09-04,CTS,BBG001S5Q8Y2,0,false,46.960000,46.540000,1.405451,-0.894378,false,0.000000,execution_costs_v1.0,0.000000,0.000000,,,,
2024-09-04,CUBE,BBG001SHP0D7,0,false,51.570000,51.490000,1.411480,-0.155129,false,0.000000,execution_costs_v1.0,0.000000,0.000000,,,,
2024-09-04,CUBI,BBG0023XX770,0,false,50.020000,49.450000,1.819272,-1.139544,false,0.000000,execution_costs_v1.0,0.000000,0.000000,,,,
2024-09-04,CURV,BBG011C0PDC3,2,false,6.990000,6.710000,2.145923,-4.005722,false,0.000000,execution_costs_v1.0,0.000000,0.000000,,,,
2024-09-04,CUZ,BBG001S73MB7,0,false,27.940000,28.150000,1.646385,0.751611,false,0.000000,execution_costs_v1.0,0.000000,0.000000,,,,
2024-09-04,CVAC,0001809122,0,false,3.010000,2.820000,0.332226,-6.312292,false,0.000000,execution_costs_v1.0,0.000000,0.000000,,,,
2024-09-04,CVBF,BBG001SJ1SH4,1,false,17.800000,17.730000,0.505618,-0.393258,false,0.000000,execution_costs_v1.0,0.000000,0.000000,,,,
2024-09-04,CVCO,BBG001SJQBM8,0,false,396.850000,398.080000,0.917223,0.309941,false,0.000000,execution_costs_v1.0,0.000000,0.000000,,,,
2024-09-04,CVEO,BBG009KJ2H33,0,false,27.770000,27.930000,2.484696,0.576161,false,0.000000,execution_costs_v1.0,0.000000,0.000000,,,,
2024-09-04,CVGW,BBG001S9FP96,0,false,22.820000,22.930000,2.366345,0.482033,false,0.000000,execution_costs_v1.0,0.000000,0.000000,,,,
2024-09-04,CVI,BBG001SM6PD2,2,false,25.240000,24.430000,0.871632,-3.209192,false,0.000000,execution_costs_v1.0,0.000000,0.000000,,,,
2024-09-04,CVLG,BBG001S89TF0,0,false,52.730000,52.410000,0.075858,-0.606865,false,0.000000,execution_costs_v1.0,0.000000,0.000000,,,,
2024-09-04,CVLT,BBG001S7R751,0,false,148.170000,148.810000,1.282311,0.431936,false,0.000000,execution_costs_v1.0,0.000000,0.000000,,,,
2024-09-04,CW,BBG001S5QBK0,0,false,302.780000,302.630000,1.003996,-0.049541,false,0.000000,execution_costs_v1.0,0.000000,0.000000,,,,
2024-09-04,CWAN,BBG012C765M3,0,false,23.940000,23.960000,1.044277,0.083542,false,0.000000,execution_costs_v1.0,0.000000,0.000000,,,,
2024-09-04,CWCO,0000928340,0,false,26.140000,26.150000,1.855394,0.038256,false,0.000000,execution_costs_v1.0,0.000000,0.000000,,,,
2024-09-04,CWEN,BBG008LJ4TG2,0,false,28.030000,27.770000,0.463789,-0.927578,false,0.000000,execution_costs_v1.0,0.000000,0.000000,,,,
2024-09-04,CWH,BBG00D2Z7X92,0,false,22.150000,22.065000,0.541761,-0.383747,false,0.000000,execution_costs_v1.0,0.000000,0.000000,,,,
2024-09-04,CWK,0001628369,0,false,12.870000,12.730000,0.543901,-1.087801,false,0.000000,execution_costs_v1.0,0.000000,0.000000,,,,
2024-09-04,CWST,BBG001SB5S05,0,false,104.750000,105.280000,0.644391,0.505967,false,0.000000,execution_costs_v1.0,0.000000,0.000000,,,,
2024-09-04,CWT,BBG001S7QBD4,0,false,55.090000,55.060000,0.462879,-0.054456,false,0.000000,execution_costs_v1.0,0.000000,0.000000,,,,
2024-09-04,CXM,BBG0043NCD14,0,false,8.580000,8.590000,1.165501,0.116550,false,0.000000,execution_costs_v1.0,0.000000,0.000000,,,,
2024-09-04,CXT,BBG017BXPZ94,0,false,55.820000,56.470000,1.200287,1.164457,false,0.000000,execution_costs_v1.0,0.000000,0.000000,,,,
2024-09-04,CXW,BBG001S8PTV4,0,false,13.230000,13.130000,0.377929,-0.755858,false,0.000000,execution_costs_v1.0,0.000000,0.000000,,,,
2024-09-04,CYBR,0001598110,0,false,277.230000,276.940000,0.862100,-0.104606,false,0.000000,execution_costs_v1.0,0.000000,0.000000,,,,
2024-09-04,CYD,0000932695,0,false,11.340000,11.315000,0.970018,-0.220459,false,0.000000,execution_costs_v1.0,0.000000,0.000000,,,,
2024-09-04,CYH,BBG001S89L85,0,false,5.330000,5.410000,3.095685,1.500938,false,0.000000,execution_costs_v1.0,0.000000,0.000000,,,,
2024-09-04,CYRX,BBG001SLKBJ3,0,false,8.640000,8.570000,3.819444,-0.810185,false,0.000000,execution_costs_v1.0,0.000000,0.000000,,,,
2024-09-04,CYTK,BBG001SGMVF2,0,false,54.290000,54.920000,1.407257,1.160435,false,0.000000,execution_costs_v1.0,0.000000,0.000000,,,,
2024-09-04,CZR,BBG0074Q3NL5,0,false,36.060000,37.090000,5.102607,2.856351,false,0.000000,execution_costs_v1.0,0.000000,0.000000,,,,
2024-09-04,DAC,0001369241,0,false,79.470000,79.150000,1.069586,-0.402668,false,0.000000,execution_costs_v1.0,0.000000,0.000000,,,,
2024-09-04,DAKT,BBG001S7N3Z1,2,false,12.990000,12.360000,1.616628,-4.849885,false,0.000000,execution_costs_v1.0,0.000000,0.000000,,,,
2024-09-04,DAN,BBG001SRW699,0,false,10.850000,10.580000,0.477419,-2.488479,false,0.000000,execution_costs_v1.0,0.000000,0.000000,,,,
2024-09-04,DAR,BBG001SB7RP8,0,false,40.050000,39.110000,0.973783,-2.347066,false,0.000000,execution_costs_v1.0,0.000000,0.000000,,,,
2024-09-04,DARE,BBG001V0GDP9,1,false,3.620000,3.580000,3.591160,-1.104972,false,0.000000,execution_costs_v1.0,0.000000,0.000000,,,,
2024-09-04,DAVE,BBG00Z483WM2,0,false,37.110000,36.920000,3.772568,-0.511991,false,0.000000,execution_costs_v1.0,0.000000,0.000000,,,,
2024-09-04,DAWN,BBG00V1KSN13,0,false,13.500000,13.910000,3.037037,3.037037,false,0.000000,execution_costs_v1.0,0.000000,0.000000,,,,
2024-09-04,DAY,BBG005D7PF43,0,false,55.320000,54.760000,2.512654,-1.012292,false,0.000000,execution_costs_v1.0,0.000000,0.000000,,,,
2024-09-04,DBD,BBG01HVHYCP8,0,false,42.470000,43.250000,2.566518,1.836591,false,0.000000,execution_costs_v1.0,0.000000,0.000000,,,,
2024-09-04,DBI,BBG001SLWM79,0,false,6.110000,6.065000,0.163666,-0.736498,false,0.000000,execution_costs_v1.0,0.000000,0.000000,,,,
2024-09-04,DBRG,BBG00D30HGN8,0,false,12.300000,12.130000,1.788618,-1.382114,false,0.000000,execution_costs_v1.0,0.000000,0.000000,,,,
2024-09-04,DBX,BBG001TFLWN3,1,false,23.860000,23.750000,0.963956,-0.461023,false,0.000000,execution_costs_v1.0,0.000000,0.000000,,,,
2024-09-04,DCBO,BBG00Q2B1CB5,0,false,42.460000,42.580000,2.440415,0.282619,false,0.000000,execution_costs_v1.0,0.000000,0.000000,,,,
2024-09-04,DCGO,BBG00YB8JBL7,1,false,3.530000,3.560000,2.691218,0.849858,false,0.000000,execution_costs_v1.0,0.000000,0.000000,,,,
2024-09-04,DCI,BBG001S5QDV4,0,false,70.990000,70.790000,0.464854,-0.281730,false,0.000000,execution_costs_v1.0,0.000000,0.000000,,,,
2024-09-04,DCO,BBG001S5QDZ0,0,false,63.320000,63.640000,0.679090,0.505370,false,0.000000,execution_costs_v1.0,0.000000,0.000000,,,,
2024-09-04,DCOM,BBG001S7NTQ4,0,false,25.430000,25.890000,1.808887,1.808887,false,0.000000,execution_costs_v1.0,0.000000,0.000000,,,,
2024-09-04,DDS,BBG001S5VNW5,0,false,343.870000,351.330000,3.780498,2.169424,false,0.000000,execution_costs_v1.0,0.000000,0.000000,,,,
2024-09-04,DEA,BBG007SV91T2,0,false,13.250000,13.330000,1.471698,0.603774,false,0.000000,execution_costs_v1.0,0.000000,0.000000,,,,
2024-09-04,DEC,0001922446,7,false,11.300000,11.270000,1.769912,-0.265487,false,0.000000,execution_costs_v1.0,0.000000,0.000000,,,,
2024-09-04,DEI,BBG001SR5X72,0,false,15.770000,15.860000,2.155992,0.570704,false,0.000000,execution_costs_v1.0,0.000000,0.000000,,,,
2024-09-04,DENN,BBG001S5YGR3,0,false,6.120000,6.190000,2.941176,1.143791,false,0.000000,execution_costs_v1.0,0.000000,0.000000,,,,
2024-09-04,DESP,0001703141,0,false,11.700000,12.240000,4.615385,4.615385,false,0.000000,execution_costs_v1.0,0.000000,0.000000,,,,
2024-09-04,DFH,BBG00YN8LKQ6,1,false,30.890000,30.660000,0.582713,-0.744578,false,0.000000,execution_costs_v1.0,0.000000,0.000000,,,,
2024-09-04,DFIN,BBG009R0CT67,0,false,65.870000,66.230000,1.381509,0.546531,false,0.000000,execution_costs_v1.0,0.000000,0.000000,,,,
2024-09-04,DGICA,BBG001SHRMC8,0,false,15.230000,15.230000,0.722259,0.000000,false,0.000000,execution_costs_v1.0,0.000000,0.000000,,,,
2024-09-04,DGICB,BBG001SD41P4,0,false,12.680000,12.794200,0.900631,0.900631,false,0.000000,execution_costs_v1.0,0.000000,0.000000,,,,
2024-09-04,DGII,BBG001S5Z4V4,0,false,28.070000,28.380000,2.208764,1.104382,false,0.000000,execution_costs_v1.0,0.000000,0.000000,,,,
2024-09-04,DH,BBG01282ZKG1,0,false,4.620000,4.505000,2.380952,-2.489177,false,0.000000,execution_costs_v1.0,0.000000,0.000000,,,,
2024-09-04,DHIL,BBG001SCH7V2,0,false,156.800000,156.250000,0.471939,-0.350765,false,0.000000,execution_costs_v1.0,0.000000,0.000000,,,,
2024-09-04,DHT,0001331284,1,false,10.380000,10.350000,1.059730,-0.289017,false,0.000000,execution_costs_v1.0,0.000000,0.000000,,,,
2024-09-04,DIN,BBG001SD46L7,0,false,30.110000,31.630000,5.114580,5.048157,false,0.000000,execution_costs_v1.0,0.000000,0.000000,,,,
2024-09-04,DINO,BBG0135B2269,0,false,47.530000,47.410000,0.967810,-0.252472,false,0.000000,execution_costs_v1.0,0.000000,0.000000,,,,
2024-09-04,DIOD,BBG001SCJ937,0,false,63.170000,62.600000,1.361406,-0.902327,false,0.000000,execution_costs_v1.0,0.000000,0.000000,,,,
2024-09-04,DJCO,BBG001S5QHM5,0,false,470.210000,483.710000,3.147530,2.871058,false,0.000000,execution_costs_v1.0,0.000000,0.000000,,,,
2024-09-04,DJT,BBG011744HJ8,43,true,17.900000,16.980000,1.843575,-5.139665,false,0.000000,execution_costs_v1.0,0.000000,0.000000,,,,
2024-09-04,DK,BBG00FZYFVD4,2,false,20.880000,20.340000,1.628352,-2.586207,false,0.000000,execution_costs_v1.0,0.000000,0.000000,,,,
2024-09-04,DKL,BBG0036D6305,0,false,42.560000,42.140000,1.521382,-0.986842,false,0.000000,execution_costs_v1.0,0.000000,0.000000,,,,
2024-09-04,DLB,BBG001SDXGH8,0,false,70.080000,70.720000,1.640982,0.913242,false,0.000000,execution_costs_v1.0,0.000000,0.000000,,,,
2024-09-04,DLO,0001846832,1,false,8.530000,8.530000,2.286049,0.000000,false,0.000000,execution_costs_v1.0,0.000000,0.000000,,,,
2024-09-04,DLX,BBG001S5QJ69,0,false,19.750000,19.700000,2.025316,-0.253165,false,0.000000,execution_costs_v1.0,0.000000,0.000000,,,,
2024-09-04,DM,BBG00P17H1G9,0,false,4.250000,4.280000,1.882353,0.705882,false,0.000000,execution_costs_v1.0,0.000000,0.000000,,,,
2024-09-04,DMLP,BBG001SLKJK4,0,false,29.650000,29.990000,1.956155,1.146712,false,0.000000,execution_costs_v1.0,0.000000,0.000000,,,,
2024-09-04,DMRC,BBG001T2W3C6,0,false,27.210000,26.490000,1.212789,-2.646086,false,0.000000,execution_costs_v1.0,0.000000,0.000000,,,,
2024-09-04,DNA,BBG00YPS1LT7,8,false,6.000000,6.240000,8.793333,4.000000,false,0.000000,execution_costs_v1.0,0.000000,0.000000,,,,
2024-09-04,DNB,BBG00VCZXBX3,0,false,11.950000,11.860000,0.753138,-0.753138,false,0.000000,execution_costs_v1.0,0.000000,0.000000,,,,
2024-09-04,DNLI,BBG008P7F878,0,false,25.170000,25.160000,2.079857,-0.039730,false,0.000000,execution_costs_v1.0,0.000000,0.000000,,,,
2024-09-04,DNN,BBG001S9ZPX7,3,false,1.540000,1.530000,2.597403,-0.649351,false,0.000000,execution_costs_v1.0,0.000000,0.000000,,,,
2024-09-04,DNOW,BBG005BLN1Z3,0,false,12.440000,12.250000,0.482315,-1.527331,false,0.000000,execution_costs_v1.0,0.000000,0.000000,,,,
2024-09-04,DNTH,BBG00FB2NQ15,0,false,27.660000,27.820000,3.073030,0.578453,false,0.000000,execution_costs_v1.0,0.000000,0.000000,,,,
2024-09-04,DNUT,BBG0118Y87P2,0,false,11.300000,11.570000,2.920354,2.389381,false,0.000000,execution_costs_v1.0,0.000000,0.000000,,,,
2024-09-04,DO,BBG010JCFCF2,0,false,,,,,false,0.000000,execution_costs_v1.0,,,,,,
2024-09-04,DOCN,BBG00ZGF6TM7,1,false,35.050000,35.890000,2.710414,2.396576,false,0.000000,execution_costs_v1.0,0.000000,0.000000,,,,
2024-09-04,DOCS,BBG0026ZJQY6,0,false,35.680000,36.190000,1.821749,1.429372,false,0.000000,execution_costs_v1.0,0.000000,0.000000,,,,
2024-09-04,DOCU,BBG001T535D5,2,false,57.140000,57.420000,0.560028,0.490025,false,0.000000,execution_costs_v1.0,0.000000,0.000000,,,,
2024-09-04,DOLE,0001857475,1,false,15.970000,16.120000,0.939261,0.939261,false,0.000000,execution_costs_v1.0,0.000000,0.000000,,,,
2024-09-04,DOOO,BBG004G49425,0,false,69.420000,68.980000,0.403342,-0.633823,false,0.000000,execution_costs_v1.0,0.000000,0.000000,,,,
2024-09-04,DORM,BBG001S5S932,0,false,109.080000,109.750000,0.806747,0.614228,false,0.000000,execution_costs_v1.0,0.000000,0.000000,,,,
2024-09-04,DOX,0001062579,0,false,86.350000,87.020000,0.938043,0.775912,false,0.000000,execution_costs_v1.0,0.000000,0.000000,,,,
2024-09-04,DPZ,BBG001SL3ZH1,0,false,402.540000,405.440000,2.196030,0.720425,false,0.000000,execution_costs_v1.0,0.000000,0.000000,,,,
2024-09-04,DRH,BBG001SJ63M8,1,false,8.610000,8.400000,0.987224,-2.439024,false,0.000000,execution_costs_v1.0,0.000000,0.000000,,,,
2024-09-04,DRQ,BBG001SB9LK4,0,false,15.730000,15.810000,1.271456,0.508582,false,0.000000,execution_costs_v1.0,0.000000,0.000000,,,,
2024-09-04,DRS,BBG00ZSB4TT8,0,false,27.480000,27.740000,1.673945,0.946143,false,0.000000,execution_costs_v1.0,0.000000,0.000000,,,,
2024-09-04,DRVN,BBG00YN8ND71,0,false,13.960000,13.990000,2.005731,0.214900,false,0.000000,execution_costs_v1.0,0.000000,0.000000,,,,
2024-09-04,DSGR,BBG001S5SQ43,0,false,35.615000,35.180000,0.000000,-1.221395,false,0.000000,execution_costs_v1.0,0.000000,0.000000,,,,
2024-09-04,DSGX,BBG001SBJY34,0,false,99.230000,98.750000,0.282072,-0.483725,false,0.000000,execution_costs_v1.0,0.000000,0.000000,,,,
2024-09-04,DT,BBG00PNN7CW9,0,false,49.120000,49.380000,1.323290,0.529316,false,0.000000,execution_costs_v1.0,0.000000,0.000000,,,,
2024-09-04,DTM,BBG0112Z58K1,0,false,77.090000,76.460000,0.415099,-0.817227,false,0.000000,execution_costs_v1.0,0.000000,0.000000,,,,
2024-09-04,DUOL,BBG003D4V960,0,false,202.440000,206.560000,4.267931,2.035171,false,0.000000,execution_costs_v1.0,0.000000,0.000000,,,,
2024-09-04,DV,BBG00ZNRRKL0,0,false,19.200000,19.295000,2.083333,0.494792,false,0.000000,execution_costs_v1.0,0.000000,0.000000,,,,
2024-09-04,DVA,BBG001SB5DZ0,0,false,152.030000,151.350000,0.203907,-0.447280,false,0.000000,execution_costs_v1.0,0.000000,0.000000,,,,
2024-09-04,DVAX,BBG001S7HTB7,0,false,10.790000,10.860000,0.695088,0.648749,false,0.000000,execution_costs_v1.0,0.000000,0.000000,,,,
2024-09-04,DX,BBG001S5R078,2,false,12.440000,12.420000,0.844051,-0.160772,false,0.000000,execution_costs_v1.0,0.000000,0.000000,,,,
2024-09-04,DXC,BBG00FN64XV6,0,false,20.410000,20.870000,2.498775,2.253797,false,0.000000,execution_costs_v1.0,0.000000,0.000000,,,,
2024-09-04,DXPE,BBG001S9F0F4,0,false,53.760000,53.800000,0.604539,0.074405,false,0.000000,execution_costs_v1.0,0.000000,0.000000,,,,
2024-09-04,DY,BBG001S6MGW8,0,false,169.320000,173.270000,2.409639,2.332861,false,0.000000,execution_costs_v1.0,0.000000,0.000000,,,,
2024-09-04,DYN,BBG00NSGPJF8,3,false,31.880000,33.755000,8.908407,5.881430,false,0.000000,execution_costs_v1.0,0.000000,0.000000,,,,
2024-09-04,EAT,BBG001S5RFV8,0,false,70.830000,71.970000,2.131865,1.609488,false,0.000000,execution_costs_v1.0,0.000000,0.000000,,,,
2024-09-04,EB,BBG001V1CQC6,1,false,3.060000,3.135000,3.454248,2.450980,false,0.000000,execution_costs_v1.0,0.000000,0.000000,,,,
2024-09-04,EBC,BBG00W9KWY41,0,false,16.680000,16.655000,1.408873,-0.149880,false,0.000000,execution_costs_v1.0,0.000000,0.000000,,,,
2024-09-04,EBF,BBG001S5QQS9,0,false,23.470000,23.430000,0.170430,-0.170430,false,0.000000,execution_costs_v1.0,0.000000,0.000000,,,,
2024-09-04,EBS,BBG001SP1G40,11,true,7.400000,7.385000,4.662162,-0.202703,false,0.000000,execution_costs_v1.0,0.000000,0.000000,,,,
2024-09-04,EBTC,BBG001SB6470,0,false,30.200000,30.100000,1.920530,-0.331126,false,0.000000,execution_costs_v1.0,0.000000,0.000000,,,,
2024-09-04,ECO,0001964954,0,false,29.860000,29.990000,2.478232,0.435365,false,0.000000,execution_costs_v1.0,0.000000,0.000000,,,,
2024-09-04,ECPG,BBG001SKFPK8,0,false,48.170000,47.520000,0.913432,-1.349388,false,0.000000,execution_costs_v1.0,0.000000,0.000000,,,,
2024-09-04,ECVT,BBG00GX8YLD2,1,false,6.810000,6.840000,1.615272,0.440529,false,0.000000,execution_costs_v1.0,0.000000,0.000000,,,,
2024-09-04,ECX,0001861974,0,false,1.740000,1.740000,0.574713,0.000000,false,0.000000,execution_costs_v1.0,0.000000,0.000000,,,,
2024-09-04,EDR,BBG00P8TCHD7,0,false,27.450000,27.480000,0.145719,0.109290,false,0.000000,execution_costs_v1.0,0.000000,0.000000,,,,
2024-09-04,EE,BBG014GJSS81,0,false,18.350000,18.250000,1.253406,-0.544959,false,0.000000,execution_costs_v1.0,0.000000,0.000000,,,,
2024-09-04,EEFT,BBG001S9DW39,0,false,104.930000,104.780000,1.358048,-0.142952,false,0.000000,execution_costs_v1.0,0.000000,0.000000,,,,
2024-09-04,EEX,BBG00GCTWW65,0,false,5.510000,5.390000,1.270417,-2.177858,false,0.000000,execution_costs_v1.0,0.000000,0.000000,,,,
2024-09-04,EFC,BBG001SQ6V04,0,false,13.100000,12.980000,0.534351,-0.916031,false,0.000000,execution_costs_v1.0,0.000000,0.000000,,,,
2024-09-04,EFSC,BBG001SKJVR4,0,false,51.930000,51.090000,0.847294,-1.617562,false,0.000000,execution_costs_v1.0,0.000000,0.000000,,,,
2024-09-04,EFXT,BBG001SXXC92,0,false,5.590000,5.820000,6.261181,4.114490,false,0.000000,execution_costs_v1.0,0.000000,0.000000,,,,
2024-09-04,EGBN,BBG001SBX1Z5,0,false,21.300000,21.430000,2.018779,0.610329,false,0.000000,execution_costs_v1.0,0.000000,0.000000,,,,
2024-09-04,EGO,BBG001S5YPQ4,0,false,16.190000,16.110000,1.050031,-0.494132,false,0.000000,execution_costs_v1.0,0.000000,0.000000,,,,
2024-09-04,EGP,BBG001S5QT03,0,false,186.020000,185.700000,1.040211,-0.172025,false,0.000000,execution_costs_v1.0,0.000000,0.000000,,,,
2024-09-04,EGY,BBG001S76ZS7,2,false,5.900000,5.730000,1.016949,-2.881356,false,0.000000,execution_costs_v1.0,0.000000,0.000000,,,,
2024-09-04,EHAB,BBG014QJ5CJ8,0,false,7.990000,7.470000,1.877347,-6.508135,false,0.000000,execution_costs_v1.0,0.000000,0.000000,,,,
2024-09-04,EHC,BBG001S5Q5B3,0,false,92.940000,93.620000,0.817732,0.731655,false,0.000000,execution_costs_v1.0,0.000000,0.000000,,,,
2024-09-04,EIG,BBG001SMM101,0,false,48.610000,48.970000,0.905164,0.740588,false,0.000000,execution_costs_v1.0,0.000000,0.000000,,,,
2024-09-04,ELAN,BBG00LJYS1R6,0,false,15.100000,15.000000,0.728477,-0.662252,false,0.000000,execution_costs_v1.0,0.000000,0.000000,,,,
2024-09-04,ELF,BBG00DQ6VYQ2,4,false,138.370000,137.350000,1.488762,-0.737154,false,0.000000,execution_costs_v1.0,0.000000,0.000000,,,,
2024-09-04,ELME,BBG001S5XJD3,0,false,17.760000,17.670000,0.957207,-0.506757,false,0.000000,execution_costs_v1.0,0.000000,0.000000,,,,
2024-09-04,ELS,BBG001S5T5G5,0,false,71.990000,72.630000,1.569662,0.889012,false,0.000000,execution_costs_v1.0,0.000000,0.000000,,,,
2024-09-04,ELVN,BBG00CP3BDF2,0,false,22.020000,21.745000,2.270663,-1.248865,false,0.000000,execution_costs_v1.0,0.000000,0.000000,,,,
2024-09-04,EMBC,BBG014L7D4H0,0,false,16.280000,16.460000,2.457002,1.105651,false,0.000000,execution_costs_v1.0,0.000000,0.000000,,,,
2024-09-04,EMN,BBG001S7JNP3,0,false,100.250000,99.240000,1.147132,-1.007481,false,0.000000,execution_costs_v1.0,0.000000,0.000000,,,,
2024-09-04,ENFN,BBG012MBFR72,0,false,8.050000,8.030000,0.124224,-0.248447,false,0.000000,execution_costs_v1.0,0.000000,0.000000,,,,
2024-09-04,ENLC,BBG001SGNNQ7,0,false,14.250000,14.300000,0.912281,0.350877,false,0.000000,execution_costs_v1.0,0.000000,0.000000,,,,
2024-09-04,ENLT,0001922641,0,false,15.830000,16.200000,2.969046,2.337334,false,0.000000,execution_costs_v1.0,0.000000,0.000000,,,,
2024-09-04,ENOV,BBG001SC04J1,0,false,44.440000,44.220000,0.877588,-0.495050,false,0.000000,execution_costs_v1.0,0.000000,0.000000,,,,
2024-09-04,ENR,BBG006FCB028,0,false,32.000000,31.850000,0.750000,-0.468750,false,0.000000,execution_costs_v1.0,0.000000,0.000000,,,,
2024-09-04,ENS,BBG001SLVXW8,0,false,97.980000,98.540000,1.428863,0.571545,false,0.000000,execution_costs_v1.0,0.000000,0.000000,,,,
2024-09-04,ENSG,BBG001SPNL09,0,false,147.920000,149.830000,1.581936,1.291239,false,0.000000,execution_costs_v1.0,0.000000,0.000000,,,,
2024-09-04,ENV,BBG001T7SQ20,6,false,62.750000,62.870000,0.231076,0.191235,false,0.000000,execution_costs_v1.0,0.000000,0.000000,,,,
2024-09-04,ENVA,BBG0022PSJT4,0,false,82.150000,81.520000,0.998174,-0.766890,false,0.000000,execution_costs_v1.0,0.000000,0.000000,,,,
2024-09-04,ENVX,BBG00YC538B7,8,false,8.540000,8.520000,6.440281,-0.234192,false,0.000000,execution_costs_v1.0,0.000000,0.000000,,,,
2024-09-04,EOLS,BBG005CX4HL7,0,false,15.590000,15.400000,0.064144,-1.218730,false,0.000000,execution_costs_v1.0,0.000000,0.000000,,,,
2024-09-04,EOSE,BBG00V1KJ6G4,4,false,2.450000,2.445000,4.897959,-0.204082,false,0.000000,execution_costs_v1.0,0.000000,0.000000,,,,
2024-09-04,EPAC,BBG001S5NYQ7,0,false,39.650000,39.920000,1.134931,0.680958,false,0.000000,execution_costs_v1.0,0.000000,0.000000,,,,
2024-09-04,EPAM,BBG001SKDJH8,0,false,195.430000,200.500000,3.781405,2.594279,false,0.000000,execution_costs_v1.0,0.000000,0.000000,,,,
2024-09-04,EPC,BBG001SF1XY2,0,false,39.520000,39.980000,1.417004,1.163968,false,0.000000,execution_costs_v1.0,0.000000,0.000000,,,,
2024-09-04,EPR,BBG001SB5QR0,0,false,47.540000,47.950000,1.051746,0.862432,false,0.000000,execution_costs_v1.0,0.000000,0.000000,,,,
2024-09-04,EPRT,BBG00L17LH87,0,false,32.050000,32.280000,1.216849,0.717629,false,0.000000,execution_costs_v1.0,0.000000,0.000000,,,,
2024-09-04,EQBK,BBG001SN1XQ4,0,false,39.980000,39.930000,0.550275,-0.125063,false,0.000000,execution_costs_v1.0,0.000000,0.000000,,,,
2024-09-04,EQC,BBG001S5S0L1,0,false,20.250000,20.220000,0.320988,-0.148148,false,0.000000,execution_costs_v1.0,0.000000,0.000000,,,,
2024-09-04,EQH,BBG00J7CBWL8,0,false,41.420000,41.050000,0.579430,-0.893288,false,0.000000,execution_costs_v1.0,0.000000,0.000000,,,,
2024-09-04,EQT,BBG001S5QXJ4,0,false,32.990000,32.660000,2.303728,-1.000303,false,0.000000,execution_costs_v1.0,0.000000,0.000000,,,,
2024-09-04,EQX,BBG001SSK0K0,4,false,5.340000,5.390000,3.277154,0.936330,false,0.000000,execution_costs_v1.0,0.000000,0.000000,,,,
2024-09-04,ERAS,BBG00MTSR892,1,false,2.700000,2.795000,6.111111,3.518519,false,0.000000,execution_costs_v1.0,0.000000,0.000000,,,,
2024-09-04,ERII,BBG001T28M86,0,false,15.660000,15.830000,1.500639,1.085568,false,0.000000,execution_costs_v1.0,0.000000,0.000000,,,,
2024-09-04,ERO,BBG00HNV5D86,0,false,19.170000,19.250000,2.869066,0.417319,false,0.000000,execution_costs_v1.0,0.000000,0.000000,,,,
2024-09-04,ESAB,BBG0028ZMP54,0,false,97.840000,96.960000,0.173753,-0.899428,false,0.000000,execution_costs_v1.0,0.000000,0.000000,,,,
2024-09-04,ESE,BBG001S6MFD1,0,false,114.460000,114.440000,0.471781,-0.017473,false,0.000000,execution_costs_v1.0,0.000000,0.000000,,,,
2024-09-04,ESGR,0001363829,0,false,320.000000,319.930000,0.031250,-0.021875,false,0.000000,execution_costs_v1.0,0.000000,0.000000,,,,
2024-09-04,ESI,BBG004KDL523,0,false,25.570000,25.540000,1.349237,-0.117325,false,0.000000,execution_costs_v1.0,0.000000,0.000000,,,,
2024-09-04,ESLT,0001027664,0,false,198.780000,200.500000,1.240064,0.865278,false,0.000000,execution_costs_v1.0,0.000000,0.000000,,,,
2024-09-04,ESNT,0001448893,0,false,63.450000,64.180000,1.560284,1.150512,false,0.000000,execution_costs_v1.0,0.000000,0.000000,,,,
2024-09-04,ESPR,BBG004KB3SZ1,4,false,1.830000,1.810000,0.852459,-1.092896,false,0.000000,execution_costs_v1.0,0.000000,0.000000,,,,
2024-09-04,ESQ,BBG003BCFHY3,0,false,60.360000,59.150000,0.016567,-2.004639,false,0.000000,execution_costs_v1.0,0.000000,0.000000,,,,
2024-09-04,ESRT,BBG002N8HMX9,0,false,10.680000,10.625000,1.638577,-0.514981,false,0.000000,execution_costs_v1.0,0.000000,0.000000,,,,
2024-09-04,ESTA,0001688757,0,false,41.720000,41.790000,3.020134,0.167785,false,0.000000,execution_costs_v1.0,0.000000,0.000000,,,,
2024-09-04,ESTC,0001707753,7,false,74.000000,73.340000,2.567568,-0.891892,false,0.000000,execution_costs_v1.0,0.000000,0.000000,,,,
2024-09-04,ETD,BBG001S67JZ6,0,false,30.350000,30.450000,0.494234,0.329489,false,0.000000,execution_costs_v1.0,0.000000,0.000000,,,,
2024-09-04,ETNB,BBG00QKDZ985,0,false,8.650000,8.790000,4.624277,1.618497,false,0.000000,execution_costs_v1.0,0.000000,0.000000,,,,
2024-09-04,ETSY,BBG001T53625,0,false,54.240000,55.550000,4.516962,2.415192,false,0.000000,execution_costs_v1.0,0.000000,0.000000,,,,
2024-09-04,ETWO,BBG00S91HBN8,0,false,4.210000,4.295000,3.325416,2.019002,false,0.000000,execution_costs_v1.0,0.000000,0.000000,,,,
2024-09-04,EU,BBG001T8HNC6,2,false,3.200000,3.260000,5.781250,1.875000,false,0.000000,execution_costs_v1.0,0.000000,0.000000,,,,
2024-09-04,EVCM,BBG0118LMXS4,0,false,10.270000,10.410000,2.726388,1.363194,false,0.000000,execution_costs_v1.0,0.000000,0.000000,,,,
2024-09-04,EVER,BBG00F17NDJ5,0,false,22.160000,22.190000,2.211191,0.135379,false,0.000000,execution_costs_v1.0,0.000000,0.000000,,,,
2024-09-04,EVEX,BBG00XZQN3Y2,0,false,2.750000,2.710000,4.000000,-1.454545,false,0.000000,execution_costs_v1.0,0.000000,0.000000,,,,
2024-09-04,EVGO,BBG00XP21PS8,7,false,4.180000,4.175000,3.827751,-0.119617,false,0.000000,execution_costs_v1.0,0.000000,0.000000,,,,
2024-09-04,EVH,BBG005CHLMB3,0,false,31.050000,30.010000,0.772947,-3.349436,false,0.000000,execution_costs_v1.0,0.000000,0.000000,,,,
2024-09-04,EVLV,BBG00W1PPKY3,3,false,3.610000,3.870000,9.418283,7.202216,false,0.000000,execution_costs_v1.0,0.000000,0.000000,,,,
2024-09-04,EVR,BBG001SC3S41,0,false,235.930000,237.080000,1.937015,0.487433,false,0.000000,execution_costs_v1.0,0.000000,0.000000,,,,
2024-09-04,EVRG,BBG00H433CS1,1,false,59.910000,60.190000,1.402103,0.467368,false,0.000000,execution_costs_v1.0,0.000000,0.000000,,,,
2024-09-04,EVRI,BBG001SLY556,0,false,13.040000,13.020000,0.153374,-0.153374,false,0.000000,execution_costs_v1.0,0.000000,0.000000,,,,
2024-09-04,EVTC,BBG001SX2XR0,0,false,33.390000,33.740000,1.377658,1.048218,false,0.000000,execution_costs_v1.0,0.000000,0.000000,,,,
2024-09-04,EWBC,BBG001SCC7R2,0,false,82.660000,81.600000,0.604887,-1.282361,false,0.000000,execution_costs_v1.0,0.000000,0.000000,,,,
2024-09-04,EWCZ,BBG011RWTZQ9,0,false,6.880000,6.905000,3.052326,0.363372,false,0.000000,execution_costs_v1.0,0.000000,0.000000,,,,
2024-09-04,EWTX,BBG00K4Y2H33,0,false,17.810000,17.920000,2.638967,0.617631,false,0.000000,execution_costs_v1.0,0.000000,0.000000,,,,
2024-09-04,EXAS,BBG001SGCLB9,1,false,59.570000,57.130000,0.083935,-4.096021,false,0.000000,execution_costs_v1.0,0.000000,0.000000,,,,
2024-09-04,EXEL,BBG001SD42W4,0,false,25.670000,25.590000,0.000000,-0.311648,false,0.000000,execution_costs_v1.0,0.000000,0.000000,,,,
2024-09-04,EXK,BBG001S5ZH63,2,false,2.820000,2.825000,2.836879,0.177305,false,0.000000,execution_costs_v1.0,0.000000,0.000000,,,,
2024-09-04,EXLS,BBG001SKWX40,0,false,35.710000,35.970000,0.980118,0.728087,false,0.000000,execution_costs_v1.0,0.000000,0.000000,,,,
2024-09-04,EXP,BBG001S7VG92,0,false,244.600000,241.080000,0.000000,-1.439084,false,0.000000,execution_costs_v1.0,0.000000,0.000000,,,,
2024-09-04,EXPI,BBG001V05TN8,0,false,11.550000,11.700000,5.064935,1.298701,false,0.000000,execution_costs_v1.0,0.000000,0.000000,,,,
2024-09-04,EXPO,BBG001S9CG99,0,false,106.070000,106.360000,0.970963,0.273404,false,0.000000,execution_costs_v1.0,0.000000,0.000000,,,,
2024-09-04,EXTR,BBG001S6ZV24,1,false,14.750000,14.440000,0.000000,-2.101695,false,0.000000,execution_costs_v1.0,0.000000,0.000000,,,,
2024-09-04,EYE,BBG00HVQF9L1,0,false,10.190000,10.440000,5.004907,2.453386,false,0.000000,execution_costs_v1.0,0.000000,0.000000,,,,
2024-09-04,EYPT,BBG001SNLCD2,0,false,8.150000,8.350000,5.030675,2.453988,false,0.000000,execution_costs_v1.0,0.000000,0.000000,,,,
2024-09-04,EZPW,BBG001S6RN67,0,false,11.880000,11.900000,1.262626,0.168350,false,0.000000,execution_costs_v1.0,0.000000,0.000000,,,,
2024-09-04,FA,BBG011J0CVZ5,0,false,18.920000,18.930000,0.951374,0.052854,false,0.000000,execution_costs_v1.0,0.000000,0.000000,,,,
2024-09-04,FAF,BBG001T1LV65,0,false,64.990000,65.390000,1.725035,0.615479,false,0.000000,execution_costs_v1.0,0.000000,0.000000,,,,
2024-09-04,FARO,BBG001S8HPX9,0,false,17.270000,17.350000,1.447597,0.463231,false,0.000000,execution_costs_v1.0,0.000000,0.000000,,,,
2024-09-04,FATE,BBG001T888S2,0,false,3.410000,3.525000,6.680352,3.372434,false,0.000000,execution_costs_v1.0,0.000000,0.000000,,,,
2024-09-04,FBIN,BBG001THLZ70,0,false,76.830000,77.060000,0.715866,0.299362,false,0.000000,execution_costs_v1.0,0.000000,0.000000,,,,
2024-09-04,FBIZ,BBG001SN11Y5,0,false,44.490000,43.740000,0.629355,-1.685772,false,0.000000,execution_costs_v1.0,0.000000,0.000000,,,,
2024-09-04,FBK,BBG00DM434H8,0,false,47.490000,47.200000,0.505370,-0.610655,false,0.000000,execution_costs_v1.0,0.000000,0.000000,,,,
2024-09-04,FBMS,BBG001SB73Y1,0,false,33.880000,33.220000,0.560803,-1.948052,false,0.000000,execution_costs_v1.0,0.000000,0.000000,,,,
2024-09-04,FBNC,BBG001S5R1Z5,0,false,41.990000,41.550000,0.893070,-1.047869,false,0.000000,execution_costs_v1.0,0.000000,0.000000,,,,
2024-09-04,FBP,BBG001S76PN4,0,false,21.160000,21.140000,0.661626,-0.094518,false,0.000000,execution_costs_v1.0,0.000000,0.000000,,,,
2024-09-04,FBRT,BBG013173BC4,0,false,13.260000,13.120000,0.226244,-1.055807,false,0.000000,execution_costs_v1.0,0.000000,0.000000,,,,
2024-09-04,FC,BBG001SB0L96,0,false,39.910000,40.180000,1.190178,0.676522,false,0.000000,execution_costs_v1.0,0.000000,0.000000,,,,
2024-09-04,FCBC,BBG001S9V627,0,false,43.250000,42.940000,0.832370,-0.716763,false,0.000000,execution_costs_v1.0,0.000000,0.000000,,,,
2024-09-04,FCF,BBG001S70475,0,false,17.060000,16.820000,0.586166,-1.406800,false,0.000000,execution_costs_v1.0,0.000000,0.000000,,,,
2024-09-04,FCFS,BBG0145KL756,0,false,117.630000,119.520000,1.793760,1.606733,false,0.000000,execution_costs_v1.0,0.000000,0.000000,,,,
2024-09-04,FCN,BBG001SCJVR2,0,false,222.240000,223.080000,0.719942,0.377970,false,0.000000,execution_costs_v1.0,0.000000,0.000000,,,,
2024-09-04,FCPT,BBG009H33QN9,0,false,28.480000,28.930000,1.650281,1.580056,false,0.000000,execution_costs_v1.0,0.000000,0.000000,,,,
2024-09-04,FDMT,BBG00QG40S04,0,false,14.720000,15.620000,6.793478,6.114130,false,0.000000,execution_costs_v1.0,0.000000,0.000000,,,,
2024-09-04,FDP,0001047340,8,false,29.550000,30.250000,3.384095,2.368866,false,0.000000,execution_costs_v1.0,0.000000,0.000000,,,,
2024-09-04,FDUS,BBG001V0MG11,0,false,20.160000,20.060000,0.496032,-0.496032,false,0.000000,execution_costs_v1.0,0.000000,0.000000,,,,
2024-09-04,FELE,BBG001S5R3W4,0,false,99.340000,98.350000,0.196296,-0.996577,false,0.000000,execution_costs_v1.0,0.000000,0.000000,,,,
2024-09-04,FFBC,BBG001S5R4C4,0,false,26.120000,25.970000,1.033691,-0.574273,false,0.000000,execution_costs_v1.0,0.000000,0.000000,,,,
2024-09-04,FFIC,BBG001S7KQM7,0,false,14.060000,14.050000,2.560455,-0.071124,false,0.000000,execution_costs_v1.0,0.000000,0.000000,,,,
2024-09-04,FFIN,BBG001S7HCY9,0,false,35.920000,36.040000,1.447661,0.334076,false,0.000000,execution_costs_v1.0,0.000000,0.000000,,,,
2024-09-04,FFIV,BBG001SCP8D1,0,false,198.420000,199.380000,1.315392,0.483822,false,0.000000,execution_costs_v1.0,0.000000,0.000000,,,,
2024-09-04,FFWM,BBG001V9VY13,0,false,6.790000,6.930000,5.447717,2.061856,false,0.000000,execution_costs_v1.0,0.000000,0.000000,,,,
2024-09-04,FG,BBG01BGVGH85,0,false,42.040000,41.730000,2.664129,-0.737393,false,0.000000,execution_costs_v1.0,0.000000,0.000000,,,,
2024-09-04,FHB,BBG0046LJYX7,0,false,24.050000,23.980000,1.122661,-0.291060,false,0.000000,execution_costs_v1.0,0.000000,0.000000,,,,
2024-09-04,FHI,BBG001S6TGK4,0,false,34.740000,34.740000,0.546920,0.000000,false,0.000000,execution_costs_v1.0,0.000000,0.000000,,,,
2024-09-04,FHN,BBG001SCW8R8,0,false,16.220000,15.941000,0.739827,-1.720099,false,0.000000,execution_costs_v1.0,0.000000,0.000000,,,,
2024-09-04,FHTX,BBG00HFZPB97,0,false,7.930000,8.000000,4.161412,0.882724,false,0.000000,execution_costs_v1.0,0.000000,0.000000,,,,
2024-09-04,FIBK,BBG001S9F1B6,0,false,30.470000,30.075000,0.361011,-1.296357,false,0.000000,execution_costs_v1.0,0.000000,0.000000,,,,
2024-09-04,FIGS,BBG004SK5VM8,0,false,6.230000,6.070000,2.568218,-2.568218,false,0.000000,execution_costs_v1.0,0.000000,0.000000,,,,
2024-09-04,FIHL,0001636639,0,false,18.380000,18.300000,0.707291,-0.435256,false,0.000000,execution_costs_v1.0,0.000000,0.000000,,,,
2024-09-04,FIP,BBG0174VKJB4,1,false,8.850000,8.805000,1.299435,-0.508475,false,0.000000,execution_costs_v1.0,0.000000,0.000000,,,,
2024-09-04,FISI,BBG001SCY2P1,0,false,25.340000,25.010000,1.124704,-1.302289,false,0.000000,execution_costs_v1.0,0.000000,0.000000,,,,
2024-09-04,FIVE,BBG001TCDMY9,1,false,74.470000,74.580000,1.235397,0.147710,false,0.000000,execution_costs_v1.0,0.000000,0.000000,,,,
2024-09-04,FIVN,BBG001V0P7K7,0,false,30.830000,29.800000,0.000000,-3.340902,false,0.000000,execution_costs_v1.0,0.000000,0.000000,,,,
2024-09-04,FIX,BBG001SB1GG8,0,false,313.030000,314.430000,2.070089,0.447241,false,0.000000,execution_costs_v1.0,0.000000,0.000000,,,,
2024-09-04,FIZZ,BBG001S5PM18,0,false,45.880000,46.090000,1.362249,0.457716,false,0.000000,execution_costs_v1.0,0.000000,0.000000,,,,
2024-09-04,FL,BBG001S5XMR1,0,false,28.850000,28.350000,0.727903,-1.733102,false,0.000000,execution_costs_v1.0,0.000000,0.000000,,,,
2024-09-04,FLEX,0000866374,0,false,30.070000,30.680000,2.544064,2.028600,false,0.000000,execution_costs_v1.0,0.000000,0.000000,,,,
2024-09-04,FLGT,BBG00DW0QQM5,0,false,21.760000,21.470000,1.608456,-1.332721,false,0.000000,execution_costs_v1.0,0.000000,0.000000,,,,
2024-09-04,FLNC,BBG012QSDTD2,1,false,17.350000,18.500000,9.798271,6.628242,false,0.000000,execution_costs_v1.0,0.000000,0.000000,,,,
2024-09-04,FLNG,0001772253,0,false,25.850000,25.950000,1.276596,0.386847,false,0.000000,execution_costs_v1.0,0.000000,0.000000,,,,
2024-09-04,FLO,BBG001S5R7L7,0,false,23.160000,23.390000,1.252159,0.993092,false,0.000000,execution_costs_v1.0,0.000000,0.000000,,,,
2024-09-04,FLR,BBG001S5Q738,0,false,47.060000,46.910000,0.403740,-0.318742,false,0.000000,execution_costs_v1.0,0.000000,0.000000,,,,
2024-09-04,FLS,BBG001SB3F87,0,false,47.440000,47.310000,0.885329,-0.274030,false,0.000000,execution_costs_v1.0,0.000000,0.000000,,,,
2024-09-04,FLWS,BBG001S60YV4,0,false,7.510000,7.395000,2.596538,-1.531292,false,0.000000,execution_costs_v1.0,0.000000,0.000000,,,,
2024-09-04,FLYW,BBG002030ND3,0,false,17.830000,17.370000,0.504767,-2.579921,false,0.000000,execution_costs_v1.0,0.000000,0.000000,,,,
2024-09-04,FMAO,BBG001S8HL40,0,false,25.810000,25.790000,2.111585,-0.077489,false,0.000000,execution_costs_v1.0,0.000000,0.000000,,,,
2024-09-04,FMBH,BBG001S704Q4,0,false,39.770000,39.230000,0.113151,-1.357807,false,0.000000,execution_costs_v1.0,0.000000,0.000000,,,,
2024-09-04,FMC,BBG001S5R880,0,false,62.720000,63.060000,1.594388,0.542092,false,0.000000,execution_costs_v1.0,0.000000,0.000000,,,,
2024-09-04,FMNB,BBG001S7S1W3,0,false,15.270000,15.110000,1.047806,-1.047806,false,0.000000,execution_costs_v1.0,0.000000,0.000000,,,,
2024-09-04,FN,0001408710,0,false,219.290000,225.320000,3.515892,2.749783,false,0.000000,execution_costs_v1.0,0.000000,0.000000,,,,
2024-09-04,FNA,BBG005914H40,0,false,8.170000,8.170000,5.018360,0.000000,false,0.000000,execution_costs_v1.0,0.000000,0.000000,,,,
2024-09-04,FNB,BBG001S5R1Q5,0,false,14.740000,14.660000,1.153324,-0.542741,false,0.000000,execution_costs_v1.0,0.000000,0.000000,,,,
2024-09-04,FND,BBG007GJ2F90,0,false,106.160000,106.540000,0.781839,0.357950,false,0.000000,execution_costs_v1.0,0.000000,0.000000,,,,
2024-09-04,FNKO,BBG00HXSHDR8,0,false,10.260000,10.240000,1.072125,-0.194932,false,0.000000,execution_costs_v1.0,0.000000,0.000000,,,,
2024-09-04,FNLC,BBG001SD0659,0,false,27.230000,26.890000,0.661036,-1.248623,false,0.000000,execution_costs_v1.0,0.000000,0.000000,,,,
2024-09-04,FOA,BBG00ZVN6MD8,0,false,8.000000,8.800000,11.875000,10.000000,false,0.000000,execution_costs_v1.0,0.000000,0.000000,,,,
2024-09-04,FOLD,BBG001SN96V9,0,false,11.510000,11.530000,0.781929,0.173762,false,0.000000,execution_costs_v1.0,0.000000,0.000000,,,,
2024-09-04,FOR,BBG001S5R9G9,0,false,29.460000,29.980000,2.206382,1.765105,false,0.000000,execution_costs_v1.0,0.000000,0.000000,,,,
2024-09-04,FORM,BBG001SFT2R8,1,false,44.000000,44.490000,2.318182,1.113636,false,0.000000,execution_costs_v1.0,0.000000,0.000000,,,,
2024-09-04,FORR,BBG001S98HN6,0,false,18.340000,18.012000,0.327154,-1.788441,false,0.000000,execution_costs_v1.0,0.000000,0.000000,,,,
2024-09-04,FOUR,BBG00TX393M3,2,false,79.680000,77.280000,1.646210,-3.012048,false,0.000000,execution_costs_v1.0,0.000000,0.000000,,,,
2024-09-04,FOXF,BBG004T7VS71,0,false,39.580000,40.050000,2.046488,1.187468,false,0.000000,execution_costs_v1.0,0.000000,0.000000,,,,
2024-09-04,FPI,BBG005TNS0R6,0,false,10.170000,10.110000,1.081613,-0.589971,false,0.000000,execution_costs_v1.0,0.000000,0.000000,,,,
2024-09-04,FR,BBG001S81Z00,0,false,56.690000,56.655000,1.164226,-0.061739,false,0.000000,execution_costs_v1.0,0.000000,0.000000,,,,
2024-09-04,FRBA,BBG001SRY1B5,0,false,15.170000,14.860000,0.988794,-2.043507,false,0.000000,execution_costs_v1.0,0.000000,0.000000,,,,
2024-09-04,FRHC,BBG001SGRW38,0,false,88.570000,89.290000,1.140341,0.812916,false,0.000000,execution_costs_v1.0,0.000000,0.000000,,,,
2024-09-04,FRME,BBG001S5NNS9,0,false,38.060000,37.730000,0.959012,-0.867052,false,0.000000,execution_costs_v1.0,0.000000,0.000000,,,,
2024-09-04,FRO,0000913290,13,true,22.450000,22.220000,1.603563,-1.024499,false,0.000000,execution_costs_v1.0,0.000000,0.000000,,,,
2024-09-04,FROG,0001800667,0,false,26.260000,28.630000,12.033511,9.025133,false,0.000000,execution_costs_v1.0,0.000000,0.000000,,,,
2024-09-04,FRPT,BBG001V04FM0,0,false,137.150000,138.850000,3.547211,1.239519,false,0.000000,execution_costs_v1.0,0.000000,0.000000,,,,
2024-09-04,FRSH,BBG0029KYGM4,0,false,11.440000,11.540000,1.660839,0.874126,false,0.000000,execution_costs_v1.0,0.000000,0.000000,,,,
2024-09-04,FRT,BBG001S5RC36,0,false,114.890000,114.420000,0.774654,-0.409087,false,0.000000,execution_costs_v1.0,0.000000,0.000000,,,,
2024-09-04,FSBC,BBG001SN0V52,0,false,28.980000,28.660000,0.051760,-1.104210,false,0.000000,execution_costs_v1.0,0.000000,0.000000,,,,
2024-09-04,FSBW,BBG002Q8NYF3,0,false,43.280000,42.600000,0.750924,-1.571165,false,0.000000,execution_costs_v1.0,0.000000,0.000000,,,,
2024-09-04,FSCO,BBG01BG24837,1,false,6.220000,6.250000,0.643087,0.482315,false,0.000000,execution_costs_v1.0,0.000000,0.000000,,,,
2024-09-04,FSK,BBG001YCZQ07,5,false,20.170000,20.235000,0.818047,0.322261,false,0.000000,execution_costs_v1.0,0.000000,0.000000,,,,
2024-09-04,FSLY,BBG004NLQHM9,4,false,5.900000,5.950000,3.050847,0.847458,false,0.000000,execution_costs_v1.0,0.000000,0.000000,,,,
2024-09-04,FSM,BBG001S982M0,4,false,4.220000,4.245000,1.895735,0.592417,false,0.000000,execution_costs_v1.0,0.000000,0.000000,,,,
2024-09-04,FSS,BBG001S5RD98,0,false,88.130000,87.700000,0.919097,-0.487916,false,0.000000,execution_costs_v1.0,0.000000,0.000000,,,,
2024-09-04,FSV,BBG0093LLBP5,0,false,178.680000,179.290000,1.427132,0.341392,false,0.000000,execution_costs_v1.0,0.000000,0.000000,,,,
2024-09-04,FTAI,0001590364,0,false,116.010000,119.400000,4.197914,2.922162,false,0.000000,execution_costs_v1.0,0.000000,0.000000,,,,
2024-09-04,FTDR,BBG00H9MNF05,0,false,47.810000,48.020000,1.087639,0.439239,false,0.000000,execution_costs_v1.0,0.000000,0.000000,,,,
2024-09-04,FTI,0001681459,0,false,25.430000,25.440000,0.943767,0.039324,false,0.000000,execution_costs_v1.0,0.000000,0.000000,,,,
2024-09-04,FTRE,BBG01GZF9W47,0,false,22.070000,21.280000,3.217037,-3.579520,false,0.000000,execution_costs_v1.0,0.000000,0.000000,,,,
2024-09-04,FUBO,BBG002CV4QZ3,12,true,1.690000,1.725000,4.733728,2.071006,false,0.000000,execution_costs_v1.0,0.000000,0.000000,,,,
2024-09-04,FUFU,0001921158,0,false,4.270000,4.170000,2.107728,-2.341920,false,0.000000,execution_costs_v1.0,0.000000,0.000000,,,,
2024-09-04,FUL,BBG001S5RDZ9,0,false,82.400000,81.800000,0.618932,-0.728155,false,0.000000,execution_costs_v1.0,0.000000,0.000000,,,,
2024-09-04,FULC,BBG00DDY1RM7,0,false,8.000000,8.250000,6.625000,3.125000,false,0.000000,execution_costs_v1.0,0.000000,0.000000,,,,
2024-09-04,FULT,BBG001S5RF02,1,false,19.140000,18.735000,0.992685,-2.115987,false,0.000000,execution_costs_v1.0,0.000000,0.000000,,,,
2024-09-04,FUN,BBG01K8GRMY5,0,false,43.630000,44.090000,2.979601,1.054320,false,0.000000,execution_costs_v1.0,0.000000,0.000000,,,,
2024-09-04,FVRR,0001762301,0,false,23.750000,23.720000,2.589474,-0.126316,false,0.000000,execution_costs_v1.0,0.000000,0.000000,,,,
2024-09-04,FWRD,BBG001SC0FW1,0,false,32.120000,33.540000,6.429016,4.420922,false,0.000000,execution_costs_v1.0,0.000000,0.000000,,,,
2024-09-04,FWRG,BBG012F6M198,0,false,15.590000,15.880000,2.629891,1.860167,false,0.000000,execution_costs_v1.0,0.000000,0.000000,,,,
2024-09-04,FYBR,BBG010MVVVX6,0,false,28.070000,38.700000,39.686498,37.869612,true,0.000000,execution_costs_v1.0,0.000000,0.000000,,,,
2024-09-04,G,0001398659,0,false,38.560000,38.980000,1.192946,1.089212,false,0.000000,execution_costs_v1.0,0.000000,0.000000,,,,
2024-09-04,GABC,BBG001S7BHR2,0,false,39.390000,39.430000,0.837776,0.101549,false,0.000000,execution_costs_v1.0,0.000000,0.000000,,,,
2024-09-04,GAIN,BBG001SL3TS3,0,false,12.860000,12.830000,0.699844,-0.233281,false,0.000000,execution_costs_v1.0,0.000000,0.000000,,,,
2024-09-04,GAMB,0001839799,0,false,9.960000,10.080000,2.610442,1.204819,false,0.000000,execution_costs_v1.0,0.000000,0.000000,,,,
2024-09-04,GATO,BBG001W4GFS2,0,false,11.590000,11.620000,3.796376,0.258844,false,0.000000,execution_costs_v1.0,0.000000,0.000000,,,,
2024-09-04,GATX,BBG001S5RM34,0,false,134.870000,134.280000,0.126047,-0.437458,false,0.000000,execution_costs_v1.0,0.000000,0.000000,,,,
2024-09-04,GAU,BBG001SF5M09,0,false,1.380000,1.355000,2.173913,-1.811594,false,0.000000,execution_costs_v1.0,0.000000,0.000000,,,,
2024-09-04,GB,0001799983,0,false,5.240000,5.400000,4.389313,3.053435,false,0.000000,execution_costs_v1.0,0.000000,0.000000,,,,
2024-09-04,GBCI,BBG001S6HGM5,0,false,46.610000,45.010000,0.831367,-3.432740,false,0.000000,execution_costs_v1.0,0.000000,0.000000,,,,
2024-09-04,GBDC,BBG001T63BY7,0,false,14.970000,14.890000,0.467602,-0.534402,false,0.000000,execution_costs_v1.0,0.000000,0.000000,,,,
2024-09-04,GBLI,BBG004M233J2,0,false,31.310000,32.130000,2.618972,2.618972,false,0.000000,execution_costs_v1.0,0.000000,0.000000,,,,
2024-09-04,GBTG,BBG00Y52B9C0,0,false,6.980000,7.110000,1.862464,1.862464,false,0.000000,execution_costs_v1.0,0.000000,0.000000,,,,
2024-09-04,GBX,BBG001S80QK9,0,false,47.020000,47.270000,0.903871,0.531689,false,0.000000,execution_costs_v1.0,0.000000,0.000000,,,,
2024-09-04,GCBC,BBG001S9KJZ5,0,false,31.000000,32.290000,7.322581,4.161290,false,0.000000,execution_costs_v1.0,0.000000,0.000000,,,,
2024-09-04,GCI,BBG005C9FQR2,1,false,5.010000,4.870000,1.197605,-2.794411,false,0.000000,execution_costs_v1.0,0.000000,0.000000,,,,
2024-09-04,GCMG,BBG00Y73FGG2,0,false,10.670000,10.725000,0.843486,0.515464,false,0.000000,execution_costs_v1.0,0.000000,0.000000,,,,
2024-09-04,GCO,BBG001S5RHF2,0,false,31.320000,29.910000,0.255428,-4.501916,false,0.000000,execution_costs_v1.0,0.000000,0.000000,,,,
2024-09-04,GCT,0001857816,2,false,20.540000,19.470000,0.413827,-5.209348,false,0.000000,execution_costs_v1.0,0.000000,0.000000,,,,
2024-09-04,GDEN,BBG001S69CW2,0,false,31.620000,32.410000,3.178368,2.498419,false,0.000000,execution_costs_v1.0,0.000000,0.000000,,,,
2024-09-04,GDEV,0001848739,0,false,22.020000,22.020000,0.000000,0.000000,false,0.000000,execution_costs_v1.0,0.000000,0.000000,,,,
2024-09-04,GDOT,BBG001T6W7V7,0,false,10.930000,11.160000,5.032022,2.104300,false,0.000000,execution_costs_v1.0,0.000000,0.000000,,,,
2024-09-04,GDRX,BBG00X0VP956,1,false,7.760000,8.000000,5.153351,3.092784,false,0.000000,execution_costs_v1.0,0.000000,0.000000,,,,
2024-09-04,GDYN,BBG00MDLZP15,0,false,13.420000,13.580000,1.564829,1.192250,false,0.000000,execution_costs_v1.0,0.000000,0.000000,,,,
2024-09-04,GEF,BBG001S8S678,0,false,60.740000,60.110000,1.004281,-1.037208,false,0.000000,execution_costs_v1.0,0.000000,0.000000,,,,
2024-09-04,GEL,BBG001S9CQC3,0,false,13.530000,13.090000,0.443459,-3.252033,false,0.000000,execution_costs_v1.0,0.000000,0.000000,,,,
2024-09-04,GENI,0001834489,3,false,7.030000,7.245000,3.413940,3.058321,false,0.000000,execution_costs_v1.0,0.000000,0.000000,,,,
2024-09-04,GEO,BBG001S6VYZ6,3,false,13.170000,13.070000,0.493546,-0.759301,false,0.000000,execution_costs_v1.0,0.000000,0.000000,,,,
2024-09-04,GERN,BBG001S6TSX4,3,false,4.360000,4.290000,0.688073,-1.605505,false,0.000000,execution_costs_v1.0,0.000000,0.000000,,,,
2024-09-04,GES,BBG001S5RJR5,0,false,19.900000,19.700000,1.055276,-1.005025,false,0.000000,execution_costs_v1.0,0.000000,0.000000,,,,
2024-09-04,GETY,BBG017RQJJH6,0,false,3.650000,3.540000,0.547945,-3.013699,false,0.000000,execution_costs_v1.0,0.000000,0.000000,,,,
2024-09-04,GFF,BBG001S7M3Z2,0,false,62.480000,63.630000,1.952625,1.840589,false,0.000000,execution_costs_v1.0,0.000000,0.000000,,,,
2024-09-04,GFR,BBG01HRTJS60,0,false,7.300000,7.170000,0.000000,-1.780822,false,0.000000,execution_costs_v1.0,0.000000,0.000000,,,,
2024-09-04,GGG,BBG001S5RK56,0,false,81.290000,81.520000,0.701193,0.282938,false,0.000000,execution_costs_v1.0,0.000000,0.000000,,,,
2024-09-04,GH,BBG006D97VZ8,1,false,24.570000,24.350000,3.011803,-0.895401,false,0.000000,execution_costs_v1.0,0.000000,0.000000,,,,
2024-09-04,GHLD,BBG00XR2PX58,0,false,16.540000,16.640000,1.420798,0.604595,false,0.000000,execution_costs_v1.0,0.000000,0.000000,,,,
2024-09-04,GHM,BBG001S5RK92,0,false,29.300000,29.260000,1.638225,-0.136519,false,0.000000,execution_costs_v1.0,0.000000,0.000000,,,,
2024-09-04,GHRS,0001855129,0,false,9.970000,8.520000,0.000000,-14.543631,false,0.000000,execution_costs_v1.0,0.000000,0.000000,,,,
2024-09-04,GIC,BBG001S9NZ95,0,false,32.460000,31.915000,0.400493,-1.678990,false,0.000000,execution_costs_v1.0,0.000000,0.000000,,,,
2024-09-04,GIII,BBG001S6F0Z8,0,false,25.130000,25.030000,0.835655,-0.397931,false,0.000000,execution_costs_v1.0,0.000000,0.000000,,,,
2024-09-04,GIL,BBG001S7JJL6,0,false,44.340000,44.770000,1.217862,0.969779,false,0.000000,execution_costs_v1.0,0.000000,0.000000,,,,
2024-09-04,GKOS,BBG001T91NX8,1,false,133.000000,130.740000,0.428571,-1.699248,false,0.000000,execution_costs_v1.0,0.000000,0.000000,,,,
2024-09-04,GL,BBG001S5WRX4,0,false,105.100000,105.540000,1.941009,0.418649,false,0.000000,execution_costs_v1.0,0.000000,0.000000,,,,
2024-09-04,GLAD,BBG001SJH738,0,false,22.640000,22.530000,0.522085,-0.485866,false,0.000000,execution_costs_v1.0,0.000000,0.000000,,,,
2024-09-04,GLBE,0001835963,0,false,33.090000,33.429800,3.354488,1.026896,false,0.000000,execution_costs_v1.0,0.000000,0.000000,,,,
2024-09-04,GLDD,BBG001SNNJN4,0,false,9.400000,9.340000,2.021277,-0.638298,false,0.000000,execution_costs_v1.0,0.000000,0.000000,,,,
2024-09-04,GLNG,0001207179,0,false,31.990000,31.990000,0.906533,0.000000,false,0.000000,execution_costs_v1.0,0.000000,0.000000,,,,
2024-09-04,GLOB,0001557860,0,false,194.830000,199.810000,3.254119,2.556075,false,0.000000,execution_costs_v1.0,0.000000,0.000000,,,,
2024-09-04,GLP,BBG001SH3WJ5,0,false,42.320000,40.760000,0.448960,-3.686200,false,0.000000,execution_costs_v1.0,0.000000,0.000000,,,,
2024-09-04,GLPI,BBG003MSMCT5,0,false,51.430000,51.970000,1.886059,1.049971,false,0.000000,execution_costs_v1.0,0.000000,0.000000,,,,
2024-09-04,GLRE,0001385613,0,false,13.640000,13.720000,1.173021,0.586510,false,0.000000,execution_costs_v1.0,0.000000,0.000000,,,,
2024-09-04,GLTO,BBG00XMLGWD4,0,false,10.880000,11.570000,9.237132,6.341912,false,0.000000,execution_costs_v1.0,0.000000,0.000000,,,,
2024-09-04,GME,BBG001S5RLR0,34,true,22.850000,22.120000,3.763676,-3.194748,false,0.000000,execution_costs_v1.0,0.000000,0.000000,,,,
2024-09-04,GMED,BBG002V87T57,0,false,72.000000,70.370000,0.027778,-2.263889,false,0.000000,execution_costs_v1.0,0.000000,0.000000,,,,
2024-09-04,GMRE,BBG0027F2C05,0,false,9.250000,9.230000,1.891892,-0.216216,false,0.000000,execution_costs_v1.0,0.000000,0.000000,,,,
2024-09-04,GMS,BBG009Q036F8,0,false,83.160000,83.620000,0.992063,0.553151,false,0.000000,execution_costs_v1.0,0.000000,0.000000,,,,
2024-09-04,GNE,BBG0021PGB79,0,false,16.500000,16.980000,3.030303,2.909091,false,0.000000,execution_costs_v1.0,0.000000,0.000000,,,,
2024-09-04,GNK,0001326200,0,false,16.970000,16.910000,0.648203,-0.353565,false,0.000000,execution_costs_v1.0,0.000000,0.000000,,,,
2024-09-04,GNL,BBG004HXD0H7,0,false,8.510000,8.625000,2.878966,1.351351,false,0.000000,execution_costs_v1.0,0.000000,0.000000,,,,
2024-09-04,GNRC,BBG001T5VGH6,0,false,146.710000,146.730000,1.226910,0.013632,false,0.000000,execution_costs_v1.0,0.000000,0.000000,,,,
2024-09-04,GNTX,BBG001S5RMR8,0,false,30.550000,30.670000,0.523732,0.392799,false,0.000000,execution_costs_v1.0,0.000000,0.000000,,,,
2024-09-04,GNTY,BBG001S7MPM7,0,false,34.495000,34.190000,0.739238,-0.884186,false,0.000000,execution_costs_v1.0,0.000000,0.000000,,,,
2024-09-04,GNW,BBG001SJ0DH8,0,false,6.920000,6.950000,0.794798,0.433526,false,0.000000,execution_costs_v1.0,0.000000,0.000000,,,,
2024-09-04,GO,BBG00P4R30Z8,0,false,17.920000,18.040000,2.343750,0.669643,false,0.000000,execution_costs_v1.0,0.000000,0.000000,,,,
2024-09-04,GOGL,0001029145,2,false,11.640000,11.595000,1.288660,-0.386598,false,0.000000,execution_costs_v1.0,0.000000,0.000000,,,,
2024-09-04,GOGO,BBG002CN8YD4,0,false,7.940000,8.000000,6.297229,0.755668,false,0.000000,execution_costs_v1.0,0.000000,0.000000,,,,
2024-09-04,GOLF,BBG00D5L3ST3,0,false,66.020000,67.630000,2.696153,2.438655,false,0.000000,execution_costs_v1.0,0.000000,0.000000,,,,
2024-09-04,GOOD,BBG001SK8138,0,false,15.160000,15.150000,1.319261,-0.065963,false,0.000000,execution_costs_v1.0,0.000000,0.000000,,,,
2024-09-04,GOOS,BBG00G2HL1Z0,0,false,11.520000,11.170000,1.128472,-3.038194,false,0.000000,execution_costs_v1.0,0.000000,0.000000,,,,
2024-09-04,GPI,BBG001S5RNK3,0,false,365.320000,364.740000,0.639166,-0.158765,false,0.000000,execution_costs_v1.0,0.000000,0.000000,,,,
2024-09-04,GPK,BBG001S90195,0,false,28.820000,28.870000,0.867453,0.173491,false,0.000000,execution_costs_v1.0,0.000000,0.000000,,,,
2024-09-04,GPOR,BBG0112Z8766,0,false,139.370000,138.440000,1.219775,-0.667289,false,0.000000,execution_costs_v1.0,0.000000,0.000000,,,,
2024-09-04,GPRE,BBG001SPVM17,0,false,13.070000,14.350000,11.706197,9.793420,false,0.000000,execution_costs_v1.0,0.000000,0.000000,,,,
2024-09-04,GPRK,0001464591,0,false,8.390000,8.160000,0.953516,-2.741359,false,0.000000,execution_costs_v1.0,0.000000,0.000000,,,,
2024-09-04,GRAB,0001855612,6,false,3.295000,3.340000,1.669196,1.365706,false,0.000000,execution_costs_v1.0,0.000000,0.000000,,,,
2024-09-04,GRBK,BBG001SS5LM9,0,false,75.540000,75.340000,0.875165,-0.264760,false,0.000000,execution_costs_v1.0,0.000000,0.000000,,,,
2024-09-04,GRC,BBG001S5RP00,0,false,37.210000,36.720000,0.806235,-1.316850,false,0.000000,execution_costs_v1.0,0.000000,0.000000,,,,
2024-09-04,GRND,BBG00YV3H7V6,0,false,11.750000,11.880000,1.702128,1.106383,false,0.000000,execution_costs_v1.0,0.000000,0.000000,,,,
2024-09-04,GRNT,BBG017RM8TP6,0,false,6.160000,6.010000,0.000000,-2.435065,false,0.000000,execution_costs_v1.0,0.000000,0.000000,,,,
2024-09-04,GRPN,BBG001T8J560,1,false,12.740000,12.410000,4.238619,-2.590267,false,0.000000,execution_costs_v1.0,0.000000,0.000000,,,,
2024-09-04,GSAT,BBG001SPN4X1,7,false,1.270000,1.280000,4.724409,0.787402,false,0.000000,execution_costs_v1.0,0.000000,0.000000,,,,
2024-09-04,GSBC,BBG001S6DWN3,0,false,58.605000,57.840000,0.000000,-1.305349,false,0.000000,execution_costs_v1.0,0.000000,0.000000,,,,
2024-09-04,GSBD,BBG004DDDL70,1,false,14.190000,14.150000,0.704017,-0.281889,false,0.000000,execution_costs_v1.0,0.000000,0.000000,,,,
2024-09-04,GSHD,BBG00KHHBMD4,0,false,84.020000,88.300000,5.171388,5.094025,false,0.000000,execution_costs_v1.0,0.000000,0.000000,,,,
2024-09-04,GSL,0001430725,0,false,23.930000,23.890000,1.755119,-0.167154,false,0.000000,execution_costs_v1.0,0.000000,0.000000,,,,
2024-09-04,GSM,0001639877,2,false,4.240000,4.295000,1.533019,1.297170,false,0.000000,execution_costs_v1.0,0.000000,0.000000,,,,
2024-09-04,GT,BBG001S5RQ62,2,false,8.390000,8.150000,0.834327,-2.860548,false,0.000000,execution_costs_v1.0,0.000000,0.000000,,,,
2024-09-04,GTES,0001718512,0,false,17.130000,16.900000,0.379451,-1.342674,false,0.000000,execution_costs_v1.0,0.000000,0.000000,,,,
2024-09-04,GTHX,BBG005F1DJM9,1,false,7.100000,7.130000,0.422535,0.422535,false,0.000000,execution_costs_v1.0,0.000000,0.000000,,,,
2024-09-04,GTI,0001879373,0,false,2.260000,2.320000,18.075221,2.654867,true,0.000000,execution_costs_v1.0,0.000000,0.000000,,,,
2024-09-04,GTLB,BBG00DHTYPJ6,45,true,50.430000,54.400000,8.824113,7.872298,false,0.000000,execution_costs_v1.0,0.000000,0.000000,,,,
2024-09-04,GTLS,BBG001SQV7W4,0,false,113.230000,112.890000,2.004769,-0.300274,false,0.000000,execution_costs_v1.0,0.000000,0.000000,,,,
2024-09-04,GTN,BBG001S8SQK9,0,false,4.950000,4.865000,2.121212,-1.717172,false,0.000000,execution_costs_v1.0,0.000000,0.000000,,,,
2024-09-04,GTX,BBG00HY28Q04,0,false,8.100000,8.170000,2.222222,0.864198,false,0.000000,execution_costs_v1.0,0.000000,0.000000,,,,
2024-09-04,GTY,BBG001S5RQR9,0,false,31.920000,31.760000,0.845865,-0.501253,false,0.000000,execution_costs_v1.0,0.000000,0.000000,,,,
2024-09-04,GVA,BBG001S8WD96,0,false,72.410000,72.480000,0.400497,0.096672,false,0.000000,execution_costs_v1.0,0.000000,0.000000,,,,
2024-09-04,GWH,BBG00Y4B6LN8,0,false,6.850000,6.140000,0.000000,-10.364964,false,0.000000,execution_costs_v1.0,0.000000,0.000000,,,,
2024-09-04,GWRE,BBG001TWHGX5,0,false,145.000000,147.060000,1.786207,1.420690,false,0.000000,execution_costs_v1.0,0.000000,0.000000,,,,
2024-09-04,GXO,BBG00YDGX9Z1,0,false,48.870000,48.430000,1.023123,-0.900348,false,0.000000,execution_costs_v1.0,0.000000,0.000000,,,,
2024-09-04,GYRE,BBG001SDL5X7,0,false,12.140000,12.370000,5.766063,1.894563,false,0.000000,execution_costs_v1.0,0.000000,0.000000,,,,
2024-09-04,HA,BBG001S5RRT5,1,false,17.200000,17.380000,1.337209,1.046512,false,0.000000,execution_costs_v1.0,0.000000,0.000000,,,,
2024-09-04,HAE,BBG001S6QB64,0,false,74.240000,74.980000,1.528825,0.996767,false,0.000000,execution_costs_v1.0,0.000000,0.000000,,,,
2024-09-04,HAFC,BBG001SFGJ31,0,false,19.370000,19.160000,1.755292,-1.084151,false,0.000000,execution_costs_v1.0,0.000000,0.000000,,,,
2024-09-04,HAFN,0001815779,5,false,7.210000,7.230000,0.832178,0.277393,false,0.000000,execution_costs_v1.0,0.000000,0.000000,,,,
2024-09-04,HAIN,BBG001SBCKV0,0,false,8.320000,8.510000,3.425481,2.283654,false,0.000000,execution_costs_v1.0,0.000000,0.000000,,,,
2024-09-04,HALO,BBG001SGX585,2,false,61.000000,62.160000,1.967213,1.901639,false,0.000000,execution_costs_v1.0,0.000000,0.000000,,,,
2024-09-04,HAS,BBG001S5RSQ6,0,false,67.330000,67.980000,1.396109,0.965394,false,0.000000,execution_costs_v1.0,0.000000,0.000000,,,,
2024-09-04,HASI,BBG0044K5DN3,0,false,32.660000,32.490000,1.484997,-0.520514,false,0.000000,execution_costs_v1.0,0.000000,0.000000,,,,
2024-09-04,HAYN,BBG001SL1ZT0,0,false,59.800000,59.670000,0.008361,-0.217391,false,0.000000,execution_costs_v1.0,0.000000,0.000000,,,,
2024-09-04,HAYW,BBG00Z9CCSB9,0,false,14.110000,14.250000,2.267895,0.992204,false,0.000000,execution_costs_v1.0,0.000000,0.000000,,,,
2024-09-04,HBANL,0000049196,0,false,25.410000,25.550000,0.708383,0.550964,false,0.000000,execution_costs_v1.0,0.000000,0.000000,,,,
2024-09-04,HBB,BBG00HJ4P6S2,0,false,27.860000,28.090000,0.977028,0.825556,false,0.000000,execution_costs_v1.0,0.000000,0.000000,,,,
2024-09-04,HBCP,BBG001ST9B63,0,false,42.770000,42.540000,0.023381,-0.537760,false,0.000000,execution_costs_v1.0,0.000000,0.000000,,,,
2024-09-04,HBI,BBG001SMCKB8,0,false,6.240000,6.450000,3.846154,3.365385,false,0.000000,execution_costs_v1.0,0.000000,0.000000,,,,
2024-09-04,HBM,BBG001SL27N7,0,false,7.360000,7.340000,2.649457,-0.271739,false,0.000000,execution_costs_v1.0,0.000000,0.000000,,,,
2024-09-04,HBNC,BBG001S7SGW0,0,false,15.930000,15.860000,1.129944,-0.439422,false,0.000000,execution_costs_v1.0,0.000000,0.000000,,,,
2024-09-04,HBT,BBG00Q8J7380,0,false,22.390000,21.850000,0.000000,-2.411791,false,0.000000,execution_costs_v1.0,0.000000,0.000000,,,,
2024-09-04,HCAT,BBG00LDPZMT5,1,false,7.390000,7.560000,6.359946,2.300406,false,0.000000,execution_costs_v1.0,0.000000,0.000000,,,,
2024-09-04,HCC,BBG00GD1JNK4,3,false,56.410000,55.520000,0.067896,-1.577734,false,0.000000,execution_costs_v1.0,0.000000,0.000000,,,,
2024-09-04,HCI,BBG001T2C2P6,0,false,95.270000,96.367500,1.233337,1.151989,false,0.000000,execution_costs_v1.0,0.000000,0.000000,,,,
2024-09-04,HCKT,BBG001S5VLP7,0,false,26.140000,25.890000,0.000000,-0.956389,false,0.000000,execution_costs_v1.0,0.000000,0.000000,,,,
2024-09-04,HCP,BBG007PZ2T94,1,false,33.800000,33.830000,0.162722,0.088757,false,0.000000,execution_costs_v1.0,0.000000,0.000000,,,,
2024-09-04,HCSG,BBG001S5RTV8,0,false,10.780000,10.790000,1.252319,0.092764,false,0.000000,execution_costs_v1.0,0.000000,0.000000,,,,
2024-09-04,HDSN,BBG001S77CN2,0,false,7.950000,8.035000,2.327044,1.069182,false,0.000000,execution_costs_v1.0,0.000000,0.000000,,,,
2024-09-04,HE,BBG001S5RV43,2,false,11.600000,12.195000,9.396552,5.129310,false,0.000000,execution_costs_v1.0,0.000000,0.000000,,,,
2024-09-04,HEAR,BBG001SPDGN6,0,false,14.850000,14.660000,0.808081,-1.279461,false,0.000000,execution_costs_v1.0,0.000000,0.000000,,,,
2024-09-04,HEES,BBG001SKSFQ0,0,false,44.430000,45.010000,1.688049,1.305424,false,0.000000,execution_costs_v1.0,0.000000,0.000000,,,,
2024-09-04,HELE,0000916789,0,false,53.390000,53.750000,2.247612,0.674284,false,0.000000,execution_costs_v1.0,0.000000,0.000000,,,,
2024-09-04,HESM,BBG00R02H8F3,0,false,36.570000,36.330000,0.382827,-0.656276,false,0.000000,execution_costs_v1.0,0.000000,0.000000,,,,
2024-09-04,HFWA,BBG001SBJ270,0,false,22.690000,22.400000,1.234024,-1.278096,false,0.000000,execution_costs_v1.0,0.000000,0.000000,,,,
2024-09-04,HG,0001593275,0,false,19.340000,19.300000,1.111686,-0.206825,false,0.000000,execution_costs_v1.0,0.000000,0.000000,,,,
2024-09-04,HGTY,BBG00Z9FKN97,0,false,11.880000,11.850000,1.947811,-0.252525,false,0.000000,execution_costs_v1.0,0.000000,0.000000,,,,
2024-09-04,HGV,BBG00CBYY6L2,0,false,37.860000,37.580000,1.043317,-0.739567,false,0.000000,execution_costs_v1.0,0.000000,0.000000,,,,
2024-09-04,HHH,BBG01HTMDZ63,0,false,73.960000,73.710000,1.392645,-0.338021,false,0.000000,execution_costs_v1.0,0.000000,0.000000,,,,
2024-09-04,HI,BBG001STH2P3,0,false,31.000000,30.950000,1.064516,-0.161290,false,0.000000,execution_costs_v1.0,0.000000,0.000000,,,,
2024-09-04,HIFS,BBG001S614T2,0,false,256.070000,250.480000,0.117155,-2.182997,false,0.000000,execution_costs_v1.0,0.000000,0.000000,,,,
2024-09-04,HII,BBG001V0PDL3,1,false,275.000000,274.090000,0.720000,-0.330909,false,0.000000,execution_costs_v1.0,0.000000,0.000000,,,,
2024-09-04,HIMS,BBG00Q5LQWK9,10,true,14.330000,14.600000,3.489184,1.884159,false,0.000000,execution_costs_v1.0,0.000000,0.000000,,,,
2024-09-04,HIPO,BBG00YRW9292,0,false,18.570000,18.520000,4.315024,-0.269251,false,0.000000,execution_costs_v1.0,0.000000,0.000000,,,,
2024-09-04,HIW,BBG001S7X2X4,0,false,31.620000,31.810000,2.150538,0.600886,false,0.000000,execution_costs_v1.0,0.000000,0.000000,,,,
2024-09-04,HL,BBG001S5RXF7,9,false,5.370000,5.465000,3.910615,1.769088,false,0.000000,execution_costs_v1.0,0.000000,0.000000,,,,
2024-09-04,HLF,0001180262,1,false,7.990000,8.205000,3.379224,2.690864,false,0.000000,execution_costs_v1.0,0.000000,0.000000,,,,
2024-09-04,HLI,BBG001SFVN99,0,false,151.400000,151.290000,1.776684,-0.072655,false,0.000000,execution_costs_v1.0,0.000000,0.000000,,,,
2024-09-04,HLIO,BBG001S99DF3,0,false,41.790000,41.540000,0.670017,-0.598229,false,0.000000,execution_costs_v1.0,0.000000,0.000000,,,,
2024-09-04,HLIT,BBG001S73CC8,0,false,14.140000,14.055000,0.565771,-0.601132,false,0.000000,execution_costs_v1.0,0.000000,0.000000,,,,
2024-09-04,HLLY,BBG00Y3N2SD3,0,false,3.270000,3.195000,0.458716,-2.293578,false,0.000000,execution_costs_v1.0,0.000000,0.000000,,,,
2024-09-04,HLMN,BBG00YC6W7C4,0,false,9.720000,9.795000,1.440329,0.771605,false,0.000000,execution_costs_v1.0,0.000000,0.000000,,,,
2024-09-04,HLNE,BBG00FX58Q75,0,false,148.140000,149.350000,1.498582,0.816795,false,0.000000,execution_costs_v1.0,0.000000,0.000000,,,,
2024-09-04,HLX,BBG001S978V8,2,false,10.700000,10.270000,0.467290,-4.018692,false,0.000000,execution_costs_v1.0,0.000000,0.000000,,,,
2024-09-04,HMN,BBG001S5RY01,0,false,36.300000,35.950000,0.495868,-0.964187,false,0.000000,execution_costs_v1.0,0.000000,0.000000,,,,
2024-09-04,HNI,BBG001S6Q6F5,0,false,52.430000,52.080000,0.534045,-0.667557,false,0.000000,execution_costs_v1.0,0.000000,0.000000,,,,
2024-09-04,HNST,BBG002TWLBM1,3,false,4.250000,4.130000,1.647059,-2.823529,false,0.000000,execution_costs_v1.0,0.000000,0.000000,,,,
2024-09-04,HOG,BBG001S5RTY5,1,false,37.090000,37.500000,2.318684,1.105419,false,0.000000,execution_costs_v1.0,0.000000,0.000000,,,,
2024-09-04,HOMB,BBG001SN0R60,0,false,27.730000,27.480000,0.793365,-0.901551,false,0.000000,execution_costs_v1.0,0.000000,0.000000,,,,
2024-09-04,HONE,BBG00NKZNGC5,0,false,12.880000,12.710000,0.349379,-1.319876,false,0.000000,execution_costs_v1.0,0.000000,0.000000,,,,
2024-09-04,HOOK,BBG00NGMNKS3,0,false,5.040000,5.090000,3.769841,0.992063,false,0.000000,execution_costs_v1.0,0.000000,0.000000,,,,
2024-09-04,HOPE,BBG001S8F2H0,0,false,12.650000,12.535000,0.869565,-0.909091,false,0.000000,execution_costs_v1.0,0.000000,0.000000,,,,
2024-09-04,HOUS,BBG001SSDCC1,0,false,4.810000,4.740000,5.197505,-1.455301,false,0.000000,execution_costs_v1.0,0.000000,0.000000,,,,
2024-09-04,HOV,BBG001S5RZM4,0,false,195.190000,189.670000,1.711153,-2.828014,false,0.000000,execution_costs_v1.0,0.000000,0.000000,,,,
2024-09-04,HP,BBG001S5RZP1,0,false,31.910000,30.990000,0.720777,-2.883109,false,0.000000,execution_costs_v1.0,0.000000,0.000000,,,,
2024-09-04,HPK,BBG00RD1PYR2,0,false,15.360000,14.500000,0.829427,-5.598958,false,0.000000,execution_costs_v1.0,0.000000,0.000000,,,,
2024-09-04,HPP,BBG001T6TCN9,0,false,5.000000,5.080000,4.000000,1.600000,false,0.000000,execution_costs_v1.0,0.000000,0.000000,,,,
2024-09-04,HQY,BBG001T8JKN8,0,false,78.110000,82.730000,6.900525,5.914736,false,0.000000,execution_costs_v1.0,0.000000,0.000000,,,,
2024-09-04,HR,BBG001T5WP21,0,false,17.940000,17.920000,1.393534,-0.111483,false,0.000000,execution_costs_v1.0,0.000000,0.000000,,,,
2024-09-04,HRB,BBG001S5S031,0,false,63.000000,64.350000,2.174603,2.142857,false,0.000000,execution_costs_v1.0,0.000000,0.000000,,,,
2024-09-04,HRI,BBG001SNNBX0,0,false,136.460000,137.360000,1.341052,0.659534,false,0.000000,execution_costs_v1.0,0.000000,0.000000,,,,
2024-09-04,HRMY,BBG00WBPG548,0,false,36.060000,36.040000,1.996672,-0.055463,false,0.000000,execution_costs_v1.0,0.000000,0.000000,,,,
2024-09-04,HROW,BBG001SSTRN9,0,false,39.220000,39.290000,1.784804,0.178480,false,0.000000,execution_costs_v1.0,0.000000,0.000000,,,,
2024-09-04,HRTG,BBG006D4PF57,0,false,16.270000,16.670000,3.749232,2.458513,false,0.000000,execution_costs_v1.0,0.000000,0.000000,,,,
2024-09-04,HRZN,BBG001T7JC58,1,false,11.060000,11.040000,0.723327,-0.180832,false,0.000000,execution_costs_v1.0,0.000000,0.000000,,,,
2024-09-04,HSAI,BBG01CCYDDZ3,1,false,3.860000,3.700000,1.803109,-4.145078,false,0.000000,execution_costs_v1.0,0.000000,0.000000,,,,
2024-09-04,HSHP,0001959455,0,false,7.340000,7.370000,1.634877,0.408719,false,0.000000,execution_costs_v1.0,0.000000,0.000000,,,,
2024-09-04,HSIC,BBG001S6S7F1,0,false,70.460000,69.450000,0.170309,-1.433437,false,0.000000,execution_costs_v1.0,0.000000,0.000000,,,,
2024-09-04,HSII,BBG001SCQ2H9,0,false,37.410000,37.470000,1.176156,0.160385,false,0.000000,execution_costs_v1.0,0.000000,0.000000,,,,
2024-09-04,HST,BBG001S5RY83,0,false,17.290000,16.920000,1.561596,-2.139965,false,0.000000,execution_costs_v1.0,0.000000,0.000000,,,,
2024-09-04,HSTM,BBG001SCR2T5,0,false,28.720000,28.680000,0.940111,-0.139276,false,0.000000,execution_costs_v1.0,0.000000,0.000000,,,,
2024-09-04,HTBI,BBG002CV5WZ9,0,false,35.260000,35.140000,0.709019,-0.340329,false,0.000000,execution_costs_v1.0,0.000000,0.000000,,,,
2024-09-04,HTBK,BBG001SBY8P0,0,false,10.140000,9.985000,1.084813,-1.528600,false,0.000000,execution_costs_v1.0,0.000000,0.000000,,,,
2024-09-04,HTGC,BBG001SDPHZ5,1,false,19.080000,18.905000,0.517820,-0.917191,false,0.000000,execution_costs_v1.0,0.000000,0.000000,,,,
2024-09-04,HTH,BBG001SH9HH4,0,false,32.260000,32.210000,1.022939,-0.154991,false,0.000000,execution_costs_v1.0,0.000000,0.000000,,,,
2024-09-04,HTLD,BBG001S5S1D8,0,false,12.310000,12.305000,1.624695,-0.040617,false,0.000000,execution_costs_v1.0,0.000000,0.000000,,,,
2024-09-04,HTLF,BBG001S8WBN4,0,false,55.420000,54.790000,1.407434,-1.136774,false,0.000000,execution_costs_v1.0,0.000000,0.000000,,,,
2024-09-04,HTZ,BBG011N571V5,3,false,2.990000,2.920000,3.344482,-2.341137,false,0.000000,execution_costs_v1.0,0.000000,0.000000,,,,
2024-09-04,HUBG,BBG001S8SNQ0,0,false,45.810000,45.920000,0.807684,0.240122,false,0.000000,execution_costs_v1.0,0.000000,0.000000,,,,
2024-09-04,HUMA,BBG00XPPT7T6,6,false,5.630000,5.689900,2.753108,1.063943,false,0.000000,execution_costs_v1.0,0.000000,0.000000,,,,
2024-09-04,HUN,BBG001SKWX22,1,false,21.220000,21.920000,3.581527,3.298775,false,0.000000,execution_costs_v1.0,0.000000,0.000000,,,,
2024-09-04,HURN,BBG001SLSXM3,0,false,108.760000,108.135000,0.000000,-0.574660,false,0.000000,execution_costs_v1.0,0.000000,0.000000,,,,
2024-09-04,HUT,BBG00390LJJ8,13,true,8.840000,9.200000,5.486425,4.072398,false,0.000000,execution_costs_v1.0,0.000000,0.000000,,,,
2024-09-04,HVT,BBG001SBYDJ6,0,false,26.640000,25.730000,0.731982,-3.415916,false,0.000000,execution_costs_v1.0,0.000000,0.000000,,,,
2024-09-04,HWC,BBG001S6S985,0,false,53.050000,52.500000,1.262959,-1.036758,false,0.000000,execution_costs_v1.0,0.000000,0.000000,,,,
2024-09-04,HWKN,BBG001S5S282,0,false,122.250000,122.580000,1.022495,0.269939,false,0.000000,execution_costs_v1.0,0.000000,0.000000,,,,
2024-09-04,HXL,BBG001S5S2J0,0,false,60.250000,61.550000,2.987552,2.157676,false,0.000000,execution_costs_v1.0,0.000000,0.000000,,,,
2024-09-04,HY,BBG001S5YDZ1,0,false,60.090000,59.630000,0.682310,-0.765518,false,0.000000,execution_costs_v1.0,0.000000,0.000000,,,,
2024-09-04,HYLN,BBG00N9MJV02,0,false,1.720000,1.730000,4.069767,0.581395,false,0.000000,execution_costs_v1.0,0.000000,0.000000,,,,
2024-09-04,HZO,BBG001SBS2N2,0,false,31.280000,31.210000,2.637468,-0.223785,false,0.000000,execution_costs_v1.0,0.000000,0.000000,,,,
2024-09-04,IAC,BBG00S1LR2D2,0,false,51.080000,51.730000,2.505873,1.272514,false,0.000000,execution_costs_v1.0,0.000000,0.000000,,,,
2024-09-04,IAG,BBG001S8SMV6,5,false,4.810000,4.810000,1.767152,0.000000,false,0.000000,execution_costs_v1.0,0.000000,0.000000,,,,
2024-09-04,IART,BBG001S7JWM6,1,false,19.180000,19.340000,1.876955,0.834202,false,0.000000,execution_costs_v1.0,0.000000,0.000000,,,,
2024-09-04,IAS,BBG011BPJYL0,0,false,11.490000,11.280000,0.435161,-1.827676,false,0.000000,execution_costs_v1.0,0.000000,0.000000,,,,
2024-09-04,IAUX,BBG00Z3VDWG8,0,false,1.000000,0.978000,3.000000,-2.200000,false,0.000000,execution_costs_v1.0,0.000000,0.000000,,,,
2024-09-04,IBCP,BBG001S5S335,0,false,33.880000,33.210000,0.737898,-1.977568,false,0.000000,execution_costs_v1.0,0.000000,0.000000,,,,
2024-09-04,IBEX,0001720420,0,false,17.225000,16.970000,1.248186,-1.480406,false,0.000000,execution_costs_v1.0,0.000000,0.000000,,,,
2024-09-04,IBKR,BBG001SQ4YC7,1,false,127.130000,125.520000,0.196649,-1.266420,false,0.000000,execution_costs_v1.0,0.000000,0.000000,,,,
2024-09-04,IBOC,BBG001S6YYJ1,0,false,62.860000,61.860000,1.296532,-1.590837,false,0.000000,execution_costs_v1.0,0.000000,0.000000,,,,
2024-09-04,IBP,BBG005TJKF09,0,false,208.130000,209.310000,1.506270,0.566953,false,0.000000,execution_costs_v1.0,0.000000,0.000000,,,,
2024-09-04,IBRX,BBG007T9DYX8,5,false,3.660000,3.710000,3.415301,1.366120,false,0.000000,execution_costs_v1.0,0.000000,0.000000,,,,
2024-09-04,IBTX,BBG003981NT3,0,false,57.330000,57.420000,1.543694,0.156986,false,0.000000,execution_costs_v1.0,0.000000,0.000000,,,,
2024-09-04,ICFI,BBG001S6L7P7,0,false,163.470000,162.900000,1.682266,-0.348688,false,0.000000,execution_costs_v1.0,0.000000,0.000000,,,,
2024-09-04,ICHR,0001652535,6,false,28.290000,28.690000,4.171085,1.413927,false,0.000000,execution_costs_v1.0,0.000000,0.000000,,,,
2024-09-04,ICL,0000941221,1,false,4.230000,4.255000,2.127660,0.591017,false,0.000000,execution_costs_v1.0,0.000000,0.000000,,,,
2024-09-04,ICU,BBG00YVJVRL2,3,false,4.880000,5.160000,12.500000,5.737705,false,0.000000,execution_costs_v1.0,0.000000,0.000000,,,,
2024-09-04,ICUI,BBG001S712B3,0,false,162.000000,162.220000,1.111111,0.135802,false,0.000000,execution_costs_v1.0,0.000000,0.000000,,,,
2024-09-04,IDA,BBG001S5S4M2,0,false,103.260000,104.620000,1.384854,1.317064,false,0.000000,execution_costs_v1.0,0.000000,0.000000,,,,
2024-09-04,IDCC,BBG001S8DV79,0,false,135.270000,134.530000,0.000000,-0.547054,false,0.000000,execution_costs_v1.0,0.000000,0.000000,,,,
2024-09-04,IDT,BBG001SHWDJ5,0,false,38.720000,39.000000,2.337293,0.723140,false,0.000000,execution_costs_v1.0,0.000000,0.000000,,,,
2024-09-04,IDYA,BBG00CTZ4D92,0,false,37.860000,38.490000,1.809297,1.664025,false,0.000000,execution_costs_v1.0,0.000000,0.000000,,,,
2024-09-04,IE,BBG012WFRMH9,0,false,6.510000,6.450000,4.301075,-0.921659,false,0.000000,execution_costs_v1.0,0.000000,0.000000,,,,
2024-09-04,IEP,BBG001S5NBT4,3,false,13.050000,12.190000,0.089655,-6.590038,false,0.000000,execution_costs_v1.0,0.000000,0.000000,,,,
2024-09-04,IESC,BBG001SR2L71,1,false,165.000000,160.170000,1.672727,-2.927273,false,0.000000,execution_costs_v1.0,0.000000,0.000000,,,,
2024-09-04,IFS,0001615903,0,false,24.780000,25.000000,1.412429,0.887813,false,0.000000,execution_costs_v1.0,0.000000,0.000000,,,,
2024-09-04,IGIC,0001794338,0,false,18.200000,18.210000,1.373626,0.054945,false,0.000000,execution_costs_v1.0,0.000000,0.000000,,,,
2024-09-04,IGMS,BBG00PNR1BV9,0,false,9.630000,10.400000,13.707165,7.995846,false,0.000000,execution_costs_v1.0,0.000000,0.000000,,,,
2024-09-04,IGT,0001619762,0,false,21.700000,21.790000,2.442396,0.414747,false,0.000000,execution_costs_v1.0,0.000000,0.000000,,,,
2024-09-04,IHS,0001876183,0,false,3.140000,3.170000,3.503185,0.955414,false,0.000000,execution_costs_v1.0,0.000000,0.000000,,,,
2024-09-04,IIIN,BBG001SK9GV3,0,false,32.670000,31.830000,0.000000,-2.571166,false,0.000000,execution_costs_v1.0,0.000000,0.000000,,,,
2024-09-04,IIIV,BBG00L32N3P6,0,false,21.890000,21.580000,0.730927,-1.416172,false,0.000000,execution_costs_v1.0,0.000000,0.000000,,,,
2024-09-04,IIPR,BBG00F0SW7P6,0,false,122.540000,121.420000,1.395463,-0.913987,false,0.000000,execution_costs_v1.0,0.000000,0.000000,,,,
2024-09-04,IMAX,BBG001S5Z701,1,false,21.040000,21.590000,3.992395,2.614068,false,0.000000,execution_costs_v1.0,0.000000,0.000000,,,,
2024-09-04,IMKTA,BBG001S5S7D5,0,false,73.780000,73.480000,0.081323,-0.406614,false,0.000000,execution_costs_v1.0,0.000000,0.000000,,,,
2024-09-04,IMNM,BBG00BR94298,0,false,13.860000,14.720000,7.287157,6.204906,false,0.000000,execution_costs_v1.0,0.000000,0.000000,,,,
2024-09-04,IMTX,0001809196,0,false,11.020000,11.250000,4.355717,2.087114,false,0.000000,execution_costs_v1.0,0.000000,0.000000,,,,
2024-09-04,IMVT,BBG00P5MC0R7,0,false,30.150000,30.700000,1.907131,1.824212,false,0.000000,execution_costs_v1.0,0.000000,0.000000,,,,
2024-09-04,IMXI,BBG00G6D5NH5,0,false,18.150000,17.990000,0.715702,-0.881543,false,0.000000,execution_costs_v1.0,0.000000,0.000000,,,,
2024-09-04,INBK,BBG001SJZH45,0,false,35.120000,34.900000,0.113610,-0.626424,false,0.000000,execution_costs_v1.0,0.000000,0.000000,,,,
2024-09-04,INBX,BBG01MS5QB96,1,false,16.170000,16.030000,0.803958,-0.865801,false,0.000000,execution_costs_v1.0,0.000000,0.000000,,,,
2024-09-04,INCY,BBG001S8Q6N2,0,false,66.420000,64.320000,0.489310,-3.161698,false,0.000000,execution_costs_v1.0,0.000000,0.000000,,,,
2024-09-04,INDB,BBG001S5S8F1,0,false,61.680000,61.500000,2.115759,-0.291829,false,0.000000,execution_costs_v1.0,0.000000,0.000000,,,,
2024-09-04,INDI,BBG00Z3XTNY7,9,false,3.750000,3.900000,4.800000,4.000000,false,0.000000,execution_costs_v1.0,0.000000,0.000000,,,,
2024-09-04,INDV,0001625297,3,false,11.850000,12.140000,3.206751,2.447257,false,0.000000,execution_costs_v1.0,0.000000,0.000000,,,,
2024-09-04,INFA,BBG012THM4K0,0,false,24.070000,24.330000,1.828002,1.080183,false,0.000000,execution_costs_v1.0,0.000000,0.000000,,,,
2024-09-04,INFN,BBG001SSYWD3,0,false,6.190000,6.185000,0.969305,-0.080775,false,0.000000,execution_costs_v1.0,0.000000,0.000000,,,,
2024-09-04,INGR,BBG001SBH4X9,0,false,134.000000,134.500000,0.582090,0.373134,false,0.000000,execution_costs_v1.0,0.000000,0.000000,,,,
2024-09-04,INMD,0001742692,0,false,15.550000,15.430000,2.443730,-0.771704,false,0.000000,execution_costs_v1.0,0.000000,0.000000,,,,
2024-09-04,INN,BBG001TB84G7,0,false,6.700000,6.580000,1.940299,-1.791045,false,0.000000,execution_costs_v1.0,0.000000,0.000000,,,,
2024-09-04,INNV,BBG00Z6F87V4,1,false,6.240000,6.240000,0.480769,0.000000,false,0.000000,execution_costs_v1.0,0.000000,0.000000,,,,
2024-09-04,INOD,BBG001S7DVN3,0,false,15.700000,15.460000,3.503185,-1.528662,false,0.000000,execution_costs_v1.0,0.000000,0.000000,,,,
2024-09-04,INSM,BBG001S9SKW7,0,false,72.620000,75.240000,3.952079,3.607822,false,0.000000,execution_costs_v1.0,0.000000,0.000000,,,,
2024-09-04,INSP,BBG00209SZK5,0,false,176.880000,197.090000,11.917684,11.425825,false,0.000000,execution_costs_v1.0,0.000000,0.000000,,,,
2024-09-04,INST,BBG011MGVC50,0,false,23.400000,23.430000,0.256410,0.128205,false,0.000000,execution_costs_v1.0,0.000000,0.000000,,,,
2024-09-04,INSW,0001679049,0,false,49.630000,49.820000,1.259319,0.382833,false,0.000000,execution_costs_v1.0,0.000000,0.000000,,,,
2024-09-04,INTA,BBG002ZHMJ58,0,false,44.200000,43.580000,0.248869,-1.402715,false,0.000000,execution_costs_v1.0,0.000000,0.000000,,,,
2024-09-04,INTR,0001864163,0,false,7.470000,7.240000,1.874163,-3.078983,false,0.000000,execution_costs_v1.0,0.000000,0.000000,,,,
2024-09-04,INVA,BBG001SF23V0,1,false,19.580000,19.660000,0.766088,0.408580,false,0.000000,execution_costs_v1.0,0.000000,0.000000,,,,
2024-09-04,INZY,BBG00J7QJMD0,0,false,5.210000,5.225000,1.535509,0.287908,false,0.000000,execution_costs_v1.0,0.000000,0.000000,,,,
2024-09-04,IONQ,BBG00XZP0LC3,27,true,6.890000,7.010000,3.628447,1.741655,false,0.000000,execution_costs_v1.0,0.000000,0.000000,,,,
2024-09-04,IONS,BBG001SB7RD1,0,false,46.900000,47.640000,1.865672,1.577825,false,0.000000,execution_costs_v1.0,0.000000,0.000000,,,,
2024-09-04,IOSP,BBG001S8RTD2,0,false,111.920000,109.660000,0.473553,-2.019299,false,0.000000,execution_costs_v1.0,0.000000,0.000000,,,,
2024-09-04,IOVA,BBG001T2PM32,13,true,10.740000,10.480000,1.303538,-2.420857,false,0.000000,execution_costs_v1.0,0.000000,0.000000,,,,
2024-09-04,IPAR,BBG001SD06N9,0,false,124.970000,123.640000,0.992238,-1.064255,false,0.000000,execution_costs_v1.0,0.000000,0.000000,,,,
2024-09-04,IPG,BBG001S6RLK5,1,false,31.900000,31.450000,1.128527,-1.410658,false,0.000000,execution_costs_v1.0,0.000000,0.000000,,,,
2024-09-04,IPGP,BBG001SG95B8,1,false,65.200000,65.720000,1.671779,0.797546,false,0.000000,execution_costs_v1.0,0.000000,0.000000,,,,
2024-09-04,IPI,BBG001T0ZCR1,0,false,23.430000,23.650000,4.139991,0.938967,false,0.000000,execution_costs_v1.0,0.000000,0.000000,,,,
2024-09-04,IRDM,BBG001T21JT7,0,false,27.240000,27.010000,1.688693,-0.844347,false,0.000000,execution_costs_v1.0,0.000000,0.000000,,,,
2024-09-04,IREN,0001878848,36,true,6.680000,6.710000,4.191617,0.449102,false,0.000000,execution_costs_v1.0,0.000000,0.000000,,,,
2024-09-04,IRMD,BBG006NM92Y1,0,false,45.870000,46.590000,1.763680,1.569653,false,0.000000,execution_costs_v1.0,0.000000,0.000000,,,,
2024-09-04,IRON,BBG00W9MJL04,0,false,49.500000,49.230000,1.525253,-0.545455,false,0.000000,execution_costs_v1.0,0.000000,0.000000,,,,
2024-09-04,IRT,BBG004Q00LJ5,49,true,19.980000,20.100000,2.590090,0.600601,false,0.000000,execution_costs_v1.0,0.000000,0.000000,,,,
2024-09-04,IRTC,BBG001TSQV70,0,false,67.690000,68.900000,6.012705,1.787561,false,0.000000,execution_costs_v1.0,0.000000,0.000000,,,,
2024-09-04,IRWD,BBG001SNZLM7,0,false,5.000000,4.960000,0.900000,-0.800000,false,0.000000,execution_costs_v1.0,0.000000,0.000000,,,,
2024-09-04,ISPR,BBG01DR6S4R9,0,false,7.020000,7.055000,4.415954,0.498575,false,0.000000,execution_costs_v1.0,0.000000,0.000000,,,,
2024-09-04,ITCI,BBG0026ZFZD3,0,false,72.610000,72.660000,0.661066,0.068861,false,0.000000,execution_costs_v1.0,0.000000,0.000000,,,,
2024-09-04,ITGR,BBG001SFBS27,0,false,126.470000,128.090000,1.628845,1.280936,false,0.000000,execution_costs_v1.0,0.000000,0.000000,,,,
2024-09-04,ITI,BBG001S7JWV6,0,false,7.050000,7.050000,0.283688,0.000000,false,0.000000,execution_costs_v1.0,0.000000,0.000000,,,,
2024-09-04,ITIC,BBG001S5SDL3,0,false,223.180000,224.990000,1.250112,0.811005,false,0.000000,execution_costs_v1.0,0.000000,0.000000,,,,
2024-09-04,ITOS,BBG00VPNFT94,1,false,16.550000,16.250000,0.422961,-1.812689,false,0.000000,execution_costs_v1.0,0.000000,0.000000,,,,
2024-09-04,ITRI,BBG001S6DJQ9,0,false,97.030000,97.300000,1.829331,0.278264,false,0.000000,execution_costs_v1.0,0.000000,0.000000,,,,
2024-09-04,ITRN,0001337117,1,false,27.910000,27.730000,0.573271,-0.644930,false,0.000000,execution_costs_v1.0,0.000000,0.000000,,,,
2024-09-04,ITT,BBG00CVQZQB3,0,false,132.370000,132.660000,1.102969,0.219083,false,0.000000,execution_costs_v1.0,0.000000,0.000000,,,,
2024-09-04,IVR,BBG001T2XPD5,6,false,8.640000,8.535000,0.289352,-1.215278,false,0.000000,execution_costs_v1.0,0.000000,0.000000,,,,
2024-09-04,IVT,BBG001SCGX73,0,false,29.250000,29.410000,1.452991,0.547009,false,0.000000,execution_costs_v1.0,0.000000,0.000000,,,,
2024-09-04,IVZ,0000914208,0,false,16.520000,16.380000,0.786925,-0.847458,false,0.000000,execution_costs_v1.0,0.000000,0.000000,,,,
2024-09-04,JACK,BBG001SDBB01,1,false,46.970000,46.060000,0.702576,-1.937407,false,0.000000,execution_costs_v1.0,0.000000,0.000000,,,,
2024-09-04,JAMF,BBG00VSYYVC7,0,false,17.670000,17.700000,1.528014,0.169779,false,0.000000,execution_costs_v1.0,0.000000,0.000000,,,,
2024-09-04,JANX,BBG00ZHSKH39,0,false,44.000000,44.400000,6.522727,0.909091,false,0.000000,execution_costs_v1.0,0.000000,0.000000,,,,
2024-09-04,JAZZ,0001232524,21,true,109.300000,108.680000,0.118939,-0.567246,false,0.000000,execution_costs_v1.0,0.000000,0.000000,,,,
2024-09-04,JBGS,BBG00F5FNKK5,0,false,17.310000,17.390000,1.617562,0.462161,false,0.000000,execution_costs_v1.0,0.000000,0.000000,,,,
2024-09-04,JBI,BBG0100SH2D9,0,false,10.540000,10.470000,1.138520,-0.664137,false,0.000000,execution_costs_v1.0,0.000000,0.000000,,,,
2024-09-04,JBL,BBG001S7RB70,0,false,102.700000,103.600000,1.708861,0.876339,false,0.000000,execution_costs_v1.0,0.000000,0.000000,,,,
2024-09-04,JBLU,BBG001S9YPC1,8,false,5.040000,5.050000,4.067460,0.198413,false,0.000000,execution_costs_v1.0,0.000000,0.000000,,,,
2024-09-04,JBSS,BBG001S6WMC6,0,false,94.380000,95.440000,2.145582,1.123119,false,0.000000,execution_costs_v1.0,0.000000,0.000000,,,,
2024-09-04,JBT,BBG001SQLKR2,0,false,86.750000,89.140000,2.945245,2.755043,false,0.000000,execution_costs_v1.0,0.000000,0.000000,,,,
2024-09-04,JEF,BBG001S5SX02,0,false,57.240000,57.700000,2.061495,0.803634,false,0.000000,execution_costs_v1.0,0.000000,0.000000,,,,
2024-09-04,JELD,BBG001TG2G57,0,false,13.600000,13.550000,1.360294,-0.367647,false,0.000000,execution_costs_v1.0,0.000000,0.000000,,,,
2024-09-04,JHG,0001274173,0,false,36.450000,36.760000,1.755830,0.850480,false,0.000000,execution_costs_v1.0,0.000000,0.000000,,,,
2024-09-04,JILL,BBG00FZBYDT6,4,false,31.440000,26.800000,0.000000,-14.758270,false,0.000000,execution_costs_v1.0,0.000000,0.000000,,,,
2024-09-04,JJSF,BBG001S5SH98,0,false,169.980000,170.400000,1.061890,0.247088,false,0.000000,execution_costs_v1.0,0.000000,0.000000,,,,
2024-09-04,JKHY,BBG001S5SHB5,0,false,173.670000,174.088000,0.558531,0.240686,false,0.000000,execution_costs_v1.0,0.000000,0.000000,,,,
2024-09-04,JLL,BBG001SCLGS1,0,false,249.860000,249.410000,1.064596,-0.180101,false,0.000000,execution_costs_v1.0,0.000000,0.000000,,,,
2024-09-04,JNPR,BBG001SCTT05,0,false,38.750000,38.770000,0.283871,0.051613,false,0.000000,execution_costs_v1.0,0.000000,0.000000,,,,
2024-09-04,JOBY,0001819848,27,true,4.900000,4.890000,3.469388,-0.204082,false,0.000000,execution_costs_v1.0,0.000000,0.000000,,,,
2024-09-04,JOE,BBG001S7K9Y2,0,false,57.450000,57.340000,1.605048,-0.191471,false,0.000000,execution_costs_v1.0,0.000000,0.000000,,,,
2024-09-04,JOUT,BBG001SD39D1,0,false,36.230000,36.690000,1.297267,1.269666,false,0.000000,execution_costs_v1.0,0.000000,0.000000,,,,
2024-09-04,JWN,BBG001S7BDN5,20,true,22.970000,22.775000,2.655638,-0.848933,false,0.000000,execution_costs_v1.0,0.000000,0.000000,,,,
2024-09-04,JXN,BBG00922Y611,1,false,86.000000,84.470000,0.209186,-1.779070,false,0.000000,execution_costs_v1.0,0.000000,0.000000,,,,
2024-09-04,KAI,BBG001S8PRM8,0,false,302.940000,307.990000,1.670298,1.666997,false,0.000000,execution_costs_v1.0,0.000000,0.000000,,,,
2024-09-04,KALU,BBG001SR3GT7,0,false,69.970000,69.200000,2.143776,-1.100472,false,0.000000,execution_costs_v1.0,0.000000,0.000000,,,,
2024-09-04,KALV,BBG0026ZG5C9,0,false,12.270000,12.900000,6.193969,5.134474,false,0.000000,execution_costs_v1.0,0.000000,0.000000,,,,
2024-09-04,KAR,BBG001T5L4B0,0,false,17.200000,16.910000,0.348837,-1.686047,false,0.000000,execution_costs_v1.0,0.000000,0.000000,,,,
2024-09-04,KARO,0001828102,0,false,36.890000,35.000000,2.466793,-5.123340,false,0.000000,execution_costs_v1.0,0.000000,0.000000,,,,
2024-09-04,KBH,BBG001S5SJV9,0,false,80.410000,79.990000,0.323343,-0.522323,false,0.000000,execution_costs_v1.0,0.000000,0.000000,,,,
2024-09-04,KBR,BBG001SP11V3,0,false,66.940000,66.740000,0.731999,-0.298775,false,0.000000,execution_costs_v1.0,0.000000,0.000000,,,,
2024-09-04,KD,BBG012W99DS1,0,false,22.750000,23.370000,3.340659,2.725275,false,0.000000,execution_costs_v1.0,0.000000,0.000000,,,,
2024-09-04,KE,BBG001TCYZ77,0,false,17.780000,17.960000,1.968504,1.012373,false,0.000000,execution_costs_v1.0,0.000000,0.000000,,,,
2024-09-04,KELYA,BBG001S5SKH2,0,false,20.550000,20.750000,1.070560,0.973236,false,0.000000,execution_costs_v1.0,0.000000,0.000000,,,,
2024-09-04,KEN,0001611005,0,false,24.270000,24.750000,3.007829,1.977750,false,0.000000,execution_costs_v1.0,0.000000,0.000000,,,,
2024-09-04,KEX,BBG001S5SKT9,0,false,114.950000,115.290000,1.609395,0.295781,false,0.000000,execution_costs_v1.0,0.000000,0.000000,,,,
2024-09-04,KFRC,BBG001SCQRF6,0,false,64.070000,64.240000,0.983300,0.265335,false,0.000000,execution_costs_v1.0,0.000000,0.000000,,,,
2024-09-04,KFY,BBG001SC0054,0,false,71.060000,71.220000,1.294681,0.225162,false,0.000000,execution_costs_v1.0,0.000000,0.000000,,,,
2024-09-04,KGC,BBG001S5R0C2,11,true,8.570000,8.570000,1.516919,0.000000,false,0.000000,execution_costs_v1.0,0.000000,0.000000,,,,
2024-09-04,KGS,BBG01G4G6YQ4,0,false,26.110000,25.940000,0.804290,-0.651092,false,0.000000,execution_costs_v1.0,0.000000,0.000000,,,,
2024-09-04,KIDS,BBG00HFFRW48,0,false,30.490000,30.670000,3.164972,0.590357,false,0.000000,execution_costs_v1.0,0.000000,0.000000,,,,
2024-09-04,KIND,BBG00Z8MSWS4,0,false,2.350000,2.345000,2.553191,-0.212766,false,0.000000,execution_costs_v1.0,0.000000,0.000000,,,,
2024-09-04,KLG,BBG018CYVVX4,0,false,17.100000,16.850000,0.818713,-1.461988,false,0.000000,execution_costs_v1.0,0.000000,0.000000,,,,
2024-09-04,KLIC,BBG001S5SLP1,0,false,40.180000,40.330000,2.078148,0.373320,false,0.000000,execution_costs_v1.0,0.000000,0.000000,,,,
2024-09-04,KMDA,0001567529,0,false,5.400000,5.480000,2.037037,1.481481,false,0.000000,execution_costs_v1.0,0.000000,0.000000,,,,
2024-09-04,KMPR,BBG001SD3BG3,0,false,63.580000,62.310000,0.235923,-1.997483,false,0.000000,execution_costs_v1.0,0.000000,0.000000,,,,
2024-09-04,KMT,BBG001S5SM97,0,false,25.160000,24.910000,0.119237,-0.993641,false,0.000000,execution_costs_v1.0,0.000000,0.000000,,,,
2024-09-04,KMX,BBG001SD9561,0,false,82.820000,81.850000,0.277711,-1.171215,false,0.000000,execution_costs_v1.0,0.000000,0.000000,,,,
2024-09-04,KN,BBG004M8M6K9,0,false,17.270000,17.455000,1.795020,1.071222,false,0.000000,execution_costs_v1.0,0.000000,0.000000,,,,
2024-09-04,KNF,BBG002N3N2W8,0,false,75.240000,74.890000,0.491760,-0.465178,false,0.000000,execution_costs_v1.0,0.000000,0.000000,,,,
2024-09-04,KNSA,0001730430,0,false,25.810000,25.720000,1.007361,-0.348702,false,0.000000,execution_costs_v1.0,0.000000,0.000000,,,,
2024-09-04,KNSL,BBG00D8JDB02,0,false,474.190000,475.090000,0.889981,0.189797,false,0.000000,execution_costs_v1.0,0.000000,0.000000,,,,
2024-09-04,KNTK,BBG00GCLZ7C7,0,false,43.510000,44.390000,3.826707,2.022524,false,0.000000,execution_costs_v1.0,0.000000,0.000000,,,,
2024-09-04,KNX,BBG001T9BTS0,0,false,52.680000,52.560000,0.626424,-0.227790,false,0.000000,execution_costs_v1.0,0.000000,0.000000,,,,
2024-09-04,KODK,BBG0057GTGB6,1,false,5.040000,4.965000,1.686508,-1.488095,false,0.000000,execution_costs_v1.0,0.000000,0.000000,,,,
2024-09-04,KOP,BBG001SMPFZ9,0,false,38.570000,38.060000,0.622245,-1.322271,false,0.000000,execution_costs_v1.0,0.000000,0.000000,,,,
2024-09-04,KOS,BBG001SJV7R6,3,false,4.520000,4.360000,1.106195,-3.539823,false,0.000000,execution_costs_v1.0,0.000000,0.000000,,,,
2024-09-04,KRC,BBG001S9BHB5,0,false,35.110000,35.220000,2.363999,0.313301,false,0.000000,execution_costs_v1.0,0.000000,0.000000,,,,
2024-09-04,KREF,BBG00GD4KVR1,0,false,11.580000,11.570000,0.474957,-0.086356,false,0.000000,execution_costs_v1.0,0.000000,0.000000,,,,
2024-09-04,KRG,BBG001S64LR3,0,false,25.950000,25.925000,1.483622,-0.096339,false,0.000000,execution_costs_v1.0,0.000000,0.000000,,,,
2024-09-04,KRNT,0001625791,0,false,17.640000,18.140000,3.968254,2.834467,false,0.000000,execution_costs_v1.0,0.000000,0.000000,,,,
2024-09-04,KRNY,BBG008N1HXQ5,0,false,6.600000,6.605000,1.969697,0.075758,false,0.000000,execution_costs_v1.0,0.000000,0.000000,,,,
2024-09-04,KRO,BBG001SDWTD5,1,false,11.080000,11.260000,2.256318,1.624549,false,0.000000,execution_costs_v1.0,0.000000,0.000000,,,,
2024-09-04,KROS,BBG00H1HP9H8,0,false,47.700000,52.950000,14.507338,11.006289,true,0.000000,execution_costs_v1.0,0.000000,0.000000,,,,
2024-09-04,KRP,BBG00FQH6N85,0,false,15.530000,15.310000,0.772698,-1.416613,false,0.000000,execution_costs_v1.0,0.000000,0.000000,,,,
2024-09-04,KRRO,BBG00GFMTC47,0,false,43.820000,42.420000,7.530808,-3.194888,false,0.000000,execution_costs_v1.0,0.000000,0.000000,,,,
2024-09-04,KRT,BBG00Q9MSFD6,0,false,24.063500,24.260000,1.647724,0.816589,false,0.000000,execution_costs_v1.0,0.000000,0.000000,,,,
2024-09-04,KRUS,BBG00PNFJ530,0,false,61.720000,63.390000,3.110823,2.705768,false,0.000000,execution_costs_v1.0,0.000000,0.000000,,,,
2024-09-04,KRYS,BBG00HDGRHJ5,0,false,185.900000,186.160000,0.750403,0.139860,false,0.000000,execution_costs_v1.0,0.000000,0.000000,,,,
2024-09-04,KSS,BBG001S71NV5,2,false,20.180000,20.580000,4.236868,1.982161,false,0.000000,execution_costs_v1.0,0.000000,0.000000,,,,
2024-09-04,KTB,BBG00LPTHYM5,0,false,72.930000,72.730000,0.253668,-0.274236,false,0.000000,execution_costs_v1.0,0.000000,0.000000,,,,
2024-09-04,KTOS,BBG001SD5VL1,0,false,21.990000,22.060000,2.955889,0.318327,false,0.000000,execution_costs_v1.0,0.000000,0.000000,,,,
2024-09-04,KURA,BBG008974351,0,false,20.100000,19.840000,1.517413,-1.293532,false,0.000000,execution_costs_v1.0,0.000000,0.000000,,,,
2024-09-04,KVYO,BBG009WR3FM4,3,false,30.300000,30.150000,2.013201,-0.495050,false,0.000000,execution_costs_v1.0,0.000000,0.000000,,,,
2024-09-04,KW,BBG001SM6C41,0,false,11.160000,11.000000,1.971326,-1.433692,false,0.000000,execution_costs_v1.0,0.000000,0.000000,,,,
2024-09-04,KWR,BBG001S969X5,0,false,163.780000,166.010000,1.758456,1.361583,false,0.000000,execution_costs_v1.0,0.000000,0.000000,,,,
2024-09-04,KYMR,BBG00SDHC8F9,0,false,45.920000,46.170000,2.569686,0.544425,false,0.000000,execution_costs_v1.0,0.000000,0.000000,,,,
2024-09-04,KYTX,BBG00RCYMHS0,0,false,7.290000,7.450000,5.624143,2.194787,false,0.000000,execution_costs_v1.0,0.000000,0.000000,,,,
2024-09-04,LAAC,BBG01JLDJ7S9,0,false,2.420000,2.445000,4.132231,1.033058,false,0.000000,execution_costs_v1.0,0.000000,0.000000,,,,
2024-09-04,LAB,BBG001T0FDP3,0,false,1.960000,1.940000,2.295918,-1.020408,false,0.000000,execution_costs_v1.0,0.000000,0.000000,,,,
2024-09-04,LAC,BBG01JLDH8P2,5,false,2.270000,2.370000,7.048458,4.405286,false,0.000000,execution_costs_v1.0,0.000000,0.000000,,,,
2024-09-04,LAD,BBG001SC88P7,0,false,288.840000,285.010000,0.107326,-1.325994,false,0.000000,execution_costs_v1.0,0.000000,0.000000,,,,
2024-09-04,LADR,BBG005RVGZ50,0,false,12.260000,12.030000,0.081566,-1.876020,false,0.000000,execution_costs_v1.0,0.000000,0.000000,,,,
2024-09-04,LAMR,BBG001S8KJC2,0,false,124.310000,125.710000,1.793902,1.126217,false,0.000000,execution_costs_v1.0,0.000000,0.000000,,,,
2024-09-04,LANC,BBG001S5SPQ1,0,false,170.790000,176.690000,3.571638,3.454535,false,0.000000,execution_costs_v1.0,0.000000,0.000000,,,,
2024-09-04,LAND,BBG001TB7TR1,0,false,13.500000,13.460000,1.407407,-0.296296,false,0.000000,execution_costs_v1.0,0.000000,0.000000,,,,
2024-09-04,LASR,BBG0020BCPY4,0,false,11.030000,11.155000,2.085222,1.133273,false,0.000000,execution_costs_v1.0,0.000000,0.000000,,,,
2024-09-04,LAUR,BBG00B4Z2YY9,0,false,15.060000,15.065000,0.896414,0.033201,false,0.000000,execution_costs_v1.0,0.000000,0.000000,,,,
2024-09-04,LAW,BBG0066FZJP9,0,false,5.300000,5.310000,2.075472,0.188679,false,0.000000,execution_costs_v1.0,0.000000,0.000000,,,,
2024-09-04,LAZ,BBG001S711C4,0,false,47.900000,48.250000,2.275574,0.730689,false,0.000000,execution_costs_v1.0,0.000000,0.000000,,,,
2024-09-04,LAZR,BBG00MS90LM0,7,false,0.970000,0.965900,3.092784,-0.422680,false,0.000000,execution_costs_v1.0,0.000000,0.000000,,,,
2024-09-04,LBPH,BBG00Y0BJ9Q2,0,false,33.490000,35.330000,7.673933,5.494177,false,0.000000,execution_costs_v1.0,0.000000,0.000000,,,,
2024-09-04,LBRDK,BBG006GNSZX4,0,false,61.760000,60.180000,2.477332,-2.558290,false,0.000000,execution_costs_v1.0,0.000000,0.000000,,,,
2024-09-04,LBRT,BBG00GK831C5,0,false,19.970000,19.450000,0.300451,-2.603906,false,0.000000,execution_costs_v1.0,0.000000,0.000000,,,,
2024-09-04,LBTYK,0001570585,1,false,19.680000,20.420000,4.192073,3.760163,false,0.000000,execution_costs_v1.0,0.000000,0.000000,,,,
2024-09-04,LC,BBG001YKDNH2,0,false,11.740000,11.510000,0.936968,-1.959114,false,0.000000,execution_costs_v1.0,0.000000,0.000000,,,,
2024-09-04,LCID,BBG00W7F99W4,46,true,3.800000,3.800000,4.473684,0.000000,false,0.000000,execution_costs_v1.0,0.000000,0.000000,,,,
2024-09-04,LCII,BBG001S8G4D9,0,false,114.190000,116.350000,2.049216,1.891584,false,0.000000,execution_costs_v1.0,0.000000,0.000000,,,,
2024-09-04,LDI,BBG00B5Z6KL8,1,false,2.640000,2.620000,3.026515,-0.757576,false,0.000000,execution_costs_v1.0,0.000000,0.000000,,,,
2024-09-04,LE,BBG005P337F9,0,false,15.250000,15.100000,0.000000,-0.983607,false,0.000000,execution_costs_v1.0,0.000000,0.000000,,,,
2024-09-04,LEA,BBG001T60092,0,false,113.230000,113.730000,1.077453,0.441579,false,0.000000,execution_costs_v1.0,0.000000,0.000000,,,,
2024-09-04,LECO,BBG001S5TV87,0,false,183.000000,175.890000,0.000000,-3.885246,false,0.000000,execution_costs_v1.0,0.000000,0.000000,,,,
2024-09-04,LEG,BBG001S5SRG8,0,false,12.420000,11.885000,0.000000,-4.307568,false,0.000000,execution_costs_v1.0,0.000000,0.000000,,,,
2024-09-04,LEGH,BBG00MJDR6K7,0,false,26.250000,25.860000,0.000000,-1.485714,false,0.000000,execution_costs_v1.0,0.000000,0.000000,,,,
2024-09-04,LENZ,BBG00XDH4P05,0,false,22.510000,24.650000,13.949356,9.506886,false,0.000000,execution_costs_v1.0,0.000000,0.000000,,,,
2024-09-04,LESL,BBG00XS6TVN8,4,false,3.020000,2.995000,4.304636,-0.827815,false,0.000000,execution_costs_v1.0,0.000000,0.000000,,,,
2024-09-04,LEU,BBG001S9F7B3,0,false,35.940000,36.690000,2.281580,2.086811,false,0.000000,execution_costs_v1.0,0.000000,0.000000,,,,
2024-09-04,LEVI,BBG001S9NVN8,0,false,19.040000,19.090000,1.207983,0.262605,false,0.000000,execution_costs_v1.0,0.000000,0.000000,,,,
2024-09-04,LFST,BBG01138DHT2,1,false,6.460000,6.710000,3.869969,3.869969,false,0.000000,execution_costs_v1.0,0.000000,0.000000,,,,
2024-09-04,LFUS,BBG001S744B6,0,false,256.110000,259.680000,1.829292,1.393932,false,0.000000,execution_costs_v1.0,0.000000,0.000000,,,,
2024-09-04,LGF.B,BBG00FFJY8Z5,0,false,6.910000,6.720000,1.519537,-2.749638,false,0.000000,execution_costs_v1.0,0.000000,0.000000,,,,
2024-09-04,LGIH,BBG0056655T0,0,false,104.500000,104.040000,0.909091,-0.440191,false,0.000000,execution_costs_v1.0,0.000000,0.000000,,,,
2024-09-04,LGND,BBG001S8CH99,0,false,100.440000,102.540000,2.588610,2.090800,false,0.000000,execution_costs_v1.0,0.000000,0.000000,,,,
2024-09-04,LILAK,0001712184,0,false,9.180000,9.180000,2.450980,0.000000,false,0.000000,execution_costs_v1.0,0.000000,0.000000,,,,
2024-09-04,LILM,0001855756,12,true,0.672600,0.692500,3.256021,2.958668,false,0.000000,execution_costs_v1.0,0.000000,0.000000,,,,
2024-09-04,LINC,BBG001SH9DM7,0,false,11.790000,11.970000,2.883800,1.526718,false,0.000000,execution_costs_v1.0,0.000000,0.000000,,,,
2024-09-04,LIND,BBG004MDWKT7,0,false,9.280000,9.480000,5.064655,2.155172,false,0.000000,execution_costs_v1.0,0.000000,0.000000,,,,
2024-09-04,LITE,BBG0073F9RS8,0,false,52.600000,55.440000,6.482890,5.399240,false,0.000000,execution_costs_v1.0,0.000000,0.000000,,,,
2024-09-04,LIVN,0001639691,0,false,49.550000,49.090000,1.009082,-0.928355,false,0.000000,execution_costs_v1.0,0.000000,0.000000,,,,
2024-09-04,LKFN,BBG001S7RTC5,0,false,68.250000,68.140000,1.743590,-0.161172,false,0.000000,execution_costs_v1.0,0.000000,0.000000,,,,
2024-09-04,LKQ,BBG001SCCPJ1,0,false,41.160000,41.590000,1.239067,1.044704,false,0.000000,execution_costs_v1.0,0.000000,0.000000,,,,
2024-09-04,LLYVK,BBG01HMFLVL8,0,false,39.260000,39.200000,0.929699,-0.152827,false,0.000000,execution_costs_v1.0,0.000000,0.000000,,,,
2024-09-04,LMAT,BBG001SK6CX3,0,false,87.500000,88.510000,1.645714,1.154286,false,0.000000,execution_costs_v1.0,0.000000,0.000000,,,,
2024-09-04,LMB,BBG006G0NGD3,0,false,59.780000,64.010000,8.230177,7.075945,false,0.000000,execution_costs_v1.0,0.000000,0.000000,,,,
2024-09-04,LMND,BBG00BM5YC14,1,false,18.210000,18.760000,6.617243,3.020319,false,0.000000,execution_costs_v1.0,0.000000,0.000000,,,,
2024-09-04,LMNR,BBG001S775Q4,0,false,24.390000,25.050000,2.870029,2.706027,false,0.000000,execution_costs_v1.0,0.000000,0.000000,,,,
2024-09-04,LNC,BBG001S5STV7,0,false,31.710000,31.460000,1.040681,-0.788395,false,0.000000,execution_costs_v1.0,0.000000,0.000000,,,,
2024-09-04,LNN,BBG001SB90F6,0,false,119.530000,118.850000,0.204969,-0.568895,false,0.000000,execution_costs_v1.0,0.000000,0.000000,,,,
2024-09-04,LNTH,BBG006Q52RF8,0,false,104.820000,106.420000,2.842969,1.526426,false,0.000000,execution_costs_v1.0,0.000000,0.000000,,,,
2024-09-04,LNW,BBG00JR5MM40,0,false,108.000000,107.760000,1.120370,-0.222222,false,0.000000,execution_costs_v1.0,0.000000,0.000000,,,,
2024-09-04,LOB,BBG001T4RVG2,0,false,42.440000,42.110000,1.107446,-0.777568,false,0.000000,execution_costs_v1.0,0.000000,0.000000,,,,
2024-09-04,LOCO,BBG001SQ0C48,0,false,13.490000,13.510000,1.260193,0.148258,false,0.000000,execution_costs_v1.0,0.000000,0.000000,,,,
2024-09-04,LOGI,0001032975,10,true,85.350000,86.240000,1.652021,1.042765,false,0.000000,execution_costs_v1.0,0.000000,0.000000,,,,
2024-09-04,LOPE,BBG001T01JZ4,0,false,143.580000,144.237000,2.022914,0.457585,false,0.000000,execution_costs_v1.0,0.000000,0.000000,,,,
2024-09-04,LOVE,BBG001T8S8C7,0,false,22.640000,22.460000,1.369258,-0.795053,false,0.000000,execution_costs_v1.0,0.000000,0.000000,,,,
2024-09-04,LPA,0001997711,0,false,10.320000,11.300000,9.980620,9.496124,false,0.000000,execution_costs_v1.0,0.000000,0.000000,,,,
2024-09-04,LPG,0001596993,0,false,37.210000,36.150000,0.295619,-2.848697,false,0.000000,execution_costs_v1.0,0.000000,0.000000,,,,
2024-09-04,LPRO,BBG00VDHLTH4,0,false,5.650000,5.465000,2.123894,-3.274336,false,0.000000,execution_costs_v1.0,0.000000,0.000000,,,,
2024-09-04,LPX,BBG001S5SW04,0,false,93.910000,94.240000,1.741029,0.351400,false,0.000000,execution_costs_v1.0,0.000000,0.000000,,,,
2024-09-04,LQDA,BBG001V0GFD7,0,false,9.050000,8.945000,1.987845,-1.160221,false,0.000000,execution_costs_v1.0,0.000000,0.000000,,,,
2024-09-04,LQDT,BBG001SLKD81,0,false,21.280000,21.560000,1.644737,1.315789,false,0.000000,execution_costs_v1.0,0.000000,0.000000,,,,
2024-09-04,LRMR,BBG001V0GD97,1,false,7.030000,7.770000,12.091038,10.526316,false,0.000000,execution_costs_v1.0,0.000000,0.000000,,,,
2024-09-04,LRN,BBG001SNN4P5,0,false,80.220000,80.699000,1.670406,0.597108,false,0.000000,execution_costs_v1.0,0.000000,0.000000,,,,
2024-09-04,LSAK,BBG001SB4HP3,0,false,5.000000,4.843000,1.000000,-3.140000,false,0.000000,execution_costs_v1.0,0.000000,0.000000,,,,
2024-09-04,LSCC,BBG001S6C0G2,1,false,42.590000,43.290000,3.615872,1.643578,false,0.000000,execution_costs_v1.0,0.000000,0.000000,,,,
2024-09-04,LSEA,BBG00L99PSG8,0,false,11.470000,11.420000,1.089799,-0.435920,false,0.000000,execution_costs_v1.0,0.000000,0.000000,,,,
2024-09-04,LSPD,BBG00B0JR9Q6,0,false,12.760000,12.670000,1.998433,-0.705329,false,0.000000,execution_costs_v1.0,0.000000,0.000000,,,,
2024-09-04,LSTR,BBG001S5RWM1,0,false,182.750000,184.020000,0.738714,0.694938,false,0.000000,execution_costs_v1.0,0.000000,0.000000,,,,
2024-09-04,LSXMK,BBG01HLMB7B9,0,false,23.410000,23.300000,2.178556,-0.469885,false,0.000000,execution_costs_v1.0,0.000000,0.000000,,,,
2024-09-04,LTC,BBG001S73DC6,0,false,36.150000,36.540000,1.217151,1.078838,false,0.000000,execution_costs_v1.0,0.000000,0.000000,,,,
2024-09-04,LTH,BBG012J3H0X2,1,false,23.260000,23.460000,4.084265,0.859845,false,0.000000,execution_costs_v1.0,0.000000,0.000000,,,,
2024-09-04,LUMN,BBG001S5Q8G2,38,true,4.600000,5.375000,20.217391,16.847826,true,0.000000,execution_costs_v1.0,0.000000,0.000000,,,,
2024-09-04,LVWR,BBG019STC653,0,false,5.950000,5.830000,1.680672,-2.016807,false,0.000000,execution_costs_v1.0,0.000000,0.000000,,,,
2024-09-04,LW,BBG003CVMLR1,1,false,61.230000,61.670000,1.894496,0.718602,false,0.000000,execution_costs_v1.0,0.000000,0.000000,,,,
2024-09-04,LWLG,BBG001SBG0P7,0,false,2.680000,2.680000,2.611940,0.000000,false,0.000000,execution_costs_v1.0,0.000000,0.000000,,,,
2024-09-04,LXEO,BBG00YB1C8N4,0,false,11.350000,11.180000,3.700441,-1.497797,false,0.000000,execution_costs_v1.0,0.000000,0.000000,,,,
2024-09-04,LXFR,0001096056,0,false,11.410000,10.860000,0.087642,-4.820333,false,0.000000,execution_costs_v1.0,0.000000,0.000000,,,,
2024-09-04,LXP,BBG001S7H5W6,0,false,10.300000,10.320000,1.359223,0.194175,false,0.000000,execution_costs_v1.0,0.000000,0.000000,,,,
2024-09-04,LXRX,BBG001SDWCZ8,3,false,1.620000,1.630000,3.086420,0.617284,false,0.000000,execution_costs_v1.0,0.000000,0.000000,,,,
2024-09-04,LXU,BBG001S67BF5,0,false,7.430000,7.500000,3.364738,0.942127,false,0.000000,execution_costs_v1.0,0.000000,0.000000,,,,
2024-09-04,LYEL,BBG00RNXFN23,0,false,1.390000,1.380000,2.517986,-0.719424,false,0.000000,execution_costs_v1.0,0.000000,0.000000,,,,
2024-09-04,LYFT,BBG004M9ZHY4,12,true,11.280000,11.350000,3.723404,0.620567,false,0.000000,execution_costs_v1.0,0.000000,0.000000,,,,
2024-09-04,LYTS,BBG001S5SXV8,0,false,15.700000,15.930000,2.802548,1.464968,false,0.000000,execution_costs_v1.0,0.000000,0.000000,,,,
2024-09-04,LZ,BBG001TVNN74,0,false,6.420000,6.520000,2.180685,1.557632,false,0.000000,execution_costs_v1.0,0.000000,0.000000,,,,
2024-09-04,LZB,BBG001S5SXX6,0,false,41.270000,40.930000,0.290768,-0.823843,false,0.000000,execution_costs_v1.0,0.000000,0.000000,,,,
2024-09-04,LZM,0001958217,0,false,6.230000,5.960000,0.160514,-4.333868,false,0.000000,execution_costs_v1.0,0.000000,0.000000,,,,
2024-09-04,M,BBG001S6KRW6,8,false,15.500000,15.290000,1.080645,-1.354839,false,0.000000,execution_costs_v1.0,0.000000,0.000000,,,,
2024-09-04,MAC,BBG001S7HGB5,0,false,15.200000,15.465000,2.401316,1.743421,false,0.000000,execution_costs_v1.0,0.000000,0.000000,,,,
2024-09-04,MAG,BBG001S631Z9,3,false,12.170000,12.130000,1.684470,-0.328677,false,0.000000,execution_costs_v1.0,0.000000,0.000000,,,,
2024-09-04,MAIN,BBG001SJMVT1,0,false,49.710000,49.490000,0.301750,-0.442567,false,0.000000,execution_costs_v1.0,0.000000,0.000000,,,,
2024-09-04,MAMA,BBG001V1FNH5,1,false,8.030000,7.760000,0.311333,-3.362391,false,0.000000,execution_costs_v1.0,0.000000,0.000000,,,,
2024-09-04,MAN,BBG001S5SYW5,0,false,71.650000,72.520000,1.242149,1.214236,false,0.000000,execution_costs_v1.0,0.000000,0.000000,,,,
2024-09-04,MANU,0001549107,0,false,17.030000,17.130000,1.056958,0.587199,false,0.000000,execution_costs_v1.0,0.000000,0.000000,,,,
2024-09-04,MARA,BBG001V0L7T2,60,true,14.930000,14.875000,3.482920,-0.368386,false,0.000000,execution_costs_v1.0,0.000000,0.000000,,,,
2024-09-04,MASI,BBG001S71GQ6,0,false,113.470000,115.040000,1.912400,1.383626,false,0.000000,execution_costs_v1.0,0.000000,0.000000,,,,
2024-09-04,MAT,BBG001S5SZF1,0,false,18.640000,18.710000,1.207082,0.375536,false,0.000000,execution_costs_v1.0,0.000000,0.000000,,,,
2024-09-04,MATV,BBG001S7VRC4,0,false,18.270000,18.270000,1.204160,0.000000,false,0.000000,execution_costs_v1.0,0.000000,0.000000,,,,
2024-09-04,MATW,BBG001S81V81,0,false,24.330000,24.240000,1.385532,-0.369914,false,0.000000,execution_costs_v1.0,0.000000,0.000000,,,,
2024-09-04,MATX,BBG001S5NL21,0,false,134.230000,134.610000,1.765626,0.283096,false,0.000000,execution_costs_v1.0,0.000000,0.000000,,,,
2024-09-04,MAX,BBG00XRTJ8D2,0,false,17.110000,17.270000,3.623612,0.935126,false,0.000000,execution_costs_v1.0,0.000000,0.000000,,,,
2024-09-04,MBC,BBG01B9G4424,0,false,15.540000,15.880000,2.767053,2.187902,false,0.000000,execution_costs_v1.0,0.000000,0.000000,,,,
2024-09-04,MBIN,BBG001STXPM7,0,false,45.490000,44.210000,1.824577,-2.813805,false,0.000000,execution_costs_v1.0,0.000000,0.000000,,,,
2024-09-04,MBLY,BBG019X46ZY3,5,false,13.500000,13.620000,3.703704,0.888889,false,0.000000,execution_costs_v1.0,0.000000,0.000000,,,,
2024-09-04,MBUU,BBG005PXTR61,0,false,36.060000,36.465000,2.190793,1.123128,false,0.000000,execution_costs_v1.0,0.000000,0.000000,,,,
2024-09-04,MBWM,BBG001S971V3,0,false,45.695000,44.370000,0.142248,-2.899661,false,0.000000,execution_costs_v1.0,0.000000,0.000000,,,,
2024-09-04,MC,BBG001STYX58,0,false,64.170000,64.360000,1.854449,0.296089,false,0.000000,execution_costs_v1.0,0.000000,0.000000,,,,
2024-09-04,MCB,BBG001V0P380,0,false,50.050000,50.470000,1.778222,0.839161,false,0.000000,execution_costs_v1.0,0.000000,0.000000,,,,
2024-09-04,MCBS,BBG0088BL023,0,false,30.240000,29.990000,2.217923,-0.826720,false,0.000000,execution_costs_v1.0,0.000000,0.000000,,,,
2024-09-04,MCRI,BBG001S7DVP1,0,false,74.570000,75.290000,2.185866,0.965536,false,0.000000,execution_costs_v1.0,0.000000,0.000000,,,,
2024-09-04,MCS,BBG001S7JNZ2,0,false,14.140000,14.530000,3.394625,2.758133,false,0.000000,execution_costs_v1.0,0.000000,0.000000,,,,
2024-09-04,MCW,BBG011FS2K56,0,false,6.280000,6.195000,1.433121,-1.353503,false,0.000000,execution_costs_v1.0,0.000000,0.000000,,,,
2024-09-04,MCY,BBG001S98VJ0,0,false,64.240000,62.800000,0.249066,-2.241594,false,0.000000,execution_costs_v1.0,0.000000,0.000000,,,,
2024-09-04,MD,BBG001S96T25,0,false,10.640000,10.530000,0.657895,-1.033835,false,0.000000,execution_costs_v1.0,0.000000,0.000000,,,,
2024-09-04,MDGL,BBG001SNKQ42,0,false,236.400000,245.330000,3.885364,3.777496,false,0.000000,execution_costs_v1.0,0.000000,0.000000,,,,
2024-09-04,MDU,BBG001S5T2W4,0,false,25.270000,25.060000,1.068461,-0.831025,false,0.000000,execution_costs_v1.0,0.000000,0.000000,,,,
2024-09-04,MDXG,BBG001STPW96,0,false,6.380000,6.575000,7.131661,3.056426,false,0.000000,execution_costs_v1.0,0.000000,0.000000,,,,
2024-09-04,MEC,BBG001TFSDY6,0,false,19.420000,18.390000,0.051493,-5.303811,false,0.000000,execution_costs_v1.0,0.000000,0.000000,,,,
2024-09-04,MEDP,BBG0065B7K40,0,false,347.810000,346.760000,0.482994,-0.301889,false,0.000000,execution_costs_v1.0,0.000000,0.000000,,,,
2024-09-04,MEG,BBG005Q29V07,0,false,31.480000,32.460000,4.955527,3.113088,false,0.000000,execution_costs_v1.0,0.000000,0.000000,,,,
2024-09-04,MEI,BBG001S5T3T6,0,false,9.800000,10.060000,3.316327,2.653061,false,0.000000,execution_costs_v1.0,0.000000,0.000000,,,,
2024-09-04,MEOH,BBG001S66Y93,0,false,44.550000,44.600000,1.346801,0.112233,false,0.000000,execution_costs_v1.0,0.000000,0.000000,,,,
2024-09-04,MERC,BBG001S6TK43,0,false,5.800000,5.610000,1.379310,-3.275862,false,0.000000,execution_costs_v1.0,0.000000,0.000000,,,,
2024-09-04,METC,BBG00BCQJ2W4,0,false,10.820000,10.850000,2.218115,0.277264,false,0.000000,execution_costs_v1.0,0.000000,0.000000,,,,
2024-09-04,MFA,BBG001S86YS8,2,false,12.320000,12.275000,0.730519,-0.365260,false,0.000000,execution_costs_v1.0,0.000000,0.000000,,,,
2024-09-04,MFIC,BBG001SF7M43,0,false,13.900000,13.875000,0.431655,-0.179856,false,0.000000,execution_costs_v1.0,0.000000,0.000000,,,,
2024-09-04,MG,BBG001T1V7Z5,0,false,11.110000,11.090000,1.350135,-0.180018,false,0.000000,execution_costs_v1.0,0.000000,0.000000,,,,
2024-09-04,MGA,BBG001S5SY91,0,false,40.890000,41.590000,2.494497,1.711910,false,0.000000,execution_costs_v1.0,0.000000,0.000000,,,,
2024-09-04,MGEE,BBG001SD2RD2,0,false,86.030000,86.870000,1.075206,0.976404,false,0.000000,execution_costs_v1.0,0.000000,0.000000,,,,
2024-09-04,MGIC,BBG001SCPDF8,0,false,10.660000,10.670000,1.313321,0.093809,false,0.000000,execution_costs_v1.0,0.000000,0.000000,,,,
2024-09-04,MGM,BBG001S6BYT5,1,false,36.290000,36.600000,2.810692,0.854230,false,0.000000,execution_costs_v1.0,0.000000,0.000000,,,,
2024-09-04,MGNI,BBG001T5LB97,0,false,13.280000,13.300000,2.710843,0.150602,false,0.000000,execution_costs_v1.0,0.000000,0.000000,,,,
2024-09-04,MGPI,BBG001S5XTL2,0,false,88.410000,87.070000,2.149078,-1.515666,false,0.000000,execution_costs_v1.0,0.000000,0.000000,,,,
2024-09-04,MGRC,BBG001S5T593,0,false,105.000000,103.600000,0.252381,-1.333333,false,0.000000,execution_costs_v1.0,0.000000,0.000000,,,,
2024-09-04,MGY,BBG00GNC8DM1,0,false,24.470000,24.110000,0.592562,-1.471189,false,0.000000,execution_costs_v1.0,0.000000,0.000000,,,,
2024-09-04,MHK,BBG001SBGSZ5,0,false,150.290000,150.630000,0.678688,0.226229,false,0.000000,execution_costs_v1.0,0.000000,0.000000,,,,
2024-09-04,MHO,BBG001S7HGC4,0,false,153.640000,155.550000,1.804218,1.243166,false,0.000000,execution_costs_v1.0,0.000000,0.000000,,,,
2024-09-04,MI,0001958713,0,false,4.050000,3.712900,0.000000,-8.323457,false,0.000000,execution_costs_v1.0,0.000000,0.000000,,,,
2024-09-04,MIDD,BBG001S8N9X8,0,false,137.430000,137.000000,0.534818,-0.312887,false,0.000000,execution_costs_v1.0,0.000000,0.000000,,,,
2024-09-04,MIR,BBG00VHJ1KB3,0,false,10.020000,10.290000,3.393214,2.694611,false,0.000000,execution_costs_v1.0,0.000000,0.000000,,,,
2024-09-04,MIRM,BBG00MH7T2N6,0,false,41.210000,41.810000,2.717787,1.455957,false,0.000000,execution_costs_v1.0,0.000000,0.000000,,,,
2024-09-04,MITK,BBG001S5T6P3,3,false,8.730000,8.580000,4.352806,-1.718213,false,0.000000,execution_costs_v1.0,0.000000,0.000000,,,,
2024-09-04,MKSI,BBG001SBB6Q8,3,false,106.400000,108.720000,3.853383,2.180451,false,0.000000,execution_costs_v1.0,0.000000,0.000000,,,,
2024-09-04,MKTX,BBG001S8R6K4,0,false,241.220000,242.040000,0.567905,0.339939,false,0.000000,execution_costs_v1.0,0.000000,0.000000,,,,
2024-09-04,ML,BBG00VHZZP74,1,false,42.770000,43.460000,3.705869,1.613280,false,0.000000,execution_costs_v1.0,0.000000,0.000000,,,,
2024-09-04,MLAB,BBG001S5T762,0,false,124.210000,120.550000,0.032204,-2.946623,false,0.000000,execution_costs_v1.0,0.000000,0.000000,,,,
2024-09-04,MLI,BBG001S6PVC4,0,false,67.720000,67.860000,0.694034,0.206734,false,0.000000,execution_costs_v1.0,0.000000,0.000000,,,,
2024-09-04,MLKN,BBG001S5T771,0,false,28.400000,28.110000,1.021127,-1.021127,false,0.000000,execution_costs_v1.0,0.000000,0.000000,,,,
2024-09-04,MLNK,BBG002ZYMKR4,0,false,22.620000,22.810000,1.392573,0.839965,false,0.000000,execution_costs_v1.0,0.000000,0.000000,,,,
2024-09-04,MLP,BBG001S5T7D4,0,false,24.200000,25.020000,6.652893,3.388430,false,0.000000,execution_costs_v1.0,0.000000,0.000000,,,,
2024-09-04,MLR,BBG001S7BMD6,0,false,58.200000,58.380000,0.515464,0.309278,false,0.000000,execution_costs_v1.0,0.000000,0.000000,,,,
2024-09-04,MLTX,BBG00XQZQVP7,0,false,46.090000,47.400000,4.903450,2.842265,false,0.000000,execution_costs_v1.0,0.000000,0.000000,,,,
2024-09-04,MLYS,BBG00ZXN1GR9,0,false,11.860000,11.840000,2.065767,-0.168634,false,0.000000,execution_costs_v1.0,0.000000,0.000000,,,,
2024-09-04,MMI,BBG005GBRSS5,0,false,38.680000,38.230000,0.672182,-1.163392,false,0.000000,execution_costs_v1.0,0.000000,0.000000,,,,
2024-09-04,MMS,BBG001S6G4K5,0,false,90.130000,89.740000,0.255187,-0.432708,false,0.000000,execution_costs_v1.0,0.000000,0.000000,,,,
2024-09-04,MMSI,BBG001S6KLT3,0,false,95.580000,96.310000,1.140720,0.763758,false,0.000000,execution_costs_v1.0,0.000000,0.000000,,,,
2024-09-04,MMYT,0001495153,0,false,90.100000,94.600000,5.788013,4.994451,false,0.000000,execution_costs_v1.0,0.000000,0.000000,,,,
2024-09-04,MNDY,0001845338,1,false,246.250000,247.570000,2.306599,0.536041,false,0.000000,execution_costs_v1.0,0.000000,0.000000,,,,
2024-09-04,MNKD,BBG001SLLLY3,2,false,6.120000,6.090000,1.143791,-0.490196,false,0.000000,execution_costs_v1.0,0.000000,0.000000,,,,
2024-09-04,MNMD,BBG001TCSL84,4,false,5.800000,6.135000,8.017241,5.775862,false,0.000000,execution_costs_v1.0,0.000000,0.000000,,,,
2024-09-04,MNRO,BBG001S62LS4,0,false,26.160000,25.990000,1.280581,-0.649847,false,0.000000,execution_costs_v1.0,0.000000,0.000000,,,,
2024-09-04,MNTK,BBG00YHYK376,1,false,4.360000,4.395000,7.568807,0.802752,false,0.000000,execution_costs_v1.0,0.000000,0.000000,,,,
2024-09-04,MOD,BBG001S5T913,0,false,105.900000,106.340000,2.908404,0.415486,false,0.000000,execution_costs_v1.0,0.000000,0.000000,,,,
2024-09-04,MODG,BBG001S70DV8,3,false,10.330000,10.760000,4.549855,4.162633,false,0.000000,execution_costs_v1.0,0.000000,0.000000,,,,
2024-09-04,MODV,BBG001SL2C10,0,false,29.750000,31.550000,7.781513,6.050420,false,0.000000,execution_costs_v1.0,0.000000,0.000000,,,,
2024-09-04,MOFG,BBG001SCDXR4,0,false,28.980000,28.920000,0.379572,-0.207039,false,0.000000,execution_costs_v1.0,0.000000,0.000000,,,,
2024-09-04,MOG.A,BBG001S5T922,0,false,186.990000,187.490000,1.048184,0.267394,false,0.000000,execution_costs_v1.0,0.000000,0.000000,,,,
2024-09-04,MORN,BBG001SC6FV6,0,false,311.980000,313.000000,0.935957,0.326944,false,0.000000,execution_costs_v1.0,0.000000,0.000000,,,,
2024-09-04,MOS,BBG001S7LJN1,0,false,27.540000,27.350000,0.835149,-0.689906,false,0.000000,execution_costs_v1.0,0.000000,0.000000,,,,
2024-09-04,MOV,BBG001S8FWS2,0,false,23.000000,22.560000,0.173913,-1.913043,false,0.000000,execution_costs_v1.0,0.000000,0.000000,,,,
2024-09-04,MP,BBG00TJGL0T5,7,false,13.010000,13.970000,9.204458,7.378939,false,0.000000,execution_costs_v1.0,0.000000,0.000000,,,,
2024-09-04,MPB,BBG001S5T0G6,0,false,29.210000,29.150000,0.136939,-0.205409,false,0.000000,execution_costs_v1.0,0.000000,0.000000,,,,
2024-09-04,MPW,BBG001S7WM61,10,true,4.560000,4.795000,5.482456,5.153509,false,0.000000,execution_costs_v1.0,0.000000,0.000000,,,,
2024-09-04,MPX,BBG001S6HCC5,1,false,9.100000,9.320000,2.527473,2.417582,false,0.000000,execution_costs_v1.0,0.000000,0.000000,,,,
2024-09-04,MQ,BBG0112Z8873,0,false,5.050000,5.035000,2.673267,-0.297030,false,0.000000,execution_costs_v1.0,0.000000,0.000000,,,,
2024-09-04,MRC,BBG001SN9P56,0,false,12.560000,12.510000,0.557325,-0.398089,false,0.000000,execution_costs_v1.0,0.000000,0.000000,,,,
2024-09-04,MRCY,BBG001SBFLT8,0,false,37.180000,37.560000,2.474449,1.022055,false,0.000000,execution_costs_v1.0,0.000000,0.000000,,,,
2024-09-04,MRNO,0001988776,0,false,7.299900,6.990000,0.000000,-4.245264,false,0.000000,execution_costs_v1.0,0.000000,0.000000,,,,
2024-09-04,MRTN,BBG001S5TCK5,0,false,17.270000,17.330000,0.868558,0.347423,false,0.000000,execution_costs_v1.0,0.000000,0.000000,,,,
2024-09-04,MRUS,0001651311,0,false,50.110000,51.220000,2.694073,2.215127,false,0.000000,execution_costs_v1.0,0.000000,0.000000,,,,
2024-09-04,MRVI,BBG00Y1DFW44,0,false,8.700000,8.175000,1.149425,-6.034483,false,0.000000,execution_costs_v1.0,0.000000,0.000000,,,,
2024-09-04,MRX,0001997464,0,false,24.660000,25.230000,2.514193,2.311436,false,0.000000,execution_costs_v1.0,0.000000,0.000000,,,,
2024-09-04,MSA,BBG001S5TCN2,0,false,175.800000,174.080000,0.634243,-0.978385,false,0.000000,execution_costs_v1.0,0.000000,0.000000,,,,
2024-09-04,MSBI,BBG001SMZRY3,0,false,22.600000,22.330000,0.884956,-1.194690,false,0.000000,execution_costs_v1.0,0.000000,0.000000,,,,
2024-09-04,MSDL,BBG00R40RNH7,0,false,20.090000,20.190000,0.846192,0.497760,false,0.000000,execution_costs_v1.0,0.000000,0.000000,,,,
2024-09-04,MSEX,BBG001S5TCZ9,0,false,62.720000,62.890000,0.940689,0.271046,false,0.000000,execution_costs_v1.0,0.000000,0.000000,,,,
2024-09-04,MSGE,BBG019980TF2,0,false,40.520000,40.680000,2.221125,0.394867,false,0.000000,execution_costs_v1.0,0.000000,0.000000,,,,
2024-09-04,MSGS,BBG007FG0C32,0,false,204.760000,205.640000,1.782575,0.429771,false,0.000000,execution_costs_v1.0,0.000000,0.000000,,,,
2024-09-04,MSM,BBG001S5TD87,0,false,80.140000,78.590000,0.262041,-1.934115,false,0.000000,execution_costs_v1.0,0.000000,0.000000,,,,
2024-09-04,MSTR,BBG001SC7PX1,48,true,120.250000,124.870000,4.765073,3.841996,false,0.000000,execution_costs_v1.0,0.000000,0.000000,,,,
2024-09-04,MTAL,0001950246,0,false,10.500000,10.080000,0.142857,-4.000000,false,0.000000,execution_costs_v1.0,0.000000,0.000000,,,,
2024-09-04,MTCH,BBG00VT0KP47,1,false,36.620000,36.460000,1.529219,-0.436920,false,0.000000,execution_costs_v1.0,0.000000,0.000000,,,,
2024-09-04,MTDR,BBG001T3L5S4,1,false,53.530000,52.010000,0.467028,-2.839529,false,0.000000,execution_costs_v1.0,0.000000,0.000000,,,,
2024-09-04,MTG,BBG001S6SFR0,0,false,24.940000,25.510000,2.485966,2.285485,false,0.000000,execution_costs_v1.0,0.000000,0.000000,,,,
2024-09-04,MTH,BBG001S9F527,0,false,189.550000,190.060000,1.213400,0.269058,false,0.000000,execution_costs_v1.0,0.000000,0.000000,,,,
2024-09-04,MTN,BBG001S5TFD6,0,false,184.220000,187.110000,2.421561,1.568776,false,0.000000,execution_costs_v1.0,0.000000,0.000000,,,,
2024-09-04,MTNB,BBG005WX2XH7,5,false,3.770000,3.720000,5.835544,-1.326260,false,0.000000,execution_costs_v1.0,0.000000,0.000000,,,,
2024-09-04,MTRN,BBG001S5PFQ6,0,false,105.910000,107.420000,2.072514,1.425739,false,0.000000,execution_costs_v1.0,0.000000,0.000000,,,,
2024-09-04,MTSI,BBG001T4BB37,0,false,96.780000,100.080000,3.843769,3.409795,false,0.000000,execution_costs_v1.0,0.000000,0.000000,,,,
2024-09-04,MTTR,BBG00XS0FV65,0,false,4.350000,4.305000,1.839080,-1.034483,false,0.000000,execution_costs_v1.0,0.000000,0.000000,,,,
2024-09-04,MTUS,BBG0057SF208,0,false,15.210000,15.350000,3.385930,0.920447,false,0.000000,execution_costs_v1.0,0.000000,0.000000,,,,
2024-09-04,MTW,BBG001S7C7S2,0,false,9.660000,9.240000,0.720497,-4.347826,false,0.000000,execution_costs_v1.0,0.000000,0.000000,,,,
2024-09-04,MTX,BBG001S5TFZ2,0,false,73.840000,73.880000,0.758397,0.054171,false,0.000000,execution_costs_v1.0,0.000000,0.000000,,,,
2024-09-04,MTZ,BBG001S95HF8,1,false,103.710000,103.930000,1.157073,0.212130,false,0.000000,execution_costs_v1.0,0.000000,0.000000,,,,
2024-09-04,MUR,BBG001S5TG80,0,false,35.830000,35.380000,1.869941,-1.255931,false,0.000000,execution_costs_v1.0,0.000000,0.000000,,,,
2024-09-04,MUX,BBG001S5X3Z4,0,false,8.400000,8.400000,3.333333,0.000000,false,0.000000,execution_costs_v1.0,0.000000,0.000000,,,,
2024-09-04,MWA,BBG001SNQZ91,0,false,20.550000,20.220000,0.000000,-1.605839,false,0.000000,execution_costs_v1.0,0.000000,0.000000,,,,
2024-09-04,MXCT,BBG00CFTQNG7,0,false,4.080000,3.905000,0.000000,-4.289216,false,0.000000,execution_costs_v1.0,0.000000,0.000000,,,,
2024-09-04,MXL,BBG001S6MZV7,0,false,13.720000,14.390000,8.309038,4.883382,false,0.000000,execution_costs_v1.0,0.000000,0.000000,,,,
2024-09-04,MYE,BBG001S5TH97,0,false,14.650000,14.620000,1.023891,-0.204778,false,0.000000,execution_costs_v1.0,0.000000,0.000000,,,,
2024-09-04,MYGN,BBG001S86FS9,2,false,26.930000,25.360000,0.408466,-5.829929,false,0.000000,execution_costs_v1.0,0.000000,0.000000,,,,
2024-09-04,MYRG,BBG001S8GYM3,0,false,93.240000,91.500000,0.992063,-1.866152,false,0.000000,execution_costs_v1.0,0.000000,0.000000,,,,
2024-09-04,NABL,BBG00YJKWXF6,0,false,12.660000,12.780000,1.105845,0.947867,false,0.000000,execution_costs_v1.0,0.000000,0.000000,,,,
2024-09-04,NAMS,0001936258,1,false,15.840000,16.030000,3.977273,1.199495,false,0.000000,execution_costs_v1.0,0.000000,0.000000,,,,
2024-09-04,NAPA,BBG00ZF3LGX4,0,false,6.220000,6.100000,0.964630,-1.929260,false,0.000000,execution_costs_v1.0,0.000000,0.000000,,,,
2024-09-04,NARI,BBG009J8K7N9,0,false,43.770000,43.090000,6.191455,-1.553576,false,0.000000,execution_costs_v1.0,0.000000,0.000000,,,,
2024-09-04,NAT,0001000177,0,false,3.640000,3.610000,0.549451,-0.824176,false,0.000000,execution_costs_v1.0,0.000000,0.000000,,,,
2024-09-04,NATH,BBG001S5Q337,0,false,76.910000,76.700000,0.000000,-0.273046,false,0.000000,execution_costs_v1.0,0.000000,0.000000,,,,
2024-09-04,NATL,BBG019Y0WP28,0,false,28.370000,28.330000,2.590765,-0.140994,false,0.000000,execution_costs_v1.0,0.000000,0.000000,,,,
2024-09-04,NAUT,BBG00W7G4MV9,0,false,2.500000,2.490000,1.200000,-0.400000,false,0.000000,execution_costs_v1.0,0.000000,0.000000,,,,
2024-09-04,NAVI,BBG004MN1R50,0,false,16.130000,16.035000,2.479851,-0.588965,false,0.000000,execution_costs_v1.0,0.000000,0.000000,,,,
2024-09-04,NBBK,BBG01KS1NKX5,0,false,18.600000,18.440000,0.752688,-0.860215,false,0.000000,execution_costs_v1.0,0.000000,0.000000,,,,
2024-09-04,NBHC,BBG003D8Y8V2,0,false,43.400000,42.900000,1.152074,-1.152074,false,0.000000,execution_costs_v1.0,0.000000,0.000000,,,,
2024-09-04,NBIX,BBG001S8W4X9,0,false,124.590000,122.560000,0.345132,-1.629344,false,0.000000,execution_costs_v1.0,0.000000,0.000000,,,,
2024-09-04,NBR,0001163739,0,false,72.030000,67.440000,0.527558,-6.372345,false,0.000000,execution_costs_v1.0,0.000000,0.000000,,,,
2024-09-04,NBTB,BBG001S6XCS0,0,false,48.060000,47.520000,1.269247,-1.123596,false,0.000000,execution_costs_v1.0,0.000000,0.000000,,,,
2024-09-04,NCDL,BBG00S1L7075,0,false,17.610000,17.580000,1.192504,-0.170358,false,0.000000,execution_costs_v1.0,0.000000,0.000000,,,,
2024-09-04,NCLH,0001513761,11,true,17.480000,17.290000,1.544622,-1.086957,false,0.000000,execution_costs_v1.0,0.000000,0.000000,,,,
2024-09-04,NCMI,BBG001SRSPD7,0,false,6.700000,6.800000,2.238806,1.492537,false,0.000000,execution_costs_v1.0,0.000000,0.000000,,,,
2024-09-04,NCNO,BBG014GJ8XJ0,1,false,29.930000,30.190000,1.085867,0.868694,false,0.000000,execution_costs_v1.0,0.000000,0.000000,,,,
2024-09-04,NDSN,BBG001S5TKK7,0,false,250.010000,250.040000,0.369985,0.012000,false,0.000000,execution_costs_v1.0,0.000000,0.000000,,,,
2024-09-04,NE,0001895262,2,false,36.360000,35.200000,1.443894,-3.190319,false,0.000000,execution_costs_v1.0,0.000000,0.000000,,,,
2024-09-04,NECB,BBG011RJRYB9,0,false,22.530000,22.220000,0.000000,-1.375943,false,0.000000,execution_costs_v1.0,0.000000,0.000000,,,,
2024-09-04,NEO,BBG001S9DSY4,0,false,15.730000,15.710000,1.525747,-0.127146,false,0.000000,execution_costs_v1.0,0.000000,0.000000,,,,
2024-09-04,NEOG,BBG001S67B47,0,false,16.080000,16.080000,0.559701,0.000000,false,0.000000,execution_costs_v1.0,0.000000,0.000000,,,,
2024-09-04,NEP,BBG006JNW312,1,false,24.730000,24.770000,2.062273,0.161747,false,0.000000,execution_costs_v1.0,0.000000,0.000000,,,,
2024-09-04,NETD,0001975218,0,false,10.630000,10.630000,0.000000,0.000000,false,0.000000,execution_costs_v1.0,0.000000,0.000000,,,,
2024-09-04,NEWT,BBG001S9PYW0,0,false,11.980000,11.530000,0.751252,-3.756260,false,0.000000,execution_costs_v1.0,0.000000,0.000000,,,,
2024-09-04,NEXA,0001713930,0,false,5.990000,5.990000,0.834725,0.000000,false,0.000000,execution_costs_v1.0,0.000000,0.000000,,,,
2024-09-04,NEXT,BBG008GC7WN5,1,false,4.380000,4.365000,3.538813,-0.342466,false,0.000000,execution_costs_v1.0,0.000000,0.000000,,,,
2024-09-04,NFBK,BBG001T0M0Z2,0,false,11.810000,11.690000,0.846740,-1.016088,false,0.000000,execution_costs_v1.0,0.000000,0.000000,,,,
2024-09-04,NFE,BBG00MJH9M32,2,false,11.610000,11.560000,5.684755,-0.430663,false,0.000000,execution_costs_v1.0,0.000000,0.000000,,,,
2024-09-04,NFG,BBG001S5TLR8,0,false,60.250000,59.610000,0.829876,-1.062241,false,0.000000,execution_costs_v1.0,0.000000,0.000000,,,,
2024-09-04,NFGC,BBG00JFFSNN2,0,false,2.530000,2.555000,2.723320,0.988142,false,0.000000,execution_costs_v1.0,0.000000,0.000000,,,,
2024-09-04,NG,BBG001S5ZT85,0,false,3.900000,3.900000,4.230769,0.000000,false,0.000000,execution_costs_v1.0,0.000000,0.000000,,,,
2024-09-04,NGD,BBG001S5YM54,0,false,2.340000,2.365000,2.136752,1.068376,false,0.000000,execution_costs_v1.0,0.000000,0.000000,,,,
2024-09-04,NGL,BBG001V0FSC1,0,false,3.940000,4.195000,7.360406,6.472081,false,0.000000,execution_costs_v1.0,0.000000,0.000000,,,,
2024-09-04,NGNE,BBG005Y0QF99,0,false,32.320000,34.510000,7.363861,6.775990,false,0.000000,execution_costs_v1.0,0.000000,0.000000,,,,
2024-09-04,NGVC,BBG0034VYM77,0,false,25.940000,26.320000,2.255204,1.464919,false,0.000000,execution_costs_v1.0,0.000000,0.000000,,,,
2024-09-04,NGVT,BBG009LM2988,0,false,38.100000,37.400000,0.734908,-1.837270,false,0.000000,execution_costs_v1.0,0.000000,0.000000,,,,
2024-09-04,NHC,BBG001SBJ378,0,false,130.440000,131.130000,1.103956,0.528979,false,0.000000,execution_costs_v1.0,0.000000,0.000000,,,,
2024-09-04,NHI,BBG001S6W8Y3,0,false,80.380000,82.080000,3.010699,2.114954,false,0.000000,execution_costs_v1.0,0.000000,0.000000,,,,
2024-09-04,NI,BBG001S5TMF9,0,false,33.310000,33.220000,0.750525,-0.270189,false,0.000000,execution_costs_v1.0,0.000000,0.000000,,,,
2024-09-04,NIC,BBG001SN0Y92,0,false,97.785000,96.790000,0.000000,-1.017538,false,0.000000,execution_costs_v1.0,0.000000,0.000000,,,,
2024-09-04,NJR,BBG001S5TMT4,0,false,46.530000,46.310000,0.448528,-0.472813,false,0.000000,execution_costs_v1.0,0.000000,0.000000,,,,
2024-09-04,NKLA,BBG00L4CWQW4,7,false,6.210000,5.905000,0.964573,-4.911433,false,0.000000,execution_costs_v1.0,0.000000,0.000000,,,,
2024-09-04,NKTX,BBG00JXHS9H6,1,false,5.130000,5.390000,6.432749,5.068226,false,0.000000,execution_costs_v1.0,0.000000,0.000000,,,,
2024-09-04,NL,BBG001S5TMX9,0,false,6.520000,6.460000,0.766871,-0.920245,false,0.000000,execution_costs_v1.0,0.000000,0.000000,,,,
2024-09-04,NLOP,BBG01JKVZRT7,0,false,29.920000,30.200000,2.573529,0.935829,false,0.000000,execution_costs_v1.0,0.000000,0.000000,,,,
2024-09-04,NLY,BBG001S8J4S0,4,false,20.100000,20.010000,0.248756,-0.447761,false,0.000000,execution_costs_v1.0,0.000000,0.000000,,,,
2024-09-04,NMFC,BBG001T9D5H2,0,false,12.320000,12.260000,1.014610,-0.487013,false,0.000000,execution_costs_v1.0,0.000000,0.000000,,,,
2024-09-04,NMIH,BBG005DLMPF1,0,false,40.810000,41.540000,3.050723,1.788777,false,0.000000,execution_costs_v1.0,0.000000,0.000000,,,,
2024-09-04,NMM,0001415921,0,false,52.250000,51.690000,1.760766,-1.071770,false,0.000000,execution_costs_v1.0,0.000000,0.000000,,,,
2024-09-04,NMRA,BBG012W9C504,0,false,10.740000,11.010000,3.631285,2.513966,false,0.000000,execution_costs_v1.0,0.000000,0.000000,,,,
2024-09-04,NMRK,BBG00J24S7X5,1,false,13.740000,13.940000,2.292576,1.455604,false,0.000000,execution_costs_v1.0,0.000000,0.000000,,,,
2024-09-04,NN,BBG017XG00Z2,0,false,7.020000,7.210000,5.341880,2.706553,false,0.000000,execution_costs_v1.0,0.000000,0.000000,,,,
2024-09-04,NNI,BBG001SGRMS3,0,false,112.150000,111.840000,1.261703,-0.276416,false,0.000000,execution_costs_v1.0,0.000000,0.000000,,,,
2024-09-04,NNN,BBG001S6Z1P5,0,false,47.460000,48.030000,1.264223,1.201011,false,0.000000,execution_costs_v1.0,0.000000,0.000000,,,,
2024-09-04,NNOX,0001795251,5,false,6.060000,5.980000,3.465347,-1.320132,false,0.000000,execution_costs_v1.0,0.000000,0.000000,,,,
2024-09-04,NOA,BBG001SBRPM3,0,false,19.080000,19.375000,2.306080,1.546122,false,0.000000,execution_costs_v1.0,0.000000,0.000000,,,,
2024-09-04,NODK,BBG00DZS4J96,0,false,15.110000,15.020000,0.000000,-0.595632,false,0.000000,execution_costs_v1.0,0.000000,0.000000,,,,
2024-09-04,NOG,BBG001SK2P31,0,false,38.280000,36.700000,0.235110,-4.127482,false,0.000000,execution_costs_v1.0,0.000000,0.000000,,,,
2024-09-04,NOMD,0001651717,1,false,19.070000,19.380000,2.045097,1.625590,false,0.000000,execution_costs_v1.0,0.000000,0.000000,,,,
2024-09-04,NOV,BBG001S6HFR2,0,false,17.180000,16.850000,0.931315,-1.920838,false,0.000000,execution_costs_v1.0,0.000000,0.000000,,,,
2024-09-04,NOVA,BBG00PLQ1KH9,8,false,10.210000,11.560000,13.907933,13.222331,false,0.000000,execution_costs_v1.0,0.000000,0.000000,,,,
2024-09-04,NOVT,BBG001S6MRJ9,0,false,172.110000,173.860000,1.760502,1.016792,false,0.000000,execution_costs_v1.0,0.000000,0.000000,,,,
2024-09-04,NPK,BBG001S5TPT7,0,false,76.650000,75.280000,0.000000,-1.787345,false,0.000000,execution_costs_v1.0,0.000000,0.000000,,,,
2024-09-04,NPO,BBG001SCK8H2,0,false,150.000000,147.930000,0.846667,-1.380000,false,0.000000,execution_costs_v1.0,0.000000,0.000000,,,,
2024-09-04,NPWR,BBG00ZMY0HK3,0,false,8.000000,7.960000,2.500000,-0.500000,false,0.000000,execution_costs_v1.0,0.000000,0.000000,,,,
2024-09-04,NR,BBG001S6CQY5,0,false,7.950000,7.850000,0.754717,-1.257862,false,0.000000,execution_costs_v1.0,0.000000,0.000000,,,,
2024-09-04,NRC,BBG004K1F9R1,0,false,22.240000,22.270000,1.618705,0.134892,false,0.000000,execution_costs_v1.0,0.000000,0.000000,,,,
2024-09-04,NRDS,BBG0087DN242,0,false,12.600000,12.640000,2.619048,0.317460,false,0.000000,execution_costs_v1.0,0.000000,0.000000,,,,
2024-09-04,NRIM,BBG001S6NXD1,0,false,68.390000,67.200000,0.000000,-1.740020,false,0.000000,execution_costs_v1.0,0.000000,0.000000,,,,
2024-09-04,NRIX,BBG00SDJ8M87,0,false,24.900000,24.720000,1.807229,-0.722892,false,0.000000,execution_costs_v1.0,0.000000,0.000000,,,,
2024-09-04,NRP,BBG001SH9LZ5,0,false,88.230000,87.100000,0.056670,-1.280744,false,0.000000,execution_costs_v1.0,0.000000,0.000000,,,,
2024-09-04,NSA,BBG008417VP2,0,false,46.690000,46.610000,1.552795,-0.171343,false,0.000000,execution_costs_v1.0,0.000000,0.000000,,,,
2024-09-04,NSIT,BBG001S7LHJ0,0,false,200.400000,204.410000,2.035928,2.000998,false,0.000000,execution_costs_v1.0,0.000000,0.000000,,,,
2024-09-04,NSP,BBG001S894P4,0,false,91.800000,91.400000,0.522876,-0.435730,false,0.000000,execution_costs_v1.0,0.000000,0.000000,,,,
2024-09-04,NSSC,BBG001S5TR13,0,false,42.920000,43.390000,1.700839,1.095061,false,0.000000,execution_costs_v1.0,0.000000,0.000000,,,,
2024-09-04,NTB,0001653242,0,false,37.760000,37.740000,1.271186,-0.052966,false,0.000000,execution_costs_v1.0,0.000000,0.000000,,,,
2024-09-04,NTCT,BBG001SD3PL6,0,false,20.670000,20.840000,2.128689,0.822448,false,0.000000,execution_costs_v1.0,0.000000,0.000000,,,,
2024-09-04,NTGR,BBG001SG03X8,0,false,16.380000,16.720000,4.822955,2.075702,false,0.000000,execution_costs_v1.0,0.000000,0.000000,,,,
2024-09-04,NTLA,BBG007KC7PC9,3,false,21.720000,21.260000,1.979742,-2.117864,false,0.000000,execution_costs_v1.0,0.000000,0.000000,,,,
2024-09-04,NTRA,BBG001V0FSF8,0,false,113.010000,113.120000,2.831608,0.097337,false,0.000000,execution_costs_v1.0,0.000000,0.000000,,,,
2024-09-04,NTST,BBG00W5FQQM0,0,false,16.860000,16.920000,1.897983,0.355872,false,0.000000,execution_costs_v1.0,0.000000,0.000000,,,,
2024-09-04,NUS,BBG001S988X5,0,false,8.640000,8.350000,2.662037,-3.356481,false,0.000000,execution_costs_v1.0,0.000000,0.000000,,,,
2024-09-04,NUVB,BBG00VHJ0CD0,0,false,2.990000,3.005000,3.010033,0.501672,false,0.000000,execution_costs_v1.0,0.000000,0.000000,,,,
2024-09-04,NUVL,BBG00Z1SLMN2,1,false,83.080000,84.580000,2.383245,1.805489,false,0.000000,execution_costs_v1.0,0.000000,0.000000,,,,
2024-09-04,NVAX,BBG001SGL8G3,16,true,12.580000,11.880000,10.015898,-5.564388,false,0.000000,execution_costs_v1.0,0.000000,0.000000,,,,
2024-09-04,NVCR,0001645113,0,false,16.610000,16.700000,2.829621,0.541842,false,0.000000,execution_costs_v1.0,0.000000,0.000000,,,,
2024-09-04,NVEC,BBG001SGKV64,0,false,78.780000,78.360000,1.167809,-0.533130,false,0.000000,execution_costs_v1.0,0.000000,0.000000,,,,
2024-09-04,NVEE,BBG005BT61P6,0,false,91.980000,92.290000,1.070885,0.337030,false,0.000000,execution_costs_v1.0,0.000000,0.000000,,,,
2024-09-04,NVEI,BBG00X2VHWW2,0,false,33.220000,33.210000,0.120409,-0.030102,false,0.000000,execution_costs_v1.0,0.000000,0.000000,,,,
2024-09-04,NVGS,0001581804,0,false,16.010000,15.810000,0.624610,-1.249219,false,0.000000,execution_costs_v1.0,0.000000,0.000000,,,,
2024-09-04,NVMI,0001109345,0,false,197.660000,207.520000,6.420115,4.988364,false,0.000000,execution_costs_v1.0,0.000000,0.000000,,,,
2024-09-04,NVRI,BBG001S5S0V0,0,false,11.240000,11.030000,1.334520,-1.868327,false,0.000000,execution_costs_v1.0,0.000000,0.000000,,,,
2024-09-04,NVST,BBG00LN4B6D9,0,false,17.680000,17.220000,1.753394,-2.601810,false,0.000000,execution_costs_v1.0,0.000000,0.000000,,,,
2024-09-04,NVT,0001720635,0,false,63.470000,62.840000,1.102883,-0.992595,false,0.000000,execution_costs_v1.0,0.000000,0.000000,,,,
2024-09-04,NVTS,BBG00YQ6KTM3,20,true,2.550000,2.520000,3.137255,-1.176471,false,0.000000,execution_costs_v1.0,0.000000,0.000000,,,,
2024-09-04,NWBI,BBG001S64KK2,0,false,13.680000,13.595000,1.169591,-0.621345,false,0.000000,execution_costs_v1.0,0.000000,0.000000,,,,
2024-09-04,NWE,BBG001SM2G73,0,false,54.220000,54.330000,0.571745,0.202877,false,0.000000,execution_costs_v1.0,0.000000,0.000000,,,,
2024-09-04,NWL,BBG001S5TSW7,1,false,7.220000,7.515000,6.648199,4.085873,false,0.000000,execution_costs_v1.0,0.000000,0.000000,,,,
2024-09-04,NWN,BBG00KXKRLP1,0,false,39.610000,39.680000,1.009846,0.176723,false,0.000000,execution_costs_v1.0,0.000000,0.000000,,,,
2024-09-04,NWPX,BBG001S8LFT1,0,false,42.240000,41.770000,0.354877,-1.112689,false,0.000000,execution_costs_v1.0,0.000000,0.000000,,,,
2024-09-04,NWTN,0001932737,1,false,1.040000,1.000000,0.000000,-3.846154,false,0.000000,execution_costs_v1.0,0.000000,0.000000,,,,
2024-09-04,NX,BBG001T0QV71,0,false,25.410000,25.270000,1.810311,-0.550964,false,0.000000,execution_costs_v1.0,0.000000,0.000000,,,,
2024-09-04,NXE,BBG00334PFM6,5,false,5.470000,5.565000,3.016453,1.736746,false,0.000000,execution_costs_v1.0,0.000000,0.000000,,,,
2024-09-04,NXRT,BBG0077Q6QH7,0,false,46.880000,45.670000,1.279863,-2.581058,false,0.000000,execution_costs_v1.0,0.000000,0.000000,,,,
2024-09-04,NXST,BBG001SKJJT9,0,false,166.470000,167.460000,2.004625,0.594702,false,0.000000,execution_costs_v1.0,0.000000,0.000000,,,,
2024-09-04,NXT,BBG00835TQ17,3,false,37.110000,37.430000,2.209647,0.862301,false,0.000000,execution_costs_v1.0,0.000000,0.000000,,,,
2024-09-04,NYAX,0001901279,0,false,23.325000,24.420000,4.994641,4.694534,false,0.000000,execution_costs_v1.0,0.000000,0.000000,,,,
2024-09-04,NYCB,BBG001SD32Z2,3,false,10.390000,10.420000,3.416747,0.288739,false,0.000000,execution_costs_v1.0,0.000000,0.000000,,,,
2024-09-04,NYMT,BBG001SHHBR7,0,false,6.470000,6.300000,0.154560,-2.627512,false,0.000000,execution_costs_v1.0,0.000000,0.000000,,,,
2024-09-04,NYT,BBG001S90X31,0,false,53.700000,53.940000,1.061453,0.446927,false,0.000000,execution_costs_v1.0,0.000000,0.000000,,,,
2024-09-04,OABI,BBG011J3QM48,0,false,4.110000,4.090000,0.608273,-0.486618,false,0.000000,execution_costs_v1.0,0.000000,0.000000,,,,
2024-09-04,OBDC,BBG00DB0XYD3,1,false,14.940000,14.925000,0.736278,-0.100402,false,0.000000,execution_costs_v1.0,0.000000,0.000000,,,,
2024-09-04,OBDE,BBG00WWDYR08,0,false,14.620000,14.550000,0.205198,-0.478796,false,0.000000,execution_costs_v1.0,0.000000,0.000000,,,,
2024-09-04,OBE,BBG001S603F0,1,false,6.340000,6.130000,0.000000,-3.312303,false,0.000000,execution_costs_v1.0,0.000000,0.000000,,,,
2024-09-04,OBK,BBG001S78WZ4,0,false,33.355000,32.560000,0.134912,-2.383451,false,0.000000,execution_costs_v1.0,0.000000,0.000000,,,,
2024-09-04,OBT,BBG001S730D3,0,false,58.680000,56.980000,0.000000,-2.897069,false,0.000000,execution_costs_v1.0,0.000000,0.000000,,,,
2024-09-04,OC,BBG001SQ7PD2,0,false,159.470000,160.050000,1.178905,0.363705,false,0.000000,execution_costs_v1.0,0.000000,0.000000,,,,
2024-09-04,OCFC,BBG001S92JX7,0,false,17.450000,17.330000,1.289398,-0.687679,false,0.000000,execution_costs_v1.0,0.000000,0.000000,,,,
2024-09-04,OCGN,BBG001TG1LS2,9,false,1.195000,1.165000,0.418410,-2.510460,false,0.000000,execution_costs_v1.0,0.000000,0.000000,,,,
2024-09-04,OCS,0001953530,0,false,11.980000,11.990000,0.166945,0.083472,false,0.000000,execution_costs_v1.0,0.000000,0.000000,,,,
2024-09-04,OCSL,BBG001SR03L7,0,false,17.040000,16.920000,0.410798,-0.704225,false,0.000000,execution_costs_v1.0,0.000000,0.000000,,,,
2024-09-04,OCUL,BBG001V0FT93,0,false,8.350000,8.430000,3.233533,0.958084,false,0.000000,execution_costs_v1.0,0.000000,0.000000,,,,
2024-09-04,ODC,BBG001S7J3C1,0,false,66.280000,65.280000,0.015088,-1.508751,false,0.000000,execution_costs_v1.0,0.000000,0.000000,,,,
2024-09-04,ODD,0001907085,0,false,35.770000,35.635000,3.131115,-0.377411,false,0.000000,execution_costs_v1.0,0.000000,0.000000,,,,
2024-09-04,ODP,BBG00R24W7Y1,0,false,29.490000,28.680000,1.492031,-2.746694,false,0.000000,execution_costs_v1.0,0.000000,0.000000,,,,
2024-09-04,OEC,0001609804,0,false,17.750000,17.800000,1.124507,0.281690,false,0.000000,execution_costs_v1.0,0.000000,0.000000,,,,
2024-09-04,OFG,BBG001S9J8R0,0,false,45.080000,44.715000,0.776398,-0.809672,false,0.000000,execution_costs_v1.0,0.000000,0.000000,,,,
2024-09-04,OFIX,BBG001SCG164,0,false,16.700000,16.600000,2.574850,-0.598802,false,0.000000,execution_costs_v1.0,0.000000,0.000000,,,,
2024-09-04,OFLX,BBG001SNLHY8,0,false,44.500000,46.200000,3.820225,3.820225,false,0.000000,execution_costs_v1.0,0.000000,0.000000,,,,
2024-09-04,OGE,BBG001S5TVY8,0,false,39.850000,40.060000,1.129235,0.526976,false,0.000000,execution_costs_v1.0,0.000000,0.000000,,,,
2024-09-04,OGN,BBG00ZQRGW42,0,false,22.030000,22.250000,1.270994,0.998638,false,0.000000,execution_costs_v1.0,0.000000,0.000000,,,,
2024-09-04,OGS,BBG004WQKD16,0,false,69.870000,70.030000,0.436525,0.228997,false,0.000000,execution_costs_v1.0,0.000000,0.000000,,,,
2024-09-04,OHI,BBG001S736L1,0,false,39.580000,39.880000,1.212734,0.757959,false,0.000000,execution_costs_v1.0,0.000000,0.000000,,,,
2024-09-04,OI,BBG00R2JZG48,0,false,12.300000,12.460000,5.650407,1.300813,false,0.000000,execution_costs_v1.0,0.000000,0.000000,,,,
2024-09-04,OII,BBG001S61HT3,0,false,24.980000,24.760000,1.541233,-0.880705,false,0.000000,execution_costs_v1.0,0.000000,0.000000,,,,
2024-09-04,OIS,BBG001S7WK56,0,false,4.890000,4.870000,2.147239,-0.408998,false,0.000000,execution_costs_v1.0,0.000000,0.000000,,,,
2024-09-04,OKTA,BBG001YV1SN3,5,false,74.950000,75.270000,2.636825,0.426951,false,0.000000,execution_costs_v1.0,0.000000,0.000000,,,,
2024-09-04,OLED,BBG001S5V9H3,0,false,181.260000,186.340000,3.199823,2.802604,false,0.000000,execution_costs_v1.0,0.000000,0.000000,,,,
2024-09-04,OLLI,BBG0098VVDS0,0,false,88.410000,88.760000,1.272480,0.395883,false,0.000000,execution_costs_v1.0,0.000000,0.000000,,,,
2024-09-04,OLMA,BBG00T5JMRV1,0,false,11.150000,11.450000,3.766816,2.690583,false,0.000000,execution_costs_v1.0,0.000000,0.000000,,,,
2024-09-04,OLN,BBG001S5TWW8,0,false,42.150000,42.660000,1.565836,1.209964,false,0.000000,execution_costs_v1.0,0.000000,0.000000,,,,
2024-09-04,OLO,BBG00ZCX7044,0,false,5.120000,5.105000,1.660156,-0.292969,false,0.000000,execution_costs_v1.0,0.000000,0.000000,,,,
2024-09-04,OLP,BBG001S5TWY6,0,false,26.530000,26.560000,1.658500,0.113080,false,0.000000,execution_costs_v1.0,0.000000,0.000000,,,,
2024-09-04,OLPX,BBG012BV9TG3,1,false,2.180000,2.300000,6.844037,5.504587,false,0.000000,execution_costs_v1.0,0.000000,0.000000,,,,
2024-09-04,OMCL,BBG001SF6Z45,0,false,44.010000,44.050000,0.511247,0.090888,false,0.000000,execution_costs_v1.0,0.000000,0.000000,,,,
2024-09-04,OMF,BBG005497H09,1,false,48.590000,47.990000,0.759004,-1.234822,false,0.000000,execution_costs_v1.0,0.000000,0.000000,,,,
2024-09-04,OMI,BBG001S72KY7,0,false,15.340000,15.950000,3.976532,3.976532,false,0.000000,execution_costs_v1.0,0.000000,0.000000,,,,
2024-09-04,OMIC,BBG010WX4HG1,0,false,6.200000,6.160000,7.224194,-0.645161,false,0.000000,execution_costs_v1.0,0.000000,0.000000,,,,
2024-09-04,ONB,BBG001SD2ZG1,0,false,19.470000,19.320000,1.027221,-0.770416,false,0.000000,execution_costs_v1.0,0.000000,0.000000,,,,
2024-09-04,ONEW,BBG00PPXGH27,0,false,23.010000,22.360000,0.521512,-2.824859,false,0.000000,execution_costs_v1.0,0.000000,0.000000,,,,
2024-09-04,ONON,0001858985,5,false,45.210000,45.710000,2.344393,1.105950,false,0.000000,execution_costs_v1.0,0.000000,0.000000,,,,
2024-09-04,ONTO,BBG001S5THX0,0,false,184.310000,188.000000,3.857631,2.002062,false,0.000000,execution_costs_v1.0,0.000000,0.000000,,,,
2024-09-04,OPCH,BBG001S6X756,0,false,32.380000,32.740000,1.991970,1.111797,false,0.000000,execution_costs_v1.0,0.000000,0.000000,,,,
2024-09-04,OPEN,BBG00SHY8ZR0,35,true,1.900000,1.910000,7.368421,0.526316,false,0.000000,execution_costs_v1.0,0.000000,0.000000,,,,
2024-09-04,OPK,BBG001SD4254,4,false,1.610000,1.625000,4.347826,0.931677,false,0.000000,execution_costs_v1.0,0.000000,0.000000,,,,
2024-09-04,OPY,BBG001S77PP1,0,false,51.220000,51.570000,2.108551,0.683327,false,0.000000,execution_costs_v1.0,0.000000,0.000000,,,,
2024-09-04,OR,BBG006L2SZD6,0,false,16.590000,16.520000,0.843882,-0.421941,false,0.000000,execution_costs_v1.0,0.000000,0.000000,,,,
2024-09-04,ORA,BBG001S9LPW3,1,false,72.230000,72.920000,1.813651,0.955282,false,0.000000,execution_costs_v1.0,0.000000,0.000000,,,,
2024-09-04,ORC,BBG001V18CW0,5,false,8.170000,8.150000,0.856793,-0.244798,false,0.000000,execution_costs_v1.0,0.000000,0.000000,,,,
2024-09-04,ORGO,BBG00FGGD311,1,false,2.700000,2.705000,2.407407,0.185185,false,0.000000,execution_costs_v1.0,0.000000,0.000000,,,,
2024-09-04,ORI,BBG001S6M9Y2,0,false,35.860000,35.900000,0.529838,0.111545,false,0.000000,execution_costs_v1.0,0.000000,0.000000,,,,
2024-09-04,ORIC,BBG00BL5SMR2,0,false,9.960000,9.600000,1.606426,-3.614458,false,0.000000,execution_costs_v1.0,0.000000,0.000000,,,,
2024-09-04,ORLA,BBG00FGY26J8,0,false,3.940000,3.955000,2.411168,0.380711,false,0.000000,execution_costs_v1.0,0.000000,0.000000,,,,
2024-09-04,ORRF,BBG001S9SXH6,0,false,35.540000,34.970000,0.647158,-1.603827,false,0.000000,execution_costs_v1.0,0.000000,0.000000,,,,
2024-09-04,OSBC,BBG001S7HMZ6,0,false,17.010000,16.800000,0.764256,-1.234568,false,0.000000,execution_costs_v1.0,0.000000,0.000000,,,,
2024-09-04,OSCR,BBG00YMWFVT4,0,false,17.870000,17.430000,1.790711,-2.462227,false,0.000000,execution_costs_v1.0,0.000000,0.000000,,,,
2024-09-04,OSIS,BBG001SB1J54,0,false,141.190000,141.860000,0.687017,0.474538,false,0.000000,execution_costs_v1.0,0.000000,0.000000,,,,
2024-09-04,OSK,BBG001S6SX46,0,false,102.450000,101.090000,0.351391,-1.327477,false,0.000000,execution_costs_v1.0,0.000000,0.000000,,,,
2024-09-04,OSPN,BBG001S7T321,0,false,15.410000,15.340000,0.973394,-0.454250,false,0.000000,execution_costs_v1.0,0.000000,0.000000,,,,
2024-09-04,OSUR,BBG001SD3BW5,0,false,4.350000,4.385000,1.839080,0.804598,false,0.000000,execution_costs_v1.0,0.000000,0.000000,,,,
2024-09-04,OSW,0001758488,1,false,15.360000,15.560000,1.953125,1.302083,false,0.000000,execution_costs_v1.0,0.000000,0.000000,,,,
2024-09-04,OTEX,BBG001SBS5H2,0,false,31.570000,31.790000,2.058917,0.696864,false,0.000000,execution_costs_v1.0,0.000000,0.000000,,,,
2024-09-04,OTTR,BBG001S5TYX3,0,false,81.210000,80.670000,0.849649,-0.664943,false,0.000000,execution_costs_v1.0,0.000000,0.000000,,,,
2024-09-04,OUT,BBG004S69ZY3,0,false,16.660000,16.770000,3.121248,0.660264,false,0.000000,execution_costs_v1.0,0.000000,0.000000,,,,
2024-09-04,OVV,BBG00R2NHQ74,0,false,41.550000,40.840000,1.299639,-1.708785,false,0.000000,execution_costs_v1.0,0.000000,0.000000,,,,
2024-09-04,OWL,BBG00XV417S7,0,false,16.840000,16.640000,1.128266,-1.187648,false,0.000000,execution_costs_v1.0,0.000000,0.000000,,,,
2024-09-04,OXLC,BBG001T93HP8,6,false,5.330000,5.340000,0.562852,0.187617,false,0.000000,execution_costs_v1.0,0.000000,0.000000,,,,
2024-09-04,OXM,BBG001S5TZF0,0,false,86.990000,85.370000,0.000000,-1.862283,false,0.000000,execution_costs_v1.0,0.000000,0.000000,,,,
2024-09-04,OZK,BBG001SMRQL8,0,false,42.440000,41.740000,0.977851,-1.649387,false,0.000000,execution_costs_v1.0,0.000000,0.000000,,,,
2024-09-04,PAA,BBG001S985K5,1,false,17.550000,17.550000,1.994302,0.000000,false,0.000000,execution_costs_v1.0,0.000000,0.000000,,,,
2024-09-04,PAAS,BBG001S5ZXR5,8,false,19.130000,18.975000,0.522739,-0.810246,false,0.000000,execution_costs_v1.0,0.000000,0.000000,,,,
2024-09-04,PACB,BBG001SS9G64,1,false,1.330000,1.315000,4.887218,-1.127820,false,0.000000,execution_costs_v1.0,0.000000,0.000000,,,,
2024-09-04,PACK,BBG00JRXX6Z8,0,false,6.600000,6.670000,3.030303,1.060606,false,0.000000,execution_costs_v1.0,0.000000,0.000000,,,,
2024-09-04,PAG,BBG001S96493,0,false,165.810000,162.500000,0.349798,-1.996261,false,0.000000,execution_costs_v1.0,0.000000,0.000000,,,,
2024-09-04,PAGP,BBG001SZV282,0,false,18.900000,18.759100,1.402116,-0.745503,false,0.000000,execution_costs_v1.0,0.000000,0.000000,,,,
2024-09-04,PAGS,0001712807,5,false,11.000000,10.590000,0.363636,-3.727273,false,0.000000,execution_costs_v1.0,0.000000,0.000000,,,,
2024-09-04,PAHC,BBG0069NW5X3,0,false,19.700000,19.640000,2.005076,-0.304569,false,0.000000,execution_costs_v1.0,0.000000,0.000000,,,,
2024-09-04,PANL,0001606909,0,false,6.550000,6.490000,0.458015,-0.916031,false,0.000000,execution_costs_v1.0,0.000000,0.000000,,,,
2024-09-04,PAR,BBG001S5VG69,0,false,51.500000,52.290000,2.990291,1.533981,false,0.000000,execution_costs_v1.0,0.000000,0.000000,,,,
2024-09-04,PARA,BBG001S6L063,5,false,10.460000,10.460000,0.956023,0.000000,false,0.000000,execution_costs_v1.0,0.000000,0.000000,,,,
2024-09-04,PARR,BBG003C5DLS7,0,false,21.720000,21.420000,0.552486,-1.381215,false,0.000000,execution_costs_v1.0,0.000000,0.000000,,,,
2024-09-04,PATH,BBG00GKS1G12,7,false,12.440000,12.725000,3.054662,2.290997,false,0.000000,execution_costs_v1.0,0.000000,0.000000,,,,
2024-09-04,PATK,BBG001S5V0V6,0,false,125.580000,126.400000,1.130753,0.652970,false,0.000000,execution_costs_v1.0,0.000000,0.000000,,,,
2024-09-04,PAX,0001825570,0,false,11.170000,11.105000,0.895255,-0.581916,false,0.000000,execution_costs_v1.0,0.000000,0.000000,,,,
2024-09-04,PAY,BBG010MW0P43,0,false,21.350000,21.540000,3.138173,0.889930,false,0.000000,execution_costs_v1.0,0.000000,0.000000,,,,
2024-09-04,PAYC,BBG0064N1009,0,false,160.770000,160.000000,0.964110,-0.478945,false,0.000000,execution_costs_v1.0,0.000000,0.000000,,,,
2024-09-04,PAYO,BBG00Z5JLLD1,0,false,7.140000,7.075000,0.840336,-0.910364,false,0.000000,execution_costs_v1.0,0.000000,0.000000,,,,
2024-09-04,PB,BBG001S7SL77,0,false,72.760000,72.710000,1.965366,-0.068719,false,0.000000,execution_costs_v1.0,0.000000,0.000000,,,,
2024-09-04,PBF,BBG002832HM6,0,false,33.460000,33.050000,1.404662,-1.225344,false,0.000000,execution_costs_v1.0,0.000000,0.000000,,,,
2024-09-04,PBH,BBG001SH44F0,0,false,74.180000,75.490000,1.792936,1.765975,false,0.000000,execution_costs_v1.0,0.000000,0.000000,,,,
2024-09-04,PBI,BBG001S5V171,1,false,6.740000,6.755000,2.373887,0.222552,false,0.000000,execution_costs_v1.0,0.000000,0.000000,,,,
2024-09-04,PBT,BBG001S5V1N3,0,false,10.550000,10.610000,1.231280,0.568720,false,0.000000,execution_costs_v1.0,0.000000,0.000000,,,,
2024-09-04,PCH,BBG001S5V215,0,false,43.330000,42.570000,0.484653,-1.753981,false,0.000000,execution_costs_v1.0,0.000000,0.000000,,,,
2024-09-04,PCOR,BBG0026ZJ313,0,false,56.300000,55.880000,1.314387,-0.746004,false,0.000000,execution_costs_v1.0,0.000000,0.000000,,,,
2024-09-04,PCRX,BBG001S77N12,0,false,15.110000,15.120000,3.176704,0.066181,false,0.000000,execution_costs_v1.0,0.000000,0.000000,,,,
2024-09-04,PCT,BBG00YRJF230,0,false,5.750000,5.830000,4.532174,1.391304,false,0.000000,execution_costs_v1.0,0.000000,0.000000,,,,
2024-09-04,PCTY,BBG006598YZ0,0,false,162.240000,160.480000,1.753575,-1.084813,false,0.000000,execution_costs_v1.0,0.000000,0.000000,,,,
2024-09-04,PCVX,BBG009PHHPP4,10,true,113.050000,109.100000,4.604157,-3.494029,false,0.000000,execution_costs_v1.0,0.000000,0.000000,,,,
2024-09-04,PD,BBG0043BYPD6,31,true,17.170000,18.080000,7.280140,5.299942,false,0.000000,execution_costs_v1.0,0.000000,0.000000,,,,
2024-09-04,PDCO,BBG001S5V2S6,0,false,22.240000,21.940000,0.899281,-1.348921,false,0.000000,execution_costs_v1.0,0.000000,0.000000,,,,
2024-09-04,PDFS,BBG001SFSR85,0,false,28.840000,29.340000,2.600555,1.733703,false,0.000000,execution_costs_v1.0,0.000000,0.000000,,,,
2024-09-04,PDM,BBG001T6RFS9,0,false,9.520000,9.520000,1.785714,0.000000,false,0.000000,execution_costs_v1.0,0.000000,0.000000,,,,
2024-09-04,PDS,BBG001S5V359,0,false,68.480000,67.010000,0.613318,-2.146612,false,0.000000,execution_costs_v1.0,0.000000,0.000000,,,,
2024-09-04,PEB,BBG001T5S1M7,0,false,13.070000,12.960000,2.410099,-0.841622,false,0.000000,execution_costs_v1.0,0.000000,0.000000,,,,
2024-09-04,PEBO,BBG001S77C89,0,false,31.500000,30.940000,0.793651,-1.777778,false,0.000000,execution_costs_v1.0,0.000000,0.000000,,,,
2024-09-04,PECO,BBG011RJST56,0,false,37.100000,37.080000,0.646900,-0.053908,false,0.000000,execution_costs_v1.0,0.000000,0.000000,,,,
2024-09-04,PEGA,BBG001S93CK5,0,false,67.030000,67.900000,1.432195,1.297926,false,0.000000,execution_costs_v1.0,0.000000,0.000000,,,,
2024-09-04,PEN,BBG001TRHPB0,0,false,204.110000,202.650000,2.728921,-0.715301,false,0.000000,execution_costs_v1.0,0.000000,0.000000,,,,
2024-09-04,PENN,BBG001S80PY6,4,false,18.490000,19.170000,4.759329,3.677664,false,0.000000,execution_costs_v1.0,0.000000,0.000000,,,,
2024-09-04,PERI,0001338940,2,false,8.280000,8.370000,3.683575,1.086957,false,0.000000,execution_costs_v1.0,0.000000,0.000000,,,,
2024-09-04,PETQ,BBG00H1CY3S0,0,false,30.530000,30.535000,0.425811,0.016377,false,0.000000,execution_costs_v1.0,0.000000,0.000000,,,,
2024-09-04,PFBC,BBG001S9SFK1,0,false,81.470000,80.000000,0.638272,-1.804345,false,0.000000,execution_costs_v1.0,0.000000,0.000000,,,,
2024-09-04,PFC,BBG001S7DV08,0,false,24.980000,24.440000,0.480384,-2.161729,false,0.000000,execution_costs_v1.0,0.000000,0.000000,,,,
2024-09-04,PFGC,BBG009XW2WC7,0,false,72.910000,73.150000,0.562337,0.329173,false,0.000000,execution_costs_v1.0,0.000000,0.000000,,,,
2024-09-04,PFIS,BBG001S9KST2,0,false,45.270000,44.970000,0.088359,-0.662691,false,0.000000,execution_costs_v1.0,0.000000,0.000000,,,,
2024-09-04,PFLT,BBG001V0Y5S3,3,false,11.350000,11.420000,1.222026,0.616740,false,0.000000,execution_costs_v1.0,0.000000,0.000000,,,,
2024-09-04,PFS,BBG001SKM445,0,false,18.780000,18.800000,1.038339,0.106496,false,0.000000,execution_costs_v1.0,0.000000,0.000000,,,,
2024-09-04,PFSI,BBG00LMYX132,0,false,105.940000,107.320000,2.204078,1.302624,false,0.000000,execution_costs_v1.0,0.000000,0.000000,,,,
2024-09-04,PGC,BBG001SG3CC8,0,false,27.440000,27.330000,1.056851,-0.400875,false,0.000000,execution_costs_v1.0,0.000000,0.000000,,,,
2024-09-04,PGNY,BBG002H1K1K7,0,false,23.530000,23.800000,2.889928,1.147471,false,0.000000,execution_costs_v1.0,0.000000,0.000000,,,,
2024-09-04,PGRE,BBG001SL9C95,0,false,4.950000,4.965000,2.727273,0.303030,false,0.000000,execution_costs_v1.0,0.000000,0.000000,,,,
2024-09-04,PGRU,0001873331,0,false,6.580000,6.580000,0.455927,0.000000,false,0.000000,execution_costs_v1.0,0.000000,0.000000,,,,
2024-09-04,PGY,0001883085,4,false,13.650000,12.510000,3.150183,-8.351648,false,0.000000,execution_costs_v1.0,0.000000,0.000000,,,,
2024-09-04,PHAR,BBG00YN70W58,0,false,7.500000,7.457500,2.533333,-0.566667,false,0.000000,execution_costs_v1.0,0.000000,0.000000,,,,
2024-09-04,PHAT,BBG00P5B2S73,0,false,16.230000,17.010000,5.113986,4.805915,false,0.000000,execution_costs_v1.0,0.000000,0.000000,,,,
2024-09-04,PHIN,BBG01F6N6NP4,0,false,47.000000,47.730000,1.978723,1.553191,false,0.000000,execution_costs_v1.0,0.000000,0.000000,,,,
2024-09-04,PHR,BBG001TG2W25,0,false,23.550000,24.150000,6.093418,2.547771,false,0.000000,execution_costs_v1.0,0.000000,0.000000,,,,
2024-09-04,PHVS,0001830487,0,false,17.690000,17.450000,0.904466,-1.356699,false,0.000000,execution_costs_v1.0,0.000000,0.000000,,,,
2024-09-04,PI,BBG001T313Q3,0,false,159.450000,164.950000,4.101599,3.449357,false,0.000000,execution_costs_v1.0,0.000000,0.000000,,,,
2024-09-04,PII,BBG001S7HWZ4,0,false,82.080000,82.480000,1.681287,0.487329,false,0.000000,execution_costs_v1.0,0.000000,0.000000,,,,
2024-09-04,PINC,BBG001SJLD58,0,false,20.700000,20.740000,1.640097,0.193237,false,0.000000,execution_costs_v1.0,0.000000,0.000000,,,,
2024-09-04,PIPR,BBG001SGY6K8,0,false,261.000000,261.960000,1.632184,0.367816,false,0.000000,execution_costs_v1.0,0.000000,0.000000,,,,
2024-09-04,PIRS,BBG0055C3N66,0,false,18.188700,17.590000,0.000000,-3.291604,false,0.000000,execution_costs_v1.0,0.000000,0.000000,,,,
2024-09-04,PJT,BBG0079T1MP4,0,false,118.210000,116.850000,0.913628,-1.150495,false,0.000000,execution_costs_v1.0,0.000000,0.000000,,,,
2024-09-04,PK,BBG00FGXCKN3,0,false,14.630000,14.440000,1.503759,-1.298701,false,0.000000,execution_costs_v1.0,0.000000,0.000000,,,,
2024-09-04,PKOH,BBG001S5V778,0,false,29.879900,28.778900,0.000000,-3.684751,false,0.000000,execution_costs_v1.0,0.000000,0.000000,,,,
2024-09-04,PKST,BBG00XTV8H01,0,false,12.500000,12.710000,3.200000,1.680000,false,0.000000,execution_costs_v1.0,0.000000,0.000000,,,,
2024-09-04,PL,BBG00ZCV3Q27,2,false,2.450000,2.475000,4.489796,1.020408,false,0.000000,execution_costs_v1.0,0.000000,0.000000,,,,
2024-09-04,PLAB,BBG001S5V7C2,0,false,23.640000,23.240000,0.760998,-1.692047,false,0.000000,execution_costs_v1.0,0.000000,0.000000,,,,
2024-09-04,PLAY,BBG001WWJTL4,0,false,30.290000,30.150000,0.924397,-0.462199,false,0.000000,execution_costs_v1.0,0.000000,0.000000,,,,
2024-09-04,PLMR,BBG00NLMRYV9,0,false,98.090000,98.240000,0.779896,0.152921,false,0.000000,execution_costs_v1.0,0.000000,0.000000,,,,
2024-09-04,PLNT,BBG009H04M26,0,false,79.490000,78.980000,0.515788,-0.641590,false,0.000000,execution_costs_v1.0,0.000000,0.000000,,,,
2024-09-04,PLOW,BBG001T6QFV6,0,false,27.530000,27.350000,0.108972,-0.653832,false,0.000000,execution_costs_v1.0,0.000000,0.000000,,,,
2024-09-04,PLPC,BBG001SFKCZ6,0,false,114.480000,115.890000,1.747030,1.231656,false,0.000000,execution_costs_v1.0,0.000000,0.000000,,,,
2024-09-04,PLRX,BBG00C8083P2,0,false,12.700000,12.820000,1.732283,0.944882,false,0.000000,execution_costs_v1.0,0.000000,0.000000,,,,
2024-09-04,PLSE,BBG00BRBHVG7,0,false,16.910000,16.950000,3.903016,0.236546,false,0.000000,execution_costs_v1.0,0.000000,0.000000,,,,
2024-09-04,PLTK,BBG00QQ8C798,0,false,7.410000,7.325000,1.079622,-1.147099,false,0.000000,execution_costs_v1.0,0.000000,0.000000,,,,
2024-09-04,PLUG,BBG001S6GJB2,50,true,1.740000,1.735000,3.448276,-0.287356,false,0.000000,execution_costs_v1.0,0.000000,0.000000,,,,
2024-09-04,PLUS,BBG001S99YL0,0,false,89.840000,90.275000,0.834817,0.484194,false,0.000000,execution_costs_v1.0,0.000000,0.000000,,,,
2024-09-04,PLXS,BBG001S5V812,0,false,121.840000,123.030000,1.296783,0.976691,false,0.000000,execution_costs_v1.0,0.000000,0.000000,,,,
2024-09-04,PLYA,0001692412,0,false,7.660000,7.700000,1.827676,0.522193,false,0.000000,execution_costs_v1.0,0.000000,0.000000,,,,
2024-09-04,PLYM,BBG0021H6YT4,0,false,23.660000,23.430000,0.803043,-0.972105,false,0.000000,execution_costs_v1.0,0.000000,0.000000,,,,
2024-09-04,PMT,BBG001T1MJR8,0,false,13.950000,13.860000,0.000000,-0.645161,false,0.000000,execution_costs_v1.0,0.000000,0.000000,,,,
2024-09-04,PMTS,BBG009Q3VCS4,0,false,26.410000,26.730000,2.612647,1.211662,false,0.000000,execution_costs_v1.0,0.000000,0.000000,,,,
2024-09-04,PNFP,BBG001SF5953,0,false,97.830000,97.580000,1.027292,-0.255545,false,0.000000,execution_costs_v1.0,0.000000,0.000000,,,,
2024-09-04,PNNT,BBG001SSQMH0,1,false,6.970000,6.980000,1.004304,0.143472,false,0.000000,execution_costs_v1.0,0.000000,0.000000,,,,
2024-09-04,PNR,0000077360,0,false,86.030000,86.080000,0.871789,0.058119,false,0.000000,execution_costs_v1.0,0.000000,0.000000,,,,
2024-09-04,PNTG,BBG00P33SZ15,0,false,32.300000,32.850000,2.043344,1.702786,false,0.000000,execution_costs_v1.0,0.000000,0.000000,,,,
2024-09-04,PNW,BBG001S5VB15,0,false,88.670000,88.550000,0.507500,-0.135333,false,0.000000,execution_costs_v1.0,0.000000,0.000000,,,,
2024-09-04,PODD,BBG001SRF439,0,false,206.630000,212.440000,6.240333,2.811789,false,0.000000,execution_costs_v1.0,0.000000,0.000000,,,,
2024-09-04,POOL,BBG001S5VBK4,0,false,338.580000,344.560000,1.928643,1.766200,false,0.000000,execution_costs_v1.0,0.000000,0.000000,,,,
2024-09-04,POR,BBG001S5V4Y5,0,false,48.520000,48.870000,0.865622,0.721352,false,0.000000,execution_costs_v1.0,0.000000,0.000000,,,,
2024-09-04,POST,BBG001WTBC45,0,false,116.530000,118.210000,1.527504,1.441689,false,0.000000,execution_costs_v1.0,0.000000,0.000000,,,,
2024-09-04,POWI,BBG001S73RW3,0,false,61.600000,60.970000,0.884740,-1.022727,false,0.000000,execution_costs_v1.0,0.000000,0.000000,,,,
2024-09-04,POWL,BBG001S5VBT5,4,false,151.090000,153.220000,3.779204,1.409756,false,0.000000,execution_costs_v1.0,0.000000,0.000000,,,,
2024-09-04,PPBI,BBG001S9JFG6,0,false,25.070000,24.930000,0.952533,-0.558436,false,0.000000,execution_costs_v1.0,0.000000,0.000000,,,,
2024-09-04,PPC,BBG001S5PSN1,0,false,45.690000,46.210000,2.298096,1.138105,false,0.000000,execution_costs_v1.0,0.000000,0.000000,,,,
2024-09-04,PPTA,BBG001V1HWW6,4,false,7.780000,8.080000,5.012853,3.856041,false,0.000000,execution_costs_v1.0,0.000000,0.000000,,,,
2024-09-04,PR,BBG00D61Y2G3,0,false,13.760000,13.561000,1.453488,-1.446221,false,0.000000,execution_costs_v1.0,0.000000,0.000000,,,,
2024-09-04,PRA,BBG001S9Z6F9,0,false,13.530000,13.620000,2.254250,0.665188,false,0.000000,execution_costs_v1.0,0.000000,0.000000,,,,
2024-09-04,PRAA,BBG001SB1G41,0,false,22.070000,21.880000,1.631174,-0.860897,false,0.000000,execution_costs_v1.0,0.000000,0.000000,,,,
2024-09-04,PRAX,BBG00W9LF2H4,0,false,56.610000,60.700000,9.415298,7.224872,false,0.000000,execution_costs_v1.0,0.000000,0.000000,,,,
2024-09-04,PRCT,BBG009KD84J2,0,false,74.650000,76.020000,2.545211,1.835231,false,0.000000,execution_costs_v1.0,0.000000,0.000000,,,,
2024-09-04,PRDO,BBG001S6M491,0,false,21.720000,21.980000,2.624309,1.197053,false,0.000000,execution_costs_v1.0,0.000000,0.000000,,,,
2024-09-04,PRFT,BBG001SCS189,0,false,75.150000,75.150000,0.153027,0.000000,false,0.000000,execution_costs_v1.0,0.000000,0.000000,,,,
2024-09-04,PRG,BBG00VSH86H3,0,false,45.700000,47.200000,3.304158,3.282276,false,0.000000,execution_costs_v1.0,0.000000,0.000000,,,,
2024-09-04,PRGO,0001585364,0,false,28.440000,28.490000,1.125176,0.175809,false,0.000000,execution_costs_v1.0,0.000000,0.000000,,,,
2024-09-04,PRGS,BBG001S6MCY5,0,false,57.870000,58.160000,0.915846,0.501123,false,0.000000,execution_costs_v1.0,0.000000,0.000000,,,,
2024-09-04,PRI,BBG001T5ZSQ6,0,false,261.090000,260.350000,0.256616,-0.283427,false,0.000000,execution_costs_v1.0,0.000000,0.000000,,,,
2024-09-04,PRIM,BBG001S64801,0,false,51.060000,50.940000,1.527615,-0.235018,false,0.000000,execution_costs_v1.0,0.000000,0.000000,,,,
2024-09-04,PRK,BBG001S7X549,0,false,170.050000,168.640000,0.435166,-0.829168,false,0.000000,execution_costs_v1.0,0.000000,0.000000,,,,
2024-09-04,PRKS,BBG003RY97L1,0,false,50.790000,52.650000,3.918094,3.662138,false,0.000000,execution_costs_v1.0,0.000000,0.000000,,,,
2024-09-04,PRLB,BBG001SRZTG8,0,false,29.820000,29.220000,1.676727,-2.012072,false,0.000000,execution_costs_v1.0,0.000000,0.000000,,,,
2024-09-04,PRM,0001880319,1,false,11.610000,11.390000,1.291990,-1.894918,false,0.000000,execution_costs_v1.0,0.000000,0.000000,,,,
2024-09-04,PRME,BBG011RT3R64,3,false,3.860000,3.850000,4.401554,-0.259067,false,0.000000,execution_costs_v1.0,0.000000,0.000000,,,,
2024-09-04,PRMW,BBG001S77SH4,0,false,22.090000,21.860000,0.497963,-1.041195,false,0.000000,execution_costs_v1.0,0.000000,0.000000,,,,
2024-09-04,PRO,BBG001ST38G5,0,false,18.110000,18.490000,2.208724,2.098288,false,0.000000,execution_costs_v1.0,0.000000,0.000000,,,,
2024-09-04,PRTA,0001559053,1,false,21.190000,20.910000,2.689948,-1.321378,false,0.000000,execution_costs_v1.0,0.000000,0.000000,,,,
2024-09-04,PRTH,BBG00DSNH2C4,0,false,5.770000,5.770000,2.512998,0.000000,false,0.000000,execution_costs_v1.0,0.000000,0.000000,,,,
2024-09-04,PRVA,BBG00ZXYXWJ4,0,false,19.290000,18.860000,0.207361,-2.229134,false,0.000000,execution_costs_v1.0,0.000000,0.000000,,,,
2024-09-04,PSBD,BBG00RKPV7Q4,0,false,16.240000,16.230000,0.061576,-0.061576,false,0.000000,execution_costs_v1.0,0.000000,0.000000,,,,
2024-09-04,PSEC,BBG001SM4WF7,0,false,5.160000,5.210000,2.228682,0.968992,false,0.000000,execution_costs_v1.0,0.000000,0.000000,,,,
2024-09-04,PSFE,0001833835,0,false,22.070000,21.680000,1.087449,-1.767105,false,0.000000,execution_costs_v1.0,0.000000,0.000000,,,,
2024-09-04,PSMT,BBG001SB78V3,0,false,87.590000,87.960000,0.605092,0.422423,false,0.000000,execution_costs_v1.0,0.000000,0.000000,,,,
2024-09-04,PSN,BBG001SDWJQ3,0,false,92.680000,93.330000,0.927924,0.701338,false,0.000000,execution_costs_v1.0,0.000000,0.000000,,,,
2024-09-04,PSNY,BBG0147QHH45,32,true,1.400000,1.210000,0.000000,-13.571429,false,0.000000,execution_costs_v1.0,0.000000,0.000000,,,,
2024-09-04,PSTL,BBG00NSBGG83,0,false,14.410000,14.390000,0.416378,-0.138793,false,0.000000,execution_costs_v1.0,0.000000,0.000000,,,,
2024-09-04,PTCT,BBG001SNNC86,0,false,33.660000,33.570000,0.326797,-0.267380,false,0.000000,execution_costs_v1.0,0.000000,0.000000,,,,
2024-09-04,PTEN,BBG001S7GWF7,1,false,8.700000,8.455000,1.955172,-2.816092,false,0.000000,execution_costs_v1.0,0.000000,0.000000,,,,
2024-09-04,PTGX,BBG002B63KP4,0,false,41.400000,41.830000,2.246377,1.038647,false,0.000000,execution_costs_v1.0,0.000000,0.000000,,,,
2024-09-04,PTLO,BBG012YL5W59,0,false,11.860000,11.970000,3.456998,0.927487,false,0.000000,execution_costs_v1.0,0.000000,0.000000,,,,
2024-09-04,PTON,BBG00JG0FG08,15,true,4.430000,4.570000,6.313770,3.160271,false,0.000000,execution_costs_v1.0,0.000000,0.000000,,,,
2024-09-04,PTSI,BBG001S5VGQ7,0,false,17.970000,17.680000,3.727880,-1.613801,false,0.000000,execution_costs_v1.0,0.000000,0.000000,,,,
2024-09-04,PTVE,BBG00WXWG3G1,0,false,11.600000,11.350000,0.000000,-2.155172,false,0.000000,execution_costs_v1.0,0.000000,0.000000,,,,
2024-09-04,PUBM,BBG001V1C792,0,false,14.820000,15.060000,4.453441,1.619433,false,0.000000,execution_costs_v1.0,0.000000,0.000000,,,,
2024-09-04,PUMP,BBG00FYCQ3Y0,0,false,7.630000,7.595000,1.179554,-0.458716,false,0.000000,execution_costs_v1.0,0.000000,0.000000,,,,
2024-09-04,PVH,BBG001S5VGY8,0,false,95.740000,96.610000,1.039273,0.908711,false,0.000000,execution_costs_v1.0,0.000000,0.000000,,,,
2024-09-04,PWP,BBG00XWZGGJ1,0,false,18.450000,18.300000,2.547425,-0.813008,false,0.000000,execution_costs_v1.0,0.000000,0.000000,,,,
2024-09-04,PWSC,BBG00ZXQB5X8,0,false,22.680000,22.700000,0.264550,0.088183,false,0.000000,execution_costs_v1.0,0.000000,0.000000,,,,
2024-09-04,PX,BBG012QFRKK6,0,false,10.000000,10.075000,2.453000,0.750000,false,0.000000,execution_costs_v1.0,0.000000,0.000000,,,,
2024-09-04,PYCR,BBG010FNXN77,0,false,13.940000,14.070000,1.542324,0.932568,false,0.000000,execution_costs_v1.0,0.000000,0.000000,,,,
2024-09-04,PZZA,BBG001S6XNB4,0,false,47.530000,49.680000,4.649695,4.523459,false,0.000000,execution_costs_v1.0,0.000000,0.000000,,,,
2024-09-04,QCRH,BBG001SJTPZ0,0,false,76.370000,75.050000,0.955873,-1.728427,false,0.000000,execution_costs_v1.0,0.000000,0.000000,,,,
2024-09-04,QDEL,BBG017TGV7N1,0,false,40.670000,40.380000,1.450701,-0.713056,false,0.000000,execution_costs_v1.0,0.000000,0.000000,,,,
2024-09-04,QGEN,0001015820,4,false,44.260000,44.150000,0.643922,-0.248531,false,0.000000,execution_costs_v1.0,0.000000,0.000000,,,,
2024-09-04,QLYS,BBG001SYH860,0,false,120.830000,123.860000,2.689729,2.507655,false,0.000000,execution_costs_v1.0,0.000000,0.000000,,,,
2024-09-04,QNST,BBG001T2V5P8,1,false,18.750000,18.950000,2.026667,1.066667,false,0.000000,execution_costs_v1.0,0.000000,0.000000,,,,
2024-09-04,QRTEB,BBG001SR0LS0,0,false,3.990000,3.860000,0.000000,-3.258145,false,0.000000,execution_costs_v1.0,0.000000,0.000000,,,,
2024-09-04,QRVO,BBG007TJF1P5,0,false,107.640000,108.810000,2.866035,1.086957,false,0.000000,execution_costs_v1.0,0.000000,0.000000,,,,
2024-09-04,QS,BBG00VJ17DT1,10,true,5.470000,5.530000,3.839122,1.096892,false,0.000000,execution_costs_v1.0,0.000000,0.000000,,,,
2024-09-04,QTRX,BBG0027NWC78,0,false,12.220000,12.300000,4.500818,0.654664,false,0.000000,execution_costs_v1.0,0.000000,0.000000,,,,
2024-09-04,QTTB,BBG00CTTJWS7,0,false,40.910000,41.880000,6.502078,2.371058,false,0.000000,execution_costs_v1.0,0.000000,0.000000,,,,
2024-09-04,QTWO,BBG005ZVK9Q1,0,false,72.810000,73.620000,1.236094,1.112485,false,0.000000,execution_costs_v1.0,0.000000,0.000000,,,,
2024-09-04,R,BBG001S5VK15,0,false,138.960000,138.670000,1.007484,-0.208693,false,0.000000,execution_costs_v1.0,0.000000,0.000000,,,,
2024-09-04,RAMP,BBG001S5NCJ3,0,false,25.460000,25.440000,0.451689,-0.078555,false,0.000000,execution_costs_v1.0,0.000000,0.000000,,,,
2024-09-04,RARE,BBG001V2MJJ2,0,false,55.470000,56.150000,2.073012,1.225888,false,0.000000,execution_costs_v1.0,0.000000,0.000000,,,,
2024-09-04,RBB,BBG002537TD8,0,false,22.495000,22.240000,0.000000,-1.133585,false,0.000000,execution_costs_v1.0,0.000000,0.000000,,,,
2024-09-04,RBBN,BBG00HW4CSH5,0,false,3.090000,3.050000,1.618123,-1.294498,false,0.000000,execution_costs_v1.0,0.000000,0.000000,,,,
2024-09-04,RBC,BBG001SNYTV1,0,false,288.990000,285.490000,0.612859,-1.211115,false,0.000000,execution_costs_v1.0,0.000000,0.000000,,,,
2024-09-04,RBCAA,BBG001S7X4Z8,0,false,61.950000,61.990000,0.383051,0.064568,false,0.000000,execution_costs_v1.0,0.000000,0.000000,,,,
2024-09-04,RBOT,BBG00VSHDVQ2,0,false,5.900000,5.990000,4.406780,1.525424,false,0.000000,execution_costs_v1.0,0.000000,0.000000,,,,
2024-09-04,RC,BBG003TCRSD0,1,false,8.140000,8.020000,0.552826,-1.474201,false,0.000000,execution_costs_v1.0,0.000000,0.000000,,,,
2024-09-04,RCKT,BBG001T92156,0,false,17.810000,17.840000,2.807412,0.168445,false,0.000000,execution_costs_v1.0,0.000000,0.000000,,,,
2024-09-04,RCM,BBG018CZLZ45,0,false,14.090000,14.075000,0.141945,-0.106458,false,0.000000,execution_costs_v1.0,0.000000,0.000000,,,,
2024-09-04,RCON,0001442620,0,false,2.810000,2.740000,7.117438,-2.491103,false,0.000000,execution_costs_v1.0,0.000000,0.000000,,,,
2024-09-04,RCUS,BBG00DQD2751,0,false,16.520000,16.320000,2.058111,-1.210654,false,0.000000,execution_costs_v1.0,0.000000,0.000000,,,,
2024-09-04,RDDT,BBG015RGX648,2,false,56.720000,57.010000,3.684767,0.511283,false,0.000000,execution_costs_v1.0,0.000000,0.000000,,,,
2024-09-04,RDFN,BBG001V1F423,19,true,9.300000,9.790000,17.634409,5.268817,true,0.000000,execution_costs_v1.0,0.000000,0.000000,,,,
2024-09-04,RDN,BBG001SBWXG7,0,false,35.640000,36.100000,1.599327,1.290685,false,0.000000,execution_costs_v1.0,0.000000,0.000000,,,,
2024-09-04,RDNT,BBG001S75DK5,0,false,61.500000,62.680000,2.861789,1.918699,false,0.000000,execution_costs_v1.0,0.000000,0.000000,,,,
2024-09-04,RDUS,BBG001S7H0J2,0,false,14.390000,14.310000,0.416956,-0.555942,false,0.000000,execution_costs_v1.0,0.000000,0.000000,,,,
2024-09-04,RDVT,BBG00HNGGZZ8,0,false,28.550000,28.440000,0.630123,-0.385289,false,0.000000,execution_costs_v1.0,0.000000,0.000000,,,,
2024-09-04,RDW,BBG00YGLXFH3,1,false,6.280000,6.250000,3.662420,-0.477707,false,0.000000,execution_costs_v1.0,0.000000,0.000000,,,,
2024-09-04,RDWR,0001094366,0,false,21.030000,21.030000,1.165002,0.000000,false,0.000000,execution_costs_v1.0,0.000000,0.000000,,,,
2024-09-04,REAX,BBG00KRN3NQ3,0,false,5.900000,5.835000,1.694915,-1.101695,false,0.000000,execution_costs_v1.0,0.000000,0.000000,,,,
2024-09-04,REG,BBG001S7H752,0,false,72.900000,72.910000,1.131687,0.013717,false,0.000000,execution_costs_v1.0,0.000000,0.000000,,,,
2024-09-04,REI,BBG001SNHQJ0,3,false,1.700000,1.610000,1.470588,-5.294118,false,0.000000,execution_costs_v1.0,0.000000,0.000000,,,,
2024-09-04,RELY,BBG012C7JTN6,0,false,13.390000,13.500000,2.987304,0.821509,false,0.000000,execution_costs_v1.0,0.000000,0.000000,,,,
2024-09-04,RENT,BBG001V0FB29,0,false,12.000000,14.065000,19.583333,17.208333,true,0.000000,execution_costs_v1.0,0.000000,0.000000,,,,
2024-09-04,REPL,BBG00L8Z22S0,0,false,10.340000,10.450000,4.352031,1.063830,false,0.000000,execution_costs_v1.0,0.000000,0.000000,,,,
2024-09-04,REPX,BBG001SDLX20,0,false,27.090000,26.240000,1.513474,-3.137689,false,0.000000,execution_costs_v1.0,0.000000,0.000000,,,,
2024-09-04,RES,BBG001S5VN37,0,false,6.140000,6.000000,1.058632,-2.280130,false,0.000000,execution_costs_v1.0,0.000000,0.000000,,,,
2024-09-04,REVG,BBG00CSG01X8,10,true,22.800000,26.860000,22.763158,17.807018,true,0.000000,execution_costs_v1.0,0.000000,0.000000,,,,
2024-09-04,REX,BBG001S7D5J5,0,false,42.540000,42.450000,1.574988,-0.211566,false,0.000000,execution_costs_v1.0,0.000000,0.000000,,,,
2024-09-04,REXR,BBG004MB82S9,0,false,50.790000,50.410000,0.826934,-0.748179,false,0.000000,execution_costs_v1.0,0.000000,0.000000,,,,
2024-09-04,REYN,BBG00QVJVZ22,0,false,31.480000,32.170000,2.541296,2.191868,false,0.000000,execution_costs_v1.0,0.000000,0.000000,,,,
2024-09-04,REZI,BBG00HY28L05,0,false,18.960000,18.940000,1.265823,-0.105485,false,0.000000,execution_costs_v1.0,0.000000,0.000000,,,,
2024-09-04,RGA,BBG001S6P9Q8,1,false,218.840000,219.380000,0.973314,0.246756,false,0.000000,execution_costs_v1.0,0.000000,0.000000,,,,
2024-09-04,RGEN,BBG001S5VNT9,0,false,141.660000,144.480000,2.943668,1.990682,false,0.000000,execution_costs_v1.0,0.000000,0.000000,,,,
2024-09-04,RGLD,BBG001S5VNX4,0,false,135.080000,136.700000,1.513918,1.199289,false,0.000000,execution_costs_v1.0,0.000000,0.000000,,,,
2024-09-04,RGNX,BBG007Z9V5C7,1,false,11.250000,11.270000,3.377778,0.177778,false,0.000000,execution_costs_v1.0,0.000000,0.000000,,,,
2024-09-04,RGP,BBG001S7QYK6,0,false,10.100000,9.950000,0.495050,-1.485149,false,0.000000,execution_costs_v1.0,0.000000,0.000000,,,,
2024-09-04,RGR,BBG001S6LMJ1,0,false,41.500000,41.390000,0.238554,-0.265060,false,0.000000,execution_costs_v1.0,0.000000,0.000000,,,,
2024-09-04,RH,BBG002293Q93,0,false,251.570000,245.770000,0.806932,-2.305521,false,0.000000,execution_costs_v1.0,0.000000,0.000000,,,,
2024-09-04,RHI,BBG001S5VP41,0,false,61.140000,62.040000,1.553811,1.472031,false,0.000000,execution_costs_v1.0,0.000000,0.000000,,,,
2024-09-04,RHP,BBG001S6SHG8,0,false,101.790000,99.970000,0.726987,-1.787995,false,0.000000,execution_costs_v1.0,0.000000,0.000000,,,,
2024-09-04,RICK,BBG001S8LFR3,0,false,43.930000,43.390000,0.159344,-1.229228,false,0.000000,execution_costs_v1.0,0.000000,0.000000,,,,
2024-09-04,RIG,0001451505,28,true,4.360000,4.131700,1.605505,-5.236239,false,0.000000,execution_costs_v1.0,0.000000,0.000000,,,,
2024-09-04,RIGL,BBG001SD33Z0,0,false,12.910000,13.190000,4.337723,2.168861,false,0.000000,execution_costs_v1.0,0.000000,0.000000,,,,
2024-09-04,RIOT,BBG001SDW128,51,true,6.690000,6.850000,5.381166,2.391629,false,0.000000,execution_costs_v1.0,0.000000,0.000000,,,,
2024-09-04,RITM,BBG003T1GM12,6,false,11.700000,11.610000,0.555556,-0.769231,false,0.000000,execution_costs_v1.0,0.000000,0.000000,,,,
2024-09-04,RIVN,BBG00741Y1P0,42,true,13.110000,13.280000,5.263158,1.296720,false,0.000000,execution_costs_v1.0,0.000000,0.000000,,,,
2024-09-04,RKLB,BBG00Y61T0H6,34,true,6.020000,6.340000,7.475083,5.315615,false,0.000000,execution_costs_v1.0,0.000000,0.000000,,,,
2024-09-04,RKT,BBG00VY1MZN4,1,false,19.700000,20.200000,4.771574,2.538071,false,0.000000,execution_costs_v1.0,0.000000,0.000000,,,,
2024-09-04,RL,BBG001S9TL45,0,false,172.470000,172.360000,0.887111,-0.063779,false,0.000000,execution_costs_v1.0,0.000000,0.000000,,,,
2024-09-04,RLAY,BBG00DSS08L8,1,false,6.450000,6.350000,2.635659,-1.550388,false,0.000000,execution_costs_v1.0,0.000000,0.000000,,,,
2024-09-04,RLI,BBG001S5VQ58,0,false,154.660000,154.220000,0.381482,-0.284495,false,0.000000,execution_costs_v1.0,0.000000,0.000000,,,,
2024-09-04,RLJ,BBG001V0BJV4,0,false,9.430000,9.260000,1.484624,-1.802757,false,0.000000,execution_costs_v1.0,0.000000,0.000000,,,,
2024-09-04,RM,BBG001V1C4G1,0,false,32.720000,31.970000,0.000000,-2.292176,false,0.000000,execution_costs_v1.0,0.000000,0.000000,,,,
2024-09-04,RMBS,BBG001S7RF80,0,false,40.190000,40.670000,3.359045,1.194327,false,0.000000,execution_costs_v1.0,0.000000,0.000000,,,,
2024-09-04,RMR,BBG00B6V7CK4,0,false,25.180000,24.775000,0.476569,-1.608419,false,0.000000,execution_costs_v1.0,0.000000,0.000000,,,,
2024-09-04,RNA,BBG00FQ7LXX0,2,false,40.560000,41.720000,4.511834,2.859961,false,0.000000,execution_costs_v1.0,0.000000,0.000000,,,,
2024-09-04,RNAC,BBG001V0FQQ0,1,false,13.050000,13.450000,6.896552,3.065134,false,0.000000,execution_costs_v1.0,0.000000,0.000000,,,,
2024-09-04,RNG,BBG001SHXFM5,1,false,31.440000,29.150000,1.494911,-7.283715,false,0.000000,execution_costs_v1.0,0.000000,0.000000,,,,
2024-09-04,RNR,0000913144,0,false,258.650000,259.130000,0.896965,0.185579,false,0.000000,execution_costs_v1.0,0.000000,0.000000,,,,
2024-09-04,RNST,BBG001S5V5B7,0,false,34.670000,34.140000,0.807615,-1.528699,false,0.000000,execution_costs_v1.0,0.000000,0.000000,,,,
2024-09-04,RNW,0001848763,0,false,5.680000,5.870000,3.521127,3.345070,false,0.000000,execution_costs_v1.0,0.000000,0.000000,,,,
2024-09-04,ROAD,BBG00KK0CFZ7,0,false,60.200000,57.780000,0.215947,-4.019934,false,0.000000,execution_costs_v1.0,0.000000,0.000000,,,,
2024-09-04,ROCK,BBG001S7GCL4,1,false,66.810000,66.130000,0.000000,-1.017812,false,0.000000,execution_costs_v1.0,0.000000,0.000000,,,,
2024-09-04,ROG,BBG001S5TTY3,0,false,103.890000,103.310000,1.164693,-0.558283,false,0.000000,execution_costs_v1.0,0.000000,0.000000,,,,
2024-09-04,ROIC,BBG001T0CM94,0,false,15.070000,15.140000,1.658925,0.464499,false,0.000000,execution_costs_v1.0,0.000000,0.000000,,,,
2024-09-04,ROIV,0001635088,1,false,11.690000,11.760000,1.539778,0.598802,false,0.000000,execution_costs_v1.0,0.000000,0.000000,,,,
2024-09-04,ROKU,BBG001ZZPQM2,1,false,64.370000,63.570000,2.423489,-1.242815,false,0.000000,execution_costs_v1.0,0.000000,0.000000,,,,
2024-09-04,ROOT,BBG002GMC9G9,2,false,40.400000,40.190000,3.811881,-0.519802,false,0.000000,execution_costs_v1.0,0.000000,0.000000,,,,
2024-09-04,RPAY,BBG00LFVTCC7,0,false,8.310000,8.310000,1.504212,0.000000,false,0.000000,execution_costs_v1.0,0.000000,0.000000,,,,
2024-09-04,RPD,BBG009DFHWH5,0,false,36.510000,36.740000,0.739523,0.629964,false,0.000000,execution_costs_v1.0,0.000000,0.000000,,,,
2024-09-04,RPM,BBG001S7X317,0,false,115.470000,115.240000,0.242487,-0.199186,false,0.000000,execution_costs_v1.0,0.000000,0.000000,,,,
2024-09-04,RPRX,0001802768,1,false,28.900000,29.280000,1.522491,1.314879,false,0.000000,execution_costs_v1.0,0.000000,0.000000,,,,
2024-09-04,RRBI,BBG001SN25H4,0,false,51.250000,50.900000,0.000000,-0.682927,false,0.000000,execution_costs_v1.0,0.000000,0.000000,,,,
2024-09-04,RRC,BBG001SBZNN8,1,false,28.800000,28.150000,1.180556,-2.256944,false,0.000000,execution_costs_v1.0,0.000000,0.000000,,,,
2024-09-04,RRR,BBG00B6G8068,0,false,57.070000,57.610000,2.155248,0.946206,false,0.000000,execution_costs_v1.0,0.000000,0.000000,,,,
2024-09-04,RRX,BBG001S5VL68,0,false,155.690000,150.720000,0.000000,-3.192241,false,0.000000,execution_costs_v1.0,0.000000,0.000000,,,,
2024-09-04,RSI,BBG00RMKRQN9,0,false,9.040000,9.190000,4.203540,1.659292,false,0.000000,execution_costs_v1.0,0.000000,0.000000,,,,
2024-09-04,RSKD,0001851112,0,false,4.960000,4.970000,3.830645,0.201613,false,0.000000,execution_costs_v1.0,0.000000,0.000000,,,,
2024-09-04,RSVR,BBG00YCLJQQ9,0,false,7.567300,7.410000,0.000000,-2.078681,false,0.000000,execution_costs_v1.0,0.000000,0.000000,,,,
2024-09-04,RTC,0001381074,0,false,7.710000,7.150000,2.723735,-7.263294,false,0.000000,execution_costs_v1.0,0.000000,0.000000,,,,
2024-09-04,RUM,BBG00Z61CSD4,4,false,5.460000,5.560000,4.029304,1.831502,false,0.000000,execution_costs_v1.0,0.000000,0.000000,,,,
2024-09-04,RUN,BBG0025XVR94,4,false,18.610000,19.630000,6.716819,5.480924,false,0.000000,execution_costs_v1.0,0.000000,0.000000,,,,
2024-09-04,RUSHA,BBG001SKX0D1,0,false,49.600000,49.660000,1.431452,0.120968,false,0.000000,execution_costs_v1.0,0.000000,0.000000,,,,
2024-09-04,RVLV,BBG00M4RHC48,1,false,22.040000,21.900000,1.599365,-0.635209,false,0.000000,execution_costs_v1.0,0.000000,0.000000,,,,
2024-09-04,RVMD,BBG00829F4Q7,0,false,41.490000,42.410000,2.506628,2.217402,false,0.000000,execution_costs_v1.0,0.000000,0.000000,,,,
2024-09-04,RVNC,BBG001V0GBC7,1,false,6.580000,6.585000,0.151976,0.075988,false,0.000000,execution_costs_v1.0,0.000000,0.000000,,,,
2024-09-04,RVTY,BBG001SBKS35,0,false,119.410000,117.600000,0.334980,-1.515786,false,0.000000,execution_costs_v1.0,0.000000,0.000000,,,,
2024-09-04,RWAY,BBG012QFW480,0,false,10.520000,10.555000,0.617871,0.332700,false,0.000000,execution_costs_v1.0,0.000000,0.000000,,,,
2024-09-04,RWT,BBG001SBHVP8,0,false,7.430000,7.385000,0.874832,-0.605653,false,0.000000,execution_costs_v1.0,0.000000,0.000000,,,,
2024-09-04,RXO,BBG0160DYDC7,0,false,28.420000,28.190000,1.389866,-0.809289,false,0.000000,execution_costs_v1.0,0.000000,0.000000,,,,
2024-09-04,RXRX,BBG00PQ4XJ54,24,true,6.050000,6.100000,2.892562,0.826446,false,0.000000,execution_costs_v1.0,0.000000,0.000000,,,,
2024-09-04,RXST,BBG00THX1YQ1,0,false,52.750000,53.810000,4.540284,2.009479,false,0.000000,execution_costs_v1.0,0.000000,0.000000,,,,
2024-09-04,RXT,BBG00W0JYQR3,0,false,2.170000,2.230000,5.760369,2.764977,false,0.000000,execution_costs_v1.0,0.000000,0.000000,,,,
2024-09-04,RYAM,BBG005XVML75,0,false,7.620000,7.460000,1.312336,-2.099738,false,0.000000,execution_costs_v1.0,0.000000,0.000000,,,,
2024-09-04,RYAN,BBG011K4W1Y0,0,false,64.460000,64.030000,0.620540,-0.667080,false,0.000000,execution_costs_v1.0,0.000000,0.000000,,,,
2024-09-04,RYI,BBG001T6NHM5,0,false,18.280000,18.410000,3.610503,0.711160,false,0.000000,execution_costs_v1.0,0.000000,0.000000,,,,
2024-09-04,RYN,BBG001S7NCZ1,0,false,30.930000,30.820000,0.808277,-0.355642,false,0.000000,execution_costs_v1.0,0.000000,0.000000,,,,
2024-09-04,RYTM,BBG007DLZ629,0,false,45.470000,46.900000,3.232901,3.144931,false,0.000000,execution_costs_v1.0,0.000000,0.000000,,,,
2024-09-04,S,BBG00B6F2F27,10,true,22.440000,23.120000,6.105169,3.030303,false,0.000000,execution_costs_v1.0,0.000000,0.000000,,,,
2024-09-04,SA,BBG001S607C4,1,false,16.360000,16.290000,1.894866,-0.427873,false,0.000000,execution_costs_v1.0,0.000000,0.000000,,,,
2024-09-04,SABR,BBG005WQVVG5,5,false,2.940000,2.885000,1.700680,-1.870748,false,0.000000,execution_costs_v1.0,0.000000,0.000000,,,,
2024-09-04,SAFE,BBG001SDG572,0,false,24.430000,24.980000,2.988129,2.251330,false,0.000000,execution_costs_v1.0,0.000000,0.000000,,,,
2024-09-04,SAFT,BBG001S78T90,0,false,85.810000,85.840000,0.554248,0.034961,false,0.000000,execution_costs_v1.0,0.000000,0.000000,,,,
2024-09-04,SAGE,BBG0025X16Z4,1,false,7.900000,8.000000,2.911392,1.265823,false,0.000000,execution_costs_v1.0,0.000000,0.000000,,,,
2024-09-04,SAH,BBG001S5VVK0,0,false,60.110000,59.110000,0.000000,-1.663617,false,0.000000,execution_costs_v1.0,0.000000,0.000000,,,,
2024-09-04,SAIA,BBG001SL4QM4,1,false,405.270000,416.840000,3.760456,2.854887,false,0.000000,execution_costs_v1.0,0.000000,0.000000,,,,
2024-09-04,SAIC,BBG003BW05L5,0,false,128.540000,129.350000,0.630154,0.630154,false,0.000000,execution_costs_v1.0,0.000000,0.000000,,,,
2024-09-04,SAM,BBG001S5VVQ4,0,false,278.810000,280.860000,1.230228,0.735268,false,0.000000,execution_costs_v1.0,0.000000,0.000000,,,,
2024-09-04,SANA,BBG00N5BMH70,0,false,5.550000,5.490000,4.144144,-1.081081,false,0.000000,execution_costs_v1.0,0.000000,0.000000,,,,
2024-09-04,SAND,BBG001SSPFD0,3,false,5.580000,5.545000,1.612903,-0.627240,false,0.000000,execution_costs_v1.0,0.000000,0.000000,,,,
2024-09-04,SANM,BBG001S5SYJ0,0,false,66.160000,66.980000,1.239420,1.239420,false,0.000000,execution_costs_v1.0,0.000000,0.000000,,,,
2024-09-04,SAR,BBG001SRV422,0,false,23.720000,23.910000,0.885329,0.801012,false,0.000000,execution_costs_v1.0,0.000000,0.000000,,,,
2024-09-04,SASR,BBG001S6Y0J5,0,false,30.630000,31.640000,4.929807,3.297421,false,0.000000,execution_costs_v1.0,0.000000,0.000000,,,,
2024-09-04,SATS,BBG001T048Z5,0,false,18.320000,18.410000,0.655022,0.491266,false,0.000000,execution_costs_v1.0,0.000000,0.000000,,,,
2024-09-04,SAVA,BBG001SCKXX9,3,false,27.720000,29.720000,7.720058,7.215007,false,0.000000,execution_costs_v1.0,0.000000,0.000000,,,,
2024-09-04,SB,0001434754,0,false,4.860000,4.780000,0.617284,-1.646091,false,0.000000,execution_costs_v1.0,0.000000,0.000000,,,,
2024-09-04,SBCF,BBG001SD9X60,0,false,27.050000,27.190000,1.182994,0.517560,false,0.000000,execution_costs_v1.0,0.000000,0.000000,,,,
2024-09-04,SBGI,BBG01GJ3NYB4,0,false,13.590000,13.675000,2.722590,0.625460,false,0.000000,execution_costs_v1.0,0.000000,0.000000,,,,
2024-09-04,SBH,BBG001SDHTQ8,0,false,12.660000,12.470000,0.394945,-1.500790,false,0.000000,execution_costs_v1.0,0.000000,0.000000,,,,
2024-09-04,SBLK,0001386716,2,false,20.490000,20.570000,1.512933,0.390434,false,0.000000,execution_costs_v1.0,0.000000,0.000000,,,,
2024-09-04,SBR,BBG001S5VWY3,0,false,63.000000,62.890000,1.174603,-0.174603,false,0.000000,execution_costs_v1.0,0.000000,0.000000,,,,
2024-09-04,SBRA,BBG001SGNMK5,0,false,16.980000,17.310000,2.679623,1.943463,false,0.000000,execution_costs_v1.0,0.000000,0.000000,,,,
2024-09-04,SBSI,BBG001S66SR6,0,false,33.810000,33.735000,0.118308,-0.221828,false,0.000000,execution_costs_v1.0,0.000000,0.000000,,,,
2024-09-04,SCHL,BBG001S5VTF1,0,false,31.260000,31.140000,1.580294,-0.383877,false,0.000000,execution_costs_v1.0,0.000000,0.000000,,,,
2024-09-04,SCI,BBG001S5WBJ5,0,false,77.840000,77.960000,0.565262,0.154162,false,0.000000,execution_costs_v1.0,0.000000,0.000000,,,,
2024-09-04,SCL,BBG001S5VXQ0,0,false,74.850000,74.200000,0.935204,-0.868403,false,0.000000,execution_costs_v1.0,0.000000,0.000000,,,,
2024-09-04,SCM,BBG003LB3VC0,2,false,13.730000,13.690000,0.218500,-0.291333,false,0.000000,execution_costs_v1.0,0.000000,0.000000,,,,
2024-09-04,SCS,BBG001S89FD2,0,false,13.850000,13.780000,1.371841,-0.505415,false,0.000000,execution_costs_v1.0,0.000000,0.000000,,,,
2024-09-04,SCSC,BBG001S7S0W5,0,false,48.560000,48.320000,0.906096,-0.494234,false,0.000000,execution_costs_v1.0,0.000000,0.000000,,,,
2024-09-04,SCVL,BBG001S6V927,0,false,38.000000,37.540000,0.815789,-1.210526,false,0.000000,execution_costs_v1.0,0.000000,0.000000,,,,
2024-09-04,SCWX,BBG001SF9RV0,0,false,7.620000,7.390000,4.002625,-3.018373,false,0.000000,execution_costs_v1.0,0.000000,0.000000,,,,
2024-09-04,SD,BBG001SL3ZY2,0,false,13.000000,12.590000,1.000000,-3.153846,false,0.000000,execution_costs_v1.0,0.000000,0.000000,,,,
2024-09-04,SDA,0001936804,0,false,9.560000,10.200000,7.112971,6.694561,false,0.000000,execution_costs_v1.0,0.000000,0.000000,,,,
2024-09-04,SDGR,BBG001SZK2K0,0,false,20.400000,20.350000,3.431373,-0.245098,false,0.000000,execution_costs_v1.0,0.000000,0.000000,,,,
2024-09-04,SDHC,BBG01J6P1XN6,0,false,34.290000,34.790000,2.099738,1.458151,false,0.000000,execution_costs_v1.0,0.000000,0.000000,,,,
2024-09-04,SDHY,BBG00XTHQGX8,0,false,16.160000,16.175000,0.092822,0.092822,false,0.000000,execution_costs_v1.0,0.000000,0.000000,,,,
2024-09-04,SDRL,0001737706,3,false,40.960000,39.990000,2.844238,-2.368164,false,0.000000,execution_costs_v1.0,0.000000,0.000000,,,,
2024-09-04,SEAT,BBG012C73S82,0,false,4.590000,4.640000,1.960784,1.089325,false,0.000000,execution_costs_v1.0,0.000000,0.000000,,,,
2024-09-04,SEDG,BBG0084BC0P2,3,false,21.920000,21.700000,2.874088,-1.003650,false,0.000000,execution_costs_v1.0,0.000000,0.000000,,,,
2024-09-04,SEE,BBG001SBSZ95,0,false,34.840000,34.330000,1.406429,-1.463835,false,0.000000,execution_costs_v1.0,0.000000,0.000000,,,,
2024-09-04,SEIC,BBG001S5VZJ3,0,false,67.230000,66.960000,0.401606,-0.401606,false,0.000000,execution_costs_v1.0,0.000000,0.000000,,,,
2024-09-04,SEM,BBG001SMLRT4,0,false,35.080000,35.430000,1.282782,0.997719,false,0.000000,execution_costs_v1.0,0.000000,0.000000,,,,
2024-09-04,SEMR,BBG00Z6S6285,0,false,12.980000,13.280000,3.428351,2.311248,false,0.000000,execution_costs_v1.0,0.000000,0.000000,,,,
2024-09-04,SENEA,BBG001S8L1W8,0,false,59.930000,60.550000,1.301518,1.034540,false,0.000000,execution_costs_v1.0,0.000000,0.000000,,,,
2024-09-04,SES,BBG00YMWPMV0,0,false,1.030000,1.010000,0.970874,-1.941748,false,0.000000,execution_costs_v1.0,0.000000,0.000000,,,,
2024-09-04,SEZL,BBG00MKN0926,0,false,130.000000,134.360000,7.015385,3.353846,false,0.000000,execution_costs_v1.0,0.000000,0.000000,,,,
2024-09-04,SF,BBG001S5W081,0,false,84.610000,85.020000,1.187803,0.484576,false,0.000000,execution_costs_v1.0,0.000000,0.000000,,,,
2024-09-04,SFBS,BBG001T2HRB1,0,false,78.670000,79.130000,1.449091,0.584721,false,0.000000,execution_costs_v1.0,0.000000,0.000000,,,,
2024-09-04,SFIX,BBG0046L1KM8,0,false,3.560000,3.510000,1.264045,-1.404494,false,0.000000,execution_costs_v1.0,0.000000,0.000000,,,,
2024-09-04,SFL,0001289877,3,false,11.540000,11.365000,0.085789,-1.516464,false,0.000000,execution_costs_v1.0,0.000000,0.000000,,,,
2024-09-04,SFM,BBG001V0MZS0,0,false,99.090000,97.650000,0.141286,-1.453224,false,0.000000,execution_costs_v1.0,0.000000,0.000000,,,,
2024-09-04,SFNC,BBG001S5W0T8,0,false,21.050000,20.880000,1.472684,-0.807601,false,0.000000,execution_costs_v1.0,0.000000,0.000000,,,,
2024-09-04,SG,BBG005NTTSQ8,32,true,30.190000,29.870000,5.299768,-1.059954,false,0.000000,execution_costs_v1.0,0.000000,0.000000,,,,
2024-09-04,SGH,0001616533,1,false,18.700000,18.910000,2.513369,1.122995,false,0.000000,execution_costs_v1.0,0.000000,0.000000,,,,
2024-09-04,SGHC,0001878057,0,false,3.380000,3.490000,3.254438,3.254438,false,0.000000,execution_costs_v1.0,0.000000,0.000000,,,,
2024-09-04,SGHT,BBG006BZHZD6,0,false,6.270000,6.410000,3.349282,2.232855,false,0.000000,execution_costs_v1.0,0.000000,0.000000,,,,
2024-09-04,SGML,BBG0027F58B9,0,false,9.680000,9.760000,5.371901,0.826446,false,0.000000,execution_costs_v1.0,0.000000,0.000000,,,,
2024-09-04,SGRY,BBG009T0TKW7,0,false,31.300000,30.910000,0.638978,-1.246006,false,0.000000,execution_costs_v1.0,0.000000,0.000000,,,,
2024-09-04,SGU,BBG001S7M0P9,0,false,11.390000,11.330000,2.633889,-0.526778,false,0.000000,execution_costs_v1.0,0.000000,0.000000,,,,
2024-09-04,SHAK,BBG0063GCHJ6,1,false,96.980000,99.200000,3.114044,2.289132,false,0.000000,execution_costs_v1.0,0.000000,0.000000,,,,
2024-09-04,SHBI,BBG001S9TSK2,0,false,13.980000,13.900000,0.858369,-0.572246,false,0.000000,execution_costs_v1.0,0.000000,0.000000,,,,
2024-09-04,SHC,BBG008LZG101,0,false,15.320000,15.410000,1.338120,0.587467,false,0.000000,execution_costs_v1.0,0.000000,0.000000,,,,
2024-09-04,SHCO,BBG011K3T3Q1,0,false,5.490000,5.500000,3.460838,0.182149,false,0.000000,execution_costs_v1.0,0.000000,0.000000,,,,
2024-09-04,SHCR,BBG00XPPTB53,0,false,1.390000,1.400000,0.719424,0.719424,false,0.000000,execution_costs_v1.0,0.000000,0.000000,,,,
2024-09-04,SHEN,BBG001SG37M8,0,false,14.770000,15.475000,5.145565,4.773189,false,0.000000,execution_costs_v1.0,0.000000,0.000000,,,,
2024-09-04,SHLS,BBG00YQ82328,11,true,6.210000,6.070000,0.241546,-2.254428,false,0.000000,execution_costs_v1.0,0.000000,0.000000,,,,
2024-09-04,SHO,BBG001SM4XW6,0,false,10.180000,10.045000,0.884086,-1.326130,false,0.000000,execution_costs_v1.0,0.000000,0.000000,,,,
2024-09-04,SHOO,BBG001S7JHQ5,0,false,44.360000,43.980000,0.000000,-0.856628,false,0.000000,execution_costs_v1.0,0.000000,0.000000,,,,
2024-09-04,SHYF,BBG001S5W8H4,0,false,13.460000,13.440000,1.783061,-0.148588,false,0.000000,execution_costs_v1.0,0.000000,0.000000,,,,
2024-09-04,SIBN,BBG001V0GNP7,0,false,16.000000,16.260000,2.750000,1.625000,false,0.000000,execution_costs_v1.0,0.000000,0.000000,,,,
2024-09-04,SIG,0000832988,0,false,79.730000,80.280000,2.389314,0.689828,false,0.000000,execution_costs_v1.0,0.000000,0.000000,,,,
2024-09-04,SIGA,BBG001S80PZ5,5,false,7.570000,7.850000,6.010568,3.698811,false,0.000000,execution_costs_v1.0,0.000000,0.000000,,,,
2024-09-04,SIGI,BBG001S5W2R6,0,false,91.420000,90.820000,0.601619,-0.656312,false,0.000000,execution_costs_v1.0,0.000000,0.000000,,,,
2024-09-04,SII,BBG001T2FK64,0,false,39.400000,39.490000,1.218274,0.228426,false,0.000000,execution_costs_v1.0,0.000000,0.000000,,,,
2024-09-04,SILK,BBG0026ZJRZ3,0,false,27.170000,27.120000,0.000000,-0.184026,false,0.000000,execution_costs_v1.0,0.000000,0.000000,,,,
2024-09-04,SILV,BBG009XQLJF5,0,false,7.810000,7.685000,1.536492,-1.600512,false,0.000000,execution_costs_v1.0,0.000000,0.000000,,,,
2024-09-04,SIRI,BBG001S70ZY6,30,true,3.100000,2.920000,1.287097,-5.806452,false,0.000000,execution_costs_v1.0,0.000000,0.000000,,,,
2024-09-04,SITC,BBG001S76RV1,0,false,57.860000,57.290000,1.365365,-0.985137,false,0.000000,execution_costs_v1.0,0.000000,0.000000,,,,
2024-09-04,SITE,BBG009T22D67,0,false,132.870000,135.940000,2.446000,2.310529,false,0.000000,execution_costs_v1.0,0.000000,0.000000,,,,
2024-09-04,SITM,BBG00QNSY276,0,false,133.530000,135.310000,3.194039,1.333034,false,0.000000,execution_costs_v1.0,0.000000,0.000000,,,,
2024-09-04,SJM,BBG001S5W3H5,0,false,119.070000,120.530000,2.007223,1.226169,false,0.000000,execution_costs_v1.0,0.000000,0.000000,,,,
2024-09-04,SJW,BBG001S5W3N8,0,false,59.160000,59.180000,0.498648,0.033807,false,0.000000,execution_costs_v1.0,0.000000,0.000000,,,,
2024-09-04,SKE,BBG001S6LB05,0,false,7.220000,7.360000,2.908587,1.939058,false,0.000000,execution_costs_v1.0,0.000000,0.000000,,,,
2024-09-04,SKT,BBG001S7BZV7,0,false,30.240000,30.760000,2.744709,1.719577,false,0.000000,execution_costs_v1.0,0.000000,0.000000,,,,
2024-09-04,SKWD,BBG002QHKLR1,0,false,40.310000,40.160000,1.153560,-0.372116,false,0.000000,execution_costs_v1.0,0.000000,0.000000,,,,
2024-09-04,SKX,BBG001S5XTG8,0,false,66.500000,67.360000,1.578947,1.293233,false,0.000000,execution_costs_v1.0,0.000000,0.000000,,,,
2024-09-04,SKY,BBG001S5W456,0,false,89.200000,89.950000,1.883408,0.840807,false,0.000000,execution_costs_v1.0,0.000000,0.000000,,,,
2024-09-04,SKYT,BBG00ZS44MH2,0,false,8.150000,8.230000,2.208589,0.981595,false,0.000000,execution_costs_v1.0,0.000000,0.000000,,,,
2024-09-04,SKYW,BBG001S5W465,0,false,74.980000,74.850000,1.133636,-0.173380,false,0.000000,execution_costs_v1.0,0.000000,0.000000,,,,
2024-09-04,SLAB,BBG001S5W492,0,false,105.840000,106.610000,2.636054,0.727513,false,0.000000,execution_costs_v1.0,0.000000,0.000000,,,,
2024-09-04,SLDB,BBG00JN4FXH7,0,false,8.420000,8.500000,1.425178,0.950119,false,0.000000,execution_costs_v1.0,0.000000,0.000000,,,,
2024-09-04,SLG,BBG001S9Z1V2,0,false,63.860000,64.770000,2.849984,1.424992,false,0.000000,execution_costs_v1.0,0.000000,0.000000,,,,
2024-09-04,SLGN,BBG001S6VPD9,0,false,51.120000,50.920000,0.723787,-0.391236,false,0.000000,execution_costs_v1.0,0.000000,0.000000,,,,
2024-09-04,SLM,BBG001S5W4T0,0,false,21.600000,21.255000,0.995370,-1.597222,false,0.000000,execution_costs_v1.0,0.000000,0.000000,,,,
2024-09-04,SLNO,BBG0024L5B95,0,false,46.990000,49.750000,6.086401,5.873590,false,0.000000,execution_costs_v1.0,0.000000,0.000000,,,,
2024-09-04,SLP,BBG001S9TQV4,0,false,34.630000,34.560000,0.173260,-0.202137,false,0.000000,execution_costs_v1.0,0.000000,0.000000,,,,
2024-09-04,SLQT,BBG001SQZ7Z7,0,false,3.690000,3.645000,3.523035,-1.219512,false,0.000000,execution_costs_v1.0,0.000000,0.000000,,,,
2024-09-04,SLRC,BBG001T1Q8N2,0,false,15.790000,15.840000,1.044965,0.316656,false,0.000000,execution_costs_v1.0,0.000000,0.000000,,,,
2024-09-04,SLRN,BBG00YJKJ8J2,0,false,4.550000,4.470000,2.637363,-1.758242,false,0.000000,execution_costs_v1.0,0.000000,0.000000,,,,
2024-09-04,SLSR,BBG00L8NLS36,0,false,2.180000,2.160000,0.651376,-0.917431,false,0.000000,execution_costs_v1.0,0.000000,0.000000,,,,
2024-09-04,SLVM,BBG0122M8040,0,false,75.290000,75.240000,1.859477,-0.066410,false,0.000000,execution_costs_v1.0,0.000000,0.000000,,,,
2024-09-04,SM,BBG001S6W0J7,0,false,43.030000,41.760000,0.232396,-2.951429,false,0.000000,execution_costs_v1.0,0.000000,0.000000,,,,
2024-09-04,SMAR,BBG00GQK3WC4,0,false,46.710000,47.350000,2.483408,1.370156,false,0.000000,execution_costs_v1.0,0.000000,0.000000,,,,
2024-09-04,SMBC,BBG001S7WWN0,0,false,56.490000,55.700000,0.991326,-1.398478,false,0.000000,execution_costs_v1.0,0.000000,0.000000,,,,
2024-09-04,SMBK,BBG001SDRQW6,0,false,29.050000,28.550000,0.172117,-1.721170,false,0.000000,execution_costs_v1.0,0.000000,0.000000,,,,
2024-09-04,SMG,BBG001S5W5H0,0,false,70.340000,69.860000,1.933466,-0.682400,false,0.000000,execution_costs_v1.0,0.000000,0.000000,,,,
2024-09-04,SMMT,BBG00X3GQL94,0,false,12.430000,12.000000,2.413516,-3.459372,false,0.000000,execution_costs_v1.0,0.000000,0.000000,,,,
2024-09-04,SMP,BBG001S5W5Z0,0,false,31.690000,31.680000,0.568003,-0.031556,false,0.000000,execution_costs_v1.0,0.000000,0.000000,,,,
2024-09-04,SMPL,BBG00GVP5JM3,8,false,32.200000,32.750000,2.015528,1.708075,false,0.000000,execution_costs_v1.0,0.000000,0.000000,,,,
2024-09-04,SMR,BBG00YG48PG8,30,true,7.480000,8.050000,8.355615,7.620321,false,0.000000,execution_costs_v1.0,0.000000,0.000000,,,,
2024-09-04,SMRT,BBG00Z0H9PZ1,1,false,1.710000,1.660000,2.339181,-2.923977,false,0.000000,execution_costs_v1.0,0.000000,0.000000,,,,
2024-09-04,SMTC,BBG001S7TWW4,0,false,41.030000,42.460000,5.727516,3.485255,false,0.000000,execution_costs_v1.0,0.000000,0.000000,,,,
2024-09-04,SMWB,0001842731,1,false,9.000000,9.160000,3.833333,1.777778,false,0.000000,execution_costs_v1.0,0.000000,0.000000,,,,
2024-09-04,SN,0001957132,10,true,96.500000,98.010000,1.896269,1.564767,false,0.000000,execution_costs_v1.0,0.000000,0.000000,,,,
2024-09-04,SNA,BBG001S5W688,0,false,279.560000,279.090000,0.465016,-0.168121,false,0.000000,execution_costs_v1.0,0.000000,0.000000,,,,
2024-09-04,SNAP,BBG00441QMK5,27,true,8.810000,8.790000,2.383655,-0.227015,false,0.000000,execution_costs_v1.0,0.000000,0.000000,,,,
2024-09-04,SNBR,BBG001SD3530,3,false,14.040000,14.150000,2.777778,0.783476,false,0.000000,execution_costs_v1.0,0.000000,0.000000,,,,
2024-09-04,SNCY,BBG00Z6F8D50,0,false,10.910000,11.010000,3.162236,0.916590,false,0.000000,execution_costs_v1.0,0.000000,0.000000,,,,
2024-09-04,SNDA,BBG001SBCJQ9,0,false,27.000000,28.185000,4.629630,4.388889,false,0.000000,execution_costs_v1.0,0.000000,0.000000,,,,
2024-09-04,SNDL,BBG00PNJJW51,6,false,1.960000,2.010000,4.081633,2.551020,false,0.000000,execution_costs_v1.0,0.000000,0.000000,,,,
2024-09-04,SNDR,BBG001SF1R75,4,false,27.130000,27.250000,1.253225,0.442315,false,0.000000,execution_costs_v1.0,0.000000,0.000000,,,,
2024-09-04,SNDX,BBG001T92272,0,false,20.410000,19.650000,0.146987,-3.723665,false,0.000000,execution_costs_v1.0,0.000000,0.000000,,,,
2024-09-04,SNEX,BBG001S5RD07,0,false,79.320000,78.950000,0.693394,-0.466465,false,0.000000,execution_costs_v1.0,0.000000,0.000000,,,,
2024-09-04,SNV,BBG001S5S3G1,1,false,44.310000,44.010000,1.681336,-0.677048,false,0.000000,execution_costs_v1.0,0.000000,0.000000,,,,
2024-09-04,SNX,BBG001SFQWB2,0,false,115.160000,115.480000,2.049323,0.277874,false,0.000000,execution_costs_v1.0,0.000000,0.000000,,,,
2024-09-04,SOC,BBG00Z6F4C29,1,false,23.590000,22.400000,3.136922,-5.044510,false,0.000000,execution_costs_v1.0,0.000000,0.000000,,,,
2024-09-04,SOFI,BBG00YB1ZF08,51,true,7.410000,7.490000,4.723347,1.079622,false,0.000000,execution_costs_v1.0,0.000000,0.000000,,,,
2024-09-04,SOHU,BBG00L2DB5V4,0,false,15.190000,15.370000,1.645820,1.184990,false,0.000000,execution_costs_v1.0,0.000000,0.000000,,,,
2024-09-04,SOI,BBG00G7D6CQ7,0,false,11.990000,11.760000,0.667223,-1.918265,false,0.000000,execution_costs_v1.0,0.000000,0.000000,,,,
2024-09-04,SON,BBG001S7M9F1,0,false,55.440000,54.370000,0.577201,-1.930014,false,0.000000,execution_costs_v1.0,0.000000,0.000000,,,,
2024-09-04,SONO,BBG001SRR9R9,1,false,11.730000,12.030000,2.728048,2.557545,false,0.000000,execution_costs_v1.0,0.000000,0.000000,,,,
2024-09-04,SOUN,BBG017304PD5,49,true,4.480000,4.490000,3.794643,0.223214,false,0.000000,execution_costs_v1.0,0.000000,0.000000,,,,
2024-09-04,SPB,BBG001S63S71,1,false,93.240000,92.600000,1.163664,-0.686401,false,0.000000,execution_costs_v1.0,0.000000,0.000000,,,,
2024-09-04,SPCE,BBG00HTN2DF3,2,false,6.160000,6.295000,5.519481,2.191558,false,0.000000,execution_costs_v1.0,0.000000,0.000000,,,,
2024-09-04,SPFI,BBG001SN2YN4,0,false,34.330000,34.090000,0.903000,-0.699097,false,0.000000,execution_costs_v1.0,0.000000,0.000000,,,,
2024-09-04,SPH,BBG001S6DDV6,0,false,17.320000,17.480000,2.020785,0.923788,false,0.000000,execution_costs_v1.0,0.000000,0.000000,,,,
2024-09-04,SPHR,BBG00L9HLWW7,0,false,44.700000,44.350000,0.715884,-0.782998,false,0.000000,execution_costs_v1.0,0.000000,0.000000,,,,
2024-09-04,SPNS,0000885740,0,false,34.900000,35.140000,1.432665,0.687679,false,0.000000,execution_costs_v1.0,0.000000,0.000000,,,,
2024-09-04,SPNT,0001576018,0,false,14.640000,14.560000,1.024590,-0.546448,false,0.000000,execution_costs_v1.0,0.000000,0.000000,,,,
2024-09-04,SPR,BBG001SKF1N8,0,false,33.290000,33.750000,2.673476,1.381796,false,0.000000,execution_costs_v1.0,0.000000,0.000000,,,,
2024-09-04,SPRY,BBG00FZQGXH2,7,false,11.940000,11.920000,1.716918,-0.167504,false,0.000000,execution_costs_v1.0,0.000000,0.000000,,,,
2024-09-04,SPSC,BBG001T65R07,0,false,189.340000,190.140000,1.087990,0.422520,false,0.000000,execution_costs_v1.0,0.000000,0.000000,,,,
2024-09-04,SPT,BBG001V0K3F7,0,false,28.930000,29.090000,3.007259,0.553059,false,0.000000,execution_costs_v1.0,0.000000,0.000000,,,,
2024-09-04,SPTN,BBG001S7LC92,0,false,22.260000,22.550000,1.437556,1.302785,false,0.000000,execution_costs_v1.0,0.000000,0.000000,,,,
2024-09-04,SPXC,BBG001S5W9N5,0,false,147.810000,147.650000,0.974224,-0.108247,false,0.000000,execution_costs_v1.0,0.000000,0.000000,,,,
2024-09-04,SQSP,BBG00389GQ82,0,false,45.260000,45.260000,0.132567,0.000000,false,0.000000,execution_costs_v1.0,0.000000,0.000000,,,,
2024-09-04,SR,BBG001S5SSD9,0,false,66.180000,65.800000,0.634633,-0.574192,false,0.000000,execution_costs_v1.0,0.000000,0.000000,,,,
2024-09-04,SRAD,0001836470,0,false,11.870000,11.990000,1.769166,1.010952,false,0.000000,execution_costs_v1.0,0.000000,0.000000,,,,
2024-09-04,SRCE,BBG001S5WB32,0,false,61.215000,59.800000,0.000000,-2.311525,false,0.000000,execution_costs_v1.0,0.000000,0.000000,,,,
2024-09-04,SRCL,BBG001S7P0T2,0,false,59.010000,59.300000,0.576174,0.491442,false,0.000000,execution_costs_v1.0,0.000000,0.000000,,,,
2024-09-04,SRDX,BBG001SBL623,0,false,39.200000,38.800000,0.153061,-1.020408,false,0.000000,execution_costs_v1.0,0.000000,0.000000,,,,
2024-09-04,SRI,BBG001S5RX58,0,false,13.740000,13.390000,1.382824,-2.547307,false,0.000000,execution_costs_v1.0,0.000000,0.000000,,,,
2024-09-04,SRPT,BBG001S6KJC6,0,false,133.960000,134.850000,1.060018,0.664377,false,0.000000,execution_costs_v1.0,0.000000,0.000000,,,,
2024-09-04,SRRK,BBG00KT2RSD4,0,false,8.990000,8.770000,2.725250,-2.447164,false,0.000000,execution_costs_v1.0,0.000000,0.000000,,,,
2024-09-04,SSB,BBG001S9J7Z3,0,false,95.820000,95.600000,1.241912,-0.229597,false,0.000000,execution_costs_v1.0,0.000000,0.000000,,,,
2024-09-04,SSD,BBG001SB9QN0,0,false,173.930000,173.560000,0.330593,-0.212729,false,0.000000,execution_costs_v1.0,0.000000,0.000000,,,,
2024-09-04,SSRM,BBG001S6JSX5,2,false,4.900000,4.850000,2.040816,-1.020408,false,0.000000,execution_costs_v1.0,0.000000,0.000000,,,,
2024-09-04,SSTK,BBG002ZCK3M7,0,false,34.030000,34.340000,2.703497,0.910961,false,0.000000,execution_costs_v1.0,0.000000,0.000000,,,,
2024-09-04,SSYS,0001517396,0,false,6.960000,6.610000,0.574713,-5.028736,false,0.000000,execution_costs_v1.0,0.000000,0.000000,,,,
2024-09-04,ST,0001477294,0,false,36.310000,36.510000,1.900303,0.550812,false,0.000000,execution_costs_v1.0,0.000000,0.000000,,,,
2024-09-04,STAA,BBG001S6MC39,0,false,32.280000,31.510000,0.402726,-2.385378,false,0.000000,execution_costs_v1.0,0.000000,0.000000,,,,
2024-09-04,STAG,BBG001T9F312,0,false,40.110000,40.070000,0.959860,-0.099726,false,0.000000,execution_costs_v1.0,0.000000,0.000000,,,,
2024-09-04,STBA,BBG001S68QG0,0,false,42.310000,41.980000,1.654455,-0.779957,false,0.000000,execution_costs_v1.0,0.000000,0.000000,,,,
2024-09-04,STC,BBG001S7KRL6,0,false,74.570000,73.660000,1.267266,-1.220330,false,0.000000,execution_costs_v1.0,0.000000,0.000000,,,,
2024-09-04,STEL,BBG00HZ69LD0,0,false,27.065000,26.710000,0.184740,-1.311657,false,0.000000,execution_costs_v1.0,0.000000,0.000000,,,,
2024-09-04,STEP,BBG00WXXV0W0,0,false,53.790000,54.050000,1.784718,0.483361,false,0.000000,execution_costs_v1.0,0.000000,0.000000,,,,
2024-09-04,STER,BBG012BTZSC5,0,false,16.190000,16.245000,0.617665,0.339716,false,0.000000,execution_costs_v1.0,0.000000,0.000000,,,,
2024-09-04,STGW,BBG00ZV0HW08,0,false,6.950000,6.960000,1.438849,0.143885,false,0.000000,execution_costs_v1.0,0.000000,0.000000,,,,
2024-09-04,STKL,BBG001S6V9S9,0,false,5.410000,5.630000,4.066543,4.066543,false,0.000000,execution_costs_v1.0,0.000000,0.000000,,,,
2024-09-04,STN,BBG001S6JJQ3,0,false,80.940000,79.930000,0.000000,-1.247838,false,0.000000,execution_costs_v1.0,0.000000,0.000000,,,,
2024-09-04,STNE,0001745431,0,false,13.050000,12.620000,0.689655,-3.295019,false,0.000000,execution_costs_v1.0,0.000000,0.000000,,,,
2024-09-04,STNG,0001483934,1,false,67.780000,68.500000,1.814695,1.062260,false,0.000000,execution_costs_v1.0,0.000000,0.000000,,,,
2024-09-04,STOK,BBG00JPCBPH8,3,false,15.120000,15.470000,2.645503,2.314815,false,0.000000,execution_costs_v1.0,0.000000,0.000000,,,,
2024-09-04,STR,BBG01C36Y873,0,false,21.600000,21.340000,1.851852,-1.203704,false,0.000000,execution_costs_v1.0,0.000000,0.000000,,,,
2024-09-04,STRA,BBG001S90RW2,0,false,96.420000,94.990000,0.995644,-1.483095,false,0.000000,execution_costs_v1.0,0.000000,0.000000,,,,
2024-09-04,STRL,BBG001SC9C40,1,false,106.070000,109.550000,3.384557,3.280852,false,0.000000,execution_costs_v1.0,0.000000,0.000000,,,,
2024-09-04,STVN,0001849853,0,false,21.740000,21.600000,2.207912,-0.643974,false,0.000000,execution_costs_v1.0,0.000000,0.000000,,,,
2024-09-04,STWD,BBG001T4JCN5,56,true,19.690000,19.675000,0.660234,-0.076181,false,0.000000,execution_costs_v1.0,0.000000,0.000000,,,,
2024-09-04,SUM,BBG006K8P6F9,0,false,37.700000,36.810000,0.610080,-2.360743,false,0.000000,execution_costs_v1.0,0.000000,0.000000,,,,
2024-09-04,SUN,BBG00358K8T9,0,false,53.150000,52.500000,1.110066,-1.222954,false,0.000000,execution_costs_v1.0,0.000000,0.000000,,,,
2024-09-04,SUPN,BBG001SFKFF1,0,false,34.740000,35.000000,0.805987,0.748417,false,0.000000,execution_costs_v1.0,0.000000,0.000000,,,,
2024-09-04,SUPV,BBG00BTHJ014,0,false,7.350000,7.800000,6.734694,6.122449,false,0.000000,execution_costs_v1.0,0.000000,0.000000,,,,
2024-09-04,SVC,BBG001S81XC2,1,false,4.670000,4.705000,4.282655,0.749465,false,0.000000,execution_costs_v1.0,0.000000,0.000000,,,,
2024-09-04,SVM,BBG001S6YR97,1,false,3.490000,3.470000,2.435530,-0.573066,false,0.000000,execution_costs_v1.0,0.000000,0.000000,,,,
2024-09-04,SVRA,BBG001SFTVM9,0,false,4.180000,4.405000,7.655502,5.382775,false,0.000000,execution_costs_v1.0,0.000000,0.000000,,,,
2024-09-04,SVV,BBG01F5T0LT8,0,false,9.090000,9.070000,1.320132,-0.220022,false,0.000000,execution_costs_v1.0,0.000000,0.000000,,,,
2024-09-04,SWBI,BBG001S6MNG1,0,false,14.400000,14.245000,0.347222,-1.076389,false,0.000000,execution_costs_v1.0,0.000000,0.000000,,,,
2024-09-04,SWI,BBG00M1CKT98,1,false,12.330000,12.470000,1.865369,1.135442,false,0.000000,execution_costs_v1.0,0.000000,0.000000,,,,
2024-09-04,SWIM,BBG00ZVXLJB8,0,false,5.850000,5.720000,0.512821,-2.222222,false,0.000000,execution_costs_v1.0,0.000000,0.000000,,,,
2024-09-04,SWN,BBG001S5WHW7,0,false,6.190000,6.030000,0.806139,-2.584814,false,0.000000,execution_costs_v1.0,0.000000,0.000000,,,,
2024-09-04,SWTX,BBG00Q011TX8,0,false,40.470000,40.990000,2.643934,1.284902,false,0.000000,execution_costs_v1.0,0.000000,0.000000,,,,
2024-09-04,SWX,BBG00FWP4JX3,0,false,71.660000,71.120000,0.488418,-0.753558,false,0.000000,execution_costs_v1.0,0.000000,0.000000,,,,
2024-09-04,SXC,BBG001T90D25,1,false,8.410000,8.405000,1.426873,-0.059453,false,0.000000,execution_costs_v1.0,0.000000,0.000000,,,,
2024-09-04,SXI,BBG001S5WJ53,0,false,171.130000,169.850000,0.181090,-0.747969,false,0.000000,execution_costs_v1.0,0.000000,0.000000,,,,
2024-09-04,SXT,BBG001SF0100,0,false,75.670000,75.500000,0.621118,-0.224660,false,0.000000,execution_costs_v1.0,0.000000,0.000000,,,,
2024-09-04,SYBT,BBG001SBG219,0,false,59.450000,59.510000,0.824222,0.100925,false,0.000000,execution_costs_v1.0,0.000000,0.000000,,,,
2024-09-04,SYM,BBG00Z72HCX9,0,false,17.770000,18.130000,2.841868,2.025886,false,0.000000,execution_costs_v1.0,0.000000,0.000000,,,,
2024-09-04,SYNA,BBG001SCDXM9,0,false,72.330000,74.480000,3.387253,2.972487,false,0.000000,execution_costs_v1.0,0.000000,0.000000,,,,
2024-09-04,SYRE,BBG0067L94C1,0,false,27.140000,28.030000,7.295505,3.279293,false,0.000000,execution_costs_v1.0,0.000000,0.000000,,,,
2024-09-04,TAC,BBG001S5WJZ0,0,false,8.700000,8.860000,1.839080,1.839080,false,0.000000,execution_costs_v1.0,0.000000,0.000000,,,,
2024-09-04,TALK,BBG00V317329,0,false,1.920000,1.890000,1.562500,-1.562500,false,0.000000,execution_costs_v1.0,0.000000,0.000000,,,,
2024-09-04,TALO,BBG00JPH4JG0,0,false,10.990000,10.815000,2.411283,-1.592357,false,0.000000,execution_costs_v1.0,0.000000,0.000000,,,,
2024-09-04,TAP,BBG001S5VQ21,4,false,56.800000,55.755000,1.267606,-1.839789,false,0.000000,execution_costs_v1.0,0.000000,0.000000,,,,
2024-09-04,TARS,BBG00RB9BNR6,0,false,26.010000,28.980000,13.417916,11.418685,false,0.000000,execution_costs_v1.0,0.000000,0.000000,,,,
2024-09-04,TASK,BBG009CL6VL2,0,false,12.930000,13.150000,3.308585,1.701469,false,0.000000,execution_costs_v1.0,0.000000,0.000000,,,,
2024-09-04,TBBB,0001978954,0,false,29.440000,29.570000,1.290761,0.441576,false,0.000000,execution_costs_v1.0,0.000000,0.000000,,,,
2024-09-04,TBBK,BBG001SM71W3,0,false,51.330000,49.700000,1.500097,-3.175531,false,0.000000,execution_costs_v1.0,0.000000,0.000000,,,,
2024-09-04,TBLA,0001840502,1,false,3.260000,3.250000,3.067485,-0.306748,false,0.000000,execution_costs_v1.0,0.000000,0.000000,,,,
2024-09-04,TBLD,BBG011K2MTF5,0,false,17.100000,17.300000,1.637427,1.169591,false,0.000000,execution_costs_v1.0,0.000000,0.000000,,,,
2024-09-04,TBPH,0001583107,0,false,7.980000,8.040000,1.879699,0.751880,false,0.000000,execution_costs_v1.0,0.000000,0.000000,,,,
2024-09-04,TCBI,BBG001SJ1VS5,0,false,65.980000,65.530000,1.318581,-0.682025,false,0.000000,execution_costs_v1.0,0.000000,0.000000,,,,
2024-09-04,TCBK,BBG001S78RY6,0,false,44.890000,44.570000,0.490087,-0.712854,false,0.000000,execution_costs_v1.0,0.000000,0.000000,,,,
2024-09-04,TCBX,BBG009W8YNX3,0,false,25.660000,25.420000,0.545596,-0.935308,false,0.000000,execution_costs_v1.0,0.000000,0.000000,,,,
2024-09-04,TCMD,BBG001THH5G1,0,false,13.480000,13.290000,1.483680,-1.409496,false,0.000000,execution_costs_v1.0,0.000000,0.000000,,,,
2024-09-04,TCPC,BBG001V17VG7,1,false,9.130000,9.130000,0.570646,0.000000,false,0.000000,execution_costs_v1.0,0.000000,0.000000,,,,
2024-09-04,TDC,BBG001SPRJ28,0,false,27.470000,27.930000,1.783764,1.674554,false,0.000000,execution_costs_v1.0,0.000000,0.000000,,,,
2024-09-04,TDOC,BBG001TG5PC6,5,false,7.260000,7.440000,7.162534,2.479339,false,0.000000,execution_costs_v1.0,0.000000,0.000000,,,,
2024-09-04,TDS,BBG001S5WM29,0,false,24.830000,23.890000,0.362465,-3.785743,false,0.000000,execution_costs_v1.0,0.000000,0.000000,,,,
2024-09-04,TDW,BBG00HBQ36G8,0,false,81.130000,79.650000,0.221866,-1.824233,false,0.000000,execution_costs_v1.0,0.000000,0.000000,,,,
2024-09-04,TECH,BBG001S66C28,0,false,71.680000,71.110000,0.502232,-0.795201,false,0.000000,execution_costs_v1.0,0.000000,0.000000,,,,
2024-09-04,TELL,BBG001S5TB09,2,false,0.930000,0.938850,1.075269,0.951613,false,0.000000,execution_costs_v1.0,0.000000,0.000000,,,,
2024-09-04,TENB,BBG00LBLCDR3,0,false,39.580000,39.885000,2.281455,0.770591,false,0.000000,execution_costs_v1.0,0.000000,0.000000,,,,
2024-09-04,TERN,BBG00KK1SJ17,2,false,7.180000,7.325000,3.064067,2.019499,false,0.000000,execution_costs_v1.0,0.000000,0.000000,,,,
2024-09-04,TEX,BBG001S6PZQ0,0,false,52.740000,51.840000,1.384149,-1.706485,false,0.000000,execution_costs_v1.0,0.000000,0.000000,,,,
2024-09-04,TFII,BBG001SCQG15,0,false,145.550000,146.330000,0.893164,0.535898,false,0.000000,execution_costs_v1.0,0.000000,0.000000,,,,
2024-09-04,TFIN,BBG001SNKPZ0,0,false,81.720000,80.580000,1.150269,-1.395007,false,0.000000,execution_costs_v1.0,0.000000,0.000000,,,,
2024-09-04,TFPM,BBG00QRZMFT6,0,false,15.730000,15.780000,2.097902,0.317864,false,0.000000,execution_costs_v1.0,0.000000,0.000000,,,,
2024-09-04,TFSL,BBG001SKZF64,1,false,13.300000,13.280000,0.902256,-0.150376,false,0.000000,execution_costs_v1.0,0.000000,0.000000,,,,
2024-09-04,TFX,BBG001S5WNP2,0,false,244.450000,245.050000,1.448149,0.245449,false,0.000000,execution_costs_v1.0,0.000000,0.000000,,,,
2024-09-04,TGB,BBG001S60ML1,0,false,2.010000,2.000000,3.482587,-0.497512,false,0.000000,execution_costs_v1.0,0.000000,0.000000,,,,
2024-09-04,TGI,BBG001S6MWK6,0,false,13.530000,13.310000,1.478197,-1.626016,false,0.000000,execution_costs_v1.0,0.000000,0.000000,,,,
2024-09-04,TGLS,0001534675,0,false,59.520000,60.030000,1.293683,0.856855,false,0.000000,execution_costs_v1.0,0.000000,0.000000,,,,
2024-09-04,TGNA,BBG001S5RHD4,0,false,13.970000,14.150000,1.682176,1.288475,false,0.000000,execution_costs_v1.0,0.000000,0.000000,,,,
2024-09-04,TGTX,BBG001S8NH06,14,true,22.090000,22.070000,4.255319,-0.090539,false,0.000000,execution_costs_v1.0,0.000000,0.000000,,,,
2024-09-04,TH,BBG00K7K34Y4,0,false,9.550000,9.825000,3.246073,2.879581,false,0.000000,execution_costs_v1.0,0.000000,0.000000,,,,
2024-09-04,THFF,BBG001S6TD85,0,false,44.120000,43.710000,0.305984,-0.929284,false,0.000000,execution_costs_v1.0,0.000000,0.000000,,,,
2024-09-04,THG,BBG001S8KZF3,0,false,147.620000,147.320000,0.670641,-0.203224,false,0.000000,execution_costs_v1.0,0.000000,0.000000,,,,
2024-09-04,THO,BBG001S5WPH6,2,false,104.690000,105.940000,1.337281,1.194001,false,0.000000,execution_costs_v1.0,0.000000,0.000000,,,,
2024-09-04,THR,BBG001V0BDC8,0,false,28.980000,28.720000,0.448585,-0.897170,false,0.000000,execution_costs_v1.0,0.000000,0.000000,,,,
2024-09-04,THRD,BBG00Z14GXC9,0,false,11.710000,12.010000,3.329633,2.561913,false,0.000000,execution_costs_v1.0,0.000000,0.000000,,,,
2024-09-04,THRM,BBG001SF8XY5,0,false,48.490000,47.570000,0.525882,-1.897298,false,0.000000,execution_costs_v1.0,0.000000,0.000000,,,,
2024-09-04,THRY,BBG00FWL3JY2,0,false,18.110000,18.060000,0.938708,-0.276091,false,0.000000,execution_costs_v1.0,0.000000,0.000000,,,,
2024-09-04,THS,BBG001SP0625,0,false,41.820000,41.280000,0.777140,-1.291248,false,0.000000,execution_costs_v1.0,0.000000,0.000000,,,,
2024-09-04,TIGO,0000912958,0,false,26.250000,26.500000,1.485714,0.952381,false,0.000000,execution_costs_v1.0,0.000000,0.000000,,,,
2024-09-04,TIGR,BBG00NG4GWB3,0,false,3.640000,3.620000,1.923077,-0.549451,false,0.000000,execution_costs_v1.0,0.000000,0.000000,,,,
2024-09-04,TILE,BBG001S5S5S3,0,false,18.150000,18.219000,0.798898,0.380165,false,0.000000,execution_costs_v1.0,0.000000,0.000000,,,,
2024-09-04,TIPT,BBG001ST0XR1,0,false,19.310000,19.140000,0.958053,-0.880373,false,0.000000,execution_costs_v1.0,0.000000,0.000000,,,,
2024-09-04,TITN,BBG001STZCF2,0,false,13.860000,13.700000,2.164502,-1.154401,false,0.000000,execution_costs_v1.0,0.000000,0.000000,,,,
2024-09-04,TIXT,BBG00YTSTFR8,0,false,3.540000,3.590000,3.813559,1.412429,false,0.000000,execution_costs_v1.0,0.000000,0.000000,,,,
2024-09-04,TK,0000911971,0,false,7.990000,8.035000,2.252816,0.563204,false,0.000000,execution_costs_v1.0,0.000000,0.000000,,,,
2024-09-04,TKO,BBG01G9JKWW4,0,false,117.400000,117.940000,2.759796,0.459966,false,0.000000,execution_costs_v1.0,0.000000,0.000000,,,,
2024-09-04,TKR,BBG001S5WQK0,2,false,80.000000,79.220000,0.625000,-0.975000,false,0.000000,execution_costs_v1.0,0.000000,0.000000,,,,
2024-09-04,TLRY,BBG00L7XTPY9,31,true,1.670000,1.665000,2.994012,-0.299401,false,0.000000,execution_costs_v1.0,0.000000,0.000000,,,,
2024-09-04,TMCI,BBG00GQKR6N3,0,false,5.700000,5.710000,1.929825,0.175439,false,0.000000,execution_costs_v1.0,0.000000,0.000000,,,,
2024-09-04,TMDX,BBG00NZ6J701,2,false,158.230000,150.900000,1.725337,-4.632497,false,0.000000,execution_costs_v1.0,0.000000,0.000000,,,,
2024-09-04,TMHC,BBG003PGJJF2,0,false,64.810000,64.740000,0.756056,-0.108008,false,0.000000,execution_costs_v1.0,0.000000,0.000000,,,,
2024-09-04,TMP,BBG001S9JTL0,0,false,59.740000,59.070000,1.121527,-1.121527,false,0.000000,execution_costs_v1.0,0.000000,0.000000,,,,
2024-09-04,TNC,BBG001SCHFK6,0,false,94.350000,93.740000,0.890302,-0.646529,false,0.000000,execution_costs_v1.0,0.000000,0.000000,,,,
2024-09-04,TNDM,BBG001TG5QC4,0,false,41.750000,41.130000,0.718563,-1.485030,false,0.000000,execution_costs_v1.0,0.000000,0.000000,,,,
2024-09-04,TNET,BBG001SDZPT3,0,false,98.970000,99.770000,1.091240,0.808326,false,0.000000,execution_costs_v1.0,0.000000,0.000000,,,,
2024-09-04,TNGX,BBG00WFDDSK6,0,false,10.870000,10.850000,1.931923,-0.183993,false,0.000000,execution_costs_v1.0,0.000000,0.000000,,,,
2024-09-04,TNK,0001419945,0,false,53.960000,53.730000,1.649370,-0.426242,false,0.000000,execution_costs_v1.0,0.000000,0.000000,,,,
2024-09-04,TNL,BBG001SN4127,0,false,43.720000,43.480000,0.594694,-0.548948,false,0.000000,execution_costs_v1.0,0.000000,0.000000,,,,
2024-09-04,TOL,BBG001S5WT15,2,false,138.540000,140.010000,1.292046,1.061065,false,0.000000,execution_costs_v1.0,0.000000,0.000000,,,,
2024-09-04,TOST,BBG00BTJVKB1,0,false,23.670000,24.120000,2.724968,1.901141,false,0.000000,execution_costs_v1.0,0.000000,0.000000,,,,
2024-09-04,TOWN,BBG001S5WTN1,0,false,34.380000,34.080000,0.959860,-0.872600,false,0.000000,execution_costs_v1.0,0.000000,0.000000,,,,
2024-09-04,TPB,BBG001T99T94,0,false,39.830000,39.890000,1.292995,0.150640,false,0.000000,execution_costs_v1.0,0.000000,0.000000,,,,
2024-09-04,TPC,BBG001S5V297,0,false,21.820000,22.140000,2.841430,1.466544,false,0.000000,execution_costs_v1.0,0.000000,0.000000,,,,
2024-09-04,TPG,BBG0145FSQD9,0,false,48.820000,49.530000,2.253175,1.454322,false,0.000000,execution_costs_v1.0,0.000000,0.000000,,,,
2024-09-04,TPH,BBG001TCN6V6,0,false,42.820000,42.800000,0.747314,-0.046707,false,0.000000,execution_costs_v1.0,0.000000,0.000000,,,,
2024-09-04,TPR,BBG001SFH7D5,0,false,41.330000,41.170000,1.500121,-0.387128,false,0.000000,execution_costs_v1.0,0.000000,0.000000,,,,
2024-09-04,TPX,BBG001SH81D4,0,false,50.400000,50.540000,0.992063,0.277778,false,0.000000,execution_costs_v1.0,0.000000,0.000000,,,,
2024-09-04,TR,BBG001S5WV29,0,false,30.300000,30.760000,1.633663,1.518152,false,0.000000,execution_costs_v1.0,0.000000,0.000000,,,,
2024-09-04,TRAK,BBG001SK6032,0,false,18.450000,18.560000,1.355014,0.596206,false,0.000000,execution_costs_v1.0,0.000000,0.000000,,,,
2024-09-04,TRC,BBG001S5WV65,0,false,17.350000,17.240000,1.152738,-0.634006,false,0.000000,execution_costs_v1.0,0.000000,0.000000,,,,
2024-09-04,TRDA,BBG00MTSMC25,0,false,15.870000,15.400000,0.000000,-2.961563,false,0.000000,execution_costs_v1.0,0.000000,0.000000,,,,
2024-09-04,TREE,BBG001SP2FG8,0,false,54.670000,54.660000,5.542345,-0.018292,false,0.000000,execution_costs_v1.0,0.000000,0.000000,,,,
2024-09-04,TREX,BBG001SB6TV8,0,false,61.000000,61.180000,1.557377,0.295082,false,0.000000,execution_costs_v1.0,0.000000,0.000000,,,,
2024-09-04,TRIN,BBG00T6WFZK3,1,false,13.960000,14.035000,1.146132,0.537249,false,0.000000,execution_costs_v1.0,0.000000,0.000000,,,,
2024-09-04,TRIP,BBG001V10VR2,2,false,13.720000,13.960000,2.551020,1.749271,false,0.000000,execution_costs_v1.0,0.000000,0.000000,,,,
2024-09-04,TRMB,BBG001S5SZP0,0,false,54.810000,55.490000,1.423098,1.240650,false,0.000000,execution_costs_v1.0,0.000000,0.000000,,,,
2024-09-04,TRMD,0001655891,6,false,33.910000,33.930000,1.695665,0.058980,false,0.000000,execution_costs_v1.0,0.000000,0.000000,,,,
2024-09-04,TRMK,BBG001S6JGT6,0,false,33.150000,32.880000,0.573152,-0.814480,false,0.000000,execution_costs_v1.0,0.000000,0.000000,,,,
2024-09-04,TRML,BBG00NX995T1,0,false,15.990000,16.390000,3.564728,2.501563,false,0.000000,execution_costs_v1.0,0.000000,0.000000,,,,
2024-09-04,TRN,BBG001S5WVT0,0,false,31.960000,32.080000,0.954318,0.375469,false,0.000000,execution_costs_v1.0,0.000000,0.000000,,,,
2024-09-04,TRNO,BBG001T60PW1,0,false,68.780000,68.800000,1.061355,0.029078,false,0.000000,execution_costs_v1.0,0.000000,0.000000,,,,
2024-09-04,TRNS,BBG001S5WVW6,0,false,123.020000,123.270000,0.877906,0.203219,false,0.000000,execution_costs_v1.0,0.000000,0.000000,,,,
2024-09-04,TROO,0001412095,0,false,4.120000,4.580000,13.106796,11.165049,false,0.000000,execution_costs_v1.0,0.000000,0.000000,,,,
2024-09-04,TROX,0001530804,0,false,13.090000,12.920000,1.222307,-1.298701,false,0.000000,execution_costs_v1.0,0.000000,0.000000,,,,
2024-09-04,TRS,BBG001SKRBD4,0,false,25.100000,24.410000,0.894821,-2.749004,false,0.000000,execution_costs_v1.0,0.000000,0.000000,,,,
2024-09-04,TRST,BBG001S5WWG2,0,false,34.220000,34.060000,0.672122,-0.467563,false,0.000000,execution_costs_v1.0,0.000000,0.000000,,,,
2024-09-04,TRTX,BBG00GKJ8CY8,0,false,8.850000,8.750000,0.338983,-1.129944,false,0.000000,execution_costs_v1.0,0.000000,0.000000,,,,
2024-09-04,TRUP,BBG002BC7WF2,0,false,43.800000,44.890000,6.198630,2.488584,false,0.000000,execution_costs_v1.0,0.000000,0.000000,,,,
2024-09-04,TSEM,0000928876,1,false,40.810000,41.050000,1.837785,0.588091,false,0.000000,execution_costs_v1.0,0.000000,0.000000,,,,
2024-09-04,TSHA,BBG00TJXFDQ0,1,false,2.030000,2.075000,3.448276,2.216749,false,0.000000,execution_costs_v1.0,0.000000,0.000000,,,,
2024-09-04,TSLX,BBG001V064L4,0,false,21.240000,21.229000,0.423729,-0.051789,false,0.000000,execution_costs_v1.0,0.000000,0.000000,,,,
2024-09-04,TTC,BBG001S5WX98,0,false,91.440000,90.980000,1.498250,-0.503062,false,0.000000,execution_costs_v1.0,0.000000,0.000000,,,,
2024-09-04,TTEK,BBG001S5YYH5,0,false,232.330000,233.390000,0.748935,0.456248,false,0.000000,execution_costs_v1.0,0.000000,0.000000,,,,
2024-09-04,TTGT,BBG001S9R748,0,false,26.010000,25.990000,1.460977,-0.076894,false,0.000000,execution_costs_v1.0,0.000000,0.000000,,,,
2024-09-04,TTI,BBG001S5WXH9,0,false,3.000000,2.940000,0.000000,-2.000000,false,0.000000,execution_costs_v1.0,0.000000,0.000000,,,,
2024-09-04,TTMI,BBG001SFJKF2,0,false,17.970000,18.090000,2.031163,0.667780,false,0.000000,execution_costs_v1.0,0.000000,0.000000,,,,
2024-09-04,TVTX,BBG001SL72C5,2,false,9.510000,10.060000,6.256572,5.783386,false,0.000000,execution_costs_v1.0,0.000000,0.000000,,,,
2024-09-04,TWI,BBG001S634F5,0,false,8.050000,8.190000,2.732919,1.739130,false,0.000000,execution_costs_v1.0,0.000000,0.000000,,,,
2024-09-04,TWKS,BBG01282Z2S8,1,false,4.340000,4.400000,2.304147,1.382488,false,0.000000,execution_costs_v1.0,0.000000,0.000000,,,,
2024-09-04,TWLO,BBG0029ZX859,0,false,60.710000,60.830000,1.507989,0.197661,false,0.000000,execution_costs_v1.0,0.000000,0.000000,,,,
2024-09-04,TWO,BBG001T4RH00,1,false,14.060000,13.950000,0.828592,-0.782361,false,0.000000,execution_costs_v1.0,0.000000,0.000000,,,,
2024-09-04,TWST,BBG006KDCHK2,0,false,40.550000,39.550000,2.466091,-2.466091,false,0.000000,execution_costs_v1.0,0.000000,0.000000,,,,
2024-09-04,TXG,BBG007WX14Y9,0,false,22.850000,22.870000,3.347921,0.087527,false,0.000000,execution_costs_v1.0,0.000000,0.000000,,,,
2024-09-04,TXRH,BBG001SLR3C1,0,false,166.400000,167.750000,1.084736,0.811298,false,0.000000,execution_costs_v1.0,0.000000,0.000000,,,,
2024-09-04,TYRA,BBG00RCQD9F9,0,false,21.310000,21.350000,3.050211,0.187705,false,0.000000,execution_costs_v1.0,0.000000,0.000000,,,,
2024-09-04,U,BBG0056JW5H5,27,true,16.510000,15.930000,2.029073,-3.513022,false,0.000000,execution_costs_v1.0,0.000000,0.000000,,,,
2024-09-04,UAA,BBG001SJLLQ7,0,false,8.170000,8.220000,1.835985,0.611995,false,0.000000,execution_costs_v1.0,0.000000,0.000000,,,,
2024-09-04,UAL,BBG001SQ87W0,9,false,43.800000,44.200000,1.415525,0.913242,false,0.000000,execution_costs_v1.0,0.000000,0.000000,,,,
2024-09-04,UAN,BBG001TWQXN9,0,false,67.380000,67.630000,1.884832,0.371030,false,0.000000,execution_costs_v1.0,0.000000,0.000000,,,,
2024-09-04,UBSI,BBG001S5WZV8,0,false,38.180000,37.780000,0.707177,-1.047669,false,0.000000,execution_costs_v1.0,0.000000,0.000000,,,,
2024-09-04,UCAR,0001939780,0,false,6.687900,6.880000,2.872352,2.872352,false,0.000000,execution_costs_v1.0,0.000000,0.000000,,,,
2024-09-04,UCTT,BBG001SHTS06,1,false,34.090000,34.360000,3.109416,0.792021,false,0.000000,execution_costs_v1.0,0.000000,0.000000,,,,
2024-09-04,UDMY,BBG0025DTRP3,0,false,8.050000,8.100000,3.478261,0.621118,false,0.000000,execution_costs_v1.0,0.000000,0.000000,,,,
2024-09-04,UDR,BBG001S6KCT3,0,false,44.160000,44.580000,2.128623,0.951087,false,0.000000,execution_costs_v1.0,0.000000,0.000000,,,,
2024-09-04,UE,BBG006BFYQP8,0,false,20.750000,20.710000,1.204819,-0.192771,false,0.000000,execution_costs_v1.0,0.000000,0.000000,,,,
2024-09-04,UEC,BBG001SK6158,6,false,4.690000,4.780000,4.051173,1.918977,false,0.000000,execution_costs_v1.0,0.000000,0.000000,,,,
2024-09-04,UFCS,BBG001S5X0J8,0,false,20.360000,20.360000,1.448919,0.000000,false,0.000000,execution_costs_v1.0,0.000000,0.000000,,,,
2024-09-04,UFPI,BBG001S7GZG9,0,false,116.150000,115.310000,0.658459,-0.723203,false,0.000000,execution_costs_v1.0,0.000000,0.000000,,,,
2024-09-04,UFPT,BBG001S79DN8,0,false,326.560000,330.680000,1.609199,1.261636,false,0.000000,execution_costs_v1.0,0.000000,0.000000,,,,
2024-09-04,UGI,BBG001S5X0W3,0,false,25.000000,25.045000,1.300000,0.180000,false,0.000000,execution_costs_v1.0,0.000000,0.000000,,,,
2024-09-04,UHAL.B,BBG01B6SGC20,0,false,66.530000,67.650000,1.781151,1.683451,false,0.000000,execution_costs_v1.0,0.000000,0.000000,,,,
2024-09-04,UHT,BBG001S5X151,0,false,44.350000,44.420000,0.880496,0.157835,false,0.000000,execution_costs_v1.0,0.000000,0.000000,,,,
2024-09-04,UI,BBG001T1WDF3,0,false,195.000000,189.050000,0.000000,-3.051282,false,0.000000,execution_costs_v1.0,0.000000,0.000000,,,,
2024-09-04,UIS,BBG001S5X1D2,0,false,5.590000,5.340000,0.178891,-4.472272,false,0.000000,execution_costs_v1.0,0.000000,0.000000,,,,
2024-09-04,ULCC,BBG00GCTTKY4,2,false,3.560000,3.640000,5.337079,2.247191,false,0.000000,execution_costs_v1.0,0.000000,0.000000,,,,
2024-09-04,ULH,BBG001SK03X9,0,false,41.870000,41.660000,2.448053,-0.501552,false,0.000000,execution_costs_v1.0,0.000000,0.000000,,,,
2024-09-04,UMBF,BBG001S7Y2T8,0,false,103.270000,102.250000,1.384720,-0.987702,false,0.000000,execution_costs_v1.0,0.000000,0.000000,,,,
2024-09-04,UMH,BBG001S7JRQ3,0,false,19.280000,19.235000,1.115145,-0.233402,false,0.000000,execution_costs_v1.0,0.000000,0.000000,,,,
2024-09-04,UNF,BBG001S5X2B2,0,false,186.090000,185.750000,0.558225,-0.182707,false,0.000000,execution_costs_v1.0,0.000000,0.000000,,,,
2024-09-04,UNFI,BBG001S7B0Y1,0,false,16.060000,16.350000,3.894147,1.805729,false,0.000000,execution_costs_v1.0,0.000000,0.000000,,,,
2024-09-04,UNIT,BBG002B67HC1,0,false,4.350000,4.705000,9.195402,8.160920,false,0.000000,execution_costs_v1.0,0.000000,0.000000,,,,
2024-09-04,UNM,BBG001S5X2J4,0,false,55.000000,55.150000,0.909091,0.272727,false,0.000000,execution_costs_v1.0,0.000000,0.000000,,,,
2024-09-04,UNTY,BBG001S5Q024,0,false,33.640000,32.460000,0.000000,-3.507729,false,0.000000,execution_costs_v1.0,0.000000,0.000000,,,,
2024-09-04,UP,BBG00XTV85M3,0,false,1.690000,1.690000,4.142012,0.000000,false,0.000000,execution_costs_v1.0,0.000000,0.000000,,,,
2024-09-04,UPBD,BBG001S6BR38,0,false,33.050000,32.680000,0.030257,-1.119516,false,0.000000,execution_costs_v1.0,0.000000,0.000000,,,,
2024-09-04,UPST,BBG00PKCBY62,32,true,37.570000,36.330000,3.513442,-3.300506,false,0.000000,execution_costs_v1.0,0.000000,0.000000,,,,
2024-09-04,UPWK,BBG00FBJ63B7,0,false,9.206000,9.600000,5.148816,4.279818,false,0.000000,execution_costs_v1.0,0.000000,0.000000,,,,
2024-09-04,URBN,BBG001S7H9K1,7,false,36.010000,37.390000,3.998889,3.832269,false,0.000000,execution_costs_v1.0,0.000000,0.000000,,,,
2024-09-04,URG,BBG001SKVFK2,5,false,1.070000,1.080000,6.542056,0.934579,false,0.000000,execution_costs_v1.0,0.000000,0.000000,,,,
2024-09-04,URGN,0001668243,0,false,13.400000,13.970000,5.447761,4.253731,false,0.000000,execution_costs_v1.0,0.000000,0.000000,,,,
2024-09-04,USAC,BBG001V1S8F6,0,false,22.200000,22.260000,1.891892,0.270270,false,0.000000,execution_costs_v1.0,0.000000,0.000000,,,,
2024-09-04,USAP,BBG001S89L94,1,false,37.810000,37.550000,1.362074,-0.687649,false,0.000000,execution_costs_v1.0,0.000000,0.000000,,,,
2024-09-04,USFD,BBG00C6H6D59,0,false,58.490000,58.500000,0.427423,0.017097,false,0.000000,execution_costs_v1.0,0.000000,0.000000,,,,
2024-09-04,USLM,BBG001S7MWH8,0,false,75.790000,76.300000,1.081937,0.672912,false,0.000000,execution_costs_v1.0,0.000000,0.000000,,,,
2024-09-04,USM,BBG001S5X446,0,false,56.890000,55.550000,2.126912,-2.355423,false,0.000000,execution_costs_v1.0,0.000000,0.000000,,,,
2024-09-04,USNA,BBG001S79BP0,0,false,39.380000,39.550000,2.006094,0.431691,false,0.000000,execution_costs_v1.0,0.000000,0.000000,,,,
2024-09-04,USPH,BBG001S71ZL9,0,false,87.260000,86.780000,0.803346,-0.550080,false,0.000000,execution_costs_v1.0,0.000000,0.000000,,,,
2024-09-04,UTI,BBG001SC4X67,0,false,16.870000,16.830000,0.474215,-0.237107,false,0.000000,execution_costs_v1.0,0.000000,0.000000,,,,
2024-09-04,UTL,BBG001S5X5G0,0,false,59.810000,59.290000,0.359472,-0.869420,false,0.000000,execution_costs_v1.0,0.000000,0.000000,,,,
2024-09-04,UTZ,BBG00M8652J9,0,false,17.470000,17.940000,3.548941,2.690326,false,0.000000,execution_costs_v1.0,0.000000,0.000000,,,,
2024-09-04,UUUU,BBG001S9FH94,2,false,4.330000,4.385000,3.695150,1.270208,false,0.000000,execution_costs_v1.0,0.000000,0.000000,,,,
2024-09-04,UVE,BBG001S5QC19,0,false,21.141800,21.100000,1.221277,-0.197713,false,0.000000,execution_costs_v1.0,0.000000,0.000000,,,,
2024-09-04,UVSP,BBG001S6YQ99,0,false,28.290000,28.050000,0.813008,-0.848356,false,0.000000,execution_costs_v1.0,0.000000,0.000000,,,,
2024-09-04,UVV,BBG001S5X5V3,0,false,53.640000,53.270000,0.419463,-0.689784,false,0.000000,execution_costs_v1.0,0.000000,0.000000,,,,
2024-09-04,UWMC,BBG00R24YP79,3,false,9.230000,9.260000,2.166847,0.325027,false,0.000000,execution_costs_v1.0,0.000000,0.000000,,,,
2024-09-04,VAC,BBG001V0GHW2,0,false,72.820000,72.380000,1.098599,-0.604230,false,0.000000,execution_costs_v1.0,0.000000,0.000000,,,,
2024-09-04,VAL,0000314808,0,false,57.890000,56.520000,1.356020,-2.366557,false,0.000000,execution_costs_v1.0,0.000000,0.000000,,,,
2024-09-04,VALU,BBG001S5X687,0,false,42.240000,42.510000,2.542614,0.639205,false,0.000000,execution_costs_v1.0,0.000000,0.000000,,,,
2024-09-04,VATE,BBG001S16908,0,false,4.020000,3.780000,1.741294,-5.970149,false,0.000000,execution_costs_v1.0,0.000000,0.000000,,,,
2024-09-04,VBNK,BBG00FWZQ4P9,0,false,13.560000,13.380000,0.000000,-1.327434,false,0.000000,execution_costs_v1.0,0.000000,0.000000,,,,
2024-09-04,VBTX,BBG001T6ZGF2,0,false,24.540000,24.270000,1.140994,-1.100244,false,0.000000,execution_costs_v1.0,0.000000,0.000000,,,,
2024-09-04,VC,BBG001TCM086,0,false,99.140000,99.000000,0.695985,-0.141214,false,0.000000,execution_costs_v1.0,0.000000,0.000000,,,,
2024-09-04,VCEL,BBG001S6X9M3,0,false,48.990000,48.010000,1.285977,-2.000408,false,0.000000,execution_costs_v1.0,0.000000,0.000000,,,,
2024-09-04,VCTR,BBG0074JPDP5,0,false,52.520000,52.680000,2.418126,0.304646,false,0.000000,execution_costs_v1.0,0.000000,0.000000,,,,
2024-09-04,VCYT,BBG001TSQWW0,0,false,30.000000,29.540000,1.183333,-1.533333,false,0.000000,execution_costs_v1.0,0.000000,0.000000,,,,
2024-09-04,VECO,BBG001S5X6T4,0,false,31.790000,31.760000,2.264863,-0.094369,false,0.000000,execution_costs_v1.0,0.000000,0.000000,,,,
2024-09-04,VEL,BBG00QLF1HK4,0,false,19.100000,19.210000,0.628272,0.575916,false,0.000000,execution_costs_v1.0,0.000000,0.000000,,,,
2024-09-04,VERA,BBG00Q72WYH2,0,false,38.040000,38.460000,2.392219,1.104101,false,0.000000,execution_costs_v1.0,0.000000,0.000000,,,,
2024-09-04,VERV,BBG00P33TD13,6,false,5.940000,6.105000,5.892256,2.777778,false,0.000000,execution_costs_v1.0,0.000000,0.000000,,,,
2024-09-04,VERX,BBG00VVT2FV3,0,false,36.420000,36.080000,0.384404,-0.933553,false,0.000000,execution_costs_v1.0,0.000000,0.000000,,,,
2024-09-04,VET,BBG001S7X7L6,3,false,9.600000,9.545000,1.510417,-0.572917,false,0.000000,execution_costs_v1.0,0.000000,0.000000,,,,
2024-09-04,VFC,BBG001S5X749,5,false,18.750000,18.010000,0.266667,-3.946667,false,0.000000,execution_costs_v1.0,0.000000,0.000000,,,,
2024-09-04,VFS,0001913510,1,false,3.560000,3.515000,0.000000,-1.264045,false,0.000000,execution_costs_v1.0,0.000000,0.000000,,,,
2024-09-04,VGR,BBG001S75639,0,false,15.010000,15.000000,0.066622,-0.066622,false,0.000000,execution_costs_v1.0,0.000000,0.000000,,,,
2024-09-04,VHI,BBG001S5X7H5,0,false,29.550000,29.400000,1.184433,-0.507614,false,0.000000,execution_costs_v1.0,0.000000,0.000000,,,,
2024-09-04,VIAV,BBG001S92GV5,0,false,8.070000,8.160000,2.912020,1.115242,false,0.000000,execution_costs_v1.0,0.000000,0.000000,,,,
2024-09-04,VICR,BBG001S6JQ96,0,false,35.650000,35.820000,1.851332,0.476858,false,0.000000,execution_costs_v1.0,0.000000,0.000000,,,,
2024-09-04,VINP,0001826286,0,false,10.220000,10.340000,3.620352,1.174168,false,0.000000,execution_costs_v1.0,0.000000,0.000000,,,,
2024-09-04,VIR,BBG00H2QQ8V2,0,false,7.780000,7.605000,0.257069,-2.249357,false,0.000000,execution_costs_v1.0,0.000000,0.000000,,,,
2024-09-04,VIRT,BBG0064N2T87,0,false,31.120000,31.210000,1.735219,0.289203,false,0.000000,execution_costs_v1.0,0.000000,0.000000,,,,
2024-09-04,VITL,BBG006XWWBM5,0,false,30.030000,30.520000,2.763903,1.631702,false,0.000000,execution_costs_v1.0,0.000000,0.000000,,,,
2024-09-04,VKTX,BBG006LGV887,5,false,58.200000,58.170000,3.556701,-0.051546,false,0.000000,execution_costs_v1.0,0.000000,0.000000,,,,
2024-09-04,VLD,BBG00YZ5PM72,0,false,1.250000,1.290000,6.400000,3.200000,false,0.000000,execution_costs_v1.0,0.000000,0.000000,,,,
2024-09-04,VLGEA,BBG001S5X8H3,0,false,32.420000,32.150000,0.200494,-0.832819,false,0.000000,execution_costs_v1.0,0.000000,0.000000,,,,
2024-09-04,VLY,BBG001S7H654,0,false,8.440000,8.380000,1.481043,-0.710900,false,0.000000,execution_costs_v1.0,0.000000,0.000000,,,,
2024-09-04,VMEO,BBG00ZNSSLJ8,1,false,5.220000,5.230000,2.298851,0.191571,false,0.000000,execution_costs_v1.0,0.000000,0.000000,,,,
2024-09-04,VMI,BBG001S5X650,0,false,274.720000,272.000000,0.298486,-0.990099,false,0.000000,execution_costs_v1.0,0.000000,0.000000,,,,
2024-09-04,VNO,BBG001S5X909,0,false,33.720000,33.675000,1.423488,-0.133452,false,0.000000,execution_costs_v1.0,0.000000,0.000000,,,,
2024-09-04,VNOM,BBG006G57XH9,1,false,46.360000,46.360000,1.639344,0.000000,false,0.000000,execution_costs_v1.0,0.000000,0.000000,,,,
2024-09-04,VNT,BBG00RRGSKH2,1,false,33.630000,33.400000,0.327089,-0.683913,false,0.000000,execution_costs_v1.0,0.000000,0.000000,,,,
2024-09-04,VOYA,BBG001S6QQP0,0,false,70.430000,71.080000,1.249468,0.922902,false,0.000000,execution_costs_v1.0,0.000000,0.000000,,,,
2024-09-04,VPG,BBG001T5X9F2,0,false,26.500000,26.680000,1.283019,0.679245,false,0.000000,execution_costs_v1.0,0.000000,0.000000,,,,
2024-09-04,VRDN,BBG002H24301,0,false,14.360000,14.870000,5.292479,3.551532,false,0.000000,execution_costs_v1.0,0.000000,0.000000,,,,
2024-09-04,VRE,BBG001S825N0,0,false,17.260000,17.395000,1.535342,0.782155,false,0.000000,execution_costs_v1.0,0.000000,0.000000,,,,
2024-09-04,VREX,BBG00CZNLR38,0,false,11.750000,11.710000,2.510638,-0.340426,false,0.000000,execution_costs_v1.0,0.000000,0.000000,,,,
2024-09-04,VRNS,BBG001Y04TP4,0,false,54.090000,55.050000,2.163062,1.774820,false,0.000000,execution_costs_v1.0,0.000000,0.000000,,,,
2024-09-04,VRNT,BBG001S6V8N6,0,false,30.000000,29.880000,0.600000,-0.400000,false,0.000000,execution_costs_v1.0,0.000000,0.000000,,,,
2024-09-04,VRRM,BBG00G4XQBP7,0,false,26.980000,26.960000,0.611564,-0.074129,false,0.000000,execution_costs_v1.0,0.000000,0.000000,,,,
2024-09-04,VRTS,BBG001T1QKH2,0,false,203.620000,201.850000,1.188488,-0.869266,false,0.000000,execution_costs_v1.0,0.000000,0.000000,,,,
2024-09-04,VSAT,BBG001S98NF2,0,false,15.310000,15.160000,1.894187,-0.979752,false,0.000000,execution_costs_v1.0,0.000000,0.000000,,,,
2024-09-04,VSCO,BBG01103B480,0,false,22.900000,22.730000,2.794760,-0.742358,false,0.000000,execution_costs_v1.0,0.000000,0.000000,,,,
2024-09-04,VSEC,BBG001S5X9Z1,0,false,87.310000,86.260000,0.286336,-1.202611,false,0.000000,execution_costs_v1.0,0.000000,0.000000,,,,
2024-09-04,VSH,BBG001S5XB04,0,false,18.780000,19.080000,2.183174,1.597444,false,0.000000,execution_costs_v1.0,0.000000,0.000000,,,,
2024-09-04,VSTO,BBG006F8QZL3,0,false,39.060000,39.000000,0.179211,-0.153610,false,0.000000,execution_costs_v1.0,0.000000,0.000000,,,,
2024-09-04,VSTS,BBG001SGVMS8,0,false,13.960000,13.680000,0.573066,-2.005731,false,0.000000,execution_costs_v1.0,0.000000,0.000000,,,,
2024-09-04,VTEX,0001793663,0,false,6.710000,6.770000,1.713860,0.894188,false,0.000000,execution_costs_v1.0,0.000000,0.000000,,,,
2024-09-04,VTLE,BBG001T24DQ0,1,false,33.760000,31.990000,0.547986,-5.242891,false,0.000000,execution_costs_v1.0,0.000000,0.000000,,,,
2024-09-04,VTOL,BBG001YH8QJ6,0,false,38.900000,38.930000,1.928021,0.077121,false,0.000000,execution_costs_v1.0,0.000000,0.000000,,,,
2024-09-04,VTRS,BBG00Y52JV51,2,false,11.900000,11.780000,0.084034,-1.008403,false,0.000000,execution_costs_v1.0,0.000000,0.000000,,,,
2024-09-04,VTS,BBG01B9G0J34,0,false,24.860000,24.510000,0.921158,-1.407884,false,0.000000,execution_costs_v1.0,0.000000,0.000000,,,,
2024-09-04,VVI,BBG001S77S57,0,false,33.170000,33.230000,1.778716,0.180886,false,0.000000,execution_costs_v1.0,0.000000,0.000000,,,,
2024-09-04,VVV,BBG003DNHV65,0,false,40.940000,40.580000,1.025892,-0.879336,false,0.000000,execution_costs_v1.0,0.000000,0.000000,,,,
2024-09-04,VVX,BBG005PG80L3,0,false,54.080000,53.320000,0.980030,-1.405325,false,0.000000,execution_costs_v1.0,0.000000,0.000000,,,,
2024-09-04,VYGR,BBG005ZSY242,0,false,6.210000,6.200000,0.724638,-0.161031,false,0.000000,execution_costs_v1.0,0.000000,0.000000,,,,
2024-09-04,VYX,BBG001S9FBR7,0,false,12.880000,12.800000,2.989130,-0.621118,false,0.000000,execution_costs_v1.0,0.000000,0.000000,,,,
2024-09-04,VZIO,BBG00ZHDJWD0,0,false,11.240000,11.280000,0.533808,0.355872,false,0.000000,execution_costs_v1.0,0.000000,0.000000,,,,
2024-09-04,VZLA,BBG00L1MK0Z2,0,false,1.970000,1.900000,0.507614,-3.553299,false,0.000000,execution_costs_v1.0,0.000000,0.000000,,,,
2024-09-04,W,BBG001THKQ26,4,false,40.700000,41.860000,6.326781,2.850123,false,0.000000,execution_costs_v1.0,0.000000,0.000000,,,,
2024-09-04,WABC,BBG001S7XYL7,0,false,51.280000,50.850000,0.565523,-0.838534,false,0.000000,execution_costs_v1.0,0.000000,0.000000,,,,
2024-09-04,WAFD,BBG001S5XF96,0,false,36.260000,35.950000,1.047987,-0.854937,false,0.000000,execution_costs_v1.0,0.000000,0.000000,,,,
2024-09-04,WAL,BBG001SLM522,0,false,79.530000,79.850000,1.370552,0.402364,false,0.000000,execution_costs_v1.0,0.000000,0.000000,,,,
2024-09-04,WALD,0001840199,2,false,3.020000,3.450000,14.238411,14.238411,true,0.000000,execution_costs_v1.0,0.000000,0.000000,,,,
2024-09-04,WASH,BBG001S5XC66,0,false,32.500000,31.890000,0.815385,-1.876923,false,0.000000,execution_costs_v1.0,0.000000,0.000000,,,,
2024-09-04,WBA,BBG001S5XBY7,41,true,8.841000,8.641000,2.590205,-2.262188,false,0.000000,execution_costs_v1.0,0.000000,0.000000,,,,
2024-09-04,WBS,BBG001S5XCP5,0,false,46.390000,45.710000,1.077818,-1.465833,false,0.000000,execution_costs_v1.0,0.000000,0.000000,,,,
2024-09-04,WCC,BBG001SCRP78,1,false,154.690000,153.980000,1.674316,-0.458982,false,0.000000,execution_costs_v1.0,0.000000,0.000000,,,,
2024-09-04,WD,BBG001T0JGM5,0,false,104.540000,106.380000,2.094892,1.760092,false,0.000000,execution_costs_v1.0,0.000000,0.000000,,,,
2024-09-04,WDFC,BBG001S5XD46,0,false,257.830000,264.620000,2.969011,2.633518,false,0.000000,execution_costs_v1.0,0.000000,0.000000,,,,
2024-09-04,WEAV,BBG00BCHPRQ9,0,false,10.930000,10.960000,1.738335,0.274474,false,0.000000,execution_costs_v1.0,0.000000,0.000000,,,,
2024-09-04,WEN,BBG001S7HBX2,0,false,16.540000,16.760000,2.811366,1.330109,false,0.000000,execution_costs_v1.0,0.000000,0.000000,,,,
2024-09-04,WERN,BBG001S5XDR1,1,false,37.220000,37.210000,0.456744,-0.026867,false,0.000000,execution_costs_v1.0,0.000000,0.000000,,,,
2024-09-04,WES,BBG003M3V2V9,0,false,37.900000,37.650000,1.055409,-0.659631,false,0.000000,execution_costs_v1.0,0.000000,0.000000,,,,
2024-09-04,WEST,BBG016LHSFJ0,0,false,7.800000,8.040000,3.461538,3.076923,false,0.000000,execution_costs_v1.0,0.000000,0.000000,,,,
2024-09-04,WEX,BBG001SCJLG6,0,false,188.030000,188.410000,1.074297,0.202095,false,0.000000,execution_costs_v1.0,0.000000,0.000000,,,,
2024-09-04,WEYS,BBG001S5XF05,0,false,32.780000,32.970000,0.579622,0.579622,false,0.000000,execution_costs_v1.0,0.000000,0.000000,,,,
2024-09-04,WFG,BBG001S60WD8,0,false,85.730000,86.600000,1.703021,1.014814,false,0.000000,execution_costs_v1.0,0.000000,0.000000,,,,
2024-09-04,WFRD,0001603923,0,false,97.780000,95.850000,1.196564,-1.973819,false,0.000000,execution_costs_v1.0,0.000000,0.000000,,,,
2024-09-04,WGO,BBG001S5XFG8,0,false,58.000000,58.840000,1.862069,1.448276,false,0.000000,execution_costs_v1.0,0.000000,0.000000,,,,
2024-09-04,WGS,BBG00XDHY5R7,0,false,30.430000,29.620000,6.112389,-2.661847,false,0.000000,execution_costs_v1.0,0.000000,0.000000,,,,
2024-09-04,WH,BBG00HCY3Q76,0,false,77.730000,77.230000,0.836228,-0.643252,false,0.000000,execution_costs_v1.0,0.000000,0.000000,,,,
2024-09-04,WHD,BBG00JRH1Q02,0,false,56.690000,56.740000,1.543482,0.088199,false,0.000000,execution_costs_v1.0,0.000000,0.000000,,,,
2024-09-04,WHR,BBG001S5XFS5,1,false,97.580000,98.790000,1.516704,1.240008,false,0.000000,execution_costs_v1.0,0.000000,0.000000,,,,
2024-09-04,WINA,BBG001S8RR00,0,false,358.200000,360.930000,0.991066,0.762144,false,0.000000,execution_costs_v1.0,0.000000,0.000000,,,,
2024-09-04,WING,BBG008N298X9,0,false,373.030000,379.500000,2.141919,1.734445,false,0.000000,execution_costs_v1.0,0.000000,0.000000,,,,
2024-09-04,WIX,0001576789,0,false,156.100000,158.130000,1.515054,1.300448,false,0.000000,execution_costs_v1.0,0.000000,0.000000,,,,
2024-09-04,WK,BBG007BVZ8J7,0,false,74.380000,74.920000,1.613337,0.726002,false,0.000000,execution_costs_v1.0,0.000000,0.000000,,,,
2024-09-04,WKC,BBG001S5S9J5,0,false,28.340000,28.230000,0.564573,-0.388144,false,0.000000,execution_costs_v1.0,0.000000,0.000000,,,,
2024-09-04,WKME,0001847584,0,false,13.840000,13.850000,0.578035,0.072254,false,0.000000,execution_costs_v1.0,0.000000,0.000000,,,,
2024-09-04,WLDN,BBG001SNM0H3,0,false,38.260000,38.330000,1.019341,0.182959,false,0.000000,execution_costs_v1.0,0.000000,0.000000,,,,
2024-09-04,WLFC,BBG001S934S5,0,false,102.310000,103.210000,1.348842,0.879679,false,0.000000,execution_costs_v1.0,0.000000,0.000000,,,,
2024-09-04,WLKP,BBG006F8Q8C3,0,false,22.610000,22.450000,0.176913,-0.707651,false,0.000000,execution_costs_v1.0,0.000000,0.000000,,,,
2024-09-04,WLY,BBG001S8K9L4,0,false,47.430000,47.650000,1.265022,0.463841,false,0.000000,execution_costs_v1.0,0.000000,0.000000,,,,
2024-09-04,WMG,BBG00RP2T9V3,0,false,27.900000,28.100000,1.792115,0.716846,false,0.000000,execution_costs_v1.0,0.000000,0.000000,,,,
2024-09-04,WMK,BBG001S5XH56,0,false,68.050000,67.870000,0.690669,-0.264511,false,0.000000,execution_costs_v1.0,0.000000,0.000000,,,,
2024-09-04,WMS,BBG001SH4LQ0,0,false,146.000000,143.260000,0.000000,-1.876712,false,0.000000,execution_costs_v1.0,0.000000,0.000000,,,,
2024-09-04,WNC,BBG001S6W2K1,0,false,19.040000,19.150000,1.365546,0.577731,false,0.000000,execution_costs_v1.0,0.000000,0.000000,,,,
2024-09-04,WNS,0001356570,0,false,57.330000,57.240000,1.604744,-0.156986,false,0.000000,execution_costs_v1.0,0.000000,0.000000,,,,
2024-09-04,WOLF,BBG001S6YWT4,23,true,9.010000,9.490000,6.659267,5.327414,false,0.000000,execution_costs_v1.0,0.000000,0.000000,,,,
2024-09-04,WOOF,BBG00YFGTWH3,3,false,3.020000,2.920000,3.642384,-3.311258,false,0.000000,execution_costs_v1.0,0.000000,0.000000,,,,
2024-09-04,WOR,BBG001S6XN51,0,false,43.350000,43.370000,1.245675,0.046136,false,0.000000,execution_costs_v1.0,0.000000,0.000000,,,,
2024-09-04,WOW,BBG00GBB6WG3,0,false,5.450000,5.575000,3.671560,2.293578,false,0.000000,execution_costs_v1.0,0.000000,0.000000,,,,
2024-09-04,WPC,BBG001S67MM3,0,false,60.400000,60.540000,1.076159,0.231788,false,0.000000,execution_costs_v1.0,0.000000,0.000000,,,,
2024-09-04,WRBY,BBG005DWN8L7,0,false,13.830000,13.780000,2.603037,-0.361533,false,0.000000,execution_costs_v1.0,0.000000,0.000000,,,,
2024-09-04,WRLD,BBG001S6H6C8,0,false,114.160000,116.300000,2.356342,1.874562,false,0.000000,execution_costs_v1.0,0.000000,0.000000,,,,
2024-09-04,WS,BBG01JPM5041,0,false,32.120000,31.810000,1.587796,-0.965131,false,0.000000,execution_costs_v1.0,0.000000,0.000000,,,,
2024-09-04,WSBC,BBG001S5XJR8,0,false,32.030000,31.450000,0.671246,-1.810802,false,0.000000,execution_costs_v1.0,0.000000,0.000000,,,,
2024-09-04,WSC,BBG00B0FS9V7,0,false,37.320000,37.160000,0.133976,-0.428725,false,0.000000,execution_costs_v1.0,0.000000,0.000000,,,,
2024-09-04,WSFS,BBG001S5XJX1,0,false,53.280000,53.050000,1.351351,-0.431682,false,0.000000,execution_costs_v1.0,0.000000,0.000000,,,,
2024-09-04,WSM,BBG001SBW7S1,0,false,129.710000,131.590000,2.382237,1.449387,false,0.000000,execution_costs_v1.0,0.000000,0.000000,,,,
2024-09-04,WSR,BBG001SM3736,0,false,13.210000,13.020000,0.302801,-1.438304,false,0.000000,execution_costs_v1.0,0.000000,0.000000,,,,
2024-09-04,WT,BBG001SD2W32,0,false,9.690000,9.650000,0.928793,-0.412797,false,0.000000,execution_costs_v1.0,0.000000,0.000000,,,,
2024-09-04,WTBA,BBG001S5R194,0,false,19.400000,19.140000,0.773196,-1.340206,false,0.000000,execution_costs_v1.0,0.000000,0.000000,,,,
2024-09-04,WTFC,BBG001S945T0,0,false,107.030000,106.340000,1.387461,-0.644679,false,0.000000,execution_costs_v1.0,0.000000,0.000000,,,,
2024-09-04,WTI,BBG001SLLWL3,5,false,2.110000,1.995000,0.473934,-5.450237,false,0.000000,execution_costs_v1.0,0.000000,0.000000,,,,
2024-09-04,WTRG,BBG001S5VFD3,0,false,39.130000,39.310000,0.613340,0.460005,false,0.000000,execution_costs_v1.0,0.000000,0.000000,,,,
2024-09-04,WTS,BBG001S6N6Y7,0,false,192.550000,192.460000,0.459621,-0.046741,false,0.000000,execution_costs_v1.0,0.000000,0.000000,,,,
2024-09-04,WTTR,BBG00G4Y2F27,0,false,11.150000,10.901000,0.448430,-2.233184,false,0.000000,execution_costs_v1.0,0.000000,0.000000,,,,
2024-09-04,WU,BBG001SR0YK0,2,false,12.190000,12.210000,0.984413,0.164069,false,0.000000,execution_costs_v1.0,0.000000,0.000000,,,,
2024-09-04,WULF,BBG0122MC919,34,true,3.780000,3.905000,6.084656,3.306878,false,0.000000,execution_costs_v1.0,0.000000,0.000000,,,,
2024-09-04,WVE,0001631574,0,false,5.510000,5.125000,0.725953,-6.987296,false,0.000000,execution_costs_v1.0,0.000000,0.000000,,,,
2024-09-04,WWD,BBG001S6YZC5,0,false,158.790000,162.160000,2.531646,2.122300,false,0.000000,execution_costs_v1.0,0.000000,0.000000,,,,
2024-09-04,WWW,BBG001S5XKW9,0,false,13.660000,13.820000,1.445827,1.171303,false,0.000000,execution_costs_v1.0,0.000000,0.000000,,,,
2024-09-04,WYNN,BBG001SJZ2V8,1,false,75.880000,77.030000,2.859779,1.515551,false,0.000000,execution_costs_v1.0,0.000000,0.000000,,,,
2024-09-04,X,BBG001S5XL75,29,true,36.080000,29.380000,2.688470,-18.569845,false,0.000000,execution_costs_v1.0,0.000000,0.000000,,,,
2024-09-04,XENE,BBG002VBMLS5,0,false,40.070000,40.550000,2.620414,1.197904,false,0.000000,execution_costs_v1.0,0.000000,0.000000,,,,
2024-09-04,XERS,BBG012V1MG61,2,false,2.600000,2.640000,2.307692,1.538462,false,0.000000,execution_costs_v1.0,0.000000,0.000000,,,,
2024-09-04,XHR,BBG006YP1L50,0,false,14.030000,13.890000,1.069138,-0.997862,false,0.000000,execution_costs_v1.0,0.000000,0.000000,,,,
2024-09-04,XMTR,BBG00BDCCVB0,0,false,18.370000,18.650000,4.082744,1.524224,false,0.000000,execution_costs_v1.0,0.000000,0.000000,,,,
2024-09-04,XNCR,BBG0026ZG4X9,0,false,16.910000,16.640000,1.892371,-1.596688,false,0.000000,execution_costs_v1.0,0.000000,0.000000,,,,
2024-09-04,XOMA,BBG001S5XLP5,0,false,29.000000,27.960000,0.000000,-3.586207,false,0.000000,execution_costs_v1.0,0.000000,0.000000,,,,
2024-09-04,XP,0001787425,3,false,18.440000,18.270000,0.216920,-0.921909,false,0.000000,execution_costs_v1.0,0.000000,0.000000,,,,
2024-09-04,XPEL,BBG001S6JQ87,0,false,42.400000,43.230000,2.158019,1.957547,false,0.000000,execution_costs_v1.0,0.000000,0.000000,,,,
2024-09-04,XPER,BBG019FGSTG6,0,false,8.700000,8.470000,0.574713,-2.643678,false,0.000000,execution_costs_v1.0,0.000000,0.000000,,,,
2024-09-04,XPO,BBG001SJW3C0,2,false,113.290000,113.630000,1.924265,0.300115,false,0.000000,execution_costs_v1.0,0.000000,0.000000,,,,
2024-09-04,XPOF,BBG011M1TY49,0,false,12.620000,12.510000,2.773376,-0.871632,false,0.000000,execution_costs_v1.0,0.000000,0.000000,,,,
2024-09-04,XPRO,0001575828,0,false,18.680000,18.370000,0.591542,-1.659529,false,0.000000,execution_costs_v1.0,0.000000,0.000000,,,,
2024-09-04,XRAY,BBG001S5XLV8,0,false,24.830000,25.540000,3.725332,2.859444,false,0.000000,execution_costs_v1.0,0.000000,0.000000,,,,
2024-09-04,XRX,BBG00NNG2ZK6,1,false,10.930000,10.875000,1.555352,-0.503202,false,0.000000,execution_costs_v1.0,0.000000,0.000000,,,,
2024-09-04,YELP,BBG001T6C2W9,0,false,33.500000,34.090000,2.776119,1.761194,false,0.000000,execution_costs_v1.0,0.000000,0.000000,,,,
2024-09-04,YETI,BBG00D8JC891,1,false,38.720000,38.520000,1.007231,-0.516529,false,0.000000,execution_costs_v1.0,0.000000,0.000000,,,,
2024-09-04,YEXT,BBG001V12329,0,false,4.810000,4.910000,2.702703,2.079002,false,0.000000,execution_costs_v1.0,0.000000,0.000000,,,,
2024-09-04,YMAB,BBG00J2DBN04,0,false,13.880000,14.370000,4.466859,3.530259,false,0.000000,execution_costs_v1.0,0.000000,0.000000,,,,
2024-09-04,YORW,BBG001S6YWZ7,0,false,38.380000,38.500000,0.898906,0.312663,false,0.000000,execution_costs_v1.0,0.000000,0.000000,,,,
2024-09-04,YOU,BBG011C0FSZ6,0,false,29.500000,29.810000,2.067797,1.050847,false,0.000000,execution_costs_v1.0,0.000000,0.000000,,,,
2024-09-04,YUMC,BBG00B8N0HH0,1,false,33.850000,33.650000,0.871492,-0.590842,false,0.000000,execution_costs_v1.0,0.000000,0.000000,,,,
2024-09-04,Z,BBG009NRSWK2,1,false,53.560000,53.850000,2.128454,0.541449,false,0.000000,execution_costs_v1.0,0.000000,0.000000,,,,
2024-09-04,ZD,BBG001SD21P6,0,false,47.020000,47.650000,2.764781,1.339855,false,0.000000,execution_costs_v1.0,0.000000,0.000000,,,,
2024-09-04,ZETA,BBG010FXVQB5,5,false,25.350000,24.870000,1.065089,-1.893491,false,0.000000,execution_costs_v1.0,0.000000,0.000000,,,,
2024-09-04,ZEUS,BBG001S5XN26,0,false,37.060000,37.260000,2.725040,0.539665,false,0.000000,execution_costs_v1.0,0.000000,0.000000,,,,
2024-09-04,ZGN,0001877787,0,false,10.260000,10.180000,0.438596,-0.779727,false,0.000000,execution_costs_v1.0,0.000000,0.000000,,,,
2024-09-04,ZI,BBG00S1HJ4F4,0,false,9.840000,9.820000,3.404472,-0.203252,false,0.000000,execution_costs_v1.0,0.000000,0.000000,,,,
2024-09-04,ZIM,0001654126,6,false,17.400000,17.320000,3.620690,-0.459770,false,0.000000,execution_costs_v1.0,0.000000,0.000000,,,,
2024-09-04,ZIMV,BBG014630596,0,false,17.190000,16.810000,1.163467,-2.210588,false,0.000000,execution_costs_v1.0,0.000000,0.000000,,,,
2024-09-04,ZION,BBG001S5XN80,0,false,48.440000,47.285000,0.660611,-2.384393,false,0.000000,execution_costs_v1.0,0.000000,0.000000,,,,
2024-09-04,ZIP,BBG010JBYW41,0,false,9.410000,9.630000,3.825717,2.337938,false,0.000000,execution_costs_v1.0,0.000000,0.000000,,,,
2024-09-04,ZJYL,0001837821,2,false,2.840000,2.810000,5.633803,-1.056338,false,0.000000,execution_costs_v1.0,0.000000,0.000000,,,,
2024-09-04,ZUMZ,BBG001SGPKJ9,0,false,27.000000,26.460000,0.407407,-2.000000,false,0.000000,execution_costs_v1.0,0.000000,0.000000,,,,
2024-09-04,ZUO,BBG001SS0FH3,0,false,8.490000,8.580000,2.237927,1.060071,false,0.000000,execution_costs_v1.0,0.000000,0.000000,,,,
2024-09-04,ZVRA,BBG0026ZG1G4,1,false,7.270000,7.200000,5.089409,-0.962861,false,0.000000,execution_costs_v1.0,0.000000,0.000000,,,,
2024-09-04,ZWS,BBG001T36GB5,0,false,31.070000,30.640000,0.209205,-1.383972,false,0.000000,execution_costs_v1.0,0.000000,0.000000,,,,
2024-09-04,ZYME,BBG019XSYC98,0,false,11.380000,11.595000,2.724077,1.889279,false,0.000000,execution_costs_v1.0,0.000000,0.000000,,,,
