trading_date,ticker,stable_security_id,premarket_real_bars_60m,scorable,open_0930,close,day_mfe_pct,close_vs_open_pct,top_10_mover,realized_return_pct
2024-03-07,AA,BBG00B3T3HF1,18,true,28.860000,29.870000,4.296604,3.499653,false,0.000000
2024-03-07,AAL,BBG005P7Q907,27,true,14.850000,14.890000,1.010101,0.269360,false,0.000000
2024-03-07,AAOI,BBG001SG47G4,6,false,15.010000,14.830000,1.399067,-1.199201,false,0.000000
2024-03-07,AAON,BBG001S6CZK0,0,false,81.180000,81.110000,0.578960,-0.086228,false,0.000000
2024-03-07,AAP,BBG001SD2SB2,4,false,72.040000,73.640000,2.706830,2.220988,false,0.000000
2024-03-07,AAT,BBG001TCBJS5,0,false,21.010000,20.970000,0.904331,-0.190386,false,0.000000
2024-03-07,AB,BBG001S5N9S0,3,false,33.410000,34.005000,2.095181,1.780904,false,0.000000
2024-03-07,ABCB,BBG001S80PX7,0,false,48.140000,47.610000,0.602410,-1.100956,false,0.000000
2024-03-07,ABCL,BBG00LLW2MH0,1,false,4.910000,4.905000,1.832994,-0.101833,false,0.000000
2024-03-07,ABG,BBG001S9B5H5,0,false,206.840000,210.200000,1.861342,1.624444,false,0.000000
2024-03-07,ABL,BBG00VY1KBC1,0,false,11.210000,11.230000,1.070473,0.178412,false,0.000000
2024-03-07,ABM,BBG001S5N9B8,5,false,43.990000,43.320000,0.000000,-1.523073,false,0.000000
2024-03-07,ABR,BBG001SJP3G4,6,false,12.850000,12.905000,1.106615,0.428016,false,0.000000
2024-03-07,ABSI,BBG011N54DC3,2,false,5.380000,5.120000,2.416357,-4.832714,false,0.000000
2024-03-07,ABUS,BBG001S6RSK0,2,false,2.730000,2.710000,0.915751,-0.732601,false,0.000000
2024-03-07,AC,BBG008NZ8QB1,0,false,33.200000,33.510000,1.054217,0.933735,false,0.000000
2024-03-07,ACA,BBG00JGMWGB9,0,false,84.040000,85.710000,1.999048,1.987149,false,0.000000
2024-03-07,ACAD,BBG001SB06N3,1,false,23.420000,23.500000,3.031597,0.341588,false,0.000000
2024-03-07,ACB,BBG001SV77D1,4,false,3.010000,3.066000,5.644518,1.860465,false,0.000000
2024-03-07,ACCD,BBG00S2L1ZR1,0,false,9.720000,9.530000,0.000000,-1.954733,false,0.000000
2024-03-07,ACCO,BBG001SPBTK3,2,false,5.430000,5.420000,0.552486,-0.184162,false,0.000000
2024-03-07,ACDC,BBG013PRYQC7,0,false,7.810000,7.910000,2.944942,1.280410,false,0.000000
2024-03-07,ACEL,BBG00GX221Z0,0,false,11.290000,11.460000,2.081488,1.505757,false,0.000000
2024-03-07,ACGLN,0000947484,0,false,20.720000,20.800000,0.482625,0.386100,false,0.000000
2024-03-07,ACHC,BBG001SNNWL7,0,false,85.090000,83.650000,1.022447,-1.692326,false,0.000000
2024-03-07,ACHR,BBG00XRTC929,15,true,4.320000,4.300000,3.011574,-0.462963,false,0.000000
2024-03-07,ACI,BBG009KG1741,8,false,20.570000,20.780000,1.725814,1.020904,false,0.000000
2024-03-07,ACIC,BBG001T09W05,0,false,10.400000,10.560000,3.557692,1.538462,false,0.000000
2024-03-07,ACIU,0001651625,0,false,4.000000,3.870000,0.750000,-3.250000,false,0.000000
2024-03-07,ACIW,BBG001S9KLL5,0,false,31.530000,31.510000,0.602601,-0.063432,false,0.000000
2024-03-07,ACLS,BBG001SF8W86,0,false,114.680000,118.490000,3.967475,3.322288,false,0.000000
2024-03-07,ACLX,BBG00QHJM4W4,0,false,73.680000,70.760000,1.927253,-3.963084,false,0.000000
2024-03-07,ACM,BBG001SKTTF1,0,false,89.740000,90.600000,1.515489,0.958324,false,0.000000
2024-03-07,ACMR,BBG00HPSG942,8,false,31.360000,30.400000,2.614796,-3.061224,false,0.000000
2024-03-07,ACRE,BBG0022MMR46,0,false,7.470000,7.430000,1.054886,-0.535475,false,0.000000
2024-03-07,ACT,BBG00WSNP4S2,0,false,28.590000,28.630000,1.364113,0.139909,false,0.000000
2024-03-07,ACTG,BBG001SJLJT9,1,false,3.940000,4.010000,2.284264,1.776650,false,0.000000
2024-03-07,ACVA,BBG00G5JGQ75,0,false,18.330000,17.995000,0.218221,-1.827605,false,0.000000
2024-03-07,ADC,BBG001S6RY81,1,false,57.410000,57.190000,0.019683,-0.383209,false,0.000000
2024-03-07,ADCT,0001771910,1,false,5.000000,4.960000,7.600000,-0.800000,false,0.000000
2024-03-07,ADEA,BBG00RBFBL78,0,false,11.090000,11.310000,2.885482,1.983769,false,0.000000
2024-03-07,ADMA,BBG002NCK5N4,3,false,6.180000,6.160000,3.721683,-0.323625,false,0.000000
2024-03-07,ADNT,0001670541,1,false,34.750000,35.320000,2.791367,1.640288,false,0.000000
2024-03-07,ADPT,BBG001V0GG18,1,false,3.640000,3.450000,3.282967,-5.219780,false,0.000000
2024-03-07,ADSE,0001879248,0,false,10.250000,11.340000,10.634146,10.634146,false,0.000000
2024-03-07,ADT,BBG001S6VGG6,56,true,7.160000,6.710000,0.000000,-6.284916,false,0.000000
2024-03-07,ADTN,BBG0169CH7Y8,2,false,6.240000,6.320000,1.764423,1.282051,false,0.000000
2024-03-07,ADUS,BBG001T56D18,0,false,99.350000,100.610000,1.801711,1.268244,false,0.000000
2024-03-07,ADV,BBG00PPWZ8G3,1,false,3.620000,3.740000,4.696133,3.314917,false,0.000000
2024-03-07,AEG,BBG001S6Y6M8,1,false,5.810000,5.880000,1.204819,1.204819,false,0.000000
2024-03-07,AEHR,BBG001SB1CS4,4,false,16.880000,17.210000,2.962085,1.954976,false,0.000000
2024-03-07,AEIS,BBG001S8L5Z6,0,false,103.240000,105.830000,3.351414,2.508718,false,0.000000
2024-03-07,AEL,BBG001S5T012,0,false,55.690000,55.700000,0.044891,0.017957,false,0.000000
2024-03-07,AEO,BBG001S7Q949,55,true,26.120000,23.040000,1.225115,-11.791730,false,0.000000
2024-03-07,AEON,BBG00Z17HFQ5,1,false,13.166100,11.750000,2.915822,-10.755653,false,0.000000
2024-03-07,AES,BBG001S6B1L5,1,false,16.500000,16.160000,0.181818,-2.060606,false,0.000000
2024-03-07,AESI,BBG01JFZ96Y3,0,false,20.380000,20.030000,1.321884,-1.717370,false,0.000000
2024-03-07,AFG,BBG001S8JK86,0,false,128.800000,128.510000,0.745342,-0.225155,false,0.000000
2024-03-07,AFRM,BBG00Y7BP8Z0,18,true,37.470000,36.580000,0.378169,-2.375234,false,0.000000
2024-03-07,AFYA,0001771007,0,false,20.240000,20.180000,0.592885,-0.296443,false,0.000000
2024-03-07,AG,BBG001SGV444,30,true,5.200000,5.315000,2.500000,2.211538,false,0.000000
2024-03-07,AGCO,BBG001S7WHW3,3,false,110.750000,113.020000,3.015801,2.049661,false,0.000000
2024-03-07,AGI,BBG009HT65S0,5,false,13.450000,13.500000,0.371747,0.371747,false,0.000000
2024-03-07,AGIO,BBG001T8R687,0,false,31.990000,31.370000,1.903407,-1.938106,false,0.000000
2024-03-07,AGL,BBG00HCYVQR3,1,false,5.800000,5.920000,4.137931,2.068966,false,0.000000
2024-03-07,AGM,BBG001SCWNB2,0,false,183.020000,182.150000,0.978035,-0.475358,false,0.000000
2024-03-07,AGNC,BBG001T074G2,24,true,9.645000,9.620000,0.673924,-0.259202,false,0.000000
2024-03-07,AGO,0001273813,0,false,91.440000,91.290000,0.746719,-0.164042,false,0.000000
2024-03-07,AGR,BBG00B8NWRH3,14,true,35.800000,36.240000,1.410615,1.229050,false,0.000000
2024-03-07,AGRO,0001499505,0,false,10.180000,10.035000,0.255403,-1.424361,false,0.000000
2024-03-07,AGS,BBG00JKZKM16,0,false,9.170000,9.590000,5.997819,4.580153,false,0.000000
2024-03-07,AGTI,BBG00LQ2B4L6,2,false,9.900000,9.905000,0.303030,0.050505,false,0.000000
2024-03-07,AGX,BBG001SJP7D8,0,false,48.180000,48.670000,2.303861,1.017020,false,0.000000
2024-03-07,AGYS,BBG001S5V6V3,2,false,77.940000,78.150000,2.027200,0.269438,false,0.000000
2024-03-07,AHCO,BBG00KJQVGW2,0,false,10.680000,10.970000,4.494382,2.715356,false,0.000000
2024-03-07,AHH,BBG004CYX1N9,0,false,10.660000,10.620000,0.187617,-0.375235,false,0.000000
2024-03-07,AI,BBG00Y6G6Y84,35,true,32.640000,31.760000,1.102941,-2.696078,false,0.000000
2024-03-07,AIN,BBG001S5VKN1,0,false,95.100000,96.070000,1.177708,1.019979,false,0.000000
2024-03-07,AIR,BBG001S5NJX2,0,false,65.900000,66.010000,0.440061,0.166920,false,0.000000
2024-03-07,AIRC,BBG00XK3WWB0,0,false,31.520000,31.655000,0.761421,0.428299,false,0.000000
2024-03-07,AIRS,BBG012V27CX5,0,false,6.080000,5.782000,0.000000,-4.901316,false,0.000000
2024-03-07,AIT,BBG001S5NK14,0,false,184.500000,185.170000,0.869919,0.363144,false,0.000000
2024-03-07,AIV,BBG001S876N3,0,false,7.700000,7.730000,0.454545,0.389610,false,0.000000
2024-03-07,AIZ,BBG001SD9DW5,0,false,179.780000,178.880000,0.361553,-0.500612,false,0.000000
2024-03-07,AKR,BBG001S7KXT5,0,false,16.710000,16.440000,0.000000,-1.615799,false,0.000000
2024-03-07,AKRO,BBG00L9211Z7,3,false,30.420000,30.870000,5.489809,1.479290,false,0.000000
2024-03-07,AL,BBG001T92VD1,0,false,43.790000,43.860000,1.141813,0.159854,false,0.000000
2024-03-07,ALB,BBG001S7SBP9,20,true,119.050000,122.660000,3.561529,3.032339,false,0.000000
2024-03-07,ALE,BBG001S77110,0,false,58.180000,57.340000,0.481265,-1.443795,false,0.000000
2024-03-07,ALEC,BBG00N0PL214,0,false,6.880000,6.570000,3.197674,-4.505814,false,0.000000
2024-03-07,ALEX,BBG00HS2GVM7,0,false,16.820000,16.655000,0.297265,-0.980975,false,0.000000
2024-03-07,ALG,BBG001S7YVC2,0,false,203.640000,206.250000,1.929876,1.281674,false,0.000000
2024-03-07,ALGM,BBG00H5S83B8,1,false,30.870000,31.280000,3.093618,1.328150,false,0.000000
2024-03-07,ALGT,BBG001SQ25S5,0,false,74.730000,72.985000,1.659307,-2.335073,false,0.000000
2024-03-07,ALHC,BBG00ZJ0DSS5,0,false,5.370000,5.400000,2.420857,0.558659,false,0.000000
2024-03-07,ALIT,BBG00H00J2Q8,2,false,9.050000,9.100000,0.883978,0.552486,false,0.000000
2024-03-07,ALK,BBG001S5NLG6,0,false,37.010000,37.280000,0.967036,0.729533,false,0.000000
2024-03-07,ALKS,0001520262,0,false,29.260000,29.440000,0.956938,0.615174,false,0.000000
2024-03-07,ALKT,BBG005HTCT63,0,false,23.680000,23.490000,0.337838,-0.802365,false,0.000000
2024-03-07,ALLE,0001579241,1,false,129.360000,131.890000,2.002165,1.955782,false,0.000000
2024-03-07,ALLO,BBG00KHRRDY2,0,false,5.700000,5.580000,0.526316,-2.105263,false,0.000000
2024-03-07,ALLY,BBG001S5RLN4,3,false,36.100000,36.530000,1.745152,1.191136,false,0.000000
2024-03-07,ALNT,BBG001S5RST3,0,false,35.600000,33.680000,0.000000,-5.393258,false,0.000000
2024-03-07,ALPN,BBG001V0G8Y0,2,false,38.910000,36.990000,0.925212,-4.934464,false,0.000000
2024-03-07,ALRM,BBG007GNPYZ6,0,false,73.890000,74.470000,1.366897,0.784951,false,0.000000
2024-03-07,ALRS,BBG001SGGKT8,0,false,21.950000,22.000000,1.867882,0.227790,false,0.000000
2024-03-07,ALSN,BBG001V0T5F3,1,false,76.540000,75.390000,0.718579,-1.502482,false,0.000000
2024-03-07,ALT,BBG001SNS461,30,true,10.630000,10.040000,2.163688,-5.550329,false,0.000000
2024-03-07,ALTG,BBG00NZ6JW42,0,false,11.270000,10.910000,1.153505,-3.194321,false,0.000000
2024-03-07,ALTI,BBG00Z6F0ML0,0,false,6.350000,6.517000,3.937008,2.629921,false,0.000000
2024-03-07,ALTR,BBG001SR65P2,0,false,83.060000,83.560000,0.794606,0.601974,false,0.000000
2024-03-07,ALV,BBG001S9YRV6,0,false,118.300000,118.930000,1.648352,0.532544,false,0.000000
2024-03-07,ALVO,0001898416,0,false,16.100000,15.980000,0.000000,-0.745342,false,0.000000
2024-03-07,ALX,BBG001S5NM92,0,false,215.000000,213.870000,0.000000,-0.525581,false,0.000000
2024-03-07,ALXO,BBG00VR8SF73,0,false,14.850000,16.250000,10.370370,9.427609,false,0.000000
2024-03-07,AM,BBG00GBNZ4N9,0,false,13.550000,13.445000,0.442804,-0.774908,false,0.000000
2024-03-07,AMAL,BBG00XRT7YY5,0,false,23.810000,23.680000,0.713986,-0.545989,false,0.000000
2024-03-07,AMAM,BBG01JPV4H18,0,false,,,,,false,0.000000
2024-03-07,AMBA,0001280263,2,false,56.640000,57.830000,3.751766,2.100989,false,0.000000
2024-03-07,AMBC,BBG004HQHL91,0,false,15.200000,14.990000,1.381579,-1.381579,false,0.000000
2024-03-07,AMBI,0001937441,0,false,5.880000,5.880000,0.000000,0.000000,false,0.000000
2024-03-07,AMBP,0001845097,0,false,3.280000,3.445000,5.182927,5.030488,false,0.000000
2024-03-07,AMC,BBG001SZYYL4,31,true,4.600000,4.590000,6.521739,-0.217391,false,0.000000
2024-03-07,AMCR,0001748790,1,false,9.300000,9.420000,1.397849,1.290323,false,0.000000
2024-03-07,AMCX,BBG001SLR8S3,0,false,12.600000,12.040000,1.428571,-4.444444,false,0.000000
2024-03-07,AMED,BBG001S5NN72,0,false,93.000000,93.080000,0.446237,0.086022,false,0.000000
2024-03-07,AMG,BBG001S6DMD6,0,false,159.640000,160.140000,0.632674,0.313205,false,0.000000
2024-03-07,AMH,BBG003NXJNJ4,1,false,36.750000,36.515000,0.013605,-0.639456,false,0.000000
2024-03-07,AMK,BBG00F5PBW20,0,false,36.000000,35.420000,1.458333,-1.611111,false,0.000000
2024-03-07,AMKR,BBG001S64YF8,5,false,35.630000,36.080000,3.845074,1.262981,false,0.000000
2024-03-07,AMLX,BBG00DP10YW1,3,false,18.920000,18.980000,1.374207,0.317125,false,0.000000
2024-03-07,AMN,BBG001S6Q193,0,false,58.710000,60.370000,3.099983,2.827457,false,0.000000
2024-03-07,AMNB,BBG001S7NGV6,0,false,46.780000,46.560000,0.919196,-0.470286,false,0.000000
2024-03-07,AMPH,BBG001SCM4W2,1,false,45.080000,46.790000,4.414374,3.793256,false,0.000000
2024-03-07,AMPL,BBG012CDTZZ5,2,false,11.150000,11.160000,1.076233,0.089686,false,0.000000
2024-03-07,AMPS,BBG00Y48ZM97,2,false,6.610000,6.500000,2.420575,-1.664145,false,0.000000
2024-03-07,AMR,BBG00DGWV044,0,false,383.160000,389.940000,1.883025,1.769496,false,0.000000
2024-03-07,AMRC,BBG001S6P9W1,0,false,19.880000,20.290000,4.929577,2.062374,false,0.000000
2024-03-07,AMRK,BBG005ZVDK57,0,false,28.360000,28.170000,0.511283,-0.669958,false,0.000000
2024-03-07,AMRX,BBG00462PGH9,1,false,5.320000,5.300000,0.939850,-0.375940,false,0.000000
2024-03-07,AMSC,BBG001S70C31,4,false,13.990000,14.410000,4.217298,3.002144,false,0.000000
2024-03-07,AMSF,BBG001SDH7B2,0,false,53.300000,52.500000,0.084428,-1.500938,false,0.000000
2024-03-07,AMSWA,BBG001S5NPN9,0,false,11.290000,11.250000,0.442870,-0.354296,false,0.000000
2024-03-07,AMTB,BBG001V0P1S2,0,false,21.970000,22.000000,1.479290,0.136550,false,0.000000
2024-03-07,AMWD,BBG001S5NQ57,0,false,95.210000,96.260000,1.249869,1.102825,false,0.000000
2024-03-07,AN,BBG001S5NQB0,0,false,145.810000,147.730000,1.491667,1.316782,false,0.000000
2024-03-07,ANAB,BBG0026ZDHT8,0,false,25.540000,24.630000,0.391543,-3.563038,false,0.000000
2024-03-07,ANDE,BBG001S60FJ9,0,false,53.540000,53.990000,2.203960,0.840493,false,0.000000
2024-03-07,ANF,BBG001S97027,6,false,137.780000,127.770000,0.377413,-7.265205,false,0.000000
2024-03-07,ANGI,BBG00HVKH4F0,0,false,2.570000,2.570000,1.750973,0.000000,false,0.000000
2024-03-07,ANIK,BBG001S609X7,0,false,25.960000,25.350000,3.158706,-2.349769,false,0.000000
2024-03-07,ANIP,BBG001S9DR85,0,false,66.570000,66.730000,0.841220,0.240349,false,0.000000
2024-03-07,AORT,BBG001SB3CB0,0,false,19.360000,19.640000,1.497934,1.446281,false,0.000000
2024-03-07,AOS,BBG001S5NRY3,0,false,85.150000,86.660000,1.949501,1.773341,false,0.000000
2024-03-07,AOSL,0001387467,0,false,23.200000,24.550000,7.798276,5.818966,false,0.000000
2024-03-07,APA,BBG00YTS96H1,3,false,30.530000,30.530000,1.267606,0.000000,false,0.000000
2024-03-07,APAM,BBG001V107T3,0,false,45.000000,45.370000,1.911111,0.822222,false,0.000000
2024-03-07,APG,BBG00HVV7984,0,false,38.680000,39.250000,1.822647,1.473630,false,0.000000
2024-03-07,APGE,BBG01H51WZL7,4,false,66.340000,65.290000,1.371721,-1.582756,false,0.000000
2024-03-07,APLD,BBG001SK4K76,5,false,4.130000,4.165000,4.358354,0.847458,false,0.000000
2024-03-07,APLE,BBG006473QY8,0,false,16.600000,16.520000,0.181928,-0.481928,false,0.000000
2024-03-07,APLS,BBG007KGRPZ3,0,false,61.480000,62.450000,1.781067,1.577749,false,0.000000
2024-03-07,APLT,BBG001SMJMY2,2,false,6.530000,6.610000,4.134763,1.225115,false,0.000000
2024-03-07,APOG,BBG001S5NSY1,0,false,57.070000,56.700000,0.227790,-0.648327,false,0.000000
2024-03-07,APPF,BBG008GC8CS3,0,false,227.610000,228.530000,0.957779,0.404200,false,0.000000
2024-03-07,APPN,BBG001TWHH63,0,false,35.400000,36.590000,4.265537,3.361582,false,0.000000
2024-03-07,APPS,BBG001SPBG12,7,false,3.070000,3.070000,2.931596,0.000000,false,0.000000
2024-03-07,AQN,BBG001S8LHC5,4,false,6.020000,6.120000,1.993355,1.661130,false,0.000000
2024-03-07,AQST,BBG00L9HP1R7,24,true,5.120000,5.679900,12.304688,10.935547,false,0.000000
2024-03-07,AR,BBG001T61KH8,2,false,26.850000,26.480000,0.409683,-1.378026,false,0.000000
2024-03-07,ARCB,BBG001S686R2,1,false,141.500000,146.150000,5.115194,3.286219,false,0.000000
2024-03-07,ARCC,BBG001SL96Z9,8,false,20.460100,20.460000,0.146138,-0.000489,false,0.000000
2024-03-07,ARCH,BBG00DZB5DD0,0,false,184.730000,184.500000,1.353326,-0.124506,false,0.000000
2024-03-07,ARCO,0001508478,0,false,11.840000,11.565000,0.000000,-2.322635,false,0.000000
2024-03-07,ARCT,BBG00NNW8JL0,0,false,38.170000,37.170000,1.440922,-2.619859,false,0.000000
2024-03-07,ARDX,BBG001WH4F33,7,false,9.600000,8.970000,0.104167,-6.562500,false,0.000000
2024-03-07,ARHS,BBG012TKHZW7,8,false,14.000000,14.370000,11.357143,2.642857,false,0.000000
2024-03-07,ARI,BBG001T55FJ5,0,false,11.010000,10.980000,0.454133,-0.272480,false,0.000000
2024-03-07,ARIS,BBG012PPXNM0,0,false,11.500000,11.730000,2.695652,2.000000,false,0.000000
2024-03-07,ARKO,BBG00YD8K420,0,false,6.510000,6.430000,1.075269,-1.228879,false,0.000000
2024-03-07,ARL,BBG001SFRR04,0,false,,,,,false,0.000000
2024-03-07,ARLO,BBG00K88DTJ1,0,false,10.950000,11.045000,1.615525,0.867580,false,0.000000
2024-03-07,ARLP,BBG001SD52Y1,1,false,19.330000,19.760000,2.534920,2.224521,false,0.000000
2024-03-07,ARMK,BBG001V0NR70,0,false,31.360000,31.620000,1.594388,0.829082,false,0.000000
2024-03-07,ARMN,BBG001S75835,0,false,3.210000,3.180000,2.492212,-0.934579,false,0.000000
2024-03-07,AROC,BBG001SVDK72,0,false,18.230000,18.070000,1.151947,-0.877674,false,0.000000
2024-03-07,AROW,BBG001S5NV83,0,false,24.680000,24.520000,0.577391,-0.648298,false,0.000000
2024-03-07,ARQT,BBG00QN8K4P1,3,false,10.535000,10.380000,3.179877,-1.471286,false,0.000000
2024-03-07,ARR,BBG001SRBTG4,1,false,19.470000,19.355000,0.410889,-0.590652,false,0.000000
2024-03-07,ARRY,BBG002MX7TQ9,8,false,13.270000,13.215000,1.130369,-0.414469,false,0.000000
2024-03-07,ARTNA,BBG001S7MLX4,0,false,35.860000,35.990000,1.812605,0.362521,false,0.000000
2024-03-07,ARVN,BBG00LW7YL08,0,false,46.220000,47.720000,6.577239,3.245348,false,0.000000
2024-03-07,ARW,BBG001S5NVP4,0,false,120.710000,120.370000,0.712451,-0.281667,false,0.000000
2024-03-07,ARWR,BBG001SGT8G5,2,false,35.630000,33.180000,0.477126,-6.876228,false,0.000000
2024-03-07,ASAN,BBG00WYHL741,0,false,18.670000,18.650000,1.392608,-0.107124,false,0.000000
2024-03-07,ASB,BBG001S5NVZ3,0,false,21.440000,21.120000,0.699627,-1.492537,false,0.000000
2024-03-07,ASC,0001577437,0,false,15.860000,15.870000,0.567465,0.063052,false,0.000000
2024-03-07,ASGN,BBG001S71HP5,0,false,100.710000,102.490000,1.856817,1.767451,false,0.000000
2024-03-07,ASH,BBG00D0Y81N0,0,false,95.850000,96.050000,0.719875,0.208659,false,0.000000
2024-03-07,ASIX,BBG00CWTTQ32,0,false,26.920000,26.950000,1.411590,0.111441,false,0.000000
2024-03-07,ASLE,BBG00R28X851,0,false,9.150000,9.419000,3.715847,2.939891,false,0.000000
2024-03-07,ASMB,BBG001T9BMW0,0,false,13.220000,13.288000,5.446293,0.514372,false,0.000000
2024-03-07,ASO,BBG00X7L1CW0,0,false,72.040000,70.840000,0.020822,-1.665741,false,0.000000
2024-03-07,ASPN,BBG001SJZK39,3,false,17.650000,17.360000,1.473088,-1.643059,false,0.000000
2024-03-07,ASTE,BBG001S5NWY2,0,false,41.160000,42.260000,2.672498,2.672498,false,0.000000
2024-03-07,ASTL,BBG012NKXV72,0,false,8.030000,8.065000,0.990037,0.435866,false,0.000000
2024-03-07,ATAI,0001840904,13,true,2.090000,2.180000,10.047847,4.306220,false,0.000000
2024-03-07,ATEC,BBG001S64XQ8,0,false,13.150000,12.880000,0.608365,-2.053232,false,0.000000
2024-03-07,ATEN,BBG0060K22D0,0,false,13.660000,13.450000,0.439239,-1.537335,false,0.000000
2024-03-07,ATEX,BBG0081NLJH7,0,false,36.940000,36.090000,1.570114,-2.301029,false,0.000000
2024-03-07,ATGE,BBG001S8M5S3,0,false,47.900000,49.100000,2.588727,2.505219,false,0.000000
2024-03-07,ATI,BBG001S8WY72,0,false,50.250000,50.990000,1.990050,1.472637,false,0.000000
2024-03-07,ATKR,BBG001T8LDZ8,0,false,164.390000,169.840000,3.631608,3.315287,false,0.000000
2024-03-07,ATLC,BBG001SC0HS2,0,false,30.960000,30.950000,1.421189,-0.032300,false,0.000000
2024-03-07,ATMU,BBG01B079Z92,2,false,23.250000,24.110000,3.956989,3.698925,false,0.000000
2024-03-07,ATNI,BBG001S9SMF2,0,false,32.840000,32.140000,0.943971,-2.131547,false,0.000000
2024-03-07,ATR,BBG001S78MT3,0,false,144.500000,144.670000,0.439446,0.117647,false,0.000000
2024-03-07,ATRC,BBG001SD43V3,0,false,38.060000,37.170000,2.588019,-2.338413,false,0.000000
2024-03-07,ATRI,BBG001S8VWL1,0,false,395.750000,416.760000,6.127606,5.308907,false,0.000000
2024-03-07,ATRO,BBG001S5NYK3,0,false,18.610000,18.500000,1.477700,-0.591080,false,0.000000
2024-03-07,ATS,BBG001S5XWC5,0,false,37.460000,37.850000,1.575013,1.041111,false,0.000000
2024-03-07,ATSG,BBG001S8KJF9,0,false,13.260000,13.280000,1.055807,0.150830,false,0.000000
2024-03-07,ATUS,BBG00GFMPS82,1,false,2.570000,2.600000,3.501946,1.167315,false,0.000000
2024-03-07,ATXS,BBG001T8KDC4,0,false,14.820000,14.570000,3.913630,-1.686910,false,0.000000
2024-03-07,AU,0001973832,17,true,22.190000,22.150000,1.036503,-0.180261,false,0.000000
2024-03-07,AUB,BBG001S7GJV8,1,false,34.660000,34.680000,1.384882,0.057703,false,0.000000
2024-03-07,AUDC,0001086434,0,false,13.680000,13.580000,0.365497,-0.730994,false,0.000000
2024-03-07,AUPH,BBG001S68013,3,false,5.510000,5.450000,1.270417,-1.088929,false,0.000000
2024-03-07,AUR,BBG00Z92Y6Y0,4,false,2.320000,2.275000,0.431034,-1.939655,false,0.000000
2024-03-07,AURA,BBG00226DGP2,0,false,9.000000,8.720000,0.500000,-3.111111,false,0.000000
2024-03-07,AVA,BBG001S5NZ48,0,false,33.710000,34.020000,0.964106,0.919608,false,0.000000
2024-03-07,AVAH,BBG00G6D6HB3,0,false,2.300000,2.225000,0.000000,-3.260870,false,0.000000
2024-03-07,AVAV,BBG001SPPWP6,7,false,183.000000,177.650000,0.879781,-2.923497,false,0.000000
2024-03-07,AVD,BBG001S8KSH7,0,false,10.950000,11.130000,2.557078,1.643836,false,0.000000
2024-03-07,AVDX,BBG012MBDGV1,0,false,12.460000,12.630000,1.765650,1.364366,false,0.000000
2024-03-07,AVIR,BBG00TZNCJ84,0,false,4.050000,4.090000,2.962963,0.987654,false,0.000000
2024-03-07,AVNS,BBG005L86G14,0,false,19.720000,19.700000,0.988844,-0.101420,false,0.000000
2024-03-07,AVNT,BBG001S6RCD3,0,false,40.700000,41.240000,1.769042,1.326781,false,0.000000
2024-03-07,AVNW,BBG001SSSZS7,0,false,35.490000,35.680000,1.169343,0.535362,false,0.000000
2024-03-07,AVO,BBG005C9W688,0,false,10.890000,10.980000,1.377410,0.826446,false,0.000000
2024-03-07,AVPT,BBG00Q73LFK9,0,false,7.710000,7.625000,0.000000,-1.102464,false,0.000000
2024-03-07,AVT,BBG001S5NZJ2,0,false,47.540000,47.290000,0.294489,-0.525873,false,0.000000
2024-03-07,AVTE,BBG00WGHZFJ2,0,false,24.130000,24.260000,7.128056,0.538748,false,0.000000
2024-03-07,AVTX,BBG001V1GPQ9,1,false,5.140000,5.240000,3.517510,1.945525,false,0.000000
2024-03-07,AVXL,BBG001SLQWW6,1,false,5.100000,5.195000,4.705882,1.862745,false,0.000000
2024-03-07,AWI,BBG001SGL0H9,0,false,122.460000,122.350000,0.555283,-0.089825,false,0.000000
2024-03-07,AWR,BBG001S9T5Z6,0,false,71.700000,71.600000,0.655509,-0.139470,false,0.000000
2024-03-07,AX,BBG001SLZ724,0,false,51.420000,50.870000,1.536367,-1.069623,false,0.000000
2024-03-07,AXGN,BBG001S5SRD1,0,false,9.020000,9.025000,1.441242,0.055432,false,0.000000
2024-03-07,AXL,BBG001S9DR67,0,false,6.700000,6.770000,2.462687,1.044776,false,0.000000
2024-03-07,AXNX,BBG0067QVJ69,0,false,67.430000,67.500000,0.393000,0.103811,false,0.000000
2024-03-07,AXS,0001214816,0,false,60.680000,60.940000,0.815755,0.428477,false,0.000000
2024-03-07,AXSM,BBG00B6G7GM6,1,false,72.210000,72.035000,3.212851,-0.242349,false,0.000000
2024-03-07,AXTA,0001616862,0,false,32.850000,33.020000,0.898021,0.517504,false,0.000000
2024-03-07,AY,0001601072,3,false,17.990000,18.150000,1.417454,0.889383,false,0.000000
2024-03-07,AYI,BBG001SBG656,0,false,263.700000,256.810000,0.227531,-2.612818,false,0.000000
2024-03-07,AYX,BBG001T9FXC4,1,false,48.120000,48.200000,0.187032,0.166251,false,0.000000
2024-03-07,AZEK,BBG00RP7FY15,1,false,49.690000,49.340000,1.086738,-0.704367,false,0.000000
2024-03-07,AZPN,BBG017J18WC8,0,false,196.450000,210.540000,7.187580,7.172308,false,0.000000
2024-03-07,AZTA,BBG001S8F1B8,0,false,65.000000,67.170000,3.415385,3.338462,false,0.000000
2024-03-07,AZZ,BBG001S9QNK6,0,false,71.850000,71.260000,0.588866,-0.821155,false,0.000000
2024-03-07,B,BBG001S5P0S7,0,false,36.300000,37.740000,4.187328,3.966942,false,0.000000
2024-03-07,BALY,BBG005Q22HH7,1,false,10.630000,10.930000,5.550329,2.822201,false,0.000000
2024-03-07,BANC,BBG001SKZX56,1,false,15.090000,14.770000,0.927767,-2.120610,false,0.000000
2024-03-07,BAND,BBG001TFDMP2,0,false,19.490000,20.295000,4.490508,4.130323,false,0.000000
2024-03-07,BANF,BBG001S75RW1,0,false,89.980000,88.945000,0.777951,-1.150256,false,0.000000
2024-03-07,BANR,BBG001SD3DZ8,0,false,47.320000,46.520000,0.993238,-1.690617,false,0.000000
2024-03-07,BAP,0001001290,0,false,174.500000,175.310000,0.865330,0.464183,false,0.000000
2024-03-07,BASE,BBG001Z5ZB22,2,false,27.980000,29.260000,6.129378,4.574696,false,0.000000
2024-03-07,BB,BBG001S60618,3,false,2.680000,2.722500,2.238806,1.585821,false,0.000000
2024-03-07,BBAI,BBG00Z4HKRY1,57,true,3.860000,3.750000,2.072539,-2.849741,false,0.000000
2024-03-07,BBCP,BBG00M8BB1P6,0,false,8.235000,8.240000,0.182149,0.060716,false,0.000000
2024-03-07,BBDC,BBG001S9DQ05,0,false,9.550000,9.585000,0.890052,0.366492,false,0.000000
2024-03-07,BBIO,BBG00P9KDZL5,4,false,29.510000,30.000000,2.141647,1.660454,false,0.000000
2024-03-07,BBSI,BBG001S7CX50,0,false,118.780000,119.860000,1.203906,0.909244,false,0.000000
2024-03-07,BBU,0001654795,0,false,21.430000,21.510000,1.119925,0.373308,false,0.000000
2024-03-07,BBUC,BBG015P1Z2Y7,0,false,23.070000,23.590000,2.492414,2.254010,false,0.000000
2024-03-07,BBW,BBG001SMC9T4,0,false,23.670000,24.050000,1.774398,1.605408,false,0.000000
2024-03-07,BBWI,BBG001S5SWL1,10,true,45.090000,43.790000,0.443557,-2.883123,false,0.000000
2024-03-07,BC,BBG001S5P294,0,false,88.450000,89.560000,1.435839,1.254946,false,0.000000
2024-03-07,BCC,BBG001SZX397,2,false,127.840000,129.360000,2.080726,1.188986,false,0.000000
2024-03-07,BCO,BBG001S8PZK2,0,false,84.590000,84.230000,1.004847,-0.425582,false,0.000000
2024-03-07,BCPC,BBG001S5P2R4,0,false,,,,,false,0.000000
2024-03-07,BCRX,BBG001S7K151,2,false,5.250000,5.175000,0.000000,-1.428571,false,0.000000
2024-03-07,BCSF,BBG00JDV0M33,0,false,15.720000,15.575000,0.381679,-0.922392,false,0.000000
2024-03-07,BDC,BBG001SM6Z59,0,false,89.000000,89.440000,1.252809,0.494382,false,0.000000
2024-03-07,BDN,BBG001S6YGF4,0,false,4.400000,4.360000,0.454545,-0.909091,false,0.000000
2024-03-07,BE,BBG001T53509,8,false,9.660000,10.430000,8.592133,7.971014,false,0.000000
2024-03-07,BEAM,BBG00KXC8655,0,false,38.430000,36.980000,1.837887,-3.773094,false,0.000000
2024-03-07,BECN,BBG001S903Y3,0,false,85.660000,86.740000,1.459141,1.260799,false,0.000000
2024-03-07,BELFA,BBG001S6BRZ3,0,false,65.266700,65.200000,0.000000,-0.102196,false,0.000000
2024-03-07,BELFB,BBG001S93K81,0,false,56.530000,57.440000,2.158146,1.609765,false,0.000000
2024-03-07,BEN,BBG001S5P3W6,0,false,28.120000,27.970000,0.889047,-0.533428,false,0.000000
2024-03-07,BEP,0001533232,0,false,22.940000,24.180000,5.579773,5.405405,false,0.000000
2024-03-07,BEPC,BBG00W5FR7D1,0,false,24.510000,25.390000,3.631171,3.590371,false,0.000000
2024-03-07,BERY,BBG001T6B4W6,0,false,60.200000,59.020000,0.498339,-1.960133,false,0.000000
2024-03-07,BETR,BBG0103VG6P8,6,false,0.506500,0.498000,0.000000,-1.678184,false,0.000000
2024-03-07,BFAM,BBG003LFWPT4,0,false,115.640000,116.490000,1.184711,0.735040,false,0.000000
2024-03-07,BFC,BBG001S79DP6,0,false,84.410000,83.190000,0.000000,-1.445326,false,0.000000
2024-03-07,BFH,BBG001S78Z50,0,false,37.720000,37.440000,1.033934,-0.742312,false,0.000000
2024-03-07,BFS,BBG001S7F7J9,0,false,38.260000,37.920000,0.000000,-0.888657,false,0.000000
2024-03-07,BFST,BBG001T056Q8,0,false,22.320000,22.290000,1.568100,-0.134409,false,0.000000
2024-03-07,BG,0001996862,0,false,92.390000,92.480000,0.963308,0.097413,false,0.000000
2024-03-07,BGC,BBG01H9FTHS9,1,false,8.550000,8.425000,0.116959,-1.461988,false,0.000000
2024-03-07,BGS,BBG001SQD861,0,false,11.160000,11.050000,1.209677,-0.985663,false,0.000000
2024-03-07,BH,BBG00JPRDQJ9,0,false,190.950000,186.520000,0.149254,-2.319979,false,0.000000
2024-03-07,BHB,BBG001SB8Q79,0,false,25.470000,25.140000,0.942285,-1.295642,false,0.000000
2024-03-07,BHC,BBG001S7WDP0,5,false,9.270000,9.275000,0.755124,0.053937,false,0.000000
2024-03-07,BHE,BBG001S6LXL4,1,false,30.810000,31.060000,0.876339,0.811425,false,0.000000
2024-03-07,BHF,BBG00DYPZ4V7,0,false,46.190000,45.850000,1.125785,-0.736090,false,0.000000
2024-03-07,BHLB,BBG001S5PSK4,0,false,22.220000,22.339000,1.215122,0.535554,false,0.000000
2024-03-07,BHRB,BBG019X33P61,0,false,54.500000,55.650000,2.550459,2.110092,false,0.000000
2024-03-07,BHVN,0001935979,2,false,58.990000,58.050000,0.440753,-1.593490,false,0.000000
2024-03-07,BIGC,BBG00W1PSTC5,1,false,7.380000,7.565000,3.929539,2.506775,false,0.000000
2024-03-07,BILL,BBG00QVJV7L3,4,false,65.340000,65.650000,1.561065,0.474441,false,0.000000
2024-03-07,BIO,BBG001S625W4,0,false,335.820000,339.400000,1.066047,1.066047,false,0.000000
2024-03-07,BIOX,0001769484,0,false,13.050000,12.970000,0.689655,-0.613027,false,0.000000
2024-03-07,BIP,0001406234,0,false,29.010000,30.150000,4.446743,3.929679,false,0.000000
2024-03-07,BIPC,BBG00QDWSVL5,0,false,35.100000,34.720000,0.327635,-1.082621,false,0.000000
2024-03-07,BIRK,0001977102,1,false,48.300000,48.460000,1.780331,0.331263,false,0.000000
2024-03-07,BITF,BBG00PGMZVM7,59,true,2.560000,2.499900,1.171875,-2.347656,false,0.000000
2024-03-07,BJ,BBG00FQ8T4M6,9,false,74.000000,78.870000,6.716216,6.581081,false,0.000000
2024-03-07,BJRI,BBG001S970P2,0,false,37.980000,37.940000,2.066877,-0.105319,false,0.000000
2024-03-07,BKD,BBG001SDHC58,2,false,5.730000,5.840000,3.141361,1.919721,false,0.000000
2024-03-07,BKE,BBG001S5P6T3,2,false,38.620000,38.720000,1.035733,0.258933,false,0.000000
2024-03-07,BKH,BBG001S5P6X8,1,false,52.860000,53.060000,0.794552,0.378358,false,0.000000
2024-03-07,BKU,BBG001T5W6B3,0,false,27.810000,27.720000,0.790723,-0.323625,false,0.000000
2024-03-07,BL,BBG0029KJVD8,2,false,66.110000,66.110000,1.663894,0.000000,false,0.000000
2024-03-07,BLBD,BBG006427TN1,0,false,34.310000,32.810000,1.690469,-4.371903,false,0.000000
2024-03-07,BLCO,BBG014KG1GY8,2,false,16.630000,16.500000,0.481058,-0.781720,false,0.000000
2024-03-07,BLD,BBG0077VS2G6,0,false,416.560000,417.820000,1.245895,0.302477,false,0.000000
2024-03-07,BLDP,BBG001S5Y1D1,3,false,3.250000,3.240000,1.230769,-0.307692,false,0.000000
2024-03-07,BLFS,BBG001SFGWZ7,0,false,17.860000,17.270000,0.391937,-3.303471,false,0.000000
2024-03-07,BLKB,BBG001S9B5W8,0,false,73.000000,73.700000,1.931507,0.958904,false,0.000000
2024-03-07,BLMN,BBG002VZ69Q9,0,false,29.600000,29.720000,0.878041,0.405405,false,0.000000
2024-03-07,BLND,BBG00D0YK7V4,4,false,3.080000,2.995000,1.902597,-2.759740,false,0.000000
2024-03-07,BLX,0000890541,0,false,28.000000,28.200000,1.071429,0.714286,false,0.000000
2024-03-07,BLZE,BBG0037X6J05,3,false,11.700000,11.770000,1.794872,0.598291,false,0.000000
2024-03-07,BMBL,BBG00Z6RF535,0,false,10.800000,10.750000,1.296296,-0.462963,false,0.000000
2024-03-07,BMEA,BBG00YS4WDD8,1,false,15.970000,15.895000,4.883532,-0.469631,false,0.000000
2024-03-07,BMI,BBG001S5P8Q2,0,false,163.610000,162.770000,0.733452,-0.513416,false,0.000000
2024-03-07,BNL,BBG001T61WG3,1,false,14.610000,14.710000,1.048597,0.684463,false,0.000000
2024-03-07,BNRE,0001837429,0,false,41.920000,42.180000,0.620229,0.620229,false,0.000000
2024-03-07,BOC,BBG0021J74C3,0,false,16.000000,15.960000,1.250000,-0.250000,false,0.000000
2024-03-07,BOH,BBG001S6R977,0,false,63.330000,63.220000,0.694773,-0.173693,false,0.000000
2024-03-07,BOKF,BBG001S6VBZ6,0,false,88.970000,87.780000,0.629426,-1.337530,false,0.000000
2024-03-07,BOOM,BBG001S5PBG6,0,false,17.000000,17.060000,1.058824,0.352941,false,0.000000
2024-03-07,BOOT,BBG007D38ZV3,0,false,89.980000,90.180000,1.934319,0.222272,false,0.000000
2024-03-07,BORR,0001715497,4,false,6.440000,6.580000,2.406832,2.173913,false,0.000000
2024-03-07,BOWL,BBG00Z6BJ698,0,false,12.830000,13.040000,2.611068,1.636789,false,0.000000
2024-03-07,BOX,BBG001T5R852,7,false,29.650000,29.740000,0.337268,0.303541,false,0.000000
2024-03-07,BPMC,BBG001V11BV0,2,false,90.370000,91.990000,2.633617,1.792630,false,0.000000
2024-03-07,BPOP,BBG001S5PC01,0,false,84.360000,84.390000,0.995733,0.035562,false,0.000000
2024-03-07,BRBR,BBG013QNJHW0,0,false,61.070000,61.480000,2.761421,0.671361,false,0.000000
2024-03-07,BRC,BBG001S5PCB9,0,false,57.450000,57.570000,0.574413,0.208877,false,0.000000
2024-03-07,BRKL,BBG001S73383,1,false,10.060000,9.980000,0.397614,-0.795229,false,0.000000
2024-03-07,BRKR,BBG001SF69P0,0,false,90.900000,92.280000,2.123212,1.518152,false,0.000000
2024-03-07,BROS,BBG01282ZJ56,0,false,30.340000,29.920000,1.120633,-1.384311,false,0.000000
2024-03-07,BRP,BBG00QDCHF45,0,false,30.000000,29.150000,0.116667,-2.833333,false,0.000000
2024-03-07,BRSP,BBG00JVRRR41,1,false,6.760000,6.760000,0.739645,0.000000,false,0.000000
2024-03-07,BRX,BBG001V0T8T2,0,false,22.810000,22.730000,0.306883,-0.350723,false,0.000000
2024-03-07,BRY,BBG00H5HHVK0,0,false,7.070000,7.080000,5.304102,0.141443,false,0.000000
2024-03-07,BRZE,BBG00294NX54,0,false,54.510000,53.220000,0.431114,-2.366538,false,0.000000
2024-03-07,BSIG,BBG00P2HLNZ2,0,false,22.980000,22.720000,0.304613,-1.131419,false,0.000000
2024-03-07,BSM,BBG008B5CF38,0,false,15.480000,15.560000,1.227390,0.516796,false,0.000000
2024-03-07,BSY,BBG001SBWGV7,0,false,50.140000,49.610000,0.678101,-1.057040,false,0.000000
2024-03-07,BTDR,0001899123,7,false,6.530000,6.890000,7.810107,5.513017,false,0.000000
2024-03-07,BTE,BBG001S998N5,2,false,3.190000,3.200000,1.880878,0.313480,false,0.000000
2024-03-07,BTG,BBG001T0CNW6,28,true,2.720000,2.670000,0.367647,-1.838235,false,0.000000
2024-03-07,BTU,BBG00GBV89J5,0,false,26.240000,26.815000,3.506098,2.191311,false,0.000000
2024-03-07,BUR,0001714174,4,false,14.240000,14.140000,0.772472,-0.702247,false,0.000000
2024-03-07,BURL,BBG004S641P3,16,true,221.976000,221.250000,2.486305,-0.327062,false,0.000000
2024-03-07,BUSE,BBG001SBH5P5,0,false,24.120000,23.890000,1.036484,-0.953566,false,0.000000
2024-03-07,BV,BBG00L1LT744,0,false,9.970000,9.950000,1.504514,-0.200602,false,0.000000
2024-03-07,BVS,BBG00D8550C2,0,false,5.180000,5.520000,8.108108,6.563707,false,0.000000
2024-03-07,BWA,BBG001S7F4D2,2,false,31.940000,32.290000,3.256105,1.095805,false,0.000000
2024-03-07,BWB,BBG001SQNYQ1,0,false,11.880000,11.680000,0.673401,-1.683502,false,0.000000
2024-03-07,BWMN,BBG003BPV1R9,0,false,33.990000,34.530000,3.427479,1.588703,false,0.000000
2024-03-07,BWMX,0001788257,0,false,18.620000,19.010000,2.577873,2.094522,false,0.000000
2024-03-07,BWXT,BBG001SGJPH7,0,false,105.500000,105.550000,0.938389,0.047393,false,0.000000
2024-03-07,BXC,BBG001SHHF25,0,false,119.180000,120.290000,1.741064,0.931364,false,0.000000
2024-03-07,BXMT,BBG001S5Q7V7,0,false,20.090000,20.080000,0.846192,-0.049776,false,0.000000
2024-03-07,BXP,BBG001S9TWV1,1,false,63.770000,63.115000,0.125451,-1.027129,false,0.000000
2024-03-07,BXSL,BBG00MS80PP0,0,false,30.090000,30.190000,0.664673,0.332336,false,0.000000
2024-03-07,BY,BBG001SMZRV6,0,false,21.220000,21.070000,0.647974,-0.706880,false,0.000000
2024-03-07,BYD,BBG001S7DMW3,0,false,63.320000,63.910000,1.152243,0.931775,false,0.000000
2024-03-07,BYND,BBG003CVJP69,15,true,8.100000,7.980000,1.480247,-1.481481,false,0.000000
2024-03-07,BYON,BBG001S64TS5,11,true,35.730000,34.720000,2.239015,-2.826756,false,0.000000
2024-03-07,BZH,BBG001S76DH8,0,false,30.490000,30.650000,3.804526,0.524762,false,0.000000
2024-03-07,CAAP,0001717393,0,false,14.700000,14.530000,0.782313,-1.156463,false,0.000000
2024-03-07,CABA,BBG00MJ3BKX1,1,false,22.500000,22.310000,2.976444,-0.844444,false,0.000000
2024-03-07,CABO,BBG001SFK9N6,0,false,440.390000,442.060000,1.362429,0.379209,false,0.000000
2024-03-07,CAC,BBG001S5PGN7,0,false,32.940000,32.620000,6.010929,-0.971463,false,0.000000
2024-03-07,CACI,BBG001SF9NK1,0,false,379.000000,379.210000,0.282322,0.055409,false,0.000000
2024-03-07,CADE,BBG001SHFG98,0,false,28.660000,28.010000,0.837404,-2.267969,false,0.000000
2024-03-07,CAE,BBG001S5Y4F3,0,false,19.710000,19.620000,0.456621,-0.456621,false,0.000000
2024-03-07,CAG,BBG001S5PGY5,0,false,28.040000,27.800000,0.178317,-0.855920,false,0.000000
2024-03-07,CAKE,BBG001S71Q75,0,false,37.010000,36.730000,0.162118,-0.756552,false,0.000000
2024-03-07,CAL,BBG001S76YV6,1,false,37.610000,37.770000,1.010370,0.425419,false,0.000000
2024-03-07,CALM,BBG001S80MM6,0,false,57.540000,57.580000,0.573514,0.069517,false,0.000000
2024-03-07,CALX,BBG001T633M8,0,false,37.790000,36.510000,0.000000,-3.387139,false,0.000000
2024-03-07,CAMT,0001109138,2,false,81.460000,84.440000,3.658237,3.658237,false,0.000000
2024-03-07,CAPL,BBG002Z9XF16,0,false,22.120000,22.130000,1.039783,0.045208,false,0.000000
2024-03-07,CAR,BBG001S8S6R6,1,false,106.000000,111.510000,6.150943,5.198113,false,0.000000
2024-03-07,CARE,BBG00Y9DFYK4,0,false,13.380000,13.070000,0.822123,-2.316891,false,0.000000
2024-03-07,CARG,BBG00HQ77DT1,0,false,22.810000,23.290000,2.411223,2.104340,false,0.000000
2024-03-07,CARS,BBG001SP6HB5,0,false,18.220000,18.460000,1.591658,1.317234,false,0.000000
2024-03-07,CART,BBG00KG5VJG3,0,false,33.620000,34.375000,4.892921,2.245687,false,0.000000
2024-03-07,CASH,BBG001S7G4Q7,0,false,51.660000,51.370000,0.464576,-0.561363,false,0.000000
2024-03-07,CASS,BBG001S5VK42,0,false,47.500000,47.260000,0.652632,-0.505263,false,0.000000
2024-03-07,CASY,BBG001S5PHZ2,0,false,303.530000,306.960000,1.426548,1.130037,false,0.000000
2024-03-07,CATC,BBG001S7RSV6,0,false,65.280000,65.001000,1.348039,-0.427390,false,0.000000
2024-03-07,CATY,BBG001S6PB10,0,false,41.050000,40.630000,0.316687,-1.023143,false,0.000000
2024-03-07,CAVA,BBG00GBR8762,8,false,59.440000,61.690000,4.458277,3.785330,false,0.000000
2024-03-07,CBAY,BBG005NJY3M3,0,false,32.280000,32.290000,0.061958,0.030979,false,0.000000
2024-03-07,CBL,BBG01396RPH6,0,false,23.510000,23.310000,0.000000,-0.850702,false,0.000000
2024-03-07,CBRL,BBG001S5PK03,0,false,69.060000,69.060000,0.593687,0.000000,false,0.000000
2024-03-07,CBSH,BBG001S5PK21,0,false,53.410000,52.560000,0.655308,-1.591462,false,0.000000
2024-03-07,CBT,BBG001S5PK58,0,false,86.480000,87.960000,1.815449,1.711378,false,0.000000
2024-03-07,CBU,BBG001S5PK76,0,false,47.570000,47.230000,0.798823,-0.714736,false,0.000000
2024-03-07,CBUS,BBG00H1CJSR3,0,false,18.510000,18.490000,1.134522,-0.108050,false,0.000000
2024-03-07,CBZ,BBG001S8MB55,0,false,75.900000,76.140000,0.666667,0.316206,false,0.000000
2024-03-07,CC,BBG005H82GC1,42,true,25.500000,25.360000,2.196078,-0.549020,false,0.000000
2024-03-07,CCAP,BBG009NX1JV5,0,false,16.830000,16.840000,0.356506,0.059418,false,0.000000
2024-03-07,CCB,BBG001SN16N6,0,false,38.760000,37.880000,0.619195,-2.270382,false,0.000000
2024-03-07,CCBG,BBG001S9K7B7,0,false,28.490000,28.120000,0.877501,-1.298701,false,0.000000
2024-03-07,CCCC,BBG00BV2Y9C6,5,false,10.960000,10.580000,3.740876,-3.467153,false,0.000000
2024-03-07,CCCS,BBG00WNSJM58,1,false,11.810000,12.170000,3.132938,3.048264,false,0.000000
2024-03-07,CCD,BBG0065XMFM6,0,false,21.960000,21.930600,2.094718,-0.133880,false,0.000000
2024-03-07,CCG,0001965473,2,false,4.408300,4.740000,13.422408,7.524443,false,0.000000
2024-03-07,CCK,BBG001S5PKZ5,0,false,76.600000,77.800000,1.697128,1.566580,false,0.000000
2024-03-07,CCNE,BBG001S80QZ3,0,false,20.470000,20.290000,1.294577,-0.879336,false,0.000000
2024-03-07,CCO,BBG001SY0WV7,0,false,1.790000,1.750000,1.117318,-2.234637,false,0.000000
2024-03-07,CCOI,BBG001SC5GP2,0,false,70.910000,67.930000,0.000000,-4.202510,false,0.000000
2024-03-07,CCRN,BBG001SG7SC9,0,false,18.110000,18.670000,4.251795,3.092214,false,0.000000
2024-03-07,CCS,BBG006G413H4,0,false,83.000000,84.360000,3.590361,1.638554,false,0.000000
2024-03-07,CDE,BBG001S5PM54,14,true,3.130000,3.190000,1.916933,1.916933,false,0.000000
2024-03-07,CDMO,BBG001SD4YL6,54,true,6.050000,6.100000,9.254545,0.826446,false,0.000000
2024-03-07,CDNA,BBG006JS5794,0,false,11.810000,11.940000,3.556308,1.100762,false,0.000000
2024-03-07,CDP,BBG001S5XVM6,0,false,24.520000,24.430000,0.489396,-0.367047,false,0.000000
2024-03-07,CDRE,BBG011RK3P21,0,false,37.430000,38.410000,3.259418,2.618221,false,0.000000
2024-03-07,CDRO,0001866782,0,false,6.911000,6.931900,0.564318,0.302416,false,0.000000
2024-03-07,CECO,BBG001S6PJV0,1,false,20.350000,20.540000,4.324324,0.933661,false,0.000000
2024-03-07,CEIX,BBG00HC115M9,0,false,93.020000,94.650000,4.493657,1.752311,false,0.000000
2024-03-07,CELC,BBG00HKBW054,0,false,18.380000,18.000000,1.550598,-2.067465,false,0.000000
2024-03-07,CELH,BBG001SQSKT3,6,false,87.860000,89.550000,2.720237,1.923515,false,0.000000
2024-03-07,CELU,BBG00P2RTT43,0,false,4.300000,5.457400,27.906977,26.916279,true,0.000000
2024-03-07,CENN,BBG01JJ2CQM7,6,false,1.330000,1.350000,3.759398,1.503759,false,0.000000
2024-03-07,CENTA,BBG001SLHT35,0,false,35.750000,35.830000,0.755245,0.223776,false,0.000000
2024-03-07,CENX,BBG001S766G4,4,false,11.060000,11.385000,6.012658,2.938517,false,0.000000
2024-03-07,CEPU,BBG00JNMX9L5,0,false,8.010000,7.850000,0.000000,-1.997503,false,0.000000
2024-03-07,CERE,BBG00VCYVLJ2,0,false,41.390000,41.275000,0.144963,-0.277845,false,0.000000
2024-03-07,CERS,BBG001S97DG4,2,false,2.500000,2.380000,3.400000,-4.800000,false,0.000000
2024-03-07,CERT,BBG00Y7BR4L2,3,false,19.220000,19.450000,2.107180,1.196670,false,0.000000
2024-03-07,CEVA,BBG001S9R702,0,false,23.530000,24.060000,3.994900,2.252444,false,0.000000
2024-03-07,CFB,BBG001T6G4Z8,0,false,13.050000,12.920000,0.842912,-0.996169,false,0.000000
2024-03-07,CFFN,BBG001SBWDX2,0,false,5.910000,5.825000,0.507614,-1.438240,false,0.000000
2024-03-07,CFLT,BBG007HWGYS3,3,false,33.790000,33.290000,0.295946,-1.479728,false,0.000000
2024-03-07,CFR,BBG001S6D2D0,0,false,111.950000,109.540000,0.902188,-2.152747,false,0.000000
2024-03-07,CGAU,BBG001SLVFY5,1,false,5.580000,5.670000,2.150538,1.612903,false,0.000000
2024-03-07,CGBD,BBG00GQVWWQ3,1,false,16.400000,16.390000,0.609756,-0.060976,false,0.000000
2024-03-07,CGC,BBG001T6MH82,5,false,2.950000,2.970000,3.057627,0.677966,false,0.000000
2024-03-07,CGEM,BBG00HW2DGR3,0,false,17.420000,16.350000,0.401837,-6.142365,false,0.000000
2024-03-07,CGNT,0001824814,0,false,7.340000,7.360000,0.408719,0.272480,false,0.000000
2024-03-07,CGNX,BBG001S5TC16,0,false,41.120000,40.920000,0.741732,-0.486381,false,0.000000
2024-03-07,CHCO,BBG001S5PR71,0,false,105.890000,104.250000,0.000000,-1.548777,false,0.000000
2024-03-07,CHCT,BBG008G2P3N1,0,false,27.170000,26.890000,0.552079,-1.030548,false,0.000000
2024-03-07,CHDN,BBG001S67Z80,0,false,111.950000,113.150000,1.563198,1.071907,false,0.000000
2024-03-07,CHEF,BBG001V11JN2,0,false,37.660000,37.620000,0.849708,-0.106213,false,0.000000
2024-03-07,CHGG,BBG001TBCK85,1,false,7.980000,8.230000,3.696742,3.132832,false,0.000000
2024-03-07,CHH,BBG001S997X6,0,false,120.110000,120.930000,0.919990,0.682708,false,0.000000
2024-03-07,CHI,BBG001SG6175,0,false,11.220000,11.240000,0.356506,0.178253,false,0.000000
2024-03-07,CHK,BBG00Z6DX607,1,false,81.990000,81.510000,0.219539,-0.585437,false,0.000000
2024-03-07,CHPT,BBG00Q741ZS7,34,true,1.930000,1.950000,3.626943,1.036269,false,0.000000
2024-03-07,CHRD,BBG00Y7BLJF2,0,false,163.000000,162.970000,0.625767,-0.018405,false,0.000000
2024-03-07,CHRW,BBG001SB6KF5,0,false,72.070000,72.589000,0.929652,0.720133,false,0.000000
2024-03-07,CHUY,BBG001YR4229,0,false,34.330000,34.170000,0.203903,-0.466065,false,0.000000
2024-03-07,CHW,BBG001SQN842,0,false,6.290000,6.360000,1.112878,1.112878,false,0.000000
2024-03-07,CHWY,BBG00P19DLQ4,19,true,17.330000,17.490000,2.248702,0.923254,false,0.000000
2024-03-07,CHX,BBG00JH9V005,0,false,31.370000,31.750000,1.880778,1.211348,false,0.000000
2024-03-07,CHY,BBG001S8SMN5,0,false,12.040000,12.020000,0.082226,-0.166113,false,0.000000
2024-03-07,CIEN,BBG001S61J73,58,true,53.750000,52.850000,2.586047,-1.674419,false,0.000000
2024-03-07,CIFR,BBG00XYHY0L1,35,true,3.540000,3.415000,0.847458,-3.531073,false,0.000000
2024-03-07,CIGI,BBG001S79G88,0,false,117.595000,117.640000,0.863132,0.038267,false,0.000000
2024-03-07,CIM,BBG001SR1G28,3,false,4.440000,4.450000,0.900901,0.225225,false,0.000000
2024-03-07,CINT,0001868995,3,false,4.020000,4.010000,6.094527,-0.248756,false,0.000000
2024-03-07,CION,BBG009KJ66C3,0,false,10.890000,10.980000,1.101928,0.826446,false,0.000000
2024-03-07,CIVI,BBG00GLNJ0R0,0,false,69.000000,68.630000,1.258841,-0.536232,false,0.000000
2024-03-07,CIX,BBG001S643N7,0,false,30.410000,29.950000,1.748109,-1.512660,false,0.000000
2024-03-07,CLB,BBG01GG28WT1,0,false,15.620000,15.980000,2.880922,2.304738,false,0.000000
2024-03-07,CLBK,BBG003222R95,0,false,16.680000,16.570000,0.584532,-0.659472,false,0.000000
2024-03-07,CLBT,0001854587,0,false,11.660000,11.660000,0.900515,0.000000,false,0.000000
2024-03-07,CLCO,0001944057,3,false,11.290000,11.500000,4.074402,1.860053,false,0.000000
2024-03-07,CLDT,BBG001T5ZKL8,0,false,10.190000,10.000000,0.000000,-1.864573,false,0.000000
2024-03-07,CLDX,BBG001S7QN20,0,false,48.570000,46.960000,1.008853,-3.314803,false,0.000000
2024-03-07,CLF,BBG001S5PW43,13,true,20.370000,20.920000,3.338243,2.700049,false,0.000000
2024-03-07,CLFD,BBG001S5NS35,0,false,30.920000,31.130000,2.765201,0.679172,false,0.000000
2024-03-07,CLH,BBG001S5PW98,0,false,190.790000,190.700000,0.860527,-0.047172,false,0.000000
2024-03-07,CLMB,BBG001S5T4D1,0,false,70.700000,68.030000,0.000000,-3.776521,false,0.000000
2024-03-07,CLMT,BBG001SPKBJ4,0,false,15.370000,15.300000,1.431360,-0.455433,false,0.000000
2024-03-07,CLNE,BBG001SPD4H0,3,false,2.700000,2.695000,2.962963,-0.185185,false,0.000000
2024-03-07,CLOV,BBG00SHY90K3,11,true,0.820000,0.799800,0.853659,-2.463415,false,0.000000
2024-03-07,CLS,BBG001S9CXM7,5,false,47.570000,47.330000,1.828884,-0.504520,false,0.000000
2024-03-07,CLSK,BBG001S7F576,55,true,16.490000,17.810000,9.097029,8.004851,false,0.000000
2024-03-07,CLVT,0001764046,0,false,7.240000,7.160000,0.828729,-1.104972,false,0.000000
2024-03-07,CLW,BBG001T3T1B3,0,false,39.070000,39.000000,0.467110,-0.179166,false,0.000000
2024-03-07,CMA,BBG001S6PXB1,2,false,51.840000,52.070000,1.909722,0.443673,false,0.000000
2024-03-07,CMAX,BBG00VWC4RQ7,0,false,15.280000,13.950000,3.795812,-8.704188,false,0.000000
2024-03-07,CMC,BBG001S5PXG8,0,false,53.100000,53.650000,1.751412,1.035782,false,0.000000
2024-03-07,CMCO,BBG001S5VFS7,0,false,41.860000,42.350000,1.337793,1.170569,false,0.000000
2024-03-07,CMP,BBG001SDY0X4,0,false,22.160000,22.060000,3.790614,-0.451264,false,0.000000
2024-03-07,CMPR,0001262976,0,false,90.610000,90.360000,0.971195,-0.275908,false,0.000000
2024-03-07,CMRE,0001503584,0,false,11.410000,11.540000,2.252410,1.139351,false,0.000000
2024-03-07,CMTG,BBG00PT33814,0,false,9.830000,9.795000,0.406918,-0.356053,false,0.000000
2024-03-07,CNA,BBG001S5PYX7,0,false,44.130000,43.610000,0.475867,-1.178337,false,0.000000
2024-03-07,CNDT,BBG00C1BZMV6,0,false,3.380000,3.340000,1.505917,-1.183432,false,0.000000
2024-03-07,CNK,BBG001SS31W4,1,false,17.040000,17.650000,4.460094,3.579812,false,0.000000
2024-03-07,CNM,BBG01163K3R5,0,false,49.780000,50.090000,0.723182,0.622740,false,0.000000
2024-03-07,CNMD,BBG001S5PZH2,0,false,85.040000,85.000000,1.581609,-0.047037,false,0.000000
2024-03-07,CNNE,BBG00GXRNJQ3,2,false,22.010000,21.990000,0.454339,-0.090868,false,0.000000
2024-03-07,CNO,BBG001SBR6X3,0,false,26.860000,26.670000,0.893522,-0.707372,false,0.000000
2024-03-07,CNOB,BBG001S6YLR0,0,false,20.060000,19.670000,0.199402,-1.944167,false,0.000000
2024-03-07,CNS,BBG001S5PZN5,0,false,76.130000,75.770000,1.037699,-0.472875,false,0.000000
2024-03-07,CNSL,BBG001S5PL29,0,false,4.280000,4.310000,0.934579,0.700935,false,0.000000
2024-03-07,CNX,BBG001SC7TN4,0,false,21.180000,21.030000,0.873466,-0.708215,false,0.000000
2024-03-07,CNXC,BBG00RCNQMY2,1,false,66.700000,66.260000,0.000000,-0.659670,false,0.000000
2024-03-07,CNXN,BBG001S96MG5,0,false,65.890000,65.560000,0.371832,-0.500835,false,0.000000
2024-03-07,COCO,BBG012QFVTF8,0,false,25.520000,24.820000,1.763323,-2.742947,false,0.000000
2024-03-07,CODI,BBG001SPY7K6,0,false,24.450000,24.420000,0.081800,-0.122699,false,0.000000
2024-03-07,COGT,BBG007DHY102,0,false,6.950000,6.710000,1.437410,-3.453237,false,0.000000
2024-03-07,COHR,BBG001S5S6N6,6,false,64.200000,64.310000,1.604673,0.171340,false,0.000000
2024-03-07,COHU,BBG001S87LQ7,0,false,32.000000,32.760000,2.890625,2.375000,false,0.000000
2024-03-07,COLB,BBG001S72GJ3,6,false,19.800000,19.560000,0.555556,-1.212121,false,0.000000
2024-03-07,COLD,BBG001SMQ866,0,false,26.030000,26.230000,0.845179,0.768344,false,0.000000
2024-03-07,COLL,BBG001T535S9,0,false,36.970000,37.210000,0.703273,0.649175,false,0.000000
2024-03-07,COLM,BBG001S90WD2,0,false,80.390000,80.695000,0.684165,0.379400,false,0.000000
2024-03-07,COMP,BBG00J5SXTJ1,2,false,3.810000,3.740000,1.574803,-1.837270,false,0.000000
2024-03-07,COO,BBG001S5Q1H6,0,false,102.480000,102.070000,0.770882,-0.400078,false,0.000000
2024-03-07,COOP,BBG002V09956,0,false,72.710000,72.010000,1.074955,-0.962729,false,0.000000
2024-03-07,CORT,BBG001S8QGV1,0,false,23.330000,23.390000,0.685812,0.257180,false,0.000000
2024-03-07,COTY,BBG001S8GLM1,0,false,12.810000,12.680000,0.624512,-1.014832,false,0.000000
2024-03-07,COUR,BBG002WLDMY3,0,false,15.090000,15.035000,1.259112,-0.364480,false,0.000000
2024-03-07,CPA,0001345105,0,false,99.120000,100.180000,2.118644,1.069411,false,0.000000
2024-03-07,CPB,BBG001S5Q2B0,0,false,43.410000,42.070000,0.207326,-3.086846,false,0.000000
2024-03-07,CPE,BBG001SB5DH0,0,false,31.840000,31.760000,1.036432,-0.251256,false,0.000000
2024-03-07,CPF,BBG001S5Q2C9,0,false,19.490000,19.310000,0.667009,-0.923551,false,0.000000
2024-03-07,CPG,BBG001SLLJ78,6,false,7.600000,7.575000,1.315789,-0.328947,false,0.000000
2024-03-07,CPK,BBG001SCP5R2,0,false,104.140000,104.400000,1.123488,0.249664,false,0.000000
2024-03-07,CPLP,0001392326,0,false,17.860000,17.410000,0.000000,-2.519597,false,0.000000
2024-03-07,CPRI,0001530721,0,false,45.810000,46.460000,1.680856,1.418904,false,0.000000
2024-03-07,CPRX,BBG001SRHS16,5,false,16.290000,16.630000,2.823818,2.087170,false,0.000000
2024-03-07,CPT,BBG001S5Q6V9,0,false,98.490000,98.725000,0.710224,0.238603,false,0.000000
2024-03-07,CR,BBG016G0L0V9,0,false,126.960000,133.990000,5.552930,5.537177,false,0.000000
2024-03-07,CRAI,BBG001SBRK80,0,false,138.150000,139.290000,2.765110,0.825190,false,0.000000
2024-03-07,CRBU,BBG008G28LH7,2,false,7.450000,7.390000,3.892617,-0.805369,false,0.000000
2024-03-07,CRC,BBG00Y04KQ51,0,false,53.350000,48.840000,1.499531,-8.453608,false,0.000000
2024-03-07,CRCT,BBG00XJFB224,0,false,4.660000,4.970000,11.373391,6.652361,false,0.000000
2024-03-07,CRD.A,BBG001S5TK72,0,false,8.630000,8.310000,2.665122,-3.707995,false,0.000000
2024-03-07,CRDO,0001807794,0,false,21.920000,22.510000,3.786496,2.691606,false,0.000000
2024-03-07,CRGY,BBG013THLJ08,45,true,10.790000,10.670000,2.224282,-1.112141,false,0.000000
2024-03-07,CRI,BBG001SCJ3Q5,0,false,82.950000,83.080000,1.241712,0.156721,false,0.000000
2024-03-07,CRK,BBG001S8FX55,2,false,8.640000,8.410000,0.231481,-2.662037,false,0.000000
2024-03-07,CRL,BBG001S7Q271,0,false,266.800000,270.250000,1.776612,1.293103,false,0.000000
2024-03-07,CRMT,BBG001S6Z7P2,0,false,61.960000,62.290000,2.864751,0.532602,false,0.000000
2024-03-07,CRNC,BBG00MMDJG93,0,false,14.140000,14.080000,0.990099,-0.424328,false,0.000000
2024-03-07,CRNX,BBG00BC592C3,0,false,43.520000,42.440000,0.229779,-2.481618,false,0.000000
2024-03-07,CRON,BBG006G267X6,0,false,1.960000,1.980000,1.530612,1.020408,false,0.000000
2024-03-07,CROX,BBG001SDGFR8,2,false,120.240000,123.950000,3.788257,3.085496,false,0.000000
2024-03-07,CRS,BBG001S5Q5M1,1,false,66.170000,68.450000,3.657246,3.445670,false,0.000000
2024-03-07,CRSP,0001674416,5,false,81.000000,79.350000,3.085432,-2.037037,false,0.000000
2024-03-07,CRSR,BBG00HMSHL92,2,false,12.590000,12.650000,1.667990,0.476569,false,0.000000
2024-03-07,CRUS,BBG001S67J86,0,false,92.370000,94.240000,3.439428,2.024467,false,0.000000
2024-03-07,CRVL,BBG001S72ZL8,0,false,233.300000,232.580000,0.565795,-0.308616,false,0.000000
2024-03-07,CSGS,BBG001S8QQ76,0,false,53.410000,53.195000,1.198277,-0.402546,false,0.000000
2024-03-07,CSIQ,BBG001SPNJT3,4,false,20.430000,20.750000,2.398434,1.566324,false,0.000000
2024-03-07,CSQ,BBG001SC0HR3,0,false,16.150000,16.080000,0.681115,-0.433437,false,0.000000
2024-03-07,CSR,BBG001SB9ZW0,0,false,55.840000,55.570000,0.161175,-0.483524,false,0.000000
2024-03-07,CSTL,BBG006YWVSS2,0,false,21.620000,20.770000,0.000000,-3.931545,false,0.000000
2024-03-07,CSTM,0001563411,0,false,19.530000,20.040000,2.611367,2.611367,false,0.000000
2024-03-07,CSTR,BBG00CW88W92,0,false,19.410000,19.300000,0.875837,-0.566718,false,0.000000
2024-03-07,CSV,BBG001S9M5G4,0,false,25.410000,25.660000,1.141283,0.983865,false,0.000000
2024-03-07,CSWC,BBG001S5Q7P4,0,false,24.360000,24.450000,1.231527,0.369458,false,0.000000
2024-03-07,CSWI,BBG007NLG4M2,0,false,236.190000,238.460000,1.655447,0.961091,false,0.000000
2024-03-07,CTBI,BBG001S9F6J7,0,false,40.950000,40.670000,0.048840,-0.683761,false,0.000000
2024-03-07,CTKB,BBG00D36Q103,1,false,7.070000,7.150000,3.960396,1.131542,false,0.000000
2024-03-07,CTLP,BBG001S96MW7,0,false,6.350000,6.379000,0.629921,0.456693,false,0.000000
2024-03-07,CTLT,BBG005XR47N7,1,false,57.020000,56.350000,0.017538,-1.175026,false,0.000000
2024-03-07,CTO,BBG00Y3M1H68,0,false,17.000000,17.030000,0.176471,0.176471,false,0.000000
2024-03-07,CTOS,BBG00HLCWDG1,1,false,6.140000,6.210000,1.140065,1.140065,false,0.000000
2024-03-07,CTRE,BBG005KC4Z61,0,false,23.680000,23.480000,0.253378,-0.844595,false,0.000000
2024-03-07,CTS,BBG001S5Q8Y2,0,false,44.970000,44.990000,0.756060,0.044474,false,0.000000
2024-03-07,CTV,BBG00Z2Y0CF2,1,false,2.200000,2.100000,1.818182,-4.545455,false,0.000000
2024-03-07,CUBE,BBG001SHP0D7,0,false,44.230000,44.570000,0.904364,0.768709,false,0.000000
2024-03-07,CUBI,BBG0023XX770,1,false,55.270000,54.720000,0.922743,-0.995115,false,0.000000
2024-03-07,CURV,BBG011C0PDC3,0,false,4.730000,4.800000,1.479915,1.479915,false,0.000000
2024-03-07,CUZ,BBG001S73MB7,3,false,23.920000,23.620000,0.815217,-1.254181,false,0.000000
2024-03-07,CVAC,0001809122,0,false,3.330000,3.320000,0.564565,-0.300300,false,0.000000
2024-03-07,CVBF,BBG001SJ1SH4,1,false,18.080000,17.920000,1.355088,-0.884956,false,0.000000
2024-03-07,CVCO,BBG001SJQBM8,0,false,368.930000,375.600000,2.181986,1.807931,false,0.000000
2024-03-07,CVEO,BBG009KJ2H33,0,false,24.110000,24.530000,2.281211,1.742016,false,0.000000
2024-03-07,CVGW,BBG001S9FP96,0,false,29.720000,29.440000,0.555182,-0.942127,false,0.000000
2024-03-07,CVI,BBG001SM6PD2,0,false,32.410000,33.670000,4.597346,3.887689,false,0.000000
2024-03-07,CVII,BBG00ZKGBLC2,0,false,10.640000,10.640000,0.093985,0.000000,false,0.000000
2024-03-07,CVLG,BBG001S89TF0,0,false,46.670000,46.635000,1.189201,-0.074995,false,0.000000
2024-03-07,CVLT,BBG001S7R751,0,false,99.600000,99.780000,0.793072,0.180723,false,0.000000
2024-03-07,CVNA,BBG00GCTWF71,30,true,78.305000,79.430000,4.043675,1.436690,false,0.000000
2024-03-07,CVRX,BBG001TJ3M57,0,false,20.170000,20.520000,2.280615,1.735250,false,0.000000
2024-03-07,CW,BBG001S5QBK0,0,false,242.060000,242.750000,0.475089,0.285053,false,0.000000
2024-03-07,CWAN,BBG012C765M3,20,true,16.950000,16.700000,0.117994,-1.474926,false,0.000000
2024-03-07,CWCO,0000928340,0,false,29.870000,29.661000,0.367928,-0.699699,false,0.000000
2024-03-07,CWEN,BBG008LJ4TG2,0,false,22.200000,22.120000,0.450450,-0.360360,false,0.000000
2024-03-07,CWH,BBG00D2Z7X92,0,false,27.740000,27.130000,1.225667,-2.198991,false,0.000000
2024-03-07,CWK,0001628369,0,false,9.920000,9.705000,0.716734,-2.167339,false,0.000000
2024-03-07,CWST,BBG001SB5S05,0,false,93.660000,94.190000,0.587230,0.565877,false,0.000000
2024-03-07,CWT,BBG001S7QBD4,0,false,45.860000,46.240000,1.177497,0.828609,false,0.000000
2024-03-07,CXM,BBG0043NCD14,1,false,13.200000,13.530000,3.257576,2.500000,false,0.000000
2024-03-07,CXT,BBG017BXPZ94,0,false,60.060000,60.250000,0.732601,0.316350,false,0.000000
2024-03-07,CXW,BBG001S8PTV4,0,false,14.850000,14.850000,0.808081,0.000000,false,0.000000
2024-03-07,CYBR,0001598110,2,false,260.810000,262.060000,1.410989,0.479276,false,0.000000
2024-03-07,CYD,0000932695,0,false,8.430000,8.750000,4.389087,3.795967,false,0.000000
2024-03-07,CYH,BBG001S89L85,1,false,2.840000,2.765000,1.760563,-2.640845,false,0.000000
2024-03-07,CYRX,BBG001SLKBJ3,0,false,17.510000,17.341000,1.313535,-0.965163,false,0.000000
2024-03-07,CYTK,BBG001SGMVF2,2,false,66.880000,65.880000,1.181220,-1.495215,false,0.000000
2024-03-07,CZR,BBG0074Q3NL5,6,false,41.060000,41.680000,2.508524,1.509985,false,0.000000
2024-03-07,DAC,0001369241,0,false,71.150000,71.500000,1.166550,0.491918,false,0.000000
2024-03-07,DAKT,BBG001S7N3Z1,0,false,8.810000,8.855000,1.101022,0.510783,false,0.000000
2024-03-07,DAN,BBG001SRW699,0,false,12.420000,12.500000,3.220612,0.644122,false,0.000000
2024-03-07,DAR,BBG001SB7RP8,1,false,43.680000,43.610000,1.533883,-0.160256,false,0.000000
2024-03-07,DAVE,BBG00Z483WM2,0,false,32.500000,36.800000,35.353846,13.230769,true,0.000000
2024-03-07,DAWN,BBG00V1KSN13,0,false,15.930000,15.500000,1.055242,-2.699309,false,0.000000
2024-03-07,DBD,BBG01HVHYCP8,0,false,33.110000,33.215000,1.026880,0.317125,false,0.000000
2024-03-07,DBI,BBG001SLWM79,1,false,10.410000,10.230000,0.960615,-1.729107,false,0.000000
2024-03-07,DBRG,BBG00D30HGN8,0,false,18.330000,18.030000,0.436443,-1.636661,false,0.000000
2024-03-07,DBX,BBG001TFLWN3,2,false,23.950000,24.160000,1.064718,0.876827,false,0.000000
2024-03-07,DCBO,BBG00Q2B1CB5,0,false,52.500000,52.860000,2.857143,0.685714,false,0.000000
2024-03-07,DCGO,BBG00YB8JBL7,0,false,3.950000,3.791000,0.759494,-4.025316,false,0.000000
2024-03-07,DCI,BBG001S5QDV4,0,false,73.790000,73.650000,0.135520,-0.189728,false,0.000000
2024-03-07,DCO,BBG001S5QDZ0,0,false,49.270000,49.890000,1.623706,1.258372,false,0.000000
2024-03-07,DCOM,BBG001S7NTQ4,0,false,18.860000,18.490000,0.265111,-1.961824,false,0.000000
2024-03-07,DCPH,BBG00HMJ9H63,0,false,17.050000,16.930000,0.527859,-0.703812,false,0.000000
2024-03-07,DDD,BBG001S7FHX1,3,false,4.600000,4.845000,5.434783,5.326087,false,0.000000
2024-03-07,DDS,BBG001S5VNW5,0,false,406.680000,397.180000,0.590489,-2.335989,false,0.000000
2024-03-07,DEA,BBG007SV91T2,0,false,11.700000,11.605000,0.299145,-0.811966,false,0.000000
2024-03-07,DEI,BBG001SR5X72,0,false,13.650000,13.610000,1.098901,-0.293040,false,0.000000
2024-03-07,DENN,BBG001S5YGR3,0,false,9.350000,9.340000,0.426738,-0.106952,false,0.000000
2024-03-07,DESP,0001703141,0,false,8.880000,9.480000,8.671171,6.756757,false,0.000000
2024-03-07,DFH,BBG00YN8LKQ6,1,false,39.290000,38.490000,1.527106,-2.036142,false,0.000000
2024-03-07,DFIN,BBG009R0CT67,0,false,64.770000,62.500000,0.000000,-3.504709,false,0.000000
2024-03-07,DGICA,BBG001SHRMC8,0,false,13.950000,13.720000,0.000000,-1.648746,false,0.000000
2024-03-07,DGICB,BBG001SD41P4,0,false,,,,,false,0.000000
2024-03-07,DGII,BBG001S5Z4V4,0,false,29.390000,29.670000,2.415788,0.952705,false,0.000000
2024-03-07,DGX,BBG001S9GX43,0,false,127.100000,127.390000,0.491739,0.228167,false,0.000000
2024-03-07,DH,BBG01282ZKG1,0,false,8.210000,8.370000,3.410475,1.948843,false,0.000000
2024-03-07,DHIL,BBG001SCH7V2,0,false,155.200000,153.350000,0.811856,-1.192010,false,0.000000
2024-03-07,DHT,0001331284,1,false,11.150000,11.095000,0.448430,-0.493274,false,0.000000
2024-03-07,DIN,BBG001SD46L7,0,false,51.020000,50.340000,0.098001,-1.332811,false,0.000000
2024-03-07,DINO,BBG0135B2269,0,false,56.200000,57.210000,3.380783,1.797153,false,0.000000
2024-03-07,DIOD,BBG001SCJ937,0,false,67.700000,70.950000,6.152142,4.800591,false,0.000000
2024-03-07,DJCO,BBG001S5QHM5,0,false,383.000000,391.870000,2.315927,2.315927,false,0.000000
2024-03-07,DK,BBG00FZYFVD4,0,false,25.460000,26.040000,2.513747,2.278083,false,0.000000
2024-03-07,DKL,BBG0036D6305,0,false,44.690000,44.390000,0.313269,-0.671291,false,0.000000
2024-03-07,DLB,BBG001SDXGH8,0,false,82.010000,82.310000,0.597488,0.365809,false,0.000000
2024-03-07,DLO,0001846832,0,false,16.880000,17.050000,3.613744,1.007109,false,0.000000
2024-03-07,DLX,BBG001S5QJ69,0,false,19.100000,19.150000,1.047120,0.261780,false,0.000000
2024-03-07,DMLP,BBG001SLKJK4,0,false,31.000000,31.420000,2.193548,1.354839,false,0.000000
2024-03-07,DMRC,BBG001T2W3C6,0,false,32.500000,30.540000,0.000000,-6.030769,false,0.000000
2024-03-07,DNA,BBG00YPS1LT7,35,true,1.220000,1.200000,1.639344,-1.639344,false,0.000000
2024-03-07,DNB,BBG00VCZXBX3,0,false,10.480000,10.400000,0.000000,-0.763359,false,0.000000
2024-03-07,DNLI,BBG008P7F878,0,false,20.710000,20.520000,0.603573,-0.917431,false,0.000000
2024-03-07,DNN,BBG001S9ZPX7,8,false,1.830000,1.950000,6.557377,6.557377,false,0.000000
2024-03-07,DNOW,BBG005BLN1Z3,1,false,14.600000,14.850000,1.712329,1.712329,false,0.000000
2024-03-07,DNTH,BBG00FB2NQ15,0,false,25.170000,25.190000,3.257847,0.079460,false,0.000000
2024-03-07,DNUT,BBG0118Y87P2,0,false,12.780000,12.840000,1.564945,0.469484,false,0.000000
2024-03-07,DO,BBG010JCFCF2,0,false,11.860000,12.200000,3.583474,2.866779,false,0.000000
2024-03-07,DOC,BBG001S5RTS2,0,false,17.680000,17.540000,0.678733,-0.791855,false,0.000000
2024-03-07,DOCN,BBG00ZGF6TM7,3,false,39.360000,38.590000,2.235772,-1.956301,false,0.000000
2024-03-07,DOCS,BBG0026ZJQY6,0,false,28.380000,28.690000,2.677942,1.092319,false,0.000000
2024-03-07,DOCU,BBG001T535D5,18,true,52.910000,53.570000,2.258552,1.247401,false,0.000000
2024-03-07,DOLE,0001857475,0,false,11.590000,11.705000,1.294219,0.992235,false,0.000000
2024-03-07,DOMO,BBG00L2NS125,0,false,11.810000,11.360000,0.507197,-3.810330,false,0.000000
2024-03-07,DOOO,BBG004G49425,0,false,63.840000,64.140000,1.464599,0.469925,false,0.000000
2024-03-07,DOOR,BBG001T51RT2,0,false,130.790000,130.560000,0.221729,-0.175854,false,0.000000
2024-03-07,DORM,BBG001S5S932,0,false,91.950000,91.480000,0.761283,-0.511147,false,0.000000
2024-03-07,DOX,0001062579,0,false,92.050000,93.540000,2.020641,1.618685,false,0.000000
2024-03-07,DRCT,BBG013JR1M75,3,false,21.800000,22.860000,6.279817,4.862385,false,0.000000
2024-03-07,DRH,BBG001SJ63M8,0,false,9.610000,9.500000,0.208117,-1.144641,false,0.000000
2024-03-07,DRQ,BBG001SB9LK4,0,false,22.480000,22.500000,1.690391,0.088968,false,0.000000
2024-03-07,DRS,BBG00ZSB4TT8,0,false,23.370000,23.600000,1.026958,0.984168,false,0.000000
2024-03-07,DRVN,BBG00YN8ND71,0,false,13.910000,14.730000,6.578001,5.895040,false,0.000000
2024-03-07,DSGR,BBG001S5SQ43,0,false,30.630000,28.780000,4.129938,-6.039830,false,0.000000
2024-03-07,DSGX,BBG001SBJY34,0,false,87.570000,91.590000,6.852803,4.590613,false,0.000000
2024-03-07,DSKE,BBG009NWXKC0,0,false,8.240000,8.260000,0.242718,0.242718,false,0.000000
2024-03-07,DSX,0001318885,1,false,2.920000,2.990000,2.397260,2.397260,false,0.000000
2024-03-07,DT,BBG00PNN7CW9,3,false,46.750000,46.850000,1.347594,0.213904,false,0.000000
2024-03-07,DTIL,BBG008NSBPW2,2,false,12.580000,12.560000,1.589825,-0.158983,false,0.000000
2024-03-07,DTM,BBG0112Z58K1,0,false,58.200000,58.290000,0.841924,0.154639,false,0.000000
2024-03-07,DTSS,BBG00B8TYJY7,3,false,8.710000,8.400000,5.855339,-3.559127,false,0.000000
2024-03-07,DUOL,BBG003D4V960,0,false,213.540000,211.660000,0.683713,-0.880397,false,0.000000
2024-03-07,DV,BBG00ZNRRKL0,0,false,29.720000,31.830000,8.176312,7.099596,false,0.000000
2024-03-07,DVA,BBG001SB5DZ0,0,false,132.580000,134.080000,2.345754,1.131392,false,0.000000
2024-03-07,DVAX,BBG001S7HTB7,0,false,12.750000,12.801000,1.411765,0.400000,false,0.000000
2024-03-07,DX,BBG001S5R078,4,false,12.430000,12.440000,0.402253,0.080451,false,0.000000
2024-03-07,DXC,BBG00FN64XV6,0,false,20.510000,20.440000,0.755729,-0.341297,false,0.000000
2024-03-07,DXPE,BBG001S9F0F4,0,false,36.030000,40.300000,11.878990,11.851235,false,0.000000
2024-03-07,DY,BBG001S6MGW8,1,false,135.510000,138.080000,2.199100,1.896539,false,0.000000
2024-03-07,DYN,BBG00NSGPJF8,0,false,26.370000,26.480000,1.971938,0.417141,false,0.000000
2024-03-07,EAF,BBG00KDYT9G8,0,false,1.800000,1.790000,3.888889,-0.555556,false,0.000000
2024-03-07,EAT,BBG001S5RFV8,0,false,48.830000,48.660000,0.583658,-0.348147,false,0.000000
2024-03-07,EB,BBG001V1CQC6,0,false,5.310000,5.490000,5.273070,3.389831,false,0.000000
2024-03-07,EBC,BBG00W9KWY41,0,false,13.240000,13.185000,0.528701,-0.415408,false,0.000000
2024-03-07,EBF,BBG001S5QQS9,0,false,19.930000,19.920000,0.225790,-0.050176,false,0.000000
2024-03-07,EBTC,BBG001SB6470,0,false,26.990000,26.510000,0.000000,-1.778436,false,0.000000
2024-03-07,ECPG,BBG001SKFPK8,0,false,48.430000,48.950000,1.445385,1.073715,false,0.000000
2024-03-07,ECVT,BBG00GX8YLD2,0,false,9.200000,9.210000,1.630435,0.108696,false,0.000000
2024-03-07,ECX,0001861974,0,false,2.010000,1.980000,3.388060,-1.492537,false,0.000000
2024-03-07,EDIT,BBG005MX5H08,1,false,9.160000,8.830000,1.965066,-3.602620,false,0.000000
2024-03-07,EDR,BBG00P8TCHD7,0,false,24.440000,24.325000,0.286416,-0.470540,false,0.000000
2024-03-07,EE,BBG014GJSS81,0,false,15.590000,16.230000,4.329699,4.105196,false,0.000000
2024-03-07,EEFT,BBG001S9DW39,1,false,111.980000,112.220000,0.549205,0.214324,false,0.000000
2024-03-07,EEX,BBG00GCTWW65,0,false,5.690000,5.880000,4.453427,3.339192,false,0.000000
2024-03-07,EFC,BBG001SQ6V04,3,false,11.300000,11.370000,0.619469,0.619469,false,0.000000
2024-03-07,EFSC,BBG001SKJVR4,0,false,40.720000,40.330000,0.540275,-0.957760,false,0.000000
2024-03-07,EFTR,BBG00YMWT5H9,0,false,16.560000,14.930000,1.086957,-9.842995,false,0.000000
2024-03-07,EFXT,BBG001SXXC92,0,false,6.350000,6.270000,0.314961,-1.259843,false,0.000000
2024-03-07,EGBN,BBG001SBX1Z5,0,false,23.810000,23.490000,1.049979,-1.343973,false,0.000000
2024-03-07,EGHT,BBG001S6JC97,1,false,2.800000,2.845000,2.500000,1.607143,false,0.000000
2024-03-07,EGIO,BBG001SQXJL8,1,false,7.740000,8.015000,3.617571,3.552972,false,0.000000
2024-03-07,EGLE,0001322439,1,false,62.210000,63.460000,2.411188,2.009323,false,0.000000
2024-03-07,EGO,BBG001S5YPQ4,3,false,12.320000,12.300000,0.324675,-0.162338,false,0.000000
2024-03-07,EGP,BBG001S5QT03,0,false,181.810000,180.410000,0.272262,-0.770035,false,0.000000
2024-03-07,EGY,BBG001S76ZS7,0,false,4.210000,4.255000,2.850356,1.068884,false,0.000000
2024-03-07,EHAB,BBG014QJ5CJ8,0,false,9.430000,9.600000,15.588547,1.802757,false,0.000000
2024-03-07,EHC,BBG001S5Q5B3,0,false,77.350000,77.370000,0.989011,0.025856,false,0.000000
2024-03-07,EIG,BBG001SMM101,0,false,45.520000,44.790000,0.000000,-1.603691,false,0.000000
2024-03-07,EIGR,BBG0026ZCTH6,0,false,6.770000,7.180000,6.056130,6.056130,false,0.000000
2024-03-07,ELAN,BBG00LJYS1R6,0,false,16.170000,16.290000,0.803958,0.742115,false,0.000000
2024-03-07,ELF,BBG00DQ6VYQ2,4,false,207.730000,209.940000,2.103692,1.063881,false,0.000000
2024-03-07,ELME,BBG001S5XJD3,0,false,13.160000,13.400000,2.317629,1.823708,false,0.000000
2024-03-07,ELS,BBG001S5T5G5,0,false,66.540000,65.880000,0.661256,-0.991885,false,0.000000
2024-03-07,ELVN,BBG00CP3BDF2,0,false,15.810000,15.390000,1.897533,-2.656546,false,0.000000
2024-03-07,EMBC,BBG014L7D4H0,0,false,13.650000,13.900000,2.783883,1.831502,false,0.000000
2024-03-07,EMN,BBG001S7JNP3,0,false,87.750000,89.180000,1.994302,1.629630,false,0.000000
2024-03-07,ENFN,BBG012MBFR72,0,false,8.220000,8.320000,1.824818,1.216545,false,0.000000
2024-03-07,ENLC,BBG001SGNNQ7,0,false,12.630000,12.630000,1.029295,0.000000,false,0.000000
2024-03-07,ENLT,0001922641,0,false,17.450000,17.520000,0.458453,0.401146,false,0.000000
2024-03-07,ENOV,BBG001SC04J1,0,false,63.580000,62.450000,0.597672,-1.777288,false,0.000000
2024-03-07,ENR,BBG006FCB028,0,false,27.960000,28.270000,1.287554,1.108727,false,0.000000
2024-03-07,ENS,BBG001SLVXW8,0,false,92.180000,92.290000,0.743111,0.119332,false,0.000000
2024-03-07,ENSG,BBG001SPNL09,0,false,126.570000,124.290000,0.458244,-1.801375,false,0.000000
2024-03-07,ENTA,BBG001V9NSC3,0,false,15.450000,15.720000,3.883495,1.747573,false,0.000000
2024-03-07,ENV,BBG001T7SQ20,0,false,52.070000,52.970000,2.419819,1.728442,false,0.000000
2024-03-07,ENVA,BBG0022PSJT4,0,false,63.170000,63.090000,1.092291,-0.126642,false,0.000000
2024-03-07,ENVX,BBG00YC538B7,2,false,9.450000,9.295000,0.846561,-1.640212,false,0.000000
2024-03-07,EOLS,BBG005CX4HL7,1,false,14.180000,14.810000,5.641749,4.442877,false,0.000000
2024-03-07,EPAC,BBG001S5NYQ7,0,false,33.270000,33.340000,1.051999,0.210400,false,0.000000
2024-03-07,EPC,BBG001SF1XY2,0,false,37.620000,38.420000,2.192982,2.126528,false,0.000000
2024-03-07,EPIX,BBG0080GLFK7,1,false,8.720000,8.730000,2.600917,0.114679,false,0.000000
2024-03-07,EPR,BBG001SB5QR0,0,false,42.250000,42.380000,0.970414,0.307692,false,0.000000
2024-03-07,EPRT,BBG00L17LH87,0,false,24.820000,24.880000,0.261886,0.241741,false,0.000000
2024-03-07,EQBK,BBG001SN1XQ4,0,false,31.810000,32.060000,0.943100,0.785916,false,0.000000
2024-03-07,EQC,BBG001S5S0L1,0,false,18.630000,18.800000,0.912507,0.912507,false,0.000000
2024-03-07,EQH,BBG00J7CBWL8,0,false,33.280000,33.580000,2.013221,0.901442,false,0.000000
2024-03-07,EQX,BBG001SSK0K0,7,false,4.670000,4.590000,0.000000,-1.713062,false,0.000000
2024-03-07,ERAS,BBG00MTSR892,0,false,2.260000,2.150000,0.756637,-4.867257,false,0.000000
2024-03-07,ERF,BBG001SGHVD0,0,false,17.800000,17.910000,1.292135,0.617978,false,0.000000
2024-03-07,ERII,BBG001T28M86,0,false,15.540000,15.550000,1.287001,0.064350,false,0.000000
2024-03-07,ERO,BBG00HNV5D86,0,false,18.070000,17.470000,1.051467,-3.320421,false,0.000000
2024-03-07,ESAB,BBG0028ZMP54,0,false,100.330000,100.030000,0.807336,-0.299013,false,0.000000
2024-03-07,ESE,BBG001S6MFD1,0,false,100.940000,100.700000,0.723202,-0.237765,false,0.000000
2024-03-07,ESGR,0001363829,0,false,288.750000,298.510000,3.636364,3.380087,false,0.000000
2024-03-07,ESI,BBG004KDL523,0,false,23.940000,24.160000,1.629073,0.918964,false,0.000000
2024-03-07,ESLT,0001027664,0,false,212.030000,215.280000,1.537518,1.532802,false,0.000000
2024-03-07,ESNT,0001448893,0,false,54.250000,53.970000,1.124424,-0.516129,false,0.000000
2024-03-07,ESQ,BBG003BCFHY3,0,false,49.810000,49.375000,0.542060,-0.873319,false,0.000000
2024-03-07,ESRT,BBG002N8HMX9,0,false,9.760000,9.630000,0.614754,-1.331967,false,0.000000
2024-03-07,ESTA,0001688757,0,false,49.890000,50.000000,2.545600,0.220485,false,0.000000
2024-03-07,ESTC,0001707753,1,false,108.840000,106.760000,0.073502,-1.911062,false,0.000000
2024-03-07,ETD,BBG001S67JZ6,0,false,32.970000,32.940000,1.273885,-0.090992,false,0.000000
2024-03-07,ETNB,BBG00QKDZ985,16,true,13.320000,13.020000,0.000000,-2.252252,false,0.000000
2024-03-07,ETRN,BBG00K53L401,0,false,11.110000,11.080000,0.630063,-0.270027,false,0.000000
2024-03-07,ETSY,BBG001T53625,4,false,68.950000,68.390000,1.131255,-0.812183,false,0.000000
2024-03-07,ETWO,BBG00S91HBN8,4,false,4.320000,4.330000,5.902778,0.231481,false,0.000000
2024-03-07,EU,BBG001T8HNC6,0,false,3.860000,4.040000,5.955959,4.663212,false,0.000000
2024-03-07,EURN,0001604481,0,false,17.780000,17.780000,0.224972,0.000000,false,0.000000
2024-03-07,EVBG,BBG0022FMPG2,0,false,35.160000,35.100000,0.085324,-0.170648,false,0.000000
2024-03-07,EVCM,BBG0118LMXS4,0,false,9.290000,9.440000,2.583423,1.614639,false,0.000000
2024-03-07,EVER,BBG00F17NDJ5,1,false,14.880000,15.370000,4.536290,3.293011,false,0.000000
2024-03-07,EVEX,BBG00XZQN3Y2,0,false,5.410000,5.120000,2.996303,-5.360444,false,0.000000
2024-03-07,EVGO,BBG00XP21PS8,27,true,3.080000,2.790000,2.272727,-9.415584,false,0.000000
2024-03-07,EVH,BBG005CHLMB3,0,false,33.840000,34.010000,0.886525,0.502364,false,0.000000
2024-03-07,EVLV,BBG00W1PPKY3,3,false,3.730000,3.730000,1.206434,0.000000,false,0.000000
2024-03-07,EVR,BBG001SC3S41,0,false,195.000000,194.310000,0.062821,-0.353846,false,0.000000
2024-03-07,EVRG,BBG00H433CS1,0,false,51.130000,51.350000,0.606298,0.430276,false,0.000000
2024-03-07,EVRI,BBG001SLY556,1,false,9.500000,9.405000,1.368421,-1.000000,false,0.000000
2024-03-07,EVTC,BBG001SX2XR0,0,false,37.740000,36.800000,0.821410,-2.490726,false,0.000000
2024-03-07,EWBC,BBG001SCC7R2,0,false,77.760000,76.870000,0.804012,-1.144547,false,0.000000
2024-03-07,EWCZ,BBG011RWTZQ9,0,false,15.150000,14.790000,2.310231,-2.376238,false,0.000000
2024-03-07,EWTX,BBG00K4Y2H33,3,false,17.750000,17.730000,1.352113,-0.112676,false,0.000000
2024-03-07,EXAS,BBG001SGCLB9,2,false,56.740000,61.460000,8.600634,8.318646,false,0.000000
2024-03-07,EXEL,BBG001SD42W4,0,false,22.490000,22.080000,0.077812,-1.823032,false,0.000000
2024-03-07,EXK,BBG001S5ZH63,18,true,1.910000,1.900000,0.523560,-0.523560,false,0.000000
2024-03-07,EXLS,BBG001SKWX40,0,false,31.780000,32.390000,3.115167,1.919446,false,0.000000
2024-03-07,EXP,BBG001S7VG92,0,false,257.660000,259.710000,1.839634,0.795622,false,0.000000
2024-03-07,EXPI,BBG001V05TN8,0,false,12.370000,12.810000,4.284559,3.556993,false,0.000000
2024-03-07,EXPO,BBG001S9CG99,0,false,81.270000,80.840000,0.504491,-0.529101,false,0.000000
2024-03-07,EXTR,BBG001S6ZV24,0,false,12.050000,12.000000,0.871369,-0.414938,false,0.000000
2024-03-07,EYE,BBG00HVQF9L1,0,false,22.860000,23.260000,2.580927,1.749781,false,0.000000
2024-03-07,EYPT,BBG001SNLCD2,3,false,26.400000,25.350000,1.374621,-3.977273,false,0.000000
2024-03-07,EZPW,BBG001S6RN67,0,false,10.440000,10.455000,1.340996,0.143678,false,0.000000
2024-03-07,FA,BBG011J0CVZ5,0,false,16.220000,16.070000,0.739827,-0.924784,false,0.000000
2024-03-07,FAF,BBG001T1LV65,0,false,57.750000,56.220000,1.125541,-2.649351,false,0.000000
2024-03-07,FARO,BBG001S8HPX9,0,false,21.780000,21.540000,0.000000,-1.101928,false,0.000000
2024-03-07,FATE,BBG001T888S2,0,false,8.020000,8.360000,10.099751,4.239401,false,0.000000
2024-03-07,FBIN,BBG001THLZ70,0,false,81.070000,81.640000,0.789441,0.703096,false,0.000000
2024-03-07,FBK,BBG00DM434H8,0,false,36.210000,36.460000,1.491301,0.690417,false,0.000000
2024-03-07,FBMS,BBG001SB73Y1,0,false,26.050000,25.770000,1.458733,-1.074856,false,0.000000
2024-03-07,FBNC,BBG001S5R1Z5,0,false,35.510000,35.210000,0.703745,-0.844832,false,0.000000
2024-03-07,FBP,BBG001S76PN4,1,false,17.550000,17.395000,0.398860,-0.883191,false,0.000000
2024-03-07,FBRT,BBG013173BC4,0,false,12.830000,12.810000,0.584567,-0.155885,false,0.000000
2024-03-07,FC,BBG001SB0L96,0,false,39.590000,39.880000,1.869159,0.732508,false,0.000000
2024-03-07,FCBC,BBG001S9V627,0,false,33.590000,33.230000,0.625186,-1.071748,false,0.000000
2024-03-07,FCEL,BBG001SDZHP5,46,true,1.200000,1.115000,2.500000,-7.083333,false,0.000000
2024-03-07,FCF,BBG001S70475,0,false,13.740000,13.550000,0.436681,-1.382824,false,0.000000
2024-03-07,FCFS,BBG0145KL756,0,false,115.460000,114.760000,0.822796,-0.606271,false,0.000000
2024-03-07,FCN,BBG001SCJVR2,0,false,207.740000,205.860000,0.125156,-0.904977,false,0.000000
2024-03-07,FCPT,BBG009H33QN9,0,false,24.060000,24.140000,1.205320,0.332502,false,0.000000
2024-03-07,FDMT,BBG00QG40S04,0,false,28.570000,29.510000,3.815191,3.290165,false,0.000000
2024-03-07,FDP,0001047340,0,false,24.280000,24.480000,1.070840,0.823723,false,0.000000
2024-03-07,FDUS,BBG001V0MG11,0,false,19.650000,19.640000,0.178117,-0.050891,false,0.000000
2024-03-07,FELE,BBG001S5R3W4,0,false,102.590000,102.620000,0.999123,0.029243,false,0.000000
2024-03-07,FFBC,BBG001S5R4C4,0,false,22.360000,22.160000,0.849732,-0.894454,false,0.000000
2024-03-07,FFIC,BBG001S7KQM7,0,false,12.860000,12.920000,2.021773,0.466563,false,0.000000
2024-03-07,FFIN,BBG001S7HCY9,0,false,32.780000,32.560000,0.564369,-0.671141,false,0.000000
2024-03-07,FFIV,BBG001SCP8D1,0,false,190.630000,193.000000,1.348161,1.243246,false,0.000000
2024-03-07,FFWM,BBG001V9VY13,0,false,8.180000,8.110000,1.955990,-0.855746,false,0.000000
2024-03-07,FG,BBG01BGVGH85,0,false,37.150000,36.020000,0.242261,-3.041723,false,0.000000
2024-03-07,FHB,BBG0046LJYX7,0,false,21.440000,21.270000,0.699627,-0.792910,false,0.000000
2024-03-07,FHI,BBG001S6TGK4,0,false,36.210000,35.710000,0.552334,-1.380834,false,0.000000
2024-03-07,FHN,BBG001SCW8R8,1,false,15.030000,14.990000,0.998004,-0.266134,false,0.000000
2024-03-07,FIBK,BBG001S9F1B6,1,false,27.080000,26.660000,1.292467,-1.550960,false,0.000000
2024-03-07,FIGS,BBG004SK5VM8,0,false,5.400000,5.360000,1.666667,-0.740741,false,0.000000
2024-03-07,FIHL,0001636639,3,false,17.870000,17.820000,0.839396,-0.279799,false,0.000000
2024-03-07,FIP,BBG0174VKJB4,0,false,4.970000,5.190000,4.426559,4.426559,false,0.000000
2024-03-07,FIVE,BBG001TCDMY9,0,false,209.000000,206.930000,1.440191,-0.990431,false,0.000000
2024-03-07,FIVN,BBG001V0P7K7,0,false,57.610000,58.460000,4.131227,1.475438,false,0.000000
2024-03-07,FIX,BBG001SB1GG8,0,false,313.580000,314.430000,0.271063,0.271063,false,0.000000
2024-03-07,FIZZ,BBG001S5PM18,0,false,50.870000,50.450000,0.766660,-0.825634,false,0.000000
2024-03-07,FL,BBG001S5XMR1,36,true,23.520000,24.350000,5.654762,3.528912,false,0.000000
2024-03-07,FLEX,0000866374,18,true,30.590000,30.510000,0.539392,-0.261523,false,0.000000
2024-03-07,FLGT,BBG00DW0QQM5,0,false,23.480000,23.650000,1.310477,0.724020,false,0.000000
2024-03-07,FLNC,BBG012QSDTD2,3,false,15.000000,15.220000,1.866667,1.466667,false,0.000000
2024-03-07,FLNG,0001772253,0,false,25.160000,25.390000,0.914149,0.914149,false,0.000000
2024-03-07,FLO,BBG001S5R7L7,0,false,22.700000,22.440000,0.176211,-1.145374,false,0.000000
2024-03-07,FLR,BBG001S5Q738,0,false,36.900000,37.230000,1.476965,0.894309,false,0.000000
2024-03-07,FLS,BBG001SB3F87,0,false,42.600000,43.590000,2.464789,2.323944,false,0.000000
2024-03-07,FLWS,BBG001S60YV4,0,false,10.070000,10.090000,2.184707,0.198610,false,0.000000
2024-03-07,FLYW,BBG002030ND3,0,false,26.110000,26.350000,2.872463,0.919188,false,0.000000
2024-03-07,FMBH,BBG001S704Q4,0,false,30.990000,30.740000,1.097128,-0.806712,false,0.000000
2024-03-07,FMC,BBG001S5R880,1,false,62.000000,63.400000,3.822581,2.258065,false,0.000000
2024-03-07,FMNB,BBG001S7S1W3,0,false,13.490000,13.300000,0.518903,-1.408451,false,0.000000
2024-03-07,FN,0001408710,2,false,225.850000,220.220000,0.467124,-2.492805,false,0.000000
2024-03-07,FNA,BBG005914H40,1,false,11.160000,11.550000,3.494624,3.494624,false,0.000000
2024-03-07,FNB,BBG001S5R1Q5,0,false,13.870000,13.685000,0.432588,-1.333814,false,0.000000
2024-03-07,FND,BBG007GJ2F90,0,false,126.320000,126.640000,2.414503,0.253325,false,0.000000
2024-03-07,FNF,BBG006N7S6J1,0,false,52.340000,51.430000,0.802446,-1.738632,false,0.000000
2024-03-07,FNKO,BBG00HXSHDR8,0,false,6.530000,6.440000,0.306279,-1.378254,false,0.000000
2024-03-07,FOLD,BBG001SN96V9,0,false,12.660000,12.285000,0.789889,-2.962085,false,0.000000
2024-03-07,FOR,BBG001S5R9G9,0,false,35.240000,37.070000,6.923666,5.192963,false,0.000000
2024-03-07,FORM,BBG001SFT2R8,0,false,45.480000,46.190000,2.803430,1.561126,false,0.000000
2024-03-07,FORR,BBG001S98HN6,0,false,19.590000,20.520000,4.798367,4.747320,false,0.000000
2024-03-07,FOUR,BBG00TX393M3,1,false,81.340000,81.130000,0.147529,-0.258176,false,0.000000
2024-03-07,FOXA,BBG00JHNJX06,1,false,28.440000,28.670000,0.984529,0.808720,false,0.000000
2024-03-07,FOXF,BBG004T7VS71,2,false,50.800000,51.080000,1.761811,0.551181,false,0.000000
2024-03-07,FPI,BBG005TNS0R6,0,false,11.080000,11.009900,1.083032,-0.632671,false,0.000000
2024-03-07,FR,BBG001S81Z00,1,false,53.590000,52.870000,0.261243,-1.343534,false,0.000000
2024-03-07,FRBA,BBG001SRY1B5,0,false,13.190000,13.360000,1.440485,1.288855,false,0.000000
2024-03-07,FRGE,BBG00YGCJL77,0,false,1.810000,1.830000,4.143646,1.104972,false,0.000000
2024-03-07,FRHC,BBG001SGRW38,0,false,75.380000,75.190000,0.981693,-0.252056,false,0.000000
2024-03-07,FRME,BBG001S5NNS9,0,false,34.830000,34.540000,1.952340,-0.832616,false,0.000000
2024-03-07,FRO,0000913290,5,false,23.410000,23.495000,0.811619,0.363093,false,0.000000
2024-03-07,FROG,0001800667,3,false,42.870000,42.760000,1.446233,-0.256590,false,0.000000
2024-03-07,FRPH,BBG001SD43R8,0,false,61.250000,61.125000,0.000000,-0.204082,false,0.000000
2024-03-07,FRPT,BBG001V04FM0,0,false,109.910000,108.520000,0.081885,-1.264671,false,0.000000
2024-03-07,FRSH,BBG0029KYGM4,0,false,18.850000,18.560000,0.000000,-1.538462,false,0.000000
2024-03-07,FRST,BBG001SPKP12,0,false,12.420000,12.330000,0.644122,-0.724638,false,0.000000
2024-03-07,FRT,BBG001S5RC36,0,false,102.330000,101.970000,0.322486,-0.351803,false,0.000000
2024-03-07,FSBC,BBG001SN0V52,0,false,24.390000,24.240000,0.000000,-0.615006,false,0.000000
2024-03-07,FSCO,BBG01BG24837,0,false,5.710000,5.670000,0.437828,-0.700525,false,0.000000
2024-03-07,FSK,BBG001YCZQ07,1,false,18.960000,19.230000,1.529536,1.424051,false,0.000000
2024-03-07,FSLY,BBG004NLQHM9,16,true,13.380000,13.490000,1.943199,0.822123,false,0.000000
2024-03-07,FSM,BBG001S982M0,17,true,3.070000,3.240000,5.537459,5.537459,false,0.000000
2024-03-07,FSS,BBG001S5RD98,0,false,80.000000,81.020000,1.387500,1.275000,false,0.000000
2024-03-07,FSV,BBG0093LLBP5,0,false,164.600000,167.130000,1.537060,1.537060,false,0.000000
2024-03-07,FTAI,0001590364,0,false,58.900000,58.700000,0.398981,-0.339559,false,0.000000
2024-03-07,FTDR,BBG00H9MNF05,0,false,30.800000,31.400000,2.288961,1.948052,false,0.000000
2024-03-07,FTI,0001681459,2,false,21.840000,22.240000,2.586996,1.831502,false,0.000000
2024-03-07,FTRE,BBG01GZF9W47,0,false,36.510000,36.680000,1.013421,0.465626,false,0.000000
2024-03-07,FUBO,BBG002CV4QZ3,24,true,1.720000,1.645000,4.069767,-4.360465,false,0.000000
2024-03-07,FUL,BBG001S5RDZ9,0,false,79.500000,79.530000,1.220126,0.037736,false,0.000000
2024-03-07,FULC,BBG00DDY1RM7,1,false,12.000000,11.290000,2.843333,-5.916667,false,0.000000
2024-03-07,FULT,BBG001S5RF02,0,false,15.940000,15.630000,0.501882,-1.944793,false,0.000000
2024-03-07,FUN,BBG001S5RF11,0,false,42.710000,43.110000,2.364786,0.936549,false,0.000000
2024-03-07,FUSN,BBG00V9VQ4K4,1,false,9.900000,10.040000,6.060606,1.414141,false,0.000000
2024-03-07,FVRR,0001762301,2,false,22.210000,22.230000,0.990545,0.090050,false,0.000000
2024-03-07,FWRD,BBG001SC0FW1,0,false,31.010000,31.340000,3.063528,1.064173,false,0.000000
2024-03-07,FWRG,BBG012F6M198,0,false,24.680000,24.790000,2.593193,0.445705,false,0.000000
2024-03-07,FYBR,BBG010MVVVX6,1,false,24.110000,23.990000,1.824969,-0.497719,false,0.000000
2024-03-07,G,0001398659,0,false,34.200000,34.500000,1.198830,0.877193,false,0.000000
2024-03-07,GABC,BBG001S7BHR2,0,false,33.770000,33.490000,1.984009,-0.829138,false,0.000000
2024-03-07,GAIN,BBG001SL3TS3,0,false,13.900000,13.920000,0.633094,0.143885,false,0.000000
2024-03-07,GAMB,0001839799,0,false,8.460000,8.500000,1.950355,0.472813,false,0.000000
2024-03-07,GATO,BBG001W4GFS2,2,false,7.380000,7.690000,5.013550,4.200542,false,0.000000
2024-03-07,GATX,BBG001S5RM34,0,false,131.650000,132.670000,0.820357,0.774782,false,0.000000
2024-03-07,GB,0001799983,0,false,4.400000,4.700000,6.818182,6.818182,false,0.000000
2024-03-07,GBCI,BBG001S6HGM5,0,false,40.370000,40.050000,0.644043,-0.792668,false,0.000000
2024-03-07,GBDC,BBG001T63BY7,1,false,15.790000,15.690000,0.063331,-0.633312,false,0.000000
2024-03-07,GBLI,BBG004M233J2,0,false,29.850000,29.965000,0.737018,0.385260,false,0.000000
2024-03-07,GBTG,BBG00Y52B9C0,0,false,5.440000,5.600000,4.779412,2.941176,false,0.000000
2024-03-07,GBX,BBG001S80QK9,0,false,51.220000,51.600000,1.903553,0.741898,false,0.000000
2024-03-07,GCBC,BBG001S9KJZ5,0,false,28.710000,28.350000,0.000000,-1.253918,false,0.000000
2024-03-07,GCMG,BBG00Y73FGG2,0,false,8.560000,8.620000,1.401869,0.700935,false,0.000000
2024-03-07,GCO,BBG001S5RHF2,0,false,28.940000,29.300000,1.572218,1.243953,false,0.000000
2024-03-07,GCT,0001857816,10,true,36.710000,33.900000,1.470989,-7.654590,false,0.000000
2024-03-07,GDEN,BBG001S69CW2,0,false,32.900000,34.170000,3.860182,3.860182,false,0.000000
2024-03-07,GDEV,0001848739,0,false,2.290000,2.250000,0.436681,-1.746725,false,0.000000
2024-03-07,GDOT,BBG001T6W7V7,0,false,8.250000,8.500000,3.878788,3.030303,false,0.000000
2024-03-07,GDRX,BBG00X0VP956,3,false,7.650000,7.530000,2.810458,-1.568627,false,0.000000
2024-03-07,GDYN,BBG00MDLZP15,0,false,12.470000,12.420000,1.443464,-0.400962,false,0.000000
2024-03-07,GEF,BBG001S8S678,0,false,63.810000,63.550000,0.595518,-0.407460,false,0.000000
2024-03-07,GEL,BBG001S9CQC3,0,false,11.810000,11.640000,1.100762,-1.439458,false,0.000000
2024-03-07,GEN,BBG001S5QG38,3,false,21.670000,21.900000,1.142132,1.061375,false,0.000000
2024-03-07,GENI,0001834489,1,false,6.730000,6.285000,3.046062,-6.612184,false,0.000000
2024-03-07,GEO,BBG001S6VYZ6,2,false,11.990000,11.970000,0.250209,-0.166806,false,0.000000
2024-03-07,GERN,BBG001S6TSX4,0,false,2.140000,2.090000,1.869159,-2.336449,false,0.000000
2024-03-07,GES,BBG001S5RJR5,0,false,26.150000,25.810000,0.191205,-1.300191,false,0.000000
2024-03-07,GETY,BBG017RQJJH6,0,false,4.720000,4.790000,2.966102,1.483051,false,0.000000
2024-03-07,GFF,BBG001S7M3Z2,0,false,70.050000,69.630000,1.022698,-0.599572,false,0.000000
2024-03-07,GFL,BBG003FD9W80,0,false,35.040000,35.290000,0.856164,0.713470,false,0.000000
2024-03-07,GFR,BBG01HRTJS60,0,false,5.150000,5.200000,2.405825,0.970874,false,0.000000
2024-03-07,GGR,0001886190,1,false,1.550000,1.515000,0.000000,-2.258065,false,0.000000
2024-03-07,GH,BBG006D97VZ8,1,false,18.600000,19.880000,7.795699,6.881720,false,0.000000
2024-03-07,GHRS,0001855129,0,false,8.360000,8.183000,1.435407,-2.117225,false,0.000000
2024-03-07,GIC,BBG001S9NZ95,0,false,44.950000,45.220000,1.679644,0.600667,false,0.000000
2024-03-07,GIII,BBG001S6F0Z8,0,false,29.310000,29.680000,1.501194,1.262368,false,0.000000
2024-03-07,GIL,BBG001S7JJL6,0,false,34.480000,34.390000,0.957077,-0.261021,false,0.000000
2024-03-07,GILT,0000897322,0,false,5.750000,5.625000,0.869565,-2.173913,false,0.000000
2024-03-07,GKOS,BBG001T91NX8,0,false,86.220000,88.910000,3.386685,3.119926,false,0.000000
2024-03-07,GL,BBG001S5WRX4,0,false,128.000000,127.190000,0.476563,-0.632813,false,0.000000
2024-03-07,GLAD,BBG001SJH738,0,false,10.215000,10.235000,0.244738,0.195791,false,0.000000
2024-03-07,GLBE,0001835963,0,false,33.100000,33.580000,2.719033,1.450151,false,0.000000
2024-03-07,GLDD,BBG001SNNJN4,0,false,9.050000,8.840000,0.110497,-2.320442,false,0.000000
2024-03-07,GLNG,0001207179,0,false,21.370000,21.100000,0.280767,-1.263453,false,0.000000
2024-03-07,GLOB,0001557860,0,false,211.090000,211.750000,1.819129,0.312663,false,0.000000
2024-03-07,GLP,BBG001SH3WJ5,0,false,48.250000,47.990000,0.974093,-0.538860,false,0.000000
2024-03-07,GLPI,BBG003MSMCT5,0,false,45.500000,45.570000,0.395604,0.153846,false,0.000000
2024-03-07,GLRE,0001385613,0,false,12.460000,12.400000,0.321027,-0.481541,false,0.000000
2024-03-07,GME,BBG001S5RLR0,16,true,15.260000,15.250000,1.638270,-0.065531,false,0.000000
2024-03-07,GMED,BBG002V87T57,0,false,54.970000,54.370000,0.618519,-1.091504,false,0.000000
2024-03-07,GMRE,BBG0027F2C05,2,false,9.020000,8.860000,0.554324,-1.773836,false,0.000000
2024-03-07,GMS,BBG009Q036F8,0,false,90.260000,90.640000,1.271106,0.421006,false,0.000000
2024-03-07,GNE,BBG0021PGB79,0,false,18.790000,18.740000,3.299627,-0.266099,false,0.000000
2024-03-07,GNK,0001326200,3,false,19.880000,20.450000,3.018109,2.867203,false,0.000000
2024-03-07,GNL,BBG004HXD0H7,1,false,7.230000,7.450000,3.042877,3.042877,false,0.000000
2024-03-07,GNRC,BBG001T5VGH6,0,false,111.640000,113.710000,2.194554,1.854174,false,0.000000
2024-03-07,GNTX,BBG001S5RMR8,0,false,36.900000,37.100000,1.829268,0.542005,false,0.000000
2024-03-07,GNTY,BBG001S7MPM7,0,false,29.310000,30.060000,3.480041,2.558854,false,0.000000
2024-03-07,GNW,BBG001SJ0DH8,0,false,6.340000,6.185000,0.946372,-2.444795,false,0.000000
2024-03-07,GO,BBG00P4R30Z8,0,false,26.180000,26.350000,0.840336,0.649351,false,0.000000
2024-03-07,GOGL,0001029145,8,false,13.430000,13.590000,1.414743,1.191363,false,0.000000
2024-03-07,GOGO,BBG002CN8YD4,0,false,8.920000,8.860000,2.578475,-0.672646,false,0.000000
2024-03-07,GOLF,BBG00D5L3ST3,0,false,64.490000,64.010000,0.790820,-0.744301,false,0.000000
2024-03-07,GOOD,BBG001SK8138,0,false,12.830000,12.920000,0.935308,0.701481,false,0.000000
2024-03-07,GOOS,BBG00G2HL1Z0,1,false,12.970000,12.670000,1.002313,-2.313030,false,0.000000
2024-03-07,GOSS,BBG00MVWLMC1,1,false,1.510000,1.400000,5.960265,-7.284768,false,0.000000
2024-03-07,GPI,BBG001S5RNK3,0,false,263.170000,265.340000,1.206445,0.824562,false,0.000000
2024-03-07,GPK,BBG001S90195,0,false,26.360000,26.760000,1.707132,1.517451,false,0.000000
2024-03-07,GPOR,BBG0112Z8766,0,false,145.500000,147.520000,2.041237,1.388316,false,0.000000
2024-03-07,GPRE,BBG001SPVM17,0,false,20.980000,20.790000,2.144900,-0.905624,false,0.000000
2024-03-07,GPRK,0001464591,10,true,9.100000,9.140000,1.648352,0.439560,false,0.000000
2024-03-07,GPRO,BBG001V0YJ76,5,false,2.270000,2.310000,2.202643,1.762115,false,0.000000
2024-03-07,GPS,BBG001S5RNN0,18,true,19.390000,19.310000,2.371841,-0.412584,false,0.000000
2024-03-07,GRAB,0001855612,15,true,3.130000,3.195000,2.236422,2.076677,false,0.000000
2024-03-07,GRBK,BBG001SS5LM9,0,false,52.600000,52.630000,3.961977,0.057034,false,0.000000
2024-03-07,GRC,BBG001S5RP00,0,false,36.680000,36.870000,0.817884,0.517993,false,0.000000
2024-03-07,GRND,BBG00YV3H7V6,0,false,8.350000,8.710000,5.149701,4.311377,false,0.000000
2024-03-07,GRNT,BBG017RM8TP6,0,false,6.080000,6.060000,0.904605,-0.328947,false,0.000000
2024-03-07,GRPN,BBG001T8J560,0,false,18.140000,18.620000,5.347299,2.646086,false,0.000000
2024-03-07,GSAT,BBG001SPN4X1,6,false,1.290000,1.301000,4.651163,0.852713,false,0.000000
2024-03-07,GSBC,BBG001S6DWN3,0,false,53.050000,52.660000,0.452403,-0.735156,false,0.000000
2024-03-07,GSBD,BBG004DDDL70,0,false,15.440000,15.395000,0.129534,-0.291451,false,0.000000
2024-03-07,GSHD,BBG00KHHBMD4,1,false,80.500000,81.095000,1.006211,0.739130,false,0.000000
2024-03-07,GSL,0001430725,0,false,19.870000,19.610000,0.855561,-1.308505,false,0.000000
2024-03-07,GSM,0001639877,0,false,4.410000,4.540000,5.442177,2.947846,false,0.000000
2024-03-07,GT,BBG001S5RQ62,4,false,12.120000,12.370000,3.176568,2.062706,false,0.000000
2024-03-07,GTES,0001718512,0,false,15.410000,15.460000,2.206360,0.324465,false,0.000000
2024-03-07,GTLB,BBG00DHTYPJ6,9,false,61.780000,59.090000,1.359501,-4.354160,false,0.000000
2024-03-07,GTLS,BBG001SQV7W4,0,false,142.000000,144.650000,1.873239,1.866197,false,0.000000
2024-03-07,GTN,BBG001S8SQK9,0,false,5.740000,5.785000,1.742160,0.783972,false,0.000000
2024-03-07,GTX,BBG00HY28Q04,0,false,9.450000,9.535000,3.121693,0.899471,false,0.000000
2024-03-07,GTY,BBG001S5RQR9,0,false,27.380000,27.150000,0.292184,-0.840029,false,0.000000
2024-03-07,GVA,BBG001S8WD96,0,false,52.940000,53.080000,0.566679,0.264450,false,0.000000
2024-03-07,GWRE,BBG001TWHGX5,0,false,116.750000,116.900000,0.299786,0.128480,false,0.000000
2024-03-07,GWRS,BBG001T2PQ42,0,false,13.050000,12.760000,1.877395,-2.222222,false,0.000000
2024-03-07,GXO,BBG00YDGX9Z1,0,false,50.020000,49.830000,1.099560,-0.379848,false,0.000000
2024-03-07,HA,BBG001S5RRT5,1,false,13.980000,13.900000,0.035765,-0.572246,false,0.000000
2024-03-07,HAE,BBG001S6QB64,2,false,77.500000,77.750000,1.380645,0.322581,false,0.000000
2024-03-07,HAFC,BBG001SFGJ31,0,false,15.650000,15.730000,0.958466,0.511182,false,0.000000
2024-03-07,HAIN,BBG001SBCKV0,2,false,9.410000,9.300000,0.690755,-1.168969,false,0.000000
2024-03-07,HALO,BBG001SGX585,0,false,41.950000,41.710000,1.072706,-0.572110,false,0.000000
2024-03-07,HARP,BBG00GTGL030,0,false,22.980000,22.980000,1.000870,0.000000,false,0.000000
2024-03-07,HAS,BBG001S5RSQ6,1,false,51.510000,51.360000,1.349253,-0.291206,false,0.000000
2024-03-07,HASI,BBG0044K5DN3,0,false,25.690000,25.460000,0.622810,-0.895290,false,0.000000
2024-03-07,HAYN,BBG001SL1ZT0,0,false,59.420000,59.410000,0.235611,-0.016829,false,0.000000
2024-03-07,HAYW,BBG00Z9CCSB9,0,false,14.040000,14.270000,1.994302,1.638177,false,0.000000
2024-03-07,HBANL,0000049196,0,false,24.330000,24.270000,0.184957,-0.246609,false,0.000000
2024-03-07,HBI,BBG001SMCKB8,1,false,5.480000,5.565000,3.467153,1.551095,false,0.000000
2024-03-07,HBM,BBG001SL27N7,2,false,6.330000,6.365000,3.001580,0.552923,false,0.000000
2024-03-07,HBNC,BBG001S7SGW0,0,false,12.650000,12.480000,1.501976,-1.343874,false,0.000000
2024-03-07,HBT,BBG00Q8J7380,0,false,19.430000,19.440000,0.360268,0.051467,false,0.000000
2024-03-07,HCAT,BBG00LDPZMT5,0,false,8.970000,8.910000,1.449275,-0.668896,false,0.000000
2024-03-07,HCC,BBG00GD1JNK4,0,false,60.600000,61.350000,2.699670,1.237624,false,0.000000
2024-03-07,HCI,BBG001T2C2P6,0,false,98.510000,99.510000,1.471932,1.015125,false,0.000000
2024-03-07,HCKT,BBG001S5VLP7,0,false,24.860000,24.651000,0.000000,-0.840708,false,0.000000
2024-03-07,HCP,BBG007PZ2T94,1,false,26.640000,26.325000,1.238739,-1.182432,false,0.000000
2024-03-07,HCSG,BBG001S5RTV8,0,false,12.890000,12.690000,0.853375,-1.551590,false,0.000000
2024-03-07,HDSN,BBG001S77CN2,5,false,12.480000,11.580000,1.040865,-7.211538,false,0.000000
2024-03-07,HE,BBG001S5RV43,7,false,11.570000,11.750000,1.642178,1.555748,false,0.000000
2024-03-07,HEES,BBG001SKSFQ0,0,false,58.680000,58.410000,0.954329,-0.460123,false,0.000000
2024-03-07,HELE,0000916789,0,false,122.530000,122.270000,0.947441,-0.212193,false,0.000000
2024-03-07,HESM,BBG00R02H8F3,0,false,35.150000,34.910000,0.625889,-0.682788,false,0.000000
2024-03-07,HFWA,BBG001SBJ270,0,false,19.600000,19.200000,0.765306,-2.040816,false,0.000000
2024-03-07,HGTY,BBG00Z9FKN97,0,false,8.770000,9.000000,2.622577,2.622577,false,0.000000
2024-03-07,HGV,BBG00CBYY6L2,1,false,46.160000,44.930000,1.678943,-2.664645,false,0.000000
2024-03-07,HHH,BBG01HTMDZ63,0,false,75.820000,75.090000,0.659457,-0.962807,false,0.000000
2024-03-07,HI,BBG001STH2P3,0,false,48.390000,48.990000,1.281256,1.239926,false,0.000000
2024-03-07,HIBB,BBG001S92VH8,0,false,75.000000,77.300000,3.786667,3.066667,false,0.000000
2024-03-07,HIFS,BBG001S614T2,0,false,173.700000,173.000000,0.172712,-0.402994,false,0.000000
2024-03-07,HII,BBG001V0PDL3,0,false,293.250000,291.730000,0.392157,-0.518329,false,0.000000
2024-03-07,HIMS,BBG00Q5LQWK9,9,false,14.190000,14.345000,3.523608,1.092319,false,0.000000
2024-03-07,HIPO,BBG00YRW9292,2,false,19.390000,18.430000,0.097989,-4.951006,false,0.000000
2024-03-07,HIW,BBG001S7X2X4,0,false,24.790000,24.440000,0.806777,-1.411860,false,0.000000
2024-03-07,HL,BBG001S5RXF7,23,true,4.040000,4.140000,2.475248,2.475248,false,0.000000
2024-03-07,HLF,0001180262,3,false,8.310000,8.630000,4.572804,3.850782,false,0.000000
2024-03-07,HLI,BBG001SFVN99,0,false,125.220000,124.080000,0.139754,-0.910398,false,0.000000
2024-03-07,HLIO,BBG001S99DF3,0,false,44.060000,44.400000,1.157512,0.771675,false,0.000000
2024-03-07,HLIT,BBG001S73CC8,0,false,12.920000,12.930000,1.083591,0.077399,false,0.000000
2024-03-07,HLLY,BBG00Y3N2SD3,0,false,4.050000,4.060000,2.716049,0.246914,false,0.000000
2024-03-07,HLMN,BBG00YC6W7C4,0,false,9.770000,9.840000,1.074719,0.716479,false,0.000000
2024-03-07,HLNE,BBG00FX58Q75,0,false,108.100000,108.800000,1.133210,0.647549,false,0.000000
2024-03-07,HLVX,BBG012FCPWK1,0,false,19.070000,18.660000,0.471945,-2.149974,false,0.000000
2024-03-07,HLX,BBG001S978V8,0,false,9.380000,9.590000,2.878465,2.238806,false,0.000000
2024-03-07,HMN,BBG001S5RY01,0,false,35.500000,35.220000,0.253521,-0.788732,false,0.000000
2024-03-07,HNI,BBG001S6Q6F5,0,false,42.990000,43.030000,0.860665,0.093045,false,0.000000
2024-03-07,HOG,BBG001S5RTY5,0,false,38.680000,39.080000,1.370217,1.034126,false,0.000000
2024-03-07,HOLI,0001357450,0,false,25.800000,25.870000,0.387597,0.271318,false,0.000000
2024-03-07,HOLO,0001841209,28,true,6.860000,6.080000,0.728863,-11.370262,false,0.000000
2024-03-07,HOMB,BBG001SN0R60,0,false,24.190000,23.880000,0.537412,-1.281521,false,0.000000
2024-03-07,HONE,BBG00NKZNGC5,0,false,10.390000,10.180000,1.251203,-2.021174,false,0.000000
2024-03-07,HOOD,BBG008NMBXP6,37,true,16.620000,16.360000,0.000000,-1.564380,false,0.000000
2024-03-07,HOPE,BBG001S8F2H0,0,false,11.380000,11.280000,0.966608,-0.878735,false,0.000000
2024-03-07,HOUS,BBG001SSDCC1,0,false,5.780000,5.760000,2.249135,-0.346021,false,0.000000
2024-03-07,HOV,BBG001S5RZM4,0,false,152.300000,148.650000,3.374655,-2.396586,false,0.000000
2024-03-07,HP,BBG001S5RZP1,0,false,38.520000,39.640000,3.400831,2.907580,false,0.000000
2024-03-07,HPK,BBG00RD1PYR2,0,false,15.330000,14.380000,0.909328,-6.196999,false,0.000000
2024-03-07,HPP,BBG001T6TCN9,0,false,6.750000,6.690000,2.074074,-0.888889,false,0.000000
2024-03-07,HQY,BBG001T8JKN8,0,false,81.090000,80.330000,0.789247,-0.937230,false,0.000000
2024-03-07,HR,BBG001T5WP21,0,false,13.870000,13.565000,0.215573,-2.198991,false,0.000000
2024-03-07,HRB,BBG001S5S031,0,false,49.210000,48.350000,0.152408,-1.747612,false,0.000000
2024-03-07,HRI,BBG001SNNBX0,0,false,164.050000,159.400000,1.456873,-2.834502,false,0.000000
2024-03-07,HRMY,BBG00WBPG548,0,false,30.740000,31.070000,1.951854,1.073520,false,0.000000
2024-03-07,HROW,BBG001SSTRN9,0,false,11.340000,11.395000,3.174603,0.485009,false,0.000000
2024-03-07,HRT,BBG012VBTY54,0,false,14.190000,14.170000,0.211416,-0.140944,false,0.000000
2024-03-07,HRTX,BBG001SB92D4,0,false,2.500000,2.580000,4.800000,3.200000,false,0.000000
2024-03-07,HRZN,BBG001T7JC58,0,false,11.790000,11.580000,0.020356,-1.781170,false,0.000000
2024-03-07,HSAI,BBG01CCYDDZ3,9,false,5.630000,5.660000,2.309059,0.532860,false,0.000000
2024-03-07,HSHP,0001959455,0,false,7.940000,8.300000,5.415617,4.534005,false,0.000000
2024-03-07,HSIC,BBG001S6S7F1,0,false,75.550000,75.220000,0.423561,-0.436797,false,0.000000
2024-03-07,HSII,BBG001SCQ2H9,0,false,32.270000,32.950000,2.634025,2.107220,false,0.000000
2024-03-07,HST,BBG001S5RY83,0,false,20.990000,20.820000,0.428776,-0.809909,false,0.000000
2024-03-07,HSTM,BBG001SCR2T5,0,false,26.610000,26.725000,1.785043,0.432168,false,0.000000
2024-03-07,HTBI,BBG002CV5WZ9,0,false,26.130000,25.680000,0.650593,-1.722158,false,0.000000
2024-03-07,HTBK,BBG001SBY8P0,1,false,8.600000,8.480000,1.395349,-1.395349,false,0.000000
2024-03-07,HTGC,BBG001SDPHZ5,4,false,18.510000,18.150000,0.216099,-1.944895,false,0.000000
2024-03-07,HTH,BBG001SH9HH4,0,false,31.660000,31.880000,0.821226,0.694883,false,0.000000
2024-03-07,HTLD,BBG001S5S1D8,0,false,12.160000,12.290000,1.562500,1.069079,false,0.000000
2024-03-07,HTLF,BBG001S8WBN4,0,false,35.780000,35.060000,0.782560,-2.012297,false,0.000000
2024-03-07,HTZ,BBG011N571V5,2,false,7.320000,7.505000,2.663934,2.527322,false,0.000000
2024-03-07,HUBG,BBG001S8SNQ0,0,false,42.760000,42.760000,0.818522,0.000000,false,0.000000
2024-03-07,HUMA,BBG00XPPT7T6,3,false,3.370000,3.250000,0.000000,-3.560831,false,0.000000
2024-03-07,HUN,BBG001SKWX22,0,false,26.360000,26.610000,2.465857,0.948407,false,0.000000
2024-03-07,HURN,BBG001SLSXM3,0,false,98.770000,99.340000,1.437684,0.577098,false,0.000000
2024-03-07,HUT,BBG00390LJJ8,13,true,7.870000,7.720000,0.635324,-1.905972,false,0.000000
2024-03-07,HVT,BBG001SBYDJ6,0,false,33.380000,33.270000,0.958658,-0.329539,false,0.000000
2024-03-07,HWC,BBG001S6S985,0,false,45.210000,44.570000,0.641451,-1.415616,false,0.000000
2024-03-07,HWKN,BBG001S5S282,0,false,70.620000,70.360000,1.373549,-0.368168,false,0.000000
2024-03-07,HXL,BBG001S5S2J0,0,false,76.230000,77.040000,1.128165,1.062574,false,0.000000
2024-03-07,HY,BBG001S5YDZ1,0,false,59.900000,58.310000,1.168614,-2.654424,false,0.000000
2024-03-07,HYLN,BBG00N9MJV02,5,false,1.860000,1.790000,4.301075,-3.763441,false,0.000000
2024-03-07,HYMC,BBG00JSBZQF1,3,false,2.250000,2.280000,8.724444,1.333333,false,0.000000
2024-03-07,HZO,BBG001SBS2N2,0,false,30.770000,30.600000,2.697433,-0.552486,false,0.000000
2024-03-07,IAC,BBG00S1LR2D2,0,false,51.480000,51.890000,1.893939,0.796426,false,0.000000
2024-03-07,IAG,BBG001S8SMV6,8,false,3.050000,3.090000,1.311475,1.311475,false,0.000000
2024-03-07,IART,BBG001S7JWM6,0,false,36.220000,36.070000,0.800663,-0.414136,false,0.000000
2024-03-07,IAS,BBG011BPJYL0,8,false,9.320000,9.625000,4.613734,3.272532,false,0.000000
2024-03-07,IAUX,BBG00Z3VDWG8,5,false,1.470000,1.530000,4.761905,4.081633,false,0.000000
2024-03-07,IBCP,BBG001S5S335,0,false,25.030000,24.760000,0.799041,-1.078706,false,0.000000
2024-03-07,IBKR,BBG001SQ4YC7,0,false,110.000000,109.140000,0.527273,-0.781818,false,0.000000
2024-03-07,IBOC,BBG001S6YYJ1,0,false,54.800000,54.190000,0.799270,-1.113139,false,0.000000
2024-03-07,IBP,BBG005TJKF09,0,false,237.250000,241.310000,2.179136,1.711275,false,0.000000
2024-03-07,IBRX,BBG007T9DYX8,5,false,5.050000,5.047500,3.762376,-0.049505,false,0.000000
2024-03-07,IBTX,BBG003981NT3,0,false,46.000000,44.980000,1.152174,-2.217391,false,0.000000
2024-03-07,ICFI,BBG001S6L7P7,0,false,154.260000,154.575000,1.105925,0.204201,false,0.000000
2024-03-07,ICHR,0001652535,0,false,44.260000,44.020000,2.146182,-0.542250,false,0.000000
2024-03-07,ICL,0000941221,2,false,5.460000,5.490000,1.445055,0.549451,false,0.000000
2024-03-07,ICUI,BBG001S712B3,0,false,105.060000,105.340000,1.499143,0.266514,false,0.000000
2024-03-07,IDA,BBG001S5S4M2,0,false,89.200000,88.950000,0.201794,-0.280269,false,0.000000
2024-03-07,IDCC,BBG001S8DV79,0,false,108.030000,105.560000,0.166620,-2.286402,false,0.000000
2024-03-07,IDT,BBG001SHWDJ5,0,false,38.350000,36.450000,0.469361,-4.954368,false,0.000000
2024-03-07,IDYA,BBG00CTZ4D92,0,false,46.590000,45.200000,0.858553,-2.983473,false,0.000000
2024-03-07,IE,BBG012WFRMH9,1,false,8.810000,9.320000,8.172531,5.788876,false,0.000000
2024-03-07,IEP,BBG001S5NBT4,5,false,19.750000,19.720000,2.511392,-0.151899,false,0.000000
2024-03-07,IESC,BBG001SR2L71,0,false,113.640000,115.230000,2.692714,1.399155,false,0.000000
2024-03-07,IFBD,0001815566,46,true,6.000000,6.320300,10.615000,5.338333,false,0.000000
2024-03-07,IFS,0001615903,0,false,28.420000,28.470000,1.460239,0.175932,false,0.000000
2024-03-07,IGIC,0001794338,0,false,12.410000,12.880000,3.948429,3.787268,false,0.000000
2024-03-07,IGMS,BBG00PNR1BV9,0,false,12.220000,12.090000,2.373159,-1.063830,false,0.000000
2024-03-07,IGT,0001619762,0,false,24.860000,25.160000,2.614642,1.206758,false,0.000000
2024-03-07,IHS,0001876183,0,false,2.440000,2.380000,2.459016,-2.459016,false,0.000000
2024-03-07,IIIN,BBG001SK9GV3,0,false,35.000000,35.430000,1.228571,1.228571,false,0.000000
2024-03-07,IIIV,BBG00L32N3P6,0,false,21.240000,21.920000,3.790019,3.201507,false,0.000000
2024-03-07,IIPR,BBG00F0SW7P6,0,false,97.840000,96.590000,0.189084,-1.277596,false,0.000000
2024-03-07,IMAX,BBG001S5Z701,0,false,16.690000,16.800000,1.633913,0.659077,false,0.000000
2024-03-07,IMKTA,BBG001S5S7D5,0,false,76.970000,76.280000,1.013382,-0.896453,false,0.000000
2024-03-07,IMNM,BBG00BR94298,2,false,26.810000,27.280200,15.471839,1.753823,false,0.000000
2024-03-07,IMTX,0001809196,0,false,12.310000,12.090000,1.543461,-1.787165,false,0.000000
2024-03-07,IMVT,BBG00P5MC0R7,0,false,33.120000,32.440000,0.950785,-2.053140,false,0.000000
2024-03-07,IMXI,BBG00G6D5NH5,0,false,20.650000,21.020000,3.147700,1.791768,false,0.000000
2024-03-07,INBX,BBG00P80N9V6,0,false,35.900000,35.750000,0.000000,-0.417827,false,0.000000
2024-03-07,INCY,BBG001S8Q6N2,0,false,59.490000,59.010000,0.386620,-0.806858,false,0.000000
2024-03-07,INDB,BBG001S5S8F1,0,false,52.250000,51.800000,0.679426,-0.861244,false,0.000000
2024-03-07,INDI,BBG00Z3XTNY7,2,false,6.620000,6.910000,4.984894,4.380665,false,0.000000
2024-03-07,INDV,0001625297,0,false,21.820000,22.030000,2.565995,0.962420,false,0.000000
2024-03-07,INFA,BBG012THM4K0,0,false,32.000000,32.120000,1.328125,0.375000,false,0.000000
2024-03-07,INFN,BBG001SSYWD3,15,true,5.270000,4.880000,1.518027,-7.400380,false,0.000000
2024-03-07,INGR,BBG001SBH4X9,0,false,116.750000,116.290000,0.779443,-0.394004,false,0.000000
2024-03-07,INMD,0001742692,2,false,22.960000,22.670000,0.522648,-1.263066,false,0.000000
2024-03-07,INN,BBG001TB84G7,0,false,6.450000,6.310000,0.310078,-2.170543,false,0.000000
2024-03-07,INNV,BBG00Z6F87V4,0,false,4.970000,4.950000,1.810865,-0.402414,false,0.000000
2024-03-07,INO,BBG001S5RHZ0,5,false,9.650000,9.020000,0.621762,-6.528497,false,0.000000
2024-03-07,INSG,BBG00DWX7QM4,1,false,2.740000,3.070000,19.485401,12.043796,true,0.000000
2024-03-07,INSM,BBG001S9SKW7,0,false,28.200000,27.780000,0.531915,-1.489362,false,0.000000
2024-03-07,INSP,BBG00209SZK5,0,false,194.190000,205.660000,8.532880,5.906586,false,0.000000
2024-03-07,INST,BBG011MGVC50,0,false,21.420000,21.050000,0.793651,-1.727358,false,0.000000
2024-03-07,INSW,0001679049,0,false,52.930000,53.020000,0.906858,0.170036,false,0.000000
2024-03-07,INTA,BBG002ZHMJ58,0,false,36.210000,35.930000,0.828500,-0.773267,false,0.000000
2024-03-07,INTR,0001864163,2,false,6.110000,6.010000,0.327332,-1.636661,false,0.000000
2024-03-07,INVA,BBG001SF23V0,0,false,15.210000,15.070000,0.657462,-0.920447,false,0.000000
2024-03-07,INZY,BBG00J7QJMD0,0,false,6.050000,6.220000,4.628099,2.809917,false,0.000000
2024-03-07,IONQ,BBG00XZP0LC3,56,true,10.400000,10.895000,8.846154,4.759615,false,0.000000
2024-03-07,IONS,BBG001SB7RD1,0,false,44.600000,44.640000,0.896861,0.089686,false,0.000000
2024-03-07,IOSP,BBG001S8RTD2,0,false,124.810000,125.970000,1.402131,0.929413,false,0.000000
2024-03-07,IOVA,BBG001T2PM32,23,true,17.400000,16.615000,0.862069,-4.511494,false,0.000000
2024-03-07,IP,BBG001S5SBF4,2,false,35.950000,35.870000,0.904033,-0.222531,false,0.000000
2024-03-07,IPAR,BBG001SD06N9,0,false,141.180000,139.900000,0.410823,-0.906644,false,0.000000
2024-03-07,IPG,BBG001S6RLK5,0,false,31.930000,32.550000,2.113999,1.941748,false,0.000000
2024-03-07,IPGP,BBG001SG95B8,0,false,89.540000,89.450000,0.815278,-0.100514,false,0.000000
2024-03-07,IRDM,BBG001T21JT7,0,false,28.610000,28.390000,1.800070,-0.768962,false,0.000000
2024-03-07,IREN,0001878848,11,true,5.400000,5.350000,1.111111,-0.925926,false,0.000000
2024-03-07,IRMD,BBG006NM92Y1,0,false,43.970000,44.180000,0.795770,0.477598,false,0.000000
2024-03-07,IRON,BBG00W9MJL04,0,false,66.610000,62.580000,0.000000,-6.050143,false,0.000000
2024-03-07,IRT,BBG004Q00LJ5,0,false,15.960000,16.040000,0.626566,0.501253,false,0.000000
2024-03-07,IRTC,BBG001TSQV70,0,false,108.940000,112.000000,3.322930,2.808886,false,0.000000
2024-03-07,IRWD,BBG001SNZLM7,5,false,8.850000,8.920000,1.581921,0.790960,false,0.000000
2024-03-07,ISPR,BBG01DR6S4R9,0,false,9.770000,9.850000,1.688843,0.818833,false,0.000000
2024-03-07,ITCI,BBG0026ZFZD3,0,false,66.430000,66.660000,1.091374,0.346229,false,0.000000
2024-03-07,ITGR,BBG001SFBS27,0,false,115.570000,116.170000,1.427706,0.519166,false,0.000000
2024-03-07,ITOS,BBG00VPNFT94,0,false,11.950000,11.560000,1.673640,-3.263598,false,0.000000
2024-03-07,ITRI,BBG001S6DJQ9,0,false,95.730000,95.920000,0.543090,0.198475,false,0.000000
2024-03-07,ITRN,0001337117,0,false,26.840000,26.640000,0.819672,-0.745156,false,0.000000
2024-03-07,ITT,BBG00CVQZQB3,0,false,127.710000,127.940000,0.493305,0.180096,false,0.000000
2024-03-07,IVR,BBG001T2XPD5,0,false,9.090000,9.105000,0.330033,0.165017,false,0.000000
2024-03-07,IVT,BBG001SCGX73,0,false,25.220000,24.940000,0.158604,-1.110230,false,0.000000
2024-03-07,IVVD,BBG00W4ML048,0,false,3.820000,3.810000,2.094241,-0.261780,false,0.000000
2024-03-07,IVZ,0000914208,0,false,15.930000,15.650000,0.439422,-1.757690,false,0.000000
2024-03-07,JACK,BBG001SDBB01,0,false,73.770000,72.951000,0.040667,-1.110207,false,0.000000
2024-03-07,JAMF,BBG00VSYYVC7,0,false,17.520000,17.250000,0.742009,-1.541096,false,0.000000
2024-03-07,JANX,BBG00ZHSKH39,1,false,42.140000,40.600000,2.918842,-3.654485,false,0.000000
2024-03-07,JAZZ,0001232524,0,false,117.050000,116.360000,0.414353,-0.589492,false,0.000000
2024-03-07,JBGS,BBG00F5FNKK5,0,false,17.430000,17.270000,0.493976,-0.917958,false,0.000000
2024-03-07,JBI,BBG0100SH2D9,0,false,14.830000,15.100000,3.000674,1.820634,false,0.000000
2024-03-07,JBLU,BBG001S9YPC1,21,true,7.270000,7.410000,3.851444,1.925722,false,0.000000
2024-03-07,JBSS,BBG001S6WMC6,0,false,102.260000,100.810000,0.987678,-1.417954,false,0.000000
2024-03-07,JBT,BBG001SQLKR2,0,false,100.480000,101.400000,3.507166,0.915605,false,0.000000
2024-03-07,JEF,BBG001S5SX02,1,false,42.370000,42.940000,1.770120,1.345291,false,0.000000
2024-03-07,JELD,BBG001TG2G57,0,false,17.960000,18.150000,1.447661,1.057906,false,0.000000
2024-03-07,JHG,0001274173,0,false,32.690000,32.135000,0.198838,-1.697767,false,0.000000
2024-03-07,JJSF,BBG001S5SH98,0,false,143.800000,143.940000,0.952712,0.097357,false,0.000000
2024-03-07,JKHY,BBG001S5SHB5,0,false,174.740000,173.830000,0.274694,-0.520774,false,0.000000
2024-03-07,JLL,BBG001SCLGS1,0,false,188.240000,186.040000,0.047811,-1.168721,false,0.000000
2024-03-07,JNPR,BBG001SCTT05,2,false,37.400000,37.350000,0.133690,-0.133690,false,0.000000
2024-03-07,JOBY,0001819848,40,true,5.340000,5.340000,2.340824,0.000000,false,0.000000
2024-03-07,JOE,BBG001S7K9Y2,0,false,52.000000,52.760000,1.557692,1.461538,false,0.000000
2024-03-07,JOUT,BBG001SD39D1,0,false,43.520000,43.660000,1.045496,0.321691,false,0.000000
2024-03-07,JRVR,0001620459,0,false,9.330000,9.720000,5.894962,4.180064,false,0.000000
2024-03-07,JSPR,BBG00QPZNPB4,1,false,27.500000,26.340000,1.817818,-4.218182,false,0.000000
2024-03-07,JWN,BBG001S7BDN5,20,true,17.380000,16.910000,1.495972,-2.704258,false,0.000000
2024-03-07,JXN,BBG00922Y611,0,false,58.520000,58.690000,1.247437,0.290499,false,0.000000
2024-03-07,KAI,BBG001S8PRM8,0,false,327.300000,332.020000,1.723190,1.442102,false,0.000000
2024-03-07,KALU,BBG001SR3GT7,0,false,73.240000,75.490000,3.181322,3.072092,false,0.000000
2024-03-07,KALV,BBG0026ZG5C9,1,false,13.790000,14.010000,4.786077,1.595359,false,0.000000
2024-03-07,KAMN,BBG001S5SJM9,0,false,45.650000,45.700000,0.175246,0.109529,false,0.000000
2024-03-07,KAR,BBG001T5L4B0,0,false,15.880000,15.620000,0.629723,-1.637280,false,0.000000
2024-03-07,KARO,0001828102,0,false,25.340000,25.190000,0.668508,-0.591949,false,0.000000
2024-03-07,KBH,BBG001S5SJV9,0,false,69.170000,69.880000,2.211942,1.026457,false,0.000000
2024-03-07,KBR,BBG001SP11V3,0,false,61.960000,62.120000,0.685926,0.258231,false,0.000000
2024-03-07,KD,BBG012W99DS1,0,false,21.670000,21.570000,0.922935,-0.461467,false,0.000000
2024-03-07,KE,BBG001TCYZ77,0,false,21.530000,21.450000,0.487692,-0.371575,false,0.000000
2024-03-07,KELYA,BBG001S5SKH2,0,false,24.230000,24.160000,0.784152,-0.288898,false,0.000000
2024-03-07,KEN,0001611005,0,false,25.922400,25.540000,0.000000,-1.475172,false,0.000000
2024-03-07,KEX,BBG001S5SKT9,0,false,88.970000,89.141000,1.399348,0.192200,false,0.000000
2024-03-07,KEY,BBG001S5SKV6,9,false,15.170000,14.960000,0.791035,-1.384311,false,0.000000
2024-03-07,KFRC,BBG001SCQRF6,0,false,71.650000,72.400000,1.716678,1.046755,false,0.000000
2024-03-07,KFY,BBG001SC0054,0,false,65.870000,65.010000,0.425080,-1.305602,false,0.000000
2024-03-07,KGC,BBG001S5R0C2,20,true,5.410000,5.415000,1.109057,0.092421,false,0.000000
2024-03-07,KGS,BBG01G4G6YQ4,0,false,24.330000,25.125000,5.199342,3.267571,false,0.000000
2024-03-07,KIDS,BBG00HFFRW48,0,false,26.940000,28.730000,13.195991,6.644395,false,0.000000
2024-03-07,KIM,BBG001S70279,0,false,19.370000,19.360000,0.232318,-0.051626,false,0.000000
2024-03-07,KIND,BBG00Z8MSWS4,1,false,2.220000,2.310000,5.630631,4.054054,false,0.000000
2024-03-07,KLG,BBG018CYVVX4,0,false,14.760000,14.540000,0.514905,-1.490515,false,0.000000
2024-03-07,KLIC,BBG001S5SLP1,0,false,49.880000,51.850000,4.260826,3.949479,false,0.000000
2024-03-07,KMDA,0001567529,1,false,6.050000,6.150000,3.061157,1.652893,false,0.000000
2024-03-07,KMPR,BBG001SD3BG3,0,false,60.000000,58.240000,0.766667,-2.933333,false,0.000000
2024-03-07,KMT,BBG001S5SM97,0,false,25.470000,25.370000,0.863761,-0.392619,false,0.000000
2024-03-07,KMX,BBG001SD9561,0,false,80.870000,80.640000,0.927414,-0.284407,false,0.000000
2024-03-07,KN,BBG004M8M6K9,0,false,16.560000,16.535000,0.301932,-0.150966,false,0.000000
2024-03-07,KNF,BBG002N3N2W8,0,false,76.210000,76.620000,1.876394,0.537987,false,0.000000
2024-03-07,KNSA,0001730430,0,false,21.000000,21.240000,1.761905,1.142857,false,0.000000
2024-03-07,KNTK,BBG00GCLZ7C7,0,false,34.270000,35.250000,2.874234,2.859644,false,0.000000
2024-03-07,KNX,BBG001T9BTS0,0,false,55.480000,56.390000,2.108868,1.640231,false,0.000000
2024-03-07,KOD,BBG00BVR0D11,0,false,5.960000,6.210000,4.530201,4.194631,false,0.000000
2024-03-07,KODK,BBG0057GTGB6,5,false,5.060000,5.070000,5.533597,0.197628,false,0.000000
2024-03-07,KOP,BBG001SMPFZ9,0,false,53.510000,52.600000,0.000000,-1.700617,false,0.000000
2024-03-07,KOS,BBG001SJV7R6,3,false,5.605000,5.460000,1.248885,-2.586976,false,0.000000
2024-03-07,KRC,BBG001S9BHB5,0,false,36.310000,36.360000,0.798678,0.137703,false,0.000000
2024-03-07,KREF,BBG00GD4KVR1,0,false,9.840000,9.900000,1.321138,0.609756,false,0.000000
2024-03-07,KRG,BBG001S64LR3,0,false,21.430000,21.330000,0.279981,-0.466636,false,0.000000
2024-03-07,KRNT,0001625791,0,false,17.680000,17.630000,0.226244,-0.282805,false,0.000000
2024-03-07,KRNY,BBG008N1HXQ5,0,false,6.320000,6.250000,0.632911,-1.107595,false,0.000000
2024-03-07,KRO,BBG001SDWTD5,0,false,9.200000,10.095000,11.086957,9.728261,false,0.000000
2024-03-07,KROS,BBG00H1HP9H8,0,false,66.680000,69.640000,5.218956,4.439112,false,0.000000
2024-03-07,KRP,BBG00FQH6N85,0,false,15.455000,15.610000,1.358784,1.002912,false,0.000000
2024-03-07,KRRO,BBG00GFMTC47,0,false,49.400000,48.610000,2.995951,-1.599190,false,0.000000
2024-03-07,KRT,BBG00Q9MSFD6,0,false,29.330000,29.365000,0.886464,0.119332,false,0.000000
2024-03-07,KRTX,BBG00NN875H9,0,false,319.390000,317.440000,0.084536,-0.610539,false,0.000000
2024-03-07,KRUS,BBG00PNFJ530,0,false,92.950000,92.920000,1.065089,-0.032275,false,0.000000
2024-03-07,KRYS,BBG00HDGRHJ5,0,false,175.300000,169.600000,0.433542,-3.251569,false,0.000000
2024-03-07,KSS,BBG001S71NV5,9,false,27.490000,26.820000,0.000000,-2.437250,false,0.000000
2024-03-07,KTB,BBG00LPTHYM5,0,false,60.970000,61.350000,1.262916,0.623257,false,0.000000
2024-03-07,KTOS,BBG001SD5VL1,6,false,18.280000,18.630000,2.653173,1.914661,false,0.000000
2024-03-07,KURA,BBG008974351,4,false,23.090000,22.270000,2.858380,-3.551321,false,0.000000
2024-03-07,KVYO,BBG009WR3FM4,6,false,24.930000,26.330000,6.297633,5.615724,false,0.000000
2024-03-07,KW,BBG001SM6C41,0,false,8.540000,8.530000,2.634660,-0.117096,false,0.000000
2024-03-07,KWR,BBG001S969X5,0,false,201.490000,197.670000,0.081890,-1.895876,false,0.000000
2024-03-07,KYMR,BBG00SDHC8F9,0,false,42.040000,42.650000,3.639391,1.450999,false,0.000000
2024-03-07,LAAC,BBG01JLDJ7S9,5,false,5.340000,5.102500,1.481273,-4.447566,false,0.000000
2024-03-07,LAC,BBG01JLDH8P2,22,true,5.500000,5.340000,1.272727,-2.909091,false,0.000000
2024-03-07,LAD,BBG001SC88P7,0,false,295.850000,291.090000,1.007267,-1.608923,false,0.000000
2024-03-07,LADR,BBG005RVGZ50,2,false,10.790000,10.910000,1.390176,1.112141,false,0.000000
2024-03-07,LAMR,BBG001S8KJC2,0,false,117.880000,120.580000,2.595860,2.290465,false,0.000000
2024-03-07,LANC,BBG001S5SPQ1,0,false,205.820000,205.150000,1.321543,-0.325527,false,0.000000
2024-03-07,LAND,BBG001TB7TR1,0,false,13.170000,13.130000,0.531511,-0.303721,false,0.000000
2024-03-07,LASR,BBG0020BCPY4,0,false,12.880000,12.780000,0.000000,-0.776398,false,0.000000
2024-03-07,LAUR,BBG00B4Z2YY9,0,false,13.440000,13.630000,1.413690,1.413690,false,0.000000
2024-03-07,LAW,BBG0066FZJP9,0,false,6.710000,6.820000,2.831595,1.639344,false,0.000000
2024-03-07,LAZ,BBG001S711C4,0,false,39.200000,38.950000,0.714286,-0.637755,false,0.000000
2024-03-07,LAZR,BBG00MS90LM0,18,true,2.130000,2.070000,1.408451,-2.816901,false,0.000000
2024-03-07,LBAI,BBG001S93HH8,0,false,12.410000,12.350000,1.087832,-0.483481,false,0.000000
2024-03-07,LBPH,BBG00Y0BJ9Q2,0,false,20.470000,20.430000,4.738642,-0.195408,false,0.000000
2024-03-07,LBRDK,BBG006GNSZX4,0,false,56.360000,56.650000,1.366217,0.514549,false,0.000000
2024-03-07,LBRT,BBG00GK831C5,0,false,21.320000,21.675000,3.939962,1.665103,false,0.000000
2024-03-07,LBTYA,0001570585,0,false,17.150000,16.945000,0.728863,-1.195335,false,0.000000
2024-03-07,LC,BBG001YKDNH2,0,false,8.070000,7.980000,0.991326,-1.115242,false,0.000000
2024-03-07,LCID,BBG00W7F99W4,56,true,3.220000,3.120000,0.000000,-3.105590,false,0.000000
2024-03-07,LCII,BBG001S8G4D9,0,false,116.350000,115.790000,1.774817,-0.481306,false,0.000000
2024-03-07,LDI,BBG00B5Z6KL8,0,false,2.670000,2.625000,0.966292,-1.685393,false,0.000000
2024-03-07,LEA,BBG001T60092,0,false,139.590000,142.230000,2.134823,1.891253,false,0.000000
2024-03-07,LECO,BBG001S5TV87,0,false,256.130000,255.030000,0.312341,-0.429469,false,0.000000
2024-03-07,LEG,BBG001S5SRG8,1,false,20.830000,20.550000,0.384061,-1.344215,false,0.000000
2024-03-07,LEGH,BBG00MJDR6K7,0,false,25.390000,25.200000,1.244191,-0.748326,false,0.000000
2024-03-07,LESL,BBG00XS6TVN8,0,false,7.540000,7.635000,2.785146,1.259947,false,0.000000
2024-03-07,LEU,BBG001S9F7B3,0,false,40.740000,41.800000,2.773687,2.601865,false,0.000000
2024-03-07,LEV,BBG0103W5JY0,0,false,1.330000,1.360000,2.255639,2.255639,false,0.000000
2024-03-07,LEVI,BBG001S9NVN8,0,false,18.410000,18.330000,0.977729,-0.434546,false,0.000000
2024-03-07,LFST,BBG01138DHT2,0,false,7.240000,7.215000,1.174033,-0.345304,false,0.000000
2024-03-07,LFUS,BBG001S744B6,0,false,239.050000,240.980000,2.129262,0.807362,false,0.000000
2024-03-07,LGF.A,BBG001SC6N58,0,false,9.210000,9.090000,1.085776,-1.302932,false,0.000000
2024-03-07,LGIH,BBG0056655T0,0,false,113.250000,113.750000,1.969095,0.441501,false,0.000000
2024-03-07,LGND,BBG001S8CH99,0,false,72.960000,72.470000,2.754934,-0.671601,false,0.000000
2024-03-07,LIDR,BBG00YQ7K6F9,0,false,1.700000,1.485000,0.000000,-12.647059,false,0.000000
2024-03-07,LILAK,0001712184,0,false,6.350000,6.285000,0.472441,-1.023622,false,0.000000
2024-03-07,LILM,0001855756,7,false,0.927900,0.925000,1.939864,-0.312534,false,0.000000
2024-03-07,LINC,BBG001SH9DM7,0,false,10.140000,10.000000,2.268245,-1.380671,false,0.000000
2024-03-07,LIND,BBG004MDWKT7,0,false,8.650000,8.530000,2.658960,-1.387283,false,0.000000
2024-03-07,LITE,BBG0073F9RS8,5,false,49.750000,48.880000,0.623116,-1.748744,false,0.000000
2024-03-07,LIVN,0001639691,1,false,53.880000,53.980000,1.271344,0.185598,false,0.000000
2024-03-07,LKFN,BBG001S7RTC5,0,false,67.650000,66.470000,2.453806,-1.744272,false,0.000000
2024-03-07,LKQ,BBG001SCCPJ1,0,false,51.810000,51.470000,0.405327,-0.656244,false,0.000000
2024-03-07,LLYVA,BBG01HMFL134,0,false,38.930000,39.150000,1.245826,0.565117,false,0.000000
2024-03-07,LLYVK,BBG01HMFLVL8,0,false,40.500000,40.530000,0.833333,0.074074,false,0.000000
2024-03-07,LMAT,BBG001SK6CX3,0,false,68.440000,68.530000,1.073933,0.131502,false,0.000000
2024-03-07,LMB,BBG006G0NGD3,0,false,49.410000,49.680000,2.023882,0.546448,false,0.000000
2024-03-07,LMND,BBG00BM5YC14,9,false,16.590000,16.740000,3.496082,0.904159,false,0.000000
2024-03-07,LMNR,BBG001S775Q4,0,false,17.980000,18.180000,1.557286,1.112347,false,0.000000
2024-03-07,LNC,BBG001S5STV7,3,false,27.000000,26.910000,1.111111,-0.333333,false,0.000000
2024-03-07,LNN,BBG001SB90F6,0,false,120.630000,122.930000,2.176076,1.906657,false,0.000000
2024-03-07,LNT,BBG001S8ZQ30,0,false,49.430000,49.050000,0.242768,-0.768764,false,0.000000
2024-03-07,LNTH,BBG006Q52RF8,1,false,61.960000,62.610000,1.855875,1.049064,false,0.000000
2024-03-07,LNW,BBG00JR5MM40,1,false,100.730000,101.830000,1.866375,1.092028,false,0.000000
2024-03-07,LNZA,BBG00ZCX6BL2,0,false,3.310000,3.160000,1.812689,-4.531722,false,0.000000
2024-03-07,LOB,BBG001T4RVG2,0,false,41.490000,40.660000,0.482044,-2.000482,false,0.000000
2024-03-07,LOGI,0001032975,3,false,89.020000,89.490000,1.055942,0.527971,false,0.000000
2024-03-07,LOPE,BBG001T01JZ4,0,false,133.820000,134.210000,0.575400,0.291436,false,0.000000
2024-03-07,LOVE,BBG001T8S8C7,1,false,21.750000,21.690000,0.735632,-0.275862,false,0.000000
2024-03-07,LPG,0001596993,0,false,36.690000,37.630000,3.107114,2.562006,false,0.000000
2024-03-07,LPRO,BBG00VDHLTH4,0,false,6.880000,6.845000,1.526163,-0.508721,false,0.000000
2024-03-07,LPX,BBG001S5SW04,0,false,75.870000,75.630000,1.206010,-0.316331,false,0.000000
2024-03-07,LQDA,BBG001V0GFD7,0,false,13.730000,13.670000,0.655499,-0.436999,false,0.000000
2024-03-07,LQDT,BBG001SLKD81,0,false,17.750000,17.990000,2.816901,1.352113,false,0.000000
2024-03-07,LRMR,BBG001V0GD97,0,false,11.190000,10.870000,2.770331,-2.859696,false,0.000000
2024-03-07,LRN,BBG001SNN4P5,0,false,60.830000,60.750000,0.369883,-0.131514,false,0.000000
2024-03-07,LSCC,BBG001S6C0G2,3,false,81.130000,83.610000,5.620609,3.056822,false,0.000000
2024-03-07,LSEA,BBG00L99PSG8,2,false,12.390000,12.960000,6.416465,4.600484,false,0.000000
2024-03-07,LSPD,BBG00B0JR9Q6,0,false,13.800000,13.690000,0.217391,-0.797101,false,0.000000
2024-03-07,LSTR,BBG001S5RWM1,0,false,184.880000,187.860000,1.709217,1.611856,false,0.000000
2024-03-07,LSXMK,BBG01HLMB7B9,6,false,29.500000,29.230000,1.148814,-0.915254,false,0.000000
2024-03-07,LTC,BBG001S73DC6,0,false,31.930000,31.910000,0.172252,-0.062637,false,0.000000
2024-03-07,LTH,BBG012J3H0X2,0,false,14.230000,14.680000,3.654252,3.162333,false,0.000000
2024-03-07,LUMN,BBG001S5Q8G2,5,false,1.720000,1.730000,3.488372,0.581395,false,0.000000
2024-03-07,LUNG,BBG001T4HJ52,0,false,8.980000,8.820000,0.835189,-1.781737,false,0.000000
2024-03-07,LVRO,0001945711,0,false,6.410000,6.590000,5.148206,2.808112,false,0.000000
2024-03-07,LVWR,BBG019STC653,0,false,8.830000,8.220000,1.801812,-6.908267,false,0.000000
2024-03-07,LW,BBG003CVMLR1,0,false,102.600000,99.710000,0.310039,-2.816764,false,0.000000
2024-03-07,LWLG,BBG001SBG0P7,0,false,4.300000,4.310000,1.395349,0.232558,false,0.000000
2024-03-07,LXEO,BBG00YB1C8N4,0,false,14.870000,14.815000,4.909213,-0.369872,false,0.000000
2024-03-07,LXP,BBG001S7H5W6,0,false,8.980000,8.960000,0.000000,-0.222717,false,0.000000
2024-03-07,LXRX,BBG001SDWCZ8,3,false,2.190000,2.140000,1.369863,-2.283105,false,0.000000
2024-03-07,LXU,BBG001S67BF5,0,false,7.330000,7.550000,6.139154,3.001364,false,0.000000
2024-03-07,LYEL,BBG00RNXFN23,0,false,2.660000,2.520000,0.939850,-5.263158,false,0.000000
2024-03-07,LYFT,BBG004M9ZHY4,35,true,18.440000,18.050000,0.542299,-2.114967,false,0.000000
2024-03-07,LYTS,BBG001S5SXV8,0,false,14.390000,14.220000,0.729673,-1.181376,false,0.000000
2024-03-07,LZ,BBG001TVNN74,0,false,13.310000,13.440000,1.352367,0.976709,false,0.000000
2024-03-07,LZB,BBG001S5SXX6,0,false,36.330000,36.410000,2.257088,0.220204,false,0.000000
2024-03-07,LZM,0001958217,0,false,6.800000,6.800000,3.676471,0.000000,false,0.000000
2024-03-07,M,BBG001S6KRW6,14,true,20.210000,20.350000,1.237011,0.692726,false,0.000000
2024-03-07,MAC,BBG001S7HGB5,1,false,16.180000,16.270000,0.710754,0.556242,false,0.000000
2024-03-07,MAG,BBG001S631Z9,2,false,9.160000,9.150000,0.982533,-0.109170,false,0.000000
2024-03-07,MAIN,BBG001SJMVT1,3,false,46.120000,46.000000,0.043365,-0.260191,false,0.000000
2024-03-07,MAN,BBG001S5SYW5,0,false,73.900000,75.050000,1.569689,1.556157,false,0.000000
2024-03-07,MANU,0001549107,1,false,14.350000,14.420000,1.254355,0.487805,false,0.000000
2024-03-07,MARA,BBG001V0L7T2,60,true,22.000000,21.790000,4.272727,-0.954545,false,0.000000
2024-03-07,MASI,BBG001S71GQ6,0,false,130.990000,134.200000,2.450569,2.450569,false,0.000000
2024-03-07,MAT,BBG001S5SZF1,2,false,19.450000,19.540000,1.748072,0.462725,false,0.000000
2024-03-07,MATV,BBG001S7VRC4,0,false,18.310000,18.170000,2.075369,-0.764610,false,0.000000
2024-03-07,MATW,BBG001S81V81,0,false,29.940000,29.910000,1.135605,-0.100200,false,0.000000
2024-03-07,MATX,BBG001S5NL21,0,false,108.140000,107.740000,1.368596,-0.369891,false,0.000000
2024-03-07,MAX,BBG00XRTJ8D2,0,false,21.430000,21.760000,6.439571,1.539897,false,0.000000
2024-03-07,MBC,BBG01B9G4424,0,false,17.480000,17.830000,2.173913,2.002288,false,0.000000
2024-03-07,MBI,BBG001S5T021,2,false,6.500000,6.660000,4.923077,2.461538,false,0.000000
2024-03-07,MBIN,BBG001STXPM7,0,false,44.530000,45.250000,2.649899,1.616887,false,0.000000
2024-03-07,MBUU,BBG005PXTR61,0,false,41.800000,41.740000,2.177033,-0.143541,false,0.000000
2024-03-07,MBWM,BBG001S971V3,0,false,37.400000,37.180000,1.363636,-0.588235,false,0.000000
2024-03-07,MC,BBG001STYX58,0,false,52.410000,52.200000,0.763213,-0.400687,false,0.000000
2024-03-07,MCB,BBG001V0P380,0,false,40.200000,39.890000,1.592040,-0.771144,false,0.000000
2024-03-07,MCBC,BBG001S7SKV2,0,false,9.920000,9.920000,1.209677,0.000000,false,0.000000
2024-03-07,MCBS,BBG0088BL023,0,false,24.340000,24.260000,1.602301,-0.328677,false,0.000000
2024-03-07,MCFT,BBG002ZYLPP6,0,false,21.230000,21.140000,1.460198,-0.423928,false,0.000000
2024-03-07,MCRI,BBG001S7DVP1,0,false,69.710000,70.005000,0.487735,0.423182,false,0.000000
2024-03-07,MCS,BBG001S7JNZ2,1,false,14.300000,14.430000,1.468531,0.909091,false,0.000000
2024-03-07,MCW,BBG011FS2K56,0,false,7.600000,7.690000,2.828947,1.184211,false,0.000000
2024-03-07,MCY,BBG001S98VJ0,0,false,48.610000,47.850000,0.061716,-1.563464,false,0.000000
2024-03-07,MD,BBG001S96T25,0,false,8.920000,8.800000,1.681614,-1.345291,false,0.000000
2024-03-07,MDC,BBG001S5T272,0,false,62.760000,62.660000,0.095602,-0.159337,false,0.000000
2024-03-07,MDGL,BBG001SNKQ42,0,false,258.000000,250.840000,0.763566,-2.775194,false,0.000000
2024-03-07,MDU,BBG001S5T2W4,0,false,22.030000,22.165000,0.862460,0.612801,false,0.000000
2024-03-07,MDXG,BBG001STPW96,3,false,8.070000,8.155000,2.106568,1.053284,false,0.000000
2024-03-07,MED,BBG001SD45H4,0,false,38.320000,38.040000,1.722338,-0.730689,false,0.000000
2024-03-07,MEDP,BBG0065B7K40,0,false,411.910000,409.160000,1.184725,-0.667622,false,0.000000
2024-03-07,MEG,BBG005Q29V07,0,false,36.610000,37.030000,2.184922,1.147228,false,0.000000
2024-03-07,MEI,BBG001S5T3T6,1,false,17.450000,14.490000,0.000000,-16.962751,false,0.000000
2024-03-07,MEOH,BBG001S66Y93,0,false,42.370000,42.460000,1.510503,0.212414,false,0.000000
2024-03-07,MERC,BBG001S6TK43,0,false,10.120000,9.930000,0.889328,-1.877470,false,0.000000
2024-03-07,METC,BBG00BCQJ2W4,1,false,19.200000,19.080000,1.875000,-0.625000,false,0.000000
2024-03-07,MFA,BBG001S86YS8,2,false,11.220000,11.190000,0.534759,-0.267380,false,0.000000
2024-03-07,MFIC,BBG001SF7M43,0,false,14.740000,14.830000,0.746269,0.610583,false,0.000000
2024-03-07,MGEE,BBG001SD2RD2,0,false,80.730000,79.880000,1.535984,-1.052892,false,0.000000
2024-03-07,MGIC,BBG001SCPDF8,0,false,10.720000,10.550000,0.093284,-1.585821,false,0.000000
2024-03-07,MGM,BBG001S6BYT5,0,false,42.220000,42.910000,2.084320,1.634297,false,0.000000
2024-03-07,MGNI,BBG001T5LB97,0,false,11.720000,11.550000,1.023891,-1.450512,false,0.000000
2024-03-07,MGNX,BBG001S9C8R7,0,false,21.590000,20.540000,0.926355,-4.863363,false,0.000000
2024-03-07,MGPI,BBG001S5XTL2,0,false,82.800000,83.920000,1.678744,1.352657,false,0.000000
2024-03-07,MGRC,BBG001S5T593,0,false,122.950000,122.710000,0.370069,-0.195201,false,0.000000
2024-03-07,MGTX,0001735438,0,false,6.190000,5.930000,0.000000,-4.200323,false,0.000000
2024-03-07,MGY,BBG00GNC8DM1,0,false,23.370000,23.760000,2.396234,1.668806,false,0.000000
2024-03-07,MHK,BBG001SBGSZ5,0,false,120.660000,121.550000,1.719708,0.737610,false,0.000000
2024-03-07,MHO,BBG001S7HGC4,0,false,127.750000,126.840000,2.090020,-0.712329,false,0.000000
2024-03-07,MIDD,BBG001S8N9X8,0,false,154.120000,154.630000,0.953802,0.330911,false,0.000000
2024-03-07,MIR,BBG00VHJ1KB3,0,false,10.000000,10.010000,0.300000,0.100000,false,0.000000
2024-03-07,MIRM,BBG00MH7T2N6,1,false,28.580000,28.250000,0.769769,-1.154654,false,0.000000
2024-03-07,MITK,BBG001S5T6P3,0,false,11.420000,11.460000,1.225919,0.350263,false,0.000000
2024-03-07,MKSI,BBG001SBB6Q8,1,false,128.750000,133.270000,3.883495,3.510680,false,0.000000
2024-03-07,MKTX,BBG001S8R6K4,0,false,210.500000,209.005000,0.907363,-0.710214,false,0.000000
2024-03-07,ML,BBG00VHZZP74,16,true,59.460000,67.340000,19.176421,13.252607,true,0.000000
2024-03-07,MLAB,BBG001S5T762,0,false,113.020000,114.340000,1.734206,1.167935,false,0.000000
2024-03-07,MLI,BBG001S6PVC4,0,false,50.810000,51.810000,2.243653,1.968117,false,0.000000
2024-03-07,MLKN,BBG001S5T771,0,false,29.480000,29.580000,2.374491,0.339213,false,0.000000
2024-03-07,MLNK,BBG002ZYMKR4,0,false,18.180000,18.310000,1.540154,0.715072,false,0.000000
2024-03-07,MLP,BBG001S5T7D4,0,false,20.020200,20.020000,2.032947,-0.000999,false,0.000000
2024-03-07,MLR,BBG001S7BMD6,2,false,50.450000,49.850000,1.823588,-1.189296,false,0.000000
2024-03-07,MLTX,BBG00XQZQVP7,0,false,45.930000,45.570000,0.152406,-0.783801,false,0.000000
2024-03-07,MLYS,BBG00ZXN1GR9,0,false,14.170000,13.965000,0.297812,-1.446718,false,0.000000
2024-03-07,MMAT,BBG001T3WTK8,6,false,2.740000,2.660000,1.824818,-2.919708,false,0.000000
2024-03-07,MMI,BBG005GBRSS5,0,false,35.080000,34.970000,0.256556,-0.313569,false,0.000000
2024-03-07,MMS,BBG001S6G4K5,0,false,85.640000,85.640000,0.607193,0.000000,false,0.000000
2024-03-07,MMSI,BBG001S6KLT3,0,false,75.250000,75.350000,1.355482,0.132890,false,0.000000
2024-03-07,MMYT,0001495153,0,false,60.620000,60.410000,0.923788,-0.346420,false,0.000000
2024-03-07,MNDY,0001845338,0,false,228.620000,226.940000,0.000000,-0.734844,false,0.000000
2024-03-07,MNKD,BBG001SLLLY3,1,false,4.850000,5.150000,7.422680,6.185567,false,0.000000
2024-03-07,MNRO,BBG001S62LS4,0,false,32.070000,32.370000,1.371999,0.935454,false,0.000000
2024-03-07,MNTK,BBG00YHYK376,0,false,5.220000,5.045000,1.532567,-3.352490,false,0.000000
2024-03-07,MOD,BBG001S5T913,0,false,89.900000,88.400000,1.773415,-1.668521,false,0.000000
2024-03-07,MODG,BBG001S70DV8,1,false,14.000000,13.980000,0.856429,-0.142857,false,0.000000
2024-03-07,MODN,BBG001SQGHS4,0,false,24.760000,24.850000,0.969305,0.363489,false,0.000000
2024-03-07,MODV,BBG001SL2C10,0,false,31.390000,32.150000,6.084740,2.421153,false,0.000000
2024-03-07,MOFG,BBG001SCDXR4,0,false,22.400000,22.050000,2.232143,-1.562500,false,0.000000
2024-03-07,MOG.A,BBG001S5T922,0,false,152.650000,152.230000,1.133311,-0.275139,false,0.000000
2024-03-07,MORF,BBG00PBD6WR7,0,false,37.700000,36.090000,2.201592,-4.270557,false,0.000000
2024-03-07,MORN,BBG001SC6FV6,0,false,310.500000,311.145000,1.787440,0.207729,false,0.000000
2024-03-07,MOS,BBG001S7LJN1,1,false,31.730000,31.920000,2.552789,0.598802,false,0.000000
2024-03-07,MOV,BBG001S8FWS2,0,false,27.660000,27.680000,0.253073,0.072307,false,0.000000
2024-03-07,MP,BBG00TJGL0T5,6,false,14.980000,15.270000,4.205607,1.935915,false,0.000000
2024-03-07,MPB,BBG001S5T0G6,0,false,20.520000,20.620000,2.095517,0.487329,false,0.000000
2024-03-07,MPLN,BBG00RLZ9M83,0,false,0.989400,0.900000,3.092784,-9.035779,false,0.000000
2024-03-07,MPW,BBG001S7WM61,22,true,4.570000,4.440000,2.625821,-2.844639,false,0.000000
2024-03-07,MPX,BBG001S6HCC5,1,false,10.430000,10.520000,2.588686,0.862895,false,0.000000
2024-03-07,MQ,BBG0112Z8873,0,false,5.820000,5.740000,0.343643,-1.374570,false,0.000000
2024-03-07,MRC,BBG001SN9P56,0,false,12.120000,12.090000,0.907591,-0.247525,false,0.000000
2024-03-07,MRCY,BBG001SBFLT8,0,false,29.950000,30.720000,3.272120,2.570952,false,0.000000
2024-03-07,MRNS,BBG00253KMG5,1,false,9.090000,8.740000,0.550055,-3.850385,false,0.000000
2024-03-07,MRO,BBG001S69V69,5,false,24.500000,24.650000,1.469388,0.612245,false,0.000000
2024-03-07,MRSN,BBG001TZ57P0,0,false,5.790000,5.860000,3.799655,1.208981,false,0.000000
2024-03-07,MRTN,BBG001S5TCK5,0,false,18.560000,18.760000,1.454741,1.077586,false,0.000000
2024-03-07,MRUS,0001651311,0,false,48.350000,47.150000,1.695967,-2.481903,false,0.000000
2024-03-07,MRVI,BBG00Y1DFW44,0,false,7.270000,7.190000,0.962861,-1.100413,false,0.000000
2024-03-07,MSA,BBG001S5TCN2,0,false,186.960000,186.020000,0.197903,-0.502781,false,0.000000
2024-03-07,MSBI,BBG001SMZRY3,0,false,24.680000,24.390000,0.283630,-1.175041,false,0.000000
2024-03-07,MSEX,BBG001S5TCZ9,0,false,52.220000,51.590000,1.081961,-1.206434,false,0.000000
2024-03-07,MSGE,BBG019980TF2,0,false,38.340000,37.740000,0.704225,-1.564945,false,0.000000
2024-03-07,MSGS,BBG007FG0C32,0,false,186.620000,185.610000,0.557282,-0.541207,false,0.000000
2024-03-07,MSM,BBG001S5TD87,0,false,99.080000,100.160000,1.160678,1.090028,false,0.000000
2024-03-07,MTAL,0001950246,0,false,12.330000,12.570000,3.000811,1.946472,false,0.000000
2024-03-07,MTC,0001742518,1,false,2.140000,1.870000,0.000000,-12.616822,false,0.000000
2024-03-07,MTCH,BBG00VT0KP47,9,false,33.800000,34.110000,1.923077,0.917160,false,0.000000
2024-03-07,MTDR,BBG001T3L5S4,1,false,63.830000,64.400000,2.373492,0.892997,false,0.000000
2024-03-07,MTG,BBG001S6SFR0,0,false,20.030000,19.730000,1.273090,-1.497753,false,0.000000
2024-03-07,MTH,BBG001S9F527,0,false,158.160000,159.400000,2.864188,0.784016,false,0.000000
2024-03-07,MTN,BBG001S5TFD6,0,false,229.080000,226.090000,0.113497,-1.305221,false,0.000000
2024-03-07,MTRN,BBG001S5PFQ6,0,false,134.000000,134.250000,1.097015,0.186567,false,0.000000
2024-03-07,MTRX,BBG001S6MM91,1,false,13.000000,12.920000,1.461538,-0.615385,false,0.000000
2024-03-07,MTSI,BBG001T4BB37,0,false,95.060000,98.510000,4.081633,3.629287,false,0.000000
2024-03-07,MTTR,BBG00XS0FV65,6,false,1.960000,1.965000,1.020408,0.255102,false,0.000000
2024-03-07,MTW,BBG001S7C7S2,0,false,13.620000,13.480000,1.688693,-1.027900,false,0.000000
2024-03-07,MTX,BBG001S5TFZ2,0,false,72.710000,72.770000,1.471600,0.082520,false,0.000000
2024-03-07,MTZ,BBG001S95HF8,0,false,89.130000,91.490000,2.804892,2.647818,false,0.000000
2024-03-07,MULN,BBG003GMH366,24,true,6.390000,6.780000,15.649452,6.103286,true,0.000000
2024-03-07,MUR,BBG001S5TG80,0,false,39.400000,40.810000,4.086294,3.578680,false,0.000000
2024-03-07,MUSA,BBG001Z0Q6V2,0,false,412.750000,418.230000,1.390672,1.327680,false,0.000000
2024-03-07,MUX,BBG001S5X3Z4,3,false,8.070000,8.070000,0.371747,0.000000,false,0.000000
2024-03-07,MVIS,BBG001S74TH5,11,true,2.240000,2.380000,6.696429,6.250000,false,0.000000
2024-03-07,MWA,BBG001SNQZ91,0,false,15.550000,15.745000,1.414791,1.254019,false,0.000000
2024-03-07,MXCT,BBG00CFTQNG7,0,false,4.000000,4.025000,1.250000,0.625000,false,0.000000
2024-03-07,MXL,BBG001S6MZV7,0,false,20.620000,21.100000,2.764306,2.327837,false,0.000000
2024-03-07,MYE,BBG001S5TH97,0,false,21.610000,21.440000,1.665895,-0.786673,false,0.000000
2024-03-07,MYGN,BBG001S86FS9,0,false,23.150000,22.810000,0.950324,-1.468683,false,0.000000
2024-03-07,MYRG,BBG001S8GYM3,0,false,162.980000,161.630000,1.064548,-0.828322,false,0.000000
2024-03-07,NABL,BBG00YJKWXF6,0,false,13.140000,13.200000,0.456621,0.456621,false,0.000000
2024-03-07,NAMS,0001936258,0,false,22.190000,20.880000,0.000000,-5.903560,false,0.000000
2024-03-07,NAPA,BBG00ZF3LGX4,0,false,9.390000,9.450000,1.650692,0.638978,false,0.000000
2024-03-07,NARI,BBG009J8K7N9,1,false,43.000000,42.280000,1.790698,-1.674419,false,0.000000
2024-03-07,NAT,0001000177,1,false,4.060000,4.075000,0.738916,0.369458,false,0.000000
2024-03-07,NATL,BBG019Y0WP28,0,false,19.830000,19.520000,1.815431,-1.563288,false,0.000000
2024-03-07,NATR,BBG001S61DP6,0,false,17.600000,17.960000,2.272727,2.045455,false,0.000000
2024-03-07,NAUT,BBG00W7G4MV9,0,false,2.710000,2.940000,10.701107,8.487085,false,0.000000
2024-03-07,NAVI,BBG004MN1R50,1,false,16.540000,16.450000,1.178960,-0.544135,false,0.000000
2024-03-07,NBHC,BBG003D8Y8V2,0,false,35.180000,34.630000,0.454804,-1.563388,false,0.000000
2024-03-07,NBIX,BBG001S8W4X9,0,false,132.930000,135.360000,2.012337,1.828030,false,0.000000
2024-03-07,NBR,0001163739,0,false,81.290000,84.890000,5.019068,4.428589,false,0.000000
2024-03-07,NBTB,BBG001S6XCS0,0,false,35.590000,35.240000,0.590053,-0.983422,false,0.000000
2024-03-07,NCLH,0001513761,24,true,20.210000,19.630000,1.286492,-2.869866,false,0.000000
2024-03-07,NCMI,BBG001SRSPD7,1,false,4.160000,4.295000,3.365385,3.245192,false,0.000000
2024-03-07,NCNO,BBG014GJ8XJ0,0,false,28.520000,28.860000,1.437588,1.192146,false,0.000000
2024-03-07,NE,0001895262,0,false,43.000000,44.600000,3.813953,3.720930,false,0.000000
2024-03-07,NEGG,0001474627,4,false,0.981000,1.000000,4.984709,1.936799,false,0.000000
2024-03-07,NEO,BBG001S9DSY4,3,false,15.900000,15.970000,2.201258,0.440252,false,0.000000
2024-03-07,NEOG,BBG001S67B47,0,false,16.930000,16.770000,0.708801,-0.945068,false,0.000000
2024-03-07,NEP,BBG006JNW312,1,false,29.350000,28.830000,0.681431,-1.771721,false,0.000000
2024-03-07,NETD,0001975218,0,false,10.450000,10.445000,0.000000,-0.047847,false,0.000000
2024-03-07,NEXA,0001713930,0,false,6.907200,6.920000,0.764420,0.185314,false,0.000000
2024-03-07,NEXT,BBG008GC7WN5,0,false,5.270000,5.205000,4.174573,-1.233397,false,0.000000
2024-03-07,NFBK,BBG001T0M0Z2,0,false,10.270000,9.985000,1.363194,-2.775073,false,0.000000
2024-03-07,NFE,BBG00MJH9M32,1,false,33.350000,33.620000,3.148426,0.809595,false,0.000000
2024-03-07,NFG,BBG001S5TLR8,0,false,50.990000,51.030000,0.460875,0.078447,false,0.000000
2024-03-07,NFGC,BBG00JFFSNN2,0,false,3.530000,3.520000,0.849858,-0.283286,false,0.000000
2024-03-07,NG,BBG001S5ZT85,0,false,2.530000,2.615000,6.324111,3.359684,false,0.000000
2024-03-07,NGD,BBG001S5YM54,19,true,1.470000,1.540000,4.761905,4.761905,false,0.000000
2024-03-07,NGL,BBG001V0FSC1,0,false,5.970000,5.900000,1.340034,-1.172529,false,0.000000
2024-03-07,NGMS,0001821349,0,false,28.480000,28.820000,1.544944,1.193820,false,0.000000
2024-03-07,NGVC,BBG0034VYM77,0,false,16.220000,16.550000,3.020962,2.034525,false,0.000000
2024-03-07,NGVT,BBG009LM2988,0,false,46.430000,45.790000,1.399957,-1.378419,false,0.000000
2024-03-07,NHC,BBG001SBJ378,0,false,95.090000,95.630000,1.477548,0.567883,false,0.000000
2024-03-07,NHI,BBG001S6W8Y3,0,false,58.700000,58.320000,0.000000,-0.647359,false,0.000000
2024-03-07,NI,BBG001S5TMF9,0,false,27.030000,26.970000,0.295967,-0.221976,false,0.000000
2024-03-07,NIC,BBG001SN0Y92,0,false,83.400000,82.510000,0.551559,-1.067146,false,0.000000
2024-03-07,NJR,BBG001S5TMT4,0,false,42.890000,42.970000,0.629517,0.186524,false,0.000000
2024-03-07,NKLA,BBG00L4CWQW4,58,true,0.703900,0.687600,0.639295,-2.315670,false,0.000000
2024-03-07,NKTX,BBG00JXHS9H6,9,false,15.920000,14.870000,2.010050,-6.595477,false,0.000000
2024-03-07,NLOP,BBG01JKVZRT7,0,false,24.170000,23.900000,0.000000,-1.117087,false,0.000000
2024-03-07,NLY,BBG001S8J4S0,11,true,19.590000,19.620000,0.561511,0.153139,false,0.000000
2024-03-07,NMFC,BBG001T9D5H2,0,false,12.780000,12.750000,0.078247,-0.234742,false,0.000000
2024-03-07,NMIH,BBG005DLMPF1,0,false,29.810000,29.310000,0.738007,-1.677290,false,0.000000
2024-03-07,NMM,0001415921,6,false,38.680000,40.900000,5.920372,5.739400,false,0.000000
2024-03-07,NMRA,BBG012W9C504,0,false,18.860000,18.990000,3.181336,0.689290,false,0.000000
2024-03-07,NMRK,BBG00J24S7X5,0,false,10.790000,10.830000,0.926784,0.370714,false,0.000000
2024-03-07,NN,BBG017XG00Z2,0,false,3.670000,3.670000,2.316076,0.000000,false,0.000000
2024-03-07,NNI,BBG001SGRMS3,0,false,87.150000,87.880000,1.686747,0.837636,false,0.000000
2024-03-07,NNN,BBG001S6Z1P5,0,false,41.630000,42.130000,1.237089,1.201057,false,0.000000
2024-03-07,NNOX,0001795251,7,false,10.210000,10.240000,6.248776,0.293830,false,0.000000
2024-03-07,NOA,BBG001SBRPM3,0,false,24.940000,25.110000,1.202887,0.681636,false,0.000000
2024-03-07,NOG,BBG001SK2P31,0,false,35.850000,36.040000,1.338912,0.529986,false,0.000000
2024-03-07,NOMD,0001651717,0,false,20.020000,19.520000,0.074925,-2.497502,false,0.000000
2024-03-07,NOV,BBG001S6HFR2,4,false,17.370000,17.670000,2.187680,1.727116,false,0.000000
2024-03-07,NOVA,BBG00PLQ1KH9,16,true,6.280000,5.685000,0.477707,-9.474522,false,0.000000
2024-03-07,NOVT,BBG001S6MRJ9,0,false,175.540000,178.560000,2.768600,1.720406,false,0.000000
2024-03-07,NPCE,BBG001V0SVB1,0,false,14.100000,14.120000,6.063830,0.141844,false,0.000000
2024-03-07,NPK,BBG001S5TPT7,0,false,76.250000,75.770000,0.262295,-0.629508,false,0.000000
2024-03-07,NPO,BBG001SCK8H2,0,false,153.890000,154.780000,1.215154,0.578335,false,0.000000
2024-03-07,NPWR,BBG00ZMY0HK3,2,false,8.180000,8.500000,6.289731,3.911980,false,0.000000
2024-03-07,NR,BBG001S6CQY5,0,false,6.570000,6.675000,1.826484,1.598174,false,0.000000
2024-03-07,NRC,BBG004K1F9R1,0,false,40.300000,40.490000,1.054591,0.471464,false,0.000000
2024-03-07,NRDS,BBG0087DN242,0,false,16.400000,15.980000,0.609756,-2.560976,false,0.000000
2024-03-07,NRG,BBG001SDD8F0,0,false,61.870000,60.610000,0.032326,-2.036528,false,0.000000
2024-03-07,NRIX,BBG00SDJ8M87,6,false,15.760000,14.510000,2.220812,-7.931472,false,0.000000
2024-03-07,NRP,BBG001SH9LZ5,0,false,94.000000,92.000000,2.127660,-2.127660,false,0.000000
2024-03-07,NS,BBG001SFS805,0,false,24.250000,23.960000,0.412371,-1.195876,false,0.000000
2024-03-07,NSA,BBG008417VP2,0,false,36.850000,37.250000,1.180461,1.085482,false,0.000000
2024-03-07,NSIT,BBG001S7LHJ0,0,false,187.170000,187.040000,0.432762,-0.069456,false,0.000000
2024-03-07,NSP,BBG001S894P4,0,false,101.630000,100.370000,0.885565,-1.239791,false,0.000000
2024-03-07,NSSC,BBG001S5TR13,2,false,41.170000,40.860000,0.218606,-0.752975,false,0.000000
2024-03-07,NTB,0001653242,0,false,30.250000,30.060000,1.123967,-0.628099,false,0.000000
2024-03-07,NTCT,BBG001SD3PL6,0,false,21.320000,21.525000,1.735460,0.961538,false,0.000000
2024-03-07,NTGR,BBG001SG03X8,0,false,14.960000,14.560000,0.333556,-2.673797,false,0.000000
2024-03-07,NTLA,BBG007KC7PC9,1,false,30.100000,30.000000,1.760465,-0.332226,false,0.000000
2024-03-07,NTRA,BBG001V0FSF8,2,false,90.250000,91.610000,1.927978,1.506925,false,0.000000
2024-03-07,NTST,BBG00W5FQQM0,0,false,17.430000,17.320000,0.000000,-0.631096,false,0.000000
2024-03-07,NUS,BBG001S988X5,0,false,12.900000,12.780000,1.550388,-0.930233,false,0.000000
2024-03-07,NUVB,BBG00VHJ0CD0,1,false,2.410000,2.490000,3.734440,3.319502,false,0.000000
2024-03-07,NUVL,BBG00Z1SLMN2,0,false,85.110000,83.470000,0.528728,-1.926918,false,0.000000
2024-03-07,NVAX,BBG001SGL8G3,19,true,5.670000,5.600000,2.821869,-1.234568,false,0.000000
2024-03-07,NVCR,0001645113,1,false,16.750000,17.290000,3.880597,3.223881,false,0.000000
2024-03-07,NVEC,BBG001SGKV64,0,false,85.860000,85.110000,1.793618,-0.873515,false,0.000000
2024-03-07,NVEE,BBG005BT61P6,0,false,100.490000,99.040000,0.925465,-1.442930,false,0.000000
2024-03-07,NVEI,BBG00X2VHWW2,1,false,23.000000,23.775000,4.739130,3.369565,false,0.000000
2024-03-07,NVGS,0001581804,0,false,14.780000,14.970000,1.285521,1.285521,false,0.000000
2024-03-07,NVMI,0001109345,0,false,184.840000,181.820000,1.008981,-1.633845,false,0.000000
2024-03-07,NVRI,BBG001S5S0V0,0,false,8.230000,8.330000,1.215067,1.215067,false,0.000000
2024-03-07,NVRO,BBG001V0KW81,0,false,14.740000,15.320000,4.409769,3.934871,false,0.000000
2024-03-07,NVST,BBG00LN4B6D9,0,false,21.000000,21.131000,1.642857,0.623810,false,0.000000
2024-03-07,NVT,0001720635,0,false,69.650000,69.820000,0.847093,0.244078,false,0.000000
2024-03-07,NVTS,BBG00YQ6KTM3,12,true,5.320000,5.380000,3.383459,1.127820,false,0.000000
2024-03-07,NWBI,BBG001S64KK2,0,false,11.820000,11.605000,0.253807,-1.818951,false,0.000000
2024-03-07,NWE,BBG001SM2G73,0,false,49.170000,49.460000,1.179581,0.589791,false,0.000000
2024-03-07,NWL,BBG001S5TSW7,0,false,7.530000,7.740000,2.788845,2.788845,false,0.000000
2024-03-07,NWLI,BBG008HNHYZ2,0,false,485.500000,484.990000,0.000000,-0.105046,false,0.000000
2024-03-07,NWN,BBG00KXKRLP1,0,false,37.530000,37.530000,0.612843,0.000000,false,0.000000
2024-03-07,NWPX,BBG001S8LFT1,0,false,32.740000,33.090000,1.618815,1.069029,false,0.000000
2024-03-07,NWSA,BBG0035LY922,0,false,26.070000,26.130000,1.112390,0.230150,false,0.000000
2024-03-07,NWTN,0001932737,0,false,3.130000,3.230000,8.306709,3.194888,false,0.000000
2024-03-07,NX,BBG001T0QV71,0,false,35.120000,34.810000,0.426822,-0.882688,false,0.000000
2024-03-07,NXE,BBG00334PFM6,10,true,7.610000,8.060000,6.176084,5.913272,false,0.000000
2024-03-07,NXRT,BBG0077Q6QH7,0,false,30.580000,30.360000,0.327011,-0.719424,false,0.000000
2024-03-07,NXST,BBG001SKJJT9,0,false,161.500000,162.632500,1.204334,0.701238,false,0.000000
2024-03-07,NXT,BBG00835TQ17,1,false,58.850000,59.270000,1.699235,0.713679,false,0.000000
2024-03-07,NYAX,0001901279,1,false,28.445000,28.445000,0.000000,0.000000,false,0.000000
2024-03-07,NYCB,BBG001SD32Z2,60,true,3.675000,3.655000,9.387755,-0.544218,false,0.000000
2024-03-07,NYMT,BBG001SHHBR7,1,false,7.130000,7.170000,1.051893,0.561010,false,0.000000
2024-03-07,NYT,BBG001S90X31,0,false,43.190000,43.330000,0.949294,0.324149,false,0.000000
2024-03-07,NYXH,0001857190,0,false,14.310000,14.880000,6.498952,3.983229,false,0.000000
2024-03-07,OABI,BBG011J3QM48,0,false,6.020000,5.590000,0.000000,-7.142857,false,0.000000
2024-03-07,OBDC,BBG00DB0XYD3,2,false,15.110000,15.080000,0.330907,-0.198544,false,0.000000
2024-03-07,OBE,BBG001S603F0,2,false,7.050000,7.140000,2.269504,1.276596,false,0.000000
2024-03-07,OBK,BBG001S78WZ4,0,false,31.230000,30.990000,0.480307,-0.768492,false,0.000000
2024-03-07,OC,BBG001SQ7PD2,0,false,152.010000,155.560000,2.611670,2.335373,false,0.000000
2024-03-07,OCFC,BBG001S92JX7,0,false,15.720000,15.560000,0.636132,-1.017812,false,0.000000
2024-03-07,OCS,0001953530,0,false,11.990000,11.780000,0.000000,-1.751460,false,0.000000
2024-03-07,OCSL,BBG001SR03L7,0,false,19.700000,19.725000,0.406091,0.126904,false,0.000000
2024-03-07,OCUL,BBG001V0FT93,3,false,10.840000,10.375000,1.107011,-4.289668,false,0.000000
2024-03-07,ODC,BBG001S7J3C1,0,false,71.990000,73.500000,2.861509,2.097514,false,0.000000
2024-03-07,ODD,0001907085,5,false,43.500000,43.500000,5.700920,0.000000,false,0.000000
2024-03-07,ODP,BBG00R24W7Y1,0,false,52.340000,51.520000,0.171953,-1.566679,false,0.000000
2024-03-07,OEC,0001609804,0,false,22.240000,22.280000,1.258993,0.179856,false,0.000000
2024-03-07,OFG,BBG001S9J8R0,0,false,37.570000,37.460000,0.638808,-0.292787,false,0.000000
2024-03-07,OFIX,BBG001SCG164,0,false,14.240000,14.350000,2.247191,0.772472,false,0.000000
2024-03-07,OFLX,BBG001SNLHY8,0,false,69.190000,69.405000,1.965602,0.310739,false,0.000000
2024-03-07,OGE,BBG001S5TVY8,0,false,34.200000,34.115000,0.263158,-0.248538,false,0.000000
2024-03-07,OGN,BBG00ZQRGW42,0,false,18.100000,18.220000,2.099448,0.662983,false,0.000000
2024-03-07,OGS,BBG004WQKD16,0,false,62.540000,62.660000,0.543652,0.191877,false,0.000000
2024-03-07,OHI,BBG001S736L1,2,false,31.020000,30.585000,0.354288,-1.402321,false,0.000000
2024-03-07,OI,BBG00R2JZG48,0,false,16.390000,16.870000,3.538743,2.928615,false,0.000000
2024-03-07,OII,BBG001S61HT3,0,false,20.130000,20.420000,2.831595,1.440636,false,0.000000
2024-03-07,OIS,BBG001S7WK56,0,false,5.450000,5.710000,5.688073,4.770642,false,0.000000
2024-03-07,OLED,BBG001S5V9H3,0,false,171.210000,172.590000,1.925764,0.806028,false,0.000000
2024-03-07,OLLI,BBG0098VVDS0,0,false,74.810000,75.280000,1.497126,0.628258,false,0.000000
2024-03-07,OLMA,BBG00T5JMRV1,0,false,14.450000,14.080000,1.384083,-2.560554,false,0.000000
2024-03-07,OLN,BBG001S5TWW8,0,false,55.850000,57.280000,2.703671,2.560430,false,0.000000
2024-03-07,OLO,BBG00ZCX7044,0,false,5.670000,5.590000,0.881834,-1.410935,false,0.000000
2024-03-07,OLP,BBG001S5TWY6,0,false,21.460000,21.740000,1.770736,1.304753,false,0.000000
2024-03-07,OLPX,BBG012BV9TG3,1,false,1.780000,1.860000,7.865169,4.494382,false,0.000000
2024-03-07,OMCL,BBG001SF6Z45,0,false,28.170000,28.060000,1.810437,-0.390486,false,0.000000
2024-03-07,OMF,BBG005497H09,0,false,48.240000,48.530000,1.144900,0.601161,false,0.000000
2024-03-07,OMI,BBG001S72KY7,0,false,24.970000,25.550000,2.623148,2.322787,false,0.000000
2024-03-07,ONB,BBG001SD2ZG1,0,false,16.950000,16.760000,0.235988,-1.120944,false,0.000000
2024-03-07,ONCT,BBG001SCTS61,0,false,9.510000,9.250000,1.068349,-2.733964,false,0.000000
2024-03-07,ONEW,BBG00PPXGH27,0,false,24.250000,24.750000,3.216495,2.061856,false,0.000000
2024-03-07,ONON,0001858985,13,true,32.260000,32.020000,1.518909,-0.743955,false,0.000000
2024-03-07,ONTO,BBG001S5THX0,0,false,192.000000,196.670000,3.630208,2.432292,false,0.000000
2024-03-07,OPCH,BBG001S6X756,0,false,32.620000,32.950000,1.379522,1.011649,false,0.000000
2024-03-07,OPEN,BBG00SHY8ZR0,35,true,3.020000,2.960000,1.324503,-1.986755,false,0.000000
2024-03-07,OPK,BBG001SD4254,13,true,0.955800,0.947300,2.950408,-0.889307,false,0.000000
2024-03-07,OPY,BBG001S77PP1,0,false,38.890000,38.830000,1.157110,-0.154281,false,0.000000
2024-03-07,OR,BBG006L2SZD6,2,false,16.090000,15.900000,0.559354,-1.180858,false,0.000000
2024-03-07,ORA,BBG001S9LPW3,4,false,65.260000,65.770000,1.616610,0.781489,false,0.000000
2024-03-07,ORC,BBG001V18CW0,1,false,8.560000,8.580000,0.584112,0.233645,false,0.000000
2024-03-07,ORGO,BBG00FGGD311,1,false,2.900000,3.135000,9.137931,8.103448,false,0.000000
2024-03-07,ORI,BBG001S6M9Y2,0,false,29.250000,29.350000,1.401709,0.341880,false,0.000000
2024-03-07,ORIC,BBG00BL5SMR2,0,false,16.130000,15.920000,1.425914,-1.301922,false,0.000000
2024-03-07,ORLA,BBG00FGY26J8,0,false,3.810000,3.720000,1.574803,-2.362205,false,0.000000
2024-03-07,OSBC,BBG001S7HMZ6,0,false,13.710000,13.530000,0.145879,-1.312910,false,0.000000
2024-03-07,OSCR,BBG00YMWFVT4,0,false,14.980000,14.325000,0.133511,-4.372497,false,0.000000
2024-03-07,OSG,BBG0071D5RR0,1,false,5.970000,6.015000,1.758794,0.753769,false,0.000000
2024-03-07,OSIS,BBG001SB1J54,0,false,133.060000,132.280000,0.383286,-0.586202,false,0.000000
2024-03-07,OSK,BBG001S6SX46,1,false,112.040000,114.030000,1.910032,1.776151,false,0.000000
2024-03-07,OSPN,BBG001S7T321,34,true,12.000000,11.780000,3.333333,-1.833333,false,0.000000
2024-03-07,OSUR,BBG001SD3BW5,0,false,7.010000,7.280000,3.994294,3.851641,false,0.000000
2024-03-07,OSW,0001758488,0,false,12.710000,12.800000,0.786782,0.708104,false,0.000000
2024-03-07,OTEX,BBG001SBS5H2,0,false,37.900000,38.630000,2.137203,1.926121,false,0.000000
2024-03-07,OTTR,BBG001S5TYX3,0,false,85.800000,85.350000,0.920746,-0.524476,false,0.000000
2024-03-07,OUT,BBG004S69ZY3,0,false,15.500000,16.100000,4.000000,3.870968,false,0.000000
2024-03-07,OVV,BBG00R2NHQ74,0,false,49.560000,49.200000,0.605327,-0.726392,false,0.000000
2024-03-07,OWL,BBG00XV417S7,0,false,17.880000,17.590000,0.559284,-1.621924,false,0.000000
2024-03-07,OXLC,BBG001T93HP8,6,false,5.190000,5.240000,1.156069,0.963391,false,0.000000
2024-03-07,OXM,BBG001S5TZF0,0,false,104.340000,104.570000,1.044662,0.220433,false,0.000000
2024-03-07,OZK,BBG001SMRQL8,0,false,44.260000,43.920000,0.903751,-0.768188,false,0.000000
2024-03-07,PAA,BBG001S985K5,0,false,16.750000,16.840000,0.597015,0.537313,false,0.000000
2024-03-07,PAAS,BBG001S5ZXR5,10,true,13.650000,14.020000,2.747253,2.710623,false,0.000000
2024-03-07,PACB,BBG001SS9G64,10,true,4.370000,4.580000,7.551487,4.805492,false,0.000000
2024-03-07,PACK,BBG00JRXX6Z8,0,false,4.670000,4.450000,0.214133,-4.710921,false,0.000000
2024-03-07,PAG,BBG001S96493,0,false,153.290000,152.750000,1.056820,-0.352273,false,0.000000
2024-03-07,PAGP,BBG001SZV282,0,false,17.330000,17.490000,0.923254,0.923254,false,0.000000
2024-03-07,PAGS,0001712807,1,false,12.990000,13.160000,1.770593,1.308699,false,0.000000
2024-03-07,PAHC,BBG0069NW5X3,0,false,13.240000,12.910000,0.905589,-2.492447,false,0.000000
2024-03-07,PANL,0001606909,0,false,8.230000,8.250000,0.729040,0.243013,false,0.000000
2024-03-07,PAR,BBG001S5VG69,0,false,42.680000,42.260000,1.101218,-0.984067,false,0.000000
2024-03-07,PARA,BBG001S6L063,11,true,10.530000,10.780000,4.368471,2.374169,false,0.000000
2024-03-07,PARR,BBG003C5DLS7,0,false,35.070000,36.200000,3.992016,3.222127,false,0.000000
2024-03-07,PATH,BBG00GKS1G12,29,true,23.470000,23.620000,1.278228,0.639114,false,0.000000
2024-03-07,PATK,BBG001S5V0V6,0,false,114.120000,112.495000,1.752541,-1.423940,false,0.000000
2024-03-07,PAVM,BBG00DGWP3H1,0,false,2.820000,2.829700,3.542553,0.343972,false,0.000000
2024-03-07,PAX,0001825570,1,false,15.040000,14.850000,0.000000,-1.263298,false,0.000000
2024-03-07,PAY,BBG010MW0P43,1,false,19.180000,18.450000,1.764338,-3.806048,false,0.000000
2024-03-07,PAYC,BBG0064N1009,1,false,177.010000,181.640000,3.025253,2.615671,false,0.000000
2024-03-07,PAYO,BBG00Z5JLLD1,1,false,4.560000,4.485000,0.000000,-1.644737,false,0.000000
2024-03-07,PB,BBG001S7SL77,0,false,64.120000,63.830000,0.389894,-0.452277,false,0.000000
2024-03-07,PBF,BBG002832HM6,0,false,48.980000,50.470000,5.451205,3.042058,false,0.000000
2024-03-07,PBH,BBG001SH44F0,0,false,71.890000,72.540000,1.474475,0.904159,false,0.000000
2024-03-07,PBI,BBG001S5V171,0,false,4.130000,4.085000,1.452785,-1.089588,false,0.000000
2024-03-07,PBPB,BBG0026ZGB18,0,false,13.520000,13.490000,0.517751,-0.221893,false,0.000000
2024-03-07,PBT,BBG001S5V1N3,0,false,11.680000,11.550000,1.454623,-1.113014,false,0.000000
2024-03-07,PCH,BBG001S5V215,0,false,46.100000,46.450000,0.954447,0.759219,false,0.000000
2024-03-07,PCOR,BBG0026ZJ313,1,false,78.430000,78.850000,0.765013,0.535509,false,0.000000
2024-03-07,PCRX,BBG001S77N12,0,false,30.400000,30.640000,3.519737,0.789474,false,0.000000
2024-03-07,PCT,BBG00YRJF230,3,false,5.020000,5.090000,2.490040,1.394422,false,0.000000
2024-03-07,PCTY,BBG006598YZ0,0,false,166.760000,166.390000,1.343248,-0.221876,false,0.000000
2024-03-07,PCVX,BBG009PHHPP4,0,false,71.750000,71.710000,1.351916,-0.055749,false,0.000000
2024-03-07,PD,BBG0043BYPD6,0,false,23.580000,24.350000,3.562341,3.265479,false,0.000000
2024-03-07,PDCO,BBG001S5V2S6,0,false,27.030000,27.020000,0.295967,-0.036996,false,0.000000
2024-03-07,PDFS,BBG001SFSR85,0,false,34.500000,35.460000,2.811594,2.782609,false,0.000000
2024-03-07,PDM,BBG001T6RFS9,1,false,6.370000,6.340000,0.784929,-0.470958,false,0.000000
2024-03-07,PDS,BBG001S5V359,0,false,62.010000,63.230000,2.644735,1.967425,false,0.000000
2024-03-07,PEB,BBG001T5S1M7,2,false,16.350000,16.140000,1.590214,-1.284404,false,0.000000
2024-03-07,PEBO,BBG001S77C89,0,false,28.850000,28.160000,0.519931,-2.391681,false,0.000000
2024-03-07,PECO,BBG011RJST56,0,false,35.730000,35.360000,1.455080,-1.035544,false,0.000000
2024-03-07,PEGA,BBG001S93CK5,0,false,63.760000,64.020000,1.599749,0.407779,false,0.000000
2024-03-07,PEN,BBG001TRHPB0,0,false,251.650000,252.890000,3.270415,0.492748,false,0.000000
2024-03-07,PENN,BBG001S80PY6,5,false,17.910000,18.480000,3.685092,3.182580,false,0.000000
2024-03-07,PEPG,BBG012232627,0,false,15.200000,14.290000,0.493421,-5.986842,false,0.000000
2024-03-07,PERF,0001899830,2,false,2.980000,2.480000,0.335570,-16.778523,false,0.000000
2024-03-07,PERI,0001338940,12,true,22.560000,22.520000,1.950355,-0.177305,false,0.000000
2024-03-07,PETQ,BBG00H1CY3S0,0,false,16.300000,16.090000,0.736196,-1.288344,false,0.000000
2024-03-07,PFBC,BBG001S9SFK1,0,false,74.880000,74.570000,0.607639,-0.413996,false,0.000000
2024-03-07,PFC,BBG001S7DV08,0,false,20.530000,20.350000,1.266439,-0.876766,false,0.000000
2024-03-07,PFGC,BBG009XW2WC7,0,false,77.130000,77.400000,1.296512,0.350058,false,0.000000
2024-03-07,PFLT,BBG001V0Y5S3,0,false,11.440000,11.460000,0.610140,0.174825,false,0.000000
2024-03-07,PFS,BBG001SKM445,0,false,15.320000,15.320000,1.142298,0.000000,false,0.000000
2024-03-07,PFSI,BBG00LMYX132,0,false,87.010000,88.380000,1.999770,1.574532,false,0.000000
2024-03-07,PGC,BBG001SG3CC8,0,false,24.540000,24.150000,1.589242,-1.589242,false,0.000000
2024-03-07,PGEN,BBG001SSB3T5,2,false,1.660000,1.660000,4.813253,0.000000,false,0.000000
2024-03-07,PGNY,BBG002H1K1K7,0,false,33.990000,34.560000,3.236246,1.676964,false,0.000000
2024-03-07,PGRE,BBG001SL9C95,0,false,4.610000,4.615000,1.626898,0.108460,false,0.000000
2024-03-07,PGRU,0001873331,0,false,3.280000,3.290000,3.048780,0.304878,false,0.000000
2024-03-07,PGTI,BBG001SNS069,0,false,41.820000,41.820000,0.167384,0.000000,false,0.000000
2024-03-07,PGY,0001883085,19,true,1.420000,1.495000,7.042254,5.281690,false,0.000000
2024-03-07,PHAR,BBG00YN70W58,1,false,,,,,false,0.000000
2024-03-07,PHAT,BBG00P5B2S73,8,false,10.490000,9.080000,0.667302,-13.441373,false,0.000000
2024-03-07,PHIN,BBG01F6N6NP4,0,false,34.980000,34.190000,2.630074,-2.258433,false,0.000000
2024-03-07,PHR,BBG001TG2W25,1,false,25.500000,25.610000,4.156863,0.431373,false,0.000000
2024-03-07,PHUN,BBG00DL9GZK1,59,true,10.550000,10.890000,14.502370,3.222749,false,0.000000
2024-03-07,PHVS,0001830487,0,false,25.600000,25.920000,5.468750,1.250000,false,0.000000
2024-03-07,PI,BBG001T313Q3,0,false,114.580000,115.110000,1.684413,0.462559,false,0.000000
2024-03-07,PII,BBG001S7HWZ4,0,false,91.900000,92.790000,2.285092,0.968444,false,0.000000
2024-03-07,PINC,BBG001SJLD58,0,false,21.070000,21.080000,0.996678,0.047461,false,0.000000
2024-03-07,PIPR,BBG001SGY6K8,0,false,192.340000,191.270000,0.285952,-0.556307,false,0.000000
2024-03-07,PJT,BBG0079T1MP4,0,false,99.540000,99.660000,0.602773,0.120555,false,0.000000
2024-03-07,PK,BBG00FGXCKN3,0,false,17.480000,17.130000,0.114416,-2.002288,false,0.000000
2024-03-07,PKE,BBG001S5V732,0,false,14.930000,15.020000,1.272605,0.602813,false,0.000000
2024-03-07,PKOH,BBG001S5V778,0,false,24.000000,23.550000,0.000000,-1.875000,false,0.000000
2024-03-07,PKST,BBG00XTV8H01,0,false,14.740000,15.200000,4.274084,3.120760,false,0.000000
2024-03-07,PL,BBG00ZCV3Q27,1,false,2.200000,2.230000,1.818182,1.363636,false,0.000000
2024-03-07,PLAB,BBG001S5V7C2,0,false,29.430000,29.830000,2.955827,1.359157,false,0.000000
2024-03-07,PLAY,BBG001WWJTL4,0,false,63.540000,63.260000,0.393453,-0.440667,false,0.000000
2024-03-07,PLMR,BBG00NLMRYV9,0,false,75.690000,73.645000,0.000000,-2.701810,false,0.000000
2024-03-07,PLNT,BBG009H04M26,0,false,65.080000,66.940000,3.011678,2.858021,false,0.000000
2024-03-07,PLOW,BBG001T6QFV6,0,false,25.920000,25.420000,0.925926,-1.929012,false,0.000000
2024-03-07,PLPC,BBG001SFKCZ6,0,false,136.860000,133.860000,3.166009,-2.192021,false,0.000000
2024-03-07,PLRX,BBG00C8083P2,0,false,15.800000,15.640000,1.265823,-1.012658,false,0.000000
2024-03-07,PLSE,BBG00BRBHVG7,1,false,9.320000,9.430000,4.506438,1.180258,false,0.000000
2024-03-07,PLTK,BBG00QQ8C798,0,false,6.860000,7.080000,4.518950,3.206997,false,0.000000
2024-03-07,PLUG,BBG001S6GJB2,55,true,4.020000,3.905000,3.482587,-2.860697,false,0.000000
2024-03-07,PLUS,BBG001S99YL0,0,false,80.320000,79.880000,0.747012,-0.547809,false,0.000000
2024-03-07,PLXS,BBG001S5V812,0,false,94.340000,95.570000,1.303795,1.303795,false,0.000000
2024-03-07,PLYA,0001692412,0,false,9.520000,9.530000,0.997899,0.105042,false,0.000000
2024-03-07,PLYM,BBG0021H6YT4,0,false,21.810000,21.620000,0.000000,-0.871160,false,0.000000
2024-03-07,PMT,BBG001T1MJR8,0,false,14.290000,14.250000,0.629811,-0.279916,false,0.000000
2024-03-07,PNFP,BBG001SF5953,0,false,85.700000,84.770000,1.143524,-1.085181,false,0.000000
2024-03-07,PNM,BBG001S5V9J1,0,false,37.740000,37.740000,0.437202,0.000000,false,0.000000
2024-03-07,PNNT,BBG001SSQMH0,0,false,6.730000,6.750000,0.891530,0.297177,false,0.000000
2024-03-07,PNR,0000077360,0,false,80.000000,81.560000,2.337500,1.950000,false,0.000000
2024-03-07,PNTG,BBG00P33SZ15,0,false,18.910000,18.530000,1.216288,-2.009519,false,0.000000
2024-03-07,PNW,BBG001S5VB15,0,false,70.370000,71.370000,1.747904,1.421060,false,0.000000
2024-03-07,PODD,BBG001SRF439,0,false,167.280000,175.465000,7.556193,4.892994,false,0.000000
2024-03-07,POR,BBG001S5V4Y5,0,false,41.080000,41.460000,1.046738,0.925024,false,0.000000
2024-03-07,POST,BBG001WTBC45,0,false,104.320000,102.900000,0.076687,-1.361196,false,0.000000
2024-03-07,POWI,BBG001S73RW3,0,false,73.880000,76.520000,5.265295,3.573362,false,0.000000
2024-03-07,POWL,BBG001S5VBT5,0,false,162.000000,154.630000,2.037037,-4.549383,false,0.000000
2024-03-07,PPBI,BBG001S9JFG6,0,false,24.170000,23.820000,0.413736,-1.448076,false,0.000000
2024-03-07,PPC,BBG001S5PSN1,0,false,32.070000,32.375000,1.184908,0.951045,false,0.000000
2024-03-07,PR,BBG00D61Y2G3,8,false,15.810000,15.900000,1.518027,0.569260,false,0.000000
2024-03-07,PRA,BBG001S9Z6F9,0,false,12.730000,12.830000,1.178319,0.785546,false,0.000000
2024-03-07,PRAA,BBG001SB1G41,0,false,25.080000,25.370000,1.395534,1.156300,false,0.000000
2024-03-07,PRAX,BBG00W9LF2H4,1,false,58.160000,56.330000,3.120702,-3.146492,false,0.000000
2024-03-07,PRCT,BBG009KD84J2,0,false,47.510000,49.290000,3.830772,3.746580,false,0.000000
2024-03-07,PRDO,BBG001S6M491,0,false,17.550000,17.470000,0.113960,-0.455840,false,0.000000
2024-03-07,PRE,0001876431,0,false,4.930000,5.050000,3.042596,2.434077,false,0.000000
2024-03-07,PRFT,BBG001SCS189,0,false,63.560000,64.150000,2.312775,0.928257,false,0.000000
2024-03-07,PRG,BBG00VSH86H3,0,false,32.080000,31.400000,0.716958,-2.119701,false,0.000000
2024-03-07,PRGO,0001585364,3,false,27.850000,29.690000,7.612208,6.606822,false,0.000000
2024-03-07,PRGS,BBG001S6MCY5,0,false,53.310000,53.960000,1.744513,1.219283,false,0.000000
2024-03-07,PRI,BBG001T5ZSQ6,0,false,252.000000,248.480000,0.337302,-1.396825,false,0.000000
2024-03-07,PRIM,BBG001S64801,3,false,39.950000,40.910000,4.105131,2.403004,false,0.000000
2024-03-07,PRK,BBG001S7X549,0,false,133.990000,133.000000,0.000000,-0.738861,false,0.000000
2024-03-07,PRLB,BBG001SRZTG8,0,false,36.940000,37.780000,2.409312,2.273958,false,0.000000
2024-03-07,PRM,0001880319,0,false,6.200000,6.260000,2.258065,0.967742,false,0.000000
2024-03-07,PRME,BBG011RT3R64,0,false,8.420000,8.130000,1.425178,-3.444181,false,0.000000
2024-03-07,PRMW,BBG001S77SH4,0,false,16.250000,16.400000,0.984615,0.923077,false,0.000000
2024-03-07,PRO,BBG001ST38G5,0,false,36.070000,36.340000,0.914888,0.748544,false,0.000000
2024-03-07,PROC,0001863362,0,false,3.080000,3.040000,0.324675,-1.298701,false,0.000000
2024-03-07,PRTA,0001559053,1,false,29.620000,29.340000,0.405132,-0.945307,false,0.000000
2024-03-07,PRVA,BBG00ZXYXWJ4,0,false,21.600000,22.340000,5.740741,3.425926,false,0.000000
2024-03-07,PSEC,BBG001SM4WF7,8,false,5.450000,5.445000,1.284404,-0.091743,false,0.000000
2024-03-07,PSFE,0001833835,13,true,14.000000,12.520000,1.285714,-10.571429,false,0.000000
2024-03-07,PSMT,BBG001SB78V3,0,false,83.630000,83.950000,1.291403,0.382638,false,0.000000
2024-03-07,PSN,BBG001SDWJQ3,0,false,83.300000,82.760000,0.786315,-0.648259,false,0.000000
2024-03-07,PSNY,BBG0147QHH45,11,true,1.820000,1.730000,1.648352,-4.945055,false,0.000000
2024-03-07,PSTL,BBG00NSBGG83,0,false,14.060000,13.990000,0.177809,-0.497866,false,0.000000
2024-03-07,PSTX,BBG00BNTZ9J8,0,false,3.620000,3.430000,0.276243,-5.248619,false,0.000000
2024-03-07,PTCT,BBG001SNNC86,0,false,31.170000,30.760000,0.368944,-1.315367,false,0.000000
2024-03-07,PTEN,BBG001S7GWF7,1,false,11.610000,12.090000,5.167959,4.134367,false,0.000000
2024-03-07,PTGX,BBG002B63KP4,0,false,31.690000,30.870000,0.528558,-2.587567,false,0.000000
2024-03-07,PTLO,BBG012YL5W59,0,false,13.970000,14.120000,3.292770,1.073729,false,0.000000
2024-03-07,PTON,BBG00JG0FG08,19,true,4.430000,4.510000,3.386005,1.805869,false,0.000000
2024-03-07,PTSI,BBG001S5VGQ7,0,false,17.080000,16.416100,0.000000,-3.887002,false,0.000000
2024-03-07,PTVE,BBG00WXWG3G1,0,false,13.130000,13.275000,1.447068,1.104341,false,0.000000
2024-03-07,PUBM,BBG001V1C792,1,false,20.900000,20.580000,0.287081,-1.531100,false,0.000000
2024-03-07,PUMP,BBG00FYCQ3Y0,0,false,7.170000,7.370000,3.765690,2.789400,false,0.000000
2024-03-07,PVH,BBG001S5VGY8,0,false,136.070000,135.500000,0.191078,-0.418902,false,0.000000
2024-03-07,PWP,BBG00XWZGGJ1,0,false,13.390000,13.440000,0.448096,0.373413,false,0.000000
2024-03-07,PWSC,BBG00ZXQB5X8,0,false,20.520000,20.565000,0.877193,0.219298,false,0.000000
2024-03-07,PX,BBG012QFRKK6,0,false,7.930000,8.040000,1.639344,1.387137,false,0.000000
2024-03-07,PYCR,BBG010FNXN77,25,true,19.900000,20.290000,2.110553,1.959799,false,0.000000
2024-03-07,PZZA,BBG001S6XNB4,0,false,71.250000,70.050000,0.322807,-1.684211,false,0.000000
2024-03-07,QCRH,BBG001SJTPZ0,0,false,57.610000,57.270000,0.676966,-0.590175,false,0.000000
2024-03-07,QDEL,BBG017TGV7N1,0,false,43.360000,44.690000,4.358856,3.067343,false,0.000000
2024-03-07,QGEN,0001015820,1,false,44.180000,44.550000,1.063830,0.837483,false,0.000000
2024-03-07,QLYS,BBG001SYH860,0,false,167.980000,168.070000,1.107275,0.053578,false,0.000000
2024-03-07,QNST,BBG001T2V5P8,0,false,14.850000,15.290000,3.838384,2.962963,false,0.000000
2024-03-07,QRTEA,BBG001SR0LR1,1,false,1.230000,1.260000,4.065041,2.439024,false,0.000000
2024-03-07,QRVO,BBG007TJF1P5,2,false,116.940000,118.800000,2.582521,1.590559,false,0.000000
2024-03-07,QS,BBG00VJ17DT1,29,true,6.040000,6.030000,1.490066,-0.165563,false,0.000000
2024-03-07,QTRX,BBG0027NWC78,0,false,28.340000,28.050000,0.529287,-1.023289,false,0.000000
2024-03-07,QTWO,BBG005ZVK9Q1,0,false,46.970000,47.420000,2.256760,0.958058,false,0.000000
2024-03-07,R,BBG001S5VK15,0,false,114.460000,116.080000,1.590075,1.415342,false,0.000000
2024-03-07,RAMP,BBG001S5NCJ3,0,false,34.420000,34.240000,0.421267,-0.522952,false,0.000000
2024-03-07,RAPT,BBG00PGK50N1,4,false,9.200000,9.290000,4.565217,0.978261,false,0.000000
2024-03-07,RARE,BBG001V2MJJ2,0,false,51.650000,50.820000,0.851888,-1.606970,false,0.000000
2024-03-07,RBA,BBG001SBQWW8,0,false,75.230000,75.790000,1.242855,0.744384,false,0.000000
2024-03-07,RBB,BBG002537TD8,0,false,17.800000,17.590000,1.091573,-1.179775,false,0.000000
2024-03-07,RBBN,BBG00HW4CSH5,0,false,2.960000,2.935000,0.675676,-0.844595,false,0.000000
2024-03-07,RBC,BBG001SNYTV1,0,false,272.310000,270.290000,0.840953,-0.741802,false,0.000000
2024-03-07,RBCAA,BBG001S7X4Z8,0,false,49.900000,49.430000,0.000000,-0.941884,false,0.000000
2024-03-07,RC,BBG003TCRSD0,0,false,8.680000,8.710000,1.267281,0.345622,false,0.000000
2024-03-07,RCKT,BBG001T92156,0,false,28.030000,27.550000,1.230824,-1.712451,false,0.000000
2024-03-07,RCM,BBG018CZLZ45,0,false,14.070000,14.180000,2.700782,0.781805,false,0.000000
2024-03-07,RCUS,BBG00DQD2751,0,false,19.430000,17.900000,1.327844,-7.874421,false,0.000000
2024-03-07,RDFN,BBG001V1F423,14,true,6.540000,6.480000,1.926606,-0.917431,false,0.000000
2024-03-07,RDIB,BBG001SFJ743,0,false,,,,,false,0.000000
2024-03-07,RDN,BBG001SBWXG7,0,false,29.970000,29.610000,1.468135,-1.201201,false,0.000000
2024-03-07,RDNT,BBG001S75DK5,1,false,48.810000,48.530000,1.229256,-0.573653,false,0.000000
2024-03-07,RDUS,BBG001S7H0J2,0,false,19.510000,19.660000,1.896463,0.768836,false,0.000000
2024-03-07,RDWR,0001094366,0,false,18.080000,18.050000,0.774336,-0.165929,false,0.000000
2024-03-07,RDZN,0001868640,0,false,6.170000,6.530000,5.834684,5.834684,false,0.000000
2024-03-07,REAL,BBG004FPDP45,9,false,3.630000,3.890000,10.606061,7.162534,false,0.000000
2024-03-07,REAX,BBG00KRN3NQ3,3,false,3.050000,3.440000,18.032787,12.786885,true,0.000000
2024-03-07,REG,BBG001S7H752,0,false,61.510000,61.420000,0.520241,-0.146318,false,0.000000
2024-03-07,RELY,BBG012C7JTN6,1,false,20.860000,20.700000,0.671141,-0.767018,false,0.000000
2024-03-07,REPL,BBG00L8Z22S0,0,false,9.000000,8.830000,0.333333,-1.888889,false,0.000000
2024-03-07,REPX,BBG001SDLX20,0,false,24.560000,27.780000,14.495114,13.110749,false,0.000000
2024-03-07,RES,BBG001S5VN37,0,false,7.340000,7.535000,3.337875,2.656676,false,0.000000
2024-03-07,REVG,BBG00CSG01X8,0,false,20.040000,19.380000,0.374251,-3.293413,false,0.000000
2024-03-07,REX,BBG001S7D5J5,0,false,43.620000,44.140000,2.886291,1.192114,false,0.000000
2024-03-07,REXR,BBG004MB82S9,0,false,52.520000,52.370000,0.352247,-0.285605,false,0.000000
2024-03-07,REYN,BBG00QVJVZ22,0,false,29.170000,28.750000,0.445321,-1.439835,false,0.000000
2024-03-07,REZI,BBG00HY28L05,0,false,22.500000,23.000000,2.466667,2.222222,false,0.000000
2024-03-07,RGA,BBG001S6P9Q8,0,false,183.000000,183.560000,0.918033,0.306011,false,0.000000
2024-03-07,RGEN,BBG001S5VNT9,0,false,196.300000,198.650000,1.782985,1.197147,false,0.000000
2024-03-07,RGLD,BBG001S5VNX4,1,false,111.810000,111.800000,0.599231,-0.008944,false,0.000000
2024-03-07,RGNX,BBG007Z9V5C7,27,true,23.380000,23.230000,1.368691,-0.641574,false,0.000000
2024-03-07,RGP,BBG001S7QYK6,0,false,13.690000,13.820000,0.949598,0.949598,false,0.000000
2024-03-07,RGR,BBG001S6LMJ1,0,false,42.570000,43.620000,2.490016,2.466526,false,0.000000
2024-03-07,RGS,BBG001S6RDV1,0,false,8.900000,8.770000,5.505618,-1.460674,false,0.000000
2024-03-07,RH,BBG002293Q93,0,false,273.910000,274.210000,1.453032,0.109525,false,0.000000
2024-03-07,RHI,BBG001S5VP41,0,false,79.860000,80.250000,0.970448,0.488355,false,0.000000
2024-03-07,RHP,BBG001S6SHG8,0,false,118.430000,117.340000,0.371527,-0.920375,false,0.000000
2024-03-07,RICK,BBG001S8LFR3,0,false,56.120000,55.100000,0.855310,-1.817534,false,0.000000
2024-03-07,RIG,0001451505,9,false,5.170000,5.140000,1.160542,-0.580271,false,0.000000
2024-03-07,RILY,BBG001SV8TK4,12,true,24.500000,22.510000,0.857143,-8.122449,false,0.000000
2024-03-07,RIOT,BBG001SDW128,47,true,12.040000,11.980000,2.657807,-0.498339,false,0.000000
2024-03-07,RITM,BBG003T1GM12,2,false,10.930000,10.985000,1.006404,0.503202,false,0.000000
2024-03-07,RIVN,BBG00741Y1P0,60,true,11.580000,12.500000,10.017271,7.944732,false,0.000000
2024-03-07,RKLB,BBG00Y61T0H6,13,true,4.340000,4.425000,2.304147,1.958525,false,0.000000
2024-03-07,RKT,BBG00VY1MZN4,0,false,12.730000,12.640000,2.749411,-0.706991,false,0.000000
2024-03-07,RL,BBG001S9TL45,1,false,180.110000,179.710000,0.519127,-0.222087,false,0.000000
2024-03-07,RLAY,BBG00DSS08L8,0,false,10.540000,10.165000,0.000000,-3.557875,false,0.000000
2024-03-07,RLI,BBG001S5VQ58,0,false,148.700000,146.300000,0.336247,-1.613988,false,0.000000
2024-03-07,RLJ,BBG001V0BJV4,0,false,12.230000,12.080000,0.000000,-1.226492,false,0.000000
2024-03-07,RMBS,BBG001S7RF80,0,false,64.600000,65.350000,2.554180,1.160991,false,0.000000
2024-03-07,RMR,BBG00B6V7CK4,0,false,23.780000,23.640000,0.777965,-0.588730,false,0.000000
2024-03-07,RNA,BBG00FQ7LXX0,0,false,20.060000,20.030000,3.339980,-0.149551,false,0.000000
2024-03-07,RNG,BBG001SHXFM5,1,false,32.720000,35.060000,8.037897,7.151589,false,0.000000
2024-03-07,RNR,0000913144,0,false,228.330000,228.270000,0.567162,-0.026278,false,0.000000
2024-03-07,RNST,BBG001S5V5B7,0,false,31.980000,31.610000,0.562852,-1.156973,false,0.000000
2024-03-07,RNW,0001848763,0,false,6.580000,6.680000,2.279635,1.519757,false,0.000000
2024-03-07,ROAD,BBG00KK0CFZ7,0,false,50.220000,51.440000,2.668260,2.429311,false,0.000000
2024-03-07,ROCK,BBG001S7GCL4,0,false,76.350000,76.420000,1.401441,0.091683,false,0.000000
2024-03-07,ROG,BBG001S5TTY3,0,false,110.820000,111.780000,1.254286,0.866270,false,0.000000
2024-03-07,ROIC,BBG001T0CM94,0,false,12.940000,12.930000,0.811437,-0.077280,false,0.000000
2024-03-07,ROIV,0001635088,0,false,11.600000,11.150000,0.086207,-3.879310,false,0.000000
2024-03-07,ROKU,BBG001ZZPQM2,32,true,62.750000,63.079900,0.788845,0.525737,false,0.000000
2024-03-07,ROOT,BBG002GMC9G9,6,false,44.620000,44.390000,1.949798,-0.515464,false,0.000000
2024-03-07,RPAY,BBG00LFVTCC7,0,false,9.740000,9.560000,0.718686,-1.848049,false,0.000000
2024-03-07,RPD,BBG009DFHWH5,0,false,54.500000,54.630000,1.394495,0.238532,false,0.000000
2024-03-07,RPRX,0001802768,0,false,29.740000,30.030000,1.815736,0.975118,false,0.000000
2024-03-07,RRBI,BBG001SN25H4,0,false,49.204400,49.204400,0.000000,0.000000,false,0.000000
2024-03-07,RRC,BBG001SBZNN8,0,false,32.810000,32.860000,0.822920,0.152393,false,0.000000
2024-03-07,RRR,BBG00B6G8068,1,false,57.320000,57.970000,1.221214,1.133985,false,0.000000
2024-03-07,RRX,BBG001S5VL68,0,false,168.320000,169.130000,1.277329,0.481226,false,0.000000
2024-03-07,RSI,BBG00RMKRQN9,54,true,7.160000,6.270000,2.094972,-12.430168,false,0.000000
2024-03-07,RSKD,0001851112,6,false,5.260000,5.190000,0.760456,-1.330798,false,0.000000
2024-03-07,RSVR,BBG00YCLJQQ9,0,false,7.420000,7.320000,1.482480,-1.347709,false,0.000000
2024-03-07,RUM,BBG00Z61CSD4,19,true,6.690000,6.750000,3.139013,0.896861,false,0.000000
2024-03-07,RUN,BBG0025XVR94,16,true,12.400000,12.324000,1.451613,-0.612903,false,0.000000
2024-03-07,RUSHA,BBG001SKX0D1,0,false,48.160000,47.990000,1.619601,-0.352990,false,0.000000
2024-03-07,RVLV,BBG00M4RHC48,1,false,21.290000,19.430000,1.503053,-8.736496,false,0.000000
2024-03-07,RVMD,BBG00829F4Q7,2,false,31.160000,31.535000,1.700899,1.203466,false,0.000000
2024-03-07,RVNC,BBG001V0GBC7,2,false,6.410000,6.160000,0.266771,-3.900156,false,0.000000
2024-03-07,RVTY,BBG001SBKS35,0,false,108.010000,108.420000,0.694380,0.379594,false,0.000000
2024-03-07,RWAY,BBG012QFW480,1,false,13.320000,13.520000,1.501502,1.501502,false,0.000000
2024-03-07,RWT,BBG001SBHVP8,0,false,6.070000,6.050000,1.153213,-0.329489,false,0.000000
2024-03-07,RXO,BBG0160DYDC7,0,false,20.920000,21.260000,1.673040,1.625239,false,0.000000
2024-03-07,RXRX,BBG00PQ4XJ54,18,true,11.400000,11.140000,1.491228,-2.280702,false,0.000000
2024-03-07,RXST,BBG00THX1YQ1,1,false,54.700000,53.810000,0.539305,-1.627057,false,0.000000
2024-03-07,RXT,BBG00W0JYQR3,6,false,1.890000,1.940000,7.936508,2.645503,false,0.000000
2024-03-07,RYAN,BBG011K4W1Y0,0,false,54.350000,54.270000,0.662374,-0.147194,false,0.000000
2024-03-07,RYI,BBG001T6NHM5,0,false,31.030000,30.850000,1.095714,-0.580084,false,0.000000
2024-03-07,RYN,BBG001S7NCZ1,0,false,35.210000,34.630000,0.000000,-1.647259,false,0.000000
2024-03-07,RYTM,BBG007DLZ629,0,false,41.760000,41.620000,1.676245,-0.335249,false,0.000000
2024-03-07,S,BBG00B6F2F27,9,false,26.800000,27.140000,1.865299,1.268657,false,0.000000
2024-03-07,SA,BBG001S607C4,4,false,13.300000,13.711700,3.308271,3.095489,false,0.000000
2024-03-07,SABR,BBG005WQVVG5,2,false,2.200000,2.190000,3.181818,-0.454545,false,0.000000
2024-03-07,SAFE,BBG001SDG572,0,false,20.370000,20.350000,0.883652,-0.098184,false,0.000000
2024-03-07,SAFT,BBG001S78T90,0,false,79.470000,78.945000,0.415251,-0.660627,false,0.000000
2024-03-07,SAGE,BBG0025X16Z4,0,false,21.250000,21.350000,2.541176,0.470588,false,0.000000
2024-03-07,SAH,BBG001S5VVK0,0,false,51.710000,53.910000,5.124734,4.254496,false,0.000000
2024-03-07,SAIC,BBG003BW05L5,0,false,143.640000,141.440000,0.000000,-1.531607,false,0.000000
2024-03-07,SAM,BBG001S5VVQ4,0,false,296.500000,298.950000,1.261383,0.826307,false,0.000000
2024-03-07,SANA,BBG00N5BMH70,3,false,9.860000,9.570000,3.245436,-2.941176,false,0.000000
2024-03-07,SAND,BBG001SSPFD0,6,false,4.660000,4.685000,0.643777,0.536481,false,0.000000
2024-03-07,SANM,BBG001S5SYJ0,1,false,65.970000,65.010000,0.121267,-1.455207,false,0.000000
2024-03-07,SAR,BBG001SRV422,0,false,23.790000,23.700000,0.042034,-0.378310,false,0.000000
2024-03-07,SASR,BBG001S6Y0J5,0,false,22.740000,22.260000,0.659631,-2.110818,false,0.000000
2024-03-07,SATS,BBG001T048Z5,1,false,13.540000,13.920000,3.028065,2.806499,false,0.000000
2024-03-07,SAVA,BBG001SCKXX9,4,false,20.000000,19.260000,0.400000,-3.700000,false,0.000000
2024-03-07,SAVE,BBG001S70KL3,29,true,5.210000,5.105000,3.646833,-2.015355,false,0.000000
2024-03-07,SB,0001434754,1,false,4.770000,4.910000,2.935010,2.935010,false,0.000000
2024-03-07,SBCF,BBG001SD9X60,0,false,25.410000,25.170000,0.826446,-0.944510,false,0.000000
2024-03-07,SBGI,BBG01GJ3NYB4,0,false,13.450000,13.310000,2.007435,-1.040892,false,0.000000
2024-03-07,SBH,BBG001SDHTQ8,0,false,12.250000,12.500000,3.102041,2.040816,false,0.000000
2024-03-07,SBLK,0001386716,3,false,24.280000,24.570000,1.462109,1.194399,false,0.000000
2024-03-07,SBOW,BBG00CTNNZ35,1,false,30.770000,30.530000,2.339942,-0.779981,false,0.000000
2024-03-07,SBR,BBG001S5VWY3,0,false,59.900000,60.476700,1.179132,0.962771,false,0.000000
2024-03-07,SBRA,BBG001SGNMK5,0,false,13.790000,13.690000,0.507614,-0.725163,false,0.000000
2024-03-07,SBSI,BBG001S66SR6,0,false,29.640000,28.690000,0.522942,-3.205128,false,0.000000
2024-03-07,SCHL,BBG001S5VTF1,0,false,38.130000,38.580000,2.032520,1.180173,false,0.000000
2024-03-07,SCI,BBG001S5WBJ5,0,false,75.750000,74.870000,0.290429,-1.161716,false,0.000000
2024-03-07,SCL,BBG001S5VXQ0,1,false,87.300000,87.910000,1.088202,0.698740,false,0.000000
2024-03-07,SCOR,BBG001SHM6F5,0,false,18.350000,17.448500,0.000000,-4.912807,false,0.000000
2024-03-07,SCS,BBG001S89FD2,0,false,12.900000,12.900000,1.472868,0.000000,false,0.000000
2024-03-07,SCSC,BBG001S7S0W5,1,false,44.290000,44.080000,1.106345,-0.474148,false,0.000000
2024-03-07,SCVL,BBG001S6V927,0,false,31.240000,31.630000,1.376440,1.248399,false,0.000000
2024-03-07,SCWX,BBG001SF9RV0,0,false,6.570000,6.300000,0.837139,-4.109589,false,0.000000
2024-03-07,SD,BBG001SL3ZY2,5,false,13.185000,13.640000,3.602579,3.450891,false,0.000000
2024-03-07,SDA,0001936804,0,false,6.320000,6.320000,5.854430,0.000000,false,0.000000
2024-03-07,SDGR,BBG001SZK2K0,15,true,25.210000,26.790000,7.100357,6.267354,false,0.000000
2024-03-07,SDHY,BBG00XTHQGX8,0,false,15.300000,15.320000,0.261438,0.130719,false,0.000000
2024-03-07,SDRL,0001737706,12,true,45.610000,45.840000,0.953738,0.504275,false,0.000000
2024-03-07,SEAT,BBG012C73S82,0,false,5.170000,5.490000,6.576402,6.189555,false,0.000000
2024-03-07,SEDG,BBG0084BC0P2,13,true,71.380000,75.270000,5.449706,5.449706,false,0.000000
2024-03-07,SEE,BBG001SBSZ95,0,false,35.820000,35.830000,0.502513,0.027917,false,0.000000
2024-03-07,SEIC,BBG001S5VZJ3,0,false,68.940000,68.880000,0.333623,-0.087032,false,0.000000
2024-03-07,SEM,BBG001SMLRT4,0,false,28.410000,28.280000,2.041535,-0.457585,false,0.000000
2024-03-07,SEMR,BBG00Z6S6285,1,false,10.540000,11.330000,7.590133,7.495256,false,0.000000
2024-03-07,SENEA,BBG001S8L1W8,0,false,51.024800,49.830000,0.000000,-2.341606,false,0.000000
2024-03-07,SES,BBG00YMWPMV0,11,true,1.600000,1.640000,2.500000,2.500000,false,0.000000
2024-03-07,SEZL,BBG00MKN0926,0,false,55.570000,64.900000,22.274069,16.789635,true,0.000000
2024-03-07,SF,BBG001S5W081,0,false,75.310000,75.420000,0.331961,0.146063,false,0.000000
2024-03-07,SFBS,BBG001T2HRB1,0,false,65.520000,64.980000,0.839438,-0.824176,false,0.000000
2024-03-07,SFL,0001289877,2,false,13.560000,13.570000,0.663717,0.073746,false,0.000000
2024-03-07,SFM,BBG001V0MZS0,1,false,63.720000,63.300000,1.404583,-0.659134,false,0.000000
2024-03-07,SFNC,BBG001S5W0T8,0,false,20.150000,19.730000,0.521092,-2.084367,false,0.000000
2024-03-07,SG,BBG005NTTSQ8,0,false,18.900000,18.520000,1.957672,-2.010582,false,0.000000
2024-03-07,SGH,0001616533,0,false,23.750000,24.180000,3.873684,1.810526,false,0.000000
2024-03-07,SGHC,0001878057,1,false,3.590000,3.585000,5.153203,-0.139276,false,0.000000
2024-03-07,SGML,BBG0027F58B9,4,false,15.250000,14.630000,2.885246,-4.065574,false,0.000000
2024-03-07,SGRY,BBG009T0TKW7,1,false,30.860000,30.010000,2.689566,-2.754375,false,0.000000
2024-03-07,SGU,BBG001S7M0P9,0,false,11.050000,11.000000,2.036199,-0.452489,false,0.000000
2024-03-07,SHAK,BBG0063GCHJ6,2,false,106.730000,104.440000,0.440364,-2.145601,false,0.000000
2024-03-07,SHBI,BBG001S9TSK2,0,false,11.510000,11.300000,1.911381,-1.824500,false,0.000000
2024-03-07,SHC,BBG008LZG101,0,false,14.300000,13.970000,0.769231,-2.307692,false,0.000000
2024-03-07,SHCO,BBG011K3T3Q1,0,false,5.890000,5.910000,1.528014,0.339559,false,0.000000
2024-03-07,SHCR,BBG00XPPTB53,0,false,0.919700,0.940500,3.011852,2.261607,false,0.000000
2024-03-07,SHEN,BBG001SG37M8,0,false,18.810000,18.510000,0.106326,-1.594896,false,0.000000
2024-03-07,SHLS,BBG00YQ82328,0,false,12.570000,13.010000,4.455052,3.500398,false,0.000000
2024-03-07,SHO,BBG001SM4XW6,1,false,11.430000,11.200000,0.131234,-2.012248,false,0.000000
2024-03-07,SHOO,BBG001S7JHQ5,0,false,42.280000,42.330000,0.662252,0.118259,false,0.000000
2024-03-07,SHYF,BBG001S5W8H4,1,false,10.420000,10.690000,2.591171,2.591171,false,0.000000
2024-03-07,SIBN,BBG001V0GNP7,0,false,17.800000,17.880000,1.348315,0.449438,false,0.000000
2024-03-07,SIDU,BBG013QF0YW0,10,true,4.500000,4.320000,2.222222,-4.000000,false,0.000000
2024-03-07,SIG,0000832988,5,false,95.860000,97.130000,1.345712,1.324849,false,0.000000
2024-03-07,SIGA,BBG001S80PZ5,0,false,5.020000,4.985000,0.996016,-0.697211,false,0.000000
2024-03-07,SIGI,BBG001S5W2R6,0,false,104.770000,105.150000,0.763577,0.362699,false,0.000000
2024-03-07,SII,BBG001T2FK64,0,false,37.250000,37.080000,0.496644,-0.456376,false,0.000000
2024-03-07,SILK,BBG0026ZJRZ3,5,false,16.580000,15.975800,1.477684,-3.644150,false,0.000000
2024-03-07,SILV,BBG009XQLJF5,4,false,5.650000,5.590000,0.000000,-1.061947,false,0.000000
2024-03-07,SITC,BBG001S76RV1,0,false,14.000000,14.110000,1.142857,0.785714,false,0.000000
2024-03-07,SITE,BBG009T22D67,0,false,176.390000,179.320000,1.757469,1.661092,false,0.000000
2024-03-07,SITM,BBG00QNSY276,0,false,94.180000,96.160000,2.357188,2.102357,false,0.000000
2024-03-07,SIX,BBG001S8H000,0,false,26.540000,26.460000,1.507159,-0.301432,false,0.000000
2024-03-07,SJM,BBG001S5W3H5,0,false,120.640000,117.510000,0.000000,-2.594496,false,0.000000
2024-03-07,SJW,BBG001S5W3N8,0,false,57.550000,57.250000,0.556038,-0.521286,false,0.000000
2024-03-07,SKE,BBG001S6LB05,0,false,4.550000,4.530000,0.879121,-0.439560,false,0.000000
2024-03-07,SKIN,BBG00XKM1DD2,0,false,3.480000,3.655000,8.045977,5.028736,false,0.000000
2024-03-07,SKT,BBG001S7BZV7,0,false,29.640000,29.410000,0.101215,-0.775978,false,0.000000
2024-03-07,SKWD,BBG002QHKLR1,0,false,35.730000,35.620000,0.575707,-0.307865,false,0.000000
2024-03-07,SKX,BBG001S5XTG8,1,false,61.070000,61.160000,0.290650,0.147372,false,0.000000
2024-03-07,SKY,BBG001S5W456,0,false,83.410000,83.930000,2.098070,0.623426,false,0.000000
2024-03-07,SKYT,BBG00ZS44MH2,1,false,11.620000,12.170000,8.261618,4.733219,false,0.000000
2024-03-07,SKYW,BBG001S5W465,0,false,67.930000,68.200000,0.750773,0.397468,false,0.000000
2024-03-07,SLAB,BBG001S5W492,0,false,149.120000,151.980000,3.882779,1.917918,false,0.000000
2024-03-07,SLAM,0001838162,0,false,10.940000,10.940000,0.000000,0.000000,false,0.000000
2024-03-07,SLCA,BBG001XJRN72,2,false,11.290000,11.500000,3.011515,1.860053,false,0.000000
2024-03-07,SLG,BBG001S9Z1V2,3,false,51.200000,50.580000,1.757812,-1.210938,false,0.000000
2024-03-07,SLGN,BBG001S6VPD9,0,false,43.370000,43.710000,1.337330,0.783952,false,0.000000
2024-03-07,SLM,BBG001S5W4T0,0,false,20.820000,21.040000,1.392891,1.056676,false,0.000000
2024-03-07,SLNO,BBG0024L5B95,2,false,43.000000,44.900000,6.930233,4.418605,false,0.000000
2024-03-07,SLP,BBG001S9TQV4,0,false,43.500000,43.500000,2.210115,0.000000,false,0.000000
2024-03-07,SLQT,BBG001SQZ7Z7,2,false,1.880000,1.760000,0.265957,-6.382979,false,0.000000
2024-03-07,SLRC,BBG001T1Q8N2,2,false,15.600000,15.750000,1.153846,0.961538,false,0.000000
2024-03-07,SLRN,BBG00YJKJ8J2,0,false,8.570000,8.410000,1.108518,-1.866978,false,0.000000
2024-03-07,SLVM,BBG0122M8040,0,false,61.000000,61.830000,1.836066,1.360656,false,0.000000
2024-03-07,SM,BBG001S6W0J7,0,false,44.450000,44.410000,1.597300,-0.089989,false,0.000000
2024-03-07,SMAR,BBG00GQK3WC4,0,false,41.670000,41.790000,0.839933,0.287977,false,0.000000
2024-03-07,SMBC,BBG001S7WWN0,0,false,42.460200,43.620000,2.896359,2.731499,false,0.000000
2024-03-07,SMBK,BBG001SDRQW6,0,false,21.850000,21.340000,0.343249,-2.334096,false,0.000000
2024-03-07,SMG,BBG001S5W5H0,0,false,66.160000,66.830000,1.314994,1.012696,false,0.000000
2024-03-07,SMHI,BBG00BKY9L84,0,false,12.040000,12.120000,2.242525,0.664452,false,0.000000
2024-03-07,SMMF,BBG001SDPJC6,0,false,27.050000,26.720000,0.258780,-1.219963,false,0.000000
2024-03-07,SMMT,BBG00X3GQL94,0,false,4.930000,4.710000,0.811359,-4.462475,false,0.000000
2024-03-07,SMP,BBG001S5W5Z0,0,false,30.630000,30.730000,1.860921,0.326477,false,0.000000
2024-03-07,SMPL,BBG00GVP5JM3,0,false,33.300000,33.030000,1.051051,-0.810811,false,0.000000
2024-03-07,SMR,BBG00YG48PG8,30,true,4.285000,4.480000,5.017503,4.550758,false,0.000000
2024-03-07,SMRT,BBG00Z0H9PZ1,0,false,2.760000,2.770000,3.623188,0.362319,false,0.000000
2024-03-07,SMTC,BBG001S7TWW4,1,false,23.580000,23.720000,1.950806,0.593723,false,0.000000
2024-03-07,SMTI,BBG001SKS528,0,false,36.780000,36.750000,3.452964,-0.081566,false,0.000000
2024-03-07,SMWB,0001842731,0,false,9.300000,9.280000,1.935484,-0.215054,false,0.000000
2024-03-07,SN,0001957132,0,false,55.780000,55.680000,0.806741,-0.179276,false,0.000000
2024-03-07,SNBR,BBG001SD3530,0,false,16.680000,16.930000,1.498801,1.498801,false,0.000000
2024-03-07,SNCE,BBG00XVBZ7Z6,1,false,5.740000,5.730000,0.000000,-0.174216,false,0.000000
2024-03-07,SNCR,BBG001SM6LG8,0,false,10.000000,10.670000,11.480000,6.700000,false,0.000000
2024-03-07,SNCY,BBG00Z6F8D50,0,false,14.900000,14.540000,0.671141,-2.416107,false,0.000000
2024-03-07,SNDL,BBG00PNJJW51,5,false,1.330000,1.340000,2.255639,0.751880,false,0.000000
2024-03-07,SNDR,BBG001SF1R75,0,false,22.750000,23.160000,2.329670,1.802198,false,0.000000
2024-03-07,SNDX,BBG001T92272,0,false,23.820000,23.470000,2.896725,-1.469353,false,0.000000
2024-03-07,SNEX,BBG001S5RD07,0,false,68.530000,68.430000,1.014154,-0.145921,false,0.000000
2024-03-07,SNPO,BBG011PCR0G5,0,false,7.940000,7.510000,3.274559,-5.415617,false,0.000000
2024-03-07,SNV,BBG001S5S3G1,0,false,40.150000,39.700000,1.183064,-1.120797,false,0.000000
2024-03-07,SNX,BBG001SFQWB2,0,false,105.820000,104.770000,0.510301,-0.992251,false,0.000000
2024-03-07,SOFI,BBG00YB1ZF08,60,true,7.500000,7.470000,1.054667,-0.400000,false,0.000000
2024-03-07,SOHU,BBG00L2DB5V4,0,false,9.880000,9.590000,0.253036,-2.935223,false,0.000000
2024-03-07,SON,BBG001S7M9F1,0,false,57.070000,57.510000,0.823550,0.770983,false,0.000000
2024-03-07,SONO,BBG001SRR9R9,0,false,18.950000,19.040000,1.029024,0.474934,false,0.000000
2024-03-07,SOPH,0001840706,0,false,5.100000,5.182400,2.352941,1.615686,false,0.000000
2024-03-07,SOUN,BBG017304PD5,60,true,5.170000,5.625000,18.181818,8.800774,true,0.000000
2024-03-07,SOVO,BBG00FX43WV3,1,false,22.920000,22.920000,0.000000,0.000000,false,0.000000
2024-03-07,SP,BBG001S7TNN4,0,false,51.750000,51.550000,0.444251,-0.386473,false,0.000000
2024-03-07,SPB,BBG001S63S71,0,false,82.360000,83.050000,1.117047,0.837785,false,0.000000
2024-03-07,SPCE,BBG00HTN2DF3,24,true,1.650000,1.735000,6.060606,5.151515,false,0.000000
2024-03-07,SPFI,BBG001SN2YN4,0,false,26.360000,25.400000,0.000000,-3.641882,false,0.000000
2024-03-07,SPH,BBG001S6DDV6,0,false,21.380000,21.210000,0.000000,-0.795136,false,0.000000
2024-03-07,SPHR,BBG00L9HLWW7,3,false,49.770000,50.890000,2.853124,2.250352,false,0.000000
2024-03-07,SPLP,BBG001V0XZR9,0,false,37.000100,37.000100,0.000000,0.000000,false,0.000000
2024-03-07,SPNS,0000885740,0,false,29.500000,30.250000,3.423729,2.542373,false,0.000000
2024-03-07,SPNT,0001576018,0,false,12.420000,12.390000,1.489533,-0.241546,false,0.000000
2024-03-07,SPOK,BBG001SF3J26,0,false,17.450000,17.400000,1.346705,-0.286533,false,0.000000
2024-03-07,SPR,BBG001SKF1N8,6,false,34.900000,35.690000,2.922636,2.263610,false,0.000000
2024-03-07,SPRY,BBG00FZQGXH2,3,false,8.940000,8.950000,1.342282,0.111857,false,0.000000
2024-03-07,SPSC,BBG001T65R07,0,false,185.100000,185.260000,1.528525,0.086440,false,0.000000
2024-03-07,SPT,BBG001V0K3F7,0,false,59.580000,58.990000,0.671366,-0.990265,false,0.000000
2024-03-07,SPTN,BBG001S7LC92,0,false,20.170000,20.330000,1.338622,0.793257,false,0.000000
2024-03-07,SPWR,BBG001SN52J6,20,true,3.000000,2.900000,2.000000,-3.333333,false,0.000000
2024-03-07,SPXC,BBG001S5W9N5,0,false,115.220000,116.520000,1.379969,1.128276,false,0.000000
2024-03-07,SQSP,BBG00389GQ82,0,false,31.520000,32.200000,2.442893,2.157360,false,0.000000
2024-03-07,SR,BBG001S5SSD9,0,false,61.180000,61.150000,0.694671,-0.049036,false,0.000000
2024-03-07,SRAD,0001836470,0,false,9.840000,9.820000,0.508130,-0.203252,false,0.000000
2024-03-07,SRCE,BBG001S5WB32,0,false,52.070000,51.860000,1.037065,-0.403303,false,0.000000
2024-03-07,SRCL,BBG001S7P0T2,0,false,53.190000,52.585000,0.122203,-1.137432,false,0.000000
2024-03-07,SRDX,BBG001SBL623,0,false,30.220000,30.130000,1.654533,-0.297816,false,0.000000
2024-03-07,SRG,BBG008NVFMP6,0,false,9.430000,9.370000,0.212089,-0.636267,false,0.000000
2024-03-07,SRI,BBG001S5RX58,0,false,16.860000,16.750000,2.906287,-0.652432,false,0.000000
2024-03-07,SRPT,BBG001S6KJC6,0,false,120.410000,120.780000,1.876921,0.307283,false,0.000000
2024-03-07,SRRK,BBG00KT2RSD4,0,false,16.590000,16.030000,0.391802,-3.375527,false,0.000000
2024-03-07,SRZN,BBG00XY94SB2,0,false,13.010000,13.499900,4.150653,3.765565,false,0.000000
2024-03-07,SSB,BBG001S9J7Z3,0,false,85.130000,83.730000,0.093974,-1.644544,false,0.000000
2024-03-07,SSD,BBG001SB9QN0,0,false,213.300000,214.720000,1.481481,0.665729,false,0.000000
2024-03-07,SSP,BBG001S6PY74,0,false,4.250000,4.250000,4.705882,0.000000,false,0.000000
2024-03-07,SSRM,BBG001S6JSX5,1,false,4.430000,4.490000,2.257336,1.354402,false,0.000000
2024-03-07,SSTK,BBG002ZCK3M7,0,false,50.590000,51.840000,2.826646,2.470844,false,0.000000
2024-03-07,SSYS,0001517396,4,false,11.690000,12.510000,8.628743,7.014542,false,0.000000
2024-03-07,ST,0001477294,0,false,34.560000,35.070000,2.199074,1.475694,false,0.000000
2024-03-07,STAA,BBG001S6MC39,0,false,36.000000,35.110000,1.333333,-2.472222,false,0.000000
2024-03-07,STAG,BBG001T9F312,1,false,37.600000,37.010000,0.265957,-1.569149,false,0.000000
2024-03-07,STBA,BBG001S68QG0,0,false,32.290000,32.080000,1.145866,-0.650356,false,0.000000
2024-03-07,STC,BBG001S7KRL6,0,false,63.280000,62.000000,0.869153,-2.022756,false,0.000000
2024-03-07,STEL,BBG00HZ69LD0,0,false,24.370000,23.840000,0.451375,-2.174805,false,0.000000
2024-03-07,STEM,BBG00XP8NRN2,6,false,2.240000,2.090000,0.000000,-6.696429,false,0.000000
2024-03-07,STEP,BBG00WXXV0W0,0,false,33.470000,32.810000,0.507918,-1.971915,false,0.000000
2024-03-07,STER,BBG012BTZSC5,0,false,15.950000,16.000000,1.065831,0.313480,false,0.000000
2024-03-07,STGW,BBG00ZV0HW08,0,false,5.360000,5.560000,5.817164,3.731343,false,0.000000
2024-03-07,STKL,BBG001S6V9S9,0,false,6.940000,6.900000,3.025937,-0.576369,false,0.000000
2024-03-07,STN,BBG001S6JJQ3,0,false,82.960000,84.370000,1.747830,1.699614,false,0.000000
2024-03-07,STNE,0001745431,5,false,16.420000,16.590000,1.705238,1.035323,false,0.000000
2024-03-07,STNG,0001483934,0,false,68.060000,69.240000,2.101087,1.733764,false,0.000000
2024-03-07,STOK,BBG00JPCBPH8,0,false,8.090000,7.660000,6.056860,-5.315204,false,0.000000
2024-03-07,STR,BBG01C36Y873,0,false,23.670000,23.750000,0.992818,0.337981,false,0.000000
2024-03-07,STRA,BBG001S90RW2,0,false,106.910000,105.510000,0.205781,-1.309513,false,0.000000
2024-03-07,STRL,BBG001SC9C40,0,false,110.640000,109.740000,0.993764,-0.813449,false,0.000000
2024-03-07,STTK,BBG00V776CR6,0,false,9.460000,9.400000,2.464059,-0.634249,false,0.000000
2024-03-07,STVN,0001849853,1,false,29.940000,30.400000,6.812291,1.536406,false,0.000000
2024-03-07,STWD,BBG001T4JCN5,2,false,20.450000,20.340000,0.244499,-0.537897,false,0.000000
2024-03-07,SUM,BBG006K8P6F9,0,false,43.740000,43.340000,0.983082,-0.914495,false,0.000000
2024-03-07,SUN,BBG00358K8T9,1,false,64.060000,63.390000,0.555105,-1.045894,false,0.000000
2024-03-07,SUPN,BBG001SFKFF1,0,false,31.270000,30.810000,0.479693,-1.471059,false,0.000000
2024-03-07,SUPV,BBG00BTHJ014,0,false,4.670000,4.810000,3.104925,2.997859,false,0.000000
2024-03-07,SVC,BBG001S81XC2,0,false,6.520000,6.420000,1.226994,-1.533742,false,0.000000
2024-03-07,SVM,BBG001S6YR97,7,false,2.730000,2.715000,1.282051,-0.549451,false,0.000000
2024-03-07,SVRA,BBG001SFTVM9,0,false,5.490000,5.595000,2.094718,1.912568,false,0.000000
2024-03-07,SVV,BBG01F5T0LT8,0,false,20.830000,21.000000,2.400384,0.816131,false,0.000000
2024-03-07,SWAV,BBG005XVXMM4,0,false,255.780000,255.820000,1.868793,0.015638,false,0.000000
2024-03-07,SWBI,BBG001S6MNG1,0,false,13.230000,13.430000,1.965231,1.511716,false,0.000000
2024-03-07,SWI,BBG00M1CKT98,0,false,12.130000,12.330000,1.978566,1.648805,false,0.000000
2024-03-07,SWIM,BBG00ZVXLJB8,0,false,3.250000,3.350000,4.307692,3.076923,false,0.000000
2024-03-07,SWIN,0001959224,16,true,31.420000,29.520000,16.645449,-6.047104,true,0.000000
2024-03-07,SWK,BBG001S5WHT1,0,false,90.140000,91.110000,1.214777,1.076104,false,0.000000
2024-03-07,SWN,BBG001S5WHW7,3,false,6.950000,6.945000,0.575540,-0.071942,false,0.000000
2024-03-07,SWTX,BBG00Q011TX8,1,false,52.430000,52.540000,1.087164,0.209804,false,0.000000
2024-03-07,SWX,BBG00FWP4JX3,0,false,73.310000,73.830000,0.845724,0.709317,false,0.000000
2024-03-07,SXC,BBG001T90D25,0,false,10.780000,10.950000,2.133581,1.576994,false,0.000000
2024-03-07,SXI,BBG001S5WJ53,0,false,180.000000,179.790000,1.422222,-0.116667,false,0.000000
2024-03-07,SXT,BBG001SF0100,0,false,66.850000,67.870000,1.540763,1.525804,false,0.000000
2024-03-07,SYBT,BBG001SBG219,0,false,46.970000,46.700000,0.915478,-0.574835,false,0.000000
2024-03-07,SYM,BBG00Z72HCX9,6,false,42.050000,42.580000,3.329370,1.260404,false,0.000000
2024-03-07,SYNA,BBG001SCDXM9,0,false,104.820000,108.190000,3.609044,3.215035,false,0.000000
2024-03-07,TAC,BBG001S5WJZ0,0,false,6.890000,6.890000,0.399129,0.000000,false,0.000000
2024-03-07,TALK,BBG00V317329,1,false,3.000000,3.080000,3.666667,2.666667,false,0.000000
2024-03-07,TALO,BBG00JPH4JG0,0,false,12.870000,12.520000,0.388500,-2.719503,false,0.000000
2024-03-07,TAP,BBG001S5VQ21,0,false,63.000000,64.010000,1.746032,1.603175,false,0.000000
2024-03-07,TARO,0000906338,0,false,41.330000,42.120000,1.959835,1.911444,false,0.000000
2024-03-07,TARS,BBG00RB9BNR6,0,false,36.900000,35.480000,0.731707,-3.848238,false,0.000000
2024-03-07,TASK,BBG009CL6VL2,0,false,12.960000,12.790000,0.848765,-1.311728,false,0.000000
2024-03-07,TAST,BBG001SM2GK8,0,false,9.490000,9.500000,0.263435,0.105374,false,0.000000
2024-03-07,TBBK,BBG001SM71W3,1,false,40.360000,37.810000,1.053023,-6.318137,false,0.000000
2024-03-07,TBI,BBG001SC5XD8,0,false,11.770000,11.670000,0.934579,-0.849618,false,0.000000
2024-03-07,TBLA,0001840502,0,false,4.330000,4.410000,2.078522,1.847575,false,0.000000
2024-03-07,TBLD,BBG011K2MTF5,0,false,15.840000,15.880000,0.946970,0.252525,false,0.000000
2024-03-07,TBPH,0001583107,0,false,8.780000,8.680000,0.000000,-1.138952,false,0.000000
2024-03-07,TCBI,BBG001SJ1VS5,0,false,61.540000,60.980000,0.779981,-0.909977,false,0.000000
2024-03-07,TCBK,BBG001S78RY6,0,false,35.320000,35.220000,2.137599,-0.283126,false,0.000000
2024-03-07,TCI,BBG001S5SQG0,0,false,38.700000,38.700000,0.000000,0.000000,false,0.000000
2024-03-07,TCMD,BBG001THH5G1,0,false,15.490000,15.690000,1.484829,1.291156,false,0.000000
2024-03-07,TCN,BBG001T7VFV8,1,false,11.150000,11.130000,0.000000,-0.179372,false,0.000000
2024-03-07,TCPC,BBG001V17VG7,0,false,10.480000,10.475000,0.715649,-0.047710,false,0.000000
2024-03-07,TCRT,BBG001SM7BJ6,0,false,1.900000,1.880000,3.942105,-1.052632,false,0.000000
2024-03-07,TCRX,BBG00PH1N025,0,false,7.350000,7.200000,0.000000,-2.040816,false,0.000000
2024-03-07,TDC,BBG001SPRJ28,0,false,38.990000,38.410000,0.512952,-1.487561,false,0.000000
2024-03-07,TDOC,BBG001TG5PC6,19,true,14.740000,15.350000,5.223881,4.138399,false,0.000000
2024-03-07,TDS,BBG001S5WM29,0,false,15.540000,15.530000,1.930502,-0.064350,false,0.000000
2024-03-07,TDW,BBG00HBQ36G8,0,false,79.860000,79.690000,2.717255,-0.212873,false,0.000000
2024-03-07,TECH,BBG001S66C28,0,false,75.080000,76.950000,3.010123,2.490677,false,0.000000
2024-03-07,TELL,BBG001S5TB09,33,true,0.898800,0.815900,4.583890,-9.223409,false,0.000000
2024-03-07,TENB,BBG00LBLCDR3,1,false,45.740000,46.700000,2.645387,2.098819,false,0.000000
2024-03-07,TERN,BBG00KK1SJ17,5,false,8.160000,7.800000,6.372549,-4.411765,false,0.000000
2024-03-07,TEX,BBG001S6PZQ0,0,false,57.650000,59.050000,2.515178,2.428448,false,0.000000
2024-03-07,TFFP,BBG00KHKGQB5,0,false,7.960000,8.238000,6.155779,3.492462,false,0.000000
2024-03-07,TFII,BBG001SCQG15,0,false,150.990000,151.240000,0.688787,0.165574,false,0.000000
2024-03-07,TFIN,BBG001SNKPZ0,0,false,75.250000,75.120000,0.863787,-0.172757,false,0.000000
2024-03-07,TFPM,BBG00QRZMFT6,0,false,13.430000,13.400000,0.893522,-0.223380,false,0.000000
2024-03-07,TFSL,BBG001SKZF64,0,false,12.930000,12.805000,0.386698,-0.966744,false,0.000000
2024-03-07,TFX,BBG001S5WNP2,0,false,226.340000,228.780000,1.663427,1.078024,false,0.000000
2024-03-07,TGB,BBG001S60ML1,9,false,1.630000,1.620000,3.067485,-0.613497,false,0.000000
2024-03-07,TGH,0001413159,0,false,49.920000,49.920000,0.040064,0.000000,false,0.000000
2024-03-07,TGI,BBG001S6MWK6,1,false,15.030000,14.890000,1.397206,-0.931470,false,0.000000
2024-03-07,TGLS,0001534675,0,false,45.060000,45.010000,0.477142,-0.110963,false,0.000000
2024-03-07,TGNA,BBG001S5RHD4,0,false,14.060000,14.587500,3.911807,3.751778,false,0.000000
2024-03-07,TGTX,BBG001S8NH06,5,false,18.360000,18.010000,3.581155,-1.906318,false,0.000000
2024-03-07,TH,BBG00K7K34Y4,0,false,8.610000,8.550000,1.161440,-0.696864,false,0.000000
2024-03-07,THC,BBG001S70FY0,0,false,98.090000,98.160000,2.018554,0.071363,false,0.000000
2024-03-07,THFF,BBG001S6TD85,0,false,37.700000,37.410000,1.458886,-0.769231,false,0.000000
2024-03-07,THG,BBG001S8KZF3,0,false,131.500000,131.100000,0.802281,-0.304183,false,0.000000
2024-03-07,THO,BBG001S5WPH6,0,false,106.930000,106.470000,1.645937,-0.430188,false,0.000000
2024-03-07,THR,BBG001V0BDC8,0,false,27.760000,27.200000,1.224784,-2.017291,false,0.000000
2024-03-07,THRD,BBG00Z14GXC9,0,false,10.100000,9.980000,2.079208,-1.188119,false,0.000000
2024-03-07,THRM,BBG001SF8XY5,0,false,56.200000,55.880000,2.348754,-0.569395,false,0.000000
2024-03-07,THRY,BBG00FWL3JY2,0,false,21.060000,21.710000,3.656220,3.086420,false,0.000000
2024-03-07,THS,BBG001SP0625,0,false,36.250000,35.860000,0.331034,-1.075862,false,0.000000
2024-03-07,TIGO,0000912958,0,false,18.320000,18.350000,0.927948,0.163755,false,0.000000
2024-03-07,TIGR,BBG00NG4GWB3,4,false,4.170000,4.130000,0.000000,-0.959233,false,0.000000
2024-03-07,TIL,BBG00ZGYN5X7,0,false,12.270000,11.670000,0.000000,-4.889976,false,0.000000
2024-03-07,TILE,BBG001S5S5S3,0,false,15.300000,15.260000,0.882353,-0.261438,false,0.000000
2024-03-07,TIPT,BBG001ST0XR1,0,false,17.420000,16.670000,0.545350,-4.305396,false,0.000000
2024-03-07,TITN,BBG001STZCF2,0,false,25.480000,25.680000,1.452119,0.784929,false,0.000000
2024-03-07,TIXT,BBG00YTSTFR8,0,false,9.140000,9.200000,2.625821,0.656455,false,0.000000
2024-03-07,TK,0000911971,0,false,7.200000,7.245000,1.041667,0.625000,false,0.000000
2024-03-07,TKO,BBG01G9JKWW4,1,false,81.250000,80.630000,0.713846,-0.763077,false,0.000000
2024-03-07,TKR,BBG001S5WQK0,0,false,85.630000,85.840000,0.689011,0.245241,false,0.000000
2024-03-07,TLRY,BBG00L7XTPY9,28,true,1.635000,1.640000,2.140673,0.305810,false,0.000000
2024-03-07,TMC,BBG00SMMWMN6,5,false,1.440000,1.570000,9.722222,9.027778,false,0.000000
2024-03-07,TMCI,BBG00GQKR6N3,0,false,13.490000,13.240000,2.001483,-1.853225,false,0.000000
2024-03-07,TMDX,BBG00NZ6J701,3,false,85.000000,86.760000,3.400000,2.070588,false,0.000000
2024-03-07,TMHC,BBG003PGJJF2,0,false,57.800000,58.410000,2.214533,1.055363,false,0.000000
2024-03-07,TMP,BBG001S9JTL0,0,false,50.190000,49.570000,0.677426,-1.235306,false,0.000000
2024-03-07,TNC,BBG001SCHFK6,0,false,109.440000,110.150000,1.315789,0.648757,false,0.000000
2024-03-07,TNDM,BBG001TG5QC4,0,false,27.250000,29.670000,11.229358,8.880734,false,0.000000
2024-03-07,TNET,BBG001SDZPT3,0,false,126.040000,125.180000,0.587115,-0.682323,false,0.000000
2024-03-07,TNGX,BBG00WFDDSK6,0,false,11.310000,11.020000,0.000000,-2.564103,false,0.000000
2024-03-07,TNK,0001419945,0,false,54.230000,53.770000,0.737784,-0.848239,false,0.000000
2024-03-07,TNL,BBG001SN4127,0,false,45.650000,44.870000,0.481928,-1.708653,false,0.000000
2024-03-07,TNP,0001166663,0,false,23.700000,23.950000,1.476793,1.054852,false,0.000000
2024-03-07,TNYA,BBG00FPMK2T2,0,false,6.480000,6.320000,2.160494,-2.469136,false,0.000000
2024-03-07,TOL,BBG001S5WT15,1,false,119.460000,120.130000,1.766282,0.560857,false,0.000000
2024-03-07,TOST,BBG00BTJVKB1,26,true,25.150000,24.830000,1.908549,-1.272366,false,0.000000
2024-03-07,TOWN,BBG001S5WTN1,0,false,27.710000,27.490000,0.938289,-0.793937,false,0.000000
2024-03-07,TPB,BBG001T99T94,0,false,27.040000,27.420000,1.849112,1.405325,false,0.000000
2024-03-07,TPC,BBG001S5V297,0,false,,,,,false,0.000000
2024-03-07,TPG,BBG0145FSQD9,0,false,45.720000,45.570000,1.181102,-0.328084,false,0.000000
2024-03-07,TPH,BBG001TCN6V6,0,false,34.910000,34.820000,1.231739,-0.257806,false,0.000000
2024-03-07,TPR,BBG001SFH7D5,0,false,47.010000,46.910000,0.829611,-0.212721,false,0.000000
2024-03-07,TPVG,BBG005GXFKK5,23,true,9.910000,9.530000,0.908174,-3.834511,false,0.000000
2024-03-07,TPX,BBG001SH81D4,0,false,55.100000,55.330000,1.515426,0.417423,false,0.000000
2024-03-07,TR,BBG001S5WV29,0,false,31.990000,31.540000,0.406377,-1.406690,false,0.000000
2024-03-07,TRC,BBG001S5WV65,0,false,16.750000,16.495000,0.059701,-1.522388,false,0.000000
2024-03-07,TRDA,BBG00MTSMC25,0,false,12.490000,12.490000,3.082466,0.000000,false,0.000000
2024-03-07,TREE,BBG001SP2FG8,0,false,39.840000,40.220000,2.033133,0.953815,false,0.000000
2024-03-07,TREX,BBG001SB6TV8,0,false,95.350000,95.750000,1.405349,0.419507,false,0.000000
2024-03-07,TRIN,BBG00T6WFZK3,2,false,15.010000,15.060000,1.312458,0.333111,false,0.000000
2024-03-07,TRIP,BBG001V10VR2,1,false,26.860000,26.300000,0.000000,-2.084885,false,0.000000
2024-03-07,TRMD,0001655891,14,true,34.300000,33.200000,0.087464,-3.206997,false,0.000000
2024-03-07,TRMK,BBG001S6JGT6,0,false,27.410000,27.150000,0.583729,-0.948559,false,0.000000
2024-03-07,TRML,BBG00NX995T1,0,false,40.480000,41.300000,3.507905,2.025692,false,0.000000
2024-03-07,TRN,BBG001S5WVT0,0,false,25.650000,25.880000,0.896686,0.896686,false,0.000000
2024-03-07,TRNO,BBG001T60PW1,0,false,64.200000,63.840000,0.389408,-0.560748,false,0.000000
2024-03-07,TRNS,BBG001S5WVW6,0,false,106.790000,106.760000,0.206012,-0.028093,false,0.000000
2024-03-07,TROX,0001530804,0,false,15.330000,15.930000,4.435747,3.913894,false,0.000000
2024-03-07,TRS,BBG001SKRBD4,0,false,24.750000,24.620000,0.646465,-0.525253,false,0.000000
2024-03-07,TRST,BBG001S5WWG2,0,false,28.100000,27.740000,0.854093,-1.281139,false,0.000000
2024-03-07,TRTX,BBG00GKJ8CY8,3,false,7.300000,7.390000,1.986301,1.232877,false,0.000000
2024-03-07,TRUE,BBG001V18W74,0,false,3.380000,3.570000,5.917160,5.621302,false,0.000000
2024-03-07,TRUP,BBG002BC7WF2,0,false,27.950000,29.290000,4.901610,4.794275,false,0.000000
2024-03-07,TSEM,0000928876,0,false,32.690000,33.070000,2.630774,1.162435,false,0.000000
2024-03-07,TSHA,BBG00TJXFDQ0,0,false,2.755000,2.530000,3.085299,-8.166969,false,0.000000
2024-03-07,TSLX,BBG001V064L4,0,false,21.100000,20.940000,0.000000,-0.758294,false,0.000000
2024-03-07,TTC,BBG001S5WX98,0,false,90.585000,88.570000,4.675167,-2.224430,false,0.000000
2024-03-07,TTEC,BBG001S7YNS3,0,false,11.460000,11.460000,4.057592,0.000000,false,0.000000
2024-03-07,TTEK,BBG001S5YYH5,0,false,184.990000,186.970000,1.827126,1.070328,false,0.000000
2024-03-07,TTGT,BBG001S9R748,0,false,31.190000,30.910000,0.448862,-0.897724,false,0.000000
2024-03-07,TTI,BBG001S5WXH9,0,false,3.910000,3.930000,2.560102,0.511509,false,0.000000
2024-03-07,TTMI,BBG001SFJKF2,0,false,14.960000,14.950000,0.467914,-0.066845,false,0.000000
2024-03-07,TTSH,BBG001TG2NG0,0,false,6.830000,6.690000,2.341142,-2.049780,false,0.000000
2024-03-07,TVTX,BBG001SL72C5,0,false,8.630000,8.700000,3.592121,0.811124,false,0.000000
2024-03-07,TWI,BBG001S634F5,0,false,12.580000,13.010000,3.418124,3.418124,false,0.000000
2024-03-07,TWKS,BBG01282Z2S8,1,false,2.540000,2.570000,3.149606,1.181102,false,0.000000
2024-03-07,TWLO,BBG0029ZX859,13,true,59.000000,61.160000,3.991525,3.661017,false,0.000000
2024-03-07,TWO,BBG001T4RH00,0,false,12.910000,12.800000,0.852053,-0.852053,false,0.000000
2024-03-07,TWST,BBG006KDCHK2,0,false,38.320000,37.960000,2.218163,-0.939457,false,0.000000
2024-03-07,TXG,BBG007WX14Y9,0,false,41.350000,40.950000,2.370012,-0.967352,false,0.000000
2024-03-07,TXRH,BBG001SLR3C1,0,false,151.600000,150.250000,0.036280,-0.890501,false,0.000000
2024-03-07,TYRA,BBG00RCQD9F9,0,false,19.910000,19.420000,0.251130,-2.461075,false,0.000000
2024-03-07,U,BBG0056JW5H5,28,true,27.150000,27.330000,1.620626,0.662983,false,0.000000
2024-03-07,UAA,BBG001SJLLQ7,1,false,8.650000,8.525000,0.462428,-1.445087,false,0.000000
2024-03-07,UAL,BBG001SQ87W0,1,false,44.090000,44.110000,1.424359,0.045362,false,0.000000
2024-03-07,UAN,BBG001TWQXN9,0,false,62.220000,65.630000,6.123433,5.480553,false,0.000000
2024-03-07,UBSI,BBG001S5WZV8,0,false,35.170000,35.050000,0.710833,-0.341200,false,0.000000
2024-03-07,UCBI,BBG001S9SSJ5,0,false,26.570000,26.250000,0.940911,-1.204366,false,0.000000
2024-03-07,UCTT,BBG001SHTS06,1,false,46.630000,47.005000,2.573451,0.804203,false,0.000000
2024-03-07,UDMY,BBG0025DTRP3,0,false,11.140000,11.030000,0.807899,-0.987433,false,0.000000
2024-03-07,UDR,BBG001S6KCT3,0,false,37.380000,37.685000,1.043339,0.815944,false,0.000000
2024-03-07,UE,BBG006BFYQP8,0,false,17.110000,17.065000,0.409117,-0.263004,false,0.000000
2024-03-07,UEC,BBG001SK6158,3,false,6.490000,6.787500,5.084746,4.583975,false,0.000000
2024-03-07,UFCS,BBG001S5X0J8,0,false,23.070000,22.410000,0.043346,-2.860858,false,0.000000
2024-03-07,UFPI,BBG001S7GZG9,0,false,114.190000,115.140000,1.594535,0.831947,false,0.000000
2024-03-07,UFPT,BBG001S79DN8,0,false,210.360000,206.420000,0.457549,-1.872980,false,0.000000
2024-03-07,UGI,BBG001S5X0W3,1,false,24.770000,24.900000,1.029471,0.524828,false,0.000000
2024-03-07,UHAL.B,BBG01B6SGC20,0,false,63.810000,65.860000,3.212663,3.212663,false,0.000000
2024-03-07,UHG,BBG00YVW5GW4,0,false,6.700200,7.020000,4.772992,4.772992,false,0.000000
2024-03-07,UHS,BBG001S6S976,0,false,177.420000,177.570000,1.118814,0.084545,false,0.000000
2024-03-07,UHT,BBG001S5X151,0,false,38.770000,38.100000,0.530307,-1.728140,false,0.000000
2024-03-07,UI,BBG001T1WDF3,0,false,114.260000,119.070000,4.209697,4.209697,false,0.000000
2024-03-07,UIS,BBG001S5X1D2,0,false,5.250000,5.295000,1.714286,0.857143,false,0.000000
2024-03-07,ULCC,BBG00GCTTKY4,0,false,8.140000,7.510000,1.228501,-7.739558,false,0.000000
2024-03-07,ULH,BBG001SK03X9,0,false,34.890000,36.820000,5.531671,5.531671,false,0.000000
2024-03-07,UMBF,BBG001S7Y2T8,0,false,84.600000,83.660000,0.697400,-1.111111,false,0.000000
2024-03-07,UMH,BBG001S7JRQ3,0,false,16.390000,16.130000,0.000000,-1.586333,false,0.000000
2024-03-07,UNF,BBG001S5X2B2,0,false,170.350000,168.485000,0.000000,-1.094805,false,0.000000
2024-03-07,UNFI,BBG001S7B0Y1,5,false,12.100000,11.950000,1.900826,-1.239669,false,0.000000
2024-03-07,UNIT,BBG002B67HC1,3,false,6.600000,6.550000,0.757576,-0.757576,false,0.000000
2024-03-07,UNM,BBG001S5X2J4,0,false,50.610000,51.390000,1.738787,1.541197,false,0.000000
2024-03-07,UP,BBG00XTV85M3,7,false,2.720000,2.405000,2.573529,-11.580882,false,0.000000
2024-03-07,UPBD,BBG001S6BR38,0,false,33.000000,32.670000,0.984848,-1.000000,false,0.000000
2024-03-07,UPST,BBG00PKCBY62,34,true,26.350000,26.340000,2.087287,-0.037951,false,0.000000
2024-03-07,UPWK,BBG00FBJ63B7,3,false,12.960000,12.890000,2.623457,-0.540123,false,0.000000
2024-03-07,URBN,BBG001S7H9K1,0,false,42.290000,41.920000,0.638449,-0.874911,false,0.000000
2024-03-07,URG,BBG001SKVFK2,5,false,1.600000,1.660000,5.937500,3.750000,false,0.000000
2024-03-07,URGN,0001668243,0,false,17.800000,18.060000,4.438202,1.460674,false,0.000000
2024-03-07,USAC,BBG001V1S8F6,0,false,26.850000,26.605000,0.130354,-0.912477,false,0.000000
2024-03-07,USFD,BBG00C6H6D59,1,false,52.870000,54.220000,2.666919,2.553433,false,0.000000
2024-03-07,USLM,BBG001S7MWH8,0,false,275.010000,284.710000,3.527144,3.527144,false,0.000000
2024-03-07,USM,BBG001S5X446,0,false,34.980000,34.840000,0.800457,-0.400229,false,0.000000
2024-03-07,USNA,BBG001S79BP0,0,false,48.090000,48.560000,1.628405,0.977334,false,0.000000
2024-03-07,USPH,BBG001S71ZL9,0,false,106.300000,105.330000,0.223895,-0.912512,false,0.000000
2024-03-07,UTHR,BBG001S8RV10,0,false,237.840000,239.940000,2.375547,0.882947,false,0.000000
2024-03-07,UTI,BBG001SC4X67,0,false,15.210000,14.910000,0.756082,-1.972387,false,0.000000
2024-03-07,UTL,BBG001S5X5G0,0,false,52.320000,52.750000,1.280581,0.821865,false,0.000000
2024-03-07,UTZ,BBG00M8652J9,0,false,17.760000,17.570000,0.337838,-1.069820,false,0.000000
2024-03-07,UUUU,BBG001S9FH94,3,false,6.140000,6.400000,4.885993,4.234528,false,0.000000
2024-03-07,UVE,BBG001S5QC19,0,false,19.510000,19.460000,0.871348,-0.256279,false,0.000000
2024-03-07,UVSP,BBG001S6YQ99,0,false,20.700000,20.225000,0.483092,-2.294686,false,0.000000
2024-03-07,UVV,BBG001S5X5V3,0,false,49.910000,50.080000,1.132038,0.340613,false,0.000000
2024-03-07,UWMC,BBG00R24YP79,1,false,6.560000,6.590000,1.067073,0.457317,false,0.000000
2024-03-07,VAC,BBG001V0GHW2,0,false,94.900000,93.590000,1.591149,-1.380400,false,0.000000
2024-03-07,VAL,0000314808,0,false,65.850000,67.500000,2.581473,2.505695,false,0.000000
2024-03-07,VALU,BBG001S5X687,0,false,41.750000,42.300000,1.317365,1.317365,false,0.000000
2024-03-07,VBTX,BBG001T6ZGF2,0,false,20.720000,20.330000,0.868726,-1.882239,false,0.000000
2024-03-07,VC,BBG001TCM086,0,false,116.050000,117.370000,1.727704,1.137441,false,0.000000
2024-03-07,VCEL,BBG001S6X9M3,0,false,45.690000,44.870000,0.875465,-1.794703,false,0.000000
2024-03-07,VCTR,BBG0074JPDP5,0,false,39.210000,39.670000,1.683244,1.173170,false,0.000000
2024-03-07,VCYT,BBG001TSQWW0,0,false,22.550000,22.720000,2.505543,0.753880,false,0.000000
2024-03-07,VECO,BBG001S5X6T4,0,false,36.870000,36.810000,1.437483,-0.162734,false,0.000000
2024-03-07,VEL,BBG00QLF1HK4,0,false,16.166700,16.454600,1.937934,1.780821,false,0.000000
2024-03-07,VERA,BBG00Q72WYH2,0,false,46.010000,43.300000,3.564443,-5.890024,false,0.000000
2024-03-07,VERV,BBG00P33TD13,1,false,15.210000,14.940000,3.944773,-1.775148,false,0.000000
2024-03-07,VERX,BBG00VVT2FV3,0,false,29.950000,29.850000,1.368948,-0.333890,false,0.000000
2024-03-07,VET,BBG001S7X7L6,3,false,11.270000,11.280000,3.105590,0.088731,false,0.000000
2024-03-07,VFC,BBG001S5X749,3,false,15.990000,16.085000,1.438399,0.594121,false,0.000000
2024-03-07,VFS,0001913510,11,true,5.190000,5.285000,1.830443,1.830443,false,0.000000
2024-03-07,VGR,BBG001S75639,1,false,11.000000,11.040000,1.272727,0.363636,false,0.000000
2024-03-07,VHI,BBG001S5X7H5,0,false,12.900000,14.020000,11.860465,8.682171,false,0.000000
2024-03-07,VIAV,BBG001S92GV5,0,false,11.080000,10.720000,0.000000,-3.249097,false,0.000000
2024-03-07,VICR,BBG001S6JQ96,0,false,38.300000,37.760000,0.887728,-1.409922,false,0.000000
2024-03-07,VINP,0001826286,0,false,10.940000,10.700000,0.109689,-2.193784,false,0.000000
2024-03-07,VIR,BBG00H2QQ8V2,0,false,11.080000,11.250000,2.211191,1.534296,false,0.000000
2024-03-07,VIRT,BBG0064N2T87,0,false,19.230000,19.010000,0.689548,-1.144046,false,0.000000
2024-03-07,VITL,BBG006XWWBM5,5,false,20.800000,19.895000,0.240385,-4.350962,false,0.000000
2024-03-07,VKTX,BBG006LGV887,60,true,79.590000,73.980000,2.324413,-7.048624,false,0.000000
2024-03-07,VLGEA,BBG001S5X8H3,0,false,26.450000,26.530000,0.567108,0.302457,false,0.000000
2024-03-07,VLY,BBG001S7H654,4,false,8.260000,8.215000,2.905569,-0.544794,false,0.000000
2024-03-07,VMD,BBG00JB5VKK3,0,false,9.560000,9.950000,4.811715,4.079498,false,0.000000
2024-03-07,VMEO,BBG00ZNSSLJ8,0,false,4.730000,5.110000,10.993658,8.033827,false,0.000000
2024-03-07,VMI,BBG001S5X650,0,false,209.290000,212.360000,1.610206,1.466864,false,0.000000
2024-03-07,VNO,BBG001S5X909,3,false,26.680000,26.015000,0.637181,-2.492504,false,0.000000
2024-03-07,VNOM,BBG006G57XH9,0,false,35.180000,35.000000,1.165435,-0.511654,false,0.000000
2024-03-07,VNT,BBG00RRGSKH2,0,false,43.320000,43.560000,1.015697,0.554017,false,0.000000
2024-03-07,VOYA,BBG001S6QQP0,0,false,68.170000,68.020000,0.982837,-0.220038,false,0.000000
2024-03-07,VPG,BBG001T5X9F2,0,false,34.960000,34.950000,0.286041,-0.028604,false,0.000000
2024-03-07,VRDN,BBG002H24301,0,false,18.760000,19.360000,3.224947,3.198294,false,0.000000
2024-03-07,VRE,BBG001S825N0,0,false,14.910000,14.935000,0.234742,0.167673,false,0.000000
2024-03-07,VREX,BBG00CZNLR38,0,false,17.390000,17.600000,1.926394,1.207591,false,0.000000
2024-03-07,VRM,BBG009NGKQM5,0,false,11.980000,12.750000,10.934891,6.427379,false,0.000000
2024-03-07,VRNS,BBG001Y04TP4,0,false,50.005000,50.270000,1.169883,0.529947,false,0.000000
2024-03-07,VRNT,BBG001S6V8N6,6,false,30.700000,30.980000,1.472313,0.912052,false,0.000000
2024-03-07,VRRM,BBG00G4XQBP7,0,false,21.760000,22.370000,3.010110,2.803309,false,0.000000
2024-03-07,VRTS,BBG001T1QKH2,0,false,247.500000,248.200000,1.947475,0.282828,false,0.000000
2024-03-07,VSAT,BBG001S98NF2,0,false,18.790000,19.260000,3.964875,2.501330,false,0.000000
2024-03-07,VSCO,BBG01103B480,60,true,18.690000,18.000000,3.691814,-3.691814,false,0.000000
2024-03-07,VSEC,BBG001S5X9Z1,0,false,78.000000,75.095000,0.000000,-3.724359,false,0.000000
2024-03-07,VSH,BBG001S5XB04,0,false,23.260000,23.460000,1.633706,0.859845,false,0.000000
2024-03-07,VSTA,0001792829,0,false,3.800000,3.660000,1.052632,-3.684211,false,0.000000
2024-03-07,VSTM,BBG001V0G978,0,false,12.750000,11.830000,0.980392,-7.215686,false,0.000000
2024-03-07,VSTO,BBG006F8QZL3,0,false,31.650000,32.070000,1.390205,1.327014,false,0.000000
2024-03-07,VSTS,BBG001SGVMS8,0,false,18.660000,19.020000,2.357985,1.929260,false,0.000000
2024-03-07,VTEX,0001793663,0,false,9.000000,9.400000,4.777778,4.444444,false,0.000000
2024-03-07,VTLE,BBG001T24DQ0,0,false,49.250000,49.050000,0.893401,-0.406091,false,0.000000
2024-03-07,VTOL,BBG001YH8QJ6,0,false,26.090000,26.040000,1.724799,-0.191644,false,0.000000
2024-03-07,VTRS,BBG00Y52JV51,0,false,12.170000,12.330000,1.807724,1.314708,false,0.000000
2024-03-07,VTRU,0001805012,0,false,14.615000,14.508700,2.634280,-0.727335,false,0.000000
2024-03-07,VTS,BBG01B9G0J34,0,false,23.000000,23.090000,0.953913,0.391304,false,0.000000
2024-03-07,VTVT,BBG009DT9XK8,0,false,14.420000,15.000000,10.055479,4.022191,false,0.000000
2024-03-07,VTYX,BBG00VC84K47,55,true,10.000000,10.150000,3.646000,1.500000,false,0.000000
2024-03-07,VVI,BBG001S77S57,0,false,36.100000,37.270000,3.296399,3.240997,false,0.000000
2024-03-07,VVV,BBG003DNHV65,0,false,43.400000,43.580000,0.990783,0.414747,false,0.000000
2024-03-07,VVX,BBG005PG80L3,0,false,44.910000,45.000000,0.946337,0.200401,false,0.000000
2024-03-07,VYGR,BBG005ZSY242,4,false,9.400000,9.430000,4.095745,0.319149,false,0.000000
2024-03-07,VYX,BBG001S9FBR7,0,false,11.890000,12.180000,2.733389,2.439024,false,0.000000
2024-03-07,VZIO,BBG00ZHDJWD0,2,false,11.050000,11.000000,0.000000,-0.452489,false,0.000000
2024-03-07,W,BBG001THKQ26,6,false,60.390000,59.830000,0.629243,-0.927306,false,0.000000
2024-03-07,WABC,BBG001S7XYL7,0,false,47.970000,47.760000,0.375235,-0.437774,false,0.000000
2024-03-07,WAFD,BBG001S5XF96,0,false,28.400000,28.115000,0.845070,-1.003521,false,0.000000
2024-03-07,WAL,BBG001SLM522,2,false,62.000000,59.990000,2.403226,-3.241935,false,0.000000
2024-03-07,WALD,0001840199,0,false,7.500000,7.220000,0.000000,-3.733333,false,0.000000
2024-03-07,WASH,BBG001S5XC66,0,false,26.600000,26.370000,1.090226,-0.864662,false,0.000000
2024-03-07,WBS,BBG001S5XCP5,0,false,49.530000,48.810000,0.666263,-1.453664,false,0.000000
2024-03-07,WCC,BBG001SCRP78,0,false,156.720000,160.290000,2.756508,2.277948,false,0.000000
2024-03-07,WD,BBG001T0JGM5,0,false,94.070000,93.930000,1.201233,-0.148825,false,0.000000
2024-03-07,WDFC,BBG001S5XD46,0,false,254.770000,248.650000,0.119716,-2.402167,false,0.000000
2024-03-07,WEAV,BBG00BCHPRQ9,0,false,12.100000,11.860000,0.215702,-1.983471,false,0.000000
2024-03-07,WEN,BBG001S7HBX2,0,false,18.680000,18.380000,0.053533,-1.605996,false,0.000000
2024-03-07,WERN,BBG001S5XDR1,0,false,38.200000,39.100000,2.958115,2.356021,false,0.000000
2024-03-07,WES,BBG003M3V2V9,0,false,34.680000,34.480000,0.576701,-0.576701,false,0.000000
2024-03-07,WEST,BBG016LHSFJ0,0,false,9.580000,9.320000,0.626305,-2.713987,false,0.000000
2024-03-07,WEX,BBG001SCJLG6,1,false,227.290000,228.950000,1.095517,0.730344,false,0.000000
2024-03-07,WFG,BBG001S60WD8,0,false,81.650000,80.350000,1.653399,-1.592162,false,0.000000
2024-03-07,WFRD,0001603923,0,false,105.980000,109.460000,3.330817,3.283638,false,0.000000
2024-03-07,WGO,BBG001S5XFG8,0,false,63.980000,63.910000,1.125352,-0.109409,false,0.000000
2024-03-07,WH,BBG00HCY3Q76,0,false,75.060000,76.360000,1.931788,1.731948,false,0.000000
2024-03-07,WHD,BBG00JRH1Q02,0,false,45.400000,46.900000,3.678414,3.303965,false,0.000000
2024-03-07,WHR,BBG001S5XFS5,0,false,107.000000,108.150000,1.663551,1.074766,false,0.000000
2024-03-07,WINA,BBG001S8RR00,0,false,349.700000,352.380000,2.719474,0.766371,false,0.000000
2024-03-07,WING,BBG008N298X9,0,false,370.760000,370.840000,0.438289,0.021577,false,0.000000
2024-03-07,WIRE,BBG001S70TC4,0,false,221.700000,225.020000,1.497519,1.497519,false,0.000000
2024-03-07,WIX,0001576789,1,false,140.000000,142.800000,2.492857,2.000000,false,0.000000
2024-03-07,WK,BBG007BVZ8J7,0,false,86.000000,86.260000,1.790698,0.302326,false,0.000000
2024-03-07,WKC,BBG001S5S9J5,0,false,24.210000,24.160000,0.764147,-0.206526,false,0.000000
2024-03-07,WKME,0001847584,0,false,8.880000,8.790000,0.889640,-1.013514,false,0.000000
2024-03-07,WLFC,BBG001S934S5,0,false,47.560000,48.180000,1.303616,1.303616,false,0.000000
2024-03-07,WLKP,BBG006F8Q8C3,0,false,22.470000,22.620000,0.979083,0.667557,false,0.000000
2024-03-07,WLY,BBG001S8K9L4,2,false,35.400000,37.310000,5.875706,5.395480,false,0.000000
2024-03-07,WMK,BBG001S5XH56,0,false,65.710000,65.460000,0.867448,-0.380460,false,0.000000
2024-03-07,WMS,BBG001SH4LQ0,0,false,164.480000,165.720000,1.392267,0.753891,false,0.000000
2024-03-07,WNC,BBG001S6W2K1,0,false,27.640000,27.590000,1.808973,-0.180897,false,0.000000
2024-03-07,WOLF,BBG001S6YWT4,9,false,27.800000,29.030000,5.719424,4.424460,false,0.000000
2024-03-07,WOOF,BBG00YFGTWH3,1,false,2.550000,2.585000,2.941176,1.372549,false,0.000000
2024-03-07,WOR,BBG001S6XN51,1,false,63.800000,63.840000,0.890282,0.062696,false,0.000000
2024-03-07,WPC,BBG001S67MM3,1,false,57.520000,57.080000,1.044854,-0.764951,false,0.000000
2024-03-07,WRBY,BBG005DWN8L7,0,false,12.320000,12.430000,1.866883,0.892857,false,0.000000
2024-03-07,WRK,BBG008NXC581,14,true,44.920000,45.330000,1.168744,0.912734,false,0.000000
2024-03-07,WRLD,BBG001S6H6C8,0,false,126.050000,129.440000,2.689409,2.689409,false,0.000000
2024-03-07,WSBC,BBG001S5XJR8,0,false,29.780000,29.540000,0.973808,-0.805910,false,0.000000
2024-03-07,WSC,BBG00B0FS9V7,0,false,47.290000,47.170000,1.311059,-0.253753,false,0.000000
2024-03-07,WSFS,BBG001S5XJX1,0,false,44.190000,43.860000,0.622313,-0.746775,false,0.000000
2024-03-07,WSR,BBG001SM3736,0,false,12.230000,12.060000,0.981194,-1.390025,false,0.000000
2024-03-07,WT,BBG001SD2W32,3,false,8.300000,8.265000,0.240964,-0.421687,false,0.000000
2024-03-07,WTFC,BBG001S945T0,0,false,99.900000,97.515000,0.645646,-2.387387,false,0.000000
2024-03-07,WTI,BBG001SLLWL3,5,false,2.630000,2.605000,3.041825,-0.950570,false,0.000000
2024-03-07,WTRG,BBG001S5VFD3,0,false,35.130000,35.160000,0.524907,0.085397,false,0.000000
2024-03-07,WTS,BBG001S6N6Y7,0,false,205.870000,206.260000,1.056492,0.189440,false,0.000000
2024-03-07,WTTR,BBG00G4Y2F27,0,false,8.400000,8.480000,1.071429,0.952381,false,0.000000
2024-03-07,WU,BBG001SR0YK0,1,false,13.850000,14.090000,1.841155,1.732852,false,0.000000
2024-03-07,WULF,BBG0122MC919,25,true,1.830000,1.850000,3.278689,1.092896,false,0.000000
2024-03-07,WVE,0001631574,3,false,6.400000,6.850000,19.843750,7.031250,true,0.000000
2024-03-07,WWD,BBG001S6YZC5,0,false,148.970000,149.509000,0.402766,0.361818,false,0.000000
2024-03-07,WWW,BBG001S5XKW9,0,false,9.400000,9.710000,3.617021,3.297872,false,0.000000
2024-03-07,WYNN,BBG001SJZ2V8,4,false,99.160000,101.130000,2.420331,1.986688,false,0.000000
2024-03-07,X,BBG001S5XL75,0,false,47.360000,47.570000,0.739020,0.443412,false,0.000000
2024-03-07,XENE,BBG002VBMLS5,0,false,46.030000,46.110000,1.433847,0.173800,false,0.000000
2024-03-07,XERS,BBG012V1MG61,22,true,2.530000,2.440000,0.395257,-3.557312,false,0.000000
2024-03-07,XHR,BBG006YP1L50,0,false,15.800000,15.310000,0.000000,-3.101266,false,0.000000
2024-03-07,XMTR,BBG00BDCCVB0,0,false,17.700000,17.760000,4.180791,0.338983,false,0.000000
2024-03-07,XNCR,BBG0026ZG4X9,0,false,23.910000,23.770000,0.250941,-0.585529,false,0.000000
2024-03-07,XOS,BBG00YCZNM82,1,false,12.910000,11.790000,0.000000,-8.675445,false,0.000000
2024-03-07,XP,0001787425,2,false,24.900000,24.850000,1.365462,-0.200803,false,0.000000
2024-03-07,XPEL,BBG001S6JQ87,0,false,48.830000,49.940000,3.706738,2.273193,false,0.000000
2024-03-07,XPER,BBG019FGSTG6,0,false,10.770000,10.750000,1.299907,-0.185701,false,0.000000
2024-03-07,XPO,BBG001SJW3C0,0,false,125.840000,127.920000,1.970757,1.652893,false,0.000000
2024-03-07,XPOF,BBG011M1TY49,0,false,14.090000,13.835000,2.474095,-1.809794,false,0.000000
2024-03-07,XPRO,0001575828,0,false,18.280000,18.610000,2.188184,1.805252,false,0.000000
2024-03-07,XRAY,BBG001S5XLV8,1,false,33.620000,33.410000,0.208209,-0.624628,false,0.000000
2024-03-07,XRX,BBG00NNG2ZK6,28,true,16.780000,16.750000,2.771156,-0.178784,false,0.000000
2024-03-07,YELP,BBG001T6C2W9,0,false,38.100000,38.130000,0.866142,0.078740,false,0.000000
2024-03-07,YETI,BBG00D8JC891,0,false,39.200000,38.910000,2.665816,-0.739796,false,0.000000
2024-03-07,YEXT,BBG001V12329,32,true,7.490000,6.450000,0.534045,-13.885180,false,0.000000
2024-03-07,YMAB,BBG00J2DBN04,0,false,18.040000,17.670000,0.692905,-2.050998,false,0.000000
2024-03-07,YORW,BBG001S6YWZ7,0,false,35.410000,35.200000,0.734256,-0.593053,false,0.000000
2024-03-07,YOU,BBG011C0FSZ6,1,false,20.060000,19.910000,0.922233,-0.747757,false,0.000000
2024-03-07,Z,BBG009NRSWK2,3,false,57.000000,55.940000,0.000000,-1.859649,false,0.000000
2024-03-07,ZBRA,BBG001S6SX73,0,false,289.420000,288.600000,0.438809,-0.283325,false,0.000000
2024-03-07,ZD,BBG001SD21P6,0,false,67.490000,67.150000,2.104015,-0.503778,false,0.000000
2024-03-07,ZETA,BBG010FXVQB5,0,false,10.100000,10.220000,1.386139,1.188119,false,0.000000
2024-03-07,ZEUS,BBG001S5XN26,0,false,63.690000,66.180000,3.909562,3.909562,false,0.000000
2024-03-07,ZGN,0001877787,0,false,14.220000,14.200000,0.562588,-0.140647,false,0.000000
2024-03-07,ZI,BBG00S1HJ4F4,2,false,16.180000,16.570000,2.657602,2.410383,false,0.000000
2024-03-07,ZIM,0001654126,8,false,11.070000,11.189900,1.445348,1.083107,false,0.000000
2024-03-07,ZIMV,BBG014630596,0,false,17.480000,17.740000,2.059497,1.487414,false,0.000000
2024-03-07,ZION,BBG001S5XN80,1,false,41.890000,41.525000,1.694915,-0.871330,false,0.000000
2024-03-07,ZIP,BBG010JBYW41,0,false,12.300000,12.580000,3.739837,2.276423,false,0.000000
2024-03-07,ZNTL,BBG00R2K8TG4,0,false,14.660000,14.840000,3.274216,1.227831,false,0.000000
2024-03-07,ZUMZ,BBG001SGPKJ9,0,false,16.500000,16.070000,0.545455,-2.606061,false,0.000000
2024-03-07,ZUO,BBG001SS0FH3,0,false,8.750000,9.140000,4.685714,4.457143,false,0.000000
2024-03-07,ZWS,BBG001T36GB5,0,false,31.570000,32.020000,1.805512,1.425404,false,0.000000
2024-03-07,ZYME,BBG019XSYC98,0,false,11.382000,11.455000,9.646811,0.641364,false,0.000000
2024-03-07,ZYXI,BBG001S7T7V0,0,false,12.690000,12.680000,1.812451,-0.078802,false,0.000000
