trading_date,ticker,stable_security_id,premarket_real_bars_60m,scorable,open_0930,close,day_mfe_pct,close_vs_open_pct,top_10_mover,realized_return_pct,cost_model_id,execution_policy_v1.0_net_realized_return_pct,execution_policy_v1.0_cost_bps,execution_policy_v1.0_net_capture_ratio,execution_policy_atr_v1.0_net_realized_return_pct,execution_policy_atr_v1.0_cost_bps,execution_policy_atr_v1.0_net_capture_ratio
2024-03-06,AA,BBG00B3T3HF1,4,false,27.670000,28.220000,3.812794,1.987712,false,0.000000,execution_costs_v1.0,0.000000,0.000000,,,,
2024-03-06,AAL,BBG005P7Q907,43,true,14.800000,14.880000,1.216216,0.540541,false,0.000000,execution_costs_v1.0,0.000000,0.000000,,,,
2024-03-06,AAOI,BBG001SG47G4,4,false,14.980000,14.860000,5.803738,-0.801068,false,0.000000,execution_costs_v1.0,0.000000,0.000000,,,,
2024-03-06,AAON,BBG001S6CZK0,0,false,82.410000,80.990000,0.000000,-1.723092,false,0.000000,execution_costs_v1.0,0.000000,0.000000,,,,
2024-03-06,AAP,BBG001SD2SB2,3,false,73.250000,71.940000,0.150171,-1.788396,false,0.000000,execution_costs_v1.0,0.000000,0.000000,,,,
2024-03-06,AAT,BBG001TCBJS5,0,false,21.400000,20.810000,0.468692,-2.757009,false,0.000000,execution_costs_v1.0,0.000000,0.000000,,,,
2024-03-06,AB,BBG001S5N9S0,0,false,33.600000,33.845000,0.833333,0.729167,false,0.000000,execution_costs_v1.0,0.000000,0.000000,,,,
2024-03-06,ABCB,BBG001S80PX7,0,false,47.390000,47.450000,1.772526,0.126609,false,0.000000,execution_costs_v1.0,0.000000,0.000000,,,,
2024-03-06,ABCL,BBG00LLW2MH0,1,false,4.860000,4.870000,2.059671,0.205761,false,0.000000,execution_costs_v1.0,0.000000,0.000000,,,,
2024-03-06,ABG,BBG001S9B5H5,0,false,206.880000,206.410000,1.068252,-0.227185,false,0.000000,execution_costs_v1.0,0.000000,0.000000,,,,
2024-03-06,ABL,BBG00VY1KBC1,0,false,11.615000,11.060000,0.000000,-4.778304,false,0.000000,execution_costs_v1.0,0.000000,0.000000,,,,
2024-03-06,ABM,BBG001S5N9B8,0,false,40.990000,40.790000,0.851427,-0.487924,false,0.000000,execution_costs_v1.0,0.000000,0.000000,,,,
2024-03-06,ABR,BBG001SJP3G4,10,true,12.970000,12.790000,0.462606,-1.387818,false,0.000000,execution_costs_v1.0,0.000000,0.000000,,,,
2024-03-06,ABSI,BBG011N54DC3,7,false,5.700000,5.360000,2.631579,-5.964912,false,0.000000,execution_costs_v1.0,0.000000,0.000000,,,,
2024-03-06,ABUS,BBG001S6RSK0,7,false,2.610000,2.730000,5.363985,4.597701,false,0.000000,execution_costs_v1.0,0.000000,0.000000,,,,
2024-03-06,AC,BBG008NZ8QB1,0,false,33.060000,33.310000,1.209921,0.756201,false,0.000000,execution_costs_v1.0,0.000000,0.000000,,,,
2024-03-06,ACA,BBG00JGMWGB9,0,false,83.550000,83.590000,0.478755,0.047876,false,0.000000,execution_costs_v1.0,0.000000,0.000000,,,,
2024-03-06,ACAD,BBG001SB06N3,1,false,24.020000,23.210000,0.582848,-3.372190,false,0.000000,execution_costs_v1.0,0.000000,0.000000,,,,
2024-03-06,ACB,BBG001SV77D1,3,false,2.930000,2.985000,4.778157,1.877133,false,0.000000,execution_costs_v1.0,0.000000,0.000000,,,,
2024-03-06,ACCD,BBG00S2L1ZR1,0,false,9.380000,9.410000,2.078891,0.319829,false,0.000000,execution_costs_v1.0,0.000000,0.000000,,,,
2024-03-06,ACCO,BBG001SPBTK3,1,false,5.430000,5.380000,0.184162,-0.920810,false,0.000000,execution_costs_v1.0,0.000000,0.000000,,,,
2024-03-06,ACDC,BBG013PRYQC7,0,false,8.490000,7.790000,0.353357,-8.244994,false,0.000000,execution_costs_v1.0,0.000000,0.000000,,,,
2024-03-06,ACEL,BBG00GX221Z0,0,false,11.290000,11.240000,1.062888,-0.442870,false,0.000000,execution_costs_v1.0,0.000000,0.000000,,,,
2024-03-06,ACGLN,0000947484,0,false,20.500000,20.630000,0.975610,0.634146,false,0.000000,execution_costs_v1.0,0.000000,0.000000,,,,
2024-03-06,ACHC,BBG001SNNWL7,0,false,84.490000,84.735000,1.195408,0.289975,false,0.000000,execution_costs_v1.0,0.000000,0.000000,,,,
2024-03-06,ACHR,BBG00XRTC929,28,true,4.270000,4.240000,6.557377,-0.702576,false,0.000000,execution_costs_v1.0,0.000000,0.000000,,,,
2024-03-06,ACI,BBG009KG1741,0,false,20.300000,20.440000,1.083744,0.689655,false,0.000000,execution_costs_v1.0,0.000000,0.000000,,,,
2024-03-06,ACIC,BBG001T09W05,0,false,10.530000,10.380000,1.756885,-1.424501,false,0.000000,execution_costs_v1.0,0.000000,0.000000,,,,
2024-03-06,ACIU,0001651625,0,false,4.000000,3.920000,0.000000,-2.000000,false,0.000000,execution_costs_v1.0,0.000000,0.000000,,,,
2024-03-06,ACIW,BBG001S9KLL5,0,false,31.440000,31.250000,0.826972,-0.604326,false,0.000000,execution_costs_v1.0,0.000000,0.000000,,,,
2024-03-06,ACLS,BBG001SF8W86,0,false,113.250000,113.210000,1.103753,-0.035320,false,0.000000,execution_costs_v1.0,0.000000,0.000000,,,,
2024-03-06,ACLX,BBG00QHJM4W4,0,false,70.380000,72.960000,4.148906,3.665814,false,0.000000,execution_costs_v1.0,0.000000,0.000000,,,,
2024-03-06,ACM,BBG001SKTTF1,0,false,89.120000,89.440000,0.864004,0.359066,false,0.000000,execution_costs_v1.0,0.000000,0.000000,,,,
2024-03-06,ACMR,BBG00HPSG942,21,true,31.190000,30.460000,0.032062,-2.340494,false,0.000000,execution_costs_v1.0,0.000000,0.000000,,,,
2024-03-06,ACNB,BBG001S6CVZ3,0,false,35.800000,35.000000,0.000000,-2.234637,false,0.000000,execution_costs_v1.0,0.000000,0.000000,,,,
2024-03-06,ACRE,BBG0022MMR46,1,false,7.460000,7.390000,0.402145,-0.938338,false,0.000000,execution_costs_v1.0,0.000000,0.000000,,,,
2024-03-06,ACT,BBG00WSNP4S2,0,false,28.150000,28.550000,1.420959,1.420959,false,0.000000,execution_costs_v1.0,0.000000,0.000000,,,,
2024-03-06,ACTG,BBG001SJLJT9,0,false,3.990000,3.930000,0.000000,-1.503759,false,0.000000,execution_costs_v1.0,0.000000,0.000000,,,,
2024-03-06,ACVA,BBG00G5JGQ75,1,false,18.790000,18.155000,1.436935,-3.379457,false,0.000000,execution_costs_v1.0,0.000000,0.000000,,,,
2024-03-06,ADC,BBG001S6RY81,1,false,57.320000,57.290000,0.540823,-0.052338,false,0.000000,execution_costs_v1.0,0.000000,0.000000,,,,
2024-03-06,ADCT,0001771910,3,false,4.810000,5.000000,5.613306,3.950104,false,0.000000,execution_costs_v1.0,0.000000,0.000000,,,,
2024-03-06,ADEA,BBG00RBFBL78,0,false,11.310000,11.045000,0.884173,-2.343059,false,0.000000,execution_costs_v1.0,0.000000,0.000000,,,,
2024-03-06,ADMA,BBG002NCK5N4,6,false,5.840000,6.130000,5.993151,4.965753,false,0.000000,execution_costs_v1.0,0.000000,0.000000,,,,
2024-03-06,ADNT,0001670541,0,false,34.630000,34.630000,0.144383,0.000000,false,0.000000,execution_costs_v1.0,0.000000,0.000000,,,,
2024-03-06,ADPT,BBG001V0GG18,3,false,3.850000,3.620000,0.779221,-5.974026,false,0.000000,execution_costs_v1.0,0.000000,0.000000,,,,
2024-03-06,ADSE,0001879248,0,false,10.750000,10.455000,0.000000,-2.744186,false,0.000000,execution_costs_v1.0,0.000000,0.000000,,,,
2024-03-06,ADT,BBG001S6VGG6,1,false,7.450000,7.470000,1.342282,0.268456,false,0.000000,execution_costs_v1.0,0.000000,0.000000,,,,
2024-03-06,ADTN,BBG0169CH7Y8,0,false,6.090000,6.210000,3.201970,1.970443,false,0.000000,execution_costs_v1.0,0.000000,0.000000,,,,
2024-03-06,ADUS,BBG001T56D18,0,false,97.390000,99.280000,2.566999,1.940651,false,0.000000,execution_costs_v1.0,0.000000,0.000000,,,,
2024-03-06,ADV,BBG00PPWZ8G3,0,false,3.670000,3.490000,0.544959,-4.904632,false,0.000000,execution_costs_v1.0,0.000000,0.000000,,,,
2024-03-06,AEG,BBG001S6Y6M8,0,false,5.740000,5.780000,1.045296,0.696864,false,0.000000,execution_costs_v1.0,0.000000,0.000000,,,,
2024-03-06,AEHR,BBG001SB1CS4,3,false,16.950000,16.750000,0.471976,-1.179941,false,0.000000,execution_costs_v1.0,0.000000,0.000000,,,,
2024-03-06,AEIS,BBG001S8L5Z6,0,false,101.330000,102.360000,2.773118,1.016481,false,0.000000,execution_costs_v1.0,0.000000,0.000000,,,,
2024-03-06,AEL,BBG001S5T012,0,false,55.450000,55.640000,0.342651,0.342651,false,0.000000,execution_costs_v1.0,0.000000,0.000000,,,,
2024-03-06,AEO,BBG001S7Q949,10,true,24.440000,23.470000,0.000000,-3.968903,false,0.000000,execution_costs_v1.0,0.000000,0.000000,,,,
2024-03-06,AEON,BBG00Z17HFQ5,0,false,12.030000,12.940000,7.564422,7.564422,false,0.000000,execution_costs_v1.0,0.000000,0.000000,,,,
2024-03-06,AES,BBG001S6B1L5,2,false,16.610000,16.220000,0.632149,-2.347983,false,0.000000,execution_costs_v1.0,0.000000,0.000000,,,,
2024-03-06,AESI,BBG01JFZ96Y3,0,false,20.410000,20.410000,0.000000,0.000000,false,0.000000,execution_costs_v1.0,0.000000,0.000000,,,,
2024-03-06,AFG,BBG001S8JK86,0,false,127.700000,128.530000,0.830070,0.649961,false,0.000000,execution_costs_v1.0,0.000000,0.000000,,,,
2024-03-06,AFRM,BBG00Y7BP8Z0,32,true,37.000000,36.865000,3.729730,-0.364865,false,0.000000,execution_costs_v1.0,0.000000,0.000000,,,,
2024-03-06,AFYA,0001771007,0,false,20.430000,20.260000,0.978953,-0.832110,false,0.000000,execution_costs_v1.0,0.000000,0.000000,,,,
2024-03-06,AG,BBG001SGV444,18,true,5.030000,5.090000,2.982107,1.192843,false,0.000000,execution_costs_v1.0,0.000000,0.000000,,,,
2024-03-06,AGCO,BBG001S7WHW3,0,false,109.740000,110.930000,1.120831,1.084381,false,0.000000,execution_costs_v1.0,0.000000,0.000000,,,,
2024-03-06,AGI,BBG009HT65S0,2,false,12.980000,13.260000,2.657935,2.157165,false,0.000000,execution_costs_v1.0,0.000000,0.000000,,,,
2024-03-06,AGIO,BBG001T8R687,0,false,31.400000,31.770000,2.229299,1.178344,false,0.000000,execution_costs_v1.0,0.000000,0.000000,,,,
2024-03-06,AGL,BBG00HCYVQR3,2,false,5.910000,5.785000,1.438240,-2.115059,false,0.000000,execution_costs_v1.0,0.000000,0.000000,,,,
2024-03-06,AGM,BBG001SCWNB2,1,false,192.010000,181.630000,1.265559,-5.405968,false,0.000000,execution_costs_v1.0,0.000000,0.000000,,,,
2024-03-06,AGNC,BBG001T074G2,23,true,9.580000,9.580000,0.521921,0.000000,false,0.000000,execution_costs_v1.0,0.000000,0.000000,,,,
2024-03-06,AGO,0001273813,0,false,90.910000,91.270000,0.868991,0.395996,false,0.000000,execution_costs_v1.0,0.000000,0.000000,,,,
2024-03-06,AGR,BBG00B8NWRH3,0,false,32.100000,32.080000,0.903427,-0.062305,false,0.000000,execution_costs_v1.0,0.000000,0.000000,,,,
2024-03-06,AGRO,0001499505,0,false,10.120000,10.130000,0.494071,0.098814,false,0.000000,execution_costs_v1.0,0.000000,0.000000,,,,
2024-03-06,AGS,BBG00JKZKM16,0,false,9.090000,9.100000,4.840484,0.110011,false,0.000000,execution_costs_v1.0,0.000000,0.000000,,,,
2024-03-06,AGTI,BBG00LQ2B4L6,1,false,9.900000,9.915000,0.252525,0.151515,false,0.000000,execution_costs_v1.0,0.000000,0.000000,,,,
2024-03-06,AGX,BBG001SJP7D8,0,false,47.090000,48.030000,2.973030,1.996178,false,0.000000,execution_costs_v1.0,0.000000,0.000000,,,,
2024-03-06,AGYS,BBG001S5V6V3,0,false,77.030000,78.194000,1.960275,1.511100,false,0.000000,execution_costs_v1.0,0.000000,0.000000,,,,
2024-03-06,AHCO,BBG00KJQVGW2,0,false,10.530000,10.500000,0.474834,-0.284900,false,0.000000,execution_costs_v1.0,0.000000,0.000000,,,,
2024-03-06,AHH,BBG004CYX1N9,0,false,10.400000,10.560000,1.594231,1.538462,false,0.000000,execution_costs_v1.0,0.000000,0.000000,,,,
2024-03-06,AI,BBG00Y6G6Y84,54,true,32.800000,32.450000,1.614634,-1.067073,false,0.000000,execution_costs_v1.0,0.000000,0.000000,,,,
2024-03-06,AIN,BBG001S5VKN1,0,false,93.400000,94.150000,0.802998,0.802998,false,0.000000,execution_costs_v1.0,0.000000,0.000000,,,,
2024-03-06,AIR,BBG001S5NJX2,0,false,65.120000,65.460000,0.552826,0.522113,false,0.000000,execution_costs_v1.0,0.000000,0.000000,,,,
2024-03-06,AIRC,BBG00XK3WWB0,0,false,31.230000,31.410000,0.912584,0.576369,false,0.000000,execution_costs_v1.0,0.000000,0.000000,,,,
2024-03-06,AIRS,BBG012V27CX5,0,false,6.010000,6.040000,0.831947,0.499168,false,0.000000,execution_costs_v1.0,0.000000,0.000000,,,,
2024-03-06,AIT,BBG001S5NK14,0,false,183.330000,183.950000,1.060928,0.338188,false,0.000000,execution_costs_v1.0,0.000000,0.000000,,,,
2024-03-06,AIV,BBG001S876N3,0,false,7.660000,7.620000,0.195822,-0.522193,false,0.000000,execution_costs_v1.0,0.000000,0.000000,,,,
2024-03-06,AIZ,BBG001SD9DW5,0,false,179.810000,179.840000,0.661810,0.016684,false,0.000000,execution_costs_v1.0,0.000000,0.000000,,,,
2024-03-06,AKBA,BBG001T922S9,5,false,1.640000,1.480000,0.000000,-9.756098,false,0.000000,execution_costs_v1.0,0.000000,0.000000,,,,
2024-03-06,AKR,BBG001S7KXT5,0,false,16.750000,16.550000,0.000000,-1.194030,false,0.000000,execution_costs_v1.0,0.000000,0.000000,,,,
2024-03-06,AKRO,BBG00L9211Z7,20,true,31.200000,30.000000,3.846154,-3.846154,false,0.000000,execution_costs_v1.0,0.000000,0.000000,,,,
2024-03-06,AL,BBG001T92VD1,0,false,43.030000,43.400000,2.184522,0.859865,false,0.000000,execution_costs_v1.0,0.000000,0.000000,,,,
2024-03-06,ALB,BBG001S7SBP9,57,true,110.280000,119.580000,8.659775,8.433079,false,0.000000,execution_costs_v1.0,0.000000,0.000000,,,,
2024-03-06,ALE,BBG001S77110,0,false,57.600000,57.690000,0.555556,0.156250,false,0.000000,execution_costs_v1.0,0.000000,0.000000,,,,
2024-03-06,ALEC,BBG00N0PL214,0,false,6.870000,6.840000,0.727802,-0.436681,false,0.000000,execution_costs_v1.0,0.000000,0.000000,,,,
2024-03-06,ALEX,BBG00HS2GVM7,0,false,16.860000,16.750000,0.948992,-0.652432,false,0.000000,execution_costs_v1.0,0.000000,0.000000,,,,
2024-03-06,ALG,BBG001S7YVC2,0,false,203.000000,203.040000,0.307882,0.019704,false,0.000000,execution_costs_v1.0,0.000000,0.000000,,,,
2024-03-06,ALGM,BBG00H5S83B8,0,false,30.070000,30.560000,4.472897,1.629531,false,0.000000,execution_costs_v1.0,0.000000,0.000000,,,,
2024-03-06,ALGT,BBG001SQ25S5,0,false,73.280000,74.710000,2.285753,1.951419,false,0.000000,execution_costs_v1.0,0.000000,0.000000,,,,
2024-03-06,ALHC,BBG00ZJ0DSS5,1,false,5.180000,5.370000,3.667954,3.667954,false,0.000000,execution_costs_v1.0,0.000000,0.000000,,,,
2024-03-06,ALIT,BBG00H00J2Q8,0,false,8.980000,9.000000,0.278396,0.222717,false,0.000000,execution_costs_v1.0,0.000000,0.000000,,,,
2024-03-06,ALK,BBG001S5NLG6,3,false,37.320000,36.965000,0.777063,-0.951233,false,0.000000,execution_costs_v1.0,0.000000,0.000000,,,,
2024-03-06,ALKS,0001520262,2,false,30.000000,28.950000,0.000000,-3.500000,false,0.000000,execution_costs_v1.0,0.000000,0.000000,,,,
2024-03-06,ALKT,BBG005HTCT63,0,false,23.790000,23.500000,0.000000,-1.219000,false,0.000000,execution_costs_v1.0,0.000000,0.000000,,,,
2024-03-06,ALLE,0001579241,0,false,128.280000,128.410000,0.857499,0.101341,false,0.000000,execution_costs_v1.0,0.000000,0.000000,,,,
2024-03-06,ALLO,BBG00KHRRDY2,1,false,5.450000,5.625000,3.853211,3.211009,false,0.000000,execution_costs_v1.0,0.000000,0.000000,,,,
2024-03-06,ALLY,BBG001S5RLN4,10,true,36.100000,36.090000,0.554017,-0.027701,false,0.000000,execution_costs_v1.0,0.000000,0.000000,,,,
2024-03-06,ALNT,BBG001S5RST3,3,false,35.000000,36.180000,3.371429,3.371429,false,0.000000,execution_costs_v1.0,0.000000,0.000000,,,,
2024-03-06,ALPN,BBG001V0G8Y0,3,false,38.300000,38.510000,1.148825,0.548303,false,0.000000,execution_costs_v1.0,0.000000,0.000000,,,,
2024-03-06,ALRM,BBG007GNPYZ6,1,false,73.830000,73.440000,0.379250,-0.528241,false,0.000000,execution_costs_v1.0,0.000000,0.000000,,,,
2024-03-06,ALRS,BBG001SGGKT8,0,false,22.080000,21.980000,2.219203,-0.452899,false,0.000000,execution_costs_v1.0,0.000000,0.000000,,,,
2024-03-06,ALSN,BBG001V0T5F3,0,false,75.660000,76.260000,1.453873,0.793021,false,0.000000,execution_costs_v1.0,0.000000,0.000000,,,,
2024-03-06,ALT,BBG001SNS461,17,true,11.450000,11.400000,2.751092,-0.436681,false,0.000000,execution_costs_v1.0,0.000000,0.000000,,,,
2024-03-06,ALTG,BBG00NZ6JW42,0,false,11.010000,11.170000,1.544051,1.453224,false,0.000000,execution_costs_v1.0,0.000000,0.000000,,,,
2024-03-06,ALTI,BBG00Z6F0ML0,0,false,6.330000,6.300000,2.922591,-0.473934,false,0.000000,execution_costs_v1.0,0.000000,0.000000,,,,
2024-03-06,ALTR,BBG001SR65P2,0,false,83.010000,82.570000,1.048066,-0.530057,false,0.000000,execution_costs_v1.0,0.000000,0.000000,,,,
2024-03-06,ALV,BBG001S9YRV6,0,false,117.690000,117.990000,0.433342,0.254907,false,0.000000,execution_costs_v1.0,0.000000,0.000000,,,,
2024-03-06,ALVO,0001898416,2,false,16.000000,16.000000,0.750000,0.000000,false,0.000000,execution_costs_v1.0,0.000000,0.000000,,,,
2024-03-06,ALX,BBG001S5NM92,0,false,218.870000,215.300000,0.000000,-1.631105,false,0.000000,execution_costs_v1.0,0.000000,0.000000,,,,
2024-03-06,ALXO,BBG00VR8SF73,0,false,15.120000,14.785000,0.826720,-2.215608,false,0.000000,execution_costs_v1.0,0.000000,0.000000,,,,
2024-03-06,AM,BBG00GBNZ4N9,1,false,13.650000,13.570000,0.512821,-0.586081,false,0.000000,execution_costs_v1.0,0.000000,0.000000,,,,
2024-03-06,AMAL,BBG00XRT7YY5,0,false,23.180000,23.580000,2.631579,1.725626,false,0.000000,execution_costs_v1.0,0.000000,0.000000,,,,
2024-03-06,AMAM,BBG01JPV4H18,0,false,27.990000,27.990000,0.035727,0.000000,false,0.000000,execution_costs_v1.0,0.000000,0.000000,,,,
2024-03-06,AMBA,0001280263,1,false,56.370000,55.940000,2.820649,-0.762817,false,0.000000,execution_costs_v1.0,0.000000,0.000000,,,,
2024-03-06,AMBC,BBG004HQHL91,0,false,15.110000,15.130000,0.860357,0.132363,false,0.000000,execution_costs_v1.0,0.000000,0.000000,,,,
2024-03-06,AMBI,0001937441,0,false,5.870000,5.870000,0.000000,0.000000,false,0.000000,execution_costs_v1.0,0.000000,0.000000,,,,
2024-03-06,AMBP,0001845097,0,false,3.260000,3.270000,1.226994,0.306748,false,0.000000,execution_costs_v1.0,0.000000,0.000000,,,,
2024-03-06,AMC,BBG001SZYYL4,43,true,4.520000,4.555000,3.761062,0.774336,false,0.000000,execution_costs_v1.0,0.000000,0.000000,,,,
2024-03-06,AMCR,0001748790,2,false,9.220000,9.200000,0.216920,-0.216920,false,0.000000,execution_costs_v1.0,0.000000,0.000000,,,,
2024-03-06,AMCX,BBG001SLR8S3,0,false,12.630000,12.460000,1.900238,-1.346002,false,0.000000,execution_costs_v1.0,0.000000,0.000000,,,,
2024-03-06,AMED,BBG001S5NN72,0,false,92.900000,93.000000,0.236814,0.107643,false,0.000000,execution_costs_v1.0,0.000000,0.000000,,,,
2024-03-06,AMG,BBG001S6DMD6,0,false,160.040000,158.950000,0.000000,-0.681080,false,0.000000,execution_costs_v1.0,0.000000,0.000000,,,,
2024-03-06,AMH,BBG003NXJNJ4,0,false,36.760000,36.530000,0.380849,-0.625680,false,0.000000,execution_costs_v1.0,0.000000,0.000000,,,,
2024-03-06,AMK,BBG00F5PBW20,0,false,36.060000,35.950000,0.748752,-0.305047,false,0.000000,execution_costs_v1.0,0.000000,0.000000,,,,
2024-03-06,AMKR,BBG001S64YF8,1,false,33.440000,35.150000,6.070574,5.113636,false,0.000000,execution_costs_v1.0,0.000000,0.000000,,,,
2024-03-06,AMLX,BBG00DP10YW1,2,false,18.870000,19.050000,2.384738,0.953895,false,0.000000,execution_costs_v1.0,0.000000,0.000000,,,,
2024-03-06,AMN,BBG001S6Q193,0,false,56.560000,58.300000,3.094059,3.076379,false,0.000000,execution_costs_v1.0,0.000000,0.000000,,,,
2024-03-06,AMNB,BBG001S7NGV6,0,false,46.170000,46.340000,1.299545,0.368204,false,0.000000,execution_costs_v1.0,0.000000,0.000000,,,,
2024-03-06,AMPH,BBG001SCM4W2,0,false,48.000000,46.300000,0.000000,-3.541667,false,0.000000,execution_costs_v1.0,0.000000,0.000000,,,,
2024-03-06,AMPL,BBG012CDTZZ5,0,false,11.100000,11.105000,1.441441,0.045045,false,0.000000,execution_costs_v1.0,0.000000,0.000000,,,,
2024-03-06,AMPS,BBG00Y48ZM97,0,false,6.840000,6.530000,0.000000,-4.532164,false,0.000000,execution_costs_v1.0,0.000000,0.000000,,,,
2024-03-06,AMR,BBG00DGWV044,0,false,376.290000,380.960000,2.580457,1.241064,false,0.000000,execution_costs_v1.0,0.000000,0.000000,,,,
2024-03-06,AMRC,BBG001S6P9W1,0,false,19.270000,19.620000,5.345096,1.816295,false,0.000000,execution_costs_v1.0,0.000000,0.000000,,,,
2024-03-06,AMRK,BBG005ZVDK57,0,false,27.820000,28.090000,1.473760,0.970525,false,0.000000,execution_costs_v1.0,0.000000,0.000000,,,,
2024-03-06,AMRX,BBG00462PGH9,2,false,5.340000,5.315000,0.936330,-0.468165,false,0.000000,execution_costs_v1.0,0.000000,0.000000,,,,
2024-03-06,AMSC,BBG001S70C31,4,false,13.670000,13.880000,6.730066,1.536211,false,0.000000,execution_costs_v1.0,0.000000,0.000000,,,,
2024-03-06,AMSF,BBG001SDH7B2,0,false,53.080000,53.340000,0.885456,0.489827,false,0.000000,execution_costs_v1.0,0.000000,0.000000,,,,
2024-03-06,AMSWA,BBG001S5NPN9,0,false,11.130000,11.240000,1.572327,0.988320,false,0.000000,execution_costs_v1.0,0.000000,0.000000,,,,
2024-03-06,AMTB,BBG001V0P1S2,0,false,21.680000,21.820000,2.214022,0.645756,false,0.000000,execution_costs_v1.0,0.000000,0.000000,,,,
2024-03-06,AMWD,BBG001S5NQ57,0,false,94.560000,94.750000,1.004653,0.200931,false,0.000000,execution_costs_v1.0,0.000000,0.000000,,,,
2024-03-06,AN,BBG001S5NQB0,0,false,147.380000,145.220000,0.000000,-1.465599,false,0.000000,execution_costs_v1.0,0.000000,0.000000,,,,
2024-03-06,ANAB,BBG0026ZDHT8,0,false,25.470000,25.490000,1.217118,0.078524,false,0.000000,execution_costs_v1.0,0.000000,0.000000,,,,
2024-03-06,ANDE,BBG001S60FJ9,0,false,54.000000,53.120000,0.425926,-1.629630,false,0.000000,execution_costs_v1.0,0.000000,0.000000,,,,
2024-03-06,ANF,BBG001S97027,50,true,139.550000,134.940000,0.243569,-3.303475,false,0.000000,execution_costs_v1.0,0.000000,0.000000,,,,
2024-03-06,ANGI,BBG00HVKH4F0,0,false,2.680000,2.610000,0.746269,-2.611940,false,0.000000,execution_costs_v1.0,0.000000,0.000000,,,,
2024-03-06,ANIK,BBG001S609X7,0,false,26.540000,26.020000,2.901281,-1.959307,false,0.000000,execution_costs_v1.0,0.000000,0.000000,,,,
2024-03-06,ANIP,BBG001S9DR85,0,false,66.040000,65.800000,0.315718,-0.363416,false,0.000000,execution_costs_v1.0,0.000000,0.000000,,,,
2024-03-06,AORT,BBG001SB3CB0,0,false,18.640000,19.160000,3.057940,2.789700,false,0.000000,execution_costs_v1.0,0.000000,0.000000,,,,
2024-03-06,AOS,BBG001S5NRY3,0,false,84.150000,84.500000,1.224005,0.415924,false,0.000000,execution_costs_v1.0,0.000000,0.000000,,,,
2024-03-06,AOSL,0001387467,0,false,22.680000,22.990000,2.513228,1.366843,false,0.000000,execution_costs_v1.0,0.000000,0.000000,,,,
2024-03-06,APA,BBG00YTS96H1,6,false,30.910000,30.630000,0.194112,-0.905856,false,0.000000,execution_costs_v1.0,0.000000,0.000000,,,,
2024-03-06,APAM,BBG001V107T3,0,false,45.530000,44.770000,0.000000,-1.669229,false,0.000000,execution_costs_v1.0,0.000000,0.000000,,,,
2024-03-06,APG,BBG00HVV7984,1,false,38.380000,38.360000,0.846795,-0.052110,false,0.000000,execution_costs_v1.0,0.000000,0.000000,,,,
2024-03-06,APGE,BBG01H51WZL7,5,false,61.080000,66.680000,10.019646,9.168304,false,0.000000,execution_costs_v1.0,0.000000,0.000000,,,,
2024-03-06,APLD,BBG001SK4K76,6,false,4.130000,4.085000,2.905569,-1.089588,false,0.000000,execution_costs_v1.0,0.000000,0.000000,,,,
2024-03-06,APLE,BBG006473QY8,1,false,16.620000,16.460000,0.421179,-0.962696,false,0.000000,execution_costs_v1.0,0.000000,0.000000,,,,
2024-03-06,APLS,BBG007KGRPZ3,2,false,62.000000,60.930000,3.758065,-1.725806,false,0.000000,execution_costs_v1.0,0.000000,0.000000,,,,
2024-03-06,APLT,BBG001SMJMY2,3,false,6.410000,6.460000,2.652106,0.780031,false,0.000000,execution_costs_v1.0,0.000000,0.000000,,,,
2024-03-06,APOG,BBG001S5NSY1,0,false,56.510000,56.655000,0.619359,0.256592,false,0.000000,execution_costs_v1.0,0.000000,0.000000,,,,
2024-03-06,APPF,BBG008GC8CS3,0,false,233.060000,225.030000,0.000000,-3.445465,false,0.000000,execution_costs_v1.0,0.000000,0.000000,,,,
2024-03-06,APPN,BBG001TWHH63,1,false,33.800000,35.450000,5.798817,4.881657,false,0.000000,execution_costs_v1.0,0.000000,0.000000,,,,
2024-03-06,APPS,BBG001SPBG12,4,false,3.070000,3.060000,1.954397,-0.325733,false,0.000000,execution_costs_v1.0,0.000000,0.000000,,,,
2024-03-06,AQN,BBG001S8LHC5,1,false,5.920000,5.980000,1.510135,1.013514,false,0.000000,execution_costs_v1.0,0.000000,0.000000,,,,
2024-03-06,AR,BBG001T61KH8,5,false,27.050000,26.880000,0.789649,-0.628466,false,0.000000,execution_costs_v1.0,0.000000,0.000000,,,,
2024-03-06,ARCB,BBG001S686R2,0,false,141.080000,137.990000,1.201446,-2.190247,false,0.000000,execution_costs_v1.0,0.000000,0.000000,,,,
2024-03-06,ARCC,BBG001SL96Z9,7,false,20.310000,20.380000,0.640079,0.344658,false,0.000000,execution_costs_v1.0,0.000000,0.000000,,,,
2024-03-06,ARCH,BBG00DZB5DD0,3,false,181.100000,184.240000,2.860243,1.733849,false,0.000000,execution_costs_v1.0,0.000000,0.000000,,,,
2024-03-06,ARCO,0001508478,0,false,11.660000,11.765000,2.915952,0.900515,false,0.000000,execution_costs_v1.0,0.000000,0.000000,,,,
2024-03-06,ARCT,BBG00NNW8JL0,0,false,38.030000,37.820000,1.603997,-0.552196,false,0.000000,execution_costs_v1.0,0.000000,0.000000,,,,
2024-03-06,ARDX,BBG001WH4F33,12,true,9.780000,9.530000,0.102249,-2.556237,false,0.000000,execution_costs_v1.0,0.000000,0.000000,,,,
2024-03-06,ARHS,BBG012TKHZW7,1,false,13.110000,12.805000,1.067887,-2.326468,false,0.000000,execution_costs_v1.0,0.000000,0.000000,,,,
2024-03-06,ARI,BBG001T55FJ5,0,false,11.010000,10.920000,0.408719,-0.817439,false,0.000000,execution_costs_v1.0,0.000000,0.000000,,,,
2024-03-06,ARIS,BBG012PPXNM0,2,false,11.650000,11.470000,0.257511,-1.545064,false,0.000000,execution_costs_v1.0,0.000000,0.000000,,,,
2024-03-06,ARKO,BBG00YD8K420,0,false,6.460000,6.445000,0.464396,-0.232198,false,0.000000,execution_costs_v1.0,0.000000,0.000000,,,,
2024-03-06,ARL,BBG001SFRR04,0,false,,,,,false,0.000000,execution_costs_v1.0,,,,,,
2024-03-06,ARLO,BBG00K88DTJ1,0,false,11.090000,10.940000,0.270514,-1.352570,false,0.000000,execution_costs_v1.0,0.000000,0.000000,,,,
2024-03-06,ARLP,BBG001SD52Y1,0,false,19.070000,19.290000,1.310960,1.153644,false,0.000000,execution_costs_v1.0,0.000000,0.000000,,,,
2024-03-06,ARMK,BBG001V0NR70,0,false,31.200000,31.070000,0.520833,-0.416667,false,0.000000,execution_costs_v1.0,0.000000,0.000000,,,,
2024-03-06,ARMN,BBG001S75835,0,false,2.960000,3.099900,5.405405,4.726351,false,0.000000,execution_costs_v1.0,0.000000,0.000000,,,,
2024-03-06,AROC,BBG001SVDK72,0,false,18.360000,18.230000,1.336057,-0.708061,false,0.000000,execution_costs_v1.0,0.000000,0.000000,,,,
2024-03-06,AROW,BBG001S5NV83,0,false,24.460000,24.460000,1.839738,0.000000,false,0.000000,execution_costs_v1.0,0.000000,0.000000,,,,
2024-03-06,ARQT,BBG00QN8K4P1,6,false,11.050000,10.435000,2.081448,-5.565611,false,0.000000,execution_costs_v1.0,0.000000,0.000000,,,,
2024-03-06,ARR,BBG001SRBTG4,5,false,19.470000,19.320000,0.308166,-0.770416,false,0.000000,execution_costs_v1.0,0.000000,0.000000,,,,
2024-03-06,ARRY,BBG002MX7TQ9,1,false,13.130000,13.150000,1.256664,0.152323,false,0.000000,execution_costs_v1.0,0.000000,0.000000,,,,
2024-03-06,ARTNA,BBG001S7MLX4,0,false,35.860000,35.830000,1.896263,-0.083659,false,0.000000,execution_costs_v1.0,0.000000,0.000000,,,,
2024-03-06,ARVN,BBG00LW7YL08,0,false,47.570000,45.950000,0.651671,-3.405508,false,0.000000,execution_costs_v1.0,0.000000,0.000000,,,,
2024-03-06,ARW,BBG001S5NVP4,0,false,119.960000,120.630000,0.583528,0.558520,false,0.000000,execution_costs_v1.0,0.000000,0.000000,,,,
2024-03-06,ARWR,BBG001SGT8G5,0,false,34.800000,35.440000,2.471264,1.839080,false,0.000000,execution_costs_v1.0,0.000000,0.000000,,,,
2024-03-06,ASAN,BBG00WYHL741,5,false,18.650000,18.440000,1.663271,-1.126005,false,0.000000,execution_costs_v1.0,0.000000,0.000000,,,,
2024-03-06,ASB,BBG001S5NVZ3,1,false,21.390000,21.240000,0.654511,-0.701262,false,0.000000,execution_costs_v1.0,0.000000,0.000000,,,,
2024-03-06,ASC,0001577437,2,false,15.990000,15.830000,0.625391,-1.000625,false,0.000000,execution_costs_v1.0,0.000000,0.000000,,,,
2024-03-06,ASGN,BBG001S71HP5,0,false,100.200000,99.960000,0.000000,-0.239521,false,0.000000,execution_costs_v1.0,0.000000,0.000000,,,,
2024-03-06,ASH,BBG00D0Y81N0,0,false,96.010000,95.390000,0.000000,-0.645766,false,0.000000,execution_costs_v1.0,0.000000,0.000000,,,,
2024-03-06,ASIX,BBG00CWTTQ32,0,false,26.890000,26.610000,0.000000,-1.041279,false,0.000000,execution_costs_v1.0,0.000000,0.000000,,,,
2024-03-06,ASLE,BBG00R28X851,0,false,8.890000,9.170000,3.262092,3.149606,false,0.000000,execution_costs_v1.0,0.000000,0.000000,,,,
2024-03-06,ASMB,BBG001T9BMW0,0,false,13.600000,12.970000,0.000000,-4.632353,false,0.000000,execution_costs_v1.0,0.000000,0.000000,,,,
2024-03-06,ASO,BBG00X7L1CW0,0,false,74.630000,71.520000,0.008174,-4.167225,false,0.000000,execution_costs_v1.0,0.000000,0.000000,,,,
2024-03-06,ASPN,BBG001SJZK39,0,false,17.010000,17.460000,2.939447,2.645503,false,0.000000,execution_costs_v1.0,0.000000,0.000000,,,,
2024-03-06,ASTE,BBG001S5NWY2,0,false,41.130000,41.730000,1.721371,1.458789,false,0.000000,execution_costs_v1.0,0.000000,0.000000,,,,
2024-03-06,ASTL,BBG012NKXV72,0,false,7.720000,7.870000,2.914508,1.943005,false,0.000000,execution_costs_v1.0,0.000000,0.000000,,,,
2024-03-06,ATAI,0001840904,1,false,2.090000,1.980000,0.000000,-5.263158,false,0.000000,execution_costs_v1.0,0.000000,0.000000,,,,
2024-03-06,ATEC,BBG001S64XQ8,2,false,12.790000,13.010000,3.948397,1.720094,false,0.000000,execution_costs_v1.0,0.000000,0.000000,,,,
2024-03-06,ATEN,BBG0060K22D0,0,false,13.420000,13.550000,1.713860,0.968703,false,0.000000,execution_costs_v1.0,0.000000,0.000000,,,,
2024-03-06,ATEX,BBG0081NLJH7,0,false,37.540000,36.790000,0.639318,-1.997869,false,0.000000,execution_costs_v1.0,0.000000,0.000000,,,,
2024-03-06,ATGE,BBG001S8M5S3,0,false,48.640000,47.820000,0.000000,-1.685855,false,0.000000,execution_costs_v1.0,0.000000,0.000000,,,,
2024-03-06,ATI,BBG001S8WY72,0,false,50.430000,49.650000,0.297442,-1.546698,false,0.000000,execution_costs_v1.0,0.000000,0.000000,,,,
2024-03-06,ATKR,BBG001T8LDZ8,0,false,163.950000,164.140000,1.390668,0.115889,false,0.000000,execution_costs_v1.0,0.000000,0.000000,,,,
2024-03-06,ATLC,BBG001SC0HS2,0,false,30.990000,31.100000,0.596967,0.354953,false,0.000000,execution_costs_v1.0,0.000000,0.000000,,,,
2024-03-06,ATMU,BBG01B079Z92,1,false,23.160000,23.120000,0.906736,-0.172712,false,0.000000,execution_costs_v1.0,0.000000,0.000000,,,,
2024-03-06,ATNI,BBG001S9SMF2,0,false,32.680000,32.590000,4.039168,-0.275398,false,0.000000,execution_costs_v1.0,0.000000,0.000000,,,,
2024-03-06,ATR,BBG001S78MT3,0,false,142.930000,143.070000,0.496747,0.097950,false,0.000000,execution_costs_v1.0,0.000000,0.000000,,,,
2024-03-06,ATRC,BBG001SD43V3,0,false,38.000000,37.770000,1.710526,-0.605263,false,0.000000,execution_costs_v1.0,0.000000,0.000000,,,,
2024-03-06,ATRI,BBG001S8VWL1,0,false,410.360000,392.400000,0.000000,-4.376645,false,0.000000,execution_costs_v1.0,0.000000,0.000000,,,,
2024-03-06,ATRO,BBG001S5NYK3,0,false,18.280000,18.490000,1.832604,1.148796,false,0.000000,execution_costs_v1.0,0.000000,0.000000,,,,
2024-03-06,ATS,BBG001S5XWC5,0,false,37.170000,37.350000,1.398978,0.484262,false,0.000000,execution_costs_v1.0,0.000000,0.000000,,,,
2024-03-06,ATSG,BBG001S8KJF9,0,false,13.000000,13.235000,2.000000,1.807692,false,0.000000,execution_costs_v1.0,0.000000,0.000000,,,,
2024-03-06,ATUS,BBG00GFMPS82,2,false,2.530000,2.555000,3.359684,0.988142,false,0.000000,execution_costs_v1.0,0.000000,0.000000,,,,
2024-03-06,ATXS,BBG001T8KDC4,0,false,14.060000,14.690000,5.832148,4.480797,false,0.000000,execution_costs_v1.0,0.000000,0.000000,,,,
2024-03-06,AU,0001973832,25,true,21.570000,21.980000,2.132592,1.900788,false,0.000000,execution_costs_v1.0,0.000000,0.000000,,,,
2024-03-06,AUB,BBG001S7GJV8,0,false,34.250000,34.200000,1.766423,-0.145985,false,0.000000,execution_costs_v1.0,0.000000,0.000000,,,,
2024-03-06,AUDC,0001086434,1,false,13.590000,13.610000,0.441501,0.147167,false,0.000000,execution_costs_v1.0,0.000000,0.000000,,,,
2024-03-06,AUPH,BBG001S68013,0,false,5.660000,5.520000,0.176678,-2.473498,false,0.000000,execution_costs_v1.0,0.000000,0.000000,,,,
2024-03-06,AUR,BBG00Z92Y6Y0,2,false,2.310000,2.285000,1.948052,-1.082251,false,0.000000,execution_costs_v1.0,0.000000,0.000000,,,,
2024-03-06,AURA,BBG00226DGP2,0,false,9.100000,8.990000,0.963736,-1.208791,false,0.000000,execution_costs_v1.0,0.000000,0.000000,,,,
2024-03-06,AVA,BBG001S5NZ48,0,false,33.780000,33.340000,0.503256,-1.302546,false,0.000000,execution_costs_v1.0,0.000000,0.000000,,,,
2024-03-06,AVAH,BBG00G6D6HB3,0,false,2.270000,2.230000,0.881057,-1.762115,false,0.000000,execution_costs_v1.0,0.000000,0.000000,,,,
2024-03-06,AVAV,BBG001SPPWP6,4,false,171.200000,182.290000,7.605140,6.477804,false,0.000000,execution_costs_v1.0,0.000000,0.000000,,,,
2024-03-06,AVD,BBG001S8KSH7,0,false,10.840000,10.810000,0.710332,-0.276753,false,0.000000,execution_costs_v1.0,0.000000,0.000000,,,,
2024-03-06,AVDX,BBG012MBDGV1,0,false,12.720000,12.330000,0.039308,-3.066038,false,0.000000,execution_costs_v1.0,0.000000,0.000000,,,,
2024-03-06,AVIR,BBG00TZNCJ84,1,false,4.040000,4.030000,1.485149,-0.247525,false,0.000000,execution_costs_v1.0,0.000000,0.000000,,,,
2024-03-06,AVNS,BBG005L86G14,0,false,19.280000,19.555000,2.541494,1.426349,false,0.000000,execution_costs_v1.0,0.000000,0.000000,,,,
2024-03-06,AVNT,BBG001S6RCD3,0,false,40.610000,40.320000,0.295494,-0.714110,false,0.000000,execution_costs_v1.0,0.000000,0.000000,,,,
2024-03-06,AVNW,BBG001SSSZS7,0,false,34.850000,35.260000,2.094692,1.176471,false,0.000000,execution_costs_v1.0,0.000000,0.000000,,,,
2024-03-06,AVO,BBG005C9W688,0,false,10.930000,10.790000,0.823422,-1.280878,false,0.000000,execution_costs_v1.0,0.000000,0.000000,,,,
2024-03-06,AVPT,BBG00Q73LFK9,2,false,7.550000,7.630000,1.986755,1.059603,false,0.000000,execution_costs_v1.0,0.000000,0.000000,,,,
2024-03-06,AVT,BBG001S5NZJ2,0,false,47.760000,47.430000,0.125628,-0.690955,false,0.000000,execution_costs_v1.0,0.000000,0.000000,,,,
2024-03-06,AVTE,BBG00WGHZFJ2,0,false,22.365000,23.920000,7.757657,6.952828,false,0.000000,execution_costs_v1.0,0.000000,0.000000,,,,
2024-03-06,AVTX,BBG001V1GPQ9,0,false,4.490000,5.170000,16.703786,15.144766,false,0.000000,execution_costs_v1.0,0.000000,0.000000,,,,
2024-03-06,AVXL,BBG001SLQWW6,1,false,5.080000,5.040000,0.590551,-0.787402,false,0.000000,execution_costs_v1.0,0.000000,0.000000,,,,
2024-03-06,AWI,BBG001SGL0H9,0,false,121.060000,121.580000,0.999504,0.429539,false,0.000000,execution_costs_v1.0,0.000000,0.000000,,,,
2024-03-06,AWR,BBG001S9T5Z6,0,false,71.830000,71.360000,0.361966,-0.654323,false,0.000000,execution_costs_v1.0,0.000000,0.000000,,,,
2024-03-06,AX,BBG001SLZ724,0,false,51.130000,50.800000,1.466849,-0.645414,false,0.000000,execution_costs_v1.0,0.000000,0.000000,,,,
2024-03-06,AXGN,BBG001S5SRD1,0,false,8.910000,9.060000,4.489338,1.683502,false,0.000000,execution_costs_v1.0,0.000000,0.000000,,,,
2024-03-06,AXL,BBG001S9DR67,0,false,6.860000,6.670000,0.000000,-2.769679,false,0.000000,execution_costs_v1.0,0.000000,0.000000,,,,
2024-03-06,AXNX,BBG0067QVJ69,0,false,67.500000,67.550000,0.725926,0.074074,false,0.000000,execution_costs_v1.0,0.000000,0.000000,,,,
2024-03-06,AXS,0001214816,0,false,60.970000,60.680000,0.639659,-0.475644,false,0.000000,execution_costs_v1.0,0.000000,0.000000,,,,
2024-03-06,AXSM,BBG00B6G7GM6,1,false,77.000000,72.120000,0.129870,-6.337662,false,0.000000,execution_costs_v1.0,0.000000,0.000000,,,,
2024-03-06,AXTA,0001616862,0,false,32.510000,32.560000,0.738234,0.153799,false,0.000000,execution_costs_v1.0,0.000000,0.000000,,,,
2024-03-06,AY,0001601072,1,false,17.490000,17.880000,3.087479,2.229846,false,0.000000,execution_costs_v1.0,0.000000,0.000000,,,,
2024-03-06,AYI,BBG001SBG656,0,false,258.610000,260.300000,0.910638,0.653494,false,0.000000,execution_costs_v1.0,0.000000,0.000000,,,,
2024-03-06,AYX,BBG001T9FXC4,0,false,48.030000,48.160000,0.270664,0.270664,false,0.000000,execution_costs_v1.0,0.000000,0.000000,,,,
2024-03-06,AZEK,BBG00RP7FY15,0,false,48.920000,49.390000,1.001635,0.960752,false,0.000000,execution_costs_v1.0,0.000000,0.000000,,,,
2024-03-06,AZPN,BBG017J18WC8,0,false,194.540000,195.730000,0.678524,0.611699,false,0.000000,execution_costs_v1.0,0.000000,0.000000,,,,
2024-03-06,AZTA,BBG001S8F1B8,0,false,65.480000,64.900000,0.733048,-0.885767,false,0.000000,execution_costs_v1.0,0.000000,0.000000,,,,
2024-03-06,AZZ,BBG001S9QNK6,1,false,71.260000,71.120000,0.533258,-0.196464,false,0.000000,execution_costs_v1.0,0.000000,0.000000,,,,
2024-03-06,B,BBG001S5P0S7,0,false,35.830000,35.950000,0.641920,0.334915,false,0.000000,execution_costs_v1.0,0.000000,0.000000,,,,
2024-03-06,BALY,BBG005Q22HH7,0,false,9.880000,10.500000,6.578947,6.275304,false,0.000000,execution_costs_v1.0,0.000000,0.000000,,,,
2024-03-06,BANC,BBG001SKZX56,5,false,15.130000,14.900000,0.330469,-1.520159,false,0.000000,execution_costs_v1.0,0.000000,0.000000,,,,
2024-03-06,BAND,BBG001TFDMP2,0,false,18.200000,19.460000,6.978022,6.923077,false,0.000000,execution_costs_v1.0,0.000000,0.000000,,,,
2024-03-06,BANF,BBG001S75RW1,0,false,88.670000,89.260000,2.007443,0.665389,false,0.000000,execution_costs_v1.0,0.000000,0.000000,,,,
2024-03-06,BANR,BBG001SD3DZ8,0,false,46.880000,46.710000,1.546502,-0.362628,false,0.000000,execution_costs_v1.0,0.000000,0.000000,,,,
2024-03-06,BAP,0001001290,0,false,174.880000,174.040000,0.085773,-0.480329,false,0.000000,execution_costs_v1.0,0.000000,0.000000,,,,
2024-03-06,BASE,BBG001Z5ZB22,11,true,31.120000,27.980000,2.827763,-10.089974,false,0.000000,execution_costs_v1.0,0.000000,0.000000,,,,
2024-03-06,BB,BBG001S60618,9,false,2.660000,2.660000,1.875940,0.000000,false,0.000000,execution_costs_v1.0,0.000000,0.000000,,,,
2024-03-06,BBAI,BBG00Z4HKRY1,60,true,4.060000,3.815000,5.157635,-6.034483,false,0.000000,execution_costs_v1.0,0.000000,0.000000,,,,
2024-03-06,BBCP,BBG00M8BB1P6,0,false,8.010000,8.020000,0.374532,0.124844,false,0.000000,execution_costs_v1.0,0.000000,0.000000,,,,
2024-03-06,BBDC,BBG001S9DQ05,0,false,9.570000,9.540000,0.313480,-0.313480,false,0.000000,execution_costs_v1.0,0.000000,0.000000,,,,
2024-03-06,BBIO,BBG00P9KDZL5,38,true,30.300000,29.430000,2.343234,-2.871287,false,0.000000,execution_costs_v1.0,0.000000,0.000000,,,,
2024-03-06,BBSI,BBG001S7CX50,0,false,119.230000,118.880000,0.603791,-0.293550,false,0.000000,execution_costs_v1.0,0.000000,0.000000,,,,
2024-03-06,BBU,0001654795,0,false,21.390000,21.200000,0.046751,-0.888266,false,0.000000,execution_costs_v1.0,0.000000,0.000000,,,,
2024-03-06,BBUC,BBG015P1Z2Y7,0,false,23.010000,22.755000,0.000000,-1.108214,false,0.000000,execution_costs_v1.0,0.000000,0.000000,,,,
2024-03-06,BBW,BBG001SMC9T4,1,false,23.970000,23.530000,0.625782,-1.835628,false,0.000000,execution_costs_v1.0,0.000000,0.000000,,,,
2024-03-06,BBWI,BBG001S5SWL1,2,false,45.480000,44.780000,0.483729,-1.539138,false,0.000000,execution_costs_v1.0,0.000000,0.000000,,,,
2024-03-06,BC,BBG001S5P294,0,false,88.750000,87.870000,0.845070,-0.991549,false,0.000000,execution_costs_v1.0,0.000000,0.000000,,,,
2024-03-06,BCC,BBG001SZX397,0,false,131.170000,128.620000,0.510788,-1.944042,false,0.000000,execution_costs_v1.0,0.000000,0.000000,,,,
2024-03-06,BCO,BBG001S8PZK2,0,false,83.670000,84.230000,0.705151,0.669296,false,0.000000,execution_costs_v1.0,0.000000,0.000000,,,,
2024-03-06,BCPC,BBG001S5P2R4,0,false,,,,,false,0.000000,execution_costs_v1.0,,,,,,
2024-03-06,BCRX,BBG001S7K151,3,false,5.450000,5.220000,1.467890,-4.220183,false,0.000000,execution_costs_v1.0,0.000000,0.000000,,,,
2024-03-06,BCSF,BBG00JDV0M33,2,false,15.740000,15.690000,0.571792,-0.317662,false,0.000000,execution_costs_v1.0,0.000000,0.000000,,,,
2024-03-06,BDC,BBG001SM6Z59,0,false,87.870000,88.530000,0.967338,0.751110,false,0.000000,execution_costs_v1.0,0.000000,0.000000,,,,
2024-03-06,BDN,BBG001S6YGF4,1,false,4.360000,4.360000,0.917431,0.000000,false,0.000000,execution_costs_v1.0,0.000000,0.000000,,,,
2024-03-06,BE,BBG001T53509,16,true,9.780000,9.540000,0.306748,-2.453988,false,0.000000,execution_costs_v1.0,0.000000,0.000000,,,,
2024-03-06,BEAM,BBG00KXC8655,3,false,39.760000,38.280000,0.817404,-3.722334,false,0.000000,execution_costs_v1.0,0.000000,0.000000,,,,
2024-03-06,BECN,BBG001S903Y3,0,false,85.900000,84.990000,0.849825,-1.059371,false,0.000000,execution_costs_v1.0,0.000000,0.000000,,,,
2024-03-06,BELFA,BBG001S6BRZ3,0,false,64.443200,64.000000,0.243315,-0.687737,false,0.000000,execution_costs_v1.0,0.000000,0.000000,,,,
2024-03-06,BELFB,BBG001S93K81,0,false,55.600000,56.020000,2.158273,0.755396,false,0.000000,execution_costs_v1.0,0.000000,0.000000,,,,
2024-03-06,BEN,BBG001S5P3W6,0,false,28.000000,27.845000,0.392857,-0.553571,false,0.000000,execution_costs_v1.0,0.000000,0.000000,,,,
2024-03-06,BEP,0001533232,0,false,22.550000,22.850000,1.374723,1.330377,false,0.000000,execution_costs_v1.0,0.000000,0.000000,,,,
2024-03-06,BEPC,BBG00W5FR7D1,1,false,24.260000,24.220000,0.700742,-0.164880,false,0.000000,execution_costs_v1.0,0.000000,0.000000,,,,
2024-03-06,BERY,BBG001T6B4W6,0,false,59.570000,59.680000,0.646298,0.184657,false,0.000000,execution_costs_v1.0,0.000000,0.000000,,,,
2024-03-06,BETR,BBG0103VG6P8,2,false,0.490000,0.481300,3.877551,-1.775510,false,0.000000,execution_costs_v1.0,0.000000,0.000000,,,,
2024-03-06,BETS,0001543268,29,true,3.120000,2.800000,4.807692,-10.256410,false,0.000000,execution_costs_v1.0,0.000000,0.000000,,,,
2024-03-06,BFAM,BBG003LFWPT4,0,false,114.720000,115.250000,1.229079,0.461994,false,0.000000,execution_costs_v1.0,0.000000,0.000000,,,,
2024-03-06,BFC,BBG001S79DP6,0,false,83.500000,83.440000,0.970060,-0.071856,false,0.000000,execution_costs_v1.0,0.000000,0.000000,,,,
2024-03-06,BFH,BBG001S78Z50,0,false,38.070000,37.580000,0.893092,-1.287103,false,0.000000,execution_costs_v1.0,0.000000,0.000000,,,,
2024-03-06,BFS,BBG001S7F7J9,0,false,37.240000,37.940000,2.309345,1.879699,false,0.000000,execution_costs_v1.0,0.000000,0.000000,,,,
2024-03-06,BFST,BBG001T056Q8,0,false,22.530000,22.210000,0.000000,-1.420328,false,0.000000,execution_costs_v1.0,0.000000,0.000000,,,,
2024-03-06,BG,0001996862,0,false,91.450000,91.900000,1.607436,0.492072,false,0.000000,execution_costs_v1.0,0.000000,0.000000,,,,
2024-03-06,BGC,BBG01H9FTHS9,1,false,8.420000,8.550000,1.662708,1.543943,false,0.000000,execution_costs_v1.0,0.000000,0.000000,,,,
2024-03-06,BGS,BBG001SQD861,0,false,11.260000,11.125000,1.065719,-1.198934,false,0.000000,execution_costs_v1.0,0.000000,0.000000,,,,
2024-03-06,BH,BBG00JPRDQJ9,0,false,179.320000,186.840000,7.461521,4.193620,false,0.000000,execution_costs_v1.0,0.000000,0.000000,,,,
2024-03-06,BHB,BBG001SB8Q79,0,false,25.460000,25.010000,0.608798,-1.767478,false,0.000000,execution_costs_v1.0,0.000000,0.000000,,,,
2024-03-06,BHC,BBG001S7WDP0,8,false,9.620000,9.220000,0.623701,-4.158004,false,0.000000,execution_costs_v1.0,0.000000,0.000000,,,,
2024-03-06,BHE,BBG001S6LXL4,0,false,30.860000,30.650000,0.599482,-0.680493,false,0.000000,execution_costs_v1.0,0.000000,0.000000,,,,
2024-03-06,BHF,BBG00DYPZ4V7,0,false,46.090000,45.850000,0.759384,-0.520720,false,0.000000,execution_costs_v1.0,0.000000,0.000000,,,,
2024-03-06,BHLB,BBG001S5PSK4,0,false,21.410000,21.920000,4.063522,2.382064,false,0.000000,execution_costs_v1.0,0.000000,0.000000,,,,
2024-03-06,BHRB,BBG019X33P61,0,false,56.000000,54.410000,0.178571,-2.839286,false,0.000000,execution_costs_v1.0,0.000000,0.000000,,,,
2024-03-06,BHVN,0001935979,3,false,59.580000,58.150000,1.074186,-2.400134,false,0.000000,execution_costs_v1.0,0.000000,0.000000,,,,
2024-03-06,BIGC,BBG00W1PSTC5,1,false,7.380000,7.340000,1.151762,-0.542005,false,0.000000,execution_costs_v1.0,0.000000,0.000000,,,,
2024-03-06,BILL,BBG00QVJV7L3,6,false,62.380000,63.290000,1.731324,1.458801,false,0.000000,execution_costs_v1.0,0.000000,0.000000,,,,
2024-03-06,BIO,BBG001S625W4,0,false,334.220000,333.260000,1.576806,-0.287236,false,0.000000,execution_costs_v1.0,0.000000,0.000000,,,,
2024-03-06,BIOX,0001769484,0,false,13.000000,12.990000,1.153846,-0.076923,false,0.000000,execution_costs_v1.0,0.000000,0.000000,,,,
2024-03-06,BIP,0001406234,0,false,28.890000,28.800000,0.999308,-0.311526,false,0.000000,execution_costs_v1.0,0.000000,0.000000,,,,
2024-03-06,BIPC,BBG00QDWSVL5,3,false,34.900000,34.600000,0.286533,-0.859599,false,0.000000,execution_costs_v1.0,0.000000,0.000000,,,,
2024-03-06,BIRK,0001977102,0,false,48.550000,48.270000,1.009269,-0.576725,false,0.000000,execution_costs_v1.0,0.000000,0.000000,,,,
2024-03-06,BITF,BBG00PGMZVM7,47,true,2.570000,2.650000,5.058366,3.112840,false,0.000000,execution_costs_v1.0,0.000000,0.000000,,,,
2024-03-06,BJ,BBG00FQ8T4M6,1,false,73.740000,72.300000,0.650936,-1.952807,false,0.000000,execution_costs_v1.0,0.000000,0.000000,,,,
2024-03-06,BJRI,BBG001S970P2,0,false,37.350000,38.140000,2.677376,2.115127,false,0.000000,execution_costs_v1.0,0.000000,0.000000,,,,
2024-03-06,BKD,BBG001SDHC58,0,false,5.580000,5.580000,1.971326,0.000000,false,0.000000,execution_costs_v1.0,0.000000,0.000000,,,,
2024-03-06,BKE,BBG001S5P6T3,0,false,40.580000,38.390000,0.000000,-5.396747,false,0.000000,execution_costs_v1.0,0.000000,0.000000,,,,
2024-03-06,BKH,BBG001S5P6X8,0,false,52.710000,52.300000,0.417378,-0.777841,false,0.000000,execution_costs_v1.0,0.000000,0.000000,,,,
2024-03-06,BKU,BBG001T5W6B3,0,false,27.140000,27.480000,4.439941,1.252763,false,0.000000,execution_costs_v1.0,0.000000,0.000000,,,,
2024-03-06,BL,BBG0029KJVD8,2,false,64.450000,65.780000,2.575640,2.063615,false,0.000000,execution_costs_v1.0,0.000000,0.000000,,,,
2024-03-06,BLBD,BBG006427TN1,1,false,34.010000,34.030000,1.528962,0.058806,false,0.000000,execution_costs_v1.0,0.000000,0.000000,,,,
2024-03-06,BLCO,BBG014KG1GY8,1,false,16.060000,16.550000,3.362391,3.051059,false,0.000000,execution_costs_v1.0,0.000000,0.000000,,,,
2024-03-06,BLD,BBG0077VS2G6,0,false,406.210000,411.320000,1.447527,1.257970,false,0.000000,execution_costs_v1.0,0.000000,0.000000,,,,
2024-03-06,BLDP,BBG001S5Y1D1,2,false,3.200000,3.250000,3.750000,1.562500,false,0.000000,execution_costs_v1.0,0.000000,0.000000,,,,
2024-03-06,BLFS,BBG001SFGWZ7,0,false,17.220000,17.505000,3.774681,1.655052,false,0.000000,execution_costs_v1.0,0.000000,0.000000,,,,
2024-03-06,BLKB,BBG001S9B5W8,0,false,72.000000,72.880000,1.250000,1.222222,false,0.000000,execution_costs_v1.0,0.000000,0.000000,,,,
2024-03-06,BLMN,BBG002VZ69Q9,1,false,29.050000,29.570000,2.065404,1.790017,false,0.000000,execution_costs_v1.0,0.000000,0.000000,,,,
2024-03-06,BLND,BBG00D0YK7V4,4,false,2.750000,3.030000,15.272727,10.181818,false,0.000000,execution_costs_v1.0,0.000000,0.000000,,,,
2024-03-06,BLX,0000890541,0,false,28.000000,27.880000,0.000000,-0.428571,false,0.000000,execution_costs_v1.0,0.000000,0.000000,,,,
2024-03-06,BLZE,BBG0037X6J05,1,false,11.170000,11.600000,7.072516,3.849597,false,0.000000,execution_costs_v1.0,0.000000,0.000000,,,,
2024-03-06,BMBL,BBG00Z6RF535,4,false,11.000000,10.690000,0.454545,-2.818182,false,0.000000,execution_costs_v1.0,0.000000,0.000000,,,,
2024-03-06,BMEA,BBG00YS4WDD8,42,true,14.590000,15.800000,16.449623,8.293352,false,0.000000,execution_costs_v1.0,0.000000,0.000000,,,,
2024-03-06,BMI,BBG001S5P8Q2,0,false,162.300000,162.610000,1.429452,0.191004,false,0.000000,execution_costs_v1.0,0.000000,0.000000,,,,
2024-03-06,BNL,BBG001T61WG3,0,false,14.810000,14.750000,0.540176,-0.405132,false,0.000000,execution_costs_v1.0,0.000000,0.000000,,,,
2024-03-06,BNRE,0001837429,0,false,41.920000,41.540000,1.359733,-0.906489,false,0.000000,execution_costs_v1.0,0.000000,0.000000,,,,
2024-03-06,BOC,BBG0021J74C3,0,false,16.470000,15.940000,0.000000,-3.217972,false,0.000000,execution_costs_v1.0,0.000000,0.000000,,,,
2024-03-06,BOH,BBG001S6R977,0,false,63.160000,62.500000,1.789107,-1.044965,false,0.000000,execution_costs_v1.0,0.000000,0.000000,,,,
2024-03-06,BOKF,BBG001S6VBZ6,0,false,88.640000,88.230000,1.128159,-0.462545,false,0.000000,execution_costs_v1.0,0.000000,0.000000,,,,
2024-03-06,BOOM,BBG001S5PBG6,0,false,17.290000,16.925000,0.057837,-2.111047,false,0.000000,execution_costs_v1.0,0.000000,0.000000,,,,
2024-03-06,BOOT,BBG007D38ZV3,0,false,89.900000,89.830000,0.967742,-0.077864,false,0.000000,execution_costs_v1.0,0.000000,0.000000,,,,
2024-03-06,BORR,0001715497,11,true,6.250000,6.280000,3.360000,0.480000,false,0.000000,execution_costs_v1.0,0.000000,0.000000,,,,
2024-03-06,BOWL,BBG00Z6BJ698,1,false,13.330000,12.810000,0.450113,-3.900975,false,0.000000,execution_costs_v1.0,0.000000,0.000000,,,,
2024-03-06,BOX,BBG001T5R852,26,true,28.950000,29.610000,3.696028,2.279793,false,0.000000,execution_costs_v1.0,0.000000,0.000000,,,,
2024-03-06,BPMC,BBG001V11BV0,0,false,89.000000,90.330000,3.117978,1.494382,false,0.000000,execution_costs_v1.0,0.000000,0.000000,,,,
2024-03-06,BPOP,BBG001S5PC01,0,false,85.360000,83.560000,0.105436,-2.108716,false,0.000000,execution_costs_v1.0,0.000000,0.000000,,,,
2024-03-06,BRBR,BBG013QNJHW0,0,false,60.760000,60.310000,0.394997,-0.740619,false,0.000000,execution_costs_v1.0,0.000000,0.000000,,,,
2024-03-06,BRC,BBG001S5PCB9,0,false,57.700000,57.380000,0.493934,-0.554593,false,0.000000,execution_costs_v1.0,0.000000,0.000000,,,,
2024-03-06,BRKL,BBG001S73383,0,false,9.870000,9.910000,2.228977,0.405268,false,0.000000,execution_costs_v1.0,0.000000,0.000000,,,,
2024-03-06,BRKR,BBG001SF69P0,0,false,90.550000,90.540000,0.949752,-0.011044,false,0.000000,execution_costs_v1.0,0.000000,0.000000,,,,
2024-03-06,BROS,BBG01282ZJ56,3,false,30.610000,30.030000,0.897092,-1.894806,false,0.000000,execution_costs_v1.0,0.000000,0.000000,,,,
2024-03-06,BRP,BBG00QDCHF45,0,false,29.900000,29.800000,2.107358,-0.334448,false,0.000000,execution_costs_v1.0,0.000000,0.000000,,,,
2024-03-06,BRSP,BBG00JVRRR41,0,false,6.700000,6.670000,0.583582,-0.447761,false,0.000000,execution_costs_v1.0,0.000000,0.000000,,,,
2024-03-06,BRX,BBG001V0T8T2,0,false,22.790000,22.700000,0.438789,-0.394910,false,0.000000,execution_costs_v1.0,0.000000,0.000000,,,,
2024-03-06,BRY,BBG00H5HHVK0,0,false,6.870000,7.070000,3.893741,2.911208,false,0.000000,execution_costs_v1.0,0.000000,0.000000,,,,
2024-03-06,BRZE,BBG00294NX54,2,false,53.240000,53.840000,1.690270,1.126972,false,0.000000,execution_costs_v1.0,0.000000,0.000000,,,,
2024-03-06,BSIG,BBG00P2HLNZ2,0,false,22.880000,22.790000,0.437063,-0.393357,false,0.000000,execution_costs_v1.0,0.000000,0.000000,,,,
2024-03-06,BSM,BBG008B5CF38,1,false,15.500000,15.440000,0.116129,-0.387097,false,0.000000,execution_costs_v1.0,0.000000,0.000000,,,,
2024-03-06,BSY,BBG001SBWGV7,0,false,48.960000,49.850000,2.777778,1.817810,false,0.000000,execution_costs_v1.0,0.000000,0.000000,,,,
2024-03-06,BTDR,0001899123,13,true,6.670000,6.620000,3.748126,-0.749625,false,0.000000,execution_costs_v1.0,0.000000,0.000000,,,,
2024-03-06,BTE,BBG001S998N5,5,false,3.120000,3.190000,4.487179,2.243590,false,0.000000,execution_costs_v1.0,0.000000,0.000000,,,,
2024-03-06,BTG,BBG001T0CNW6,10,true,2.640000,2.680000,1.515152,1.515152,false,0.000000,execution_costs_v1.0,0.000000,0.000000,,,,
2024-03-06,BTU,BBG00GBV89J5,0,false,25.860000,26.150000,2.088167,1.121423,false,0.000000,execution_costs_v1.0,0.000000,0.000000,,,,
2024-03-06,BUR,0001714174,1,false,14.310000,14.010000,0.908456,-2.096436,false,0.000000,execution_costs_v1.0,0.000000,0.000000,,,,
2024-03-06,BURL,BBG004S641P3,0,false,212.940000,205.890000,0.345168,-3.310792,false,0.000000,execution_costs_v1.0,0.000000,0.000000,,,,
2024-03-06,BUSE,BBG001SBH5P5,0,false,23.740000,23.899000,2.062763,0.669756,false,0.000000,execution_costs_v1.0,0.000000,0.000000,,,,
2024-03-06,BV,BBG00L1LT744,0,false,9.540000,9.895000,4.402516,3.721174,false,0.000000,execution_costs_v1.0,0.000000,0.000000,,,,
2024-03-06,BVS,BBG00D8550C2,0,false,5.140000,5.180000,0.778210,0.778210,false,0.000000,execution_costs_v1.0,0.000000,0.000000,,,,
2024-03-06,BWA,BBG001S7F4D2,0,false,31.560000,31.940000,1.615970,1.204056,false,0.000000,execution_costs_v1.0,0.000000,0.000000,,,,
2024-03-06,BWB,BBG001SQNYQ1,0,false,11.910000,11.700000,0.268682,-1.763224,false,0.000000,execution_costs_v1.0,0.000000,0.000000,,,,
2024-03-06,BWMN,BBG003BPV1R9,0,false,33.480000,34.170000,3.957587,2.060932,false,0.000000,execution_costs_v1.0,0.000000,0.000000,,,,
2024-03-06,BWMX,0001788257,0,false,18.290000,18.798000,3.729907,2.777474,false,0.000000,execution_costs_v1.0,0.000000,0.000000,,,,
2024-03-06,BWXT,BBG001SGJPH7,1,false,105.000000,105.610000,1.095238,0.580952,false,0.000000,execution_costs_v1.0,0.000000,0.000000,,,,
2024-03-06,BXC,BBG001SHHF25,0,false,120.710000,118.340000,0.488775,-1.963383,false,0.000000,execution_costs_v1.0,0.000000,0.000000,,,,
2024-03-06,BXMT,BBG001S5Q7V7,1,false,20.210000,19.810000,0.000000,-1.979218,false,0.000000,execution_costs_v1.0,0.000000,0.000000,,,,
2024-03-06,BXP,BBG001S9TWV1,0,false,65.550000,63.130000,0.000000,-3.691838,false,0.000000,execution_costs_v1.0,0.000000,0.000000,,,,
2024-03-06,BXSL,BBG00MS80PP0,2,false,29.900000,30.010000,1.605351,0.367893,false,0.000000,execution_costs_v1.0,0.000000,0.000000,,,,
2024-03-06,BY,BBG001SMZRV6,0,false,21.040000,20.970000,1.330798,-0.332700,false,0.000000,execution_costs_v1.0,0.000000,0.000000,,,,
2024-03-06,BYD,BBG001S7DMW3,0,false,63.920000,63.070000,0.000000,-1.329787,false,0.000000,execution_costs_v1.0,0.000000,0.000000,,,,
2024-03-06,BYND,BBG003CVJP69,10,true,8.450000,8.070000,1.656805,-4.497041,false,0.000000,execution_costs_v1.0,0.000000,0.000000,,,,
2024-03-06,BYON,BBG001S64TS5,11,true,33.910000,35.120000,4.423474,3.568269,false,0.000000,execution_costs_v1.0,0.000000,0.000000,,,,
2024-03-06,BZH,BBG001S76DH8,0,false,30.330000,30.180000,0.560501,-0.494560,false,0.000000,execution_costs_v1.0,0.000000,0.000000,,,,
2024-03-06,CAAP,0001717393,0,false,14.650000,14.700000,1.843003,0.341297,false,0.000000,execution_costs_v1.0,0.000000,0.000000,,,,
2024-03-06,CABA,BBG00MJ3BKX1,0,false,22.200000,22.580000,2.072072,1.711712,false,0.000000,execution_costs_v1.0,0.000000,0.000000,,,,
2024-03-06,CABO,BBG001SFK9N6,0,false,451.990000,440.000000,0.274342,-2.652714,false,0.000000,execution_costs_v1.0,0.000000,0.000000,,,,
2024-03-06,CAC,BBG001S5PGN7,0,false,32.410000,32.510000,1.419315,0.308547,false,0.000000,execution_costs_v1.0,0.000000,0.000000,,,,
2024-03-06,CACI,BBG001SF9NK1,0,false,378.180000,376.780000,0.294780,-0.370194,false,0.000000,execution_costs_v1.0,0.000000,0.000000,,,,
2024-03-06,CADE,BBG001SHFG98,0,false,28.500000,28.260000,1.228070,-0.842105,false,0.000000,execution_costs_v1.0,0.000000,0.000000,,,,
2024-03-06,CAE,BBG001S5Y4F3,0,false,19.140000,19.645000,3.082550,2.638454,false,0.000000,execution_costs_v1.0,0.000000,0.000000,,,,
2024-03-06,CAG,BBG001S5PGY5,0,false,27.910000,27.950000,0.949480,0.143318,false,0.000000,execution_costs_v1.0,0.000000,0.000000,,,,
2024-03-06,CAKE,BBG001S71Q75,1,false,35.900000,37.000000,3.064067,3.064067,false,0.000000,execution_costs_v1.0,0.000000,0.000000,,,,
2024-03-06,CAL,BBG001S76YV6,0,false,38.270000,37.330000,0.000000,-2.456232,false,0.000000,execution_costs_v1.0,0.000000,0.000000,,,,
2024-03-06,CALM,BBG001S80MM6,0,false,57.260000,57.140000,0.488998,-0.209570,false,0.000000,execution_costs_v1.0,0.000000,0.000000,,,,
2024-03-06,CALX,BBG001T633M8,0,false,37.010000,37.320000,2.864091,0.837611,false,0.000000,execution_costs_v1.0,0.000000,0.000000,,,,
2024-03-06,CAMT,0001109138,2,false,81.110000,80.900000,1.602762,-0.258908,false,0.000000,execution_costs_v1.0,0.000000,0.000000,,,,
2024-03-06,CAPL,BBG002Z9XF16,0,false,21.790000,22.060000,1.789812,1.239101,false,0.000000,execution_costs_v1.0,0.000000,0.000000,,,,
2024-03-06,CAR,BBG001S8S6R6,2,false,106.740000,105.260000,0.121698,-1.386547,false,0.000000,execution_costs_v1.0,0.000000,0.000000,,,,
2024-03-06,CARE,BBG00Y9DFYK4,0,false,13.420000,13.200000,0.000000,-1.639344,false,0.000000,execution_costs_v1.0,0.000000,0.000000,,,,
2024-03-06,CARG,BBG00HQ77DT1,2,false,22.550000,22.560000,1.241685,0.044346,false,0.000000,execution_costs_v1.0,0.000000,0.000000,,,,
2024-03-06,CARS,BBG001SP6HB5,0,false,18.290000,18.130000,0.820120,-0.874795,false,0.000000,execution_costs_v1.0,0.000000,0.000000,,,,
2024-03-06,CART,BBG00KG5VJG3,7,false,33.030000,33.620000,3.874962,1.786255,false,0.000000,execution_costs_v1.0,0.000000,0.000000,,,,
2024-03-06,CASH,BBG001S7G4Q7,0,false,51.630000,51.220000,0.929692,-0.794112,false,0.000000,execution_costs_v1.0,0.000000,0.000000,,,,
2024-03-06,CASS,BBG001S5VK42,0,false,47.520000,46.880000,0.000000,-1.346801,false,0.000000,execution_costs_v1.0,0.000000,0.000000,,,,
2024-03-06,CASY,BBG001S5PHZ2,0,false,294.930000,300.980000,3.224494,2.051334,false,0.000000,execution_costs_v1.0,0.000000,0.000000,,,,
2024-03-06,CATC,BBG001S7RSV6,0,false,64.410000,64.300000,0.916007,-0.170781,false,0.000000,execution_costs_v1.0,0.000000,0.000000,,,,
2024-03-06,CATY,BBG001S6PB10,0,false,40.830000,40.530000,0.955180,-0.734754,false,0.000000,execution_costs_v1.0,0.000000,0.000000,,,,
2024-03-06,CAVA,BBG00GBR8762,15,true,58.300000,59.240000,3.962093,1.612350,false,0.000000,execution_costs_v1.0,0.000000,0.000000,,,,
2024-03-06,CBAY,BBG005NJY3M3,0,false,32.250000,32.280000,0.155039,0.093023,false,0.000000,execution_costs_v1.0,0.000000,0.000000,,,,
2024-03-06,CBL,BBG01396RPH6,0,false,23.400000,23.470000,1.025641,0.299145,false,0.000000,execution_costs_v1.0,0.000000,0.000000,,,,
2024-03-06,CBRL,BBG001S5PK03,0,false,68.310000,69.080000,1.859171,1.127214,false,0.000000,execution_costs_v1.0,0.000000,0.000000,,,,
2024-03-06,CBSH,BBG001S5PK21,0,false,53.300000,53.000000,0.825516,-0.562852,false,0.000000,execution_costs_v1.0,0.000000,0.000000,,,,
2024-03-06,CBT,BBG001S5PK58,0,false,86.370000,85.880000,0.011578,-0.567327,false,0.000000,execution_costs_v1.0,0.000000,0.000000,,,,
2024-03-06,CBU,BBG001S5PK76,0,false,46.750000,46.930000,2.096257,0.385027,false,0.000000,execution_costs_v1.0,0.000000,0.000000,,,,
2024-03-06,CBUS,BBG00H1CJSR3,0,false,18.080000,18.310000,2.678650,1.272124,false,0.000000,execution_costs_v1.0,0.000000,0.000000,,,,
2024-03-06,CBZ,BBG001S8MB55,0,false,76.110000,75.230000,0.210222,-1.156221,false,0.000000,execution_costs_v1.0,0.000000,0.000000,,,,
2024-03-06,CC,BBG005H82GC1,0,false,20.750000,22.060000,6.746988,6.313253,false,0.000000,execution_costs_v1.0,0.000000,0.000000,,,,
2024-03-06,CCAP,BBG009NX1JV5,0,false,16.700000,16.760000,0.838323,0.359281,false,0.000000,execution_costs_v1.0,0.000000,0.000000,,,,
2024-03-06,CCB,BBG001SN16N6,0,false,38.520000,38.210000,1.401869,-0.804777,false,0.000000,execution_costs_v1.0,0.000000,0.000000,,,,
2024-03-06,CCBG,BBG001S9K7B7,0,false,28.500000,28.100000,1.543860,-1.403509,false,0.000000,execution_costs_v1.0,0.000000,0.000000,,,,
2024-03-06,CCCC,BBG00BV2Y9C6,9,false,10.580000,11.000000,6.710775,3.969754,false,0.000000,execution_costs_v1.0,0.000000,0.000000,,,,
2024-03-06,CCCS,BBG00WNSJM58,1,false,11.670000,11.850000,1.885176,1.542416,false,0.000000,execution_costs_v1.0,0.000000,0.000000,,,,
2024-03-06,CCD,BBG0065XMFM6,0,false,21.540000,21.840000,1.671309,1.392758,false,0.000000,execution_costs_v1.0,0.000000,0.000000,,,,
2024-03-06,CCG,0001965473,0,false,4.270000,4.300000,5.386417,0.702576,false,0.000000,execution_costs_v1.0,0.000000,0.000000,,,,
2024-03-06,CCK,BBG001S5PKZ5,0,false,75.510000,76.000000,1.218382,0.648921,false,0.000000,execution_costs_v1.0,0.000000,0.000000,,,,
2024-03-06,CCNE,BBG001S80QZ3,0,false,20.190000,20.325000,1.962358,0.668648,false,0.000000,execution_costs_v1.0,0.000000,0.000000,,,,
2024-03-06,CCO,BBG001SY0WV7,0,false,1.740000,1.760000,4.597701,1.149425,false,0.000000,execution_costs_v1.0,0.000000,0.000000,,,,
2024-03-06,CCOI,BBG001SC5GP2,0,false,73.560000,71.740000,0.788472,-2.474171,false,0.000000,execution_costs_v1.0,0.000000,0.000000,,,,
2024-03-06,CCRN,BBG001SG7SC9,0,false,17.960000,18.180000,1.280624,1.224944,false,0.000000,execution_costs_v1.0,0.000000,0.000000,,,,
2024-03-06,CCS,BBG006G413H4,0,false,83.710000,82.800000,0.322542,-1.087086,false,0.000000,execution_costs_v1.0,0.000000,0.000000,,,,
2024-03-06,CDE,BBG001S5PM54,12,true,2.960000,3.080000,5.743243,4.054054,false,0.000000,execution_costs_v1.0,0.000000,0.000000,,,,
2024-03-06,CDMO,BBG001SD4YL6,0,false,8.480000,8.761000,4.127358,3.313679,false,0.000000,execution_costs_v1.0,0.000000,0.000000,,,,
2024-03-06,CDNA,BBG006JS5794,0,false,11.880000,11.725000,0.757576,-1.304714,false,0.000000,execution_costs_v1.0,0.000000,0.000000,,,,
2024-03-06,CDP,BBG001S5XVM6,0,false,24.200000,24.390000,0.867769,0.785124,false,0.000000,execution_costs_v1.0,0.000000,0.000000,,,,
2024-03-06,CDRE,BBG011RK3P21,0,false,38.850000,37.100000,0.000000,-4.504505,false,0.000000,execution_costs_v1.0,0.000000,0.000000,,,,
2024-03-06,CDRO,0001866782,0,false,7.000000,6.950000,0.000000,-0.714286,false,0.000000,execution_costs_v1.0,0.000000,0.000000,,,,
2024-03-06,CECO,BBG001S6PJV0,5,false,19.430000,20.140000,5.198147,3.654143,false,0.000000,execution_costs_v1.0,0.000000,0.000000,,,,
2024-03-06,CEIX,BBG00HC115M9,0,false,91.760000,92.820000,1.503923,1.155187,false,0.000000,execution_costs_v1.0,0.000000,0.000000,,,,
2024-03-06,CELC,BBG00HKBW054,0,false,18.410000,18.190000,0.000000,-1.195003,false,0.000000,execution_costs_v1.0,0.000000,0.000000,,,,
2024-03-06,CELH,BBG001SQSKT3,8,false,87.820000,87.470000,1.047597,-0.398542,false,0.000000,execution_costs_v1.0,0.000000,0.000000,,,,
2024-03-06,CELU,BBG00P2RTT43,0,false,4.160000,4.252000,6.247596,2.211538,false,0.000000,execution_costs_v1.0,0.000000,0.000000,,,,
2024-03-06,CENN,BBG01JJ2CQM7,3,false,1.410000,1.290000,0.709220,-8.510638,false,0.000000,execution_costs_v1.0,0.000000,0.000000,,,,
2024-03-06,CENTA,BBG001SLHT35,0,false,36.140000,35.410000,0.083011,-2.019923,false,0.000000,execution_costs_v1.0,0.000000,0.000000,,,,
2024-03-06,CENX,BBG001S766G4,0,false,10.570000,10.880000,5.345317,2.932829,false,0.000000,execution_costs_v1.0,0.000000,0.000000,,,,
2024-03-06,CEPU,BBG00JNMX9L5,2,false,8.030000,8.040000,2.117061,0.124533,false,0.000000,execution_costs_v1.0,0.000000,0.000000,,,,
2024-03-06,CERE,BBG00VCYVLJ2,2,false,41.250000,41.310000,0.339394,0.145455,false,0.000000,execution_costs_v1.0,0.000000,0.000000,,,,
2024-03-06,CERS,BBG001S97DG4,2,false,2.140000,2.410000,20.560748,12.616822,true,0.000000,execution_costs_v1.0,0.000000,0.000000,,,,
2024-03-06,CERT,BBG00Y7BR4L2,0,false,18.700000,19.070000,2.727273,1.978610,false,0.000000,execution_costs_v1.0,0.000000,0.000000,,,,
2024-03-06,CEVA,BBG001S9R702,1,false,22.530000,23.123000,4.616067,2.632046,false,0.000000,execution_costs_v1.0,0.000000,0.000000,,,,
2024-03-06,CFB,BBG001T6G4Z8,0,false,12.850000,12.910000,1.945525,0.466926,false,0.000000,execution_costs_v1.0,0.000000,0.000000,,,,
2024-03-06,CFFN,BBG001SBWDX2,0,false,5.830000,5.840000,0.428816,0.171527,false,0.000000,execution_costs_v1.0,0.000000,0.000000,,,,
2024-03-06,CFLT,BBG007HWGYS3,10,true,33.310000,33.770000,2.419694,1.380967,false,0.000000,execution_costs_v1.0,0.000000,0.000000,,,,
2024-03-06,CFR,BBG001S6D2D0,3,false,110.000000,110.740000,2.072727,0.672727,false,0.000000,execution_costs_v1.0,0.000000,0.000000,,,,
2024-03-06,CGAU,BBG001SLVFY5,0,false,5.440000,5.495000,1.470588,1.011029,false,0.000000,execution_costs_v1.0,0.000000,0.000000,,,,
2024-03-06,CGBD,BBG00GQVWWQ3,0,false,16.390000,16.345000,1.037218,-0.274558,false,0.000000,execution_costs_v1.0,0.000000,0.000000,,,,
2024-03-06,CGC,BBG001T6MH82,10,true,2.930000,2.919900,2.389078,-0.344710,false,0.000000,execution_costs_v1.0,0.000000,0.000000,,,,
2024-03-06,CGEM,BBG00HW2DGR3,0,false,18.170000,17.770000,4.237755,-2.201431,false,0.000000,execution_costs_v1.0,0.000000,0.000000,,,,
2024-03-06,CGNT,0001824814,0,false,7.430000,7.340000,0.794078,-1.211306,false,0.000000,execution_costs_v1.0,0.000000,0.000000,,,,
2024-03-06,CGNX,BBG001S5TC16,0,false,40.440000,40.990000,1.656775,1.360040,false,0.000000,execution_costs_v1.0,0.000000,0.000000,,,,
2024-03-06,CHCO,BBG001S5PR71,0,false,105.300000,104.720000,0.845204,-0.550807,false,0.000000,execution_costs_v1.0,0.000000,0.000000,,,,
2024-03-06,CHCT,BBG008G2P3N1,0,false,27.170000,26.960000,0.441664,-0.772911,false,0.000000,execution_costs_v1.0,0.000000,0.000000,,,,
2024-03-06,CHDN,BBG001S67Z80,0,false,112.670000,111.980000,0.727789,-0.612408,false,0.000000,execution_costs_v1.0,0.000000,0.000000,,,,
2024-03-06,CHEF,BBG001V11JN2,0,false,38.260000,37.710000,0.836383,-1.437533,false,0.000000,execution_costs_v1.0,0.000000,0.000000,,,,
2024-03-06,CHGG,BBG001TBCK85,0,false,8.290000,7.952500,0.241255,-4.071170,false,0.000000,execution_costs_v1.0,0.000000,0.000000,,,,
2024-03-06,CHH,BBG001S997X6,0,false,115.910000,119.960000,3.502718,3.494090,false,0.000000,execution_costs_v1.0,0.000000,0.000000,,,,
2024-03-06,CHI,BBG001SG6175,0,false,11.060000,11.150000,1.257685,0.813743,false,0.000000,execution_costs_v1.0,0.000000,0.000000,,,,
2024-03-06,CHK,BBG00Z6DX607,0,false,83.160000,81.910000,0.084175,-1.503127,false,0.000000,execution_costs_v1.0,0.000000,0.000000,,,,
2024-03-06,CHPT,BBG00Q741ZS7,55,true,1.890000,1.910000,3.703704,1.058201,false,0.000000,execution_costs_v1.0,0.000000,0.000000,,,,
2024-03-06,CHRD,BBG00Y7BLJF2,0,false,164.350000,162.720000,0.000000,-0.991786,false,0.000000,execution_costs_v1.0,0.000000,0.000000,,,,
2024-03-06,CHRW,BBG001SB6KF5,1,false,72.570000,71.970000,2.404575,-0.826788,false,0.000000,execution_costs_v1.0,0.000000,0.000000,,,,
2024-03-06,CHUY,BBG001YR4229,0,false,34.070000,34.190000,0.601702,0.352216,false,0.000000,execution_costs_v1.0,0.000000,0.000000,,,,
2024-03-06,CHW,BBG001SQN842,0,false,6.240000,6.270000,1.121795,0.480769,false,0.000000,execution_costs_v1.0,0.000000,0.000000,,,,
2024-03-06,CHWY,BBG00P19DLQ4,15,true,17.720000,17.250000,0.507901,-2.652370,false,0.000000,execution_costs_v1.0,0.000000,0.000000,,,,
2024-03-06,CHX,BBG00JH9V005,0,false,31.710000,31.280000,0.220751,-1.356039,false,0.000000,execution_costs_v1.0,0.000000,0.000000,,,,
2024-03-06,CHY,BBG001S8SMN5,0,false,11.830000,11.990000,1.437025,1.352494,false,0.000000,execution_costs_v1.0,0.000000,0.000000,,,,
2024-03-06,CIEN,BBG001S61J73,4,false,61.530000,61.930000,2.527222,0.650089,false,0.000000,execution_costs_v1.0,0.000000,0.000000,,,,
2024-03-06,CIFR,BBG00XYHY0L1,26,true,2.920000,3.620000,31.164384,23.972603,true,0.000000,execution_costs_v1.0,0.000000,0.000000,,,,
2024-03-06,CIGI,BBG001S79G88,0,false,118.630000,117.070000,0.497345,-1.315013,false,0.000000,execution_costs_v1.0,0.000000,0.000000,,,,
2024-03-06,CIM,BBG001SR1G28,0,false,4.350000,4.405000,1.839080,1.264368,false,0.000000,execution_costs_v1.0,0.000000,0.000000,,,,
2024-03-06,CINT,0001868995,0,false,4.850000,4.440000,0.000000,-8.453608,false,0.000000,execution_costs_v1.0,0.000000,0.000000,,,,
2024-03-06,CION,BBG009KJ66C3,0,false,10.940000,10.880000,0.275137,-0.548446,false,0.000000,execution_costs_v1.0,0.000000,0.000000,,,,
2024-03-06,CIVI,BBG00GLNJ0R0,0,false,68.940000,68.370000,0.810270,-0.826806,false,0.000000,execution_costs_v1.0,0.000000,0.000000,,,,
2024-03-06,CIX,BBG001S643N7,0,false,29.900000,30.400000,3.678930,1.672241,false,0.000000,execution_costs_v1.0,0.000000,0.000000,,,,
2024-03-06,CLB,BBG01GG28WT1,1,false,15.760000,15.580000,0.697970,-1.142132,false,0.000000,execution_costs_v1.0,0.000000,0.000000,,,,
2024-03-06,CLBK,BBG003222R95,0,false,16.650000,16.520000,0.840841,-0.780781,false,0.000000,execution_costs_v1.0,0.000000,0.000000,,,,
2024-03-06,CLBT,0001854587,1,false,11.750000,11.540000,0.851064,-1.787234,false,0.000000,execution_costs_v1.0,0.000000,0.000000,,,,
2024-03-06,CLCO,0001944057,4,false,11.220000,11.230000,1.247772,0.089127,false,0.000000,execution_costs_v1.0,0.000000,0.000000,,,,
2024-03-06,CLDT,BBG001T5ZKL8,0,false,10.060000,10.090000,1.093439,0.298211,false,0.000000,execution_costs_v1.0,0.000000,0.000000,,,,
2024-03-06,CLDX,BBG001S7QN20,2,false,49.580000,48.710000,2.319484,-1.754740,false,0.000000,execution_costs_v1.0,0.000000,0.000000,,,,
2024-03-06,CLF,BBG001S5PW43,8,false,20.540000,20.090000,0.632911,-2.190847,false,0.000000,execution_costs_v1.0,0.000000,0.000000,,,,
2024-03-06,CLFD,BBG001S5NS35,0,false,29.730000,30.620000,5.616885,2.993609,false,0.000000,execution_costs_v1.0,0.000000,0.000000,,,,
2024-03-06,CLH,BBG001S5PW98,0,false,191.100000,190.180000,1.011722,-0.481423,false,0.000000,execution_costs_v1.0,0.000000,0.000000,,,,
2024-03-06,CLMB,BBG001S5T4D1,0,false,69.990000,68.690000,1.943135,-1.857408,false,0.000000,execution_costs_v1.0,0.000000,0.000000,,,,
2024-03-06,CLMT,BBG001SPKBJ4,0,false,15.350000,15.450000,2.280130,0.651466,false,0.000000,execution_costs_v1.0,0.000000,0.000000,,,,
2024-03-06,CLNE,BBG001SPD4H0,2,false,2.810000,2.670000,0.711744,-4.982206,false,0.000000,execution_costs_v1.0,0.000000,0.000000,,,,
2024-03-06,CLOV,BBG00SHY90K3,10,true,0.813000,0.800000,0.774908,-1.599016,false,0.000000,execution_costs_v1.0,0.000000,0.000000,,,,
2024-03-06,CLS,BBG001S9CXM7,5,false,46.770000,47.180000,2.907847,0.876630,false,0.000000,execution_costs_v1.0,0.000000,0.000000,,,,
2024-03-06,CLSK,BBG001S7F576,58,true,16.120000,16.570100,7.568238,2.792184,false,0.000000,execution_costs_v1.0,0.000000,0.000000,,,,
2024-03-06,CLVT,0001764046,0,false,7.180000,7.150000,0.557103,-0.417827,false,0.000000,execution_costs_v1.0,0.000000,0.000000,,,,
2024-03-06,CLW,BBG001T3T1B3,0,false,39.070000,38.950000,0.127975,-0.307141,false,0.000000,execution_costs_v1.0,0.000000,0.000000,,,,
2024-03-06,CMA,BBG001S6PXB1,2,false,51.800000,51.190000,0.482625,-1.177606,false,0.000000,execution_costs_v1.0,0.000000,0.000000,,,,
2024-03-06,CMAX,BBG00VWC4RQ7,4,false,11.890000,14.640000,37.258200,23.128680,true,0.000000,execution_costs_v1.0,0.000000,0.000000,,,,
2024-03-06,CMC,BBG001S5PXG8,0,false,53.320000,52.630000,1.125281,-1.294074,false,0.000000,execution_costs_v1.0,0.000000,0.000000,,,,
2024-03-06,CMCO,BBG001S5VFS7,0,false,41.470000,41.620000,0.482276,0.361707,false,0.000000,execution_costs_v1.0,0.000000,0.000000,,,,
2024-03-06,CMP,BBG001SDY0X4,0,false,21.510000,21.890000,1.766620,1.766620,false,0.000000,execution_costs_v1.0,0.000000,0.000000,,,,
2024-03-06,CMPR,0001262976,0,false,94.710000,89.920000,0.000000,-5.057544,false,0.000000,execution_costs_v1.0,0.000000,0.000000,,,,
2024-03-06,CMRE,0001503584,0,false,11.230000,11.460000,2.359751,2.048085,false,0.000000,execution_costs_v1.0,0.000000,0.000000,,,,
2024-03-06,CMTG,BBG00PT33814,0,false,9.840000,9.690000,0.609756,-1.524390,false,0.000000,execution_costs_v1.0,0.000000,0.000000,,,,
2024-03-06,CNA,BBG001S5PYX7,0,false,43.850000,44.250000,1.470924,0.912201,false,0.000000,execution_costs_v1.0,0.000000,0.000000,,,,
2024-03-06,CNDT,BBG00C1BZMV6,0,false,3.320000,3.340000,1.506024,0.602410,false,0.000000,execution_costs_v1.0,0.000000,0.000000,,,,
2024-03-06,CNK,BBG001SS31W4,0,false,17.310000,17.050000,0.693241,-1.502022,false,0.000000,execution_costs_v1.0,0.000000,0.000000,,,,
2024-03-06,CNM,BBG01163K3R5,0,false,49.100000,49.370000,1.181263,0.549898,false,0.000000,execution_costs_v1.0,0.000000,0.000000,,,,
2024-03-06,CNMD,BBG001S5PZH2,0,false,83.880000,84.610000,2.324750,0.870291,false,0.000000,execution_costs_v1.0,0.000000,0.000000,,,,
2024-03-06,CNNE,BBG00GXRNJQ3,0,false,21.970000,21.890000,0.000000,-0.364133,false,0.000000,execution_costs_v1.0,0.000000,0.000000,,,,
2024-03-06,CNO,BBG001SBR6X3,0,false,26.500000,26.840000,1.679245,1.283019,false,0.000000,execution_costs_v1.0,0.000000,0.000000,,,,
2024-03-06,CNOB,BBG001S6YLR0,0,false,19.770000,19.690000,2.883156,-0.404654,false,0.000000,execution_costs_v1.0,0.000000,0.000000,,,,
2024-03-06,CNS,BBG001S5PZN5,0,false,75.610000,75.150000,0.026452,-0.608385,false,0.000000,execution_costs_v1.0,0.000000,0.000000,,,,
2024-03-06,CNSL,BBG001S5PL29,0,false,4.280000,4.270000,0.233645,-0.233645,false,0.000000,execution_costs_v1.0,0.000000,0.000000,,,,
2024-03-06,CNX,BBG001SC7TN4,1,false,21.690000,21.177500,0.276625,-2.362840,false,0.000000,execution_costs_v1.0,0.000000,0.000000,,,,
2024-03-06,CNXC,BBG00RCNQMY2,0,false,70.010000,67.510000,1.014141,-3.570918,false,0.000000,execution_costs_v1.0,0.000000,0.000000,,,,
2024-03-06,CNXN,BBG001S96MG5,0,false,66.440000,65.630000,0.000000,-1.219145,false,0.000000,execution_costs_v1.0,0.000000,0.000000,,,,
2024-03-06,COCO,BBG012QFVTF8,0,false,25.980000,25.310000,0.000000,-2.578907,false,0.000000,execution_costs_v1.0,0.000000,0.000000,,,,
2024-03-06,CODI,BBG001SPY7K6,0,false,23.520000,23.730000,1.326531,0.892857,false,0.000000,execution_costs_v1.0,0.000000,0.000000,,,,
2024-03-06,COGT,BBG007DHY102,0,false,7.120000,6.900000,0.140449,-3.089888,false,0.000000,execution_costs_v1.0,0.000000,0.000000,,,,
2024-03-06,COHR,BBG001S5S6N6,1,false,67.000000,64.690000,0.283582,-3.447761,false,0.000000,execution_costs_v1.0,0.000000,0.000000,,,,
2024-03-06,COHU,BBG001S87LQ7,0,false,31.780000,32.030000,1.809314,0.786658,false,0.000000,execution_costs_v1.0,0.000000,0.000000,,,,
2024-03-06,COLB,BBG001S72GJ3,1,false,18.780000,19.490000,4.685836,3.780618,false,0.000000,execution_costs_v1.0,0.000000,0.000000,,,,
2024-03-06,COLD,BBG001SMQ866,0,false,26.150000,25.920000,0.267686,-0.879541,false,0.000000,execution_costs_v1.0,0.000000,0.000000,,,,
2024-03-06,COLL,BBG001T535S9,0,false,36.370000,36.680000,1.512235,0.852351,false,0.000000,execution_costs_v1.0,0.000000,0.000000,,,,
2024-03-06,COLM,BBG001S90WD2,0,false,80.420000,80.410000,0.254912,-0.012435,false,0.000000,execution_costs_v1.0,0.000000,0.000000,,,,
2024-03-06,COMP,BBG00J5SXTJ1,0,false,3.740000,3.760000,2.673797,0.534759,false,0.000000,execution_costs_v1.0,0.000000,0.000000,,,,
2024-03-06,COO,BBG001S5Q1H6,0,false,102.820000,101.880000,0.000000,-0.914219,false,0.000000,execution_costs_v1.0,0.000000,0.000000,,,,
2024-03-06,COOP,BBG002V09956,1,false,73.600000,72.380100,2.214538,-1.657473,false,0.000000,execution_costs_v1.0,0.000000,0.000000,,,,
2024-03-06,CORT,BBG001S8QGV1,0,false,23.750000,23.010000,0.000000,-3.115789,false,0.000000,execution_costs_v1.0,0.000000,0.000000,,,,
2024-03-06,COTY,BBG001S8GLM1,1,false,12.670000,12.760000,1.420679,0.710339,false,0.000000,execution_costs_v1.0,0.000000,0.000000,,,,
2024-03-06,COUR,BBG002WLDMY3,0,false,15.190000,15.000000,0.000000,-1.250823,false,0.000000,execution_costs_v1.0,0.000000,0.000000,,,,
2024-03-06,CPA,0001345105,0,false,99.110000,98.590000,0.585208,-0.524670,false,0.000000,execution_costs_v1.0,0.000000,0.000000,,,,
2024-03-06,CPB,BBG001S5Q2B0,3,false,44.390000,43.300000,1.599459,-2.455508,false,0.000000,execution_costs_v1.0,0.000000,0.000000,,,,
2024-03-06,CPE,BBG001SB5DH0,1,false,32.240000,31.900000,0.241935,-1.054591,false,0.000000,execution_costs_v1.0,0.000000,0.000000,,,,
2024-03-06,CPF,BBG001S5Q2C9,0,false,19.400000,19.250000,1.030928,-0.773196,false,0.000000,execution_costs_v1.0,0.000000,0.000000,,,,
2024-03-06,CPG,BBG001SLLJ78,6,false,7.600000,7.565000,0.526316,-0.460526,false,0.000000,execution_costs_v1.0,0.000000,0.000000,,,,
2024-03-06,CPK,BBG001SCP5R2,0,false,104.210000,103.010000,1.017177,-1.151521,false,0.000000,execution_costs_v1.0,0.000000,0.000000,,,,
2024-03-06,CPLP,0001392326,0,false,17.176500,17.904000,4.503246,4.235438,false,0.000000,execution_costs_v1.0,0.000000,0.000000,,,,
2024-03-06,CPRI,0001530721,0,false,45.970000,45.780000,0.217533,-0.413313,false,0.000000,execution_costs_v1.0,0.000000,0.000000,,,,
2024-03-06,CPRX,BBG001SRHS16,4,false,16.410000,15.870000,0.578915,-3.290676,false,0.000000,execution_costs_v1.0,0.000000,0.000000,,,,
2024-03-06,CPT,BBG001S5Q6V9,0,false,97.460000,98.280000,1.292838,0.841371,false,0.000000,execution_costs_v1.0,0.000000,0.000000,,,,
2024-03-06,CR,BBG016G0L0V9,0,false,125.220000,125.800000,0.822552,0.463185,false,0.000000,execution_costs_v1.0,0.000000,0.000000,,,,
2024-03-06,CRAI,BBG001SBRK80,0,false,135.550000,138.680000,3.098488,2.309111,false,0.000000,execution_costs_v1.0,0.000000,0.000000,,,,
2024-03-06,CRBU,BBG008G28LH7,4,false,7.460000,7.430000,0.536193,-0.402145,false,0.000000,execution_costs_v1.0,0.000000,0.000000,,,,
2024-03-06,CRC,BBG00Y04KQ51,0,false,53.500000,53.110000,1.140187,-0.728972,false,0.000000,execution_costs_v1.0,0.000000,0.000000,,,,
2024-03-06,CRCT,BBG00XJFB224,1,false,4.650000,4.670000,5.591398,0.430108,false,0.000000,execution_costs_v1.0,0.000000,0.000000,,,,
2024-03-06,CRD.A,BBG001S5TK72,0,false,8.880000,8.640000,5.067568,-2.702703,false,0.000000,execution_costs_v1.0,0.000000,0.000000,,,,
2024-03-06,CRDO,0001807794,1,false,21.110000,21.790000,3.505448,3.221222,false,0.000000,execution_costs_v1.0,0.000000,0.000000,,,,
2024-03-06,CRGY,BBG013THLJ08,1,false,11.950000,11.270000,0.250209,-5.690377,false,0.000000,execution_costs_v1.0,0.000000,0.000000,,,,
2024-03-06,CRI,BBG001SCJ3Q5,0,false,81.600000,82.870000,2.426471,1.556373,false,0.000000,execution_costs_v1.0,0.000000,0.000000,,,,
2024-03-06,CRK,BBG001S8FX55,0,false,8.790000,8.630000,0.000000,-1.820250,false,0.000000,execution_costs_v1.0,0.000000,0.000000,,,,
2024-03-06,CRL,BBG001S7Q271,0,false,262.970000,263.660000,2.331064,0.262387,false,0.000000,execution_costs_v1.0,0.000000,0.000000,,,,
2024-03-06,CRMT,BBG001S6Z7P2,1,false,61.000000,60.930000,3.491803,-0.114754,false,0.000000,execution_costs_v1.0,0.000000,0.000000,,,,
2024-03-06,CRNC,BBG00MMDJG93,1,false,14.120000,14.000000,0.566572,-0.849858,false,0.000000,execution_costs_v1.0,0.000000,0.000000,,,,
2024-03-06,CRNX,BBG00BC592C3,0,false,45.000000,43.530000,1.955556,-3.266667,false,0.000000,execution_costs_v1.0,0.000000,0.000000,,,,
2024-03-06,CRON,BBG006G267X6,4,false,1.970000,1.965000,1.522843,-0.253807,false,0.000000,execution_costs_v1.0,0.000000,0.000000,,,,
2024-03-06,CROX,BBG001SDGFR8,6,false,123.500000,120.390000,0.244372,-2.518219,false,0.000000,execution_costs_v1.0,0.000000,0.000000,,,,
2024-03-06,CRS,BBG001S5Q5M1,0,false,64.390000,65.260000,1.521975,1.351141,false,0.000000,execution_costs_v1.0,0.000000,0.000000,,,,
2024-03-06,CRSP,0001674416,12,true,81.580000,80.860000,0.490316,-0.882569,false,0.000000,execution_costs_v1.0,0.000000,0.000000,,,,
2024-03-06,CRSR,BBG00HMSHL92,0,false,12.510000,12.490000,0.959233,-0.159872,false,0.000000,execution_costs_v1.0,0.000000,0.000000,,,,
2024-03-06,CRUS,BBG001S67J86,0,false,90.590000,91.260000,2.500276,0.739596,false,0.000000,execution_costs_v1.0,0.000000,0.000000,,,,
2024-03-06,CRVL,BBG001S72ZL8,0,false,235.740000,232.240000,0.212098,-1.484687,false,0.000000,execution_costs_v1.0,0.000000,0.000000,,,,
2024-03-06,CSGS,BBG001S8QQ76,0,false,53.400000,53.260000,1.985019,-0.262172,false,0.000000,execution_costs_v1.0,0.000000,0.000000,,,,
2024-03-06,CSIQ,BBG001SPNJT3,6,false,19.950000,20.339000,2.255639,1.949875,false,0.000000,execution_costs_v1.0,0.000000,0.000000,,,,
2024-03-06,CSQ,BBG001SC0HR3,0,false,15.940000,16.030000,1.756587,0.564617,false,0.000000,execution_costs_v1.0,0.000000,0.000000,,,,
2024-03-06,CSR,BBG001SB9ZW0,0,false,56.570000,55.430000,0.123740,-2.015202,false,0.000000,execution_costs_v1.0,0.000000,0.000000,,,,
2024-03-06,CSTL,BBG006YWVSS2,0,false,22.650000,21.465000,1.324503,-5.231788,false,0.000000,execution_costs_v1.0,0.000000,0.000000,,,,
2024-03-06,CSTM,0001563411,0,false,19.480000,19.410000,0.359343,-0.359343,false,0.000000,execution_costs_v1.0,0.000000,0.000000,,,,
2024-03-06,CSTR,BBG00CW88W92,0,false,19.430000,19.300000,0.561503,-0.669068,false,0.000000,execution_costs_v1.0,0.000000,0.000000,,,,
2024-03-06,CSV,BBG001S9M5G4,0,false,24.600000,25.300000,3.414634,2.845528,false,0.000000,execution_costs_v1.0,0.000000,0.000000,,,,
2024-03-06,CSWC,BBG001S5Q7P4,1,false,24.150000,24.220000,2.070393,0.289855,false,0.000000,execution_costs_v1.0,0.000000,0.000000,,,,
2024-03-06,CSWI,BBG007NLG4M2,0,false,232.670000,234.815000,1.712726,0.921907,false,0.000000,execution_costs_v1.0,0.000000,0.000000,,,,
2024-03-06,CTBI,BBG001S9F6J7,0,false,40.360000,40.530000,1.337958,0.421209,false,0.000000,execution_costs_v1.0,0.000000,0.000000,,,,
2024-03-06,CTKB,BBG00D36Q103,0,false,8.080000,7.070000,1.175743,-12.500000,false,0.000000,execution_costs_v1.0,0.000000,0.000000,,,,
2024-03-06,CTLP,BBG001S96MW7,0,false,6.320000,6.310000,1.107595,-0.158228,false,0.000000,execution_costs_v1.0,0.000000,0.000000,,,,
2024-03-06,CTLT,BBG005XR47N7,0,false,57.000000,56.650000,0.333333,-0.614035,false,0.000000,execution_costs_v1.0,0.000000,0.000000,,,,
2024-03-06,CTO,BBG00Y3M1H68,2,false,17.070000,16.900000,0.000000,-0.995899,false,0.000000,execution_costs_v1.0,0.000000,0.000000,,,,
2024-03-06,CTOS,BBG00HLCWDG1,0,false,6.250000,6.085000,0.000000,-2.640000,false,0.000000,execution_costs_v1.0,0.000000,0.000000,,,,
2024-03-06,CTRE,BBG005KC4Z61,0,false,23.400000,23.540000,1.709402,0.598291,false,0.000000,execution_costs_v1.0,0.000000,0.000000,,,,
2024-03-06,CTS,BBG001S5Q8Y2,0,false,44.840000,44.610000,0.446030,-0.512935,false,0.000000,execution_costs_v1.0,0.000000,0.000000,,,,
2024-03-06,CUBE,BBG001SHP0D7,0,false,44.210000,44.120000,0.158335,-0.203574,false,0.000000,execution_costs_v1.0,0.000000,0.000000,,,,
2024-03-06,CUBI,BBG0023XX770,0,false,54.060000,54.660000,2.978172,1.109878,false,0.000000,execution_costs_v1.0,0.000000,0.000000,,,,
2024-03-06,CURV,BBG011C0PDC3,0,false,4.860000,4.700000,0.000000,-3.292181,false,0.000000,execution_costs_v1.0,0.000000,0.000000,,,,
2024-03-06,CUZ,BBG001S73MB7,7,false,23.910000,23.720000,0.460059,-0.794647,false,0.000000,execution_costs_v1.0,0.000000,0.000000,,,,
2024-03-06,CVAC,0001809122,0,false,3.330000,3.270000,0.897898,-1.801802,false,0.000000,execution_costs_v1.0,0.000000,0.000000,,,,
2024-03-06,CVBF,BBG001SJ1SH4,0,false,17.820000,17.800000,2.693603,-0.112233,false,0.000000,execution_costs_v1.0,0.000000,0.000000,,,,
2024-03-06,CVCO,BBG001SJQBM8,0,false,372.450000,366.870000,0.279232,-1.498188,false,0.000000,execution_costs_v1.0,0.000000,0.000000,,,,
2024-03-06,CVEO,BBG009KJ2H33,0,false,23.820000,24.100000,2.308984,1.175483,false,0.000000,execution_costs_v1.0,0.000000,0.000000,,,,
2024-03-06,CVGW,BBG001S9FP96,0,false,29.040000,29.400000,2.720386,1.239669,false,0.000000,execution_costs_v1.0,0.000000,0.000000,,,,
2024-03-06,CVI,BBG001SM6PD2,0,false,32.430000,32.190000,0.647549,-0.740056,false,0.000000,execution_costs_v1.0,0.000000,0.000000,,,,
2024-03-06,CVII,BBG00ZKGBLC2,0,false,10.650000,10.630000,0.000000,-0.187793,false,0.000000,execution_costs_v1.0,0.000000,0.000000,,,,
2024-03-06,CVLG,BBG001S89TF0,0,false,46.790000,46.095000,0.000000,-1.485360,false,0.000000,execution_costs_v1.0,0.000000,0.000000,,,,
2024-03-06,CVLT,BBG001S7R751,0,false,97.430000,99.440000,2.319614,2.063020,false,0.000000,execution_costs_v1.0,0.000000,0.000000,,,,
2024-03-06,CVNA,BBG00GCTWF71,33,true,79.150000,77.880000,2.425774,-1.604548,false,0.000000,execution_costs_v1.0,0.000000,0.000000,,,,
2024-03-06,CVRX,BBG001TJ3M57,0,false,19.080000,19.900000,5.188679,4.297694,false,0.000000,execution_costs_v1.0,0.000000,0.000000,,,,
2024-03-06,CW,BBG001S5QBK0,0,false,240.170000,241.690000,0.645376,0.632885,false,0.000000,execution_costs_v1.0,0.000000,0.000000,,,,
2024-03-06,CWAN,BBG012C765M3,0,false,17.190000,17.340000,2.210588,0.872600,false,0.000000,execution_costs_v1.0,0.000000,0.000000,,,,
2024-03-06,CWCO,0000928340,0,false,29.500000,29.620000,0.615932,0.406780,false,0.000000,execution_costs_v1.0,0.000000,0.000000,,,,
2024-03-06,CWEN,BBG008LJ4TG2,0,false,22.070000,22.020000,0.203897,-0.226552,false,0.000000,execution_costs_v1.0,0.000000,0.000000,,,,
2024-03-06,CWH,BBG00D2Z7X92,3,false,28.310000,27.570000,0.847757,-2.613917,false,0.000000,execution_costs_v1.0,0.000000,0.000000,,,,
2024-03-06,CWK,0001628369,0,false,9.970000,9.795000,0.501505,-1.755266,false,0.000000,execution_costs_v1.0,0.000000,0.000000,,,,
2024-03-06,CWST,BBG001SB5S05,0,false,92.350000,93.100000,0.866270,0.812128,false,0.000000,execution_costs_v1.0,0.000000,0.000000,,,,
2024-03-06,CWT,BBG001S7QBD4,0,false,45.630000,45.610000,0.920447,-0.043831,false,0.000000,execution_costs_v1.0,0.000000,0.000000,,,,
2024-03-06,CXM,BBG0043NCD14,0,false,13.260000,13.100000,0.527903,-1.206637,false,0.000000,execution_costs_v1.0,0.000000,0.000000,,,,
2024-03-06,CXT,BBG017BXPZ94,0,false,59.520000,59.770000,0.806452,0.420027,false,0.000000,execution_costs_v1.0,0.000000,0.000000,,,,
2024-03-06,CXW,BBG001S8PTV4,0,false,14.720000,14.760000,1.426630,0.271739,false,0.000000,execution_costs_v1.0,0.000000,0.000000,,,,
2024-03-06,CYBR,0001598110,2,false,264.750000,258.510000,0.657224,-2.356941,false,0.000000,execution_costs_v1.0,0.000000,0.000000,,,,
2024-03-06,CYD,0000932695,0,false,8.850000,8.880000,0.451977,0.338983,false,0.000000,execution_costs_v1.0,0.000000,0.000000,,,,
2024-03-06,CYH,BBG001S89L85,1,false,2.850000,2.790000,1.228070,-2.105263,false,0.000000,execution_costs_v1.0,0.000000,0.000000,,,,
2024-03-06,CYRX,BBG001SLKBJ3,0,false,17.260000,17.250000,1.274623,-0.057937,false,0.000000,execution_costs_v1.0,0.000000,0.000000,,,,
2024-03-06,CYTK,BBG001SGMVF2,0,false,67.290000,66.980000,1.055134,-0.460693,false,0.000000,execution_costs_v1.0,0.000000,0.000000,,,,
2024-03-06,CZR,BBG0074Q3NL5,8,false,41.930000,40.980000,0.000000,-2.265681,false,0.000000,execution_costs_v1.0,0.000000,0.000000,,,,
2024-03-06,DAC,0001369241,0,false,69.600000,71.430000,3.088937,2.629310,false,0.000000,execution_costs_v1.0,0.000000,0.000000,,,,
2024-03-06,DAKT,BBG001S7N3Z1,0,false,8.760000,8.810000,2.625571,0.570776,false,0.000000,execution_costs_v1.0,0.000000,0.000000,,,,
2024-03-06,DAN,BBG001SRW699,0,false,12.500000,12.395000,0.000000,-0.840000,false,0.000000,execution_costs_v1.0,0.000000,0.000000,,,,
2024-03-06,DAR,BBG001SB7RP8,0,false,43.520000,43.220000,0.597426,-0.689338,false,0.000000,execution_costs_v1.0,0.000000,0.000000,,,,
2024-03-06,DAVE,BBG00Z483WM2,5,false,35.010000,31.690000,2.542131,-9.483005,false,0.000000,execution_costs_v1.0,0.000000,0.000000,,,,
2024-03-06,DAWN,BBG00V1KSN13,2,false,16.340000,15.760000,0.000000,-3.549572,false,0.000000,execution_costs_v1.0,0.000000,0.000000,,,,
2024-03-06,DBD,BBG01HVHYCP8,0,false,33.020000,32.860000,0.817686,-0.484555,false,0.000000,execution_costs_v1.0,0.000000,0.000000,,,,
2024-03-06,DBI,BBG001SLWM79,0,false,10.730000,10.320000,0.000000,-3.821062,false,0.000000,execution_costs_v1.0,0.000000,0.000000,,,,
2024-03-06,DBRG,BBG00D30HGN8,0,false,18.600000,18.140000,0.403226,-2.473118,false,0.000000,execution_costs_v1.0,0.000000,0.000000,,,,
2024-03-06,DBX,BBG001TFLWN3,1,false,24.230000,23.790000,0.330169,-1.815931,false,0.000000,execution_costs_v1.0,0.000000,0.000000,,,,
2024-03-06,DCBO,BBG00Q2B1CB5,0,false,52.980000,52.460000,0.226501,-0.981502,false,0.000000,execution_costs_v1.0,0.000000,0.000000,,,,
2024-03-06,DCGO,BBG00YB8JBL7,0,false,3.950000,3.940000,1.032911,-0.253165,false,0.000000,execution_costs_v1.0,0.000000,0.000000,,,,
2024-03-06,DCI,BBG001S5QDV4,0,false,72.720000,73.410000,1.058856,0.948845,false,0.000000,execution_costs_v1.0,0.000000,0.000000,,,,
2024-03-06,DCO,BBG001S5QDZ0,0,false,48.540000,49.140000,1.565719,1.236094,false,0.000000,execution_costs_v1.0,0.000000,0.000000,,,,
2024-03-06,DCOM,BBG001S7NTQ4,0,false,18.420000,18.450000,3.257329,0.162866,false,0.000000,execution_costs_v1.0,0.000000,0.000000,,,,
2024-03-06,DCPH,BBG00HMJ9H63,0,false,16.920000,16.940000,0.886525,0.118203,false,0.000000,execution_costs_v1.0,0.000000,0.000000,,,,
2024-03-06,DDD,BBG001S7FHX1,2,false,4.520000,4.525000,2.876106,0.110619,false,0.000000,execution_costs_v1.0,0.000000,0.000000,,,,
2024-03-06,DDS,BBG001S5VNW5,0,false,407.670000,395.160000,0.000000,-3.068658,false,0.000000,execution_costs_v1.0,0.000000,0.000000,,,,
2024-03-06,DEA,BBG007SV91T2,4,false,11.700000,11.640000,0.256410,-0.512821,false,0.000000,execution_costs_v1.0,0.000000,0.000000,,,,
2024-03-06,DEI,BBG001SR5X72,0,false,13.980000,13.510000,0.000000,-3.361946,false,0.000000,execution_costs_v1.0,0.000000,0.000000,,,,
2024-03-06,DENN,BBG001S5YGR3,0,false,9.170000,9.280000,1.581243,1.199564,false,0.000000,execution_costs_v1.0,0.000000,0.000000,,,,
2024-03-06,DESP,0001703141,0,false,8.720000,8.705000,1.204128,-0.172018,false,0.000000,execution_costs_v1.0,0.000000,0.000000,,,,
2024-03-06,DFH,BBG00YN8LKQ6,0,false,38.260000,38.690000,1.150026,1.123889,false,0.000000,execution_costs_v1.0,0.000000,0.000000,,,,
2024-03-06,DFIN,BBG009R0CT67,0,false,65.500000,64.400000,0.000000,-1.679389,false,0.000000,execution_costs_v1.0,0.000000,0.000000,,,,
2024-03-06,DGICA,BBG001SHRMC8,0,false,13.750000,13.830000,1.018182,0.581818,false,0.000000,execution_costs_v1.0,0.000000,0.000000,,,,
2024-03-06,DGII,BBG001S5Z4V4,0,false,29.200000,29.250000,1.810616,0.171233,false,0.000000,execution_costs_v1.0,0.000000,0.000000,,,,
2024-03-06,DGX,BBG001S9GX43,0,false,124.650000,126.950000,1.893301,1.845166,false,0.000000,execution_costs_v1.0,0.000000,0.000000,,,,
2024-03-06,DH,BBG01282ZKG1,0,false,8.450000,8.145000,0.000000,-3.609467,false,0.000000,execution_costs_v1.0,0.000000,0.000000,,,,
2024-03-06,DHIL,BBG001SCH7V2,0,false,153.270000,153.400000,0.084818,0.084818,false,0.000000,execution_costs_v1.0,0.000000,0.000000,,,,
2024-03-06,DHT,0001331284,2,false,11.200000,11.120000,0.669643,-0.714286,false,0.000000,execution_costs_v1.0,0.000000,0.000000,,,,
2024-03-06,DIN,BBG001SD46L7,0,false,49.980000,50.800000,2.240896,1.640656,false,0.000000,execution_costs_v1.0,0.000000,0.000000,,,,
2024-03-06,DINO,BBG0135B2269,0,false,55.960000,55.590000,0.089350,-0.661187,false,0.000000,execution_costs_v1.0,0.000000,0.000000,,,,
2024-03-06,DIOD,BBG001SCJ937,0,false,67.500000,67.130000,1.140741,-0.548148,false,0.000000,execution_costs_v1.0,0.000000,0.000000,,,,
2024-03-06,DJCO,BBG001S5QHM5,0,false,371.010000,373.980000,0.808604,0.800518,false,0.000000,execution_costs_v1.0,0.000000,0.000000,,,,
2024-03-06,DK,BBG00FZYFVD4,1,false,25.540000,25.280000,0.956539,-1.018011,false,0.000000,execution_costs_v1.0,0.000000,0.000000,,,,
2024-03-06,DKL,BBG0036D6305,0,false,44.070000,44.990000,2.541411,2.087588,false,0.000000,execution_costs_v1.0,0.000000,0.000000,,,,
2024-03-06,DLB,BBG001SDXGH8,0,false,81.890000,81.520000,0.000000,-0.451826,false,0.000000,execution_costs_v1.0,0.000000,0.000000,,,,
2024-03-06,DLO,0001846832,0,false,16.660000,16.790000,2.280912,0.780312,false,0.000000,execution_costs_v1.0,0.000000,0.000000,,,,
2024-03-06,DLX,BBG001S5QJ69,0,false,19.180000,18.860000,0.000000,-1.668405,false,0.000000,execution_costs_v1.0,0.000000,0.000000,,,,
2024-03-06,DMLP,BBG001SLKJK4,0,false,31.110000,31.190000,1.216329,0.257152,false,0.000000,execution_costs_v1.0,0.000000,0.000000,,,,
2024-03-06,DMRC,BBG001T2W3C6,0,false,33.200000,32.090000,0.180723,-3.343373,false,0.000000,execution_costs_v1.0,0.000000,0.000000,,,,
2024-03-06,DNA,BBG00YPS1LT7,43,true,1.200000,1.210000,3.333333,0.833333,false,0.000000,execution_costs_v1.0,0.000000,0.000000,,,,
2024-03-06,DNB,BBG00VCZXBX3,0,false,10.390000,10.345000,1.924928,-0.433109,false,0.000000,execution_costs_v1.0,0.000000,0.000000,,,,
2024-03-06,DNLI,BBG008P7F878,1,false,20.775000,20.520000,1.419976,-1.227437,false,0.000000,execution_costs_v1.0,0.000000,0.000000,,,,
2024-03-06,DNN,BBG001S9ZPX7,10,true,1.830000,1.835000,2.732240,0.273224,false,0.000000,execution_costs_v1.0,0.000000,0.000000,,,,
2024-03-06,DNOW,BBG005BLN1Z3,0,false,14.390000,14.580000,2.397498,1.320361,false,0.000000,execution_costs_v1.0,0.000000,0.000000,,,,
2024-03-06,DNTH,BBG00FB2NQ15,0,false,25.000000,24.940000,1.560000,-0.240000,false,0.000000,execution_costs_v1.0,0.000000,0.000000,,,,
2024-03-06,DNUT,BBG0118Y87P2,0,false,12.900000,12.730000,0.000000,-1.317829,false,0.000000,execution_costs_v1.0,0.000000,0.000000,,,,
2024-03-06,DO,BBG010JCFCF2,0,false,11.990000,11.800000,1.251043,-1.584654,false,0.000000,execution_costs_v1.0,0.000000,0.000000,,,,
2024-03-06,DOC,BBG001S5RTS2,0,false,17.180000,17.570000,3.608847,2.270081,false,0.000000,execution_costs_v1.0,0.000000,0.000000,,,,
2024-03-06,DOCN,BBG00ZGF6TM7,1,false,38.800000,39.110000,2.422680,0.798969,false,0.000000,execution_costs_v1.0,0.000000,0.000000,,,,
2024-03-06,DOCS,BBG0026ZJQY6,1,false,28.090000,28.110000,0.569598,0.071200,false,0.000000,execution_costs_v1.0,0.000000,0.000000,,,,
2024-03-06,DOCU,BBG001T535D5,1,false,53.080000,52.480000,1.149209,-1.130369,false,0.000000,execution_costs_v1.0,0.000000,0.000000,,,,
2024-03-06,DOLE,0001857475,0,false,11.590000,11.520000,0.690250,-0.603969,false,0.000000,execution_costs_v1.0,0.000000,0.000000,,,,
2024-03-06,DOMO,BBG00L2NS125,0,false,11.330000,11.650000,3.883495,2.824360,false,0.000000,execution_costs_v1.0,0.000000,0.000000,,,,
2024-03-06,DOOO,BBG004G49425,0,false,64.440000,63.825000,0.000000,-0.954376,false,0.000000,execution_costs_v1.0,0.000000,0.000000,,,,
2024-03-06,DOOR,BBG001T51RT2,0,false,130.750000,130.790000,0.137667,0.030593,false,0.000000,execution_costs_v1.0,0.000000,0.000000,,,,
2024-03-06,DORM,BBG001S5S932,0,false,91.610000,91.010000,0.523960,-0.654950,false,0.000000,execution_costs_v1.0,0.000000,0.000000,,,,
2024-03-06,DOX,0001062579,0,false,91.260000,91.600000,1.048652,0.372562,false,0.000000,execution_costs_v1.0,0.000000,0.000000,,,,
2024-03-06,DRCT,BBG013JR1M75,1,false,24.480000,21.790000,0.081699,-10.988562,false,0.000000,execution_costs_v1.0,0.000000,0.000000,,,,
2024-03-06,DRH,BBG001SJ63M8,0,false,9.560000,9.530000,3.190377,-0.313808,false,0.000000,execution_costs_v1.0,0.000000,0.000000,,,,
2024-03-06,DRQ,BBG001SB9LK4,0,false,23.000000,22.350000,0.117391,-2.826087,false,0.000000,execution_costs_v1.0,0.000000,0.000000,,,,
2024-03-06,DRS,BBG00ZSB4TT8,0,false,23.190000,23.290000,1.336783,0.431220,false,0.000000,execution_costs_v1.0,0.000000,0.000000,,,,
2024-03-06,DRVN,BBG00YN8ND71,0,false,13.920000,13.795000,0.431034,-0.897989,false,0.000000,execution_costs_v1.0,0.000000,0.000000,,,,
2024-03-06,DSGR,BBG001S5SQ43,0,false,32.160000,30.960000,0.326493,-3.731343,false,0.000000,execution_costs_v1.0,0.000000,0.000000,,,,
2024-03-06,DSGX,BBG001SBJY34,0,false,85.680000,87.320000,1.937442,1.914099,false,0.000000,execution_costs_v1.0,0.000000,0.000000,,,,
2024-03-06,DSKE,BBG009NWXKC0,0,false,8.250000,8.240000,0.000000,-0.121212,false,0.000000,execution_costs_v1.0,0.000000,0.000000,,,,
2024-03-06,DSX,0001318885,1,false,2.920000,2.910000,0.684932,-0.342466,false,0.000000,execution_costs_v1.0,0.000000,0.000000,,,,
2024-03-06,DT,BBG00PNN7CW9,0,false,47.990000,46.320000,0.062513,-3.479892,false,0.000000,execution_costs_v1.0,0.000000,0.000000,,,,
2024-03-06,DTIL,BBG008NSBPW2,1,false,12.400000,12.520000,3.548387,0.967742,false,0.000000,execution_costs_v1.0,0.000000,0.000000,,,,
2024-03-06,DTM,BBG0112Z58K1,0,false,58.570000,58.320000,0.563428,-0.426840,false,0.000000,execution_costs_v1.0,0.000000,0.000000,,,,
2024-03-06,DTSS,BBG00B8TYJY7,28,true,8.290000,9.145500,20.265380,10.319662,true,0.000000,execution_costs_v1.0,0.000000,0.000000,,,,
2024-03-06,DUOL,BBG003D4V960,7,false,215.070000,212.250000,1.241456,-1.311201,false,0.000000,execution_costs_v1.0,0.000000,0.000000,,,,
2024-03-06,DV,BBG00ZNRRKL0,0,false,30.300000,29.570000,0.495050,-2.409241,false,0.000000,execution_costs_v1.0,0.000000,0.000000,,,,
2024-03-06,DVA,BBG001SB5DZ0,1,false,133.040000,131.970000,1.394317,-0.804269,false,0.000000,execution_costs_v1.0,0.000000,0.000000,,,,
2024-03-06,DVAX,BBG001S7HTB7,4,false,12.590000,12.740000,1.429706,1.191422,false,0.000000,execution_costs_v1.0,0.000000,0.000000,,,,
2024-03-06,DX,BBG001S5R078,3,false,12.340000,12.380000,0.486224,0.324149,false,0.000000,execution_costs_v1.0,0.000000,0.000000,,,,
2024-03-06,DXC,BBG00FN64XV6,0,false,20.400000,20.380000,0.735294,-0.098039,false,0.000000,execution_costs_v1.0,0.000000,0.000000,,,,
2024-03-06,DXPE,BBG001S9F0F4,0,false,35.660000,35.080000,1.318003,-1.626472,false,0.000000,execution_costs_v1.0,0.000000,0.000000,,,,
2024-03-06,DY,BBG001S6MGW8,0,false,131.840000,134.660000,2.351335,2.138956,false,0.000000,execution_costs_v1.0,0.000000,0.000000,,,,
2024-03-06,DYN,BBG00NSGPJF8,1,false,26.990000,26.780000,0.592812,-0.778066,false,0.000000,execution_costs_v1.0,0.000000,0.000000,,,,
2024-03-06,EAF,BBG00KDYT9G8,0,false,1.730000,1.775000,8.092486,2.601156,false,0.000000,execution_costs_v1.0,0.000000,0.000000,,,,
2024-03-06,EAT,BBG001S5RFV8,0,false,47.810000,48.760000,3.451161,1.987032,false,0.000000,execution_costs_v1.0,0.000000,0.000000,,,,
2024-03-06,EB,BBG001V1CQC6,0,false,5.180000,5.270000,2.606178,1.737452,false,0.000000,execution_costs_v1.0,0.000000,0.000000,,,,
2024-03-06,EBC,BBG00W9KWY41,0,false,13.180000,13.090000,0.682853,-0.682853,false,0.000000,execution_costs_v1.0,0.000000,0.000000,,,,
2024-03-06,EBF,BBG001S5QQS9,0,false,19.760000,19.790000,0.657895,0.151822,false,0.000000,execution_costs_v1.0,0.000000,0.000000,,,,
2024-03-06,EBTC,BBG001SB6470,0,false,27.320000,26.760000,0.000000,-2.049780,false,0.000000,execution_costs_v1.0,0.000000,0.000000,,,,
2024-03-06,ECPG,BBG001SKFPK8,0,false,47.790000,47.990000,1.862314,0.418498,false,0.000000,execution_costs_v1.0,0.000000,0.000000,,,,
2024-03-06,ECVT,BBG00GX8YLD2,0,false,9.130000,9.110000,0.711939,-0.219058,false,0.000000,execution_costs_v1.0,0.000000,0.000000,,,,
2024-03-06,ECX,0001861974,1,false,2.080000,2.000000,3.365385,-3.846154,false,0.000000,execution_costs_v1.0,0.000000,0.000000,,,,
2024-03-06,EDIT,BBG005MX5H08,4,false,9.210000,9.080000,2.171553,-1.411509,false,0.000000,execution_costs_v1.0,0.000000,0.000000,,,,
2024-03-06,EDR,BBG00P8TCHD7,1,false,24.700000,24.230000,0.364372,-1.902834,false,0.000000,execution_costs_v1.0,0.000000,0.000000,,,,
2024-03-06,EE,BBG014GJSS81,0,false,15.350000,15.510000,1.302932,1.042345,false,0.000000,execution_costs_v1.0,0.000000,0.000000,,,,
2024-03-06,EEFT,BBG001S9DW39,0,false,109.990000,111.190000,1.254660,1.091008,false,0.000000,execution_costs_v1.0,0.000000,0.000000,,,,
2024-03-06,EEX,BBG00GCTWW65,0,false,5.680000,5.660000,0.616197,-0.352113,false,0.000000,execution_costs_v1.0,0.000000,0.000000,,,,
2024-03-06,EFC,BBG001SQ6V04,2,false,11.150000,11.190000,0.672646,0.358744,false,0.000000,execution_costs_v1.0,0.000000,0.000000,,,,
2024-03-06,EFSC,BBG001SKJVR4,0,false,40.110000,40.290000,1.819995,0.448766,false,0.000000,execution_costs_v1.0,0.000000,0.000000,,,,
2024-03-06,EFTR,BBG00YMWT5H9,2,false,16.000000,16.550000,5.750000,3.437500,false,0.000000,execution_costs_v1.0,0.000000,0.000000,,,,
2024-03-06,EFXT,BBG001SXXC92,0,false,6.220000,6.260000,2.250804,0.643087,false,0.000000,execution_costs_v1.0,0.000000,0.000000,,,,
2024-03-06,EGBN,BBG001SBX1Z5,0,false,23.130000,23.430000,3.372244,1.297017,false,0.000000,execution_costs_v1.0,0.000000,0.000000,,,,
2024-03-06,EGHT,BBG001S6JC97,0,false,2.700000,2.760000,4.444444,2.222222,false,0.000000,execution_costs_v1.0,0.000000,0.000000,,,,
2024-03-06,EGIO,BBG001SQXJL8,3,false,8.010000,7.640000,4.307116,-4.619226,false,0.000000,execution_costs_v1.0,0.000000,0.000000,,,,
2024-03-06,EGLE,0001322439,0,false,62.450000,62.270000,0.816653,-0.288231,false,0.000000,execution_costs_v1.0,0.000000,0.000000,,,,
2024-03-06,EGO,BBG001S5YPQ4,2,false,11.970000,12.165000,3.091061,1.629073,false,0.000000,execution_costs_v1.0,0.000000,0.000000,,,,
2024-03-06,EGP,BBG001S5QT03,0,false,179.840000,180.570000,0.781250,0.405916,false,0.000000,execution_costs_v1.0,0.000000,0.000000,,,,
2024-03-06,EGY,BBG001S76ZS7,0,false,4.330000,4.230000,0.692841,-2.309469,false,0.000000,execution_costs_v1.0,0.000000,0.000000,,,,
2024-03-06,EHAB,BBG014QJ5CJ8,0,false,7.910000,7.820000,1.517067,-1.137800,false,0.000000,execution_costs_v1.0,0.000000,0.000000,,,,
2024-03-06,EHC,BBG001S5Q5B3,0,false,75.350000,76.580000,1.698739,1.632382,false,0.000000,execution_costs_v1.0,0.000000,0.000000,,,,
2024-03-06,EIG,BBG001SMM101,0,false,45.760000,45.310000,0.185752,-0.983392,false,0.000000,execution_costs_v1.0,0.000000,0.000000,,,,
2024-03-06,EIGR,BBG0026ZCTH6,0,false,7.360000,6.799000,0.000000,-7.622283,false,0.000000,execution_costs_v1.0,0.000000,0.000000,,,,
2024-03-06,ELAN,BBG00LJYS1R6,0,false,16.220000,16.045000,0.184957,-1.078915,false,0.000000,execution_costs_v1.0,0.000000,0.000000,,,,
2024-03-06,ELF,BBG00DQ6VYQ2,6,false,207.440000,207.150000,2.629676,-0.139799,false,0.000000,execution_costs_v1.0,0.000000,0.000000,,,,
2024-03-06,ELME,BBG001S5XJD3,0,false,12.870000,13.110000,2.641803,1.864802,false,0.000000,execution_costs_v1.0,0.000000,0.000000,,,,
2024-03-06,ELS,BBG001S5T5G5,0,false,67.200000,66.230000,0.163690,-1.443452,false,0.000000,execution_costs_v1.0,0.000000,0.000000,,,,
2024-03-06,ELVN,BBG00CP3BDF2,0,false,16.340000,15.420000,0.550796,-5.630355,false,0.000000,execution_costs_v1.0,0.000000,0.000000,,,,
2024-03-06,EMBC,BBG014L7D4H0,0,false,13.640000,13.450000,0.806452,-1.392962,false,0.000000,execution_costs_v1.0,0.000000,0.000000,,,,
2024-03-06,EMN,BBG001S7JNP3,0,false,88.230000,87.130000,0.340020,-1.246741,false,0.000000,execution_costs_v1.0,0.000000,0.000000,,,,
2024-03-06,ENFN,BBG012MBFR72,0,false,8.450000,8.170000,0.236686,-3.313609,false,0.000000,execution_costs_v1.0,0.000000,0.000000,,,,
2024-03-06,ENLC,BBG001SGNNQ7,0,false,12.710000,12.690000,0.629426,-0.157356,false,0.000000,execution_costs_v1.0,0.000000,0.000000,,,,
2024-03-06,ENLT,0001922641,0,false,17.490000,17.630000,0.829045,0.800457,false,0.000000,execution_costs_v1.0,0.000000,0.000000,,,,
2024-03-06,ENOV,BBG001SC04J1,0,false,62.050000,63.280000,2.643030,1.982272,false,0.000000,execution_costs_v1.0,0.000000,0.000000,,,,
2024-03-06,ENR,BBG006FCB028,0,false,27.890000,27.820000,1.254930,-0.250986,false,0.000000,execution_costs_v1.0,0.000000,0.000000,,,,
2024-03-06,ENS,BBG001SLVXW8,0,false,91.660000,91.530000,0.861881,-0.141828,false,0.000000,execution_costs_v1.0,0.000000,0.000000,,,,
2024-03-06,ENSG,BBG001SPNL09,0,false,126.330000,125.590000,0.000000,-0.585767,false,0.000000,execution_costs_v1.0,0.000000,0.000000,,,,
2024-03-06,ENTA,BBG001V9NSC3,0,false,15.060000,15.660000,4.249668,3.984064,false,0.000000,execution_costs_v1.0,0.000000,0.000000,,,,
2024-03-06,ENV,BBG001T7SQ20,0,false,52.060000,51.590000,0.422589,-0.902804,false,0.000000,execution_costs_v1.0,0.000000,0.000000,,,,
2024-03-06,ENVA,BBG0022PSJT4,0,false,63.770000,62.680000,0.000000,-1.709268,false,0.000000,execution_costs_v1.0,0.000000,0.000000,,,,
2024-03-06,ENVX,BBG00YC538B7,9,false,9.550000,9.370000,0.732984,-1.884817,false,0.000000,execution_costs_v1.0,0.000000,0.000000,,,,
2024-03-06,EOLS,BBG005CX4HL7,2,false,14.650000,14.130000,0.955631,-3.549488,false,0.000000,execution_costs_v1.0,0.000000,0.000000,,,,
2024-03-06,EPAC,BBG001S5NYQ7,0,false,32.570000,32.970000,1.258827,1.228124,false,0.000000,execution_costs_v1.0,0.000000,0.000000,,,,
2024-03-06,EPC,BBG001SF1XY2,0,false,38.130000,37.440000,0.000000,-1.809599,false,0.000000,execution_costs_v1.0,0.000000,0.000000,,,,
2024-03-06,EPIX,BBG0080GLFK7,0,false,9.160000,8.680000,1.582969,-5.240175,false,0.000000,execution_costs_v1.0,0.000000,0.000000,,,,
2024-03-06,EPR,BBG001SB5QR0,2,false,41.790000,42.020000,0.646088,0.550371,false,0.000000,execution_costs_v1.0,0.000000,0.000000,,,,
2024-03-06,EPRT,BBG00L17LH87,0,false,24.690000,24.730000,0.567031,0.162009,false,0.000000,execution_costs_v1.0,0.000000,0.000000,,,,
2024-03-06,EQBK,BBG001SN1XQ4,0,false,31.710000,31.710000,1.103753,0.000000,false,0.000000,execution_costs_v1.0,0.000000,0.000000,,,,
2024-03-06,EQC,BBG001S5S0L1,0,false,18.670000,18.615000,0.803428,-0.294590,false,0.000000,execution_costs_v1.0,0.000000,0.000000,,,,
2024-03-06,EQH,BBG00J7CBWL8,0,false,33.860000,33.210000,0.171294,-1.919669,false,0.000000,execution_costs_v1.0,0.000000,0.000000,,,,
2024-03-06,EQX,BBG001SSK0K0,1,false,4.640000,4.600000,0.000000,-0.862069,false,0.000000,execution_costs_v1.0,0.000000,0.000000,,,,
2024-03-06,ERAS,BBG00MTSR892,1,false,2.280000,2.210000,0.657895,-3.070175,false,0.000000,execution_costs_v1.0,0.000000,0.000000,,,,
2024-03-06,ERF,BBG001SGHVD0,3,false,18.000000,17.915000,0.555556,-0.472222,false,0.000000,execution_costs_v1.0,0.000000,0.000000,,,,
2024-03-06,ERII,BBG001T28M86,0,false,15.540000,15.440000,0.193050,-0.643501,false,0.000000,execution_costs_v1.0,0.000000,0.000000,,,,
2024-03-06,ERO,BBG00HNV5D86,0,false,17.590000,17.690000,1.876066,0.568505,false,0.000000,execution_costs_v1.0,0.000000,0.000000,,,,
2024-03-06,ESAB,BBG0028ZMP54,0,false,99.290000,99.960000,0.825864,0.674791,false,0.000000,execution_costs_v1.0,0.000000,0.000000,,,,
2024-03-06,ESE,BBG001S6MFD1,0,false,100.100000,100.130000,0.684316,0.029970,false,0.000000,execution_costs_v1.0,0.000000,0.000000,,,,
2024-03-06,ESGR,0001363829,0,false,290.250000,286.220000,0.149871,-1.388458,false,0.000000,execution_costs_v1.0,0.000000,0.000000,,,,
2024-03-06,ESI,BBG004KDL523,0,false,23.500000,23.700000,0.893617,0.851064,false,0.000000,execution_costs_v1.0,0.000000,0.000000,,,,
2024-03-06,ESLT,0001027664,0,false,215.140000,214.750000,0.171981,-0.181277,false,0.000000,execution_costs_v1.0,0.000000,0.000000,,,,
2024-03-06,ESNT,0001448893,0,false,53.830000,53.830000,1.318967,0.000000,false,0.000000,execution_costs_v1.0,0.000000,0.000000,,,,
2024-03-06,ESQ,BBG003BCFHY3,0,false,50.300000,50.120000,0.656064,-0.357853,false,0.000000,execution_costs_v1.0,0.000000,0.000000,,,,
2024-03-06,ESRT,BBG002N8HMX9,0,false,9.770000,9.650000,0.204708,-1.228250,false,0.000000,execution_costs_v1.0,0.000000,0.000000,,,,
2024-03-06,ESTA,0001688757,0,false,46.520000,49.260000,7.394669,5.889940,false,0.000000,execution_costs_v1.0,0.000000,0.000000,,,,
2024-03-06,ESTC,0001707753,1,false,110.250000,108.360000,1.024943,-1.714286,false,0.000000,execution_costs_v1.0,0.000000,0.000000,,,,
2024-03-06,ETD,BBG001S67JZ6,0,false,33.540000,32.690000,0.566488,-2.534287,false,0.000000,execution_costs_v1.0,0.000000,0.000000,,,,
2024-03-06,ETNB,BBG00QKDZ985,3,false,11.990000,12.120000,2.251877,1.084237,false,0.000000,execution_costs_v1.0,0.000000,0.000000,,,,
2024-03-06,ETRN,BBG00K53L401,0,false,11.010000,11.100000,1.453224,0.817439,false,0.000000,execution_costs_v1.0,0.000000,0.000000,,,,
2024-03-06,ETSY,BBG001T53625,2,false,69.650000,68.610000,0.402010,-1.493180,false,0.000000,execution_costs_v1.0,0.000000,0.000000,,,,
2024-03-06,ETWO,BBG00S91HBN8,0,false,4.160000,4.045000,0.000000,-2.764423,false,0.000000,execution_costs_v1.0,0.000000,0.000000,,,,
2024-03-06,EU,BBG001T8HNC6,2,false,3.750000,3.870000,4.666667,3.200000,false,0.000000,execution_costs_v1.0,0.000000,0.000000,,,,
2024-03-06,EURN,0001604481,0,false,17.720000,17.780000,0.451467,0.338600,false,0.000000,execution_costs_v1.0,0.000000,0.000000,,,,
2024-03-06,EVBG,BBG0022FMPG2,0,false,35.280000,35.150000,0.340136,-0.368481,false,0.000000,execution_costs_v1.0,0.000000,0.000000,,,,
2024-03-06,EVC,BBG001SF6Z72,60,true,1.850200,1.790000,1.070155,-3.253702,false,0.000000,execution_costs_v1.0,0.000000,0.000000,,,,
2024-03-06,EVCM,BBG0118LMXS4,0,false,9.090000,9.250000,2.311331,1.760176,false,0.000000,execution_costs_v1.0,0.000000,0.000000,,,,
2024-03-06,EVER,BBG00F17NDJ5,0,false,15.210000,14.750000,0.723208,-3.024326,false,0.000000,execution_costs_v1.0,0.000000,0.000000,,,,
2024-03-06,EVEX,BBG00XZQN3Y2,0,false,5.300000,5.345000,1.886792,0.849057,false,0.000000,execution_costs_v1.0,0.000000,0.000000,,,,
2024-03-06,EVH,BBG005CHLMB3,0,false,34.240000,33.680000,0.608061,-1.635514,false,0.000000,execution_costs_v1.0,0.000000,0.000000,,,,
2024-03-06,EVLV,BBG00W1PPKY3,2,false,3.850000,3.700000,2.077922,-3.896104,false,0.000000,execution_costs_v1.0,0.000000,0.000000,,,,
2024-03-06,EVR,BBG001SC3S41,0,false,194.660000,194.080000,0.035960,-0.297955,false,0.000000,execution_costs_v1.0,0.000000,0.000000,,,,
2024-03-06,EVRG,BBG00H433CS1,0,false,50.790000,50.670000,0.777712,-0.236267,false,0.000000,execution_costs_v1.0,0.000000,0.000000,,,,
2024-03-06,EVRI,BBG001SLY556,1,false,10.020000,9.450000,0.299401,-5.688623,false,0.000000,execution_costs_v1.0,0.000000,0.000000,,,,
2024-03-06,EVTC,BBG001SX2XR0,0,false,37.970000,37.670000,1.395839,-0.790097,false,0.000000,execution_costs_v1.0,0.000000,0.000000,,,,
2024-03-06,EWBC,BBG001SCC7R2,1,false,76.380000,77.120000,2.683949,0.968840,false,0.000000,execution_costs_v1.0,0.000000,0.000000,,,,
2024-03-06,EWCZ,BBG011RWTZQ9,2,false,13.870000,15.320000,11.607787,10.454218,false,0.000000,execution_costs_v1.0,0.000000,0.000000,,,,
2024-03-06,EWTX,BBG00K4Y2H33,0,false,17.290000,16.970000,0.000000,-1.850781,false,0.000000,execution_costs_v1.0,0.000000,0.000000,,,,
2024-03-06,EXAS,BBG001SGCLB9,2,false,59.730000,56.240000,0.100452,-5.842960,false,0.000000,execution_costs_v1.0,0.000000,0.000000,,,,
2024-03-06,EXEL,BBG001SD42W4,1,false,22.330000,22.390000,0.940439,0.268697,false,0.000000,execution_costs_v1.0,0.000000,0.000000,,,,
2024-03-06,EXK,BBG001S5ZH63,1,false,1.750000,1.870000,8.000000,6.857143,false,0.000000,execution_costs_v1.0,0.000000,0.000000,,,,
2024-03-06,EXLS,BBG001SKWX40,1,false,31.470000,31.650000,0.985065,0.571973,false,0.000000,execution_costs_v1.0,0.000000,0.000000,,,,
2024-03-06,EXP,BBG001S7VG92,0,false,256.990000,256.290000,0.544768,-0.272384,false,0.000000,execution_costs_v1.0,0.000000,0.000000,,,,
2024-03-06,EXPI,BBG001V05TN8,4,false,12.460000,12.285000,2.006421,-1.404494,false,0.000000,execution_costs_v1.0,0.000000,0.000000,,,,
2024-03-06,EXPO,BBG001S9CG99,0,false,79.390000,81.160000,2.544401,2.229500,false,0.000000,execution_costs_v1.0,0.000000,0.000000,,,,
2024-03-06,EXTR,BBG001S6ZV24,0,false,12.260000,12.040000,0.244698,-1.794454,false,0.000000,execution_costs_v1.0,0.000000,0.000000,,,,
2024-03-06,EYE,BBG00HVQF9L1,0,false,22.670000,22.650000,0.507278,-0.088222,false,0.000000,execution_costs_v1.0,0.000000,0.000000,,,,
2024-03-06,EYPT,BBG001SNLCD2,0,false,25.140000,25.760000,5.648369,2.466189,false,0.000000,execution_costs_v1.0,0.000000,0.000000,,,,
2024-03-06,EZPW,BBG001S6RN67,0,false,10.440000,10.390000,0.383142,-0.478927,false,0.000000,execution_costs_v1.0,0.000000,0.000000,,,,
2024-03-06,FA,BBG011J0CVZ5,0,false,16.100000,16.070000,0.186335,-0.186335,false,0.000000,execution_costs_v1.0,0.000000,0.000000,,,,
2024-03-06,FAF,BBG001T1LV65,0,false,58.050000,57.860000,0.258398,-0.327304,false,0.000000,execution_costs_v1.0,0.000000,0.000000,,,,
2024-03-06,FARO,BBG001S8HPX9,0,false,21.930000,21.560000,0.911993,-1.687187,false,0.000000,execution_costs_v1.0,0.000000,0.000000,,,,
2024-03-06,FATE,BBG001T888S2,3,false,7.160000,7.960000,12.709497,11.173184,false,0.000000,execution_costs_v1.0,0.000000,0.000000,,,,
2024-03-06,FBIN,BBG001THLZ70,0,false,81.820000,80.290000,0.207773,-1.869958,false,0.000000,execution_costs_v1.0,0.000000,0.000000,,,,
2024-03-06,FBK,BBG00DM434H8,0,false,36.120000,36.010000,1.190476,-0.304540,false,0.000000,execution_costs_v1.0,0.000000,0.000000,,,,
2024-03-06,FBMS,BBG001SB73Y1,0,false,25.610000,25.710000,1.893791,0.390472,false,0.000000,execution_costs_v1.0,0.000000,0.000000,,,,
2024-03-06,FBNC,BBG001S5R1Z5,0,false,34.990000,34.960000,1.829094,-0.085739,false,0.000000,execution_costs_v1.0,0.000000,0.000000,,,,
2024-03-06,FBP,BBG001S76PN4,0,false,17.500000,17.380000,1.171429,-0.685714,false,0.000000,execution_costs_v1.0,0.000000,0.000000,,,,
2024-03-06,FBRT,BBG013173BC4,0,false,12.800000,12.740000,0.667187,-0.468750,false,0.000000,execution_costs_v1.0,0.000000,0.000000,,,,
2024-03-06,FC,BBG001SB0L96,0,false,38.560000,39.480000,3.112033,2.385892,false,0.000000,execution_costs_v1.0,0.000000,0.000000,,,,
2024-03-06,FCBC,BBG001S9V627,0,false,33.550000,33.210000,1.013413,-1.013413,false,0.000000,execution_costs_v1.0,0.000000,0.000000,,,,
2024-03-06,FCEL,BBG001SDZHP5,29,true,1.200000,1.220000,4.166667,1.666667,false,0.000000,execution_costs_v1.0,0.000000,0.000000,,,,
2024-03-06,FCF,BBG001S70475,0,false,13.590000,13.535000,1.471670,-0.404709,false,0.000000,execution_costs_v1.0,0.000000,0.000000,,,,
2024-03-06,FCFS,BBG0145KL756,0,false,115.010000,115.170000,1.017303,0.139118,false,0.000000,execution_costs_v1.0,0.000000,0.000000,,,,
2024-03-06,FCN,BBG001SCJVR2,0,false,208.550000,206.330000,0.086310,-1.064493,false,0.000000,execution_costs_v1.0,0.000000,0.000000,,,,
2024-03-06,FCPT,BBG009H33QN9,0,false,24.390000,24.195000,0.000000,-0.799508,false,0.000000,execution_costs_v1.0,0.000000,0.000000,,,,
2024-03-06,FDMT,BBG00QG40S04,0,false,27.160000,28.270000,4.086892,4.086892,false,0.000000,execution_costs_v1.0,0.000000,0.000000,,,,
2024-03-06,FDP,0001047340,0,false,24.000000,24.260000,1.583333,1.083333,false,0.000000,execution_costs_v1.0,0.000000,0.000000,,,,
2024-03-06,FDUS,BBG001V0MG11,0,false,19.490000,19.595000,0.667009,0.538738,false,0.000000,execution_costs_v1.0,0.000000,0.000000,,,,
2024-03-06,FELE,BBG001S5R3W4,0,false,102.650000,102.260000,0.759864,-0.379932,false,0.000000,execution_costs_v1.0,0.000000,0.000000,,,,
2024-03-06,FFBC,BBG001S5R4C4,0,false,22.200000,22.140000,1.576577,-0.270270,false,0.000000,execution_costs_v1.0,0.000000,0.000000,,,,
2024-03-06,FFIC,BBG001S7KQM7,0,false,12.850000,12.650000,0.311284,-1.556420,false,0.000000,execution_costs_v1.0,0.000000,0.000000,,,,
2024-03-06,FFIN,BBG001S7HCY9,0,false,32.450000,32.300000,1.787365,-0.462250,false,0.000000,execution_costs_v1.0,0.000000,0.000000,,,,
2024-03-06,FFIV,BBG001SCP8D1,0,false,189.000000,190.580000,1.119048,0.835979,false,0.000000,execution_costs_v1.0,0.000000,0.000000,,,,
2024-03-06,FFWM,BBG001V9VY13,0,false,7.740000,8.050000,6.589147,4.005168,false,0.000000,execution_costs_v1.0,0.000000,0.000000,,,,
2024-03-06,FG,BBG01BGVGH85,0,false,37.420000,36.970000,1.095671,-1.202565,false,0.000000,execution_costs_v1.0,0.000000,0.000000,,,,
2024-03-06,FHB,BBG0046LJYX7,0,false,21.380000,21.310000,1.582320,-0.327409,false,0.000000,execution_costs_v1.0,0.000000,0.000000,,,,
2024-03-06,FHI,BBG001S6TGK4,1,false,36.650000,36.070000,0.000000,-1.582538,false,0.000000,execution_costs_v1.0,0.000000,0.000000,,,,
2024-03-06,FHN,BBG001SCW8R8,13,true,14.900000,14.890000,1.442953,-0.067114,false,0.000000,execution_costs_v1.0,0.000000,0.000000,,,,
2024-03-06,FIBK,BBG001S9F1B6,4,false,26.750000,26.570000,0.598131,-0.672897,false,0.000000,execution_costs_v1.0,0.000000,0.000000,,,,
2024-03-06,FIGS,BBG004SK5VM8,0,false,5.550000,5.380000,0.358559,-3.063063,false,0.000000,execution_costs_v1.0,0.000000,0.000000,,,,
2024-03-06,FIHL,0001636639,0,false,17.290000,17.820000,4.279931,3.065356,false,0.000000,execution_costs_v1.0,0.000000,0.000000,,,,
2024-03-06,FIP,BBG0174VKJB4,0,false,4.950000,4.930000,0.585859,-0.404040,false,0.000000,execution_costs_v1.0,0.000000,0.000000,,,,
2024-03-06,FIVE,BBG001TCDMY9,0,false,205.990000,208.200000,1.320452,1.072868,false,0.000000,execution_costs_v1.0,0.000000,0.000000,,,,
2024-03-06,FIVN,BBG001V0P7K7,0,false,59.320000,56.850000,0.168577,-4.163857,false,0.000000,execution_costs_v1.0,0.000000,0.000000,,,,
2024-03-06,FIX,BBG001SB1GG8,0,false,315.730000,313.510000,0.646755,-0.703132,false,0.000000,execution_costs_v1.0,0.000000,0.000000,,,,
2024-03-06,FIZZ,BBG001S5PM18,0,false,51.950000,51.140000,0.000000,-1.559192,false,0.000000,execution_costs_v1.0,0.000000,0.000000,,,,
2024-03-06,FL,BBG001S5XMR1,57,true,30.360000,24.234500,0.263505,-20.176219,false,0.000000,execution_costs_v1.0,0.000000,0.000000,,,,
2024-03-06,FLEX,0000866374,3,false,30.515000,30.640000,1.310831,0.409635,false,0.000000,execution_costs_v1.0,0.000000,0.000000,,,,
2024-03-06,FLGT,BBG00DW0QQM5,0,false,23.220000,23.360000,0.732127,0.602929,false,0.000000,execution_costs_v1.0,0.000000,0.000000,,,,
2024-03-06,FLNC,BBG012QSDTD2,7,false,15.110000,14.820000,1.455989,-1.919259,false,0.000000,execution_costs_v1.0,0.000000,0.000000,,,,
2024-03-06,FLNG,0001772253,1,false,25.230000,25.100000,1.189061,-0.515260,false,0.000000,execution_costs_v1.0,0.000000,0.000000,,,,
2024-03-06,FLO,BBG001S5R7L7,0,false,22.470000,22.610000,0.667557,0.623053,false,0.000000,execution_costs_v1.0,0.000000,0.000000,,,,
2024-03-06,FLR,BBG001S5Q738,0,false,37.450000,36.680000,0.000000,-2.056075,false,0.000000,execution_costs_v1.0,0.000000,0.000000,,,,
2024-03-06,FLS,BBG001SB3F87,0,false,42.550000,42.500000,0.904113,-0.117509,false,0.000000,execution_costs_v1.0,0.000000,0.000000,,,,
2024-03-06,FLWS,BBG001S60YV4,1,false,9.940000,9.970000,0.905433,0.301811,false,0.000000,execution_costs_v1.0,0.000000,0.000000,,,,
2024-03-06,FLYW,BBG002030ND3,0,false,26.640000,26.280000,1.238739,-1.351351,false,0.000000,execution_costs_v1.0,0.000000,0.000000,,,,
2024-03-06,FMBH,BBG001S704Q4,0,false,30.910000,30.760000,4.027823,-0.485280,false,0.000000,execution_costs_v1.0,0.000000,0.000000,,,,
2024-03-06,FMC,BBG001S5R880,1,false,60.300000,61.560000,2.686567,2.089552,false,0.000000,execution_costs_v1.0,0.000000,0.000000,,,,
2024-03-06,FMNB,BBG001S7S1W3,0,false,13.650000,13.550000,0.293040,-0.732601,false,0.000000,execution_costs_v1.0,0.000000,0.000000,,,,
2024-03-06,FN,0001408710,0,false,224.860000,225.010000,0.418038,0.066708,false,0.000000,execution_costs_v1.0,0.000000,0.000000,,,,
2024-03-06,FNA,BBG005914H40,0,false,11.120000,10.820000,0.179856,-2.697842,false,0.000000,execution_costs_v1.0,0.000000,0.000000,,,,
2024-03-06,FNB,BBG001S5R1Q5,0,false,13.820000,13.770000,0.723589,-0.361795,false,0.000000,execution_costs_v1.0,0.000000,0.000000,,,,
2024-03-06,FND,BBG007GJ2F90,0,false,122.300000,125.490000,2.820932,2.608340,false,0.000000,execution_costs_v1.0,0.000000,0.000000,,,,
2024-03-06,FNF,BBG006N7S6J1,4,false,51.710000,52.020000,0.773545,0.599497,false,0.000000,execution_costs_v1.0,0.000000,0.000000,,,,
2024-03-06,FNKO,BBG00HXSHDR8,0,false,6.580000,6.420000,1.443769,-2.431611,false,0.000000,execution_costs_v1.0,0.000000,0.000000,,,,
2024-03-06,FOLD,BBG001SN96V9,0,false,13.490000,12.600000,0.000000,-6.597480,false,0.000000,execution_costs_v1.0,0.000000,0.000000,,,,
2024-03-06,FOR,BBG001S5R9G9,0,false,34.670000,34.960000,0.966253,0.836458,false,0.000000,execution_costs_v1.0,0.000000,0.000000,,,,
2024-03-06,FORM,BBG001SFT2R8,3,false,45.000000,44.550000,2.000000,-1.000000,false,0.000000,execution_costs_v1.0,0.000000,0.000000,,,,
2024-03-06,FORR,BBG001S98HN6,0,false,19.170000,19.530000,2.869066,1.877934,false,0.000000,execution_costs_v1.0,0.000000,0.000000,,,,
2024-03-06,FOUR,BBG00TX393M3,0,false,80.820000,80.970000,2.276664,0.185598,false,0.000000,execution_costs_v1.0,0.000000,0.000000,,,,
2024-03-06,FOXA,BBG00JHNJX06,0,false,28.770000,28.430000,1.007994,-1.181787,false,0.000000,execution_costs_v1.0,0.000000,0.000000,,,,
2024-03-06,FOXF,BBG004T7VS71,0,false,50.830000,50.730000,0.845957,-0.196734,false,0.000000,execution_costs_v1.0,0.000000,0.000000,,,,
2024-03-06,FPI,BBG005TNS0R6,1,false,11.160000,11.050000,0.134409,-0.985663,false,0.000000,execution_costs_v1.0,0.000000,0.000000,,,,
2024-03-06,FR,BBG001S81Z00,0,false,53.140000,53.300000,0.677456,0.301091,false,0.000000,execution_costs_v1.0,0.000000,0.000000,,,,
2024-03-06,FRBA,BBG001SRY1B5,0,false,13.140000,13.120000,1.255708,-0.152207,false,0.000000,execution_costs_v1.0,0.000000,0.000000,,,,
2024-03-06,FRGE,BBG00YGCJL77,0,false,1.860000,1.790000,0.268817,-3.763441,false,0.000000,execution_costs_v1.0,0.000000,0.000000,,,,
2024-03-06,FRHC,BBG001SGRW38,1,false,75.500000,75.670000,1.509934,0.225166,false,0.000000,execution_costs_v1.0,0.000000,0.000000,,,,
2024-03-06,FRME,BBG001S5NNS9,0,false,34.390000,34.270000,1.773771,-0.348939,false,0.000000,execution_costs_v1.0,0.000000,0.000000,,,,
2024-03-06,FRO,0000913290,4,false,23.500000,23.310000,1.234043,-0.808511,false,0.000000,execution_costs_v1.0,0.000000,0.000000,,,,
2024-03-06,FROG,0001800667,0,false,42.360000,42.710000,2.454910,0.826251,false,0.000000,execution_costs_v1.0,0.000000,0.000000,,,,
2024-03-06,FRPH,BBG001SD43R8,0,false,60.310000,61.150000,1.542033,1.392804,false,0.000000,execution_costs_v1.0,0.000000,0.000000,,,,
2024-03-06,FRPT,BBG001V04FM0,0,false,110.860000,109.000000,0.938120,-1.677792,false,0.000000,execution_costs_v1.0,0.000000,0.000000,,,,
2024-03-06,FRSH,BBG0029KYGM4,0,false,18.640000,18.640000,1.153433,0.000000,false,0.000000,execution_costs_v1.0,0.000000,0.000000,,,,
2024-03-06,FRST,BBG001SPKP12,0,false,12.460000,12.250000,0.000000,-1.685393,false,0.000000,execution_costs_v1.0,0.000000,0.000000,,,,
2024-03-06,FRT,BBG001S5RC36,0,false,102.110000,101.820000,0.406424,-0.284007,false,0.000000,execution_costs_v1.0,0.000000,0.000000,,,,
2024-03-06,FSBC,BBG001SN0V52,0,false,23.960000,24.000000,1.043406,0.166945,false,0.000000,execution_costs_v1.0,0.000000,0.000000,,,,
2024-03-06,FSCO,BBG01BG24837,0,false,5.690000,5.710000,0.876977,0.351494,false,0.000000,execution_costs_v1.0,0.000000,0.000000,,,,
2024-03-06,FSK,BBG001YCZQ07,6,false,18.810000,18.925000,1.382243,0.611377,false,0.000000,execution_costs_v1.0,0.000000,0.000000,,,,
2024-03-06,FSLY,BBG004NLQHM9,13,true,13.820000,13.200000,0.506512,-4.486252,false,0.000000,execution_costs_v1.0,0.000000,0.000000,,,,
2024-03-06,FSM,BBG001S982M0,7,false,3.020000,3.060000,3.642384,1.324503,false,0.000000,execution_costs_v1.0,0.000000,0.000000,,,,
2024-03-06,FSS,BBG001S5RD98,0,false,79.610000,79.470000,0.942093,-0.175857,false,0.000000,execution_costs_v1.0,0.000000,0.000000,,,,
2024-03-06,FSV,BBG0093LLBP5,0,false,164.650000,163.530000,0.000000,-0.680231,false,0.000000,execution_costs_v1.0,0.000000,0.000000,,,,
2024-03-06,FTAI,0001590364,1,false,58.610000,58.230000,0.443610,-0.648354,false,0.000000,execution_costs_v1.0,0.000000,0.000000,,,,
2024-03-06,FTDR,BBG00H9MNF05,0,false,30.120000,30.540000,1.726428,1.394422,false,0.000000,execution_costs_v1.0,0.000000,0.000000,,,,
2024-03-06,FTI,0001681459,5,false,21.980000,21.580000,0.454959,-1.819836,false,0.000000,execution_costs_v1.0,0.000000,0.000000,,,,
2024-03-06,FTRE,BBG01GZF9W47,1,false,36.300000,36.380000,2.328926,0.220386,false,0.000000,execution_costs_v1.0,0.000000,0.000000,,,,
2024-03-06,FUBO,BBG002CV4QZ3,38,true,1.740000,1.730000,3.218391,-0.574713,false,0.000000,execution_costs_v1.0,0.000000,0.000000,,,,
2024-03-06,FUL,BBG001S5RDZ9,0,false,78.930000,79.020000,0.696820,0.114025,false,0.000000,execution_costs_v1.0,0.000000,0.000000,,,,
2024-03-06,FULC,BBG00DDY1RM7,0,false,12.480000,12.010000,9.775641,-3.766026,false,0.000000,execution_costs_v1.0,0.000000,0.000000,,,,
2024-03-06,FULT,BBG001S5RF02,4,false,15.450000,15.775000,3.203883,2.103560,false,0.000000,execution_costs_v1.0,0.000000,0.000000,,,,
2024-03-06,FUN,BBG001S5RF11,0,false,42.010000,42.750000,2.570816,1.761485,false,0.000000,execution_costs_v1.0,0.000000,0.000000,,,,
2024-03-06,FUSN,BBG00V9VQ4K4,2,false,10.640000,9.900000,2.161654,-6.954887,false,0.000000,execution_costs_v1.0,0.000000,0.000000,,,,
2024-03-06,FVRR,0001762301,2,false,22.360000,22.170000,0.536673,-0.849732,false,0.000000,execution_costs_v1.0,0.000000,0.000000,,,,
2024-03-06,FWRD,BBG001SC0FW1,0,false,30.470000,30.780000,1.542501,1.017394,false,0.000000,execution_costs_v1.0,0.000000,0.000000,,,,
2024-03-06,FWRG,BBG012F6M198,0,false,24.170000,24.500000,6.206041,1.365329,false,0.000000,execution_costs_v1.0,0.000000,0.000000,,,,
2024-03-06,FYBR,BBG010MVVVX6,0,false,23.840000,23.970000,0.713087,0.545302,false,0.000000,execution_costs_v1.0,0.000000,0.000000,,,,
2024-03-06,G,0001398659,0,false,34.660000,34.010000,0.346220,-1.875361,false,0.000000,execution_costs_v1.0,0.000000,0.000000,,,,
2024-03-06,GABC,BBG001S7BHR2,0,false,33.290000,33.510000,2.132773,0.660859,false,0.000000,execution_costs_v1.0,0.000000,0.000000,,,,
2024-03-06,GAIN,BBG001SL3TS3,1,false,13.630000,13.830000,1.493030,1.467351,false,0.000000,execution_costs_v1.0,0.000000,0.000000,,,,
2024-03-06,GAMB,0001839799,0,false,8.630000,8.400000,0.579374,-2.665122,false,0.000000,execution_costs_v1.0,0.000000,0.000000,,,,
2024-03-06,GATO,BBG001W4GFS2,2,false,7.100000,7.320000,4.084507,3.098592,false,0.000000,execution_costs_v1.0,0.000000,0.000000,,,,
2024-03-06,GATX,BBG001S5RM34,0,false,130.070000,130.940000,1.214731,0.668871,false,0.000000,execution_costs_v1.0,0.000000,0.000000,,,,
2024-03-06,GB,0001799983,0,false,4.501000,4.480000,1.977338,-0.466563,false,0.000000,execution_costs_v1.0,0.000000,0.000000,,,,
2024-03-06,GBCI,BBG001S6HGM5,0,false,39.350000,39.740000,3.329098,0.991105,false,0.000000,execution_costs_v1.0,0.000000,0.000000,,,,
2024-03-06,GBDC,BBG001T63BY7,0,false,15.690000,15.790000,1.083493,0.637349,false,0.000000,execution_costs_v1.0,0.000000,0.000000,,,,
2024-03-06,GBLI,BBG004M233J2,0,false,29.690000,29.990000,1.010441,1.010441,false,0.000000,execution_costs_v1.0,0.000000,0.000000,,,,
2024-03-06,GBTG,BBG00Y52B9C0,4,false,5.430000,5.500000,4.604052,1.289134,false,0.000000,execution_costs_v1.0,0.000000,0.000000,,,,
2024-03-06,GBX,BBG001S80QK9,0,false,50.690000,50.950000,2.051687,0.512922,false,0.000000,execution_costs_v1.0,0.000000,0.000000,,,,
2024-03-06,GCBC,BBG001S9KJZ5,0,false,27.000100,27.650000,2.407028,2.407028,false,0.000000,execution_costs_v1.0,0.000000,0.000000,,,,
2024-03-06,GCMG,BBG00Y73FGG2,0,false,8.490000,8.510000,0.353357,0.235571,false,0.000000,execution_costs_v1.0,0.000000,0.000000,,,,
2024-03-06,GCO,BBG001S5RHF2,0,false,29.560000,28.550000,0.000000,-3.416779,false,0.000000,execution_costs_v1.0,0.000000,0.000000,,,,
2024-03-06,GCT,0001857816,21,true,39.710000,36.620000,0.176278,-7.781415,false,0.000000,execution_costs_v1.0,0.000000,0.000000,,,,
2024-03-06,GDEN,BBG001S69CW2,0,false,32.600000,32.560000,1.196319,-0.122699,false,0.000000,execution_costs_v1.0,0.000000,0.000000,,,,
2024-03-06,GDEV,0001848739,0,false,2.276500,2.280000,0.153745,0.153745,false,0.000000,execution_costs_v1.0,0.000000,0.000000,,,,
2024-03-06,GDOT,BBG001T6W7V7,0,false,8.100000,8.150000,2.407407,0.617284,false,0.000000,execution_costs_v1.0,0.000000,0.000000,,,,
2024-03-06,GDRX,BBG00X0VP956,0,false,7.620000,7.560000,1.443570,-0.787402,false,0.000000,execution_costs_v1.0,0.000000,0.000000,,,,
2024-03-06,GDYN,BBG00MDLZP15,0,false,12.690000,12.280000,0.000000,-3.230890,false,0.000000,execution_costs_v1.0,0.000000,0.000000,,,,
2024-03-06,GEF,BBG001S8S678,0,false,63.130000,63.350000,0.467290,0.348487,false,0.000000,execution_costs_v1.0,0.000000,0.000000,,,,
2024-03-06,GEL,BBG001S9CQC3,0,false,11.700000,11.850000,1.452991,1.282051,false,0.000000,execution_costs_v1.0,0.000000,0.000000,,,,
2024-03-06,GEN,BBG001S5QG38,0,false,21.430000,21.470000,0.723285,0.186654,false,0.000000,execution_costs_v1.0,0.000000,0.000000,,,,
2024-03-06,GENI,0001834489,25,true,6.600000,6.700000,5.757576,1.515152,false,0.000000,execution_costs_v1.0,0.000000,0.000000,,,,
2024-03-06,GEO,BBG001S6VYZ6,2,false,11.860000,11.950000,1.306914,0.758853,false,0.000000,execution_costs_v1.0,0.000000,0.000000,,,,
2024-03-06,GERN,BBG001S6TSX4,3,false,2.120000,2.100000,2.830189,-0.943396,false,0.000000,execution_costs_v1.0,0.000000,0.000000,,,,
2024-03-06,GES,BBG001S5RJR5,0,false,26.010000,25.910000,0.000000,-0.384468,false,0.000000,execution_costs_v1.0,0.000000,0.000000,,,,
2024-03-06,GETY,BBG017RQJJH6,0,false,4.720000,4.710000,3.177966,-0.211864,false,0.000000,execution_costs_v1.0,0.000000,0.000000,,,,
2024-03-06,GFF,BBG001S7M3Z2,0,false,69.380000,69.380000,1.225137,0.000000,false,0.000000,execution_costs_v1.0,0.000000,0.000000,,,,
2024-03-06,GFL,BBG003FD9W80,0,false,34.910000,34.920000,0.744772,0.028645,false,0.000000,execution_costs_v1.0,0.000000,0.000000,,,,
2024-03-06,GFR,BBG01HRTJS60,0,false,5.030000,5.240000,4.771372,4.174950,false,0.000000,execution_costs_v1.0,0.000000,0.000000,,,,
2024-03-06,GGR,0001886190,1,false,1.460000,1.520000,4.746575,4.109589,false,0.000000,execution_costs_v1.0,0.000000,0.000000,,,,
2024-03-06,GH,BBG006D97VZ8,0,false,18.910000,18.450000,1.163406,-2.432575,false,0.000000,execution_costs_v1.0,0.000000,0.000000,,,,
2024-03-06,GHLD,BBG00XR2PX58,0,false,,,,,false,0.000000,execution_costs_v1.0,,,,,,
2024-03-06,GHRS,0001855129,0,false,8.480000,8.450000,0.176887,-0.353774,false,0.000000,execution_costs_v1.0,0.000000,0.000000,,,,
2024-03-06,GIC,BBG001S9NZ95,0,false,44.550000,44.880000,1.077441,0.740741,false,0.000000,execution_costs_v1.0,0.000000,0.000000,,,,
2024-03-06,GIII,BBG001S6F0Z8,0,false,29.680000,29.290000,0.943396,-1.314016,false,0.000000,execution_costs_v1.0,0.000000,0.000000,,,,
2024-03-06,GIL,BBG001S7JJL6,0,false,34.210000,34.330000,1.081555,0.350775,false,0.000000,execution_costs_v1.0,0.000000,0.000000,,,,
2024-03-06,GILT,0000897322,4,false,5.750000,5.770000,0.869565,0.347826,false,0.000000,execution_costs_v1.0,0.000000,0.000000,,,,
2024-03-06,GKOS,BBG001T91NX8,0,false,84.870000,85.520000,1.596559,0.765877,false,0.000000,execution_costs_v1.0,0.000000,0.000000,,,,
2024-03-06,GL,BBG001S5WRX4,0,false,126.750000,128.100000,1.128205,1.065089,false,0.000000,execution_costs_v1.0,0.000000,0.000000,,,,
2024-03-06,GLAD,BBG001SJH738,0,false,10.150000,10.165000,0.788177,0.147783,false,0.000000,execution_costs_v1.0,0.000000,0.000000,,,,
2024-03-06,GLBE,0001835963,3,false,32.760000,32.600000,2.289072,-0.488400,false,0.000000,execution_costs_v1.0,0.000000,0.000000,,,,
2024-03-06,GLDD,BBG001SNNJN4,0,false,8.770000,9.000000,5.929304,2.622577,false,0.000000,execution_costs_v1.0,0.000000,0.000000,,,,
2024-03-06,GLNG,0001207179,0,false,21.080000,21.275000,2.277040,0.925047,false,0.000000,execution_costs_v1.0,0.000000,0.000000,,,,
2024-03-06,GLOB,0001557860,0,false,213.340000,209.890000,0.149995,-1.617137,false,0.000000,execution_costs_v1.0,0.000000,0.000000,,,,
2024-03-06,GLP,BBG001SH3WJ5,0,false,46.640000,48.280000,4.995712,3.516295,false,0.000000,execution_costs_v1.0,0.000000,0.000000,,,,
2024-03-06,GLPI,BBG003MSMCT5,0,false,45.540000,45.470000,0.271629,-0.153711,false,0.000000,execution_costs_v1.0,0.000000,0.000000,,,,
2024-03-06,GLRE,0001385613,0,false,12.120000,12.380000,6.353135,2.145215,false,0.000000,execution_costs_v1.0,0.000000,0.000000,,,,
2024-03-06,GME,BBG001S5RLR0,14,true,15.220000,15.260000,4.369251,0.262812,false,0.000000,execution_costs_v1.0,0.000000,0.000000,,,,
2024-03-06,GMED,BBG002V87T57,0,false,53.820000,54.510000,1.635080,1.282051,false,0.000000,execution_costs_v1.0,0.000000,0.000000,,,,
2024-03-06,GMRE,BBG0027F2C05,0,false,9.080000,8.990000,0.770925,-0.991189,false,0.000000,execution_costs_v1.0,0.000000,0.000000,,,,
2024-03-06,GMS,BBG009Q036F8,0,false,89.750000,89.700000,2.362117,-0.055710,false,0.000000,execution_costs_v1.0,0.000000,0.000000,,,,
2024-03-06,GNE,BBG0021PGB79,0,false,18.350000,18.820000,2.724796,2.561308,false,0.000000,execution_costs_v1.0,0.000000,0.000000,,,,
2024-03-06,GNK,0001326200,1,false,19.860000,19.955000,1.460222,0.478348,false,0.000000,execution_costs_v1.0,0.000000,0.000000,,,,
2024-03-06,GNL,BBG004HXD0H7,2,false,7.210000,7.165000,0.554785,-0.624133,false,0.000000,execution_costs_v1.0,0.000000,0.000000,,,,
2024-03-06,GNRC,BBG001T5VGH6,3,false,111.840000,110.950000,0.625894,-0.795780,false,0.000000,execution_costs_v1.0,0.000000,0.000000,,,,
2024-03-06,GNTX,BBG001S5RMR8,0,false,37.030000,36.940000,0.580610,-0.243046,false,0.000000,execution_costs_v1.0,0.000000,0.000000,,,,
2024-03-06,GNTY,BBG001S7MPM7,0,false,30.020000,29.750000,0.000000,-0.899400,false,0.000000,execution_costs_v1.0,0.000000,0.000000,,,,
2024-03-06,GNW,BBG001SJ0DH8,1,false,6.220000,6.315000,1.929260,1.527331,false,0.000000,execution_costs_v1.0,0.000000,0.000000,,,,
2024-03-06,GO,BBG00P4R30Z8,4,false,26.850000,26.040000,0.000000,-3.016760,false,0.000000,execution_costs_v1.0,0.000000,0.000000,,,,
2024-03-06,GOGL,0001029145,12,true,12.770000,13.090000,3.054033,2.505873,false,0.000000,execution_costs_v1.0,0.000000,0.000000,,,,
2024-03-06,GOGO,BBG002CN8YD4,0,false,8.660000,8.910000,3.117783,2.886836,false,0.000000,execution_costs_v1.0,0.000000,0.000000,,,,
2024-03-06,GOLF,BBG00D5L3ST3,0,false,65.010000,64.490000,0.061529,-0.799877,false,0.000000,execution_costs_v1.0,0.000000,0.000000,,,,
2024-03-06,GOOD,BBG001SK8138,1,false,12.770000,12.770000,0.861394,0.000000,false,0.000000,execution_costs_v1.0,0.000000,0.000000,,,,
2024-03-06,GOOS,BBG00G2HL1Z0,0,false,13.010000,12.860000,0.653344,-1.152959,false,0.000000,execution_costs_v1.0,0.000000,0.000000,,,,
2024-03-06,GOSS,BBG00MVWLMC1,4,false,1.450000,1.520000,6.896552,4.827586,false,0.000000,execution_costs_v1.0,0.000000,0.000000,,,,
2024-03-06,GPI,BBG001S5RNK3,0,false,263.850000,261.600000,0.000000,-0.852757,false,0.000000,execution_costs_v1.0,0.000000,0.000000,,,,
2024-03-06,GPK,BBG001S90195,0,false,26.120000,26.050000,0.382848,-0.267994,false,0.000000,execution_costs_v1.0,0.000000,0.000000,,,,
2024-03-06,GPOR,BBG0112Z8766,0,false,144.950000,144.620000,1.034840,-0.227665,false,0.000000,execution_costs_v1.0,0.000000,0.000000,,,,
2024-03-06,GPRE,BBG001SPVM17,0,false,21.640000,20.780000,0.000000,-3.974122,false,0.000000,execution_costs_v1.0,0.000000,0.000000,,,,
2024-03-06,GPRK,0001464591,0,false,8.530000,8.330000,0.819461,-2.344666,false,0.000000,execution_costs_v1.0,0.000000,0.000000,,,,
2024-03-06,GPRO,BBG001V0YJ76,3,false,2.260000,2.250000,1.548673,-0.442478,false,0.000000,execution_costs_v1.0,0.000000,0.000000,,,,
2024-03-06,GPS,BBG001S5RNN0,12,true,20.240000,19.045000,0.493577,-5.904150,false,0.000000,execution_costs_v1.0,0.000000,0.000000,,,,
2024-03-06,GRAB,0001855612,15,true,3.150000,3.095000,0.634921,-1.746032,false,0.000000,execution_costs_v1.0,0.000000,0.000000,,,,
2024-03-06,GRBK,BBG001SS5LM9,0,false,51.870000,52.110000,0.539811,0.462695,false,0.000000,execution_costs_v1.0,0.000000,0.000000,,,,
2024-03-06,GRC,BBG001S5RP00,0,false,36.270000,36.350000,1.736973,0.220568,false,0.000000,execution_costs_v1.0,0.000000,0.000000,,,,
2024-03-06,GRND,BBG00YV3H7V6,0,false,8.250000,8.250000,2.000000,0.000000,false,0.000000,execution_costs_v1.0,0.000000,0.000000,,,,
2024-03-06,GRNT,BBG017RM8TP6,0,false,6.110000,6.055000,0.654664,-0.900164,false,0.000000,execution_costs_v1.0,0.000000,0.000000,,,,
2024-03-06,GRPN,BBG001T8J560,0,false,18.950000,18.190000,0.000000,-4.010554,false,0.000000,execution_costs_v1.0,0.000000,0.000000,,,,
2024-03-06,GSAT,BBG001SPN4X1,3,false,1.350000,1.270000,0.000000,-5.925926,false,0.000000,execution_costs_v1.0,0.000000,0.000000,,,,
2024-03-06,GSBC,BBG001S6DWN3,0,false,52.430000,52.460000,1.506771,0.057219,false,0.000000,execution_costs_v1.0,0.000000,0.000000,,,,
2024-03-06,GSBD,BBG004DDDL70,0,false,15.350000,15.370000,0.586319,0.130293,false,0.000000,execution_costs_v1.0,0.000000,0.000000,,,,
2024-03-06,GSHD,BBG00KHHBMD4,0,false,77.520000,80.130000,3.869969,3.366873,false,0.000000,execution_costs_v1.0,0.000000,0.000000,,,,
2024-03-06,GSL,0001430725,0,false,19.320000,19.830000,2.639752,2.639752,false,0.000000,execution_costs_v1.0,0.000000,0.000000,,,,
2024-03-06,GSM,0001639877,0,false,4.380000,4.360000,0.456621,-0.456621,false,0.000000,execution_costs_v1.0,0.000000,0.000000,,,,
2024-03-06,GT,BBG001S5RQ62,4,false,11.880000,12.060000,1.767677,1.515152,false,0.000000,execution_costs_v1.0,0.000000,0.000000,,,,
2024-03-06,GTES,0001718512,2,false,14.770000,15.360000,4.333108,3.994584,false,0.000000,execution_costs_v1.0,0.000000,0.000000,,,,
2024-03-06,GTLB,BBG00DHTYPJ6,30,true,61.680000,61.380000,3.519293,-0.486381,false,0.000000,execution_costs_v1.0,0.000000,0.000000,,,,
2024-03-06,GTLS,BBG001SQV7W4,0,false,143.760000,141.350000,0.448664,-1.676405,false,0.000000,execution_costs_v1.0,0.000000,0.000000,,,,
2024-03-06,GTN,BBG001S8SQK9,1,false,5.700000,5.670000,1.910526,-0.526316,false,0.000000,execution_costs_v1.0,0.000000,0.000000,,,,
2024-03-06,GTX,BBG00HY28Q04,0,false,9.690000,9.650000,0.877193,-0.412797,false,0.000000,execution_costs_v1.0,0.000000,0.000000,,,,
2024-03-06,GTY,BBG001S5RQR9,0,false,27.180000,27.200000,0.349522,0.073584,false,0.000000,execution_costs_v1.0,0.000000,0.000000,,,,
2024-03-06,GVA,BBG001S8WD96,0,false,51.710000,52.670000,2.281957,1.856507,false,0.000000,execution_costs_v1.0,0.000000,0.000000,,,,
2024-03-06,GWRE,BBG001TWHGX5,0,false,115.700000,115.310000,0.851340,-0.337079,false,0.000000,execution_costs_v1.0,0.000000,0.000000,,,,
2024-03-06,GWRS,BBG001T2PQ42,1,false,13.190000,13.130000,1.743745,-0.454890,false,0.000000,execution_costs_v1.0,0.000000,0.000000,,,,
2024-03-06,GXO,BBG00YDGX9Z1,0,false,48.920000,49.890000,2.492845,1.982829,false,0.000000,execution_costs_v1.0,0.000000,0.000000,,,,
2024-03-06,HA,BBG001S5RRT5,1,false,14.100000,13.980000,0.000000,-0.851064,false,0.000000,execution_costs_v1.0,0.000000,0.000000,,,,
2024-03-06,HAE,BBG001S6QB64,0,false,76.840000,77.440000,0.845914,0.780843,false,0.000000,execution_costs_v1.0,0.000000,0.000000,,,,
2024-03-06,HAFC,BBG001SFGJ31,0,false,15.450000,15.520000,1.359223,0.453074,false,0.000000,execution_costs_v1.0,0.000000,0.000000,,,,
2024-03-06,HAIN,BBG001SBCKV0,0,false,9.680000,9.380000,1.239669,-3.099174,false,0.000000,execution_costs_v1.0,0.000000,0.000000,,,,
2024-03-06,HALO,BBG001SGX585,1,false,41.830000,41.690000,0.621563,-0.334688,false,0.000000,execution_costs_v1.0,0.000000,0.000000,,,,
2024-03-06,HARP,BBG00GTGL030,0,false,22.980000,22.970000,0.087032,-0.043516,false,0.000000,execution_costs_v1.0,0.000000,0.000000,,,,
2024-03-06,HAS,BBG001S5RSQ6,4,false,51.070000,51.350000,1.096338,0.548267,false,0.000000,execution_costs_v1.0,0.000000,0.000000,,,,
2024-03-06,HASI,BBG0044K5DN3,0,false,25.970000,25.310000,0.731613,-2.541394,false,0.000000,execution_costs_v1.0,0.000000,0.000000,,,,
2024-03-06,HAYN,BBG001SL1ZT0,0,false,59.510000,59.230000,0.302470,-0.470509,false,0.000000,execution_costs_v1.0,0.000000,0.000000,,,,
2024-03-06,HAYW,BBG00Z9CCSB9,0,false,13.980000,13.950000,0.751073,-0.214592,false,0.000000,execution_costs_v1.0,0.000000,0.000000,,,,
2024-03-06,HBANL,0000049196,0,false,24.400000,24.100000,0.000000,-1.229508,false,0.000000,execution_costs_v1.0,0.000000,0.000000,,,,
2024-03-06,HBI,BBG001SMCKB8,2,false,5.480000,5.465000,1.067518,-0.273723,false,0.000000,execution_costs_v1.0,0.000000,0.000000,,,,
2024-03-06,HBM,BBG001SL27N7,2,false,6.140000,6.250000,2.280130,1.791531,false,0.000000,execution_costs_v1.0,0.000000,0.000000,,,,
2024-03-06,HBNC,BBG001S7SGW0,0,false,12.280000,12.460000,2.850163,1.465798,false,0.000000,execution_costs_v1.0,0.000000,0.000000,,,,
2024-03-06,HBT,BBG00Q8J7380,0,false,19.190000,19.200000,1.302762,0.052110,false,0.000000,execution_costs_v1.0,0.000000,0.000000,,,,
2024-03-06,HCAT,BBG00LDPZMT5,2,false,8.880000,8.870000,1.351351,-0.112613,false,0.000000,execution_costs_v1.0,0.000000,0.000000,,,,
2024-03-06,HCC,BBG00GD1JNK4,0,false,59.390000,60.100000,2.188921,1.195487,false,0.000000,execution_costs_v1.0,0.000000,0.000000,,,,
2024-03-06,HCI,BBG001T2C2P6,0,false,97.610000,98.200000,0.809343,0.604446,false,0.000000,execution_costs_v1.0,0.000000,0.000000,,,,
2024-03-06,HCKT,BBG001S5VLP7,0,false,24.830000,24.590000,0.402739,-0.966573,false,0.000000,execution_costs_v1.0,0.000000,0.000000,,,,
2024-03-06,HCP,BBG007PZ2T94,38,true,25.330000,26.560000,7.619424,4.855902,false,0.000000,execution_costs_v1.0,0.000000,0.000000,,,,
2024-03-06,HCSG,BBG001S5RTV8,0,false,12.690000,12.819000,1.418440,1.016548,false,0.000000,execution_costs_v1.0,0.000000,0.000000,,,,
2024-03-06,HDSN,BBG001S77CN2,0,false,14.280000,14.220000,0.000000,-0.420168,false,0.000000,execution_costs_v1.0,0.000000,0.000000,,,,
2024-03-06,HE,BBG001S5RV43,2,false,11.800000,11.460000,0.000000,-2.881356,false,0.000000,execution_costs_v1.0,0.000000,0.000000,,,,
2024-03-06,HEES,BBG001SKSFQ0,0,false,58.760000,58.010000,0.408441,-1.276378,false,0.000000,execution_costs_v1.0,0.000000,0.000000,,,,
2024-03-06,HELE,0000916789,0,false,122.130000,121.040000,0.532220,-0.892492,false,0.000000,execution_costs_v1.0,0.000000,0.000000,,,,
2024-03-06,HESM,BBG00R02H8F3,1,false,35.350000,35.150000,0.792079,-0.565771,false,0.000000,execution_costs_v1.0,0.000000,0.000000,,,,
2024-03-06,HFWA,BBG001SBJ270,0,false,19.290000,19.350000,2.021773,0.311042,false,0.000000,execution_costs_v1.0,0.000000,0.000000,,,,
2024-03-06,HGTY,BBG00Z9FKN97,0,false,8.760000,8.790000,0.684932,0.342466,false,0.000000,execution_costs_v1.0,0.000000,0.000000,,,,
2024-03-06,HGV,BBG00CBYY6L2,0,false,45.880000,46.040000,2.048823,0.348736,false,0.000000,execution_costs_v1.0,0.000000,0.000000,,,,
2024-03-06,HHH,BBG01HTMDZ63,0,false,75.820000,75.110000,0.000000,-0.936428,false,0.000000,execution_costs_v1.0,0.000000,0.000000,,,,
2024-03-06,HI,BBG001STH2P3,0,false,47.680000,47.965000,0.817743,0.597735,false,0.000000,execution_costs_v1.0,0.000000,0.000000,,,,
2024-03-06,HIBB,BBG001S92VH8,1,false,80.230000,74.710000,0.000000,-6.880219,false,0.000000,execution_costs_v1.0,0.000000,0.000000,,,,
2024-03-06,HIFS,BBG001S614T2,0,false,172.000000,173.420000,1.162791,0.825581,false,0.000000,execution_costs_v1.0,0.000000,0.000000,,,,
2024-03-06,HII,BBG001V0PDL3,0,false,291.910000,294.110000,1.312048,0.753657,false,0.000000,execution_costs_v1.0,0.000000,0.000000,,,,
2024-03-06,HIMS,BBG00Q5LQWK9,28,true,14.100000,13.995000,0.673759,-0.744681,false,0.000000,execution_costs_v1.0,0.000000,0.000000,,,,
2024-03-06,HIPO,BBG00YRW9292,28,true,17.980000,19.410000,9.677419,7.953281,false,0.000000,execution_costs_v1.0,0.000000,0.000000,,,,
2024-03-06,HIW,BBG001S7X2X4,0,false,25.480000,24.610000,0.000000,-3.414443,false,0.000000,execution_costs_v1.0,0.000000,0.000000,,,,
2024-03-06,HL,BBG001S5RXF7,8,false,3.910000,3.955000,2.046036,1.150895,false,0.000000,execution_costs_v1.0,0.000000,0.000000,,,,
2024-03-06,HLF,0001180262,0,false,8.490000,8.310000,0.514723,-2.120141,false,0.000000,execution_costs_v1.0,0.000000,0.000000,,,,
2024-03-06,HLI,BBG001SFVN99,0,false,125.230000,124.620000,0.387287,-0.487104,false,0.000000,execution_costs_v1.0,0.000000,0.000000,,,,
2024-03-06,HLIO,BBG001S99DF3,0,false,43.460000,43.690000,0.638518,0.529222,false,0.000000,execution_costs_v1.0,0.000000,0.000000,,,,
2024-03-06,HLIT,BBG001S73CC8,0,false,12.980000,12.980000,0.963020,0.000000,false,0.000000,execution_costs_v1.0,0.000000,0.000000,,,,
2024-03-06,HLLY,BBG00Y3N2SD3,0,false,4.230000,4.050000,0.000000,-4.255319,false,0.000000,execution_costs_v1.0,0.000000,0.000000,,,,
2024-03-06,HLMN,BBG00YC6W7C4,0,false,9.720000,9.690000,0.205761,-0.308642,false,0.000000,execution_costs_v1.0,0.000000,0.000000,,,,
2024-03-06,HLNE,BBG00FX58Q75,0,false,108.750000,106.990000,0.689655,-1.618391,false,0.000000,execution_costs_v1.0,0.000000,0.000000,,,,
2024-03-06,HLVX,BBG012FCPWK1,0,false,19.510000,18.910000,1.127627,-3.075346,false,0.000000,execution_costs_v1.0,0.000000,0.000000,,,,
2024-03-06,HLX,BBG001S978V8,1,false,9.500000,9.360000,1.052632,-1.473684,false,0.000000,execution_costs_v1.0,0.000000,0.000000,,,,
2024-03-06,HMN,BBG001S5RY01,0,false,35.510000,35.380000,0.140805,-0.366094,false,0.000000,execution_costs_v1.0,0.000000,0.000000,,,,
2024-03-06,HNI,BBG001S6Q6F5,0,false,42.750000,42.690000,1.286316,-0.140351,false,0.000000,execution_costs_v1.0,0.000000,0.000000,,,,
2024-03-06,HOG,BBG001S5RTY5,6,false,39.060000,38.591000,1.075269,-1.200717,false,0.000000,execution_costs_v1.0,0.000000,0.000000,,,,
2024-03-06,HOLI,0001357450,0,false,25.810000,25.800000,0.794266,-0.038745,false,0.000000,execution_costs_v1.0,0.000000,0.000000,,,,
2024-03-06,HOLO,0001841209,48,true,7.530000,6.820000,22.177955,-9.428951,true,0.000000,execution_costs_v1.0,0.000000,0.000000,,,,
2024-03-06,HOMB,BBG001SN0R60,0,false,23.990000,23.940000,1.229679,-0.208420,false,0.000000,execution_costs_v1.0,0.000000,0.000000,,,,
2024-03-06,HONE,BBG00NKZNGC5,0,false,10.240000,10.260000,1.464844,0.195312,false,0.000000,execution_costs_v1.0,0.000000,0.000000,,,,
2024-03-06,HOOD,BBG008NMBXP6,43,true,16.100000,16.395000,3.043478,1.832298,false,0.000000,execution_costs_v1.0,0.000000,0.000000,,,,
2024-03-06,HOPE,BBG001S8F2H0,0,false,11.210000,11.260000,2.051740,0.446030,false,0.000000,execution_costs_v1.0,0.000000,0.000000,,,,
2024-03-06,HOUS,BBG001SSDCC1,0,false,5.780000,5.680000,0.000000,-1.730104,false,0.000000,execution_costs_v1.0,0.000000,0.000000,,,,
2024-03-06,HOV,BBG001S5RZM4,0,false,151.680000,150.990000,1.077927,-0.454905,false,0.000000,execution_costs_v1.0,0.000000,0.000000,,,,
2024-03-06,HP,BBG001S5RZP1,0,false,38.790000,38.510000,1.624130,-0.721836,false,0.000000,execution_costs_v1.0,0.000000,0.000000,,,,
2024-03-06,HPK,BBG00RD1PYR2,2,false,16.420000,15.950000,1.278928,-2.862363,false,0.000000,execution_costs_v1.0,0.000000,0.000000,,,,
2024-03-06,HPP,BBG001T6TCN9,0,false,6.710000,6.640000,0.000000,-1.043219,false,0.000000,execution_costs_v1.0,0.000000,0.000000,,,,
2024-03-06,HQY,BBG001T8JKN8,0,false,81.140000,80.530000,0.258812,-0.751787,false,0.000000,execution_costs_v1.0,0.000000,0.000000,,,,
2024-03-06,HR,BBG001T5WP21,0,false,13.690000,13.760000,1.095690,0.511322,false,0.000000,execution_costs_v1.0,0.000000,0.000000,,,,
2024-03-06,HRB,BBG001S5S031,2,false,49.530000,49.070000,0.000000,-0.928730,false,0.000000,execution_costs_v1.0,0.000000,0.000000,,,,
2024-03-06,HRI,BBG001SNNBX0,0,false,169.480000,162.880000,0.053104,-3.894265,false,0.000000,execution_costs_v1.0,0.000000,0.000000,,,,
2024-03-06,HRMY,BBG00WBPG548,0,false,31.010000,30.680000,0.709449,-1.064173,false,0.000000,execution_costs_v1.0,0.000000,0.000000,,,,
2024-03-06,HROW,BBG001SSTRN9,0,false,11.210000,11.310000,7.849242,0.892061,false,0.000000,execution_costs_v1.0,0.000000,0.000000,,,,
2024-03-06,HRT,BBG012VBTY54,0,false,14.180000,14.160000,0.141044,-0.141044,false,0.000000,execution_costs_v1.0,0.000000,0.000000,,,,
2024-03-06,HRTX,BBG001SB92D4,3,false,2.590000,2.480000,1.158301,-4.247104,false,0.000000,execution_costs_v1.0,0.000000,0.000000,,,,
2024-03-06,HRZN,BBG001T7JC58,2,false,11.920000,11.710000,0.167785,-1.761745,false,0.000000,execution_costs_v1.0,0.000000,0.000000,,,,
2024-03-06,HSAI,BBG01CCYDDZ3,8,false,4.990000,5.470000,19.038076,9.619238,true,0.000000,execution_costs_v1.0,0.000000,0.000000,,,,
2024-03-06,HSHP,0001959455,0,false,7.760000,7.900000,3.350515,1.804124,false,0.000000,execution_costs_v1.0,0.000000,0.000000,,,,
2024-03-06,HSIC,BBG001S6S7F1,0,false,75.780000,75.330000,0.725785,-0.593824,false,0.000000,execution_costs_v1.0,0.000000,0.000000,,,,
2024-03-06,HSII,BBG001SCQ2H9,0,false,32.830000,32.440000,0.137070,-1.187938,false,0.000000,execution_costs_v1.0,0.000000,0.000000,,,,
2024-03-06,HST,BBG001S5RY83,2,false,21.070000,20.920000,0.925486,-0.711913,false,0.000000,execution_costs_v1.0,0.000000,0.000000,,,,
2024-03-06,HSTM,BBG001SCR2T5,0,false,26.620000,26.460000,0.338092,-0.601052,false,0.000000,execution_costs_v1.0,0.000000,0.000000,,,,
2024-03-06,HTBI,BBG002CV5WZ9,0,false,26.110000,25.740000,0.313673,-1.417082,false,0.000000,execution_costs_v1.0,0.000000,0.000000,,,,
2024-03-06,HTBK,BBG001SBY8P0,0,false,8.550000,8.510000,1.286550,-0.467836,false,0.000000,execution_costs_v1.0,0.000000,0.000000,,,,
2024-03-06,HTGC,BBG001SDPHZ5,2,false,18.280000,18.390000,2.188184,0.601751,false,0.000000,execution_costs_v1.0,0.000000,0.000000,,,,
2024-03-06,HTH,BBG001SH9HH4,0,false,31.290000,31.340000,2.013423,0.159795,false,0.000000,execution_costs_v1.0,0.000000,0.000000,,,,
2024-03-06,HTLD,BBG001S5S1D8,0,false,12.040000,12.120000,2.375415,0.664452,false,0.000000,execution_costs_v1.0,0.000000,0.000000,,,,
2024-03-06,HTLF,BBG001S8WBN4,0,false,35.170000,35.240000,2.160933,0.199033,false,0.000000,execution_costs_v1.0,0.000000,0.000000,,,,
2024-03-06,HTZ,BBG011N571V5,2,false,7.250000,7.270000,2.068966,0.275862,false,0.000000,execution_costs_v1.0,0.000000,0.000000,,,,
2024-03-06,HUBG,BBG001S8SNQ0,0,false,42.760000,42.630000,0.561272,-0.304022,false,0.000000,execution_costs_v1.0,0.000000,0.000000,,,,
2024-03-06,HUMA,BBG00XPPT7T6,2,false,3.520000,3.360000,0.255682,-4.545455,false,0.000000,execution_costs_v1.0,0.000000,0.000000,,,,
2024-03-06,HUN,BBG001SKWX22,3,false,26.000000,25.995000,0.538462,-0.019231,false,0.000000,execution_costs_v1.0,0.000000,0.000000,,,,
2024-03-06,HURN,BBG001SLSXM3,0,false,98.340000,97.930000,0.162701,-0.416921,false,0.000000,execution_costs_v1.0,0.000000,0.000000,,,,
2024-03-06,HUT,BBG00390LJJ8,22,true,7.750000,7.869700,4.516129,1.544516,false,0.000000,execution_costs_v1.0,0.000000,0.000000,,,,
2024-03-06,HVT,BBG001SBYDJ6,0,false,34.430000,32.980000,0.174267,-4.211444,false,0.000000,execution_costs_v1.0,0.000000,0.000000,,,,
2024-03-06,HWC,BBG001S6S985,2,false,44.710000,44.490000,1.431447,-0.492060,false,0.000000,execution_costs_v1.0,0.000000,0.000000,,,,
2024-03-06,HWKN,BBG001S5S282,0,false,70.860000,70.160000,0.084674,-0.987863,false,0.000000,execution_costs_v1.0,0.000000,0.000000,,,,
2024-03-06,HXL,BBG001S5S2J0,0,false,75.800000,76.040000,1.062005,0.316623,false,0.000000,execution_costs_v1.0,0.000000,0.000000,,,,
2024-03-06,HY,BBG001S5YDZ1,0,false,57.720000,59.120000,2.650728,2.425502,false,0.000000,execution_costs_v1.0,0.000000,0.000000,,,,
2024-03-06,HYLN,BBG00N9MJV02,5,false,1.800000,1.870000,8.333333,3.888889,false,0.000000,execution_costs_v1.0,0.000000,0.000000,,,,
2024-03-06,HYMC,BBG00JSBZQF1,3,false,1.970000,2.260000,14.720812,14.720812,false,0.000000,execution_costs_v1.0,0.000000,0.000000,,,,
2024-03-06,HZO,BBG001SBS2N2,0,false,32.140000,30.570000,0.062228,-4.884879,false,0.000000,execution_costs_v1.0,0.000000,0.000000,,,,
2024-03-06,IAC,BBG00S1LR2D2,0,false,52.410000,51.440000,0.324366,-1.850792,false,0.000000,execution_costs_v1.0,0.000000,0.000000,,,,
2024-03-06,IAG,BBG001S8SMV6,3,false,2.900000,3.015000,5.862069,3.965517,false,0.000000,execution_costs_v1.0,0.000000,0.000000,,,,
2024-03-06,IART,BBG001S7JWM6,0,false,36.720000,36.110000,0.721678,-1.661220,false,0.000000,execution_costs_v1.0,0.000000,0.000000,,,,
2024-03-06,IAS,BBG011BPJYL0,4,false,9.830000,9.250000,0.610376,-5.900305,false,0.000000,execution_costs_v1.0,0.000000,0.000000,,,,
2024-03-06,IAUX,BBG00Z3VDWG8,2,false,1.450000,1.470000,4.137931,1.379310,false,0.000000,execution_costs_v1.0,0.000000,0.000000,,,,
2024-03-06,IBCP,BBG001S5S335,0,false,24.660000,24.720000,1.824818,0.243309,false,0.000000,execution_costs_v1.0,0.000000,0.000000,,,,
2024-03-06,IBKR,BBG001SQ4YC7,0,false,109.460000,110.000000,1.004933,0.493331,false,0.000000,execution_costs_v1.0,0.000000,0.000000,,,,
2024-03-06,IBOC,BBG001S6YYJ1,0,false,54.920000,54.190000,0.464312,-1.329206,false,0.000000,execution_costs_v1.0,0.000000,0.000000,,,,
2024-03-06,IBP,BBG005TJKF09,0,false,237.380000,235.130000,0.600303,-0.947847,false,0.000000,execution_costs_v1.0,0.000000,0.000000,,,,
2024-03-06,IBRX,BBG007T9DYX8,12,true,5.020000,5.085000,2.589641,1.294821,false,0.000000,execution_costs_v1.0,0.000000,0.000000,,,,
2024-03-06,IBTX,BBG003981NT3,0,false,45.290000,45.310000,1.589755,0.044160,false,0.000000,execution_costs_v1.0,0.000000,0.000000,,,,
2024-03-06,ICFI,BBG001S6L7P7,0,false,155.550000,154.060000,0.405014,-0.957891,false,0.000000,execution_costs_v1.0,0.000000,0.000000,,,,
2024-03-06,ICHR,0001652535,0,false,43.610000,43.710000,1.708324,0.229305,false,0.000000,execution_costs_v1.0,0.000000,0.000000,,,,
2024-03-06,ICL,0000941221,0,false,5.330000,5.410000,1.500938,1.500938,false,0.000000,execution_costs_v1.0,0.000000,0.000000,,,,
2024-03-06,ICUI,BBG001S712B3,0,false,104.280000,103.520000,1.601458,-0.728807,false,0.000000,execution_costs_v1.0,0.000000,0.000000,,,,
2024-03-06,IDA,BBG001S5S4M2,0,false,88.080000,88.290000,0.862852,0.238420,false,0.000000,execution_costs_v1.0,0.000000,0.000000,,,,
2024-03-06,IDCC,BBG001S8DV79,0,false,107.280000,107.350000,0.745712,0.065250,false,0.000000,execution_costs_v1.0,0.000000,0.000000,,,,
2024-03-06,IDT,BBG001SHWDJ5,0,false,37.300000,37.160000,0.406166,-0.375335,false,0.000000,execution_costs_v1.0,0.000000,0.000000,,,,
2024-03-06,IDYA,BBG00CTZ4D92,0,false,45.560000,46.360000,4.741001,1.755926,false,0.000000,execution_costs_v1.0,0.000000,0.000000,,,,
2024-03-06,IE,BBG012WFRMH9,0,false,7.920000,8.690000,11.489899,9.722222,false,0.000000,execution_costs_v1.0,0.000000,0.000000,,,,
2024-03-06,IEP,BBG001S5NBT4,5,false,19.620000,19.650000,1.194699,0.152905,false,0.000000,execution_costs_v1.0,0.000000,0.000000,,,,
2024-03-06,IESC,BBG001SR2L71,0,false,112.270000,112.980000,1.692349,0.632404,false,0.000000,execution_costs_v1.0,0.000000,0.000000,,,,
2024-03-06,IFBD,0001815566,60,true,6.560000,7.641100,28.048780,16.480183,true,0.000000,execution_costs_v1.0,0.000000,0.000000,,,,
2024-03-06,IFS,0001615903,0,false,28.020000,28.570000,2.266238,1.962884,false,0.000000,execution_costs_v1.0,0.000000,0.000000,,,,
2024-03-06,IGIC,0001794338,0,false,12.430000,12.475000,1.193081,0.362027,false,0.000000,execution_costs_v1.0,0.000000,0.000000,,,,
2024-03-06,IGMS,BBG00PNR1BV9,0,false,12.280000,12.200000,2.850163,-0.651466,false,0.000000,execution_costs_v1.0,0.000000,0.000000,,,,
2024-03-06,IGT,0001619762,0,false,25.020000,24.750000,0.000000,-1.079137,false,0.000000,execution_costs_v1.0,0.000000,0.000000,,,,
2024-03-06,IHS,0001876183,0,false,2.480000,2.450000,0.000000,-1.209677,false,0.000000,execution_costs_v1.0,0.000000,0.000000,,,,
2024-03-06,IIIN,BBG001SK9GV3,0,false,34.790000,34.650000,0.000000,-0.402414,false,0.000000,execution_costs_v1.0,0.000000,0.000000,,,,
2024-03-06,IIIV,BBG00L32N3P6,0,false,21.680000,21.060000,0.184502,-2.859779,false,0.000000,execution_costs_v1.0,0.000000,0.000000,,,,
2024-03-06,IIPR,BBG00F0SW7P6,0,false,97.700000,96.820000,0.000000,-0.900716,false,0.000000,execution_costs_v1.0,0.000000,0.000000,,,,
2024-03-06,IMAX,BBG001S5Z701,0,false,16.960000,16.680000,0.294811,-1.650943,false,0.000000,execution_costs_v1.0,0.000000,0.000000,,,,
2024-03-06,IMKTA,BBG001S5S7D5,0,false,76.350000,76.430000,1.362148,0.104781,false,0.000000,execution_costs_v1.0,0.000000,0.000000,,,,
2024-03-06,IMNM,BBG00BR94298,2,false,25.400000,26.340000,4.527559,3.700787,false,0.000000,execution_costs_v1.0,0.000000,0.000000,,,,
2024-03-06,IMTX,0001809196,0,false,12.180000,12.310000,1.190476,1.067323,false,0.000000,execution_costs_v1.0,0.000000,0.000000,,,,
2024-03-06,IMVT,BBG00P5MC0R7,0,false,34.450000,33.020000,1.112627,-4.150943,false,0.000000,execution_costs_v1.0,0.000000,0.000000,,,,
2024-03-06,IMXI,BBG00G6D5NH5,1,false,20.400000,20.555000,2.352941,0.759804,false,0.000000,execution_costs_v1.0,0.000000,0.000000,,,,
2024-03-06,INBX,BBG00P80N9V6,1,false,35.680000,35.740000,0.896861,0.168161,false,0.000000,execution_costs_v1.0,0.000000,0.000000,,,,
2024-03-06,INCY,BBG001S8Q6N2,0,false,59.210000,59.270000,0.827563,0.101334,false,0.000000,execution_costs_v1.0,0.000000,0.000000,,,,
2024-03-06,INDB,BBG001S5S8F1,0,false,51.560000,51.460000,1.706943,-0.193949,false,0.000000,execution_costs_v1.0,0.000000,0.000000,,,,
2024-03-06,INDI,BBG00Z3XTNY7,2,false,6.490000,6.515000,3.852080,0.385208,false,0.000000,execution_costs_v1.0,0.000000,0.000000,,,,
2024-03-06,INDV,0001625297,1,false,21.730000,21.325000,1.840773,-1.863783,false,0.000000,execution_costs_v1.0,0.000000,0.000000,,,,
2024-03-06,INFA,BBG012THM4K0,0,false,32.030000,31.880000,0.368405,-0.468311,false,0.000000,execution_costs_v1.0,0.000000,0.000000,,,,
2024-03-06,INFN,BBG001SSYWD3,3,false,5.280000,5.515000,8.333333,4.450758,false,0.000000,execution_costs_v1.0,0.000000,0.000000,,,,
2024-03-06,INGR,BBG001SBH4X9,0,false,117.240000,116.320000,0.263562,-0.784715,false,0.000000,execution_costs_v1.0,0.000000,0.000000,,,,
2024-03-06,INMD,0001742692,3,false,22.780000,22.750000,2.485953,-0.131694,false,0.000000,execution_costs_v1.0,0.000000,0.000000,,,,
2024-03-06,INN,BBG001TB84G7,0,false,6.400000,6.400000,1.484375,0.000000,false,0.000000,execution_costs_v1.0,0.000000,0.000000,,,,
2024-03-06,INNV,BBG00Z6F87V4,0,false,4.910000,4.880000,4.073320,-0.610998,false,0.000000,execution_costs_v1.0,0.000000,0.000000,,,,
2024-03-06,INO,BBG001S5RHZ0,5,false,9.840000,9.855000,4.776423,0.152439,false,0.000000,execution_costs_v1.0,0.000000,0.000000,,,,
2024-03-06,INSG,BBG00DWX7QM4,0,false,2.840000,2.711600,2.647887,-4.521127,false,0.000000,execution_costs_v1.0,0.000000,0.000000,,,,
2024-03-06,INSM,BBG001S9SKW7,0,false,28.070000,28.000000,0.249377,-0.249377,false,0.000000,execution_costs_v1.0,0.000000,0.000000,,,,
2024-03-06,INSP,BBG00209SZK5,0,false,182.920000,191.990000,5.024054,4.958452,false,0.000000,execution_costs_v1.0,0.000000,0.000000,,,,
2024-03-06,INST,BBG011MGVC50,0,false,21.740000,21.290000,0.735971,-2.069917,false,0.000000,execution_costs_v1.0,0.000000,0.000000,,,,
2024-03-06,INSW,0001679049,2,false,53.220000,52.990000,0.413378,-0.432168,false,0.000000,execution_costs_v1.0,0.000000,0.000000,,,,
2024-03-06,INTA,BBG002ZHMJ58,0,false,36.250000,35.880000,0.937931,-1.020690,false,0.000000,execution_costs_v1.0,0.000000,0.000000,,,,
2024-03-06,INTR,0001864163,1,false,6.180000,6.120000,0.970874,-0.970874,false,0.000000,execution_costs_v1.0,0.000000,0.000000,,,,
2024-03-06,INVA,BBG001SF23V0,0,false,14.990000,15.170000,2.268179,1.200801,false,0.000000,execution_costs_v1.0,0.000000,0.000000,,,,
2024-03-06,INZY,BBG00J7QJMD0,0,false,6.280000,6.015000,0.477707,-4.219745,false,0.000000,execution_costs_v1.0,0.000000,0.000000,,,,
2024-03-06,IONQ,BBG00XZP0LC3,60,true,9.890000,9.920000,2.679474,0.303337,false,0.000000,execution_costs_v1.0,0.000000,0.000000,,,,
2024-03-06,IONS,BBG001SB7RD1,2,false,44.210000,44.320000,1.323230,0.248812,false,0.000000,execution_costs_v1.0,0.000000,0.000000,,,,
2024-03-06,IOSP,BBG001S8RTD2,0,false,124.030000,123.880000,0.264613,-0.120938,false,0.000000,execution_costs_v1.0,0.000000,0.000000,,,,
2024-03-06,IOVA,BBG001T2PM32,16,true,16.830000,17.165000,4.812834,1.990493,false,0.000000,execution_costs_v1.0,0.000000,0.000000,,,,
2024-03-06,IP,BBG001S5SBF4,0,false,36.370000,35.720000,0.082486,-1.787187,false,0.000000,execution_costs_v1.0,0.000000,0.000000,,,,
2024-03-06,IPAR,BBG001SD06N9,0,false,139.890000,140.190000,1.186647,0.214454,false,0.000000,execution_costs_v1.0,0.000000,0.000000,,,,
2024-03-06,IPG,BBG001S6RLK5,0,false,31.810000,31.860000,0.502986,0.157183,false,0.000000,execution_costs_v1.0,0.000000,0.000000,,,,
2024-03-06,IPGP,BBG001SG95B8,1,false,88.610000,89.060000,1.523530,0.507843,false,0.000000,execution_costs_v1.0,0.000000,0.000000,,,,
2024-03-06,IRDM,BBG001T21JT7,0,false,28.830000,28.390000,0.312175,-1.526188,false,0.000000,execution_costs_v1.0,0.000000,0.000000,,,,
2024-03-06,IREN,0001878848,13,true,5.280000,5.400000,5.303030,2.272727,false,0.000000,execution_costs_v1.0,0.000000,0.000000,,,,
2024-03-06,IRMD,BBG006NM92Y1,0,false,43.070000,43.650000,1.346645,1.346645,false,0.000000,execution_costs_v1.0,0.000000,0.000000,,,,
2024-03-06,IRON,BBG00W9MJL04,0,false,69.590000,66.260000,1.365139,-4.785170,false,0.000000,execution_costs_v1.0,0.000000,0.000000,,,,
2024-03-06,IRT,BBG004Q00LJ5,1,false,15.870000,15.800000,1.323251,-0.441084,false,0.000000,execution_costs_v1.0,0.000000,0.000000,,,,
2024-03-06,IRTC,BBG001TSQV70,0,false,108.310000,107.940000,0.775552,-0.341612,false,0.000000,execution_costs_v1.0,0.000000,0.000000,,,,
2024-03-06,IRWD,BBG001SNZLM7,1,false,9.230000,8.630000,1.397616,-6.500542,false,0.000000,execution_costs_v1.0,0.000000,0.000000,,,,
2024-03-06,ISPR,BBG01DR6S4R9,0,false,9.990000,9.800000,0.000000,-1.901902,false,0.000000,execution_costs_v1.0,0.000000,0.000000,,,,
2024-03-06,ITCI,BBG0026ZFZD3,0,false,67.400000,66.020000,0.830861,-2.047478,false,0.000000,execution_costs_v1.0,0.000000,0.000000,,,,
2024-03-06,ITGR,BBG001SFBS27,0,false,112.910000,115.200000,2.395713,2.028164,false,0.000000,execution_costs_v1.0,0.000000,0.000000,,,,
2024-03-06,ITOS,BBG00VPNFT94,0,false,11.240000,11.871000,5.782918,5.613879,false,0.000000,execution_costs_v1.0,0.000000,0.000000,,,,
2024-03-06,ITRI,BBG001S6DJQ9,0,false,93.490000,95.310000,2.460156,1.946732,false,0.000000,execution_costs_v1.0,0.000000,0.000000,,,,
2024-03-06,ITRN,0001337117,0,false,26.620000,26.810000,1.878287,0.713749,false,0.000000,execution_costs_v1.0,0.000000,0.000000,,,,
2024-03-06,ITT,BBG00CVQZQB3,0,false,126.600000,127.200000,0.924171,0.473934,false,0.000000,execution_costs_v1.0,0.000000,0.000000,,,,
2024-03-06,IVR,BBG001T2XPD5,5,false,9.100000,9.009900,0.329670,-0.990110,false,0.000000,execution_costs_v1.0,0.000000,0.000000,,,,
2024-03-06,IVT,BBG001SCGX73,0,false,25.490000,25.060000,0.313849,-1.686936,false,0.000000,execution_costs_v1.0,0.000000,0.000000,,,,
2024-03-06,IVVD,BBG00W4ML048,0,false,3.760000,3.820000,1.861702,1.595745,false,0.000000,execution_costs_v1.0,0.000000,0.000000,,,,
2024-03-06,IVZ,0000914208,1,false,15.850000,15.740000,0.252366,-0.694006,false,0.000000,execution_costs_v1.0,0.000000,0.000000,,,,
2024-03-06,JACK,BBG001SDBB01,0,false,74.640000,73.740000,0.562701,-1.205788,false,0.000000,execution_costs_v1.0,0.000000,0.000000,,,,
2024-03-06,JAMF,BBG00VSYYVC7,0,false,17.530000,17.250000,0.000000,-1.597262,false,0.000000,execution_costs_v1.0,0.000000,0.000000,,,,
2024-03-06,JANX,BBG00ZHSKH39,0,false,42.380000,42.280000,4.624823,-0.235960,false,0.000000,execution_costs_v1.0,0.000000,0.000000,,,,
2024-03-06,JAZZ,0001232524,1,false,120.850000,117.140000,1.043608,-3.069921,false,0.000000,execution_costs_v1.0,0.000000,0.000000,,,,
2024-03-06,JBGS,BBG00F5FNKK5,0,false,17.550000,17.310000,0.000000,-1.367521,false,0.000000,execution_costs_v1.0,0.000000,0.000000,,,,
2024-03-06,JBI,BBG0100SH2D9,0,false,14.740000,14.810000,0.881954,0.474898,false,0.000000,execution_costs_v1.0,0.000000,0.000000,,,,
2024-03-06,JBLU,BBG001S9YPC1,19,true,6.850000,7.240000,6.131387,5.693431,false,0.000000,execution_costs_v1.0,0.000000,0.000000,,,,
2024-03-06,JBSS,BBG001S6WMC6,0,false,99.800000,102.190000,3.066132,2.394790,false,0.000000,execution_costs_v1.0,0.000000,0.000000,,,,
2024-03-06,JBT,BBG001SQLKR2,0,false,99.460000,99.980000,0.930022,0.522823,false,0.000000,execution_costs_v1.0,0.000000,0.000000,,,,
2024-03-06,JEF,BBG001S5SX02,0,false,42.740000,42.150000,0.046795,-1.380440,false,0.000000,execution_costs_v1.0,0.000000,0.000000,,,,
2024-03-06,JELD,BBG001TG2G57,0,false,17.950000,17.710000,0.000000,-1.337047,false,0.000000,execution_costs_v1.0,0.000000,0.000000,,,,
2024-03-06,JHG,0001274173,0,false,32.440000,32.420000,0.061652,-0.061652,false,0.000000,execution_costs_v1.0,0.000000,0.000000,,,,
2024-03-06,JJSF,BBG001S5SH98,0,false,142.470000,143.700000,1.242367,0.863340,false,0.000000,execution_costs_v1.0,0.000000,0.000000,,,,
2024-03-06,JKHY,BBG001S5SHB5,0,false,173.040000,174.300000,1.641239,0.728155,false,0.000000,execution_costs_v1.0,0.000000,0.000000,,,,
2024-03-06,JLL,BBG001SCLGS1,0,false,191.480000,187.160000,0.000000,-2.256110,false,0.000000,execution_costs_v1.0,0.000000,0.000000,,,,
2024-03-06,JNPR,BBG001SCTT05,0,false,37.500000,37.450000,0.160000,-0.133333,false,0.000000,execution_costs_v1.0,0.000000,0.000000,,,,
2024-03-06,JOBY,0001819848,40,true,5.250000,5.265000,2.666667,0.285714,false,0.000000,execution_costs_v1.0,0.000000,0.000000,,,,
2024-03-06,JOE,BBG001S7K9Y2,0,false,52.480000,51.860000,0.498476,-1.181402,false,0.000000,execution_costs_v1.0,0.000000,0.000000,,,,
2024-03-06,JOUT,BBG001SD39D1,0,false,44.250000,43.490000,0.203390,-1.717514,false,0.000000,execution_costs_v1.0,0.000000,0.000000,,,,
2024-03-06,JRVR,0001620459,0,false,9.730000,9.630000,3.442960,-1.027749,false,0.000000,execution_costs_v1.0,0.000000,0.000000,,,,
2024-03-06,JSPR,BBG00QPZNPB4,0,false,25.000000,26.850000,8.280000,7.400000,false,0.000000,execution_costs_v1.0,0.000000,0.000000,,,,
2024-03-06,JWN,BBG001S7BDN5,37,true,18.730000,17.540000,1.121196,-6.353444,false,0.000000,execution_costs_v1.0,0.000000,0.000000,,,,
2024-03-06,JXN,BBG00922Y611,0,false,57.300000,58.520000,2.914485,2.129145,false,0.000000,execution_costs_v1.0,0.000000,0.000000,,,,
2024-03-06,KAI,BBG001S8PRM8,0,false,321.460000,324.310000,1.399863,0.886580,false,0.000000,execution_costs_v1.0,0.000000,0.000000,,,,
2024-03-06,KALU,BBG001SR3GT7,0,false,73.160000,72.540000,1.013532,-0.847458,false,0.000000,execution_costs_v1.0,0.000000,0.000000,,,,
2024-03-06,KALV,BBG0026ZG5C9,0,false,14.110000,14.390000,3.614458,1.984408,false,0.000000,execution_costs_v1.0,0.000000,0.000000,,,,
2024-03-06,KAMN,BBG001S5SJM9,0,false,45.690000,45.600000,0.021887,-0.196980,false,0.000000,execution_costs_v1.0,0.000000,0.000000,,,,
2024-03-06,KAR,BBG001T5L4B0,0,false,15.830000,15.750000,0.442198,-0.505370,false,0.000000,execution_costs_v1.0,0.000000,0.000000,,,,
2024-03-06,KARO,0001828102,0,false,25.170000,25.000000,4.847040,-0.675407,false,0.000000,execution_costs_v1.0,0.000000,0.000000,,,,
2024-03-06,KBH,BBG001S5SJV9,0,false,68.270000,68.420000,0.819540,0.219716,false,0.000000,execution_costs_v1.0,0.000000,0.000000,,,,
2024-03-06,KBR,BBG001SP11V3,0,false,62.060000,61.720000,0.902353,-0.547857,false,0.000000,execution_costs_v1.0,0.000000,0.000000,,,,
2024-03-06,KD,BBG012W99DS1,0,false,22.120000,21.470000,0.723327,-2.938517,false,0.000000,execution_costs_v1.0,0.000000,0.000000,,,,
2024-03-06,KE,BBG001TCYZ77,0,false,21.760000,21.500000,0.000000,-1.194853,false,0.000000,execution_costs_v1.0,0.000000,0.000000,,,,
2024-03-06,KELYA,BBG001S5SKH2,0,false,24.120000,24.120000,0.518242,0.000000,false,0.000000,execution_costs_v1.0,0.000000,0.000000,,,,
2024-03-06,KEN,0001611005,0,false,26.060000,26.360000,1.304682,1.151190,false,0.000000,execution_costs_v1.0,0.000000,0.000000,,,,
2024-03-06,KEX,BBG001S5SKT9,0,false,88.780000,88.885000,0.957423,0.118270,false,0.000000,execution_costs_v1.0,0.000000,0.000000,,,,
2024-03-06,KEY,BBG001S5SKV6,10,true,14.940000,14.990000,1.807229,0.334672,false,0.000000,execution_costs_v1.0,0.000000,0.000000,,,,
2024-03-06,KFRC,BBG001SCQRF6,0,false,72.120000,71.130000,0.000000,-1.372712,false,0.000000,execution_costs_v1.0,0.000000,0.000000,,,,
2024-03-06,KFY,BBG001SC0054,0,false,69.690000,64.860000,0.000000,-6.930693,false,0.000000,execution_costs_v1.0,0.000000,0.000000,,,,
2024-03-06,KGC,BBG001S5R0C2,14,true,5.260000,5.330000,2.851711,1.330798,false,0.000000,execution_costs_v1.0,0.000000,0.000000,,,,
2024-03-06,KGS,BBG01G4G6YQ4,3,false,28.990000,26.650000,0.034495,-8.071749,false,0.000000,execution_costs_v1.0,0.000000,0.000000,,,,
2024-03-06,KIDS,BBG00HFFRW48,0,false,27.600000,26.870000,0.000000,-2.644928,false,0.000000,execution_costs_v1.0,0.000000,0.000000,,,,
2024-03-06,KIM,BBG001S70279,0,false,19.560000,19.300000,0.347648,-1.329243,false,0.000000,execution_costs_v1.0,0.000000,0.000000,,,,
2024-03-06,KIND,BBG00Z8MSWS4,1,false,2.240000,2.205000,1.785714,-1.562500,false,0.000000,execution_costs_v1.0,0.000000,0.000000,,,,
2024-03-06,KLG,BBG018CYVVX4,0,false,14.860000,14.690000,0.269179,-1.144011,false,0.000000,execution_costs_v1.0,0.000000,0.000000,,,,
2024-03-06,KLIC,BBG001S5SLP1,0,false,49.590000,49.485000,1.008268,-0.211736,false,0.000000,execution_costs_v1.0,0.000000,0.000000,,,,
2024-03-06,KMDA,0001567529,10,true,5.980000,6.025000,1.672241,0.752508,false,0.000000,execution_costs_v1.0,0.000000,0.000000,,,,
2024-03-06,KMPR,BBG001SD3BG3,0,false,58.670000,59.830000,2.147605,1.977160,false,0.000000,execution_costs_v1.0,0.000000,0.000000,,,,
2024-03-06,KMT,BBG001S5SM97,0,false,25.080000,25.310000,1.076555,0.917065,false,0.000000,execution_costs_v1.0,0.000000,0.000000,,,,
2024-03-06,KMX,BBG001SD9561,0,false,81.500000,80.590000,0.196319,-1.116564,false,0.000000,execution_costs_v1.0,0.000000,0.000000,,,,
2024-03-06,KN,BBG004M8M6K9,0,false,16.370000,16.400000,1.282834,0.183262,false,0.000000,execution_costs_v1.0,0.000000,0.000000,,,,
2024-03-06,KNF,BBG002N3N2W8,0,false,75.220000,75.280000,1.422494,0.079766,false,0.000000,execution_costs_v1.0,0.000000,0.000000,,,,
2024-03-06,KNSA,0001730430,0,false,20.320000,20.990000,3.346457,3.297244,false,0.000000,execution_costs_v1.0,0.000000,0.000000,,,,
2024-03-06,KNTK,BBG00GCLZ7C7,0,false,35.150000,34.350000,0.568990,-2.275960,false,0.000000,execution_costs_v1.0,0.000000,0.000000,,,,
2024-03-06,KNX,BBG001T9BTS0,0,false,55.750000,55.270000,0.843049,-0.860987,false,0.000000,execution_costs_v1.0,0.000000,0.000000,,,,
2024-03-06,KOD,BBG00BVR0D11,0,false,5.900000,5.910000,4.915254,0.169492,false,0.000000,execution_costs_v1.0,0.000000,0.000000,,,,
2024-03-06,KODK,BBG0057GTGB6,1,false,4.860000,5.020000,6.172840,3.292181,false,0.000000,execution_costs_v1.0,0.000000,0.000000,,,,
2024-03-06,KOP,BBG001SMPFZ9,0,false,53.690000,53.280000,0.335258,-0.763643,false,0.000000,execution_costs_v1.0,0.000000,0.000000,,,,
2024-03-06,KOS,BBG001SJV7R6,26,true,5.460000,5.580000,4.395604,2.197802,false,0.000000,execution_costs_v1.0,0.000000,0.000000,,,,
2024-03-06,KRC,BBG001S9BHB5,0,false,37.460000,36.000000,0.000000,-3.897491,false,0.000000,execution_costs_v1.0,0.000000,0.000000,,,,
2024-03-06,KREF,BBG00GD4KVR1,0,false,9.830000,9.695000,0.203459,-1.373347,false,0.000000,execution_costs_v1.0,0.000000,0.000000,,,,
2024-03-06,KRG,BBG001S64LR3,0,false,21.570000,21.350000,0.092721,-1.019935,false,0.000000,execution_costs_v1.0,0.000000,0.000000,,,,
2024-03-06,KRNT,0001625791,0,false,17.520000,17.530000,0.684932,0.057078,false,0.000000,execution_costs_v1.0,0.000000,0.000000,,,,
2024-03-06,KRNY,BBG008N1HXQ5,0,false,6.150000,6.250000,3.658537,1.626016,false,0.000000,execution_costs_v1.0,0.000000,0.000000,,,,
2024-03-06,KRO,BBG001SDWTD5,0,false,8.800000,8.650000,0.284091,-1.704545,false,0.000000,execution_costs_v1.0,0.000000,0.000000,,,,
2024-03-06,KROS,BBG00H1HP9H8,0,false,67.340000,65.990000,0.980101,-2.004752,false,0.000000,execution_costs_v1.0,0.000000,0.000000,,,,
2024-03-06,KRP,BBG00FQH6N85,1,false,15.580000,15.440000,0.000000,-0.898588,false,0.000000,execution_costs_v1.0,0.000000,0.000000,,,,
2024-03-06,KRRO,BBG00GFMTC47,0,false,49.940000,49.830000,0.520625,-0.220264,false,0.000000,execution_costs_v1.0,0.000000,0.000000,,,,
2024-03-06,KRT,BBG00Q9MSFD6,0,false,29.130000,28.960000,1.304497,-0.583591,false,0.000000,execution_costs_v1.0,0.000000,0.000000,,,,
2024-03-06,KRTX,BBG00NN875H9,0,false,318.220000,318.690000,0.512036,0.147697,false,0.000000,execution_costs_v1.0,0.000000,0.000000,,,,
2024-03-06,KRUS,BBG00PNFJ530,0,false,93.510000,91.780000,1.165651,-1.850070,false,0.000000,execution_costs_v1.0,0.000000,0.000000,,,,
2024-03-06,KRYS,BBG00HDGRHJ5,1,false,172.120000,174.360000,3.102487,1.301418,false,0.000000,execution_costs_v1.0,0.000000,0.000000,,,,
2024-03-06,KSS,BBG001S71NV5,7,false,27.640000,27.140000,0.759768,-1.808973,false,0.000000,execution_costs_v1.0,0.000000,0.000000,,,,
2024-03-06,KTB,BBG00LPTHYM5,0,false,61.000000,60.940000,0.901639,-0.098361,false,0.000000,execution_costs_v1.0,0.000000,0.000000,,,,
2024-03-06,KTOS,BBG001SD5VL1,5,false,18.060000,18.180000,2.021041,0.664452,false,0.000000,execution_costs_v1.0,0.000000,0.000000,,,,
2024-03-06,KURA,BBG008974351,0,false,21.310000,22.730000,8.540591,6.663538,false,0.000000,execution_costs_v1.0,0.000000,0.000000,,,,
2024-03-06,KVYO,BBG009WR3FM4,2,false,25.310000,24.990000,0.750691,-1.264322,false,0.000000,execution_costs_v1.0,0.000000,0.000000,,,,
2024-03-06,KW,BBG001SM6C41,0,false,8.430000,8.470000,3.084223,0.474496,false,0.000000,execution_costs_v1.0,0.000000,0.000000,,,,
2024-03-06,KWR,BBG001S969X5,0,false,199.270000,199.400000,0.301099,0.065238,false,0.000000,execution_costs_v1.0,0.000000,0.000000,,,,
2024-03-06,KYMR,BBG00SDHC8F9,0,false,42.560000,41.860000,1.597744,-1.644737,false,0.000000,execution_costs_v1.0,0.000000,0.000000,,,,
2024-03-06,LAAC,BBG01JLDJ7S9,3,false,4.900000,5.330000,8.979592,8.775510,false,0.000000,execution_costs_v1.0,0.000000,0.000000,,,,
2024-03-06,LAC,BBG01JLDH8P2,14,true,5.040000,5.355000,7.341270,6.250000,false,0.000000,execution_costs_v1.0,0.000000,0.000000,,,,
2024-03-06,LAD,BBG001SC88P7,0,false,297.140000,294.580000,0.590631,-0.861547,false,0.000000,execution_costs_v1.0,0.000000,0.000000,,,,
2024-03-06,LADR,BBG005RVGZ50,0,false,10.850000,10.780000,0.092166,-0.645161,false,0.000000,execution_costs_v1.0,0.000000,0.000000,,,,
2024-03-06,LAMR,BBG001S8KJC2,0,false,117.940000,117.480000,1.382059,-0.390029,false,0.000000,execution_costs_v1.0,0.000000,0.000000,,,,
2024-03-06,LANC,BBG001S5SPQ1,0,false,205.140000,204.460000,1.023691,-0.331481,false,0.000000,execution_costs_v1.0,0.000000,0.000000,,,,
2024-03-06,LAND,BBG001TB7TR1,0,false,13.030000,13.155000,1.841903,0.959325,false,0.000000,execution_costs_v1.0,0.000000,0.000000,,,,
2024-03-06,LASR,BBG0020BCPY4,0,false,12.750000,12.830000,1.333333,0.627451,false,0.000000,execution_costs_v1.0,0.000000,0.000000,,,,
2024-03-06,LAUR,BBG00B4Z2YY9,0,false,13.490000,13.430000,0.000000,-0.444774,false,0.000000,execution_costs_v1.0,0.000000,0.000000,,,,
2024-03-06,LAW,BBG0066FZJP9,0,false,6.500000,6.640000,4.153846,2.153846,false,0.000000,execution_costs_v1.0,0.000000,0.000000,,,,
2024-03-06,LAZ,BBG001S711C4,1,false,38.390000,38.900000,3.750977,1.328471,false,0.000000,execution_costs_v1.0,0.000000,0.000000,,,,
2024-03-06,LAZR,BBG00MS90LM0,11,true,2.220000,2.165000,0.900901,-2.477477,false,0.000000,execution_costs_v1.0,0.000000,0.000000,,,,
2024-03-06,LBAI,BBG001S93HH8,0,false,12.190000,12.200000,0.820345,0.082034,false,0.000000,execution_costs_v1.0,0.000000,0.000000,,,,
2024-03-06,LBPH,BBG00Y0BJ9Q2,0,false,20.830000,20.140000,2.256361,-3.312530,false,0.000000,execution_costs_v1.0,0.000000,0.000000,,,,
2024-03-06,LBRDK,BBG006GNSZX4,0,false,57.130000,56.240000,1.190268,-1.557851,false,0.000000,execution_costs_v1.0,0.000000,0.000000,,,,
2024-03-06,LBRT,BBG00GK831C5,0,false,21.380000,21.275000,2.151543,-0.491113,false,0.000000,execution_costs_v1.0,0.000000,0.000000,,,,
2024-03-06,LBTYK,0001570585,0,false,18.000000,17.855000,0.555556,-0.805556,false,0.000000,execution_costs_v1.0,0.000000,0.000000,,,,
2024-03-06,LC,BBG001YKDNH2,0,false,8.070000,7.980000,0.991326,-1.115242,false,0.000000,execution_costs_v1.0,0.000000,0.000000,,,,
2024-03-06,LCID,BBG00W7F99W4,50,true,3.170000,3.180000,3.154574,0.315457,false,0.000000,execution_costs_v1.0,0.000000,0.000000,,,,
2024-03-06,LCII,BBG001S8G4D9,0,false,121.530000,115.980000,0.386736,-4.566774,false,0.000000,execution_costs_v1.0,0.000000,0.000000,,,,
2024-03-06,LDI,BBG00B5Z6KL8,2,false,2.510000,2.620000,5.976096,4.382470,false,0.000000,execution_costs_v1.0,0.000000,0.000000,,,,
2024-03-06,LEA,BBG001T60092,0,false,139.900000,139.910000,0.150107,0.007148,false,0.000000,execution_costs_v1.0,0.000000,0.000000,,,,
2024-03-06,LECO,BBG001S5TV87,0,false,254.420000,254.340000,0.827372,-0.031444,false,0.000000,execution_costs_v1.0,0.000000,0.000000,,,,
2024-03-06,LEG,BBG001S5SRG8,2,false,20.670000,20.730000,0.459603,0.290276,false,0.000000,execution_costs_v1.0,0.000000,0.000000,,,,
2024-03-06,LEGH,BBG00MJDR6K7,0,false,24.890000,25.180000,1.446364,1.165127,false,0.000000,execution_costs_v1.0,0.000000,0.000000,,,,
2024-03-06,LESL,BBG00XS6TVN8,0,false,7.730000,7.490000,0.258732,-3.104787,false,0.000000,execution_costs_v1.0,0.000000,0.000000,,,,
2024-03-06,LEU,BBG001S9F7B3,0,false,40.290000,40.780000,3.499628,1.216183,false,0.000000,execution_costs_v1.0,0.000000,0.000000,,,,
2024-03-06,LEV,BBG0103W5JY0,6,false,1.360000,1.340000,1.470588,-1.470588,false,0.000000,execution_costs_v1.0,0.000000,0.000000,,,,
2024-03-06,LEVI,BBG001S9NVN8,1,false,18.400000,18.290000,0.217391,-0.597826,false,0.000000,execution_costs_v1.0,0.000000,0.000000,,,,
2024-03-06,LFST,BBG01138DHT2,1,false,7.420000,7.250000,2.156334,-2.291105,false,0.000000,execution_costs_v1.0,0.000000,0.000000,,,,
2024-03-06,LFUS,BBG001S744B6,0,false,236.850000,237.280000,0.814862,0.181550,false,0.000000,execution_costs_v1.0,0.000000,0.000000,,,,
2024-03-06,LGF.A,BBG001SC6N58,0,false,9.820000,9.140000,0.050916,-6.924644,false,0.000000,execution_costs_v1.0,0.000000,0.000000,,,,
2024-03-06,LGIH,BBG0056655T0,0,false,111.290000,111.300000,1.545512,0.008986,false,0.000000,execution_costs_v1.0,0.000000,0.000000,,,,
2024-03-06,LGND,BBG001S8CH99,0,false,74.650000,72.830000,0.127261,-2.438044,false,0.000000,execution_costs_v1.0,0.000000,0.000000,,,,
2024-03-06,LIDR,BBG00YQ7K6F9,1,false,1.730000,1.680000,0.000000,-2.890173,false,0.000000,execution_costs_v1.0,0.000000,0.000000,,,,
2024-03-06,LILAK,0001712184,0,false,6.420000,6.340000,0.623053,-1.246106,false,0.000000,execution_costs_v1.0,0.000000,0.000000,,,,
2024-03-06,LILM,0001855756,7,false,0.910000,0.920700,2.098901,1.175824,false,0.000000,execution_costs_v1.0,0.000000,0.000000,,,,
2024-03-06,LINC,BBG001SH9DM7,0,false,9.880000,10.100000,3.036437,2.226721,false,0.000000,execution_costs_v1.0,0.000000,0.000000,,,,
2024-03-06,LIND,BBG004MDWKT7,0,false,8.640000,8.570000,1.157407,-0.810185,false,0.000000,execution_costs_v1.0,0.000000,0.000000,,,,
2024-03-06,LITE,BBG0073F9RS8,0,false,51.510000,50.310000,0.524170,-2.329645,false,0.000000,execution_costs_v1.0,0.000000,0.000000,,,,
2024-03-06,LIVN,0001639691,10,true,52.380000,53.210000,3.360061,1.584574,false,0.000000,execution_costs_v1.0,0.000000,0.000000,,,,
2024-03-06,LKFN,BBG001S7RTC5,0,false,66.640000,66.600000,2.551020,-0.060024,false,0.000000,execution_costs_v1.0,0.000000,0.000000,,,,
2024-03-06,LKQ,BBG001SCCPJ1,0,false,51.990000,51.510000,0.557800,-0.923254,false,0.000000,execution_costs_v1.0,0.000000,0.000000,,,,
2024-03-06,LLYVA,BBG01HMFL134,0,false,39.230000,38.880000,0.280398,-0.892174,false,0.000000,execution_costs_v1.0,0.000000,0.000000,,,,
2024-03-06,LLYVK,BBG01HMFLVL8,0,false,40.460000,40.240000,0.444884,-0.543747,false,0.000000,execution_costs_v1.0,0.000000,0.000000,,,,
2024-03-06,LMAT,BBG001SK6CX3,0,false,67.530000,67.840000,0.621946,0.459055,false,0.000000,execution_costs_v1.0,0.000000,0.000000,,,,
2024-03-06,LMB,BBG006G0NGD3,0,false,52.090000,48.750000,0.191975,-6.411979,false,0.000000,execution_costs_v1.0,0.000000,0.000000,,,,
2024-03-06,LMND,BBG00BM5YC14,6,false,16.710000,16.090000,1.256732,-3.710353,false,0.000000,execution_costs_v1.0,0.000000,0.000000,,,,
2024-03-06,LMNR,BBG001S775Q4,0,false,17.900000,17.900000,0.872626,0.000000,false,0.000000,execution_costs_v1.0,0.000000,0.000000,,,,
2024-03-06,LNC,BBG001S5STV7,0,false,26.440000,26.800000,1.626324,1.361573,false,0.000000,execution_costs_v1.0,0.000000,0.000000,,,,
2024-03-06,LNN,BBG001SB90F6,0,false,121.390000,119.980000,0.313041,-1.161545,false,0.000000,execution_costs_v1.0,0.000000,0.000000,,,,
2024-03-06,LNT,BBG001S8ZQ30,0,false,48.940000,48.990000,0.694728,0.102166,false,0.000000,execution_costs_v1.0,0.000000,0.000000,,,,
2024-03-06,LNTH,BBG006Q52RF8,0,false,64.890000,61.940000,0.539374,-4.546155,false,0.000000,execution_costs_v1.0,0.000000,0.000000,,,,
2024-03-06,LNW,BBG00JR5MM40,0,false,100.190000,100.790000,0.688691,0.598862,false,0.000000,execution_costs_v1.0,0.000000,0.000000,,,,
2024-03-06,LNZA,BBG00ZCX6BL2,0,false,3.180000,3.240000,4.716981,1.886792,false,0.000000,execution_costs_v1.0,0.000000,0.000000,,,,
2024-03-06,LOB,BBG001T4RVG2,0,false,40.410000,40.700000,3.934670,0.717644,false,0.000000,execution_costs_v1.0,0.000000,0.000000,,,,
2024-03-06,LOGI,0001032975,2,false,86.940000,88.250000,2.311939,1.506786,false,0.000000,execution_costs_v1.0,0.000000,0.000000,,,,
2024-03-06,LOPE,BBG001T01JZ4,2,false,134.000000,133.690000,1.171642,-0.231343,false,0.000000,execution_costs_v1.0,0.000000,0.000000,,,,
2024-03-06,LOVE,BBG001T8S8C7,0,false,22.300000,21.410000,0.538117,-3.991031,false,0.000000,execution_costs_v1.0,0.000000,0.000000,,,,
2024-03-06,LPG,0001596993,1,false,36.580000,36.550000,0.574084,-0.082012,false,0.000000,execution_costs_v1.0,0.000000,0.000000,,,,
2024-03-06,LPRO,BBG00VDHLTH4,0,false,6.820000,6.805000,0.590909,-0.219941,false,0.000000,execution_costs_v1.0,0.000000,0.000000,,,,
2024-03-06,LPX,BBG001S5SW04,0,false,75.600000,75.390000,0.939153,-0.277778,false,0.000000,execution_costs_v1.0,0.000000,0.000000,,,,
2024-03-06,LQDA,BBG001V0GFD7,0,false,13.890000,13.630000,0.565155,-1.871850,false,0.000000,execution_costs_v1.0,0.000000,0.000000,,,,
2024-03-06,LQDT,BBG001SLKD81,0,false,17.770000,17.750000,0.844119,-0.112549,false,0.000000,execution_costs_v1.0,0.000000,0.000000,,,,
2024-03-06,LRMR,BBG001V0GD97,0,false,11.770000,11.220000,1.699235,-4.672897,false,0.000000,execution_costs_v1.0,0.000000,0.000000,,,,
2024-03-06,LRN,BBG001SNN4P5,0,false,61.880000,60.685000,0.824176,-1.931157,false,0.000000,execution_costs_v1.0,0.000000,0.000000,,,,
2024-03-06,LSCC,BBG001S6C0G2,0,false,79.500000,80.810000,3.069182,1.647799,false,0.000000,execution_costs_v1.0,0.000000,0.000000,,,,
2024-03-06,LSEA,BBG00L99PSG8,18,true,11.900000,12.380000,4.747899,4.033613,false,0.000000,execution_costs_v1.0,0.000000,0.000000,,,,
2024-03-06,LSPD,BBG00B0JR9Q6,0,false,14.020000,13.540000,0.392297,-3.423680,false,0.000000,execution_costs_v1.0,0.000000,0.000000,,,,
2024-03-06,LSTR,BBG001S5RWM1,0,false,185.550000,183.350000,0.635947,-1.185664,false,0.000000,execution_costs_v1.0,0.000000,0.000000,,,,
2024-03-06,LSXMK,BBG01HLMB7B9,0,false,29.350000,29.250000,1.090290,-0.340716,false,0.000000,execution_costs_v1.0,0.000000,0.000000,,,,
2024-03-06,LTC,BBG001S73DC6,1,false,31.820000,31.720000,0.659962,-0.314268,false,0.000000,execution_costs_v1.0,0.000000,0.000000,,,,
2024-03-06,LTH,BBG012J3H0X2,2,false,14.070000,14.080000,2.841507,0.071073,false,0.000000,execution_costs_v1.0,0.000000,0.000000,,,,
2024-03-06,LUMN,BBG001S5Q8G2,23,true,1.770000,1.700000,0.564972,-3.954802,false,0.000000,execution_costs_v1.0,0.000000,0.000000,,,,
2024-03-06,LUNG,BBG001T4HJ52,0,false,9.000000,8.850000,1.500000,-1.666667,false,0.000000,execution_costs_v1.0,0.000000,0.000000,,,,
2024-03-06,LVRO,0001945711,0,false,6.350000,6.340000,5.511811,-0.157480,false,0.000000,execution_costs_v1.0,0.000000,0.000000,,,,
2024-03-06,LVWR,BBG019STC653,0,false,9.010000,8.987000,0.998890,-0.255272,false,0.000000,execution_costs_v1.0,0.000000,0.000000,,,,
2024-03-06,LW,BBG003CVMLR1,0,false,103.370000,102.470000,0.203154,-0.870659,false,0.000000,execution_costs_v1.0,0.000000,0.000000,,,,
2024-03-06,LWLG,BBG001SBG0P7,0,false,4.100000,4.240000,4.634146,3.414634,false,0.000000,execution_costs_v1.0,0.000000,0.000000,,,,
2024-03-06,LXEO,BBG00YB1C8N4,0,false,13.100000,14.665000,16.870229,11.946565,false,0.000000,execution_costs_v1.0,0.000000,0.000000,,,,
2024-03-06,LXP,BBG001S7H5W6,0,false,8.820000,8.900000,0.907029,0.907029,false,0.000000,execution_costs_v1.0,0.000000,0.000000,,,,
2024-03-06,LXRX,BBG001SDWCZ8,6,false,2.270000,2.190000,0.440529,-3.524229,false,0.000000,execution_costs_v1.0,0.000000,0.000000,,,,
2024-03-06,LXU,BBG001S67BF5,0,false,7.330000,7.310000,4.092769,-0.272851,false,0.000000,execution_costs_v1.0,0.000000,0.000000,,,,
2024-03-06,LYEL,BBG00RNXFN23,0,false,2.540000,2.640000,4.330709,3.937008,false,0.000000,execution_costs_v1.0,0.000000,0.000000,,,,
2024-03-06,LYFT,BBG004M9ZHY4,29,true,17.210000,18.320000,8.192911,6.449739,false,0.000000,execution_costs_v1.0,0.000000,0.000000,,,,
2024-03-06,LYTS,BBG001S5SXV8,0,false,14.110000,14.330000,1.630050,1.559178,false,0.000000,execution_costs_v1.0,0.000000,0.000000,,,,
2024-03-06,LZ,BBG001TVNN74,0,false,12.990000,13.190000,2.232487,1.539646,false,0.000000,execution_costs_v1.0,0.000000,0.000000,,,,
2024-03-06,LZB,BBG001S5SXX6,0,false,36.950000,36.220000,0.920162,-1.975643,false,0.000000,execution_costs_v1.0,0.000000,0.000000,,,,
2024-03-06,LZM,0001958217,0,false,6.610000,6.800000,2.874433,2.874433,false,0.000000,execution_costs_v1.0,0.000000,0.000000,,,,
2024-03-06,M,BBG001S6KRW6,20,true,20.290000,20.030000,0.887137,-1.281419,false,0.000000,execution_costs_v1.0,0.000000,0.000000,,,,
2024-03-06,MAC,BBG001S7HGB5,0,false,16.220000,15.980000,0.616523,-1.479655,false,0.000000,execution_costs_v1.0,0.000000,0.000000,,,,
2024-03-06,MAG,BBG001S631Z9,0,false,8.960000,9.070000,4.296875,1.227679,false,0.000000,execution_costs_v1.0,0.000000,0.000000,,,,
2024-03-06,MAIN,BBG001SJMVT1,3,false,45.750000,46.240000,1.464481,1.071038,false,0.000000,execution_costs_v1.0,0.000000,0.000000,,,,
2024-03-06,MAN,BBG001S5SYW5,0,false,73.030000,73.600000,0.807887,0.780501,false,0.000000,execution_costs_v1.0,0.000000,0.000000,,,,
2024-03-06,MANU,0001549107,2,false,14.360000,14.360000,0.243733,0.000000,false,0.000000,execution_costs_v1.0,0.000000,0.000000,,,,
2024-03-06,MARA,BBG001V0L7T2,60,true,23.475000,22.615000,1.980831,-3.663472,false,0.000000,execution_costs_v1.0,0.000000,0.000000,,,,
2024-03-06,MASI,BBG001S71GQ6,0,false,130.740000,129.660000,0.757228,-0.826067,false,0.000000,execution_costs_v1.0,0.000000,0.000000,,,,
2024-03-06,MAT,BBG001S5SZF1,0,false,19.460000,19.390000,0.950668,-0.359712,false,0.000000,execution_costs_v1.0,0.000000,0.000000,,,,
2024-03-06,MATV,BBG001S7VRC4,2,false,18.350000,18.020000,1.198910,-1.798365,false,0.000000,execution_costs_v1.0,0.000000,0.000000,,,,
2024-03-06,MATW,BBG001S81V81,0,false,29.670000,29.680000,0.185372,0.033704,false,0.000000,execution_costs_v1.0,0.000000,0.000000,,,,
2024-03-06,MATX,BBG001S5NL21,0,false,106.380000,107.490000,3.026885,1.043429,false,0.000000,execution_costs_v1.0,0.000000,0.000000,,,,
2024-03-06,MAX,BBG00XRTJ8D2,0,false,21.470000,21.300000,0.884956,-0.791803,false,0.000000,execution_costs_v1.0,0.000000,0.000000,,,,
2024-03-06,MBC,BBG01B9G4424,0,false,17.350000,17.270000,1.181556,-0.461095,false,0.000000,execution_costs_v1.0,0.000000,0.000000,,,,
2024-03-06,MBI,BBG001S5T021,0,false,6.640000,6.430000,0.376506,-3.162651,false,0.000000,execution_costs_v1.0,0.000000,0.000000,,,,
2024-03-06,MBIN,BBG001STXPM7,0,false,43.600000,44.320000,2.293578,1.651376,false,0.000000,execution_costs_v1.0,0.000000,0.000000,,,,
2024-03-06,MBUU,BBG005PXTR61,0,false,42.700000,41.610000,1.182670,-2.552693,false,0.000000,execution_costs_v1.0,0.000000,0.000000,,,,
2024-03-06,MBWM,BBG001S971V3,0,false,37.920000,36.955000,1.239451,-2.544831,false,0.000000,execution_costs_v1.0,0.000000,0.000000,,,,
2024-03-06,MC,BBG001STYX58,0,false,52.910000,52.070000,0.113400,-1.587602,false,0.000000,execution_costs_v1.0,0.000000,0.000000,,,,
2024-03-06,MCB,BBG001V0P380,1,false,39.850000,39.450000,1.662233,-1.003764,false,0.000000,execution_costs_v1.0,0.000000,0.000000,,,,
2024-03-06,MCBC,BBG001S7SKV2,0,false,9.880000,9.850000,0.708502,-0.303644,false,0.000000,execution_costs_v1.0,0.000000,0.000000,,,,
2024-03-06,MCBS,BBG0088BL023,0,false,24.000000,23.485000,0.000000,-2.145833,false,0.000000,execution_costs_v1.0,0.000000,0.000000,,,,
2024-03-06,MCFT,BBG002ZYLPP6,1,false,21.390000,21.010000,1.011688,-1.776531,false,0.000000,execution_costs_v1.0,0.000000,0.000000,,,,
2024-03-06,MCRI,BBG001S7DVP1,0,false,69.640000,69.280000,0.287191,-0.516944,false,0.000000,execution_costs_v1.0,0.000000,0.000000,,,,
2024-03-06,MCS,BBG001S7JNZ2,0,false,14.490000,14.290000,0.000000,-1.380262,false,0.000000,execution_costs_v1.0,0.000000,0.000000,,,,
2024-03-06,MCW,BBG011FS2K56,0,false,7.670000,7.530000,0.782269,-1.825293,false,0.000000,execution_costs_v1.0,0.000000,0.000000,,,,
2024-03-06,MCY,BBG001S98VJ0,0,false,48.450000,48.360000,0.247678,-0.185759,false,0.000000,execution_costs_v1.0,0.000000,0.000000,,,,
2024-03-06,MD,BBG001S96T25,0,false,8.650000,8.835000,2.196532,2.138728,false,0.000000,execution_costs_v1.0,0.000000,0.000000,,,,
2024-03-06,MDC,BBG001S5T272,1,false,62.710000,62.710000,0.111625,0.000000,false,0.000000,execution_costs_v1.0,0.000000,0.000000,,,,
2024-03-06,MDGL,BBG001SNKQ42,2,false,259.990000,257.560000,4.227086,-0.934651,false,0.000000,execution_costs_v1.0,0.000000,0.000000,,,,
2024-03-06,MDU,BBG001S5T2W4,0,false,21.860000,21.940000,0.800549,0.365965,false,0.000000,execution_costs_v1.0,0.000000,0.000000,,,,
2024-03-06,MDXG,BBG001STPW96,0,false,8.060000,8.075000,1.116625,0.186104,false,0.000000,execution_costs_v1.0,0.000000,0.000000,,,,
2024-03-06,MED,BBG001SD45H4,0,false,39.180000,38.090000,0.178663,-2.782032,false,0.000000,execution_costs_v1.0,0.000000,0.000000,,,,
2024-03-06,MEDP,BBG0065B7K40,0,false,405.000000,409.930000,3.560494,1.217284,false,0.000000,execution_costs_v1.0,0.000000,0.000000,,,,
2024-03-06,MEG,BBG005Q29V07,0,false,36.600000,36.100000,1.174863,-1.366120,false,0.000000,execution_costs_v1.0,0.000000,0.000000,,,,
2024-03-06,MEI,BBG001S5T3T6,0,false,20.790000,21.030000,1.250601,1.154401,false,0.000000,execution_costs_v1.0,0.000000,0.000000,,,,
2024-03-06,MEOH,BBG001S66Y93,0,false,42.600000,42.300000,0.938967,-0.704225,false,0.000000,execution_costs_v1.0,0.000000,0.000000,,,,
2024-03-06,MERC,BBG001S6TK43,0,false,10.170000,9.970000,0.294985,-1.966568,false,0.000000,execution_costs_v1.0,0.000000,0.000000,,,,
2024-03-06,METC,BBG00BCQJ2W4,1,false,18.780000,19.205000,2.848775,2.263046,false,0.000000,execution_costs_v1.0,0.000000,0.000000,,,,
2024-03-06,MFA,BBG001S86YS8,1,false,11.160000,11.110000,0.851254,-0.448029,false,0.000000,execution_costs_v1.0,0.000000,0.000000,,,,
2024-03-06,MFIC,BBG001SF7M43,0,false,14.810000,14.700000,0.911546,-0.742741,false,0.000000,execution_costs_v1.0,0.000000,0.000000,,,,
2024-03-06,MGEE,BBG001SD2RD2,0,false,78.740000,80.600000,4.616459,2.362205,false,0.000000,execution_costs_v1.0,0.000000,0.000000,,,,
2024-03-06,MGIC,BBG001SCPDF8,0,false,11.000000,10.755000,0.000000,-2.227273,false,0.000000,execution_costs_v1.0,0.000000,0.000000,,,,
2024-03-06,MGM,BBG001S6BYT5,2,false,42.390000,42.030000,0.448219,-0.849257,false,0.000000,execution_costs_v1.0,0.000000,0.000000,,,,
2024-03-06,MGNI,BBG001T5LB97,3,false,11.810000,11.600000,1.185436,-1.778154,false,0.000000,execution_costs_v1.0,0.000000,0.000000,,,,
2024-03-06,MGNX,BBG001S9C8R7,0,false,21.070000,21.480000,3.844328,1.945895,false,0.000000,execution_costs_v1.0,0.000000,0.000000,,,,
2024-03-06,MGPI,BBG001S5XTL2,0,false,83.720000,82.400000,0.071667,-1.576684,false,0.000000,execution_costs_v1.0,0.000000,0.000000,,,,
2024-03-06,MGRC,BBG001S5T593,0,false,123.350000,122.260000,0.275638,-0.883664,false,0.000000,execution_costs_v1.0,0.000000,0.000000,,,,
2024-03-06,MGTX,0001735438,0,false,6.120000,6.030000,2.450980,-1.470588,false,0.000000,execution_costs_v1.0,0.000000,0.000000,,,,
2024-03-06,MGY,BBG00GNC8DM1,0,false,23.670000,23.345000,0.168990,-1.373046,false,0.000000,execution_costs_v1.0,0.000000,0.000000,,,,
2024-03-06,MHK,BBG001SBGSZ5,0,false,120.170000,119.970000,0.000000,-0.166431,false,0.000000,execution_costs_v1.0,0.000000,0.000000,,,,
2024-03-06,MHO,BBG001S7HGC4,0,false,123.930000,126.290000,1.968853,1.904301,false,0.000000,execution_costs_v1.0,0.000000,0.000000,,,,
2024-03-06,MIDD,BBG001S8N9X8,0,false,152.850000,153.510000,1.295388,0.431796,false,0.000000,execution_costs_v1.0,0.000000,0.000000,,,,
2024-03-06,MIR,BBG00VHJ1KB3,0,false,9.910000,9.950000,1.109990,0.403633,false,0.000000,execution_costs_v1.0,0.000000,0.000000,,,,
2024-03-06,MIRM,BBG00MH7T2N6,0,false,28.390000,28.470000,1.497006,0.281789,false,0.000000,execution_costs_v1.0,0.000000,0.000000,,,,
2024-03-06,MITK,BBG001S5T6P3,0,false,11.450000,11.360000,1.921397,-0.786026,false,0.000000,execution_costs_v1.0,0.000000,0.000000,,,,
2024-03-06,MKSI,BBG001SBB6Q8,0,false,126.100000,128.480000,2.870738,1.887391,false,0.000000,execution_costs_v1.0,0.000000,0.000000,,,,
2024-03-06,MKTX,BBG001S8R6K4,0,false,212.620000,207.800000,0.385665,-2.266955,false,0.000000,execution_costs_v1.0,0.000000,0.000000,,,,
2024-03-06,ML,BBG00VHZZP74,0,false,51.110000,52.550000,3.032675,2.817453,false,0.000000,execution_costs_v1.0,0.000000,0.000000,,,,
2024-03-06,MLAB,BBG001S5T762,0,false,112.630000,111.970000,0.639261,-0.585990,false,0.000000,execution_costs_v1.0,0.000000,0.000000,,,,
2024-03-06,MLI,BBG001S6PVC4,0,false,51.300000,50.400000,0.370370,-1.754386,false,0.000000,execution_costs_v1.0,0.000000,0.000000,,,,
2024-03-06,MLKN,BBG001S5T771,0,false,30.240000,29.400000,0.000000,-2.777778,false,0.000000,execution_costs_v1.0,0.000000,0.000000,,,,
2024-03-06,MLNK,BBG002ZYMKR4,0,false,18.630000,18.080000,1.556629,-2.952228,false,0.000000,execution_costs_v1.0,0.000000,0.000000,,,,
2024-03-06,MLP,BBG001S5T7D4,0,false,19.860000,19.860000,0.000000,0.000000,false,0.000000,execution_costs_v1.0,0.000000,0.000000,,,,
2024-03-06,MLR,BBG001S7BMD6,0,false,45.000000,45.080000,1.000000,0.177778,false,0.000000,execution_costs_v1.0,0.000000,0.000000,,,,
2024-03-06,MLTX,BBG00XQZQVP7,0,false,48.460000,45.210000,0.154767,-6.706562,false,0.000000,execution_costs_v1.0,0.000000,0.000000,,,,
2024-03-06,MLYS,BBG00ZXN1GR9,0,false,14.880000,13.970000,0.000000,-6.115591,false,0.000000,execution_costs_v1.0,0.000000,0.000000,,,,
2024-03-06,MMAT,BBG001T3WTK8,4,false,2.870000,2.650000,1.393728,-7.665505,false,0.000000,execution_costs_v1.0,0.000000,0.000000,,,,
2024-03-06,MMI,BBG005GBRSS5,0,false,35.240000,34.810000,0.000000,-1.220204,false,0.000000,execution_costs_v1.0,0.000000,0.000000,,,,
2024-03-06,MMS,BBG001S6G4K5,0,false,85.040000,85.320000,0.787865,0.329257,false,0.000000,execution_costs_v1.0,0.000000,0.000000,,,,
2024-03-06,MMSI,BBG001S6KLT3,0,false,75.490000,74.810000,0.000000,-0.900782,false,0.000000,execution_costs_v1.0,0.000000,0.000000,,,,
2024-03-06,MMYT,0001495153,0,false,60.000000,60.450000,2.175000,0.750000,false,0.000000,execution_costs_v1.0,0.000000,0.000000,,,,
2024-03-06,MNDY,0001845338,0,false,221.940000,224.730000,2.205551,1.257097,false,0.000000,execution_costs_v1.0,0.000000,0.000000,,,,
2024-03-06,MNKD,BBG001SLLLY3,5,false,4.850000,4.795000,0.206186,-1.134021,false,0.000000,execution_costs_v1.0,0.000000,0.000000,,,,
2024-03-06,MNRO,BBG001S62LS4,0,false,32.660000,32.230000,0.275566,-1.316595,false,0.000000,execution_costs_v1.0,0.000000,0.000000,,,,
2024-03-06,MNTK,BBG00YHYK376,0,false,5.410000,5.220000,1.293900,-3.512015,false,0.000000,execution_costs_v1.0,0.000000,0.000000,,,,
2024-03-06,MOD,BBG001S5T913,1,false,90.380000,89.180000,1.183890,-1.327727,false,0.000000,execution_costs_v1.0,0.000000,0.000000,,,,
2024-03-06,MODG,BBG001S70DV8,0,false,14.040000,13.870000,0.356125,-1.210826,false,0.000000,execution_costs_v1.0,0.000000,0.000000,,,,
2024-03-06,MODN,BBG001SQGHS4,0,false,24.180000,24.580000,1.736973,1.654260,false,0.000000,execution_costs_v1.0,0.000000,0.000000,,,,
2024-03-06,MODV,BBG001SL2C10,0,false,31.460000,31.200000,3.655435,-0.826446,false,0.000000,execution_costs_v1.0,0.000000,0.000000,,,,
2024-03-06,MOFG,BBG001SCDXR4,0,false,22.640000,22.160000,1.325088,-2.120141,false,0.000000,execution_costs_v1.0,0.000000,0.000000,,,,
2024-03-06,MOG.A,BBG001S5T922,0,false,151.400000,152.160000,0.710040,0.501982,false,0.000000,execution_costs_v1.0,0.000000,0.000000,,,,
2024-03-06,MORF,BBG00PBD6WR7,0,false,37.720000,37.440000,0.000000,-0.742312,false,0.000000,execution_costs_v1.0,0.000000,0.000000,,,,
2024-03-06,MORN,BBG001SC6FV6,0,false,306.260000,310.220000,1.577091,1.293019,false,0.000000,execution_costs_v1.0,0.000000,0.000000,,,,
2024-03-06,MOS,BBG001S7LJN1,2,false,31.460000,31.460000,1.033058,0.000000,false,0.000000,execution_costs_v1.0,0.000000,0.000000,,,,
2024-03-06,MOV,BBG001S8FWS2,0,false,27.750000,27.520000,0.180180,-0.828829,false,0.000000,execution_costs_v1.0,0.000000,0.000000,,,,
2024-03-06,MP,BBG00TJGL0T5,24,true,14.590000,14.740000,2.124743,1.028101,false,0.000000,execution_costs_v1.0,0.000000,0.000000,,,,
2024-03-06,MPB,BBG001S5T0G6,0,false,20.560000,20.450000,0.000000,-0.535019,false,0.000000,execution_costs_v1.0,0.000000,0.000000,,,,
2024-03-06,MPLN,BBG00RLZ9M83,0,false,0.999900,0.959000,1.010101,-4.090409,false,0.000000,execution_costs_v1.0,0.000000,0.000000,,,,
2024-03-06,MPW,BBG001S7WM61,24,true,4.530000,4.500000,3.532009,-0.662252,false,0.000000,execution_costs_v1.0,0.000000,0.000000,,,,
2024-03-06,MPX,BBG001S6HCC5,0,false,10.530000,10.430000,0.000000,-0.949668,false,0.000000,execution_costs_v1.0,0.000000,0.000000,,,,
2024-03-06,MQ,BBG0112Z8873,1,false,5.880000,5.800000,1.360544,-1.360544,false,0.000000,execution_costs_v1.0,0.000000,0.000000,,,,
2024-03-06,MRC,BBG001SN9P56,0,false,12.180000,12.040000,0.082102,-1.149425,false,0.000000,execution_costs_v1.0,0.000000,0.000000,,,,
2024-03-06,MRCY,BBG001SBFLT8,0,false,29.210000,29.930000,3.183841,2.464909,false,0.000000,execution_costs_v1.0,0.000000,0.000000,,,,
2024-03-06,MRNS,BBG00253KMG5,2,false,9.010000,9.070000,4.106548,0.665927,false,0.000000,execution_costs_v1.0,0.000000,0.000000,,,,
2024-03-06,MRO,BBG001S69V69,7,false,24.540000,24.530000,0.929503,-0.040750,false,0.000000,execution_costs_v1.0,0.000000,0.000000,,,,
2024-03-06,MRSN,BBG001TZ57P0,1,false,5.890000,5.750000,3.056027,-2.376910,false,0.000000,execution_costs_v1.0,0.000000,0.000000,,,,
2024-03-06,MRTN,BBG001S5TCK5,0,false,18.390000,18.400000,0.761283,0.054377,false,0.000000,execution_costs_v1.0,0.000000,0.000000,,,,
2024-03-06,MRUS,0001651311,0,false,50.000000,48.830000,1.660000,-2.340000,false,0.000000,execution_costs_v1.0,0.000000,0.000000,,,,
2024-03-06,MRVI,BBG00Y1DFW44,0,false,7.110000,7.290000,5.696203,2.531646,false,0.000000,execution_costs_v1.0,0.000000,0.000000,,,,
2024-03-06,MSA,BBG001S5TCN2,0,false,184.240000,186.080000,1.677160,0.998697,false,0.000000,execution_costs_v1.0,0.000000,0.000000,,,,
2024-03-06,MSBI,BBG001SMZRY3,0,false,24.330000,24.290000,1.274147,-0.164406,false,0.000000,execution_costs_v1.0,0.000000,0.000000,,,,
2024-03-06,MSEX,BBG001S5TCZ9,0,false,51.920000,51.800000,2.214946,-0.231125,false,0.000000,execution_costs_v1.0,0.000000,0.000000,,,,
2024-03-06,MSGE,BBG019980TF2,0,false,38.320000,38.160000,0.378392,-0.417537,false,0.000000,execution_costs_v1.0,0.000000,0.000000,,,,
2024-03-06,MSGS,BBG007FG0C32,0,false,186.800000,185.310000,0.139186,-0.797645,false,0.000000,execution_costs_v1.0,0.000000,0.000000,,,,
2024-03-06,MSM,BBG001S5TD87,0,false,99.280000,98.700000,0.322321,-0.584206,false,0.000000,execution_costs_v1.0,0.000000,0.000000,,,,
2024-03-06,MTAL,0001950246,0,false,12.340000,12.210000,0.486224,-1.053485,false,0.000000,execution_costs_v1.0,0.000000,0.000000,,,,
2024-03-06,MTC,0001742518,15,true,2.170000,2.270000,8.294931,4.608295,false,0.000000,execution_costs_v1.0,0.000000,0.000000,,,,
2024-03-06,MTCH,BBG00VT0KP47,1,false,34.850000,33.830000,0.731707,-2.926829,false,0.000000,execution_costs_v1.0,0.000000,0.000000,,,,
2024-03-06,MTDR,BBG001T3L5S4,2,false,64.040000,63.620000,1.108682,-0.655840,false,0.000000,execution_costs_v1.0,0.000000,0.000000,,,,
2024-03-06,MTG,BBG001S6SFR0,1,false,19.890000,19.960000,1.106083,0.351936,false,0.000000,execution_costs_v1.0,0.000000,0.000000,,,,
2024-03-06,MTH,BBG001S9F527,0,false,155.890000,156.790000,0.581179,0.577330,false,0.000000,execution_costs_v1.0,0.000000,0.000000,,,,
2024-03-06,MTN,BBG001S5TFD6,2,false,230.190000,228.710000,2.441461,-0.642947,false,0.000000,execution_costs_v1.0,0.000000,0.000000,,,,
2024-03-06,MTRN,BBG001S5PFQ6,0,false,133.890000,132.110000,0.059751,-1.329450,false,0.000000,execution_costs_v1.0,0.000000,0.000000,,,,
2024-03-06,MTRX,BBG001S6MM91,0,false,12.400000,12.970000,6.451613,4.596774,false,0.000000,execution_costs_v1.0,0.000000,0.000000,,,,
2024-03-06,MTSI,BBG001T4BB37,0,false,92.250000,94.250000,4.032520,2.168022,false,0.000000,execution_costs_v1.0,0.000000,0.000000,,,,
2024-03-06,MTTR,BBG00XS0FV65,6,false,1.950000,1.940000,1.794872,-0.512821,false,0.000000,execution_costs_v1.0,0.000000,0.000000,,,,
2024-03-06,MTW,BBG001S7C7S2,0,false,13.410000,13.445000,1.789709,0.260999,false,0.000000,execution_costs_v1.0,0.000000,0.000000,,,,
2024-03-06,MTX,BBG001S5TFZ2,0,false,72.130000,71.940000,0.568418,-0.263413,false,0.000000,execution_costs_v1.0,0.000000,0.000000,,,,
2024-03-06,MTZ,BBG001S95HF8,0,false,87.340000,88.620000,3.755439,1.465537,false,0.000000,execution_costs_v1.0,0.000000,0.000000,,,,
2024-03-06,MULN,BBG003GMH366,10,true,6.670000,6.335000,5.097451,-5.022489,false,0.000000,execution_costs_v1.0,0.000000,0.000000,,,,
2024-03-06,MUR,BBG001S5TG80,0,false,39.630000,39.360000,0.416351,-0.681302,false,0.000000,execution_costs_v1.0,0.000000,0.000000,,,,
2024-03-06,MUSA,BBG001Z0Q6V2,1,false,408.390000,411.270000,0.815397,0.705208,false,0.000000,execution_costs_v1.0,0.000000,0.000000,,,,
2024-03-06,MUX,BBG001S5X3Z4,5,false,8.180000,7.935000,0.977995,-2.995110,false,0.000000,execution_costs_v1.0,0.000000,0.000000,,,,
2024-03-06,MVIS,BBG001S74TH5,2,false,2.110000,2.170000,8.056872,2.843602,false,0.000000,execution_costs_v1.0,0.000000,0.000000,,,,
2024-03-06,MWA,BBG001SNQZ91,2,false,15.440000,15.420000,0.453368,-0.129534,false,0.000000,execution_costs_v1.0,0.000000,0.000000,,,,
2024-03-06,MXCT,BBG00CFTQNG7,0,false,4.040000,4.005000,1.732673,-0.866337,false,0.000000,execution_costs_v1.0,0.000000,0.000000,,,,
2024-03-06,MXL,BBG001S6MZV7,0,false,20.460000,20.300000,1.065494,-0.782014,false,0.000000,execution_costs_v1.0,0.000000,0.000000,,,,
2024-03-06,MYE,BBG001S5TH97,0,false,20.920000,21.430000,4.349904,2.437859,false,0.000000,execution_costs_v1.0,0.000000,0.000000,,,,
2024-03-06,MYGN,BBG001S86FS9,0,false,22.610000,22.950000,4.953118,1.503759,false,0.000000,execution_costs_v1.0,0.000000,0.000000,,,,
2024-03-06,MYRG,BBG001S8GYM3,0,false,161.470000,161.300000,1.405834,-0.105283,false,0.000000,execution_costs_v1.0,0.000000,0.000000,,,,
2024-03-06,NABL,BBG00YJKWXF6,0,false,13.110000,13.015000,0.457666,-0.724638,false,0.000000,execution_costs_v1.0,0.000000,0.000000,,,,
2024-03-06,NAMS,0001936258,0,false,22.270000,22.190000,2.514594,-0.359228,false,0.000000,execution_costs_v1.0,0.000000,0.000000,,,,
2024-03-06,NAPA,BBG00ZF3LGX4,0,false,9.480000,9.310000,0.000000,-1.793249,false,0.000000,execution_costs_v1.0,0.000000,0.000000,,,,
2024-03-06,NARI,BBG009J8K7N9,2,false,41.540000,42.960000,5.272027,3.418392,false,0.000000,execution_costs_v1.0,0.000000,0.000000,,,,
2024-03-06,NAT,0001000177,5,false,4.050000,4.045000,1.481481,-0.123457,false,0.000000,execution_costs_v1.0,0.000000,0.000000,,,,
2024-03-06,NATL,BBG019Y0WP28,0,false,20.120000,19.650000,1.391650,-2.335984,false,0.000000,execution_costs_v1.0,0.000000,0.000000,,,,
2024-03-06,NATR,BBG001S61DP6,0,false,17.890000,17.630000,0.503074,-1.453326,false,0.000000,execution_costs_v1.0,0.000000,0.000000,,,,
2024-03-06,NAUT,BBG00W7G4MV9,0,false,2.580000,2.680000,7.364341,3.875969,false,0.000000,execution_costs_v1.0,0.000000,0.000000,,,,
2024-03-06,NAVI,BBG004MN1R50,0,false,16.340000,16.375000,0.948592,0.214198,false,0.000000,execution_costs_v1.0,0.000000,0.000000,,,,
2024-03-06,NBHC,BBG003D8Y8V2,0,false,34.380000,34.760000,3.112275,1.105294,false,0.000000,execution_costs_v1.0,0.000000,0.000000,,,,
2024-03-06,NBIX,BBG001S8W4X9,0,false,133.770000,132.270000,0.672797,-1.121328,false,0.000000,execution_costs_v1.0,0.000000,0.000000,,,,
2024-03-06,NBR,0001163739,0,false,82.410000,81.170000,2.584638,-1.504672,false,0.000000,execution_costs_v1.0,0.000000,0.000000,,,,
2024-03-06,NBTB,BBG001S6XCS0,0,false,35.510000,35.140000,1.168685,-1.041960,false,0.000000,execution_costs_v1.0,0.000000,0.000000,,,,
2024-03-06,NCLH,0001513761,18,true,19.770000,20.030000,2.073849,1.315124,false,0.000000,execution_costs_v1.0,0.000000,0.000000,,,,
2024-03-06,NCMI,BBG001SRSPD7,0,false,4.050000,4.140000,2.345679,2.222222,false,0.000000,execution_costs_v1.0,0.000000,0.000000,,,,
2024-03-06,NCNO,BBG014GJ8XJ0,0,false,28.870000,28.420000,0.588847,-1.558711,false,0.000000,execution_costs_v1.0,0.000000,0.000000,,,,
2024-03-06,NDSN,BBG001S5TKK7,0,false,263.750000,265.190000,0.902370,0.545972,false,0.000000,execution_costs_v1.0,0.000000,0.000000,,,,
2024-03-06,NE,0001895262,4,false,43.820000,43.300000,0.821543,-1.186673,false,0.000000,execution_costs_v1.0,0.000000,0.000000,,,,
2024-03-06,NEGG,0001474627,2,false,0.985000,1.030000,4.568528,4.568528,false,0.000000,execution_costs_v1.0,0.000000,0.000000,,,,
2024-03-06,NEO,BBG001S9DSY4,0,false,15.900000,15.790000,1.069182,-0.691824,false,0.000000,execution_costs_v1.0,0.000000,0.000000,,,,
2024-03-06,NEOG,BBG001S67B47,0,false,16.980000,16.730000,0.147232,-1.472320,false,0.000000,execution_costs_v1.0,0.000000,0.000000,,,,
2024-03-06,NEP,BBG006JNW312,1,false,29.190000,29.120000,1.404591,-0.239808,false,0.000000,execution_costs_v1.0,0.000000,0.000000,,,,
2024-03-06,NETD,0001975218,0,false,10.460000,10.460000,0.000000,0.000000,false,0.000000,execution_costs_v1.0,0.000000,0.000000,,,,
2024-03-06,NEXA,0001713930,0,false,6.930000,6.940000,0.943723,0.144300,false,0.000000,execution_costs_v1.0,0.000000,0.000000,,,,
2024-03-06,NEXT,BBG008GC7WN5,19,true,4.990000,5.255000,8.617234,5.310621,false,0.000000,execution_costs_v1.0,0.000000,0.000000,,,,
2024-03-06,NFBK,BBG001T0M0Z2,0,false,10.140000,10.120500,1.183432,-0.192308,false,0.000000,execution_costs_v1.0,0.000000,0.000000,,,,
2024-03-06,NFE,BBG00MJH9M32,0,false,33.990000,33.510000,0.588408,-1.412180,false,0.000000,execution_costs_v1.0,0.000000,0.000000,,,,
2024-03-06,NFG,BBG001S5TLR8,0,false,50.450000,50.750000,1.020813,0.594648,false,0.000000,execution_costs_v1.0,0.000000,0.000000,,,,
2024-03-06,NFGC,BBG00JFFSNN2,0,false,3.380000,3.450000,3.550296,2.071006,false,0.000000,execution_costs_v1.0,0.000000,0.000000,,,,
2024-03-06,NG,BBG001S5ZT85,0,false,2.550000,2.490000,0.784314,-2.352941,false,0.000000,execution_costs_v1.0,0.000000,0.000000,,,,
2024-03-06,NGD,BBG001S5YM54,8,false,1.420000,1.480000,4.929577,4.225352,false,0.000000,execution_costs_v1.0,0.000000,0.000000,,,,
2024-03-06,NGL,BBG001V0FSC1,0,false,5.950000,5.975000,1.260504,0.420168,false,0.000000,execution_costs_v1.0,0.000000,0.000000,,,,
2024-03-06,NGMS,0001821349,0,false,28.540000,28.595000,0.525578,0.192712,false,0.000000,execution_costs_v1.0,0.000000,0.000000,,,,
2024-03-06,NGVC,BBG0034VYM77,0,false,16.320000,16.050000,0.000000,-1.654412,false,0.000000,execution_costs_v1.0,0.000000,0.000000,,,,
2024-03-06,NGVT,BBG009LM2988,0,false,45.770000,45.880000,0.327726,0.240332,false,0.000000,execution_costs_v1.0,0.000000,0.000000,,,,
2024-03-06,NHC,BBG001SBJ378,0,false,94.090000,94.960000,0.999043,0.924647,false,0.000000,execution_costs_v1.0,0.000000,0.000000,,,,
2024-03-06,NHI,BBG001S6W8Y3,0,false,58.090000,58.270000,1.050095,0.309864,false,0.000000,execution_costs_v1.0,0.000000,0.000000,,,,
2024-03-06,NI,BBG001S5TMF9,0,false,26.770000,26.880000,0.709750,0.410908,false,0.000000,execution_costs_v1.0,0.000000,0.000000,,,,
2024-03-06,NIC,BBG001SN0Y92,0,false,82.250000,82.570000,1.738602,0.389058,false,0.000000,execution_costs_v1.0,0.000000,0.000000,,,,
2024-03-06,NJR,BBG001S5TMT4,0,false,42.450000,42.570000,0.318021,0.282686,false,0.000000,execution_costs_v1.0,0.000000,0.000000,,,,
2024-03-06,NKLA,BBG00L4CWQW4,56,true,0.688500,0.703099,5.286855,2.120407,false,0.000000,execution_costs_v1.0,0.000000,0.000000,,,,
2024-03-06,NKTX,BBG00JXHS9H6,1,false,13.470000,15.710000,17.520416,16.629547,true,0.000000,execution_costs_v1.0,0.000000,0.000000,,,,
2024-03-06,NLOP,BBG01JKVZRT7,0,false,23.940000,24.020000,1.587302,0.334169,false,0.000000,execution_costs_v1.0,0.000000,0.000000,,,,
2024-03-06,NLY,BBG001S8J4S0,3,false,19.410000,19.420000,0.824317,0.051520,false,0.000000,execution_costs_v1.0,0.000000,0.000000,,,,
2024-03-06,NMFC,BBG001T9D5H2,0,false,12.790000,12.765000,0.390930,-0.195465,false,0.000000,execution_costs_v1.0,0.000000,0.000000,,,,
2024-03-06,NMIH,BBG005DLMPF1,0,false,29.800000,29.515000,1.073826,-0.956376,false,0.000000,execution_costs_v1.0,0.000000,0.000000,,,,
2024-03-06,NMM,0001415921,0,false,33.240000,36.410000,9.566787,9.536703,false,0.000000,execution_costs_v1.0,0.000000,0.000000,,,,
2024-03-06,NMRA,BBG012W9C504,0,false,17.480000,18.400000,5.778032,5.263158,false,0.000000,execution_costs_v1.0,0.000000,0.000000,,,,
2024-03-06,NMRK,BBG00J24S7X5,0,false,10.960000,10.670000,1.186131,-2.645985,false,0.000000,execution_costs_v1.0,0.000000,0.000000,,,,
2024-03-06,NN,BBG017XG00Z2,0,false,3.760000,3.645000,0.000000,-3.058511,false,0.000000,execution_costs_v1.0,0.000000,0.000000,,,,
2024-03-06,NNI,BBG001SGRMS3,0,false,87.630000,86.680000,0.239644,-1.084104,false,0.000000,execution_costs_v1.0,0.000000,0.000000,,,,
2024-03-06,NNN,BBG001S6Z1P5,0,false,41.810000,41.485000,0.334848,-0.777326,false,0.000000,execution_costs_v1.0,0.000000,0.000000,,,,
2024-03-06,NNOX,0001795251,27,true,10.000000,10.510000,12.000000,5.100000,false,0.000000,execution_costs_v1.0,0.000000,0.000000,,,,
2024-03-06,NOA,BBG001SBRPM3,0,false,24.930000,24.820000,1.684717,-0.441235,false,0.000000,execution_costs_v1.0,0.000000,0.000000,,,,
2024-03-06,NOG,BBG001SK2P31,1,false,35.930000,35.750000,0.556360,-0.500974,false,0.000000,execution_costs_v1.0,0.000000,0.000000,,,,
2024-03-06,NOMD,0001651717,0,false,19.480000,19.890000,2.464066,2.104723,false,0.000000,execution_costs_v1.0,0.000000,0.000000,,,,
2024-03-06,NOV,BBG001S6HFR2,0,false,17.270000,17.230000,1.071222,-0.231616,false,0.000000,execution_costs_v1.0,0.000000,0.000000,,,,
2024-03-06,NOVA,BBG00PLQ1KH9,26,true,6.300000,6.290000,0.317460,-0.158730,false,0.000000,execution_costs_v1.0,0.000000,0.000000,,,,
2024-03-06,NOVT,BBG001S6MRJ9,0,false,172.450000,174.150000,1.478689,0.985793,false,0.000000,execution_costs_v1.0,0.000000,0.000000,,,,
2024-03-06,NPCE,BBG001V0SVB1,0,false,14.300000,14.050000,9.090909,-1.748252,false,0.000000,execution_costs_v1.0,0.000000,0.000000,,,,
2024-03-06,NPK,BBG001S5TPT7,0,false,74.600000,75.680000,1.447721,1.447721,false,0.000000,execution_costs_v1.0,0.000000,0.000000,,,,
2024-03-06,NPO,BBG001SCK8H2,0,false,151.740000,152.310000,2.484513,0.375643,false,0.000000,execution_costs_v1.0,0.000000,0.000000,,,,
2024-03-06,NPWR,BBG00ZMY0HK3,0,false,8.170000,8.170000,1.713586,0.000000,false,0.000000,execution_costs_v1.0,0.000000,0.000000,,,,
2024-03-06,NR,BBG001S6CQY5,0,false,6.680000,6.580000,0.000000,-1.497006,false,0.000000,execution_costs_v1.0,0.000000,0.000000,,,,
2024-03-06,NRC,BBG004K1F9R1,0,false,39.670000,40.310000,2.344341,1.613310,false,0.000000,execution_costs_v1.0,0.000000,0.000000,,,,
2024-03-06,NRDS,BBG0087DN242,1,false,16.310000,16.290000,2.942980,-0.122624,false,0.000000,execution_costs_v1.0,0.000000,0.000000,,,,
2024-03-06,NRG,BBG001SDD8F0,0,false,60.510000,61.450000,1.636093,1.553462,false,0.000000,execution_costs_v1.0,0.000000,0.000000,,,,
2024-03-06,NRIX,BBG00SDJ8M87,2,false,13.740000,15.640000,15.938865,13.828239,false,0.000000,execution_costs_v1.0,0.000000,0.000000,,,,
2024-03-06,NRP,BBG001SH9LZ5,0,false,91.230000,93.500000,2.488217,2.488217,false,0.000000,execution_costs_v1.0,0.000000,0.000000,,,,
2024-03-06,NS,BBG001SFS805,0,false,23.970000,24.250000,2.211097,1.168127,false,0.000000,execution_costs_v1.0,0.000000,0.000000,,,,
2024-03-06,NSA,BBG008417VP2,0,false,36.960000,36.830000,0.541126,-0.351732,false,0.000000,execution_costs_v1.0,0.000000,0.000000,,,,
2024-03-06,NSIT,BBG001S7LHJ0,0,false,187.080000,186.250000,0.384862,-0.443660,false,0.000000,execution_costs_v1.0,0.000000,0.000000,,,,
2024-03-06,NSP,BBG001S894P4,1,false,99.380000,101.370000,4.518012,2.002415,false,0.000000,execution_costs_v1.0,0.000000,0.000000,,,,
2024-03-06,NSSC,BBG001S5TR13,25,true,40.700000,41.090000,1.646192,0.958231,false,0.000000,execution_costs_v1.0,0.000000,0.000000,,,,
2024-03-06,NTB,0001653242,0,false,30.430000,30.010000,0.509366,-1.380217,false,0.000000,execution_costs_v1.0,0.000000,0.000000,,,,
2024-03-06,NTCT,BBG001SD3PL6,0,false,21.440000,21.300000,0.312500,-0.652985,false,0.000000,execution_costs_v1.0,0.000000,0.000000,,,,
2024-03-06,NTGR,BBG001SG03X8,0,false,14.550000,14.860000,3.230241,2.130584,false,0.000000,execution_costs_v1.0,0.000000,0.000000,,,,
2024-03-06,NTLA,BBG007KC7PC9,1,false,30.840000,29.950000,1.086252,-2.885863,false,0.000000,execution_costs_v1.0,0.000000,0.000000,,,,
2024-03-06,NTRA,BBG001V0FSF8,0,false,88.040000,90.205000,3.498410,2.459109,false,0.000000,execution_costs_v1.0,0.000000,0.000000,,,,
2024-03-06,NTST,BBG00W5FQQM0,0,false,17.530000,17.210000,0.000000,-1.825442,false,0.000000,execution_costs_v1.0,0.000000,0.000000,,,,
2024-03-06,NUS,BBG001S988X5,0,false,12.690000,12.810000,1.379039,0.945626,false,0.000000,execution_costs_v1.0,0.000000,0.000000,,,,
2024-03-06,NUVB,BBG00VHJ0CD0,0,false,2.210000,2.390000,8.144796,8.144796,false,0.000000,execution_costs_v1.0,0.000000,0.000000,,,,
2024-03-06,NUVL,BBG00Z1SLMN2,0,false,82.170000,84.520000,3.139832,2.859925,false,0.000000,execution_costs_v1.0,0.000000,0.000000,,,,
2024-03-06,NVAX,BBG001SGL8G3,19,true,5.650000,5.610000,2.831858,-0.707965,false,0.000000,execution_costs_v1.0,0.000000,0.000000,,,,
2024-03-06,NVCR,0001645113,0,false,16.370000,16.650000,2.321319,1.710446,false,0.000000,execution_costs_v1.0,0.000000,0.000000,,,,
2024-03-06,NVEC,BBG001SGKV64,0,false,83.960000,84.530000,3.255241,0.678895,false,0.000000,execution_costs_v1.0,0.000000,0.000000,,,,
2024-03-06,NVEE,BBG005BT61P6,0,false,99.840000,99.500000,0.470753,-0.340545,false,0.000000,execution_costs_v1.0,0.000000,0.000000,,,,
2024-03-06,NVEI,BBG00X2VHWW2,10,true,23.500000,22.770000,10.510638,-3.106383,false,0.000000,execution_costs_v1.0,0.000000,0.000000,,,,
2024-03-06,NVGS,0001581804,0,false,15.010000,14.810000,0.000000,-1.332445,false,0.000000,execution_costs_v1.0,0.000000,0.000000,,,,
2024-03-06,NVMI,0001109345,0,false,184.820000,184.150000,0.384158,-0.362515,false,0.000000,execution_costs_v1.0,0.000000,0.000000,,,,
2024-03-06,NVRI,BBG001S5S0V0,0,false,8.050000,8.110000,1.863354,0.745342,false,0.000000,execution_costs_v1.0,0.000000,0.000000,,,,
2024-03-06,NVRO,BBG001V0KW81,0,false,13.960000,14.560000,6.160458,4.297994,false,0.000000,execution_costs_v1.0,0.000000,0.000000,,,,
2024-03-06,NVST,BBG00LN4B6D9,0,false,20.790000,20.830000,2.501203,0.192400,false,0.000000,execution_costs_v1.0,0.000000,0.000000,,,,
2024-03-06,NVT,0001720635,0,false,69.140000,69.320000,1.214926,0.260341,false,0.000000,execution_costs_v1.0,0.000000,0.000000,,,,
2024-03-06,NVTS,BBG00YQ6KTM3,20,true,5.510000,5.345000,2.722323,-2.994555,false,0.000000,execution_costs_v1.0,0.000000,0.000000,,,,
2024-03-06,NWBI,BBG001S64KK2,2,false,11.820000,11.710000,0.423012,-0.930626,false,0.000000,execution_costs_v1.0,0.000000,0.000000,,,,
2024-03-06,NWE,BBG001SM2G73,0,false,48.500000,48.700000,0.824742,0.412371,false,0.000000,execution_costs_v1.0,0.000000,0.000000,,,,
2024-03-06,NWL,BBG001S5TSW7,1,false,7.510000,7.470000,0.499334,-0.532623,false,0.000000,execution_costs_v1.0,0.000000,0.000000,,,,
2024-03-06,NWLI,BBG008HNHYZ2,0,false,484.760000,484.600000,0.039380,-0.033006,false,0.000000,execution_costs_v1.0,0.000000,0.000000,,,,
2024-03-06,NWN,BBG00KXKRLP1,0,false,37.440000,37.360000,0.373932,-0.213675,false,0.000000,execution_costs_v1.0,0.000000,0.000000,,,,
2024-03-06,NWSA,BBG0035LY922,0,false,26.110000,26.030000,0.095749,-0.306396,false,0.000000,execution_costs_v1.0,0.000000,0.000000,,,,
2024-03-06,NWTN,0001932737,1,false,3.030000,3.130000,5.940594,3.300330,false,0.000000,execution_costs_v1.0,0.000000,0.000000,,,,
2024-03-06,NX,BBG001T0QV71,0,false,34.910000,34.720000,0.085935,-0.544257,false,0.000000,execution_costs_v1.0,0.000000,0.000000,,,,
2024-03-06,NXE,BBG00334PFM6,4,false,7.630000,7.650000,2.490170,0.262123,false,0.000000,execution_costs_v1.0,0.000000,0.000000,,,,
2024-03-06,NXRT,BBG0077Q6QH7,0,false,30.300000,30.240000,0.000000,-0.198020,false,0.000000,execution_costs_v1.0,0.000000,0.000000,,,,
2024-03-06,NXST,BBG001SKJJT9,0,false,161.990000,160.370000,2.629792,-1.000062,false,0.000000,execution_costs_v1.0,0.000000,0.000000,,,,
2024-03-06,NXT,BBG00835TQ17,4,false,57.850000,58.500000,3.267070,1.123596,false,0.000000,execution_costs_v1.0,0.000000,0.000000,,,,
2024-03-06,NYCB,BBG001SD32Z2,54,true,,,,,false,0.000000,execution_costs_v1.0,,,,,,
2024-03-06,NYMT,BBG001SHHBR7,5,false,7.000000,7.050000,0.714286,0.714286,false,0.000000,execution_costs_v1.0,0.000000,0.000000,,,,
2024-03-06,NYT,BBG001S90X31,0,false,42.550000,43.030000,2.103408,1.128085,false,0.000000,execution_costs_v1.0,0.000000,0.000000,,,,
2024-03-06,NYXH,0001857190,0,false,14.260000,14.030000,1.823282,-1.612903,false,0.000000,execution_costs_v1.0,0.000000,0.000000,,,,
2024-03-06,OABI,BBG011J3QM48,10,true,5.550000,5.930000,6.846847,6.846847,false,0.000000,execution_costs_v1.0,0.000000,0.000000,,,,
2024-03-06,OBDC,BBG00DB0XYD3,4,false,15.050000,15.080000,0.664452,0.199336,false,0.000000,execution_costs_v1.0,0.000000,0.000000,,,,
2024-03-06,OBE,BBG001S603F0,0,false,7.150000,7.095000,0.629371,-0.769231,false,0.000000,execution_costs_v1.0,0.000000,0.000000,,,,
2024-03-06,OBK,BBG001S78WZ4,0,false,30.800000,30.860000,1.428571,0.194805,false,0.000000,execution_costs_v1.0,0.000000,0.000000,,,,
2024-03-06,OC,BBG001SQ7PD2,0,false,150.880000,150.900000,0.563362,0.013256,false,0.000000,execution_costs_v1.0,0.000000,0.000000,,,,
2024-03-06,OCFC,BBG001S92JX7,0,false,15.350000,15.500000,2.182410,0.977199,false,0.000000,execution_costs_v1.0,0.000000,0.000000,,,,
2024-03-06,OCS,0001953530,0,false,12.000000,11.850000,1.250000,-1.250000,false,0.000000,execution_costs_v1.0,0.000000,0.000000,,,,
2024-03-06,OCSL,BBG001SR03L7,0,false,19.560000,19.650000,0.869121,0.460123,false,0.000000,execution_costs_v1.0,0.000000,0.000000,,,,
2024-03-06,OCUL,BBG001V0FT93,2,false,11.030000,10.830000,2.538531,-1.813237,false,0.000000,execution_costs_v1.0,0.000000,0.000000,,,,
2024-03-06,ODC,BBG001S7J3C1,0,false,72.020100,71.860000,2.818519,-0.222299,false,0.000000,execution_costs_v1.0,0.000000,0.000000,,,,
2024-03-06,ODD,0001907085,38,true,41.500000,43.680000,8.650602,5.253012,false,0.000000,execution_costs_v1.0,0.000000,0.000000,,,,
2024-03-06,ODP,BBG00R24W7Y1,0,false,53.440000,51.790000,0.000000,-3.087575,false,0.000000,execution_costs_v1.0,0.000000,0.000000,,,,
2024-03-06,OEC,0001609804,0,false,22.160000,22.070000,0.000000,-0.406137,false,0.000000,execution_costs_v1.0,0.000000,0.000000,,,,
2024-03-06,OFG,BBG001S9J8R0,0,false,37.880000,37.410000,0.976769,-1.240760,false,0.000000,execution_costs_v1.0,0.000000,0.000000,,,,
2024-03-06,OFIX,BBG001SCG164,0,false,13.000000,14.120000,10.923077,8.615385,false,0.000000,execution_costs_v1.0,0.000000,0.000000,,,,
2024-03-06,OFLX,BBG001SNLHY8,0,false,,,,,false,0.000000,execution_costs_v1.0,,,,,,
2024-03-06,OGE,BBG001S5TVY8,0,false,33.880000,33.900000,0.531287,0.059032,false,0.000000,execution_costs_v1.0,0.000000,0.000000,,,,
2024-03-06,OGN,BBG00ZQRGW42,0,false,17.950000,17.980000,0.473538,0.167131,false,0.000000,execution_costs_v1.0,0.000000,0.000000,,,,
2024-03-06,OGS,BBG004WQKD16,0,false,62.000000,61.920000,0.806452,-0.129032,false,0.000000,execution_costs_v1.0,0.000000,0.000000,,,,
2024-03-06,OHI,BBG001S736L1,0,false,30.960000,30.930000,0.322997,-0.096899,false,0.000000,execution_costs_v1.0,0.000000,0.000000,,,,
2024-03-06,OI,BBG00R2JZG48,1,false,16.910000,16.200000,0.029568,-4.198699,false,0.000000,execution_costs_v1.0,0.000000,0.000000,,,,
2024-03-06,OII,BBG001S61HT3,0,false,20.460000,20.060000,0.634897,-1.955034,false,0.000000,execution_costs_v1.0,0.000000,0.000000,,,,
2024-03-06,OIS,BBG001S7WK56,0,false,5.450000,5.430000,2.339450,-0.366972,false,0.000000,execution_costs_v1.0,0.000000,0.000000,,,,
2024-03-06,OLED,BBG001S5V9H3,0,false,172.200000,169.050000,0.121951,-1.829268,false,0.000000,execution_costs_v1.0,0.000000,0.000000,,,,
2024-03-06,OLLI,BBG0098VVDS0,0,false,76.230000,74.880000,0.655910,-1.770956,false,0.000000,execution_costs_v1.0,0.000000,0.000000,,,,
2024-03-06,OLMA,BBG00T5JMRV1,0,false,13.850000,14.280000,5.270758,3.104693,false,0.000000,execution_costs_v1.0,0.000000,0.000000,,,,
2024-03-06,OLN,BBG001S5TWW8,0,false,56.260000,55.480000,0.053324,-1.386420,false,0.000000,execution_costs_v1.0,0.000000,0.000000,,,,
2024-03-06,OLO,BBG00ZCX7044,0,false,5.700000,5.597500,0.877193,-1.798246,false,0.000000,execution_costs_v1.0,0.000000,0.000000,,,,
2024-03-06,OLP,BBG001S5TWY6,0,false,20.770000,21.380000,4.573905,2.936928,false,0.000000,execution_costs_v1.0,0.000000,0.000000,,,,
2024-03-06,OLPX,BBG012BV9TG3,0,false,1.860000,1.770000,1.612903,-4.838710,false,0.000000,execution_costs_v1.0,0.000000,0.000000,,,,
2024-03-06,OMCL,BBG001SF6Z45,0,false,26.720000,27.820000,5.314371,4.116766,false,0.000000,execution_costs_v1.0,0.000000,0.000000,,,,
2024-03-06,OMF,BBG005497H09,0,false,48.000000,48.010000,0.541667,0.020833,false,0.000000,execution_costs_v1.0,0.000000,0.000000,,,,
2024-03-06,OMI,BBG001S72KY7,0,false,24.980000,24.720000,0.280224,-1.040833,false,0.000000,execution_costs_v1.0,0.000000,0.000000,,,,
2024-03-06,ONB,BBG001SD2ZG1,0,false,16.780000,16.770000,1.132300,-0.059595,false,0.000000,execution_costs_v1.0,0.000000,0.000000,,,,
2024-03-06,ONCT,BBG001SCTS61,0,false,9.952100,9.540000,0.481305,-4.140835,false,0.000000,execution_costs_v1.0,0.000000,0.000000,,,,
2024-03-06,ONEW,BBG00PPXGH27,0,false,24.880000,24.330000,2.130225,-2.210611,false,0.000000,execution_costs_v1.0,0.000000,0.000000,,,,
2024-03-06,ONON,0001858985,10,true,33.480000,32.630000,0.000000,-2.538829,false,0.000000,execution_costs_v1.0,0.000000,0.000000,,,,
2024-03-06,ONTO,BBG001S5THX0,0,false,190.760000,190.210000,1.226620,-0.288320,false,0.000000,execution_costs_v1.0,0.000000,0.000000,,,,
2024-03-06,OPCH,BBG001S6X756,0,false,32.700000,32.360000,0.703364,-1.039755,false,0.000000,execution_costs_v1.0,0.000000,0.000000,,,,
2024-03-06,OPEN,BBG00SHY8ZR0,39,true,2.910000,2.945000,4.467354,1.202749,false,0.000000,execution_costs_v1.0,0.000000,0.000000,,,,
2024-03-06,OPK,BBG001SD4254,9,false,0.966200,0.943300,0.186297,-2.370110,false,0.000000,execution_costs_v1.0,0.000000,0.000000,,,,
2024-03-06,OPY,BBG001S77PP1,0,false,39.140000,38.620000,0.485437,-1.328564,false,0.000000,execution_costs_v1.0,0.000000,0.000000,,,,
2024-03-06,OR,BBG006L2SZD6,1,false,15.530000,16.040000,3.573728,3.283967,false,0.000000,execution_costs_v1.0,0.000000,0.000000,,,,
2024-03-06,ORA,BBG001S9LPW3,3,false,65.330000,65.000000,0.474514,-0.505128,false,0.000000,execution_costs_v1.0,0.000000,0.000000,,,,
2024-03-06,ORC,BBG001V18CW0,3,false,8.500000,8.510000,0.823529,0.117647,false,0.000000,execution_costs_v1.0,0.000000,0.000000,,,,
2024-03-06,ORGO,BBG00FGGD311,0,false,2.840000,2.845000,3.169014,0.176056,false,0.000000,execution_costs_v1.0,0.000000,0.000000,,,,
2024-03-06,ORI,BBG001S6M9Y2,0,false,29.020000,29.295000,1.068229,0.947622,false,0.000000,execution_costs_v1.0,0.000000,0.000000,,,,
2024-03-06,ORIC,BBG00BL5SMR2,0,false,15.710000,16.040000,5.983450,2.100573,false,0.000000,execution_costs_v1.0,0.000000,0.000000,,,,
2024-03-06,ORLA,BBG00FGY26J8,0,false,3.540000,3.770000,10.734463,6.497175,false,0.000000,execution_costs_v1.0,0.000000,0.000000,,,,
2024-03-06,OSBC,BBG001S7HMZ6,0,false,13.510000,13.560000,1.924500,0.370096,false,0.000000,execution_costs_v1.0,0.000000,0.000000,,,,
2024-03-06,OSCR,BBG00YMWFVT4,4,false,14.200000,14.950000,6.971831,5.281690,false,0.000000,execution_costs_v1.0,0.000000,0.000000,,,,
2024-03-06,OSG,BBG0071D5RR0,0,false,6.100000,6.010000,0.163934,-1.475410,false,0.000000,execution_costs_v1.0,0.000000,0.000000,,,,
2024-03-06,OSIS,BBG001SB1J54,0,false,132.990000,132.400000,0.225581,-0.443642,false,0.000000,execution_costs_v1.0,0.000000,0.000000,,,,
2024-03-06,OSK,BBG001S6SX46,4,false,109.280000,111.320000,2.626281,1.866764,false,0.000000,execution_costs_v1.0,0.000000,0.000000,,,,
2024-03-06,OSPN,BBG001S7T321,0,false,9.620000,9.540000,0.519751,-0.831601,false,0.000000,execution_costs_v1.0,0.000000,0.000000,,,,
2024-03-06,OSUR,BBG001SD3BW5,1,false,7.010000,6.970000,0.713267,-0.570613,false,0.000000,execution_costs_v1.0,0.000000,0.000000,,,,
2024-03-06,OSW,0001758488,0,false,12.880000,12.720000,0.000000,-1.242236,false,0.000000,execution_costs_v1.0,0.000000,0.000000,,,,
2024-03-06,OTEX,BBG001SBS5H2,0,false,38.560000,37.590000,0.259336,-2.515560,false,0.000000,execution_costs_v1.0,0.000000,0.000000,,,,
2024-03-06,OTTR,BBG001S5TYX3,0,false,87.370000,85.600000,0.688795,-2.025867,false,0.000000,execution_costs_v1.0,0.000000,0.000000,,,,
2024-03-06,OUT,BBG004S69ZY3,0,false,15.570000,15.400000,0.128452,-1.091843,false,0.000000,execution_costs_v1.0,0.000000,0.000000,,,,
2024-03-06,OVV,BBG00R2NHQ74,0,false,49.450000,49.490000,1.284125,0.080890,false,0.000000,execution_costs_v1.0,0.000000,0.000000,,,,
2024-03-06,OWL,BBG00XV417S7,0,false,18.100000,17.810000,0.110497,-1.602210,false,0.000000,execution_costs_v1.0,0.000000,0.000000,,,,
2024-03-06,OXLC,BBG001T93HP8,9,false,5.160000,5.180000,0.484496,0.387597,false,0.000000,execution_costs_v1.0,0.000000,0.000000,,,,
2024-03-06,OXM,BBG001S5TZF0,1,false,100.340000,104.280000,3.976480,3.926649,false,0.000000,execution_costs_v1.0,0.000000,0.000000,,,,
2024-03-06,OZK,BBG001SMRQL8,0,false,44.460000,43.900000,0.295771,-1.259559,false,0.000000,execution_costs_v1.0,0.000000,0.000000,,,,
2024-03-06,PAA,BBG001S985K5,3,false,16.670000,16.780000,1.139772,0.659868,false,0.000000,execution_costs_v1.0,0.000000,0.000000,,,,
2024-03-06,PAAS,BBG001S5ZXR5,10,true,13.460000,13.470000,1.420505,0.074294,false,0.000000,execution_costs_v1.0,0.000000,0.000000,,,,
2024-03-06,PACB,BBG001SS9G64,12,true,4.510000,4.170000,0.221729,-7.538803,false,0.000000,execution_costs_v1.0,0.000000,0.000000,,,,
2024-03-06,PACK,BBG00JRXX6Z8,0,false,4.490000,4.590000,2.227171,2.227171,false,0.000000,execution_costs_v1.0,0.000000,0.000000,,,,
2024-03-06,PAG,BBG001S96493,0,false,155.000000,152.440000,0.000000,-1.651613,false,0.000000,execution_costs_v1.0,0.000000,0.000000,,,,
2024-03-06,PAGP,BBG001SZV282,4,false,17.360000,17.405000,0.864055,0.259217,false,0.000000,execution_costs_v1.0,0.000000,0.000000,,,,
2024-03-06,PAGS,0001712807,3,false,13.100000,12.890000,1.755725,-1.603053,false,0.000000,execution_costs_v1.0,0.000000,0.000000,,,,
2024-03-06,PAHC,BBG0069NW5X3,0,false,13.380000,13.165000,0.000000,-1.606876,false,0.000000,execution_costs_v1.0,0.000000,0.000000,,,,
2024-03-06,PANL,0001606909,1,false,8.290000,8.195000,0.000000,-1.145959,false,0.000000,execution_costs_v1.0,0.000000,0.000000,,,,
2024-03-06,PAR,BBG001S5VG69,0,false,42.150000,42.140000,1.067853,-0.023725,false,0.000000,execution_costs_v1.0,0.000000,0.000000,,,,
2024-03-06,PARA,BBG001S6L063,33,true,10.270000,10.495000,3.505355,2.190847,false,0.000000,execution_costs_v1.0,0.000000,0.000000,,,,
2024-03-06,PARR,BBG003C5DLS7,0,false,35.490000,34.860000,0.028177,-1.775148,false,0.000000,execution_costs_v1.0,0.000000,0.000000,,,,
2024-03-06,PATH,BBG00GKS1G12,42,true,23.020000,23.190000,2.085143,0.738488,false,0.000000,execution_costs_v1.0,0.000000,0.000000,,,,
2024-03-06,PATK,BBG001S5V0V6,1,false,118.310000,112.810000,0.000000,-4.648804,false,0.000000,execution_costs_v1.0,0.000000,0.000000,,,,
2024-03-06,PAVM,BBG00DGWP3H1,0,false,3.090000,2.820000,2.265372,-8.737864,false,0.000000,execution_costs_v1.0,0.000000,0.000000,,,,
2024-03-06,PAX,0001825570,0,false,14.750000,14.920000,1.254237,1.152542,false,0.000000,execution_costs_v1.0,0.000000,0.000000,,,,
2024-03-06,PAY,BBG010MW0P43,2,false,20.180000,19.090000,0.297324,-5.401388,false,0.000000,execution_costs_v1.0,0.000000,0.000000,,,,
2024-03-06,PAYC,BBG0064N1009,4,false,175.160000,175.920000,1.210322,0.433889,false,0.000000,execution_costs_v1.0,0.000000,0.000000,,,,
2024-03-06,PAYO,BBG00Z5JLLD1,1,false,4.610000,4.510000,0.650759,-2.169197,false,0.000000,execution_costs_v1.0,0.000000,0.000000,,,,
2024-03-06,PB,BBG001S7SL77,0,false,64.810000,63.510000,0.000000,-2.005863,false,0.000000,execution_costs_v1.0,0.000000,0.000000,,,,
2024-03-06,PBF,BBG002832HM6,0,false,48.410000,47.960000,0.722991,-0.929560,false,0.000000,execution_costs_v1.0,0.000000,0.000000,,,,
2024-03-06,PBH,BBG001SH44F0,0,false,71.530000,71.460000,0.251643,-0.097861,false,0.000000,execution_costs_v1.0,0.000000,0.000000,,,,
2024-03-06,PBI,BBG001S5V171,0,false,4.170000,4.090000,2.158273,-1.918465,false,0.000000,execution_costs_v1.0,0.000000,0.000000,,,,
2024-03-06,PBPB,BBG0026ZGB18,0,false,13.870000,13.370000,0.263158,-3.604903,false,0.000000,execution_costs_v1.0,0.000000,0.000000,,,,
2024-03-06,PBT,BBG001S5V1N3,0,false,12.210000,11.760000,0.000000,-3.685504,false,0.000000,execution_costs_v1.0,0.000000,0.000000,,,,
2024-03-06,PCH,BBG001S5V215,0,false,46.620000,46.370000,0.171600,-0.536251,false,0.000000,execution_costs_v1.0,0.000000,0.000000,,,,
2024-03-06,PCOR,BBG0026ZJ313,0,false,76.420000,77.470000,2.158990,1.373986,false,0.000000,execution_costs_v1.0,0.000000,0.000000,,,,
2024-03-06,PCRX,BBG001S77N12,0,false,29.500000,30.100000,2.220339,2.033898,false,0.000000,execution_costs_v1.0,0.000000,0.000000,,,,
2024-03-06,PCT,BBG00YRJF230,25,true,6.300000,5.010000,3.174603,-20.476190,false,0.000000,execution_costs_v1.0,0.000000,0.000000,,,,
2024-03-06,PCTY,BBG006598YZ0,0,false,166.630000,166.110000,1.416312,-0.312069,false,0.000000,execution_costs_v1.0,0.000000,0.000000,,,,
2024-03-06,PCVX,BBG009PHHPP4,0,false,71.610000,71.210000,1.124145,-0.558581,false,0.000000,execution_costs_v1.0,0.000000,0.000000,,,,
2024-03-06,PD,BBG0043BYPD6,1,false,23.220000,23.430000,2.670112,0.904393,false,0.000000,execution_costs_v1.0,0.000000,0.000000,,,,
2024-03-06,PDCO,BBG001S5V2S6,0,false,26.810000,26.850000,0.783290,0.149198,false,0.000000,execution_costs_v1.0,0.000000,0.000000,,,,
2024-03-06,PDFS,BBG001SFSR85,0,false,33.340000,34.110000,3.329334,2.309538,false,0.000000,execution_costs_v1.0,0.000000,0.000000,,,,
2024-03-06,PDM,BBG001T6RFS9,0,false,6.300000,6.265000,0.000000,-0.555556,false,0.000000,execution_costs_v1.0,0.000000,0.000000,,,,
2024-03-06,PDS,BBG001S5V359,0,false,61.940000,62.340000,1.646755,0.645786,false,0.000000,execution_costs_v1.0,0.000000,0.000000,,,,
2024-03-06,PEB,BBG001T5S1M7,0,false,16.260000,16.220000,1.937269,-0.246002,false,0.000000,execution_costs_v1.0,0.000000,0.000000,,,,
2024-03-06,PEBO,BBG001S77C89,1,false,29.690000,28.510000,0.000000,-3.974402,false,0.000000,execution_costs_v1.0,0.000000,0.000000,,,,
2024-03-06,PECO,BBG011RJST56,0,false,35.930000,35.660000,0.194823,-0.751461,false,0.000000,execution_costs_v1.0,0.000000,0.000000,,,,
2024-03-06,PEGA,BBG001S93CK5,0,false,63.150000,63.370000,1.583531,0.348377,false,0.000000,execution_costs_v1.0,0.000000,0.000000,,,,
2024-03-06,PEN,BBG001TRHPB0,0,false,258.960000,249.450000,0.957677,-3.672382,false,0.000000,execution_costs_v1.0,0.000000,0.000000,,,,
2024-03-06,PENN,BBG001S80PY6,6,false,17.720000,17.715000,0.045147,-0.028217,false,0.000000,execution_costs_v1.0,0.000000,0.000000,,,,
2024-03-06,PEPG,BBG012232627,0,false,16.190000,15.410000,4.169240,-4.817789,false,0.000000,execution_costs_v1.0,0.000000,0.000000,,,,
2024-03-06,PERF,0001899830,1,false,2.930000,2.720000,2.559727,-7.167235,false,0.000000,execution_costs_v1.0,0.000000,0.000000,,,,
2024-03-06,PERI,0001338940,1,false,22.790000,22.300000,0.921457,-2.150066,false,0.000000,execution_costs_v1.0,0.000000,0.000000,,,,
2024-03-06,PETQ,BBG00H1CY3S0,0,false,16.730000,16.210000,0.119546,-3.108189,false,0.000000,execution_costs_v1.0,0.000000,0.000000,,,,
2024-03-06,PFBC,BBG001S9SFK1,0,false,74.670000,74.240000,1.633856,-0.575867,false,0.000000,execution_costs_v1.0,0.000000,0.000000,,,,
2024-03-06,PFC,BBG001S7DV08,0,false,20.410000,20.290000,0.685938,-0.587947,false,0.000000,execution_costs_v1.0,0.000000,0.000000,,,,
2024-03-06,PFGC,BBG009XW2WC7,0,false,77.100000,76.610000,0.479896,-0.635538,false,0.000000,execution_costs_v1.0,0.000000,0.000000,,,,
2024-03-06,PFLT,BBG001V0Y5S3,1,false,11.350000,11.400000,1.666960,0.440529,false,0.000000,execution_costs_v1.0,0.000000,0.000000,,,,
2024-03-06,PFS,BBG001SKM445,0,false,15.050000,15.090000,1.926910,0.265781,false,0.000000,execution_costs_v1.0,0.000000,0.000000,,,,
2024-03-06,PFSI,BBG00LMYX132,0,false,86.520000,85.970000,1.277161,-0.635691,false,0.000000,execution_costs_v1.0,0.000000,0.000000,,,,
2024-03-06,PGC,BBG001SG3CC8,0,false,24.390000,24.200000,1.241902,-0.779008,false,0.000000,execution_costs_v1.0,0.000000,0.000000,,,,
2024-03-06,PGEN,BBG001SSB3T5,1,false,1.630000,1.680000,4.294479,3.067485,false,0.000000,execution_costs_v1.0,0.000000,0.000000,,,,
2024-03-06,PGNY,BBG002H1K1K7,1,false,34.440000,33.630000,1.045296,-2.351916,false,0.000000,execution_costs_v1.0,0.000000,0.000000,,,,
2024-03-06,PGRE,BBG001SL9C95,0,false,4.590000,4.570000,0.435730,-0.435730,false,0.000000,execution_costs_v1.0,0.000000,0.000000,,,,
2024-03-06,PGRU,0001873331,0,false,3.350000,3.160000,1.492537,-5.671642,false,0.000000,execution_costs_v1.0,0.000000,0.000000,,,,
2024-03-06,PGTI,BBG001SNS069,0,false,41.810000,41.810000,0.047835,0.000000,false,0.000000,execution_costs_v1.0,0.000000,0.000000,,,,
2024-03-06,PGY,0001883085,9,false,1.390000,1.380000,2.877698,-0.719424,false,0.000000,execution_costs_v1.0,0.000000,0.000000,,,,
2024-03-06,PHAR,BBG00YN70W58,1,false,11.200000,11.200000,0.000000,0.000000,false,0.000000,execution_costs_v1.0,0.000000,0.000000,,,,
2024-03-06,PHAT,BBG00P5B2S73,1,false,9.960000,9.730000,0.000000,-2.309237,false,0.000000,execution_costs_v1.0,0.000000,0.000000,,,,
2024-03-06,PHIN,BBG01F6N6NP4,0,false,34.450000,35.020000,1.944848,1.654572,false,0.000000,execution_costs_v1.0,0.000000,0.000000,,,,
2024-03-06,PHR,BBG001TG2W25,0,false,25.450000,25.010000,0.000000,-1.728880,false,0.000000,execution_costs_v1.0,0.000000,0.000000,,,,
2024-03-06,PHUN,BBG00DL9GZK1,57,true,13.330000,10.270000,2.775694,-22.955739,false,0.000000,execution_costs_v1.0,0.000000,0.000000,,,,
2024-03-06,PHVS,0001830487,0,false,24.220000,25.840000,9.124277,6.688687,false,0.000000,execution_costs_v1.0,0.000000,0.000000,,,,
2024-03-06,PI,BBG001T313Q3,0,false,113.150000,112.660000,2.757402,-0.433053,false,0.000000,execution_costs_v1.0,0.000000,0.000000,,,,
2024-03-06,PII,BBG001S7HWZ4,0,false,92.120000,91.120000,0.415002,-1.085541,false,0.000000,execution_costs_v1.0,0.000000,0.000000,,,,
2024-03-06,PINC,BBG001SJLD58,0,false,20.930000,20.935000,0.286192,0.023889,false,0.000000,execution_costs_v1.0,0.000000,0.000000,,,,
2024-03-06,PIPR,BBG001SGY6K8,0,false,192.110000,190.690000,0.000000,-0.739160,false,0.000000,execution_costs_v1.0,0.000000,0.000000,,,,
2024-03-06,PJT,BBG0079T1MP4,0,false,99.860000,99.070000,0.000000,-0.791108,false,0.000000,execution_costs_v1.0,0.000000,0.000000,,,,
2024-03-06,PK,BBG00FGXCKN3,0,false,17.550000,17.320000,1.310541,-1.310541,false,0.000000,execution_costs_v1.0,0.000000,0.000000,,,,
2024-03-06,PKOH,BBG001S5V778,0,false,26.345000,23.880000,0.000000,-9.356614,false,0.000000,execution_costs_v1.0,0.000000,0.000000,,,,
2024-03-06,PKST,BBG00XTV8H01,0,false,14.380000,14.620000,1.947149,1.668985,false,0.000000,execution_costs_v1.0,0.000000,0.000000,,,,
2024-03-06,PL,BBG00ZCV3Q27,1,false,2.200000,2.160000,1.363636,-1.818182,false,0.000000,execution_costs_v1.0,0.000000,0.000000,,,,
2024-03-06,PLAB,BBG001S5V7C2,0,false,29.380000,29.130000,0.918993,-0.850919,false,0.000000,execution_costs_v1.0,0.000000,0.000000,,,,
2024-03-06,PLAY,BBG001WWJTL4,1,false,64.040000,62.610000,1.342911,-2.232979,false,0.000000,execution_costs_v1.0,0.000000,0.000000,,,,
2024-03-06,PLMR,BBG00NLMRYV9,0,false,73.820000,75.000000,1.869412,1.598483,false,0.000000,execution_costs_v1.0,0.000000,0.000000,,,,
2024-03-06,PLNT,BBG009H04M26,0,false,64.160000,64.810000,1.355985,1.013092,false,0.000000,execution_costs_v1.0,0.000000,0.000000,,,,
2024-03-06,PLOW,BBG001T6QFV6,0,false,25.030000,25.660000,2.556932,2.516980,false,0.000000,execution_costs_v1.0,0.000000,0.000000,,,,
2024-03-06,PLPC,BBG001SFKCZ6,0,false,130.190000,134.250000,3.272141,3.118519,false,0.000000,execution_costs_v1.0,0.000000,0.000000,,,,
2024-03-06,PLRX,BBG00C8083P2,0,false,16.320000,15.680000,0.857230,-3.921569,false,0.000000,execution_costs_v1.0,0.000000,0.000000,,,,
2024-03-06,PLSE,BBG00BRBHVG7,0,false,9.470000,9.280000,4.012672,-2.006336,false,0.000000,execution_costs_v1.0,0.000000,0.000000,,,,
2024-03-06,PLTK,BBG00QQ8C798,0,false,6.920000,6.785000,0.361272,-1.950867,false,0.000000,execution_costs_v1.0,0.000000,0.000000,,,,
2024-03-06,PLUG,BBG001S6GJB2,56,true,3.710000,4.030000,10.512129,8.625337,false,0.000000,execution_costs_v1.0,0.000000,0.000000,,,,
2024-03-06,PLUS,BBG001S99YL0,0,false,80.820000,80.130000,0.754764,-0.853749,false,0.000000,execution_costs_v1.0,0.000000,0.000000,,,,
2024-03-06,PLXS,BBG001S5V812,0,false,94.030000,93.950000,0.568967,-0.085079,false,0.000000,execution_costs_v1.0,0.000000,0.000000,,,,
2024-03-06,PLYA,0001692412,0,false,9.400000,9.500000,2.712766,1.063830,false,0.000000,execution_costs_v1.0,0.000000,0.000000,,,,
2024-03-06,PLYM,BBG0021H6YT4,0,false,21.480000,21.630000,0.698324,0.698324,false,0.000000,execution_costs_v1.0,0.000000,0.000000,,,,
2024-03-06,PMT,BBG001T1MJR8,0,false,14.170000,14.220000,0.846860,0.352858,false,0.000000,execution_costs_v1.0,0.000000,0.000000,,,,
2024-03-06,PNFP,BBG001SF5953,0,false,83.820000,84.530000,2.171319,0.847053,false,0.000000,execution_costs_v1.0,0.000000,0.000000,,,,
2024-03-06,PNM,BBG001S5V9J1,0,false,37.620000,37.170000,0.824030,-1.196172,false,0.000000,execution_costs_v1.0,0.000000,0.000000,,,,
2024-03-06,PNNT,BBG001SSQMH0,7,false,6.710000,6.730000,1.192250,0.298063,false,0.000000,execution_costs_v1.0,0.000000,0.000000,,,,
2024-03-06,PNR,0000077360,0,false,78.070000,79.180000,2.651467,1.421801,false,0.000000,execution_costs_v1.0,0.000000,0.000000,,,,
2024-03-06,PNTG,BBG00P33SZ15,0,false,18.850000,18.900000,0.530504,0.265252,false,0.000000,execution_costs_v1.0,0.000000,0.000000,,,,
2024-03-06,PNW,BBG001S5VB15,0,false,69.110000,69.760000,1.446969,0.940530,false,0.000000,execution_costs_v1.0,0.000000,0.000000,,,,
2024-03-06,PODD,BBG001SRF439,0,false,166.090000,165.520000,2.167500,-0.343187,false,0.000000,execution_costs_v1.0,0.000000,0.000000,,,,
2024-03-06,POR,BBG001S5V4Y5,0,false,40.730000,40.510000,0.859317,-0.540142,false,0.000000,execution_costs_v1.0,0.000000,0.000000,,,,
2024-03-06,POST,BBG001WTBC45,0,false,103.790000,103.995000,0.549186,0.197514,false,0.000000,execution_costs_v1.0,0.000000,0.000000,,,,
2024-03-06,POWI,BBG001S73RW3,0,false,72.560000,72.950000,1.612459,0.537486,false,0.000000,execution_costs_v1.0,0.000000,0.000000,,,,
2024-03-06,POWL,BBG001S5VBT5,2,false,172.930000,161.940000,0.277569,-6.355173,false,0.000000,execution_costs_v1.0,0.000000,0.000000,,,,
2024-03-06,PPBI,BBG001S9JFG6,0,false,23.470000,23.670000,3.067746,0.852152,false,0.000000,execution_costs_v1.0,0.000000,0.000000,,,,
2024-03-06,PPC,BBG001S5PSN1,0,false,32.310000,31.960000,0.015475,-1.083256,false,0.000000,execution_costs_v1.0,0.000000,0.000000,,,,
2024-03-06,PR,BBG00D61Y2G3,4,false,15.780000,15.630000,0.000000,-0.950570,false,0.000000,execution_costs_v1.0,0.000000,0.000000,,,,
2024-03-06,PRA,BBG001S9Z6F9,0,false,12.390000,12.650000,2.098467,2.098467,false,0.000000,execution_costs_v1.0,0.000000,0.000000,,,,
2024-03-06,PRAA,BBG001SB1G41,0,false,24.700000,24.660000,0.728745,-0.161943,false,0.000000,execution_costs_v1.0,0.000000,0.000000,,,,
2024-03-06,PRAX,BBG00W9LF2H4,0,false,55.030000,58.160000,5.905870,5.687807,false,0.000000,execution_costs_v1.0,0.000000,0.000000,,,,
2024-03-06,PRCT,BBG009KD84J2,0,false,46.920000,47.220000,1.172208,0.639386,false,0.000000,execution_costs_v1.0,0.000000,0.000000,,,,
2024-03-06,PRDO,BBG001S6M491,0,false,17.410000,17.500000,1.493395,0.516944,false,0.000000,execution_costs_v1.0,0.000000,0.000000,,,,
2024-03-06,PRE,0001876431,0,false,4.931000,4.930000,2.007706,-0.020280,false,0.000000,execution_costs_v1.0,0.000000,0.000000,,,,
2024-03-06,PRFT,BBG001SCS189,0,false,62.870000,62.930000,0.683951,0.095435,false,0.000000,execution_costs_v1.0,0.000000,0.000000,,,,
2024-03-06,PRG,BBG00VSH86H3,0,false,32.510000,31.870000,0.768994,-1.968625,false,0.000000,execution_costs_v1.0,0.000000,0.000000,,,,
2024-03-06,PRGO,0001585364,1,false,27.220000,28.090000,3.434974,3.196179,false,0.000000,execution_costs_v1.0,0.000000,0.000000,,,,
2024-03-06,PRGS,BBG001S6MCY5,0,false,52.700000,53.070000,1.555977,0.702087,false,0.000000,execution_costs_v1.0,0.000000,0.000000,,,,
2024-03-06,PRI,BBG001T5ZSQ6,0,false,248.720000,251.890000,1.708749,1.274526,false,0.000000,execution_costs_v1.0,0.000000,0.000000,,,,
2024-03-06,PRIM,BBG001S64801,0,false,38.770000,39.850000,2.914625,2.785659,false,0.000000,execution_costs_v1.0,0.000000,0.000000,,,,
2024-03-06,PRK,BBG001S7X549,0,false,133.000000,132.769000,1.165414,-0.173684,false,0.000000,execution_costs_v1.0,0.000000,0.000000,,,,
2024-03-06,PRLB,BBG001SRZTG8,0,false,36.650000,36.500000,1.173261,-0.409277,false,0.000000,execution_costs_v1.0,0.000000,0.000000,,,,
2024-03-06,PRM,0001880319,0,false,6.170000,6.115000,0.000000,-0.891410,false,0.000000,execution_costs_v1.0,0.000000,0.000000,,,,
2024-03-06,PRME,BBG011RT3R64,0,false,8.290000,8.415000,3.136309,1.507841,false,0.000000,execution_costs_v1.0,0.000000,0.000000,,,,
2024-03-06,PRMW,BBG001S77SH4,0,false,16.280000,16.210000,0.982801,-0.429975,false,0.000000,execution_costs_v1.0,0.000000,0.000000,,,,
2024-03-06,PRO,BBG001ST38G5,0,false,35.500000,35.750000,0.971831,0.704225,false,0.000000,execution_costs_v1.0,0.000000,0.000000,,,,
2024-03-06,PROC,0001863362,0,false,3.310000,3.060000,0.302115,-7.552870,false,0.000000,execution_costs_v1.0,0.000000,0.000000,,,,
2024-03-06,PRTA,0001559053,0,false,29.010000,29.380000,1.482248,1.275422,false,0.000000,execution_costs_v1.0,0.000000,0.000000,,,,
2024-03-06,PRVA,BBG00ZXYXWJ4,0,false,21.020000,21.500000,2.783064,2.283539,false,0.000000,execution_costs_v1.0,0.000000,0.000000,,,,
2024-03-06,PSEC,BBG001SM4WF7,10,true,5.450000,5.450000,0.733945,0.000000,false,0.000000,execution_costs_v1.0,0.000000,0.000000,,,,
2024-03-06,PSFE,0001833835,2,false,14.130000,14.230000,2.972399,0.707714,false,0.000000,execution_costs_v1.0,0.000000,0.000000,,,,
2024-03-06,PSMT,BBG001SB78V3,0,false,83.490000,83.010000,0.650138,-0.574919,false,0.000000,execution_costs_v1.0,0.000000,0.000000,,,,
2024-03-06,PSN,BBG001SDWJQ3,0,false,83.480000,83.390000,0.802587,-0.107810,false,0.000000,execution_costs_v1.0,0.000000,0.000000,,,,
2024-03-06,PSNY,BBG0147QHH45,10,true,1.740000,1.775000,4.022989,2.011494,false,0.000000,execution_costs_v1.0,0.000000,0.000000,,,,
2024-03-06,PSTL,BBG00NSBGG83,0,false,14.250000,14.030000,0.561404,-1.543860,false,0.000000,execution_costs_v1.0,0.000000,0.000000,,,,
2024-03-06,PSTX,BBG00BNTZ9J8,0,false,3.480000,3.590000,8.477011,3.160920,false,0.000000,execution_costs_v1.0,0.000000,0.000000,,,,
2024-03-06,PTCT,BBG001SNNC86,0,false,31.870000,30.880000,0.094132,-3.106370,false,0.000000,execution_costs_v1.0,0.000000,0.000000,,,,
2024-03-06,PTEN,BBG001S7GWF7,2,false,11.780000,11.650000,0.594228,-1.103565,false,0.000000,execution_costs_v1.0,0.000000,0.000000,,,,
2024-03-06,PTGX,BBG002B63KP4,1,false,30.980000,31.280000,1.678502,0.968367,false,0.000000,execution_costs_v1.0,0.000000,0.000000,,,,
2024-03-06,PTLO,BBG012YL5W59,0,false,13.950000,13.960000,1.146953,0.071685,false,0.000000,execution_costs_v1.0,0.000000,0.000000,,,,
2024-03-06,PTON,BBG00JG0FG08,2,false,4.310000,4.390000,3.480278,1.856148,false,0.000000,execution_costs_v1.0,0.000000,0.000000,,,,
2024-03-06,PTSI,BBG001S5VGQ7,0,false,17.290000,16.780000,2.197802,-2.949682,false,0.000000,execution_costs_v1.0,0.000000,0.000000,,,,
2024-03-06,PTVE,BBG00WXWG3G1,0,false,13.330000,12.990000,0.000000,-2.550638,false,0.000000,execution_costs_v1.0,0.000000,0.000000,,,,
2024-03-06,PUBM,BBG001V1C792,1,false,20.980000,20.740000,1.143947,-1.143947,false,0.000000,execution_costs_v1.0,0.000000,0.000000,,,,
2024-03-06,PUMP,BBG00FYCQ3Y0,0,false,7.195000,7.140000,2.293259,-0.764420,false,0.000000,execution_costs_v1.0,0.000000,0.000000,,,,
2024-03-06,PVH,BBG001S5VGY8,0,false,138.750000,135.420000,0.021622,-2.400000,false,0.000000,execution_costs_v1.0,0.000000,0.000000,,,,
2024-03-06,PWP,BBG00XWZGGJ1,0,false,13.340000,13.300000,0.974513,-0.299850,false,0.000000,execution_costs_v1.0,0.000000,0.000000,,,,
2024-03-06,PWSC,BBG00ZXQB5X8,0,false,20.570000,20.290000,0.486145,-1.361206,false,0.000000,execution_costs_v1.0,0.000000,0.000000,,,,
2024-03-06,PX,BBG012QFRKK6,0,false,7.870000,7.825000,0.698856,-0.571792,false,0.000000,execution_costs_v1.0,0.000000,0.000000,,,,
2024-03-06,PYCR,BBG010FNXN77,0,false,20.080000,20.560000,3.883964,2.390438,false,0.000000,execution_costs_v1.0,0.000000,0.000000,,,,
2024-03-06,PZZA,BBG001S6XNB4,0,false,70.800000,71.220000,1.694915,0.593220,false,0.000000,execution_costs_v1.0,0.000000,0.000000,,,,
2024-03-06,QCRH,BBG001SJTPZ0,0,false,57.530000,57.340000,1.407961,-0.330262,false,0.000000,execution_costs_v1.0,0.000000,0.000000,,,,
2024-03-06,QDEL,BBG017TGV7N1,1,false,43.000000,42.830000,0.906977,-0.395349,false,0.000000,execution_costs_v1.0,0.000000,0.000000,,,,
2024-03-06,QGEN,0001015820,1,false,44.200000,43.990000,0.904977,-0.475113,false,0.000000,execution_costs_v1.0,0.000000,0.000000,,,,
2024-03-06,QLYS,BBG001SYH860,0,false,168.840000,166.850000,0.000000,-1.178631,false,0.000000,execution_costs_v1.0,0.000000,0.000000,,,,
2024-03-06,QNST,BBG001T2V5P8,0,false,14.820000,14.790000,0.269906,-0.202429,false,0.000000,execution_costs_v1.0,0.000000,0.000000,,,,
2024-03-06,QRTEA,BBG001SR0LR1,3,false,1.240000,1.210000,3.225806,-2.419355,false,0.000000,execution_costs_v1.0,0.000000,0.000000,,,,
2024-03-06,QRVO,BBG007TJF1P5,3,false,115.000000,115.900000,3.239130,0.782609,false,0.000000,execution_costs_v1.0,0.000000,0.000000,,,,
2024-03-06,QS,BBG00VJ17DT1,20,true,6.030000,6.035000,1.077944,0.082919,false,0.000000,execution_costs_v1.0,0.000000,0.000000,,,,
2024-03-06,QTRX,BBG0027NWC78,1,false,28.500000,28.330000,0.666667,-0.596491,false,0.000000,execution_costs_v1.0,0.000000,0.000000,,,,
2024-03-06,QTWO,BBG005ZVK9Q1,9,false,46.190000,46.670000,1.407231,1.039186,false,0.000000,execution_costs_v1.0,0.000000,0.000000,,,,
2024-03-06,R,BBG001S5VK15,0,false,113.100000,113.880000,0.689655,0.689655,false,0.000000,execution_costs_v1.0,0.000000,0.000000,,,,
2024-03-06,RAMP,BBG001S5NCJ3,0,false,34.120000,34.190000,0.853458,0.205158,false,0.000000,execution_costs_v1.0,0.000000,0.000000,,,,
2024-03-06,RARE,BBG001V2MJJ2,0,false,51.420000,51.260000,0.685920,-0.311163,false,0.000000,execution_costs_v1.0,0.000000,0.000000,,,,
2024-03-06,RBA,BBG001SBQWW8,0,false,76.440000,74.900000,0.300890,-2.014652,false,0.000000,execution_costs_v1.0,0.000000,0.000000,,,,
2024-03-06,RBB,BBG002537TD8,0,false,17.500000,17.620000,1.028571,0.685714,false,0.000000,execution_costs_v1.0,0.000000,0.000000,,,,
2024-03-06,RBBN,BBG00HW4CSH5,0,false,3.010000,2.930000,0.498339,-2.657807,false,0.000000,execution_costs_v1.0,0.000000,0.000000,,,,
2024-03-06,RBC,BBG001SNYTV1,0,false,264.470000,270.710000,2.384013,2.359436,false,0.000000,execution_costs_v1.0,0.000000,0.000000,,,,
2024-03-06,RBCAA,BBG001S7X4Z8,0,false,49.220000,49.140000,0.772044,-0.162536,false,0.000000,execution_costs_v1.0,0.000000,0.000000,,,,
2024-03-06,RC,BBG003TCRSD0,2,false,8.530000,8.470000,1.524033,-0.703400,false,0.000000,execution_costs_v1.0,0.000000,0.000000,,,,
2024-03-06,RCKT,BBG001T92156,1,false,27.570000,27.771700,2.937976,0.731592,false,0.000000,execution_costs_v1.0,0.000000,0.000000,,,,
2024-03-06,RCM,BBG018CZLZ45,0,false,14.060000,13.920000,0.776671,-0.995733,false,0.000000,execution_costs_v1.0,0.000000,0.000000,,,,
2024-03-06,RCUS,BBG00DQD2751,0,false,19.000000,19.360000,2.289474,1.894737,false,0.000000,execution_costs_v1.0,0.000000,0.000000,,,,
2024-03-06,RDFN,BBG001V1F423,19,true,6.500000,6.415000,2.769231,-1.307692,false,0.000000,execution_costs_v1.0,0.000000,0.000000,,,,
2024-03-06,RDIB,BBG001SFJ743,0,false,16.400000,16.100000,0.000000,-1.829268,false,0.000000,execution_costs_v1.0,0.000000,0.000000,,,,
2024-03-06,RDN,BBG001SBWXG7,0,false,29.520000,29.845000,2.710027,1.100949,false,0.000000,execution_costs_v1.0,0.000000,0.000000,,,,
2024-03-06,RDNT,BBG001S75DK5,0,false,47.950000,48.530000,1.814390,1.209593,false,0.000000,execution_costs_v1.0,0.000000,0.000000,,,,
2024-03-06,RDUS,BBG001S7H0J2,0,false,20.000000,19.400000,0.000000,-3.000000,false,0.000000,execution_costs_v1.0,0.000000,0.000000,,,,
2024-03-06,RDWR,0001094366,0,false,17.950000,17.960000,1.281337,0.055710,false,0.000000,execution_costs_v1.0,0.000000,0.000000,,,,
2024-03-06,RDZN,0001868640,0,false,6.420000,6.400000,0.000000,-0.311526,false,0.000000,execution_costs_v1.0,0.000000,0.000000,,,,
2024-03-06,REAL,BBG004FPDP45,21,true,3.830000,3.650000,7.049608,-4.699739,false,0.000000,execution_costs_v1.0,0.000000,0.000000,,,,
2024-03-06,REAX,BBG00KRN3NQ3,4,false,2.920000,2.860000,1.712329,-2.054795,false,0.000000,execution_costs_v1.0,0.000000,0.000000,,,,
2024-03-06,REG,BBG001S7H752,0,false,62.080000,61.370000,0.233570,-1.143686,false,0.000000,execution_costs_v1.0,0.000000,0.000000,,,,
2024-03-06,RELY,BBG012C7JTN6,0,false,20.530000,20.850000,2.922552,1.558695,false,0.000000,execution_costs_v1.0,0.000000,0.000000,,,,
2024-03-06,RENE,0001889112,0,false,,,,,false,0.000000,execution_costs_v1.0,,,,,,
2024-03-06,REPL,BBG00L8Z22S0,0,false,8.860000,9.010000,1.913093,1.693002,false,0.000000,execution_costs_v1.0,0.000000,0.000000,,,,
2024-03-06,REPX,BBG001SDLX20,0,false,24.760000,24.030000,0.726979,-2.948304,false,0.000000,execution_costs_v1.0,0.000000,0.000000,,,,
2024-03-06,RES,BBG001S5VN37,0,false,7.520000,7.320000,0.598404,-2.659574,false,0.000000,execution_costs_v1.0,0.000000,0.000000,,,,
2024-03-06,REVG,BBG00CSG01X8,15,true,18.500000,19.960000,8.756757,7.891892,false,0.000000,execution_costs_v1.0,0.000000,0.000000,,,,
2024-03-06,REX,BBG001S7D5J5,0,false,43.430000,43.380000,0.621460,-0.115128,false,0.000000,execution_costs_v1.0,0.000000,0.000000,,,,
2024-03-06,REXR,BBG004MB82S9,0,false,52.090000,52.200000,0.383951,0.211173,false,0.000000,execution_costs_v1.0,0.000000,0.000000,,,,
2024-03-06,REYN,BBG00QVJVZ22,0,false,29.080000,29.120000,1.134801,0.137552,false,0.000000,execution_costs_v1.0,0.000000,0.000000,,,,
2024-03-06,REZI,BBG00HY28L05,0,false,22.170000,22.340000,1.714028,0.766802,false,0.000000,execution_costs_v1.0,0.000000,0.000000,,,,
2024-03-06,RGA,BBG001S6P9Q8,0,false,180.000000,182.880000,1.655556,1.600000,false,0.000000,execution_costs_v1.0,0.000000,0.000000,,,,
2024-03-06,RGEN,BBG001S5VNT9,0,false,195.000000,195.140000,0.835897,0.071795,false,0.000000,execution_costs_v1.0,0.000000,0.000000,,,,
2024-03-06,RGLD,BBG001S5VNX4,2,false,111.380000,110.670000,1.454390,-0.637457,false,0.000000,execution_costs_v1.0,0.000000,0.000000,,,,
2024-03-06,RGNX,BBG007Z9V5C7,11,true,26.740000,24.030000,1.570681,-10.134630,false,0.000000,execution_costs_v1.0,0.000000,0.000000,,,,
2024-03-06,RGP,BBG001S7QYK6,0,false,13.670000,13.650000,1.097293,-0.146306,false,0.000000,execution_costs_v1.0,0.000000,0.000000,,,,
2024-03-06,RGR,BBG001S6LMJ1,0,false,42.430000,42.470000,0.754183,0.094273,false,0.000000,execution_costs_v1.0,0.000000,0.000000,,,,
2024-03-06,RGS,BBG001S6RDV1,0,false,8.980000,8.900000,3.563474,-0.890869,false,0.000000,execution_costs_v1.0,0.000000,0.000000,,,,
2024-03-06,RH,BBG002293Q93,0,false,272.070000,270.880000,0.349175,-0.437387,false,0.000000,execution_costs_v1.0,0.000000,0.000000,,,,
2024-03-06,RHI,BBG001S5VP41,0,false,79.060000,79.660000,0.771566,0.758917,false,0.000000,execution_costs_v1.0,0.000000,0.000000,,,,
2024-03-06,RHP,BBG001S6SHG8,0,false,119.220000,117.960000,0.224040,-1.056870,false,0.000000,execution_costs_v1.0,0.000000,0.000000,,,,
2024-03-06,RICK,BBG001S8LFR3,0,false,55.580000,55.650000,0.323858,0.125945,false,0.000000,execution_costs_v1.0,0.000000,0.000000,,,,
2024-03-06,RIG,0001451505,11,true,5.250000,5.140000,0.571429,-2.095238,false,0.000000,execution_costs_v1.0,0.000000,0.000000,,,,
2024-03-06,RILY,BBG001SV8TK4,2,false,21.750000,23.620000,11.816092,8.597701,false,0.000000,execution_costs_v1.0,0.000000,0.000000,,,,
2024-03-06,RIOT,BBG001SDW128,53,true,12.960000,12.115000,0.462963,-6.520062,false,0.000000,execution_costs_v1.0,0.000000,0.000000,,,,
2024-03-06,RITM,BBG003T1GM12,9,false,10.910000,10.890000,0.274977,-0.183318,false,0.000000,execution_costs_v1.0,0.000000,0.000000,,,,
2024-03-06,RIVN,BBG00741Y1P0,57,true,10.990000,11.030000,1.228389,0.363967,false,0.000000,execution_costs_v1.0,0.000000,0.000000,,,,
2024-03-06,RKLB,BBG00Y61T0H6,24,true,4.300000,4.300000,3.953488,0.000000,false,0.000000,execution_costs_v1.0,0.000000,0.000000,,,,
2024-03-06,RKT,BBG00VY1MZN4,2,false,12.450000,12.600000,4.056225,1.204819,false,0.000000,execution_costs_v1.0,0.000000,0.000000,,,,
2024-03-06,RL,BBG001S9TL45,1,false,181.070000,179.220000,1.154250,-1.021704,false,0.000000,execution_costs_v1.0,0.000000,0.000000,,,,
2024-03-06,RLAY,BBG00DSS08L8,0,false,10.110000,10.340000,2.769535,2.274975,false,0.000000,execution_costs_v1.0,0.000000,0.000000,,,,
2024-03-06,RLI,BBG001S5VQ58,0,false,147.310000,148.630000,0.909646,0.896070,false,0.000000,execution_costs_v1.0,0.000000,0.000000,,,,
2024-03-06,RLJ,BBG001V0BJV4,0,false,12.170000,12.110000,1.807724,-0.493016,false,0.000000,execution_costs_v1.0,0.000000,0.000000,,,,
2024-03-06,RMBS,BBG001S7RF80,0,false,63.690000,63.710000,0.675145,0.031402,false,0.000000,execution_costs_v1.0,0.000000,0.000000,,,,
2024-03-06,RMR,BBG00B6V7CK4,0,false,23.800000,23.555000,0.000000,-1.029412,false,0.000000,execution_costs_v1.0,0.000000,0.000000,,,,
2024-03-06,RNA,BBG00FQ7LXX0,4,false,19.180000,20.040000,7.429614,4.483837,false,0.000000,execution_costs_v1.0,0.000000,0.000000,,,,
2024-03-06,RNG,BBG001SHXFM5,0,false,32.200000,32.280000,0.900621,0.248447,false,0.000000,execution_costs_v1.0,0.000000,0.000000,,,,
2024-03-06,RNR,0000913144,0,false,224.690000,228.230000,2.011661,1.575504,false,0.000000,execution_costs_v1.0,0.000000,0.000000,,,,
2024-03-06,RNST,BBG001S5V5B7,0,false,31.700000,31.430000,1.356467,-0.851735,false,0.000000,execution_costs_v1.0,0.000000,0.000000,,,,
2024-03-06,RNW,0001848763,0,false,6.510000,6.510000,1.227343,0.000000,false,0.000000,execution_costs_v1.0,0.000000,0.000000,,,,
2024-03-06,ROAD,BBG00KK0CFZ7,0,false,49.720000,49.950000,1.769912,0.462591,false,0.000000,execution_costs_v1.0,0.000000,0.000000,,,,
2024-03-06,ROCK,BBG001S7GCL4,0,false,74.910000,75.570000,0.881057,0.881057,false,0.000000,execution_costs_v1.0,0.000000,0.000000,,,,
2024-03-06,ROG,BBG001S5TTY3,0,false,111.050000,110.200000,0.000000,-0.765421,false,0.000000,execution_costs_v1.0,0.000000,0.000000,,,,
2024-03-06,ROIC,BBG001T0CM94,0,false,13.000000,12.840000,0.153846,-1.230769,false,0.000000,execution_costs_v1.0,0.000000,0.000000,,,,
2024-03-06,ROIV,0001635088,2,false,11.770000,11.580000,0.254885,-1.614274,false,0.000000,execution_costs_v1.0,0.000000,0.000000,,,,
2024-03-06,ROKU,BBG001ZZPQM2,27,true,62.730000,62.650000,0.906265,-0.127531,false,0.000000,execution_costs_v1.0,0.000000,0.000000,,,,
2024-03-06,ROOT,BBG002GMC9G9,4,false,38.070000,44.120000,21.801944,15.891778,true,0.000000,execution_costs_v1.0,0.000000,0.000000,,,,
2024-03-06,RPAY,BBG00LFVTCC7,0,false,9.560000,9.680000,3.242678,1.255230,false,0.000000,execution_costs_v1.0,0.000000,0.000000,,,,
2024-03-06,RPD,BBG009DFHWH5,0,false,56.710000,54.410000,0.476107,-4.055722,false,0.000000,execution_costs_v1.0,0.000000,0.000000,,,,
2024-03-06,RPM,BBG001S7X317,0,false,116.810000,116.900000,0.312473,0.077048,false,0.000000,execution_costs_v1.0,0.000000,0.000000,,,,
2024-03-06,RPRX,0001802768,0,false,29.750000,29.750000,0.840336,0.000000,false,0.000000,execution_costs_v1.0,0.000000,0.000000,,,,
2024-03-06,RRBI,BBG001SN25H4,0,false,49.500000,49.700000,0.707071,0.404040,false,0.000000,execution_costs_v1.0,0.000000,0.000000,,,,
2024-03-06,RRC,BBG001SBZNN8,1,false,32.860000,32.770000,0.304321,-0.273889,false,0.000000,execution_costs_v1.0,0.000000,0.000000,,,,
2024-03-06,RRR,BBG00B6G8068,0,false,57.290000,56.820000,0.122185,-0.820388,false,0.000000,execution_costs_v1.0,0.000000,0.000000,,,,
2024-03-06,RRX,BBG001S5VL68,0,false,168.550000,167.220000,0.071195,-0.789083,false,0.000000,execution_costs_v1.0,0.000000,0.000000,,,,
2024-03-06,RSI,BBG00RMKRQN9,5,false,5.380000,5.385000,1.672862,0.092937,false,0.000000,execution_costs_v1.0,0.000000,0.000000,,,,
2024-03-06,RSKD,0001851112,5,false,5.150000,5.270000,5.048544,2.330097,false,0.000000,execution_costs_v1.0,0.000000,0.000000,,,,
2024-03-06,RSVR,BBG00YCLJQQ9,0,false,7.340000,7.300000,0.136240,-0.544959,false,0.000000,execution_costs_v1.0,0.000000,0.000000,,,,
2024-03-06,RUM,BBG00Z61CSD4,25,true,7.020000,6.730000,0.997151,-4.131054,false,0.000000,execution_costs_v1.0,0.000000,0.000000,,,,
2024-03-06,RUN,BBG0025XVR94,20,true,12.320000,12.235000,0.811688,-0.689935,false,0.000000,execution_costs_v1.0,0.000000,0.000000,,,,
2024-03-06,RUSHA,BBG001SKX0D1,0,false,48.880000,47.780000,0.000000,-2.250409,false,0.000000,execution_costs_v1.0,0.000000,0.000000,,,,
2024-03-06,RVLV,BBG00M4RHC48,0,false,21.570000,21.240000,0.486787,-1.529903,false,0.000000,execution_costs_v1.0,0.000000,0.000000,,,,
2024-03-06,RVMD,BBG00829F4Q7,0,false,30.300000,30.890000,2.013201,1.947195,false,0.000000,execution_costs_v1.0,0.000000,0.000000,,,,
2024-03-06,RVNC,BBG001V0GBC7,2,false,6.650000,6.340000,1.201504,-4.661654,false,0.000000,execution_costs_v1.0,0.000000,0.000000,,,,
2024-03-06,RVTY,BBG001SBKS35,0,false,107.700000,107.320000,1.114206,-0.352832,false,0.000000,execution_costs_v1.0,0.000000,0.000000,,,,
2024-03-06,RWAY,BBG012QFW480,0,false,13.320000,13.340000,0.975976,0.150150,false,0.000000,execution_costs_v1.0,0.000000,0.000000,,,,
2024-03-06,RWT,BBG001SBHVP8,2,false,6.050000,6.010000,1.485950,-0.661157,false,0.000000,execution_costs_v1.0,0.000000,0.000000,,,,
2024-03-06,RXO,BBG0160DYDC7,0,false,20.650000,20.730000,1.743341,0.387409,false,0.000000,execution_costs_v1.0,0.000000,0.000000,,,,
2024-03-06,RXRX,BBG00PQ4XJ54,29,true,12.110000,11.320000,0.165153,-6.523534,false,0.000000,execution_costs_v1.0,0.000000,0.000000,,,,
2024-03-06,RXST,BBG00THX1YQ1,0,false,55.390000,53.720000,0.000000,-3.014985,false,0.000000,execution_costs_v1.0,0.000000,0.000000,,,,
2024-03-06,RXT,BBG00W0JYQR3,3,false,1.730000,1.840000,10.404624,6.358382,false,0.000000,execution_costs_v1.0,0.000000,0.000000,,,,
2024-03-06,RYAN,BBG011K4W1Y0,0,false,53.760000,54.160000,1.209077,0.744048,false,0.000000,execution_costs_v1.0,0.000000,0.000000,,,,
2024-03-06,RYI,BBG001T6NHM5,0,false,30.880000,30.670000,0.906736,-0.680052,false,0.000000,execution_costs_v1.0,0.000000,0.000000,,,,
2024-03-06,RYN,BBG001S7NCZ1,0,false,35.090000,34.950000,0.156740,-0.398974,false,0.000000,execution_costs_v1.0,0.000000,0.000000,,,,
2024-03-06,RYTM,BBG007DLZ629,0,false,41.600000,41.160000,2.716346,-1.057692,false,0.000000,execution_costs_v1.0,0.000000,0.000000,,,,
2024-03-06,S,BBG00B6F2F27,36,true,27.440000,26.740000,5.211370,-2.551020,false,0.000000,execution_costs_v1.0,0.000000,0.000000,,,,
2024-03-06,SA,BBG001S607C4,1,false,12.610000,13.000000,4.203013,3.092784,false,0.000000,execution_costs_v1.0,0.000000,0.000000,,,,
2024-03-06,SABR,BBG005WQVVG5,10,true,2.210000,2.190000,1.357466,-0.904977,false,0.000000,execution_costs_v1.0,0.000000,0.000000,,,,
2024-03-06,SAFE,BBG001SDG572,3,false,20.490000,20.470000,0.902879,-0.097609,false,0.000000,execution_costs_v1.0,0.000000,0.000000,,,,
2024-03-06,SAFT,BBG001S78T90,0,false,79.170000,79.780000,0.808387,0.770494,false,0.000000,execution_costs_v1.0,0.000000,0.000000,,,,
2024-03-06,SAGE,BBG0025X16Z4,0,false,21.500000,21.130000,0.697674,-1.720930,false,0.000000,execution_costs_v1.0,0.000000,0.000000,,,,
2024-03-06,SAH,BBG001S5VVK0,0,false,51.630000,51.450000,1.452644,-0.348635,false,0.000000,execution_costs_v1.0,0.000000,0.000000,,,,
2024-03-06,SAIC,BBG003BW05L5,0,false,144.290000,143.260000,0.609883,-0.713840,false,0.000000,execution_costs_v1.0,0.000000,0.000000,,,,
2024-03-06,SAM,BBG001S5VVQ4,0,false,297.420000,295.690000,1.435647,-0.581669,false,0.000000,execution_costs_v1.0,0.000000,0.000000,,,,
2024-03-06,SANA,BBG00N5BMH70,5,false,9.860000,9.720000,0.000000,-1.419878,false,0.000000,execution_costs_v1.0,0.000000,0.000000,,,,
2024-03-06,SAND,BBG001SSPFD0,7,false,4.650000,4.610000,0.430108,-0.860215,false,0.000000,execution_costs_v1.0,0.000000,0.000000,,,,
2024-03-06,SANM,BBG001S5SYJ0,0,false,66.280000,65.820000,0.015088,-0.694025,false,0.000000,execution_costs_v1.0,0.000000,0.000000,,,,
2024-03-06,SAR,BBG001SRV422,0,false,23.550000,23.720000,0.891720,0.721868,false,0.000000,execution_costs_v1.0,0.000000,0.000000,,,,
2024-03-06,SASR,BBG001S6Y0J5,0,false,22.310000,22.380000,1.882564,0.313761,false,0.000000,execution_costs_v1.0,0.000000,0.000000,,,,
2024-03-06,SATS,BBG001T048Z5,1,false,13.090000,13.550000,3.972498,3.514133,false,0.000000,execution_costs_v1.0,0.000000,0.000000,,,,
2024-03-06,SAVA,BBG001SCKXX9,6,false,21.400000,19.850000,1.151402,-7.242991,false,0.000000,execution_costs_v1.0,0.000000,0.000000,,,,
2024-03-06,SAVE,BBG001S70KL3,36,true,5.490000,5.220000,2.003643,-4.918033,false,0.000000,execution_costs_v1.0,0.000000,0.000000,,,,
2024-03-06,SB,0001434754,0,false,4.630000,4.730000,3.023758,2.159827,false,0.000000,execution_costs_v1.0,0.000000,0.000000,,,,
2024-03-06,SBCF,BBG001SD9X60,0,false,24.900000,24.990000,2.188755,0.361446,false,0.000000,execution_costs_v1.0,0.000000,0.000000,,,,
2024-03-06,SBGI,BBG01GJ3NYB4,2,false,13.730000,13.440000,3.204661,-2.112163,false,0.000000,execution_costs_v1.0,0.000000,0.000000,,,,
2024-03-06,SBH,BBG001SDHTQ8,0,false,12.430000,12.120000,0.080451,-2.493966,false,0.000000,execution_costs_v1.0,0.000000,0.000000,,,,
2024-03-06,SBLK,0001386716,9,false,23.890000,24.100000,1.925492,0.879029,false,0.000000,execution_costs_v1.0,0.000000,0.000000,,,,
2024-03-06,SBOW,BBG00CTNNZ35,0,false,31.160000,30.660000,1.171374,-1.604621,false,0.000000,execution_costs_v1.0,0.000000,0.000000,,,,
2024-03-06,SBR,BBG001S5VWY3,0,false,60.040000,60.160000,0.463358,0.199867,false,0.000000,execution_costs_v1.0,0.000000,0.000000,,,,
2024-03-06,SBRA,BBG001SGNMK5,0,false,13.970000,13.760000,0.715820,-1.503221,false,0.000000,execution_costs_v1.0,0.000000,0.000000,,,,
2024-03-06,SBSI,BBG001S66SR6,1,false,29.960000,29.680000,1.001335,-0.934579,false,0.000000,execution_costs_v1.0,0.000000,0.000000,,,,
2024-03-06,SCHL,BBG001S5VTF1,0,false,38.610000,37.800000,0.000000,-2.097902,false,0.000000,execution_costs_v1.0,0.000000,0.000000,,,,
2024-03-06,SCI,BBG001S5WBJ5,0,false,74.540000,75.580000,1.542796,1.395224,false,0.000000,execution_costs_v1.0,0.000000,0.000000,,,,
2024-03-06,SCL,BBG001S5VXQ0,0,false,87.510000,86.690000,0.000000,-0.937036,false,0.000000,execution_costs_v1.0,0.000000,0.000000,,,,
2024-03-06,SCOR,BBG001SHM6F5,0,false,18.680000,18.830000,8.056745,0.802998,false,0.000000,execution_costs_v1.0,0.000000,0.000000,,,,
2024-03-06,SCS,BBG001S89FD2,0,false,12.950000,12.830000,0.849421,-0.926641,false,0.000000,execution_costs_v1.0,0.000000,0.000000,,,,
2024-03-06,SCSC,BBG001S7S0W5,0,false,43.690000,44.240000,1.647974,1.258869,false,0.000000,execution_costs_v1.0,0.000000,0.000000,,,,
2024-03-06,SCVL,BBG001S6V927,0,false,31.350000,30.950000,1.116427,-1.275917,false,0.000000,execution_costs_v1.0,0.000000,0.000000,,,,
2024-03-06,SCWX,BBG001SF9RV0,0,false,6.760000,6.500000,1.183432,-3.846154,false,0.000000,execution_costs_v1.0,0.000000,0.000000,,,,
2024-03-06,SD,BBG001SL3ZY2,0,false,13.000000,13.070000,1.661538,0.538462,false,0.000000,execution_costs_v1.0,0.000000,0.000000,,,,
2024-03-06,SDA,0001936804,0,false,6.300000,6.380000,3.492063,1.269841,false,0.000000,execution_costs_v1.0,0.000000,0.000000,,,,
2024-03-06,SDGR,BBG001SZK2K0,0,false,25.250000,24.810000,0.627327,-1.742574,false,0.000000,execution_costs_v1.0,0.000000,0.000000,,,,
2024-03-06,SDHY,BBG00XTHQGX8,0,false,15.180000,15.259000,0.724638,0.520422,false,0.000000,execution_costs_v1.0,0.000000,0.000000,,,,
2024-03-06,SDRL,0001737706,1,false,44.870000,44.280000,0.635168,-1.314910,false,0.000000,execution_costs_v1.0,0.000000,0.000000,,,,
2024-03-06,SEAT,BBG012C73S82,3,false,5.360000,5.150000,1.117537,-3.917910,false,0.000000,execution_costs_v1.0,0.000000,0.000000,,,,
2024-03-06,SEDG,BBG0084BC0P2,10,true,69.140000,70.368900,2.415389,1.777408,false,0.000000,execution_costs_v1.0,0.000000,0.000000,,,,
2024-03-06,SEE,BBG001SBSZ95,0,false,35.680000,35.560000,0.896861,-0.336323,false,0.000000,execution_costs_v1.0,0.000000,0.000000,,,,
2024-03-06,SEIC,BBG001S5VZJ3,0,false,68.560000,68.490000,0.495916,-0.102100,false,0.000000,execution_costs_v1.0,0.000000,0.000000,,,,
2024-03-06,SEM,BBG001SMLRT4,0,false,28.040000,28.180000,0.641940,0.499287,false,0.000000,execution_costs_v1.0,0.000000,0.000000,,,,
2024-03-06,SEMR,BBG00Z6S6285,4,false,10.920000,10.470000,0.641026,-4.120879,false,0.000000,execution_costs_v1.0,0.000000,0.000000,,,,
2024-03-06,SENEA,BBG001S8L1W8,0,false,51.560000,50.210000,0.000000,-2.618309,false,0.000000,execution_costs_v1.0,0.000000,0.000000,,,,
2024-03-06,SENS,BBG00BR4Q8C8,16,true,0.576400,0.561300,0.624566,-2.619709,false,0.000000,execution_costs_v1.0,0.000000,0.000000,,,,
2024-03-06,SES,BBG00YMWPMV0,2,false,1.600000,1.580000,3.125000,-1.250000,false,0.000000,execution_costs_v1.0,0.000000,0.000000,,,,
2024-03-06,SEZL,BBG00MKN0926,0,false,54.480000,55.480000,2.379222,1.835536,false,0.000000,execution_costs_v1.0,0.000000,0.000000,,,,
2024-03-06,SF,BBG001S5W081,0,false,75.710000,74.910000,0.000000,-1.056664,false,0.000000,execution_costs_v1.0,0.000000,0.000000,,,,
2024-03-06,SFBS,BBG001T2HRB1,0,false,64.460000,64.420000,1.931430,-0.062054,false,0.000000,execution_costs_v1.0,0.000000,0.000000,,,,
2024-03-06,SFIX,BBG0046L1KM8,4,false,2.640000,2.420000,0.000000,-8.333333,false,0.000000,execution_costs_v1.0,0.000000,0.000000,,,,
2024-03-06,SFL,0001289877,0,false,13.680000,13.550000,0.438596,-0.950292,false,0.000000,execution_costs_v1.0,0.000000,0.000000,,,,
2024-03-06,SFM,BBG001V0MZS0,4,false,63.750000,63.330000,0.250980,-0.658824,false,0.000000,execution_costs_v1.0,0.000000,0.000000,,,,
2024-03-06,SFNC,BBG001S5W0T8,0,false,19.760000,19.910000,3.188259,0.759109,false,0.000000,execution_costs_v1.0,0.000000,0.000000,,,,
2024-03-06,SG,BBG005NTTSQ8,2,false,18.440000,18.630000,2.819957,1.030369,false,0.000000,execution_costs_v1.0,0.000000,0.000000,,,,
2024-03-06,SGH,0001616533,0,false,23.580000,23.550000,1.420696,-0.127226,false,0.000000,execution_costs_v1.0,0.000000,0.000000,,,,
2024-03-06,SGHC,0001878057,7,false,3.440000,3.510000,3.197674,2.034884,false,0.000000,execution_costs_v1.0,0.000000,0.000000,,,,
2024-03-06,SGML,BBG0027F58B9,5,false,14.860000,15.095000,3.970390,1.581427,false,0.000000,execution_costs_v1.0,0.000000,0.000000,,,,
2024-03-06,SGRY,BBG009T0TKW7,1,false,30.500000,30.790000,2.557377,0.950820,false,0.000000,execution_costs_v1.0,0.000000,0.000000,,,,
2024-03-06,SGU,BBG001S7M0P9,0,false,11.000000,10.921000,1.363636,-0.718182,false,0.000000,execution_costs_v1.0,0.000000,0.000000,,,,
2024-03-06,SHAK,BBG0063GCHJ6,2,false,101.060000,100.980000,0.747081,-0.079161,false,0.000000,execution_costs_v1.0,0.000000,0.000000,,,,
2024-03-06,SHBI,BBG001S9TSK2,0,false,11.470000,11.310000,1.220575,-1.394943,false,0.000000,execution_costs_v1.0,0.000000,0.000000,,,,
2024-03-06,SHC,BBG008LZG101,0,false,13.950000,14.230000,3.082437,2.007168,false,0.000000,execution_costs_v1.0,0.000000,0.000000,,,,
2024-03-06,SHCO,BBG011K3T3Q1,0,false,5.950000,5.880000,1.176471,-1.176471,false,0.000000,execution_costs_v1.0,0.000000,0.000000,,,,
2024-03-06,SHCR,BBG00XPPTB53,0,false,0.933100,0.895000,2.882864,-4.083164,false,0.000000,execution_costs_v1.0,0.000000,0.000000,,,,
2024-03-06,SHEN,BBG001SG37M8,0,false,18.870000,18.780000,0.688924,-0.476948,false,0.000000,execution_costs_v1.0,0.000000,0.000000,,,,
2024-03-06,SHLS,BBG00YQ82328,6,false,12.570000,12.540000,0.469372,-0.238663,false,0.000000,execution_costs_v1.0,0.000000,0.000000,,,,
2024-03-06,SHO,BBG001SM4XW6,0,false,11.380000,11.345000,1.845343,-0.307557,false,0.000000,execution_costs_v1.0,0.000000,0.000000,,,,
2024-03-06,SHOO,BBG001S7JHQ5,0,false,42.930000,42.030000,0.000000,-2.096436,false,0.000000,execution_costs_v1.0,0.000000,0.000000,,,,
2024-03-06,SHYF,BBG001S5W8H4,0,false,10.160000,10.320000,2.559055,1.574803,false,0.000000,execution_costs_v1.0,0.000000,0.000000,,,,
2024-03-06,SIBN,BBG001V0GNP7,0,false,17.560000,17.610000,0.854214,0.284738,false,0.000000,execution_costs_v1.0,0.000000,0.000000,,,,
2024-03-06,SIDU,BBG013QF0YW0,8,false,4.530000,4.675000,10.816777,3.200883,false,0.000000,execution_costs_v1.0,0.000000,0.000000,,,,
2024-03-06,SIG,0000832988,0,false,98.560000,95.410000,0.192776,-3.196023,false,0.000000,execution_costs_v1.0,0.000000,0.000000,,,,
2024-03-06,SIGA,BBG001S80PZ5,0,false,4.950000,5.010000,2.020202,1.212121,false,0.000000,execution_costs_v1.0,0.000000,0.000000,,,,
2024-03-06,SIGI,BBG001S5W2R6,0,false,103.560000,104.650000,1.197374,1.052530,false,0.000000,execution_costs_v1.0,0.000000,0.000000,,,,
2024-03-06,SII,BBG001T2FK64,0,false,36.770000,36.920000,0.856677,0.407941,false,0.000000,execution_costs_v1.0,0.000000,0.000000,,,,
2024-03-06,SILK,BBG0026ZJRZ3,1,false,17.010000,15.660000,0.558495,-7.936508,false,0.000000,execution_costs_v1.0,0.000000,0.000000,,,,
2024-03-06,SILV,BBG009XQLJF5,0,false,5.500000,5.630000,2.909091,2.363636,false,0.000000,execution_costs_v1.0,0.000000,0.000000,,,,
2024-03-06,SITC,BBG001S76RV1,0,false,14.020000,13.900000,0.213980,-0.855920,false,0.000000,execution_costs_v1.0,0.000000,0.000000,,,,
2024-03-06,SITE,BBG009T22D67,0,false,173.440000,174.970000,1.216559,0.882149,false,0.000000,execution_costs_v1.0,0.000000,0.000000,,,,
2024-03-06,SITM,BBG00QNSY276,0,false,93.530000,92.760000,2.694323,-0.823265,false,0.000000,execution_costs_v1.0,0.000000,0.000000,,,,
2024-03-06,SIX,BBG001S8H000,0,false,25.400000,26.375000,4.685039,3.838583,false,0.000000,execution_costs_v1.0,0.000000,0.000000,,,,
2024-03-06,SJM,BBG001S5W3H5,1,false,121.250000,120.260000,0.556701,-0.816495,false,0.000000,execution_costs_v1.0,0.000000,0.000000,,,,
2024-03-06,SJW,BBG001S5W3N8,0,false,56.520000,57.060000,1.344657,0.955414,false,0.000000,execution_costs_v1.0,0.000000,0.000000,,,,
2024-03-06,SKE,BBG001S6LB05,1,false,4.170000,4.490000,8.393285,7.673861,false,0.000000,execution_costs_v1.0,0.000000,0.000000,,,,
2024-03-06,SKIN,BBG00XKM1DD2,0,false,3.540000,3.470000,3.672316,-1.977401,false,0.000000,execution_costs_v1.0,0.000000,0.000000,,,,
2024-03-06,SKT,BBG001S7BZV7,3,false,29.680000,29.450000,0.269542,-0.774933,false,0.000000,execution_costs_v1.0,0.000000,0.000000,,,,
2024-03-06,SKWD,BBG002QHKLR1,0,false,35.620000,35.660000,1.038742,0.112296,false,0.000000,execution_costs_v1.0,0.000000,0.000000,,,,
2024-03-06,SKX,BBG001S5XTG8,0,false,61.290000,60.820000,0.130527,-0.766846,false,0.000000,execution_costs_v1.0,0.000000,0.000000,,,,
2024-03-06,SKY,BBG001S5W456,0,false,83.540000,82.460000,0.000000,-1.292794,false,0.000000,execution_costs_v1.0,0.000000,0.000000,,,,
2024-03-06,SKYT,BBG00ZS44MH2,2,false,11.640000,11.560000,1.272337,-0.687285,false,0.000000,execution_costs_v1.0,0.000000,0.000000,,,,
2024-03-06,SKYW,BBG001S5W465,0,false,66.600000,67.590000,2.612613,1.486486,false,0.000000,execution_costs_v1.0,0.000000,0.000000,,,,
2024-03-06,SLAB,BBG001S5W492,0,false,143.430000,147.220000,3.360524,2.642404,false,0.000000,execution_costs_v1.0,0.000000,0.000000,,,,
2024-03-06,SLAM,0001838162,0,false,10.930000,10.930000,0.045746,0.000000,false,0.000000,execution_costs_v1.0,0.000000,0.000000,,,,
2024-03-06,SLCA,BBG001XJRN72,1,false,11.580000,11.290000,0.215889,-2.504318,false,0.000000,execution_costs_v1.0,0.000000,0.000000,,,,
2024-03-06,SLG,BBG001S9Z1V2,7,false,50.160000,50.540000,1.495215,0.757576,false,0.000000,execution_costs_v1.0,0.000000,0.000000,,,,
2024-03-06,SLGN,BBG001S6VPD9,0,false,43.480000,43.040000,0.229991,-1.011960,false,0.000000,execution_costs_v1.0,0.000000,0.000000,,,,
2024-03-06,SLM,BBG001S5W4T0,1,false,21.070000,20.640000,0.189843,-2.040816,false,0.000000,execution_costs_v1.0,0.000000,0.000000,,,,
2024-03-06,SLNO,BBG0024L5B95,0,false,45.450000,46.380000,2.937294,2.046205,false,0.000000,execution_costs_v1.0,0.000000,0.000000,,,,
2024-03-06,SLP,BBG001S9TQV4,0,false,43.250000,43.460000,0.554913,0.485549,false,0.000000,execution_costs_v1.0,0.000000,0.000000,,,,
2024-03-06,SLQT,BBG001SQZ7Z7,2,false,1.870000,1.870000,4.278075,0.000000,false,0.000000,execution_costs_v1.0,0.000000,0.000000,,,,
2024-03-06,SLRC,BBG001T1Q8N2,0,false,15.290000,15.440000,1.280576,0.981033,false,0.000000,execution_costs_v1.0,0.000000,0.000000,,,,
2024-03-06,SLRN,BBG00YJKJ8J2,0,false,8.170000,8.520000,5.752754,4.283966,false,0.000000,execution_costs_v1.0,0.000000,0.000000,,,,
2024-03-06,SLVM,BBG0122M8040,0,false,60.100000,60.710000,1.181364,1.014975,false,0.000000,execution_costs_v1.0,0.000000,0.000000,,,,
2024-03-06,SM,BBG001S6W0J7,1,false,44.460000,44.440000,0.764732,-0.044984,false,0.000000,execution_costs_v1.0,0.000000,0.000000,,,,
2024-03-06,SMAR,BBG00GQK3WC4,1,false,42.210000,41.420000,0.296138,-1.871594,false,0.000000,execution_costs_v1.0,0.000000,0.000000,,,,
2024-03-06,SMBC,BBG001S7WWN0,0,false,42.690000,42.630000,0.292809,-0.140548,false,0.000000,execution_costs_v1.0,0.000000,0.000000,,,,
2024-03-06,SMBK,BBG001SDRQW6,0,false,21.560000,21.670000,0.556586,0.510204,false,0.000000,execution_costs_v1.0,0.000000,0.000000,,,,
2024-03-06,SMG,BBG001S5W5H0,0,false,65.180000,65.710000,5.093587,0.813133,false,0.000000,execution_costs_v1.0,0.000000,0.000000,,,,
2024-03-06,SMHI,BBG00BKY9L84,0,false,12.180000,12.010000,0.164204,-1.395731,false,0.000000,execution_costs_v1.0,0.000000,0.000000,,,,
2024-03-06,SMMF,BBG001SDPJC6,0,false,27.010000,26.610000,0.425768,-1.480933,false,0.000000,execution_costs_v1.0,0.000000,0.000000,,,,
2024-03-06,SMMT,BBG00X3GQL94,6,false,5.040000,4.845000,1.984127,-3.869048,false,0.000000,execution_costs_v1.0,0.000000,0.000000,,,,
2024-03-06,SMP,BBG001S5W5Z0,0,false,30.350000,30.560000,1.680395,0.691928,false,0.000000,execution_costs_v1.0,0.000000,0.000000,,,,
2024-03-06,SMPL,BBG00GVP5JM3,0,false,34.050000,33.190000,0.249633,-2.525698,false,0.000000,execution_costs_v1.0,0.000000,0.000000,,,,
2024-03-06,SMR,BBG00YG48PG8,49,true,4.890000,4.210000,0.000000,-13.905930,false,0.000000,execution_costs_v1.0,0.000000,0.000000,,,,
2024-03-06,SMRT,BBG00Z0H9PZ1,0,false,2.760000,2.725000,2.536232,-1.268116,false,0.000000,execution_costs_v1.0,0.000000,0.000000,,,,
2024-03-06,SMTC,BBG001S7TWW4,0,false,22.380000,23.320000,4.892761,4.200179,false,0.000000,execution_costs_v1.0,0.000000,0.000000,,,,
2024-03-06,SMTI,BBG001SKS528,0,false,37.500000,36.800000,0.000000,-1.866667,false,0.000000,execution_costs_v1.0,0.000000,0.000000,,,,
2024-03-06,SMWB,0001842731,0,false,8.700000,9.310000,7.356322,7.011494,false,0.000000,execution_costs_v1.0,0.000000,0.000000,,,,
2024-03-06,SN,0001957132,0,false,55.800000,55.410000,2.096774,-0.698925,false,0.000000,execution_costs_v1.0,0.000000,0.000000,,,,
2024-03-06,SNA,BBG001S5W688,0,false,284.190000,285.830000,0.911362,0.577079,false,0.000000,execution_costs_v1.0,0.000000,0.000000,,,,
2024-03-06,SNBR,BBG001SD3530,0,false,16.000000,16.570000,3.781250,3.562500,false,0.000000,execution_costs_v1.0,0.000000,0.000000,,,,
2024-03-06,SNCE,BBG00XVBZ7Z6,0,false,5.730000,5.730000,0.174520,0.000000,false,0.000000,execution_costs_v1.0,0.000000,0.000000,,,,
2024-03-06,SNCR,BBG001SM6LG8,0,false,9.250000,9.980000,8.431351,7.891892,false,0.000000,execution_costs_v1.0,0.000000,0.000000,,,,
2024-03-06,SNCY,BBG00Z6F8D50,0,false,14.720000,14.870000,2.479620,1.019022,false,0.000000,execution_costs_v1.0,0.000000,0.000000,,,,
2024-03-06,SNDL,BBG00PNJJW51,14,true,1.340000,1.330000,1.492537,-0.746269,false,0.000000,execution_costs_v1.0,0.000000,0.000000,,,,
2024-03-06,SNDR,BBG001SF1R75,0,false,22.620000,22.682500,1.458886,0.276304,false,0.000000,execution_costs_v1.0,0.000000,0.000000,,,,
2024-03-06,SNDX,BBG001T92272,0,false,23.350000,23.770000,2.740899,1.798715,false,0.000000,execution_costs_v1.0,0.000000,0.000000,,,,
2024-03-06,SNEX,BBG001S5RD07,0,false,68.950000,68.070000,0.427846,-1.276287,false,0.000000,execution_costs_v1.0,0.000000,0.000000,,,,
2024-03-06,SNPO,BBG011PCR0G5,0,false,7.730000,7.780000,1.293661,0.646831,false,0.000000,execution_costs_v1.0,0.000000,0.000000,,,,
2024-03-06,SNV,BBG001S5S3G1,0,false,39.860000,39.730000,1.154039,-0.326141,false,0.000000,execution_costs_v1.0,0.000000,0.000000,,,,
2024-03-06,SNX,BBG001SFQWB2,0,false,105.070000,105.610000,0.856572,0.513943,false,0.000000,execution_costs_v1.0,0.000000,0.000000,,,,
2024-03-06,SOFI,BBG00YB1ZF08,60,true,7.370000,7.395000,3.392130,0.339213,false,0.000000,execution_costs_v1.0,0.000000,0.000000,,,,
2024-03-06,SOHU,BBG00L2DB5V4,0,false,10.160000,9.980000,0.000000,-1.771654,false,0.000000,execution_costs_v1.0,0.000000,0.000000,,,,
2024-03-06,SON,BBG001S7M9F1,0,false,57.040000,56.580000,0.133415,-0.806452,false,0.000000,execution_costs_v1.0,0.000000,0.000000,,,,
2024-03-06,SONO,BBG001SRR9R9,2,false,19.060000,18.880000,0.157398,-0.944386,false,0.000000,execution_costs_v1.0,0.000000,0.000000,,,,
2024-03-06,SOPH,0001840706,0,false,5.150000,4.980000,6.601942,-3.300971,false,0.000000,execution_costs_v1.0,0.000000,0.000000,,,,
2024-03-06,SOUN,BBG017304PD5,60,true,5.220000,5.039800,3.256705,-3.452107,false,0.000000,execution_costs_v1.0,0.000000,0.000000,,,,
2024-03-06,SOVO,BBG00FX43WV3,4,false,22.900000,22.900000,0.021834,0.000000,false,0.000000,execution_costs_v1.0,0.000000,0.000000,,,,
2024-03-06,SP,BBG001S7TNN4,0,false,51.500000,51.715000,0.776699,0.417476,false,0.000000,execution_costs_v1.0,0.000000,0.000000,,,,
2024-03-06,SPB,BBG001S63S71,0,false,81.400000,82.210000,1.916462,0.995086,false,0.000000,execution_costs_v1.0,0.000000,0.000000,,,,
2024-03-06,SPCE,BBG00HTN2DF3,23,true,1.640000,1.620000,3.048780,-1.219512,false,0.000000,execution_costs_v1.0,0.000000,0.000000,,,,
2024-03-06,SPFI,BBG001SN2YN4,0,false,25.800000,25.950000,1.744186,0.581395,false,0.000000,execution_costs_v1.0,0.000000,0.000000,,,,
2024-03-06,SPH,BBG001S6DDV6,0,false,20.980000,21.315000,1.763584,1.596759,false,0.000000,execution_costs_v1.0,0.000000,0.000000,,,,
2024-03-06,SPHR,BBG00L9HLWW7,0,false,47.560000,48.110000,2.142767,1.156434,false,0.000000,execution_costs_v1.0,0.000000,0.000000,,,,
2024-03-06,SPLP,BBG001V0XZR9,0,false,36.924600,37.000000,0.881255,0.204200,false,0.000000,execution_costs_v1.0,0.000000,0.000000,,,,
2024-03-06,SPNS,0000885740,0,false,29.680000,29.629800,0.606469,-0.169137,false,0.000000,execution_costs_v1.0,0.000000,0.000000,,,,
2024-03-06,SPNT,0001576018,0,false,12.150000,12.320000,2.510288,1.399177,false,0.000000,execution_costs_v1.0,0.000000,0.000000,,,,
2024-03-06,SPOK,BBG001SF3J26,0,false,17.010000,17.530000,3.880071,3.057025,false,0.000000,execution_costs_v1.0,0.000000,0.000000,,,,
2024-03-06,SPR,BBG001SKF1N8,8,false,35.100000,34.960000,0.997151,-0.398860,false,0.000000,execution_costs_v1.0,0.000000,0.000000,,,,
2024-03-06,SPRY,BBG00FZQGXH2,1,false,9.000000,8.920000,0.444444,-0.888889,false,0.000000,execution_costs_v1.0,0.000000,0.000000,,,,
2024-03-06,SPSC,BBG001T65R07,0,false,180.140000,183.020000,1.801377,1.598757,false,0.000000,execution_costs_v1.0,0.000000,0.000000,,,,
2024-03-06,SPT,BBG001V0K3F7,0,false,59.400000,59.111000,1.212121,-0.486532,false,0.000000,execution_costs_v1.0,0.000000,0.000000,,,,
2024-03-06,SPTN,BBG001S7LC92,0,false,20.380000,19.980000,0.196271,-1.962709,false,0.000000,execution_costs_v1.0,0.000000,0.000000,,,,
2024-03-06,SPWR,BBG001SN52J6,5,false,3.110000,2.980000,1.543408,-4.180064,false,0.000000,execution_costs_v1.0,0.000000,0.000000,,,,
2024-03-06,SPXC,BBG001S5W9N5,0,false,114.110000,114.130000,0.779949,0.017527,false,0.000000,execution_costs_v1.0,0.000000,0.000000,,,,
2024-03-06,SQSP,BBG00389GQ82,0,false,32.340000,31.460000,0.000000,-2.721088,false,0.000000,execution_costs_v1.0,0.000000,0.000000,,,,
2024-03-06,SR,BBG001S5SSD9,0,false,61.270000,60.780000,0.016321,-0.799739,false,0.000000,execution_costs_v1.0,0.000000,0.000000,,,,
2024-03-06,SRAD,0001836470,0,false,9.810000,9.770000,0.433231,-0.407747,false,0.000000,execution_costs_v1.0,0.000000,0.000000,,,,
2024-03-06,SRCE,BBG001S5WB32,0,false,51.830000,51.720000,1.119043,-0.212232,false,0.000000,execution_costs_v1.0,0.000000,0.000000,,,,
2024-03-06,SRCL,BBG001S7P0T2,0,false,53.220000,52.880000,0.882939,-0.638858,false,0.000000,execution_costs_v1.0,0.000000,0.000000,,,,
2024-03-06,SRDX,BBG001SBL623,0,false,30.460000,29.780000,0.590939,-2.232436,false,0.000000,execution_costs_v1.0,0.000000,0.000000,,,,
2024-03-06,SRG,BBG008NVFMP6,0,false,9.430000,9.380000,0.318134,-0.530223,false,0.000000,execution_costs_v1.0,0.000000,0.000000,,,,
2024-03-06,SRI,BBG001S5RX58,0,false,16.880000,16.770000,1.244076,-0.651659,false,0.000000,execution_costs_v1.0,0.000000,0.000000,,,,
2024-03-06,SRPT,BBG001S6KJC6,0,false,122.770000,120.340000,0.667916,-1.979311,false,0.000000,execution_costs_v1.0,0.000000,0.000000,,,,
2024-03-06,SRRK,BBG00KT2RSD4,1,false,16.010000,16.395000,3.997502,2.404747,false,0.000000,execution_costs_v1.0,0.000000,0.000000,,,,
2024-03-06,SRZN,BBG00XY94SB2,0,false,13.490000,13.549900,0.444774,0.444033,false,0.000000,execution_costs_v1.0,0.000000,0.000000,,,,
2024-03-06,SSB,BBG001S9J7Z3,0,false,84.690000,84.020000,1.216200,-0.791121,false,0.000000,execution_costs_v1.0,0.000000,0.000000,,,,
2024-03-06,SSD,BBG001SB9QN0,0,false,211.230000,212.290000,0.726696,0.501823,false,0.000000,execution_costs_v1.0,0.000000,0.000000,,,,
2024-03-06,SSP,BBG001S6PY74,0,false,4.370000,4.230000,0.800915,-3.203661,false,0.000000,execution_costs_v1.0,0.000000,0.000000,,,,
2024-03-06,SSRM,BBG001S6JSX5,2,false,4.200000,4.370000,5.714286,4.047619,false,0.000000,execution_costs_v1.0,0.000000,0.000000,,,,
2024-03-06,SSTK,BBG002ZCK3M7,0,false,51.000000,50.060000,0.607843,-1.843137,false,0.000000,execution_costs_v1.0,0.000000,0.000000,,,,
2024-03-06,SSYS,0001517396,1,false,11.760000,11.620000,1.403061,-1.190476,false,0.000000,execution_costs_v1.0,0.000000,0.000000,,,,
2024-03-06,ST,0001477294,2,false,34.120000,34.430000,1.611958,0.908558,false,0.000000,execution_costs_v1.0,0.000000,0.000000,,,,
2024-03-06,STAA,BBG001S6MC39,0,false,33.310000,35.530000,8.525968,6.664665,false,0.000000,execution_costs_v1.0,0.000000,0.000000,,,,
2024-03-06,STAG,BBG001T9F312,0,false,37.310000,37.365000,0.482444,0.147414,false,0.000000,execution_costs_v1.0,0.000000,0.000000,,,,
2024-03-06,STBA,BBG001S68QG0,0,false,32.050000,31.960000,1.404056,-0.280811,false,0.000000,execution_costs_v1.0,0.000000,0.000000,,,,
2024-03-06,STC,BBG001S7KRL6,0,false,62.440000,62.770000,0.928892,0.528507,false,0.000000,execution_costs_v1.0,0.000000,0.000000,,,,
2024-03-06,STEL,BBG00HZ69LD0,0,false,24.240000,23.920000,0.660066,-1.320132,false,0.000000,execution_costs_v1.0,0.000000,0.000000,,,,
2024-03-06,STEM,BBG00XP8NRN2,7,false,2.260000,2.225000,3.539823,-1.548673,false,0.000000,execution_costs_v1.0,0.000000,0.000000,,,,
2024-03-06,STEP,BBG00WXXV0W0,0,false,33.700000,33.140000,0.311573,-1.661721,false,0.000000,execution_costs_v1.0,0.000000,0.000000,,,,
2024-03-06,STER,BBG012BTZSC5,0,false,15.960000,16.000000,1.441103,0.250627,false,0.000000,execution_costs_v1.0,0.000000,0.000000,,,,
2024-03-06,STGW,BBG00ZV0HW08,0,false,5.300000,5.345000,2.830189,0.849057,false,0.000000,execution_costs_v1.0,0.000000,0.000000,,,,
2024-03-06,STKL,BBG001S6V9S9,1,false,6.980000,6.830000,1.002865,-2.148997,false,0.000000,execution_costs_v1.0,0.000000,0.000000,,,,
2024-03-06,STN,BBG001S6JJQ3,0,false,81.730000,82.550000,1.431543,1.003304,false,0.000000,execution_costs_v1.0,0.000000,0.000000,,,,
2024-03-06,STNE,0001745431,8,false,16.500000,16.380000,2.151515,-0.727273,false,0.000000,execution_costs_v1.0,0.000000,0.000000,,,,
2024-03-06,STNG,0001483934,0,false,66.900000,68.290000,2.376682,2.077728,false,0.000000,execution_costs_v1.0,0.000000,0.000000,,,,
2024-03-06,STOK,BBG00JPCBPH8,1,false,7.170000,7.960000,12.970711,11.018131,false,0.000000,execution_costs_v1.0,0.000000,0.000000,,,,
2024-03-06,STR,BBG01C36Y873,0,false,23.410000,23.390000,0.598035,-0.085434,false,0.000000,execution_costs_v1.0,0.000000,0.000000,,,,
2024-03-06,STRA,BBG001S90RW2,0,false,106.330000,106.590000,0.744287,0.244522,false,0.000000,execution_costs_v1.0,0.000000,0.000000,,,,
2024-03-06,STRL,BBG001SC9C40,1,false,110.130000,110.200000,1.434668,0.063561,false,0.000000,execution_costs_v1.0,0.000000,0.000000,,,,
2024-03-06,STTK,BBG00V776CR6,0,false,9.670000,9.465000,14.891417,-2.119959,false,0.000000,execution_costs_v1.0,0.000000,0.000000,,,,
2024-03-06,STVN,0001849853,0,false,32.030000,33.100000,3.340618,3.340618,false,0.000000,execution_costs_v1.0,0.000000,0.000000,,,,
2024-03-06,STWD,BBG001T4JCN5,1,false,20.530000,20.260000,0.097418,-1.315149,false,0.000000,execution_costs_v1.0,0.000000,0.000000,,,,
2024-03-06,SUM,BBG006K8P6F9,0,false,43.420000,43.430000,1.029480,0.023031,false,0.000000,execution_costs_v1.0,0.000000,0.000000,,,,
2024-03-06,SUN,BBG00358K8T9,0,false,62.730000,64.200000,3.443329,2.343376,false,0.000000,execution_costs_v1.0,0.000000,0.000000,,,,
2024-03-06,SUPN,BBG001SFKFF1,0,false,30.740000,31.120000,2.000651,1.236174,false,0.000000,execution_costs_v1.0,0.000000,0.000000,,,,
2024-03-06,SUPV,BBG00BTHJ014,0,false,4.340000,4.580000,7.603687,5.529954,false,0.000000,execution_costs_v1.0,0.000000,0.000000,,,,
2024-03-06,SVC,BBG001S81XC2,1,false,6.490000,6.490000,2.773498,0.000000,false,0.000000,execution_costs_v1.0,0.000000,0.000000,,,,
2024-03-06,SVM,BBG001S6YR97,5,false,2.690000,2.690000,2.416357,0.000000,false,0.000000,execution_costs_v1.0,0.000000,0.000000,,,,
2024-03-06,SVRA,BBG001SFTVM9,3,false,5.450000,5.425000,0.458716,-0.458716,false,0.000000,execution_costs_v1.0,0.000000,0.000000,,,,
2024-03-06,SVV,BBG01F5T0LT8,0,false,20.230000,20.600000,2.521008,1.828967,false,0.000000,execution_costs_v1.0,0.000000,0.000000,,,,
2024-03-06,SWAV,BBG005XVXMM4,0,false,253.140000,254.740000,1.625583,0.632061,false,0.000000,execution_costs_v1.0,0.000000,0.000000,,,,
2024-03-06,SWBI,BBG001S6MNG1,0,false,13.240000,13.170000,0.641994,-0.528701,false,0.000000,execution_costs_v1.0,0.000000,0.000000,,,,
2024-03-06,SWI,BBG00M1CKT98,0,false,12.130000,12.020000,0.164880,-0.906843,false,0.000000,execution_costs_v1.0,0.000000,0.000000,,,,
2024-03-06,SWIM,BBG00ZVXLJB8,0,false,3.160000,3.130000,0.316456,-0.949367,false,0.000000,execution_costs_v1.0,0.000000,0.000000,,,,
2024-03-06,SWK,BBG001S5WHT1,0,false,89.970000,90.090000,0.766922,0.133378,false,0.000000,execution_costs_v1.0,0.000000,0.000000,,,,
2024-03-06,SWN,BBG001S5WHW7,4,false,7.040000,6.940000,0.142045,-1.420455,false,0.000000,execution_costs_v1.0,0.000000,0.000000,,,,
2024-03-06,SWTX,BBG00Q011TX8,0,false,50.620000,52.430000,3.812722,3.575662,false,0.000000,execution_costs_v1.0,0.000000,0.000000,,,,
2024-03-06,SWX,BBG00FWP4JX3,0,false,71.730000,72.570000,1.296529,1.171058,false,0.000000,execution_costs_v1.0,0.000000,0.000000,,,,
2024-03-06,SXC,BBG001T90D25,0,false,10.680000,10.690000,1.076779,0.093633,false,0.000000,execution_costs_v1.0,0.000000,0.000000,,,,
2024-03-06,SXI,BBG001S5WJ53,0,false,176.840000,179.360000,1.826510,1.425017,false,0.000000,execution_costs_v1.0,0.000000,0.000000,,,,
2024-03-06,SXT,BBG001SF0100,0,false,66.680000,66.200000,0.059988,-0.719856,false,0.000000,execution_costs_v1.0,0.000000,0.000000,,,,
2024-03-06,SYBT,BBG001SBG219,0,false,46.070000,46.290000,2.431083,0.477534,false,0.000000,execution_costs_v1.0,0.000000,0.000000,,,,
2024-03-06,SYM,BBG00Z72HCX9,3,false,40.820000,41.680000,6.565409,2.106810,false,0.000000,execution_costs_v1.0,0.000000,0.000000,,,,
2024-03-06,SYNA,BBG001SCDXM9,0,false,104.760000,103.360000,0.563192,-1.336388,false,0.000000,execution_costs_v1.0,0.000000,0.000000,,,,
2024-03-06,TAC,BBG001S5WJZ0,0,false,6.880000,6.840000,0.581395,-0.581395,false,0.000000,execution_costs_v1.0,0.000000,0.000000,,,,
2024-03-06,TALK,BBG00V317329,0,false,3.000000,2.970000,3.000000,-1.000000,false,0.000000,execution_costs_v1.0,0.000000,0.000000,,,,
2024-03-06,TALO,BBG00JPH4JG0,0,false,13.210000,12.830000,0.908403,-2.876609,false,0.000000,execution_costs_v1.0,0.000000,0.000000,,,,
2024-03-06,TAP,BBG001S5VQ21,1,false,63.465000,62.790000,0.386040,-1.063578,false,0.000000,execution_costs_v1.0,0.000000,0.000000,,,,
2024-03-06,TARO,0000906338,1,false,41.500000,40.960000,0.843373,-1.301205,false,0.000000,execution_costs_v1.0,0.000000,0.000000,,,,
2024-03-06,TARS,BBG00RB9BNR6,0,false,36.380000,36.470000,2.363936,0.247389,false,0.000000,execution_costs_v1.0,0.000000,0.000000,,,,
2024-03-06,TASK,BBG009CL6VL2,0,false,12.790000,12.880000,3.596560,0.703675,false,0.000000,execution_costs_v1.0,0.000000,0.000000,,,,
2024-03-06,TAST,BBG001SM2GK8,1,false,9.480000,9.490000,0.210970,0.105485,false,0.000000,execution_costs_v1.0,0.000000,0.000000,,,,
2024-03-06,TBBK,BBG001SM71W3,0,false,40.510000,40.080000,0.715873,-1.061466,false,0.000000,execution_costs_v1.0,0.000000,0.000000,,,,
2024-03-06,TBI,BBG001SC5XD8,0,false,11.540000,11.610000,0.866551,0.606586,false,0.000000,execution_costs_v1.0,0.000000,0.000000,,,,
2024-03-06,TBLA,0001840502,1,false,4.510000,4.290000,1.108647,-4.878049,false,0.000000,execution_costs_v1.0,0.000000,0.000000,,,,
2024-03-06,TBLD,BBG011K2MTF5,0,false,15.780000,15.840000,1.013942,0.380228,false,0.000000,execution_costs_v1.0,0.000000,0.000000,,,,
2024-03-06,TBPH,0001583107,0,false,8.680000,8.735000,1.728111,0.633641,false,0.000000,execution_costs_v1.0,0.000000,0.000000,,,,
2024-03-06,TCBI,BBG001SJ1VS5,1,false,60.780000,60.920000,1.645278,0.230339,false,0.000000,execution_costs_v1.0,0.000000,0.000000,,,,
2024-03-06,TCBK,BBG001S78RY6,0,false,36.270000,34.940000,0.000000,-3.666942,false,0.000000,execution_costs_v1.0,0.000000,0.000000,,,,
2024-03-06,TCI,BBG001S5SQG0,0,false,,,,,false,0.000000,execution_costs_v1.0,,,,,,
2024-03-06,TCMD,BBG001THH5G1,0,false,15.220000,15.300000,1.248357,0.525624,false,0.000000,execution_costs_v1.0,0.000000,0.000000,,,,
2024-03-06,TCN,BBG001T7VFV8,1,false,11.130000,11.135000,0.089847,0.044924,false,0.000000,execution_costs_v1.0,0.000000,0.000000,,,,
2024-03-06,TCPC,BBG001V17VG7,0,false,10.500000,10.430000,0.469524,-0.666667,false,0.000000,execution_costs_v1.0,0.000000,0.000000,,,,
2024-03-06,TCRT,BBG001SM7BJ6,1,false,2.020000,1.880000,0.000000,-6.930693,false,0.000000,execution_costs_v1.0,0.000000,0.000000,,,,
2024-03-06,TCRX,BBG00PH1N025,0,false,6.800000,7.140000,8.088235,5.000000,false,0.000000,execution_costs_v1.0,0.000000,0.000000,,,,
2024-03-06,TDC,BBG001SPRJ28,1,false,38.280000,38.840000,1.593521,1.462905,false,0.000000,execution_costs_v1.0,0.000000,0.000000,,,,
2024-03-06,TDOC,BBG001TG5PC6,14,true,14.540000,14.575000,0.275103,0.240715,false,0.000000,execution_costs_v1.0,0.000000,0.000000,,,,
2024-03-06,TDS,BBG001S5WM29,0,false,15.440000,15.340000,0.518135,-0.647668,false,0.000000,execution_costs_v1.0,0.000000,0.000000,,,,
2024-03-06,TDW,BBG00HBQ36G8,2,false,85.190000,79.320000,2.112924,-6.890480,false,0.000000,execution_costs_v1.0,0.000000,0.000000,,,,
2024-03-06,TECH,BBG001S66C28,0,false,73.430000,74.700000,3.574833,1.729538,false,0.000000,execution_costs_v1.0,0.000000,0.000000,,,,
2024-03-06,TELL,BBG001S5TB09,16,true,0.820000,0.875200,9.756098,6.731707,false,0.000000,execution_costs_v1.0,0.000000,0.000000,,,,
2024-03-06,TENB,BBG00LBLCDR3,0,false,46.550000,45.560000,0.923738,-2.126745,false,0.000000,execution_costs_v1.0,0.000000,0.000000,,,,
2024-03-06,TERN,BBG00KK1SJ17,8,false,7.400000,8.190000,14.459459,10.675676,false,0.000000,execution_costs_v1.0,0.000000,0.000000,,,,
2024-03-06,TEX,BBG001S6PZQ0,0,false,56.800000,57.230000,2.033451,0.757042,false,0.000000,execution_costs_v1.0,0.000000,0.000000,,,,
2024-03-06,TFFP,BBG00KHKGQB5,0,false,8.303000,8.027800,2.613513,-3.314465,false,0.000000,execution_costs_v1.0,0.000000,0.000000,,,,
2024-03-06,TFII,BBG001SCQG15,0,false,148.620000,150.530000,1.883999,1.285157,false,0.000000,execution_costs_v1.0,0.000000,0.000000,,,,
2024-03-06,TFIN,BBG001SNKPZ0,0,false,75.250000,75.110000,1.873754,-0.186047,false,0.000000,execution_costs_v1.0,0.000000,0.000000,,,,
2024-03-06,TFPM,BBG00QRZMFT6,0,false,13.180000,13.410000,4.097117,1.745068,false,0.000000,execution_costs_v1.0,0.000000,0.000000,,,,
2024-03-06,TFSL,BBG001SKZF64,1,false,12.940000,12.800000,0.502318,-1.081917,false,0.000000,execution_costs_v1.0,0.000000,0.000000,,,,
2024-03-06,TFX,BBG001S5WNP2,0,false,223.890000,224.530000,0.942382,0.285855,false,0.000000,execution_costs_v1.0,0.000000,0.000000,,,,
2024-03-06,TGB,BBG001S60ML1,2,false,1.520000,1.600000,7.236842,5.263158,false,0.000000,execution_costs_v1.0,0.000000,0.000000,,,,
2024-03-06,TGH,0001413159,0,false,49.900000,49.910000,0.060120,0.020040,false,0.000000,execution_costs_v1.0,0.000000,0.000000,,,,
2024-03-06,TGI,BBG001S6MWK6,0,false,14.250000,14.920000,4.701754,4.701754,false,0.000000,execution_costs_v1.0,0.000000,0.000000,,,,
2024-03-06,TGLS,0001534675,0,false,44.690000,44.510000,0.771985,-0.402775,false,0.000000,execution_costs_v1.0,0.000000,0.000000,,,,
2024-03-06,TGNA,BBG001S5RHD4,0,false,14.100000,14.100000,1.985816,0.000000,false,0.000000,execution_costs_v1.0,0.000000,0.000000,,,,
2024-03-06,TGTX,BBG001S8NH06,2,false,18.340000,18.240000,3.435115,-0.545256,false,0.000000,execution_costs_v1.0,0.000000,0.000000,,,,
2024-03-06,TH,BBG00K7K34Y4,0,false,8.980000,8.580000,0.668151,-4.454343,false,0.000000,execution_costs_v1.0,0.000000,0.000000,,,,
2024-03-06,THC,BBG001S70FY0,0,false,95.710000,97.350000,2.617281,1.713510,false,0.000000,execution_costs_v1.0,0.000000,0.000000,,,,
2024-03-06,THFF,BBG001S6TD85,0,false,37.820000,37.615000,0.872554,-0.542041,false,0.000000,execution_costs_v1.0,0.000000,0.000000,,,,
2024-03-06,THG,BBG001S8KZF3,0,false,130.070000,131.700000,1.533789,1.253171,false,0.000000,execution_costs_v1.0,0.000000,0.000000,,,,
2024-03-06,THO,BBG001S5WPH6,32,true,105.945000,107.110000,8.093822,1.099627,false,0.000000,execution_costs_v1.0,0.000000,0.000000,,,,
2024-03-06,THR,BBG001V0BDC8,0,false,27.690000,27.570000,0.397255,-0.433369,false,0.000000,execution_costs_v1.0,0.000000,0.000000,,,,
2024-03-06,THRD,BBG00Z14GXC9,0,false,9.730000,9.990000,7.708119,2.672148,false,0.000000,execution_costs_v1.0,0.000000,0.000000,,,,
2024-03-06,THRM,BBG001SF8XY5,0,false,56.270000,56.010000,0.941887,-0.462058,false,0.000000,execution_costs_v1.0,0.000000,0.000000,,,,
2024-03-06,THRY,BBG00FWL3JY2,0,false,21.430000,21.030000,0.000000,-1.866542,false,0.000000,execution_costs_v1.0,0.000000,0.000000,,,,
2024-03-06,THS,BBG001SP0625,0,false,35.980000,35.970000,0.750417,-0.027793,false,0.000000,execution_costs_v1.0,0.000000,0.000000,,,,
2024-03-06,TIGO,0000912958,2,false,18.120000,18.110000,0.331126,-0.055188,false,0.000000,execution_costs_v1.0,0.000000,0.000000,,,,
2024-03-06,TIGR,BBG00NG4GWB3,4,false,4.190000,4.210000,3.102625,0.477327,false,0.000000,execution_costs_v1.0,0.000000,0.000000,,,,
2024-03-06,TIL,BBG00ZGYN5X7,0,false,11.829000,11.860000,2.248711,0.262068,false,0.000000,execution_costs_v1.0,0.000000,0.000000,,,,
2024-03-06,TILE,BBG001S5S5S3,0,false,15.300000,15.150000,0.032680,-0.980392,false,0.000000,execution_costs_v1.0,0.000000,0.000000,,,,
2024-03-06,TIPT,BBG001ST0XR1,0,false,17.290000,17.240000,0.057837,-0.289184,false,0.000000,execution_costs_v1.0,0.000000,0.000000,,,,
2024-03-06,TITN,BBG001STZCF2,0,false,25.170000,25.390000,0.874056,0.874056,false,0.000000,execution_costs_v1.0,0.000000,0.000000,,,,
2024-03-06,TIXT,BBG00YTSTFR8,0,false,9.520000,9.160000,0.420168,-3.781513,false,0.000000,execution_costs_v1.0,0.000000,0.000000,,,,
2024-03-06,TK,0000911971,0,false,7.290000,7.205000,0.274348,-1.165981,false,0.000000,execution_costs_v1.0,0.000000,0.000000,,,,
2024-03-06,TKO,BBG01G9JKWW4,0,false,81.000000,79.290000,0.370370,-2.111111,false,0.000000,execution_costs_v1.0,0.000000,0.000000,,,,
2024-03-06,TKR,BBG001S5WQK0,0,false,83.880000,85.020000,1.371006,1.359084,false,0.000000,execution_costs_v1.0,0.000000,0.000000,,,,
2024-03-06,TLRY,BBG00L7XTPY9,26,true,1.660000,1.640000,2.409639,-1.204819,false,0.000000,execution_costs_v1.0,0.000000,0.000000,,,,
2024-03-06,TMC,BBG00SMMWMN6,5,false,1.440000,1.420000,7.638889,-1.388889,false,0.000000,execution_costs_v1.0,0.000000,0.000000,,,,
2024-03-06,TMCI,BBG00GQKR6N3,0,false,13.170000,13.270000,1.290812,0.759301,false,0.000000,execution_costs_v1.0,0.000000,0.000000,,,,
2024-03-06,TMDX,BBG00NZ6J701,7,false,83.820000,84.020000,2.600811,0.238607,false,0.000000,execution_costs_v1.0,0.000000,0.000000,,,,
2024-03-06,TMHC,BBG003PGJJF2,0,false,57.970000,56.950000,0.000000,-1.759531,false,0.000000,execution_costs_v1.0,0.000000,0.000000,,,,
2024-03-06,TMP,BBG001S9JTL0,0,false,49.570000,49.670000,1.190236,0.201735,false,0.000000,execution_costs_v1.0,0.000000,0.000000,,,,
2024-03-06,TNC,BBG001SCHFK6,0,false,108.860000,108.810000,1.129892,-0.045931,false,0.000000,execution_costs_v1.0,0.000000,0.000000,,,,
2024-03-06,TNDM,BBG001TG5QC4,27,true,27.000000,27.060000,2.611111,0.222222,false,0.000000,execution_costs_v1.0,0.000000,0.000000,,,,
2024-03-06,TNET,BBG001SDZPT3,0,false,125.600000,125.120000,0.517516,-0.382166,false,0.000000,execution_costs_v1.0,0.000000,0.000000,,,,
2024-03-06,TNGX,BBG00WFDDSK6,0,false,11.520000,11.290000,1.649306,-1.996528,false,0.000000,execution_costs_v1.0,0.000000,0.000000,,,,
2024-03-06,TNK,0001419945,0,false,54.300000,54.100000,1.049724,-0.368324,false,0.000000,execution_costs_v1.0,0.000000,0.000000,,,,
2024-03-06,TNL,BBG001SN4127,0,false,45.720000,45.530000,0.719598,-0.415573,false,0.000000,execution_costs_v1.0,0.000000,0.000000,,,,
2024-03-06,TNP,0001166663,0,false,23.590000,23.640000,1.059771,0.211954,false,0.000000,execution_costs_v1.0,0.000000,0.000000,,,,
2024-03-06,TNYA,BBG00FPMK2T2,0,false,6.930000,6.600000,0.000000,-4.761905,false,0.000000,execution_costs_v1.0,0.000000,0.000000,,,,
2024-03-06,TOL,BBG001S5WT15,2,false,116.810000,118.190000,1.403989,1.181406,false,0.000000,execution_costs_v1.0,0.000000,0.000000,,,,
2024-03-06,TOST,BBG00BTJVKB1,10,true,24.310000,24.890000,2.838338,2.385849,false,0.000000,execution_costs_v1.0,0.000000,0.000000,,,,
2024-03-06,TOWN,BBG001S5WTN1,0,false,27.540000,27.360000,0.944081,-0.653595,false,0.000000,execution_costs_v1.0,0.000000,0.000000,,,,
2024-03-06,TPB,BBG001T99T94,0,false,26.350000,27.000000,2.542694,2.466793,false,0.000000,execution_costs_v1.0,0.000000,0.000000,,,,
2024-03-06,TPC,BBG001S5V297,0,false,,,,,false,0.000000,execution_costs_v1.0,,,,,,
2024-03-06,TPG,BBG0145FSQD9,0,false,45.900000,45.380000,0.980392,-1.132898,false,0.000000,execution_costs_v1.0,0.000000,0.000000,,,,
2024-03-06,TPH,BBG001TCN6V6,0,false,34.710000,34.470000,0.172861,-0.691443,false,0.000000,execution_costs_v1.0,0.000000,0.000000,,,,
2024-03-06,TPR,BBG001SFH7D5,3,false,47.830000,47.000000,0.846749,-1.735313,false,0.000000,execution_costs_v1.0,0.000000,0.000000,,,,
2024-03-06,TPVG,BBG005GXFKK5,0,false,10.900000,10.880000,1.009174,-0.183486,false,0.000000,execution_costs_v1.0,0.000000,0.000000,,,,
2024-03-06,TPX,BBG001SH81D4,0,false,54.390000,54.840000,1.047987,0.827358,false,0.000000,execution_costs_v1.0,0.000000,0.000000,,,,
2024-03-06,TR,BBG001S5WV29,0,false,31.910000,31.811000,0.344720,-0.310248,false,0.000000,execution_costs_v1.0,0.000000,0.000000,,,,
2024-03-06,TRC,BBG001S5WV65,0,false,16.540000,16.620000,1.390568,0.483676,false,0.000000,execution_costs_v1.0,0.000000,0.000000,,,,
2024-03-06,TRDA,BBG00MTSMC25,0,false,12.510000,12.330000,1.998401,-1.438849,false,0.000000,execution_costs_v1.0,0.000000,0.000000,,,,
2024-03-06,TREE,BBG001SP2FG8,1,false,41.000000,39.140000,0.000000,-4.536585,false,0.000000,execution_costs_v1.0,0.000000,0.000000,,,,
2024-03-06,TREX,BBG001SB6TV8,0,false,95.260000,94.510000,0.703338,-0.787319,false,0.000000,execution_costs_v1.0,0.000000,0.000000,,,,
2024-03-06,TRIN,BBG00T6WFZK3,4,false,14.760000,14.890000,2.168022,0.880759,false,0.000000,execution_costs_v1.0,0.000000,0.000000,,,,
2024-03-06,TRIP,BBG001V10VR2,0,false,26.850000,26.770000,4.990689,-0.297952,false,0.000000,execution_costs_v1.0,0.000000,0.000000,,,,
2024-03-06,TRMD,0001655891,4,false,33.390000,33.760000,1.108116,1.108116,false,0.000000,execution_costs_v1.0,0.000000,0.000000,,,,
2024-03-06,TRMK,BBG001S6JGT6,0,false,27.030000,27.020000,1.590825,-0.036996,false,0.000000,execution_costs_v1.0,0.000000,0.000000,,,,
2024-03-06,TRML,BBG00NX995T1,0,false,40.340000,40.430000,3.495290,0.223104,false,0.000000,execution_costs_v1.0,0.000000,0.000000,,,,
2024-03-06,TRN,BBG001S5WVT0,0,false,25.310000,25.510000,1.777953,0.790202,false,0.000000,execution_costs_v1.0,0.000000,0.000000,,,,
2024-03-06,TRNO,BBG001T60PW1,0,false,63.980000,63.870000,0.265708,-0.171929,false,0.000000,execution_costs_v1.0,0.000000,0.000000,,,,
2024-03-06,TRNS,BBG001S5WVW6,0,false,104.270000,105.580000,1.668745,1.256354,false,0.000000,execution_costs_v1.0,0.000000,0.000000,,,,
2024-03-06,TROX,0001530804,1,false,15.430000,14.995000,0.518471,-2.819183,false,0.000000,execution_costs_v1.0,0.000000,0.000000,,,,
2024-03-06,TRS,BBG001SKRBD4,0,false,24.150000,24.720000,2.712215,2.360248,false,0.000000,execution_costs_v1.0,0.000000,0.000000,,,,
2024-03-06,TRST,BBG001S5WWG2,0,false,27.570000,27.870000,3.083061,1.088139,false,0.000000,execution_costs_v1.0,0.000000,0.000000,,,,
2024-03-06,TRTX,BBG00GKJ8CY8,1,false,7.260000,7.260000,0.964187,0.000000,false,0.000000,execution_costs_v1.0,0.000000,0.000000,,,,
2024-03-06,TRU,BBG002Q7J607,0,false,76.450000,79.100000,3.479398,3.466318,false,0.000000,execution_costs_v1.0,0.000000,0.000000,,,,
2024-03-06,TRUP,BBG002BC7WF2,0,false,28.500000,27.850000,2.982456,-2.280702,false,0.000000,execution_costs_v1.0,0.000000,0.000000,,,,
2024-03-06,TSEM,0000928876,1,false,33.340000,32.600000,0.854829,-2.219556,false,0.000000,execution_costs_v1.0,0.000000,0.000000,,,,
2024-03-06,TSHA,BBG00TJXFDQ0,0,false,2.790000,2.710000,1.792115,-2.867384,false,0.000000,execution_costs_v1.0,0.000000,0.000000,,,,
2024-03-06,TSLX,BBG001V064L4,6,false,20.930000,21.030000,0.812231,0.477783,false,0.000000,execution_costs_v1.0,0.000000,0.000000,,,,
2024-03-06,TTC,BBG001S5WX98,0,false,93.030000,93.730000,1.069547,0.752445,false,0.000000,execution_costs_v1.0,0.000000,0.000000,,,,
2024-03-06,TTEC,BBG001S7YNS3,4,false,11.710000,11.385000,3.159693,-2.775406,false,0.000000,execution_costs_v1.0,0.000000,0.000000,,,,
2024-03-06,TTEK,BBG001S5YYH5,0,false,182.600000,183.990000,1.725082,0.761227,false,0.000000,execution_costs_v1.0,0.000000,0.000000,,,,
2024-03-06,TTGT,BBG001S9R748,0,false,31.220000,30.930000,0.044202,-0.928892,false,0.000000,execution_costs_v1.0,0.000000,0.000000,,,,
2024-03-06,TTI,BBG001S5WXH9,1,false,4.000000,3.920000,1.250000,-2.000000,false,0.000000,execution_costs_v1.0,0.000000,0.000000,,,,
2024-03-06,TTMI,BBG001SFJKF2,0,false,15.130000,14.860000,0.000000,-1.784534,false,0.000000,execution_costs_v1.0,0.000000,0.000000,,,,
2024-03-06,TVTX,BBG001SL72C5,0,false,8.230000,8.605000,5.103281,4.556501,false,0.000000,execution_costs_v1.0,0.000000,0.000000,,,,
2024-03-06,TWI,BBG001S634F5,0,false,12.760000,12.440000,0.000000,-2.507837,false,0.000000,execution_costs_v1.0,0.000000,0.000000,,,,
2024-03-06,TWKS,BBG01282Z2S8,1,false,2.640000,2.490000,0.568182,-5.681818,false,0.000000,execution_costs_v1.0,0.000000,0.000000,,,,
2024-03-06,TWLO,BBG0029ZX859,20,true,57.570000,58.560000,1.754386,1.719646,false,0.000000,execution_costs_v1.0,0.000000,0.000000,,,,
2024-03-06,TWO,BBG001T4RH00,1,false,12.840000,12.845000,0.155763,0.038941,false,0.000000,execution_costs_v1.0,0.000000,0.000000,,,,
2024-03-06,TWST,BBG006KDCHK2,0,false,37.670000,38.070000,4.194319,1.061853,false,0.000000,execution_costs_v1.0,0.000000,0.000000,,,,
2024-03-06,TXG,BBG007WX14Y9,0,false,43.950000,41.310000,0.591581,-6.006826,false,0.000000,execution_costs_v1.0,0.000000,0.000000,,,,
2024-03-06,TXRH,BBG001SLR3C1,0,false,151.570000,151.390000,0.587187,-0.118757,false,0.000000,execution_costs_v1.0,0.000000,0.000000,,,,
2024-03-06,TYRA,BBG00RCQD9F9,0,false,19.790000,19.750000,2.981304,-0.202122,false,0.000000,execution_costs_v1.0,0.000000,0.000000,,,,
2024-03-06,U,BBG0056JW5H5,35,true,27.300000,27.060000,0.146520,-0.879121,false,0.000000,execution_costs_v1.0,0.000000,0.000000,,,,
2024-03-06,UAA,BBG001SJLLQ7,3,false,8.680000,8.610000,0.691244,-0.806452,false,0.000000,execution_costs_v1.0,0.000000,0.000000,,,,
2024-03-06,UAL,BBG001SQ87W0,14,true,44.100000,44.080000,1.643991,-0.045351,false,0.000000,execution_costs_v1.0,0.000000,0.000000,,,,
2024-03-06,UAN,BBG001TWQXN9,0,false,62.500000,61.980000,1.237920,-0.832000,false,0.000000,execution_costs_v1.0,0.000000,0.000000,,,,
2024-03-06,UBSI,BBG001S5WZV8,0,false,35.090000,35.100000,1.667142,0.028498,false,0.000000,execution_costs_v1.0,0.000000,0.000000,,,,
2024-03-06,UCBI,BBG001S9SSJ5,0,false,26.320000,26.280000,1.671733,-0.151976,false,0.000000,execution_costs_v1.0,0.000000,0.000000,,,,
2024-03-06,UCTT,BBG001SHTS06,1,false,46.000000,46.210000,1.499783,0.456522,false,0.000000,execution_costs_v1.0,0.000000,0.000000,,,,
2024-03-06,UDMY,BBG0025DTRP3,0,false,11.130000,11.020000,0.000000,-0.988320,false,0.000000,execution_costs_v1.0,0.000000,0.000000,,,,
2024-03-06,UDR,BBG001S6KCT3,1,false,37.480000,37.245000,0.080043,-0.627001,false,0.000000,execution_costs_v1.0,0.000000,0.000000,,,,
2024-03-06,UE,BBG006BFYQP8,0,false,17.070000,16.995000,0.468658,-0.439367,false,0.000000,execution_costs_v1.0,0.000000,0.000000,,,,
2024-03-06,UEC,BBG001SK6158,17,true,6.550000,6.430100,1.526718,-1.830534,false,0.000000,execution_costs_v1.0,0.000000,0.000000,,,,
2024-03-06,UFCS,BBG001S5X0J8,0,false,22.890000,22.955300,1.092180,0.285277,false,0.000000,execution_costs_v1.0,0.000000,0.000000,,,,
2024-03-06,UFPI,BBG001S7GZG9,0,false,115.110000,113.790000,0.000000,-1.146729,false,0.000000,execution_costs_v1.0,0.000000,0.000000,,,,
2024-03-06,UFPT,BBG001S79DN8,0,false,209.780000,207.030000,0.000000,-1.310897,false,0.000000,execution_costs_v1.0,0.000000,0.000000,,,,
2024-03-06,UGI,BBG001S5X0W3,0,false,25.440000,24.540000,0.117925,-3.537736,false,0.000000,execution_costs_v1.0,0.000000,0.000000,,,,
2024-03-06,UHAL.B,BBG01B6SGC20,0,false,64.130000,63.450000,0.000000,-1.060346,false,0.000000,execution_costs_v1.0,0.000000,0.000000,,,,
2024-03-06,UHG,BBG00YVW5GW4,0,false,7.240000,7.020000,0.000000,-3.038674,false,0.000000,execution_costs_v1.0,0.000000,0.000000,,,,
2024-03-06,UHS,BBG001S6S976,0,false,175.890000,175.950000,0.770368,0.034112,false,0.000000,execution_costs_v1.0,0.000000,0.000000,,,,
2024-03-06,UHT,BBG001S5X151,0,false,39.020000,38.670000,0.794464,-0.896976,false,0.000000,execution_costs_v1.0,0.000000,0.000000,,,,
2024-03-06,UI,BBG001T1WDF3,0,false,114.080000,113.880000,1.993075,-0.175316,false,0.000000,execution_costs_v1.0,0.000000,0.000000,,,,
2024-03-06,UIS,BBG001S5X1D2,0,false,5.300000,5.160000,0.000000,-2.641509,false,0.000000,execution_costs_v1.0,0.000000,0.000000,,,,
2024-03-06,ULCC,BBG00GCTTKY4,5,false,8.130000,8.130000,2.460025,0.000000,false,0.000000,execution_costs_v1.0,0.000000,0.000000,,,,
2024-03-06,ULH,BBG001SK03X9,0,false,33.780000,34.570000,5.000592,2.338662,false,0.000000,execution_costs_v1.0,0.000000,0.000000,,,,
2024-03-06,UMBF,BBG001S7Y2T8,0,false,83.980000,83.760000,1.821862,-0.261967,false,0.000000,execution_costs_v1.0,0.000000,0.000000,,,,
2024-03-06,UMH,BBG001S7JRQ3,0,false,16.380000,16.230000,0.482295,-0.915751,false,0.000000,execution_costs_v1.0,0.000000,0.000000,,,,
2024-03-06,UNF,BBG001S5X2B2,0,false,167.700000,170.100000,1.633870,1.431127,false,0.000000,execution_costs_v1.0,0.000000,0.000000,,,,
2024-03-06,UNFI,BBG001S7B0Y1,4,false,14.900000,12.130000,0.939597,-18.590604,false,0.000000,execution_costs_v1.0,0.000000,0.000000,,,,
2024-03-06,UNIT,BBG002B67HC1,1,false,6.460000,6.550000,3.095975,1.393189,false,0.000000,execution_costs_v1.0,0.000000,0.000000,,,,
2024-03-06,UNM,BBG001S5X2J4,0,false,50.610000,50.600000,0.197589,-0.019759,false,0.000000,execution_costs_v1.0,0.000000,0.000000,,,,
2024-03-06,UP,BBG00XTV85M3,3,false,2.700000,2.745000,2.592593,1.666667,false,0.000000,execution_costs_v1.0,0.000000,0.000000,,,,
2024-03-06,UPBD,BBG001S6BR38,0,false,33.520000,32.620000,0.059666,-2.684964,false,0.000000,execution_costs_v1.0,0.000000,0.000000,,,,
2024-03-06,UPST,BBG00PKCBY62,30,true,25.060000,25.995000,6.544294,3.731045,false,0.000000,execution_costs_v1.0,0.000000,0.000000,,,,
2024-03-06,UPWK,BBG00FBJ63B7,3,false,13.020000,12.870000,0.960061,-1.152074,false,0.000000,execution_costs_v1.0,0.000000,0.000000,,,,
2024-03-06,URBN,BBG001S7H9K1,0,false,43.080000,42.050000,0.394615,-2.390901,false,0.000000,execution_costs_v1.0,0.000000,0.000000,,,,
2024-03-06,URG,BBG001SKVFK2,1,false,1.550000,1.595000,4.516129,2.903226,false,0.000000,execution_costs_v1.0,0.000000,0.000000,,,,
2024-03-06,URGN,0001668243,0,false,18.000000,18.010000,2.555556,0.055556,false,0.000000,execution_costs_v1.0,0.000000,0.000000,,,,
2024-03-06,USAC,BBG001V1S8F6,0,false,25.990000,26.880000,3.655252,3.424394,false,0.000000,execution_costs_v1.0,0.000000,0.000000,,,,
2024-03-06,USFD,BBG00C6H6D59,0,false,52.030000,52.600000,1.383817,1.095522,false,0.000000,execution_costs_v1.0,0.000000,0.000000,,,,
2024-03-06,USLM,BBG001S7MWH8,0,false,275.990000,277.350000,1.898620,0.492771,false,0.000000,execution_costs_v1.0,0.000000,0.000000,,,,
2024-03-06,USM,BBG001S5X446,0,false,34.360000,34.340000,0.640279,-0.058207,false,0.000000,execution_costs_v1.0,0.000000,0.000000,,,,
2024-03-06,USNA,BBG001S79BP0,0,false,47.060000,47.630000,1.381215,1.211220,false,0.000000,execution_costs_v1.0,0.000000,0.000000,,,,
2024-03-06,USPH,BBG001S71ZL9,0,false,104.290000,105.030000,1.419120,0.709560,false,0.000000,execution_costs_v1.0,0.000000,0.000000,,,,
2024-03-06,UTHR,BBG001S8RV10,0,false,230.000000,236.940000,4.717391,3.017391,false,0.000000,execution_costs_v1.0,0.000000,0.000000,,,,
2024-03-06,UTI,BBG001SC4X67,0,false,15.260000,15.130000,0.982962,-0.851900,false,0.000000,execution_costs_v1.0,0.000000,0.000000,,,,
2024-03-06,UTL,BBG001S5X5G0,0,false,53.040000,51.700000,0.471342,-2.526395,false,0.000000,execution_costs_v1.0,0.000000,0.000000,,,,
2024-03-06,UTZ,BBG00M8652J9,0,false,17.650000,17.660000,0.906516,0.056657,false,0.000000,execution_costs_v1.0,0.000000,0.000000,,,,
2024-03-06,UUUU,BBG001S9FH94,2,false,6.180000,6.080000,1.618123,-1.618123,false,0.000000,execution_costs_v1.0,0.000000,0.000000,,,,
2024-03-06,UVE,BBG001S5QC19,0,false,19.410000,19.610000,1.494075,1.030397,false,0.000000,execution_costs_v1.0,0.000000,0.000000,,,,
2024-03-06,UVSP,BBG001S6YQ99,0,false,20.530000,20.470000,0.974184,-0.292255,false,0.000000,execution_costs_v1.0,0.000000,0.000000,,,,
2024-03-06,UVV,BBG001S5X5V3,0,false,48.880000,49.700000,1.718494,1.677578,false,0.000000,execution_costs_v1.0,0.000000,0.000000,,,,
2024-03-06,UWMC,BBG00R24YP79,2,false,6.440000,6.480000,1.242236,0.621118,false,0.000000,execution_costs_v1.0,0.000000,0.000000,,,,
2024-03-06,VAC,BBG001V0GHW2,0,false,93.040000,94.680000,3.288908,1.762683,false,0.000000,execution_costs_v1.0,0.000000,0.000000,,,,
2024-03-06,VAL,0000314808,0,false,66.440000,65.550000,0.993377,-1.339554,false,0.000000,execution_costs_v1.0,0.000000,0.000000,,,,
2024-03-06,VALU,BBG001S5X687,0,false,42.160000,42.000000,0.000000,-0.379507,false,0.000000,execution_costs_v1.0,0.000000,0.000000,,,,
2024-03-06,VBNK,BBG00FWZQ4P9,0,false,12.000000,11.350000,0.378333,-5.416667,false,0.000000,execution_costs_v1.0,0.000000,0.000000,,,,
2024-03-06,VBTX,BBG001T6ZGF2,0,false,20.390000,20.450000,2.157921,0.294262,false,0.000000,execution_costs_v1.0,0.000000,0.000000,,,,
2024-03-06,VC,BBG001TCM086,0,false,118.650000,116.100000,0.000000,-2.149178,false,0.000000,execution_costs_v1.0,0.000000,0.000000,,,,
2024-03-06,VCEL,BBG001S6X9M3,0,false,44.870000,45.220000,1.872075,0.780031,false,0.000000,execution_costs_v1.0,0.000000,0.000000,,,,
2024-03-06,VCTR,BBG0074JPDP5,0,false,39.170000,39.080000,0.459535,-0.229768,false,0.000000,execution_costs_v1.0,0.000000,0.000000,,,,
2024-03-06,VCYT,BBG001TSQWW0,0,false,23.230000,22.350000,0.000000,-3.788205,false,0.000000,execution_costs_v1.0,0.000000,0.000000,,,,
2024-03-06,VECO,BBG001S5X6T4,0,false,36.560000,36.290000,0.601751,-0.738512,false,0.000000,execution_costs_v1.0,0.000000,0.000000,,,,
2024-03-06,VEL,BBG00QLF1HK4,0,false,15.820000,16.125000,2.654235,1.927939,false,0.000000,execution_costs_v1.0,0.000000,0.000000,,,,
2024-03-06,VERA,BBG00Q72WYH2,1,false,46.790000,45.970000,2.543278,-1.752511,false,0.000000,execution_costs_v1.0,0.000000,0.000000,,,,
2024-03-06,VERV,BBG00P33TD13,0,false,15.420000,15.070000,1.326848,-2.269780,false,0.000000,execution_costs_v1.0,0.000000,0.000000,,,,
2024-03-06,VERX,BBG00VVT2FV3,0,false,30.000000,29.630000,2.733333,-1.233333,false,0.000000,execution_costs_v1.0,0.000000,0.000000,,,,
2024-03-06,VET,BBG001S7X7L6,1,false,11.840000,11.830000,0.844595,-0.084459,false,0.000000,execution_costs_v1.0,0.000000,0.000000,,,,
2024-03-06,VFC,BBG001S5X749,4,false,15.940000,15.820000,0.690088,-0.752823,false,0.000000,execution_costs_v1.0,0.000000,0.000000,,,,
2024-03-06,VFS,0001913510,14,true,5.320000,5.205000,0.000000,-2.161654,false,0.000000,execution_costs_v1.0,0.000000,0.000000,,,,
2024-03-06,VGR,BBG001S75639,2,false,10.910000,10.930000,1.191567,0.183318,false,0.000000,execution_costs_v1.0,0.000000,0.000000,,,,
2024-03-06,VHI,BBG001S5X7H5,0,false,12.600000,13.000000,3.174603,3.174603,false,0.000000,execution_costs_v1.0,0.000000,0.000000,,,,
2024-03-06,VIAV,BBG001S92GV5,8,false,11.210000,10.985000,0.981267,-2.007136,false,0.000000,execution_costs_v1.0,0.000000,0.000000,,,,
2024-03-06,VICR,BBG001S6JQ96,0,false,37.900000,37.810000,0.897098,-0.237467,false,0.000000,execution_costs_v1.0,0.000000,0.000000,,,,
2024-03-06,VINP,0001826286,0,false,10.820100,10.800000,1.199619,-0.185765,false,0.000000,execution_costs_v1.0,0.000000,0.000000,,,,
2024-03-06,VIR,BBG00H2QQ8V2,0,false,11.050000,10.940000,0.361991,-0.995475,false,0.000000,execution_costs_v1.0,0.000000,0.000000,,,,
2024-03-06,VIRT,BBG0064N2T87,0,false,19.030000,19.120000,0.683132,0.472937,false,0.000000,execution_costs_v1.0,0.000000,0.000000,,,,
2024-03-06,VITL,BBG006XWWBM5,0,false,18.870000,19.000000,1.576577,0.688924,false,0.000000,execution_costs_v1.0,0.000000,0.000000,,,,
2024-03-06,VKTX,BBG006LGV887,32,true,89.500000,91.200000,8.089385,1.899441,false,0.000000,execution_costs_v1.0,0.000000,0.000000,,,,
2024-03-06,VLGEA,BBG001S5X8H3,0,false,26.300600,26.465000,1.252443,0.625081,false,0.000000,execution_costs_v1.0,0.000000,0.000000,,,,
2024-03-06,VLY,BBG001S7H654,1,false,7.920000,8.145000,6.818182,2.840909,false,0.000000,execution_costs_v1.0,0.000000,0.000000,,,,
2024-03-06,VMD,BBG00JB5VKK3,0,false,9.170000,9.379000,4.143948,2.279171,false,0.000000,execution_costs_v1.0,0.000000,0.000000,,,,
2024-03-06,VMEO,BBG00ZNSSLJ8,4,false,4.760000,4.630000,1.050420,-2.731092,false,0.000000,execution_costs_v1.0,0.000000,0.000000,,,,
2024-03-06,VMI,BBG001S5X650,0,false,207.460000,208.220000,1.033934,0.366336,false,0.000000,execution_costs_v1.0,0.000000,0.000000,,,,
2024-03-06,VNO,BBG001S5X909,3,false,26.910000,26.340000,0.148644,-2.118172,false,0.000000,execution_costs_v1.0,0.000000,0.000000,,,,
2024-03-06,VNOM,BBG006G57XH9,36,true,35.300000,35.210000,1.274788,-0.254958,false,0.000000,execution_costs_v1.0,0.000000,0.000000,,,,
2024-03-06,VNT,BBG00RRGSKH2,0,false,43.700000,43.110000,0.881007,-1.350114,false,0.000000,execution_costs_v1.0,0.000000,0.000000,,,,
2024-03-06,VOYA,BBG001S6QQP0,0,false,67.580000,68.090000,0.858242,0.754661,false,0.000000,execution_costs_v1.0,0.000000,0.000000,,,,
2024-03-06,VPG,BBG001T5X9F2,0,false,34.530000,34.700000,1.448016,0.492326,false,0.000000,execution_costs_v1.0,0.000000,0.000000,,,,
2024-03-06,VRDN,BBG002H24301,0,false,18.430000,18.590000,2.875746,0.868150,false,0.000000,execution_costs_v1.0,0.000000,0.000000,,,,
2024-03-06,VRE,BBG001S825N0,0,false,14.860000,14.770000,0.201884,-0.605653,false,0.000000,execution_costs_v1.0,0.000000,0.000000,,,,
2024-03-06,VREX,BBG00CZNLR38,0,false,16.970000,17.300000,2.239246,1.944608,false,0.000000,execution_costs_v1.0,0.000000,0.000000,,,,
2024-03-06,VRM,BBG009NGKQM5,1,false,10.970000,11.500000,7.110301,4.831358,false,0.000000,execution_costs_v1.0,0.000000,0.000000,,,,
2024-03-06,VRNS,BBG001Y04TP4,0,false,49.900000,49.740000,1.352705,-0.320641,false,0.000000,execution_costs_v1.0,0.000000,0.000000,,,,
2024-03-06,VRNT,BBG001S6V8N6,0,false,30.920000,30.650000,0.614489,-0.873221,false,0.000000,execution_costs_v1.0,0.000000,0.000000,,,,
2024-03-06,VRRM,BBG00G4XQBP7,0,false,21.690000,21.740000,1.498386,0.230521,false,0.000000,execution_costs_v1.0,0.000000,0.000000,,,,
2024-03-06,VRTS,BBG001T1QKH2,0,false,238.230000,245.490000,5.990010,3.047475,false,0.000000,execution_costs_v1.0,0.000000,0.000000,,,,
2024-03-06,VSAT,BBG001S98NF2,0,false,18.970000,18.550000,1.739589,-2.214022,false,0.000000,execution_costs_v1.0,0.000000,0.000000,,,,
2024-03-06,VSCO,BBG01103B480,29,true,26.980000,25.619900,0.000000,-5.041142,false,0.000000,execution_costs_v1.0,0.000000,0.000000,,,,
2024-03-06,VSEC,BBG001S5X9Z1,0,false,74.520000,75.780000,3.032743,1.690821,false,0.000000,execution_costs_v1.0,0.000000,0.000000,,,,
2024-03-06,VSH,BBG001S5XB04,0,false,23.120000,23.050000,0.194637,-0.302768,false,0.000000,execution_costs_v1.0,0.000000,0.000000,,,,
2024-03-06,VSTA,0001792829,0,false,3.850000,3.800000,0.259740,-1.298701,false,0.000000,execution_costs_v1.0,0.000000,0.000000,,,,
2024-03-06,VSTM,BBG001V0G978,2,false,12.620000,12.690000,1.862124,0.554675,false,0.000000,execution_costs_v1.0,0.000000,0.000000,,,,
2024-03-06,VSTO,BBG006F8QZL3,0,false,32.230000,31.530000,0.062054,-2.171890,false,0.000000,execution_costs_v1.0,0.000000,0.000000,,,,
2024-03-06,VSTS,BBG001SGVMS8,0,false,18.630000,18.540000,0.751476,-0.483092,false,0.000000,execution_costs_v1.0,0.000000,0.000000,,,,
2024-03-06,VTEX,0001793663,0,false,8.360000,8.850000,7.775120,5.861244,false,0.000000,execution_costs_v1.0,0.000000,0.000000,,,,
2024-03-06,VTLE,BBG001T24DQ0,0,false,50.100000,49.220000,0.538922,-1.756487,false,0.000000,execution_costs_v1.0,0.000000,0.000000,,,,
2024-03-06,VTOL,BBG001YH8QJ6,0,false,26.510000,26.010000,2.036967,-1.886081,false,0.000000,execution_costs_v1.0,0.000000,0.000000,,,,
2024-03-06,VTRS,BBG00Y52JV51,1,false,12.290000,12.190000,0.325468,-0.813670,false,0.000000,execution_costs_v1.0,0.000000,0.000000,,,,
2024-03-06,VTRU,0001805012,0,false,13.700000,14.360000,14.598540,4.817518,false,0.000000,execution_costs_v1.0,0.000000,0.000000,,,,
2024-03-06,VTS,BBG01B9G0J34,0,false,23.190000,23.000000,0.689953,-0.819319,false,0.000000,execution_costs_v1.0,0.000000,0.000000,,,,
2024-03-06,VTVT,BBG009DT9XK8,0,false,14.380000,14.490000,10.013908,0.764951,false,0.000000,execution_costs_v1.0,0.000000,0.000000,,,,
2024-03-06,VTYX,BBG00VC84K47,7,false,8.600000,8.940000,4.186047,3.953488,false,0.000000,execution_costs_v1.0,0.000000,0.000000,,,,
2024-03-06,VVI,BBG001S77S57,2,false,36.070000,35.740000,0.152481,-0.914888,false,0.000000,execution_costs_v1.0,0.000000,0.000000,,,,
2024-03-06,VVV,BBG003DNHV65,0,false,43.840000,43.190000,0.364964,-1.482664,false,0.000000,execution_costs_v1.0,0.000000,0.000000,,,,
2024-03-06,VVX,BBG005PG80L3,0,false,44.510000,44.380000,2.335880,-0.292069,false,0.000000,execution_costs_v1.0,0.000000,0.000000,,,,
2024-03-06,VYGR,BBG005ZSY242,1,false,9.260000,9.230000,2.267819,-0.323974,false,0.000000,execution_costs_v1.0,0.000000,0.000000,,,,
2024-03-06,VYX,BBG001S9FBR7,2,false,11.940000,11.840000,1.130653,-0.837521,false,0.000000,execution_costs_v1.0,0.000000,0.000000,,,,
2024-03-06,VZIO,BBG00ZHDJWD0,2,false,11.040000,11.010000,0.271739,-0.271739,false,0.000000,execution_costs_v1.0,0.000000,0.000000,,,,
2024-03-06,W,BBG001THKQ26,11,true,61.310000,59.840000,1.019410,-2.397651,false,0.000000,execution_costs_v1.0,0.000000,0.000000,,,,
2024-03-06,WABC,BBG001S7XYL7,0,false,47.900000,47.480000,1.607516,-0.876827,false,0.000000,execution_costs_v1.0,0.000000,0.000000,,,,
2024-03-06,WAFD,BBG001S5XF96,0,false,28.110000,28.040000,0.853789,-0.249022,false,0.000000,execution_costs_v1.0,0.000000,0.000000,,,,
2024-03-06,WAL,BBG001SLM522,3,false,59.470000,60.310000,3.744745,1.412477,false,0.000000,execution_costs_v1.0,0.000000,0.000000,,,,
2024-03-06,WALD,0001840199,0,false,7.230000,7.380000,3.042877,2.074689,false,0.000000,execution_costs_v1.0,0.000000,0.000000,,,,
2024-03-06,WASH,BBG001S5XC66,0,false,26.290000,26.192000,1.331305,-0.372765,false,0.000000,execution_costs_v1.0,0.000000,0.000000,,,,
2024-03-06,WBS,BBG001S5XCP5,0,false,49.080000,48.950000,1.079870,-0.264874,false,0.000000,execution_costs_v1.0,0.000000,0.000000,,,,
2024-03-06,WCC,BBG001SCRP78,0,false,156.600000,154.870000,0.249042,-1.104725,false,0.000000,execution_costs_v1.0,0.000000,0.000000,,,,
2024-03-06,WD,BBG001T0JGM5,0,false,94.040000,93.080000,0.069120,-1.020842,false,0.000000,execution_costs_v1.0,0.000000,0.000000,,,,
2024-03-06,WDFC,BBG001S5XD46,0,false,258.780000,253.840000,0.386429,-1.908957,false,0.000000,execution_costs_v1.0,0.000000,0.000000,,,,
2024-03-06,WEAV,BBG00BCHPRQ9,0,false,12.140000,12.000000,1.400329,-1.153213,false,0.000000,execution_costs_v1.0,0.000000,0.000000,,,,
2024-03-06,WEN,BBG001S7HBX2,5,false,18.460000,18.660000,1.679307,1.083424,false,0.000000,execution_costs_v1.0,0.000000,0.000000,,,,
2024-03-06,WERN,BBG001S5XDR1,0,false,37.640000,37.890000,1.487779,0.664187,false,0.000000,execution_costs_v1.0,0.000000,0.000000,,,,
2024-03-06,WES,BBG003M3V2V9,0,false,34.590000,34.730000,1.040763,0.404741,false,0.000000,execution_costs_v1.0,0.000000,0.000000,,,,
2024-03-06,WEST,BBG016LHSFJ0,0,false,9.740000,9.470000,0.410678,-2.772074,false,0.000000,execution_costs_v1.0,0.000000,0.000000,,,,
2024-03-06,WEX,BBG001SCJLG6,0,false,225.990000,225.650000,1.238993,-0.150449,false,0.000000,execution_costs_v1.0,0.000000,0.000000,,,,
2024-03-06,WFG,BBG001S60WD8,0,false,82.020000,81.690000,0.329188,-0.402341,false,0.000000,execution_costs_v1.0,0.000000,0.000000,,,,
2024-03-06,WFRD,0001603923,3,false,106.760000,105.380000,1.297302,-1.292619,false,0.000000,execution_costs_v1.0,0.000000,0.000000,,,,
2024-03-06,WGO,BBG001S5XFG8,1,false,64.430000,64.170000,2.436753,-0.403539,false,0.000000,execution_costs_v1.0,0.000000,0.000000,,,,
2024-03-06,WH,BBG00HCY3Q76,0,false,75.450000,74.910000,0.914513,-0.715706,false,0.000000,execution_costs_v1.0,0.000000,0.000000,,,,
2024-03-06,WHD,BBG00JRH1Q02,0,false,45.060000,45.180000,2.086107,0.266312,false,0.000000,execution_costs_v1.0,0.000000,0.000000,,,,
2024-03-06,WHR,BBG001S5XFS5,2,false,103.530000,106.350000,3.303390,2.723848,false,0.000000,execution_costs_v1.0,0.000000,0.000000,,,,
2024-03-06,WINA,BBG001S8RR00,0,false,355.970000,345.700000,0.000000,-2.885075,false,0.000000,execution_costs_v1.0,0.000000,0.000000,,,,
2024-03-06,WING,BBG008N298X9,0,false,367.610000,369.390000,0.870488,0.484209,false,0.000000,execution_costs_v1.0,0.000000,0.000000,,,,
2024-03-06,WIRE,BBG001S70TC4,0,false,225.440000,221.510000,0.314940,-1.743258,false,0.000000,execution_costs_v1.0,0.000000,0.000000,,,,
2024-03-06,WIX,0001576789,0,false,138.020000,139.300000,1.325895,0.927402,false,0.000000,execution_costs_v1.0,0.000000,0.000000,,,,
2024-03-06,WK,BBG007BVZ8J7,0,false,86.110000,85.340000,0.731622,-0.894205,false,0.000000,execution_costs_v1.0,0.000000,0.000000,,,,
2024-03-06,WKC,BBG001S5S9J5,0,false,24.460000,24.020000,0.000000,-1.798855,false,0.000000,execution_costs_v1.0,0.000000,0.000000,,,,
2024-03-06,WKME,0001847584,0,false,8.910000,8.760000,0.897868,-1.683502,false,0.000000,execution_costs_v1.0,0.000000,0.000000,,,,
2024-03-06,WLFC,BBG001S934S5,0,false,47.050000,47.460000,1.700319,0.871413,false,0.000000,execution_costs_v1.0,0.000000,0.000000,,,,
2024-03-06,WLKP,BBG006F8Q8C3,0,false,22.440000,22.300000,0.133690,-0.623886,false,0.000000,execution_costs_v1.0,0.000000,0.000000,,,,
2024-03-06,WLY,BBG001S8K9L4,0,false,33.200000,33.120000,0.210843,-0.240964,false,0.000000,execution_costs_v1.0,0.000000,0.000000,,,,
2024-03-06,WMK,BBG001S5XH56,0,false,65.000000,65.200000,1.584615,0.307692,false,0.000000,execution_costs_v1.0,0.000000,0.000000,,,,
2024-03-06,WMS,BBG001SH4LQ0,0,false,164.240000,163.440000,0.511386,-0.487092,false,0.000000,execution_costs_v1.0,0.000000,0.000000,,,,
2024-03-06,WNC,BBG001S6W2K1,0,false,27.210000,27.540000,3.785373,1.212789,false,0.000000,execution_costs_v1.0,0.000000,0.000000,,,,
2024-03-06,WOLF,BBG001S6YWT4,7,false,27.010000,27.690000,5.953351,2.517586,false,0.000000,execution_costs_v1.0,0.000000,0.000000,,,,
2024-03-06,WOOF,BBG00YFGTWH3,2,false,2.600000,2.540000,2.307692,-2.307692,false,0.000000,execution_costs_v1.0,0.000000,0.000000,,,,
2024-03-06,WOR,BBG001S6XN51,0,false,63.420000,63.080000,0.177547,-0.536108,false,0.000000,execution_costs_v1.0,0.000000,0.000000,,,,
2024-03-06,WOW,BBG00GBB6WG3,0,false,3.650000,3.500000,1.915068,-4.109589,false,0.000000,execution_costs_v1.0,0.000000,0.000000,,,,
2024-03-06,WPC,BBG001S67MM3,0,false,57.100000,57.360000,1.120841,0.455342,false,0.000000,execution_costs_v1.0,0.000000,0.000000,,,,
2024-03-06,WRBY,BBG005DWN8L7,0,false,12.150000,12.230000,1.316872,0.658436,false,0.000000,execution_costs_v1.0,0.000000,0.000000,,,,
2024-03-06,WRK,BBG008NXC581,1,false,45.000000,44.250000,0.066667,-1.666667,false,0.000000,execution_costs_v1.0,0.000000,0.000000,,,,
2024-03-06,WRLD,BBG001S6H6C8,0,false,125.110000,125.760000,1.087043,0.519543,false,0.000000,execution_costs_v1.0,0.000000,0.000000,,,,
2024-03-06,WSBC,BBG001S5XJR8,0,false,29.770000,29.690000,4.635539,-0.268727,false,0.000000,execution_costs_v1.0,0.000000,0.000000,,,,
2024-03-06,WSC,BBG00B0FS9V7,0,false,47.000000,46.820000,1.872340,-0.382979,false,0.000000,execution_costs_v1.0,0.000000,0.000000,,,,
2024-03-06,WSFS,BBG001S5XJX1,0,false,43.340000,43.570000,1.915090,0.530688,false,0.000000,execution_costs_v1.0,0.000000,0.000000,,,,
2024-03-06,WSR,BBG001SM3736,0,false,12.200000,12.090000,0.901639,-0.901639,false,0.000000,execution_costs_v1.0,0.000000,0.000000,,,,
2024-03-06,WT,BBG001SD2W32,0,false,8.200000,8.265000,1.707317,0.792683,false,0.000000,execution_costs_v1.0,0.000000,0.000000,,,,
2024-03-06,WTFC,BBG001S945T0,0,false,100.000000,99.180000,0.700000,-0.820000,false,0.000000,execution_costs_v1.0,0.000000,0.000000,,,,
2024-03-06,WTI,BBG001SLLWL3,1,false,2.800000,2.610000,0.892857,-6.785714,false,0.000000,execution_costs_v1.0,0.000000,0.000000,,,,
2024-03-06,WTRG,BBG001S5VFD3,0,false,34.860000,34.930000,0.803213,0.200803,false,0.000000,execution_costs_v1.0,0.000000,0.000000,,,,
2024-03-06,WTS,BBG001S6N6Y7,0,false,205.330000,204.350000,0.355525,-0.477280,false,0.000000,execution_costs_v1.0,0.000000,0.000000,,,,
2024-03-06,WTTR,BBG00G4Y2F27,0,false,8.280000,8.405000,2.777778,1.509662,false,0.000000,execution_costs_v1.0,0.000000,0.000000,,,,
2024-03-06,WU,BBG001SR0YK0,1,false,13.800000,13.760000,0.942029,-0.289855,false,0.000000,execution_costs_v1.0,0.000000,0.000000,,,,
2024-03-06,WULF,BBG0122MC919,49,true,1.770000,1.870000,8.474576,5.649718,false,0.000000,execution_costs_v1.0,0.000000,0.000000,,,,
2024-03-06,WVE,0001631574,14,true,5.140000,6.310000,30.739300,22.762646,true,0.000000,execution_costs_v1.0,0.000000,0.000000,,,,
2024-03-06,WWD,BBG001S6YZC5,0,false,144.300000,148.290000,3.069993,2.765073,false,0.000000,execution_costs_v1.0,0.000000,0.000000,,,,
2024-03-06,WWW,BBG001S5XKW9,0,false,9.640000,9.350000,0.778008,-3.008299,false,0.000000,execution_costs_v1.0,0.000000,0.000000,,,,
2024-03-06,WYNN,BBG001SJZ2V8,9,false,100.380000,99.130000,0.458259,-1.245268,false,0.000000,execution_costs_v1.0,0.000000,0.000000,,,,
2024-03-06,X,BBG001S5XL75,1,false,48.000000,47.200000,0.145833,-1.666667,false,0.000000,execution_costs_v1.0,0.000000,0.000000,,,,
2024-03-06,XENE,BBG002VBMLS5,0,false,46.000000,45.960000,3.130435,-0.086957,false,0.000000,execution_costs_v1.0,0.000000,0.000000,,,,
2024-03-06,XERS,BBG012V1MG61,34,true,3.040000,2.475000,0.000000,-18.585526,false,0.000000,execution_costs_v1.0,0.000000,0.000000,,,,
2024-03-06,XHR,BBG006YP1L50,0,false,15.550000,15.640000,1.832797,0.578778,false,0.000000,execution_costs_v1.0,0.000000,0.000000,,,,
2024-03-06,XMTR,BBG00BDCCVB0,3,false,17.000000,17.720000,6.176471,4.235294,false,0.000000,execution_costs_v1.0,0.000000,0.000000,,,,
2024-03-06,XNCR,BBG0026ZG4X9,0,false,23.300000,23.810000,3.304721,2.188841,false,0.000000,execution_costs_v1.0,0.000000,0.000000,,,,
2024-03-06,XOS,BBG00YCZNM82,0,false,12.830000,12.420000,1.714731,-3.195635,false,0.000000,execution_costs_v1.0,0.000000,0.000000,,,,
2024-03-06,XP,0001787425,1,false,24.140000,24.790000,3.686827,2.692626,false,0.000000,execution_costs_v1.0,0.000000,0.000000,,,,
2024-03-06,XPEL,BBG001S6JQ87,0,false,50.670000,48.790000,1.065719,-3.710282,false,0.000000,execution_costs_v1.0,0.000000,0.000000,,,,
2024-03-06,XPER,BBG019FGSTG6,1,false,10.800000,10.680000,1.712963,-1.111111,false,0.000000,execution_costs_v1.0,0.000000,0.000000,,,,
2024-03-06,XPO,BBG001SJW3C0,2,false,125.000000,125.310000,2.368000,0.248000,false,0.000000,execution_costs_v1.0,0.000000,0.000000,,,,
2024-03-06,XPOF,BBG011M1TY49,0,false,13.700000,13.970000,5.181752,1.970803,false,0.000000,execution_costs_v1.0,0.000000,0.000000,,,,
2024-03-06,XPRO,0001575828,0,false,18.200000,18.190000,0.851648,-0.054945,false,0.000000,execution_costs_v1.0,0.000000,0.000000,,,,
2024-03-06,XRAY,BBG001S5XLV8,1,false,33.420000,33.400000,0.748055,-0.059844,false,0.000000,execution_costs_v1.0,0.000000,0.000000,,,,
2024-03-06,XRX,BBG00NNG2ZK6,10,true,17.170000,16.660000,3.785673,-2.970297,false,0.000000,execution_costs_v1.0,0.000000,0.000000,,,,
2024-03-06,YELP,BBG001T6C2W9,0,false,38.180000,37.880000,0.707177,-0.785752,false,0.000000,execution_costs_v1.0,0.000000,0.000000,,,,
2024-03-06,YETI,BBG00D8JC891,0,false,40.240000,38.950000,0.869781,-3.205765,false,0.000000,execution_costs_v1.0,0.000000,0.000000,,,,
2024-03-06,YEXT,BBG001V12329,1,false,5.880000,5.960000,2.064626,1.360544,false,0.000000,execution_costs_v1.0,0.000000,0.000000,,,,
2024-03-06,YMAB,BBG00J2DBN04,0,false,17.120000,17.990000,6.231893,5.081776,false,0.000000,execution_costs_v1.0,0.000000,0.000000,,,,
2024-03-06,YORW,BBG001S6YWZ7,1,false,35.680000,35.235000,0.000000,-1.247197,false,0.000000,execution_costs_v1.0,0.000000,0.000000,,,,
2024-03-06,YOU,BBG011C0FSZ6,0,false,19.520000,19.900000,2.510246,1.946721,false,0.000000,execution_costs_v1.0,0.000000,0.000000,,,,
2024-03-06,Z,BBG009NRSWK2,2,false,55.030000,56.210000,3.450663,2.144285,false,0.000000,execution_costs_v1.0,0.000000,0.000000,,,,
2024-03-06,ZBRA,BBG001S6SX73,0,false,289.250000,287.660000,0.114088,-0.549697,false,0.000000,execution_costs_v1.0,0.000000,0.000000,,,,
2024-03-06,ZD,BBG001SD21P6,0,false,66.240000,66.890000,1.071860,0.981280,false,0.000000,execution_costs_v1.0,0.000000,0.000000,,,,
2024-03-06,ZETA,BBG010FXVQB5,0,false,10.230000,10.035000,0.097752,-1.906158,false,0.000000,execution_costs_v1.0,0.000000,0.000000,,,,
2024-03-06,ZEUS,BBG001S5XN26,0,false,64.860000,62.870000,0.000000,-3.068147,false,0.000000,execution_costs_v1.0,0.000000,0.000000,,,,
2024-03-06,ZGN,0001877787,1,false,14.300000,14.150000,0.349650,-1.048951,false,0.000000,execution_costs_v1.0,0.000000,0.000000,,,,
2024-03-06,ZI,BBG00S1HJ4F4,5,false,16.400000,16.151000,0.000000,-1.518293,false,0.000000,execution_costs_v1.0,0.000000,0.000000,,,,
2024-03-06,ZIM,0001654126,14,true,10.890000,11.150000,4.591368,2.387511,false,0.000000,execution_costs_v1.0,0.000000,0.000000,,,,
2024-03-06,ZIMV,BBG014630596,0,false,16.300000,17.380000,6.932515,6.625767,false,0.000000,execution_costs_v1.0,0.000000,0.000000,,,,
2024-03-06,ZION,BBG001S5XN80,2,false,40.680000,41.300000,3.072763,1.524090,false,0.000000,execution_costs_v1.0,0.000000,0.000000,,,,
2024-03-06,ZIP,BBG010JBYW41,0,false,12.710000,12.220000,0.078678,-3.855232,false,0.000000,execution_costs_v1.0,0.000000,0.000000,,,,
2024-03-06,ZNTL,BBG00R2K8TG4,0,false,14.390000,14.590000,1.598332,1.389854,false,0.000000,execution_costs_v1.0,0.000000,0.000000,,,,
2024-03-06,ZUMZ,BBG001SGPKJ9,0,false,16.540000,16.340000,0.120919,-1.209190,false,0.000000,execution_costs_v1.0,0.000000,0.000000,,,,
2024-03-06,ZUO,BBG001SS0FH3,0,false,8.350000,8.625000,4.071856,3.293413,false,0.000000,execution_costs_v1.0,0.000000,0.000000,,,,
2024-03-06,ZWS,BBG001T36GB5,0,false,31.600000,31.410000,0.506329,-0.601266,false,0.000000,execution_costs_v1.0,0.000000,0.000000,,,,
2024-03-06,ZYME,BBG019XSYC98,1,false,12.100000,12.230000,3.140496,1.074380,false,0.000000,execution_costs_v1.0,0.000000,0.000000,,,,
2024-03-06,ZYXI,BBG001S7T7V0,0,false,13.030000,12.750000,0.000000,-2.148887,false,0.000000,execution_costs_v1.0,0.000000,0.000000,,,,
