trading_date,ticker,stable_security_id,shadow,premarket_real_bars_60m,premarket_real_bars_total,prior_close,price_at_freeze,premarket_dollar_volume_usd,average_daily_dollar_volume_usd,market_cap_usd,relative_volume_raw,relative_volume_score,price_slope_15m_raw,price_slope_15m_score,price_slope_30m_raw,price_slope_30m_score,price_slope_60m_raw,price_slope_60m_score,volume_slope_15m_raw,volume_slope_15m_score,volume_slope_30m_raw,volume_slope_30m_score,volume_slope_60m_raw,volume_slope_60m_score,premarket_gap_strength_raw,premarket_gap_strength_score,price_vs_premarket_vwap_raw,price_vs_premarket_vwap_score,premarket_trend_consistency_raw,premarket_trend_consistency_score,price_volume_confirmation_raw,price_volume_confirmation_score,premarket_range_expansion_raw,premarket_range_expansion_score,relative_strength_index_15m_raw,relative_strength_index_15m_score,relative_strength_index_30m_raw,relative_strength_index_30m_score,relative_strength_index_60m_raw,relative_strength_index_60m_score,sector_strength_raw,sector_strength_score,stock_leadership_vs_sector_raw,stock_leadership_vs_sector_score,broad_market_regime_alignment_raw,broad_market_regime_alignment_score,catalyst_quality_raw,catalyst_quality_score,catalyst_verification_confidence_raw,catalyst_verification_confidence_score,catalyst_freshness_relevance_raw,catalyst_freshness_relevance_score,atr_pct_opportunity_raw,atr_pct_opportunity_score,current_range_pct_opportunity_raw,current_range_pct_opportunity_score,average_daily_dollar_volume_quality_raw,average_daily_dollar_volume_quality_score,premarket_dollar_volume_quality_raw,premarket_dollar_volume_quality_score,total_score,score_pct,score_pct_reachable,score_pct_fixed120,reachable_metric_count,unavailable_metrics,benchmark_symbol,alpha12_total_score,alpha12_score_pct,rubric_version,reversal_score_pct,selected,news_article_count,news_fetch_status,admitted_event_count,best_event_type,source_tier,verification_status,freshest_event_age_minutes,sentiment,keyword_sentiment_hint,selection_basis,rejection_reasons,liquidity_action,top_10_mover,benchmark_rank,open_0930,day_high,day_low,close,day_mfe_pct,day_mae_pct,close_vs_open_pct,time_of_day_high,high_0930_1000_pct,return_0930_1000_pct,no_regular_session_path,cost_model_id,execution_policy_v1.0_exit_reason,execution_policy_v1.0_realized_return_pct,execution_policy_v1.0_capture_ratio,execution_policy_v1.0_stop_distance_pct,execution_policy_v1.0_net_realized_return_pct,execution_policy_v1.0_cost_bps,execution_policy_v1.0_net_capture_ratio,execution_policy_atr_v1.0_exit_reason,execution_policy_atr_v1.0_realized_return_pct,execution_policy_atr_v1.0_capture_ratio,execution_policy_atr_v1.0_stop_distance_pct,execution_policy_atr_v1.0_net_realized_return_pct,execution_policy_atr_v1.0_cost_bps,execution_policy_atr_v1.0_net_capture_ratio
2024-09-27,AA,BBG00B3T3HF1,true,20,43,39.280000,39.510000,1504616.330533,198455683.055000,7053077127.200000,0.713828,0,,,-0.008910,0,0.007589,0,,,9.594508,4,4.183549,4,0.585540,0,-0.018150,0,35.714286,0,1,1,0.201072,0,,,44.594595,0,52.252252,1,-0.662421,0,0.160458,0,1.087503,4,OTHER,1,SINGLE_SOURCE,1,4074.716667,0,4.620472,2,0.738289,0,198455683.055000,4,1504616.330533,3,25,25.000000,25.000000,20.833333,25,call_options_confirmation|analyst_revision_strength|positive_social_attention_acceleration|spread_quality|order_book_depth_quality,IWM,9,18.750000,alpha_v1.3_25m,,false,2,AVAILABLE,2,OTHER,HIGH_QUALITY_WIRE,SINGLE_SOURCE,4074.716667,POSITIVE,UNKNOWN,NOT_SELECTED,INSUFFICIENT_PREMARKET_BARS,PASS,false,,39.530000,40.299900,39.090100,39.250000,1.947635,-1.112826,-0.708323,2024-09-27T09:34:00-04:00,1.947635,-0.581837,false,execution_costs_v1.0,,0.000000,,,0.000000,0.000000,,,,,,,,
2024-09-27,AAL,BBG005P7Q907,false,48,91,11.790000,11.890000,2557457.816967,445333919.896500,7719582860.639999,0.775815,0,0.021341,1,0.000451,0,0.011251,0,-6.217753,0,0.261230,1,-0.008188,0,0.848176,0,0.665213,2,37.777778,0,1,1,0.546361,0,66.629712,3,52.278177,1,61.173184,2,0.990833,1,-0.395992,0,0.253335,2,OTHER,1,SINGLE_SOURCE,1,,0,3.632013,1,1.865988,0,445333919.896500,4,2557457.816967,4,25,25.000000,25.000000,20.833333,25,call_options_confirmation|analyst_revision_strength|positive_social_attention_acceleration|spread_quality|order_book_depth_quality,QQQ,5,10.416667,alpha_v1.3_25m,10.416667,false,1,AVAILABLE,1,OTHER,HIGH_QUALITY_WIRE,SINGLE_SOURCE,,NEGATIVE,UNKNOWN,NOT_SELECTED,BELOW_RESEARCH_THRESHOLD,PASS,false,,11.820000,11.860000,11.560000,11.570000,0.338409,-2.199662,-2.115059,2024-09-27T09:30:00-04:00,0.338409,-0.372250,false,execution_costs_v1.0,,0.000000,,,0.000000,0.000000,,,,,,,,
2024-09-27,ACHR,BBG00XRTC929,false,39,97,2.920000,2.980000,423311.408033,36144242.908000,906878375.120000,1.055984,1,0.022792,1,0.000751,0,0.012756,0,7.633635,4,-6.223345,0,0.815126,2,2.054795,2,0.519668,2,28.125000,0,2,2,0.388336,0,60.416667,2,55.617978,2,57.936508,2,0.156665,0,0.810627,0,1.087503,4,EARNINGS,4,SINGLE_SOURCE,1,1440.000000,1,5.280333,2,2.054795,0,36144242.908000,3,423311.408033,1,36,36.000000,36.000000,30.000000,25,call_options_confirmation|analyst_revision_strength|positive_social_attention_acceleration|spread_quality|order_book_depth_quality,IWM,14,29.166667,alpha_v1.3_25m,29.166667,false,1,AVAILABLE,1,EARNINGS,OTHER,SINGLE_SOURCE,1440.000000,NEUTRAL,UNKNOWN,NOT_SELECTED,BELOW_RESEARCH_THRESHOLD,PASS,false,,2.990000,3.180000,2.980000,3.065000,6.354515,-0.334448,2.508361,2024-09-27T10:06:00-04:00,5.016722,5.016722,false,execution_costs_v1.0,,0.000000,,,0.000000,0.000000,,,,,,,,
2024-09-27,AFRM,BBG00Y7BP8Z0,false,41,66,41.640000,42.640000,4089670.700067,596556090.448500,12778238356.799999,0.488674,0,0.024330,1,0.014013,0,0.029354,1,4.861550,4,0.071042,0,0.889707,2,2.401537,2,0.921055,2,52.307692,1,3,3,0.427522,0,64.450867,3,56.681940,2,65.542147,3,1.735155,2,0.442723,0,0.223659,1,,0,UNVERIFIED,0,,0,5.928348,2,2.905860,0,596556090.448500,4,4089670.700067,4,37,37.000000,37.000000,30.833333,25,call_options_confirmation|analyst_revision_strength|positive_social_attention_acceleration|spread_quality|order_book_depth_quality,SPY,16,33.333333,alpha_v1.3_25m,20.833333,false,0,AVAILABLE,0,,,UNVERIFIED,,,,NOT_SELECTED,BELOW_RESEARCH_THRESHOLD,PASS,false,,42.190000,42.690000,40.870000,41.150000,1.185115,-3.128703,-2.465039,2024-09-27T09:32:00-04:00,1.185115,0.154065,false,execution_costs_v1.0,,0.000000,,,0.000000,0.000000,,,,,,,,
2024-09-27,AG,BBG001SGV444,true,24,55,6.540000,6.530000,620343.356600,65805994.149500,1877939516.100000,0.754143,0,,,,,0.016497,1,,,,,-0.638666,0,-0.152905,0,0.275811,1,38.888889,0,0,0,0.364150,0,,,,,60.000000,2,,,,,1.087503,4,,0,UNVERIFIED,0,,0,4.881826,2,1.834862,0,65805994.149500,4,620343.356600,2,16,16.000000,16.000000,13.333333,25,call_options_confirmation|analyst_revision_strength|positive_social_attention_acceleration|spread_quality|order_book_depth_quality,IWM,2,4.166667,alpha_v1.3_25m,,false,0,AVAILABLE,0,,,UNVERIFIED,,,,NOT_SELECTED,INSUFFICIENT_PREMARKET_BARS,PASS,false,,6.510000,6.570000,6.250000,6.310000,0.921659,-3.993856,-3.072197,2024-09-27T09:34:00-04:00,0.921659,-0.930876,false,execution_costs_v1.0,,0.000000,,,0.000000,0.000000,,,,,,,,
2024-09-27,AGNC,BBG001T074G2,true,21,46,10.400000,10.470000,703547.151333,170985920.865500,7235123896.000000,0.726450,0,-0.002800,0,0.003614,0,0.005109,0,3.030844,4,4.886332,4,1.543341,3,0.673077,0,0.043930,0,31.111111,0,2,2,0.520831,0,50.000000,1,50.000000,1,53.311258,1,1.705478,2,-1.285737,0,0.253335,2,,0,UNVERIFIED,0,,0,1.493750,0,0.673077,0,170985920.865500,4,703547.151333,2,26,26.000000,26.000000,21.666667,25,call_options_confirmation|analyst_revision_strength|positive_social_attention_acceleration|spread_quality|order_book_depth_quality,QQQ,13,27.083333,alpha_v1.3_25m,,false,0,AVAILABLE,0,,,UNVERIFIED,,,,NOT_SELECTED,INSUFFICIENT_PREMARKET_BARS,PASS,false,,10.480000,10.550000,10.400000,10.520000,0.667939,-0.763359,0.381679,2024-09-27T13:01:00-04:00,0.095420,-0.524809,false,execution_costs_v1.0,,0.000000,,,0.000000,0.000000,,,,,,,,
2024-09-27,AI,BBG00Y6G6Y84,true,24,34,24.370000,24.560000,997113.497200,129217437.783500,2974329036.670000,0.369022,0,0.003482,0,-0.016988,0,0.013288,0,-2.009754,0,-3.866405,0,-1.789537,0,0.779647,0,0.196842,0,54.545455,1,0,0,0.559634,0,47.135218,0,39.014438,0,56.541648,2,-0.294092,0,-0.013764,0,1.087503,4,OTHER,1,SINGLE_SOURCE,1,,0,3.693300,1,2.462043,0,129217437.783500,4,997113.497200,2,16,16.000000,16.000000,13.333333,25,call_options_confirmation|analyst_revision_strength|positive_social_attention_acceleration|spread_quality|order_book_depth_quality,IWM,1,2.083333,alpha_v1.3_25m,,false,1,AVAILABLE,1,OTHER,OTHER,SINGLE_SOURCE,,NEUTRAL,UNKNOWN,NOT_SELECTED,INSUFFICIENT_PREMARKET_BARS,PASS,false,,24.600000,24.724000,24.030000,24.200000,0.504065,-2.317073,-1.626016,2024-09-27T09:47:00-04:00,0.504065,0.020325,false,execution_costs_v1.0,,0.000000,,,0.000000,0.000000,,,,,,,,
2024-09-27,ALAB,BBG00TDKHWK6,true,12,14,54.750000,55.100000,365587.343000,176001058.522000,8349539688.000000,0.488490,0,,,,,,,,,,,,,0.639269,0,0.407251,1,38.461538,0,0,0,0.198720,0,,,,,,,,,,,0.253335,2,,0,UNVERIFIED,0,,0,4.230294,2,1.277626,0,176001058.522000,4,365587.343000,1,10,10.000000,10.000000,8.333333,25,call_options_confirmation|analyst_revision_strength|positive_social_attention_acceleration|spread_quality|order_book_depth_quality,QQQ,1,2.083333,alpha_v1.3_25m,,false,0,AVAILABLE,0,,,UNVERIFIED,,,,NOT_SELECTED,INSUFFICIENT_PREMARKET_BARS,PASS,false,,55.000000,55.500000,52.230000,53.530000,0.909091,-5.036364,-2.672727,2024-09-27T09:30:00-04:00,0.909091,-0.709091,false,execution_costs_v1.0,,0.000000,,,0.000000,0.000000,,,,,,,,
2024-09-27,ALB,BBG001S7SBP9,true,22,53,95.170000,98.210000,3269508.206667,238818043.645000,11184823795.600000,1.068838,1,0.023888,1,-0.019439,0,0.000927,0,0.911093,2,-3.421336,0,-2.201074,0,3.194284,2,0.336455,1,48.076923,0,1,1,0.576805,0,100.000000,4,34.146341,0,59.751037,2,0.720053,1,2.250572,1,0.223659,1,,0,UNVERIFIED,0,,0,5.127291,2,2.794998,0,238818043.645000,4,3269508.206667,4,27,27.000000,27.000000,22.500000,25,call_options_confirmation|analyst_revision_strength|positive_social_attention_acceleration|spread_quality|order_book_depth_quality,SPY,8,16.666667,alpha_v1.3_25m,,false,0,AVAILABLE,0,,,UNVERIFIED,,,,NOT_SELECTED,INSUFFICIENT_PREMARKET_BARS,PASS,false,,97.200000,98.250000,94.820000,96.010000,1.080247,-2.448560,-1.224280,2024-09-27T09:30:00-04:00,1.080247,-1.167695,false,execution_costs_v1.0,,0.000000,,,0.000000,0.000000,,,,,,,,
2024-09-27,ALTM,0001977303,true,17,47,2.820000,2.900000,157016.704467,27075107.310000,3030075039.900000,0.657177,0,0.049432,2,,,,,-5.171519,0,,,,,2.836879,2,1.444875,3,28.260870,0,0,0,0.559155,0,75.000000,4,,,,,-0.143791,0,1.893168,0,1.087503,4,,0,UNVERIFIED,0,,0,5.424075,2,2.801418,0,27075107.310000,3,157016.704467,0,20,20.000000,20.000000,16.666667,25,call_options_confirmation|analyst_revision_strength|positive_social_attention_acceleration|spread_quality|order_book_depth_quality,IWM,7,14.583333,alpha_v1.3_25m,,false,0,AVAILABLE,0,,,UNVERIFIED,,,,NOT_SELECTED,LIQUIDITY_BELOW_MINIMUM|INSUFFICIENT_PREMARKET_BARS,REJECT,false,,2.910000,2.960000,2.830000,2.880000,1.718213,-2.749141,-1.030928,2024-09-27T10:47:00-04:00,0.000000,-0.343643,false,execution_costs_v1.0,,0.000000,,,0.000000,0.000000,,,,,,,,
2024-09-27,ALV,BBG001S9YRV6,true,12,42,92.500000,95.860000,2355064.353333,84179611.410500,7534626072.500000,8.338177,4,,,,,,,,,,,,,3.632432,2,0.440625,1,53.658537,1,0,0,1.001661,1,,,,,,,0.156665,0,2.388264,1,1.087503,4,,0,UNVERIFIED,0,,0,2.971429,1,2.475676,0,84179611.410500,4,2355064.353333,3,22,22.000000,22.000000,18.333333,25,call_options_confirmation|analyst_revision_strength|positive_social_attention_acceleration|spread_quality|order_book_depth_quality,IWM,9,18.750000,alpha_v1.3_25m,,false,0,AVAILABLE,0,,,UNVERIFIED,,,,NOT_SELECTED,INSUFFICIENT_PREMARKET_BARS,PASS,false,,95.570000,97.800000,94.880000,95.300000,2.333368,-0.721984,-0.282515,2024-09-27T11:27:00-04:00,0.345297,-0.292979,false,execution_costs_v1.0,,0.000000,,,0.000000,0.000000,,,,,,,,
2024-09-27,AMC,BBG001SZYYL4,false,42,91,4.540000,4.550000,579335.557600,45737035.360500,1196766627.360000,0.814610,0,-0.005785,0,0.002892,0,0.008940,0,14.974222,4,5.457006,4,2.130231,4,0.220264,0,0.308266,1,21.111111,0,2,2,0.348011,0,33.333333,0,54.545455,1,53.787879,1,,,,,1.087503,4,,0,UNVERIFIED,0,,0,3.916300,1,1.321586,0,45737035.360500,3,579335.557600,2,27,27.000000,27.000000,22.500000,25,call_options_confirmation|analyst_revision_strength|positive_social_attention_acceleration|spread_quality|order_book_depth_quality,IWM,15,31.250000,alpha_v1.3_25m,,false,0,AVAILABLE,0,,,UNVERIFIED,,,,NOT_SELECTED,BELOW_RESEARCH_THRESHOLD,PASS,false,,4.550000,4.660000,4.500000,4.505000,2.417582,-1.098901,-0.989011,2024-09-27T11:12:00-04:00,1.758242,1.068132,false,execution_costs_v1.0,,0.000000,,,0.000000,0.000000,,,,,,,,
2024-09-27,APLD,BBG001SK4K76,false,45,94,8.250000,8.370000,1416040.374733,132505228.210000,1006869080.250000,0.200621,0,0.087035,4,0.010211,0,0.017975,1,17.034419,4,1.376965,3,0.683994,2,1.454545,1,0.730314,2,37.634409,0,3,3,0.202905,0,68.028846,3,48.778104,0,56.963470,2,-0.294092,0,0.661134,0,1.087503,4,,0,UNVERIFIED,0,,0,10.120346,4,3.151515,1,132505228.210000,4,1416040.374733,3,41,41.000000,41.000000,34.166667,25,call_options_confirmation|analyst_revision_strength|positive_social_attention_acceleration|spread_quality|order_book_depth_quality,IWM,20,41.666667,alpha_v1.3_25m,37.500000,false,0,AVAILABLE,0,,,UNVERIFIED,,,,NOT_SELECTED,BELOW_RESEARCH_THRESHOLD,PASS,false,,8.260000,8.785000,8.080000,8.180000,6.355932,-2.179177,-0.968523,2024-09-27T12:54:00-04:00,2.784504,2.058111,false,execution_costs_v1.0,,0.000000,,,0.000000,0.000000,,,,,,,,
2024-09-27,APLS,BBG007KGRPZ3,true,28,28,29.850000,29.830000,4210263.663467,63393926.102500,3599365207.650000,7.552998,4,,,,,0.031538,2,,,,,-2.523963,0,-0.067002,0,0.102077,0,44.444444,0,0,0,0.551935,0,,,,,54.362416,1,0.690376,1,-1.010713,0,0.253335,2,,0,UNVERIFIED,0,,0,6.995406,2,2.779564,0,63393926.102500,4,4210263.663467,4,20,20.000000,20.000000,16.666667,25,call_options_confirmation|analyst_revision_strength|positive_social_attention_acceleration|spread_quality|order_book_depth_quality,QQQ,6,12.500000,alpha_v1.3_25m,,false,0,AVAILABLE,0,,,UNVERIFIED,,,,NOT_SELECTED,INSUFFICIENT_PREMARKET_BARS,PASS,false,,30.160000,30.410000,29.280000,29.460000,0.828912,-2.917772,-2.320955,2024-09-27T09:38:00-04:00,0.828912,-1.558355,false,execution_costs_v1.0,,0.000000,,,0.000000,0.000000,,,,,,,,
2024-09-27,AQST,BBG00L9HP1R7,true,15,18,5.000000,5.100000,147238.184733,5471114.068000,449839340.000000,6.517639,4,,,,,,,,,,,,,2.000000,1,-0.423385,0,35.294118,0,0,0,0.983327,0,,,,,,,-0.143791,0,1.056288,0,1.087503,4,,0,UNVERIFIED,0,,0,6.401429,2,6.096000,2,5471114.068000,1,147238.184733,0,14,14.000000,14.000000,11.666667,25,call_options_confirmation|analyst_revision_strength|positive_social_attention_acceleration|spread_quality|order_book_depth_quality,IWM,5,10.416667,alpha_v1.3_25m,,false,0,AVAILABLE,0,,,UNVERIFIED,,,,NOT_SELECTED,LIQUIDITY_BELOW_MINIMUM|INSUFFICIENT_PREMARKET_BARS,REJECT,false,,5.130000,5.180000,4.535200,4.725000,0.974659,-11.594542,-7.894737,2024-09-27T09:32:00-04:00,0.974659,-5.847953,false,execution_costs_v1.0,,0.000000,,,0.000000,0.000000,,,,,,,,
2024-09-27,ARR,BBG001SRBTG4,true,10,14,20.340000,20.500000,183436.200000,24532680.586000,991572762.600000,1.591642,3,,,,,,,,,,,,,0.786627,0,0.367594,1,46.153846,0,0,0,0.580121,0,,,,,,,0.871311,1,-1.172186,0,1.087503,4,GUIDANCE,4,SINGLE_SOURCE,1,3900.000000,0,1.517769,0,0.786627,0,24532680.586000,2,183436.200000,0,16,16.000000,16.000000,13.333333,25,call_options_confirmation|analyst_revision_strength|positive_social_attention_acceleration|spread_quality|order_book_depth_quality,IWM,4,8.333333,alpha_v1.3_25m,,false,1,AVAILABLE,1,GUIDANCE,HIGH_QUALITY_WIRE,SINGLE_SOURCE,3900.000000,POSITIVE,UNKNOWN,NOT_SELECTED,LIQUIDITY_BELOW_MINIMUM|INSUFFICIENT_PREMARKET_BARS,REJECT,false,,20.510000,20.585000,20.380000,20.505000,0.365675,-0.633837,-0.024378,2024-09-27T13:38:00-04:00,0.146270,-0.243784,false,execution_costs_v1.0,,0.000000,,,0.000000,0.000000,,,,,,,,
2024-09-27,ASPN,BBG001SJZK39,true,10,13,27.200000,27.601700,137483.631667,41168317.498500,2085275216.000000,0.783262,0,,,,,,,,,,,,,1.476838,1,0.261310,1,66.666667,2,0,0,0.371239,0,,,,,,,0.156665,0,0.232670,0,1.087503,4,,0,UNVERIFIED,0,,0,6.650525,2,2.610294,0,41168317.498500,3,137483.631667,0,13,13.000000,13.000000,10.833333,25,call_options_confirmation|analyst_revision_strength|positive_social_attention_acceleration|spread_quality|order_book_depth_quality,IWM,4,8.333333,alpha_v1.3_25m,,false,0,AVAILABLE,0,,,UNVERIFIED,,,,NOT_SELECTED,LIQUIDITY_BELOW_MINIMUM|INSUFFICIENT_PREMARKET_BARS,REJECT,false,,27.510000,28.550000,27.322800,28.540000,3.780443,-0.680480,3.744093,2024-09-27T14:19:00-04:00,1.708470,1.672119,false,execution_costs_v1.0,,0.000000,,,0.000000,0.000000,,,,,,,,
2024-09-27,ASTS,BBG00Q402TS1,false,42,136,23.830000,23.600000,4543248.363833,493595512.165000,3287603933.770000,0.499705,0,0.016730,1,0.011682,0,0.013785,0,0.841072,2,5.313619,4,1.778250,3,-0.965170,0,1.188234,3,49.629630,0,3,3,0.616963,0,53.976226,1,52.398721,1,51.025791,1,0.990833,1,-2.209338,0,0.253335,2,OTHER,1,SINGLE_SOURCE,1,180.000000,3,10.629549,4,6.378514,2,493595512.165000,4,4543248.363833,4,41,41.000000,41.000000,34.166667,25,call_options_confirmation|analyst_revision_strength|positive_social_attention_acceleration|spread_quality|order_book_depth_quality,QQQ,16,33.333333,alpha_v1.3_25m,27.083333,false,1,AVAILABLE,1,OTHER,OTHER,SINGLE_SOURCE,180.000000,POSITIVE,UNKNOWN,NOT_SELECTED,BELOW_RESEARCH_THRESHOLD,PASS,false,,23.150000,25.560000,21.680000,25.320000,10.410367,-6.349892,9.373650,2024-09-27T15:51:00-04:00,0.608207,-4.578834,false,execution_costs_v1.0,,0.000000,,,0.000000,0.000000,,,,,,,,
2024-09-27,AU,0001973832,true,26,79,29.140000,28.750000,2071014.670000,58567018.489500,12229578413.880001,0.667611,0,-0.007178,0,-0.000967,0,0.002968,0,7.383231,4,-4.290172,0,-0.217200,0,-1.338367,0,0.135638,0,39.743590,0,0,0,2.028549,4,44.444444,0,50.000000,1,57.971014,2,,,,,0.223659,1,OTHER,1,SINGLE_SOURCE,1,,0,3.309859,1,5.525051,1,58567018.489500,4,2071014.670000,3,23,23.000000,23.000000,19.166667,25,call_options_confirmation|analyst_revision_strength|positive_social_attention_acceleration|spread_quality|order_book_depth_quality,SPY,8,16.666667,alpha_v1.3_25m,,false,1,AVAILABLE,1,OTHER,OTHER,SINGLE_SOURCE,,NEUTRAL,UNKNOWN,NOT_SELECTED,INSUFFICIENT_PREMARKET_BARS,PASS,false,,28.600000,28.770000,27.650000,27.660000,0.594406,-3.321678,-3.286713,2024-09-27T09:35:00-04:00,0.594406,-0.804196,false,execution_costs_v1.0,,0.000000,,,0.000000,0.000000,,,,,,,,
2024-09-27,AUR,BBG00Z92Y6Y0,true,18,28,5.800000,5.900000,156404.757633,45477092.367000,8904562421.400000,1.860925,3,0.046527,2,-0.005997,0,,,6.008033,4,7.796247,4,,,1.724138,1,0.734532,2,48.148148,0,1,1,0.231254,0,100.000000,4,50.641658,1,,,0.540076,1,0.930727,0,0.253335,2,,0,UNVERIFIED,0,,0,8.688300,3,2.068966,0,45477092.367000,3,156404.757633,0,31,31.000000,31.000000,25.833333,25,call_options_confirmation|analyst_revision_strength|positive_social_attention_acceleration|spread_quality|order_book_depth_quality,QQQ,17,35.416667,alpha_v1.3_25m,,false,0,AVAILABLE,0,,,UNVERIFIED,,,,NOT_SELECTED,LIQUIDITY_BELOW_MINIMUM|INSUFFICIENT_PREMARKET_BARS,REJECT,false,,5.890000,6.230000,5.710000,5.960000,5.772496,-3.056027,1.188455,2024-09-27T10:45:00-04:00,4.244482,3.989813,false,execution_costs_v1.0,,0.000000,,,0.000000,0.000000,,,,,,,,
2024-09-27,BB,BBG001S60618,false,43,73,2.540000,2.460300,451224.293733,15416978.142000,1487544650.000000,8.880592,4,0.032332,2,0.020355,1,-0.045260,0,-10.397468,0,-3.225580,0,-0.665166,0,-3.137795,0,-0.724715,0,29.166667,0,0,0,2.026858,4,57.388809,2,53.432032,1,40.645566,0,-0.294092,0,-3.931206,0,1.087503,4,ANALYST_ACTION,2,SINGLE_SOURCE,1,,0,3.667604,1,7.480315,2,15416978.142000,2,451224.293733,1,27,27.000000,27.000000,22.500000,25,call_options_confirmation|analyst_revision_strength|positive_social_attention_acceleration|spread_quality|order_book_depth_quality,IWM,11,22.916667,alpha_v1.3_25m,39.583333,false,1,AVAILABLE,1,ANALYST_ACTION,HIGH_QUALITY_WIRE,SINGLE_SOURCE,,NEGATIVE,UNKNOWN,NOT_SELECTED,BELOW_RESEARCH_THRESHOLD,PASS,false,,2.440000,2.540000,2.280000,2.510000,4.098361,-6.557377,2.868852,2024-09-27T15:44:00-04:00,0.409836,-4.950820,false,execution_costs_v1.0,,0.000000,,,0.000000,0.000000,,,,,,,,
2024-09-27,BBAI,BBG00Z4HKRY1,true,12,18,1.570000,1.560300,25257.903700,3526515.398500,380926002.390000,0.411327,0,,,,,,,,,,,,,-0.617834,0,-0.252355,0,35.294118,0,0,0,0.118140,0,,,,,,,-0.294092,0,-1.411245,0,1.087503,4,,0,UNVERIFIED,0,,0,4.901274,2,0.636943,0,3526515.398500,0,25257.903700,0,6,6.000000,6.000000,5.000000,25,call_options_confirmation|analyst_revision_strength|positive_social_attention_acceleration|spread_quality|order_book_depth_quality,IWM,0,0.000000,alpha_v1.3_25m,,false,0,AVAILABLE,0,,,UNVERIFIED,,,,NOT_SELECTED,LIQUIDITY_BELOW_MINIMUM|INSUFFICIENT_PREMARKET_BARS,REJECT,false,,1.570000,1.600000,1.530000,1.542500,1.910828,-2.547771,-1.751592,2024-09-27T10:54:00-04:00,0.636943,0.318471,false,execution_costs_v1.0,,0.000000,,,0.000000,0.000000,,,,,,,,
2024-09-27,BE,BBG001T53509,true,16,26,10.410000,10.660000,352423.824200,52160845.190000,2350402102.230000,0.868874,0,-0.012342,0,-0.013138,0,,,2.654571,4,-4.549001,0,,,2.401537,2,0.869934,2,32.000000,0,0,0,0.531351,0,1.612903,0,41.603694,0,,,1.023436,2,0.290598,0,1.087503,4,ANALYST_ACTION,2,SINGLE_SOURCE,1,2895.000000,0,5.816797,2,3.133525,1,52160845.190000,4,352423.824200,1,25,25.000000,25.000000,20.833333,25,call_options_confirmation|analyst_revision_strength|positive_social_attention_acceleration|spread_quality|order_book_depth_quality,IWM,8,16.666667,alpha_v1.3_25m,,false,1,AVAILABLE,1,ANALYST_ACTION,OTHER,SINGLE_SOURCE,2895.000000,POSITIVE,UNKNOWN,NOT_SELECTED,INSUFFICIENT_PREMARKET_BARS,PASS,false,,10.600000,10.840000,10.515000,10.690000,2.264151,-0.801887,0.849057,2024-09-27T09:42:00-04:00,2.264151,0.566038,false,execution_costs_v1.0,,0.000000,,,0.000000,0.000000,,,,,,,,
2024-09-27,BITF,BBG00PGMZVM7,false,40,83,2.200000,2.300000,1623443.757367,29349074.386500,735136600.000000,7.346624,4,0.022379,1,0.009029,0,-0.001717,0,-15.197433,0,-1.414754,0,-1.509439,0,4.545455,3,0.388880,1,31.707317,0,0,0,0.900901,0,66.666667,3,57.062147,2,50.000000,1,,,,,1.087503,4,,0,UNVERIFIED,0,,0,5.778896,2,5.454545,1,29349074.386500,3,1623443.757367,3,28,28.000000,28.000000,23.333333,25,call_options_confirmation|analyst_revision_strength|positive_social_attention_acceleration|spread_quality|order_book_depth_quality,IWM,9,18.750000,alpha_v1.3_25m,16.666667,false,0,AVAILABLE,0,,,UNVERIFIED,,,,NOT_SELECTED,BELOW_RESEARCH_THRESHOLD,PASS,false,,2.270000,2.300000,2.210000,2.240000,1.321586,-2.643172,-1.321586,2024-09-27T12:54:00-04:00,0.440529,-1.762115,false,execution_costs_v1.0,,0.000000,,,0.000000,0.000000,,,,,,,,
2024-09-27,BMEA,BBG00YS4WDD8,false,41,70,9.570000,11.100000,1217569.434500,5619459.095500,343461175.200000,198.867144,4,0.344889,4,0.088778,4,0.129075,4,1.000146,3,-0.724091,0,0.795249,2,15.987461,4,5.143597,4,59.420290,1,2,2,2.040742,4,76.549765,4,61.779488,2,67.508365,3,-0.143791,0,15.043749,3,1.087503,4,FDA_REGULATORY,4,SINGLE_SOURCE,1,1155.000000,1,6.815644,2,17.554859,4,5619459.095500,1,1217569.434500,3,68,68.000000,68.000000,56.666667,25,call_options_confirmation|analyst_revision_strength|positive_social_attention_acceleration|spread_quality|order_book_depth_quality,IWM,36,75.000000,alpha_v1.3_25m,47.916667,false,1,AVAILABLE,1,FDA_REGULATORY,OTHER,SINGLE_SOURCE,1155.000000,POSITIVE,UNKNOWN,NOT_SELECTED,BELOW_RESEARCH_THRESHOLD,PASS,false,,11.480000,12.009100,9.700000,9.910000,4.608885,-15.505226,-13.675958,2024-09-27T09:31:00-04:00,4.608885,-9.139373,false,execution_costs_v1.0,,0.000000,,,0.000000,0.000000,,,,,,,,
2024-09-27,BTBT,0001710350,false,31,70,3.690000,3.790000,498301.299933,26634993.263000,435872726.100000,1.411413,2,-0.007235,0,-0.034404,0,0.004320,0,-5.382029,0,-2.508909,0,-3.538181,0,2.710027,2,0.234324,0,34.782609,0,0,0,0.323121,0,39.959839,0,40.000000,0,56.142506,2,,,,,1.087503,4,,0,UNVERIFIED,0,,0,7.290807,3,2.710027,0,26634993.263000,3,498301.299933,1,17,17.000000,17.000000,14.166667,25,call_options_confirmation|analyst_revision_strength|positive_social_attention_acceleration|spread_quality|order_book_depth_quality,IWM,4,8.333333,alpha_v1.3_25m,,false,0,AVAILABLE,0,,,UNVERIFIED,,,,NOT_SELECTED,BELOW_RESEARCH_THRESHOLD,PASS,false,,3.800000,3.820000,3.600000,3.635000,0.526316,-5.263158,-4.342105,2024-09-27T09:30:00-04:00,0.526316,-2.076789,false,execution_costs_v1.0,,0.000000,,,0.000000,0.000000,,,,,,,,
2024-09-27,BTG,BBG001T0CNW6,true,15,21,3.330000,3.330000,162765.736667,63504478.989500,4338820060.110000,0.463488,0,0.030946,2,0.003951,0,,,-18.949024,0,-2.045804,0,,,0.000000,0,0.512290,2,40.000000,0,0,0,0.359567,0,66.666667,3,60.238569,2,,,,,,,1.087503,4,,0,UNVERIFIED,0,,0,3.925354,1,1.201201,0,63504478.989500,4,162765.736667,0,18,18.000000,18.000000,15.000000,25,call_options_confirmation|analyst_revision_strength|positive_social_attention_acceleration|spread_quality|order_book_depth_quality,IWM,4,8.333333,alpha_v1.3_25m,8.333333,false,0,AVAILABLE,0,,,UNVERIFIED,,,,NOT_SELECTED,LIQUIDITY_BELOW_MINIMUM|INSUFFICIENT_PREMARKET_BARS,REJECT,false,,3.320000,3.325000,3.200000,3.210000,0.150602,-3.614458,-3.313253,2024-09-27T09:30:00-04:00,0.150602,-1.674699,false,execution_costs_v1.0,,0.000000,,,0.000000,0.000000,,,,,,,,
2024-09-27,BYND,BBG003CVJP69,true,12,21,7.400000,7.421300,233381.177167,12629875.443500,478611731.400000,3.702797,4,,,,,,,,,,,,,0.287838,0,-0.424451,0,40.000000,0,0,0,0.626298,0,,,,,,,0.156665,0,-0.956330,0,1.087503,4,,0,UNVERIFIED,0,,0,4.666988,2,3.243243,1,12629875.443500,2,233381.177167,0,13,13.000000,13.000000,10.833333,25,call_options_confirmation|analyst_revision_strength|positive_social_attention_acceleration|spread_quality|order_book_depth_quality,IWM,4,8.333333,alpha_v1.3_25m,,false,0,AVAILABLE,0,,,UNVERIFIED,,,,NOT_SELECTED,LIQUIDITY_BELOW_MINIMUM|INSUFFICIENT_PREMARKET_BARS,REJECT,false,,7.430000,7.600000,7.150000,7.165000,2.288022,-3.768506,-3.566622,2024-09-27T09:34:00-04:00,2.288022,-0.269179,false,execution_costs_v1.0,,0.000000,,,0.000000,0.000000,,,,,,,,
2024-09-27,CAPR,BBG001SKJV12,true,12,41,9.990000,9.890000,248267.952000,40192541.293500,313682673.330000,0.167626,0,,,,,,,,,,,,,-1.001001,0,-0.860168,0,37.500000,0,0,0,0.409465,0,,,,,,,-0.143791,0,-1.944713,0,1.087503,4,,0,UNVERIFIED,0,,0,9.245960,3,3.703704,1,40192541.293500,3,248267.952000,0,11,11.000000,11.000000,9.166667,25,call_options_confirmation|analyst_revision_strength|positive_social_attention_acceleration|spread_quality|order_book_depth_quality,IWM,0,0.000000,alpha_v1.3_25m,,false,0,AVAILABLE,0,,,UNVERIFIED,,,,NOT_SELECTED,LIQUIDITY_BELOW_MINIMUM|INSUFFICIENT_PREMARKET_BARS,REJECT,false,,10.060000,10.300000,9.050000,9.940200,2.385686,-10.039761,-1.190855,2024-09-27T09:47:00-04:00,2.385686,-6.953280,false,execution_costs_v1.0,,0.000000,,,0.000000,0.000000,,,,,,,,
2024-09-27,CDE,BBG001S5PM54,true,12,40,7.510000,7.470000,382217.396667,59679817.583000,2958707557.990000,1.215921,1,,,,,,,,,,,,,-0.532623,0,0.971354,2,33.333333,0,0,0,0.625476,0,,,,,,,-0.662421,0,-0.957705,0,1.087503,4,,0,UNVERIFIED,0,,0,6.025300,2,3.595206,1,59679817.583000,4,382217.396667,1,15,15.000000,15.000000,12.500000,25,call_options_confirmation|analyst_revision_strength|positive_social_attention_acceleration|spread_quality|order_book_depth_quality,IWM,3,6.250000,alpha_v1.3_25m,,false,0,AVAILABLE,0,,,UNVERIFIED,,,,NOT_SELECTED,INSUFFICIENT_PREMARKET_BARS,PASS,false,,7.430000,7.535000,7.105000,7.140000,1.413190,-4.374159,-3.903096,2024-09-27T09:38:00-04:00,1.413190,-0.740242,false,execution_costs_v1.0,,0.000000,,,0.000000,0.000000,,,,,,,,
2024-09-27,CELH,BBG001SQSKT3,true,18,26,31.320000,31.660300,695088.811000,211005516.262500,7291076979.240000,0.685754,0,,,0.004889,0,,,,,-0.866663,0,,,1.086526,1,0.193185,0,40.000000,0,0,0,0.201095,0,,,63.078523,3,,,0.990833,1,-0.157642,0,0.253335,2,OTHER,1,SINGLE_SOURCE,1,,0,5.385172,2,1.085568,0,211005516.262500,4,695088.811000,2,17,17.000000,17.000000,14.166667,25,call_options_confirmation|analyst_revision_strength|positive_social_attention_acceleration|spread_quality|order_book_depth_quality,QQQ,1,2.083333,alpha_v1.3_25m,,false,1,AVAILABLE,1,OTHER,OTHER,SINGLE_SOURCE,,NEUTRAL,UNKNOWN,NOT_SELECTED,INSUFFICIENT_PREMARKET_BARS,PASS,false,,31.900000,32.700000,31.510000,32.520000,2.507837,-1.222571,1.943574,2024-09-27T15:06:00-04:00,1.880878,1.175549,false,execution_costs_v1.0,,0.000000,,,0.000000,0.000000,,,,,,,,
2024-09-27,CHPT,BBG00Q741ZS7,false,34,62,1.360000,1.370100,231793.918000,19197304.991500,575768934.960000,1.027266,1,-0.045683,0,-0.004300,0,0.014727,0,-4.237603,0,3.736542,4,0.238876,0,0.742647,0,0.197250,0,24.590164,0,1,1,0.407020,0,1.941748,0,40.535373,0,50.048685,1,0.156665,0,-0.501521,0,1.087503,4,EARNINGS,4,SINGLE_SOURCE,1,1473.133333,0,6.985294,2,2.941176,0,19197304.991500,2,231793.918000,0,20,20.000000,20.000000,16.666667,25,call_options_confirmation|analyst_revision_strength|positive_social_attention_acceleration|spread_quality|order_book_depth_quality,IWM,6,12.500000,alpha_v1.3_25m,,false,1,AVAILABLE,1,EARNINGS,HIGH_QUALITY_WIRE,SINGLE_SOURCE,1473.133333,NEUTRAL,UNKNOWN,NOT_SELECTED,LIQUIDITY_BELOW_MINIMUM,REJECT,false,,1.380000,1.450000,1.360000,1.370000,5.072464,-1.449275,-0.724638,2024-09-27T10:25:00-04:00,2.898551,1.449275,false,execution_costs_v1.0,,0.000000,,,0.000000,0.000000,,,,,,,,
2024-09-27,CHWY,BBG00P19DLQ4,true,19,31,29.630000,29.950000,932477.324067,212130702.704500,12886546383.520000,0.366558,0,-0.005883,0,0.001398,0,,,-0.811122,0,-4.708495,0,,,1.079987,1,0.191209,0,40.000000,0,0,0,0.274568,0,38.864143,0,48.483010,0,,,0.363196,0,0.493132,0,0.223659,1,,0,UNVERIFIED,0,,0,4.409045,2,1.383733,0,212130702.704500,4,932477.324067,2,10,10.000000,10.000000,8.333333,25,call_options_confirmation|analyst_revision_strength|positive_social_attention_acceleration|spread_quality|order_book_depth_quality,SPY,1,2.083333,alpha_v1.3_25m,,false,0,AVAILABLE,0,,,UNVERIFIED,,,,NOT_SELECTED,INSUFFICIENT_PREMARKET_BARS,PASS,false,,30.090000,30.417300,29.750000,29.961300,1.087737,-1.129944,-0.427717,2024-09-27T13:24:00-04:00,0.265869,-0.631439,false,execution_costs_v1.0,,0.000000,,,0.000000,0.000000,,,,,,,,
2024-09-27,CIFR,BBG00XYHY0L1,false,31,78,4.140000,4.240000,525085.144900,33808914.546000,1227482812.620000,0.941621,0,0.053022,3,-0.024235,0,0.024509,1,-8.878233,0,-0.421075,0,0.265443,1,2.415459,2,1.024835,3,29.870130,0,1,1,0.361753,0,100.000000,4,36.486486,0,63.537906,3,0.871311,1,0.456645,0,1.087503,4,GUIDANCE,4,SINGLE_SOURCE,1,2324.283333,0,6.892685,2,2.898551,0,33808914.546000,3,525085.144900,2,35,35.000000,35.000000,29.166667,25,call_options_confirmation|analyst_revision_strength|positive_social_attention_acceleration|spread_quality|order_book_depth_quality,IWM,11,22.916667,alpha_v1.3_25m,,false,2,AVAILABLE,2,GUIDANCE,OTHER,SINGLE_SOURCE,2324.283333,POSITIVE,UNKNOWN,NOT_SELECTED,BELOW_RESEARCH_THRESHOLD,PASS,false,,4.180000,4.270000,3.930000,4.100000,2.153110,-5.980861,-1.913876,2024-09-27T09:30:00-04:00,2.153110,-4.066986,false,execution_costs_v1.0,,0.000000,,,0.000000,0.000000,,,,,,,,
2024-09-27,CLF,BBG001S5PW43,true,20,28,12.710000,12.830000,354422.572667,197797509.591500,6333259239.960000,0.501900,0,0.000690,0,-0.003228,0,0.013925,0,-2.007315,0,-1.279840,0,1.568749,3,0.944138,0,0.012603,0,33.333333,0,1,1,0.329545,0,44.318182,0,46.060924,0,53.119800,1,-0.662421,0,0.519057,0,1.087503,4,OTHER,1,SINGLE_SOURCE,1,4189.433333,0,4.595369,2,1.416208,0,197797509.591500,4,354422.572667,1,18,18.000000,18.000000,15.000000,25,call_options_confirmation|analyst_revision_strength|positive_social_attention_acceleration|spread_quality|order_book_depth_quality,IWM,4,8.333333,alpha_v1.3_25m,,false,1,AVAILABLE,1,OTHER,HIGH_QUALITY_WIRE,SINGLE_SOURCE,4189.433333,POSITIVE,UNKNOWN,NOT_SELECTED,INSUFFICIENT_PREMARKET_BARS,PASS,false,,12.830000,13.165000,12.755000,12.780000,2.611068,-0.584567,-0.389712,2024-09-27T10:44:00-04:00,1.441933,1.169135,false,execution_costs_v1.0,,0.000000,,,0.000000,0.000000,,,,,,,,
2024-09-27,CLOV,BBG00SHY90K3,true,11,26,2.870000,2.880000,105094.208333,22060975.552750,1421489363.070000,0.297864,0,,,,,,,,,,,,,0.348432,0,0.260216,1,32.000000,0,0,0,0.196695,0,,,,,,,0.871311,1,-1.610381,0,1.087503,4,,0,UNVERIFIED,0,,0,5.693131,2,1.393728,0,22060975.552750,2,105094.208333,0,10,10.000000,10.000000,8.333333,25,call_options_confirmation|analyst_revision_strength|positive_social_attention_acceleration|spread_quality|order_book_depth_quality,IWM,1,2.083333,alpha_v1.3_25m,,false,0,AVAILABLE,0,,,UNVERIFIED,,,,NOT_SELECTED,LIQUIDITY_BELOW_MINIMUM|INSUFFICIENT_PREMARKET_BARS,REJECT,false,,2.880000,2.910000,2.770000,2.810000,1.041667,-3.819444,-2.430556,2024-09-27T09:31:00-04:00,1.041667,-1.215278,false,execution_costs_v1.0,,0.000000,,,0.000000,0.000000,,,,,,,,
2024-09-27,CLSK,BBG001S7F576,false,57,206,10.090000,10.380000,7093519.538533,182953148.512750,2274527463.790000,1.431311,2,-0.001764,0,-0.021291,0,0.017357,1,3.507909,4,-5.765225,0,0.561304,2,2.874133,2,0.086571,0,33.658537,0,1,1,0.662558,0,44.456763,0,39.184841,0,56.894174,2,0.871311,1,0.915319,0,1.087503,4,,0,UNVERIFIED,0,,0,6.326419,2,4.558969,1,182953148.512750,4,7093519.538533,4,30,30.000000,30.000000,25.000000,25,call_options_confirmation|analyst_revision_strength|positive_social_attention_acceleration|spread_quality|order_book_depth_quality,IWM,12,25.000000,alpha_v1.3_25m,,false,0,AVAILABLE,0,,,UNVERIFIED,,,,NOT_SELECTED,BELOW_RESEARCH_THRESHOLD,PASS,false,,10.440000,10.470000,9.875000,10.115000,0.287356,-5.411877,-3.113027,2024-09-27T09:30:00-04:00,0.287356,-2.777778,false,execution_costs_v1.0,,0.000000,,,0.000000,0.000000,,,,,,,,
2024-09-27,CMG,BBG001SP50B3,true,21,26,58.050000,58.000000,2111680.513933,594313872.265000,1591798860.450000,1.066009,1,,,0.001384,0,0.001449,0,,,3.658476,4,2.162481,4,-0.086133,0,-0.149100,0,48.000000,0,2,2,0.246854,0,,,43.186464,0,45.195080,0,-0.500648,0,-0.672987,0,1.087503,4,,0,UNVERIFIED,0,,0,2.161856,1,0.551249,0,594313872.265000,4,2111680.513933,3,23,23.000000,23.000000,19.166667,25,call_options_confirmation|analyst_revision_strength|positive_social_attention_acceleration|spread_quality|order_book_depth_quality,IWM,11,22.916667,alpha_v1.3_25m,,false,0,AVAILABLE,0,,,UNVERIFIED,,,,NOT_SELECTED,INSUFFICIENT_PREMARKET_BARS,PASS,false,,57.990000,58.130000,56.890000,57.340000,0.241421,-1.896879,-1.120883,2024-09-27T09:30:00-04:00,0.241421,-0.396620,false,execution_costs_v1.0,,0.000000,,,0.000000,0.000000,,,,,,,,
2024-09-27,CNXC,BBG00RCNQMY2,true,11,22,51.540000,51.720000,1961825.054933,47674058.029750,3379580880.000000,39.407115,4,-0.032104,0,,,,,-17.010597,0,,,,,0.349243,0,-0.120354,0,42.857143,0,0,0,0.331584,0,23.728814,0,,,,,0.540076,1,-0.444168,0,0.253335,2,,0,UNVERIFIED,0,,0,5.579564,2,1.202949,0,47674058.029750,3,1961825.054933,3,15,15.000000,15.000000,12.500000,25,call_options_confirmation|analyst_revision_strength|positive_social_attention_acceleration|spread_quality|order_book_depth_quality,QQQ,4,8.333333,alpha_v1.3_25m,,false,0,AVAILABLE,0,,,UNVERIFIED,,,,NOT_SELECTED,INSUFFICIENT_PREMARKET_BARS,PASS,false,,51.660000,53.000000,50.230000,51.560000,2.593883,-2.768099,-0.193573,2024-09-27T09:35:00-04:00,2.593883,1.180798,false,execution_costs_v1.0,,0.000000,,,0.000000,0.000000,,,,,,,,
2024-09-27,CORZ,BBG01L5GH1G3,true,28,53,12.380000,12.380000,679484.269600,128309308.926500,2290282420.400000,0.618599,0,-0.003518,0,-0.007903,0,-0.002960,0,30.615230,4,6.626874,4,2.349021,4,0.000000,0,-0.258071,0,25.000000,0,0,0,0.180797,0,40.000000,0,42.816092,0,46.932515,0,0.871311,1,-1.958814,0,1.087503,4,,0,UNVERIFIED,0,,0,6.953785,2,1.373183,0,128309308.926500,4,679484.269600,2,25,25.000000,25.000000,20.833333,25,call_options_confirmation|analyst_revision_strength|positive_social_attention_acceleration|spread_quality|order_book_depth_quality,IWM,12,25.000000,alpha_v1.3_25m,,false,0,AVAILABLE,0,,,UNVERIFIED,,,,NOT_SELECTED,INSUFFICIENT_PREMARKET_BARS,PASS,false,,12.410000,12.480000,11.980000,12.160000,0.564061,-3.464948,-2.014504,2024-09-27T10:03:00-04:00,0.322321,-0.161160,false,execution_costs_v1.0,,0.000000,,,0.000000,0.000000,,,,,,,,
2024-09-27,DJT,BBG011744HJ8,false,55,139,13.980000,13.940000,3453029.231467,198549242.106000,1586398869.720000,0.367822,0,0.012039,0,0.002541,0,0.008995,0,0.083378,0,-1.614916,0,-0.211868,0,-0.286123,0,0.409136,1,40.579710,0,1,1,0.163128,0,59.225092,2,55.271481,2,54.912798,1,-0.294092,0,-1.079534,0,1.087503,4,OTHER,1,SINGLE_SOURCE,1,,0,12.709483,4,1.430615,0,198549242.106000,4,3453029.231467,4,25,25.000000,25.000000,20.833333,25,call_options_confirmation|analyst_revision_strength|positive_social_attention_acceleration|spread_quality|order_book_depth_quality,IWM,2,4.166667,alpha_v1.3_25m,4.166667,false,4,AVAILABLE,4,OTHER,HIGH_QUALITY_WIRE,SINGLE_SOURCE,,NEUTRAL,UNKNOWN,NOT_SELECTED,BELOW_RESEARCH_THRESHOLD,PASS,false,,13.910000,15.360000,13.810000,14.760000,10.424155,-0.718907,6.110712,2024-09-27T10:15:00-04:00,6.832495,4.780733,false,execution_costs_v1.0,,0.000000,,,0.000000,0.000000,,,,,,,,
2024-09-27,DNN,BBG001S9ZPX7,true,13,24,1.860000,1.890700,42456.927400,29003359.127500,1659125033.160000,0.419135,0,,,,,,,,,,,,,1.650538,1,-0.002965,0,30.434783,0,0,0,0.317520,0,,,,,,,,,,,1.087503,4,,0,UNVERIFIED,0,,0,4.628648,2,1.612903,0,29003359.127500,3,42456.927400,0,10,10.000000,10.000000,8.333333,25,call_options_confirmation|analyst_revision_strength|positive_social_attention_acceleration|spread_quality|order_book_depth_quality,IWM,1,2.083333,alpha_v1.3_25m,,false,0,AVAILABLE,0,,,UNVERIFIED,,,,NOT_SELECTED,LIQUIDITY_BELOW_MINIMUM|INSUFFICIENT_PREMARKET_BARS,REJECT,false,,1.890000,1.900000,1.821800,1.850000,0.529101,-3.608466,-2.116402,2024-09-27T09:34:00-04:00,0.529101,-0.529101,false,execution_costs_v1.0,,0.000000,,,0.000000,0.000000,,,,,,,,
2024-09-27,EBS,BBG001SP1G40,true,12,22,7.280000,7.290000,185741.542800,18702378.412000,380040992.240000,0.141993,0,,,,,,,,,,,,,0.137363,0,0.039446,0,28.571429,0,0,0,0.171362,0,,,,,,,-0.143791,0,-0.806349,0,1.087503,4,,0,UNVERIFIED,0,,0,7.986460,3,1.648352,0,18702378.412000,2,185741.542800,0,9,9.000000,9.000000,7.500000,25,call_options_confirmation|analyst_revision_strength|positive_social_attention_acceleration|spread_quality|order_book_depth_quality,IWM,0,0.000000,alpha_v1.3_25m,,false,0,AVAILABLE,0,,,UNVERIFIED,,,,NOT_SELECTED,LIQUIDITY_BELOW_MINIMUM|INSUFFICIENT_PREMARKET_BARS,REJECT,false,,7.330000,7.770000,7.030000,7.500000,6.002729,-4.092769,2.319236,2024-09-27T12:17:00-04:00,3.274216,-2.182810,false,execution_costs_v1.0,,0.000000,,,0.000000,0.000000,,,,,,,,
2024-09-27,ELF,BBG00DQ6VYQ2,true,12,17,111.370000,112.500000,3053627.379167,308445787.647500,6181807239.580000,1.560810,3,-0.032711,0,-0.000105,0,,,-18.910583,0,-5.743018,0,,,1.014636,1,-0.189197,0,31.250000,0,0,0,0.215418,0,0.000000,0,47.311828,0,,,-0.143791,0,0.070924,0,1.087503,4,,0,UNVERIFIED,0,,0,5.646680,2,1.167280,0,308445787.647500,4,3053627.379167,4,18,18.000000,18.000000,15.000000,25,call_options_confirmation|analyst_revision_strength|positive_social_attention_acceleration|spread_quality|order_book_depth_quality,IWM,4,8.333333,alpha_v1.3_25m,,false,0,AVAILABLE,0,,,UNVERIFIED,,,,NOT_SELECTED,INSUFFICIENT_PREMARKET_BARS,PASS,false,,112.300000,115.230000,111.220000,112.500000,2.609083,-0.961710,0.178094,2024-09-27T10:00:00-04:00,2.448798,2.208370,false,execution_costs_v1.0,,0.000000,,,0.000000,0.000000,,,,,,,,
2024-09-27,EOSE,BBG00V1KJ6G4,true,13,31,2.590000,2.629100,220833.528100,18232362.750500,524852404.440000,1.349691,2,,,,,,,,,,,,,1.509653,1,-0.330808,0,40.000000,0,0,0,0.533335,0,,,,,,,1.023436,2,-0.601286,0,1.087503,4,,0,UNVERIFIED,0,,0,8.311638,3,5.019305,1,18232362.750500,2,220833.528100,0,15,15.000000,15.000000,12.500000,25,call_options_confirmation|analyst_revision_strength|positive_social_attention_acceleration|spread_quality|order_book_depth_quality,IWM,3,6.250000,alpha_v1.3_25m,,false,0,AVAILABLE,0,,,UNVERIFIED,,,,NOT_SELECTED,LIQUIDITY_BELOW_MINIMUM|INSUFFICIENT_PREMARKET_BARS,REJECT,false,,2.620000,2.700000,2.570000,2.610000,3.053435,-1.908397,-0.381679,2024-09-27T12:03:00-04:00,1.908397,0.572519,false,execution_costs_v1.0,,0.000000,,,0.000000,0.000000,,,,,,,,
2024-09-27,ESTA,0001688757,false,39,74,41.195000,49.975000,7693390.813400,8489303.785750,1120710098.585000,8251.232877,4,0.052802,3,-0.083943,0,-0.093479,0,-19.962999,0,0.480253,1,-0.722162,0,21.313266,4,-2.182463,0,39.726027,0,0,0,2.104920,4,44.865719,0,35.555556,0,35.298692,0,0.156665,0,20.069098,4,1.087503,4,,0,UNVERIFIED,0,,0,5.396459,2,11.020755,3,8489303.785750,1,7693390.813400,4,34,34.000000,34.000000,28.333333,25,call_options_confirmation|analyst_revision_strength|positive_social_attention_acceleration|spread_quality|order_book_depth_quality,IWM,16,33.333333,alpha_v1.3_25m,,false,0,AVAILABLE,0,,,UNVERIFIED,,,,NOT_SELECTED,BELOW_RESEARCH_THRESHOLD,PASS,false,,49.610000,50.000000,45.610000,47.000000,0.786132,-8.062891,-5.261036,2024-09-27T09:49:00-04:00,0.786132,-1.642008,false,execution_costs_v1.0,,0.000000,,,0.000000,0.000000,,,,,,,,
2024-09-27,ETSY,BBG001T53625,true,11,20,55.750000,56.200000,597582.060000,307287323.354000,6605953585.750000,0.881351,0,,,,,,,,,,,,,0.807175,0,0.873376,2,47.368421,0,0,0,0.365088,0,,,,,,,0.540076,1,0.013764,0,0.253335,2,OTHER,1,SINGLE_SOURCE,1,,0,3.442088,1,1.237668,0,307287323.354000,4,597582.060000,2,14,14.000000,14.000000,11.666667,25,call_options_confirmation|analyst_revision_strength|positive_social_attention_acceleration|spread_quality|order_book_depth_quality,QQQ,2,4.166667,alpha_v1.3_25m,,false,2,AVAILABLE,2,OTHER,HIGH_QUALITY_WIRE,SINGLE_SOURCE,,NEGATIVE,UNKNOWN,NOT_SELECTED,INSUFFICIENT_PREMARKET_BARS,PASS,false,,56.420000,57.968000,56.200000,57.160000,2.743708,-0.389933,1.311592,2024-09-27T10:27:00-04:00,1.790145,1.205246,false,execution_costs_v1.0,,0.000000,,,0.000000,0.000000,,,,,,,,
2024-09-27,FRO,0000913290,true,16,40,22.860000,22.750000,1090185.166667,47044595.573000,5089159242.540000,1.126553,1,0.008184,0,-0.018503,0,,,12.956350,4,7.768794,4,,,-0.481190,0,0.283331,1,35.897436,0,1,1,0.542882,0,67.647059,3,46.078431,0,,,,,,,1.087503,4,,0,UNVERIFIED,0,,0,3.625797,1,1.399825,0,47044595.573000,3,1090185.166667,3,25,25.000000,25.000000,20.833333,25,call_options_confirmation|analyst_revision_strength|positive_social_attention_acceleration|spread_quality|order_book_depth_quality,IWM,11,22.916667,alpha_v1.3_25m,,false,0,AVAILABLE,0,,,UNVERIFIED,,,,NOT_SELECTED,INSUFFICIENT_PREMARKET_BARS,PASS,false,,22.820000,23.070000,22.640000,22.820000,1.095530,-0.788782,0.000000,2024-09-27T13:14:00-04:00,0.175285,-0.241017,false,execution_costs_v1.0,,0.000000,,,0.000000,0.000000,,,,,,,,
2024-09-27,FUBO,BBG002CV4QZ3,true,23,32,1.420000,1.430000,59916.056633,15676374.923500,425294064.040000,0.480285,0,,,-0.018611,0,0.027778,1,,,-5.073263,0,0.171373,0,0.704225,0,-0.425640,0,38.709677,0,1,1,0.660059,0,,,33.606557,0,50.000000,1,,,,,1.087503,4,,0,UNVERIFIED,0,,0,7.369215,3,4.225352,1,15676374.923500,2,59916.056633,0,13,13.000000,13.000000,10.833333,25,call_options_confirmation|analyst_revision_strength|positive_social_attention_acceleration|spread_quality|order_book_depth_quality,IWM,2,4.166667,alpha_v1.3_25m,,false,0,AVAILABLE,0,,,UNVERIFIED,,,,NOT_SELECTED,LIQUIDITY_BELOW_MINIMUM|INSUFFICIENT_PREMARKET_BARS,REJECT,false,,1.440000,1.490000,1.430000,1.465000,3.472222,-0.694444,1.736111,2024-09-27T12:01:00-04:00,2.083333,2.083333,false,execution_costs_v1.0,,0.000000,,,0.000000,0.000000,,,,,,,,
2024-09-27,GCT,0001857816,false,30,55,21.740000,22.750100,1036174.487367,30765472.927500,886935997.760000,3.505267,4,-0.011664,0,-0.023663,0,0.041295,2,7.293275,4,-0.773427,0,0.876656,2,4.646274,3,0.557830,2,48.148148,0,1,1,0.841992,0,30.986681,0,45.610951,0,62.364908,3,-0.500648,0,4.059420,1,1.087503,4,,0,UNVERIFIED,0,,0,6.324484,2,5.838086,1,30765472.927500,3,1036174.487367,3,35,35.000000,35.000000,29.166667,25,call_options_confirmation|analyst_revision_strength|positive_social_attention_acceleration|spread_quality|order_book_depth_quality,IWM,18,37.500000,alpha_v1.3_25m,,false,0,AVAILABLE,0,,,UNVERIFIED,,,,NOT_SELECTED,BELOW_RESEARCH_THRESHOLD,PASS,false,,22.900000,25.120000,22.500000,23.760000,9.694323,-1.746725,3.755459,2024-09-27T10:48:00-04:00,3.624454,3.621397,false,execution_costs_v1.0,,0.000000,,,0.000000,0.000000,,,,,,,,
2024-09-27,GEVO,BBG001T5KFK6,true,16,35,1.460000,1.480000,152826.184767,10058414.005680,351129756.180000,0.447071,0,,,,,,,,,,,,,1.369863,1,-0.163601,0,35.294118,0,0,0,0.510551,0,,,,,,,-0.143791,0,0.426151,0,1.087503,4,MERGER_ACQUISITION,4,SINGLE_SOURCE,1,1460.000000,0,13.592955,4,6.849315,2,10058414.005680,2,152826.184767,0,18,18.000000,18.000000,15.000000,25,call_options_confirmation|analyst_revision_strength|positive_social_attention_acceleration|spread_quality|order_book_depth_quality,IWM,1,2.083333,alpha_v1.3_25m,,false,1,AVAILABLE,1,MERGER_ACQUISITION,HIGH_QUALITY_WIRE,SINGLE_SOURCE,1460.000000,POSITIVE,UNKNOWN,NOT_SELECTED,LIQUIDITY_BELOW_MINIMUM|INSUFFICIENT_PREMARKET_BARS,REJECT,true,5,1.500000,1.730000,1.480000,1.730000,15.333333,-1.333333,15.333333,2024-09-27T15:44:00-04:00,5.333333,3.666667,false,execution_costs_v1.0,,0.000000,,,0.000000,0.000000,,,,,,,,
2024-09-27,GME,BBG001S5RLR0,false,40,86,22.290000,22.370200,1812702.103333,313639791.259000,6817913628.000000,0.303230,0,-0.004081,0,-0.002714,0,0.010312,0,-10.894852,0,-0.568462,0,-0.530409,0,0.359803,0,0.371455,1,36.470588,0,0,0,0.200259,0,0.000000,0,44.145873,0,62.967223,3,-0.500648,0,-0.227052,0,1.087503,4,,0,UNVERIFIED,0,,0,5.871820,2,1.206819,0,313639791.259000,4,1812702.103333,3,17,17.000000,17.000000,14.166667,25,call_options_confirmation|analyst_revision_strength|positive_social_attention_acceleration|spread_quality|order_book_depth_quality,IWM,1,2.083333,alpha_v1.3_25m,,false,0,AVAILABLE,0,,,UNVERIFIED,,,,NOT_SELECTED,BELOW_RESEARCH_THRESHOLD,PASS,false,,22.390000,23.100000,21.970000,22.480000,3.171059,-1.875837,0.401965,2024-09-27T11:12:00-04:00,0.446628,-0.044663,false,execution_costs_v1.0,,0.000000,,,0.000000,0.000000,,,,,,,,
2024-09-27,GRAB,0001855612,true,14,29,3.800000,3.830000,191856.354667,86841537.197000,14992498499.599998,0.721901,0,,,,,,,,,,,,,0.789474,0,0.433108,1,28.571429,0,0,0,0.471357,0,,,,,,,,,,,0.223659,1,,0,UNVERIFIED,0,,0,2.152444,1,1.052632,0,86841537.197000,4,191856.354667,0,7,7.000000,7.000000,5.833333,25,call_options_confirmation|analyst_revision_strength|positive_social_attention_acceleration|spread_quality|order_book_depth_quality,SPY,1,2.083333,alpha_v1.3_25m,,false,0,AVAILABLE,0,,,UNVERIFIED,,,,NOT_SELECTED,LIQUIDITY_BELOW_MINIMUM|INSUFFICIENT_PREMARKET_BARS,REJECT,false,,3.800000,3.880000,3.770000,3.855000,2.105263,-0.789474,1.447368,2024-09-27T14:43:00-04:00,0.692105,0.471053,false,execution_costs_v1.0,,0.000000,,,0.000000,0.000000,,,,,,,,
2024-09-27,HAFN,0001815779,true,15,33,7.340000,7.120000,367264.166667,9931937.836500,3745235000.000000,1.641024,3,,,,,,,,,,,,,-2.997275,0,-0.106715,0,43.750000,0,0,0,0.698667,0,,,,,,,,,,,1.087503,4,,0,UNVERIFIED,0,,0,2.910471,1,1.634877,0,9931937.836500,1,367264.166667,1,10,10.000000,10.000000,8.333333,25,call_options_confirmation|analyst_revision_strength|positive_social_attention_acceleration|spread_quality|order_book_depth_quality,IWM,3,6.250000,alpha_v1.3_25m,,false,0,AVAILABLE,0,,,UNVERIFIED,,,,NOT_SELECTED,INSUFFICIENT_PREMARKET_BARS,PASS,false,,7.160000,7.240000,7.140000,7.215000,1.117318,-0.279330,0.768156,2024-09-27T11:49:00-04:00,0.698324,0.279330,false,execution_costs_v1.0,,0.000000,,,0.000000,0.000000,,,,,,,,
2024-09-27,HE,BBG001S5RV43,true,11,23,9.850000,9.940000,156995.548967,60871475.623000,1084995210.300000,0.072449,0,,,,,,,,,,,,,0.913706,0,0.631108,2,45.454545,0,0,0,0.484312,0,,,,,,,0.156665,0,-0.330462,0,1.087503,4,,0,UNVERIFIED,0,,0,7.639521,3,3.147208,1,60871475.623000,4,156995.548967,0,14,14.000000,14.000000,11.666667,25,call_options_confirmation|analyst_revision_strength|positive_social_attention_acceleration|spread_quality|order_book_depth_quality,IWM,2,4.166667,alpha_v1.3_25m,,false,0,AVAILABLE,0,,,UNVERIFIED,,,,NOT_SELECTED,LIQUIDITY_BELOW_MINIMUM|INSUFFICIENT_PREMARKET_BARS,REJECT,false,,9.960000,10.140000,9.810000,9.940000,1.807229,-1.506024,-0.200803,2024-09-27T09:40:00-04:00,1.807229,1.004016,false,execution_costs_v1.0,,0.000000,,,0.000000,0.000000,,,,,,,,
2024-09-27,HIMS,BBG00Q5LQWK9,true,26,37,17.710000,17.930000,456577.413967,96904433.888000,3794373043.230000,0.475597,0,-0.036446,0,-0.026195,0,0.003072,0,9.172267,4,-1.273629,0,1.439518,3,1.242236,1,0.155353,0,55.555556,1,1,1,0.538226,0,44.827586,0,40.225564,0,49.170813,0,,,,,1.087503,4,OTHER,1,SINGLE_SOURCE,1,3013.000000,0,4.561386,2,2.428007,0,96904433.888000,4,456577.413967,1,23,23.000000,23.000000,19.166667,25,call_options_confirmation|analyst_revision_strength|positive_social_attention_acceleration|spread_quality|order_book_depth_quality,IWM,10,20.833333,alpha_v1.3_25m,,false,1,AVAILABLE,1,OTHER,OTHER,SINGLE_SOURCE,3013.000000,POSITIVE,UNKNOWN,NOT_SELECTED,INSUFFICIENT_PREMARKET_BARS,PASS,false,,17.810000,17.950000,17.030000,17.770000,0.786075,-4.379562,-0.224593,2024-09-27T09:30:00-04:00,0.786075,-3.256597,false,execution_costs_v1.0,,0.000000,,,0.000000,0.000000,,,,,,,,
2024-09-27,HL,BBG001S5RXF7,true,24,54,7.180000,7.199000,378793.541867,75161373.682000,4488345624.500000,0.876035,0,-0.057089,0,-0.039108,0,0.006448,0,3.282035,4,-10.717362,0,-1.664270,0,0.264624,0,0.242273,0,32.075472,0,0,0,0.377006,0,27.002967,0,23.514212,0,53.690754,1,-0.662421,0,-0.160458,0,1.087503,4,,0,UNVERIFIED,0,,0,4.510545,2,1.671309,0,75161373.682000,4,378793.541867,1,16,16.000000,16.000000,13.333333,25,call_options_confirmation|analyst_revision_strength|positive_social_attention_acceleration|spread_quality|order_book_depth_quality,IWM,4,8.333333,alpha_v1.3_25m,,false,0,AVAILABLE,0,,,UNVERIFIED,,,,NOT_SELECTED,INSUFFICIENT_PREMARKET_BARS,PASS,false,,7.160000,7.210000,6.740000,6.800000,0.698324,-5.865922,-5.027933,2024-09-27T09:38:00-04:00,0.698324,-0.628492,false,execution_costs_v1.0,,0.000000,,,0.000000,0.000000,,,,,,,,
2024-09-27,HTZ,BBG011N571V5,true,12,16,3.190000,3.240000,69440.691667,20008106.341000,973895056.640000,0.919284,0,,,,,,,,,,,,,1.567398,1,0.511787,2,53.333333,1,0,0,0.231833,0,,,,,,,,,,,1.087503,4,,0,UNVERIFIED,0,,0,9.068518,3,1.849530,0,20008106.341000,2,69440.691667,0,13,13.000000,13.000000,10.833333,25,call_options_confirmation|analyst_revision_strength|positive_social_attention_acceleration|spread_quality|order_book_depth_quality,IWM,4,8.333333,alpha_v1.3_25m,,false,0,AVAILABLE,0,,,UNVERIFIED,,,,NOT_SELECTED,LIQUIDITY_BELOW_MINIMUM|INSUFFICIENT_PREMARKET_BARS,REJECT,false,,3.280000,3.420000,3.220000,3.235000,4.268293,-1.829268,-1.371951,2024-09-27T11:32:00-04:00,2.743902,1.676829,false,execution_costs_v1.0,,0.000000,,,0.000000,0.000000,,,,,,,,
2024-09-27,HUT,BBG00390LJJ8,true,24,51,12.630000,12.970000,946240.929867,43729625.973000,1127066505.390000,2.301290,4,-0.002646,0,0.001636,0,0.012749,0,11.126037,4,-7.633264,0,-2.196002,0,2.692003,2,0.369915,1,28.000000,0,0,0,0.729508,0,44.444444,0,57.142857,2,57.255323,2,0.871311,1,0.733190,0,1.087503,4,EARNINGS,4,SINGLE_SOURCE,1,651.000000,2,6.510646,2,5.067300,1,43729625.973000,3,946240.929867,2,35,35.000000,35.000000,29.166667,25,call_options_confirmation|analyst_revision_strength|positive_social_attention_acceleration|spread_quality|order_book_depth_quality,IWM,11,22.916667,alpha_v1.3_25m,,false,1,AVAILABLE,1,EARNINGS,OTHER,SINGLE_SOURCE,651.000000,POSITIVE,UNKNOWN,NOT_SELECTED,INSUFFICIENT_PREMARKET_BARS,PASS,false,,12.960000,13.319900,12.640000,13.080000,2.777006,-2.469136,0.925926,2024-09-27T13:01:00-04:00,0.385802,-1.543210,false,execution_costs_v1.0,,0.000000,,,0.000000,0.000000,,,,,,,,
2024-09-27,IBRX,BBG007T9DYX8,true,10,24,3.900000,3.900000,45250.516933,9934477.057500,2640313302.900000,1.036275,1,-0.050422,0,,,,,4.487551,4,,,,,0.000000,0,-0.100810,0,30.434783,0,0,0,0.337034,0,0.000000,0,,,,,-0.143791,0,-0.943712,0,1.087503,4,,0,UNVERIFIED,0,,0,6.085714,2,2.307692,0,9934477.057500,1,45250.516933,0,12,12.000000,12.000000,10.000000,25,call_options_confirmation|analyst_revision_strength|positive_social_attention_acceleration|spread_quality|order_book_depth_quality,IWM,5,10.416667,alpha_v1.3_25m,,false,0,AVAILABLE,0,,,UNVERIFIED,,,,NOT_SELECTED,LIQUIDITY_BELOW_MINIMUM|INSUFFICIENT_PREMARKET_BARS,REJECT,false,,3.930000,4.040000,3.850000,3.930000,2.798982,-2.035623,0.000000,2024-09-27T10:59:00-04:00,0.251908,-1.781170,false,execution_costs_v1.0,,0.000000,,,0.000000,0.000000,,,,,,,,
2024-09-27,IONQ,BBG00XZP0LC3,false,60,285,8.060000,8.860000,32650549.455533,32422398.051500,1678329923.140000,23.872019,4,-0.128831,0,-0.053233,0,-0.008260,0,-1.230521,0,2.511406,4,-1.234985,0,9.925558,4,0.965314,2,45.070423,0,0,0,2.593570,4,14.336662,0,38.897113,0,47.586873,0,-0.294092,0,9.132147,2,1.087503,4,,0,UNVERIFIED,0,,0,6.022953,2,15.012407,4,32422398.051500,3,32650549.455533,4,37,37.000000,37.000000,30.833333,25,call_options_confirmation|analyst_revision_strength|positive_social_attention_acceleration|spread_quality|order_book_depth_quality,IWM,18,37.500000,alpha_v1.3_25m,,false,0,AVAILABLE,0,,,UNVERIFIED,,,,NOT_SELECTED,BELOW_RESEARCH_THRESHOLD,PASS,false,,8.900000,10.000000,8.580000,9.710100,12.359551,-3.595506,9.102247,2024-09-27T09:47:00-04:00,12.359551,6.535955,false,execution_costs_v1.0,,0.000000,,,0.000000,0.000000,,,,,,,,
2024-09-27,IREN,0001878848,false,40,123,9.130000,9.430000,1968436.755900,115259149.737000,1003353009.010000,0.891208,0,0.017880,1,0.002257,0,0.012099,0,13.150004,4,2.560133,4,1.849204,3,3.285871,2,0.878612,2,43.442623,0,3,3,0.557695,0,60.010010,2,57.714506,2,63.532905,3,,,,,1.087503,4,LEGAL_REGULATORY,2,SINGLE_SOURCE,1,,0,7.373650,3,4.819277,1,115259149.737000,4,1968436.755900,3,44,44.000000,44.000000,36.666667,25,call_options_confirmation|analyst_revision_strength|positive_social_attention_acceleration|spread_quality|order_book_depth_quality,IWM,19,39.583333,alpha_v1.3_25m,33.333333,false,1,AVAILABLE,1,LEGAL_REGULATORY,OTHER,SINGLE_SOURCE,,NEGATIVE,NEGATIVE,NOT_SELECTED,BELOW_RESEARCH_THRESHOLD,PASS,false,,9.360000,9.375000,8.740000,8.850000,0.160256,-6.623932,-5.448718,2024-09-27T09:30:00-04:00,0.160256,-3.313034,false,execution_costs_v1.0,,0.000000,,,0.000000,0.000000,,,,,,,,
2024-09-27,JBLU,BBG001S9YPC1,true,17,21,6.430000,6.510000,305002.354933,97328859.357500,2181551032.840000,0.715990,0,0.030817,2,0.021603,1,,,-17.578302,0,-1.611532,0,,,1.244168,1,0.347140,1,55.000000,1,0,0,0.193224,0,75.308642,4,62.962963,3,,,0.156665,0,0.000000,0,1.087503,4,,0,UNVERIFIED,0,,0,4.487892,2,0.933126,0,97328859.357500,4,305002.354933,1,24,24.000000,24.000000,20.000000,25,call_options_confirmation|analyst_revision_strength|positive_social_attention_acceleration|spread_quality|order_book_depth_quality,IWM,6,12.500000,alpha_v1.3_25m,6.250000,false,0,AVAILABLE,0,,,UNVERIFIED,,,,NOT_SELECTED,INSUFFICIENT_PREMARKET_BARS,PASS,false,,6.470000,6.540000,6.320000,6.410000,1.081917,-2.318393,-0.927357,2024-09-27T10:09:00-04:00,0.231839,-0.077280,false,execution_costs_v1.0,,0.000000,,,0.000000,0.000000,,,,,,,,
2024-09-27,JOBY,0001819848,false,33,79,5.110000,5.190000,309419.984467,26794154.965500,3591599770.780000,0.754735,0,0.005666,0,0.019301,1,0.011697,0,-5.550848,0,-1.445117,0,-0.377998,0,1.565558,1,0.646621,2,25.641026,0,0,0,0.325735,0,50.000000,1,66.483516,3,59.868421,2,0.156665,0,0.321390,0,1.087503,4,,0,UNVERIFIED,0,,0,4.278725,2,1.369863,0,26794154.965500,3,309419.984467,1,20,20.000000,20.000000,16.666667,25,call_options_confirmation|analyst_revision_strength|positive_social_attention_acceleration|spread_quality|order_book_depth_quality,IWM,4,8.333333,alpha_v1.3_25m,10.416667,false,0,AVAILABLE,0,,,UNVERIFIED,,,,NOT_SELECTED,BELOW_RESEARCH_THRESHOLD,PASS,false,,5.160000,5.410000,5.160000,5.220000,4.844961,0.000000,1.162791,2024-09-27T10:22:00-04:00,2.325581,1.647287,false,execution_costs_v1.0,,0.000000,,,0.000000,0.000000,,,,,,,,
2024-09-27,JWN,BBG001S7BDN5,true,11,11,22.470000,22.600000,180711.986667,60056316.871000,3668412158.460000,0.808471,0,0.020203,1,,,,,-1.342949,0,,,,,0.578549,0,0.398874,1,50.000000,1,0,0,0.913478,0,97.169811,4,,,,,-0.500648,0,-0.008305,0,1.087503,4,,0,UNVERIFIED,0,,0,2.776718,1,2.670227,0,60056316.871000,4,180711.986667,0,16,16.000000,16.000000,13.333333,25,call_options_confirmation|analyst_revision_strength|positive_social_attention_acceleration|spread_quality|order_book_depth_quality,IWM,3,6.250000,alpha_v1.3_25m,,false,0,AVAILABLE,0,,,UNVERIFIED,,,,NOT_SELECTED,LIQUIDITY_BELOW_MINIMUM|INSUFFICIENT_PREMARKET_BARS,REJECT,false,,22.480000,22.550000,22.060000,22.200000,0.311388,-1.868327,-1.245552,2024-09-27T09:31:00-04:00,0.311388,-0.400356,false,execution_costs_v1.0,,0.000000,,,0.000000,0.000000,,,,,,,,
2024-09-27,KGC,BBG001S5R0C2,true,11,18,9.800000,9.790000,424849.989933,167357579.536000,12044030469.800001,1.266269,2,,,,,,,,,,,,,-0.102041,0,0.054563,0,41.176471,0,0,0,0.205505,0,,,,,,,,,,,0.223659,1,MERGER_ACQUISITION,4,SINGLE_SOURCE,1,3855.000000,0,3.605466,1,0.683673,0,167357579.536000,4,424849.989933,1,14,14.000000,14.000000,11.666667,25,call_options_confirmation|analyst_revision_strength|positive_social_attention_acceleration|spread_quality|order_book_depth_quality,SPY,2,4.166667,alpha_v1.3_25m,,false,4,AVAILABLE,4,MERGER_ACQUISITION,OTHER,SINGLE_SOURCE,3855.000000,NEUTRAL,UNKNOWN,NOT_SELECTED,INSUFFICIENT_PREMARKET_BARS,PASS,false,,9.760000,9.770000,9.460000,9.465000,0.102459,-3.073770,-3.022541,2024-09-27T09:33:00-04:00,0.102459,-0.889242,false,execution_costs_v1.0,,0.000000,,,0.000000,0.000000,,,,,,,,
2024-09-27,KSS,BBG001S71NV5,true,17,25,20.250000,20.520000,779187.270933,155322633.115500,2245862234.250000,1.391098,2,,,,,,,,,,,,,1.333333,1,0.344755,1,45.833333,0,0,0,0.467048,0,,,,,,,-0.500648,0,0.746479,0,1.087503,4,,0,UNVERIFIED,0,,0,4.239859,2,2.008395,0,155322633.115500,4,779187.270933,2,16,16.000000,16.000000,13.333333,25,call_options_confirmation|analyst_revision_strength|positive_social_attention_acceleration|spread_quality|order_book_depth_quality,IWM,4,8.333333,alpha_v1.3_25m,,false,0,AVAILABLE,0,,,UNVERIFIED,,,,NOT_SELECTED,INSUFFICIENT_PREMARKET_BARS,PASS,false,,20.440000,21.070000,20.220000,20.910000,3.082192,-1.076321,2.299413,2024-09-27T11:32:00-04:00,0.048924,-0.391389,false,execution_costs_v1.0,,0.000000,,,0.000000,0.000000,,,,,,,,
2024-09-27,LAC,BBG01JLDH8P2,true,23,66,2.720000,2.750000,222513.028400,7777540.896000,440582414.880000,1.756853,3,,,,,-0.005742,0,,,,,2.667885,4,1.102941,1,-0.117197,0,32.307692,0,0,0,1.034207,1,,,,,37.562189,0,,,,,1.087503,4,,0,UNVERIFIED,0,,0,5.949055,2,6.250000,2,7777540.896000,1,222513.028400,0,18,18.000000,18.000000,15.000000,25,call_options_confirmation|analyst_revision_strength|positive_social_attention_acceleration|spread_quality|order_book_depth_quality,IWM,9,18.750000,alpha_v1.3_25m,,false,0,AVAILABLE,0,,,UNVERIFIED,,,,NOT_SELECTED,LIQUIDITY_BELOW_MINIMUM|INSUFFICIENT_PREMARKET_BARS,REJECT,false,,2.750000,2.805000,2.630000,2.660000,2.000000,-4.363636,-3.272727,2024-09-27T10:47:00-04:00,1.818182,-1.272727,false,execution_costs_v1.0,,0.000000,,,0.000000,0.000000,,,,,,,,
2024-09-27,LAZR,BBG00MS90LM0,false,30,48,0.918300,0.939900,90321.829000,24305440.618710,387419224.214100,1.113513,1,0.179814,4,0.113966,4,0.038270,2,-0.527838,0,3.262703,4,-0.398364,0,2.352172,2,1.690708,3,36.170213,0,1,1,0.456739,0,68.949045,3,65.112782,3,61.179088,2,0.156665,0,1.108005,0,1.087503,4,EARNINGS,4,SINGLE_SOURCE,1,3862.883333,0,11.134721,4,5.041925,1,24305440.618710,2,90321.829000,0,45,45.000000,45.000000,37.500000,25,call_options_confirmation|analyst_revision_strength|positive_social_attention_acceleration|spread_quality|order_book_depth_quality,IWM,21,43.750000,alpha_v1.3_25m,33.333333,false,1,AVAILABLE,1,EARNINGS,OTHER,SINGLE_SOURCE,3862.883333,NEUTRAL,UNKNOWN,NOT_SELECTED,LIQUIDITY_BELOW_MINIMUM,REJECT,false,,0.918200,0.980000,0.894800,0.909600,6.730560,-2.548464,-0.936615,2024-09-27T10:23:00-04:00,5.096929,4.116750,false,execution_costs_v1.0,,0.000000,,,0.000000,0.000000,,,,,,,,
2024-09-27,LCID,BBG00W7F99W4,false,50,144,3.540000,3.580000,872140.275367,121078392.315500,8139131619.420000,0.628711,0,-0.001631,0,0.008087,0,0.013414,0,8.269341,4,2.690856,4,1.969364,3,1.129944,1,0.598239,2,25.174825,0,2,2,0.237544,0,50.000000,1,53.894081,1,55.611390,2,0.990833,1,-0.114224,0,0.253335,2,,0,UNVERIFIED,0,,0,5.970137,2,1.412429,0,121078392.315500,4,872140.275367,2,31,31.000000,31.000000,25.833333,25,call_options_confirmation|analyst_revision_strength|positive_social_attention_acceleration|spread_quality|order_book_depth_quality,QQQ,16,33.333333,alpha_v1.3_25m,,false,0,AVAILABLE,0,,,UNVERIFIED,,,,NOT_SELECTED,BELOW_RESEARCH_THRESHOLD,PASS,false,,3.580000,3.730000,3.570000,3.600000,4.189944,-0.279330,0.558659,2024-09-27T10:08:00-04:00,2.513966,2.382682,false,execution_costs_v1.0,,0.000000,,,0.000000,0.000000,,,,,,,,
2024-09-27,LILM,0001855756,true,13,28,0.748900,0.767100,17658.596768,2262624.018790,395304777.815700,0.514788,0,,,,,,,,,,,,,2.430231,2,1.064551,3,51.851852,1,0,0,0.292698,0,,,,,,,,,,,1.087503,4,,0,UNVERIFIED,0,,0,6.694333,2,1.869408,0,2262624.018790,0,17658.596768,0,12,12.000000,12.000000,10.000000,25,call_options_confirmation|analyst_revision_strength|positive_social_attention_acceleration|spread_quality|order_book_depth_quality,IWM,6,12.500000,alpha_v1.3_25m,,false,0,AVAILABLE,0,,,UNVERIFIED,,,,NOT_SELECTED,LIQUIDITY_BELOW_MINIMUM|INSUFFICIENT_PREMARKET_BARS,REJECT,false,,0.760000,0.797000,0.755000,0.794400,4.868421,-0.657895,4.526316,2024-09-27T15:52:00-04:00,2.631579,2.263158,false,execution_costs_v1.0,,0.000000,,,0.000000,0.000000,,,,,,,,
2024-09-27,LOGI,0001032975,true,10,11,87.760000,88.900000,429660.683333,31771726.490000,13586999952.880001,1.558483,3,,,,,,,,,,,,,1.298997,1,0.101828,0,60.000000,2,0,0,0.493155,0,,,,,,,1.020509,2,0.054829,0,0.223659,1,,0,UNVERIFIED,0,,0,1.620401,0,0.672288,0,31771726.490000,3,429660.683333,1,13,13.000000,13.000000,10.833333,25,call_options_confirmation|analyst_revision_strength|positive_social_attention_acceleration|spread_quality|order_book_depth_quality,SPY,6,12.500000,alpha_v1.3_25m,,false,0,AVAILABLE,0,,,UNVERIFIED,,,,NOT_SELECTED,INSUFFICIENT_PREMARKET_BARS,PASS,false,,88.620000,89.425000,88.380000,89.060000,0.908373,-0.270819,0.496502,2024-09-27T11:59:00-04:00,0.152336,0.107199,false,execution_costs_v1.0,,0.000000,,,0.000000,0.000000,,,,,,,,
2024-09-27,LUMN,BBG001S5Q8G2,true,12,29,6.940000,6.980000,200590.628100,132870704.508000,7007705397.740001,0.285573,0,,,,,,,,,,,,,0.576369,0,0.115136,0,28.571429,0,0,0,0.072657,0,,,,,,,0.156665,0,-0.667799,0,1.087503,4,,0,UNVERIFIED,0,,0,6.463874,2,0.576369,0,132870704.508000,4,200590.628100,0,10,10.000000,10.000000,8.333333,25,call_options_confirmation|analyst_revision_strength|positive_social_attention_acceleration|spread_quality|order_book_depth_quality,IWM,0,0.000000,alpha_v1.3_25m,,false,0,AVAILABLE,0,,,UNVERIFIED,,,,NOT_SELECTED,LIQUIDITY_BELOW_MINIMUM|INSUFFICIENT_PREMARKET_BARS,REJECT,false,,6.980000,7.420000,6.931200,7.290000,6.303725,-0.699140,4.441261,2024-09-27T12:53:00-04:00,2.292264,1.209169,false,execution_costs_v1.0,,0.000000,,,0.000000,0.000000,,,,,,,,
2024-09-27,LUNR,BBG00ZMYYP19,false,42,113,7.980000,7.999400,1067785.133100,201488671.205500,407618870.820000,0.082778,0,-0.010613,0,-0.015733,0,-0.003844,0,-4.601560,0,-2.254813,0,0.566760,2,0.243108,0,0.244860,0,32.142857,0,0,0,0.163173,0,49.622166,0,46.871311,0,49.911609,0,0.156665,0,-1.001060,0,1.087503,4,,0,UNVERIFIED,0,,0,12.484157,4,1.879699,0,201488671.205500,4,1067785.133100,3,17,17.000000,17.000000,14.166667,25,call_options_confirmation|analyst_revision_strength|positive_social_attention_acceleration|spread_quality|order_book_depth_quality,IWM,2,4.166667,alpha_v1.3_25m,,false,0,AVAILABLE,0,,,UNVERIFIED,,,,NOT_SELECTED,BELOW_RESEARCH_THRESHOLD,PASS,false,,7.990000,8.980000,7.980000,8.755000,12.390488,-0.125156,9.574468,2024-09-27T11:47:00-04:00,6.007509,5.335419,false,execution_costs_v1.0,,0.000000,,,0.000000,0.000000,,,,,,,,
2024-09-27,LYFT,BBG004M9ZHY4,true,18,24,13.280000,13.350000,1032006.372967,141020199.865000,5309432086.240000,0.984986,0,-0.018086,0,-0.007614,0,,,-6.042215,0,-0.984364,0,,,0.527108,0,-0.083887,0,52.173913,1,0,0,0.302448,0,40.063455,0,48.994747,0,,,0.540076,1,-0.266303,0,0.253335,2,OTHER,1,SINGLE_SOURCE,1,4298.000000,0,4.335144,2,1.355422,0,141020199.865000,4,1032006.372967,3,15,15.000000,15.000000,12.500000,25,call_options_confirmation|analyst_revision_strength|positive_social_attention_acceleration|spread_quality|order_book_depth_quality,QQQ,1,2.083333,alpha_v1.3_25m,,false,1,AVAILABLE,1,OTHER,OTHER,SINGLE_SOURCE,4298.000000,POSITIVE,UNKNOWN,NOT_SELECTED,INSUFFICIENT_PREMARKET_BARS,PASS,false,,13.360000,13.390000,12.735000,12.835000,0.224551,-4.678144,-3.929641,2024-09-27T09:30:00-04:00,0.224551,-2.956587,false,execution_costs_v1.0,,0.000000,,,0.000000,0.000000,,,,,,,,
2024-09-27,M,BBG001S6KRW6,true,12,17,15.210000,15.250000,250520.336833,78295901.989000,4171670062.560000,0.644461,0,,,,,,,,,,,,,0.262985,0,-0.295619,0,37.500000,0,0,0,0.329762,0,,,,,,,-0.500648,0,-0.323870,0,1.087503,4,,0,UNVERIFIED,0,,0,2.615713,1,0.897436,0,78295901.989000,4,250520.336833,1,10,10.000000,10.000000,8.333333,25,call_options_confirmation|analyst_revision_strength|positive_social_attention_acceleration|spread_quality|order_book_depth_quality,IWM,0,0.000000,alpha_v1.3_25m,,false,0,AVAILABLE,0,,,UNVERIFIED,,,,NOT_SELECTED,INSUFFICIENT_PREMARKET_BARS,PASS,false,,15.310000,15.380000,15.184000,15.245000,0.457218,-0.822992,-0.424559,2024-09-27T11:33:00-04:00,0.130634,-0.195950,false,execution_costs_v1.0,,0.000000,,,0.000000,0.000000,,,,,,,,
2024-09-27,MARA,BBG001V0L7T2,false,59,258,17.520000,17.969000,22635901.519533,529742416.023000,4689045616.800000,1.925078,3,-0.042593,0,-0.007186,0,0.027763,1,-10.592696,0,-2.864426,0,1.372167,3,2.562785,2,0.285571,1,38.521401,0,1,1,0.319779,0,27.149321,0,46.920821,0,61.877987,2,0.540076,1,1.769374,0,0.253335,2,,0,UNVERIFIED,0,,0,6.497391,2,2.283105,0,529742416.023000,4,22635901.519533,4,26,26.000000,26.000000,21.666667,25,call_options_confirmation|analyst_revision_strength|positive_social_attention_acceleration|spread_quality|order_book_depth_quality,QQQ,11,22.916667,alpha_v1.3_25m,,false,0,AVAILABLE,0,,,UNVERIFIED,,,,NOT_SELECTED,BELOW_RESEARCH_THRESHOLD,PASS,false,,17.915000,17.920000,16.845000,17.280000,0.027910,-5.972649,-3.544516,2024-09-27T09:30:00-04:00,0.027910,-1.618755,false,execution_costs_v1.0,,0.000000,,,0.000000,0.000000,,,,,,,,
2024-09-27,MBLY,BBG019X46ZY3,false,44,88,13.780000,14.105000,3455217.461200,92514055.555500,11109868788.459999,2.824635,4,0.003109,0,-0.001680,0,0.035238,2,-8.912458,0,-1.333433,0,-1.641955,0,2.358491,2,0.419238,1,42.528736,0,0,0,0.443599,0,36.363636,0,46.905941,0,57.913008,2,0.569752,1,1.565080,0,0.223659,1,,0,UNVERIFIED,0,,0,7.085839,3,2.902758,0,92514055.555500,4,3455217.461200,4,24,24.000000,24.000000,20.000000,25,call_options_confirmation|analyst_revision_strength|positive_social_attention_acceleration|spread_quality|order_book_depth_quality,SPY,9,18.750000,alpha_v1.3_25m,,false,0,AVAILABLE,0,,,UNVERIFIED,,,,NOT_SELECTED,BELOW_RESEARCH_THRESHOLD,PASS,false,,14.120000,14.850000,13.930000,14.390000,5.169972,-1.345609,1.912181,2024-09-27T10:38:00-04:00,3.712465,3.045326,false,execution_costs_v1.0,,0.000000,,,0.000000,0.000000,,,,,,,,
2024-09-27,MOFG,BBG001SCDXR4,true,15,18,27.820000,25.750000,226822.766667,1213833.956500,438178103.220000,0.000000,0,-0.071973,0,-0.170937,0,,,4.576612,4,-1.399817,0,,,-7.440690,0,-1.642149,0,47.058824,0,0,0,3.362483,4,22.916667,0,10.852713,0,,,0.871311,1,-9.399504,0,1.087503,4,,0,UNVERIFIED,0,,0,3.164296,1,8.698778,2,1213833.956500,0,226822.766667,0,16,16.000000,16.000000,13.333333,25,call_options_confirmation|analyst_revision_strength|positive_social_attention_acceleration|spread_quality|order_book_depth_quality,IWM,8,16.666667,alpha_v1.3_25m,,false,0,AVAILABLE,0,,,UNVERIFIED,,,,NOT_SELECTED,LIQUIDITY_BELOW_MINIMUM|INSUFFICIENT_PREMARKET_BARS,REJECT,false,,26.020000,27.650000,25.950000,27.465000,6.264412,-0.269024,5.553420,2024-09-27T11:32:00-04:00,3.766334,2.824750,false,execution_costs_v1.0,,0.000000,,,0.000000,0.000000,,,,,,,,
2024-09-27,MP,BBG00TJGL0T5,true,22,42,16.900000,17.190000,1016978.555000,65125991.428000,2801642758.200000,6.787211,4,,,,,-0.046251,0,,,,,-0.468593,0,1.715976,1,-0.735376,0,46.341463,0,0,0,0.810005,0,,,,,33.364140,0,-0.662421,0,1.290894,0,1.087503,4,OTHER,1,SINGLE_SOURCE,1,4074.716667,0,4.430600,2,4.023669,1,65125991.428000,4,1016978.555000,3,21,21.000000,21.000000,17.500000,25,call_options_confirmation|analyst_revision_strength|positive_social_attention_acceleration|spread_quality|order_book_depth_quality,IWM,5,10.416667,alpha_v1.3_25m,,false,1,AVAILABLE,1,OTHER,HIGH_QUALITY_WIRE,SINGLE_SOURCE,4074.716667,POSITIVE,UNKNOWN,NOT_SELECTED,INSUFFICIENT_PREMARKET_BARS,PASS,false,,17.290000,18.420000,17.210000,18.390000,6.535570,-0.462695,6.362059,2024-09-27T15:59:00-04:00,3.354540,3.036437,false,execution_costs_v1.0,,0.000000,,,0.000000,0.000000,,,,,,,,
2024-09-27,MSTR,BBG001SC7PX1,false,58,250,165.980000,171.090000,110654098.012600,1479103795.319000,2816369387.500000,1.786099,3,-0.030886,0,-0.004603,0,0.025933,1,-0.470306,0,-0.250680,0,1.083996,3,3.078684,2,0.463760,1,50.602410,1,1,1,0.473676,0,26.530612,0,44.191919,0,55.333333,2,-0.294092,0,2.285273,1,1.087503,4,EARNINGS,4,SINGLE_SOURCE,1,977.000000,1,5.984727,2,3.054585,1,1479103795.319000,4,110654098.012600,4,36,36.000000,36.000000,30.000000,25,call_options_confirmation|analyst_revision_strength|positive_social_attention_acceleration|spread_quality|order_book_depth_quality,IWM,12,25.000000,alpha_v1.3_25m,,false,3,AVAILABLE,2,EARNINGS,HIGH_QUALITY_WIRE,SINGLE_SOURCE,977.000000,POSITIVE,UNKNOWN,NOT_SELECTED,BELOW_RESEARCH_THRESHOLD,PASS,false,,170.480000,179.600000,168.305000,176.360000,5.349601,-1.275809,3.449085,2024-09-27T12:52:00-04:00,2.029564,1.976771,false,execution_costs_v1.0,,0.000000,,,0.000000,0.000000,,,,,,,,
2024-09-27,NCLH,0001513761,true,22,38,21.080000,21.242500,1384206.169633,270222887.195000,8972859425.439999,0.809486,0,,,-0.012049,0,0.008244,0,,,2.350928,4,-1.090941,0,0.770873,0,0.210073,0,51.351351,1,0,0,0.393239,0,,,36.802030,0,53.933000,1,0.156665,0,-0.473295,0,1.087503,4,,0,UNVERIFIED,0,,0,3.655293,1,1.423150,0,270222887.195000,4,1384206.169633,3,18,18.000000,18.000000,15.000000,25,call_options_confirmation|analyst_revision_strength|positive_social_attention_acceleration|spread_quality|order_book_depth_quality,IWM,5,10.416667,alpha_v1.3_25m,,false,0,AVAILABLE,0,,,UNVERIFIED,,,,NOT_SELECTED,INSUFFICIENT_PREMARKET_BARS,PASS,false,,21.240000,21.240000,20.750000,20.950000,0.000000,-2.306968,-1.365348,2024-09-27T09:30:00-04:00,0.000000,-0.800377,false,execution_costs_v1.0,,0.000000,,,0.000000,0.000000,,,,,,,,
2024-09-27,NGD,BBG001S5YM54,true,21,29,3.110000,3.080000,80487.214367,30848553.893500,2132216000.000000,0.743154,0,0.001291,0,-0.041690,0,-0.011179,0,33.204210,4,5.719714,4,0.997250,2,-0.964630,0,-0.218935,0,35.714286,0,1,1,0.210098,0,50.000000,1,33.333333,0,43.262411,0,,,,,1.087503,4,,0,UNVERIFIED,0,,0,4.836932,2,0.964630,0,30848553.893500,3,80487.214367,0,21,21.000000,21.000000,17.500000,25,call_options_confirmation|analyst_revision_strength|positive_social_attention_acceleration|spread_quality|order_book_depth_quality,IWM,11,22.916667,alpha_v1.3_25m,,false,0,AVAILABLE,0,,,UNVERIFIED,,,,NOT_SELECTED,LIQUIDITY_BELOW_MINIMUM|INSUFFICIENT_PREMARKET_BARS,REJECT,false,,3.050000,3.100000,2.930100,2.950000,1.639344,-3.931148,-3.278689,2024-09-27T09:30:00-04:00,1.639344,-0.491803,false,execution_costs_v1.0,,0.000000,,,0.000000,0.000000,,,,,,,,
2024-09-27,NKLA,BBG00L4CWQW4,true,25,80,4.180000,4.230000,298477.832800,12519702.356500,5582871389.700000,1.713039,3,0.002879,0,-0.002018,0,0.013920,0,0.078524,0,0.860038,2,0.912655,2,1.196172,1,-0.225525,0,35.443038,0,2,2,0.499413,0,50.000000,1,50.000000,1,58.000000,2,0.990833,1,-0.047996,0,0.253335,2,,0,UNVERIFIED,0,,0,7.479836,3,3.110048,1,12519702.356500,2,298477.832800,1,24,24.000000,24.000000,20.000000,25,call_options_confirmation|analyst_revision_strength|positive_social_attention_acceleration|spread_quality|order_book_depth_quality,QQQ,10,20.833333,alpha_v1.3_25m,,false,0,AVAILABLE,0,,,UNVERIFIED,,,,NOT_SELECTED,INSUFFICIENT_PREMARKET_BARS,PASS,false,,4.190000,4.500000,4.160100,4.295000,7.398568,-0.713604,2.505967,2024-09-27T11:00:00-04:00,3.102625,2.007160,false,execution_costs_v1.0,,0.000000,,,0.000000,0.000000,,,,,,,,
2024-09-27,NLY,BBG001S8J4S0,true,16,23,20.400000,20.600000,1138241.426667,129487834.828000,10201637854.799999,2.977511,4,-0.001100,0,0.015026,1,,,-17.411214,0,-0.759095,0,,,0.980392,0,0.256200,1,54.545455,1,0,0,0.710269,0,50.000000,1,90.000000,4,,,1.735155,2,-0.978421,0,0.223659,1,,0,UNVERIFIED,0,,0,1.449580,0,0.882353,0,129487834.828000,4,1138241.426667,3,22,22.000000,22.000000,18.333333,25,call_options_confirmation|analyst_revision_strength|positive_social_attention_acceleration|spread_quality|order_book_depth_quality,SPY,7,14.583333,alpha_v1.3_25m,,false,0,AVAILABLE,0,,,UNVERIFIED,,,,NOT_SELECTED,INSUFFICIENT_PREMARKET_BARS,PASS,false,,20.620000,20.700000,20.430000,20.660000,0.387973,-0.921435,0.193986,2024-09-27T13:39:00-04:00,0.048497,-0.654704,false,execution_costs_v1.0,,0.000000,,,0.000000,0.000000,,,,,,,,
2024-09-27,NNE,BBG01F7QNWH6,false,60,126,15.080000,16.320000,4859889.919900,38500955.392000,392230800.000000,4.473691,4,-0.089336,0,-0.010124,0,0.039601,2,1.196733,3,-1.787676,0,-0.383447,0,8.222812,4,0.799103,2,45.600000,0,0,0,0.522041,0,39.397605,0,50.552120,1,61.630394,2,,,,,1.087503,4,LEGAL_REGULATORY,2,SINGLE_SOURCE,1,,0,17.267241,4,9.799072,2,38500955.392000,3,4859889.919900,4,38,38.000000,38.000000,31.666667,25,call_options_confirmation|analyst_revision_strength|positive_social_attention_acceleration|spread_quality|order_book_depth_quality,IWM,15,31.250000,alpha_v1.3_25m,,false,1,AVAILABLE,1,LEGAL_REGULATORY,HIGH_QUALITY_WIRE,SINGLE_SOURCE,,NEGATIVE,MIXED,NOT_SELECTED,BELOW_RESEARCH_THRESHOLD,PASS,false,,16.260000,17.710000,14.300000,14.990000,8.917589,-12.054121,-7.810578,2024-09-27T09:42:00-04:00,8.917589,4.059041,false,execution_costs_v1.0,,0.000000,,,0.000000,0.000000,,,,,,,,
2024-09-27,NOVA,BBG00PLQ1KH9,true,16,22,10.550000,10.850000,108955.596667,47147363.887000,1292209217.300000,0.497138,0,-0.020345,0,0.036309,2,,,16.866333,4,1.202349,3,,,2.843602,2,0.637419,2,52.380952,1,1,1,0.474718,0,30.000000,0,69.230769,3,,,0.156665,0,1.599434,0,1.087503,4,,0,UNVERIFIED,0,,0,7.388896,3,3.412322,1,47147363.887000,3,108955.596667,0,29,29.000000,29.000000,24.166667,25,call_options_confirmation|analyst_revision_strength|positive_social_attention_acceleration|spread_quality|order_book_depth_quality,IWM,15,31.250000,alpha_v1.3_25m,,false,0,AVAILABLE,0,,,UNVERIFIED,,,,NOT_SELECTED,LIQUIDITY_BELOW_MINIMUM|INSUFFICIENT_PREMARKET_BARS,REJECT,false,,10.810000,11.070000,10.330000,10.390000,2.405180,-4.440333,-3.885291,2024-09-27T10:11:00-04:00,1.480111,1.110083,false,execution_costs_v1.0,,0.000000,,,0.000000,0.000000,,,,,,,,
2024-09-27,NVAX,BBG001SGL8G3,true,17,32,12.145000,12.251000,531110.078667,80702455.428750,1699730921.735000,0.980399,0,0.008733,0,0.016116,1,,,-0.544779,0,-2.814664,0,,,0.872787,0,0.508886,2,45.161290,0,0,0,0.178824,0,50.847458,1,70.229008,4,,,-0.143791,0,-0.070924,0,1.087503,4,,0,UNVERIFIED,0,,0,9.013762,3,1.564430,0,80702455.428750,4,531110.078667,2,21,21.000000,21.000000,17.500000,25,call_options_confirmation|analyst_revision_strength|positive_social_attention_acceleration|spread_quality|order_book_depth_quality,IWM,3,6.250000,alpha_v1.3_25m,2.083333,false,0,AVAILABLE,0,,,UNVERIFIED,,,,NOT_SELECTED,INSUFFICIENT_PREMARKET_BARS,PASS,false,,12.320000,13.479000,12.150000,13.300000,9.407468,-1.379870,7.954545,2024-09-27T15:18:00-04:00,0.689935,-0.487013,false,execution_costs_v1.0,,0.000000,,,0.000000,0.000000,,,,,,,,
2024-09-27,NVTS,BBG00YQ6KTM3,true,24,36,2.440000,2.540000,144545.162433,7507632.875000,437377764.080000,3.191085,4,0.054067,3,0.039855,2,0.033436,2,9.641324,4,-0.112445,0,2.144260,4,4.098361,3,1.422405,3,40.000000,0,2,2,0.682320,0,100.000000,4,97.169811,4,95.592705,4,1.023436,2,1.987422,0,1.087503,4,OTHER,1,SINGLE_SOURCE,1,,0,7.637881,3,5.327869,1,7507632.875000,1,144545.162433,0,52,52.000000,52.000000,43.333333,25,call_options_confirmation|analyst_revision_strength|positive_social_attention_acceleration|spread_quality|order_book_depth_quality,IWM,27,56.250000,alpha_v1.3_25m,43.750000,false,1,AVAILABLE,1,OTHER,OTHER,SINGLE_SOURCE,,NEUTRAL,UNKNOWN,NOT_SELECTED,LIQUIDITY_BELOW_MINIMUM|INSUFFICIENT_PREMARKET_BARS,REJECT,false,,2.510000,2.699900,2.510000,2.580000,7.565737,0.000000,2.788845,2024-09-27T10:50:00-04:00,5.577689,1.992032,false,execution_costs_v1.0,,0.000000,,,0.000000,0.000000,,,,,,,,
2024-09-27,NYCB,BBG001SD32Z2,true,12,19,11.420000,11.630000,188036.286667,81737895.245500,9112259258.920000,1.154121,1,,,,,,,,,,,,,1.838879,1,1.507833,3,55.555556,1,0,0,1.005498,1,,,,,,,0.871311,1,-0.119934,0,1.087503,4,,0,UNVERIFIED,0,,0,5.738054,2,5.078809,1,81737895.245500,4,188036.286667,0,19,19.000000,19.000000,15.833333,25,call_options_confirmation|analyst_revision_strength|positive_social_attention_acceleration|spread_quality|order_book_depth_quality,IWM,7,14.583333,alpha_v1.3_25m,,false,0,AVAILABLE,0,,,UNVERIFIED,,,,NOT_SELECTED,LIQUIDITY_BELOW_MINIMUM|INSUFFICIENT_PREMARKET_BARS,REJECT,false,,11.650000,11.720000,11.285000,11.460000,0.600858,-3.133047,-1.630901,2024-09-27T09:31:00-04:00,0.600858,-1.845494,false,execution_costs_v1.0,,0.000000,,,0.000000,0.000000,,,,,,,,
2024-09-27,OKLO,BBG0112CBMQ8,true,28,48,8.580000,8.660000,316124.698000,22762473.896000,839133000.420000,0.424295,0,-0.039751,0,0.030936,2,0.019163,1,-8.120127,0,-3.037631,0,0.948790,2,0.932401,0,0.460205,1,36.170213,0,1,1,0.786824,0,16.666667,0,61.520737,2,51.303766,1,,,,,1.087503,4,,0,UNVERIFIED,0,,0,7.227106,3,6.060606,2,22762473.896000,2,316124.698000,1,22,22.000000,22.000000,18.333333,25,call_options_confirmation|analyst_revision_strength|positive_social_attention_acceleration|spread_quality|order_book_depth_quality,IWM,7,14.583333,alpha_v1.3_25m,,false,0,AVAILABLE,0,,,UNVERIFIED,,,,NOT_SELECTED,INSUFFICIENT_PREMARKET_BARS,PASS,false,,8.850000,8.860000,8.352300,8.825000,0.112994,-5.623729,-0.282486,2024-09-27T15:58:00-04:00,0.000000,-4.915254,false,execution_costs_v1.0,,0.000000,,,0.000000,0.000000,,,,,,,,
2024-09-27,OPEN,BBG00SHY8ZR0,false,49,94,2.090000,2.140000,908327.589167,78689741.614500,1420451194.800000,0.778191,0,0.015088,1,-0.020559,0,0.023754,1,-10.292436,0,-4.046840,0,-2.437050,0,2.392344,2,1.167589,3,26.881720,0,0,0,0.423733,0,60.683761,2,43.750000,0,55.479452,2,0.871311,1,0.433531,0,1.087503,4,,0,UNVERIFIED,0,,0,9.354409,3,3.827751,1,78689741.614500,4,908327.589167,2,26,26.000000,26.000000,21.666667,25,call_options_confirmation|analyst_revision_strength|positive_social_attention_acceleration|spread_quality|order_book_depth_quality,IWM,7,14.583333,alpha_v1.3_25m,,false,0,AVAILABLE,0,,,UNVERIFIED,,,,NOT_SELECTED,BELOW_RESEARCH_THRESHOLD,PASS,false,,2.140000,2.189900,2.050000,2.070000,2.331776,-4.205607,-3.271028,2024-09-27T10:01:00-04:00,1.869159,0.747664,false,execution_costs_v1.0,,0.000000,,,0.000000,0.000000,,,,,,,,
2024-09-27,OSCR,BBG00YMWFVT4,true,10,31,20.480000,20.500000,1362578.051933,66101826.388500,4704813076.480000,15.578743,4,,,,,,,,,,,,,0.097656,0,0.405881,1,26.666667,0,0,0,0.640993,0,,,,,,,0.871311,1,-1.861157,0,1.087503,4,,0,UNVERIFIED,0,,0,5.830741,2,3.320312,1,66101826.388500,4,1362578.051933,3,20,20.000000,20.000000,16.666667,25,call_options_confirmation|analyst_revision_strength|positive_social_attention_acceleration|spread_quality|order_book_depth_quality,IWM,5,10.416667,alpha_v1.3_25m,,false,0,AVAILABLE,0,,,UNVERIFIED,,,,NOT_SELECTED,INSUFFICIENT_PREMARKET_BARS,PASS,false,,20.390000,21.505000,20.250000,21.000000,5.468367,-0.686611,2.991663,2024-09-27T10:47:00-04:00,3.923492,2.893575,false,execution_costs_v1.0,,0.000000,,,0.000000,0.000000,,,,,,,,
2024-09-27,PAAS,BBG001S5ZXR5,true,20,48,22.350000,22.200000,1425102.336667,75843970.781000,8150146731.150001,2.083857,4,,,-0.022620,0,0.022285,1,,,4.866102,4,-3.548690,0,-0.671141,0,0.517497,2,40.425532,0,0,0,0.525185,0,,,36.842105,0,56.862745,2,,,,,1.087503,4,OTHER,1,SINGLE_SOURCE,1,1071.683333,1,3.775967,1,1.789709,0,75843970.781000,4,1425102.336667,3,28,28.000000,28.000000,23.333333,25,call_options_confirmation|analyst_revision_strength|positive_social_attention_acceleration|spread_quality|order_book_depth_quality,IWM,11,22.916667,alpha_v1.3_25m,,false,1,AVAILABLE,1,OTHER,HIGH_QUALITY_WIRE,SINGLE_SOURCE,1071.683333,POSITIVE,UNKNOWN,NOT_SELECTED,INSUFFICIENT_PREMARKET_BARS,PASS,false,,22.140000,22.330000,21.375000,21.435000,0.858175,-3.455285,-3.184282,2024-09-27T09:37:00-04:00,0.858175,-0.316170,false,execution_costs_v1.0,,0.000000,,,0.000000,0.000000,,,,,,,,
2024-09-27,PACB,BBG001SS9G64,true,13,39,1.740000,1.780000,167661.530000,15867984.012750,466236271.200000,2.354905,4,,,,,,,,,,,,,2.298851,2,0.570250,2,26.315789,0,0,0,0.341660,0,,,,,,,0.156665,0,1.054683,0,1.087503,4,,0,UNVERIFIED,0,,0,11.247947,4,3.448276,1,15867984.012750,2,167661.530000,0,19,19.000000,19.000000,15.833333,25,call_options_confirmation|analyst_revision_strength|positive_social_attention_acceleration|spread_quality|order_book_depth_quality,IWM,8,16.666667,alpha_v1.3_25m,,false,0,AVAILABLE,0,,,UNVERIFIED,,,,NOT_SELECTED,LIQUIDITY_BELOW_MINIMUM|INSUFFICIENT_PREMARKET_BARS,REJECT,false,,1.780000,1.830000,1.730000,1.760000,2.808989,-2.808989,-1.123596,2024-09-27T09:55:00-04:00,2.808989,1.123596,false,execution_costs_v1.0,,0.000000,,,0.000000,0.000000,,,,,,,,
2024-09-27,PARA,BBG001S6L063,true,20,22,10.660000,10.710000,377911.856667,95918419.406000,6955490718.280000,2.415593,4,0.003591,0,0.019942,1,0.015968,1,-19.475810,0,-2.291946,0,1.886404,3,0.469043,0,0.184528,0,47.619048,0,1,1,0.295793,0,42.857143,0,61.111111,2,63.636364,3,0.990833,1,-0.775125,0,0.253335,2,OTHER,1,SINGLE_SOURCE,1,2460.000000,0,2.492495,1,0.750469,0,95918419.406000,4,377911.856667,1,26,26.000000,26.000000,21.666667,25,call_options_confirmation|analyst_revision_strength|positive_social_attention_acceleration|spread_quality|order_book_depth_quality,QQQ,10,20.833333,alpha_v1.3_25m,18.750000,false,2,AVAILABLE,2,OTHER,OTHER,SINGLE_SOURCE,2460.000000,NEUTRAL,UNKNOWN,NOT_SELECTED,INSUFFICIENT_PREMARKET_BARS,PASS,false,,10.735000,10.900000,10.620000,10.790000,1.537028,-1.071262,0.512343,2024-09-27T11:52:00-04:00,0.047508,-0.605496,false,execution_costs_v1.0,,0.000000,,,0.000000,0.000000,,,,,,,,
2024-09-27,PATH,BBG00GKS1G12,true,10,20,12.590000,12.650000,174475.029267,168532404.926500,7163864315.630000,0.177513,0,-0.013398,0,,,,,-17.034436,0,,,,,0.476569,0,0.112435,0,47.368421,0,0,0,0.303187,0,0.000000,0,,,,,-0.294092,0,-0.316842,0,1.087503,4,,0,UNVERIFIED,0,,0,3.631794,1,1.270850,0,168532404.926500,4,174475.029267,0,9,9.000000,9.000000,7.500000,25,call_options_confirmation|analyst_revision_strength|positive_social_attention_acceleration|spread_quality|order_book_depth_quality,IWM,0,0.000000,alpha_v1.3_25m,,false,0,AVAILABLE,0,,,UNVERIFIED,,,,NOT_SELECTED,LIQUIDITY_BELOW_MINIMUM|INSUFFICIENT_PREMARKET_BARS,REJECT,false,,12.750000,12.850000,12.660100,12.790000,0.784314,-0.705098,0.313725,2024-09-27T10:44:00-04:00,0.156863,0.087059,false,execution_costs_v1.0,,0.000000,,,0.000000,0.000000,,,,,,,,
2024-09-27,PGY,0001883085,false,44,74,9.650000,9.940000,2259242.523167,21399516.771500,680132299.150000,8.509355,4,-0.006978,0,0.005450,0,0.028616,1,-5.269199,0,1.857326,3,-3.062023,0,3.005181,2,0.869830,2,28.767123,0,1,1,0.512372,0,50.000000,1,51.851852,1,61.308918,2,,,,,1.087503,4,,0,UNVERIFIED,0,,0,8.734271,3,3.383420,1,21399516.771500,2,2259242.523167,3,30,30.000000,30.000000,25.000000,25,call_options_confirmation|analyst_revision_strength|positive_social_attention_acceleration|spread_quality|order_book_depth_quality,IWM,13,27.083333,alpha_v1.3_25m,,false,0,AVAILABLE,0,,,UNVERIFIED,,,,NOT_SELECTED,BELOW_RESEARCH_THRESHOLD,PASS,false,,9.820000,10.460000,9.812000,9.921000,6.517312,-0.081466,1.028513,2024-09-27T09:34:00-04:00,6.517312,5.142566,false,execution_costs_v1.0,,0.000000,,,0.000000,0.000000,,,,,,,,
2024-09-27,PLUG,BBG001S6GJB2,false,52,145,2.060000,2.100000,725705.705633,73125274.620000,1409565470.980000,0.464091,0,0.016676,1,0.035482,2,0.021180,1,-0.194084,0,-2.539747,0,-0.583408,0,1.941748,1,1.116071,3,27.083333,0,0,0,0.375747,0,74.875622,4,62.468828,3,56.105006,2,1.023436,2,-0.169191,0,1.087503,4,OTHER,1,SINGLE_SOURCE,1,1034.000000,1,8.208391,3,2.912621,0,73125274.620000,4,725705.705633,2,35,35.000000,35.000000,29.166667,25,call_options_confirmation|analyst_revision_strength|positive_social_attention_acceleration|spread_quality|order_book_depth_quality,IWM,8,16.666667,alpha_v1.3_25m,14.583333,false,2,AVAILABLE,2,OTHER,OTHER,SINGLE_SOURCE,1034.000000,NEGATIVE,UNKNOWN,NOT_SELECTED,BELOW_RESEARCH_THRESHOLD,PASS,false,,2.100000,2.290000,2.100000,2.275000,9.047619,0.000000,8.333333,2024-09-27T11:49:00-04:00,7.619048,4.523810,false,execution_costs_v1.0,,0.000000,,,0.000000,0.000000,,,,,,,,
2024-09-27,PSEC,BBG001SM4WF7,true,18,36,5.280000,5.290000,142900.232100,16711824.069500,2192295557.760000,1.366761,2,0.017697,1,,,,,-3.532132,0,,,,,0.189394,0,0.380271,1,37.142857,0,0,0,0.567677,0,66.457680,3,,,,,,,,,1.087503,4,,0,UNVERIFIED,0,,0,2.259199,1,1.325758,0,16711824.069500,2,142900.232100,0,14,14.000000,14.000000,11.666667,25,call_options_confirmation|analyst_revision_strength|positive_social_attention_acceleration|spread_quality|order_book_depth_quality,IWM,4,8.333333,alpha_v1.3_25m,,false,0,AVAILABLE,0,,,UNVERIFIED,,,,NOT_SELECTED,LIQUIDITY_BELOW_MINIMUM|INSUFFICIENT_PREMARKET_BARS,REJECT,false,,5.260000,5.330000,5.260000,5.310000,1.330798,0.000000,0.950570,2024-09-27T10:39:00-04:00,0.760456,0.570342,false,execution_costs_v1.0,,0.000000,,,0.000000,0.000000,,,,,,,,
2024-09-27,PSNY,BBG0147QHH45,true,13,40,1.750000,1.750000,154648.187067,14724495.718500,3692813377.750000,0.422985,0,,,,,,,,,,,,,0.000000,0,0.065189,0,20.512821,0,0,0,0.897015,0,,,,,,,,,,,0.253335,2,,0,UNVERIFIED,0,,0,9.020000,3,9.142857,2,14724495.718500,2,154648.187067,0,9,9.000000,9.000000,7.500000,25,call_options_confirmation|analyst_revision_strength|positive_social_attention_acceleration|spread_quality|order_book_depth_quality,QQQ,0,0.000000,alpha_v1.3_25m,,false,0,AVAILABLE,0,,,UNVERIFIED,,,,NOT_SELECTED,LIQUIDITY_BELOW_MINIMUM|INSUFFICIENT_PREMARKET_BARS,REJECT,false,,1.760000,1.870000,1.715000,1.830000,6.250000,-2.556818,3.977273,2024-09-27T12:53:00-04:00,2.840909,1.704545,false,execution_costs_v1.0,,0.000000,,,0.000000,0.000000,,,,,,,,
2024-09-27,PTON,BBG00JG0FG08,true,23,36,4.970000,5.080000,209358.204967,61072596.031500,1823357587.380000,0.547612,0,0.030624,2,-0.007416,0,0.016839,1,-15.244716,0,-1.088936,0,-1.083610,0,2.213280,2,0.686094,2,51.428571,1,0,0,0.387936,0,81.250000,4,46.598639,0,61.673152,2,0.156665,0,0.969112,0,1.087503,4,,0,UNVERIFIED,0,,0,6.819488,2,2.816901,0,61072596.031500,4,209358.204967,0,24,24.000000,24.000000,20.000000,25,call_options_confirmation|analyst_revision_strength|positive_social_attention_acceleration|spread_quality|order_book_depth_quality,IWM,8,16.666667,alpha_v1.3_25m,,false,0,AVAILABLE,0,,,UNVERIFIED,,,,NOT_SELECTED,LIQUIDITY_BELOW_MINIMUM|INSUFFICIENT_PREMARKET_BARS,REJECT,false,,5.120000,5.130000,4.800000,4.820000,0.195312,-6.250000,-5.859375,2024-09-27T09:31:00-04:00,0.195312,-1.562500,false,execution_costs_v1.0,,0.000000,,,0.000000,0.000000,,,,,,,,
2024-09-27,QS,BBG00VJ17DT1,true,22,34,5.800000,5.879800,155658.933433,25929448.055500,2875694647.600000,0.687331,0,0.035093,2,0.014447,0,0.010766,0,-1.976977,0,1.447938,3,0.017159,0,1.375862,1,0.598681,2,48.484848,0,2,2,0.461467,0,74.257426,4,62.404092,3,62.563131,3,1.023436,2,-0.735077,0,1.087503,4,,0,UNVERIFIED,0,,0,4.172414,2,1.896552,0,25929448.055500,3,155658.933433,0,31,31.000000,31.000000,25.833333,25,call_options_confirmation|analyst_revision_strength|positive_social_attention_acceleration|spread_quality|order_book_depth_quality,IWM,10,20.833333,alpha_v1.3_25m,14.583333,false,0,AVAILABLE,0,,,UNVERIFIED,,,,NOT_SELECTED,LIQUIDITY_BELOW_MINIMUM|INSUFFICIENT_PREMARKET_BARS,REJECT,false,,5.860000,6.240000,5.860000,6.000000,6.484642,0.000000,2.389078,2024-09-27T10:47:00-04:00,3.071672,2.559727,false,execution_costs_v1.0,,0.000000,,,0.000000,0.000000,,,,,,,,
2024-09-27,RDFN,BBG001V1F423,false,46,62,12.840000,13.160000,1248592.871333,104429922.019000,1531061193.840000,1.064110,1,0.020002,1,-0.020530,0,0.033722,2,-5.197159,0,-7.245491,0,0.827357,2,2.492212,2,0.632521,2,47.540984,0,1,1,0.367857,0,55.555556,2,45.945946,0,62.279527,3,0.871311,1,0.533398,0,1.087503,4,OTHER,1,SINGLE_SOURCE,1,1654.000000,0,9.418113,3,3.645639,1,104429922.019000,4,1248592.871333,3,34,34.000000,34.000000,28.333333,25,call_options_confirmation|analyst_revision_strength|positive_social_attention_acceleration|spread_quality|order_book_depth_quality,IWM,11,22.916667,alpha_v1.3_25m,,false,1,AVAILABLE,1,OTHER,OTHER,SINGLE_SOURCE,1654.000000,POSITIVE,UNKNOWN,NOT_SELECTED,BELOW_RESEARCH_THRESHOLD,PASS,false,,13.120000,13.350000,12.290000,12.490000,1.753049,-6.326220,-4.801829,2024-09-27T09:31:00-04:00,1.753049,-1.905488,false,execution_costs_v1.0,,0.000000,,,0.000000,0.000000,,,,,,,,
2024-09-27,RIG,0001451505,true,15,25,4.170000,4.220000,128139.132533,99717490.439000,3417647203.050000,0.476067,0,,,,,,,,,,,,,1.199041,1,0.109590,0,37.500000,0,0,0,0.189737,0,,,,,,,,,,,1.087503,4,,0,UNVERIFIED,0,,0,5.274923,2,0.959233,0,99717490.439000,4,128139.132533,0,11,11.000000,11.000000,9.166667,25,call_options_confirmation|analyst_revision_strength|positive_social_attention_acceleration|spread_quality|order_book_depth_quality,IWM,1,2.083333,alpha_v1.3_25m,,false,0,AVAILABLE,0,,,UNVERIFIED,,,,NOT_SELECTED,LIQUIDITY_BELOW_MINIMUM|INSUFFICIENT_PREMARKET_BARS,REJECT,false,,4.240000,4.360000,4.240000,4.320000,2.830189,0.000000,1.886792,2024-09-27T10:47:00-04:00,1.768868,1.297170,false,execution_costs_v1.0,,0.000000,,,0.000000,0.000000,,,,,,,,
2024-09-27,RIOT,BBG001SDW128,false,51,162,7.770000,7.970000,3659050.996467,116784569.022000,1969991915.010000,1.564500,3,-0.005971,0,-0.003153,0,0.023836,1,-9.697497,0,-4.129026,0,0.848967,2,2.574003,2,0.390542,1,34.782609,0,1,1,0.422917,0,38.956715,0,47.918401,0,57.316054,2,0.871311,1,0.615189,0,1.087503,4,OTHER,1,SINGLE_SOURCE,1,,0,5.387387,2,2.445302,0,116784569.022000,4,3659050.996467,4,29,29.000000,29.000000,24.166667,25,call_options_confirmation|analyst_revision_strength|positive_social_attention_acceleration|spread_quality|order_book_depth_quality,IWM,10,20.833333,alpha_v1.3_25m,,false,1,AVAILABLE,1,OTHER,HIGH_QUALITY_WIRE,SINGLE_SOURCE,,NEGATIVE,UNKNOWN,NOT_SELECTED,BELOW_RESEARCH_THRESHOLD,PASS,false,,8.000000,8.070000,7.695000,7.840000,0.875000,-3.812500,-2.000000,2024-09-27T09:30:00-04:00,0.875000,-1.062500,false,execution_costs_v1.0,,0.000000,,,0.000000,0.000000,,,,,,,,
2024-09-27,RIVN,BBG00741Y1P0,false,57,155,11.170000,11.310000,4912628.516300,365563333.042000,10918112154.870001,1.140306,1,0.003788,0,-0.001721,0,0.007988,0,-0.238754,0,-1.009835,0,-0.128382,0,1.253357,1,0.397251,1,32.467532,0,0,0,0.245670,0,50.000000,1,55.947137,2,54.032258,1,1.020509,2,0.009189,0,0.223659,1,ANALYST_ACTION,2,SINGLE_SOURCE,1,,0,6.317880,2,1.338406,0,365563333.042000,4,4912628.516300,4,23,23.000000,23.000000,19.166667,25,call_options_confirmation|analyst_revision_strength|positive_social_attention_acceleration|spread_quality|order_book_depth_quality,SPY,3,6.250000,alpha_v1.3_25m,,false,1,AVAILABLE,1,ANALYST_ACTION,OTHER,SINGLE_SOURCE,,NEGATIVE,NEGATIVE,NOT_SELECTED,BELOW_RESEARCH_THRESHOLD,PASS,false,,11.420000,11.840000,11.340000,11.590000,3.677758,-0.700525,1.488616,2024-09-27T11:42:00-04:00,0.875657,-0.087566,false,execution_costs_v1.0,,0.000000,,,0.000000,0.000000,,,,,,,,
2024-09-27,RKLB,BBG00Y61T0H6,false,48,138,8.690000,8.840000,2347830.453667,86687938.950000,4250630171.590000,1.577147,3,-0.022389,0,-0.020940,0,0.033244,2,-6.732681,0,-6.878750,0,0.594360,2,1.726122,1,0.882302,2,41.605839,0,1,1,0.800855,0,42.937853,0,47.682119,0,57.167888,2,0.990833,1,0.481954,0,0.253335,2,,0,UNVERIFIED,0,,0,5.387802,2,4.833142,1,86687938.950000,4,2347830.453667,3,26,26.000000,26.000000,21.666667,25,call_options_confirmation|analyst_revision_strength|positive_social_attention_acceleration|spread_quality|order_book_depth_quality,QQQ,11,22.916667,alpha_v1.3_25m,,false,0,AVAILABLE,0,,,UNVERIFIED,,,,NOT_SELECTED,BELOW_RESEARCH_THRESHOLD,PASS,true,3,8.870000,10.290000,8.842600,9.770000,16.009019,-0.308906,10.146561,2024-09-27T10:09:00-04:00,10.930101,10.378805,false,execution_costs_v1.0,,0.000000,,,0.000000,0.000000,,,,,,,,
2024-09-27,RUN,BBG0025XVR94,true,22,34,18.560000,18.850000,1061244.101667,135255373.594500,4075591550.720000,1.324362,2,-0.012194,0,-0.015673,0,0.012268,0,-0.695463,0,-8.654082,0,-0.458911,0,1.562500,1,0.203516,0,51.515152,1,0,0,0.345708,0,9.183673,0,32.412060,0,61.655012,2,1.857604,2,-0.548439,0,0.253335,2,,0,UNVERIFIED,0,,0,6.204318,2,1.993534,0,135255373.594500,4,1061244.101667,3,19,19.000000,19.000000,15.833333,25,call_options_confirmation|analyst_revision_strength|positive_social_attention_acceleration|spread_quality|order_book_depth_quality,QQQ,4,8.333333,alpha_v1.3_25m,,false,0,AVAILABLE,0,,,UNVERIFIED,,,,NOT_SELECTED,INSUFFICIENT_PREMARKET_BARS,PASS,false,,18.910000,19.450000,18.470000,18.500000,2.855632,-2.326811,-2.168165,2024-09-27T10:24:00-04:00,1.480698,-0.158646,false,execution_costs_v1.0,,0.000000,,,0.000000,0.000000,,,,,,,,
2024-09-27,RXRX,BBG00PQ4XJ54,true,21,38,7.170000,7.310000,283711.300367,33853023.795500,1682463960.240000,0.872948,0,0.044953,2,0.011935,0,0.025444,1,13.097257,4,-0.930899,0,1.422666,3,1.952580,1,0.789986,2,54.054054,1,2,2,0.959501,0,93.243243,4,62.797619,3,72.202487,4,-0.143791,0,1.008869,0,1.087503,4,,0,UNVERIFIED,0,,0,4.509863,2,5.160391,1,33853023.795500,3,283711.300367,1,38,38.000000,38.000000,31.666667,25,call_options_confirmation|analyst_revision_strength|positive_social_attention_acceleration|spread_quality|order_book_depth_quality,IWM,16,33.333333,alpha_v1.3_25m,22.916667,false,0,AVAILABLE,0,,,UNVERIFIED,,,,NOT_SELECTED,INSUFFICIENT_PREMARKET_BARS,PASS,false,,7.230000,7.300000,6.965000,6.980000,0.968188,-3.665284,-3.457815,2024-09-27T09:41:00-04:00,0.968188,-1.106501,false,execution_costs_v1.0,,0.000000,,,0.000000,0.000000,,,,,,,,
2024-09-27,S,BBG00B6F2F27,true,16,26,23.960000,23.886000,555327.351333,112238003.177000,7427786480.680000,2.505737,4,,,,,,,,,,,,,-0.308848,0,0.042700,0,36.000000,0,0,0,0.315712,0,,,,,,,-0.294092,0,-1.102259,0,1.087503,4,EARNINGS,4,SINGLE_SOURCE,1,1664.000000,0,3.774911,1,1.293823,0,112238003.177000,4,555327.351333,2,20,20.000000,20.000000,16.666667,25,call_options_confirmation|analyst_revision_strength|positive_social_attention_acceleration|spread_quality|order_book_depth_quality,IWM,4,8.333333,alpha_v1.3_25m,,false,1,AVAILABLE,1,EARNINGS,OTHER,SINGLE_SOURCE,1664.000000,POSITIVE,UNKNOWN,NOT_SELECTED,INSUFFICIENT_PREMARKET_BARS,PASS,false,,24.000000,24.130000,23.750000,24.080000,0.541667,-1.041667,0.333333,2024-09-27T15:55:00-04:00,0.458333,-0.187500,false,execution_costs_v1.0,,0.000000,,,0.000000,0.000000,,,,,,,,
2024-09-27,SAVA,BBG001SCKXX9,false,52,118,31.870000,28.001500,12374853.417600,46069709.261750,1378242307.460000,57.109763,4,0.004807,0,0.031492,2,-0.020116,0,9.431375,4,1.409451,3,0.321367,1,-12.138375,0,-0.204187,0,50.427350,1,2,2,1.003059,1,50.044157,1,46.858328,0,45.132819,0,-0.143791,0,-13.082086,0,1.087503,4,,0,UNVERIFIED,0,,0,7.185956,3,7.907123,2,46069709.261750,3,12374853.417600,4,35,35.000000,35.000000,29.166667,25,call_options_confirmation|analyst_revision_strength|positive_social_attention_acceleration|spread_quality|order_book_depth_quality,IWM,18,37.500000,alpha_v1.3_25m,43.750000,false,0,AVAILABLE,0,,,UNVERIFIED,,,,NOT_SELECTED,BELOW_RESEARCH_THRESHOLD,PASS,false,,28.075000,30.330000,26.100000,28.490000,8.032057,-7.034728,1.478183,2024-09-27T10:09:00-04:00,4.719501,3.650935,false,execution_costs_v1.0,,0.000000,,,0.000000,0.000000,,,,,,,,
2024-09-27,SEDG,BBG0084BC0P2,true,18,26,21.610000,22.260000,448713.539000,76543678.234500,1234493357.030000,0.453250,0,,,0.014181,0,,,,,-3.015020,0,,,3.007867,2,1.325336,3,64.000000,2,0,0,0.336635,0,,,56.656805,2,,,1.023436,2,0.896928,0,1.087503,4,,0,UNVERIFIED,0,,0,8.074370,3,2.556687,0,76543678.234500,4,448713.539000,1,23,23.000000,23.000000,19.166667,25,call_options_confirmation|analyst_revision_strength|positive_social_attention_acceleration|spread_quality|order_book_depth_quality,IWM,7,14.583333,alpha_v1.3_25m,,false,0,AVAILABLE,0,,,UNVERIFIED,,,,NOT_SELECTED,INSUFFICIENT_PREMARKET_BARS,PASS,false,,22.340000,23.580000,22.260000,23.070000,5.550582,-0.358102,3.267681,2024-09-27T11:09:00-04:00,4.162936,3.267681,false,execution_costs_v1.0,,0.000000,,,0.000000,0.000000,,,,,,,,
2024-09-27,SMR,BBG00YG48PG8,false,48,149,11.890000,11.750000,2054167.706000,50004759.957000,948951886.360000,1.018435,1,-0.075674,0,-0.019319,0,0.014408,0,5.779195,4,4.947210,4,1.663528,3,-1.177460,0,0.417690,1,36.486486,0,1,1,0.453470,0,36.991485,0,45.617879,0,51.100675,1,0.156665,0,-2.421628,0,1.087503,4,EARNINGS,4,SINGLE_SOURCE,1,3894.600000,0,8.635047,3,4.205214,1,50004759.957000,4,2054167.706000,3,35,35.000000,35.000000,29.166667,25,call_options_confirmation|analyst_revision_strength|positive_social_attention_acceleration|spread_quality|order_book_depth_quality,IWM,14,29.166667,alpha_v1.3_25m,,false,3,AVAILABLE,3,EARNINGS,OTHER,SINGLE_SOURCE,3894.600000,POSITIVE,UNKNOWN,NOT_SELECTED,BELOW_RESEARCH_THRESHOLD,PASS,false,,11.860000,13.100000,11.330000,12.550000,10.455312,-4.468803,5.817875,2024-09-27T12:59:00-04:00,1.433390,-3.414840,false,execution_costs_v1.0,,0.000000,,,0.000000,0.000000,,,,,,,,
2024-09-27,SOFI,BBG00YB1ZF08,false,58,145,7.760000,7.840000,5505024.086067,343667541.575500,8143023946.559999,1.053166,1,-0.010227,0,-0.010246,0,0.015359,1,-4.230939,0,-5.655709,0,-0.639910,0,1.030928,1,0.324644,1,28.472222,0,0,0,0.427490,0,33.974359,0,44.596818,0,56.684492,2,1.705478,2,-0.927886,0,0.253335,2,OTHER,1,SINGLE_SOURCE,1,1038.133333,1,3.920287,1,1.932990,0,343667541.575500,4,5505024.086067,4,22,22.000000,22.000000,18.333333,25,call_options_confirmation|analyst_revision_strength|positive_social_attention_acceleration|spread_quality|order_book_depth_quality,QQQ,4,8.333333,alpha_v1.3_25m,,false,1,AVAILABLE,1,OTHER,HIGH_QUALITY_WIRE,SINGLE_SOURCE,1038.133333,POSITIVE,UNKNOWN,NOT_SELECTED,BELOW_RESEARCH_THRESHOLD,PASS,false,,7.820000,8.095000,7.820000,7.950000,3.516624,0.000000,1.662404,2024-09-27T10:03:00-04:00,2.557545,2.305627,false,execution_costs_v1.0,,0.000000,,,0.000000,0.000000,,,,,,,,
2024-09-27,SOUN,BBG017304PD5,false,49,109,4.910000,4.940000,1628135.567667,57640050.360000,1517753471.600000,1.087269,1,-0.010768,0,-0.004279,0,0.012248,0,10.360546,4,-0.046134,0,-0.030478,0,0.610998,0,0.222373,0,28.703704,0,0,0,0.465827,0,37.436548,0,42.774566,0,53.449528,1,-0.294092,0,-0.182413,0,1.087503,4,OTHER,1,SINGLE_SOURCE,1,240.000000,3,4.364271,2,2.036660,0,57640050.360000,4,1628135.567667,3,24,24.000000,24.000000,20.000000,25,call_options_confirmation|analyst_revision_strength|positive_social_attention_acceleration|spread_quality|order_book_depth_quality,IWM,5,10.416667,alpha_v1.3_25m,,false,1,AVAILABLE,1,OTHER,OTHER,SINGLE_SOURCE,240.000000,POSITIVE,UNKNOWN,NOT_SELECTED,BELOW_RESEARCH_THRESHOLD,PASS,false,,4.940000,4.950000,4.740000,4.790000,0.202429,-4.048583,-3.036437,2024-09-27T09:30:00-04:00,0.202429,-1.653846,false,execution_costs_v1.0,,0.000000,,,0.000000,0.000000,,,,,,,,
2024-09-27,SPCE,BBG00HTN2DF3,true,12,19,6.030000,6.179000,73117.519267,8188900.949000,2412241278.390000,0.567229,0,,,,,,,,,,,,,2.470978,2,1.189628,3,38.888889,0,0,0,0.334120,0,,,,,,,0.156665,0,1.226810,0,1.087503,4,,0,UNVERIFIED,0,,0,6.798626,2,2.049751,0,8188900.949000,1,73117.519267,0,12,12.000000,12.000000,10.000000,25,call_options_confirmation|analyst_revision_strength|positive_social_attention_acceleration|spread_quality|order_book_depth_quality,IWM,5,10.416667,alpha_v1.3_25m,,false,0,AVAILABLE,0,,,UNVERIFIED,,,,NOT_SELECTED,LIQUIDITY_BELOW_MINIMUM|INSUFFICIENT_PREMARKET_BARS,REJECT,false,,6.170000,6.400000,6.120000,6.225000,3.727715,-0.810373,0.891410,2024-09-27T11:17:00-04:00,2.560778,1.591572,false,execution_costs_v1.0,,0.000000,,,0.000000,0.000000,,,,,,,,
2024-09-27,TIGR,BBG00NG4GWB3,false,37,207,4.810000,5.050000,4441455.002933,5443013.320500,753728462.240000,20.812682,4,0.018270,1,-0.019755,0,-0.029267,0,-5.440708,0,-4.275831,0,-1.954541,0,4.989605,3,-1.010583,0,37.864078,0,0,0,1.897314,3,75.000000,4,35.000000,0,48.214286,0,,,,,1.087503,4,,0,UNVERIFIED,0,,0,5.086130,2,9.147609,2,5443013.320500,1,4441455.002933,4,28,28.000000,28.000000,23.333333,25,call_options_confirmation|analyst_revision_strength|positive_social_attention_acceleration|spread_quality|order_book_depth_quality,IWM,11,22.916667,alpha_v1.3_25m,,false,0,AVAILABLE,0,,,UNVERIFIED,,,,NOT_SELECTED,BELOW_RESEARCH_THRESHOLD,PASS,false,,5.058000,5.250000,4.550000,4.580000,3.795967,-10.043495,-9.450376,2024-09-27T10:34:00-04:00,2.807434,1.720047,false,execution_costs_v1.0,,0.000000,,,0.000000,0.000000,,,,,,,,
2024-09-27,TLRY,BBG00L7XTPY9,true,29,51,1.740000,1.750500,213551.969867,36310433.311500,1313893430.580000,0.623841,0,0.054240,4,0.007549,4,0.002944,0,9.037790,4,7.344529,4,4.421379,4,0.603448,0,0.400147,1,26.000000,0,3,4,0.316521,0,67.213115,3,50.413223,1,50.248756,1,-0.143791,0,-0.340263,0,1.087503,4,OTHER,1,SINGLE_SOURCE,1,,0,4.068144,2,1.178161,0,36310433.311500,3,213551.969867,0,41,41.000000,41.000000,34.166667,25,call_options_confirmation|analyst_revision_strength|positive_social_attention_acceleration|spread_quality|order_book_depth_quality,IWM,25,52.083333,alpha_v1.3_25m,58.333333,false,1,AVAILABLE,1,OTHER,OTHER,SINGLE_SOURCE,,NEUTRAL,UNKNOWN,NOT_SELECTED,LIQUIDITY_BELOW_MINIMUM|INSUFFICIENT_PREMARKET_BARS,REJECT,false,,1.750000,1.770000,1.730000,1.730000,1.142857,-1.142857,-1.142857,2024-09-27T10:07:00-04:00,0.571429,-0.240000,false,execution_costs_v1.0,,0.000000,,,0.000000,0.000000,,,,,,,,
2024-09-27,TMDX,BBG00NZ6J701,true,13,18,144.560000,155.600000,3592622.200000,141882901.637250,4729326080.960000,20.163055,4,,,,,,,,,,,,,7.636967,4,0.152318,0,58.823529,1,0,0,0.485519,0,,,,,,,0.990833,1,6.392799,2,0.253335,2,,0,UNVERIFIED,0,,0,5.615780,2,2.580243,0,141882901.637250,4,3592622.200000,4,24,24.000000,24.000000,20.000000,25,call_options_confirmation|analyst_revision_strength|positive_social_attention_acceleration|spread_quality|order_book_depth_quality,QQQ,9,18.750000,alpha_v1.3_25m,,false,0,AVAILABLE,0,,,UNVERIFIED,,,,NOT_SELECTED,INSUFFICIENT_PREMARKET_BARS,PASS,false,,155.220000,160.800000,152.190000,159.080000,3.594898,-1.952068,2.486793,2024-09-27T11:11:00-04:00,2.196882,0.425203,false,execution_costs_v1.0,,0.000000,,,0.000000,0.000000,,,,,,,,
2024-09-27,TRMD,0001655891,true,16,50,35.360000,33.980000,1203172.935733,25144086.406500,3261686561.120000,2.033563,4,,,,,,,,,,,,,-3.902715,0,0.019013,0,44.897959,0,0,0,0.667217,0,,,,,,,,,,,0.253335,2,,0,UNVERIFIED,0,,0,2.720992,1,1.442308,0,25144086.406500,3,1203172.935733,3,13,13.000000,13.000000,10.833333,25,call_options_confirmation|analyst_revision_strength|positive_social_attention_acceleration|spread_quality|order_book_depth_quality,QQQ,4,8.333333,alpha_v1.3_25m,,false,0,AVAILABLE,0,,,UNVERIFIED,,,,NOT_SELECTED,INSUFFICIENT_PREMARKET_BARS,PASS,false,,34.010000,34.339900,33.780000,34.220000,0.970009,-0.676272,0.617465,2024-09-27T13:08:00-04:00,0.793884,-0.558659,false,execution_costs_v1.0,,0.000000,,,0.000000,0.000000,,,,,,,,
2024-09-27,U,BBG0056JW5H5,false,41,92,22.340000,22.640000,2632008.918267,351666861.667500,8621953841.520000,0.895442,0,-0.005227,0,0.009850,0,0.024569,1,0.855243,2,-2.598398,0,1.062208,3,1.342883,1,1.276669,3,41.758242,0,1,1,0.394386,0,47.916667,0,54.166667,1,63.084112,3,-0.294092,0,0.549472,0,1.087503,4,,0,UNVERIFIED,0,,0,6.625496,2,2.864816,0,351666861.667500,4,2632008.918267,4,29,29.000000,29.000000,24.166667,25,call_options_confirmation|analyst_revision_strength|positive_social_attention_acceleration|spread_quality|order_book_depth_quality,IWM,11,22.916667,alpha_v1.3_25m,,false,0,AVAILABLE,0,,,UNVERIFIED,,,,NOT_SELECTED,BELOW_RESEARCH_THRESHOLD,PASS,false,,22.580000,23.295000,22.270000,22.580000,3.166519,-1.372896,0.000000,2024-09-27T10:45:00-04:00,2.745793,2.701506,false,execution_costs_v1.0,,0.000000,,,0.000000,0.000000,,,,,,,,
2024-09-27,UEC,BBG001SK6158,true,21,69,6.370000,6.340000,1246104.070667,46203855.346000,2574374367.110000,3.489129,4,,,,,0.024487,1,,,,,4.870169,4,-0.470958,0,1.566865,3,39.705882,0,1,1,1.389235,2,,,,,53.910513,1,-0.662421,0,-0.896039,0,1.087503,4,,0,UNVERIFIED,0,,0,5.800179,2,8.791209,2,46203855.346000,3,1246104.070667,3,30,30.000000,30.000000,25.000000,25,call_options_confirmation|analyst_revision_strength|positive_social_attention_acceleration|spread_quality|order_book_depth_quality,IWM,15,31.250000,alpha_v1.3_25m,,false,0,AVAILABLE,0,,,UNVERIFIED,,,,NOT_SELECTED,INSUFFICIENT_PREMARKET_BARS,PASS,false,,6.370000,6.490000,6.180000,6.360000,1.883830,-2.982732,-0.156986,2024-09-27T09:32:00-04:00,1.883830,1.097331,false,execution_costs_v1.0,,0.000000,,,0.000000,0.000000,,,,,,,,
2024-09-27,UPST,BBG00PKCBY62,false,48,84,40.890000,41.740000,6634658.948567,295119203.114000,3534133494.960000,0.816757,0,-0.010918,0,-0.024910,0,0.022279,1,-1.861505,0,-5.739645,0,-0.960932,0,2.078748,2,0.201281,0,54.216867,1,0,0,0.690526,0,37.101313,0,38.434850,0,58.433821,2,1.705478,2,0.119934,0,0.253335,2,,0,UNVERIFIED,0,,0,7.221640,3,5.157496,1,295119203.114000,4,6634658.948567,4,22,22.000000,22.000000,18.333333,25,call_options_confirmation|analyst_revision_strength|positive_social_attention_acceleration|spread_quality|order_book_depth_quality,QQQ,4,8.333333,alpha_v1.3_25m,,false,0,AVAILABLE,0,,,UNVERIFIED,,,,NOT_SELECTED,BELOW_RESEARCH_THRESHOLD,PASS,false,,41.710000,42.550000,39.720000,40.850000,2.013906,-4.771038,-2.061856,2024-09-27T10:45:00-04:00,0.934788,-0.263726,false,execution_costs_v1.0,,0.000000,,,0.000000,0.000000,,,,,,,,
2024-09-27,VFC,BBG001S5X749,true,13,18,19.250000,19.475000,450815.368667,132059319.466000,7484707153.000000,2.986804,4,,,,,,,,,,,,,1.168831,1,0.222848,0,41.176471,0,0,0,0.347678,0,,,,,,,0.156665,0,-0.075337,0,1.087503,4,OTHER,1,SINGLE_SOURCE,1,2205.000000,0,3.946197,1,1.298701,0,132059319.466000,4,450815.368667,1,17,17.000000,17.000000,14.166667,25,call_options_confirmation|analyst_revision_strength|positive_social_attention_acceleration|spread_quality|order_book_depth_quality,IWM,5,10.416667,alpha_v1.3_25m,,false,1,AVAILABLE,1,OTHER,OTHER,SINGLE_SOURCE,2205.000000,POSITIVE,UNKNOWN,NOT_SELECTED,INSUFFICIENT_PREMARKET_BARS,PASS,false,,19.410000,19.945000,19.240000,19.590000,2.756311,-0.875837,0.927357,2024-09-27T10:49:00-04:00,0.978877,-0.257599,false,execution_costs_v1.0,,0.000000,,,0.000000,0.000000,,,,,,,,
2024-09-27,VKTX,BBG006LGV887,true,17,28,62.320000,61.810000,1651391.120800,202502392.678000,6726196914.480000,0.610943,0,-0.014997,0,0.009068,0,,,12.428083,4,0.042819,0,,,-0.818357,0,-0.285269,0,33.333333,0,1,1,0.215176,0,25.641026,0,54.540868,1,,,0.690376,1,-1.762068,0,0.253335,2,EARNINGS,4,SINGLE_SOURCE,1,325.000000,3,6.532734,2,1.339217,0,202502392.678000,4,1651391.120800,3,26,26.000000,26.000000,21.666667,25,call_options_confirmation|analyst_revision_strength|positive_social_attention_acceleration|spread_quality|order_book_depth_quality,QQQ,5,10.416667,alpha_v1.3_25m,,false,2,AVAILABLE,2,EARNINGS,OTHER,SINGLE_SOURCE,325.000000,NEUTRAL,UNKNOWN,NOT_SELECTED,INSUFFICIENT_PREMARKET_BARS,PASS,false,,62.510000,63.220000,61.290000,61.680000,1.135818,-1.951688,-1.327788,2024-09-27T10:48:00-04:00,0.000000,-1.103024,false,execution_costs_v1.0,,0.000000,,,0.000000,0.000000,,,,,,,,
2024-09-27,W,BBG001THKQ26,true,22,22,54.160000,55.300000,1043393.687667,208043983.340500,6522396457.200000,1.261920,2,,,0.009367,0,0.036281,2,,,-3.531055,0,0.714958,2,2.104874,2,0.435244,1,47.619048,0,1,1,0.427774,0,,,57.401925,2,63.484358,3,-0.500648,0,1.518020,0,1.087503,4,,0,UNVERIFIED,0,,0,5.415251,2,2.170421,0,208043983.340500,4,1043393.687667,3,28,28.000000,28.000000,23.333333,25,call_options_confirmation|analyst_revision_strength|positive_social_attention_acceleration|spread_quality|order_book_depth_quality,IWM,10,20.833333,alpha_v1.3_25m,,false,0,AVAILABLE,0,,,UNVERIFIED,,,,NOT_SELECTED,INSUFFICIENT_PREMARKET_BARS,PASS,false,,55.530000,57.750000,54.870000,56.690000,3.997839,-1.188547,2.088961,2024-09-27T10:26:00-04:00,0.396182,0.162075,false,execution_costs_v1.0,,0.000000,,,0.000000,0.000000,,,,,,,,
2024-09-27,WBA,BBG001S5XBY7,false,30,67,8.520000,8.570000,663174.463667,188526103.044500,7350317878.320000,0.899883,0,-0.007017,0,0.002404,0,0.004208,0,5.165758,4,-3.012620,0,0.661736,2,0.586854,0,0.123733,0,34.848485,0,1,1,0.182181,0,33.333333,0,50.314465,1,50.000000,1,0.333519,0,0.000000,0,0.253335,2,OTHER,1,SINGLE_SOURCE,1,,0,3.940392,1,0.704225,0,188526103.044500,4,663174.463667,2,20,20.000000,20.000000,16.666667,25,call_options_confirmation|analyst_revision_strength|positive_social_attention_acceleration|spread_quality|order_book_depth_quality,QQQ,7,14.583333,alpha_v1.3_25m,,false,2,AVAILABLE,2,OTHER,OTHER,SINGLE_SOURCE,,NEUTRAL,UNKNOWN,NOT_SELECTED,BELOW_RESEARCH_THRESHOLD,PASS,false,,8.610000,9.200000,8.600000,9.060000,6.852497,-0.116144,5.226481,2024-09-27T11:49:00-04:00,5.458769,5.052265,false,execution_costs_v1.0,,0.000000,,,0.000000,0.000000,,,,,,,,
2024-09-27,WOLF,BBG001S6YWT4,false,37,63,9.210000,9.420000,739065.651400,94901602.570500,1158625561.410000,1.095124,1,0.013986,0,-0.005905,0,0.034781,2,4.808256,4,-2.502823,0,-0.827554,0,2.280130,2,0.684354,2,37.096774,0,1,1,0.567947,0,52.780868,1,41.300565,0,55.945303,2,1.023436,2,0.169191,0,1.087503,4,,0,UNVERIFIED,0,,0,8.644020,3,5.211726,1,94901602.570500,4,739065.651400,2,31,31.000000,31.000000,25.833333,25,call_options_confirmation|analyst_revision_strength|positive_social_attention_acceleration|spread_quality|order_book_depth_quality,IWM,12,25.000000,alpha_v1.3_25m,,false,0,AVAILABLE,0,,,UNVERIFIED,,,,NOT_SELECTED,BELOW_RESEARCH_THRESHOLD,PASS,false,,9.370000,10.220000,9.350000,10.150000,9.071505,-0.213447,8.324440,2024-09-27T15:55:00-04:00,6.723586,2.614728,false,execution_costs_v1.0,,0.000000,,,0.000000,0.000000,,,,,,,,
2024-09-27,WULF,BBG0122MC919,false,49,112,5.070000,5.180000,1787914.912200,83849331.303750,1532332965.930000,1.298504,2,-0.021311,0,-0.024133,0,0.015531,1,-12.344841,0,-1.000345,0,1.082858,3,2.169625,2,0.038730,0,37.837838,0,1,1,0.273756,0,44.444444,0,42.877561,0,52.513128,1,0.871311,1,0.210812,0,1.087503,4,,0,UNVERIFIED,0,,0,8.908988,3,2.564103,0,83849331.303750,4,1787914.912200,3,25,25.000000,25.000000,20.833333,25,call_options_confirmation|analyst_revision_strength|positive_social_attention_acceleration|spread_quality|order_book_depth_quality,IWM,9,18.750000,alpha_v1.3_25m,,false,0,AVAILABLE,0,,,UNVERIFIED,,,,NOT_SELECTED,BELOW_RESEARCH_THRESHOLD,PASS,false,,5.180000,5.190000,4.821000,4.940000,0.193050,-6.930502,-4.633205,2024-09-27T09:30:00-04:00,0.193050,-2.992278,false,execution_costs_v1.0,,0.000000,,,0.000000,0.000000,,,,,,,,
2024-09-27,WVE,0001631574,true,11,20,8.020000,8.300000,136131.092167,16501130.933500,980718794.780000,0.219119,0,,,,,,,,,,,,,3.491272,2,-0.148381,0,36.842105,0,0,0,0.417132,0,,,,,,,-0.143791,0,2.547560,1,1.087503,4,EARNINGS,4,SINGLE_SOURCE,1,1269.833333,1,8.848415,3,3.117207,1,16501130.933500,2,136131.092167,0,19,19.000000,19.000000,15.833333,25,call_options_confirmation|analyst_revision_strength|positive_social_attention_acceleration|spread_quality|order_book_depth_quality,IWM,2,4.166667,alpha_v1.3_25m,,false,1,AVAILABLE,1,EARNINGS,HIGH_QUALITY_WIRE,SINGLE_SOURCE,1269.833333,POSITIVE,UNKNOWN,NOT_SELECTED,LIQUIDITY_BELOW_MINIMUM|INSUFFICIENT_PREMARKET_BARS,REJECT,false,,8.350000,8.440000,8.100000,8.280000,1.077844,-2.994012,-0.838323,2024-09-27T11:34:00-04:00,0.808383,-0.838323,false,execution_costs_v1.0,,0.000000,,,0.000000,0.000000,,,,,,,,
2024-09-27,WYNN,BBG001SJZ2V8,false,35,99,91.030000,92.890000,14433018.862500,201542432.342000,10201443443.870001,10.762614,4,0.059390,4,0.005359,4,0.000170,0,12.164858,4,7.407904,4,4.441801,4,2.043282,2,-0.069850,0,26.530612,0,3,4,1.256490,2,73.737374,4,60.000000,2,57.681325,2,,,,,0.223659,1,,0,UNVERIFIED,0,,0,2.783109,1,2.856201,0,201542432.342000,4,14433018.862500,4,50,50.000000,50.000000,41.666667,25,call_options_confirmation|analyst_revision_strength|positive_social_attention_acceleration|spread_quality|order_book_depth_quality,SPY,32,66.666667,alpha_v1.3_25m,70.833333,true,0,AVAILABLE,0,,,UNVERIFIED,,,,REVERSAL_EXPLORATION,,PASS,false,,92.660000,97.820000,92.660000,97.630000,5.568746,0.000000,5.363695,2024-09-27T15:55:00-04:00,3.993093,3.081157,false,execution_costs_v1.0,TRAILING_STOP,2.953162,0.530310,1.000000,2.650030,30.313231,0.475876,SESSION_END,5.363695,0.963178,4.101226,5.079225,28.447011,0.912095
2024-09-27,ZETA,BBG010FXVQB5,true,17,27,29.750000,30.200000,549110.414333,104446115.456000,6497899234.750000,0.460089,0,,,-0.023081,0,,,,,-8.161325,0,,,1.512605,1,0.426433,1,57.692308,1,0,0,0.659825,0,,,48.958333,0,,,-0.294092,0,0.719194,0,1.087503,4,,0,UNVERIFIED,0,,0,3.840024,1,2.890756,0,104446115.456000,4,549110.414333,2,14,14.000000,14.000000,11.666667,25,call_options_confirmation|analyst_revision_strength|positive_social_attention_acceleration|spread_quality|order_book_depth_quality,IWM,3,6.250000,alpha_v1.3_25m,,false,0,AVAILABLE,0,,,UNVERIFIED,,,,NOT_SELECTED,INSUFFICIENT_PREMARKET_BARS,PASS,false,,29.890000,30.066500,28.912700,29.505000,0.590498,-3.269655,-1.288056,2024-09-27T09:30:00-04:00,0.590498,-2.977250,false,execution_costs_v1.0,,0.000000,,,0.000000,0.000000,,,,,,,,
2024-09-27,ZIM,0001654126,true,14,40,23.520000,23.658500,986522.199400,103917293.384500,2829945310.080000,0.737899,0,0.013569,0,0.011650,0,,,14.059358,4,-8.013942,0,,,0.588861,0,0.483410,1,51.282051,1,1,1,0.220849,0,95.454545,4,86.320255,4,,,,,,,1.087503,4,,0,UNVERIFIED,0,,0,4.640306,2,1.020408,0,103917293.384500,4,986522.199400,2,27,27.000000,27.000000,22.500000,25,call_options_confirmation|analyst_revision_strength|positive_social_attention_acceleration|spread_quality|order_book_depth_quality,IWM,7,14.583333,alpha_v1.3_25m,10.416667,false,0,AVAILABLE,0,,,UNVERIFIED,,,,NOT_SELECTED,INSUFFICIENT_PREMARKET_BARS,PASS,false,,23.680000,25.130000,23.600000,24.250000,6.123311,-0.337838,2.407095,2024-09-27T12:08:00-04:00,5.363176,4.814189,false,execution_costs_v1.0,,0.000000,,,0.000000,0.000000,,,,,,,,
