trading_date,ticker,stable_security_id,premarket_real_bars_60m,scorable,open_0930,close,day_mfe_pct,close_vs_open_pct,top_10_mover,realized_return_pct,cost_model_id,execution_policy_v1.0_net_realized_return_pct,execution_policy_v1.0_cost_bps,execution_policy_v1.0_net_capture_ratio,execution_policy_atr_v1.0_net_realized_return_pct,execution_policy_atr_v1.0_cost_bps,execution_policy_atr_v1.0_net_capture_ratio
2024-09-12,AA,BBG00B3T3HF1,24,true,30.990000,31.350000,2.484672,1.161665,false,0.000000,execution_costs_v1.0,0.000000,0.000000,,,,
2024-09-12,AAL,BBG005P7Q907,47,true,11.030000,10.895000,0.951949,-1.223935,false,0.000000,execution_costs_v1.0,0.000000,0.000000,,,,
2024-09-12,AAN,BBG00WCNDDH4,0,false,10.070000,10.110000,0.496524,0.397219,false,0.000000,execution_costs_v1.0,0.000000,0.000000,,,,
2024-09-12,AAOI,BBG001SG47G4,8,false,13.470000,14.530000,11.284336,7.869339,false,0.000000,execution_costs_v1.0,0.000000,0.000000,,,,
2024-09-12,AAON,BBG001S6CZK0,0,false,91.800000,93.470000,1.884532,1.819172,false,0.000000,execution_costs_v1.0,0.000000,0.000000,,,,
2024-09-12,AAP,BBG001SD2SB2,3,false,38.790000,39.470000,1.881928,1.753029,false,0.000000,execution_costs_v1.0,0.000000,0.000000,,,,
2024-09-12,AAT,BBG001TCBJS5,0,false,25.940000,26.340000,2.332305,1.542020,false,0.000000,execution_costs_v1.0,0.000000,0.000000,,,,
2024-09-12,AB,BBG001S5N9S0,0,false,33.890000,34.230000,1.150782,1.003246,false,0.000000,execution_costs_v1.0,0.000000,0.000000,,,,
2024-09-12,ABCB,BBG001S80PX7,0,false,59.400000,59.260000,0.101010,-0.235690,false,0.000000,execution_costs_v1.0,0.000000,0.000000,,,,
2024-09-12,ABCL,BBG00LLW2MH0,1,false,2.720000,2.675000,0.735294,-1.654412,false,0.000000,execution_costs_v1.0,0.000000,0.000000,,,,
2024-09-12,ABG,BBG001S9B5H5,0,false,215.590000,212.770000,0.366436,-1.308038,false,0.000000,execution_costs_v1.0,0.000000,0.000000,,,,
2024-09-12,ABL,BBG00VY1KBC1,0,false,9.930000,10.050000,1.208459,1.208459,false,0.000000,execution_costs_v1.0,0.000000,0.000000,,,,
2024-09-12,ABM,BBG001S5N9B8,0,false,49.370000,49.350000,0.931740,-0.040510,false,0.000000,execution_costs_v1.0,0.000000,0.000000,,,,
2024-09-12,ABR,BBG001SJP3G4,1,false,13.470000,14.010000,4.008909,4.008909,false,0.000000,execution_costs_v1.0,0.000000,0.000000,,,,
2024-09-12,ABSI,BBG011N54DC3,2,false,3.670000,3.680000,2.997275,0.272480,false,0.000000,execution_costs_v1.0,0.000000,0.000000,,,,
2024-09-12,ABUS,BBG001S6RSK0,0,false,4.600000,4.320000,0.108696,-6.086957,false,0.000000,execution_costs_v1.0,0.000000,0.000000,,,,
2024-09-12,AC,BBG008NZ8QB1,0,false,32.790000,33.000000,0.640439,0.640439,false,0.000000,execution_costs_v1.0,0.000000,0.000000,,,,
2024-09-12,ACA,BBG00JGMWGB9,0,false,85.810000,87.850000,2.680340,2.377345,false,0.000000,execution_costs_v1.0,0.000000,0.000000,,,,
2024-09-12,ACAD,BBG001SB06N3,0,false,15.960000,15.940000,0.877193,-0.125313,false,0.000000,execution_costs_v1.0,0.000000,0.000000,,,,
2024-09-12,ACB,BBG001SV77D1,0,false,5.610000,5.640000,1.426025,0.534759,false,0.000000,execution_costs_v1.0,0.000000,0.000000,,,,
2024-09-12,ACCD,BBG00S2L1ZR1,0,false,3.920000,3.930000,3.571429,0.255102,false,0.000000,execution_costs_v1.0,0.000000,0.000000,,,,
2024-09-12,ACCO,BBG001SPBTK3,0,false,5.190000,5.215000,1.059730,0.481696,false,0.000000,execution_costs_v1.0,0.000000,0.000000,,,,
2024-09-12,ACDC,BBG013PRYQC7,1,false,5.920000,6.110000,5.320946,3.209459,false,0.000000,execution_costs_v1.0,0.000000,0.000000,,,,
2024-09-12,ACEL,BBG00GX221Z0,0,false,11.350000,11.420000,1.277533,0.616740,false,0.000000,execution_costs_v1.0,0.000000,0.000000,,,,
2024-09-12,ACGLN,0000947484,0,false,20.490000,20.470000,0.434846,-0.097609,false,0.000000,execution_costs_v1.0,0.000000,0.000000,,,,
2024-09-12,ACHC,BBG001SNNWL7,0,false,77.330000,77.370000,1.086254,0.051726,false,0.000000,execution_costs_v1.0,0.000000,0.000000,,,,
2024-09-12,ACHR,BBG00XRTC929,17,true,3.270000,3.310000,2.140673,1.223242,false,0.000000,execution_costs_v1.0,0.000000,0.000000,,,,
2024-09-12,ACI,BBG009KG1741,0,false,18.550000,19.000000,2.641509,2.425876,false,0.000000,execution_costs_v1.0,0.000000,0.000000,,,,
2024-09-12,ACIC,BBG001T09W05,0,false,10.680000,10.730000,3.558052,0.468165,false,0.000000,execution_costs_v1.0,0.000000,0.000000,,,,
2024-09-12,ACIU,0001651625,0,false,3.050000,3.042000,0.000000,-0.262295,false,0.000000,execution_costs_v1.0,0.000000,0.000000,,,,
2024-09-12,ACIW,BBG001S9KLL5,0,false,47.230000,47.390000,1.016303,0.338768,false,0.000000,execution_costs_v1.0,0.000000,0.000000,,,,
2024-09-12,ACLS,BBG001SF8W86,0,false,101.880000,99.620000,0.000000,-2.218296,false,0.000000,execution_costs_v1.0,0.000000,0.000000,,,,
2024-09-12,ACLX,BBG00QHJM4W4,0,false,74.880000,74.710000,0.667735,-0.227030,false,0.000000,execution_costs_v1.0,0.000000,0.000000,,,,
2024-09-12,ACM,BBG001SKTTF1,0,false,96.160000,96.570000,1.554700,0.426373,false,0.000000,execution_costs_v1.0,0.000000,0.000000,,,,
2024-09-12,ACMR,BBG00HPSG942,2,false,16.570000,16.270000,0.482800,-1.810501,false,0.000000,execution_costs_v1.0,0.000000,0.000000,,,,
2024-09-12,ACNB,BBG001S6CVZ3,0,false,40.650000,41.300000,2.533825,1.599016,false,0.000000,execution_costs_v1.0,0.000000,0.000000,,,,
2024-09-12,ACRE,BBG0022MMR46,1,false,7.050000,7.240000,2.695035,2.695035,false,0.000000,execution_costs_v1.0,0.000000,0.000000,,,,
2024-09-12,ACT,BBG00WSNP4S2,0,false,35.320000,35.530000,0.891846,0.594564,false,0.000000,execution_costs_v1.0,0.000000,0.000000,,,,
2024-09-12,ACTG,BBG001SJLJT9,0,false,4.680000,4.760000,2.243590,1.709402,false,0.000000,execution_costs_v1.0,0.000000,0.000000,,,,
2024-09-12,ACVA,BBG00G5JGQ75,0,false,19.840000,19.950000,1.663306,0.554435,false,0.000000,execution_costs_v1.0,0.000000,0.000000,,,,
2024-09-12,ADC,BBG001S6RY81,0,false,75.880000,75.870000,0.342646,-0.013179,false,0.000000,execution_costs_v1.0,0.000000,0.000000,,,,
2024-09-12,ADEA,BBG00RBFBL78,0,false,11.550000,11.540000,1.125541,-0.086580,false,0.000000,execution_costs_v1.0,0.000000,0.000000,,,,
2024-09-12,ADMA,BBG002NCK5N4,6,false,16.970000,17.650000,5.391868,4.007071,false,0.000000,execution_costs_v1.0,0.000000,0.000000,,,,
2024-09-12,ADNT,0001670541,1,false,20.060000,19.900000,0.997009,-0.797607,false,0.000000,execution_costs_v1.0,0.000000,0.000000,,,,
2024-09-12,ADPT,BBG001V0GG18,1,false,4.400000,4.300000,0.909091,-2.272727,false,0.000000,execution_costs_v1.0,0.000000,0.000000,,,,
2024-09-12,ADSE,0001879248,0,false,13.150000,13.060000,2.471483,-0.684411,false,0.000000,execution_costs_v1.0,0.000000,0.000000,,,,
2024-09-12,ADT,BBG001S6VGG6,0,false,6.900000,6.915000,0.724638,0.217391,false,0.000000,execution_costs_v1.0,0.000000,0.000000,,,,
2024-09-12,ADTN,BBG0169CH7Y8,0,false,5.200000,5.250000,2.596154,0.961538,false,0.000000,execution_costs_v1.0,0.000000,0.000000,,,,
2024-09-12,ADUS,BBG001T56D18,0,false,129.150000,128.430000,0.278746,-0.557491,false,0.000000,execution_costs_v1.0,0.000000,0.000000,,,,
2024-09-12,ADV,BBG00PPWZ8G3,0,false,3.640000,3.670000,1.510989,0.824176,false,0.000000,execution_costs_v1.0,0.000000,0.000000,,,,
2024-09-12,AEG,BBG001S6Y6M8,2,false,5.850000,5.925000,1.367521,1.282051,false,0.000000,execution_costs_v1.0,0.000000,0.000000,,,,
2024-09-12,AEHR,BBG001SB1CS4,1,false,12.900000,12.760000,1.550388,-1.085271,false,0.000000,execution_costs_v1.0,0.000000,0.000000,,,,
2024-09-12,AEIS,BBG001S8L5Z6,0,false,96.940000,96.090000,0.288838,-0.876831,false,0.000000,execution_costs_v1.0,0.000000,0.000000,,,,
2024-09-12,AEO,BBG001S7Q949,4,false,19.130000,19.330000,1.855724,1.045478,false,0.000000,execution_costs_v1.0,0.000000,0.000000,,,,
2024-09-12,AES,BBG001S6B1L5,2,false,17.950000,18.120000,2.701950,0.947075,false,0.000000,execution_costs_v1.0,0.000000,0.000000,,,,
2024-09-12,AESI,BBG01JFZ96Y3,0,false,20.000000,20.160000,1.900000,0.800000,false,0.000000,execution_costs_v1.0,0.000000,0.000000,,,,
2024-09-12,AFG,BBG001S8JK86,0,false,132.500000,133.240000,0.664151,0.558491,false,0.000000,execution_costs_v1.0,0.000000,0.000000,,,,
2024-09-12,AFRM,BBG00Y7BP8Z0,37,true,40.030000,41.760000,4.621534,4.321759,false,0.000000,execution_costs_v1.0,0.000000,0.000000,,,,
2024-09-12,AFYA,0001771007,0,false,15.890000,16.130000,2.202643,1.510384,false,0.000000,execution_costs_v1.0,0.000000,0.000000,,,,
2024-09-12,AG,BBG001SGV444,26,true,5.300000,5.790000,10.754717,9.245283,false,0.000000,execution_costs_v1.0,0.000000,0.000000,,,,
2024-09-12,AGCO,BBG001S7WHW3,0,false,89.000000,89.330000,0.516854,0.370787,false,0.000000,execution_costs_v1.0,0.000000,0.000000,,,,
2024-09-12,AGEN,BBG001SDV370,0,false,5.630000,5.920000,9.058615,5.150977,false,0.000000,execution_costs_v1.0,0.000000,0.000000,,,,
2024-09-12,AGI,BBG009HT65S0,14,true,19.300000,20.040000,4.663212,3.834197,false,0.000000,execution_costs_v1.0,0.000000,0.000000,,,,
2024-09-12,AGIO,BBG001T8R687,0,false,44.300000,44.940000,2.573363,1.444695,false,0.000000,execution_costs_v1.0,0.000000,0.000000,,,,
2024-09-12,AGL,BBG00HCYVQR3,0,false,3.200000,3.310000,6.250000,3.437500,false,0.000000,execution_costs_v1.0,0.000000,0.000000,,,,
2024-09-12,AGM,BBG001SCWNB2,0,false,183.450000,185.000000,1.988716,0.844917,false,0.000000,execution_costs_v1.0,0.000000,0.000000,,,,
2024-09-12,AGNC,BBG001T074G2,18,true,10.202000,10.230000,0.372476,0.274456,false,0.000000,execution_costs_v1.0,0.000000,0.000000,,,,
2024-09-12,AGO,0001273813,0,false,76.320000,77.030000,1.808176,0.930294,false,0.000000,execution_costs_v1.0,0.000000,0.000000,,,,
2024-09-12,AGR,BBG00B8NWRH3,0,false,35.760000,35.740000,0.139821,-0.055928,false,0.000000,execution_costs_v1.0,0.000000,0.000000,,,,
2024-09-12,AGRO,0001499505,0,false,11.360000,11.380000,0.572183,0.176056,false,0.000000,execution_costs_v1.0,0.000000,0.000000,,,,
2024-09-12,AGS,BBG00JKZKM16,0,false,11.280000,11.310000,0.354610,0.265957,false,0.000000,execution_costs_v1.0,0.000000,0.000000,,,,
2024-09-12,AGX,BBG001SJP7D8,0,false,88.400000,88.720000,2.873303,0.361991,false,0.000000,execution_costs_v1.0,0.000000,0.000000,,,,
2024-09-12,AGYS,BBG001S5V6V3,0,false,102.510000,101.100000,0.756024,-1.375476,false,0.000000,execution_costs_v1.0,0.000000,0.000000,,,,
2024-09-12,AHCO,BBG00KJQVGW2,0,false,11.310000,10.795000,0.000000,-4.553492,false,0.000000,execution_costs_v1.0,0.000000,0.000000,,,,
2024-09-12,AHH,BBG004CYX1N9,0,false,11.790000,11.860000,1.229856,0.593723,false,0.000000,execution_costs_v1.0,0.000000,0.000000,,,,
2024-09-12,AHR,BBG01L820DT9,1,false,22.820000,23.700000,4.031551,3.856266,false,0.000000,execution_costs_v1.0,0.000000,0.000000,,,,
2024-09-12,AI,BBG00Y6G6Y84,24,true,21.530000,22.870000,6.223874,6.223874,false,0.000000,execution_costs_v1.0,0.000000,0.000000,,,,
2024-09-12,AIN,BBG001S5VKN1,0,false,84.990000,84.870000,0.670667,-0.141193,false,0.000000,execution_costs_v1.0,0.000000,0.000000,,,,
2024-09-12,AIR,BBG001S5NJX2,0,false,64.960000,65.900000,2.016626,1.447044,false,0.000000,execution_costs_v1.0,0.000000,0.000000,,,,
2024-09-12,AIRJ,BBG014FPNHD1,0,false,6.150000,7.000000,13.821138,13.821138,false,0.000000,execution_costs_v1.0,0.000000,0.000000,,,,
2024-09-12,AIT,BBG001S5NK14,0,false,198.570000,202.040000,1.946417,1.747495,false,0.000000,execution_costs_v1.0,0.000000,0.000000,,,,
2024-09-12,AIV,BBG001S876N3,0,false,8.970000,8.990000,1.170569,0.222965,false,0.000000,execution_costs_v1.0,0.000000,0.000000,,,,
2024-09-12,AIZ,BBG001SD9DW5,0,false,189.030000,191.380000,1.523568,1.243189,false,0.000000,execution_costs_v1.0,0.000000,0.000000,,,,
2024-09-12,AKAM,BBG001S7YHX0,0,false,96.720000,97.320000,1.080438,0.620347,false,0.000000,execution_costs_v1.0,0.000000,0.000000,,,,
2024-09-12,AKBA,BBG001T922S9,7,false,1.420000,1.430000,4.225352,0.704225,false,0.000000,execution_costs_v1.0,0.000000,0.000000,,,,
2024-09-12,AKR,BBG001S7KXT5,0,false,22.530000,22.900000,1.864181,1.642255,false,0.000000,execution_costs_v1.0,0.000000,0.000000,,,,
2024-09-12,AKRO,BBG00L9211Z7,0,false,25.690000,25.710000,0.583885,0.077851,false,0.000000,execution_costs_v1.0,0.000000,0.000000,,,,
2024-09-12,AL,BBG001T92VD1,0,false,42.500000,42.680000,1.437647,0.423529,false,0.000000,execution_costs_v1.0,0.000000,0.000000,,,,
2024-09-12,ALAB,BBG00TDKHWK6,10,true,41.790000,41.360000,1.220388,-1.028954,false,0.000000,execution_costs_v1.0,0.000000,0.000000,,,,
2024-09-12,ALB,BBG001S7SBP9,9,false,89.300000,88.530000,0.632699,-0.862262,false,0.000000,execution_costs_v1.0,0.000000,0.000000,,,,
2024-09-12,ALDX,BBG0029H8ZG5,1,false,6.240000,6.205000,1.282051,-0.560897,false,0.000000,execution_costs_v1.0,0.000000,0.000000,,,,
2024-09-12,ALE,BBG001S77110,1,false,63.700000,63.800000,0.156986,0.156986,false,0.000000,execution_costs_v1.0,0.000000,0.000000,,,,
2024-09-12,ALEC,BBG00N0PL214,0,false,5.870000,5.620000,0.000000,-4.258944,false,0.000000,execution_costs_v1.0,0.000000,0.000000,,,,
2024-09-12,ALEX,BBG00HS2GVM7,0,false,19.550000,19.690000,0.920716,0.716113,false,0.000000,execution_costs_v1.0,0.000000,0.000000,,,,
2024-09-12,ALG,BBG001S7YVC2,1,false,175.130000,175.730000,0.712328,0.342603,false,0.000000,execution_costs_v1.0,0.000000,0.000000,,,,
2024-09-12,ALGM,BBG00H5S83B8,0,false,21.700000,21.140000,0.668203,-2.580645,false,0.000000,execution_costs_v1.0,0.000000,0.000000,,,,
2024-09-12,ALGS,BBG00QX7QH77,0,false,14.380000,13.760000,12.934631,-4.311544,false,0.000000,execution_costs_v1.0,0.000000,0.000000,,,,
2024-09-12,ALGT,BBG001SQ25S5,0,false,41.970000,41.860000,2.168215,-0.262092,false,0.000000,execution_costs_v1.0,0.000000,0.000000,,,,
2024-09-12,ALHC,BBG00ZJ0DSS5,6,false,11.000000,11.560000,5.545455,5.090909,false,0.000000,execution_costs_v1.0,0.000000,0.000000,,,,
2024-09-12,ALIT,BBG00H00J2Q8,0,false,7.080000,7.160000,2.118644,1.129944,false,0.000000,execution_costs_v1.0,0.000000,0.000000,,,,
2024-09-12,ALK,BBG001S5NLG6,14,true,40.940000,39.940000,0.000000,-2.442599,false,0.000000,execution_costs_v1.0,0.000000,0.000000,,,,
2024-09-12,ALKS,0001520262,0,false,26.600000,26.560000,0.770677,-0.150376,false,0.000000,execution_costs_v1.0,0.000000,0.000000,,,,
2024-09-12,ALKT,BBG005HTCT63,0,false,29.740000,29.620000,0.235373,-0.403497,false,0.000000,execution_costs_v1.0,0.000000,0.000000,,,,
2024-09-12,ALLE,0001579241,0,false,136.740000,139.030000,1.835600,1.674711,false,0.000000,execution_costs_v1.0,0.000000,0.000000,,,,
2024-09-12,ALLO,BBG00KHRRDY2,1,false,2.900000,2.670000,2.413793,-7.931034,false,0.000000,execution_costs_v1.0,0.000000,0.000000,,,,
2024-09-12,ALLY,BBG001S5RLN4,4,false,32.690000,32.860000,1.544815,0.520037,false,0.000000,execution_costs_v1.0,0.000000,0.000000,,,,
2024-09-12,ALNT,BBG001S5RST3,0,false,18.950000,19.210000,1.503958,1.372032,false,0.000000,execution_costs_v1.0,0.000000,0.000000,,,,
2024-09-12,ALRM,BBG007GNPYZ6,0,false,54.490000,54.030000,0.440448,-0.844192,false,0.000000,execution_costs_v1.0,0.000000,0.000000,,,,
2024-09-12,ALRS,BBG001SGGKT8,0,false,21.050000,21.250000,1.092637,0.950119,false,0.000000,execution_costs_v1.0,0.000000,0.000000,,,,
2024-09-12,ALSN,BBG001V0T5F3,0,false,86.450000,86.160000,1.330249,-0.335454,false,0.000000,execution_costs_v1.0,0.000000,0.000000,,,,
2024-09-12,ALT,BBG001SNS461,12,true,7.160000,7.100000,2.374302,-0.837989,false,0.000000,execution_costs_v1.0,0.000000,0.000000,,,,
2024-09-12,ALTM,0001977303,12,true,2.560000,2.465000,1.562500,-3.710938,false,0.000000,execution_costs_v1.0,0.000000,0.000000,,,,
2024-09-12,ALTR,BBG001SR65P2,0,false,86.000000,85.810000,0.290698,-0.220930,false,0.000000,execution_costs_v1.0,0.000000,0.000000,,,,
2024-09-12,ALV,BBG001S9YRV6,3,false,93.930000,94.710000,1.671457,0.830406,false,0.000000,execution_costs_v1.0,0.000000,0.000000,,,,
2024-09-12,ALVO,0001898416,0,false,10.700000,10.780000,1.495327,0.747664,false,0.000000,execution_costs_v1.0,0.000000,0.000000,,,,
2024-09-12,ALX,BBG001S5NM92,0,false,232.000000,238.680000,4.090517,2.879310,false,0.000000,execution_costs_v1.0,0.000000,0.000000,,,,
2024-09-12,AM,BBG00GBNZ4N9,1,false,14.350000,14.590000,1.777003,1.672474,false,0.000000,execution_costs_v1.0,0.000000,0.000000,,,,
2024-09-12,AMAL,BBG00XRT7YY5,0,false,29.960000,29.990000,1.001335,0.100134,false,0.000000,execution_costs_v1.0,0.000000,0.000000,,,,
2024-09-12,AMBA,0001280263,2,false,52.410000,52.840000,0.820454,0.820454,false,0.000000,execution_costs_v1.0,0.000000,0.000000,,,,
2024-09-12,AMBC,BBG004HQHL91,0,false,10.720000,10.765000,2.052239,0.419776,false,0.000000,execution_costs_v1.0,0.000000,0.000000,,,,
2024-09-12,AMBP,0001845097,7,false,3.440000,3.380000,0.726744,-1.744186,false,0.000000,execution_costs_v1.0,0.000000,0.000000,,,,
2024-09-12,AMC,BBG001SZYYL4,26,true,4.900000,4.900000,2.346939,0.000000,false,0.000000,execution_costs_v1.0,0.000000,0.000000,,,,
2024-09-12,AMCX,BBG001SLR8S3,1,false,8.060000,8.265000,5.210918,2.543424,false,0.000000,execution_costs_v1.0,0.000000,0.000000,,,,
2024-09-12,AMED,BBG001S5NN72,0,false,96.700000,96.790000,0.206825,0.093071,false,0.000000,execution_costs_v1.0,0.000000,0.000000,,,,
2024-09-12,AMG,BBG001S6DMD6,0,false,165.650000,167.080000,1.349230,0.863266,false,0.000000,execution_costs_v1.0,0.000000,0.000000,,,,
2024-09-12,AMH,BBG003NXJNJ4,1,false,40.070000,40.620000,1.672074,1.372598,false,0.000000,execution_costs_v1.0,0.000000,0.000000,,,,
2024-09-12,AMKR,BBG001S64YF8,2,false,30.030000,29.820000,0.466200,-0.699301,false,0.000000,execution_costs_v1.0,0.000000,0.000000,,,,
2024-09-12,AMN,BBG001S6Q193,0,false,43.180000,43.660000,4.075961,1.111626,false,0.000000,execution_costs_v1.0,0.000000,0.000000,,,,
2024-09-12,AMPH,BBG001SCM4W2,0,false,45.190000,46.500000,3.452091,2.898871,false,0.000000,execution_costs_v1.0,0.000000,0.000000,,,,
2024-09-12,AMPL,BBG012CDTZZ5,0,false,8.600000,8.770000,2.325581,1.976744,false,0.000000,execution_costs_v1.0,0.000000,0.000000,,,,
2024-09-12,AMPS,BBG00Y48ZM97,1,false,3.320000,3.330000,2.108434,0.301205,false,0.000000,execution_costs_v1.0,0.000000,0.000000,,,,
2024-09-12,AMR,BBG00DGWV044,1,false,197.110000,201.460000,5.763279,2.206890,false,0.000000,execution_costs_v1.0,0.000000,0.000000,,,,
2024-09-12,AMRC,BBG001S6P9W1,0,false,33.260000,33.210000,1.834035,-0.150331,false,0.000000,execution_costs_v1.0,0.000000,0.000000,,,,
2024-09-12,AMRK,BBG005ZVDK57,1,false,44.400000,45.870000,5.394144,3.310811,false,0.000000,execution_costs_v1.0,0.000000,0.000000,,,,
2024-09-12,AMRX,BBG00462PGH9,0,false,8.420000,8.465000,0.712589,0.534442,false,0.000000,execution_costs_v1.0,0.000000,0.000000,,,,
2024-09-12,AMSC,BBG001S70C31,0,false,22.460000,21.690000,1.958593,-3.428317,false,0.000000,execution_costs_v1.0,0.000000,0.000000,,,,
2024-09-12,AMSF,BBG001SDH7B2,0,false,47.520000,48.080000,1.378367,1.178451,false,0.000000,execution_costs_v1.0,0.000000,0.000000,,,,
2024-09-12,AMSWA,BBG001S5NPN9,0,false,10.810000,10.740000,0.462535,-0.647549,false,0.000000,execution_costs_v1.0,0.000000,0.000000,,,,
2024-09-12,AMTB,BBG001V0P1S2,0,false,20.730000,20.770000,0.289436,0.192957,false,0.000000,execution_costs_v1.0,0.000000,0.000000,,,,
2024-09-12,AMWD,BBG001S5NQ57,0,false,83.490000,85.110000,2.575159,1.940352,false,0.000000,execution_costs_v1.0,0.000000,0.000000,,,,
2024-09-12,AMWL,BBG002R1JYZ0,0,false,8.160000,8.510000,5.610294,4.289216,false,0.000000,execution_costs_v1.0,0.000000,0.000000,,,,
2024-09-12,AN,BBG001S5NQB0,0,false,161.000000,161.040000,0.944099,0.024845,false,0.000000,execution_costs_v1.0,0.000000,0.000000,,,,
2024-09-12,ANAB,BBG0026ZDHT8,0,false,35.820000,38.320000,8.431044,6.979341,false,0.000000,execution_costs_v1.0,0.000000,0.000000,,,,
2024-09-12,ANDE,BBG001S60FJ9,0,false,46.140000,46.370000,1.882965,0.498483,false,0.000000,execution_costs_v1.0,0.000000,0.000000,,,,
2024-09-12,ANF,BBG001S97027,7,false,131.260000,137.390000,5.412921,4.670120,false,0.000000,execution_costs_v1.0,0.000000,0.000000,,,,
2024-09-12,ANGI,BBG00HVKH4F0,0,false,2.580000,2.590000,2.131783,0.387597,false,0.000000,execution_costs_v1.0,0.000000,0.000000,,,,
2024-09-12,ANIK,BBG001S609X7,0,false,24.310000,24.440000,1.480872,0.534759,false,0.000000,execution_costs_v1.0,0.000000,0.000000,,,,
2024-09-12,ANIP,BBG001S9DR85,0,false,54.500000,56.210000,3.155963,3.137615,false,0.000000,execution_costs_v1.0,0.000000,0.000000,,,,
2024-09-12,ANNX,BBG007QVDFH1,0,false,6.160000,6.735000,11.634740,9.334416,false,0.000000,execution_costs_v1.0,0.000000,0.000000,,,,
2024-09-12,ANRO,BBG00WYFS6S4,0,false,13.310000,13.030000,0.826446,-2.103681,false,0.000000,execution_costs_v1.0,0.000000,0.000000,,,,
2024-09-12,AORT,BBG001SB3CB0,0,false,24.520000,24.710000,2.569331,0.774878,false,0.000000,execution_costs_v1.0,0.000000,0.000000,,,,
2024-09-12,AOS,BBG001S5NRY3,0,false,78.400000,79.400000,1.301020,1.275510,false,0.000000,execution_costs_v1.0,0.000000,0.000000,,,,
2024-09-12,AOSL,0001387467,0,false,34.720000,35.160000,2.390553,1.267281,false,0.000000,execution_costs_v1.0,0.000000,0.000000,,,,
2024-09-12,APA,BBG00YTS96H1,3,false,23.820000,23.700000,0.965575,-0.503778,false,0.000000,execution_costs_v1.0,0.000000,0.000000,,,,
2024-09-12,APAM,BBG001V107T3,0,false,40.480000,40.480000,0.543478,0.000000,false,0.000000,execution_costs_v1.0,0.000000,0.000000,,,,
2024-09-12,APG,BBG00HVV7984,0,false,33.980000,34.040000,1.236021,0.176574,false,0.000000,execution_costs_v1.0,0.000000,0.000000,,,,
2024-09-12,APGE,BBG01H51WZL7,0,false,50.480000,49.160000,2.416799,-2.614897,false,0.000000,execution_costs_v1.0,0.000000,0.000000,,,,
2024-09-12,APLD,BBG001SK4K76,36,true,5.650000,6.020000,7.345133,6.548673,false,0.000000,execution_costs_v1.0,0.000000,0.000000,,,,
2024-09-12,APLE,BBG006473QY8,0,false,14.110000,14.170000,0.460666,0.425230,false,0.000000,execution_costs_v1.0,0.000000,0.000000,,,,
2024-09-12,APLS,BBG007KGRPZ3,0,false,38.070000,36.800000,1.628579,-3.335960,false,0.000000,execution_costs_v1.0,0.000000,0.000000,,,,
2024-09-12,APLT,BBG001SMJMY2,1,false,5.190000,4.890000,3.853565,-5.780347,false,0.000000,execution_costs_v1.0,0.000000,0.000000,,,,
2024-09-12,APOG,BBG001S5NSY1,0,false,62.980000,63.310000,1.159098,0.523976,false,0.000000,execution_costs_v1.0,0.000000,0.000000,,,,
2024-09-12,APPF,BBG008GC8CS3,2,false,225.760000,224.170000,0.429660,-0.704288,false,0.000000,execution_costs_v1.0,0.000000,0.000000,,,,
2024-09-12,APPN,BBG001TWHH63,0,false,31.680000,31.490000,1.215278,-0.599747,false,0.000000,execution_costs_v1.0,0.000000,0.000000,,,,
2024-09-12,AQN,BBG001S8LHC5,1,false,5.350000,5.380000,1.046729,0.560748,false,0.000000,execution_costs_v1.0,0.000000,0.000000,,,,
2024-09-12,AQST,BBG00L9HP1R7,2,false,4.940000,4.545000,0.000000,-7.995951,false,0.000000,execution_costs_v1.0,0.000000,0.000000,,,,
2024-09-12,AR,BBG001T61KH8,0,false,26.300000,26.580000,1.901141,1.064639,false,0.000000,execution_costs_v1.0,0.000000,0.000000,,,,
2024-09-12,ARCB,BBG001S686R2,0,false,100.100000,99.961000,0.289710,-0.138861,false,0.000000,execution_costs_v1.0,0.000000,0.000000,,,,
2024-09-12,ARCC,BBG001SL96Z9,14,true,20.550000,20.675000,0.754258,0.608273,false,0.000000,execution_costs_v1.0,0.000000,0.000000,,,,
2024-09-12,ARCH,BBG00DZB5DD0,0,false,124.010000,124.430000,3.128780,0.338682,false,0.000000,execution_costs_v1.0,0.000000,0.000000,,,,
2024-09-12,ARCO,0001508478,1,false,8.280000,8.280000,1.932367,0.000000,false,0.000000,execution_costs_v1.0,0.000000,0.000000,,,,
2024-09-12,ARCT,BBG00NNW8JL0,0,false,20.950000,19.920000,0.238663,-4.916468,false,0.000000,execution_costs_v1.0,0.000000,0.000000,,,,
2024-09-12,ARDX,BBG001WH4F33,7,false,5.960000,6.230000,5.201342,4.530201,false,0.000000,execution_costs_v1.0,0.000000,0.000000,,,,
2024-09-12,ARHS,BBG012TKHZW7,0,false,10.840000,11.170000,3.044280,3.044280,false,0.000000,execution_costs_v1.0,0.000000,0.000000,,,,
2024-09-12,ARI,BBG001T55FJ5,11,true,9.725000,9.500000,1.182519,-2.313625,false,0.000000,execution_costs_v1.0,0.000000,0.000000,,,,
2024-09-12,ARIS,BBG012PPXNM0,0,false,15.470000,15.830000,3.135100,2.327085,false,0.000000,execution_costs_v1.0,0.000000,0.000000,,,,
2024-09-12,ARKO,BBG00YD8K420,0,false,5.880000,6.042000,3.401361,2.755102,false,0.000000,execution_costs_v1.0,0.000000,0.000000,,,,
2024-09-12,ARLO,BBG00K88DTJ1,0,false,11.310000,11.590000,3.492485,2.475685,false,0.000000,execution_costs_v1.0,0.000000,0.000000,,,,
2024-09-12,ARLP,BBG001SD52Y1,0,false,23.260000,23.230000,1.117799,-0.128977,false,0.000000,execution_costs_v1.0,0.000000,0.000000,,,,
2024-09-12,ARMK,BBG001V0NR70,0,false,38.220000,38.090000,0.549451,-0.340136,false,0.000000,execution_costs_v1.0,0.000000,0.000000,,,,
2024-09-12,ARMN,BBG001S75835,0,false,4.460000,4.680000,4.932735,4.932735,false,0.000000,execution_costs_v1.0,0.000000,0.000000,,,,
2024-09-12,AROC,BBG001SVDK72,0,false,18.970000,19.150000,2.372167,0.948867,false,0.000000,execution_costs_v1.0,0.000000,0.000000,,,,
2024-09-12,AROW,BBG001S5NV83,0,false,28.130000,28.160000,0.568788,0.106648,false,0.000000,execution_costs_v1.0,0.000000,0.000000,,,,
2024-09-12,ARQT,BBG00QN8K4P1,0,false,10.480000,10.520000,4.484733,0.381679,false,0.000000,execution_costs_v1.0,0.000000,0.000000,,,,
2024-09-12,ARR,BBG001SRBTG4,2,false,20.670000,20.560000,0.000000,-0.532172,false,0.000000,execution_costs_v1.0,0.000000,0.000000,,,,
2024-09-12,ARRY,BBG002MX7TQ9,17,true,6.590000,6.680000,4.400607,1.365706,false,0.000000,execution_costs_v1.0,0.000000,0.000000,,,,
2024-09-12,ARTNA,BBG001S7MLX4,0,false,37.545000,37.530000,0.359569,-0.039952,false,0.000000,execution_costs_v1.0,0.000000,0.000000,,,,
2024-09-12,ARVN,BBG00LW7YL08,0,false,24.990000,24.510000,1.640656,-1.920768,false,0.000000,execution_costs_v1.0,0.000000,0.000000,,,,
2024-09-12,ARW,BBG001S5NVP4,0,false,124.020000,122.885000,0.116917,-0.915175,false,0.000000,execution_costs_v1.0,0.000000,0.000000,,,,
2024-09-12,ARWR,BBG001SGT8G5,0,false,20.900000,20.240000,0.956938,-3.157895,false,0.000000,execution_costs_v1.0,0.000000,0.000000,,,,
2024-09-12,AS,0001988894,0,false,13.820000,14.120000,2.243126,2.170767,false,0.000000,execution_costs_v1.0,0.000000,0.000000,,,,
2024-09-12,ASAN,BBG00WYHL741,1,false,11.690000,11.710000,1.283148,0.171086,false,0.000000,execution_costs_v1.0,0.000000,0.000000,,,,
2024-09-12,ASB,BBG001S5NVZ3,0,false,20.650000,20.490000,0.387409,-0.774818,false,0.000000,execution_costs_v1.0,0.000000,0.000000,,,,
2024-09-12,ASC,0001577437,0,false,17.180000,17.400000,2.910361,1.280559,false,0.000000,execution_costs_v1.0,0.000000,0.000000,,,,
2024-09-12,ASGN,BBG001S71HP5,0,false,89.890000,89.720000,0.400489,-0.189120,false,0.000000,execution_costs_v1.0,0.000000,0.000000,,,,
2024-09-12,ASH,BBG00D0Y81N0,0,false,84.580000,85.180000,0.721211,0.709388,false,0.000000,execution_costs_v1.0,0.000000,0.000000,,,,
2024-09-12,ASIX,BBG00CWTTQ32,0,false,27.250000,26.810000,1.064220,-1.614679,false,0.000000,execution_costs_v1.0,0.000000,0.000000,,,,
2024-09-12,ASO,BBG00X7L1CW0,0,false,55.140000,55.930000,2.375771,1.432717,false,0.000000,execution_costs_v1.0,0.000000,0.000000,,,,
2024-09-12,ASPN,BBG001SJZK39,7,false,24.430000,24.250000,3.151862,-0.736799,false,0.000000,execution_costs_v1.0,0.000000,0.000000,,,,
2024-09-12,ASTE,BBG001S5NWY2,0,false,30.520000,30.370000,0.163827,-0.491481,false,0.000000,execution_costs_v1.0,0.000000,0.000000,,,,
2024-09-12,ASTH,BBG001S96MS2,0,false,49.630000,51.550000,5.782793,3.868628,false,0.000000,execution_costs_v1.0,0.000000,0.000000,,,,
2024-09-12,ASTL,BBG012NKXV72,0,false,10.140000,10.040000,1.577909,-0.986193,false,0.000000,execution_costs_v1.0,0.000000,0.000000,,,,
2024-09-12,ASTS,BBG00Q402TS1,59,true,26.700000,26.790000,1.310861,0.337079,false,0.000000,execution_costs_v1.0,0.000000,0.000000,,,,
2024-09-12,ATEC,BBG001S64XQ8,2,false,5.460000,5.480000,2.197802,0.366300,false,0.000000,execution_costs_v1.0,0.000000,0.000000,,,,
2024-09-12,ATEN,BBG0060K22D0,0,false,13.090000,13.240000,1.680672,1.145913,false,0.000000,execution_costs_v1.0,0.000000,0.000000,,,,
2024-09-12,ATEX,BBG0081NLJH7,0,false,37.470000,38.680000,5.017347,3.229250,false,0.000000,execution_costs_v1.0,0.000000,0.000000,,,,
2024-09-12,ATGE,BBG001S8M5S3,0,false,71.070000,72.070000,2.363867,1.407063,false,0.000000,execution_costs_v1.0,0.000000,0.000000,,,,
2024-09-12,ATI,BBG001S8WY72,0,false,61.690000,62.210000,2.723294,0.842924,false,0.000000,execution_costs_v1.0,0.000000,0.000000,,,,
2024-09-12,ATKR,BBG001T8LDZ8,0,false,83.000000,85.040000,3.530120,2.457831,false,0.000000,execution_costs_v1.0,0.000000,0.000000,,,,
2024-09-12,ATLC,BBG001SC0HS2,0,false,30.620000,30.730000,2.841280,0.359242,false,0.000000,execution_costs_v1.0,0.000000,0.000000,,,,
2024-09-12,ATMU,BBG01B079Z92,0,false,34.820000,35.080000,1.823665,0.746697,false,0.000000,execution_costs_v1.0,0.000000,0.000000,,,,
2024-09-12,ATNI,BBG001S9SMF2,0,false,27.740000,28.835000,4.037491,3.947368,false,0.000000,execution_costs_v1.0,0.000000,0.000000,,,,
2024-09-12,ATR,BBG001S78MT3,0,false,150.890000,152.010000,0.742263,0.742263,false,0.000000,execution_costs_v1.0,0.000000,0.000000,,,,
2024-09-12,ATRA,BBG005Q3MR36,0,false,8.400000,8.090000,1.190476,-3.690476,false,0.000000,execution_costs_v1.0,0.000000,0.000000,,,,
2024-09-12,ATRC,BBG001SD43V3,0,false,26.960000,27.720000,3.301187,2.818991,false,0.000000,execution_costs_v1.0,0.000000,0.000000,,,,
2024-09-12,ATRO,BBG001S5NYK3,0,false,18.880000,18.907000,0.953390,0.143008,false,0.000000,execution_costs_v1.0,0.000000,0.000000,,,,
2024-09-12,ATS,BBG001S5XWC5,0,false,26.460000,26.200000,1.511716,-0.982615,false,0.000000,execution_costs_v1.0,0.000000,0.000000,,,,
2024-09-12,ATSG,BBG001S8KJF9,0,false,14.720000,14.920000,2.649457,1.358696,false,0.000000,execution_costs_v1.0,0.000000,0.000000,,,,
2024-09-12,ATUS,BBG00GFMPS82,0,false,1.960000,2.080000,10.714286,6.122449,false,0.000000,execution_costs_v1.0,0.000000,0.000000,,,,
2024-09-12,ATXS,BBG001T8KDC4,0,false,10.610000,10.620000,1.602262,0.094251,false,0.000000,execution_costs_v1.0,0.000000,0.000000,,,,
2024-09-12,AU,0001973832,35,true,27.070000,27.960000,3.989656,3.287772,false,0.000000,execution_costs_v1.0,0.000000,0.000000,,,,
2024-09-12,AUB,BBG001S7GJV8,0,false,37.120000,36.970000,0.134698,-0.404095,false,0.000000,execution_costs_v1.0,0.000000,0.000000,,,,
2024-09-12,AUNA,0001799207,0,false,7.070000,7.700000,10.042433,8.910891,false,0.000000,execution_costs_v1.0,0.000000,0.000000,,,,
2024-09-12,AUPH,BBG001S68013,0,false,6.530000,6.570000,1.454824,0.612557,false,0.000000,execution_costs_v1.0,0.000000,0.000000,,,,
2024-09-12,AUR,BBG00Z92Y6Y0,4,false,4.510000,4.830000,7.982262,7.095344,false,0.000000,execution_costs_v1.0,0.000000,0.000000,,,,
2024-09-12,AURA,BBG00226DGP2,16,true,10.030000,9.780000,7.577268,-2.492522,false,0.000000,execution_costs_v1.0,0.000000,0.000000,,,,
2024-09-12,AVA,BBG001S5NZ48,0,false,37.600000,37.640000,1.037234,0.106383,false,0.000000,execution_costs_v1.0,0.000000,0.000000,,,,
2024-09-12,AVAH,BBG00G6D6HB3,0,false,5.290000,5.240000,2.930057,-0.945180,false,0.000000,execution_costs_v1.0,0.000000,0.000000,,,,
2024-09-12,AVAV,BBG001SPPWP6,2,false,183.280000,185.420000,1.773243,1.167612,false,0.000000,execution_costs_v1.0,0.000000,0.000000,,,,
2024-09-12,AVBP,BBG011N37VW3,0,false,25.690000,23.800000,0.973141,-7.356948,false,0.000000,execution_costs_v1.0,0.000000,0.000000,,,,
2024-09-12,AVDL,BBG001SD3F74,0,false,13.640000,13.950000,4.472141,2.272727,false,0.000000,execution_costs_v1.0,0.000000,0.000000,,,,
2024-09-12,AVDX,BBG012MBDGV1,0,false,7.700000,7.750000,1.688312,0.649351,false,0.000000,execution_costs_v1.0,0.000000,0.000000,,,,
2024-09-12,AVIR,BBG00TZNCJ84,0,false,3.700000,3.660000,0.405405,-1.081081,false,0.000000,execution_costs_v1.0,0.000000,0.000000,,,,
2024-09-12,AVNS,BBG005L86G14,0,false,23.670000,23.545000,0.042248,-0.528095,false,0.000000,execution_costs_v1.0,0.000000,0.000000,,,,
2024-09-12,AVNT,BBG001S6RCD3,0,false,45.860000,45.970000,0.547972,0.239860,false,0.000000,execution_costs_v1.0,0.000000,0.000000,,,,
2024-09-12,AVNW,BBG001SSSZS7,1,false,19.780000,20.970000,7.381193,6.016178,false,0.000000,execution_costs_v1.0,0.000000,0.000000,,,,
2024-09-12,AVO,BBG005C9W688,1,false,13.020000,13.240000,2.726575,1.689708,false,0.000000,execution_costs_v1.0,0.000000,0.000000,,,,
2024-09-12,AVPT,BBG00Q73LFK9,1,false,11.820000,11.800000,0.719120,-0.169205,false,0.000000,execution_costs_v1.0,0.000000,0.000000,,,,
2024-09-12,AVT,BBG001S5NZJ2,0,false,50.190000,50.000000,0.378561,-0.378561,false,0.000000,execution_costs_v1.0,0.000000,0.000000,,,,
2024-09-12,AVXL,BBG001SLQWW6,0,false,5.140000,5.215000,1.945525,1.459144,false,0.000000,execution_costs_v1.0,0.000000,0.000000,,,,
2024-09-12,AWI,BBG001SGL0H9,0,false,122.050000,123.970000,1.794347,1.573126,false,0.000000,execution_costs_v1.0,0.000000,0.000000,,,,
2024-09-12,AWR,BBG001S9T5Z6,0,false,81.650000,81.680000,0.367422,0.036742,false,0.000000,execution_costs_v1.0,0.000000,0.000000,,,,
2024-09-12,AX,BBG001SLZ724,0,false,61.720000,61.635000,0.615684,-0.137719,false,0.000000,execution_costs_v1.0,0.000000,0.000000,,,,
2024-09-12,AXGN,BBG001S5SRD1,0,false,13.400000,13.570000,2.910448,1.268657,false,0.000000,execution_costs_v1.0,0.000000,0.000000,,,,
2024-09-12,AXL,BBG001S9DR67,0,false,5.700000,5.550000,0.701754,-2.631579,false,0.000000,execution_costs_v1.0,0.000000,0.000000,,,,
2024-09-12,AXNX,BBG0067QVJ69,0,false,68.800000,68.660300,0.043605,-0.203052,false,0.000000,execution_costs_v1.0,0.000000,0.000000,,,,
2024-09-12,AXS,0001214816,0,false,75.610000,76.300000,0.991932,0.912578,false,0.000000,execution_costs_v1.0,0.000000,0.000000,,,,
2024-09-12,AXSM,BBG00B6G7GM6,0,false,90.710000,91.770000,2.284754,1.168559,false,0.000000,execution_costs_v1.0,0.000000,0.000000,,,,
2024-09-12,AXTA,0001616862,0,false,34.400000,34.520000,0.944767,0.348837,false,0.000000,execution_costs_v1.0,0.000000,0.000000,,,,
2024-09-12,AY,0001601072,0,false,21.860000,21.900000,0.228728,0.182983,false,0.000000,execution_costs_v1.0,0.000000,0.000000,,,,
2024-09-12,AYI,BBG001SBG656,0,false,249.430000,254.750000,2.583891,2.132863,false,0.000000,execution_costs_v1.0,0.000000,0.000000,,,,
2024-09-12,AZEK,BBG00RP7FY15,0,false,41.780000,42.490000,1.795117,1.699378,false,0.000000,execution_costs_v1.0,0.000000,0.000000,,,,
2024-09-12,AZPN,BBG017J18WC8,0,false,226.870000,225.180000,0.055098,-0.744920,false,0.000000,execution_costs_v1.0,0.000000,0.000000,,,,
2024-09-12,AZTA,BBG001S8F1B8,0,false,46.320000,46.920000,2.871330,1.295337,false,0.000000,execution_costs_v1.0,0.000000,0.000000,,,,
2024-09-12,AZZ,BBG001S9QNK6,0,false,75.040000,76.180000,2.691898,1.519190,false,0.000000,execution_costs_v1.0,0.000000,0.000000,,,,
2024-09-12,B,BBG001S5P0S7,0,false,34.990000,36.470000,4.972849,4.229780,false,0.000000,execution_costs_v1.0,0.000000,0.000000,,,,
2024-09-12,BALY,BBG005Q22HH7,0,false,17.190000,17.220000,0.174520,0.174520,false,0.000000,execution_costs_v1.0,0.000000,0.000000,,,,
2024-09-12,BANC,BBG001SKZX56,0,false,14.020000,13.860000,0.249643,-1.141227,false,0.000000,execution_costs_v1.0,0.000000,0.000000,,,,
2024-09-12,BAND,BBG001TFDMP2,0,false,16.460000,16.320000,1.458080,-0.850547,false,0.000000,execution_costs_v1.0,0.000000,0.000000,,,,
2024-09-12,BANF,BBG001S75RW1,0,false,105.480000,103.690000,0.000000,-1.697004,false,0.000000,execution_costs_v1.0,0.000000,0.000000,,,,
2024-09-12,BANR,BBG001SD3DZ8,0,false,56.090000,55.990000,2.995186,-0.178285,false,0.000000,execution_costs_v1.0,0.000000,0.000000,,,,
2024-09-12,BAP,0001001290,0,false,173.200000,174.860000,2.240185,0.958430,false,0.000000,execution_costs_v1.0,0.000000,0.000000,,,,
2024-09-12,BASE,BBG001Z5ZB22,0,false,14.710000,14.821000,2.379334,0.754589,false,0.000000,execution_costs_v1.0,0.000000,0.000000,,,,
2024-09-12,BATRK,BBG01HCX3Z22,0,false,40.730000,40.170000,0.270071,-1.374908,false,0.000000,execution_costs_v1.0,0.000000,0.000000,,,,
2024-09-12,BB,BBG001S60618,4,false,2.460000,2.475000,2.439024,0.609756,false,0.000000,execution_costs_v1.0,0.000000,0.000000,,,,
2024-09-12,BBAI,BBG00Z4HKRY1,14,true,1.540000,1.550000,2.597403,0.649351,false,0.000000,execution_costs_v1.0,0.000000,0.000000,,,,
2024-09-12,BBDC,BBG001S9DQ05,0,false,9.840000,9.880000,1.422764,0.406504,false,0.000000,execution_costs_v1.0,0.000000,0.000000,,,,
2024-09-12,BBIO,BBG00P9KDZL5,0,false,27.810000,26.960000,1.150665,-3.056455,false,0.000000,execution_costs_v1.0,0.000000,0.000000,,,,
2024-09-12,BBU,0001654795,0,false,20.310000,20.555000,2.584934,1.206302,false,0.000000,execution_costs_v1.0,0.000000,0.000000,,,,
2024-09-12,BBUC,BBG015P1Z2Y7,0,false,21.660000,21.950000,2.172207,1.338873,false,0.000000,execution_costs_v1.0,0.000000,0.000000,,,,
2024-09-12,BBW,BBG001SMC9T4,6,false,31.020000,31.270000,3.610574,0.805932,false,0.000000,execution_costs_v1.0,0.000000,0.000000,,,,
2024-09-12,BBWI,BBG001S5SWL1,0,false,27.080000,27.260000,1.255539,0.664697,false,0.000000,execution_costs_v1.0,0.000000,0.000000,,,,
2024-09-12,BC,BBG001S5P294,0,false,75.910000,75.820000,0.526940,-0.118561,false,0.000000,execution_costs_v1.0,0.000000,0.000000,,,,
2024-09-12,BCC,BBG001SZX397,0,false,122.450000,127.410000,4.164965,4.050633,false,0.000000,execution_costs_v1.0,0.000000,0.000000,,,,
2024-09-12,BCO,BBG001S8PZK2,0,false,105.230000,107.870000,3.212012,2.508790,false,0.000000,execution_costs_v1.0,0.000000,0.000000,,,,
2024-09-12,BCPC,BBG001S5P2R4,0,false,,,,,false,0.000000,execution_costs_v1.0,,,,,,
2024-09-12,BCRX,BBG001S7K151,0,false,7.760000,7.750000,0.515464,-0.128866,false,0.000000,execution_costs_v1.0,0.000000,0.000000,,,,
2024-09-12,BCSF,BBG00JDV0M33,0,false,16.710000,16.820000,1.316577,0.658288,false,0.000000,execution_costs_v1.0,0.000000,0.000000,,,,
2024-09-12,BDC,BBG001SM6Z59,1,false,103.260000,100.910000,0.756053,-2.275809,false,0.000000,execution_costs_v1.0,0.000000,0.000000,,,,
2024-09-12,BDN,BBG001S6YGF4,0,false,5.020000,5.160000,3.585657,2.788845,false,0.000000,execution_costs_v1.0,0.000000,0.000000,,,,
2024-09-12,BDTX,BBG00MS4Y0X8,0,false,6.160000,5.840000,1.298701,-5.194805,false,0.000000,execution_costs_v1.0,0.000000,0.000000,,,,
2024-09-12,BE,BBG001T53509,6,false,10.590000,10.385000,0.755430,-1.935788,false,0.000000,execution_costs_v1.0,0.000000,0.000000,,,,
2024-09-12,BEAM,BBG00KXC8655,1,false,24.230000,24.405000,1.815931,0.722245,false,0.000000,execution_costs_v1.0,0.000000,0.000000,,,,
2024-09-12,BECN,BBG001S903Y3,1,false,80.750000,81.090000,1.845201,0.421053,false,0.000000,execution_costs_v1.0,0.000000,0.000000,,,,
2024-09-12,BELFB,BBG001S93K81,0,false,66.460000,66.760000,1.339151,0.451399,false,0.000000,execution_costs_v1.0,0.000000,0.000000,,,,
2024-09-12,BEN,BBG001S5P3W6,0,false,19.690000,19.670000,0.660234,-0.101574,false,0.000000,execution_costs_v1.0,0.000000,0.000000,,,,
2024-09-12,BENF,BBG00KFV0B50,4,false,1.470000,1.289000,0.000000,-12.312925,false,0.000000,execution_costs_v1.0,0.000000,0.000000,,,,
2024-09-12,BEP,0001533232,0,false,25.270000,26.190000,4.155125,3.640681,false,0.000000,execution_costs_v1.0,0.000000,0.000000,,,,
2024-09-12,BEPC,BBG00W5FR7D1,0,false,29.290000,30.070000,3.021509,2.663025,false,0.000000,execution_costs_v1.0,0.000000,0.000000,,,,
2024-09-12,BERY,BBG001T6B4W6,0,false,65.660000,65.740000,1.020408,0.121840,false,0.000000,execution_costs_v1.0,0.000000,0.000000,,,,
2024-09-12,BETR,BBG0103VG6P8,0,false,16.300000,16.260000,5.030675,-0.245399,false,0.000000,execution_costs_v1.0,0.000000,0.000000,,,,
2024-09-12,BFAM,BBG003LFWPT4,0,false,137.980000,140.060000,1.761125,1.507465,false,0.000000,execution_costs_v1.0,0.000000,0.000000,,,,
2024-09-12,BFC,BBG001S79DP6,0,false,88.080000,88.210000,0.420073,0.147593,false,0.000000,execution_costs_v1.0,0.000000,0.000000,,,,
2024-09-12,BFH,BBG001S78Z50,0,false,47.220000,47.400000,2.647183,0.381194,false,0.000000,execution_costs_v1.0,0.000000,0.000000,,,,
2024-09-12,BFLY,BBG00TN65984,17,true,1.870000,1.890000,6.951872,1.069519,false,0.000000,execution_costs_v1.0,0.000000,0.000000,,,,
2024-09-12,BFS,BBG001S7F7J9,0,false,40.200000,40.690000,1.293532,1.218905,false,0.000000,execution_costs_v1.0,0.000000,0.000000,,,,
2024-09-12,BFST,BBG001T056Q8,0,false,24.740000,24.890000,0.606306,0.606306,false,0.000000,execution_costs_v1.0,0.000000,0.000000,,,,
2024-09-12,BG,0001996862,0,false,95.850000,96.470000,0.803339,0.646844,false,0.000000,execution_costs_v1.0,0.000000,0.000000,,,,
2024-09-12,BGC,BBG01H9FTHS9,2,false,9.250000,9.270000,0.594595,0.216216,false,0.000000,execution_costs_v1.0,0.000000,0.000000,,,,
2024-09-12,BGS,BBG001SQD861,0,false,8.380000,8.710000,4.474940,3.937947,false,0.000000,execution_costs_v1.0,0.000000,0.000000,,,,
2024-09-12,BH,BBG00JPRDQJ9,0,false,166.930000,166.980000,2.932726,0.029953,false,0.000000,execution_costs_v1.0,0.000000,0.000000,,,,
2024-09-12,BHB,BBG001SB8Q79,0,false,30.130000,30.180000,0.398274,0.165948,false,0.000000,execution_costs_v1.0,0.000000,0.000000,,,,
2024-09-12,BHC,BBG001S7WDP0,0,false,6.390000,6.305000,0.782473,-1.330203,false,0.000000,execution_costs_v1.0,0.000000,0.000000,,,,
2024-09-12,BHE,BBG001S6LXL4,0,false,40.900000,41.050000,1.344743,0.366748,false,0.000000,execution_costs_v1.0,0.000000,0.000000,,,,
2024-09-12,BHF,BBG00DYPZ4V7,0,false,41.380000,42.260000,2.924118,2.126631,false,0.000000,execution_costs_v1.0,0.000000,0.000000,,,,
2024-09-12,BHIL,BBG00YMWHGH8,0,false,7.170000,7.280000,2.231520,1.534170,false,0.000000,execution_costs_v1.0,0.000000,0.000000,,,,
2024-09-12,BHLB,BBG001S5PSK4,0,false,26.020000,25.860000,0.076864,-0.614912,false,0.000000,execution_costs_v1.0,0.000000,0.000000,,,,
2024-09-12,BHRB,BBG019X33P61,0,false,64.390000,64.060000,0.714397,-0.512502,false,0.000000,execution_costs_v1.0,0.000000,0.000000,,,,
2024-09-12,BHVN,0001935979,0,false,35.630000,35.740000,2.525961,0.308729,false,0.000000,execution_costs_v1.0,0.000000,0.000000,,,,
2024-09-12,BIGC,BBG00W1PSTC5,0,false,5.730000,5.600000,0.523560,-2.268761,false,0.000000,execution_costs_v1.0,0.000000,0.000000,,,,
2024-09-12,BILL,BBG00QVJV7L3,10,true,55.000000,51.870000,0.754545,-5.690909,false,0.000000,execution_costs_v1.0,0.000000,0.000000,,,,
2024-09-12,BIO,BBG001S625W4,0,false,318.320000,322.060000,1.225182,1.174918,false,0.000000,execution_costs_v1.0,0.000000,0.000000,,,,
2024-09-12,BIOX,0001769484,0,false,8.540000,8.590000,1.756440,0.585480,false,0.000000,execution_costs_v1.0,0.000000,0.000000,,,,
2024-09-12,BIP,0001406234,0,false,32.110000,33.120000,3.565867,3.145438,false,0.000000,execution_costs_v1.0,0.000000,0.000000,,,,
2024-09-12,BIPC,BBG00QDWSVL5,0,false,40.660000,41.290000,2.164289,1.549434,false,0.000000,execution_costs_v1.0,0.000000,0.000000,,,,
2024-09-12,BIRD,BBG00CCNTK94,1,false,13.790000,13.130000,3.000725,-4.786077,false,0.000000,execution_costs_v1.0,0.000000,0.000000,,,,
2024-09-12,BIRK,0001977102,2,false,44.890000,46.410000,4.054355,3.386055,false,0.000000,execution_costs_v1.0,0.000000,0.000000,,,,
2024-09-12,BITF,BBG00PGMZVM7,15,true,2.000000,2.050000,4.000000,2.500000,false,0.000000,execution_costs_v1.0,0.000000,0.000000,,,,
2024-09-12,BJ,BBG00FQ8T4M6,0,false,78.660000,80.820000,2.745995,2.745995,false,0.000000,execution_costs_v1.0,0.000000,0.000000,,,,
2024-09-12,BJRI,BBG001S970P2,0,false,28.750000,29.622000,3.339130,3.033043,false,0.000000,execution_costs_v1.0,0.000000,0.000000,,,,
2024-09-12,BKD,BBG001SDHC58,0,false,6.500000,6.500000,2.153846,0.000000,false,0.000000,execution_costs_v1.0,0.000000,0.000000,,,,
2024-09-12,BKE,BBG001S5P6T3,0,false,41.560000,41.950000,1.082772,0.938402,false,0.000000,execution_costs_v1.0,0.000000,0.000000,,,,
2024-09-12,BKH,BBG001S5P6X8,0,false,59.480000,59.400000,0.672495,-0.134499,false,0.000000,execution_costs_v1.0,0.000000,0.000000,,,,
2024-09-12,BKKT,BBG00XRJ7Y59,1,false,10.870000,11.380000,8.463661,4.691812,false,0.000000,execution_costs_v1.0,0.000000,0.000000,,,,
2024-09-12,BKSY,BBG00QRY6P42,0,false,6.630000,6.080000,1.206637,-8.295626,false,0.000000,execution_costs_v1.0,0.000000,0.000000,,,,
2024-09-12,BKU,BBG001T5W6B3,0,false,34.990000,34.720000,0.685910,-0.771649,false,0.000000,execution_costs_v1.0,0.000000,0.000000,,,,
2024-09-12,BL,BBG0029KJVD8,0,false,49.040000,49.270000,0.897227,0.469005,false,0.000000,execution_costs_v1.0,0.000000,0.000000,,,,
2024-09-12,BLBD,BBG006427TN1,9,false,48.220000,49.300000,5.329739,2.239735,false,0.000000,execution_costs_v1.0,0.000000,0.000000,,,,
2024-09-12,BLCO,BBG014KG1GY8,0,false,15.880000,15.630000,0.188917,-1.574307,false,0.000000,execution_costs_v1.0,0.000000,0.000000,,,,
2024-09-12,BLD,BBG0077VS2G6,0,false,367.740000,370.400000,1.480666,0.723337,false,0.000000,execution_costs_v1.0,0.000000,0.000000,,,,
2024-09-12,BLDP,BBG001S5Y1D1,7,false,1.770000,1.730000,0.000000,-2.259887,false,0.000000,execution_costs_v1.0,0.000000,0.000000,,,,
2024-09-12,BLFS,BBG001SFGWZ7,0,false,23.240000,24.270000,4.905336,4.432014,false,0.000000,execution_costs_v1.0,0.000000,0.000000,,,,
2024-09-12,BLKB,BBG001S9B5W8,0,false,81.790000,82.020000,0.611322,0.281208,false,0.000000,execution_costs_v1.0,0.000000,0.000000,,,,
2024-09-12,BLMN,BBG002VZ69Q9,0,false,16.190000,15.940000,0.432366,-1.544163,false,0.000000,execution_costs_v1.0,0.000000,0.000000,,,,
2024-09-12,BLND,BBG00D0YK7V4,3,false,3.410000,3.405000,1.759531,-0.146628,false,0.000000,execution_costs_v1.0,0.000000,0.000000,,,,
2024-09-12,BLX,0000890541,0,false,30.170000,30.190000,0.613192,0.066291,false,0.000000,execution_costs_v1.0,0.000000,0.000000,,,,
2024-09-12,BMBL,BBG00Z6RF535,4,false,6.340000,6.120000,1.261830,-3.470032,false,0.000000,execution_costs_v1.0,0.000000,0.000000,,,,
2024-09-12,BMI,BBG001S5P8Q2,0,false,200.650000,203.700000,1.729380,1.520060,false,0.000000,execution_costs_v1.0,0.000000,0.000000,,,,
2024-09-12,BMRC,BBG001S7WFM8,0,false,19.940000,19.750000,0.300903,-0.952859,false,0.000000,execution_costs_v1.0,0.000000,0.000000,,,,
2024-09-12,BNED,BBG009CNQCX5,0,false,10.450000,11.170000,9.569378,6.889952,false,0.000000,execution_costs_v1.0,0.000000,0.000000,,,,
2024-09-12,BNL,BBG001T61WG3,0,false,18.300000,18.300000,0.628415,0.000000,false,0.000000,execution_costs_v1.0,0.000000,0.000000,,,,
2024-09-12,BOC,BBG0021J74C3,0,false,14.160000,14.400000,2.189266,1.694915,false,0.000000,execution_costs_v1.0,0.000000,0.000000,,,,
2024-09-12,BOH,BBG001S6R977,0,false,62.790000,62.970000,0.589266,0.286670,false,0.000000,execution_costs_v1.0,0.000000,0.000000,,,,
2024-09-12,BOKF,BBG001S6VBZ6,0,false,101.430000,100.840000,0.167603,-0.581682,false,0.000000,execution_costs_v1.0,0.000000,0.000000,,,,
2024-09-12,BOOT,BBG007D38ZV3,0,false,147.870000,150.450000,3.016163,1.744776,false,0.000000,execution_costs_v1.0,0.000000,0.000000,,,,
2024-09-12,BORR,0001715497,7,false,5.250000,5.285000,1.428571,0.666667,false,0.000000,execution_costs_v1.0,0.000000,0.000000,,,,
2024-09-12,BOWL,BBG00Z6BJ698,1,false,10.740000,11.770000,9.683426,9.590317,false,0.000000,execution_costs_v1.0,0.000000,0.000000,,,,
2024-09-12,BOX,BBG001T5R852,1,false,33.060000,32.880000,0.090744,-0.544465,false,0.000000,execution_costs_v1.0,0.000000,0.000000,,,,
2024-09-12,BPMC,BBG001V11BV0,0,false,86.580000,84.060000,0.080850,-2.910603,false,0.000000,execution_costs_v1.0,0.000000,0.000000,,,,
2024-09-12,BPOP,BBG001S5PC01,0,false,96.500000,96.630000,0.487047,0.134715,false,0.000000,execution_costs_v1.0,0.000000,0.000000,,,,
2024-09-12,BRBR,BBG013QNJHW0,0,false,57.770000,58.680000,1.731002,1.575212,false,0.000000,execution_costs_v1.0,0.000000,0.000000,,,,
2024-09-12,BRC,BBG001S5PCB9,0,false,72.480000,72.480000,1.379691,0.000000,false,0.000000,execution_costs_v1.0,0.000000,0.000000,,,,
2024-09-12,BRDG,BBG011KG5XK8,0,false,8.120000,8.580000,7.573892,5.665025,false,0.000000,execution_costs_v1.0,0.000000,0.000000,,,,
2024-09-12,BRKL,BBG001S73383,0,false,9.830000,9.810000,0.559512,-0.203459,false,0.000000,execution_costs_v1.0,0.000000,0.000000,,,,
2024-09-12,BRKR,BBG001SF69P0,0,false,64.260000,64.710000,2.038593,0.700280,false,0.000000,execution_costs_v1.0,0.000000,0.000000,,,,
2024-09-12,BROS,BBG01282ZJ56,5,false,33.000000,33.960000,3.090909,2.909091,false,0.000000,execution_costs_v1.0,0.000000,0.000000,,,,
2024-09-12,BRSP,BBG00JVRRR41,0,false,5.700000,5.790000,1.578947,1.578947,false,0.000000,execution_costs_v1.0,0.000000,0.000000,,,,
2024-09-12,BRT,BBG001S5PCX5,0,false,18.140000,18.550000,2.866593,2.260198,false,0.000000,execution_costs_v1.0,0.000000,0.000000,,,,
2024-09-12,BRX,BBG001V0T8T2,0,false,27.330000,27.460000,0.713502,0.475668,false,0.000000,execution_costs_v1.0,0.000000,0.000000,,,,
2024-09-12,BRY,BBG00H5HHVK0,2,false,5.290000,5.310000,2.230624,0.378072,false,0.000000,execution_costs_v1.0,0.000000,0.000000,,,,
2024-09-12,BRZE,BBG00294NX54,1,false,34.960000,34.540000,0.715103,-1.201373,false,0.000000,execution_costs_v1.0,0.000000,0.000000,,,,
2024-09-12,BSIG,BBG00P2HLNZ2,0,false,23.570000,23.750000,0.806109,0.763683,false,0.000000,execution_costs_v1.0,0.000000,0.000000,,,,
2024-09-12,BSM,BBG008B5CF38,0,false,14.720000,14.785000,0.475543,0.441576,false,0.000000,execution_costs_v1.0,0.000000,0.000000,,,,
2024-09-12,BSRR,BBG001S6XR89,0,false,28.540000,28.570000,0.490540,0.105116,false,0.000000,execution_costs_v1.0,0.000000,0.000000,,,,
2024-09-12,BSVN,BBG00LV101D9,0,false,38.520000,38.380000,0.506231,-0.363448,false,0.000000,execution_costs_v1.0,0.000000,0.000000,,,,
2024-09-12,BSY,BBG001SBWGV7,0,false,49.000000,48.870000,0.000000,-0.265306,false,0.000000,execution_costs_v1.0,0.000000,0.000000,,,,
2024-09-12,BTBT,0001710350,26,true,2.690000,2.800000,7.755799,4.089219,false,0.000000,execution_costs_v1.0,0.000000,0.000000,,,,
2024-09-12,BTDR,0001899123,7,false,6.260000,6.680000,9.744409,6.709265,false,0.000000,execution_costs_v1.0,0.000000,0.000000,,,,
2024-09-12,BTE,BBG001S998N5,0,false,3.030000,3.060000,2.640264,0.990099,false,0.000000,execution_costs_v1.0,0.000000,0.000000,,,,
2024-09-12,BTG,BBG001T0CNW6,54,true,2.910000,3.090000,6.529210,6.185567,false,0.000000,execution_costs_v1.0,0.000000,0.000000,,,,
2024-09-12,BTSG,BBG0132WL2T0,0,false,13.530000,14.050000,3.843311,3.843311,false,0.000000,execution_costs_v1.0,0.000000,0.000000,,,,
2024-09-12,BTU,BBG00GBV89J5,0,false,20.870000,21.329500,2.491615,2.201725,false,0.000000,execution_costs_v1.0,0.000000,0.000000,,,,
2024-09-12,BUR,0001714174,1,false,12.860000,12.996000,1.166407,1.057543,false,0.000000,execution_costs_v1.0,0.000000,0.000000,,,,
2024-09-12,BUSE,BBG001SBH5P5,0,false,25.960000,25.790000,0.000000,-0.654854,false,0.000000,execution_costs_v1.0,0.000000,0.000000,,,,
2024-09-12,BV,BBG00L1LT744,0,false,14.700000,15.010000,2.775510,2.108844,false,0.000000,execution_costs_v1.0,0.000000,0.000000,,,,
2024-09-12,BVS,BBG00D8550C2,0,false,10.870000,10.920000,0.735971,0.459982,false,0.000000,execution_costs_v1.0,0.000000,0.000000,,,,
2024-09-12,BWA,BBG001S7F4D2,0,false,31.740000,31.975000,0.787650,0.740391,false,0.000000,execution_costs_v1.0,0.000000,0.000000,,,,
2024-09-12,BWB,BBG001SQNYQ1,0,false,13.550000,13.560000,1.394834,0.073801,false,0.000000,execution_costs_v1.0,0.000000,0.000000,,,,
2024-09-12,BWLP,0001649313,6,false,14.410000,14.220000,0.971548,-1.318529,false,0.000000,execution_costs_v1.0,0.000000,0.000000,,,,
2024-09-12,BWMN,BBG003BPV1R9,0,false,22.620000,23.010000,2.166225,1.724138,false,0.000000,execution_costs_v1.0,0.000000,0.000000,,,,
2024-09-12,BWMX,0001788257,0,false,12.670000,13.550000,7.655880,6.945541,false,0.000000,execution_costs_v1.0,0.000000,0.000000,,,,
2024-09-12,BWXT,BBG001SGJPH7,0,false,96.520000,98.460000,2.258599,2.009946,false,0.000000,execution_costs_v1.0,0.000000,0.000000,,,,
2024-09-12,BXC,BBG001SHHF25,0,false,95.130000,97.520000,2.575423,2.512352,false,0.000000,execution_costs_v1.0,0.000000,0.000000,,,,
2024-09-12,BXMT,BBG001S5Q7V7,2,false,18.420000,18.800000,2.280130,2.062975,false,0.000000,execution_costs_v1.0,0.000000,0.000000,,,,
2024-09-12,BXP,BBG001S9TWV1,0,false,76.500000,78.640000,3.398693,2.797386,false,0.000000,execution_costs_v1.0,0.000000,0.000000,,,,
2024-09-12,BXSL,BBG00MS80PP0,1,false,29.970000,30.030000,0.283617,0.200200,false,0.000000,execution_costs_v1.0,0.000000,0.000000,,,,
2024-09-12,BY,BBG001SMZRV6,0,false,25.900000,25.940000,0.424710,0.154440,false,0.000000,execution_costs_v1.0,0.000000,0.000000,,,,
2024-09-12,BYD,BBG001S7DMW3,0,false,59.190000,60.010000,1.436053,1.385369,false,0.000000,execution_costs_v1.0,0.000000,0.000000,,,,
2024-09-12,BYND,BBG003CVJP69,7,false,6.150000,6.295000,5.609756,2.357724,false,0.000000,execution_costs_v1.0,0.000000,0.000000,,,,
2024-09-12,BYON,BBG001S64TS5,10,true,11.100000,10.697100,1.351351,-3.629730,false,0.000000,execution_costs_v1.0,0.000000,0.000000,,,,
2024-09-12,BYRN,BBG001S5QDS8,1,false,14.600000,16.420000,16.438356,12.465753,true,0.000000,execution_costs_v1.0,0.000000,0.000000,,,,
2024-09-12,BZFD,BBG00YPS9KZ4,1,false,2.450000,2.510000,3.877551,2.448980,false,0.000000,execution_costs_v1.0,0.000000,0.000000,,,,
2024-09-12,BZH,BBG001S76DH8,0,false,31.430000,31.950000,2.783964,1.654470,false,0.000000,execution_costs_v1.0,0.000000,0.000000,,,,
2024-09-12,CAAP,0001717393,0,false,15.950000,16.680000,5.517241,4.576803,false,0.000000,execution_costs_v1.0,0.000000,0.000000,,,,
2024-09-12,CABO,BBG001SFK9N6,0,false,313.150000,324.740000,3.832029,3.701102,false,0.000000,execution_costs_v1.0,0.000000,0.000000,,,,
2024-09-12,CAC,BBG001S5PGN7,0,false,38.230000,37.650000,0.026157,-1.517133,false,0.000000,execution_costs_v1.0,0.000000,0.000000,,,,
2024-09-12,CACC,BBG001S71KS5,0,false,422.760000,421.470000,1.913615,-0.305138,false,0.000000,execution_costs_v1.0,0.000000,0.000000,,,,
2024-09-12,CACI,BBG001SF9NK1,1,false,469.010000,472.410000,0.869917,0.724931,false,0.000000,execution_costs_v1.0,0.000000,0.000000,,,,
2024-09-12,CADE,BBG001SHFG98,1,false,30.360000,30.730000,1.778656,1.218709,false,0.000000,execution_costs_v1.0,0.000000,0.000000,,,,
2024-09-12,CAE,BBG001S5Y4F3,0,false,17.960000,18.200000,1.586860,1.336303,false,0.000000,execution_costs_v1.0,0.000000,0.000000,,,,
2024-09-12,CAKE,BBG001S71Q75,0,false,36.400000,36.720000,1.428571,0.879121,false,0.000000,execution_costs_v1.0,0.000000,0.000000,,,,
2024-09-12,CAL,BBG001S76YV6,15,true,29.890000,30.230000,10.137170,1.137504,false,0.000000,execution_costs_v1.0,0.000000,0.000000,,,,
2024-09-12,CALM,BBG001S80MM6,0,false,69.350000,69.390000,0.850757,0.057678,false,0.000000,execution_costs_v1.0,0.000000,0.000000,,,,
2024-09-12,CALX,BBG001T633M8,1,false,35.330000,35.330000,0.396264,0.000000,false,0.000000,execution_costs_v1.0,0.000000,0.000000,,,,
2024-09-12,CAMT,0001109138,8,false,79.830000,79.110000,1.966679,-0.901917,false,0.000000,execution_costs_v1.0,0.000000,0.000000,,,,
2024-09-12,CAPL,BBG002Z9XF16,0,false,20.720000,20.950000,1.110039,1.110039,false,0.000000,execution_costs_v1.0,0.000000,0.000000,,,,
2024-09-12,CAR,BBG001S8S6R6,0,false,69.690000,70.270000,1.592768,0.832257,false,0.000000,execution_costs_v1.0,0.000000,0.000000,,,,
2024-09-12,CARE,BBG00Y9DFYK4,0,false,17.350000,17.260000,0.144092,-0.518732,false,0.000000,execution_costs_v1.0,0.000000,0.000000,,,,
2024-09-12,CARG,BBG00HQ77DT1,0,false,27.440000,28.410000,4.318513,3.534985,false,0.000000,execution_costs_v1.0,0.000000,0.000000,,,,
2024-09-12,CARS,BBG001SP6HB5,0,false,17.050000,17.070000,1.524927,0.117302,false,0.000000,execution_costs_v1.0,0.000000,0.000000,,,,
2024-09-12,CART,BBG00KG5VJG3,0,false,35.380000,36.320000,3.024308,2.656868,false,0.000000,execution_costs_v1.0,0.000000,0.000000,,,,
2024-09-12,CASH,BBG001S7G4Q7,0,false,65.430000,65.220000,0.259820,-0.320954,false,0.000000,execution_costs_v1.0,0.000000,0.000000,,,,
2024-09-12,CASS,BBG001S5VK42,0,false,41.290000,40.880000,0.290627,-0.992977,false,0.000000,execution_costs_v1.0,0.000000,0.000000,,,,
2024-09-12,CASY,BBG001S5PHZ2,0,false,375.090000,382.100000,1.924711,1.868885,false,0.000000,execution_costs_v1.0,0.000000,0.000000,,,,
2024-09-12,CATX,BBG001S5Q300,0,false,15.730000,15.820000,2.924348,0.572155,false,0.000000,execution_costs_v1.0,0.000000,0.000000,,,,
2024-09-12,CATY,BBG001S6PB10,0,false,41.410000,41.150000,0.096595,-0.627868,false,0.000000,execution_costs_v1.0,0.000000,0.000000,,,,
2024-09-12,CAVA,BBG00GBR8762,10,true,121.250000,125.450000,4.115464,3.463918,false,0.000000,execution_costs_v1.0,0.000000,0.000000,,,,
2024-09-12,CBL,BBG01396RPH6,0,false,25.790000,25.780000,0.232648,-0.038775,false,0.000000,execution_costs_v1.0,0.000000,0.000000,,,,
2024-09-12,CBNK,BBG001SMZRH2,0,false,24.460000,24.600000,1.308258,0.572363,false,0.000000,execution_costs_v1.0,0.000000,0.000000,,,,
2024-09-12,CBRL,BBG001S5PK03,1,false,36.840000,36.610000,1.031488,-0.624321,false,0.000000,execution_costs_v1.0,0.000000,0.000000,,,,
2024-09-12,CBSH,BBG001S5PK21,0,false,60.840000,60.860000,0.394477,0.032873,false,0.000000,execution_costs_v1.0,0.000000,0.000000,,,,
2024-09-12,CBT,BBG001S5PK58,0,false,101.810000,102.640000,1.168844,0.815244,false,0.000000,execution_costs_v1.0,0.000000,0.000000,,,,
2024-09-12,CBU,BBG001S5PK76,0,false,56.830000,56.580000,0.000000,-0.439908,false,0.000000,execution_costs_v1.0,0.000000,0.000000,,,,
2024-09-12,CBZ,BBG001S8MB55,0,false,65.620000,66.910000,3.413593,1.965864,false,0.000000,execution_costs_v1.0,0.000000,0.000000,,,,
2024-09-12,CC,BBG005H82GC1,0,false,17.080000,17.155000,0.936768,0.439110,false,0.000000,execution_costs_v1.0,0.000000,0.000000,,,,
2024-09-12,CCAP,BBG009NX1JV5,0,false,18.070000,18.140000,0.719424,0.387382,false,0.000000,execution_costs_v1.0,0.000000,0.000000,,,,
2024-09-12,CCB,BBG001SN16N6,0,false,49.470000,49.180000,0.606428,-0.586214,false,0.000000,execution_costs_v1.0,0.000000,0.000000,,,,
2024-09-12,CCBG,BBG001S9K7B7,0,false,33.660000,33.650000,0.267380,-0.029709,false,0.000000,execution_costs_v1.0,0.000000,0.000000,,,,
2024-09-12,CCCC,BBG00BV2Y9C6,1,false,6.060000,6.405000,5.775578,5.693069,false,0.000000,execution_costs_v1.0,0.000000,0.000000,,,,
2024-09-12,CCCS,BBG00WNSJM58,0,false,10.650000,10.750000,0.985915,0.938967,false,0.000000,execution_costs_v1.0,0.000000,0.000000,,,,
2024-09-12,CCD,BBG0065XMFM6,0,false,23.950000,24.080000,0.835073,0.542797,false,0.000000,execution_costs_v1.0,0.000000,0.000000,,,,
2024-09-12,CCK,BBG001S5PKZ5,0,false,90.040000,90.190000,0.610840,0.166593,false,0.000000,execution_costs_v1.0,0.000000,0.000000,,,,
2024-09-12,CCNE,BBG001S80QZ3,0,false,23.500000,23.560000,1.085106,0.255319,false,0.000000,execution_costs_v1.0,0.000000,0.000000,,,,
2024-09-12,CCO,BBG001SY0WV7,0,false,1.560000,1.640000,5.128205,5.128205,false,0.000000,execution_costs_v1.0,0.000000,0.000000,,,,
2024-09-12,CCOI,BBG001SC5GP2,0,false,69.960000,71.940000,3.616352,2.830189,false,0.000000,execution_costs_v1.0,0.000000,0.000000,,,,
2024-09-12,CCRN,BBG001SG7SC9,0,false,13.560000,13.510000,1.474926,-0.368732,false,0.000000,execution_costs_v1.0,0.000000,0.000000,,,,
2024-09-12,CCS,BBG006G413H4,0,false,96.370000,99.140000,4.072844,2.874338,false,0.000000,execution_costs_v1.0,0.000000,0.000000,,,,
2024-09-12,CCSI,BBG0105XBRJ8,0,false,21.790000,21.800000,1.009637,0.045893,false,0.000000,execution_costs_v1.0,0.000000,0.000000,,,,
2024-09-12,CDE,BBG001S5PM54,20,true,6.000000,6.845000,16.500000,14.083333,true,0.000000,execution_costs_v1.0,0.000000,0.000000,,,,
2024-09-12,CDMO,BBG001SD4YL6,0,false,10.630000,11.160000,8.184384,4.985889,false,0.000000,execution_costs_v1.0,0.000000,0.000000,,,,
2024-09-12,CDNA,BBG006JS5794,0,false,28.440000,29.430000,4.184248,3.481013,false,0.000000,execution_costs_v1.0,0.000000,0.000000,,,,
2024-09-12,CDP,BBG001S5XVM6,0,false,29.440000,29.530000,0.577446,0.305707,false,0.000000,execution_costs_v1.0,0.000000,0.000000,,,,
2024-09-12,CDRE,BBG011RK3P21,0,false,34.500000,35.010000,1.710145,1.478261,false,0.000000,execution_costs_v1.0,0.000000,0.000000,,,,
2024-09-12,CDRO,0001866782,0,false,7.750000,7.768000,1.676129,0.232258,false,0.000000,execution_costs_v1.0,0.000000,0.000000,,,,
2024-09-12,CDTX,BBG006R5MFV3,0,false,11.760000,11.420000,0.317177,-2.891156,false,0.000000,execution_costs_v1.0,0.000000,0.000000,,,,
2024-09-12,CE,BBG001SJDDG5,0,false,120.470000,119.920000,0.514651,-0.456545,false,0.000000,execution_costs_v1.0,0.000000,0.000000,,,,
2024-09-12,CECO,BBG001S6PJV0,0,false,26.390000,27.480000,4.509284,4.130352,false,0.000000,execution_costs_v1.0,0.000000,0.000000,,,,
2024-09-12,CEIX,BBG00HC115M9,0,false,92.130000,93.710000,3.419082,1.714968,false,0.000000,execution_costs_v1.0,0.000000,0.000000,,,,
2024-09-12,CELC,BBG00HKBW054,0,false,15.590000,14.650000,0.416934,-6.029506,false,0.000000,execution_costs_v1.0,0.000000,0.000000,,,,
2024-09-12,CELH,BBG001SQSKT3,7,false,33.350000,32.930000,0.149925,-1.259370,false,0.000000,execution_costs_v1.0,0.000000,0.000000,,,,
2024-09-12,CENTA,BBG001SLHT35,0,false,32.230000,32.240000,1.442755,0.031027,false,0.000000,execution_costs_v1.0,0.000000,0.000000,,,,
2024-09-12,CENX,BBG001S766G4,1,false,13.060000,13.050000,3.062787,-0.076570,false,0.000000,execution_costs_v1.0,0.000000,0.000000,,,,
2024-09-12,CEPU,BBG00JNMX9L5,0,false,10.070000,10.150000,1.688183,0.794439,false,0.000000,execution_costs_v1.0,0.000000,0.000000,,,,
2024-09-12,CERS,BBG001S97DG4,0,false,2.020000,2.030000,3.712871,0.495050,false,0.000000,execution_costs_v1.0,0.000000,0.000000,,,,
2024-09-12,CERT,BBG00Y7BR4L2,0,false,10.950000,10.740000,1.461187,-1.917808,false,0.000000,execution_costs_v1.0,0.000000,0.000000,,,,
2024-09-12,CEVA,BBG001S9R702,0,false,24.500000,24.170000,0.000000,-1.346939,false,0.000000,execution_costs_v1.0,0.000000,0.000000,,,,
2024-09-12,CF,BBG001SJ8KV8,0,false,77.490000,77.690000,1.535682,0.258098,false,0.000000,execution_costs_v1.0,0.000000,0.000000,,,,
2024-09-12,CFB,BBG001T6G4Z8,0,false,16.970000,17.110000,1.119623,0.824985,false,0.000000,execution_costs_v1.0,0.000000,0.000000,,,,
2024-09-12,CFFN,BBG001SBWDX2,0,false,5.720000,5.730000,0.874126,0.174825,false,0.000000,execution_costs_v1.0,0.000000,0.000000,,,,
2024-09-12,CFLT,BBG007HWGYS3,3,false,19.520000,19.400000,0.640369,-0.614754,false,0.000000,execution_costs_v1.0,0.000000,0.000000,,,,
2024-09-12,CFR,BBG001S6D2D0,0,false,105.930000,105.970000,0.625791,0.037761,false,0.000000,execution_costs_v1.0,0.000000,0.000000,,,,
2024-09-12,CG,BBG001S7JM84,0,false,37.870000,38.770000,2.376551,2.376551,false,0.000000,execution_costs_v1.0,0.000000,0.000000,,,,
2024-09-12,CGAU,BBG001SLVFY5,0,false,6.740000,6.970000,4.597923,3.412463,false,0.000000,execution_costs_v1.0,0.000000,0.000000,,,,
2024-09-12,CGBD,BBG00GQVWWQ3,0,false,16.750000,16.980000,1.552239,1.373134,false,0.000000,execution_costs_v1.0,0.000000,0.000000,,,,
2024-09-12,CGC,BBG001T6MH82,13,true,4.730000,4.730000,1.188161,0.000000,false,0.000000,execution_costs_v1.0,0.000000,0.000000,,,,
2024-09-12,CGEM,BBG00HW2DGR3,0,false,18.000000,17.620000,1.416667,-2.111111,false,0.000000,execution_costs_v1.0,0.000000,0.000000,,,,
2024-09-12,CGNT,0001824814,0,false,6.290000,6.310000,1.240064,0.317965,false,0.000000,execution_costs_v1.0,0.000000,0.000000,,,,
2024-09-12,CGNX,BBG001S5TC16,0,false,38.560000,38.300000,0.687241,-0.674274,false,0.000000,execution_costs_v1.0,0.000000,0.000000,,,,
2024-09-12,CGON,BBG00YHKK4R2,0,false,36.490000,34.800000,1.562072,-4.631406,false,0.000000,execution_costs_v1.0,0.000000,0.000000,,,,
2024-09-12,CHCO,BBG001S5PR71,0,false,114.720000,114.850000,0.461994,0.113319,false,0.000000,execution_costs_v1.0,0.000000,0.000000,,,,
2024-09-12,CHCT,BBG008G2P3N1,0,false,16.180000,16.540000,3.955501,2.224969,false,0.000000,execution_costs_v1.0,0.000000,0.000000,,,,
2024-09-12,CHDN,BBG001S67Z80,0,false,140.670000,140.180000,0.419421,-0.348333,false,0.000000,execution_costs_v1.0,0.000000,0.000000,,,,
2024-09-12,CHEF,BBG001V11JN2,0,false,39.210000,39.880000,2.218822,1.708748,false,0.000000,execution_costs_v1.0,0.000000,0.000000,,,,
2024-09-12,CHH,BBG001S997X6,0,false,120.900000,122.460000,1.555004,1.290323,false,0.000000,execution_costs_v1.0,0.000000,0.000000,,,,
2024-09-12,CHI,BBG001SG6175,0,false,11.470000,11.410000,2.005231,-0.523104,false,0.000000,execution_costs_v1.0,0.000000,0.000000,,,,
2024-09-12,CHK,BBG00Z6DX607,0,false,72.380000,72.340000,0.400663,-0.055264,false,0.000000,execution_costs_v1.0,0.000000,0.000000,,,,
2024-09-12,CHPT,BBG00Q741ZS7,35,true,1.340000,1.330000,0.746269,-0.746269,false,0.000000,execution_costs_v1.0,0.000000,0.000000,,,,
2024-09-12,CHRD,BBG00Y7BLJF2,1,false,133.730000,132.740000,0.329021,-0.740298,false,0.000000,execution_costs_v1.0,0.000000,0.000000,,,,
2024-09-12,CHRW,BBG001SB6KF5,0,false,100.000000,99.490000,0.650000,-0.510000,false,0.000000,execution_costs_v1.0,0.000000,0.000000,,,,
2024-09-12,CHUY,BBG001YR4229,0,false,37.260000,37.300000,0.134192,0.107354,false,0.000000,execution_costs_v1.0,0.000000,0.000000,,,,
2024-09-12,CHW,BBG001SQN842,0,false,6.950000,6.890000,0.000000,-0.863309,false,0.000000,execution_costs_v1.0,0.000000,0.000000,,,,
2024-09-12,CHWY,BBG00P19DLQ4,10,true,30.200000,30.920000,2.483444,2.384106,false,0.000000,execution_costs_v1.0,0.000000,0.000000,,,,
2024-09-12,CHX,BBG00JH9V005,5,false,28.480000,28.405000,0.649579,-0.263343,false,0.000000,execution_costs_v1.0,0.000000,0.000000,,,,
2024-09-12,CHY,BBG001S8SMN5,0,false,11.700000,11.710000,1.196581,0.085470,false,0.000000,execution_costs_v1.0,0.000000,0.000000,,,,
2024-09-12,CIEN,BBG001S61J73,1,false,53.500000,54.520000,2.242991,1.906542,false,0.000000,execution_costs_v1.0,0.000000,0.000000,,,,
2024-09-12,CIFR,BBG00XYHY0L1,19,true,3.080000,3.100000,1.948052,0.649351,false,0.000000,execution_costs_v1.0,0.000000,0.000000,,,,
2024-09-12,CIGI,BBG001S79G88,0,false,142.000000,143.650000,1.267606,1.161972,false,0.000000,execution_costs_v1.0,0.000000,0.000000,,,,
2024-09-12,CIM,BBG001SR1G28,0,false,15.510000,15.550000,0.515796,0.257898,false,0.000000,execution_costs_v1.0,0.000000,0.000000,,,,
2024-09-12,CINT,0001868995,0,false,6.820000,6.830000,0.439883,0.146628,false,0.000000,execution_costs_v1.0,0.000000,0.000000,,,,
2024-09-12,CION,BBG009KJ66C3,0,false,11.620000,11.620000,0.354561,0.000000,false,0.000000,execution_costs_v1.0,0.000000,0.000000,,,,
2024-09-12,CIVI,BBG00GLNJ0R0,1,false,51.890000,52.520000,2.331856,1.214107,false,0.000000,execution_costs_v1.0,0.000000,0.000000,,,,
2024-09-12,CIX,BBG001S643N7,0,false,28.250000,28.280000,0.141593,0.106195,false,0.000000,execution_costs_v1.0,0.000000,0.000000,,,,
2024-09-12,CJET,0001957413,3,false,2.760000,2.770000,9.054348,0.362319,false,0.000000,execution_costs_v1.0,0.000000,0.000000,,,,
2024-09-12,CLB,BBG01GG28WT1,0,false,16.720000,16.650000,1.076555,-0.418660,false,0.000000,execution_costs_v1.0,0.000000,0.000000,,,,
2024-09-12,CLBK,BBG003222R95,0,false,16.460000,16.800000,2.065614,2.065614,false,0.000000,execution_costs_v1.0,0.000000,0.000000,,,,
2024-09-12,CLBT,0001854587,0,false,16.630000,16.960000,2.315093,1.984366,false,0.000000,execution_costs_v1.0,0.000000,0.000000,,,,
2024-09-12,CLCO,0001944057,0,false,10.920000,11.000000,1.373626,0.732601,false,0.000000,execution_costs_v1.0,0.000000,0.000000,,,,
2024-09-12,CLDT,BBG001T5ZKL8,0,false,8.160000,8.190000,0.490196,0.367647,false,0.000000,execution_costs_v1.0,0.000000,0.000000,,,,
2024-09-12,CLDX,BBG001S7QN20,2,false,41.680000,41.770000,1.559501,0.215931,false,0.000000,execution_costs_v1.0,0.000000,0.000000,,,,
2024-09-12,CLF,BBG001S5PW43,15,true,11.220000,11.350000,2.049911,1.158645,false,0.000000,execution_costs_v1.0,0.000000,0.000000,,,,
2024-09-12,CLFD,BBG001S5NS35,0,false,37.740000,38.220000,1.762056,1.271860,false,0.000000,execution_costs_v1.0,0.000000,0.000000,,,,
2024-09-12,CLH,BBG001S5PW98,0,false,239.320000,240.560000,0.568277,0.518135,false,0.000000,execution_costs_v1.0,0.000000,0.000000,,,,
2024-09-12,CLMB,BBG001S5T4D1,0,false,87.370000,87.330000,0.766854,-0.045782,false,0.000000,execution_costs_v1.0,0.000000,0.000000,,,,
2024-09-12,CLMT,BBG01NQ82GC1,1,false,15.980000,16.610000,5.757196,3.942428,false,0.000000,execution_costs_v1.0,0.000000,0.000000,,,,
2024-09-12,CLNE,BBG001SPD4H0,0,false,2.900000,2.935000,3.103448,1.206897,false,0.000000,execution_costs_v1.0,0.000000,0.000000,,,,
2024-09-12,CLNN,BBG00X3GTK84,0,false,6.150000,6.200000,3.902439,0.813008,false,0.000000,execution_costs_v1.0,0.000000,0.000000,,,,
2024-09-12,CLOV,BBG00SHY90K3,12,true,2.640000,2.765000,8.712121,4.734848,false,0.000000,execution_costs_v1.0,0.000000,0.000000,,,,
2024-09-12,CLPT,BBG001T6D542,1,false,12.080000,12.170000,2.897351,0.745033,false,0.000000,execution_costs_v1.0,0.000000,0.000000,,,,
2024-09-12,CLS,BBG001S9CXM7,5,false,45.380000,45.540000,3.393565,0.352578,false,0.000000,execution_costs_v1.0,0.000000,0.000000,,,,
2024-09-12,CLSK,BBG001S7F576,49,true,9.330000,9.240000,1.382637,-0.964630,false,0.000000,execution_costs_v1.0,0.000000,0.000000,,,,
2024-09-12,CLVT,0001764046,1,false,6.510000,6.320000,0.921659,-2.918587,false,0.000000,execution_costs_v1.0,0.000000,0.000000,,,,
2024-09-12,CLW,BBG001T3T1B3,0,false,28.120000,28.830000,5.405405,2.524893,false,0.000000,execution_costs_v1.0,0.000000,0.000000,,,,
2024-09-12,CMA,BBG001S6PXB1,0,false,56.520000,56.730000,0.460014,0.371550,false,0.000000,execution_costs_v1.0,0.000000,0.000000,,,,
2024-09-12,CMC,BBG001S5PXG8,0,false,49.030000,49.630000,1.486845,1.223741,false,0.000000,execution_costs_v1.0,0.000000,0.000000,,,,
2024-09-12,CMCO,BBG001S5VFS7,0,false,30.260000,30.180000,0.330469,-0.264375,false,0.000000,execution_costs_v1.0,0.000000,0.000000,,,,
2024-09-12,CMG,BBG001SP50B3,18,true,55.930000,56.360000,0.983372,0.768818,false,0.000000,execution_costs_v1.0,0.000000,0.000000,,,,
2024-09-12,CMP,BBG001SDY0X4,0,false,8.560000,8.460000,3.504673,-1.168224,false,0.000000,execution_costs_v1.0,0.000000,0.000000,,,,
2024-09-12,CMPR,0001262976,1,false,80.800000,79.960000,1.404703,-1.039604,false,0.000000,execution_costs_v1.0,0.000000,0.000000,,,,
2024-09-12,CMRE,0001503584,0,false,13.400000,13.540000,2.238806,1.044776,false,0.000000,execution_costs_v1.0,0.000000,0.000000,,,,
2024-09-12,CMTG,BBG00PT33814,0,false,7.710000,7.845000,1.945525,1.750973,false,0.000000,execution_costs_v1.0,0.000000,0.000000,,,,
2024-09-12,CNA,BBG001S5PYX7,0,false,49.470000,49.960000,1.071356,0.990499,false,0.000000,execution_costs_v1.0,0.000000,0.000000,,,,
2024-09-12,CNDT,BBG00C1BZMV6,0,false,3.760000,3.820000,2.393617,1.595745,false,0.000000,execution_costs_v1.0,0.000000,0.000000,,,,
2024-09-12,CNK,BBG001SS31W4,0,false,28.440000,28.590000,1.476793,0.527426,false,0.000000,execution_costs_v1.0,0.000000,0.000000,,,,
2024-09-12,CNM,BBG01163K3R5,0,false,38.700000,39.910000,3.979328,3.126615,false,0.000000,execution_costs_v1.0,0.000000,0.000000,,,,
2024-09-12,CNMD,BBG001S5PZH2,0,false,73.390000,77.020000,5.845483,4.946178,false,0.000000,execution_costs_v1.0,0.000000,0.000000,,,,
2024-09-12,CNNE,BBG00GXRNJQ3,0,false,18.720000,18.950000,1.762821,1.228632,false,0.000000,execution_costs_v1.0,0.000000,0.000000,,,,
2024-09-12,CNO,BBG001SBR6X3,0,false,32.360000,32.655000,1.019778,0.911619,false,0.000000,execution_costs_v1.0,0.000000,0.000000,,,,
2024-09-12,CNOB,BBG001S6YLR0,0,false,24.460000,24.260000,0.000000,-0.817661,false,0.000000,execution_costs_v1.0,0.000000,0.000000,,,,
2024-09-12,CNS,BBG001S5PZN5,0,false,89.450000,89.380000,0.614869,-0.078256,false,0.000000,execution_costs_v1.0,0.000000,0.000000,,,,
2024-09-12,CNSL,BBG001S5PL29,0,false,4.570000,4.600000,0.656455,0.656455,false,0.000000,execution_costs_v1.0,0.000000,0.000000,,,,
2024-09-12,CNX,BBG001SC7TN4,1,false,27.120000,27.060000,1.069322,-0.221239,false,0.000000,execution_costs_v1.0,0.000000,0.000000,,,,
2024-09-12,CNXC,BBG00RCNQMY2,0,false,68.920000,66.420000,0.000000,-3.627394,false,0.000000,execution_costs_v1.0,0.000000,0.000000,,,,
2024-09-12,CNXN,BBG001S96MG5,0,false,70.310000,70.950000,0.910255,0.910255,false,0.000000,execution_costs_v1.0,0.000000,0.000000,,,,
2024-09-12,COCO,BBG012QFVTF8,0,false,26.200000,26.850000,2.709924,2.480916,false,0.000000,execution_costs_v1.0,0.000000,0.000000,,,,
2024-09-12,CODI,BBG001SPY7K6,0,false,20.340000,20.550000,1.819076,1.032448,false,0.000000,execution_costs_v1.0,0.000000,0.000000,,,,
2024-09-12,COGT,BBG007DHY102,0,false,10.740000,10.270000,0.000000,-4.376164,false,0.000000,execution_costs_v1.0,0.000000,0.000000,,,,
2024-09-12,COHR,BBG001S5S6N6,6,false,75.280000,76.010000,2.078905,0.969713,false,0.000000,execution_costs_v1.0,0.000000,0.000000,,,,
2024-09-12,COHU,BBG001S87LQ7,0,false,23.860000,23.810000,1.383068,-0.209556,false,0.000000,execution_costs_v1.0,0.000000,0.000000,,,,
2024-09-12,COLB,BBG001S72GJ3,0,false,23.630000,23.555000,0.465510,-0.317393,false,0.000000,execution_costs_v1.0,0.000000,0.000000,,,,
2024-09-12,COLD,BBG001SMQ866,0,false,29.100000,28.970000,0.463918,-0.446735,false,0.000000,execution_costs_v1.0,0.000000,0.000000,,,,
2024-09-12,COLL,BBG001T535S9,0,false,36.330000,36.530000,1.045968,0.550509,false,0.000000,execution_costs_v1.0,0.000000,0.000000,,,,
2024-09-12,COLM,BBG001S90WD2,0,false,80.640000,81.370000,1.103671,0.905258,false,0.000000,execution_costs_v1.0,0.000000,0.000000,,,,
2024-09-12,COMM,BBG004LTL7M1,6,false,5.140000,5.220000,2.237354,1.556420,false,0.000000,execution_costs_v1.0,0.000000,0.000000,,,,
2024-09-12,COMP,BBG00J5SXTJ1,15,true,6.000000,5.955000,0.833333,-0.750000,false,0.000000,execution_costs_v1.0,0.000000,0.000000,,,,
2024-09-12,COOK,BBG011PTS834,0,false,3.290000,3.405000,5.167173,3.495441,false,0.000000,execution_costs_v1.0,0.000000,0.000000,,,,
2024-09-12,COOP,BBG002V09956,2,false,88.100000,89.970000,2.440409,2.122588,false,0.000000,execution_costs_v1.0,0.000000,0.000000,,,,
2024-09-12,CORT,BBG001S8QGV1,0,false,35.940000,35.700000,0.639955,-0.667780,false,0.000000,execution_costs_v1.0,0.000000,0.000000,,,,
2024-09-12,CORZ,BBG01L5GH1G3,8,false,10.100000,10.390000,5.445545,2.871287,false,0.000000,execution_costs_v1.0,0.000000,0.000000,,,,
2024-09-12,COTY,BBG001S8GLM1,0,false,8.880000,8.925000,0.675676,0.506757,false,0.000000,execution_costs_v1.0,0.000000,0.000000,,,,
2024-09-12,COUR,BBG002WLDMY3,0,false,7.800000,7.780000,1.282051,-0.256410,false,0.000000,execution_costs_v1.0,0.000000,0.000000,,,,
2024-09-12,CPA,0001345105,0,false,89.180000,88.440000,0.538574,-0.829782,false,0.000000,execution_costs_v1.0,0.000000,0.000000,,,,
2024-09-12,CPB,BBG001S5Q2B0,1,false,48.920000,49.780000,2.228128,1.757972,false,0.000000,execution_costs_v1.0,0.000000,0.000000,,,,
2024-09-12,CPF,BBG001S5Q2C9,0,false,26.390000,26.410000,0.322092,0.075786,false,0.000000,execution_costs_v1.0,0.000000,0.000000,,,,
2024-09-12,CPK,BBG001SCP5R2,0,false,119.670000,120.750000,1.002758,0.902482,false,0.000000,execution_costs_v1.0,0.000000,0.000000,,,,
2024-09-12,CPRI,0001530721,6,false,40.450000,39.260000,0.618047,-2.941904,false,0.000000,execution_costs_v1.0,0.000000,0.000000,,,,
2024-09-12,CPRX,BBG001SRHS16,0,false,19.600000,20.290000,5.612245,3.520408,false,0.000000,execution_costs_v1.0,0.000000,0.000000,,,,
2024-09-12,CPT,BBG001S5Q6V9,0,false,122.510000,123.030000,0.779528,0.424455,false,0.000000,execution_costs_v1.0,0.000000,0.000000,,,,
2024-09-12,CPZ,BBG00PWZGZZ8,0,false,15.670000,15.600000,0.063816,-0.446713,false,0.000000,execution_costs_v1.0,0.000000,0.000000,,,,
2024-09-12,CR,BBG016G0L0V9,0,false,148.610000,149.980000,1.154027,0.921876,false,0.000000,execution_costs_v1.0,0.000000,0.000000,,,,
2024-09-12,CRAI,BBG001SBRK80,0,false,158.000000,161.630000,3.098101,2.297468,false,0.000000,execution_costs_v1.0,0.000000,0.000000,,,,
2024-09-12,CRBP,BBG0078PJKP8,0,false,52.710000,51.590000,4.496301,-2.124834,false,0.000000,execution_costs_v1.0,0.000000,0.000000,,,,
2024-09-12,CRC,BBG00Y04KQ51,0,false,48.540000,48.790000,1.586321,0.515039,false,0.000000,execution_costs_v1.0,0.000000,0.000000,,,,
2024-09-12,CRCT,BBG00XJFB224,0,false,5.730000,5.820000,2.530541,1.570681,false,0.000000,execution_costs_v1.0,0.000000,0.000000,,,,
2024-09-12,CRD.A,BBG001S5TK72,0,false,9.890000,10.170000,3.639029,2.831143,false,0.000000,execution_costs_v1.0,0.000000,0.000000,,,,
2024-09-12,CRDO,0001807794,6,false,26.550000,27.780000,6.741996,4.632768,false,0.000000,execution_costs_v1.0,0.000000,0.000000,,,,
2024-09-12,CRGX,BBG01D59LZS4,0,false,21.870000,22.000000,2.743484,0.594422,false,0.000000,execution_costs_v1.0,0.000000,0.000000,,,,
2024-09-12,CRGY,BBG013THLJ08,1,false,10.400000,10.410000,1.971154,0.096154,false,0.000000,execution_costs_v1.0,0.000000,0.000000,,,,
2024-09-12,CRI,BBG001SCJ3Q5,0,false,68.740000,69.880000,1.731161,1.658423,false,0.000000,execution_costs_v1.0,0.000000,0.000000,,,,
2024-09-12,CRK,BBG001S8FX55,2,false,9.950000,9.755000,0.702513,-1.959799,false,0.000000,execution_costs_v1.0,0.000000,0.000000,,,,
2024-09-12,CRL,BBG001S7Q271,0,false,193.670000,194.440000,0.686735,0.397584,false,0.000000,execution_costs_v1.0,0.000000,0.000000,,,,
2024-09-12,CRMD,BBG001T6FWS5,4,false,6.940000,6.855000,0.864553,-1.224784,false,0.000000,execution_costs_v1.0,0.000000,0.000000,,,,
2024-09-12,CRML,0001951089,0,false,6.510000,7.020000,15.360983,7.834101,true,0.000000,execution_costs_v1.0,0.000000,0.000000,,,,
2024-09-12,CRMT,BBG001S6Z7P2,0,false,47.150000,47.510000,1.420997,0.763521,false,0.000000,execution_costs_v1.0,0.000000,0.000000,,,,
2024-09-12,CRNX,BBG00BC592C3,0,false,50.500000,51.260000,2.158416,1.504950,false,0.000000,execution_costs_v1.0,0.000000,0.000000,,,,
2024-09-12,CRON,BBG006G267X6,0,false,2.190000,2.155000,0.000000,-1.598174,false,0.000000,execution_costs_v1.0,0.000000,0.000000,,,,
2024-09-12,CROX,BBG001SDGFR8,1,false,128.140000,127.740000,0.569689,-0.312159,false,0.000000,execution_costs_v1.0,0.000000,0.000000,,,,
2024-09-12,CRS,BBG001S5Q5M1,0,false,136.410000,139.610000,2.558463,2.345869,false,0.000000,execution_costs_v1.0,0.000000,0.000000,,,,
2024-09-12,CRSP,0001674416,3,false,45.360000,45.940000,2.204365,1.278660,false,0.000000,execution_costs_v1.0,0.000000,0.000000,,,,
2024-09-12,CRSR,BBG00HMSHL92,0,false,5.810000,5.820000,1.378657,0.172117,false,0.000000,execution_costs_v1.0,0.000000,0.000000,,,,
2024-09-12,CRUS,BBG001S67J86,0,false,136.290000,134.060000,1.056571,-1.636217,false,0.000000,execution_costs_v1.0,0.000000,0.000000,,,,
2024-09-12,CRVL,BBG001S72ZL8,0,false,303.700000,304.290000,0.885743,0.194271,false,0.000000,execution_costs_v1.0,0.000000,0.000000,,,,
2024-09-12,CSGS,BBG001S8QQ76,0,false,45.490000,46.000000,1.318971,1.121126,false,0.000000,execution_costs_v1.0,0.000000,0.000000,,,,
2024-09-12,CSIQ,BBG001SPNJT3,3,false,13.850000,13.890000,2.671480,0.288809,false,0.000000,execution_costs_v1.0,0.000000,0.000000,,,,
2024-09-12,CSQ,BBG001SC0HR3,0,false,16.890000,16.880000,0.059207,-0.059207,false,0.000000,execution_costs_v1.0,0.000000,0.000000,,,,
2024-09-12,CSR,BBG001SB9ZW0,0,false,72.470000,73.480000,1.642059,1.393680,false,0.000000,execution_costs_v1.0,0.000000,0.000000,,,,
2024-09-12,CSTL,BBG006YWVSS2,1,false,31.370000,30.700000,1.498247,-2.135799,false,0.000000,execution_costs_v1.0,0.000000,0.000000,,,,
2024-09-12,CSTM,0001563411,0,false,16.500000,16.390000,0.666667,-0.666667,false,0.000000,execution_costs_v1.0,0.000000,0.000000,,,,
2024-09-12,CSV,BBG001S9M5G4,0,false,32.290000,32.330000,0.557448,0.123877,false,0.000000,execution_costs_v1.0,0.000000,0.000000,,,,
2024-09-12,CSWC,BBG001S5Q7P4,0,false,25.420000,25.420000,0.668765,0.000000,false,0.000000,execution_costs_v1.0,0.000000,0.000000,,,,
2024-09-12,CSWI,BBG007NLG4M2,1,false,320.000000,327.980000,2.656250,2.493750,false,0.000000,execution_costs_v1.0,0.000000,0.000000,,,,
2024-09-12,CTBI,BBG001S9F6J7,0,false,47.920000,47.980000,0.813856,0.125209,false,0.000000,execution_costs_v1.0,0.000000,0.000000,,,,
2024-09-12,CTKB,BBG00D36Q103,0,false,5.450000,4.740000,0.000000,-13.027523,false,0.000000,execution_costs_v1.0,0.000000,0.000000,,,,
2024-09-12,CTLP,BBG001S96MW7,0,false,6.172000,6.230000,2.640959,0.939728,false,0.000000,execution_costs_v1.0,0.000000,0.000000,,,,
2024-09-12,CTLT,BBG005XR47N7,0,false,59.600000,59.660000,0.369128,0.100671,false,0.000000,execution_costs_v1.0,0.000000,0.000000,,,,
2024-09-12,CTNM,BBG01M27SWR2,0,false,17.840000,17.830000,2.578475,-0.056054,false,0.000000,execution_costs_v1.0,0.000000,0.000000,,,,
2024-09-12,CTO,BBG00Y3M1H68,4,false,18.560000,18.910000,2.828664,1.885776,false,0.000000,execution_costs_v1.0,0.000000,0.000000,,,,
2024-09-12,CTOS,BBG00HLCWDG1,0,false,3.440000,3.565000,4.796512,3.633721,false,0.000000,execution_costs_v1.0,0.000000,0.000000,,,,
2024-09-12,CTRE,BBG005KC4Z61,0,false,30.140000,30.700000,1.990710,1.857996,false,0.000000,execution_costs_v1.0,0.000000,0.000000,,,,
2024-09-12,CTS,BBG001S5Q8Y2,0,false,46.290000,45.680000,0.000000,-1.317779,false,0.000000,execution_costs_v1.0,0.000000,0.000000,,,,
2024-09-12,CUBE,BBG001SHP0D7,0,false,53.420000,53.920000,1.085736,0.935979,false,0.000000,execution_costs_v1.0,0.000000,0.000000,,,,
2024-09-12,CUBI,BBG0023XX770,0,false,49.010000,47.700000,0.367068,-2.672924,false,0.000000,execution_costs_v1.0,0.000000,0.000000,,,,
2024-09-12,CURV,BBG011C0PDC3,40,true,4.150000,3.930000,2.409639,-5.301205,false,0.000000,execution_costs_v1.0,0.000000,0.000000,,,,
2024-09-12,CUZ,BBG001S73MB7,0,false,28.860000,29.090000,1.022176,0.796951,false,0.000000,execution_costs_v1.0,0.000000,0.000000,,,,
2024-09-12,CVAC,0001809122,2,false,3.090000,3.090000,1.779935,0.000000,false,0.000000,execution_costs_v1.0,0.000000,0.000000,,,,
2024-09-12,CVBF,BBG001SJ1SH4,0,false,16.990000,17.120000,0.941730,0.765156,false,0.000000,execution_costs_v1.0,0.000000,0.000000,,,,
2024-09-12,CVCO,BBG001SJQBM8,1,false,405.010000,415.655000,2.960421,2.628330,false,0.000000,execution_costs_v1.0,0.000000,0.000000,,,,
2024-09-12,CVEO,BBG009KJ2H33,0,false,27.290000,27.910000,3.884207,2.271894,false,0.000000,execution_costs_v1.0,0.000000,0.000000,,,,
2024-09-12,CVGW,BBG001S9FP96,1,false,28.500000,29.650000,4.066667,4.035088,false,0.000000,execution_costs_v1.0,0.000000,0.000000,,,,
2024-09-12,CVI,BBG001SM6PD2,0,false,21.200000,21.310000,1.273585,0.518868,false,0.000000,execution_costs_v1.0,0.000000,0.000000,,,,
2024-09-12,CVLG,BBG001S89TF0,0,false,51.460000,51.430000,0.835600,-0.058298,false,0.000000,execution_costs_v1.0,0.000000,0.000000,,,,
2024-09-12,CVLT,BBG001S7R751,0,false,146.830000,147.010000,1.185044,0.122591,false,0.000000,execution_costs_v1.0,0.000000,0.000000,,,,
2024-09-12,CW,BBG001S5QBK0,0,false,300.740000,303.770000,1.778945,1.007515,false,0.000000,execution_costs_v1.0,0.000000,0.000000,,,,
2024-09-12,CWAN,BBG012C765M3,0,false,23.560000,23.370000,0.933786,-0.806452,false,0.000000,execution_costs_v1.0,0.000000,0.000000,,,,
2024-09-12,CWCO,0000928340,0,false,25.160000,25.450000,2.384738,1.152623,false,0.000000,execution_costs_v1.0,0.000000,0.000000,,,,
2024-09-12,CWEN,BBG008LJ4TG2,0,false,28.340000,28.410000,0.952717,0.247001,false,0.000000,execution_costs_v1.0,0.000000,0.000000,,,,
2024-09-12,CWH,BBG00D2Z7X92,1,false,22.040000,22.130000,0.952813,0.408348,false,0.000000,execution_costs_v1.0,0.000000,0.000000,,,,
2024-09-12,CWK,0001628369,0,false,12.820000,12.800000,1.248050,-0.156006,false,0.000000,execution_costs_v1.0,0.000000,0.000000,,,,
2024-09-12,CWST,BBG001SB5S05,0,false,105.050000,106.400000,1.408853,1.285102,false,0.000000,execution_costs_v1.0,0.000000,0.000000,,,,
2024-09-12,CWT,BBG001S7QBD4,0,false,53.260000,53.330000,0.751033,0.131431,false,0.000000,execution_costs_v1.0,0.000000,0.000000,,,,
2024-09-12,CXM,BBG0043NCD14,0,false,7.470000,7.675000,3.078983,2.744311,false,0.000000,execution_costs_v1.0,0.000000,0.000000,,,,
2024-09-12,CXT,BBG017BXPZ94,0,false,56.790000,57.890000,2.271527,1.936961,false,0.000000,execution_costs_v1.0,0.000000,0.000000,,,,
2024-09-12,CXW,BBG001S8PTV4,0,false,12.860000,12.800000,1.993779,-0.466563,false,0.000000,execution_costs_v1.0,0.000000,0.000000,,,,
2024-09-12,CYBR,0001598110,0,false,269.200000,272.540000,1.816493,1.240713,false,0.000000,execution_costs_v1.0,0.000000,0.000000,,,,
2024-09-12,CYD,0000932695,1,false,11.800000,12.030000,2.033898,1.949153,false,0.000000,execution_costs_v1.0,0.000000,0.000000,,,,
2024-09-12,CYH,BBG001S89L85,0,false,5.420000,5.605000,4.889299,3.413284,false,0.000000,execution_costs_v1.0,0.000000,0.000000,,,,
2024-09-12,CYRX,BBG001SLKBJ3,0,false,7.870000,8.270000,7.242694,5.082592,false,0.000000,execution_costs_v1.0,0.000000,0.000000,,,,
2024-09-12,CYTK,BBG001SGMVF2,0,false,53.780000,54.060000,3.030866,0.520640,false,0.000000,execution_costs_v1.0,0.000000,0.000000,,,,
2024-09-12,CZR,BBG0074Q3NL5,6,false,36.500000,36.550000,0.547945,0.136986,false,0.000000,execution_costs_v1.0,0.000000,0.000000,,,,
2024-09-12,DAC,0001369241,0,false,78.840000,78.580000,0.875190,-0.329782,false,0.000000,execution_costs_v1.0,0.000000,0.000000,,,,
2024-09-12,DAKT,BBG001S7N3Z1,0,false,12.300000,12.320000,1.219512,0.162602,false,0.000000,execution_costs_v1.0,0.000000,0.000000,,,,
2024-09-12,DAN,BBG001SRW699,2,false,9.420000,9.340000,1.380042,-0.849257,false,0.000000,execution_costs_v1.0,0.000000,0.000000,,,,
2024-09-12,DAR,BBG001SB7RP8,0,false,34.200000,34.240000,1.081871,0.116959,false,0.000000,execution_costs_v1.0,0.000000,0.000000,,,,
2024-09-12,DARE,BBG001V0GDP9,0,false,3.300000,3.350000,2.121212,1.515152,false,0.000000,execution_costs_v1.0,0.000000,0.000000,,,,
2024-09-12,DAVE,BBG00Z483WM2,0,false,33.990000,35.050000,3.912916,3.118564,false,0.000000,execution_costs_v1.0,0.000000,0.000000,,,,
2024-09-12,DAWN,BBG00V1KSN13,0,false,14.050000,13.660000,0.498221,-2.775801,false,0.000000,execution_costs_v1.0,0.000000,0.000000,,,,
2024-09-12,DAY,BBG005D7PF43,0,false,58.160000,58.805000,1.306740,1.109010,false,0.000000,execution_costs_v1.0,0.000000,0.000000,,,,
2024-09-12,DBD,BBG01HVHYCP8,0,false,42.340000,41.830000,0.897496,-1.204535,false,0.000000,execution_costs_v1.0,0.000000,0.000000,,,,
2024-09-12,DBRG,BBG00D30HGN8,0,false,13.260000,13.900000,5.429864,4.826546,false,0.000000,execution_costs_v1.0,0.000000,0.000000,,,,
2024-09-12,DBX,BBG001TFLWN3,0,false,24.250000,24.270000,0.474227,0.082474,false,0.000000,execution_costs_v1.0,0.000000,0.000000,,,,
2024-09-12,DCBO,BBG00Q2B1CB5,0,false,41.660000,42.240000,2.640422,1.392223,false,0.000000,execution_costs_v1.0,0.000000,0.000000,,,,
2024-09-12,DCGO,BBG00YB8JBL7,0,false,3.580000,3.515000,0.279330,-1.815642,false,0.000000,execution_costs_v1.0,0.000000,0.000000,,,,
2024-09-12,DCI,BBG001S5QDV4,0,false,70.180000,70.060000,0.740952,-0.170989,false,0.000000,execution_costs_v1.0,0.000000,0.000000,,,,
2024-09-12,DCO,BBG001S5QDZ0,0,false,63.440000,64.010000,1.891551,0.898487,false,0.000000,execution_costs_v1.0,0.000000,0.000000,,,,
2024-09-12,DCOM,BBG001S7NTQ4,0,false,24.660000,24.820000,1.703163,0.648824,false,0.000000,execution_costs_v1.0,0.000000,0.000000,,,,
2024-09-12,DDS,BBG001S5VNW5,0,false,337.320000,332.830000,0.348334,-1.331080,false,0.000000,execution_costs_v1.0,0.000000,0.000000,,,,
2024-09-12,DEA,BBG007SV91T2,3,false,13.250000,13.580000,2.943396,2.490566,false,0.000000,execution_costs_v1.0,0.000000,0.000000,,,,
2024-09-12,DEC,0001922446,4,false,10.910000,11.130000,2.016499,2.016499,false,0.000000,execution_costs_v1.0,0.000000,0.000000,,,,
2024-09-12,DEI,BBG001SR5X72,0,false,15.950000,16.340000,2.507837,2.445141,false,0.000000,execution_costs_v1.0,0.000000,0.000000,,,,
2024-09-12,DENN,BBG001S5YGR3,0,false,5.890000,5.870000,0.509338,-0.339559,false,0.000000,execution_costs_v1.0,0.000000,0.000000,,,,
2024-09-12,DESP,0001703141,0,false,12.310000,12.375000,0.649878,0.528026,false,0.000000,execution_costs_v1.0,0.000000,0.000000,,,,
2024-09-12,DFH,BBG00YN8LKQ6,0,false,31.370000,32.610000,5.801721,3.952821,false,0.000000,execution_costs_v1.0,0.000000,0.000000,,,,
2024-09-12,DFIN,BBG009R0CT67,0,false,66.040000,67.000000,1.605088,1.453664,false,0.000000,execution_costs_v1.0,0.000000,0.000000,,,,
2024-09-12,DGICA,BBG001SHRMC8,0,false,15.090000,15.050000,0.994036,-0.265076,false,0.000000,execution_costs_v1.0,0.000000,0.000000,,,,
2024-09-12,DGII,BBG001S5Z4V4,0,false,26.230000,25.900000,1.086542,-1.258101,false,0.000000,execution_costs_v1.0,0.000000,0.000000,,,,
2024-09-12,DH,BBG01282ZKG1,0,false,4.270000,4.390000,3.629977,2.810304,false,0.000000,execution_costs_v1.0,0.000000,0.000000,,,,
2024-09-12,DHIL,BBG001SCH7V2,0,false,150.780000,151.510000,0.981563,0.484149,false,0.000000,execution_costs_v1.0,0.000000,0.000000,,,,
2024-09-12,DHT,0001331284,10,true,10.900000,10.925000,1.192661,0.229358,false,0.000000,execution_costs_v1.0,0.000000,0.000000,,,,
2024-09-12,DIN,BBG001SD46L7,0,false,29.170000,29.150000,1.165581,-0.068564,false,0.000000,execution_costs_v1.0,0.000000,0.000000,,,,
2024-09-12,DINO,BBG0135B2269,1,false,44.470000,44.230000,0.832022,-0.539690,false,0.000000,execution_costs_v1.0,0.000000,0.000000,,,,
2024-09-12,DIOD,BBG001SCJ937,1,false,61.810000,60.470000,0.064714,-2.167934,false,0.000000,execution_costs_v1.0,0.000000,0.000000,,,,
2024-09-12,DJCO,BBG001S5QHM5,0,false,478.310000,478.570000,1.450942,0.054358,false,0.000000,execution_costs_v1.0,0.000000,0.000000,,,,
2024-09-12,DJT,BBG011744HJ8,53,true,16.290000,16.080000,0.306937,-1.289134,false,0.000000,execution_costs_v1.0,0.000000,0.000000,,,,
2024-09-12,DK,BBG00FZYFVD4,0,false,18.800000,18.880000,1.329787,0.425532,false,0.000000,execution_costs_v1.0,0.000000,0.000000,,,,
2024-09-12,DKL,BBG0036D6305,1,false,41.330000,42.250000,2.419550,2.225986,false,0.000000,execution_costs_v1.0,0.000000,0.000000,,,,
2024-09-12,DLB,BBG001SDXGH8,0,false,69.500000,69.750000,0.431655,0.359712,false,0.000000,execution_costs_v1.0,0.000000,0.000000,,,,
2024-09-12,DLO,0001846832,0,false,8.680000,8.510000,1.843318,-1.958525,false,0.000000,execution_costs_v1.0,0.000000,0.000000,,,,
2024-09-12,DLTR,BBG001S6ZGL6,2,false,66.480000,67.910000,5.354242,2.151023,false,0.000000,execution_costs_v1.0,0.000000,0.000000,,,,
2024-09-12,DLX,BBG001S5QJ69,0,false,19.060000,19.170000,2.518363,0.577125,false,0.000000,execution_costs_v1.0,0.000000,0.000000,,,,
2024-09-12,DM,BBG00P17H1G9,0,false,4.500000,4.560000,1.333333,1.333333,false,0.000000,execution_costs_v1.0,0.000000,0.000000,,,,
2024-09-12,DMLP,BBG001SLKJK4,0,false,29.060000,29.460000,1.720578,1.376462,false,0.000000,execution_costs_v1.0,0.000000,0.000000,,,,
2024-09-12,DMRC,BBG001T2W3C6,0,false,28.500000,28.650000,1.859649,0.526316,false,0.000000,execution_costs_v1.0,0.000000,0.000000,,,,
2024-09-12,DNA,BBG00YPS1LT7,0,false,6.320000,6.270000,0.079114,-0.791139,false,0.000000,execution_costs_v1.0,0.000000,0.000000,,,,
2024-09-12,DNB,BBG00VCZXBX3,0,false,11.370000,11.260000,0.703606,-0.967458,false,0.000000,execution_costs_v1.0,0.000000,0.000000,,,,
2024-09-12,DNLI,BBG008P7F878,0,false,27.150000,27.950000,3.278085,2.946593,false,0.000000,execution_costs_v1.0,0.000000,0.000000,,,,
2024-09-12,DNN,BBG001S9ZPX7,1,false,1.600000,1.615000,3.125000,0.937500,false,0.000000,execution_costs_v1.0,0.000000,0.000000,,,,
2024-09-12,DNOW,BBG005BLN1Z3,0,false,11.700000,11.895000,2.051282,1.666667,false,0.000000,execution_costs_v1.0,0.000000,0.000000,,,,
2024-09-12,DNTH,BBG00FB2NQ15,0,false,27.860000,27.765000,0.358938,-0.340991,false,0.000000,execution_costs_v1.0,0.000000,0.000000,,,,
2024-09-12,DNUT,BBG0118Y87P2,0,false,11.290000,11.530000,2.125775,2.125775,false,0.000000,execution_costs_v1.0,0.000000,0.000000,,,,
2024-09-12,DOCN,BBG00ZGF6TM7,2,false,39.670000,40.170000,3.352659,1.260398,false,0.000000,execution_costs_v1.0,0.000000,0.000000,,,,
2024-09-12,DOCS,BBG0026ZJQY6,0,false,36.830000,38.210000,4.181374,3.746945,false,0.000000,execution_costs_v1.0,0.000000,0.000000,,,,
2024-09-12,DOCU,BBG001T535D5,1,false,55.830000,56.490000,2.059824,1.182160,false,0.000000,execution_costs_v1.0,0.000000,0.000000,,,,
2024-09-12,DOLE,0001857475,0,false,15.600000,15.890000,1.858974,1.858974,false,0.000000,execution_costs_v1.0,0.000000,0.000000,,,,
2024-09-12,DOOO,BBG004G49425,0,false,61.460000,62.290000,2.326717,1.350472,false,0.000000,execution_costs_v1.0,0.000000,0.000000,,,,
2024-09-12,DORM,BBG001S5S932,0,false,110.260000,111.840000,1.931798,1.432977,false,0.000000,execution_costs_v1.0,0.000000,0.000000,,,,
2024-09-12,DOX,0001062579,0,false,85.290000,85.070000,0.551061,-0.257943,false,0.000000,execution_costs_v1.0,0.000000,0.000000,,,,
2024-09-12,DPZ,BBG001SL3ZH1,1,false,411.230000,405.830000,0.413394,-1.313134,false,0.000000,execution_costs_v1.0,0.000000,0.000000,,,,
2024-09-12,DRH,BBG001SJ63M8,0,false,8.360000,8.450000,1.315789,1.076555,false,0.000000,execution_costs_v1.0,0.000000,0.000000,,,,
2024-09-12,DRS,BBG00ZSB4TT8,0,false,26.850000,27.570000,2.718808,2.681564,false,0.000000,execution_costs_v1.0,0.000000,0.000000,,,,
2024-09-12,DRVN,BBG00YN8ND71,0,false,13.690000,13.720000,1.680058,0.219138,false,0.000000,execution_costs_v1.0,0.000000,0.000000,,,,
2024-09-12,DSGR,BBG001S5SQ43,0,false,34.010000,35.160000,4.351661,3.381358,false,0.000000,execution_costs_v1.0,0.000000,0.000000,,,,
2024-09-12,DSGX,BBG001SBJY34,0,false,97.110000,97.850000,1.184224,0.762022,false,0.000000,execution_costs_v1.0,0.000000,0.000000,,,,
2024-09-12,DTM,BBG0112Z58K1,0,false,74.850000,75.510000,1.803607,0.881764,false,0.000000,execution_costs_v1.0,0.000000,0.000000,,,,
2024-09-12,DUOL,BBG003D4V960,0,false,224.000000,229.020000,2.633929,2.241071,false,0.000000,execution_costs_v1.0,0.000000,0.000000,,,,
2024-09-12,DV,BBG00ZNRRKL0,0,false,18.060000,17.470000,0.553710,-3.266888,false,0.000000,execution_costs_v1.0,0.000000,0.000000,,,,
2024-09-12,DVA,BBG001SB5DZ0,0,false,154.040000,157.650000,4.400935,2.343547,false,0.000000,execution_costs_v1.0,0.000000,0.000000,,,,
2024-09-12,DVAX,BBG001S7HTB7,0,false,10.910000,10.960000,0.779102,0.458295,false,0.000000,execution_costs_v1.0,0.000000,0.000000,,,,
2024-09-12,DX,BBG001S5R078,1,false,12.520000,12.530000,0.399361,0.079872,false,0.000000,execution_costs_v1.0,0.000000,0.000000,,,,
2024-09-12,DXC,BBG00FN64XV6,0,false,20.800000,20.760000,0.576923,-0.192308,false,0.000000,execution_costs_v1.0,0.000000,0.000000,,,,
2024-09-12,DXPE,BBG001S9F0F4,0,false,48.500000,48.540000,1.587629,0.082474,false,0.000000,execution_costs_v1.0,0.000000,0.000000,,,,
2024-09-12,DY,BBG001S6MGW8,0,false,185.680000,184.390000,1.448729,-0.694744,false,0.000000,execution_costs_v1.0,0.000000,0.000000,,,,
2024-09-12,DYN,BBG00NSGPJF8,0,false,32.770000,33.045000,1.953006,0.839182,false,0.000000,execution_costs_v1.0,0.000000,0.000000,,,,
2024-09-12,EAT,BBG001S5RFV8,0,false,69.930000,69.280000,2.302302,-0.929501,false,0.000000,execution_costs_v1.0,0.000000,0.000000,,,,
2024-09-12,EB,BBG001V1CQC6,0,false,3.060000,2.990000,0.816993,-2.287582,false,0.000000,execution_costs_v1.0,0.000000,0.000000,,,,
2024-09-12,EBC,BBG00W9KWY41,0,false,15.940000,15.900000,0.564617,-0.250941,false,0.000000,execution_costs_v1.0,0.000000,0.000000,,,,
2024-09-12,EBF,BBG001S5QQS9,0,false,22.890000,23.090000,0.873744,0.873744,false,0.000000,execution_costs_v1.0,0.000000,0.000000,,,,
2024-09-12,EBS,BBG001SP1G40,10,true,7.680000,7.600000,2.343750,-1.041667,false,0.000000,execution_costs_v1.0,0.000000,0.000000,,,,
2024-09-12,EBTC,BBG001SB6470,0,false,29.750000,30.550000,2.739496,2.689076,false,0.000000,execution_costs_v1.0,0.000000,0.000000,,,,
2024-09-12,ECO,0001964954,8,false,31.630000,31.800000,1.169776,0.537464,false,0.000000,execution_costs_v1.0,0.000000,0.000000,,,,
2024-09-12,ECPG,BBG001SKFPK8,0,false,45.780000,45.770000,1.310616,-0.021844,false,0.000000,execution_costs_v1.0,0.000000,0.000000,,,,
2024-09-12,ECVT,BBG00GX8YLD2,0,false,6.380000,6.440000,0.940439,0.940439,false,0.000000,execution_costs_v1.0,0.000000,0.000000,,,,
2024-09-12,ECX,0001861974,0,false,1.720000,1.650000,4.069767,-4.069767,false,0.000000,execution_costs_v1.0,0.000000,0.000000,,,,
2024-09-12,EDIT,BBG005MX5H08,0,false,3.790000,3.740000,1.319261,-1.319261,false,0.000000,execution_costs_v1.0,0.000000,0.000000,,,,
2024-09-12,EDR,BBG00P8TCHD7,0,false,27.550000,27.630000,0.326679,0.290381,false,0.000000,execution_costs_v1.0,0.000000,0.000000,,,,
2024-09-12,EE,BBG014GJSS81,0,false,18.120000,18.520000,3.311258,2.207506,false,0.000000,execution_costs_v1.0,0.000000,0.000000,,,,
2024-09-12,EEFT,BBG001S9DW39,0,false,97.550000,96.950000,0.328037,-0.615069,false,0.000000,execution_costs_v1.0,0.000000,0.000000,,,,
2024-09-12,EEX,BBG00GCTWW65,0,false,6.320000,5.390000,0.000000,-14.715190,false,0.000000,execution_costs_v1.0,0.000000,0.000000,,,,
2024-09-12,EFC,BBG001SQ6V04,1,false,13.150000,13.230000,0.760456,0.608365,false,0.000000,execution_costs_v1.0,0.000000,0.000000,,,,
2024-09-12,EFSC,BBG001SKJVR4,0,false,50.430000,50.190000,0.059488,-0.475907,false,0.000000,execution_costs_v1.0,0.000000,0.000000,,,,
2024-09-12,EFXT,BBG001SXXC92,0,false,5.400000,5.460000,2.129630,1.111111,false,0.000000,execution_costs_v1.0,0.000000,0.000000,,,,
2024-09-12,EGBN,BBG001SBX1Z5,0,false,20.730000,20.880000,1.302460,0.723589,false,0.000000,execution_costs_v1.0,0.000000,0.000000,,,,
2024-09-12,EGO,BBG001S5YPQ4,5,false,17.340000,17.790000,3.373702,2.595156,false,0.000000,execution_costs_v1.0,0.000000,0.000000,,,,
2024-09-12,EGP,BBG001S5QT03,0,false,183.610000,184.860000,0.909537,0.680791,false,0.000000,execution_costs_v1.0,0.000000,0.000000,,,,
2024-09-12,EGY,BBG001S76ZS7,1,false,5.410000,5.460000,1.848429,0.924214,false,0.000000,execution_costs_v1.0,0.000000,0.000000,,,,
2024-09-12,EHAB,BBG014QJ5CJ8,0,false,8.030000,7.845000,1.369863,-2.303861,false,0.000000,execution_costs_v1.0,0.000000,0.000000,,,,
2024-09-12,EHC,BBG001S5Q5B3,0,false,91.610000,92.610000,1.102500,1.091584,false,0.000000,execution_costs_v1.0,0.000000,0.000000,,,,
2024-09-12,EIG,BBG001SMM101,0,false,46.290000,47.260000,2.160294,2.095485,false,0.000000,execution_costs_v1.0,0.000000,0.000000,,,,
2024-09-12,ELAN,BBG00LJYS1R6,0,false,14.460000,14.390000,0.726141,-0.484094,false,0.000000,execution_costs_v1.0,0.000000,0.000000,,,,
2024-09-12,ELF,BBG00DQ6VYQ2,10,true,113.400000,114.680000,2.451499,1.128748,false,0.000000,execution_costs_v1.0,0.000000,0.000000,,,,
2024-09-12,ELME,BBG001S5XJD3,0,false,17.900000,17.935000,0.558659,0.195531,false,0.000000,execution_costs_v1.0,0.000000,0.000000,,,,
2024-09-12,ELS,BBG001S5T5G5,0,false,74.730000,75.210000,0.816272,0.642312,false,0.000000,execution_costs_v1.0,0.000000,0.000000,,,,
2024-09-12,ELVN,BBG00CP3BDF2,0,false,23.090000,22.325000,1.818969,-3.313123,false,0.000000,execution_costs_v1.0,0.000000,0.000000,,,,
2024-09-12,EMBC,BBG014L7D4H0,0,false,15.610000,15.750000,2.562460,0.896861,false,0.000000,execution_costs_v1.0,0.000000,0.000000,,,,
2024-09-12,EMN,BBG001S7JNP3,0,false,98.800000,99.610000,0.971660,0.819838,false,0.000000,execution_costs_v1.0,0.000000,0.000000,,,,
2024-09-12,ENFN,BBG012MBFR72,0,false,8.110000,8.070000,0.000000,-0.493218,false,0.000000,execution_costs_v1.0,0.000000,0.000000,,,,
2024-09-12,ENLC,BBG001SGNNQ7,0,false,14.430000,14.505000,0.796951,0.519751,false,0.000000,execution_costs_v1.0,0.000000,0.000000,,,,
2024-09-12,ENLT,0001922641,0,false,16.510000,16.810000,2.301635,1.817081,false,0.000000,execution_costs_v1.0,0.000000,0.000000,,,,
2024-09-12,ENOV,BBG001SC04J1,0,false,43.080000,43.280000,0.673166,0.464253,false,0.000000,execution_costs_v1.0,0.000000,0.000000,,,,
2024-09-12,ENR,BBG006FCB028,0,false,28.790000,28.880000,1.007294,0.312609,false,0.000000,execution_costs_v1.0,0.000000,0.000000,,,,
2024-09-12,ENS,BBG001SLVXW8,0,false,96.840000,97.880000,1.268587,1.073936,false,0.000000,execution_costs_v1.0,0.000000,0.000000,,,,
2024-09-12,ENSG,BBG001SPNL09,0,false,151.340000,152.010000,0.865601,0.442712,false,0.000000,execution_costs_v1.0,0.000000,0.000000,,,,
2024-09-12,ENV,BBG001T7SQ20,1,false,62.730000,62.720000,0.031883,-0.015941,false,0.000000,execution_costs_v1.0,0.000000,0.000000,,,,
2024-09-12,ENVA,BBG0022PSJT4,0,false,76.010000,77.370000,2.743060,1.789238,false,0.000000,execution_costs_v1.0,0.000000,0.000000,,,,
2024-09-12,ENVX,BBG00YC538B7,16,true,8.990000,9.350000,4.671858,4.004449,false,0.000000,execution_costs_v1.0,0.000000,0.000000,,,,
2024-09-12,EOLS,BBG005CX4HL7,0,false,15.330000,16.460000,11.415525,7.371168,false,0.000000,execution_costs_v1.0,0.000000,0.000000,,,,
2024-09-12,EOSE,BBG00V1KJ6G4,11,true,2.620000,2.640000,1.145038,0.763359,false,0.000000,execution_costs_v1.0,0.000000,0.000000,,,,
2024-09-12,EPAC,BBG001S5NYQ7,0,false,39.800000,40.210000,1.130653,1.030151,false,0.000000,execution_costs_v1.0,0.000000,0.000000,,,,
2024-09-12,EPAM,BBG001SKDJH8,0,false,204.980000,202.170000,0.212216,-1.370865,false,0.000000,execution_costs_v1.0,0.000000,0.000000,,,,
2024-09-12,EPC,BBG001SF1XY2,0,false,36.450000,36.350000,1.248285,-0.274348,false,0.000000,execution_costs_v1.0,0.000000,0.000000,,,,
2024-09-12,EPIX,BBG0080GLFK7,0,false,6.900000,7.015000,2.753623,1.666667,false,0.000000,execution_costs_v1.0,0.000000,0.000000,,,,
2024-09-12,EPR,BBG001SB5QR0,2,false,47.680000,47.660000,0.377517,-0.041946,false,0.000000,execution_costs_v1.0,0.000000,0.000000,,,,
2024-09-12,EPRT,BBG00L17LH87,0,false,32.150000,32.390000,1.555210,0.746501,false,0.000000,execution_costs_v1.0,0.000000,0.000000,,,,
2024-09-12,EQBK,BBG001SN1XQ4,0,false,39.020000,38.940000,0.845720,-0.205023,false,0.000000,execution_costs_v1.0,0.000000,0.000000,,,,
2024-09-12,EQC,BBG001S5S0L1,1,false,20.220000,20.265000,0.395648,0.222552,false,0.000000,execution_costs_v1.0,0.000000,0.000000,,,,
2024-09-12,EQH,BBG00J7CBWL8,0,false,39.190000,39.310000,0.739985,0.306201,false,0.000000,execution_costs_v1.0,0.000000,0.000000,,,,
2024-09-12,EQT,BBG001S5QXJ4,4,false,32.690000,32.860000,1.193025,0.520037,false,0.000000,execution_costs_v1.0,0.000000,0.000000,,,,
2024-09-12,EQX,BBG001SSK0K0,9,false,5.780000,6.200000,8.650519,7.266436,false,0.000000,execution_costs_v1.0,0.000000,0.000000,,,,
2024-09-12,ERAS,BBG00MTSR892,0,false,3.080000,3.050000,1.298701,-0.974026,false,0.000000,execution_costs_v1.0,0.000000,0.000000,,,,
2024-09-12,ERII,BBG001T28M86,0,false,15.610000,15.520000,0.128123,-0.576553,false,0.000000,execution_costs_v1.0,0.000000,0.000000,,,,
2024-09-12,ERO,BBG00HNV5D86,0,false,19.470000,20.610000,6.574217,5.855162,false,0.000000,execution_costs_v1.0,0.000000,0.000000,,,,
2024-09-12,ESAB,BBG0028ZMP54,0,false,96.940000,97.720000,0.897462,0.804621,false,0.000000,execution_costs_v1.0,0.000000,0.000000,,,,
2024-09-12,ESE,BBG001S6MFD1,0,false,117.260000,117.900000,0.967935,0.545796,false,0.000000,execution_costs_v1.0,0.000000,0.000000,,,,
2024-09-12,ESEA,0001341170,0,false,43.130000,43.960000,6.074658,1.924415,false,0.000000,execution_costs_v1.0,0.000000,0.000000,,,,
2024-09-12,ESGR,0001363829,0,false,320.250000,320.695000,0.168618,0.138954,false,0.000000,execution_costs_v1.0,0.000000,0.000000,,,,
2024-09-12,ESI,BBG004KDL523,0,false,25.260000,25.310000,0.930325,0.197941,false,0.000000,execution_costs_v1.0,0.000000,0.000000,,,,
2024-09-12,ESLT,0001027664,0,false,196.620000,198.180000,0.803581,0.793409,false,0.000000,execution_costs_v1.0,0.000000,0.000000,,,,
2024-09-12,ESNT,0001448893,0,false,61.940000,62.020000,1.017113,0.129157,false,0.000000,execution_costs_v1.0,0.000000,0.000000,,,,
2024-09-12,ESPR,BBG004KB3SZ1,2,false,1.750000,1.760000,2.285714,0.571429,false,0.000000,execution_costs_v1.0,0.000000,0.000000,,,,
2024-09-12,ESQ,BBG003BCFHY3,0,false,60.220000,60.620000,1.552640,0.664231,false,0.000000,execution_costs_v1.0,0.000000,0.000000,,,,
2024-09-12,ESRT,BBG002N8HMX9,0,false,10.170000,10.300000,2.015733,1.278269,false,0.000000,execution_costs_v1.0,0.000000,0.000000,,,,
2024-09-12,ESTA,0001688757,0,false,41.080000,42.340000,3.067186,3.067186,false,0.000000,execution_costs_v1.0,0.000000,0.000000,,,,
2024-09-12,ESTC,0001707753,0,false,74.460000,73.830000,0.940102,-0.846092,false,0.000000,execution_costs_v1.0,0.000000,0.000000,,,,
2024-09-12,ETD,BBG001S67JZ6,0,false,29.380000,29.390000,0.850919,0.034037,false,0.000000,execution_costs_v1.0,0.000000,0.000000,,,,
2024-09-12,ETNB,BBG00QKDZ985,1,false,8.090000,8.090000,1.854141,0.000000,false,0.000000,execution_costs_v1.0,0.000000,0.000000,,,,
2024-09-12,ETSY,BBG001T53625,5,false,52.000000,51.730000,0.769231,-0.519231,false,0.000000,execution_costs_v1.0,0.000000,0.000000,,,,
2024-09-12,ETWO,BBG00S91HBN8,0,false,4.380000,4.300000,0.000000,-1.826484,false,0.000000,execution_costs_v1.0,0.000000,0.000000,,,,
2024-09-12,EU,BBG001T8HNC6,1,false,3.730000,3.730000,3.083110,0.000000,false,0.000000,execution_costs_v1.0,0.000000,0.000000,,,,
2024-09-12,EVCM,BBG0118LMXS4,0,false,10.290000,10.320000,0.874636,0.291545,false,0.000000,execution_costs_v1.0,0.000000,0.000000,,,,
2024-09-12,EVER,BBG00F17NDJ5,0,false,20.950000,22.180000,5.966587,5.871122,false,0.000000,execution_costs_v1.0,0.000000,0.000000,,,,
2024-09-12,EVEX,BBG00XZQN3Y2,0,false,2.900000,2.800000,0.000000,-3.448276,false,0.000000,execution_costs_v1.0,0.000000,0.000000,,,,
2024-09-12,EVGO,BBG00XP21PS8,9,false,4.350000,4.410000,5.402299,1.379310,false,0.000000,execution_costs_v1.0,0.000000,0.000000,,,,
2024-09-12,EVH,BBG005CHLMB3,0,false,30.170000,30.160000,1.126947,-0.033146,false,0.000000,execution_costs_v1.0,0.000000,0.000000,,,,
2024-09-12,EVLV,BBG00W1PPKY3,1,false,3.900000,3.935000,4.871795,0.897436,false,0.000000,execution_costs_v1.0,0.000000,0.000000,,,,
2024-09-12,EVR,BBG001SC3S41,1,false,230.340000,234.870000,2.342190,1.966658,false,0.000000,execution_costs_v1.0,0.000000,0.000000,,,,
2024-09-12,EVRG,BBG00H433CS1,0,false,60.120000,60.360000,0.515635,0.399202,false,0.000000,execution_costs_v1.0,0.000000,0.000000,,,,
2024-09-12,EVRI,BBG001SLY556,0,false,13.130000,13.100000,0.152323,-0.228484,false,0.000000,execution_costs_v1.0,0.000000,0.000000,,,,
2024-09-12,EVTC,BBG001SX2XR0,0,false,33.110000,33.150000,0.634249,0.120809,false,0.000000,execution_costs_v1.0,0.000000,0.000000,,,,
2024-09-12,EWBC,BBG001SCC7R2,0,false,78.590000,78.070000,0.076346,-0.661662,false,0.000000,execution_costs_v1.0,0.000000,0.000000,,,,
2024-09-12,EWCZ,BBG011RWTZQ9,1,false,6.870000,6.785000,0.145560,-1.237263,false,0.000000,execution_costs_v1.0,0.000000,0.000000,,,,
2024-09-12,EWTX,BBG00K4Y2H33,0,false,16.950000,17.550000,7.728024,3.539823,false,0.000000,execution_costs_v1.0,0.000000,0.000000,,,,
2024-09-12,EXAS,BBG001SGCLB9,2,false,65.200000,67.400000,4.263497,3.374233,false,0.000000,execution_costs_v1.0,0.000000,0.000000,,,,
2024-09-12,EXEL,BBG001SD42W4,0,false,26.630000,26.320000,0.000000,-1.164101,false,0.000000,execution_costs_v1.0,0.000000,0.000000,,,,
2024-09-12,EXK,BBG001S5ZH63,11,true,3.250000,3.480000,9.230769,7.076923,false,0.000000,execution_costs_v1.0,0.000000,0.000000,,,,
2024-09-12,EXLS,BBG001SKWX40,0,false,36.130000,35.990000,0.193745,-0.387490,false,0.000000,execution_costs_v1.0,0.000000,0.000000,,,,
2024-09-12,EXP,BBG001S7VG92,0,false,253.930000,265.930000,4.987201,4.725712,false,0.000000,execution_costs_v1.0,0.000000,0.000000,,,,
2024-09-12,EXPI,BBG001V05TN8,2,false,12.450000,13.110000,5.381526,5.301205,false,0.000000,execution_costs_v1.0,0.000000,0.000000,,,,
2024-09-12,EXPO,BBG001S9CG99,0,false,105.260000,105.165000,0.247007,-0.090253,false,0.000000,execution_costs_v1.0,0.000000,0.000000,,,,
2024-09-12,EXTR,BBG001S6ZV24,0,false,13.850000,14.725000,9.314079,6.317690,false,0.000000,execution_costs_v1.0,0.000000,0.000000,,,,
2024-09-12,EYE,BBG00HVQF9L1,0,false,10.370000,10.390000,1.350048,0.192864,false,0.000000,execution_costs_v1.0,0.000000,0.000000,,,,
2024-09-12,EYPT,BBG001SNLCD2,0,false,8.230000,8.870000,10.449575,7.776428,false,0.000000,execution_costs_v1.0,0.000000,0.000000,,,,
2024-09-12,EZPW,BBG001S6RN67,0,false,10.970000,10.960000,1.686418,-0.091158,false,0.000000,execution_costs_v1.0,0.000000,0.000000,,,,
2024-09-12,FA,BBG011J0CVZ5,0,false,19.170000,19.285000,1.225874,0.599896,false,0.000000,execution_costs_v1.0,0.000000,0.000000,,,,
2024-09-12,FAF,BBG001T1LV65,0,false,64.440000,64.930000,0.915580,0.760397,false,0.000000,execution_costs_v1.0,0.000000,0.000000,,,,
2024-09-12,FARO,BBG001S8HPX9,0,false,17.310000,17.410000,1.617562,0.577701,false,0.000000,execution_costs_v1.0,0.000000,0.000000,,,,
2024-09-12,FATE,BBG001T888S2,0,false,3.900000,3.735000,2.051282,-4.230769,false,0.000000,execution_costs_v1.0,0.000000,0.000000,,,,
2024-09-12,FBIN,BBG001THLZ70,0,false,79.650000,81.165000,2.002511,1.902072,false,0.000000,execution_costs_v1.0,0.000000,0.000000,,,,
2024-09-12,FBIZ,BBG001SN11Y5,0,false,42.365000,42.520000,0.861560,0.365868,false,0.000000,execution_costs_v1.0,0.000000,0.000000,,,,
2024-09-12,FBK,BBG00DM434H8,0,false,45.060000,45.140000,0.643586,0.177541,false,0.000000,execution_costs_v1.0,0.000000,0.000000,,,,
2024-09-12,FBMS,BBG001SB73Y1,0,false,31.290000,31.085000,0.000000,-0.655161,false,0.000000,execution_costs_v1.0,0.000000,0.000000,,,,
2024-09-12,FBNC,BBG001S5R1Z5,0,false,41.560000,41.260000,0.397016,-0.721848,false,0.000000,execution_costs_v1.0,0.000000,0.000000,,,,
2024-09-12,FBP,BBG001S76PN4,0,false,19.910000,19.910000,0.602712,0.000000,false,0.000000,execution_costs_v1.0,0.000000,0.000000,,,,
2024-09-12,FBRT,BBG013173BC4,0,false,12.890000,13.270000,3.258340,2.948022,false,0.000000,execution_costs_v1.0,0.000000,0.000000,,,,
2024-09-12,FC,BBG001SB0L96,0,false,38.540000,38.440000,0.810586,-0.259471,false,0.000000,execution_costs_v1.0,0.000000,0.000000,,,,
2024-09-12,FCBC,BBG001S9V627,0,false,41.450000,41.550000,0.554885,0.241255,false,0.000000,execution_costs_v1.0,0.000000,0.000000,,,,
2024-09-12,FCF,BBG001S70475,0,false,16.450000,16.370000,0.303951,-0.486322,false,0.000000,execution_costs_v1.0,0.000000,0.000000,,,,
2024-09-12,FCFS,BBG0145KL756,0,false,115.190000,115.910000,3.073183,0.625054,false,0.000000,execution_costs_v1.0,0.000000,0.000000,,,,
2024-09-12,FCN,BBG001SCJVR2,0,false,219.700000,220.210000,0.492035,0.232135,false,0.000000,execution_costs_v1.0,0.000000,0.000000,,,,
2024-09-12,FCPT,BBG009H33QN9,0,false,29.620000,29.780000,0.540176,0.540176,false,0.000000,execution_costs_v1.0,0.000000,0.000000,,,,
2024-09-12,FDMT,BBG00QG40S04,2,false,15.710000,15.910000,1.623170,1.273074,false,0.000000,execution_costs_v1.0,0.000000,0.000000,,,,
2024-09-12,FDP,0001047340,0,false,28.060000,28.470000,1.710620,1.461155,false,0.000000,execution_costs_v1.0,0.000000,0.000000,,,,
2024-09-12,FDUS,BBG001V0MG11,0,false,19.680000,19.930000,1.575203,1.270325,false,0.000000,execution_costs_v1.0,0.000000,0.000000,,,,
2024-09-12,FELE,BBG001S5R3W4,0,false,95.800000,95.705000,0.276618,-0.099165,false,0.000000,execution_costs_v1.0,0.000000,0.000000,,,,
2024-09-12,FFBC,BBG001S5R4C4,0,false,24.720000,24.610000,0.202265,-0.444984,false,0.000000,execution_costs_v1.0,0.000000,0.000000,,,,
2024-09-12,FFIC,BBG001S7KQM7,0,false,13.520000,13.530000,0.813609,0.073964,false,0.000000,execution_costs_v1.0,0.000000,0.000000,,,,
2024-09-12,FFIN,BBG001S7HCY9,0,false,35.690000,35.770000,0.532362,0.224152,false,0.000000,execution_costs_v1.0,0.000000,0.000000,,,,
2024-09-12,FFIV,BBG001SCP8D1,0,false,203.160000,205.970000,1.442213,1.383146,false,0.000000,execution_costs_v1.0,0.000000,0.000000,,,,
2024-09-12,FFWM,BBG001V9VY13,0,false,6.470000,6.300000,1.081917,-2.627512,false,0.000000,execution_costs_v1.0,0.000000,0.000000,,,,
2024-09-12,FG,BBG01BGVGH85,0,false,39.970000,40.140000,0.825619,0.425319,false,0.000000,execution_costs_v1.0,0.000000,0.000000,,,,
2024-09-12,FHB,BBG0046LJYX7,0,false,22.720000,22.680000,0.792254,-0.176056,false,0.000000,execution_costs_v1.0,0.000000,0.000000,,,,
2024-09-12,FHI,BBG001S6TGK4,0,false,34.200000,34.275000,0.350877,0.219298,false,0.000000,execution_costs_v1.0,0.000000,0.000000,,,,
2024-09-12,FHN,BBG001SCW8R8,0,false,15.350000,15.500000,1.172638,0.977199,false,0.000000,execution_costs_v1.0,0.000000,0.000000,,,,
2024-09-12,FHTX,BBG00HFZPB97,0,false,9.300000,8.865000,0.000000,-4.677419,false,0.000000,execution_costs_v1.0,0.000000,0.000000,,,,
2024-09-12,FIBK,BBG001S9F1B6,0,false,29.090000,29.145000,0.412513,0.189068,false,0.000000,execution_costs_v1.0,0.000000,0.000000,,,,
2024-09-12,FIGS,BBG004SK5VM8,0,false,5.350000,5.180000,0.934579,-3.177570,false,0.000000,execution_costs_v1.0,0.000000,0.000000,,,,
2024-09-12,FIHL,0001636639,0,false,17.490000,17.370000,0.571755,-0.686106,false,0.000000,execution_costs_v1.0,0.000000,0.000000,,,,
2024-09-12,FIP,BBG0174VKJB4,0,false,8.580000,8.725000,3.030303,1.689977,false,0.000000,execution_costs_v1.0,0.000000,0.000000,,,,
2024-09-12,FISI,BBG001SCY2P1,0,false,24.860000,24.850000,1.005632,-0.040225,false,0.000000,execution_costs_v1.0,0.000000,0.000000,,,,
2024-09-12,FIVE,BBG001TCDMY9,1,false,90.130000,92.490000,3.234217,2.618440,false,0.000000,execution_costs_v1.0,0.000000,0.000000,,,,
2024-09-12,FIVN,BBG001V0P7K7,0,false,27.540000,27.820000,2.069717,1.016703,false,0.000000,execution_costs_v1.0,0.000000,0.000000,,,,
2024-09-12,FIX,BBG001SB1GG8,0,false,334.820000,339.280000,3.210680,1.332059,false,0.000000,execution_costs_v1.0,0.000000,0.000000,,,,
2024-09-12,FIZZ,BBG001S5PM18,0,false,44.550000,44.310000,0.347924,-0.538721,false,0.000000,execution_costs_v1.0,0.000000,0.000000,,,,
2024-09-12,FL,BBG001S5XMR1,1,false,24.180000,25.370000,6.162117,4.921423,false,0.000000,execution_costs_v1.0,0.000000,0.000000,,,,
2024-09-12,FLEX,0000866374,0,false,30.040000,29.630000,0.416112,-1.364847,false,0.000000,execution_costs_v1.0,0.000000,0.000000,,,,
2024-09-12,FLGT,BBG00DW0QQM5,0,false,21.820000,22.005000,2.910174,0.847846,false,0.000000,execution_costs_v1.0,0.000000,0.000000,,,,
2024-09-12,FLNC,BBG012QSDTD2,9,false,21.040000,21.650000,3.279468,2.899240,false,0.000000,execution_costs_v1.0,0.000000,0.000000,,,,
2024-09-12,FLNG,0001772253,2,false,25.660000,25.930000,1.519875,1.052221,false,0.000000,execution_costs_v1.0,0.000000,0.000000,,,,
2024-09-12,FLO,BBG001S5R7L7,0,false,22.800000,22.875000,0.548246,0.328947,false,0.000000,execution_costs_v1.0,0.000000,0.000000,,,,
2024-09-12,FLR,BBG001S5Q738,0,false,44.740000,44.920000,1.206974,0.402325,false,0.000000,execution_costs_v1.0,0.000000,0.000000,,,,
2024-09-12,FLS,BBG001SB3F87,0,false,45.830000,46.190000,1.276238,0.785512,false,0.000000,execution_costs_v1.0,0.000000,0.000000,,,,
2024-09-12,FLWS,BBG001S60YV4,0,false,7.390000,7.550000,2.368065,2.165088,false,0.000000,execution_costs_v1.0,0.000000,0.000000,,,,
2024-09-12,FLYW,BBG002030ND3,0,false,17.740000,17.830000,1.634724,0.507328,false,0.000000,execution_costs_v1.0,0.000000,0.000000,,,,
2024-09-12,FMAO,BBG001S8HL40,0,false,26.640000,27.060000,1.576577,1.576577,false,0.000000,execution_costs_v1.0,0.000000,0.000000,,,,
2024-09-12,FMBH,BBG001S704Q4,0,false,38.520000,38.410000,0.350467,-0.285566,false,0.000000,execution_costs_v1.0,0.000000,0.000000,,,,
2024-09-12,FMC,BBG001S5R880,0,false,61.510000,62.000000,1.072996,0.796618,false,0.000000,execution_costs_v1.0,0.000000,0.000000,,,,
2024-09-12,FMNB,BBG001S7S1W3,0,false,15.000000,14.930000,0.000000,-0.466667,false,0.000000,execution_costs_v1.0,0.000000,0.000000,,,,
2024-09-12,FN,0001408710,0,false,217.000000,221.810000,3.516129,2.216590,false,0.000000,execution_costs_v1.0,0.000000,0.000000,,,,
2024-09-12,FNA,BBG005914H40,0,false,7.480000,7.320000,0.467914,-2.139037,false,0.000000,execution_costs_v1.0,0.000000,0.000000,,,,
2024-09-12,FNB,BBG001S5R1Q5,0,false,13.840000,13.700000,0.216763,-1.011561,false,0.000000,execution_costs_v1.0,0.000000,0.000000,,,,
2024-09-12,FND,BBG007GJ2F90,0,false,107.050000,109.400000,2.251284,2.195236,false,0.000000,execution_costs_v1.0,0.000000,0.000000,,,,
2024-09-12,FNKO,BBG00HXSHDR8,0,false,10.540000,11.295000,8.918406,7.163188,false,0.000000,execution_costs_v1.0,0.000000,0.000000,,,,
2024-09-12,FOA,BBG00ZVN6MD8,2,false,10.720000,10.170000,5.130597,-5.130597,false,0.000000,execution_costs_v1.0,0.000000,0.000000,,,,
2024-09-12,FOLD,BBG001SN96V9,0,false,11.250000,11.290000,0.977778,0.355556,false,0.000000,execution_costs_v1.0,0.000000,0.000000,,,,
2024-09-12,FOR,BBG001S5R9G9,0,false,30.650000,30.540000,0.978793,-0.358891,false,0.000000,execution_costs_v1.0,0.000000,0.000000,,,,
2024-09-12,FORM,BBG001SFT2R8,6,false,43.650000,42.790000,0.320733,-1.970218,false,0.000000,execution_costs_v1.0,0.000000,0.000000,,,,
2024-09-12,FORR,BBG001S98HN6,0,false,18.460000,18.560000,1.950163,0.541712,false,0.000000,execution_costs_v1.0,0.000000,0.000000,,,,
2024-09-12,FOUR,BBG00TX393M3,0,false,77.780000,80.410000,3.458473,3.381332,false,0.000000,execution_costs_v1.0,0.000000,0.000000,,,,
2024-09-12,FOXF,BBG004T7VS71,0,false,36.500000,36.930000,2.547671,1.178082,false,0.000000,execution_costs_v1.0,0.000000,0.000000,,,,
2024-09-12,FPI,BBG005TNS0R6,0,false,10.200000,10.410000,2.637255,2.058824,false,0.000000,execution_costs_v1.0,0.000000,0.000000,,,,
2024-09-12,FR,BBG001S81Z00,0,false,55.630000,55.590000,0.287615,-0.071904,false,0.000000,execution_costs_v1.0,0.000000,0.000000,,,,
2024-09-12,FRBA,BBG001SRY1B5,0,false,14.760000,14.750000,0.813008,-0.067751,false,0.000000,execution_costs_v1.0,0.000000,0.000000,,,,
2024-09-12,FRHC,BBG001SGRW38,0,false,94.490000,94.980000,0.624405,0.518573,false,0.000000,execution_costs_v1.0,0.000000,0.000000,,,,
2024-09-12,FRME,BBG001S5NNS9,0,false,35.730000,35.810000,0.545760,0.223901,false,0.000000,execution_costs_v1.0,0.000000,0.000000,,,,
2024-09-12,FRO,0000913290,17,true,22.640000,22.830000,2.274735,0.839223,false,0.000000,execution_costs_v1.0,0.000000,0.000000,,,,
2024-09-12,FROG,0001800667,1,false,27.960000,27.900000,1.144492,-0.214592,false,0.000000,execution_costs_v1.0,0.000000,0.000000,,,,
2024-09-12,FRPT,BBG001V04FM0,1,false,138.000000,140.830000,2.289855,2.050725,false,0.000000,execution_costs_v1.0,0.000000,0.000000,,,,
2024-09-12,FRSH,BBG0029KYGM4,0,false,11.230000,11.200000,1.068566,-0.267142,false,0.000000,execution_costs_v1.0,0.000000,0.000000,,,,
2024-09-12,FRT,BBG001S5RC36,0,false,116.390000,116.240000,0.610018,-0.128877,false,0.000000,execution_costs_v1.0,0.000000,0.000000,,,,
2024-09-12,FSBC,BBG001SN0V52,0,false,28.750000,28.850000,0.591304,0.347826,false,0.000000,execution_costs_v1.0,0.000000,0.000000,,,,
2024-09-12,FSBW,BBG002Q8NYF3,0,false,41.860000,43.110000,3.057573,2.986144,false,0.000000,execution_costs_v1.0,0.000000,0.000000,,,,
2024-09-12,FSCO,BBG01BG24837,0,false,6.310000,6.400000,1.426307,1.426307,false,0.000000,execution_costs_v1.0,0.000000,0.000000,,,,
2024-09-12,FSK,BBG001YCZQ07,3,false,19.300000,19.410000,0.725389,0.569948,false,0.000000,execution_costs_v1.0,0.000000,0.000000,,,,
2024-09-12,FSLY,BBG004NLQHM9,3,false,5.950000,6.259500,7.983193,5.201681,false,0.000000,execution_costs_v1.0,0.000000,0.000000,,,,
2024-09-12,FSM,BBG001S982M0,18,true,4.420000,4.705000,7.918552,6.447964,false,0.000000,execution_costs_v1.0,0.000000,0.000000,,,,
2024-09-12,FSS,BBG001S5RD98,0,false,85.160000,86.100000,1.961015,1.103805,false,0.000000,execution_costs_v1.0,0.000000,0.000000,,,,
2024-09-12,FSV,BBG0093LLBP5,1,false,179.060000,180.360000,1.061097,0.726014,false,0.000000,execution_costs_v1.0,0.000000,0.000000,,,,
2024-09-12,FTAI,0001590364,0,false,115.970000,121.030000,6.225662,4.363197,false,0.000000,execution_costs_v1.0,0.000000,0.000000,,,,
2024-09-12,FTDR,BBG00H9MNF05,0,false,47.790000,47.640000,1.548441,-0.313873,false,0.000000,execution_costs_v1.0,0.000000,0.000000,,,,
2024-09-12,FTI,0001681459,0,false,23.800000,23.910000,1.785714,0.462185,false,0.000000,execution_costs_v1.0,0.000000,0.000000,,,,
2024-09-12,FTRE,BBG01GZF9W47,0,false,20.740000,20.610000,0.675024,-0.626808,false,0.000000,execution_costs_v1.0,0.000000,0.000000,,,,
2024-09-12,FUBO,BBG002CV4QZ3,21,true,1.770000,1.800000,5.084746,1.694915,false,0.000000,execution_costs_v1.0,0.000000,0.000000,,,,
2024-09-12,FUFU,0001921158,0,false,4.600000,4.920000,9.565217,6.956522,false,0.000000,execution_costs_v1.0,0.000000,0.000000,,,,
2024-09-12,FUL,BBG001S5RDZ9,0,false,79.170000,79.460000,0.884173,0.366300,false,0.000000,execution_costs_v1.0,0.000000,0.000000,,,,
2024-09-12,FULC,BBG00DDY1RM7,60,true,2.940000,3.450000,25.506803,17.346939,true,0.000000,execution_costs_v1.0,0.000000,0.000000,,,,
2024-09-12,FULT,BBG001S5RF02,0,false,17.440000,17.390000,0.401376,-0.286697,false,0.000000,execution_costs_v1.0,0.000000,0.000000,,,,
2024-09-12,FUN,BBG01K8GRMY5,0,false,38.920000,40.200000,4.406475,3.288798,false,0.000000,execution_costs_v1.0,0.000000,0.000000,,,,
2024-09-12,FVRR,0001762301,0,false,24.470000,24.610000,2.329383,0.572129,false,0.000000,execution_costs_v1.0,0.000000,0.000000,,,,
2024-09-12,FWRD,BBG001SC0FW1,0,false,33.000000,34.040000,4.272727,3.151515,false,0.000000,execution_costs_v1.0,0.000000,0.000000,,,,
2024-09-12,FWRG,BBG012F6M198,0,false,15.030000,14.990000,0.864271,-0.266134,false,0.000000,execution_costs_v1.0,0.000000,0.000000,,,,
2024-09-12,FYBR,BBG010MVVVX6,0,false,35.950000,35.590000,0.055633,-1.001391,false,0.000000,execution_costs_v1.0,0.000000,0.000000,,,,
2024-09-12,G,0001398659,0,false,38.710000,38.510000,0.516662,-0.516662,false,0.000000,execution_costs_v1.0,0.000000,0.000000,,,,
2024-09-12,GABC,BBG001S7BHR2,0,false,38.300000,38.490000,0.600522,0.496084,false,0.000000,execution_costs_v1.0,0.000000,0.000000,,,,
2024-09-12,GAIN,BBG001SL3TS3,0,false,12.690000,12.710000,0.866824,0.157604,false,0.000000,execution_costs_v1.0,0.000000,0.000000,,,,
2024-09-12,GAMB,0001839799,0,false,10.110000,10.130000,0.989120,0.197824,false,0.000000,execution_costs_v1.0,0.000000,0.000000,,,,
2024-09-12,GATO,BBG001W4GFS2,3,false,13.310000,14.580000,10.894065,9.541698,false,0.000000,execution_costs_v1.0,0.000000,0.000000,,,,
2024-09-12,GATX,BBG001S5RM34,0,false,133.910000,136.380000,1.967740,1.844522,false,0.000000,execution_costs_v1.0,0.000000,0.000000,,,,
2024-09-12,GAU,BBG001SF5M09,1,false,1.430000,1.490000,6.293706,4.195804,false,0.000000,execution_costs_v1.0,0.000000,0.000000,,,,
2024-09-12,GB,0001799983,0,false,5.470000,5.810000,8.531993,6.215722,false,0.000000,execution_costs_v1.0,0.000000,0.000000,,,,
2024-09-12,GBCI,BBG001S6HGM5,0,false,42.770000,42.630000,0.116904,-0.327332,false,0.000000,execution_costs_v1.0,0.000000,0.000000,,,,
2024-09-12,GBDC,BBG001T63BY7,1,false,14.750000,14.870000,1.152542,0.813559,false,0.000000,execution_costs_v1.0,0.000000,0.000000,,,,
2024-09-12,GBLI,BBG004M233J2,0,false,31.526477,33.100000,4.991116,4.991116,false,0.000000,execution_costs_v1.0,0.000000,0.000000,,,,
2024-09-12,GBTG,BBG00Y52B9C0,0,false,7.120000,7.130000,1.053371,0.140449,false,0.000000,execution_costs_v1.0,0.000000,0.000000,,,,
2024-09-12,GBX,BBG001S80QK9,0,false,45.830000,46.470000,1.723762,1.396465,false,0.000000,execution_costs_v1.0,0.000000,0.000000,,,,
2024-09-12,GCBC,BBG001S9KJZ5,0,false,30.580000,30.160000,0.621321,-1.373447,false,0.000000,execution_costs_v1.0,0.000000,0.000000,,,,
2024-09-12,GCI,BBG005C9FQR2,0,false,4.330000,4.465000,3.233256,3.117783,false,0.000000,execution_costs_v1.0,0.000000,0.000000,,,,
2024-09-12,GCMG,BBG00Y73FGG2,0,false,10.770000,10.865000,1.114206,0.882080,false,0.000000,execution_costs_v1.0,0.000000,0.000000,,,,
2024-09-12,GCT,0001857816,9,false,18.270000,17.370000,1.751505,-4.926108,false,0.000000,execution_costs_v1.0,0.000000,0.000000,,,,
2024-09-12,GDEN,BBG001S69CW2,1,false,31.820000,31.970000,0.911062,0.471402,false,0.000000,execution_costs_v1.0,0.000000,0.000000,,,,
2024-09-12,GDEV,0001848739,0,false,27.020000,26.010000,2.775722,-3.737972,false,0.000000,execution_costs_v1.0,0.000000,0.000000,,,,
2024-09-12,GDOT,BBG001T6W7V7,0,false,11.190000,11.105000,0.983021,-0.759607,false,0.000000,execution_costs_v1.0,0.000000,0.000000,,,,
2024-09-12,GDRX,BBG00X0VP956,0,false,7.490000,7.720000,4.072096,3.070761,false,0.000000,execution_costs_v1.0,0.000000,0.000000,,,,
2024-09-12,GDYN,BBG00MDLZP15,0,false,14.160000,14.040000,0.847458,-0.847458,false,0.000000,execution_costs_v1.0,0.000000,0.000000,,,,
2024-09-12,GEF,BBG001S8S678,0,false,59.640000,59.900000,1.006036,0.435949,false,0.000000,execution_costs_v1.0,0.000000,0.000000,,,,
2024-09-12,GEL,BBG001S9CQC3,0,false,12.890000,12.835000,2.327386,-0.426687,false,0.000000,execution_costs_v1.0,0.000000,0.000000,,,,
2024-09-12,GENI,0001834489,1,false,7.550000,7.700000,3.245033,1.986755,false,0.000000,execution_costs_v1.0,0.000000,0.000000,,,,
2024-09-12,GEO,BBG001S6VYZ6,7,false,12.610000,12.605000,1.744647,-0.039651,false,0.000000,execution_costs_v1.0,0.000000,0.000000,,,,
2024-09-12,GERN,BBG001S6TSX4,1,false,4.390000,4.455000,3.416856,1.480638,false,0.000000,execution_costs_v1.0,0.000000,0.000000,,,,
2024-09-12,GES,BBG001S5RJR5,0,false,19.010000,18.630000,0.210416,-1.998948,false,0.000000,execution_costs_v1.0,0.000000,0.000000,,,,
2024-09-12,GETY,BBG017RQJJH6,0,false,3.420000,3.470000,2.339181,1.461988,false,0.000000,execution_costs_v1.0,0.000000,0.000000,,,,
2024-09-12,GFF,BBG001S7M3Z2,0,false,63.360000,64.800000,2.525253,2.272727,false,0.000000,execution_costs_v1.0,0.000000,0.000000,,,,
2024-09-12,GFR,BBG01HRTJS60,0,false,6.455000,6.470000,1.471727,0.232378,false,0.000000,execution_costs_v1.0,0.000000,0.000000,,,,
2024-09-12,GGG,BBG001S5RK56,0,false,82.270000,82.320000,0.243102,0.060775,false,0.000000,execution_costs_v1.0,0.000000,0.000000,,,,
2024-09-12,GH,BBG006D97VZ8,0,false,24.880000,25.580000,3.677653,2.813505,false,0.000000,execution_costs_v1.0,0.000000,0.000000,,,,
2024-09-12,GHLD,BBG00XR2PX58,0,false,16.490000,16.560000,1.091571,0.424500,false,0.000000,execution_costs_v1.0,0.000000,0.000000,,,,
2024-09-12,GHM,BBG001S5RK92,0,false,29.370000,29.060000,1.974804,-1.055499,false,0.000000,execution_costs_v1.0,0.000000,0.000000,,,,
2024-09-12,GHRS,0001855129,0,false,8.140000,8.405000,3.808354,3.255528,false,0.000000,execution_costs_v1.0,0.000000,0.000000,,,,
2024-09-12,GIC,BBG001S9NZ95,0,false,31.870000,32.170000,1.317854,0.941324,false,0.000000,execution_costs_v1.0,0.000000,0.000000,,,,
2024-09-12,GIII,BBG001S6F0Z8,0,false,30.570000,30.070000,1.243049,-1.635590,false,0.000000,execution_costs_v1.0,0.000000,0.000000,,,,
2024-09-12,GIL,BBG001S7JJL6,0,false,44.810000,44.770000,0.580228,-0.089266,false,0.000000,execution_costs_v1.0,0.000000,0.000000,,,,
2024-09-12,GKOS,BBG001T91NX8,0,false,125.420000,126.280000,1.634508,0.685696,false,0.000000,execution_costs_v1.0,0.000000,0.000000,,,,
2024-09-12,GL,BBG001S5WRX4,0,false,101.200000,102.330000,1.245059,1.116601,false,0.000000,execution_costs_v1.0,0.000000,0.000000,,,,
2024-09-12,GLAD,BBG001SJH738,0,false,22.850000,22.980000,0.612691,0.568928,false,0.000000,execution_costs_v1.0,0.000000,0.000000,,,,
2024-09-12,GLBE,0001835963,0,false,36.660000,37.190000,2.441353,1.445717,false,0.000000,execution_costs_v1.0,0.000000,0.000000,,,,
2024-09-12,GLDD,BBG001SNNJN4,0,false,9.520000,9.560000,2.626050,0.420168,false,0.000000,execution_costs_v1.0,0.000000,0.000000,,,,
2024-09-12,GLNG,0001207179,1,false,31.340000,31.460000,2.105935,0.382897,false,0.000000,execution_costs_v1.0,0.000000,0.000000,,,,
2024-09-12,GLOB,0001557860,0,false,201.770000,197.350000,0.609605,-2.190613,false,0.000000,execution_costs_v1.0,0.000000,0.000000,,,,
2024-09-12,GLP,BBG001SH3WJ5,0,false,42.240000,44.020000,6.534091,4.214015,false,0.000000,execution_costs_v1.0,0.000000,0.000000,,,,
2024-09-12,GLPI,BBG003MSMCT5,0,false,52.430000,52.100000,0.209804,-0.629411,false,0.000000,execution_costs_v1.0,0.000000,0.000000,,,,
2024-09-12,GLRE,0001385613,0,false,13.830000,13.890000,1.012292,0.433839,false,0.000000,execution_costs_v1.0,0.000000,0.000000,,,,
2024-09-12,GLTO,BBG00XMLGWD4,2,false,13.030000,14.150000,9.900230,8.595549,false,0.000000,execution_costs_v1.0,0.000000,0.000000,,,,
2024-09-12,GLUE,BBG00X2VGZR2,0,false,6.220000,5.950000,1.286174,-4.340836,false,0.000000,execution_costs_v1.0,0.000000,0.000000,,,,
2024-09-12,GME,BBG001S5RLR0,51,true,20.470000,20.400000,1.172447,-0.341964,false,0.000000,execution_costs_v1.0,0.000000,0.000000,,,,
2024-09-12,GMED,BBG002V87T57,0,false,69.190000,70.060000,1.503107,1.257407,false,0.000000,execution_costs_v1.0,0.000000,0.000000,,,,
2024-09-12,GMRE,BBG0027F2C05,1,false,9.450000,9.660000,2.433862,2.222222,false,0.000000,execution_costs_v1.0,0.000000,0.000000,,,,
2024-09-12,GMS,BBG009Q036F8,0,false,83.410000,84.440000,2.277904,1.234864,false,0.000000,execution_costs_v1.0,0.000000,0.000000,,,,
2024-09-12,GNE,BBG0021PGB79,0,false,17.330000,17.480000,0.865551,0.865551,false,0.000000,execution_costs_v1.0,0.000000,0.000000,,,,
2024-09-12,GNK,0001326200,0,false,17.150000,17.130000,0.699708,-0.116618,false,0.000000,execution_costs_v1.0,0.000000,0.000000,,,,
2024-09-12,GNL,BBG004HXD0H7,0,false,8.680000,8.740000,1.382488,0.691244,false,0.000000,execution_costs_v1.0,0.000000,0.000000,,,,
2024-09-12,GNRC,BBG001T5VGH6,0,false,142.960000,140.780000,0.000000,-1.524902,false,0.000000,execution_costs_v1.0,0.000000,0.000000,,,,
2024-09-12,GNTX,BBG001S5RMR8,0,false,29.370000,28.810000,0.306435,-1.906708,false,0.000000,execution_costs_v1.0,0.000000,0.000000,,,,
2024-09-12,GNTY,BBG001S7MPM7,0,false,33.320000,33.910000,1.770708,1.770708,false,0.000000,execution_costs_v1.0,0.000000,0.000000,,,,
2024-09-12,GNW,BBG001SJ0DH8,0,false,6.520000,6.550000,0.920245,0.460123,false,0.000000,execution_costs_v1.0,0.000000,0.000000,,,,
2024-09-12,GO,BBG00P4R30Z8,0,false,16.550000,16.255000,0.604230,-1.782477,false,0.000000,execution_costs_v1.0,0.000000,0.000000,,,,
2024-09-12,GOGL,0001029145,3,false,11.300000,11.465000,3.185841,1.460177,false,0.000000,execution_costs_v1.0,0.000000,0.000000,,,,
2024-09-12,GOGO,BBG002CN8YD4,0,false,7.720000,7.445000,0.777202,-3.562176,false,0.000000,execution_costs_v1.0,0.000000,0.000000,,,,
2024-09-12,GOLF,BBG00D5L3ST3,0,false,62.840000,64.410000,2.498409,2.498409,false,0.000000,execution_costs_v1.0,0.000000,0.000000,,,,
2024-09-12,GOOD,BBG001SK8138,0,false,15.400000,15.710000,2.466883,2.012987,false,0.000000,execution_costs_v1.0,0.000000,0.000000,,,,
2024-09-12,GOOS,BBG00G2HL1Z0,0,false,10.320000,10.350000,0.679264,0.290698,false,0.000000,execution_costs_v1.0,0.000000,0.000000,,,,
2024-09-12,GPI,BBG001S5RNK3,0,false,340.140000,345.140000,2.429882,1.469983,false,0.000000,execution_costs_v1.0,0.000000,0.000000,,,,
2024-09-12,GPK,BBG001S90195,0,false,29.110000,29.570000,1.614565,1.580213,false,0.000000,execution_costs_v1.0,0.000000,0.000000,,,,
2024-09-12,GPOR,BBG0112Z8766,0,false,143.600000,142.800000,0.898329,-0.557103,false,0.000000,execution_costs_v1.0,0.000000,0.000000,,,,
2024-09-12,GPRE,BBG001SPVM17,0,false,12.320000,12.260000,2.435065,-0.487013,false,0.000000,execution_costs_v1.0,0.000000,0.000000,,,,
2024-09-12,GPRK,0001464591,0,false,7.580000,7.480000,1.978892,-1.319261,false,0.000000,execution_costs_v1.0,0.000000,0.000000,,,,
2024-09-12,GRAB,0001855612,6,false,3.475000,3.450000,0.719424,-0.719424,false,0.000000,execution_costs_v1.0,0.000000,0.000000,,,,
2024-09-12,GRBK,BBG001SS5LM9,1,false,73.490000,75.690000,3.918901,2.993605,false,0.000000,execution_costs_v1.0,0.000000,0.000000,,,,
2024-09-12,GRC,BBG001S5RP00,0,false,36.600000,37.150000,1.939891,1.502732,false,0.000000,execution_costs_v1.0,0.000000,0.000000,,,,
2024-09-12,GRND,BBG00YV3H7V6,0,false,11.680000,11.785000,1.027397,0.898973,false,0.000000,execution_costs_v1.0,0.000000,0.000000,,,,
2024-09-12,GRNT,BBG017RM8TP6,2,false,6.100000,6.130000,1.065574,0.491803,false,0.000000,execution_costs_v1.0,0.000000,0.000000,,,,
2024-09-12,GRPN,BBG001T8J560,3,false,11.110000,10.960000,1.800180,-1.350135,false,0.000000,execution_costs_v1.0,0.000000,0.000000,,,,
2024-09-12,GSAT,BBG001SPN4X1,4,false,1.210000,1.170000,0.826446,-3.305785,false,0.000000,execution_costs_v1.0,0.000000,0.000000,,,,
2024-09-12,GSBC,BBG001S6DWN3,0,false,56.070000,55.780000,0.445871,-0.517211,false,0.000000,execution_costs_v1.0,0.000000,0.000000,,,,
2024-09-12,GSBD,BBG004DDDL70,1,false,13.840000,14.070000,2.384393,1.661850,false,0.000000,execution_costs_v1.0,0.000000,0.000000,,,,
2024-09-12,GSHD,BBG00KHHBMD4,0,false,81.470000,85.320000,4.725666,4.725666,false,0.000000,execution_costs_v1.0,0.000000,0.000000,,,,
2024-09-12,GSL,0001430725,1,false,23.650000,23.910000,2.790698,1.099366,false,0.000000,execution_costs_v1.0,0.000000,0.000000,,,,
2024-09-12,GSM,0001639877,0,false,4.270000,4.140000,0.936768,-3.044496,false,0.000000,execution_costs_v1.0,0.000000,0.000000,,,,
2024-09-12,GT,BBG001S5RQ62,12,true,7.680000,7.720000,1.497396,0.520833,false,0.000000,execution_costs_v1.0,0.000000,0.000000,,,,
2024-09-12,GTES,0001718512,0,false,16.690000,16.930000,1.887358,1.437987,false,0.000000,execution_costs_v1.0,0.000000,0.000000,,,,
2024-09-12,GTHX,BBG005F1DJM9,0,false,7.130000,7.130000,0.000000,0.000000,false,0.000000,execution_costs_v1.0,0.000000,0.000000,,,,
2024-09-12,GTLB,BBG00DHTYPJ6,4,false,54.420000,54.130000,0.238883,-0.532892,false,0.000000,execution_costs_v1.0,0.000000,0.000000,,,,
2024-09-12,GTLS,BBG001SQV7W4,1,false,111.190000,111.620000,2.967893,0.386725,false,0.000000,execution_costs_v1.0,0.000000,0.000000,,,,
2024-09-12,GTN,BBG001S8SQK9,0,false,4.480000,4.590000,2.455357,2.455357,false,0.000000,execution_costs_v1.0,0.000000,0.000000,,,,
2024-09-12,GTX,BBG00HY28Q04,0,false,7.810000,7.935000,2.880922,1.600512,false,0.000000,execution_costs_v1.0,0.000000,0.000000,,,,
2024-09-12,GTY,BBG001S5RQR9,0,false,31.670000,31.870000,0.694664,0.631512,false,0.000000,execution_costs_v1.0,0.000000,0.000000,,,,
2024-09-12,GVA,BBG001S8WD96,0,false,73.200000,74.300000,1.680328,1.502732,false,0.000000,execution_costs_v1.0,0.000000,0.000000,,,,
2024-09-12,GWH,BBG00Y4B6LN8,0,false,5.870000,5.320000,1.362862,-9.369676,false,0.000000,execution_costs_v1.0,0.000000,0.000000,,,,
2024-09-12,GWRE,BBG001TWHGX5,0,false,168.800000,169.700000,0.971564,0.533175,false,0.000000,execution_costs_v1.0,0.000000,0.000000,,,,
2024-09-12,GWRS,BBG001T2PQ42,0,false,12.940000,12.990000,0.463679,0.386399,false,0.000000,execution_costs_v1.0,0.000000,0.000000,,,,
2024-09-12,GXO,BBG00YDGX9Z1,0,false,49.030000,49.530000,1.723435,1.019784,false,0.000000,execution_costs_v1.0,0.000000,0.000000,,,,
2024-09-12,GYRE,BBG001SDL5X7,0,false,13.860000,13.670000,2.308802,-1.370851,false,0.000000,execution_costs_v1.0,0.000000,0.000000,,,,
2024-09-12,H,BBG001SFNHB8,0,false,146.030000,145.410000,0.304732,-0.424570,false,0.000000,execution_costs_v1.0,0.000000,0.000000,,,,
2024-09-12,HA,BBG001S5RRT5,3,false,17.450000,17.285000,0.057307,-0.945559,false,0.000000,execution_costs_v1.0,0.000000,0.000000,,,,
2024-09-12,HAE,BBG001S6QB64,0,false,72.640000,73.300000,1.748348,0.908590,false,0.000000,execution_costs_v1.0,0.000000,0.000000,,,,
2024-09-12,HAFC,BBG001SFGJ31,0,false,18.370000,18.430000,1.007077,0.326619,false,0.000000,execution_costs_v1.0,0.000000,0.000000,,,,
2024-09-12,HAFN,0001815779,4,false,7.070000,7.235000,2.827440,2.333805,false,0.000000,execution_costs_v1.0,0.000000,0.000000,,,,
2024-09-12,HAIN,BBG001SBCKV0,1,false,7.920000,8.130000,3.409091,2.651515,false,0.000000,execution_costs_v1.0,0.000000,0.000000,,,,
2024-09-12,HALO,BBG001SGX585,0,false,59.430000,60.550000,3.213865,1.884570,false,0.000000,execution_costs_v1.0,0.000000,0.000000,,,,
2024-09-12,HAS,BBG001S5RSQ6,0,false,67.390000,67.310000,1.060988,-0.118712,false,0.000000,execution_costs_v1.0,0.000000,0.000000,,,,
2024-09-12,HASI,BBG0044K5DN3,3,false,33.550000,34.640000,3.457526,3.248882,false,0.000000,execution_costs_v1.0,0.000000,0.000000,,,,
2024-09-12,HAYN,BBG001SL1ZT0,0,false,59.550000,59.400000,0.000000,-0.251889,false,0.000000,execution_costs_v1.0,0.000000,0.000000,,,,
2024-09-12,HAYW,BBG00Z9CCSB9,0,false,13.950000,13.680000,1.075269,-1.935484,false,0.000000,execution_costs_v1.0,0.000000,0.000000,,,,
2024-09-12,HBANL,0000049196,0,false,25.660000,25.580000,0.000000,-0.311769,false,0.000000,execution_costs_v1.0,0.000000,0.000000,,,,
2024-09-12,HBB,BBG00HJ4P6S2,0,false,27.885000,28.800000,3.711673,3.281334,false,0.000000,execution_costs_v1.0,0.000000,0.000000,,,,
2024-09-12,HBCP,BBG001ST9B63,0,false,41.710000,41.400000,0.000000,-0.743227,false,0.000000,execution_costs_v1.0,0.000000,0.000000,,,,
2024-09-12,HBI,BBG001SMCKB8,1,false,6.190000,6.400000,4.846527,3.392569,false,0.000000,execution_costs_v1.0,0.000000,0.000000,,,,
2024-09-12,HBM,BBG001SL27N7,2,false,7.050000,7.210000,2.907801,2.269504,false,0.000000,execution_costs_v1.0,0.000000,0.000000,,,,
2024-09-12,HBNC,BBG001S7SGW0,0,false,15.440000,15.370000,0.323834,-0.453368,false,0.000000,execution_costs_v1.0,0.000000,0.000000,,,,
2024-09-12,HBT,BBG00Q8J7380,0,false,21.540000,21.650000,1.392758,0.510678,false,0.000000,execution_costs_v1.0,0.000000,0.000000,,,,
2024-09-12,HCAT,BBG00LDPZMT5,0,false,8.050000,8.025000,2.422360,-0.310559,false,0.000000,execution_costs_v1.0,0.000000,0.000000,,,,
2024-09-12,HCC,BBG00GD1JNK4,0,false,52.670000,53.690000,5.917410,1.936586,false,0.000000,execution_costs_v1.0,0.000000,0.000000,,,,
2024-09-12,HCI,BBG001T2C2P6,0,false,95.010000,97.120000,2.926008,2.220819,false,0.000000,execution_costs_v1.0,0.000000,0.000000,,,,
2024-09-12,HCKT,BBG001S5VLP7,0,false,25.310000,25.120000,0.000000,-0.750691,false,0.000000,execution_costs_v1.0,0.000000,0.000000,,,,
2024-09-12,HCP,BBG007PZ2T94,0,false,33.840000,33.780000,0.059102,-0.177305,false,0.000000,execution_costs_v1.0,0.000000,0.000000,,,,
2024-09-12,HCSG,BBG001S5RTV8,0,false,10.590000,10.610000,1.322002,0.188857,false,0.000000,execution_costs_v1.0,0.000000,0.000000,,,,
2024-09-12,HDSN,BBG001S77CN2,0,false,7.830000,7.830000,1.021711,0.000000,false,0.000000,execution_costs_v1.0,0.000000,0.000000,,,,
2024-09-12,HE,BBG001S5RV43,4,false,11.290000,11.150000,1.107174,-1.240035,false,0.000000,execution_costs_v1.0,0.000000,0.000000,,,,
2024-09-12,HEES,BBG001SKSFQ0,0,false,42.620000,42.760000,1.548569,0.328484,false,0.000000,execution_costs_v1.0,0.000000,0.000000,,,,
2024-09-12,HELE,0000916789,0,false,55.270000,55.620000,1.881672,0.633255,false,0.000000,execution_costs_v1.0,0.000000,0.000000,,,,
2024-09-12,HESM,BBG00R02H8F3,1,false,35.900000,36.130000,0.974930,0.640669,false,0.000000,execution_costs_v1.0,0.000000,0.000000,,,,
2024-09-12,HFWA,BBG001SBJ270,0,false,21.450000,21.360000,0.699301,-0.419580,false,0.000000,execution_costs_v1.0,0.000000,0.000000,,,,
2024-09-12,HG,0001593275,0,false,18.540000,18.490000,0.161812,-0.269687,false,0.000000,execution_costs_v1.0,0.000000,0.000000,,,,
2024-09-12,HGTY,BBG00Z9FKN97,0,false,11.070000,11.073000,0.813008,0.027100,false,0.000000,execution_costs_v1.0,0.000000,0.000000,,,,
2024-09-12,HGV,BBG00CBYY6L2,0,false,35.680000,35.900000,1.765695,0.616592,false,0.000000,execution_costs_v1.0,0.000000,0.000000,,,,
2024-09-12,HHH,BBG01HTMDZ63,0,false,73.760000,74.060000,0.813449,0.406725,false,0.000000,execution_costs_v1.0,0.000000,0.000000,,,,
2024-09-12,HI,BBG001STH2P3,0,false,26.430000,26.350000,1.702611,-0.302686,false,0.000000,execution_costs_v1.0,0.000000,0.000000,,,,
2024-09-12,HIFS,BBG001S614T2,0,false,237.850000,236.400000,0.000000,-0.609628,false,0.000000,execution_costs_v1.0,0.000000,0.000000,,,,
2024-09-12,HII,BBG001V0PDL3,0,false,257.550000,258.140000,0.885265,0.229082,false,0.000000,execution_costs_v1.0,0.000000,0.000000,,,,
2024-09-12,HIMS,BBG00Q5LQWK9,14,true,15.240000,15.810000,7.644357,3.740157,false,0.000000,execution_costs_v1.0,0.000000,0.000000,,,,
2024-09-12,HIPO,BBG00YRW9292,0,false,17.940000,18.900000,8.026756,5.351171,false,0.000000,execution_costs_v1.0,0.000000,0.000000,,,,
2024-09-12,HIW,BBG001S7X2X4,0,false,32.260000,32.400000,1.301922,0.433974,false,0.000000,execution_costs_v1.0,0.000000,0.000000,,,,
2024-09-12,HL,BBG001S5RXF7,19,true,6.100000,6.440000,6.557377,5.573770,false,0.000000,execution_costs_v1.0,0.000000,0.000000,,,,
2024-09-12,HLF,0001180262,0,false,7.270000,7.290000,2.063274,0.275103,false,0.000000,execution_costs_v1.0,0.000000,0.000000,,,,
2024-09-12,HLI,BBG001SFVN99,0,false,150.520000,151.440000,0.790593,0.611214,false,0.000000,execution_costs_v1.0,0.000000,0.000000,,,,
2024-09-12,HLIO,BBG001S99DF3,0,false,40.410000,40.400000,1.571393,-0.024746,false,0.000000,execution_costs_v1.0,0.000000,0.000000,,,,
2024-09-12,HLIT,BBG001S73CC8,0,false,13.960000,13.805000,0.000000,-1.110315,false,0.000000,execution_costs_v1.0,0.000000,0.000000,,,,
2024-09-12,HLLY,BBG00Y3N2SD3,0,false,3.100000,3.150000,2.580645,1.612903,false,0.000000,execution_costs_v1.0,0.000000,0.000000,,,,
2024-09-12,HLMN,BBG00YC6W7C4,0,false,9.630000,9.755000,1.453790,1.298027,false,0.000000,execution_costs_v1.0,0.000000,0.000000,,,,
2024-09-12,HLNE,BBG00FX58Q75,0,false,147.600000,150.110000,1.944444,1.700542,false,0.000000,execution_costs_v1.0,0.000000,0.000000,,,,
2024-09-12,HLX,BBG001S978V8,4,false,9.390000,9.440000,3.301384,0.532481,false,0.000000,execution_costs_v1.0,0.000000,0.000000,,,,
2024-09-12,HMN,BBG001S5RY01,0,false,33.310000,33.660000,1.110778,1.050736,false,0.000000,execution_costs_v1.0,0.000000,0.000000,,,,
2024-09-12,HNI,BBG001S6Q6F5,0,false,50.390000,50.950000,2.024211,1.111332,false,0.000000,execution_costs_v1.0,0.000000,0.000000,,,,
2024-09-12,HNST,BBG002TWLBM1,0,false,4.010000,3.920000,0.249377,-2.244389,false,0.000000,execution_costs_v1.0,0.000000,0.000000,,,,
2024-09-12,HOG,BBG001S5RTY5,1,false,35.080000,35.470000,1.584949,1.111745,false,0.000000,execution_costs_v1.0,0.000000,0.000000,,,,
2024-09-12,HOMB,BBG001SN0R60,0,false,26.590000,26.500000,0.000000,-0.338473,false,0.000000,execution_costs_v1.0,0.000000,0.000000,,,,
2024-09-12,HONE,BBG00NKZNGC5,0,false,12.480000,12.470000,0.160256,-0.080128,false,0.000000,execution_costs_v1.0,0.000000,0.000000,,,,
2024-09-12,HOOK,BBG00NGMNKS3,0,false,5.160000,4.950000,2.184109,-4.069767,false,0.000000,execution_costs_v1.0,0.000000,0.000000,,,,
2024-09-12,HOPE,BBG001S8F2H0,0,false,12.010000,12.050000,0.624480,0.333056,false,0.000000,execution_costs_v1.0,0.000000,0.000000,,,,
2024-09-12,HOUS,BBG001SSDCC1,0,false,4.830000,4.890000,1.759834,1.242236,false,0.000000,execution_costs_v1.0,0.000000,0.000000,,,,
2024-09-12,HOV,BBG001S5RZM4,0,false,196.200000,198.270000,4.113150,1.055046,false,0.000000,execution_costs_v1.0,0.000000,0.000000,,,,
2024-09-12,HP,BBG001S5RZP1,0,false,30.960000,30.620000,0.549096,-1.098191,false,0.000000,execution_costs_v1.0,0.000000,0.000000,,,,
2024-09-12,HPK,BBG00RD1PYR2,0,false,13.900000,13.900000,1.942446,0.000000,false,0.000000,execution_costs_v1.0,0.000000,0.000000,,,,
2024-09-12,HPP,BBG001T6TCN9,3,false,4.790000,4.850000,3.131524,1.252610,false,0.000000,execution_costs_v1.0,0.000000,0.000000,,,,
2024-09-12,HQY,BBG001T8JKN8,0,false,75.480000,76.630000,2.556969,1.523582,false,0.000000,execution_costs_v1.0,0.000000,0.000000,,,,
2024-09-12,HR,BBG001T5WP21,0,false,18.280000,18.610000,2.242888,1.805252,false,0.000000,execution_costs_v1.0,0.000000,0.000000,,,,
2024-09-12,HRB,BBG001S5S031,0,false,62.930000,62.775000,0.603846,-0.246305,false,0.000000,execution_costs_v1.0,0.000000,0.000000,,,,
2024-09-12,HRI,BBG001SNNBX0,0,false,134.080000,133.770000,0.835322,-0.231205,false,0.000000,execution_costs_v1.0,0.000000,0.000000,,,,
2024-09-12,HRMY,BBG00WBPG548,0,false,37.600000,37.750000,4.281915,0.398936,false,0.000000,execution_costs_v1.0,0.000000,0.000000,,,,
2024-09-12,HROW,BBG001SSTRN9,0,false,41.570000,42.070000,3.212413,1.202790,false,0.000000,execution_costs_v1.0,0.000000,0.000000,,,,
2024-09-12,HRTG,BBG006D4PF57,0,false,15.220000,15.390000,1.314060,1.116951,false,0.000000,execution_costs_v1.0,0.000000,0.000000,,,,
2024-09-12,HRZN,BBG001T7JC58,0,false,11.000000,11.000000,0.363636,0.000000,false,0.000000,execution_costs_v1.0,0.000000,0.000000,,,,
2024-09-12,HSAI,BBG01CCYDDZ3,0,false,3.880000,3.810000,0.515464,-1.804124,false,0.000000,execution_costs_v1.0,0.000000,0.000000,,,,
2024-09-12,HSHP,0001959455,0,false,7.300000,7.420000,3.013699,1.643836,false,0.000000,execution_costs_v1.0,0.000000,0.000000,,,,
2024-09-12,HSIC,BBG001S6S7F1,0,false,67.280000,68.160000,1.382283,1.307967,false,0.000000,execution_costs_v1.0,0.000000,0.000000,,,,
2024-09-12,HSII,BBG001SCQ2H9,0,false,36.170000,36.510000,1.852364,0.940006,false,0.000000,execution_costs_v1.0,0.000000,0.000000,,,,
2024-09-12,HST,BBG001S5RY83,0,false,16.920000,17.205000,1.861702,1.684397,false,0.000000,execution_costs_v1.0,0.000000,0.000000,,,,
2024-09-12,HSTM,BBG001SCR2T5,0,false,28.040000,28.208000,1.212553,0.599144,false,0.000000,execution_costs_v1.0,0.000000,0.000000,,,,
2024-09-12,HTBI,BBG002CV5WZ9,0,false,34.280000,34.200000,0.204201,-0.233372,false,0.000000,execution_costs_v1.0,0.000000,0.000000,,,,
2024-09-12,HTBK,BBG001SBY8P0,0,false,9.730000,9.670000,0.924974,-0.616650,false,0.000000,execution_costs_v1.0,0.000000,0.000000,,,,
2024-09-12,HTGC,BBG001SDPHZ5,0,false,18.800000,19.060000,1.489362,1.382979,false,0.000000,execution_costs_v1.0,0.000000,0.000000,,,,
2024-09-12,HTH,BBG001SH9HH4,0,false,31.320000,31.490000,0.606641,0.542784,false,0.000000,execution_costs_v1.0,0.000000,0.000000,,,,
2024-09-12,HTLD,BBG001S5S1D8,0,false,11.820000,11.910000,1.438240,0.761421,false,0.000000,execution_costs_v1.0,0.000000,0.000000,,,,
2024-09-12,HTLF,BBG001S8WBN4,0,false,54.510000,54.850000,0.623739,0.623739,false,0.000000,execution_costs_v1.0,0.000000,0.000000,,,,
2024-09-12,HTZ,BBG011N571V5,3,false,2.650000,2.740000,6.792453,3.396226,false,0.000000,execution_costs_v1.0,0.000000,0.000000,,,,
2024-09-12,HUBG,BBG001S8SNQ0,0,false,43.730000,44.250000,1.257718,1.189115,false,0.000000,execution_costs_v1.0,0.000000,0.000000,,,,
2024-09-12,HUMA,BBG00XPPT7T6,1,false,5.700000,5.620000,4.035088,-1.403509,false,0.000000,execution_costs_v1.0,0.000000,0.000000,,,,
2024-09-12,HUN,BBG001SKWX22,0,false,21.300000,21.640000,2.629108,1.596244,false,0.000000,execution_costs_v1.0,0.000000,0.000000,,,,
2024-09-12,HURN,BBG001SLSXM3,0,false,105.150000,105.740000,0.694246,0.561103,false,0.000000,execution_costs_v1.0,0.000000,0.000000,,,,
2024-09-12,HUT,BBG00390LJJ8,19,true,10.630000,10.895000,3.386642,2.492944,false,0.000000,execution_costs_v1.0,0.000000,0.000000,,,,
2024-09-12,HVT,BBG001SBYDJ6,0,false,25.660000,25.900000,1.247077,0.935308,false,0.000000,execution_costs_v1.0,0.000000,0.000000,,,,
2024-09-12,HWC,BBG001S6S985,0,false,48.820000,48.609000,0.000000,-0.432200,false,0.000000,execution_costs_v1.0,0.000000,0.000000,,,,
2024-09-12,HWKN,BBG001S5S282,0,false,114.420000,116.835000,2.980248,2.110645,false,0.000000,execution_costs_v1.0,0.000000,0.000000,,,,
2024-09-12,HXL,BBG001S5S2J0,0,false,61.050000,61.320000,1.015561,0.442260,false,0.000000,execution_costs_v1.0,0.000000,0.000000,,,,
2024-09-12,HY,BBG001S5YDZ1,0,false,58.580000,57.730000,0.682827,-1.451007,false,0.000000,execution_costs_v1.0,0.000000,0.000000,,,,
2024-09-12,HYLN,BBG00N9MJV02,6,false,1.940000,1.950000,1.030928,0.515464,false,0.000000,execution_costs_v1.0,0.000000,0.000000,,,,
2024-09-12,HYZN,BBG00Y2JHBH0,4,false,2.520000,2.300000,0.396825,-8.730159,false,0.000000,execution_costs_v1.0,0.000000,0.000000,,,,
2024-09-12,HZO,BBG001SBS2N2,1,false,30.700000,31.070000,2.312704,1.205212,false,0.000000,execution_costs_v1.0,0.000000,0.000000,,,,
2024-09-12,IAC,BBG00S1LR2D2,0,false,50.690000,51.300000,1.923456,1.203393,false,0.000000,execution_costs_v1.0,0.000000,0.000000,,,,
2024-09-12,IAG,BBG001S8SMV6,15,true,5.050000,5.345000,6.534653,5.841584,false,0.000000,execution_costs_v1.0,0.000000,0.000000,,,,
2024-09-12,IART,BBG001S7JWM6,1,false,17.650000,17.660000,0.339943,0.056657,false,0.000000,execution_costs_v1.0,0.000000,0.000000,,,,
2024-09-12,IAS,BBG011BPJYL0,0,false,10.900000,10.900000,1.559633,0.000000,false,0.000000,execution_costs_v1.0,0.000000,0.000000,,,,
2024-09-12,IAUX,BBG00Z3VDWG8,0,false,0.991300,1.050000,7.939070,5.921517,false,0.000000,execution_costs_v1.0,0.000000,0.000000,,,,
2024-09-12,IBCP,BBG001S5S335,0,false,32.900000,32.990000,1.071429,0.273556,false,0.000000,execution_costs_v1.0,0.000000,0.000000,,,,
2024-09-12,IBKR,BBG001SQ4YC7,0,false,123.150000,123.630000,0.633374,0.389769,false,0.000000,execution_costs_v1.0,0.000000,0.000000,,,,
2024-09-12,IBOC,BBG001S6YYJ1,1,false,60.200000,59.940000,0.000000,-0.431894,false,0.000000,execution_costs_v1.0,0.000000,0.000000,,,,
2024-09-12,IBP,BBG005TJKF09,0,false,207.740000,210.780000,2.748628,1.463368,false,0.000000,execution_costs_v1.0,0.000000,0.000000,,,,
2024-09-12,IBRX,BBG007T9DYX8,20,true,3.610000,3.490000,2.432133,-3.324100,false,0.000000,execution_costs_v1.0,0.000000,0.000000,,,,
2024-09-12,IBTX,BBG003981NT3,0,false,55.240000,54.940000,0.000000,-0.543085,false,0.000000,execution_costs_v1.0,0.000000,0.000000,,,,
2024-09-12,ICFI,BBG001S6L7P7,0,false,163.470000,165.270000,1.247935,1.101119,false,0.000000,execution_costs_v1.0,0.000000,0.000000,,,,
2024-09-12,ICHR,0001652535,0,false,28.420000,28.070000,0.738564,-1.231527,false,0.000000,execution_costs_v1.0,0.000000,0.000000,,,,
2024-09-12,ICL,0000941221,1,false,4.100000,4.150000,1.463415,1.219512,false,0.000000,execution_costs_v1.0,0.000000,0.000000,,,,
2024-09-12,ICU,BBG00YVJVRL2,0,false,5.250000,5.140000,1.714286,-2.095238,false,0.000000,execution_costs_v1.0,0.000000,0.000000,,,,
2024-09-12,ICUI,BBG001S712B3,0,false,172.150000,174.110000,3.229742,1.138542,false,0.000000,execution_costs_v1.0,0.000000,0.000000,,,,
2024-09-12,IDA,BBG001S5S4M2,0,false,103.140000,103.000000,0.290867,-0.135738,false,0.000000,execution_costs_v1.0,0.000000,0.000000,,,,
2024-09-12,IDCC,BBG001S8DV79,0,false,132.650000,132.450000,0.079156,-0.150773,false,0.000000,execution_costs_v1.0,0.000000,0.000000,,,,
2024-09-12,IDT,BBG001SHWDJ5,0,false,36.720000,36.830000,0.925926,0.299564,false,0.000000,execution_costs_v1.0,0.000000,0.000000,,,,
2024-09-12,IDYA,BBG00CTZ4D92,0,false,36.300000,36.090000,0.633609,-0.578512,false,0.000000,execution_costs_v1.0,0.000000,0.000000,,,,
2024-09-12,IE,BBG012WFRMH9,0,false,6.960000,7.600000,9.913793,9.195402,false,0.000000,execution_costs_v1.0,0.000000,0.000000,,,,
2024-09-12,IEP,BBG001S5NBT4,4,false,10.000000,10.260000,2.750000,2.600000,false,0.000000,execution_costs_v1.0,0.000000,0.000000,,,,
2024-09-12,IESC,BBG001SR2L71,0,false,158.160000,157.080000,1.479514,-0.682853,false,0.000000,execution_costs_v1.0,0.000000,0.000000,,,,
2024-09-12,IEX,BBG001S67N14,0,false,197.610000,198.110000,0.412429,0.253024,false,0.000000,execution_costs_v1.0,0.000000,0.000000,,,,
2024-09-12,IFS,0001615903,0,false,24.680000,24.490000,1.215559,-0.769854,false,0.000000,execution_costs_v1.0,0.000000,0.000000,,,,
2024-09-12,IGIC,0001794338,0,false,17.360000,17.660000,2.937788,1.728111,false,0.000000,execution_costs_v1.0,0.000000,0.000000,,,,
2024-09-12,IGMS,BBG00PNR1BV9,0,false,11.520000,11.400000,2.994792,-1.041667,false,0.000000,execution_costs_v1.0,0.000000,0.000000,,,,
2024-09-12,IGT,0001619762,0,false,21.500000,21.540000,0.930233,0.186047,false,0.000000,execution_costs_v1.0,0.000000,0.000000,,,,
2024-09-12,IHS,0001876183,0,false,3.220000,3.110000,0.000000,-3.416149,false,0.000000,execution_costs_v1.0,0.000000,0.000000,,,,
2024-09-12,IIIN,BBG001SK9GV3,0,false,30.690000,30.570000,0.521342,-0.391007,false,0.000000,execution_costs_v1.0,0.000000,0.000000,,,,
2024-09-12,IIIV,BBG00L32N3P6,0,false,21.690000,21.765000,1.106501,0.345781,false,0.000000,execution_costs_v1.0,0.000000,0.000000,,,,
2024-09-12,IIPR,BBG00F0SW7P6,0,false,125.590000,126.900000,1.066964,1.043077,false,0.000000,execution_costs_v1.0,0.000000,0.000000,,,,
2024-09-12,IMAX,BBG001S5Z701,1,false,20.660000,20.600000,1.161665,-0.290416,false,0.000000,execution_costs_v1.0,0.000000,0.000000,,,,
2024-09-12,IMKTA,BBG001S5S7D5,0,false,71.850000,71.930000,0.445372,0.111343,false,0.000000,execution_costs_v1.0,0.000000,0.000000,,,,
2024-09-12,IMNM,BBG00BR94298,0,false,14.470000,14.690000,4.284727,1.520387,false,0.000000,execution_costs_v1.0,0.000000,0.000000,,,,
2024-09-12,IMTX,0001809196,2,false,11.800000,12.460000,5.932203,5.593220,false,0.000000,execution_costs_v1.0,0.000000,0.000000,,,,
2024-09-12,IMVT,BBG00P5MC0R7,0,false,29.010000,28.870000,1.482248,-0.482592,false,0.000000,execution_costs_v1.0,0.000000,0.000000,,,,
2024-09-12,IMXI,BBG00G6D5NH5,0,false,17.890000,18.150000,2.375629,1.453326,false,0.000000,execution_costs_v1.0,0.000000,0.000000,,,,
2024-09-12,INBX,BBG01MS5QB96,0,false,14.960000,15.020000,2.606952,0.401070,false,0.000000,execution_costs_v1.0,0.000000,0.000000,,,,
2024-09-12,INCY,BBG001S8Q6N2,0,false,62.940000,63.390000,0.818240,0.714967,false,0.000000,execution_costs_v1.0,0.000000,0.000000,,,,
2024-09-12,INDB,BBG001S5S8F1,0,false,59.260000,59.110000,0.658117,-0.253122,false,0.000000,execution_costs_v1.0,0.000000,0.000000,,,,
2024-09-12,INDI,BBG00Z3XTNY7,4,false,3.440000,3.610000,6.540698,4.941860,false,0.000000,execution_costs_v1.0,0.000000,0.000000,,,,
2024-09-12,INDV,0001625297,1,false,9.650000,9.630000,0.414508,-0.207254,false,0.000000,execution_costs_v1.0,0.000000,0.000000,,,,
2024-09-12,INFA,BBG012THM4K0,2,false,25.570000,25.570000,0.899492,0.000000,false,0.000000,execution_costs_v1.0,0.000000,0.000000,,,,
2024-09-12,INFN,BBG001SSYWD3,0,false,6.430000,6.465000,2.177294,0.544323,false,0.000000,execution_costs_v1.0,0.000000,0.000000,,,,
2024-09-12,INGR,BBG001SBH4X9,0,false,134.490000,134.800000,0.461001,0.230500,false,0.000000,execution_costs_v1.0,0.000000,0.000000,,,,
2024-09-12,INMD,0001742692,0,false,17.000000,16.740000,0.705882,-1.529412,false,0.000000,execution_costs_v1.0,0.000000,0.000000,,,,
2024-09-12,INN,BBG001TB84G7,0,false,6.420000,6.435000,0.467290,0.233645,false,0.000000,execution_costs_v1.0,0.000000,0.000000,,,,
2024-09-12,INNV,BBG00Z6F87V4,0,false,5.820000,5.970000,4.810997,2.577320,false,0.000000,execution_costs_v1.0,0.000000,0.000000,,,,
2024-09-12,INOD,BBG001S7DVN3,4,false,15.520000,15.470000,3.591495,-0.322165,false,0.000000,execution_costs_v1.0,0.000000,0.000000,,,,
2024-09-12,INSM,BBG001S9SKW7,0,false,72.730000,73.910000,3.024887,1.622439,false,0.000000,execution_costs_v1.0,0.000000,0.000000,,,,
2024-09-12,INSP,BBG00209SZK5,0,false,203.080000,203.520000,2.846169,0.216663,false,0.000000,execution_costs_v1.0,0.000000,0.000000,,,,
2024-09-12,INST,BBG011MGVC50,0,false,23.540000,23.510000,0.127443,-0.127443,false,0.000000,execution_costs_v1.0,0.000000,0.000000,,,,
2024-09-12,INSW,0001679049,10,true,48.650000,49.140000,3.227133,1.007194,false,0.000000,execution_costs_v1.0,0.000000,0.000000,,,,
2024-09-12,INTA,BBG002ZHMJ58,1,false,44.540000,44.090000,0.269421,-1.010328,false,0.000000,execution_costs_v1.0,0.000000,0.000000,,,,
2024-09-12,INTR,0001864163,0,false,7.060000,7.030000,0.566572,-0.424929,false,0.000000,execution_costs_v1.0,0.000000,0.000000,,,,
2024-09-12,INVA,BBG001SF23V0,1,false,19.410000,19.610000,1.494075,1.030397,false,0.000000,execution_costs_v1.0,0.000000,0.000000,,,,
2024-09-12,INZY,BBG00J7QJMD0,3,false,5.340000,5.630000,7.865169,5.430712,false,0.000000,execution_costs_v1.0,0.000000,0.000000,,,,
2024-09-12,IONQ,BBG00XZP0LC3,35,true,7.210000,7.379000,3.051318,2.343967,false,0.000000,execution_costs_v1.0,0.000000,0.000000,,,,
2024-09-12,IONS,BBG001SB7RD1,0,false,42.350000,41.060000,0.708383,-3.046045,false,0.000000,execution_costs_v1.0,0.000000,0.000000,,,,
2024-09-12,IOSP,BBG001S8RTD2,0,false,107.280000,106.580000,0.000000,-0.652498,false,0.000000,execution_costs_v1.0,0.000000,0.000000,,,,
2024-09-12,IOVA,BBG001T2PM32,0,false,9.310000,9.460000,3.114930,1.611171,false,0.000000,execution_costs_v1.0,0.000000,0.000000,,,,
2024-09-12,IPAR,BBG001SD06N9,0,false,116.040000,115.850000,0.180972,-0.163737,false,0.000000,execution_costs_v1.0,0.000000,0.000000,,,,
2024-09-12,IPG,BBG001S6RLK5,0,false,29.650000,30.555000,3.237774,3.052277,false,0.000000,execution_costs_v1.0,0.000000,0.000000,,,,
2024-09-12,IPGP,BBG001SG95B8,0,false,63.150000,64.770000,2.834521,2.565321,false,0.000000,execution_costs_v1.0,0.000000,0.000000,,,,
2024-09-12,IPI,BBG001T0ZCR1,0,false,23.200000,23.440000,1.465086,1.034483,false,0.000000,execution_costs_v1.0,0.000000,0.000000,,,,
2024-09-12,IRDM,BBG001T21JT7,0,false,26.980000,26.240000,0.111193,-2.742772,false,0.000000,execution_costs_v1.0,0.000000,0.000000,,,,
2024-09-12,IREN,0001878848,25,true,7.500000,7.385000,2.133333,-1.533333,false,0.000000,execution_costs_v1.0,0.000000,0.000000,,,,
2024-09-12,IRMD,BBG006NM92Y1,0,false,47.100000,47.852000,1.932059,1.596603,false,0.000000,execution_costs_v1.0,0.000000,0.000000,,,,
2024-09-12,IRON,BBG00W9MJL04,0,false,48.620000,48.150000,1.398601,-0.966680,false,0.000000,execution_costs_v1.0,0.000000,0.000000,,,,
2024-09-12,IRT,BBG004Q00LJ5,0,false,20.470000,20.610000,0.781632,0.683928,false,0.000000,execution_costs_v1.0,0.000000,0.000000,,,,
2024-09-12,IRTC,BBG001TSQV70,0,false,75.300000,74.760000,1.009296,-0.717131,false,0.000000,execution_costs_v1.0,0.000000,0.000000,,,,
2024-09-12,IRWD,BBG001SNZLM7,0,false,4.360000,4.540000,4.243119,4.128440,false,0.000000,execution_costs_v1.0,0.000000,0.000000,,,,
2024-09-12,ISPR,BBG01DR6S4R9,2,false,7.330000,7.300000,0.954980,-0.409277,false,0.000000,execution_costs_v1.0,0.000000,0.000000,,,,
2024-09-12,ITCI,BBG0026ZFZD3,0,false,74.550000,75.240000,1.743796,0.925553,false,0.000000,execution_costs_v1.0,0.000000,0.000000,,,,
2024-09-12,ITGR,BBG001SFBS27,0,false,124.660000,126.330000,2.206000,1.339644,false,0.000000,execution_costs_v1.0,0.000000,0.000000,,,,
2024-09-12,ITI,BBG001S7JWV6,0,false,7.100000,7.105000,0.281690,0.070423,false,0.000000,execution_costs_v1.0,0.000000,0.000000,,,,
2024-09-12,ITIC,BBG001S5SDL3,0,false,221.740000,224.440000,1.447641,1.217642,false,0.000000,execution_costs_v1.0,0.000000,0.000000,,,,
2024-09-12,ITOS,BBG00VPNFT94,0,false,16.000000,16.890000,10.187500,5.562500,false,0.000000,execution_costs_v1.0,0.000000,0.000000,,,,
2024-09-12,ITRI,BBG001S6DJQ9,0,false,99.710000,99.420000,0.500953,-0.290843,false,0.000000,execution_costs_v1.0,0.000000,0.000000,,,,
2024-09-12,ITRN,0001337117,0,false,27.060000,27.140000,0.997783,0.295639,false,0.000000,execution_costs_v1.0,0.000000,0.000000,,,,
2024-09-12,ITT,BBG00CVQZQB3,0,false,132.270000,133.570000,1.247448,0.982838,false,0.000000,execution_costs_v1.0,0.000000,0.000000,,,,
2024-09-12,IVR,BBG001T2XPD5,1,false,8.710000,8.760000,0.872560,0.574053,false,0.000000,execution_costs_v1.0,0.000000,0.000000,,,,
2024-09-12,IVT,BBG001SCGX73,0,false,29.370000,29.590000,0.783112,0.749064,false,0.000000,execution_costs_v1.0,0.000000,0.000000,,,,
2024-09-12,IVZ,0000914208,1,false,15.720000,15.870000,1.494911,0.954198,false,0.000000,execution_costs_v1.0,0.000000,0.000000,,,,
2024-09-12,JACK,BBG001SDBB01,0,false,43.280000,42.860000,2.079482,-0.970425,false,0.000000,execution_costs_v1.0,0.000000,0.000000,,,,
2024-09-12,JAMF,BBG00VSYYVC7,0,false,17.600000,17.650000,1.079545,0.284091,false,0.000000,execution_costs_v1.0,0.000000,0.000000,,,,
2024-09-12,JANX,BBG00ZHSKH39,0,false,43.820000,46.420000,11.478777,5.933364,false,0.000000,execution_costs_v1.0,0.000000,0.000000,,,,
2024-09-12,JAZZ,0001232524,0,false,105.170000,106.470000,2.415137,1.236094,false,0.000000,execution_costs_v1.0,0.000000,0.000000,,,,
2024-09-12,JBGS,BBG00F5FNKK5,0,false,17.630000,17.740000,0.850822,0.623936,false,0.000000,execution_costs_v1.0,0.000000,0.000000,,,,
2024-09-12,JBI,BBG0100SH2D9,0,false,9.790000,9.715000,0.817160,-0.766088,false,0.000000,execution_costs_v1.0,0.000000,0.000000,,,,
2024-09-12,JBL,BBG001S7RB70,0,false,103.460000,103.800000,1.401508,0.328629,false,0.000000,execution_costs_v1.0,0.000000,0.000000,,,,
2024-09-12,JBLU,BBG001S9YPC1,16,true,5.780000,5.935000,3.287197,2.681661,false,0.000000,execution_costs_v1.0,0.000000,0.000000,,,,
2024-09-12,JBSS,BBG001S6WMC6,0,false,91.290000,91.700000,1.051594,0.449118,false,0.000000,execution_costs_v1.0,0.000000,0.000000,,,,
2024-09-12,JBT,BBG001SQLKR2,0,false,86.100000,87.290000,1.382114,1.382114,false,0.000000,execution_costs_v1.0,0.000000,0.000000,,,,
2024-09-12,JEF,BBG001S5SX02,0,false,56.460000,57.560000,2.019129,1.948282,false,0.000000,execution_costs_v1.0,0.000000,0.000000,,,,
2024-09-12,JELD,BBG001TG2G57,0,false,13.740000,13.990000,3.275109,1.819505,false,0.000000,execution_costs_v1.0,0.000000,0.000000,,,,
2024-09-12,JHG,0001274173,0,false,35.260000,35.800000,1.928531,1.531480,false,0.000000,execution_costs_v1.0,0.000000,0.000000,,,,
2024-09-12,JJSF,BBG001S5SH98,0,false,162.230000,163.620000,1.023239,0.856808,false,0.000000,execution_costs_v1.0,0.000000,0.000000,,,,
2024-09-12,JKHY,BBG001S5SHB5,0,false,174.410000,175.570000,0.908778,0.665099,false,0.000000,execution_costs_v1.0,0.000000,0.000000,,,,
2024-09-12,JLL,BBG001SCLGS1,0,false,255.000000,250.910000,0.694118,-1.603922,false,0.000000,execution_costs_v1.0,0.000000,0.000000,,,,
2024-09-12,JNPR,BBG001SCTT05,0,false,38.550000,38.540000,0.129702,-0.025940,false,0.000000,execution_costs_v1.0,0.000000,0.000000,,,,
2024-09-12,JOBY,0001819848,20,true,5.280000,5.350000,2.083333,1.325758,false,0.000000,execution_costs_v1.0,0.000000,0.000000,,,,
2024-09-12,JOE,BBG001S7K9Y2,0,false,58.040000,57.740000,0.516885,-0.516885,false,0.000000,execution_costs_v1.0,0.000000,0.000000,,,,
2024-09-12,JOUT,BBG001SD39D1,0,false,35.460000,35.390000,0.719120,-0.197406,false,0.000000,execution_costs_v1.0,0.000000,0.000000,,,,
2024-09-12,JSPR,BBG00QPZNPB4,0,false,20.800000,21.290000,5.000000,2.355769,false,0.000000,execution_costs_v1.0,0.000000,0.000000,,,,
2024-09-12,JWN,BBG001S7BDN5,3,false,22.020000,22.510000,2.270663,2.225250,false,0.000000,execution_costs_v1.0,0.000000,0.000000,,,,
2024-09-12,JXN,BBG00922Y611,0,false,80.180000,82.290000,2.656523,2.631579,false,0.000000,execution_costs_v1.0,0.000000,0.000000,,,,
2024-09-12,KAI,BBG001S8PRM8,0,false,311.970000,314.080000,0.839824,0.676347,false,0.000000,execution_costs_v1.0,0.000000,0.000000,,,,
2024-09-12,KALU,BBG001SR3GT7,0,false,69.220000,68.985000,0.375614,-0.339497,false,0.000000,execution_costs_v1.0,0.000000,0.000000,,,,
2024-09-12,KALV,BBG0026ZG5C9,0,false,10.730000,10.445000,1.491146,-2.656104,false,0.000000,execution_costs_v1.0,0.000000,0.000000,,,,
2024-09-12,KAR,BBG001T5L4B0,0,false,15.880000,16.200000,2.676322,2.015113,false,0.000000,execution_costs_v1.0,0.000000,0.000000,,,,
2024-09-12,KARO,0001828102,0,false,37.550000,37.960000,1.331292,1.091877,false,0.000000,execution_costs_v1.0,0.000000,0.000000,,,,
2024-09-12,KBH,BBG001S5SJV9,0,false,80.250000,82.140000,3.127726,2.355140,false,0.000000,execution_costs_v1.0,0.000000,0.000000,,,,
2024-09-12,KBR,BBG001SP11V3,0,false,61.100000,61.620000,1.276596,0.851064,false,0.000000,execution_costs_v1.0,0.000000,0.000000,,,,
2024-09-12,KD,BBG012W99DS1,0,false,22.760000,22.890000,1.010545,0.571178,false,0.000000,execution_costs_v1.0,0.000000,0.000000,,,,
2024-09-12,KE,BBG001TCYZ77,0,false,17.390000,17.370000,1.955147,-0.115009,false,0.000000,execution_costs_v1.0,0.000000,0.000000,,,,
2024-09-12,KELYA,BBG001S5SKH2,0,false,21.010000,20.680000,0.261780,-1.570681,false,0.000000,execution_costs_v1.0,0.000000,0.000000,,,,
2024-09-12,KEN,0001611005,0,false,25.410000,25.630000,1.849665,0.865801,false,0.000000,execution_costs_v1.0,0.000000,0.000000,,,,
2024-09-12,KEX,BBG001S5SKT9,0,false,115.070000,116.440000,1.807595,1.190580,false,0.000000,execution_costs_v1.0,0.000000,0.000000,,,,
2024-09-12,KEY,BBG001S5SKV6,0,false,15.980000,16.110000,1.439299,0.813517,false,0.000000,execution_costs_v1.0,0.000000,0.000000,,,,
2024-09-12,KFRC,BBG001SCQRF6,0,false,62.510000,61.910000,0.031995,-0.959846,false,0.000000,execution_costs_v1.0,0.000000,0.000000,,,,
2024-09-12,KFY,BBG001SC0054,0,false,69.870000,69.280000,0.758552,-0.844425,false,0.000000,execution_costs_v1.0,0.000000,0.000000,,,,
2024-09-12,KGC,BBG001S5R0C2,14,true,9.310000,9.775000,5.639098,4.994629,false,0.000000,execution_costs_v1.0,0.000000,0.000000,,,,
2024-09-12,KGS,BBG01G4G6YQ4,0,false,26.170000,26.250000,1.222774,0.305694,false,0.000000,execution_costs_v1.0,0.000000,0.000000,,,,
2024-09-12,KIDS,BBG00HFFRW48,0,false,31.360000,31.600000,3.188776,0.765306,false,0.000000,execution_costs_v1.0,0.000000,0.000000,,,,
2024-09-12,KIND,BBG00Z8MSWS4,0,false,2.290000,2.335000,3.056769,1.965066,false,0.000000,execution_costs_v1.0,0.000000,0.000000,,,,
2024-09-12,KLG,BBG018CYVVX4,0,false,18.280000,18.590000,2.297593,1.695842,false,0.000000,execution_costs_v1.0,0.000000,0.000000,,,,
2024-09-12,KLIC,BBG001S5SLP1,0,false,39.560000,39.330000,0.783620,-0.581395,false,0.000000,execution_costs_v1.0,0.000000,0.000000,,,,
2024-09-12,KMDA,0001567529,0,false,5.300000,5.410000,5.433962,2.075472,false,0.000000,execution_costs_v1.0,0.000000,0.000000,,,,
2024-09-12,KMPR,BBG001SD3BG3,0,false,59.470000,59.430000,0.992097,-0.067261,false,0.000000,execution_costs_v1.0,0.000000,0.000000,,,,
2024-09-12,KMT,BBG001S5SM97,0,false,24.790000,24.890000,0.443727,0.403388,false,0.000000,execution_costs_v1.0,0.000000,0.000000,,,,
2024-09-12,KMX,BBG001SD9561,0,false,75.440000,76.300000,1.948568,1.139979,false,0.000000,execution_costs_v1.0,0.000000,0.000000,,,,
2024-09-12,KN,BBG004M8M6K9,0,false,16.910000,16.865000,0.502661,-0.266115,false,0.000000,execution_costs_v1.0,0.000000,0.000000,,,,
2024-09-12,KNF,BBG002N3N2W8,0,false,79.260000,81.980000,3.848095,3.431744,false,0.000000,execution_costs_v1.0,0.000000,0.000000,,,,
2024-09-12,KNSA,0001730430,0,false,24.370000,24.520000,2.010669,0.615511,false,0.000000,execution_costs_v1.0,0.000000,0.000000,,,,
2024-09-12,KNSL,BBG00D8JDB02,0,false,455.720000,457.210000,0.590275,0.326955,false,0.000000,execution_costs_v1.0,0.000000,0.000000,,,,
2024-09-12,KNTK,BBG00GCLZ7C7,0,false,43.690000,43.530000,0.640879,-0.366217,false,0.000000,execution_costs_v1.0,0.000000,0.000000,,,,
2024-09-12,KNX,BBG001T9BTS0,0,false,50.380000,51.960000,3.275109,3.136165,false,0.000000,execution_costs_v1.0,0.000000,0.000000,,,,
2024-09-12,KODK,BBG0057GTGB6,0,false,4.770000,4.855000,2.620545,1.781971,false,0.000000,execution_costs_v1.0,0.000000,0.000000,,,,
2024-09-12,KOP,BBG001SMPFZ9,0,false,36.150000,36.660000,2.000000,1.410788,false,0.000000,execution_costs_v1.0,0.000000,0.000000,,,,
2024-09-12,KOS,BBG001SJV7R6,1,false,3.930000,3.930000,2.162850,0.000000,false,0.000000,execution_costs_v1.0,0.000000,0.000000,,,,
2024-09-12,KRC,BBG001S9BHB5,0,false,34.850000,35.180000,2.137733,0.946915,false,0.000000,execution_costs_v1.0,0.000000,0.000000,,,,
2024-09-12,KREF,BBG00GD4KVR1,0,false,12.020000,12.190000,1.497504,1.414309,false,0.000000,execution_costs_v1.0,0.000000,0.000000,,,,
2024-09-12,KRG,BBG001S64LR3,1,false,26.070000,26.440000,1.457614,1.419256,false,0.000000,execution_costs_v1.0,0.000000,0.000000,,,,
2024-09-12,KRNT,0001625791,0,false,22.390000,22.890000,3.394372,2.233140,false,0.000000,execution_costs_v1.0,0.000000,0.000000,,,,
2024-09-12,KRNY,BBG008N1HXQ5,0,false,6.440000,6.380000,0.465839,-0.931677,false,0.000000,execution_costs_v1.0,0.000000,0.000000,,,,
2024-09-12,KRO,BBG001SDWTD5,0,false,10.720000,10.640000,0.559701,-0.746269,false,0.000000,execution_costs_v1.0,0.000000,0.000000,,,,
2024-09-12,KROS,BBG00H1HP9H8,0,false,54.500000,56.360000,3.633028,3.412844,false,0.000000,execution_costs_v1.0,0.000000,0.000000,,,,
2024-09-12,KRP,BBG00FQH6N85,0,false,15.210000,15.420000,1.446417,1.380671,false,0.000000,execution_costs_v1.0,0.000000,0.000000,,,,
2024-09-12,KRRO,BBG00GFMTC47,0,false,41.310000,40.300000,1.670298,-2.444929,false,0.000000,execution_costs_v1.0,0.000000,0.000000,,,,
2024-09-12,KRT,BBG00Q9MSFD6,0,false,24.640000,24.790000,0.872565,0.608766,false,0.000000,execution_costs_v1.0,0.000000,0.000000,,,,
2024-09-12,KRUS,BBG00PNFJ530,0,false,70.990000,76.930000,9.325257,8.367376,false,0.000000,execution_costs_v1.0,0.000000,0.000000,,,,
2024-09-12,KRYS,BBG00HDGRHJ5,0,false,199.820000,195.620000,1.296167,-2.101892,false,0.000000,execution_costs_v1.0,0.000000,0.000000,,,,
2024-09-12,KSS,BBG001S71NV5,20,true,18.890000,19.460000,3.335098,3.017470,false,0.000000,execution_costs_v1.0,0.000000,0.000000,,,,
2024-09-12,KTB,BBG00LPTHYM5,0,false,72.100000,72.810000,1.345354,0.984743,false,0.000000,execution_costs_v1.0,0.000000,0.000000,,,,
2024-09-12,KTOS,BBG001SD5VL1,1,false,21.530000,21.990000,2.404087,2.136554,false,0.000000,execution_costs_v1.0,0.000000,0.000000,,,,
2024-09-12,KURA,BBG008974351,0,false,19.940000,19.890000,1.103310,-0.250752,false,0.000000,execution_costs_v1.0,0.000000,0.000000,,,,
2024-09-12,KVYO,BBG009WR3FM4,4,false,31.500000,31.470000,1.492063,-0.095238,false,0.000000,execution_costs_v1.0,0.000000,0.000000,,,,
2024-09-12,KW,BBG001SM6C41,0,false,10.900000,10.860000,0.091743,-0.366972,false,0.000000,execution_costs_v1.0,0.000000,0.000000,,,,
2024-09-12,KWR,BBG001S969X5,0,false,161.350000,161.170000,0.136350,-0.111559,false,0.000000,execution_costs_v1.0,0.000000,0.000000,,,,
2024-09-12,KYMR,BBG00SDHC8F9,0,false,44.700000,44.660000,2.964206,-0.089485,false,0.000000,execution_costs_v1.0,0.000000,0.000000,,,,
2024-09-12,KYTX,BBG00RCYMHS0,0,false,7.000000,6.980000,1.214286,-0.285714,false,0.000000,execution_costs_v1.0,0.000000,0.000000,,,,
2024-09-12,LAAC,BBG01JLDJ7S9,6,false,2.510000,2.590000,6.374502,3.187251,false,0.000000,execution_costs_v1.0,0.000000,0.000000,,,,
2024-09-12,LAB,BBG001T0FDP3,0,false,2.020000,2.020000,1.485149,0.000000,false,0.000000,execution_costs_v1.0,0.000000,0.000000,,,,
2024-09-12,LAC,BBG01JLDH8P2,20,true,2.360000,2.470000,6.567797,4.661017,false,0.000000,execution_costs_v1.0,0.000000,0.000000,,,,
2024-09-12,LAD,BBG001SC88P7,0,false,264.900000,270.100000,2.827482,1.963005,false,0.000000,execution_costs_v1.0,0.000000,0.000000,,,,
2024-09-12,LADR,BBG005RVGZ50,0,false,11.920000,12.060000,1.174497,1.174497,false,0.000000,execution_costs_v1.0,0.000000,0.000000,,,,
2024-09-12,LAMR,BBG001S8KJC2,0,false,124.690000,127.480000,2.510225,2.237549,false,0.000000,execution_costs_v1.0,0.000000,0.000000,,,,
2024-09-12,LANC,BBG001S5SPQ1,0,false,175.190000,177.770000,1.472687,1.472687,false,0.000000,execution_costs_v1.0,0.000000,0.000000,,,,
2024-09-12,LAND,BBG001TB7TR1,0,false,13.800000,14.460000,4.855072,4.782609,false,0.000000,execution_costs_v1.0,0.000000,0.000000,,,,
2024-09-12,LASR,BBG0020BCPY4,0,false,10.730000,10.660000,0.139795,-0.652377,false,0.000000,execution_costs_v1.0,0.000000,0.000000,,,,
2024-09-12,LAUR,BBG00B4Z2YY9,0,false,14.820000,15.260000,3.002699,2.968961,false,0.000000,execution_costs_v1.0,0.000000,0.000000,,,,
2024-09-12,LAW,BBG0066FZJP9,0,false,5.450000,5.570000,2.568807,2.201835,false,0.000000,execution_costs_v1.0,0.000000,0.000000,,,,
2024-09-12,LAZ,BBG001S711C4,1,false,45.090000,46.120000,2.284320,2.284320,false,0.000000,execution_costs_v1.0,0.000000,0.000000,,,,
2024-09-12,LAZR,BBG00MS90LM0,17,true,0.769500,0.786200,5.172190,2.170240,false,0.000000,execution_costs_v1.0,0.000000,0.000000,,,,
2024-09-12,LBPH,BBG00Y0BJ9Q2,0,false,33.460000,33.270000,3.108189,-0.567842,false,0.000000,execution_costs_v1.0,0.000000,0.000000,,,,
2024-09-12,LBRDK,BBG006GNSZX4,0,false,59.610000,61.150000,2.818319,2.583459,false,0.000000,execution_costs_v1.0,0.000000,0.000000,,,,
2024-09-12,LBRT,BBG00GK831C5,1,false,18.960000,19.130000,2.848101,0.896624,false,0.000000,execution_costs_v1.0,0.000000,0.000000,,,,
2024-09-12,LBTYA,0001570585,0,false,19.500000,19.710000,1.512821,1.076923,false,0.000000,execution_costs_v1.0,0.000000,0.000000,,,,
2024-09-12,LC,BBG001YKDNH2,0,false,10.480000,10.740000,4.293893,2.480916,false,0.000000,execution_costs_v1.0,0.000000,0.000000,,,,
2024-09-12,LCID,BBG00W7F99W4,51,true,3.890000,3.910000,3.598972,0.514139,false,0.000000,execution_costs_v1.0,0.000000,0.000000,,,,
2024-09-12,LCII,BBG001S8G4D9,0,false,111.920000,113.340000,1.786991,1.268763,false,0.000000,execution_costs_v1.0,0.000000,0.000000,,,,
2024-09-12,LDI,BBG00B5Z6KL8,0,false,2.360000,2.270000,0.423729,-3.813559,false,0.000000,execution_costs_v1.0,0.000000,0.000000,,,,
2024-09-12,LE,BBG005P337F9,1,false,13.930000,14.125000,3.050969,1.399856,false,0.000000,execution_costs_v1.0,0.000000,0.000000,,,,
2024-09-12,LEA,BBG001T60092,3,false,103.600000,104.090000,1.467181,0.472973,false,0.000000,execution_costs_v1.0,0.000000,0.000000,,,,
2024-09-12,LECO,BBG001S5TV87,0,false,177.140000,176.440000,0.474201,-0.395168,false,0.000000,execution_costs_v1.0,0.000000,0.000000,,,,
2024-09-12,LEG,BBG001S5SRG8,0,false,11.620000,11.950000,4.001721,2.839931,false,0.000000,execution_costs_v1.0,0.000000,0.000000,,,,
2024-09-12,LEGH,BBG00MJDR6K7,0,false,26.830000,27.060000,1.043608,0.857249,false,0.000000,execution_costs_v1.0,0.000000,0.000000,,,,
2024-09-12,LENZ,BBG00XDH4P05,0,false,20.690000,20.610000,0.797487,-0.386660,false,0.000000,execution_costs_v1.0,0.000000,0.000000,,,,
2024-09-12,LESL,BBG00XS6TVN8,0,false,2.800000,2.960000,9.107143,5.714286,false,0.000000,execution_costs_v1.0,0.000000,0.000000,,,,
2024-09-12,LEU,BBG001S9F7B3,0,false,40.000000,39.400000,0.375000,-1.500000,false,0.000000,execution_costs_v1.0,0.000000,0.000000,,,,
2024-09-12,LEVI,BBG001S9NVN8,0,false,19.310000,19.230000,0.362506,-0.414293,false,0.000000,execution_costs_v1.0,0.000000,0.000000,,,,
2024-09-12,LFST,BBG01138DHT2,0,false,6.750000,6.895000,2.962963,2.148148,false,0.000000,execution_costs_v1.0,0.000000,0.000000,,,,
2024-09-12,LFUS,BBG001S744B6,1,false,246.750000,244.400000,0.324215,-0.952381,false,0.000000,execution_costs_v1.0,0.000000,0.000000,,,,
2024-09-12,LGF.A,BBG001SC6N58,0,false,7.660000,7.620000,1.436031,-0.522193,false,0.000000,execution_costs_v1.0,0.000000,0.000000,,,,
2024-09-12,LGIH,BBG0056655T0,0,false,104.800000,107.080000,3.339695,2.175573,false,0.000000,execution_costs_v1.0,0.000000,0.000000,,,,
2024-09-12,LGND,BBG001S8CH99,0,false,103.160000,101.980000,0.920900,-1.143854,false,0.000000,execution_costs_v1.0,0.000000,0.000000,,,,
2024-09-12,LILAK,0001712184,0,false,9.220000,9.380000,1.735358,1.735358,false,0.000000,execution_costs_v1.0,0.000000,0.000000,,,,
2024-09-12,LILM,0001855756,13,true,0.750600,0.774600,4.183320,3.197442,false,0.000000,execution_costs_v1.0,0.000000,0.000000,,,,
2024-09-12,LINC,BBG001SH9DM7,0,false,11.990000,12.077000,1.251043,0.725605,false,0.000000,execution_costs_v1.0,0.000000,0.000000,,,,
2024-09-12,LIND,BBG004MDWKT7,0,false,9.280000,9.600000,4.795259,3.448276,false,0.000000,execution_costs_v1.0,0.000000,0.000000,,,,
2024-09-12,LION,BBG01MVGXTV6,0,false,6.950000,6.810000,2.589928,-2.014388,false,0.000000,execution_costs_v1.0,0.000000,0.000000,,,,
2024-09-12,LITE,BBG0073F9RS8,1,false,54.140000,54.280000,1.902475,0.258589,false,0.000000,execution_costs_v1.0,0.000000,0.000000,,,,
2024-09-12,LIVN,0001639691,0,false,47.520000,48.740000,3.219697,2.567340,false,0.000000,execution_costs_v1.0,0.000000,0.000000,,,,
2024-09-12,LKFN,BBG001S7RTC5,0,false,63.880000,63.960000,2.191609,0.125235,false,0.000000,execution_costs_v1.0,0.000000,0.000000,,,,
2024-09-12,LKQ,BBG001SCCPJ1,0,false,38.990000,39.700000,1.897923,1.820980,false,0.000000,execution_costs_v1.0,0.000000,0.000000,,,,
2024-09-12,LLYVK,BBG01HMFLVL8,0,false,39.920000,40.030000,1.377756,0.275551,false,0.000000,execution_costs_v1.0,0.000000,0.000000,,,,
2024-09-12,LMAT,BBG001SK6CX3,0,false,87.290000,87.970000,1.025318,0.779012,false,0.000000,execution_costs_v1.0,0.000000,0.000000,,,,
2024-09-12,LMB,BBG006G0NGD3,1,false,69.000000,71.060000,6.333333,2.985507,false,0.000000,execution_costs_v1.0,0.000000,0.000000,,,,
2024-09-12,LMND,BBG00BM5YC14,4,false,17.350000,18.010000,4.841499,3.804035,false,0.000000,execution_costs_v1.0,0.000000,0.000000,,,,
2024-09-12,LMNR,BBG001S775Q4,0,false,24.580000,25.382000,4.353133,3.262815,false,0.000000,execution_costs_v1.0,0.000000,0.000000,,,,
2024-09-12,LNC,BBG001S5STV7,0,false,28.870000,29.310000,1.593349,1.524073,false,0.000000,execution_costs_v1.0,0.000000,0.000000,,,,
2024-09-12,LNN,BBG001SB90F6,0,false,115.450000,116.560000,1.307926,0.961455,false,0.000000,execution_costs_v1.0,0.000000,0.000000,,,,
2024-09-12,LNTH,BBG006Q52RF8,0,false,102.300000,104.020000,2.932551,1.681329,false,0.000000,execution_costs_v1.0,0.000000,0.000000,,,,
2024-09-12,LNW,BBG00JR5MM40,0,false,111.490000,110.470000,0.053816,-0.914880,false,0.000000,execution_costs_v1.0,0.000000,0.000000,,,,
2024-09-12,LOB,BBG001T4RVG2,0,false,42.090000,43.210000,3.397482,2.660965,false,0.000000,execution_costs_v1.0,0.000000,0.000000,,,,
2024-09-12,LOCO,BBG001SQ0C48,0,false,13.250000,13.231000,1.433962,-0.143396,false,0.000000,execution_costs_v1.0,0.000000,0.000000,,,,
2024-09-12,LOGI,0001032975,6,false,84.030000,84.940000,1.094847,1.082947,false,0.000000,execution_costs_v1.0,0.000000,0.000000,,,,
2024-09-12,LOPE,BBG001T01JZ4,0,false,139.010000,141.110000,1.827207,1.510683,false,0.000000,execution_costs_v1.0,0.000000,0.000000,,,,
2024-09-12,LOVE,BBG001T8S8C7,8,false,22.900000,25.540000,17.030568,11.528384,true,0.000000,execution_costs_v1.0,0.000000,0.000000,,,,
2024-09-12,LPA,0001997711,3,false,9.850000,10.260000,6.216244,4.162437,false,0.000000,execution_costs_v1.0,0.000000,0.000000,,,,
2024-09-12,LPG,0001596993,0,false,34.530000,34.630000,1.766580,0.289603,false,0.000000,execution_costs_v1.0,0.000000,0.000000,,,,
2024-09-12,LPRO,BBG00VDHLTH4,0,false,5.480000,5.485000,1.277372,0.091241,false,0.000000,execution_costs_v1.0,0.000000,0.000000,,,,
2024-09-12,LPX,BBG001S5SW04,0,false,93.460000,94.760000,1.487267,1.390969,false,0.000000,execution_costs_v1.0,0.000000,0.000000,,,,
2024-09-12,LQDA,BBG001V0GFD7,1,false,10.120000,9.720000,1.828063,-3.952569,false,0.000000,execution_costs_v1.0,0.000000,0.000000,,,,
2024-09-12,LQDT,BBG001SLKD81,0,false,22.000000,22.230000,1.363636,1.045455,false,0.000000,execution_costs_v1.0,0.000000,0.000000,,,,
2024-09-12,LRMR,BBG001V0GD97,0,false,7.580000,7.240000,4.881266,-4.485488,false,0.000000,execution_costs_v1.0,0.000000,0.000000,,,,
2024-09-12,LRN,BBG001SNN4P5,0,false,77.980000,80.830000,4.706335,3.654783,false,0.000000,execution_costs_v1.0,0.000000,0.000000,,,,
2024-09-12,LSAK,BBG001SB4HP3,2,false,4.850000,4.790000,1.030928,-1.237113,false,0.000000,execution_costs_v1.0,0.000000,0.000000,,,,
2024-09-12,LSCC,BBG001S6C0G2,1,false,44.450000,43.450000,0.123735,-2.249719,false,0.000000,execution_costs_v1.0,0.000000,0.000000,,,,
2024-09-12,LSEA,BBG00L99PSG8,0,false,11.640000,11.780000,2.147766,1.202749,false,0.000000,execution_costs_v1.0,0.000000,0.000000,,,,
2024-09-12,LSPD,BBG00B0JR9Q6,0,false,12.640000,12.610000,0.791139,-0.237342,false,0.000000,execution_costs_v1.0,0.000000,0.000000,,,,
2024-09-12,LSTR,BBG001S5RWM1,0,false,180.490000,182.240000,1.008366,0.969583,false,0.000000,execution_costs_v1.0,0.000000,0.000000,,,,
2024-09-12,LTC,BBG001S73DC6,1,false,37.150000,37.410000,0.726783,0.699865,false,0.000000,execution_costs_v1.0,0.000000,0.000000,,,,
2024-09-12,LTH,BBG012J3H0X2,1,false,24.000000,24.840000,3.541667,3.500000,false,0.000000,execution_costs_v1.0,0.000000,0.000000,,,,
2024-09-12,LUMN,BBG001S5Q8G2,9,false,5.440000,5.995000,11.029412,10.202206,false,0.000000,execution_costs_v1.0,0.000000,0.000000,,,,
2024-09-12,LVRO,0001945711,0,false,4.736600,4.740000,0.071781,0.071781,false,0.000000,execution_costs_v1.0,0.000000,0.000000,,,,
2024-09-12,LVWR,BBG019STC653,0,false,6.150000,6.780000,10.243902,10.243902,false,0.000000,execution_costs_v1.0,0.000000,0.000000,,,,
2024-09-12,LW,BBG003CVMLR1,0,false,62.920000,63.890000,2.002543,1.541640,false,0.000000,execution_costs_v1.0,0.000000,0.000000,,,,
2024-09-12,LWAY,BBG001S5SXN7,0,false,21.400000,20.890000,1.074766,-2.383178,false,0.000000,execution_costs_v1.0,0.000000,0.000000,,,,
2024-09-12,LWLG,BBG001SBG0P7,0,false,2.630000,2.640000,1.520913,0.380228,false,0.000000,execution_costs_v1.0,0.000000,0.000000,,,,
2024-09-12,LXEO,BBG00YB1C8N4,0,false,10.200000,9.890000,1.960784,-3.039216,false,0.000000,execution_costs_v1.0,0.000000,0.000000,,,,
2024-09-12,LXP,BBG001S7H5W6,0,false,9.960000,9.935000,0.602410,-0.251004,false,0.000000,execution_costs_v1.0,0.000000,0.000000,,,,
2024-09-12,LXRX,BBG001SDWCZ8,0,false,1.700000,1.670000,1.176471,-1.764706,false,0.000000,execution_costs_v1.0,0.000000,0.000000,,,,
2024-09-12,LXU,BBG001S67BF5,0,false,7.100000,7.150000,0.985915,0.704225,false,0.000000,execution_costs_v1.0,0.000000,0.000000,,,,
2024-09-12,LYFT,BBG004M9ZHY4,22,true,11.960000,11.615000,0.919732,-2.884615,false,0.000000,execution_costs_v1.0,0.000000,0.000000,,,,
2024-09-12,LYTS,BBG001S5SXV8,0,false,15.270000,15.520000,2.292076,1.637197,false,0.000000,execution_costs_v1.0,0.000000,0.000000,,,,
2024-09-12,LZ,BBG001TVNN74,0,false,6.470000,6.670000,4.173107,3.091190,false,0.000000,execution_costs_v1.0,0.000000,0.000000,,,,
2024-09-12,LZB,BBG001S5SXX6,0,false,40.050000,40.190000,0.586767,0.349563,false,0.000000,execution_costs_v1.0,0.000000,0.000000,,,,
2024-09-12,LZM,0001958217,0,false,5.970000,6.180000,5.025126,3.517588,false,0.000000,execution_costs_v1.0,0.000000,0.000000,,,,
2024-09-12,M,BBG001S6KRW6,6,false,14.640000,14.670000,0.546448,0.204918,false,0.000000,execution_costs_v1.0,0.000000,0.000000,,,,
2024-09-12,MAC,BBG001S7HGB5,0,false,16.050000,16.210000,2.183801,0.996885,false,0.000000,execution_costs_v1.0,0.000000,0.000000,,,,
2024-09-12,MAG,BBG001S631Z9,4,false,12.880000,13.680000,7.142857,6.211180,false,0.000000,execution_costs_v1.0,0.000000,0.000000,,,,
2024-09-12,MAIN,BBG001SJMVT1,0,false,48.900000,49.480000,1.186094,1.186094,false,0.000000,execution_costs_v1.0,0.000000,0.000000,,,,
2024-09-12,MAN,BBG001S5SYW5,0,false,69.900000,69.730000,0.815451,-0.243205,false,0.000000,execution_costs_v1.0,0.000000,0.000000,,,,
2024-09-12,MANU,0001549107,0,false,15.700000,15.770000,0.764331,0.445860,false,0.000000,execution_costs_v1.0,0.000000,0.000000,,,,
2024-09-12,MARA,BBG001V0L7T2,57,true,15.810000,15.800000,1.518027,-0.063251,false,0.000000,execution_costs_v1.0,0.000000,0.000000,,,,
2024-09-12,MASI,BBG001S71GQ6,0,false,114.300000,113.050000,0.000000,-1.093613,false,0.000000,execution_costs_v1.0,0.000000,0.000000,,,,
2024-09-12,MAT,BBG001S5SZF1,0,false,18.320000,18.530000,1.200873,1.146288,false,0.000000,execution_costs_v1.0,0.000000,0.000000,,,,
2024-09-12,MATV,BBG001S7VRC4,0,false,17.500000,17.870000,2.457143,2.114286,false,0.000000,execution_costs_v1.0,0.000000,0.000000,,,,
2024-09-12,MATW,BBG001S81V81,0,false,23.080000,23.390000,1.928076,1.343154,false,0.000000,execution_costs_v1.0,0.000000,0.000000,,,,
2024-09-12,MATX,BBG001S5NL21,0,false,127.660000,129.150000,1.793827,1.167163,false,0.000000,execution_costs_v1.0,0.000000,0.000000,,,,
2024-09-12,MAX,BBG00XRTJ8D2,0,false,16.940000,17.300000,2.184179,2.125148,false,0.000000,execution_costs_v1.0,0.000000,0.000000,,,,
2024-09-12,MBC,BBG01B9G4424,0,false,15.960000,15.940000,0.501253,-0.125313,false,0.000000,execution_costs_v1.0,0.000000,0.000000,,,,
2024-09-12,MBIN,BBG001STXPM7,0,false,41.500000,42.350000,3.783133,2.048193,false,0.000000,execution_costs_v1.0,0.000000,0.000000,,,,
2024-09-12,MBLY,BBG019X46ZY3,15,true,10.850000,10.560000,0.645161,-2.672811,false,0.000000,execution_costs_v1.0,0.000000,0.000000,,,,
2024-09-12,MBUU,BBG005PXTR61,0,false,37.160000,37.010000,0.000000,-0.403660,false,0.000000,execution_costs_v1.0,0.000000,0.000000,,,,
2024-09-12,MBWM,BBG001S971V3,0,false,43.050000,42.870000,0.325203,-0.418118,false,0.000000,execution_costs_v1.0,0.000000,0.000000,,,,
2024-09-12,MC,BBG001STYX58,0,false,62.600000,64.090000,2.955272,2.380192,false,0.000000,execution_costs_v1.0,0.000000,0.000000,,,,
2024-09-12,MCB,BBG001V0P380,0,false,49.880000,49.390000,0.671612,-0.982358,false,0.000000,execution_costs_v1.0,0.000000,0.000000,,,,
2024-09-12,MCBS,BBG0088BL023,0,false,29.670000,29.630000,0.337041,-0.134816,false,0.000000,execution_costs_v1.0,0.000000,0.000000,,,,
2024-09-12,MCRI,BBG001S7DVP1,0,false,74.840000,74.690000,0.494388,-0.200428,false,0.000000,execution_costs_v1.0,0.000000,0.000000,,,,
2024-09-12,MCS,BBG001S7JNZ2,0,false,14.400000,14.330000,0.833333,-0.486111,false,0.000000,execution_costs_v1.0,0.000000,0.000000,,,,
2024-09-12,MCW,BBG011FS2K56,0,false,6.050000,6.270000,4.049587,3.636364,false,0.000000,execution_costs_v1.0,0.000000,0.000000,,,,
2024-09-12,MCY,BBG001S98VJ0,0,false,57.680000,57.860000,2.167129,0.312067,false,0.000000,execution_costs_v1.0,0.000000,0.000000,,,,
2024-09-12,MD,BBG001S96T25,0,false,10.680000,10.775000,2.247191,0.889513,false,0.000000,execution_costs_v1.0,0.000000,0.000000,,,,
2024-09-12,MDGL,BBG001SNKQ42,0,false,230.200000,234.900000,3.566464,2.041703,false,0.000000,execution_costs_v1.0,0.000000,0.000000,,,,
2024-09-12,MDU,BBG001S5T2W4,2,false,25.110000,25.580000,2.469136,1.871764,false,0.000000,execution_costs_v1.0,0.000000,0.000000,,,,
2024-09-12,MDXG,BBG001STPW96,0,false,6.210000,6.155000,0.966184,-0.885668,false,0.000000,execution_costs_v1.0,0.000000,0.000000,,,,
2024-09-12,MEC,BBG001TFSDY6,0,false,18.940000,18.700000,0.263992,-1.267159,false,0.000000,execution_costs_v1.0,0.000000,0.000000,,,,
2024-09-12,MEDP,BBG0065B7K40,0,false,335.810000,345.490000,2.882582,2.882582,false,0.000000,execution_costs_v1.0,0.000000,0.000000,,,,
2024-09-12,MEG,BBG005Q29V07,0,false,27.360000,28.000000,4.568713,2.339181,false,0.000000,execution_costs_v1.0,0.000000,0.000000,,,,
2024-09-12,MEI,BBG001S5T3T6,0,false,9.800000,10.020000,3.265306,2.244898,false,0.000000,execution_costs_v1.0,0.000000,0.000000,,,,
2024-09-12,MEOH,BBG001S66Y93,1,false,36.700000,37.390000,2.588556,1.880109,false,0.000000,execution_costs_v1.0,0.000000,0.000000,,,,
2024-09-12,MERC,BBG001S6TK43,0,false,6.200000,6.420000,5.483871,3.548387,false,0.000000,execution_costs_v1.0,0.000000,0.000000,,,,
2024-09-12,METC,BBG00BCQJ2W4,0,false,9.750000,10.080000,6.769231,3.384615,false,0.000000,execution_costs_v1.0,0.000000,0.000000,,,,
2024-09-12,MFA,BBG001S86YS8,0,false,12.470000,12.710000,2.058540,1.924619,false,0.000000,execution_costs_v1.0,0.000000,0.000000,,,,
2024-09-12,MFIC,BBG001SF7M43,0,false,13.450000,13.670000,2.453532,1.635688,false,0.000000,execution_costs_v1.0,0.000000,0.000000,,,,
2024-09-12,MG,BBG001T1V7Z5,0,false,10.690000,10.650000,0.327409,-0.374181,false,0.000000,execution_costs_v1.0,0.000000,0.000000,,,,
2024-09-12,MGA,BBG001S5SY91,0,false,39.300000,39.410000,0.483461,0.279898,false,0.000000,execution_costs_v1.0,0.000000,0.000000,,,,
2024-09-12,MGEE,BBG001SD2RD2,0,false,87.650000,87.910000,0.889903,0.296634,false,0.000000,execution_costs_v1.0,0.000000,0.000000,,,,
2024-09-12,MGIC,BBG001SCPDF8,3,false,10.710000,11.400000,6.816060,6.442577,false,0.000000,execution_costs_v1.0,0.000000,0.000000,,,,
2024-09-12,MGM,BBG001S6BYT5,3,false,35.430000,35.900000,1.580581,1.326559,false,0.000000,execution_costs_v1.0,0.000000,0.000000,,,,
2024-09-12,MGNI,BBG001T5LB97,0,false,13.000000,13.530000,4.923077,4.076923,false,0.000000,execution_costs_v1.0,0.000000,0.000000,,,,
2024-09-12,MGPI,BBG001S5XTL2,0,false,82.300000,83.430000,2.721750,1.373026,false,0.000000,execution_costs_v1.0,0.000000,0.000000,,,,
2024-09-12,MGRC,BBG001S5T593,0,false,104.040000,103.910000,1.633987,-0.124952,false,0.000000,execution_costs_v1.0,0.000000,0.000000,,,,
2024-09-12,MGY,BBG00GNC8DM1,0,false,23.340000,23.550000,1.135390,0.899743,false,0.000000,execution_costs_v1.0,0.000000,0.000000,,,,
2024-09-12,MHK,BBG001SBGSZ5,0,false,148.380000,150.090000,1.465831,1.152446,false,0.000000,execution_costs_v1.0,0.000000,0.000000,,,,
2024-09-12,MHO,BBG001S7HGC4,1,false,154.850000,159.180000,4.165321,2.796254,false,0.000000,execution_costs_v1.0,0.000000,0.000000,,,,
2024-09-12,MI,0001958713,3,false,4.610000,6.510000,45.336226,41.214751,true,0.000000,execution_costs_v1.0,0.000000,0.000000,,,,
2024-09-12,MIDD,BBG001S8N9X8,0,false,130.130000,128.060000,0.438024,-1.590717,false,0.000000,execution_costs_v1.0,0.000000,0.000000,,,,
2024-09-12,MIR,BBG00VHJ1KB3,0,false,9.520000,9.690000,2.415966,1.785714,false,0.000000,execution_costs_v1.0,0.000000,0.000000,,,,
2024-09-12,MIRM,BBG00MH7T2N6,0,false,41.860000,41.090000,0.916388,-1.839465,false,0.000000,execution_costs_v1.0,0.000000,0.000000,,,,
2024-09-12,MITK,BBG001S5T6P3,0,false,8.090000,8.200000,1.606922,1.359703,false,0.000000,execution_costs_v1.0,0.000000,0.000000,,,,
2024-09-12,MKSI,BBG001SBB6Q8,1,false,111.340000,107.860000,0.152685,-3.125561,false,0.000000,execution_costs_v1.0,0.000000,0.000000,,,,
2024-09-12,MKTX,BBG001S8R6K4,0,false,256.320000,256.350000,0.208723,0.011704,false,0.000000,execution_costs_v1.0,0.000000,0.000000,,,,
2024-09-12,ML,BBG00VHZZP74,0,false,40.780000,41.155000,2.304806,0.919568,false,0.000000,execution_costs_v1.0,0.000000,0.000000,,,,
2024-09-12,MLAB,BBG001S5T762,0,false,120.220000,121.330000,2.017135,0.923307,false,0.000000,execution_costs_v1.0,0.000000,0.000000,,,,
2024-09-12,MLI,BBG001S6PVC4,0,false,67.530000,68.260000,1.221679,1.081001,false,0.000000,execution_costs_v1.0,0.000000,0.000000,,,,
2024-09-12,MLKN,BBG001S5T771,0,false,26.660000,26.000000,0.000000,-2.475619,false,0.000000,execution_costs_v1.0,0.000000,0.000000,,,,
2024-09-12,MLNK,BBG002ZYMKR4,0,false,22.800000,23.290000,2.280702,2.149123,false,0.000000,execution_costs_v1.0,0.000000,0.000000,,,,
2024-09-12,MLP,BBG001S5T7D4,0,false,24.105000,24.630000,2.260942,2.177971,false,0.000000,execution_costs_v1.0,0.000000,0.000000,,,,
2024-09-12,MLR,BBG001S7BMD6,0,false,57.220000,57.710000,2.376791,0.856344,false,0.000000,execution_costs_v1.0,0.000000,0.000000,,,,
2024-09-12,MLTX,BBG00XQZQVP7,0,false,47.000000,50.990000,10.531915,8.489362,false,0.000000,execution_costs_v1.0,0.000000,0.000000,,,,
2024-09-12,MLYS,BBG00ZXN1GR9,0,false,11.640000,11.595000,1.202749,-0.386598,false,0.000000,execution_costs_v1.0,0.000000,0.000000,,,,
2024-09-12,MMI,BBG005GBRSS5,0,false,38.260000,38.430000,0.731835,0.444328,false,0.000000,execution_costs_v1.0,0.000000,0.000000,,,,
2024-09-12,MMS,BBG001S6G4K5,0,false,85.850000,86.640000,1.129878,0.920210,false,0.000000,execution_costs_v1.0,0.000000,0.000000,,,,
2024-09-12,MMSI,BBG001S6KLT3,0,false,97.300000,95.990000,0.272354,-1.346351,false,0.000000,execution_costs_v1.0,0.000000,0.000000,,,,
2024-09-12,MMYT,0001495153,0,false,99.960000,101.240000,3.351341,1.280512,false,0.000000,execution_costs_v1.0,0.000000,0.000000,,,,
2024-09-12,MNDY,0001845338,1,false,251.970000,259.100000,3.198794,2.829702,false,0.000000,execution_costs_v1.0,0.000000,0.000000,,,,
2024-09-12,MNKD,BBG001SLLLY3,0,false,6.120000,6.200000,2.777778,1.307190,false,0.000000,execution_costs_v1.0,0.000000,0.000000,,,,
2024-09-12,MNMD,BBG001TCSL84,1,false,6.030000,6.170000,4.228856,2.321725,false,0.000000,execution_costs_v1.0,0.000000,0.000000,,,,
2024-09-12,MNRO,BBG001S62LS4,0,false,24.790000,24.750000,0.927793,-0.161355,false,0.000000,execution_costs_v1.0,0.000000,0.000000,,,,
2024-09-12,MNTK,BBG00YHYK376,1,false,4.390000,4.370000,1.822323,-0.455581,false,0.000000,execution_costs_v1.0,0.000000,0.000000,,,,
2024-09-12,MOD,BBG001S5T913,4,false,108.140000,110.800000,5.363418,2.459774,false,0.000000,execution_costs_v1.0,0.000000,0.000000,,,,
2024-09-12,MODG,BBG001S70DV8,3,false,9.170000,9.510000,4.231189,3.707743,false,0.000000,execution_costs_v1.0,0.000000,0.000000,,,,
2024-09-12,MODV,BBG001SL2C10,1,false,23.650000,12.750000,0.655391,-46.088795,false,0.000000,execution_costs_v1.0,0.000000,0.000000,,,,
2024-09-12,MOFG,BBG001SCDXR4,0,false,27.790000,27.730000,1.115509,-0.215905,false,0.000000,execution_costs_v1.0,0.000000,0.000000,,,,
2024-09-12,MOG.A,BBG001S5T922,0,false,189.460000,192.990000,2.047926,1.863190,false,0.000000,execution_costs_v1.0,0.000000,0.000000,,,,
2024-09-12,MORN,BBG001SC6FV6,0,false,306.180000,307.630000,0.578091,0.473578,false,0.000000,execution_costs_v1.0,0.000000,0.000000,,,,
2024-09-12,MOS,BBG001S7LJN1,3,false,24.910000,25.190000,1.926937,1.124047,false,0.000000,execution_costs_v1.0,0.000000,0.000000,,,,
2024-09-12,MOV,BBG001S8FWS2,0,false,18.540000,18.380000,1.564186,-0.862999,false,0.000000,execution_costs_v1.0,0.000000,0.000000,,,,
2024-09-12,MP,BBG00TJGL0T5,3,false,13.940000,13.790000,0.717360,-1.076040,false,0.000000,execution_costs_v1.0,0.000000,0.000000,,,,
2024-09-12,MPB,BBG001S5T0G6,0,false,28.660000,28.631000,0.941731,-0.101186,false,0.000000,execution_costs_v1.0,0.000000,0.000000,,,,
2024-09-12,MPW,BBG001S7WM61,57,true,5.500000,5.611200,4.454545,2.021818,false,0.000000,execution_costs_v1.0,0.000000,0.000000,,,,
2024-09-12,MPX,BBG001S6HCC5,0,false,9.040000,9.120000,2.654867,0.884956,false,0.000000,execution_costs_v1.0,0.000000,0.000000,,,,
2024-09-12,MQ,BBG0112Z8873,1,false,5.080000,5.070000,0.787402,-0.196850,false,0.000000,execution_costs_v1.0,0.000000,0.000000,,,,
2024-09-12,MRC,BBG001SN9P56,0,false,11.680000,11.700000,0.256849,0.171233,false,0.000000,execution_costs_v1.0,0.000000,0.000000,,,,
2024-09-12,MRCY,BBG001SBFLT8,0,false,36.060000,36.840000,2.911814,2.163062,false,0.000000,execution_costs_v1.0,0.000000,0.000000,,,,
2024-09-12,MRNO,0001988776,0,false,7.005000,7.290000,4.068522,4.068522,false,0.000000,execution_costs_v1.0,0.000000,0.000000,,,,
2024-09-12,MRO,BBG001S69V69,3,false,25.880000,25.985000,0.985317,0.405719,false,0.000000,execution_costs_v1.0,0.000000,0.000000,,,,
2024-09-12,MRTN,BBG001S5TCK5,0,false,17.100000,16.980000,0.292398,-0.701754,false,0.000000,execution_costs_v1.0,0.000000,0.000000,,,,
2024-09-12,MRUS,0001651311,0,false,50.260000,49.150000,0.199960,-2.208516,false,0.000000,execution_costs_v1.0,0.000000,0.000000,,,,
2024-09-12,MRVI,BBG00Y1DFW44,1,false,8.800000,8.610000,2.840909,-2.159091,false,0.000000,execution_costs_v1.0,0.000000,0.000000,,,,
2024-09-12,MRX,0001997464,0,false,24.880000,24.940000,0.663183,0.241158,false,0.000000,execution_costs_v1.0,0.000000,0.000000,,,,
2024-09-12,MSA,BBG001S5TCN2,0,false,171.640000,172.800000,1.074924,0.675833,false,0.000000,execution_costs_v1.0,0.000000,0.000000,,,,
2024-09-12,MSBI,BBG001SMZRY3,0,false,22.110000,22.010000,0.000000,-0.452284,false,0.000000,execution_costs_v1.0,0.000000,0.000000,,,,
2024-09-12,MSDL,BBG00R40RNH7,0,false,19.990000,20.190000,1.000500,1.000500,false,0.000000,execution_costs_v1.0,0.000000,0.000000,,,,
2024-09-12,MSEX,BBG001S5TCZ9,0,false,62.400000,63.040000,1.201923,1.025641,false,0.000000,execution_costs_v1.0,0.000000,0.000000,,,,
2024-09-12,MSGE,BBG019980TF2,0,false,39.640000,39.450000,0.365792,-0.479314,false,0.000000,execution_costs_v1.0,0.000000,0.000000,,,,
2024-09-12,MSGS,BBG007FG0C32,0,false,203.290000,202.900000,0.118058,-0.191844,false,0.000000,execution_costs_v1.0,0.000000,0.000000,,,,
2024-09-12,MSM,BBG001S5TD87,0,false,77.960000,78.710000,1.038994,0.962032,false,0.000000,execution_costs_v1.0,0.000000,0.000000,,,,
2024-09-12,MSTR,BBG001SC7PX1,48,true,129.000000,130.820000,3.953488,1.410853,false,0.000000,execution_costs_v1.0,0.000000,0.000000,,,,
2024-09-12,MTAL,0001950246,0,false,10.510000,11.000000,5.233111,4.662226,false,0.000000,execution_costs_v1.0,0.000000,0.000000,,,,
2024-09-12,MTCH,BBG00VT0KP47,0,false,35.370000,34.980000,0.028273,-1.102629,false,0.000000,execution_costs_v1.0,0.000000,0.000000,,,,
2024-09-12,MTDR,BBG001T3L5S4,0,false,49.540000,49.670000,1.513928,0.262414,false,0.000000,execution_costs_v1.0,0.000000,0.000000,,,,
2024-09-12,MTG,BBG001S6SFR0,1,false,24.370000,24.630000,1.620845,1.066886,false,0.000000,execution_costs_v1.0,0.000000,0.000000,,,,
2024-09-12,MTH,BBG001S9F527,0,false,192.570000,195.560000,2.539336,1.552682,false,0.000000,execution_costs_v1.0,0.000000,0.000000,,,,
2024-09-12,MTN,BBG001S5TFD6,0,false,177.490000,178.110000,0.433827,0.349315,false,0.000000,execution_costs_v1.0,0.000000,0.000000,,,,
2024-09-12,MTNB,BBG005WX2XH7,0,false,3.450000,3.670000,6.956522,6.376812,false,0.000000,execution_costs_v1.0,0.000000,0.000000,,,,
2024-09-12,MTRN,BBG001S5PFQ6,0,false,103.280000,102.930000,1.268397,-0.338885,false,0.000000,execution_costs_v1.0,0.000000,0.000000,,,,
2024-09-12,MTSI,BBG001T4BB37,0,false,101.360000,101.140000,2.121152,-0.217048,false,0.000000,execution_costs_v1.0,0.000000,0.000000,,,,
2024-09-12,MTTR,BBG00XS0FV65,2,false,4.430000,4.445000,0.451467,0.338600,false,0.000000,execution_costs_v1.0,0.000000,0.000000,,,,
2024-09-12,MTUS,BBG0057SF208,0,false,14.730000,14.600000,0.543109,-0.882553,false,0.000000,execution_costs_v1.0,0.000000,0.000000,,,,
2024-09-12,MTW,BBG001S7C7S2,1,false,9.220000,9.330000,3.253796,1.193059,false,0.000000,execution_costs_v1.0,0.000000,0.000000,,,,
2024-09-12,MTX,BBG001S5TFZ2,0,false,71.650000,71.510000,0.516399,-0.195394,false,0.000000,execution_costs_v1.0,0.000000,0.000000,,,,
2024-09-12,MTZ,BBG001S95HF8,0,false,108.000000,110.410000,2.268519,2.231481,false,0.000000,execution_costs_v1.0,0.000000,0.000000,,,,
2024-09-12,MUR,BBG001S5TG80,0,false,34.040000,33.920000,0.763807,-0.352526,false,0.000000,execution_costs_v1.0,0.000000,0.000000,,,,
2024-09-12,MUX,BBG001S5X3Z4,2,false,9.000000,9.350000,6.740000,3.888889,false,0.000000,execution_costs_v1.0,0.000000,0.000000,,,,
2024-09-12,MWA,BBG001SNQZ91,0,false,19.730000,19.850000,1.064369,0.608211,false,0.000000,execution_costs_v1.0,0.000000,0.000000,,,,
2024-09-12,MXCT,BBG00CFTQNG7,0,false,3.940000,4.000000,3.299492,1.522843,false,0.000000,execution_costs_v1.0,0.000000,0.000000,,,,
2024-09-12,MXL,BBG001S6MZV7,0,false,14.110000,14.000000,4.181432,-0.779589,false,0.000000,execution_costs_v1.0,0.000000,0.000000,,,,
2024-09-12,MYE,BBG001S5TH97,0,false,13.510000,13.480000,0.518135,-0.222058,false,0.000000,execution_costs_v1.0,0.000000,0.000000,,,,
2024-09-12,MYGN,BBG001S86FS9,0,false,26.300000,26.380000,0.950570,0.304183,false,0.000000,execution_costs_v1.0,0.000000,0.000000,,,,
2024-09-12,MYRG,BBG001S8GYM3,0,false,95.500000,94.470000,1.486911,-1.078534,false,0.000000,execution_costs_v1.0,0.000000,0.000000,,,,
2024-09-12,NABL,BBG00YJKWXF6,0,false,12.330000,12.360000,2.027575,0.243309,false,0.000000,execution_costs_v1.0,0.000000,0.000000,,,,
2024-09-12,NAMS,0001936258,0,false,16.040000,15.970000,3.553616,-0.436409,false,0.000000,execution_costs_v1.0,0.000000,0.000000,,,,
2024-09-12,NAPA,BBG00ZF3LGX4,0,false,5.650000,5.730000,1.769912,1.415929,false,0.000000,execution_costs_v1.0,0.000000,0.000000,,,,
2024-09-12,NARI,BBG009J8K7N9,0,false,45.170000,45.960000,4.117777,1.748948,false,0.000000,execution_costs_v1.0,0.000000,0.000000,,,,
2024-09-12,NAT,0001000177,3,false,3.540000,3.600000,2.824859,1.694915,false,0.000000,execution_costs_v1.0,0.000000,0.000000,,,,
2024-09-12,NATH,BBG001S5Q337,0,false,,,,,false,0.000000,execution_costs_v1.0,,,,,,
2024-09-12,NATL,BBG019Y0WP28,0,false,26.900000,26.870000,1.486989,-0.111524,false,0.000000,execution_costs_v1.0,0.000000,0.000000,,,,
2024-09-12,NAUT,BBG00W7G4MV9,0,false,2.760000,2.730000,0.724638,-1.086957,false,0.000000,execution_costs_v1.0,0.000000,0.000000,,,,
2024-09-12,NAVI,BBG004MN1R50,20,true,15.020000,15.460000,4.061252,2.929427,false,0.000000,execution_costs_v1.0,0.000000,0.000000,,,,
2024-09-12,NBBK,BBG01KS1NKX5,0,false,17.850000,17.770000,0.448179,-0.448179,false,0.000000,execution_costs_v1.0,0.000000,0.000000,,,,
2024-09-12,NBHC,BBG003D8Y8V2,0,false,40.970000,40.580000,0.634611,-0.951916,false,0.000000,execution_costs_v1.0,0.000000,0.000000,,,,
2024-09-12,NBIX,BBG001S8W4X9,1,false,121.040000,121.330000,0.867482,0.239590,false,0.000000,execution_costs_v1.0,0.000000,0.000000,,,,
2024-09-12,NBR,0001163739,0,false,65.720000,65.040000,3.387705,-1.034693,false,0.000000,execution_costs_v1.0,0.000000,0.000000,,,,
2024-09-12,NBTB,BBG001S6XCS0,0,false,44.200000,44.030000,0.475113,-0.384615,false,0.000000,execution_costs_v1.0,0.000000,0.000000,,,,
2024-09-12,NCDL,BBG00S1L7075,0,false,17.840000,17.770000,0.560538,-0.392377,false,0.000000,execution_costs_v1.0,0.000000,0.000000,,,,
2024-09-12,NCLH,0001513761,12,true,18.810000,19.035000,2.339181,1.196172,false,0.000000,execution_costs_v1.0,0.000000,0.000000,,,,
2024-09-12,NCMI,BBG001SRSPD7,0,false,6.520000,6.730000,3.987730,3.220859,false,0.000000,execution_costs_v1.0,0.000000,0.000000,,,,
2024-09-12,NCNO,BBG014GJ8XJ0,0,false,29.260000,29.100000,0.922761,-0.546822,false,0.000000,execution_costs_v1.0,0.000000,0.000000,,,,
2024-09-12,NDSN,BBG001S5TKK7,0,false,247.930000,248.200000,0.201670,0.108902,false,0.000000,execution_costs_v1.0,0.000000,0.000000,,,,
2024-09-12,NE,0001895262,4,false,34.500000,34.400000,0.434783,-0.289855,false,0.000000,execution_costs_v1.0,0.000000,0.000000,,,,
2024-09-12,NECB,BBG011RJRYB9,0,false,21.880000,21.820000,0.822669,-0.274223,false,0.000000,execution_costs_v1.0,0.000000,0.000000,,,,
2024-09-12,NEO,BBG001S9DSY4,0,false,16.240000,16.220000,1.600985,-0.123153,false,0.000000,execution_costs_v1.0,0.000000,0.000000,,,,
2024-09-12,NEOG,BBG001S67B47,0,false,15.410000,15.490000,0.713822,0.519143,false,0.000000,execution_costs_v1.0,0.000000,0.000000,,,,
2024-09-12,NEP,BBG006JNW312,1,false,25.210000,25.170000,1.190004,-0.158667,false,0.000000,execution_costs_v1.0,0.000000,0.000000,,,,
2024-09-12,NETD,0001975218,0,false,10.641000,10.650000,0.084579,0.084579,false,0.000000,execution_costs_v1.0,0.000000,0.000000,,,,
2024-09-12,NEXA,0001713930,0,false,6.190000,6.320000,3.350565,2.100162,false,0.000000,execution_costs_v1.0,0.000000,0.000000,,,,
2024-09-12,NEXT,BBG008GC7WN5,0,false,4.640000,4.580000,3.448276,-1.293103,false,0.000000,execution_costs_v1.0,0.000000,0.000000,,,,
2024-09-12,NFBK,BBG001T0M0Z2,0,false,11.490000,11.400000,0.000000,-0.783290,false,0.000000,execution_costs_v1.0,0.000000,0.000000,,,,
2024-09-12,NFE,BBG00MJH9M32,2,false,10.660000,10.920000,2.439024,2.439024,false,0.000000,execution_costs_v1.0,0.000000,0.000000,,,,
2024-09-12,NFG,BBG001S5TLR8,0,false,59.870000,59.180000,0.634709,-1.152497,false,0.000000,execution_costs_v1.0,0.000000,0.000000,,,,
2024-09-12,NFGC,BBG00JFFSNN2,6,false,2.600000,2.689900,5.192308,3.457692,false,0.000000,execution_costs_v1.0,0.000000,0.000000,,,,
2024-09-12,NG,BBG001S5ZT85,2,false,4.090000,4.390000,8.799511,7.334963,false,0.000000,execution_costs_v1.0,0.000000,0.000000,,,,
2024-09-12,NGD,BBG001S5YM54,8,false,2.710000,2.880000,7.011070,6.273063,false,0.000000,execution_costs_v1.0,0.000000,0.000000,,,,
2024-09-12,NGL,BBG001V0FSC1,0,false,4.420000,4.500000,2.488688,1.809955,false,0.000000,execution_costs_v1.0,0.000000,0.000000,,,,
2024-09-12,NGNE,BBG005Y0QF99,0,false,39.300000,40.580000,6.870229,3.256997,false,0.000000,execution_costs_v1.0,0.000000,0.000000,,,,
2024-09-12,NGVC,BBG0034VYM77,0,false,27.520000,27.890000,2.179869,1.344477,false,0.000000,execution_costs_v1.0,0.000000,0.000000,,,,
2024-09-12,NGVT,BBG009LM2988,0,false,33.700000,35.610000,5.756677,5.667656,false,0.000000,execution_costs_v1.0,0.000000,0.000000,,,,
2024-09-12,NHC,BBG001SBJ378,1,false,123.220000,123.700000,1.562246,0.389547,false,0.000000,execution_costs_v1.0,0.000000,0.000000,,,,
2024-09-12,NHI,BBG001S6W8Y3,0,false,83.170000,83.810000,0.889744,0.769508,false,0.000000,execution_costs_v1.0,0.000000,0.000000,,,,
2024-09-12,NIC,BBG001SN0Y92,0,false,94.440000,93.760000,0.000000,-0.720034,false,0.000000,execution_costs_v1.0,0.000000,0.000000,,,,
2024-09-12,NJR,BBG001S5TMT4,0,false,46.330000,46.440000,0.777034,0.237427,false,0.000000,execution_costs_v1.0,0.000000,0.000000,,,,
2024-09-12,NKLA,BBG00L4CWQW4,11,true,5.310000,5.130000,0.188324,-3.389831,false,0.000000,execution_costs_v1.0,0.000000,0.000000,,,,
2024-09-12,NKTX,BBG00JXHS9H6,0,false,6.480000,5.580000,0.077160,-13.888889,false,0.000000,execution_costs_v1.0,0.000000,0.000000,,,,
2024-09-12,NL,BBG001S5TMX9,0,false,6.650000,6.560000,0.150376,-1.353383,false,0.000000,execution_costs_v1.0,0.000000,0.000000,,,,
2024-09-12,NLOP,BBG01JKVZRT7,0,false,29.640000,29.200000,1.484480,-1.484480,false,0.000000,execution_costs_v1.0,0.000000,0.000000,,,,
2024-09-12,NLY,BBG001S8J4S0,3,false,20.230000,20.315000,0.741473,0.420168,false,0.000000,execution_costs_v1.0,0.000000,0.000000,,,,
2024-09-12,NMFC,BBG001T9D5H2,0,false,12.180000,12.210000,0.492611,0.246305,false,0.000000,execution_costs_v1.0,0.000000,0.000000,,,,
2024-09-12,NMIH,BBG005DLMPF1,0,false,39.580000,39.730000,0.859020,0.378979,false,0.000000,execution_costs_v1.0,0.000000,0.000000,,,,
2024-09-12,NMM,0001415921,5,false,52.860000,55.660000,7.169883,5.297011,false,0.000000,execution_costs_v1.0,0.000000,0.000000,,,,
2024-09-12,NMRA,BBG012W9C504,0,false,11.500000,11.840000,4.000000,2.956522,false,0.000000,execution_costs_v1.0,0.000000,0.000000,,,,
2024-09-12,NMRK,BBG00J24S7X5,0,false,14.630000,14.760000,1.196172,0.888585,false,0.000000,execution_costs_v1.0,0.000000,0.000000,,,,
2024-09-12,NN,BBG017XG00Z2,0,false,7.630000,7.460000,0.917431,-2.228047,false,0.000000,execution_costs_v1.0,0.000000,0.000000,,,,
2024-09-12,NNI,BBG001SGRMS3,0,false,110.630000,111.250000,0.804483,0.560427,false,0.000000,execution_costs_v1.0,0.000000,0.000000,,,,
2024-09-12,NNN,BBG001S6Z1P5,0,false,48.440000,48.320000,0.392238,-0.247729,false,0.000000,execution_costs_v1.0,0.000000,0.000000,,,,
2024-09-12,NNOX,0001795251,9,false,6.170000,6.200000,1.782820,0.486224,false,0.000000,execution_costs_v1.0,0.000000,0.000000,,,,
2024-09-12,NOA,BBG001SBRPM3,0,false,18.240000,18.070000,0.000000,-0.932018,false,0.000000,execution_costs_v1.0,0.000000,0.000000,,,,
2024-09-12,NODK,BBG00DZS4J96,0,false,15.000000,15.020000,1.600000,0.133333,false,0.000000,execution_costs_v1.0,0.000000,0.000000,,,,
2024-09-12,NOG,BBG001SK2P31,0,false,34.020000,34.090000,0.999412,0.205761,false,0.000000,execution_costs_v1.0,0.000000,0.000000,,,,
2024-09-12,NOMD,0001651717,0,false,18.960000,19.150000,1.054852,1.002110,false,0.000000,execution_costs_v1.0,0.000000,0.000000,,,,
2024-09-12,NOV,BBG001S6HFR2,1,false,15.960000,16.005000,1.723058,0.281955,false,0.000000,execution_costs_v1.0,0.000000,0.000000,,,,
2024-09-12,NOVA,BBG00PLQ1KH9,2,false,10.990000,10.750000,2.802548,-2.183803,false,0.000000,execution_costs_v1.0,0.000000,0.000000,,,,
2024-09-12,NOVT,BBG001S6MRJ9,0,false,168.290000,168.570000,1.218135,0.166379,false,0.000000,execution_costs_v1.0,0.000000,0.000000,,,,
2024-09-12,NPK,BBG001S5TPT7,0,false,73.830000,75.430000,2.167141,2.167141,false,0.000000,execution_costs_v1.0,0.000000,0.000000,,,,
2024-09-12,NPO,BBG001SCK8H2,0,false,148.100000,148.920000,0.654963,0.553680,false,0.000000,execution_costs_v1.0,0.000000,0.000000,,,,
2024-09-12,NPWR,BBG00ZMY0HK3,0,false,6.990000,7.070000,4.291845,1.144492,false,0.000000,execution_costs_v1.0,0.000000,0.000000,,,,
2024-09-12,NR,BBG001S6CQY5,0,false,7.130000,7.060000,1.472651,-0.981767,false,0.000000,execution_costs_v1.0,0.000000,0.000000,,,,
2024-09-12,NRC,BBG004K1F9R1,0,false,21.580000,21.610000,1.297498,0.139018,false,0.000000,execution_costs_v1.0,0.000000,0.000000,,,,
2024-09-12,NRDS,BBG0087DN242,0,false,12.350000,12.540000,2.510121,1.538462,false,0.000000,execution_costs_v1.0,0.000000,0.000000,,,,
2024-09-12,NRIM,BBG001S6NXD1,0,false,66.740000,66.350000,1.168714,-0.584357,false,0.000000,execution_costs_v1.0,0.000000,0.000000,,,,
2024-09-12,NRIX,BBG00SDJ8M87,0,false,23.840000,23.570000,3.649329,-1.132550,false,0.000000,execution_costs_v1.0,0.000000,0.000000,,,,
2024-09-12,NRP,BBG001SH9LZ5,0,false,85.290000,89.040000,4.396764,4.396764,false,0.000000,execution_costs_v1.0,0.000000,0.000000,,,,
2024-09-12,NSA,BBG008417VP2,0,false,46.780000,47.700000,2.458316,1.966652,false,0.000000,execution_costs_v1.0,0.000000,0.000000,,,,
2024-09-12,NSIT,BBG001S7LHJ0,0,false,200.730000,202.670000,1.185672,0.966472,false,0.000000,execution_costs_v1.0,0.000000,0.000000,,,,
2024-09-12,NSP,BBG001S894P4,0,false,86.740000,86.630000,0.000000,-0.126816,false,0.000000,execution_costs_v1.0,0.000000,0.000000,,,,
2024-09-12,NSSC,BBG001S5TR13,0,false,36.810000,37.600000,2.173322,2.146156,false,0.000000,execution_costs_v1.0,0.000000,0.000000,,,,
2024-09-12,NTB,0001653242,0,false,36.430000,36.540000,0.521548,0.301949,false,0.000000,execution_costs_v1.0,0.000000,0.000000,,,,
2024-09-12,NTCT,BBG001SD3PL6,0,false,19.430000,19.540000,1.338137,0.566135,false,0.000000,execution_costs_v1.0,0.000000,0.000000,,,,
2024-09-12,NTGR,BBG001SG03X8,27,true,19.670000,20.840000,11.539908,5.948144,false,0.000000,execution_costs_v1.0,0.000000,0.000000,,,,
2024-09-12,NTLA,BBG007KC7PC9,3,false,20.200000,20.680000,2.376238,2.376238,false,0.000000,execution_costs_v1.0,0.000000,0.000000,,,,
2024-09-12,NTNX,BBG001V13SG8,1,false,60.500000,60.730000,1.404959,0.380165,false,0.000000,execution_costs_v1.0,0.000000,0.000000,,,,
2024-09-12,NTRA,BBG001V0FSF8,0,false,123.750000,125.140000,1.365657,1.123232,false,0.000000,execution_costs_v1.0,0.000000,0.000000,,,,
2024-09-12,NTST,BBG00W5FQQM0,0,false,17.200000,17.100000,0.406977,-0.581395,false,0.000000,execution_costs_v1.0,0.000000,0.000000,,,,
2024-09-12,NUS,BBG001S988X5,0,false,7.650000,7.570000,1.019608,-1.045752,false,0.000000,execution_costs_v1.0,0.000000,0.000000,,,,
2024-09-12,NUVB,BBG00VHJ0CD0,0,false,3.080000,3.050000,1.623377,-0.974026,false,0.000000,execution_costs_v1.0,0.000000,0.000000,,,,
2024-09-12,NUVL,BBG00Z1SLMN2,0,false,85.320000,81.670000,0.000000,-4.278012,false,0.000000,execution_costs_v1.0,0.000000,0.000000,,,,
2024-09-12,NVAX,BBG001SGL8G3,11,true,11.750000,11.930000,3.574468,1.531915,false,0.000000,execution_costs_v1.0,0.000000,0.000000,,,,
2024-09-12,NVCR,0001645113,0,false,17.310000,17.340000,1.502022,0.173310,false,0.000000,execution_costs_v1.0,0.000000,0.000000,,,,
2024-09-12,NVEC,BBG001SGKV64,0,false,76.550000,75.730000,0.391901,-1.071195,false,0.000000,execution_costs_v1.0,0.000000,0.000000,,,,
2024-09-12,NVEE,BBG005BT61P6,0,false,90.370000,90.380000,0.807790,0.011066,false,0.000000,execution_costs_v1.0,0.000000,0.000000,,,,
2024-09-12,NVEI,BBG00X2VHWW2,0,false,33.270000,33.280000,0.030057,0.030057,false,0.000000,execution_costs_v1.0,0.000000,0.000000,,,,
2024-09-12,NVGS,0001581804,0,false,15.290000,15.630000,3.204709,2.223676,false,0.000000,execution_costs_v1.0,0.000000,0.000000,,,,
2024-09-12,NVMI,0001109345,0,false,200.590000,204.920000,3.185602,2.158632,false,0.000000,execution_costs_v1.0,0.000000,0.000000,,,,
2024-09-12,NVRI,BBG001S5S0V0,0,false,9.780000,9.570000,1.532720,-2.147239,false,0.000000,execution_costs_v1.0,0.000000,0.000000,,,,
2024-09-12,NVST,BBG00LN4B6D9,0,false,17.660000,18.660000,6.172140,5.662514,false,0.000000,execution_costs_v1.0,0.000000,0.000000,,,,
2024-09-12,NVT,0001720635,0,false,63.910000,64.550000,2.362698,1.001408,false,0.000000,execution_costs_v1.0,0.000000,0.000000,,,,
2024-09-12,NVTS,BBG00YQ6KTM3,8,false,2.450000,2.320000,0.816327,-5.306122,false,0.000000,execution_costs_v1.0,0.000000,0.000000,,,,
2024-09-12,NWBI,BBG001S64KK2,0,false,13.110000,13.030000,0.000000,-0.610221,false,0.000000,execution_costs_v1.0,0.000000,0.000000,,,,
2024-09-12,NWE,BBG001SM2G73,0,false,55.040000,55.460000,1.326308,0.763081,false,0.000000,execution_costs_v1.0,0.000000,0.000000,,,,
2024-09-12,NWL,BBG001S5TSW7,0,false,7.290000,7.430000,2.194787,1.920439,false,0.000000,execution_costs_v1.0,0.000000,0.000000,,,,
2024-09-12,NWN,BBG00KXKRLP1,0,false,39.270000,39.280000,0.636618,0.025465,false,0.000000,execution_costs_v1.0,0.000000,0.000000,,,,
2024-09-12,NWPX,BBG001S8LFT1,0,false,40.640000,41.595000,2.608268,2.349902,false,0.000000,execution_costs_v1.0,0.000000,0.000000,,,,
2024-09-12,NWSA,BBG0035LY922,1,false,25.910000,25.960000,0.521034,0.192976,false,0.000000,execution_costs_v1.0,0.000000,0.000000,,,,
2024-09-12,NX,BBG001T0QV71,0,false,26.330000,26.900000,3.209267,2.164831,false,0.000000,execution_costs_v1.0,0.000000,0.000000,,,,
2024-09-12,NXE,BBG00334PFM6,10,true,5.750000,5.835000,2.608696,1.478261,false,0.000000,execution_costs_v1.0,0.000000,0.000000,,,,
2024-09-12,NXRT,BBG0077Q6QH7,0,false,45.240000,45.490000,0.848806,0.552608,false,0.000000,execution_costs_v1.0,0.000000,0.000000,,,,
2024-09-12,NXST,BBG001SKJJT9,0,false,162.190000,160.452000,0.400765,-1.071583,false,0.000000,execution_costs_v1.0,0.000000,0.000000,,,,
2024-09-12,NXT,BBG00835TQ17,9,false,35.900000,35.890000,0.752089,-0.027855,false,0.000000,execution_costs_v1.0,0.000000,0.000000,,,,
2024-09-12,NYAX,0001901279,0,false,24.090000,24.050000,3.569946,-0.166044,false,0.000000,execution_costs_v1.0,0.000000,0.000000,,,,
2024-09-12,NYCB,BBG001SD32Z2,5,false,9.940000,10.250000,3.118712,3.118712,false,0.000000,execution_costs_v1.0,0.000000,0.000000,,,,
2024-09-12,NYMT,BBG001SHHBR7,0,false,6.370000,6.490000,1.962323,1.883830,false,0.000000,execution_costs_v1.0,0.000000,0.000000,,,,
2024-09-12,NYT,BBG001S90X31,0,false,52.380000,52.770000,0.840015,0.744559,false,0.000000,execution_costs_v1.0,0.000000,0.000000,,,,
2024-09-12,OABI,BBG011J3QM48,0,false,4.370000,4.405000,4.118993,0.800915,false,0.000000,execution_costs_v1.0,0.000000,0.000000,,,,
2024-09-12,OBDC,BBG00DB0XYD3,2,false,14.640000,14.720000,0.956284,0.546448,false,0.000000,execution_costs_v1.0,0.000000,0.000000,,,,
2024-09-12,OBDE,BBG00WWDYR08,0,false,14.550000,14.670000,0.893471,0.824742,false,0.000000,execution_costs_v1.0,0.000000,0.000000,,,,
2024-09-12,OBE,BBG001S603F0,0,false,5.900000,5.800000,0.591525,-1.694915,false,0.000000,execution_costs_v1.0,0.000000,0.000000,,,,
2024-09-12,OBK,BBG001S78WZ4,0,false,31.390000,31.310000,0.031857,-0.254858,false,0.000000,execution_costs_v1.0,0.000000,0.000000,,,,
2024-09-12,OBT,BBG001S730D3,0,false,54.690000,55.730000,1.901627,1.901627,false,0.000000,execution_costs_v1.0,0.000000,0.000000,,,,
2024-09-12,OC,BBG001SQ7PD2,0,false,159.920000,161.650000,1.425713,1.081791,false,0.000000,execution_costs_v1.0,0.000000,0.000000,,,,
2024-09-12,OCFC,BBG001S92JX7,0,false,17.300000,17.250000,0.867052,-0.289017,false,0.000000,execution_costs_v1.0,0.000000,0.000000,,,,
2024-09-12,OCGN,BBG001TG1LS2,1,false,1.230000,1.200000,0.813008,-2.439024,false,0.000000,execution_costs_v1.0,0.000000,0.000000,,,,
2024-09-12,OCS,0001953530,0,false,12.000000,11.950000,0.000000,-0.416667,false,0.000000,execution_costs_v1.0,0.000000,0.000000,,,,
2024-09-12,OCSL,BBG001SR03L7,1,false,16.320000,16.400000,0.796569,0.490196,false,0.000000,execution_costs_v1.0,0.000000,0.000000,,,,
2024-09-12,OCUL,BBG001V0FT93,0,false,8.470000,8.710000,5.135773,2.833530,false,0.000000,execution_costs_v1.0,0.000000,0.000000,,,,
2024-09-12,ODC,BBG001S7J3C1,0,false,66.410000,66.730000,0.858304,0.481855,false,0.000000,execution_costs_v1.0,0.000000,0.000000,,,,
2024-09-12,ODD,0001907085,0,false,33.140000,35.410000,7.000604,6.849728,false,0.000000,execution_costs_v1.0,0.000000,0.000000,,,,
2024-09-12,ODP,BBG00R24W7Y1,0,false,28.220000,28.460000,1.630050,0.850461,false,0.000000,execution_costs_v1.0,0.000000,0.000000,,,,
2024-09-12,OEC,0001609804,0,false,16.290000,16.360000,1.657459,0.429711,false,0.000000,execution_costs_v1.0,0.000000,0.000000,,,,
2024-09-12,OFG,BBG001S9J8R0,0,false,43.300000,43.080000,0.000000,-0.508083,false,0.000000,execution_costs_v1.0,0.000000,0.000000,,,,
2024-09-12,OFIX,BBG001SCG164,0,false,17.230000,17.010000,0.812536,-1.276843,false,0.000000,execution_costs_v1.0,0.000000,0.000000,,,,
2024-09-12,OFLX,BBG001SNLHY8,0,false,48.300000,49.120000,2.422360,1.697723,false,0.000000,execution_costs_v1.0,0.000000,0.000000,,,,
2024-09-12,OGE,BBG001S5TVY8,0,false,40.020000,40.020000,0.399800,0.000000,false,0.000000,execution_costs_v1.0,0.000000,0.000000,,,,
2024-09-12,OGN,BBG00ZQRGW42,1,false,20.100000,20.290000,1.144279,0.945274,false,0.000000,execution_costs_v1.0,0.000000,0.000000,,,,
2024-09-12,OGS,BBG004WQKD16,0,false,70.780000,71.160000,0.565131,0.536875,false,0.000000,execution_costs_v1.0,0.000000,0.000000,,,,
2024-09-12,OHI,BBG001S736L1,1,false,40.100000,40.570000,1.571072,1.172070,false,0.000000,execution_costs_v1.0,0.000000,0.000000,,,,
2024-09-12,OI,BBG00R2JZG48,0,false,11.940000,11.930000,1.633166,-0.083752,false,0.000000,execution_costs_v1.0,0.000000,0.000000,,,,
2024-09-12,OII,BBG001S61HT3,0,false,22.590000,22.880000,4.161133,1.283754,false,0.000000,execution_costs_v1.0,0.000000,0.000000,,,,
2024-09-12,OKLO,BBG0112CBMQ8,9,false,6.110000,6.255000,3.764321,2.373159,false,0.000000,execution_costs_v1.0,0.000000,0.000000,,,,
2024-09-12,OKTA,BBG001YV1SN3,4,false,73.530000,73.510000,1.033456,-0.027200,false,0.000000,execution_costs_v1.0,0.000000,0.000000,,,,
2024-09-12,OLED,BBG001S5V9H3,0,false,201.370000,203.040000,2.835576,0.829319,false,0.000000,execution_costs_v1.0,0.000000,0.000000,,,,
2024-09-12,OLLI,BBG0098VVDS0,0,false,96.870000,98.220000,2.467224,1.393620,false,0.000000,execution_costs_v1.0,0.000000,0.000000,,,,
2024-09-12,OLMA,BBG00T5JMRV1,0,false,12.340000,11.830000,1.053485,-4.132901,false,0.000000,execution_costs_v1.0,0.000000,0.000000,,,,
2024-09-12,OLN,BBG001S5TWW8,0,false,40.960000,41.850000,2.172852,2.172852,false,0.000000,execution_costs_v1.0,0.000000,0.000000,,,,
2024-09-12,OLO,BBG00ZCX7044,0,false,4.710000,4.725000,1.273885,0.318471,false,0.000000,execution_costs_v1.0,0.000000,0.000000,,,,
2024-09-12,OLP,BBG001S5TWY6,0,false,27.070000,27.530000,1.773181,1.699298,false,0.000000,execution_costs_v1.0,0.000000,0.000000,,,,
2024-09-12,OLPX,BBG012BV9TG3,0,false,2.120000,2.205000,4.952830,4.009434,false,0.000000,execution_costs_v1.0,0.000000,0.000000,,,,
2024-09-12,OMCL,BBG001SF6Z45,0,false,43.300000,42.820000,1.339492,-1.108545,false,0.000000,execution_costs_v1.0,0.000000,0.000000,,,,
2024-09-12,OMF,BBG005497H09,1,false,44.140000,44.410000,2.038967,0.611690,false,0.000000,execution_costs_v1.0,0.000000,0.000000,,,,
2024-09-12,OMI,BBG001S72KY7,0,false,14.610000,14.390000,1.916496,-1.505818,false,0.000000,execution_costs_v1.0,0.000000,0.000000,,,,
2024-09-12,OMIC,BBG010WX4HG1,0,false,5.520000,5.650000,4.166667,2.355072,false,0.000000,execution_costs_v1.0,0.000000,0.000000,,,,
2024-09-12,ONB,BBG001SD2ZG1,0,false,18.380000,18.215000,0.326442,-0.897715,false,0.000000,execution_costs_v1.0,0.000000,0.000000,,,,
2024-09-12,ONEW,BBG00PPXGH27,0,false,21.840000,21.220000,0.000000,-2.838828,false,0.000000,execution_costs_v1.0,0.000000,0.000000,,,,
2024-09-12,ONON,0001858985,25,true,47.410000,49.030000,4.091964,3.417001,false,0.000000,execution_costs_v1.0,0.000000,0.000000,,,,
2024-09-12,ONTO,BBG001S5THX0,0,false,192.850000,193.170000,1.410423,0.165932,false,0.000000,execution_costs_v1.0,0.000000,0.000000,,,,
2024-09-12,OPCH,BBG001S6X756,0,false,32.570000,31.810000,0.122812,-2.333436,false,0.000000,execution_costs_v1.0,0.000000,0.000000,,,,
2024-09-12,OPEN,BBG00SHY8ZR0,37,true,2.050000,2.200000,9.268293,7.317073,false,0.000000,execution_costs_v1.0,0.000000,0.000000,,,,
2024-09-12,OPK,BBG001SD4254,6,false,1.535000,1.550000,2.280130,0.977199,false,0.000000,execution_costs_v1.0,0.000000,0.000000,,,,
2024-09-12,OPY,BBG001S77PP1,0,false,49.920000,49.500000,0.382412,-0.841346,false,0.000000,execution_costs_v1.0,0.000000,0.000000,,,,
2024-09-12,OR,BBG006L2SZD6,1,false,17.150000,17.760000,4.198251,3.556851,false,0.000000,execution_costs_v1.0,0.000000,0.000000,,,,
2024-09-12,ORA,BBG001S9LPW3,7,false,73.430000,74.250000,1.171183,1.116710,false,0.000000,execution_costs_v1.0,0.000000,0.000000,,,,
2024-09-12,ORC,BBG001V18CW0,0,false,8.210000,8.200000,0.121803,-0.121803,false,0.000000,execution_costs_v1.0,0.000000,0.000000,,,,
2024-09-12,ORGO,BBG00FGGD311,0,false,2.580000,2.610000,1.550388,1.162791,false,0.000000,execution_costs_v1.0,0.000000,0.000000,,,,
2024-09-12,ORI,BBG001S6M9Y2,0,false,34.310000,34.540000,0.786943,0.670358,false,0.000000,execution_costs_v1.0,0.000000,0.000000,,,,
2024-09-12,ORIC,BBG00BL5SMR2,0,false,9.910000,9.055000,0.908174,-8.627649,false,0.000000,execution_costs_v1.0,0.000000,0.000000,,,,
2024-09-12,ORLA,BBG00FGY26J8,0,false,4.200000,4.300000,4.047619,2.380952,false,0.000000,execution_costs_v1.0,0.000000,0.000000,,,,
2024-09-12,ORRF,BBG001S9SXH6,0,false,34.900000,34.640000,0.057307,-0.744986,false,0.000000,execution_costs_v1.0,0.000000,0.000000,,,,
2024-09-12,OSBC,BBG001S7HMZ6,0,false,16.560000,16.350000,0.422705,-1.268116,false,0.000000,execution_costs_v1.0,0.000000,0.000000,,,,
2024-09-12,OSCR,BBG00YMWFVT4,0,false,20.620000,20.980000,2.182347,1.745878,false,0.000000,execution_costs_v1.0,0.000000,0.000000,,,,
2024-09-12,OSIS,BBG001SB1J54,0,false,140.700000,142.200000,1.108742,1.066098,false,0.000000,execution_costs_v1.0,0.000000,0.000000,,,,
2024-09-12,OSK,BBG001S6SX46,0,false,97.520000,97.650000,1.035685,0.133306,false,0.000000,execution_costs_v1.0,0.000000,0.000000,,,,
2024-09-12,OSPN,BBG001S7T321,0,false,14.930000,15.000000,2.210315,0.468855,false,0.000000,execution_costs_v1.0,0.000000,0.000000,,,,
2024-09-12,OSUR,BBG001SD3BW5,0,false,4.250000,4.265000,1.411765,0.352941,false,0.000000,execution_costs_v1.0,0.000000,0.000000,,,,
2024-09-12,OSW,0001758488,0,false,15.390000,15.610000,1.624431,1.429500,false,0.000000,execution_costs_v1.0,0.000000,0.000000,,,,
2024-09-12,OTEX,BBG001SBS5H2,0,false,32.260000,32.330000,0.681959,0.216987,false,0.000000,execution_costs_v1.0,0.000000,0.000000,,,,
2024-09-12,OTTR,BBG001S5TYX3,0,false,76.220000,77.020000,2.309105,1.049593,false,0.000000,execution_costs_v1.0,0.000000,0.000000,,,,
2024-09-12,OUT,BBG004S69ZY3,0,false,16.840000,16.860000,1.781473,0.118765,false,0.000000,execution_costs_v1.0,0.000000,0.000000,,,,
2024-09-12,OVV,BBG00R2NHQ74,1,false,38.750000,38.780000,1.458065,0.077419,false,0.000000,execution_costs_v1.0,0.000000,0.000000,,,,
2024-09-12,OWL,BBG00XV417S7,0,false,16.940000,17.190000,1.593861,1.475797,false,0.000000,execution_costs_v1.0,0.000000,0.000000,,,,
2024-09-12,OXLC,BBG001T93HP8,6,false,5.400000,5.315000,0.000000,-1.574074,false,0.000000,execution_costs_v1.0,0.000000,0.000000,,,,
2024-09-12,OXM,BBG001S5TZF0,11,true,75.650000,84.090000,13.245208,11.156642,false,0.000000,execution_costs_v1.0,0.000000,0.000000,,,,
2024-09-12,OZK,BBG001SMRQL8,0,false,39.750000,39.950000,0.880503,0.503145,false,0.000000,execution_costs_v1.0,0.000000,0.000000,,,,
2024-09-12,PAA,BBG001S985K5,3,false,17.390000,17.420000,0.747556,0.172513,false,0.000000,execution_costs_v1.0,0.000000,0.000000,,,,
2024-09-12,PAAS,BBG001S5ZXR5,14,true,19.780000,20.505000,5.535895,3.665319,false,0.000000,execution_costs_v1.0,0.000000,0.000000,,,,
2024-09-12,PACB,BBG001SS9G64,7,false,1.660000,1.800000,13.855422,8.433735,true,0.000000,execution_costs_v1.0,0.000000,0.000000,,,,
2024-09-12,PACK,BBG00JRXX6Z8,0,false,6.340000,6.235000,2.444795,-1.656151,false,0.000000,execution_costs_v1.0,0.000000,0.000000,,,,
2024-09-12,PAG,BBG001S96493,0,false,148.910000,149.420000,1.014035,0.342489,false,0.000000,execution_costs_v1.0,0.000000,0.000000,,,,
2024-09-12,PAGP,BBG001SZV282,3,false,18.400000,18.435000,1.250000,0.190217,false,0.000000,execution_costs_v1.0,0.000000,0.000000,,,,
2024-09-12,PAGS,0001712807,2,false,9.150000,9.050000,1.973770,-1.092896,false,0.000000,execution_costs_v1.0,0.000000,0.000000,,,,
2024-09-12,PAHC,BBG0069NW5X3,0,false,20.590000,21.210000,4.079650,3.011170,false,0.000000,execution_costs_v1.0,0.000000,0.000000,,,,
2024-09-12,PAR,BBG001S5VG69,0,false,53.980000,55.590000,3.668025,2.982586,false,0.000000,execution_costs_v1.0,0.000000,0.000000,,,,
2024-09-12,PARA,BBG001S6L063,19,true,10.050000,10.280000,2.288557,2.288557,false,0.000000,execution_costs_v1.0,0.000000,0.000000,,,,
2024-09-12,PARR,BBG003C5DLS7,0,false,18.330000,18.350000,1.036552,0.109111,false,0.000000,execution_costs_v1.0,0.000000,0.000000,,,,
2024-09-12,PATH,BBG00GKS1G12,22,true,12.030000,12.010000,1.496259,-0.166251,false,0.000000,execution_costs_v1.0,0.000000,0.000000,,,,
2024-09-12,PATK,BBG001S5V0V6,0,false,129.840000,131.580000,1.775262,1.340111,false,0.000000,execution_costs_v1.0,0.000000,0.000000,,,,
2024-09-12,PAX,0001825570,0,false,10.840000,10.880000,1.476015,0.369004,false,0.000000,execution_costs_v1.0,0.000000,0.000000,,,,
2024-09-12,PAY,BBG010MW0P43,0,false,20.900000,20.720000,0.430622,-0.861244,false,0.000000,execution_costs_v1.0,0.000000,0.000000,,,,
2024-09-12,PAYC,BBG0064N1009,0,false,169.810000,167.500000,0.265002,-1.360344,false,0.000000,execution_costs_v1.0,0.000000,0.000000,,,,
2024-09-12,PAYO,BBG00Z5JLLD1,1,false,7.220000,7.480000,5.124654,3.601108,false,0.000000,execution_costs_v1.0,0.000000,0.000000,,,,
2024-09-12,PB,BBG001S7SL77,0,false,71.910000,71.480000,0.639688,-0.597970,false,0.000000,execution_costs_v1.0,0.000000,0.000000,,,,
2024-09-12,PBF,BBG002832HM6,1,false,31.260000,31.505000,2.111324,0.783749,false,0.000000,execution_costs_v1.0,0.000000,0.000000,,,,
2024-09-12,PBH,BBG001SH44F0,0,false,71.130000,72.920000,2.783636,2.516519,false,0.000000,execution_costs_v1.0,0.000000,0.000000,,,,
2024-09-12,PBI,BBG001S5V171,1,false,6.540000,6.650000,3.058104,1.681957,false,0.000000,execution_costs_v1.0,0.000000,0.000000,,,,
2024-09-12,PBT,BBG001S5V1N3,0,false,11.010000,11.240000,2.516803,2.089010,false,0.000000,execution_costs_v1.0,0.000000,0.000000,,,,
2024-09-12,PCH,BBG001S5V215,1,false,43.770000,44.580000,2.672835,1.850583,false,0.000000,execution_costs_v1.0,0.000000,0.000000,,,,
2024-09-12,PCOR,BBG0026ZJ313,1,false,55.580000,57.120000,3.114430,2.770781,false,0.000000,execution_costs_v1.0,0.000000,0.000000,,,,
2024-09-12,PCRX,BBG001S77N12,0,false,13.020000,12.730000,1.612903,-2.227343,false,0.000000,execution_costs_v1.0,0.000000,0.000000,,,,
2024-09-12,PCT,BBG00YRJF230,17,true,6.810000,8.000000,17.474302,17.474302,true,0.000000,execution_costs_v1.0,0.000000,0.000000,,,,
2024-09-12,PCTY,BBG006598YZ0,0,false,158.510000,155.470000,0.428995,-1.917860,false,0.000000,execution_costs_v1.0,0.000000,0.000000,,,,
2024-09-12,PCVX,BBG009PHHPP4,1,false,113.920000,114.150000,1.483497,0.201896,false,0.000000,execution_costs_v1.0,0.000000,0.000000,,,,
2024-09-12,PD,BBG0043BYPD6,0,false,17.750000,17.400000,0.366197,-1.971831,false,0.000000,execution_costs_v1.0,0.000000,0.000000,,,,
2024-09-12,PDCO,BBG001S5V2S6,0,false,20.780000,21.090000,1.876805,1.491819,false,0.000000,execution_costs_v1.0,0.000000,0.000000,,,,
2024-09-12,PDFS,BBG001SFSR85,0,false,29.110000,28.540000,0.171762,-1.958090,false,0.000000,execution_costs_v1.0,0.000000,0.000000,,,,
2024-09-12,PDM,BBG001T6RFS9,1,false,9.550000,9.675000,2.094241,1.308901,false,0.000000,execution_costs_v1.0,0.000000,0.000000,,,,
2024-09-12,PDS,BBG001S5V359,0,false,63.200000,63.490000,1.479430,0.458861,false,0.000000,execution_costs_v1.0,0.000000,0.000000,,,,
2024-09-12,PEB,BBG001T5S1M7,0,false,12.630000,12.760000,1.306413,1.029295,false,0.000000,execution_costs_v1.0,0.000000,0.000000,,,,
2024-09-12,PEBO,BBG001S77C89,0,false,29.940000,29.800000,0.066800,-0.467602,false,0.000000,execution_costs_v1.0,0.000000,0.000000,,,,
2024-09-12,PECO,BBG011RJST56,0,false,37.570000,38.360000,2.182592,2.102742,false,0.000000,execution_costs_v1.0,0.000000,0.000000,,,,
2024-09-12,PEGA,BBG001S93CK5,1,false,66.190000,66.610000,1.495694,0.634537,false,0.000000,execution_costs_v1.0,0.000000,0.000000,,,,
2024-09-12,PEN,BBG001TRHPB0,0,false,202.030000,200.090000,0.791962,-0.960253,false,0.000000,execution_costs_v1.0,0.000000,0.000000,,,,
2024-09-12,PENN,BBG001S80PY6,1,false,17.740000,18.370000,4.453213,3.551297,false,0.000000,execution_costs_v1.0,0.000000,0.000000,,,,
2024-09-12,PERI,0001338940,2,false,8.400000,8.105000,0.000000,-3.511905,false,0.000000,execution_costs_v1.0,0.000000,0.000000,,,,
2024-09-12,PETQ,BBG00H1CY3S0,0,false,30.670000,30.680000,0.228236,0.032605,false,0.000000,execution_costs_v1.0,0.000000,0.000000,,,,
2024-09-12,PFBC,BBG001S9SFK1,0,false,78.240000,77.930000,0.006391,-0.396217,false,0.000000,execution_costs_v1.0,0.000000,0.000000,,,,
2024-09-12,PFC,BBG001S7DV08,0,false,23.700000,23.570000,0.675105,-0.548523,false,0.000000,execution_costs_v1.0,0.000000,0.000000,,,,
2024-09-12,PFGC,BBG009XW2WC7,0,false,71.330000,73.010000,2.733773,2.355250,false,0.000000,execution_costs_v1.0,0.000000,0.000000,,,,
2024-09-12,PFIS,BBG001S9KST2,0,false,44.740000,44.520000,1.877515,-0.491730,false,0.000000,execution_costs_v1.0,0.000000,0.000000,,,,
2024-09-12,PFLT,BBG001V0Y5S3,0,false,11.460000,11.540000,0.698080,0.698080,false,0.000000,execution_costs_v1.0,0.000000,0.000000,,,,
2024-09-12,PFS,BBG001SKM445,0,false,17.770000,17.810000,0.619021,0.225098,false,0.000000,execution_costs_v1.0,0.000000,0.000000,,,,
2024-09-12,PFSI,BBG00LMYX132,0,false,108.100000,111.130000,3.080481,2.802960,false,0.000000,execution_costs_v1.0,0.000000,0.000000,,,,
2024-09-12,PGC,BBG001SG3CC8,0,false,25.990000,25.750000,0.384763,-0.923432,false,0.000000,execution_costs_v1.0,0.000000,0.000000,,,,
2024-09-12,PGNY,BBG002H1K1K7,0,false,22.990000,23.261000,2.588082,1.178773,false,0.000000,execution_costs_v1.0,0.000000,0.000000,,,,
2024-09-12,PGRE,BBG001SL9C95,0,false,4.940000,4.945000,1.113360,0.101215,false,0.000000,execution_costs_v1.0,0.000000,0.000000,,,,
2024-09-12,PGRU,0001873331,1,false,6.600000,6.600000,0.000000,0.000000,false,0.000000,execution_costs_v1.0,0.000000,0.000000,,,,
2024-09-12,PGY,0001883085,6,false,12.440000,12.170000,2.090032,-2.170418,false,0.000000,execution_costs_v1.0,0.000000,0.000000,,,,
2024-09-12,PHAR,BBG00YN70W58,0,false,7.300000,7.525000,3.210959,3.082192,false,0.000000,execution_costs_v1.0,0.000000,0.000000,,,,
2024-09-12,PHAT,BBG00P5B2S73,1,false,18.700000,19.510000,5.213904,4.331551,false,0.000000,execution_costs_v1.0,0.000000,0.000000,,,,
2024-09-12,PHIN,BBG01F6N6NP4,0,false,45.590000,45.240000,1.721869,-0.767712,false,0.000000,execution_costs_v1.0,0.000000,0.000000,,,,
2024-09-12,PHR,BBG001TG2W25,0,false,23.400000,23.770000,2.264957,1.581197,false,0.000000,execution_costs_v1.0,0.000000,0.000000,,,,
2024-09-12,PHVS,0001830487,0,false,20.820000,20.590000,0.624400,-1.104707,false,0.000000,execution_costs_v1.0,0.000000,0.000000,,,,
2024-09-12,PI,BBG001T313Q3,0,false,180.080000,183.910000,3.409596,2.126833,false,0.000000,execution_costs_v1.0,0.000000,0.000000,,,,
2024-09-12,PII,BBG001S7HWZ4,0,false,78.000000,78.040000,1.051282,0.051282,false,0.000000,execution_costs_v1.0,0.000000,0.000000,,,,
2024-09-12,PINC,BBG001SJLD58,0,false,19.610000,19.750000,0.841407,0.713921,false,0.000000,execution_costs_v1.0,0.000000,0.000000,,,,
2024-09-12,PIPR,BBG001SGY6K8,0,false,257.470000,261.160000,1.833223,1.433177,false,0.000000,execution_costs_v1.0,0.000000,0.000000,,,,
2024-09-12,PIRS,BBG0055C3N66,0,false,17.500000,17.030000,0.971429,-2.685714,false,0.000000,execution_costs_v1.0,0.000000,0.000000,,,,
2024-09-12,PJT,BBG0079T1MP4,0,false,118.500000,119.980000,1.350211,1.248945,false,0.000000,execution_costs_v1.0,0.000000,0.000000,,,,
2024-09-12,PK,BBG00FGXCKN3,1,false,13.720000,13.770000,0.728863,0.364431,false,0.000000,execution_costs_v1.0,0.000000,0.000000,,,,
2024-09-12,PKOH,BBG001S5V778,0,false,27.412000,27.990000,3.239457,2.108566,false,0.000000,execution_costs_v1.0,0.000000,0.000000,,,,
2024-09-12,PKST,BBG00XTV8H01,0,false,13.650000,13.890000,1.831502,1.758242,false,0.000000,execution_costs_v1.0,0.000000,0.000000,,,,
2024-09-12,PL,BBG00ZCV3Q27,9,false,1.950000,2.060000,7.179487,5.641026,false,0.000000,execution_costs_v1.0,0.000000,0.000000,,,,
2024-09-12,PLAB,BBG001S5V7C2,1,false,23.000000,22.760000,0.565217,-1.043478,false,0.000000,execution_costs_v1.0,0.000000,0.000000,,,,
2024-09-12,PLAY,BBG001WWJTL4,6,false,31.580000,31.580000,1.931602,0.000000,false,0.000000,execution_costs_v1.0,0.000000,0.000000,,,,
2024-09-12,PLMR,BBG00NLMRYV9,0,false,93.090000,92.850000,1.031153,-0.257815,false,0.000000,execution_costs_v1.0,0.000000,0.000000,,,,
2024-09-12,PLNT,BBG009H04M26,0,false,81.580000,82.320000,1.581270,0.907085,false,0.000000,execution_costs_v1.0,0.000000,0.000000,,,,
2024-09-12,PLOW,BBG001T6QFV6,0,false,27.020000,27.100000,0.740192,0.296077,false,0.000000,execution_costs_v1.0,0.000000,0.000000,,,,
2024-09-12,PLPC,BBG001SFKCZ6,0,false,114.960000,115.460000,0.652401,0.434934,false,0.000000,execution_costs_v1.0,0.000000,0.000000,,,,
2024-09-12,PLRX,BBG00C8083P2,0,false,12.250000,11.830000,0.448980,-3.428571,false,0.000000,execution_costs_v1.0,0.000000,0.000000,,,,
2024-09-12,PLSE,BBG00BRBHVG7,0,false,17.220000,18.950000,10.162602,10.046458,false,0.000000,execution_costs_v1.0,0.000000,0.000000,,,,
2024-09-12,PLTK,BBG00QQ8C798,0,false,7.370000,7.385000,0.488467,0.203528,false,0.000000,execution_costs_v1.0,0.000000,0.000000,,,,
2024-09-12,PLUG,BBG001S6GJB2,40,true,1.930000,1.940000,2.072539,0.518135,false,0.000000,execution_costs_v1.0,0.000000,0.000000,,,,
2024-09-12,PLUS,BBG001S99YL0,0,false,87.370000,88.080000,1.316241,0.812636,false,0.000000,execution_costs_v1.0,0.000000,0.000000,,,,
2024-09-12,PLXS,BBG001S5V812,0,false,124.540000,124.180000,0.032118,-0.289064,false,0.000000,execution_costs_v1.0,0.000000,0.000000,,,,
2024-09-12,PLYA,0001692412,0,false,7.570000,7.650000,1.056803,1.056803,false,0.000000,execution_costs_v1.0,0.000000,0.000000,,,,
2024-09-12,PLYM,BBG0021H6YT4,0,false,22.960000,22.950000,0.522648,-0.043554,false,0.000000,execution_costs_v1.0,0.000000,0.000000,,,,
2024-09-12,PMT,BBG001T1MJR8,0,false,13.860000,13.910000,0.541126,0.360750,false,0.000000,execution_costs_v1.0,0.000000,0.000000,,,,
2024-09-12,PNFP,BBG001SF5953,0,false,90.870000,92.190000,1.463629,1.452625,false,0.000000,execution_costs_v1.0,0.000000,0.000000,,,,
2024-09-12,PNNT,BBG001SSQMH0,0,false,7.030000,6.935000,0.071124,-1.351351,false,0.000000,execution_costs_v1.0,0.000000,0.000000,,,,
2024-09-12,PNR,0000077360,0,false,87.970000,90.790000,3.432989,3.205638,false,0.000000,execution_costs_v1.0,0.000000,0.000000,,,,
2024-09-12,PNTG,BBG00P33SZ15,0,false,33.720000,33.300000,0.830071,-1.245552,false,0.000000,execution_costs_v1.0,0.000000,0.000000,,,,
2024-09-12,PNW,BBG001S5VB15,0,false,88.950000,89.240000,0.348510,0.326026,false,0.000000,execution_costs_v1.0,0.000000,0.000000,,,,
2024-09-12,POOL,BBG001S5VBK4,0,false,346.130000,346.540000,0.398694,0.118453,false,0.000000,execution_costs_v1.0,0.000000,0.000000,,,,
2024-09-12,POR,BBG001S5V4Y5,0,false,47.640000,47.550000,0.913098,-0.188917,false,0.000000,execution_costs_v1.0,0.000000,0.000000,,,,
2024-09-12,POST,BBG001WTBC45,0,false,114.220000,114.420000,0.586587,0.175101,false,0.000000,execution_costs_v1.0,0.000000,0.000000,,,,
2024-09-12,POWI,BBG001S73RW3,0,false,58.590000,58.290000,0.460829,-0.512033,false,0.000000,execution_costs_v1.0,0.000000,0.000000,,,,
2024-09-12,POWL,BBG001S5VBT5,0,false,163.050000,167.040000,4.826740,2.447102,false,0.000000,execution_costs_v1.0,0.000000,0.000000,,,,
2024-09-12,PPBI,BBG001S9JFG6,0,false,23.520000,23.420000,0.935374,-0.425170,false,0.000000,execution_costs_v1.0,0.000000,0.000000,,,,
2024-09-12,PPC,BBG001S5PSN1,0,false,42.000000,41.260000,0.142857,-1.761905,false,0.000000,execution_costs_v1.0,0.000000,0.000000,,,,
2024-09-12,PPTA,BBG001V1HWW6,1,false,8.700000,8.700000,4.482759,0.000000,false,0.000000,execution_costs_v1.0,0.000000,0.000000,,,,
2024-09-12,PR,BBG00D61Y2G3,1,false,13.080000,13.160000,1.796636,0.611621,false,0.000000,execution_costs_v1.0,0.000000,0.000000,,,,
2024-09-12,PRA,BBG001S9Z6F9,0,false,12.730000,12.910000,3.456402,1.413983,false,0.000000,execution_costs_v1.0,0.000000,0.000000,,,,
2024-09-12,PRAA,BBG001SB1G41,0,false,20.470000,20.220000,1.856375,-1.221299,false,0.000000,execution_costs_v1.0,0.000000,0.000000,,,,
2024-09-12,PRAX,BBG00W9LF2H4,0,false,58.000000,58.680000,2.960690,1.172414,false,0.000000,execution_costs_v1.0,0.000000,0.000000,,,,
2024-09-12,PRCT,BBG009KD84J2,0,false,78.750000,80.350000,3.326984,2.031746,false,0.000000,execution_costs_v1.0,0.000000,0.000000,,,,
2024-09-12,PRDO,BBG001S6M491,0,false,21.360000,21.700000,1.779026,1.591760,false,0.000000,execution_costs_v1.0,0.000000,0.000000,,,,
2024-09-12,PRFT,BBG001SCS189,0,false,75.540000,75.440000,0.092666,-0.132380,false,0.000000,execution_costs_v1.0,0.000000,0.000000,,,,
2024-09-12,PRG,BBG00VSH86H3,0,false,44.900000,45.070000,0.979955,0.378619,false,0.000000,execution_costs_v1.0,0.000000,0.000000,,,,
2024-09-12,PRGO,0001585364,0,false,27.080000,27.130000,0.812408,0.184638,false,0.000000,execution_costs_v1.0,0.000000,0.000000,,,,
2024-09-12,PRGS,BBG001S6MCY5,0,false,57.500000,57.260000,0.000000,-0.417391,false,0.000000,execution_costs_v1.0,0.000000,0.000000,,,,
2024-09-12,PRI,BBG001T5ZSQ6,0,false,249.640000,253.170000,1.666400,1.414036,false,0.000000,execution_costs_v1.0,0.000000,0.000000,,,,
2024-09-12,PRIM,BBG001S64801,0,false,52.890000,54.000000,2.892796,2.098695,false,0.000000,execution_costs_v1.0,0.000000,0.000000,,,,
2024-09-12,PRK,BBG001S7X549,0,false,164.760000,165.770000,1.614470,0.613013,false,0.000000,execution_costs_v1.0,0.000000,0.000000,,,,
2024-09-12,PRKS,BBG003RY97L1,0,false,50.000000,50.070000,0.760000,0.140000,false,0.000000,execution_costs_v1.0,0.000000,0.000000,,,,
2024-09-12,PRLB,BBG001SRZTG8,0,false,29.380000,29.200000,1.480599,-0.612662,false,0.000000,execution_costs_v1.0,0.000000,0.000000,,,,
2024-09-12,PRM,0001880319,0,false,11.190000,11.710000,4.816801,4.647006,false,0.000000,execution_costs_v1.0,0.000000,0.000000,,,,
2024-09-12,PRME,BBG011RT3R64,0,false,4.090000,4.060000,1.222494,-0.733496,false,0.000000,execution_costs_v1.0,0.000000,0.000000,,,,
2024-09-12,PRMW,BBG001S77SH4,0,false,23.140000,23.580000,1.987900,1.901469,false,0.000000,execution_costs_v1.0,0.000000,0.000000,,,,
2024-09-12,PRO,BBG001ST38G5,0,false,17.240000,17.200000,1.508121,-0.232019,false,0.000000,execution_costs_v1.0,0.000000,0.000000,,,,
2024-09-12,PRTA,0001559053,0,false,21.050000,20.700000,1.045131,-1.662708,false,0.000000,execution_costs_v1.0,0.000000,0.000000,,,,
2024-09-12,PRTH,BBG00DSNH2C4,0,false,5.850000,6.200000,6.495726,5.982906,false,0.000000,execution_costs_v1.0,0.000000,0.000000,,,,
2024-09-12,PRVA,BBG00ZXYXWJ4,0,false,18.420000,18.830000,3.148751,2.225841,false,0.000000,execution_costs_v1.0,0.000000,0.000000,,,,
2024-09-12,PSBD,BBG00RKPV7Q4,0,false,16.355000,16.330000,0.397432,-0.152858,false,0.000000,execution_costs_v1.0,0.000000,0.000000,,,,
2024-09-12,PSEC,BBG001SM4WF7,9,false,5.340000,5.410000,1.685393,1.310861,false,0.000000,execution_costs_v1.0,0.000000,0.000000,,,,
2024-09-12,PSFE,0001833835,1,false,21.880000,22.400000,3.473492,2.376600,false,0.000000,execution_costs_v1.0,0.000000,0.000000,,,,
2024-09-12,PSMT,BBG001SB78V3,0,false,85.980000,86.720000,1.442196,0.860665,false,0.000000,execution_costs_v1.0,0.000000,0.000000,,,,
2024-09-12,PSN,BBG001SDWJQ3,0,false,94.820000,95.480000,1.096815,0.696056,false,0.000000,execution_costs_v1.0,0.000000,0.000000,,,,
2024-09-12,PSNL,BBG0027NWBS7,4,false,6.000000,5.730000,0.833333,-4.500000,false,0.000000,execution_costs_v1.0,0.000000,0.000000,,,,
2024-09-12,PSNY,BBG0147QHH45,17,true,1.500000,1.570000,6.000000,4.666667,false,0.000000,execution_costs_v1.0,0.000000,0.000000,,,,
2024-09-12,PSTL,BBG00NSBGG83,0,false,14.530000,14.530000,0.756366,0.000000,false,0.000000,execution_costs_v1.0,0.000000,0.000000,,,,
2024-09-12,PTCT,BBG001SNNC86,0,false,32.250000,32.700000,3.162791,1.395349,false,0.000000,execution_costs_v1.0,0.000000,0.000000,,,,
2024-09-12,PTEN,BBG001S7GWF7,1,false,7.950000,7.905000,2.012579,-0.566038,false,0.000000,execution_costs_v1.0,0.000000,0.000000,,,,
2024-09-12,PTGX,BBG002B63KP4,0,false,45.250000,45.650000,1.259669,0.883978,false,0.000000,execution_costs_v1.0,0.000000,0.000000,,,,
2024-09-12,PTLO,BBG012YL5W59,4,false,12.170000,12.380000,5.012325,1.725555,false,0.000000,execution_costs_v1.0,0.000000,0.000000,,,,
2024-09-12,PTON,BBG00JG0FG08,10,true,4.410000,4.275000,1.133787,-3.061224,false,0.000000,execution_costs_v1.0,0.000000,0.000000,,,,
2024-09-12,PTSI,BBG001S5VGQ7,0,false,16.710000,17.410000,4.189108,4.189108,false,0.000000,execution_costs_v1.0,0.000000,0.000000,,,,
2024-09-12,PTVE,BBG00WXWG3G1,0,false,10.930000,10.925000,0.365965,-0.045746,false,0.000000,execution_costs_v1.0,0.000000,0.000000,,,,
2024-09-12,PUBM,BBG001V1C792,0,false,14.220000,14.310000,1.441632,0.632911,false,0.000000,execution_costs_v1.0,0.000000,0.000000,,,,
2024-09-12,PUMP,BBG00FYCQ3Y0,0,false,7.120000,7.190000,3.581461,0.983146,false,0.000000,execution_costs_v1.0,0.000000,0.000000,,,,
2024-09-12,PVH,BBG001S5VGY8,0,false,93.210000,93.750000,1.180131,0.579337,false,0.000000,execution_costs_v1.0,0.000000,0.000000,,,,
2024-09-12,PWP,BBG00XWZGGJ1,0,false,17.700000,18.170000,2.824859,2.655367,false,0.000000,execution_costs_v1.0,0.000000,0.000000,,,,
2024-09-12,PWSC,BBG00ZXQB5X8,0,false,22.750000,22.750000,0.043956,0.000000,false,0.000000,execution_costs_v1.0,0.000000,0.000000,,,,
2024-09-12,PX,BBG012QFRKK6,0,false,10.230000,10.160000,0.000000,-0.684262,false,0.000000,execution_costs_v1.0,0.000000,0.000000,,,,
2024-09-12,PYCR,BBG010FNXN77,0,false,13.770000,14.010000,2.396514,1.742919,false,0.000000,execution_costs_v1.0,0.000000,0.000000,,,,
2024-09-12,PZZA,BBG001S6XNB4,0,false,48.970000,49.010000,0.663672,0.081683,false,0.000000,execution_costs_v1.0,0.000000,0.000000,,,,
2024-09-12,QCRH,BBG001SJTPZ0,0,false,73.970000,73.340000,0.000000,-0.851697,false,0.000000,execution_costs_v1.0,0.000000,0.000000,,,,
2024-09-12,QDEL,BBG017TGV7N1,0,false,45.130000,44.800000,0.155107,-0.731221,false,0.000000,execution_costs_v1.0,0.000000,0.000000,,,,
2024-09-12,QGEN,0001015820,2,false,45.740000,45.560000,0.153039,-0.393529,false,0.000000,execution_costs_v1.0,0.000000,0.000000,,,,
2024-09-12,QLYS,BBG001SYH860,0,false,124.870000,124.260000,0.080083,-0.488508,false,0.000000,execution_costs_v1.0,0.000000,0.000000,,,,
2024-09-12,QMCO,BBG001SD3PN4,1,false,3.274200,3.210000,1.093397,-1.960784,false,0.000000,execution_costs_v1.0,0.000000,0.000000,,,,
2024-09-12,QNST,BBG001T2V5P8,0,false,18.780000,18.900000,0.798722,0.638978,false,0.000000,execution_costs_v1.0,0.000000,0.000000,,,,
2024-09-12,QRTEB,BBG001SR0LS0,0,false,3.705500,3.705500,0.000000,0.000000,false,0.000000,execution_costs_v1.0,0.000000,0.000000,,,,
2024-09-12,QRVO,BBG007TJF1P5,0,false,106.410000,105.620000,0.000000,-0.742411,false,0.000000,execution_costs_v1.0,0.000000,0.000000,,,,
2024-09-12,QS,BBG00VJ17DT1,20,true,5.860000,5.800000,1.023891,-1.023891,false,0.000000,execution_costs_v1.0,0.000000,0.000000,,,,
2024-09-12,QTRX,BBG0027NWC78,0,false,12.150000,12.500000,3.045267,2.880658,false,0.000000,execution_costs_v1.0,0.000000,0.000000,,,,
2024-09-12,QTTB,BBG00CTTJWS7,0,false,49.420000,45.425000,1.963375,-8.083772,false,0.000000,execution_costs_v1.0,0.000000,0.000000,,,,
2024-09-12,QTWO,BBG005ZVK9Q1,0,false,71.560000,72.000000,1.411403,0.614869,false,0.000000,execution_costs_v1.0,0.000000,0.000000,,,,
2024-09-12,R,BBG001S5VK15,0,false,133.340000,135.940000,2.017399,1.949903,false,0.000000,execution_costs_v1.0,0.000000,0.000000,,,,
2024-09-12,RAMP,BBG001S5NCJ3,0,false,24.980000,25.520000,2.201761,2.161729,false,0.000000,execution_costs_v1.0,0.000000,0.000000,,,,
2024-09-12,RARE,BBG001V2MJJ2,0,false,56.180000,57.870000,3.203987,3.008188,false,0.000000,execution_costs_v1.0,0.000000,0.000000,,,,
2024-09-12,RBB,BBG002537TD8,0,false,22.050000,22.330000,1.405896,1.269841,false,0.000000,execution_costs_v1.0,0.000000,0.000000,,,,
2024-09-12,RBBN,BBG00HW4CSH5,0,false,2.950000,2.980000,2.030508,1.016949,false,0.000000,execution_costs_v1.0,0.000000,0.000000,,,,
2024-09-12,RBC,BBG001SNYTV1,0,false,282.660000,286.200000,1.425741,1.252388,false,0.000000,execution_costs_v1.0,0.000000,0.000000,,,,
2024-09-12,RBCAA,BBG001S7X4Z8,0,false,62.500000,62.720000,1.584000,0.352000,false,0.000000,execution_costs_v1.0,0.000000,0.000000,,,,
2024-09-12,RBOT,BBG00VSHDVQ2,0,false,6.020000,5.690000,0.000000,-5.481728,false,0.000000,execution_costs_v1.0,0.000000,0.000000,,,,
2024-09-12,RC,BBG003TCRSD0,0,false,7.810000,7.630000,0.768246,-2.304738,false,0.000000,execution_costs_v1.0,0.000000,0.000000,,,,
2024-09-12,RCKT,BBG001T92156,0,false,18.940000,18.950000,1.953537,0.052798,false,0.000000,execution_costs_v1.0,0.000000,0.000000,,,,
2024-09-12,RCM,BBG018CZLZ45,0,false,14.100000,14.115000,0.212766,0.106383,false,0.000000,execution_costs_v1.0,0.000000,0.000000,,,,
2024-09-12,RCON,0001442620,0,false,2.372900,2.750000,17.577648,15.891947,true,0.000000,execution_costs_v1.0,0.000000,0.000000,,,,
2024-09-12,RCUS,BBG00DQD2751,2,false,16.970000,17.400000,3.624042,2.533883,false,0.000000,execution_costs_v1.0,0.000000,0.000000,,,,
2024-09-12,RDDT,BBG015RGX648,12,true,60.000000,59.620000,4.432333,-0.633333,false,0.000000,execution_costs_v1.0,0.000000,0.000000,,,,
2024-09-12,RDFN,BBG001V1F423,12,true,10.870000,11.510000,6.485741,5.887764,false,0.000000,execution_costs_v1.0,0.000000,0.000000,,,,
2024-09-12,RDN,BBG001SBWXG7,0,false,33.855000,34.260000,1.890415,1.196278,false,0.000000,execution_costs_v1.0,0.000000,0.000000,,,,
2024-09-12,RDNT,BBG001S75DK5,0,false,62.700000,67.240000,8.405104,7.240829,false,0.000000,execution_costs_v1.0,0.000000,0.000000,,,,
2024-09-12,RDUS,BBG001S7H0J2,0,false,14.850000,15.230000,3.973064,2.558923,false,0.000000,execution_costs_v1.0,0.000000,0.000000,,,,
2024-09-12,RDVT,BBG00HNGGZZ8,0,false,28.190000,28.470000,0.993260,0.993260,false,0.000000,execution_costs_v1.0,0.000000,0.000000,,,,
2024-09-12,RDW,BBG00YGLXFH3,1,false,6.280000,6.380000,2.308917,1.592357,false,0.000000,execution_costs_v1.0,0.000000,0.000000,,,,
2024-09-12,RDWR,0001094366,0,false,20.200000,20.640000,2.623762,2.178218,false,0.000000,execution_costs_v1.0,0.000000,0.000000,,,,
2024-09-12,REAX,BBG00KRN3NQ3,0,false,5.520000,5.625000,1.992754,1.902174,false,0.000000,execution_costs_v1.0,0.000000,0.000000,,,,
2024-09-12,REG,BBG001S7H752,0,false,74.020000,74.350000,1.675223,0.445825,false,0.000000,execution_costs_v1.0,0.000000,0.000000,,,,
2024-09-12,REI,BBG001SNHQJ0,1,false,1.680000,1.675000,1.488095,-0.297619,false,0.000000,execution_costs_v1.0,0.000000,0.000000,,,,
2024-09-12,RELY,BBG012C7JTN6,0,false,13.830000,14.450000,5.495300,4.483008,false,0.000000,execution_costs_v1.0,0.000000,0.000000,,,,
2024-09-12,RENT,BBG001V0FB29,0,false,9.950000,9.850000,6.130653,-1.005025,false,0.000000,execution_costs_v1.0,0.000000,0.000000,,,,
2024-09-12,REPL,BBG00L8Z22S0,0,false,10.380000,10.370000,1.348748,-0.096339,false,0.000000,execution_costs_v1.0,0.000000,0.000000,,,,
2024-09-12,REPX,BBG001SDLX20,0,false,25.580000,25.510000,0.742768,-0.273651,false,0.000000,execution_costs_v1.0,0.000000,0.000000,,,,
2024-09-12,RES,BBG001S5VN37,0,false,5.820000,5.750000,1.030928,-1.202749,false,0.000000,execution_costs_v1.0,0.000000,0.000000,,,,
2024-09-12,REVG,BBG00CSG01X8,0,false,26.590000,27.020000,5.189921,1.617149,false,0.000000,execution_costs_v1.0,0.000000,0.000000,,,,
2024-09-12,REX,BBG001S7D5J5,0,false,42.790000,43.230000,1.098387,1.028278,false,0.000000,execution_costs_v1.0,0.000000,0.000000,,,,
2024-09-12,REXR,BBG004MB82S9,0,false,50.030000,49.590000,0.519688,-0.879472,false,0.000000,execution_costs_v1.0,0.000000,0.000000,,,,
2024-09-12,REYN,BBG00QVJVZ22,0,false,31.500000,31.820000,1.238095,1.015873,false,0.000000,execution_costs_v1.0,0.000000,0.000000,,,,
2024-09-12,REZI,BBG00HY28L05,0,false,18.180000,18.400000,2.090209,1.210121,false,0.000000,execution_costs_v1.0,0.000000,0.000000,,,,
2024-09-12,RGA,BBG001S6P9Q8,0,false,210.840000,211.920000,1.019731,0.512237,false,0.000000,execution_costs_v1.0,0.000000,0.000000,,,,
2024-09-12,RGEN,BBG001S5VNT9,0,false,143.200000,141.900000,1.124302,-0.907821,false,0.000000,execution_costs_v1.0,0.000000,0.000000,,,,
2024-09-12,RGLD,BBG001S5VNX4,0,false,138.650000,140.859000,2.394519,1.593220,false,0.000000,execution_costs_v1.0,0.000000,0.000000,,,,
2024-09-12,RGNX,BBG007Z9V5C7,0,false,12.690000,12.185000,0.614657,-3.979511,false,0.000000,execution_costs_v1.0,0.000000,0.000000,,,,
2024-09-12,RGP,BBG001S7QYK6,0,false,9.770000,9.870000,2.865916,1.023541,false,0.000000,execution_costs_v1.0,0.000000,0.000000,,,,
2024-09-12,RGR,BBG001S6LMJ1,0,false,40.910000,41.000000,0.464434,0.219995,false,0.000000,execution_costs_v1.0,0.000000,0.000000,,,,
2024-09-12,RH,BBG002293Q93,3,false,247.150000,256.670000,4.604491,3.851912,false,0.000000,execution_costs_v1.0,0.000000,0.000000,,,,
2024-09-12,RHI,BBG001S5VP41,0,false,62.490000,61.990000,0.304049,-0.800128,false,0.000000,execution_costs_v1.0,0.000000,0.000000,,,,
2024-09-12,RHP,BBG001S6SHG8,0,false,100.320000,101.400000,1.345694,1.076555,false,0.000000,execution_costs_v1.0,0.000000,0.000000,,,,
2024-09-12,RICK,BBG001S8LFR3,0,false,42.790000,44.590000,4.720729,4.206590,false,0.000000,execution_costs_v1.0,0.000000,0.000000,,,,
2024-09-12,RIG,0001451505,7,false,4.080000,4.160000,2.941176,1.960784,false,0.000000,execution_costs_v1.0,0.000000,0.000000,,,,
2024-09-12,RIGL,BBG001SD33Z0,0,false,13.020000,12.965000,0.153610,-0.422427,false,0.000000,execution_costs_v1.0,0.000000,0.000000,,,,
2024-09-12,RIOT,BBG001SDW128,41,true,7.130000,7.040000,0.420757,-1.262272,false,0.000000,execution_costs_v1.0,0.000000,0.000000,,,,
2024-09-12,RITM,BBG003T1GM12,1,false,11.450000,11.570000,1.048035,1.048035,false,0.000000,execution_costs_v1.0,0.000000,0.000000,,,,
2024-09-12,RIVN,BBG00741Y1P0,45,true,13.770000,13.710000,1.452433,-0.435730,false,0.000000,execution_costs_v1.0,0.000000,0.000000,,,,
2024-09-12,RKLB,BBG00Y61T0H6,32,true,6.680000,6.865000,5.538922,2.769461,false,0.000000,execution_costs_v1.0,0.000000,0.000000,,,,
2024-09-12,RKT,BBG00VY1MZN4,2,false,18.760000,18.755000,1.332623,-0.026652,false,0.000000,execution_costs_v1.0,0.000000,0.000000,,,,
2024-09-12,RL,BBG001S9TL45,0,false,174.920000,175.370000,0.451635,0.257260,false,0.000000,execution_costs_v1.0,0.000000,0.000000,,,,
2024-09-12,RLAY,BBG00DSS08L8,4,false,7.720000,7.620000,1.295337,-1.295337,false,0.000000,execution_costs_v1.0,0.000000,0.000000,,,,
2024-09-12,RLI,BBG001S5VQ58,0,false,149.270000,150.230000,0.763717,0.643130,false,0.000000,execution_costs_v1.0,0.000000,0.000000,,,,
2024-09-12,RLJ,BBG001V0BJV4,0,false,9.020000,9.015000,0.776053,-0.055432,false,0.000000,execution_costs_v1.0,0.000000,0.000000,,,,
2024-09-12,RM,BBG001V1C4G1,0,false,31.415000,31.840000,2.530638,1.352857,false,0.000000,execution_costs_v1.0,0.000000,0.000000,,,,
2024-09-12,RMBS,BBG001S7RF80,1,false,41.010000,39.620000,0.176786,-3.389417,false,0.000000,execution_costs_v1.0,0.000000,0.000000,,,,
2024-09-12,RMR,BBG00B6V7CK4,0,false,24.680000,24.770000,0.810373,0.364668,false,0.000000,execution_costs_v1.0,0.000000,0.000000,,,,
2024-09-12,RNA,BBG00FQ7LXX0,12,true,40.810000,41.290000,2.303357,1.176182,false,0.000000,execution_costs_v1.0,0.000000,0.000000,,,,
2024-09-12,RNAC,BBG001V0FQQ0,0,false,15.480000,16.280000,5.878553,5.167959,false,0.000000,execution_costs_v1.0,0.000000,0.000000,,,,
2024-09-12,RNG,BBG001SHXFM5,0,false,28.090000,28.300000,2.064792,0.747597,false,0.000000,execution_costs_v1.0,0.000000,0.000000,,,,
2024-09-12,RNR,0000913144,0,false,254.660000,254.030000,0.109951,-0.247389,false,0.000000,execution_costs_v1.0,0.000000,0.000000,,,,
2024-09-12,RNST,BBG001S5V5B7,0,false,31.890000,31.900000,0.627156,0.031358,false,0.000000,execution_costs_v1.0,0.000000,0.000000,,,,
2024-09-12,RNW,0001848763,0,false,6.220000,6.260000,2.893891,0.643087,false,0.000000,execution_costs_v1.0,0.000000,0.000000,,,,
2024-09-12,ROAD,BBG00KK0CFZ7,0,false,61.720000,63.310000,2.730071,2.576150,false,0.000000,execution_costs_v1.0,0.000000,0.000000,,,,
2024-09-12,ROCK,BBG001S7GCL4,0,false,66.800000,67.200000,0.890719,0.598802,false,0.000000,execution_costs_v1.0,0.000000,0.000000,,,,
2024-09-12,ROG,BBG001S5TTY3,0,false,100.310000,101.150000,0.887250,0.837404,false,0.000000,execution_costs_v1.0,0.000000,0.000000,,,,
2024-09-12,ROIC,BBG001T0CM94,0,false,15.220000,15.680000,3.810775,3.022339,false,0.000000,execution_costs_v1.0,0.000000,0.000000,,,,
2024-09-12,ROIV,0001635088,0,false,12.340000,12.110000,0.405186,-1.863857,false,0.000000,execution_costs_v1.0,0.000000,0.000000,,,,
2024-09-12,ROKU,BBG001ZZPQM2,55,true,74.650000,74.150000,0.830543,-0.669792,false,0.000000,execution_costs_v1.0,0.000000,0.000000,,,,
2024-09-12,ROOT,BBG002GMC9G9,2,false,36.590000,37.140000,1.749112,1.503143,false,0.000000,execution_costs_v1.0,0.000000,0.000000,,,,
2024-09-12,RPAY,BBG00LFVTCC7,0,false,7.910000,7.860000,1.011378,-0.632111,false,0.000000,execution_costs_v1.0,0.000000,0.000000,,,,
2024-09-12,RPD,BBG009DFHWH5,2,false,34.390000,33.280000,0.552486,-3.227682,false,0.000000,execution_costs_v1.0,0.000000,0.000000,,,,
2024-09-12,RPRX,0001802768,0,false,27.850000,27.560000,1.149013,-1.041293,false,0.000000,execution_costs_v1.0,0.000000,0.000000,,,,
2024-09-12,RRBI,BBG001SN25H4,0,false,50.150000,50.200000,0.099701,0.099701,false,0.000000,execution_costs_v1.0,0.000000,0.000000,,,,
2024-09-12,RRC,BBG001SBZNN8,0,false,29.020000,28.995000,0.930393,-0.086147,false,0.000000,execution_costs_v1.0,0.000000,0.000000,,,,
2024-09-12,RRR,BBG00B6G8068,0,false,53.860000,53.640000,0.519866,-0.408466,false,0.000000,execution_costs_v1.0,0.000000,0.000000,,,,
2024-09-12,RRX,BBG001S5VL68,0,false,148.610000,148.950000,1.601507,0.228787,false,0.000000,execution_costs_v1.0,0.000000,0.000000,,,,
2024-09-12,RSI,BBG00RMKRQN9,0,false,9.640000,10.000000,4.253112,3.734440,false,0.000000,execution_costs_v1.0,0.000000,0.000000,,,,
2024-09-12,RSKD,0001851112,0,false,4.570000,4.640000,3.829322,1.531729,false,0.000000,execution_costs_v1.0,0.000000,0.000000,,,,
2024-09-12,RSVR,BBG00YCLJQQ9,0,false,7.410000,7.600000,2.834008,2.564103,false,0.000000,execution_costs_v1.0,0.000000,0.000000,,,,
2024-09-12,RTC,0001381074,0,false,7.320133,7.380000,3.686641,0.817840,false,0.000000,execution_costs_v1.0,0.000000,0.000000,,,,
2024-09-12,RUM,BBG00Z61CSD4,3,false,5.200000,5.455000,6.250000,4.903846,false,0.000000,execution_costs_v1.0,0.000000,0.000000,,,,
2024-09-12,RUN,BBG0025XVR94,17,true,19.060000,18.795000,1.206716,-1.390346,false,0.000000,execution_costs_v1.0,0.000000,0.000000,,,,
2024-09-12,RUSHA,BBG001SKX0D1,0,false,48.130000,48.640000,1.682942,1.059630,false,0.000000,execution_costs_v1.0,0.000000,0.000000,,,,
2024-09-12,RVLV,BBG00M4RHC48,0,false,22.740000,23.870000,5.013193,4.969217,false,0.000000,execution_costs_v1.0,0.000000,0.000000,,,,
2024-09-12,RVMD,BBG00829F4Q7,0,false,42.030000,41.970000,0.808946,-0.142755,false,0.000000,execution_costs_v1.0,0.000000,0.000000,,,,
2024-09-12,RVNC,BBG001V0GBC7,1,false,6.580000,6.555000,0.151976,-0.379939,false,0.000000,execution_costs_v1.0,0.000000,0.000000,,,,
2024-09-12,RVTY,BBG001SBKS35,0,false,120.750000,120.120000,0.000000,-0.521739,false,0.000000,execution_costs_v1.0,0.000000,0.000000,,,,
2024-09-12,RWAY,BBG012QFW480,0,false,10.140000,10.280000,1.676529,1.380671,false,0.000000,execution_costs_v1.0,0.000000,0.000000,,,,
2024-09-12,RWT,BBG001SBHVP8,2,false,7.650000,7.850000,2.614379,2.614379,false,0.000000,execution_costs_v1.0,0.000000,0.000000,,,,
2024-09-12,RXO,BBG0160DYDC7,5,false,25.610000,25.550000,0.468567,-0.234283,false,0.000000,execution_costs_v1.0,0.000000,0.000000,,,,
2024-09-12,RXRX,BBG00PQ4XJ54,11,true,6.440000,6.500000,3.027950,0.931677,false,0.000000,execution_costs_v1.0,0.000000,0.000000,,,,
2024-09-12,RXST,BBG00THX1YQ1,0,false,54.710000,54.640000,1.736428,-0.127947,false,0.000000,execution_costs_v1.0,0.000000,0.000000,,,,
2024-09-12,RXT,BBG00W0JYQR3,0,false,2.410000,2.535000,5.809129,5.186722,false,0.000000,execution_costs_v1.0,0.000000,0.000000,,,,
2024-09-12,RYAM,BBG005XVML75,0,false,7.410000,7.475000,3.643725,0.877193,false,0.000000,execution_costs_v1.0,0.000000,0.000000,,,,
2024-09-12,RYAN,BBG011K4W1Y0,0,false,62.720000,63.570000,1.674107,1.355230,false,0.000000,execution_costs_v1.0,0.000000,0.000000,,,,
2024-09-12,RYI,BBG001T6NHM5,0,false,18.450000,18.030000,0.758808,-2.276423,false,0.000000,execution_costs_v1.0,0.000000,0.000000,,,,
2024-09-12,RYN,BBG001S7NCZ1,0,false,30.660000,31.500000,3.033268,2.739726,false,0.000000,execution_costs_v1.0,0.000000,0.000000,,,,
2024-09-12,RYTM,BBG007DLZ629,0,false,49.080000,49.300000,1.466993,0.448248,false,0.000000,execution_costs_v1.0,0.000000,0.000000,,,,
2024-09-12,S,BBG00B6F2F27,5,false,22.030000,22.160000,2.587381,0.590104,false,0.000000,execution_costs_v1.0,0.000000,0.000000,,,,
2024-09-12,SA,BBG001S607C4,0,false,16.825000,17.450000,4.487370,3.714710,false,0.000000,execution_costs_v1.0,0.000000,0.000000,,,,
2024-09-12,SABR,BBG005WQVVG5,0,false,2.980000,3.035000,3.020134,1.845638,false,0.000000,execution_costs_v1.0,0.000000,0.000000,,,,
2024-09-12,SAFE,BBG001SDG572,0,false,25.690000,25.720000,1.012067,0.116777,false,0.000000,execution_costs_v1.0,0.000000,0.000000,,,,
2024-09-12,SAFT,BBG001S78T90,0,false,81.190000,81.690000,1.243996,0.615839,false,0.000000,execution_costs_v1.0,0.000000,0.000000,,,,
2024-09-12,SAGE,BBG0025X16Z4,0,false,7.520000,7.360000,0.000000,-2.127660,false,0.000000,execution_costs_v1.0,0.000000,0.000000,,,,
2024-09-12,SAH,BBG001S5VVK0,0,false,54.640000,54.340000,1.281113,-0.549048,false,0.000000,execution_costs_v1.0,0.000000,0.000000,,,,
2024-09-12,SAIA,BBG001SL4QM4,0,false,422.050000,420.240000,0.714370,-0.428859,false,0.000000,execution_costs_v1.0,0.000000,0.000000,,,,
2024-09-12,SAIC,BBG003BW05L5,0,false,133.980000,135.030000,0.858337,0.783699,false,0.000000,execution_costs_v1.0,0.000000,0.000000,,,,
2024-09-12,SAM,BBG001S5VVQ4,0,false,267.210000,269.900000,1.074062,1.006699,false,0.000000,execution_costs_v1.0,0.000000,0.000000,,,,
2024-09-12,SANA,BBG00N5BMH70,0,false,5.000000,4.525000,0.600000,-9.500000,false,0.000000,execution_costs_v1.0,0.000000,0.000000,,,,
2024-09-12,SAND,BBG001SSPFD0,5,false,5.740000,6.020000,5.574913,4.878049,false,0.000000,execution_costs_v1.0,0.000000,0.000000,,,,
2024-09-12,SANM,BBG001S5SYJ0,0,false,65.760000,65.780000,1.110097,0.030414,false,0.000000,execution_costs_v1.0,0.000000,0.000000,,,,
2024-09-12,SAR,BBG001SRV422,0,false,22.970000,23.100000,1.001306,0.565956,false,0.000000,execution_costs_v1.0,0.000000,0.000000,,,,
2024-09-12,SASR,BBG001S6Y0J5,0,false,32.000000,31.400000,0.468750,-1.875000,false,0.000000,execution_costs_v1.0,0.000000,0.000000,,,,
2024-09-12,SATS,BBG001T048Z5,0,false,21.950000,22.270000,3.189066,1.457859,false,0.000000,execution_costs_v1.0,0.000000,0.000000,,,,
2024-09-12,SAVA,BBG001SCKXX9,5,false,27.720000,28.240000,4.184704,1.875902,false,0.000000,execution_costs_v1.0,0.000000,0.000000,,,,
2024-09-12,SB,0001434754,0,false,4.610000,4.665000,3.470716,1.193059,false,0.000000,execution_costs_v1.0,0.000000,0.000000,,,,
2024-09-12,SBCF,BBG001SD9X60,0,false,26.340000,26.320000,0.379651,-0.075930,false,0.000000,execution_costs_v1.0,0.000000,0.000000,,,,
2024-09-12,SBGI,BBG01GJ3NYB4,1,false,12.800000,12.991000,1.562500,1.492187,false,0.000000,execution_costs_v1.0,0.000000,0.000000,,,,
2024-09-12,SBH,BBG001SDHTQ8,0,false,12.380000,12.500000,2.019386,0.969305,false,0.000000,execution_costs_v1.0,0.000000,0.000000,,,,
2024-09-12,SBLK,0001386716,13,true,20.620000,20.680000,1.697381,0.290980,false,0.000000,execution_costs_v1.0,0.000000,0.000000,,,,
2024-09-12,SBR,BBG001S5VWY3,0,false,60.420000,60.510000,0.926680,0.148957,false,0.000000,execution_costs_v1.0,0.000000,0.000000,,,,
2024-09-12,SBRA,BBG001SGNMK5,1,false,17.950000,18.340000,2.506964,2.172702,false,0.000000,execution_costs_v1.0,0.000000,0.000000,,,,
2024-09-12,SBSI,BBG001S66SR6,0,false,32.510000,32.720000,0.765918,0.645955,false,0.000000,execution_costs_v1.0,0.000000,0.000000,,,,
2024-09-12,SCHL,BBG001S5VTF1,0,false,30.780000,31.070000,0.974659,0.942170,false,0.000000,execution_costs_v1.0,0.000000,0.000000,,,,
2024-09-12,SCI,BBG001S5WBJ5,0,false,79.350000,80.010000,0.869565,0.831758,false,0.000000,execution_costs_v1.0,0.000000,0.000000,,,,
2024-09-12,SCL,BBG001S5VXQ0,0,false,71.750000,72.410000,1.421603,0.919861,false,0.000000,execution_costs_v1.0,0.000000,0.000000,,,,
2024-09-12,SCM,BBG003LB3VC0,0,false,13.520000,13.380000,0.036982,-1.035503,false,0.000000,execution_costs_v1.0,0.000000,0.000000,,,,
2024-09-12,SCS,BBG001S89FD2,0,false,13.420000,13.410000,0.968703,-0.074516,false,0.000000,execution_costs_v1.0,0.000000,0.000000,,,,
2024-09-12,SCSC,BBG001S7S0W5,0,false,44.460000,45.490000,2.721547,2.316689,false,0.000000,execution_costs_v1.0,0.000000,0.000000,,,,
2024-09-12,SCVL,BBG001S6V927,0,false,39.760000,39.140000,0.402414,-1.559356,false,0.000000,execution_costs_v1.0,0.000000,0.000000,,,,
2024-09-12,SCWX,BBG001SF9RV0,0,false,8.020000,7.770000,0.187032,-3.117207,false,0.000000,execution_costs_v1.0,0.000000,0.000000,,,,
2024-09-12,SD,BBG001SL3ZY2,0,false,11.900000,11.780000,0.000000,-1.008403,false,0.000000,execution_costs_v1.0,0.000000,0.000000,,,,
2024-09-12,SDA,0001936804,0,false,11.000000,10.270000,0.000000,-6.636364,false,0.000000,execution_costs_v1.0,0.000000,0.000000,,,,
2024-09-12,SDGR,BBG001SZK2K0,0,false,20.570000,20.590000,2.868255,0.097229,false,0.000000,execution_costs_v1.0,0.000000,0.000000,,,,
2024-09-12,SDHC,BBG01J6P1XN6,0,false,34.170000,36.440000,10.184372,6.643254,false,0.000000,execution_costs_v1.0,0.000000,0.000000,,,,
2024-09-12,SDHY,BBG00XTHQGX8,0,false,15.990000,16.055000,0.500313,0.406504,false,0.000000,execution_costs_v1.0,0.000000,0.000000,,,,
2024-09-12,SDRL,0001737706,0,false,37.480000,38.580000,3.201708,2.934899,false,0.000000,execution_costs_v1.0,0.000000,0.000000,,,,
2024-09-12,SEAT,BBG012C73S82,0,false,4.080000,3.950000,0.857843,-3.186275,false,0.000000,execution_costs_v1.0,0.000000,0.000000,,,,
2024-09-12,SEDG,BBG0084BC0P2,30,true,19.270000,18.150000,0.726518,-5.812143,false,0.000000,execution_costs_v1.0,0.000000,0.000000,,,,
2024-09-12,SEE,BBG001SBSZ95,2,false,33.240000,33.190000,0.722022,-0.150421,false,0.000000,execution_costs_v1.0,0.000000,0.000000,,,,
2024-09-12,SEIC,BBG001S5VZJ3,0,false,66.360000,66.600000,0.761001,0.361664,false,0.000000,execution_costs_v1.0,0.000000,0.000000,,,,
2024-09-12,SEM,BBG001SMLRT4,0,false,34.100000,34.660000,1.935484,1.642229,false,0.000000,execution_costs_v1.0,0.000000,0.000000,,,,
2024-09-12,SEMR,BBG00Z6S6285,0,false,13.550000,13.490000,1.328413,-0.442804,false,0.000000,execution_costs_v1.0,0.000000,0.000000,,,,
2024-09-12,SENEA,BBG001S8L1W8,0,false,60.000000,60.120000,1.066667,0.200000,false,0.000000,execution_costs_v1.0,0.000000,0.000000,,,,
2024-09-12,SES,BBG00YMWPMV0,0,false,1.030000,1.040000,1.941748,0.970874,false,0.000000,execution_costs_v1.0,0.000000,0.000000,,,,
2024-09-12,SEZL,BBG00MKN0926,0,false,141.800000,149.250000,6.946403,5.253879,false,0.000000,execution_costs_v1.0,0.000000,0.000000,,,,
2024-09-12,SF,BBG001S5W081,0,false,84.200000,84.280000,0.546318,0.095012,false,0.000000,execution_costs_v1.0,0.000000,0.000000,,,,
2024-09-12,SFBS,BBG001T2HRB1,0,false,75.740000,76.400000,1.049644,0.871402,false,0.000000,execution_costs_v1.0,0.000000,0.000000,,,,
2024-09-12,SFIX,BBG0046L1KM8,0,false,3.630000,3.630000,0.275482,0.000000,false,0.000000,execution_costs_v1.0,0.000000,0.000000,,,,
2024-09-12,SFL,0001289877,0,false,10.820000,10.950000,2.102588,1.201479,false,0.000000,execution_costs_v1.0,0.000000,0.000000,,,,
2024-09-12,SFM,BBG001V0MZS0,1,false,101.130000,101.770000,1.156729,0.632849,false,0.000000,execution_costs_v1.0,0.000000,0.000000,,,,
2024-09-12,SFNC,BBG001S5W0T8,0,false,20.490000,20.440000,0.146413,-0.244021,false,0.000000,execution_costs_v1.0,0.000000,0.000000,,,,
2024-09-12,SG,BBG005NTTSQ8,10,true,32.380000,33.950000,5.620754,4.848672,false,0.000000,execution_costs_v1.0,0.000000,0.000000,,,,
2024-09-12,SGH,0001616533,0,false,19.110000,18.850000,0.680272,-1.360544,false,0.000000,execution_costs_v1.0,0.000000,0.000000,,,,
2024-09-12,SGHC,0001878057,0,false,3.510000,3.500000,0.712251,-0.284900,false,0.000000,execution_costs_v1.0,0.000000,0.000000,,,,
2024-09-12,SGHT,BBG006BZHZD6,0,false,6.640000,6.650000,1.204819,0.150602,false,0.000000,execution_costs_v1.0,0.000000,0.000000,,,,
2024-09-12,SGML,BBG0027F58B9,1,false,10.820000,10.240000,1.109057,-5.360444,false,0.000000,execution_costs_v1.0,0.000000,0.000000,,,,
2024-09-12,SGRY,BBG009T0TKW7,0,false,30.500000,29.970000,0.000000,-1.737705,false,0.000000,execution_costs_v1.0,0.000000,0.000000,,,,
2024-09-12,SGU,BBG001S7M0P9,0,false,12.500000,12.210000,0.000000,-2.320000,false,0.000000,execution_costs_v1.0,0.000000,0.000000,,,,
2024-09-12,SHAK,BBG0063GCHJ6,0,false,99.960000,101.800000,2.150860,1.840736,false,0.000000,execution_costs_v1.0,0.000000,0.000000,,,,
2024-09-12,SHBI,BBG001S9TSK2,0,false,13.870000,13.650000,0.000000,-1.586157,false,0.000000,execution_costs_v1.0,0.000000,0.000000,,,,
2024-09-12,SHC,BBG008LZG101,0,false,16.160000,16.470000,2.537129,1.918317,false,0.000000,execution_costs_v1.0,0.000000,0.000000,,,,
2024-09-12,SHCO,BBG011K3T3Q1,0,false,5.440000,5.370000,0.183824,-1.286765,false,0.000000,execution_costs_v1.0,0.000000,0.000000,,,,
2024-09-12,SHCR,BBG00XPPTB53,0,false,1.400000,1.400000,0.714286,0.000000,false,0.000000,execution_costs_v1.0,0.000000,0.000000,,,,
2024-09-12,SHEN,BBG001SG37M8,0,false,14.450000,14.810000,3.598616,2.491349,false,0.000000,execution_costs_v1.0,0.000000,0.000000,,,,
2024-09-12,SHLS,BBG00YQ82328,7,false,6.500000,6.480000,2.921538,-0.307692,false,0.000000,execution_costs_v1.0,0.000000,0.000000,,,,
2024-09-12,SHO,BBG001SM4XW6,0,false,9.930000,10.040000,1.309164,1.107754,false,0.000000,execution_costs_v1.0,0.000000,0.000000,,,,
2024-09-12,SHOO,BBG001S7JHQ5,0,false,43.770000,44.120000,0.845328,0.799634,false,0.000000,execution_costs_v1.0,0.000000,0.000000,,,,
2024-09-12,SHYF,BBG001S5W8H4,0,false,12.240000,12.280000,1.715686,0.326797,false,0.000000,execution_costs_v1.0,0.000000,0.000000,,,,
2024-09-12,SIBN,BBG001V0GNP7,0,false,15.270000,15.340000,1.702685,0.458415,false,0.000000,execution_costs_v1.0,0.000000,0.000000,,,,
2024-09-12,SIG,0000832988,16,true,89.850000,86.860000,3.739455,-3.327769,false,0.000000,execution_costs_v1.0,0.000000,0.000000,,,,
2024-09-12,SIGA,BBG001S80PZ5,1,false,7.540000,7.877500,5.172414,4.476127,false,0.000000,execution_costs_v1.0,0.000000,0.000000,,,,
2024-09-12,SIGI,BBG001S5W2R6,0,false,88.100000,89.690000,1.827469,1.804767,false,0.000000,execution_costs_v1.0,0.000000,0.000000,,,,
2024-09-12,SII,BBG001T2FK64,1,false,40.280000,40.920000,3.202582,1.588878,false,0.000000,execution_costs_v1.0,0.000000,0.000000,,,,
2024-09-12,SILK,BBG0026ZJRZ3,0,false,27.210000,27.270000,0.294010,0.220507,false,0.000000,execution_costs_v1.0,0.000000,0.000000,,,,
2024-09-12,SILV,BBG009XQLJF5,3,false,8.280000,8.900000,8.695652,7.487923,false,0.000000,execution_costs_v1.0,0.000000,0.000000,,,,
2024-09-12,SITC,BBG001S76RV1,0,false,57.750000,59.250000,2.692641,2.597403,false,0.000000,execution_costs_v1.0,0.000000,0.000000,,,,
2024-09-12,SITE,BBG009T22D67,0,false,132.950000,135.960000,2.421963,2.264009,false,0.000000,execution_costs_v1.0,0.000000,0.000000,,,,
2024-09-12,SITM,BBG00QNSY276,2,false,142.450000,141.530000,1.467181,-0.645841,false,0.000000,execution_costs_v1.0,0.000000,0.000000,,,,
2024-09-12,SJM,BBG001S5W3H5,0,false,117.260000,117.980000,0.677981,0.614020,false,0.000000,execution_costs_v1.0,0.000000,0.000000,,,,
2024-09-12,SJW,BBG001S5W3N8,0,false,58.240000,58.180000,0.489354,-0.103022,false,0.000000,execution_costs_v1.0,0.000000,0.000000,,,,
2024-09-12,SKE,BBG001S6LB05,0,false,8.000000,8.670000,9.000000,8.375000,false,0.000000,execution_costs_v1.0,0.000000,0.000000,,,,
2024-09-12,SKT,BBG001S7BZV7,0,false,30.850000,31.550000,2.431118,2.269044,false,0.000000,execution_costs_v1.0,0.000000,0.000000,,,,
2024-09-12,SKWD,BBG002QHKLR1,0,false,39.330000,39.290000,0.584795,-0.101704,false,0.000000,execution_costs_v1.0,0.000000,0.000000,,,,
2024-09-12,SKX,BBG001S5XTG8,0,false,65.780000,66.340000,1.140164,0.851323,false,0.000000,execution_costs_v1.0,0.000000,0.000000,,,,
2024-09-12,SKY,BBG001S5W456,0,false,87.960000,91.300000,4.762392,3.797181,false,0.000000,execution_costs_v1.0,0.000000,0.000000,,,,
2024-09-12,SKYT,BBG00ZS44MH2,1,false,9.410000,9.050000,0.000000,-3.825717,false,0.000000,execution_costs_v1.0,0.000000,0.000000,,,,
2024-09-12,SKYW,BBG001S5W465,1,false,75.450000,75.380000,1.309344,-0.092777,false,0.000000,execution_costs_v1.0,0.000000,0.000000,,,,
2024-09-12,SLAB,BBG001S5W492,0,false,107.860000,106.920000,0.310588,-0.871500,false,0.000000,execution_costs_v1.0,0.000000,0.000000,,,,
2024-09-12,SLG,BBG001S9Z1V2,1,false,67.000000,68.310000,3.223881,1.955224,false,0.000000,execution_costs_v1.0,0.000000,0.000000,,,,
2024-09-12,SLGN,BBG001S6VPD9,0,false,49.970000,50.000000,0.380228,0.060036,false,0.000000,execution_costs_v1.0,0.000000,0.000000,,,,
2024-09-12,SLM,BBG001S5W4T0,0,false,20.220000,20.890000,3.832839,3.313551,false,0.000000,execution_costs_v1.0,0.000000,0.000000,,,,
2024-09-12,SLNO,BBG0024L5B95,0,false,48.540000,49.720000,2.946024,2.430985,false,0.000000,execution_costs_v1.0,0.000000,0.000000,,,,
2024-09-12,SLP,BBG001S9TQV4,0,false,32.760000,32.230000,0.000000,-1.617827,false,0.000000,execution_costs_v1.0,0.000000,0.000000,,,,
2024-09-12,SLQT,BBG001SQZ7Z7,2,false,3.550000,3.590000,2.957746,1.126761,false,0.000000,execution_costs_v1.0,0.000000,0.000000,,,,
2024-09-12,SLRC,BBG001T1Q8N2,0,false,15.680000,15.580000,0.446429,-0.637755,false,0.000000,execution_costs_v1.0,0.000000,0.000000,,,,
2024-09-12,SLRN,BBG00YJKJ8J2,0,false,5.030000,4.980000,0.198807,-0.994036,false,0.000000,execution_costs_v1.0,0.000000,0.000000,,,,
2024-09-12,SLSR,BBG00L8NLS36,0,false,2.200000,2.250000,3.409091,2.272727,false,0.000000,execution_costs_v1.0,0.000000,0.000000,,,,
2024-09-12,SLVM,BBG0122M8040,0,false,74.410000,74.720000,1.948663,0.416611,false,0.000000,execution_costs_v1.0,0.000000,0.000000,,,,
2024-09-12,SM,BBG001S6W0J7,0,false,38.930000,38.770000,1.515541,-0.410994,false,0.000000,execution_costs_v1.0,0.000000,0.000000,,,,
2024-09-12,SMAR,BBG00GQK3WC4,0,false,50.970000,50.580000,0.605847,-0.765156,false,0.000000,execution_costs_v1.0,0.000000,0.000000,,,,
2024-09-12,SMBC,BBG001S7WWN0,0,false,56.005000,54.130000,0.000000,-3.347915,false,0.000000,execution_costs_v1.0,0.000000,0.000000,,,,
2024-09-12,SMBK,BBG001SDRQW6,0,false,28.770000,28.740000,0.156413,-0.104275,false,0.000000,execution_costs_v1.0,0.000000,0.000000,,,,
2024-09-12,SMG,BBG001S5W5H0,2,false,66.420000,66.450000,0.918398,0.045167,false,0.000000,execution_costs_v1.0,0.000000,0.000000,,,,
2024-09-12,SMP,BBG001S5W5Z0,0,false,31.800000,32.040000,1.053459,0.754717,false,0.000000,execution_costs_v1.0,0.000000,0.000000,,,,
2024-09-12,SMPL,BBG00GVP5JM3,0,false,33.380000,33.360000,0.659077,-0.059916,false,0.000000,execution_costs_v1.0,0.000000,0.000000,,,,
2024-09-12,SMR,BBG00YG48PG8,43,true,8.750000,8.640000,1.028571,-1.257143,false,0.000000,execution_costs_v1.0,0.000000,0.000000,,,,
2024-09-12,SMRT,BBG00Z0H9PZ1,0,false,1.690000,1.750000,5.029586,3.550296,false,0.000000,execution_costs_v1.0,0.000000,0.000000,,,,
2024-09-12,SMTC,BBG001S7TWW4,2,false,40.760000,40.570000,1.962709,-0.466143,false,0.000000,execution_costs_v1.0,0.000000,0.000000,,,,
2024-09-12,SMWB,0001842731,0,false,9.430000,9.550000,2.332980,1.272534,false,0.000000,execution_costs_v1.0,0.000000,0.000000,,,,
2024-09-12,SN,0001957132,0,false,100.000000,101.770000,2.170000,1.770000,false,0.000000,execution_costs_v1.0,0.000000,0.000000,,,,
2024-09-12,SNA,BBG001S5W688,0,false,277.090000,277.770000,0.306760,0.245408,false,0.000000,execution_costs_v1.0,0.000000,0.000000,,,,
2024-09-12,SNAP,BBG00441QMK5,34,true,9.000000,9.330000,4.888889,3.666667,false,0.000000,execution_costs_v1.0,0.000000,0.000000,,,,
2024-09-12,SNBR,BBG001SD3530,0,false,14.530000,15.150000,4.335857,4.267034,false,0.000000,execution_costs_v1.0,0.000000,0.000000,,,,
2024-09-12,SNCY,BBG00Z6F8D50,0,false,11.310000,11.170000,0.574713,-1.237843,false,0.000000,execution_costs_v1.0,0.000000,0.000000,,,,
2024-09-12,SNDA,BBG001SBCJQ9,0,false,26.270000,26.190000,0.428245,-0.304530,false,0.000000,execution_costs_v1.0,0.000000,0.000000,,,,
2024-09-12,SNDL,BBG00PNJJW51,3,false,2.070000,2.080000,1.449275,0.483092,false,0.000000,execution_costs_v1.0,0.000000,0.000000,,,,
2024-09-12,SNDR,BBG001SF1R75,0,false,26.930000,27.170000,1.002599,0.891199,false,0.000000,execution_costs_v1.0,0.000000,0.000000,,,,
2024-09-12,SNDX,BBG001T92272,0,false,18.480000,18.010000,0.865801,-2.543290,false,0.000000,execution_costs_v1.0,0.000000,0.000000,,,,
2024-09-12,SNEX,BBG001S5RD07,0,false,78.370000,78.190000,1.033559,-0.229680,false,0.000000,execution_costs_v1.0,0.000000,0.000000,,,,
2024-09-12,SNV,BBG001S5S3G1,0,false,42.970000,43.700000,1.768676,1.698860,false,0.000000,execution_costs_v1.0,0.000000,0.000000,,,,
2024-09-12,SNX,BBG001SFQWB2,0,false,110.560000,110.970000,1.202967,0.370839,false,0.000000,execution_costs_v1.0,0.000000,0.000000,,,,
2024-09-12,SOC,BBG00Z6F4C29,0,false,20.690000,21.190000,4.398260,2.416626,false,0.000000,execution_costs_v1.0,0.000000,0.000000,,,,
2024-09-12,SOFI,BBG00YB1ZF08,50,true,7.290000,7.450000,3.017833,2.194787,false,0.000000,execution_costs_v1.0,0.000000,0.000000,,,,
2024-09-12,SOHU,BBG00L2DB5V4,0,false,15.305000,15.280000,1.274093,-0.163345,false,0.000000,execution_costs_v1.0,0.000000,0.000000,,,,
2024-09-12,SOI,BBG00G7D6CQ7,0,false,,,,,false,0.000000,execution_costs_v1.0,,,,,,
2024-09-12,SON,BBG001S7M9F1,0,false,53.910000,54.280000,0.741977,0.686329,false,0.000000,execution_costs_v1.0,0.000000,0.000000,,,,
2024-09-12,SONO,BBG001SRR9R9,0,false,11.170000,11.250000,3.043868,0.716204,false,0.000000,execution_costs_v1.0,0.000000,0.000000,,,,
2024-09-12,SOUN,BBG017304PD5,46,true,4.880000,4.870000,1.024590,-0.204918,false,0.000000,execution_costs_v1.0,0.000000,0.000000,,,,
2024-09-12,SPB,BBG001S63S71,0,false,89.170000,90.290000,1.491533,1.256028,false,0.000000,execution_costs_v1.0,0.000000,0.000000,,,,
2024-09-12,SPCE,BBG00HTN2DF3,6,false,6.280000,6.280000,2.627389,0.000000,false,0.000000,execution_costs_v1.0,0.000000,0.000000,,,,
2024-09-12,SPFI,BBG001SN2YN4,0,false,32.630000,32.510000,0.337113,-0.367760,false,0.000000,execution_costs_v1.0,0.000000,0.000000,,,,
2024-09-12,SPH,BBG001S6DDV6,0,false,17.740000,17.840000,3.043968,0.563698,false,0.000000,execution_costs_v1.0,0.000000,0.000000,,,,
2024-09-12,SPHR,BBG00L9HLWW7,2,false,41.770000,41.400000,2.705291,-0.885803,false,0.000000,execution_costs_v1.0,0.000000,0.000000,,,,
2024-09-12,SPLP,BBG001V0XZR9,0,false,40.663100,40.550000,1.566285,-0.278139,false,0.000000,execution_costs_v1.0,0.000000,0.000000,,,,
2024-09-12,SPNS,0000885740,0,false,35.450000,35.490000,0.564175,0.112835,false,0.000000,execution_costs_v1.0,0.000000,0.000000,,,,
2024-09-12,SPNT,0001576018,0,false,14.000000,13.950000,0.392857,-0.357143,false,0.000000,execution_costs_v1.0,0.000000,0.000000,,,,
2024-09-12,SPR,BBG001SKF1N8,0,false,33.790000,33.710000,0.443918,-0.236756,false,0.000000,execution_costs_v1.0,0.000000,0.000000,,,,
2024-09-12,SPRY,BBG00FZQGXH2,0,false,12.020000,12.640000,5.158070,5.158070,false,0.000000,execution_costs_v1.0,0.000000,0.000000,,,,
2024-09-12,SPSC,BBG001T65R07,1,false,188.430000,188.170000,0.273311,-0.137982,false,0.000000,execution_costs_v1.0,0.000000,0.000000,,,,
2024-09-12,SPT,BBG001V0K3F7,1,false,26.190000,26.810000,3.741886,2.367316,false,0.000000,execution_costs_v1.0,0.000000,0.000000,,,,
2024-09-12,SPTN,BBG001S7LC92,0,false,21.100000,21.520000,2.843602,1.990521,false,0.000000,execution_costs_v1.0,0.000000,0.000000,,,,
2024-09-12,SPXC,BBG001S5W9N5,0,false,145.290000,148.745000,2.470920,2.378003,false,0.000000,execution_costs_v1.0,0.000000,0.000000,,,,
2024-09-12,SQSP,BBG00389GQ82,0,false,46.300000,46.300000,0.010799,0.000000,false,0.000000,execution_costs_v1.0,0.000000,0.000000,,,,
2024-09-12,SR,BBG001S5SSD9,0,false,64.720000,65.010000,1.189740,0.448084,false,0.000000,execution_costs_v1.0,0.000000,0.000000,,,,
2024-09-12,SRAD,0001836470,0,false,11.580000,11.605000,1.295337,0.215889,false,0.000000,execution_costs_v1.0,0.000000,0.000000,,,,
2024-09-12,SRCE,BBG001S5WB32,0,false,57.920000,57.980000,0.517956,0.103591,false,0.000000,execution_costs_v1.0,0.000000,0.000000,,,,
2024-09-12,SRCL,BBG001S7P0T2,0,false,61.720000,61.700000,0.081011,-0.032404,false,0.000000,execution_costs_v1.0,0.000000,0.000000,,,,
2024-09-12,SRDX,BBG001SBL623,0,false,39.200000,39.010000,0.051020,-0.484694,false,0.000000,execution_costs_v1.0,0.000000,0.000000,,,,
2024-09-12,SRI,BBG001S5RX58,0,false,12.270000,12.020000,0.162999,-2.037490,false,0.000000,execution_costs_v1.0,0.000000,0.000000,,,,
2024-09-12,SRPT,BBG001S6KJC6,0,false,128.000000,125.350000,0.000000,-2.070313,false,0.000000,execution_costs_v1.0,0.000000,0.000000,,,,
2024-09-12,SRRK,BBG00KT2RSD4,0,false,8.680000,8.250000,0.000000,-4.953917,false,0.000000,execution_costs_v1.0,0.000000,0.000000,,,,
2024-09-12,SSB,BBG001S9J7Z3,0,false,92.190000,92.530000,0.596594,0.368804,false,0.000000,execution_costs_v1.0,0.000000,0.000000,,,,
2024-09-12,SSD,BBG001SB9QN0,0,false,173.160000,174.430000,1.326519,0.733426,false,0.000000,execution_costs_v1.0,0.000000,0.000000,,,,
2024-09-12,SSRM,BBG001S6JSX5,3,false,5.400000,5.800000,8.703704,7.407407,false,0.000000,execution_costs_v1.0,0.000000,0.000000,,,,
2024-09-12,SSTK,BBG002ZCK3M7,0,false,33.530000,32.510000,1.073665,-3.042052,false,0.000000,execution_costs_v1.0,0.000000,0.000000,,,,
2024-09-12,SSYS,0001517396,1,false,6.850000,7.070000,4.379562,3.211679,false,0.000000,execution_costs_v1.0,0.000000,0.000000,,,,
2024-09-12,ST,0001477294,0,false,34.610000,34.150000,0.115574,-1.329096,false,0.000000,execution_costs_v1.0,0.000000,0.000000,,,,
2024-09-12,STAA,BBG001S6MC39,0,false,30.320000,29.970000,0.659631,-1.154354,false,0.000000,execution_costs_v1.0,0.000000,0.000000,,,,
2024-09-12,STAG,BBG001T9F312,1,false,39.190000,39.300000,0.408267,0.280684,false,0.000000,execution_costs_v1.0,0.000000,0.000000,,,,
2024-09-12,STBA,BBG001S68QG0,0,false,41.170000,41.140000,6.703668,-0.072869,false,0.000000,execution_costs_v1.0,0.000000,0.000000,,,,
2024-09-12,STC,BBG001S7KRL6,0,false,70.790000,71.530000,1.624523,1.045345,false,0.000000,execution_costs_v1.0,0.000000,0.000000,,,,
2024-09-12,STEL,BBG00HZ69LD0,0,false,26.150000,26.170000,0.535373,0.076482,false,0.000000,execution_costs_v1.0,0.000000,0.000000,,,,
2024-09-12,STEP,BBG00WXXV0W0,0,false,51.560000,51.870000,0.698216,0.601241,false,0.000000,execution_costs_v1.0,0.000000,0.000000,,,,
2024-09-12,STER,BBG012BTZSC5,0,false,16.330000,16.340000,0.551133,0.061237,false,0.000000,execution_costs_v1.0,0.000000,0.000000,,,,
2024-09-12,STGW,BBG00ZV0HW08,0,false,6.980000,7.055000,1.575931,1.074499,false,0.000000,execution_costs_v1.0,0.000000,0.000000,,,,
2024-09-12,STKL,BBG001S6V9S9,0,false,6.300000,6.425000,2.857143,1.984127,false,0.000000,execution_costs_v1.0,0.000000,0.000000,,,,
2024-09-12,STN,BBG001S6JJQ3,0,false,77.370000,78.130000,1.214941,0.982293,false,0.000000,execution_costs_v1.0,0.000000,0.000000,,,,
2024-09-12,STNE,0001745431,4,false,11.960000,11.910000,2.842809,-0.418060,false,0.000000,execution_costs_v1.0,0.000000,0.000000,,,,
2024-09-12,STNG,0001483934,0,false,67.710000,67.620000,1.403042,-0.132920,false,0.000000,execution_costs_v1.0,0.000000,0.000000,,,,
2024-09-12,STOK,BBG00JPCBPH8,1,false,14.830000,13.700000,0.269724,-7.619690,false,0.000000,execution_costs_v1.0,0.000000,0.000000,,,,
2024-09-12,STR,BBG01C36Y873,0,false,21.120000,21.171000,0.994318,0.241477,false,0.000000,execution_costs_v1.0,0.000000,0.000000,,,,
2024-09-12,STRA,BBG001S90RW2,0,false,92.910000,93.070000,0.613497,0.172210,false,0.000000,execution_costs_v1.0,0.000000,0.000000,,,,
2024-09-12,STRL,BBG001SC9C40,0,false,117.790000,123.205000,4.839120,4.597164,false,0.000000,execution_costs_v1.0,0.000000,0.000000,,,,
2024-09-12,STVN,0001849853,0,false,20.070000,19.260200,2.640757,-4.034878,false,0.000000,execution_costs_v1.0,0.000000,0.000000,,,,
2024-09-12,STWD,BBG001T4JCN5,4,false,19.600000,19.925000,1.683673,1.658163,false,0.000000,execution_costs_v1.0,0.000000,0.000000,,,,
2024-09-12,SUM,BBG006K8P6F9,1,false,36.290000,37.530000,3.968035,3.416919,false,0.000000,execution_costs_v1.0,0.000000,0.000000,,,,
2024-09-12,SUN,BBG00358K8T9,0,false,52.450000,53.320000,2.631077,1.658723,false,0.000000,execution_costs_v1.0,0.000000,0.000000,,,,
2024-09-12,SUPN,BBG001SFKFF1,0,false,31.240000,30.880000,1.056338,-1.152369,false,0.000000,execution_costs_v1.0,0.000000,0.000000,,,,
2024-09-12,SUPV,BBG00BTHJ014,3,false,7.860000,8.180000,5.025445,4.071247,false,0.000000,execution_costs_v1.0,0.000000,0.000000,,,,
2024-09-12,SVC,BBG001S81XC2,0,false,4.430000,4.595000,5.981941,3.724605,false,0.000000,execution_costs_v1.0,0.000000,0.000000,,,,
2024-09-12,SVM,BBG001S6YR97,7,false,3.470000,3.710000,7.492795,6.916427,false,0.000000,execution_costs_v1.0,0.000000,0.000000,,,,
2024-09-12,SVRA,BBG001SFTVM9,1,false,4.290000,4.235000,0.932401,-1.282051,false,0.000000,execution_costs_v1.0,0.000000,0.000000,,,,
2024-09-12,SVV,BBG01F5T0LT8,0,false,8.770000,9.000000,2.736602,2.622577,false,0.000000,execution_costs_v1.0,0.000000,0.000000,,,,
2024-09-12,SWBI,BBG001S6MNG1,0,false,12.520000,12.850000,3.434505,2.635783,false,0.000000,execution_costs_v1.0,0.000000,0.000000,,,,
2024-09-12,SWI,BBG00M1CKT98,0,false,12.310000,12.360000,1.543461,0.406174,false,0.000000,execution_costs_v1.0,0.000000,0.000000,,,,
2024-09-12,SWIM,BBG00ZVXLJB8,0,false,6.180000,6.160000,1.779935,-0.323625,false,0.000000,execution_costs_v1.0,0.000000,0.000000,,,,
2024-09-12,SWN,BBG001S5WHW7,1,false,6.230000,6.190000,0.160514,-0.642055,false,0.000000,execution_costs_v1.0,0.000000,0.000000,,,,
2024-09-12,SWTX,BBG00Q011TX8,0,false,38.600000,35.960000,0.284974,-6.839378,false,0.000000,execution_costs_v1.0,0.000000,0.000000,,,,
2024-09-12,SWX,BBG00FWP4JX3,0,false,69.880000,69.950000,0.100172,0.100172,false,0.000000,execution_costs_v1.0,0.000000,0.000000,,,,
2024-09-12,SXC,BBG001T90D25,0,false,7.790000,7.760000,1.269576,-0.385109,false,0.000000,execution_costs_v1.0,0.000000,0.000000,,,,
2024-09-12,SXI,BBG001S5WJ53,0,false,166.670000,167.660000,0.752985,0.593988,false,0.000000,execution_costs_v1.0,0.000000,0.000000,,,,
2024-09-12,SXT,BBG001SF0100,0,false,74.150000,73.790000,0.134862,-0.485502,false,0.000000,execution_costs_v1.0,0.000000,0.000000,,,,
2024-09-12,SYBT,BBG001SBG219,0,false,58.240000,58.400000,0.394918,0.274725,false,0.000000,execution_costs_v1.0,0.000000,0.000000,,,,
2024-09-12,SYM,BBG00Z72HCX9,9,false,19.380000,20.510000,9.133127,5.830753,false,0.000000,execution_costs_v1.0,0.000000,0.000000,,,,
2024-09-12,SYNA,BBG001SCDXM9,1,false,72.220000,71.290000,0.027693,-1.287732,false,0.000000,execution_costs_v1.0,0.000000,0.000000,,,,
2024-09-12,SYRE,BBG0067L94C1,0,false,28.950000,28.430000,2.659758,-1.796200,false,0.000000,execution_costs_v1.0,0.000000,0.000000,,,,
2024-09-12,TAC,BBG001S5WJZ0,0,false,9.050000,9.130000,1.436464,0.883978,false,0.000000,execution_costs_v1.0,0.000000,0.000000,,,,
2024-09-12,TALK,BBG00V317329,0,false,1.810000,1.850000,2.209945,2.209945,false,0.000000,execution_costs_v1.0,0.000000,0.000000,,,,
2024-09-12,TALO,BBG00JPH4JG0,1,false,10.910000,10.960000,1.649863,0.458295,false,0.000000,execution_costs_v1.0,0.000000,0.000000,,,,
2024-09-12,TAP,BBG001S5VQ21,0,false,53.600000,54.310000,1.483209,1.324627,false,0.000000,execution_costs_v1.0,0.000000,0.000000,,,,
2024-09-12,TARS,BBG00RB9BNR6,0,false,31.700000,31.700000,1.324921,0.000000,false,0.000000,execution_costs_v1.0,0.000000,0.000000,,,,
2024-09-12,TASK,BBG009CL6VL2,0,false,12.230000,12.380000,1.553557,1.226492,false,0.000000,execution_costs_v1.0,0.000000,0.000000,,,,
2024-09-12,TBBB,0001978954,0,false,29.360000,30.030000,2.469346,2.282016,false,0.000000,execution_costs_v1.0,0.000000,0.000000,,,,
2024-09-12,TBBK,BBG001SM71W3,0,false,47.270000,47.580000,1.491432,0.655807,false,0.000000,execution_costs_v1.0,0.000000,0.000000,,,,
2024-09-12,TBLA,0001840502,0,false,3.220000,3.320000,4.347826,3.105590,false,0.000000,execution_costs_v1.0,0.000000,0.000000,,,,
2024-09-12,TBLD,BBG011K2MTF5,0,false,17.500000,17.330000,0.056571,-0.971429,false,0.000000,execution_costs_v1.0,0.000000,0.000000,,,,
2024-09-12,TBPH,0001583107,0,false,8.150000,8.115000,0.122699,-0.429448,false,0.000000,execution_costs_v1.0,0.000000,0.000000,,,,
2024-09-12,TCBI,BBG001SJ1VS5,0,false,68.340000,68.225000,0.000000,-0.168276,false,0.000000,execution_costs_v1.0,0.000000,0.000000,,,,
2024-09-12,TCBK,BBG001S78RY6,0,false,42.040000,41.855000,1.748335,-0.440057,false,0.000000,execution_costs_v1.0,0.000000,0.000000,,,,
2024-09-12,TCBX,BBG009W8YNX3,0,false,25.205000,25.250000,0.357072,0.178536,false,0.000000,execution_costs_v1.0,0.000000,0.000000,,,,
2024-09-12,TCMD,BBG001THH5G1,0,false,13.240000,13.240000,0.226586,0.000000,false,0.000000,execution_costs_v1.0,0.000000,0.000000,,,,
2024-09-12,TCPC,BBG001V17VG7,0,false,9.240000,8.940000,0.000000,-3.246753,false,0.000000,execution_costs_v1.0,0.000000,0.000000,,,,
2024-09-12,TCS,BBG005CHSS41,0,false,10.250000,10.040000,3.218537,-2.048780,false,0.000000,execution_costs_v1.0,0.000000,0.000000,,,,
2024-09-12,TDC,BBG001SPRJ28,0,false,27.770000,27.770000,0.648181,0.000000,false,0.000000,execution_costs_v1.0,0.000000,0.000000,,,,
2024-09-12,TDOC,BBG001TG5PC6,5,false,7.300000,7.630000,5.547945,4.520548,false,0.000000,execution_costs_v1.0,0.000000,0.000000,,,,
2024-09-12,TDS,BBG001S5WM29,0,false,22.790000,23.170000,3.159280,1.667398,false,0.000000,execution_costs_v1.0,0.000000,0.000000,,,,
2024-09-12,TDW,BBG00HBQ36G8,0,false,70.300000,70.660000,3.556188,0.512091,false,0.000000,execution_costs_v1.0,0.000000,0.000000,,,,
2024-09-12,TECH,BBG001S66C28,0,false,73.260000,73.210000,0.477750,-0.068250,false,0.000000,execution_costs_v1.0,0.000000,0.000000,,,,
2024-09-12,TELL,BBG001S5TB09,2,false,0.918600,0.920300,0.903549,0.185064,false,0.000000,execution_costs_v1.0,0.000000,0.000000,,,,
2024-09-12,TENB,BBG00LBLCDR3,0,false,39.260000,39.500000,0.662252,0.611309,false,0.000000,execution_costs_v1.0,0.000000,0.000000,,,,
2024-09-12,TERN,BBG00KK1SJ17,3,false,10.850000,9.520000,1.382488,-12.258065,false,0.000000,execution_costs_v1.0,0.000000,0.000000,,,,
2024-09-12,TEX,BBG001S6PZQ0,0,false,50.600000,50.740000,0.988142,0.276680,false,0.000000,execution_costs_v1.0,0.000000,0.000000,,,,
2024-09-12,TFII,BBG001SCQG15,0,false,143.000000,142.820000,0.090909,-0.125874,false,0.000000,execution_costs_v1.0,0.000000,0.000000,,,,
2024-09-12,TFIN,BBG001SNKPZ0,0,false,78.670000,79.390000,0.991483,0.915215,false,0.000000,execution_costs_v1.0,0.000000,0.000000,,,,
2024-09-12,TFPM,BBG00QRZMFT6,0,false,16.000000,16.540000,4.000000,3.375000,false,0.000000,execution_costs_v1.0,0.000000,0.000000,,,,
2024-09-12,TFSL,BBG001SKZF64,0,false,12.820000,12.950000,1.248050,1.014041,false,0.000000,execution_costs_v1.0,0.000000,0.000000,,,,
2024-09-12,TFX,BBG001S5WNP2,0,false,244.090000,242.810000,0.217133,-0.524397,false,0.000000,execution_costs_v1.0,0.000000,0.000000,,,,
2024-09-12,TGB,BBG001S60ML1,3,false,1.980000,2.050000,4.545455,3.535354,false,0.000000,execution_costs_v1.0,0.000000,0.000000,,,,
2024-09-12,TGI,BBG001S6MWK6,0,false,13.210000,13.590000,3.292960,2.876609,false,0.000000,execution_costs_v1.0,0.000000,0.000000,,,,
2024-09-12,TGLS,0001534675,0,false,60.390000,64.390000,6.706408,6.623613,false,0.000000,execution_costs_v1.0,0.000000,0.000000,,,,
2024-09-12,TGNA,BBG001S5RHD4,0,false,13.880000,13.920000,0.864553,0.288184,false,0.000000,execution_costs_v1.0,0.000000,0.000000,,,,
2024-09-12,TGTX,BBG001S8NH06,5,false,22.850000,23.190000,4.551422,1.487965,false,0.000000,execution_costs_v1.0,0.000000,0.000000,,,,
2024-09-12,TH,BBG00K7K34Y4,0,false,9.830000,9.860000,1.271617,0.305188,false,0.000000,execution_costs_v1.0,0.000000,0.000000,,,,
2024-09-12,THFF,BBG001S6TD85,0,false,42.720000,42.610000,0.140449,-0.257491,false,0.000000,execution_costs_v1.0,0.000000,0.000000,,,,
2024-09-12,THG,BBG001S8KZF3,0,false,144.160000,145.630000,1.394284,1.019700,false,0.000000,execution_costs_v1.0,0.000000,0.000000,,,,
2024-09-12,THO,BBG001S5WPH6,0,false,99.200000,97.940000,0.000000,-1.270161,false,0.000000,execution_costs_v1.0,0.000000,0.000000,,,,
2024-09-12,THR,BBG001V0BDC8,0,false,28.110000,28.160000,1.849875,0.177873,false,0.000000,execution_costs_v1.0,0.000000,0.000000,,,,
2024-09-12,THRD,BBG00Z14GXC9,0,false,13.000000,13.250000,4.230769,1.923077,false,0.000000,execution_costs_v1.0,0.000000,0.000000,,,,
2024-09-12,THRM,BBG001SF8XY5,0,false,45.900000,46.100000,1.764706,0.435730,false,0.000000,execution_costs_v1.0,0.000000,0.000000,,,,
2024-09-12,THRY,BBG00FWL3JY2,0,false,17.380000,17.930000,3.711162,3.164557,false,0.000000,execution_costs_v1.0,0.000000,0.000000,,,,
2024-09-12,THS,BBG001SP0625,0,false,40.860000,41.640000,1.957905,1.908957,false,0.000000,execution_costs_v1.0,0.000000,0.000000,,,,
2024-09-12,TIGO,0000912958,0,false,26.450000,26.720000,1.398866,1.020794,false,0.000000,execution_costs_v1.0,0.000000,0.000000,,,,
2024-09-12,TIGR,BBG00NG4GWB3,0,false,3.520000,3.450000,0.284091,-1.988636,false,0.000000,execution_costs_v1.0,0.000000,0.000000,,,,
2024-09-12,TILE,BBG001S5S5S3,0,false,18.070000,18.220000,2.296624,0.830105,false,0.000000,execution_costs_v1.0,0.000000,0.000000,,,,
2024-09-12,TIPT,BBG001ST0XR1,0,false,18.870000,19.010000,1.218866,0.741918,false,0.000000,execution_costs_v1.0,0.000000,0.000000,,,,
2024-09-12,TIXT,BBG00YTSTFR8,0,false,3.730000,3.650000,0.000000,-2.144772,false,0.000000,execution_costs_v1.0,0.000000,0.000000,,,,
2024-09-12,TK,0000911971,1,false,8.420000,8.570000,2.731591,1.781473,false,0.000000,execution_costs_v1.0,0.000000,0.000000,,,,
2024-09-12,TKO,BBG01G9JKWW4,0,false,114.000000,114.970000,1.157895,0.850877,false,0.000000,execution_costs_v1.0,0.000000,0.000000,,,,
2024-09-12,TKR,BBG001S5WQK0,0,false,79.060000,78.770000,0.430053,-0.366810,false,0.000000,execution_costs_v1.0,0.000000,0.000000,,,,
2024-09-12,TLRY,BBG00L7XTPY9,19,true,1.720000,1.700000,1.162791,-1.162791,false,0.000000,execution_costs_v1.0,0.000000,0.000000,,,,
2024-09-12,TMCI,BBG00GQKR6N3,0,false,5.210000,5.050000,3.934741,-3.071017,false,0.000000,execution_costs_v1.0,0.000000,0.000000,,,,
2024-09-12,TMDX,BBG00NZ6J701,1,false,143.430000,149.140000,6.665272,3.981036,false,0.000000,execution_costs_v1.0,0.000000,0.000000,,,,
2024-09-12,TMHC,BBG003PGJJF2,0,false,63.980000,65.310000,3.297906,2.078775,false,0.000000,execution_costs_v1.0,0.000000,0.000000,,,,
2024-09-12,TMP,BBG001S9JTL0,0,false,56.040000,56.060000,0.240899,0.035689,false,0.000000,execution_costs_v1.0,0.000000,0.000000,,,,
2024-09-12,TNC,BBG001SCHFK6,0,false,91.320000,91.310000,0.427070,-0.010951,false,0.000000,execution_costs_v1.0,0.000000,0.000000,,,,
2024-09-12,TNDM,BBG001TG5QC4,0,false,42.750000,43.760000,5.497076,2.362573,false,0.000000,execution_costs_v1.0,0.000000,0.000000,,,,
2024-09-12,TNET,BBG001SDZPT3,0,false,95.840000,95.970000,0.521703,0.135643,false,0.000000,execution_costs_v1.0,0.000000,0.000000,,,,
2024-09-12,TNGX,BBG00WFDDSK6,0,false,9.690000,10.000000,5.469556,3.199174,false,0.000000,execution_costs_v1.0,0.000000,0.000000,,,,
2024-09-12,TNK,0001419945,0,false,54.390000,55.030000,2.500460,1.176687,false,0.000000,execution_costs_v1.0,0.000000,0.000000,,,,
2024-09-12,TNL,BBG001SN4127,0,false,42.080000,42.280000,0.712928,0.475285,false,0.000000,execution_costs_v1.0,0.000000,0.000000,,,,
2024-09-12,TOL,BBG001S5WT15,2,false,140.080000,144.850000,3.840662,3.405197,false,0.000000,execution_costs_v1.0,0.000000,0.000000,,,,
2024-09-12,TOST,BBG00BTJVKB1,1,false,25.100000,26.090000,4.462151,3.944223,false,0.000000,execution_costs_v1.0,0.000000,0.000000,,,,
2024-09-12,TOWN,BBG001S5WTN1,0,false,33.090000,32.970000,0.332427,-0.362647,false,0.000000,execution_costs_v1.0,0.000000,0.000000,,,,
2024-09-12,TPB,BBG001T99T94,0,false,38.390000,39.310000,3.334202,2.396457,false,0.000000,execution_costs_v1.0,0.000000,0.000000,,,,
2024-09-12,TPC,BBG001S5V297,0,false,22.910000,23.310000,3.841117,1.745962,false,0.000000,execution_costs_v1.0,0.000000,0.000000,,,,
2024-09-12,TPG,BBG0145FSQD9,0,false,51.670000,53.950000,4.528740,4.412619,false,0.000000,execution_costs_v1.0,0.000000,0.000000,,,,
2024-09-12,TPH,BBG001TCN6V6,0,false,42.250000,42.940000,2.650888,1.633136,false,0.000000,execution_costs_v1.0,0.000000,0.000000,,,,
2024-09-12,TPR,BBG001SFH7D5,0,false,41.840000,42.030000,1.147228,0.454111,false,0.000000,execution_costs_v1.0,0.000000,0.000000,,,,
2024-09-12,TPX,BBG001SH81D4,0,false,48.610000,49.190000,1.995474,1.193170,false,0.000000,execution_costs_v1.0,0.000000,0.000000,,,,
2024-09-12,TR,BBG001S5WV29,0,false,32.080000,32.530000,1.402743,1.402743,false,0.000000,execution_costs_v1.0,0.000000,0.000000,,,,
2024-09-12,TRAK,BBG001SK6032,0,false,19.100000,19.190000,1.884817,0.471204,false,0.000000,execution_costs_v1.0,0.000000,0.000000,,,,
2024-09-12,TRC,BBG001S5WV65,0,false,17.470000,17.685000,1.431025,1.230681,false,0.000000,execution_costs_v1.0,0.000000,0.000000,,,,
2024-09-12,TRDA,BBG00MTSMC25,0,false,14.980000,14.850000,1.668892,-0.867824,false,0.000000,execution_costs_v1.0,0.000000,0.000000,,,,
2024-09-12,TREE,BBG001SP2FG8,0,false,53.940000,54.450000,2.647757,0.945495,false,0.000000,execution_costs_v1.0,0.000000,0.000000,,,,
2024-09-12,TREX,BBG001SB6TV8,0,false,63.750000,64.120000,1.098039,0.580392,false,0.000000,execution_costs_v1.0,0.000000,0.000000,,,,
2024-09-12,TRIN,BBG00T6WFZK3,1,false,13.900000,13.910000,0.251799,0.071942,false,0.000000,execution_costs_v1.0,0.000000,0.000000,,,,
2024-09-12,TRIP,BBG001V10VR2,1,false,13.443000,13.320000,0.424012,-0.914974,false,0.000000,execution_costs_v1.0,0.000000,0.000000,,,,
2024-09-12,TRMB,BBG001S5SZP0,0,false,55.110000,55.680000,1.242969,1.034295,false,0.000000,execution_costs_v1.0,0.000000,0.000000,,,,
2024-09-12,TRMD,0001655891,3,false,33.470000,33.670000,2.121303,0.597550,false,0.000000,execution_costs_v1.0,0.000000,0.000000,,,,
2024-09-12,TRMK,BBG001S6JGT6,0,false,31.610000,31.210000,0.000000,-1.265422,false,0.000000,execution_costs_v1.0,0.000000,0.000000,,,,
2024-09-12,TRML,BBG00NX995T1,1,false,18.010000,17.780000,2.704053,-1.277068,false,0.000000,execution_costs_v1.0,0.000000,0.000000,,,,
2024-09-12,TRN,BBG001S5WVT0,1,false,30.750000,30.750000,0.861789,0.000000,false,0.000000,execution_costs_v1.0,0.000000,0.000000,,,,
2024-09-12,TRNO,BBG001T60PW1,0,false,68.230000,68.570000,0.630221,0.498315,false,0.000000,execution_costs_v1.0,0.000000,0.000000,,,,
2024-09-12,TRNS,BBG001S5WVW6,0,false,120.770000,122.960000,2.016229,1.813364,false,0.000000,execution_costs_v1.0,0.000000,0.000000,,,,
2024-09-12,TROO,0001412095,0,false,4.100000,3.710000,0.000000,-9.512195,false,0.000000,execution_costs_v1.0,0.000000,0.000000,,,,
2024-09-12,TROX,0001530804,0,false,11.830000,11.700000,0.169062,-1.098901,false,0.000000,execution_costs_v1.0,0.000000,0.000000,,,,
2024-09-12,TRS,BBG001SKRBD4,0,false,24.890000,24.970000,0.562475,0.321414,false,0.000000,execution_costs_v1.0,0.000000,0.000000,,,,
2024-09-12,TRST,BBG001S5WWG2,0,false,32.600000,32.480000,0.153374,-0.368098,false,0.000000,execution_costs_v1.0,0.000000,0.000000,,,,
2024-09-12,TRTX,BBG00GKJ8CY8,0,false,8.800000,8.975000,2.329545,1.988636,false,0.000000,execution_costs_v1.0,0.000000,0.000000,,,,
2024-09-12,TRUP,BBG002BC7WF2,2,false,43.370000,44.565000,5.810468,2.755361,false,0.000000,execution_costs_v1.0,0.000000,0.000000,,,,
2024-09-12,TSEM,0000928876,0,false,42.430000,41.940000,0.035352,-1.154843,false,0.000000,execution_costs_v1.0,0.000000,0.000000,,,,
2024-09-12,TSHA,BBG00TJXFDQ0,2,false,2.340000,2.195000,0.000000,-6.196581,false,0.000000,execution_costs_v1.0,0.000000,0.000000,,,,
2024-09-12,TSLX,BBG001V064L4,0,false,21.170000,21.240000,0.661313,0.330657,false,0.000000,execution_costs_v1.0,0.000000,0.000000,,,,
2024-09-12,TTC,BBG001S5WX98,0,false,82.170000,82.960000,1.046611,0.961421,false,0.000000,execution_costs_v1.0,0.000000,0.000000,,,,
2024-09-12,TTEK,BBG001S5YYH5,0,false,46.550000,46.050000,0.300752,-1.074114,false,0.000000,execution_costs_v1.0,0.000000,0.000000,,,,
2024-09-12,TTGT,BBG001S9R748,0,false,23.770000,23.900000,0.673117,0.546908,false,0.000000,execution_costs_v1.0,0.000000,0.000000,,,,
2024-09-12,TTI,BBG001S5WXH9,0,false,2.800000,2.840000,4.107143,1.428571,false,0.000000,execution_costs_v1.0,0.000000,0.000000,,,,
2024-09-12,TTMI,BBG001SFJKF2,0,false,17.910000,18.070000,1.786711,0.893356,false,0.000000,execution_costs_v1.0,0.000000,0.000000,,,,
2024-09-12,TVTX,BBG001SL72C5,0,false,12.120000,12.610000,5.115512,4.042904,false,0.000000,execution_costs_v1.0,0.000000,0.000000,,,,
2024-09-12,TWI,BBG001S634F5,0,false,8.060000,8.050000,1.250620,-0.124069,false,0.000000,execution_costs_v1.0,0.000000,0.000000,,,,
2024-09-12,TWKS,BBG01282Z2S8,0,false,4.380000,4.390000,0.342466,0.228311,false,0.000000,execution_costs_v1.0,0.000000,0.000000,,,,
2024-09-12,TWLO,BBG0029ZX859,0,false,59.000000,59.150000,1.355932,0.254237,false,0.000000,execution_costs_v1.0,0.000000,0.000000,,,,
2024-09-12,TWO,BBG001T4RH00,0,false,13.720000,13.820000,0.911079,0.728863,false,0.000000,execution_costs_v1.0,0.000000,0.000000,,,,
2024-09-12,TWST,BBG006KDCHK2,0,false,44.410000,44.610000,1.283495,0.450349,false,0.000000,execution_costs_v1.0,0.000000,0.000000,,,,
2024-09-12,TXG,BBG007WX14Y9,1,false,22.200000,22.530000,3.558559,1.486486,false,0.000000,execution_costs_v1.0,0.000000,0.000000,,,,
2024-09-12,TXRH,BBG001SLR3C1,0,false,163.330000,161.840000,0.795935,-0.912264,false,0.000000,execution_costs_v1.0,0.000000,0.000000,,,,
2024-09-12,TYRA,BBG00RCQD9F9,0,false,20.330000,20.560000,1.819970,1.131333,false,0.000000,execution_costs_v1.0,0.000000,0.000000,,,,
2024-09-12,U,BBG0056JW5H5,17,true,17.230000,18.910000,13.435868,9.750435,false,0.000000,execution_costs_v1.0,0.000000,0.000000,,,,
2024-09-12,UAA,BBG001SJLLQ7,4,false,6.770000,7.310000,9.379616,7.976366,false,0.000000,execution_costs_v1.0,0.000000,0.000000,,,,
2024-09-12,UAN,BBG001TWQXN9,0,false,65.300000,66.920000,2.572741,2.480858,false,0.000000,execution_costs_v1.0,0.000000,0.000000,,,,
2024-09-12,UBSI,BBG001S5WZV8,0,false,36.410000,36.320000,1.689096,-0.247185,false,0.000000,execution_costs_v1.0,0.000000,0.000000,,,,
2024-09-12,UCAR,0001939780,0,false,6.345000,6.370000,2.132388,0.394011,false,0.000000,execution_costs_v1.0,0.000000,0.000000,,,,
2024-09-12,UCTT,BBG001SHTS06,0,false,33.980000,33.580000,0.941730,-1.177163,false,0.000000,execution_costs_v1.0,0.000000,0.000000,,,,
2024-09-12,UDMY,BBG0025DTRP3,0,false,7.790000,7.875000,2.053915,1.091142,false,0.000000,execution_costs_v1.0,0.000000,0.000000,,,,
2024-09-12,UE,BBG006BFYQP8,0,false,20.940000,21.290000,1.743075,1.671442,false,0.000000,execution_costs_v1.0,0.000000,0.000000,,,,
2024-09-12,UEC,BBG001SK6158,12,true,5.270000,5.235000,1.518027,-0.664137,false,0.000000,execution_costs_v1.0,0.000000,0.000000,,,,
2024-09-12,UFCS,BBG001S5X0J8,0,false,20.070000,20.050000,0.647733,-0.099651,false,0.000000,execution_costs_v1.0,0.000000,0.000000,,,,
2024-09-12,UFPI,BBG001S7GZG9,0,false,114.220000,117.440000,3.221853,2.819121,false,0.000000,execution_costs_v1.0,0.000000,0.000000,,,,
2024-09-12,UFPT,BBG001S79DN8,0,false,298.480000,302.010000,3.924886,1.182659,false,0.000000,execution_costs_v1.0,0.000000,0.000000,,,,
2024-09-12,UGI,BBG001S5X0W3,2,false,23.490000,23.490000,0.766284,0.000000,false,0.000000,execution_costs_v1.0,0.000000,0.000000,,,,
2024-09-12,UHAL.B,BBG01B6SGC20,0,false,67.280000,67.030000,0.000000,-0.371581,false,0.000000,execution_costs_v1.0,0.000000,0.000000,,,,
2024-09-12,UHT,BBG001S5X151,0,false,44.520000,45.380000,2.006065,1.931716,false,0.000000,execution_costs_v1.0,0.000000,0.000000,,,,
2024-09-12,UI,BBG001T1WDF3,0,false,200.000000,201.380000,0.750000,0.690000,false,0.000000,execution_costs_v1.0,0.000000,0.000000,,,,
2024-09-12,UIS,BBG001S5X1D2,1,false,5.220000,5.285000,2.107280,1.245211,false,0.000000,execution_costs_v1.0,0.000000,0.000000,,,,
2024-09-12,ULCC,BBG00GCTTKY4,1,false,4.190000,4.400000,6.921241,5.011933,false,0.000000,execution_costs_v1.0,0.000000,0.000000,,,,
2024-09-12,ULH,BBG001SK03X9,0,false,40.190000,40.940000,2.513063,1.866136,false,0.000000,execution_costs_v1.0,0.000000,0.000000,,,,
2024-09-12,UMBF,BBG001S7Y2T8,0,false,101.400000,101.920000,0.522682,0.512821,false,0.000000,execution_costs_v1.0,0.000000,0.000000,,,,
2024-09-12,UMH,BBG001S7JRQ3,0,false,19.820000,19.990000,1.488396,0.857719,false,0.000000,execution_costs_v1.0,0.000000,0.000000,,,,
2024-09-12,UNF,BBG001S5X2B2,0,false,184.520000,186.510000,1.403642,1.078474,false,0.000000,execution_costs_v1.0,0.000000,0.000000,,,,
2024-09-12,UNFI,BBG001S7B0Y1,0,false,14.670000,15.250000,5.112474,3.953647,false,0.000000,execution_costs_v1.0,0.000000,0.000000,,,,
2024-09-12,UNIT,BBG002B67HC1,0,false,5.310000,5.260000,0.564972,-0.941620,false,0.000000,execution_costs_v1.0,0.000000,0.000000,,,,
2024-09-12,UNM,BBG001S5X2J4,0,false,53.480000,54.470000,2.000748,1.851159,false,0.000000,execution_costs_v1.0,0.000000,0.000000,,,,
2024-09-12,UNTY,BBG001S5Q024,0,false,32.120000,31.950000,0.466999,-0.529265,false,0.000000,execution_costs_v1.0,0.000000,0.000000,,,,
2024-09-12,UP,BBG00XTV85M3,0,false,2.140000,2.190000,5.140187,2.336449,false,0.000000,execution_costs_v1.0,0.000000,0.000000,,,,
2024-09-12,UPBD,BBG001S6BR38,0,false,30.060000,29.820000,0.282768,-0.798403,false,0.000000,execution_costs_v1.0,0.000000,0.000000,,,,
2024-09-12,UPST,BBG00PKCBY62,29,true,35.140000,36.090000,5.947638,2.703472,false,0.000000,execution_costs_v1.0,0.000000,0.000000,,,,
2024-09-12,UPWK,BBG00FBJ63B7,9,false,9.200000,9.300000,2.391304,1.086957,false,0.000000,execution_costs_v1.0,0.000000,0.000000,,,,
2024-09-12,URBN,BBG001S7H9K1,0,false,34.430000,35.190000,3.412721,2.207377,false,0.000000,execution_costs_v1.0,0.000000,0.000000,,,,
2024-09-12,URG,BBG001SKVFK2,0,false,1.190000,1.170000,0.840336,-1.680672,false,0.000000,execution_costs_v1.0,0.000000,0.000000,,,,
2024-09-12,URGN,0001668243,1,false,13.850000,13.030000,0.361011,-5.920578,false,0.000000,execution_costs_v1.0,0.000000,0.000000,,,,
2024-09-12,USAC,BBG001V1S8F6,0,false,22.070000,22.540000,2.129588,2.129588,false,0.000000,execution_costs_v1.0,0.000000,0.000000,,,,
2024-09-12,USAP,BBG001S89L94,1,false,37.080000,37.270000,4.099245,0.512406,false,0.000000,execution_costs_v1.0,0.000000,0.000000,,,,
2024-09-12,USFD,BBG00C6H6D59,0,false,57.950000,59.210000,2.243313,2.174288,false,0.000000,execution_costs_v1.0,0.000000,0.000000,,,,
2024-09-12,USLM,BBG001S7MWH8,0,false,79.800000,81.850000,2.568922,2.568922,false,0.000000,execution_costs_v1.0,0.000000,0.000000,,,,
2024-09-12,USM,BBG001S5X446,0,false,56.060000,56.170000,1.302176,0.196218,false,0.000000,execution_costs_v1.0,0.000000,0.000000,,,,
2024-09-12,USNA,BBG001S79BP0,0,false,37.660000,38.100000,1.951673,1.168348,false,0.000000,execution_costs_v1.0,0.000000,0.000000,,,,
2024-09-12,USPH,BBG001S71ZL9,0,false,83.210000,82.800000,0.949405,-0.492729,false,0.000000,execution_costs_v1.0,0.000000,0.000000,,,,
2024-09-12,UTI,BBG001SC4X67,0,false,16.290000,16.550000,2.701044,1.596071,false,0.000000,execution_costs_v1.0,0.000000,0.000000,,,,
2024-09-12,UTL,BBG001S5X5G0,0,false,58.580000,59.090000,0.973028,0.870604,false,0.000000,execution_costs_v1.0,0.000000,0.000000,,,,
2024-09-12,UTZ,BBG00M8652J9,0,false,17.270000,17.520000,4.748118,1.447597,false,0.000000,execution_costs_v1.0,0.000000,0.000000,,,,
2024-09-12,UUUU,BBG001S9FH94,2,false,4.940000,5.080000,4.048583,2.834008,false,0.000000,execution_costs_v1.0,0.000000,0.000000,,,,
2024-09-12,UVE,BBG001S5QC19,0,false,20.400000,20.620000,1.813725,1.078431,false,0.000000,execution_costs_v1.0,0.000000,0.000000,,,,
2024-09-12,UVSP,BBG001S6YQ99,0,false,27.380000,27.270000,0.657414,-0.401753,false,0.000000,execution_costs_v1.0,0.000000,0.000000,,,,
2024-09-12,UVV,BBG001S5X5V3,0,false,51.270000,50.970000,0.000000,-0.585138,false,0.000000,execution_costs_v1.0,0.000000,0.000000,,,,
2024-09-12,UWMC,BBG00R24YP79,0,false,9.000000,8.930000,1.111111,-0.777778,false,0.000000,execution_costs_v1.0,0.000000,0.000000,,,,
2024-09-12,VAC,BBG001V0GHW2,0,false,71.230000,71.410000,0.252703,0.252703,false,0.000000,execution_costs_v1.0,0.000000,0.000000,,,,
2024-09-12,VAL,0000314808,1,false,54.900000,54.420000,0.400729,-0.874317,false,0.000000,execution_costs_v1.0,0.000000,0.000000,,,,
2024-09-12,VALU,BBG001S5X687,0,false,43.920000,42.470000,2.208561,-3.301457,false,0.000000,execution_costs_v1.0,0.000000,0.000000,,,,
2024-09-12,VATE,BBG001S16908,0,false,3.820000,3.860000,1.963351,1.047120,false,0.000000,execution_costs_v1.0,0.000000,0.000000,,,,
2024-09-12,VBNK,BBG00FWZQ4P9,0,false,12.960000,12.930000,0.154321,-0.231481,false,0.000000,execution_costs_v1.0,0.000000,0.000000,,,,
2024-09-12,VBTX,BBG001T6ZGF2,0,false,23.970000,24.150000,0.750939,0.750939,false,0.000000,execution_costs_v1.0,0.000000,0.000000,,,,
2024-09-12,VC,BBG001TCM086,0,false,90.300000,88.640000,0.653378,-1.838317,false,0.000000,execution_costs_v1.0,0.000000,0.000000,,,,
2024-09-12,VCEL,BBG001S6X9M3,0,false,44.080000,44.290000,0.499093,0.476407,false,0.000000,execution_costs_v1.0,0.000000,0.000000,,,,
2024-09-12,VCTR,BBG0074JPDP5,0,false,51.280000,51.510000,1.209048,0.448518,false,0.000000,execution_costs_v1.0,0.000000,0.000000,,,,
2024-09-12,VCYT,BBG001TSQWW0,0,false,30.460000,30.440000,1.510177,-0.065660,false,0.000000,execution_costs_v1.0,0.000000,0.000000,,,,
2024-09-12,VECO,BBG001S5X6T4,1,false,30.130000,30.070000,0.862927,-0.199137,false,0.000000,execution_costs_v1.0,0.000000,0.000000,,,,
2024-09-12,VEL,BBG00QLF1HK4,0,false,19.530000,19.420000,0.204813,-0.563236,false,0.000000,execution_costs_v1.0,0.000000,0.000000,,,,
2024-09-12,VERA,BBG00Q72WYH2,0,false,37.600000,35.690000,1.236702,-5.079787,false,0.000000,execution_costs_v1.0,0.000000,0.000000,,,,
2024-09-12,VERV,BBG00P33TD13,4,false,5.870000,5.650000,1.022147,-3.747871,false,0.000000,execution_costs_v1.0,0.000000,0.000000,,,,
2024-09-12,VERX,BBG00VVT2FV3,0,false,35.500000,35.610000,1.056338,0.309859,false,0.000000,execution_costs_v1.0,0.000000,0.000000,,,,
2024-09-12,VET,BBG001S7X7L6,2,false,9.200000,9.200000,0.815217,0.000000,false,0.000000,execution_costs_v1.0,0.000000,0.000000,,,,
2024-09-12,VFC,BBG001S5X749,4,false,17.520000,17.240000,1.541096,-1.598174,false,0.000000,execution_costs_v1.0,0.000000,0.000000,,,,
2024-09-12,VFS,0001913510,2,false,3.980000,3.970000,0.251256,-0.251256,false,0.000000,execution_costs_v1.0,0.000000,0.000000,,,,
2024-09-12,VGR,BBG001S75639,0,false,14.900000,14.905000,0.167785,0.033557,false,0.000000,execution_costs_v1.0,0.000000,0.000000,,,,
2024-09-12,VHI,BBG001S5X7H5,0,false,27.260000,26.920000,0.000000,-1.247249,false,0.000000,execution_costs_v1.0,0.000000,0.000000,,,,
2024-09-12,VIAV,BBG001S92GV5,0,false,8.350000,8.395000,1.736527,0.538922,false,0.000000,execution_costs_v1.0,0.000000,0.000000,,,,
2024-09-12,VICR,BBG001S6JQ96,0,false,35.760000,36.700000,2.768456,2.628635,false,0.000000,execution_costs_v1.0,0.000000,0.000000,,,,
2024-09-12,VINP,0001826286,0,false,9.830000,9.960000,1.729400,1.322482,false,0.000000,execution_costs_v1.0,0.000000,0.000000,,,,
2024-09-12,VIR,BBG00H2QQ8V2,0,false,7.830000,7.855000,1.085568,0.319285,false,0.000000,execution_costs_v1.0,0.000000,0.000000,,,,
2024-09-12,VIRT,BBG0064N2T87,0,false,30.850000,31.180000,1.636953,1.069692,false,0.000000,execution_costs_v1.0,0.000000,0.000000,,,,
2024-09-12,VITL,BBG006XWWBM5,0,false,31.090000,30.650000,0.707623,-1.415246,false,0.000000,execution_costs_v1.0,0.000000,0.000000,,,,
2024-09-12,VKTX,BBG006LGV887,49,true,62.710000,62.760000,3.109552,0.079732,false,0.000000,execution_costs_v1.0,0.000000,0.000000,,,,
2024-09-12,VLGEA,BBG001S5X8H3,0,false,31.870000,31.850000,0.721682,-0.062755,false,0.000000,execution_costs_v1.0,0.000000,0.000000,,,,
2024-09-12,VLY,BBG001S7H654,0,false,8.170000,8.160000,0.489596,-0.122399,false,0.000000,execution_costs_v1.0,0.000000,0.000000,,,,
2024-09-12,VMEO,BBG00ZNSSLJ8,1,false,5.080000,5.110000,1.377953,0.590551,false,0.000000,execution_costs_v1.0,0.000000,0.000000,,,,
2024-09-12,VMI,BBG001S5X650,0,false,269.020000,272.180000,1.174634,1.174634,false,0.000000,execution_costs_v1.0,0.000000,0.000000,,,,
2024-09-12,VNO,BBG001S5X909,1,false,34.300000,35.930000,5.830904,4.752187,false,0.000000,execution_costs_v1.0,0.000000,0.000000,,,,
2024-09-12,VNOM,BBG006G57XH9,40,true,43.660000,43.380000,1.740724,-0.641319,false,0.000000,execution_costs_v1.0,0.000000,0.000000,,,,
2024-09-12,VNT,BBG00RRGSKH2,0,false,32.100000,32.420000,1.492523,0.996885,false,0.000000,execution_costs_v1.0,0.000000,0.000000,,,,
2024-09-12,VOYA,BBG001S6QQP0,0,false,75.160000,75.340000,0.532198,0.239489,false,0.000000,execution_costs_v1.0,0.000000,0.000000,,,,
2024-09-12,VPG,BBG001T5X9F2,0,false,24.170000,23.980000,0.537857,-0.786098,false,0.000000,execution_costs_v1.0,0.000000,0.000000,,,,
2024-09-12,VRDN,BBG002H24301,43,true,19.770000,20.690000,12.696004,4.653515,false,0.000000,execution_costs_v1.0,0.000000,0.000000,,,,
2024-09-12,VRE,BBG001S825N0,0,false,17.490000,17.520000,0.343053,0.171527,false,0.000000,execution_costs_v1.0,0.000000,0.000000,,,,
2024-09-12,VREX,BBG00CZNLR38,0,false,11.540000,11.500000,0.866551,-0.346620,false,0.000000,execution_costs_v1.0,0.000000,0.000000,,,,
2024-09-12,VRN,BBG001SLLJ78,2,false,6.280000,6.345000,2.229299,1.035032,false,0.000000,execution_costs_v1.0,0.000000,0.000000,,,,
2024-09-12,VRNS,BBG001Y04TP4,0,false,51.750000,52.900000,2.550725,2.222222,false,0.000000,execution_costs_v1.0,0.000000,0.000000,,,,
2024-09-12,VRNT,BBG001S6V8N6,0,false,25.870000,25.060000,1.120990,-3.131040,false,0.000000,execution_costs_v1.0,0.000000,0.000000,,,,
2024-09-12,VRRM,BBG00G4XQBP7,0,false,27.220000,27.000000,1.136297,-0.808229,false,0.000000,execution_costs_v1.0,0.000000,0.000000,,,,
2024-09-12,VRTS,BBG001T1QKH2,0,false,194.820000,197.810000,1.814495,1.534750,false,0.000000,execution_costs_v1.0,0.000000,0.000000,,,,
2024-09-12,VSAT,BBG001S98NF2,0,false,15.000000,15.020000,1.332667,0.133333,false,0.000000,execution_costs_v1.0,0.000000,0.000000,,,,
2024-09-12,VSCO,BBG01103B480,1,false,21.010000,22.210000,6.520704,5.711566,false,0.000000,execution_costs_v1.0,0.000000,0.000000,,,,
2024-09-12,VSEC,BBG001S5X9Z1,0,false,84.740000,85.390000,1.817324,0.767052,false,0.000000,execution_costs_v1.0,0.000000,0.000000,,,,
2024-09-12,VSH,BBG001S5XB04,0,false,18.020000,18.000000,0.749168,-0.110988,false,0.000000,execution_costs_v1.0,0.000000,0.000000,,,,
2024-09-12,VSTO,BBG006F8QZL3,4,false,39.700000,40.140000,1.133501,1.108312,false,0.000000,execution_costs_v1.0,0.000000,0.000000,,,,
2024-09-12,VSTS,BBG001SGVMS8,0,false,14.720000,14.880000,2.649457,1.086957,false,0.000000,execution_costs_v1.0,0.000000,0.000000,,,,
2024-09-12,VTEX,0001793663,0,false,6.700000,6.810000,1.940299,1.641791,false,0.000000,execution_costs_v1.0,0.000000,0.000000,,,,
2024-09-12,VTLE,BBG001T24DQ0,0,false,26.700000,26.420000,0.992509,-1.048689,false,0.000000,execution_costs_v1.0,0.000000,0.000000,,,,
2024-09-12,VTOL,BBG001YH8QJ6,0,false,34.160000,34.140000,0.819672,-0.058548,false,0.000000,execution_costs_v1.0,0.000000,0.000000,,,,
2024-09-12,VTRS,BBG00Y52JV51,1,false,11.380000,11.750000,3.427065,3.251318,false,0.000000,execution_costs_v1.0,0.000000,0.000000,,,,
2024-09-12,VTS,BBG01B9G0J34,0,false,24.200000,24.270000,1.404959,0.289256,false,0.000000,execution_costs_v1.0,0.000000,0.000000,,,,
2024-09-12,VVI,BBG001S77S57,0,false,31.820000,32.590000,3.111251,2.419862,false,0.000000,execution_costs_v1.0,0.000000,0.000000,,,,
2024-09-12,VVV,BBG003DNHV65,0,false,39.940000,40.100000,0.751127,0.400601,false,0.000000,execution_costs_v1.0,0.000000,0.000000,,,,
2024-09-12,VVX,BBG005PG80L3,1,false,48.500000,49.520000,2.226804,2.103093,false,0.000000,execution_costs_v1.0,0.000000,0.000000,,,,
2024-09-12,VYGR,BBG005ZSY242,0,false,6.290000,6.220000,0.635930,-1.112878,false,0.000000,execution_costs_v1.0,0.000000,0.000000,,,,
2024-09-12,VYX,BBG001S9FBR7,0,false,12.030000,12.280000,2.244389,2.078138,false,0.000000,execution_costs_v1.0,0.000000,0.000000,,,,
2024-09-12,VZIO,BBG00ZHDJWD0,0,false,11.110000,11.120000,0.225023,0.090009,false,0.000000,execution_costs_v1.0,0.000000,0.000000,,,,
2024-09-12,VZLA,BBG00L1MK0Z2,4,false,1.950000,2.070000,7.179487,6.153846,false,0.000000,execution_costs_v1.0,0.000000,0.000000,,,,
2024-09-12,W,BBG001THKQ26,13,true,44.600000,44.820000,1.065022,0.493274,false,0.000000,execution_costs_v1.0,0.000000,0.000000,,,,
2024-09-12,WABC,BBG001S7XYL7,0,false,49.020000,49.040000,0.224398,0.040800,false,0.000000,execution_costs_v1.0,0.000000,0.000000,,,,
2024-09-12,WAFD,BBG001S5XF96,0,false,35.420000,34.815000,0.282326,-1.708075,false,0.000000,execution_costs_v1.0,0.000000,0.000000,,,,
2024-09-12,WAL,BBG001SLM522,0,false,78.650000,78.600000,1.226955,-0.063573,false,0.000000,execution_costs_v1.0,0.000000,0.000000,,,,
2024-09-12,WALD,0001840199,0,false,4.340000,4.087000,0.000000,-5.829493,false,0.000000,execution_costs_v1.0,0.000000,0.000000,,,,
2024-09-12,WASH,BBG001S5XC66,0,false,30.840000,30.850000,0.453956,0.032425,false,0.000000,execution_costs_v1.0,0.000000,0.000000,,,,
2024-09-12,WBA,BBG001S5XBY7,23,true,8.770000,8.835000,2.964652,0.741163,false,0.000000,execution_costs_v1.0,0.000000,0.000000,,,,
2024-09-12,WBS,BBG001S5XCP5,0,false,44.100000,43.700000,0.215420,-0.907029,false,0.000000,execution_costs_v1.0,0.000000,0.000000,,,,
2024-09-12,WCC,BBG001SCRP78,0,false,155.120000,155.600000,0.583419,0.309438,false,0.000000,execution_costs_v1.0,0.000000,0.000000,,,,
2024-09-12,WD,BBG001T0JGM5,0,false,103.240000,104.210000,1.462611,0.939558,false,0.000000,execution_costs_v1.0,0.000000,0.000000,,,,
2024-09-12,WDFC,BBG001S5XD46,0,false,250.150000,252.510000,1.255247,0.943434,false,0.000000,execution_costs_v1.0,0.000000,0.000000,,,,
2024-09-12,WEAV,BBG00BCHPRQ9,0,false,10.450000,10.360000,0.000000,-0.861244,false,0.000000,execution_costs_v1.0,0.000000,0.000000,,,,
2024-09-12,WEN,BBG001S7HBX2,1,false,16.940000,16.910000,0.118064,-0.177096,false,0.000000,execution_costs_v1.0,0.000000,0.000000,,,,
2024-09-12,WERN,BBG001S5XDR1,0,false,36.310000,36.420000,0.743597,0.302947,false,0.000000,execution_costs_v1.0,0.000000,0.000000,,,,
2024-09-12,WES,BBG003M3V2V9,0,false,38.480000,38.880000,1.481289,1.039501,false,0.000000,execution_costs_v1.0,0.000000,0.000000,,,,
2024-09-12,WEST,BBG016LHSFJ0,0,false,7.380000,7.270000,0.013550,-1.490515,false,0.000000,execution_costs_v1.0,0.000000,0.000000,,,,
2024-09-12,WEX,BBG001SCJLG6,0,false,191.900000,193.920000,1.143825,1.052632,false,0.000000,execution_costs_v1.0,0.000000,0.000000,,,,
2024-09-12,WEYS,BBG001S5XF05,0,false,32.055900,32.460000,1.697347,1.260610,false,0.000000,execution_costs_v1.0,0.000000,0.000000,,,,
2024-09-12,WFG,BBG001S60WD8,0,false,87.010000,88.220000,2.034249,1.390645,false,0.000000,execution_costs_v1.0,0.000000,0.000000,,,,
2024-09-12,WFRD,0001603923,1,false,90.480000,90.080000,2.298851,-0.442087,false,0.000000,execution_costs_v1.0,0.000000,0.000000,,,,
2024-09-12,WGO,BBG001S5XFG8,0,false,55.550000,54.750000,0.000000,-1.440144,false,0.000000,execution_costs_v1.0,0.000000,0.000000,,,,
2024-09-12,WGS,BBG00XDHY5R7,1,false,35.060000,38.160000,10.381917,8.841985,false,0.000000,execution_costs_v1.0,0.000000,0.000000,,,,
2024-09-12,WH,BBG00HCY3Q76,0,false,77.710000,77.740000,0.926522,0.038605,false,0.000000,execution_costs_v1.0,0.000000,0.000000,,,,
2024-09-12,WHD,BBG00JRH1Q02,0,false,54.760000,55.770000,3.606647,1.844412,false,0.000000,execution_costs_v1.0,0.000000,0.000000,,,,
2024-09-12,WHLR,BBG0025F8C10,30,true,6.400000,4.760000,3.750000,-25.625000,false,0.000000,execution_costs_v1.0,0.000000,0.000000,,,,
2024-09-12,WHR,BBG001S5XFS5,2,false,93.600000,93.910000,0.897436,0.331197,false,0.000000,execution_costs_v1.0,0.000000,0.000000,,,,
2024-09-12,WINA,BBG001S8RR00,0,false,349.640000,353.010000,1.410022,0.963849,false,0.000000,execution_costs_v1.0,0.000000,0.000000,,,,
2024-09-12,WING,BBG008N298X9,2,false,390.780000,395.720000,3.230718,1.264138,false,0.000000,execution_costs_v1.0,0.000000,0.000000,,,,
2024-09-12,WISA,BBG00KLHTKR9,9,false,2.160000,2.160000,3.703704,0.000000,false,0.000000,execution_costs_v1.0,0.000000,0.000000,,,,
2024-09-12,WIX,0001576789,0,false,153.030000,153.580000,1.079854,0.359407,false,0.000000,execution_costs_v1.0,0.000000,0.000000,,,,
2024-09-12,WK,BBG007BVZ8J7,0,false,71.220000,70.960000,0.540578,-0.365066,false,0.000000,execution_costs_v1.0,0.000000,0.000000,,,,
2024-09-12,WKC,BBG001S5S9J5,0,false,28.150000,27.960000,0.373002,-0.674956,false,0.000000,execution_costs_v1.0,0.000000,0.000000,,,,
2024-09-12,WKME,0001847584,0,false,,,,,false,0.000000,execution_costs_v1.0,,,,,,
2024-09-12,WLDN,BBG001SNM0H3,0,false,37.140000,37.410000,1.130856,0.726979,false,0.000000,execution_costs_v1.0,0.000000,0.000000,,,,
2024-09-12,WLFC,BBG001S934S5,0,false,109.220000,112.340000,2.939022,2.856620,false,0.000000,execution_costs_v1.0,0.000000,0.000000,,,,
2024-09-12,WLKP,BBG006F8Q8C3,0,false,22.160000,22.300000,0.631769,0.631769,false,0.000000,execution_costs_v1.0,0.000000,0.000000,,,,
2024-09-12,WLY,BBG001S8K9L4,0,false,43.530000,45.180000,4.100620,3.790489,false,0.000000,execution_costs_v1.0,0.000000,0.000000,,,,
2024-09-12,WMG,BBG00RP2T9V3,0,false,28.370000,28.550000,1.268946,0.634473,false,0.000000,execution_costs_v1.0,0.000000,0.000000,,,,
2024-09-12,WMK,BBG001S5XH56,0,false,66.900000,67.730000,1.240658,1.240658,false,0.000000,execution_costs_v1.0,0.000000,0.000000,,,,
2024-09-12,WMS,BBG001SH4LQ0,1,false,143.060000,144.460000,1.139382,0.978610,false,0.000000,execution_costs_v1.0,0.000000,0.000000,,,,
2024-09-12,WNC,BBG001S6W2K1,0,false,18.750000,18.790000,0.586667,0.213333,false,0.000000,execution_costs_v1.0,0.000000,0.000000,,,,
2024-09-12,WNS,0001356570,0,false,55.800000,56.220000,1.111111,0.752688,false,0.000000,execution_costs_v1.0,0.000000,0.000000,,,,
2024-09-12,WOLF,BBG001S6YWT4,20,true,8.140000,8.050000,4.668305,-1.105651,false,0.000000,execution_costs_v1.0,0.000000,0.000000,,,,
2024-09-12,WOOF,BBG00YFGTWH3,16,true,4.130000,4.535000,20.823245,9.806295,true,0.000000,execution_costs_v1.0,0.000000,0.000000,,,,
2024-09-12,WOR,BBG001S6XN51,0,false,43.770000,44.190000,1.050948,0.959561,false,0.000000,execution_costs_v1.0,0.000000,0.000000,,,,
2024-09-12,WOW,BBG00GBB6WG3,0,false,5.060000,5.340000,6.521739,5.533597,false,0.000000,execution_costs_v1.0,0.000000,0.000000,,,,
2024-09-12,WPC,BBG001S67MM3,0,false,62.120000,62.210000,0.434643,0.144881,false,0.000000,execution_costs_v1.0,0.000000,0.000000,,,,
2024-09-12,WRB,BBG001S5P463,0,false,57.200000,57.800000,1.153846,1.048951,false,0.000000,execution_costs_v1.0,0.000000,0.000000,,,,
2024-09-12,WRBY,BBG005DWN8L7,0,false,14.100000,14.370000,3.404255,1.914894,false,0.000000,execution_costs_v1.0,0.000000,0.000000,,,,
2024-09-12,WRLD,BBG001S6H6C8,0,false,109.030000,112.240000,4.118133,2.944144,false,0.000000,execution_costs_v1.0,0.000000,0.000000,,,,
2024-09-12,WS,BBG01JPM5041,0,false,31.830000,32.020000,2.827521,0.596921,false,0.000000,execution_costs_v1.0,0.000000,0.000000,,,,
2024-09-12,WSBC,BBG001S5XJR8,0,false,30.250000,30.040000,0.214876,-0.694215,false,0.000000,execution_costs_v1.0,0.000000,0.000000,,,,
2024-09-12,WSC,BBG00B0FS9V7,0,false,38.660000,39.260000,2.172788,1.551992,false,0.000000,execution_costs_v1.0,0.000000,0.000000,,,,
2024-09-12,WSFS,BBG001S5XJX1,0,false,50.460000,50.740000,0.653983,0.554895,false,0.000000,execution_costs_v1.0,0.000000,0.000000,,,,
2024-09-12,WSM,BBG001SBW7S1,0,false,134.660000,135.940000,1.024803,0.950542,false,0.000000,execution_costs_v1.0,0.000000,0.000000,,,,
2024-09-12,WSR,BBG001SM3736,0,false,12.940000,13.235000,2.635240,2.279753,false,0.000000,execution_costs_v1.0,0.000000,0.000000,,,,
2024-09-12,WT,BBG001SD2W32,0,false,9.380000,9.405000,1.279318,0.266525,false,0.000000,execution_costs_v1.0,0.000000,0.000000,,,,
2024-09-12,WTBA,BBG001S5R194,0,false,18.700000,18.720000,0.213904,0.106952,false,0.000000,execution_costs_v1.0,0.000000,0.000000,,,,
2024-09-12,WTFC,BBG001S945T0,0,false,102.510000,102.690000,0.536533,0.175593,false,0.000000,execution_costs_v1.0,0.000000,0.000000,,,,
2024-09-12,WTRG,BBG001S5VFD3,0,false,39.000000,38.490000,0.615385,-1.307692,false,0.000000,execution_costs_v1.0,0.000000,0.000000,,,,
2024-09-12,WTS,BBG001S6N6Y7,0,false,191.750000,192.500000,0.526728,0.391134,false,0.000000,execution_costs_v1.0,0.000000,0.000000,,,,
2024-09-12,WTTR,BBG00G4Y2F27,0,false,10.420000,10.480000,2.975048,0.575816,false,0.000000,execution_costs_v1.0,0.000000,0.000000,,,,
2024-09-12,WU,BBG001SR0YK0,2,false,11.850000,11.850000,0.590717,0.000000,false,0.000000,execution_costs_v1.0,0.000000,0.000000,,,,
2024-09-12,WULF,BBG0122MC919,29,true,4.440000,4.310000,3.153153,-2.927928,false,0.000000,execution_costs_v1.0,0.000000,0.000000,,,,
2024-09-12,WVE,0001631574,0,false,5.970000,5.870000,1.005025,-1.675042,false,0.000000,execution_costs_v1.0,0.000000,0.000000,,,,
2024-09-12,WWD,BBG001S6YZC5,0,false,165.430000,167.330000,1.178746,1.148522,false,0.000000,execution_costs_v1.0,0.000000,0.000000,,,,
2024-09-12,WWW,BBG001S5XKW9,1,false,13.270000,13.590000,2.562170,2.411454,false,0.000000,execution_costs_v1.0,0.000000,0.000000,,,,
2024-09-12,WYNN,BBG001SJZ2V8,5,false,76.210000,76.285000,0.406771,0.098412,false,0.000000,execution_costs_v1.0,0.000000,0.000000,,,,
2024-09-12,X,BBG001S5XL75,28,true,33.680000,34.790000,4.631829,3.295724,false,0.000000,execution_costs_v1.0,0.000000,0.000000,,,,
2024-09-12,XENE,BBG002VBMLS5,0,false,38.460000,39.370000,2.782111,2.366095,false,0.000000,execution_costs_v1.0,0.000000,0.000000,,,,
2024-09-12,XERS,BBG012V1MG61,0,false,2.890000,2.855000,1.038062,-1.211073,false,0.000000,execution_costs_v1.0,0.000000,0.000000,,,,
2024-09-12,XHR,BBG006YP1L50,0,false,13.330000,13.400000,0.825206,0.525131,false,0.000000,execution_costs_v1.0,0.000000,0.000000,,,,
2024-09-12,XMTR,BBG00BDCCVB0,0,false,17.260000,17.720000,3.939745,2.665122,false,0.000000,execution_costs_v1.0,0.000000,0.000000,,,,
2024-09-12,XNCR,BBG0026ZG4X9,1,false,21.110000,20.840000,1.847466,-1.279015,false,0.000000,execution_costs_v1.0,0.000000,0.000000,,,,
2024-09-12,XOMA,BBG001S5XLP5,0,false,27.350000,27.550000,4.021938,0.731261,false,0.000000,execution_costs_v1.0,0.000000,0.000000,,,,
2024-09-12,XP,0001787425,3,false,18.330000,18.585000,1.909438,1.391162,false,0.000000,execution_costs_v1.0,0.000000,0.000000,,,,
2024-09-12,XPEL,BBG001S6JQ87,0,false,43.060000,42.520000,2.415235,-1.254064,false,0.000000,execution_costs_v1.0,0.000000,0.000000,,,,
2024-09-12,XPER,BBG019FGSTG6,0,false,8.680000,8.570000,1.382488,-1.267281,false,0.000000,execution_costs_v1.0,0.000000,0.000000,,,,
2024-09-12,XPO,BBG001SJW3C0,0,false,104.050000,107.340000,3.892359,3.161941,false,0.000000,execution_costs_v1.0,0.000000,0.000000,,,,
2024-09-12,XPOF,BBG011M1TY49,0,false,13.350000,14.230000,7.041199,6.591760,false,0.000000,execution_costs_v1.0,0.000000,0.000000,,,,
2024-09-12,XPRO,0001575828,0,false,17.810000,17.230000,0.701853,-3.256597,false,0.000000,execution_costs_v1.0,0.000000,0.000000,,,,
2024-09-12,XRAY,BBG001S5XLV8,1,false,24.760000,25.400000,2.625202,2.584814,false,0.000000,execution_costs_v1.0,0.000000,0.000000,,,,
2024-09-12,XRX,BBG00NNG2ZK6,3,false,10.040000,10.110000,1.344622,0.697211,false,0.000000,execution_costs_v1.0,0.000000,0.000000,,,,
2024-09-12,YELP,BBG001T6C2W9,0,false,33.450000,33.680000,0.747384,0.687593,false,0.000000,execution_costs_v1.0,0.000000,0.000000,,,,
2024-09-12,YETI,BBG00D8JC891,1,false,37.660000,37.920000,1.354222,0.690388,false,0.000000,execution_costs_v1.0,0.000000,0.000000,,,,
2024-09-12,YEXT,BBG001V12329,0,false,6.490000,6.510000,1.694915,0.308166,false,0.000000,execution_costs_v1.0,0.000000,0.000000,,,,
2024-09-12,YMAB,BBG00J2DBN04,0,false,13.260000,13.225000,2.714932,-0.263952,false,0.000000,execution_costs_v1.0,0.000000,0.000000,,,,
2024-09-12,YORW,BBG001S6YWZ7,0,false,38.300000,38.290000,0.248042,-0.026110,false,0.000000,execution_costs_v1.0,0.000000,0.000000,,,,
2024-09-12,YOU,BBG011C0FSZ6,0,false,29.360000,29.500000,2.179837,0.476839,false,0.000000,execution_costs_v1.0,0.000000,0.000000,,,,
2024-09-12,YUMC,BBG00B8N0HH0,0,false,34.000000,34.400000,1.470588,1.176471,false,0.000000,execution_costs_v1.0,0.000000,0.000000,,,,
2024-09-12,Z,BBG009NRSWK2,1,false,56.110000,56.660000,1.265372,0.980217,false,0.000000,execution_costs_v1.0,0.000000,0.000000,,,,
2024-09-12,ZD,BBG001SD21P6,0,false,47.690000,47.820000,1.509750,0.272594,false,0.000000,execution_costs_v1.0,0.000000,0.000000,,,,
2024-09-12,ZETA,BBG010FXVQB5,7,false,26.330000,26.970000,2.544626,2.430687,false,0.000000,execution_costs_v1.0,0.000000,0.000000,,,,
2024-09-12,ZEUS,BBG001S5XN26,0,false,37.690000,37.610000,1.326612,-0.212258,false,0.000000,execution_costs_v1.0,0.000000,0.000000,,,,
2024-09-12,ZGN,0001877787,0,false,9.670000,9.695000,0.568769,0.258532,false,0.000000,execution_costs_v1.0,0.000000,0.000000,,,,
2024-09-12,ZI,BBG00S1HJ4F4,0,false,9.850000,10.235000,4.467005,3.908629,false,0.000000,execution_costs_v1.0,0.000000,0.000000,,,,
2024-09-12,ZIM,0001654126,18,true,18.700000,18.640000,2.032086,-0.320856,false,0.000000,execution_costs_v1.0,0.000000,0.000000,,,,
2024-09-12,ZIMV,BBG014630596,0,false,16.310000,16.260000,3.188228,-0.306560,false,0.000000,execution_costs_v1.0,0.000000,0.000000,,,,
2024-09-12,ZION,BBG001S5XN80,0,false,45.220000,45.130000,0.619195,-0.199027,false,0.000000,execution_costs_v1.0,0.000000,0.000000,,,,
2024-09-12,ZIP,BBG010JBYW41,0,false,9.000000,9.510000,8.444444,5.666667,false,0.000000,execution_costs_v1.0,0.000000,0.000000,,,,
2024-09-12,ZJYL,0001837821,0,false,2.540100,2.520000,1.964490,-0.791307,false,0.000000,execution_costs_v1.0,0.000000,0.000000,,,,
2024-09-12,ZUMZ,BBG001SGPKJ9,0,false,22.900000,23.230000,2.532751,1.441048,false,0.000000,execution_costs_v1.0,0.000000,0.000000,,,,
2024-09-12,ZUO,BBG001SS0FH3,0,false,8.590000,8.630000,1.105937,0.465658,false,0.000000,execution_costs_v1.0,0.000000,0.000000,,,,
2024-09-12,ZVRA,BBG0026ZG1G4,0,false,7.400000,7.590000,5.945946,2.567568,false,0.000000,execution_costs_v1.0,0.000000,0.000000,,,,
2024-09-12,ZWS,BBG001T36GB5,0,false,32.180000,32.500000,1.662523,0.994406,false,0.000000,execution_costs_v1.0,0.000000,0.000000,,,,
2024-09-12,ZYME,BBG019XSYC98,0,false,12.100000,12.190000,1.487603,0.743802,false,0.000000,execution_costs_v1.0,0.000000,0.000000,,,,
